dataset,model,instance_id,feature,perturbation,magnitude,original_value,perturbed_value,original_probability,perturbed_probability,probability_change,absolute_probability_change,original_prediction,perturbed_prediction,prediction_changed,true_label
german,lightgbm,0,duration,relative_minus_5,-0.05,18.0,18.9,0.3906285256737892,0.3906285256737892,0.0,0.0,0,0,0,-1
german,lightgbm,1,duration,relative_minus_5,-0.05,18.0,18.9,0.239865701726269,0.239865701726269,0.0,0.0,0,0,0,-1
german,lightgbm,2,duration,relative_minus_5,-0.05,11.0,11.55,0.061421238781333064,0.10413529135209476,0.0427140525707617,0.0427140525707617,0,0,0,-1
german,lightgbm,3,duration,relative_minus_5,-0.05,36.0,37.8,0.06199636354725938,0.06922966347564562,0.0072332999283862345,0.0072332999283862345,0,0,0,-1
german,lightgbm,4,duration,relative_minus_5,-0.05,4.0,4.2,0.000778019771551934,0.000778019771551934,0.0,0.0,0,0,0,-1
german,lightgbm,5,duration,relative_minus_5,-0.05,5.0,5.25,0.0127552116532506,0.0127552116532506,0.0,0.0,0,0,0,-1
german,lightgbm,6,duration,relative_minus_5,-0.05,30.0,31.5,0.0015875374622949037,0.0015875374622949037,0.0,0.0,0,0,0,-1
german,lightgbm,7,duration,relative_minus_5,-0.05,36.0,37.8,0.10095917931946011,0.11219465055810865,0.011235471238648542,0.011235471238648542,0,0,0,-1
german,lightgbm,8,duration,relative_minus_5,-0.05,12.0,12.6,0.019686942909276986,0.018746138011180864,-0.0009408048980961217,0.0009408048980961217,0,0,0,-1
german,lightgbm,9,duration,relative_minus_5,-0.05,24.0,25.2,0.8815646011543224,0.8815646011543224,0.0,0.0,1,1,0,-1
german,lightgbm,10,duration,relative_minus_5,-0.05,18.0,18.9,0.6231673856151776,0.6231673856151776,0.0,0.0,1,1,0,-1
german,lightgbm,11,duration,relative_minus_5,-0.05,6.0,6.3,0.5819234725438788,0.5819234725438788,0.0,0.0,1,1,0,-1
german,lightgbm,12,duration,relative_minus_5,-0.05,12.0,12.6,0.016381379372910523,0.01545880930610914,-0.0009225700668013832,0.0009225700668013832,0,0,0,-1
german,lightgbm,13,duration,relative_minus_5,-0.05,12.0,12.6,0.15698660361202765,0.1504917389010197,-0.006494864711007964,0.006494864711007964,0,0,0,-1
german,lightgbm,14,duration,relative_minus_5,-0.05,6.0,6.3,0.06001081215992454,0.06001081215992454,0.0,0.0,0,0,0,-1
german,lightgbm,15,duration,relative_minus_5,-0.05,15.0,15.75,0.34466443332437136,0.5250882898029554,0.18042385647858405,0.18042385647858405,0,1,1,-1
german,lightgbm,16,duration,relative_minus_5,-0.05,12.0,12.6,0.0013520297228720205,0.0012421791399097515,-0.00010985058296226905,0.00010985058296226905,0,0,0,-1
german,lightgbm,17,duration,relative_minus_5,-0.05,30.0,31.5,0.925921763327486,0.925921763327486,0.0,0.0,1,1,0,-1
german,lightgbm,18,duration,relative_minus_5,-0.05,18.0,18.9,0.05210815660012766,0.05210815660012766,0.0,0.0,0,0,0,-1
german,lightgbm,19,duration,relative_minus_5,-0.05,18.0,18.9,0.9431976521725624,0.9431976521725624,0.0,0.0,1,1,0,-1
german,lightgbm,20,duration,relative_minus_5,-0.05,18.0,18.9,0.1652310311335665,0.1652310311335665,0.0,0.0,0,0,0,-1
german,lightgbm,21,duration,relative_minus_5,-0.05,6.0,6.3,0.04087693346542949,0.04087693346542949,0.0,0.0,0,0,0,-1
german,lightgbm,22,duration,relative_minus_5,-0.05,15.0,15.75,0.06721612707097044,0.09770539588942148,0.030489268818451043,0.030489268818451043,0,0,0,-1
german,lightgbm,23,duration,relative_minus_5,-0.05,18.0,18.9,0.8427293510043804,0.8427293510043804,0.0,0.0,1,1,0,-1
german,lightgbm,24,duration,relative_minus_5,-0.05,36.0,37.8,0.7997434553378628,0.7917725206953168,-0.007970934642546057,0.007970934642546057,1,1,0,-1
german,lightgbm,25,duration,relative_minus_5,-0.05,9.0,9.45,0.4667371539312502,0.4667371539312502,0.0,0.0,0,0,0,-1
german,lightgbm,26,duration,relative_minus_5,-0.05,30.0,31.5,0.2090941121178558,0.2090941121178558,0.0,0.0,0,0,0,-1
german,lightgbm,27,duration,relative_minus_5,-0.05,12.0,12.6,0.45947633223517137,0.44710414777304974,-0.012372184462121627,0.012372184462121627,0,0,0,-1
german,lightgbm,28,duration,relative_minus_5,-0.05,6.0,6.3,0.003740671773448724,0.003740671773448724,0.0,0.0,0,0,0,-1
german,lightgbm,29,duration,relative_minus_5,-0.05,6.0,6.3,0.44175540704147304,0.44175540704147304,0.0,0.0,0,0,0,-1
german,lightgbm,30,duration,relative_minus_5,-0.05,15.0,15.75,0.36163582701893,0.6516452640586278,0.2900094370396978,0.2900094370396978,0,1,1,-1
german,lightgbm,31,duration,relative_minus_5,-0.05,9.0,9.45,0.34959479263019255,0.34959479263019255,0.0,0.0,0,0,0,-1
german,lightgbm,32,duration,relative_minus_5,-0.05,15.0,15.75,0.027101650147053884,0.042790019849943565,0.01568836970288968,0.01568836970288968,0,0,0,-1
german,lightgbm,33,duration,relative_minus_5,-0.05,9.0,9.45,0.0284420531071389,0.0284420531071389,0.0,0.0,0,0,0,-1
german,lightgbm,34,duration,relative_minus_5,-0.05,24.0,25.2,0.7949814871873333,0.7949814871873333,0.0,0.0,1,1,0,-1
german,lightgbm,35,duration,relative_minus_5,-0.05,18.0,18.9,0.5095935653238034,0.5095935653238034,0.0,0.0,1,1,0,-1
german,lightgbm,36,duration,relative_minus_5,-0.05,36.0,37.8,0.7254708576063886,0.7483550656329492,0.02288420802656055,0.02288420802656055,1,1,0,-1
german,lightgbm,37,duration,relative_minus_5,-0.05,15.0,15.75,0.1180789524031287,0.3442759769621616,0.2261970245590329,0.2261970245590329,0,0,0,-1
german,lightgbm,38,duration,relative_minus_5,-0.05,36.0,37.8,0.4095659707951472,0.25867723886311994,-0.1508887319320273,0.1508887319320273,0,0,0,-1
german,lightgbm,39,duration,relative_minus_5,-0.05,12.0,12.6,0.018957526512300097,0.018050937312861573,-0.000906589199438524,0.000906589199438524,0,0,0,-1
german,lightgbm,40,duration,relative_minus_5,-0.05,24.0,25.2,0.5387102777430276,0.5236091245706657,-0.015101153172361936,0.015101153172361936,1,1,0,-1
german,lightgbm,41,duration,relative_minus_5,-0.05,18.0,18.9,0.2852989110737803,0.2852989110737803,0.0,0.0,0,0,0,-1
german,lightgbm,42,duration,relative_minus_5,-0.05,12.0,12.6,0.8199191131790665,0.8153620716360369,-0.004557041543029605,0.004557041543029605,1,1,0,-1
german,lightgbm,43,duration,relative_minus_5,-0.05,15.0,15.75,0.9309460410455855,0.9565619826942346,0.02561594164864911,0.02561594164864911,1,1,0,-1
german,lightgbm,44,duration,relative_minus_5,-0.05,27.0,28.35,0.5665947846895176,0.5786732701495603,0.012078485460042643,0.012078485460042643,1,1,0,-1
german,lightgbm,45,duration,relative_minus_5,-0.05,18.0,18.9,0.2447713790571778,0.2447713790571778,0.0,0.0,0,0,0,-1
german,lightgbm,46,duration,relative_minus_5,-0.05,48.0,50.4,0.010856344450514104,0.010856344450514104,0.0,0.0,0,0,0,-1
german,lightgbm,47,duration,relative_minus_5,-0.05,10.0,10.5,0.10565369098051447,0.10565369098051447,0.0,0.0,0,0,0,-1
german,lightgbm,48,duration,relative_minus_5,-0.05,30.0,31.5,0.0077234696716923824,0.0077234696716923824,0.0,0.0,0,0,0,-1
german,lightgbm,49,duration,relative_minus_5,-0.05,24.0,25.2,0.37766608391954276,0.37766608391954276,0.0,0.0,0,0,0,-1
german,lightgbm,50,duration,relative_minus_5,-0.05,21.0,22.05,0.10754456996147924,0.10621402645937231,-0.001330543502106929,0.001330543502106929,0,0,0,-1
german,lightgbm,51,duration,relative_minus_5,-0.05,9.0,9.45,0.20045288792019303,0.20045288792019303,0.0,0.0,0,0,0,-1
german,lightgbm,52,duration,relative_minus_5,-0.05,18.0,18.9,0.2232390849422753,0.2232390849422753,0.0,0.0,0,0,0,-1
german,lightgbm,53,duration,relative_minus_5,-0.05,18.0,18.9,0.08263946571053118,0.08263946571053118,0.0,0.0,0,0,0,-1
german,lightgbm,54,duration,relative_minus_5,-0.05,12.0,12.6,0.7751983503992061,0.7663784084438963,-0.008819941955309885,0.008819941955309885,1,1,0,-1
german,lightgbm,55,duration,relative_minus_5,-0.05,45.0,47.25,0.2709041232151986,0.2709041232151986,0.0,0.0,0,0,0,-1
german,lightgbm,56,duration,relative_minus_5,-0.05,18.0,18.9,0.8949846835423396,0.8949846835423396,0.0,0.0,1,1,0,-1
german,lightgbm,57,duration,relative_minus_5,-0.05,24.0,25.2,0.19895661481991747,0.19366126358518834,-0.005295351234729129,0.005295351234729129,0,0,0,-1
german,lightgbm,58,duration,relative_minus_5,-0.05,6.0,6.3,0.19686220446311817,0.19686220446311817,0.0,0.0,0,0,0,-1
german,lightgbm,59,duration,relative_minus_5,-0.05,24.0,25.2,0.6556463130368732,0.6556463130368732,0.0,0.0,1,1,0,-1
german,lightgbm,60,duration,relative_minus_5,-0.05,12.0,12.6,0.1494642794145739,0.14322775378674057,-0.006236525627833334,0.006236525627833334,0,0,0,-1
german,lightgbm,61,duration,relative_minus_5,-0.05,18.0,18.9,0.07395817947549249,0.07395817947549249,0.0,0.0,0,0,0,-1
german,lightgbm,62,duration,relative_minus_5,-0.05,36.0,37.8,0.7910063234667474,0.7611125257938306,-0.029893797672916778,0.029893797672916778,1,1,0,-1
german,lightgbm,63,duration,relative_minus_5,-0.05,39.0,40.95,0.46215650717795514,0.46215650717795514,0.0,0.0,0,0,0,-1
german,lightgbm,64,duration,relative_minus_5,-0.05,18.0,18.9,0.8565251969688404,0.8565251969688404,0.0,0.0,1,1,0,-1
german,lightgbm,65,duration,relative_minus_5,-0.05,24.0,25.2,0.17328838568870306,0.16933062022652948,-0.003957765462173579,0.003957765462173579,0,0,0,-1
german,lightgbm,66,duration,relative_minus_5,-0.05,24.0,25.2,0.2073789273550252,0.19739615142971778,-0.009982775925307413,0.009982775925307413,0,0,0,-1
german,lightgbm,67,duration,relative_minus_5,-0.05,36.0,37.8,0.9222025230520857,0.8563821511196009,-0.0658203719324848,0.0658203719324848,1,1,0,-1
german,lightgbm,68,duration,relative_minus_5,-0.05,27.0,28.35,0.36554189730904146,0.36554189730904146,0.0,0.0,0,0,0,-1
german,lightgbm,69,duration,relative_minus_5,-0.05,15.0,15.75,0.5551759772046333,0.6841420491483923,0.12896607194375898,0.12896607194375898,1,1,0,-1
german,lightgbm,70,duration,relative_minus_5,-0.05,12.0,12.6,0.8060668534560961,0.7981426514908538,-0.007924201965242239,0.007924201965242239,1,1,0,-1
german,lightgbm,71,duration,relative_minus_5,-0.05,24.0,25.2,0.00979720703639709,0.007278052205309684,-0.0025191548310874064,0.0025191548310874064,0,0,0,-1
german,lightgbm,72,duration,relative_minus_5,-0.05,10.0,10.5,0.16440951309080398,0.16440951309080398,0.0,0.0,0,0,0,-1
german,lightgbm,73,duration,relative_minus_5,-0.05,12.0,12.6,0.0701512066146692,0.05623831450013593,-0.013912892114533268,0.013912892114533268,0,0,0,-1
german,lightgbm,74,duration,relative_minus_5,-0.05,12.0,12.6,0.20089675448649513,0.1930011433849661,-0.007895611101529032,0.007895611101529032,0,0,0,-1
german,lightgbm,75,duration,relative_minus_5,-0.05,15.0,15.75,0.5222806196725559,0.7261152073967896,0.20383458772423368,0.20383458772423368,1,1,0,-1
german,lightgbm,76,duration,relative_minus_5,-0.05,12.0,12.6,0.232539774434109,0.22374875038640687,-0.008791024047702128,0.008791024047702128,0,0,0,-1
german,lightgbm,77,duration,relative_minus_5,-0.05,24.0,25.2,0.7296014495994664,0.7296014495994664,0.0,0.0,1,1,0,-1
german,lightgbm,78,duration,relative_minus_5,-0.05,30.0,31.5,0.05233574686089174,0.05233574686089174,0.0,0.0,0,0,0,-1
german,lightgbm,79,duration,relative_minus_5,-0.05,45.0,47.25,0.8523601968533747,0.8523601968533747,0.0,0.0,1,1,0,-1
german,lightgbm,80,duration,relative_minus_5,-0.05,60.0,63.0,0.24724091491319555,0.24724091491319555,0.0,0.0,0,0,0,-1
german,lightgbm,81,duration,relative_minus_5,-0.05,54.0,56.7,0.052062520477255576,0.052062520477255576,0.0,0.0,0,0,0,-1
german,lightgbm,82,duration,relative_minus_5,-0.05,13.0,13.65,0.39190331104024756,0.39190331104024756,0.0,0.0,0,0,0,-1
german,lightgbm,83,duration,relative_minus_5,-0.05,21.0,22.05,0.4694418067846172,0.47099953849638126,0.0015577317117640432,0.0015577317117640432,0,0,0,-1
german,lightgbm,84,duration,relative_minus_5,-0.05,36.0,37.8,0.1739683108218602,0.09579418159778966,-0.07817412922407055,0.07817412922407055,0,0,0,-1
german,lightgbm,85,duration,relative_minus_5,-0.05,12.0,12.6,0.004521489614918298,0.004302234881033164,-0.00021925473388513354,0.00021925473388513354,0,0,0,-1
german,lightgbm,86,duration,relative_minus_5,-0.05,7.0,7.35,0.026602380126023603,0.026602380126023603,0.0,0.0,0,0,0,-1
german,lightgbm,87,duration,relative_minus_5,-0.05,36.0,37.8,0.6076387501320122,0.5958851535799989,-0.011753596552013246,0.011753596552013246,1,1,0,-1
german,lightgbm,88,duration,relative_minus_5,-0.05,24.0,25.2,0.0010791611127486252,0.0009803048966340196,-9.885621611460563e-05,9.885621611460563e-05,0,0,0,-1
german,lightgbm,89,duration,relative_minus_5,-0.05,48.0,50.4,0.742624474994036,0.742624474994036,0.0,0.0,1,1,0,-1
german,lightgbm,90,duration,relative_minus_5,-0.05,42.0,44.1,0.7861995616942514,0.7861995616942514,0.0,0.0,1,1,0,-1
german,lightgbm,91,duration,relative_minus_5,-0.05,24.0,25.2,0.4725044710209194,0.4725044710209194,0.0,0.0,0,0,0,-1
german,lightgbm,92,duration,relative_minus_5,-0.05,15.0,15.75,0.5387828783155257,0.7879344471164308,0.24915156880090505,0.24915156880090505,1,1,0,-1
german,lightgbm,93,duration,relative_minus_5,-0.05,18.0,18.9,0.595542444670801,0.595542444670801,0.0,0.0,1,1,0,-1
german,lightgbm,94,duration,relative_minus_5,-0.05,6.0,6.3,0.007938278878830486,0.007938278878830486,0.0,0.0,0,0,0,-1
german,lightgbm,95,duration,relative_minus_5,-0.05,21.0,22.05,0.05798365229948388,0.04857305243296827,-0.009410599866515608,0.009410599866515608,0,0,0,-1
german,lightgbm,96,duration,relative_minus_5,-0.05,24.0,25.2,0.5786519101275599,0.5635029014773496,-0.015149008650210294,0.015149008650210294,1,1,0,-1
german,lightgbm,97,duration,relative_minus_5,-0.05,10.0,10.5,0.1637333359008902,0.1637333359008902,0.0,0.0,0,0,0,-1
german,lightgbm,98,duration,relative_minus_5,-0.05,24.0,25.2,0.7094753427844519,0.7036953381383623,-0.0057800046460896315,0.0057800046460896315,1,1,0,-1
german,lightgbm,99,duration,relative_minus_5,-0.05,12.0,12.6,0.0021652605170008033,0.0020600269032354734,-0.00010523361376532994,0.00010523361376532994,0,0,0,-1
german,lightgbm,0,duration,relative_plus_5,0.05,18.0,18.9,0.3906285256737892,0.3906285256737892,0.0,0.0,0,0,0,-1
german,lightgbm,1,duration,relative_plus_5,0.05,18.0,18.9,0.239865701726269,0.239865701726269,0.0,0.0,0,0,0,-1
german,lightgbm,2,duration,relative_plus_5,0.05,11.0,11.55,0.061421238781333064,0.10413529135209476,0.0427140525707617,0.0427140525707617,0,0,0,-1
german,lightgbm,3,duration,relative_plus_5,0.05,36.0,37.8,0.06199636354725938,0.06922966347564562,0.0072332999283862345,0.0072332999283862345,0,0,0,-1
german,lightgbm,4,duration,relative_plus_5,0.05,4.0,4.2,0.000778019771551934,0.000778019771551934,0.0,0.0,0,0,0,-1
german,lightgbm,5,duration,relative_plus_5,0.05,5.0,5.25,0.0127552116532506,0.0127552116532506,0.0,0.0,0,0,0,-1
german,lightgbm,6,duration,relative_plus_5,0.05,30.0,31.5,0.0015875374622949037,0.0015875374622949037,0.0,0.0,0,0,0,-1
german,lightgbm,7,duration,relative_plus_5,0.05,36.0,37.8,0.10095917931946011,0.11219465055810865,0.011235471238648542,0.011235471238648542,0,0,0,-1
german,lightgbm,8,duration,relative_plus_5,0.05,12.0,12.6,0.019686942909276986,0.018746138011180864,-0.0009408048980961217,0.0009408048980961217,0,0,0,-1
german,lightgbm,9,duration,relative_plus_5,0.05,24.0,25.2,0.8815646011543224,0.8815646011543224,0.0,0.0,1,1,0,-1
german,lightgbm,10,duration,relative_plus_5,0.05,18.0,18.9,0.6231673856151776,0.6231673856151776,0.0,0.0,1,1,0,-1
german,lightgbm,11,duration,relative_plus_5,0.05,6.0,6.3,0.5819234725438788,0.5819234725438788,0.0,0.0,1,1,0,-1
german,lightgbm,12,duration,relative_plus_5,0.05,12.0,12.6,0.016381379372910523,0.01545880930610914,-0.0009225700668013832,0.0009225700668013832,0,0,0,-1
german,lightgbm,13,duration,relative_plus_5,0.05,12.0,12.6,0.15698660361202765,0.1504917389010197,-0.006494864711007964,0.006494864711007964,0,0,0,-1
german,lightgbm,14,duration,relative_plus_5,0.05,6.0,6.3,0.06001081215992454,0.06001081215992454,0.0,0.0,0,0,0,-1
german,lightgbm,15,duration,relative_plus_5,0.05,15.0,15.75,0.34466443332437136,0.5250882898029554,0.18042385647858405,0.18042385647858405,0,1,1,-1
german,lightgbm,16,duration,relative_plus_5,0.05,12.0,12.6,0.0013520297228720205,0.0012421791399097515,-0.00010985058296226905,0.00010985058296226905,0,0,0,-1
german,lightgbm,17,duration,relative_plus_5,0.05,30.0,31.5,0.925921763327486,0.925921763327486,0.0,0.0,1,1,0,-1
german,lightgbm,18,duration,relative_plus_5,0.05,18.0,18.9,0.05210815660012766,0.05210815660012766,0.0,0.0,0,0,0,-1
german,lightgbm,19,duration,relative_plus_5,0.05,18.0,18.9,0.9431976521725624,0.9431976521725624,0.0,0.0,1,1,0,-1
german,lightgbm,20,duration,relative_plus_5,0.05,18.0,18.9,0.1652310311335665,0.1652310311335665,0.0,0.0,0,0,0,-1
german,lightgbm,21,duration,relative_plus_5,0.05,6.0,6.3,0.04087693346542949,0.04087693346542949,0.0,0.0,0,0,0,-1
german,lightgbm,22,duration,relative_plus_5,0.05,15.0,15.75,0.06721612707097044,0.09770539588942148,0.030489268818451043,0.030489268818451043,0,0,0,-1
german,lightgbm,23,duration,relative_plus_5,0.05,18.0,18.9,0.8427293510043804,0.8427293510043804,0.0,0.0,1,1,0,-1
german,lightgbm,24,duration,relative_plus_5,0.05,36.0,37.8,0.7997434553378628,0.7917725206953168,-0.007970934642546057,0.007970934642546057,1,1,0,-1
german,lightgbm,25,duration,relative_plus_5,0.05,9.0,9.45,0.4667371539312502,0.4667371539312502,0.0,0.0,0,0,0,-1
german,lightgbm,26,duration,relative_plus_5,0.05,30.0,31.5,0.2090941121178558,0.2090941121178558,0.0,0.0,0,0,0,-1
german,lightgbm,27,duration,relative_plus_5,0.05,12.0,12.6,0.45947633223517137,0.44710414777304974,-0.012372184462121627,0.012372184462121627,0,0,0,-1
german,lightgbm,28,duration,relative_plus_5,0.05,6.0,6.3,0.003740671773448724,0.003740671773448724,0.0,0.0,0,0,0,-1
german,lightgbm,29,duration,relative_plus_5,0.05,6.0,6.3,0.44175540704147304,0.44175540704147304,0.0,0.0,0,0,0,-1
german,lightgbm,30,duration,relative_plus_5,0.05,15.0,15.75,0.36163582701893,0.6516452640586278,0.2900094370396978,0.2900094370396978,0,1,1,-1
german,lightgbm,31,duration,relative_plus_5,0.05,9.0,9.45,0.34959479263019255,0.34959479263019255,0.0,0.0,0,0,0,-1
german,lightgbm,32,duration,relative_plus_5,0.05,15.0,15.75,0.027101650147053884,0.042790019849943565,0.01568836970288968,0.01568836970288968,0,0,0,-1
german,lightgbm,33,duration,relative_plus_5,0.05,9.0,9.45,0.0284420531071389,0.0284420531071389,0.0,0.0,0,0,0,-1
german,lightgbm,34,duration,relative_plus_5,0.05,24.0,25.2,0.7949814871873333,0.7949814871873333,0.0,0.0,1,1,0,-1
german,lightgbm,35,duration,relative_plus_5,0.05,18.0,18.9,0.5095935653238034,0.5095935653238034,0.0,0.0,1,1,0,-1
german,lightgbm,36,duration,relative_plus_5,0.05,36.0,37.8,0.7254708576063886,0.7483550656329492,0.02288420802656055,0.02288420802656055,1,1,0,-1
german,lightgbm,37,duration,relative_plus_5,0.05,15.0,15.75,0.1180789524031287,0.3442759769621616,0.2261970245590329,0.2261970245590329,0,0,0,-1
german,lightgbm,38,duration,relative_plus_5,0.05,36.0,37.8,0.4095659707951472,0.25867723886311994,-0.1508887319320273,0.1508887319320273,0,0,0,-1
german,lightgbm,39,duration,relative_plus_5,0.05,12.0,12.6,0.018957526512300097,0.018050937312861573,-0.000906589199438524,0.000906589199438524,0,0,0,-1
german,lightgbm,40,duration,relative_plus_5,0.05,24.0,25.2,0.5387102777430276,0.5236091245706657,-0.015101153172361936,0.015101153172361936,1,1,0,-1
german,lightgbm,41,duration,relative_plus_5,0.05,18.0,18.9,0.2852989110737803,0.2852989110737803,0.0,0.0,0,0,0,-1
german,lightgbm,42,duration,relative_plus_5,0.05,12.0,12.6,0.8199191131790665,0.8153620716360369,-0.004557041543029605,0.004557041543029605,1,1,0,-1
german,lightgbm,43,duration,relative_plus_5,0.05,15.0,15.75,0.9309460410455855,0.9565619826942346,0.02561594164864911,0.02561594164864911,1,1,0,-1
german,lightgbm,44,duration,relative_plus_5,0.05,27.0,28.35,0.5665947846895176,0.5786732701495603,0.012078485460042643,0.012078485460042643,1,1,0,-1
german,lightgbm,45,duration,relative_plus_5,0.05,18.0,18.9,0.2447713790571778,0.2447713790571778,0.0,0.0,0,0,0,-1
german,lightgbm,46,duration,relative_plus_5,0.05,48.0,50.4,0.010856344450514104,0.010856344450514104,0.0,0.0,0,0,0,-1
german,lightgbm,47,duration,relative_plus_5,0.05,10.0,10.5,0.10565369098051447,0.10565369098051447,0.0,0.0,0,0,0,-1
german,lightgbm,48,duration,relative_plus_5,0.05,30.0,31.5,0.0077234696716923824,0.0077234696716923824,0.0,0.0,0,0,0,-1
german,lightgbm,49,duration,relative_plus_5,0.05,24.0,25.2,0.37766608391954276,0.37766608391954276,0.0,0.0,0,0,0,-1
german,lightgbm,50,duration,relative_plus_5,0.05,21.0,22.05,0.10754456996147924,0.10621402645937231,-0.001330543502106929,0.001330543502106929,0,0,0,-1
german,lightgbm,51,duration,relative_plus_5,0.05,9.0,9.45,0.20045288792019303,0.20045288792019303,0.0,0.0,0,0,0,-1
german,lightgbm,52,duration,relative_plus_5,0.05,18.0,18.9,0.2232390849422753,0.2232390849422753,0.0,0.0,0,0,0,-1
german,lightgbm,53,duration,relative_plus_5,0.05,18.0,18.9,0.08263946571053118,0.08263946571053118,0.0,0.0,0,0,0,-1
german,lightgbm,54,duration,relative_plus_5,0.05,12.0,12.6,0.7751983503992061,0.7663784084438963,-0.008819941955309885,0.008819941955309885,1,1,0,-1
german,lightgbm,55,duration,relative_plus_5,0.05,45.0,47.25,0.2709041232151986,0.2709041232151986,0.0,0.0,0,0,0,-1
german,lightgbm,56,duration,relative_plus_5,0.05,18.0,18.9,0.8949846835423396,0.8949846835423396,0.0,0.0,1,1,0,-1
german,lightgbm,57,duration,relative_plus_5,0.05,24.0,25.2,0.19895661481991747,0.19366126358518834,-0.005295351234729129,0.005295351234729129,0,0,0,-1
german,lightgbm,58,duration,relative_plus_5,0.05,6.0,6.3,0.19686220446311817,0.19686220446311817,0.0,0.0,0,0,0,-1
german,lightgbm,59,duration,relative_plus_5,0.05,24.0,25.2,0.6556463130368732,0.6556463130368732,0.0,0.0,1,1,0,-1
german,lightgbm,60,duration,relative_plus_5,0.05,12.0,12.6,0.1494642794145739,0.14322775378674057,-0.006236525627833334,0.006236525627833334,0,0,0,-1
german,lightgbm,61,duration,relative_plus_5,0.05,18.0,18.9,0.07395817947549249,0.07395817947549249,0.0,0.0,0,0,0,-1
german,lightgbm,62,duration,relative_plus_5,0.05,36.0,37.8,0.7910063234667474,0.7611125257938306,-0.029893797672916778,0.029893797672916778,1,1,0,-1
german,lightgbm,63,duration,relative_plus_5,0.05,39.0,40.95,0.46215650717795514,0.46215650717795514,0.0,0.0,0,0,0,-1
german,lightgbm,64,duration,relative_plus_5,0.05,18.0,18.9,0.8565251969688404,0.8565251969688404,0.0,0.0,1,1,0,-1
german,lightgbm,65,duration,relative_plus_5,0.05,24.0,25.2,0.17328838568870306,0.16933062022652948,-0.003957765462173579,0.003957765462173579,0,0,0,-1
german,lightgbm,66,duration,relative_plus_5,0.05,24.0,25.2,0.2073789273550252,0.19739615142971778,-0.009982775925307413,0.009982775925307413,0,0,0,-1
german,lightgbm,67,duration,relative_plus_5,0.05,36.0,37.8,0.9222025230520857,0.8563821511196009,-0.0658203719324848,0.0658203719324848,1,1,0,-1
german,lightgbm,68,duration,relative_plus_5,0.05,27.0,28.35,0.36554189730904146,0.36554189730904146,0.0,0.0,0,0,0,-1
german,lightgbm,69,duration,relative_plus_5,0.05,15.0,15.75,0.5551759772046333,0.6841420491483923,0.12896607194375898,0.12896607194375898,1,1,0,-1
german,lightgbm,70,duration,relative_plus_5,0.05,12.0,12.6,0.8060668534560961,0.7981426514908538,-0.007924201965242239,0.007924201965242239,1,1,0,-1
german,lightgbm,71,duration,relative_plus_5,0.05,24.0,25.2,0.00979720703639709,0.007278052205309684,-0.0025191548310874064,0.0025191548310874064,0,0,0,-1
german,lightgbm,72,duration,relative_plus_5,0.05,10.0,10.5,0.16440951309080398,0.16440951309080398,0.0,0.0,0,0,0,-1
german,lightgbm,73,duration,relative_plus_5,0.05,12.0,12.6,0.0701512066146692,0.05623831450013593,-0.013912892114533268,0.013912892114533268,0,0,0,-1
german,lightgbm,74,duration,relative_plus_5,0.05,12.0,12.6,0.20089675448649513,0.1930011433849661,-0.007895611101529032,0.007895611101529032,0,0,0,-1
german,lightgbm,75,duration,relative_plus_5,0.05,15.0,15.75,0.5222806196725559,0.7261152073967896,0.20383458772423368,0.20383458772423368,1,1,0,-1
german,lightgbm,76,duration,relative_plus_5,0.05,12.0,12.6,0.232539774434109,0.22374875038640687,-0.008791024047702128,0.008791024047702128,0,0,0,-1
german,lightgbm,77,duration,relative_plus_5,0.05,24.0,25.2,0.7296014495994664,0.7296014495994664,0.0,0.0,1,1,0,-1
german,lightgbm,78,duration,relative_plus_5,0.05,30.0,31.5,0.05233574686089174,0.05233574686089174,0.0,0.0,0,0,0,-1
german,lightgbm,79,duration,relative_plus_5,0.05,45.0,47.25,0.8523601968533747,0.8523601968533747,0.0,0.0,1,1,0,-1
german,lightgbm,80,duration,relative_plus_5,0.05,60.0,63.0,0.24724091491319555,0.24724091491319555,0.0,0.0,0,0,0,-1
german,lightgbm,81,duration,relative_plus_5,0.05,54.0,56.7,0.052062520477255576,0.052062520477255576,0.0,0.0,0,0,0,-1
german,lightgbm,82,duration,relative_plus_5,0.05,13.0,13.65,0.39190331104024756,0.39190331104024756,0.0,0.0,0,0,0,-1
german,lightgbm,83,duration,relative_plus_5,0.05,21.0,22.05,0.4694418067846172,0.47099953849638126,0.0015577317117640432,0.0015577317117640432,0,0,0,-1
german,lightgbm,84,duration,relative_plus_5,0.05,36.0,37.8,0.1739683108218602,0.09579418159778966,-0.07817412922407055,0.07817412922407055,0,0,0,-1
german,lightgbm,85,duration,relative_plus_5,0.05,12.0,12.6,0.004521489614918298,0.004302234881033164,-0.00021925473388513354,0.00021925473388513354,0,0,0,-1
german,lightgbm,86,duration,relative_plus_5,0.05,7.0,7.35,0.026602380126023603,0.026602380126023603,0.0,0.0,0,0,0,-1
german,lightgbm,87,duration,relative_plus_5,0.05,36.0,37.8,0.6076387501320122,0.5958851535799989,-0.011753596552013246,0.011753596552013246,1,1,0,-1
german,lightgbm,88,duration,relative_plus_5,0.05,24.0,25.2,0.0010791611127486252,0.0009803048966340196,-9.885621611460563e-05,9.885621611460563e-05,0,0,0,-1
german,lightgbm,89,duration,relative_plus_5,0.05,48.0,50.4,0.742624474994036,0.742624474994036,0.0,0.0,1,1,0,-1
german,lightgbm,90,duration,relative_plus_5,0.05,42.0,44.1,0.7861995616942514,0.7861995616942514,0.0,0.0,1,1,0,-1
german,lightgbm,91,duration,relative_plus_5,0.05,24.0,25.2,0.4725044710209194,0.4725044710209194,0.0,0.0,0,0,0,-1
german,lightgbm,92,duration,relative_plus_5,0.05,15.0,15.75,0.5387828783155257,0.7879344471164308,0.24915156880090505,0.24915156880090505,1,1,0,-1
german,lightgbm,93,duration,relative_plus_5,0.05,18.0,18.9,0.595542444670801,0.595542444670801,0.0,0.0,1,1,0,-1
german,lightgbm,94,duration,relative_plus_5,0.05,6.0,6.3,0.007938278878830486,0.007938278878830486,0.0,0.0,0,0,0,-1
german,lightgbm,95,duration,relative_plus_5,0.05,21.0,22.05,0.05798365229948388,0.04857305243296827,-0.009410599866515608,0.009410599866515608,0,0,0,-1
german,lightgbm,96,duration,relative_plus_5,0.05,24.0,25.2,0.5786519101275599,0.5635029014773496,-0.015149008650210294,0.015149008650210294,1,1,0,-1
german,lightgbm,97,duration,relative_plus_5,0.05,10.0,10.5,0.1637333359008902,0.1637333359008902,0.0,0.0,0,0,0,-1
german,lightgbm,98,duration,relative_plus_5,0.05,24.0,25.2,0.7094753427844519,0.7036953381383623,-0.0057800046460896315,0.0057800046460896315,1,1,0,-1
german,lightgbm,99,duration,relative_plus_5,0.05,12.0,12.6,0.0021652605170008033,0.0020600269032354734,-0.00010523361376532994,0.00010523361376532994,0,0,0,-1
german,lightgbm,0,duration,relative_minus_10,-0.1,18.0,19.8,0.3906285256737892,0.3906285256737892,0.0,0.0,0,0,0,-1
german,lightgbm,1,duration,relative_minus_10,-0.1,18.0,19.8,0.239865701726269,0.239865701726269,0.0,0.0,0,0,0,-1
german,lightgbm,2,duration,relative_minus_10,-0.1,11.0,12.1,0.061421238781333064,0.10413529135209476,0.0427140525707617,0.0427140525707617,0,0,0,-1
german,lightgbm,3,duration,relative_minus_10,-0.1,36.0,39.6,0.06199636354725938,0.06922966347564562,0.0072332999283862345,0.0072332999283862345,0,0,0,-1
german,lightgbm,4,duration,relative_minus_10,-0.1,4.0,4.4,0.000778019771551934,0.000778019771551934,0.0,0.0,0,0,0,-1
german,lightgbm,5,duration,relative_minus_10,-0.1,5.0,5.5,0.0127552116532506,0.0127552116532506,0.0,0.0,0,0,0,-1
german,lightgbm,6,duration,relative_minus_10,-0.1,30.0,33.0,0.0015875374622949037,0.0015875374622949037,0.0,0.0,0,0,0,-1
german,lightgbm,7,duration,relative_minus_10,-0.1,36.0,39.6,0.10095917931946011,0.11219465055810865,0.011235471238648542,0.011235471238648542,0,0,0,-1
german,lightgbm,8,duration,relative_minus_10,-0.1,12.0,13.2,0.019686942909276986,0.018746138011180864,-0.0009408048980961217,0.0009408048980961217,0,0,0,-1
german,lightgbm,9,duration,relative_minus_10,-0.1,24.0,26.4,0.8815646011543224,0.8815646011543224,0.0,0.0,1,1,0,-1
german,lightgbm,10,duration,relative_minus_10,-0.1,18.0,19.8,0.6231673856151776,0.6231673856151776,0.0,0.0,1,1,0,-1
german,lightgbm,11,duration,relative_minus_10,-0.1,6.0,6.6,0.5819234725438788,0.5819234725438788,0.0,0.0,1,1,0,-1
german,lightgbm,12,duration,relative_minus_10,-0.1,12.0,13.2,0.016381379372910523,0.01545880930610914,-0.0009225700668013832,0.0009225700668013832,0,0,0,-1
german,lightgbm,13,duration,relative_minus_10,-0.1,12.0,13.2,0.15698660361202765,0.1504917389010197,-0.006494864711007964,0.006494864711007964,0,0,0,-1
german,lightgbm,14,duration,relative_minus_10,-0.1,6.0,6.6,0.06001081215992454,0.06001081215992454,0.0,0.0,0,0,0,-1
german,lightgbm,15,duration,relative_minus_10,-0.1,15.0,16.5,0.34466443332437136,0.5250882898029554,0.18042385647858405,0.18042385647858405,0,1,1,-1
german,lightgbm,16,duration,relative_minus_10,-0.1,12.0,13.2,0.0013520297228720205,0.0012421791399097515,-0.00010985058296226905,0.00010985058296226905,0,0,0,-1
german,lightgbm,17,duration,relative_minus_10,-0.1,30.0,33.0,0.925921763327486,0.933448521972405,0.007526758644919029,0.007526758644919029,1,1,0,-1
german,lightgbm,18,duration,relative_minus_10,-0.1,18.0,19.8,0.05210815660012766,0.05210815660012766,0.0,0.0,0,0,0,-1
german,lightgbm,19,duration,relative_minus_10,-0.1,18.0,19.8,0.9431976521725624,0.9431976521725624,0.0,0.0,1,1,0,-1
german,lightgbm,20,duration,relative_minus_10,-0.1,18.0,19.8,0.1652310311335665,0.1477417478875275,-0.01748928324603899,0.01748928324603899,0,0,0,-1
german,lightgbm,21,duration,relative_minus_10,-0.1,6.0,6.6,0.04087693346542949,0.04087693346542949,0.0,0.0,0,0,0,-1
german,lightgbm,22,duration,relative_minus_10,-0.1,15.0,16.5,0.06721612707097044,0.09770539588942148,0.030489268818451043,0.030489268818451043,0,0,0,-1
german,lightgbm,23,duration,relative_minus_10,-0.1,18.0,19.8,0.8427293510043804,0.8427293510043804,0.0,0.0,1,1,0,-1
german,lightgbm,24,duration,relative_minus_10,-0.1,36.0,39.6,0.7997434553378628,0.7917725206953168,-0.007970934642546057,0.007970934642546057,1,1,0,-1
german,lightgbm,25,duration,relative_minus_10,-0.1,9.0,9.9,0.4667371539312502,0.450826318544568,-0.0159108353866822,0.0159108353866822,0,0,0,-1
german,lightgbm,26,duration,relative_minus_10,-0.1,30.0,33.0,0.2090941121178558,0.22879065827638725,0.019696546158531447,0.019696546158531447,0,0,0,-1
german,lightgbm,27,duration,relative_minus_10,-0.1,12.0,13.2,0.45947633223517137,0.44710414777304974,-0.012372184462121627,0.012372184462121627,0,0,0,-1
german,lightgbm,28,duration,relative_minus_10,-0.1,6.0,6.6,0.003740671773448724,0.003740671773448724,0.0,0.0,0,0,0,-1
german,lightgbm,29,duration,relative_minus_10,-0.1,6.0,6.6,0.44175540704147304,0.44175540704147304,0.0,0.0,0,0,0,-1
german,lightgbm,30,duration,relative_minus_10,-0.1,15.0,16.5,0.36163582701893,0.6516452640586278,0.2900094370396978,0.2900094370396978,0,1,1,-1
german,lightgbm,31,duration,relative_minus_10,-0.1,9.0,9.9,0.34959479263019255,0.335167389680907,-0.014427402949285573,0.014427402949285573,0,0,0,-1
german,lightgbm,32,duration,relative_minus_10,-0.1,15.0,16.5,0.027101650147053884,0.042790019849943565,0.01568836970288968,0.01568836970288968,0,0,0,-1
german,lightgbm,33,duration,relative_minus_10,-0.1,9.0,9.9,0.0284420531071389,0.028356104187498486,-8.594891964041479e-05,8.594891964041479e-05,0,0,0,-1
german,lightgbm,34,duration,relative_minus_10,-0.1,24.0,26.4,0.7949814871873333,0.7949814871873333,0.0,0.0,1,1,0,-1
german,lightgbm,35,duration,relative_minus_10,-0.1,18.0,19.8,0.5095935653238034,0.5095935653238034,0.0,0.0,1,1,0,-1
german,lightgbm,36,duration,relative_minus_10,-0.1,36.0,39.6,0.7254708576063886,0.7483550656329492,0.02288420802656055,0.02288420802656055,1,1,0,-1
german,lightgbm,37,duration,relative_minus_10,-0.1,15.0,16.5,0.1180789524031287,0.3442759769621616,0.2261970245590329,0.2261970245590329,0,0,0,-1
german,lightgbm,38,duration,relative_minus_10,-0.1,36.0,39.6,0.4095659707951472,0.25867723886311994,-0.1508887319320273,0.1508887319320273,0,0,0,-1
german,lightgbm,39,duration,relative_minus_10,-0.1,12.0,13.2,0.018957526512300097,0.018050937312861573,-0.000906589199438524,0.000906589199438524,0,0,0,-1
german,lightgbm,40,duration,relative_minus_10,-0.1,24.0,26.4,0.5387102777430276,0.5236091245706657,-0.015101153172361936,0.015101153172361936,1,1,0,-1
german,lightgbm,41,duration,relative_minus_10,-0.1,18.0,19.8,0.2852989110737803,0.2852989110737803,0.0,0.0,0,0,0,-1
german,lightgbm,42,duration,relative_minus_10,-0.1,12.0,13.2,0.8199191131790665,0.8153620716360369,-0.004557041543029605,0.004557041543029605,1,1,0,-1
german,lightgbm,43,duration,relative_minus_10,-0.1,15.0,16.5,0.9309460410455855,0.9565619826942346,0.02561594164864911,0.02561594164864911,1,1,0,-1
german,lightgbm,44,duration,relative_minus_10,-0.1,27.0,29.7,0.5665947846895176,0.5786732701495603,0.012078485460042643,0.012078485460042643,1,1,0,-1
german,lightgbm,45,duration,relative_minus_10,-0.1,18.0,19.8,0.2447713790571778,0.2447713790571778,0.0,0.0,0,0,0,-1
german,lightgbm,46,duration,relative_minus_10,-0.1,48.0,52.8,0.010856344450514104,0.010856344450514104,0.0,0.0,0,0,0,-1
german,lightgbm,47,duration,relative_minus_10,-0.1,10.0,11.0,0.10565369098051447,0.10565369098051447,0.0,0.0,0,0,0,-1
german,lightgbm,48,duration,relative_minus_10,-0.1,30.0,33.0,0.0077234696716923824,0.0077234696716923824,0.0,0.0,0,0,0,-1
german,lightgbm,49,duration,relative_minus_10,-0.1,24.0,26.4,0.37766608391954276,0.37766608391954276,0.0,0.0,0,0,0,-1
german,lightgbm,50,duration,relative_minus_10,-0.1,21.0,23.1,0.10754456996147924,0.10621402645937231,-0.001330543502106929,0.001330543502106929,0,0,0,-1
german,lightgbm,51,duration,relative_minus_10,-0.1,9.0,9.9,0.20045288792019303,0.1951144318944299,-0.005338456025763133,0.005338456025763133,0,0,0,-1
german,lightgbm,52,duration,relative_minus_10,-0.1,18.0,19.8,0.2232390849422753,0.2232390849422753,0.0,0.0,0,0,0,-1
german,lightgbm,53,duration,relative_minus_10,-0.1,18.0,19.8,0.08263946571053118,0.08263946571053118,0.0,0.0,0,0,0,-1
german,lightgbm,54,duration,relative_minus_10,-0.1,12.0,13.2,0.7751983503992061,0.7663784084438963,-0.008819941955309885,0.008819941955309885,1,1,0,-1
german,lightgbm,55,duration,relative_minus_10,-0.1,45.0,49.5,0.2709041232151986,0.3978602647409602,0.12695614152576162,0.12695614152576162,0,0,0,-1
german,lightgbm,56,duration,relative_minus_10,-0.1,18.0,19.8,0.8949846835423396,0.8949846835423396,0.0,0.0,1,1,0,-1
german,lightgbm,57,duration,relative_minus_10,-0.1,24.0,26.4,0.19895661481991747,0.19366126358518834,-0.005295351234729129,0.005295351234729129,0,0,0,-1
german,lightgbm,58,duration,relative_minus_10,-0.1,6.0,6.6,0.19686220446311817,0.19686220446311817,0.0,0.0,0,0,0,-1
german,lightgbm,59,duration,relative_minus_10,-0.1,24.0,26.4,0.6556463130368732,0.6556463130368732,0.0,0.0,1,1,0,-1
german,lightgbm,60,duration,relative_minus_10,-0.1,12.0,13.2,0.1494642794145739,0.14322775378674057,-0.006236525627833334,0.006236525627833334,0,0,0,-1
german,lightgbm,61,duration,relative_minus_10,-0.1,18.0,19.8,0.07395817947549249,0.07395817947549249,0.0,0.0,0,0,0,-1
german,lightgbm,62,duration,relative_minus_10,-0.1,36.0,39.6,0.7910063234667474,0.7611125257938306,-0.029893797672916778,0.029893797672916778,1,1,0,-1
german,lightgbm,63,duration,relative_minus_10,-0.1,39.0,42.9,0.46215650717795514,0.46215650717795514,0.0,0.0,0,0,0,-1
german,lightgbm,64,duration,relative_minus_10,-0.1,18.0,19.8,0.8565251969688404,0.8565251969688404,0.0,0.0,1,1,0,-1
german,lightgbm,65,duration,relative_minus_10,-0.1,24.0,26.4,0.17328838568870306,0.16933062022652948,-0.003957765462173579,0.003957765462173579,0,0,0,-1
german,lightgbm,66,duration,relative_minus_10,-0.1,24.0,26.4,0.2073789273550252,0.19739615142971778,-0.009982775925307413,0.009982775925307413,0,0,0,-1
german,lightgbm,67,duration,relative_minus_10,-0.1,36.0,39.6,0.9222025230520857,0.8563821511196009,-0.0658203719324848,0.0658203719324848,1,1,0,-1
german,lightgbm,68,duration,relative_minus_10,-0.1,27.0,29.7,0.36554189730904146,0.37306040796427514,0.007518510655233679,0.007518510655233679,0,0,0,-1
german,lightgbm,69,duration,relative_minus_10,-0.1,15.0,16.5,0.5551759772046333,0.6841420491483923,0.12896607194375898,0.12896607194375898,1,1,0,-1
german,lightgbm,70,duration,relative_minus_10,-0.1,12.0,13.2,0.8060668534560961,0.7981426514908538,-0.007924201965242239,0.007924201965242239,1,1,0,-1
german,lightgbm,71,duration,relative_minus_10,-0.1,24.0,26.4,0.00979720703639709,0.007278052205309684,-0.0025191548310874064,0.0025191548310874064,0,0,0,-1
german,lightgbm,72,duration,relative_minus_10,-0.1,10.0,11.0,0.16440951309080398,0.16440951309080398,0.0,0.0,0,0,0,-1
german,lightgbm,73,duration,relative_minus_10,-0.1,12.0,13.2,0.0701512066146692,0.05623831450013593,-0.013912892114533268,0.013912892114533268,0,0,0,-1
german,lightgbm,74,duration,relative_minus_10,-0.1,12.0,13.2,0.20089675448649513,0.1930011433849661,-0.007895611101529032,0.007895611101529032,0,0,0,-1
german,lightgbm,75,duration,relative_minus_10,-0.1,15.0,16.5,0.5222806196725559,0.7261152073967896,0.20383458772423368,0.20383458772423368,1,1,0,-1
german,lightgbm,76,duration,relative_minus_10,-0.1,12.0,13.2,0.232539774434109,0.22374875038640687,-0.008791024047702128,0.008791024047702128,0,0,0,-1
german,lightgbm,77,duration,relative_minus_10,-0.1,24.0,26.4,0.7296014495994664,0.7296014495994664,0.0,0.0,1,1,0,-1
german,lightgbm,78,duration,relative_minus_10,-0.1,30.0,33.0,0.05233574686089174,0.05233574686089174,0.0,0.0,0,0,0,-1
german,lightgbm,79,duration,relative_minus_10,-0.1,45.0,49.5,0.8523601968533747,0.9112412158956805,0.058881019042305804,0.058881019042305804,1,1,0,-1
german,lightgbm,80,duration,relative_minus_10,-0.1,60.0,66.0,0.24724091491319555,0.24724091491319555,0.0,0.0,0,0,0,-1
german,lightgbm,81,duration,relative_minus_10,-0.1,54.0,59.4,0.052062520477255576,0.052062520477255576,0.0,0.0,0,0,0,-1
german,lightgbm,82,duration,relative_minus_10,-0.1,13.0,14.3,0.39190331104024756,0.39190331104024756,0.0,0.0,0,0,0,-1
german,lightgbm,83,duration,relative_minus_10,-0.1,21.0,23.1,0.4694418067846172,0.47099953849638126,0.0015577317117640432,0.0015577317117640432,0,0,0,-1
german,lightgbm,84,duration,relative_minus_10,-0.1,36.0,39.6,0.1739683108218602,0.09579418159778966,-0.07817412922407055,0.07817412922407055,0,0,0,-1
german,lightgbm,85,duration,relative_minus_10,-0.1,12.0,13.2,0.004521489614918298,0.004302234881033164,-0.00021925473388513354,0.00021925473388513354,0,0,0,-1
german,lightgbm,86,duration,relative_minus_10,-0.1,7.0,7.7,0.026602380126023603,0.026602380126023603,0.0,0.0,0,0,0,-1
german,lightgbm,87,duration,relative_minus_10,-0.1,36.0,39.6,0.6076387501320122,0.5958851535799989,-0.011753596552013246,0.011753596552013246,1,1,0,-1
german,lightgbm,88,duration,relative_minus_10,-0.1,24.0,26.4,0.0010791611127486252,0.0009803048966340196,-9.885621611460563e-05,9.885621611460563e-05,0,0,0,-1
german,lightgbm,89,duration,relative_minus_10,-0.1,48.0,52.8,0.742624474994036,0.742624474994036,0.0,0.0,1,1,0,-1
german,lightgbm,90,duration,relative_minus_10,-0.1,42.0,46.2,0.7861995616942514,0.7861995616942514,0.0,0.0,1,1,0,-1
german,lightgbm,91,duration,relative_minus_10,-0.1,24.0,26.4,0.4725044710209194,0.4725044710209194,0.0,0.0,0,0,0,-1
german,lightgbm,92,duration,relative_minus_10,-0.1,15.0,16.5,0.5387828783155257,0.7879344471164308,0.24915156880090505,0.24915156880090505,1,1,0,-1
german,lightgbm,93,duration,relative_minus_10,-0.1,18.0,19.8,0.595542444670801,0.595542444670801,0.0,0.0,1,1,0,-1
german,lightgbm,94,duration,relative_minus_10,-0.1,6.0,6.6,0.007938278878830486,0.007938278878830486,0.0,0.0,0,0,0,-1
german,lightgbm,95,duration,relative_minus_10,-0.1,21.0,23.1,0.05798365229948388,0.04857305243296827,-0.009410599866515608,0.009410599866515608,0,0,0,-1
german,lightgbm,96,duration,relative_minus_10,-0.1,24.0,26.4,0.5786519101275599,0.5635029014773496,-0.015149008650210294,0.015149008650210294,1,1,0,-1
german,lightgbm,97,duration,relative_minus_10,-0.1,10.0,11.0,0.1637333359008902,0.1637333359008902,0.0,0.0,0,0,0,-1
german,lightgbm,98,duration,relative_minus_10,-0.1,24.0,26.4,0.7094753427844519,0.7036953381383623,-0.0057800046460896315,0.0057800046460896315,1,1,0,-1
german,lightgbm,99,duration,relative_minus_10,-0.1,12.0,13.2,0.0021652605170008033,0.0020600269032354734,-0.00010523361376532994,0.00010523361376532994,0,0,0,-1
german,lightgbm,0,duration,relative_plus_10,0.1,18.0,19.8,0.3906285256737892,0.3906285256737892,0.0,0.0,0,0,0,-1
german,lightgbm,1,duration,relative_plus_10,0.1,18.0,19.8,0.239865701726269,0.239865701726269,0.0,0.0,0,0,0,-1
german,lightgbm,2,duration,relative_plus_10,0.1,11.0,12.1,0.061421238781333064,0.10413529135209476,0.0427140525707617,0.0427140525707617,0,0,0,-1
german,lightgbm,3,duration,relative_plus_10,0.1,36.0,39.6,0.06199636354725938,0.06922966347564562,0.0072332999283862345,0.0072332999283862345,0,0,0,-1
german,lightgbm,4,duration,relative_plus_10,0.1,4.0,4.4,0.000778019771551934,0.000778019771551934,0.0,0.0,0,0,0,-1
german,lightgbm,5,duration,relative_plus_10,0.1,5.0,5.5,0.0127552116532506,0.0127552116532506,0.0,0.0,0,0,0,-1
german,lightgbm,6,duration,relative_plus_10,0.1,30.0,33.0,0.0015875374622949037,0.0015875374622949037,0.0,0.0,0,0,0,-1
german,lightgbm,7,duration,relative_plus_10,0.1,36.0,39.6,0.10095917931946011,0.11219465055810865,0.011235471238648542,0.011235471238648542,0,0,0,-1
german,lightgbm,8,duration,relative_plus_10,0.1,12.0,13.2,0.019686942909276986,0.018746138011180864,-0.0009408048980961217,0.0009408048980961217,0,0,0,-1
german,lightgbm,9,duration,relative_plus_10,0.1,24.0,26.4,0.8815646011543224,0.8815646011543224,0.0,0.0,1,1,0,-1
german,lightgbm,10,duration,relative_plus_10,0.1,18.0,19.8,0.6231673856151776,0.6231673856151776,0.0,0.0,1,1,0,-1
german,lightgbm,11,duration,relative_plus_10,0.1,6.0,6.6,0.5819234725438788,0.5819234725438788,0.0,0.0,1,1,0,-1
german,lightgbm,12,duration,relative_plus_10,0.1,12.0,13.2,0.016381379372910523,0.01545880930610914,-0.0009225700668013832,0.0009225700668013832,0,0,0,-1
german,lightgbm,13,duration,relative_plus_10,0.1,12.0,13.2,0.15698660361202765,0.1504917389010197,-0.006494864711007964,0.006494864711007964,0,0,0,-1
german,lightgbm,14,duration,relative_plus_10,0.1,6.0,6.6,0.06001081215992454,0.06001081215992454,0.0,0.0,0,0,0,-1
german,lightgbm,15,duration,relative_plus_10,0.1,15.0,16.5,0.34466443332437136,0.5250882898029554,0.18042385647858405,0.18042385647858405,0,1,1,-1
german,lightgbm,16,duration,relative_plus_10,0.1,12.0,13.2,0.0013520297228720205,0.0012421791399097515,-0.00010985058296226905,0.00010985058296226905,0,0,0,-1
german,lightgbm,17,duration,relative_plus_10,0.1,30.0,33.0,0.925921763327486,0.933448521972405,0.007526758644919029,0.007526758644919029,1,1,0,-1
german,lightgbm,18,duration,relative_plus_10,0.1,18.0,19.8,0.05210815660012766,0.05210815660012766,0.0,0.0,0,0,0,-1
german,lightgbm,19,duration,relative_plus_10,0.1,18.0,19.8,0.9431976521725624,0.9431976521725624,0.0,0.0,1,1,0,-1
german,lightgbm,20,duration,relative_plus_10,0.1,18.0,19.8,0.1652310311335665,0.1477417478875275,-0.01748928324603899,0.01748928324603899,0,0,0,-1
german,lightgbm,21,duration,relative_plus_10,0.1,6.0,6.6,0.04087693346542949,0.04087693346542949,0.0,0.0,0,0,0,-1
german,lightgbm,22,duration,relative_plus_10,0.1,15.0,16.5,0.06721612707097044,0.09770539588942148,0.030489268818451043,0.030489268818451043,0,0,0,-1
german,lightgbm,23,duration,relative_plus_10,0.1,18.0,19.8,0.8427293510043804,0.8427293510043804,0.0,0.0,1,1,0,-1
german,lightgbm,24,duration,relative_plus_10,0.1,36.0,39.6,0.7997434553378628,0.7917725206953168,-0.007970934642546057,0.007970934642546057,1,1,0,-1
german,lightgbm,25,duration,relative_plus_10,0.1,9.0,9.9,0.4667371539312502,0.450826318544568,-0.0159108353866822,0.0159108353866822,0,0,0,-1
german,lightgbm,26,duration,relative_plus_10,0.1,30.0,33.0,0.2090941121178558,0.22879065827638725,0.019696546158531447,0.019696546158531447,0,0,0,-1
german,lightgbm,27,duration,relative_plus_10,0.1,12.0,13.2,0.45947633223517137,0.44710414777304974,-0.012372184462121627,0.012372184462121627,0,0,0,-1
german,lightgbm,28,duration,relative_plus_10,0.1,6.0,6.6,0.003740671773448724,0.003740671773448724,0.0,0.0,0,0,0,-1
german,lightgbm,29,duration,relative_plus_10,0.1,6.0,6.6,0.44175540704147304,0.44175540704147304,0.0,0.0,0,0,0,-1
german,lightgbm,30,duration,relative_plus_10,0.1,15.0,16.5,0.36163582701893,0.6516452640586278,0.2900094370396978,0.2900094370396978,0,1,1,-1
german,lightgbm,31,duration,relative_plus_10,0.1,9.0,9.9,0.34959479263019255,0.335167389680907,-0.014427402949285573,0.014427402949285573,0,0,0,-1
german,lightgbm,32,duration,relative_plus_10,0.1,15.0,16.5,0.027101650147053884,0.042790019849943565,0.01568836970288968,0.01568836970288968,0,0,0,-1
german,lightgbm,33,duration,relative_plus_10,0.1,9.0,9.9,0.0284420531071389,0.028356104187498486,-8.594891964041479e-05,8.594891964041479e-05,0,0,0,-1
german,lightgbm,34,duration,relative_plus_10,0.1,24.0,26.4,0.7949814871873333,0.7949814871873333,0.0,0.0,1,1,0,-1
german,lightgbm,35,duration,relative_plus_10,0.1,18.0,19.8,0.5095935653238034,0.5095935653238034,0.0,0.0,1,1,0,-1
german,lightgbm,36,duration,relative_plus_10,0.1,36.0,39.6,0.7254708576063886,0.7483550656329492,0.02288420802656055,0.02288420802656055,1,1,0,-1
german,lightgbm,37,duration,relative_plus_10,0.1,15.0,16.5,0.1180789524031287,0.3442759769621616,0.2261970245590329,0.2261970245590329,0,0,0,-1
german,lightgbm,38,duration,relative_plus_10,0.1,36.0,39.6,0.4095659707951472,0.25867723886311994,-0.1508887319320273,0.1508887319320273,0,0,0,-1
german,lightgbm,39,duration,relative_plus_10,0.1,12.0,13.2,0.018957526512300097,0.018050937312861573,-0.000906589199438524,0.000906589199438524,0,0,0,-1
german,lightgbm,40,duration,relative_plus_10,0.1,24.0,26.4,0.5387102777430276,0.5236091245706657,-0.015101153172361936,0.015101153172361936,1,1,0,-1
german,lightgbm,41,duration,relative_plus_10,0.1,18.0,19.8,0.2852989110737803,0.2852989110737803,0.0,0.0,0,0,0,-1
german,lightgbm,42,duration,relative_plus_10,0.1,12.0,13.2,0.8199191131790665,0.8153620716360369,-0.004557041543029605,0.004557041543029605,1,1,0,-1
german,lightgbm,43,duration,relative_plus_10,0.1,15.0,16.5,0.9309460410455855,0.9565619826942346,0.02561594164864911,0.02561594164864911,1,1,0,-1
german,lightgbm,44,duration,relative_plus_10,0.1,27.0,29.7,0.5665947846895176,0.5786732701495603,0.012078485460042643,0.012078485460042643,1,1,0,-1
german,lightgbm,45,duration,relative_plus_10,0.1,18.0,19.8,0.2447713790571778,0.2447713790571778,0.0,0.0,0,0,0,-1
german,lightgbm,46,duration,relative_plus_10,0.1,48.0,52.8,0.010856344450514104,0.010856344450514104,0.0,0.0,0,0,0,-1
german,lightgbm,47,duration,relative_plus_10,0.1,10.0,11.0,0.10565369098051447,0.10565369098051447,0.0,0.0,0,0,0,-1
german,lightgbm,48,duration,relative_plus_10,0.1,30.0,33.0,0.0077234696716923824,0.0077234696716923824,0.0,0.0,0,0,0,-1
german,lightgbm,49,duration,relative_plus_10,0.1,24.0,26.4,0.37766608391954276,0.37766608391954276,0.0,0.0,0,0,0,-1
german,lightgbm,50,duration,relative_plus_10,0.1,21.0,23.1,0.10754456996147924,0.10621402645937231,-0.001330543502106929,0.001330543502106929,0,0,0,-1
german,lightgbm,51,duration,relative_plus_10,0.1,9.0,9.9,0.20045288792019303,0.1951144318944299,-0.005338456025763133,0.005338456025763133,0,0,0,-1
german,lightgbm,52,duration,relative_plus_10,0.1,18.0,19.8,0.2232390849422753,0.2232390849422753,0.0,0.0,0,0,0,-1
german,lightgbm,53,duration,relative_plus_10,0.1,18.0,19.8,0.08263946571053118,0.08263946571053118,0.0,0.0,0,0,0,-1
german,lightgbm,54,duration,relative_plus_10,0.1,12.0,13.2,0.7751983503992061,0.7663784084438963,-0.008819941955309885,0.008819941955309885,1,1,0,-1
german,lightgbm,55,duration,relative_plus_10,0.1,45.0,49.5,0.2709041232151986,0.3978602647409602,0.12695614152576162,0.12695614152576162,0,0,0,-1
german,lightgbm,56,duration,relative_plus_10,0.1,18.0,19.8,0.8949846835423396,0.8949846835423396,0.0,0.0,1,1,0,-1
german,lightgbm,57,duration,relative_plus_10,0.1,24.0,26.4,0.19895661481991747,0.19366126358518834,-0.005295351234729129,0.005295351234729129,0,0,0,-1
german,lightgbm,58,duration,relative_plus_10,0.1,6.0,6.6,0.19686220446311817,0.19686220446311817,0.0,0.0,0,0,0,-1
german,lightgbm,59,duration,relative_plus_10,0.1,24.0,26.4,0.6556463130368732,0.6556463130368732,0.0,0.0,1,1,0,-1
german,lightgbm,60,duration,relative_plus_10,0.1,12.0,13.2,0.1494642794145739,0.14322775378674057,-0.006236525627833334,0.006236525627833334,0,0,0,-1
german,lightgbm,61,duration,relative_plus_10,0.1,18.0,19.8,0.07395817947549249,0.07395817947549249,0.0,0.0,0,0,0,-1
german,lightgbm,62,duration,relative_plus_10,0.1,36.0,39.6,0.7910063234667474,0.7611125257938306,-0.029893797672916778,0.029893797672916778,1,1,0,-1
german,lightgbm,63,duration,relative_plus_10,0.1,39.0,42.9,0.46215650717795514,0.46215650717795514,0.0,0.0,0,0,0,-1
german,lightgbm,64,duration,relative_plus_10,0.1,18.0,19.8,0.8565251969688404,0.8565251969688404,0.0,0.0,1,1,0,-1
german,lightgbm,65,duration,relative_plus_10,0.1,24.0,26.4,0.17328838568870306,0.16933062022652948,-0.003957765462173579,0.003957765462173579,0,0,0,-1
german,lightgbm,66,duration,relative_plus_10,0.1,24.0,26.4,0.2073789273550252,0.19739615142971778,-0.009982775925307413,0.009982775925307413,0,0,0,-1
german,lightgbm,67,duration,relative_plus_10,0.1,36.0,39.6,0.9222025230520857,0.8563821511196009,-0.0658203719324848,0.0658203719324848,1,1,0,-1
german,lightgbm,68,duration,relative_plus_10,0.1,27.0,29.7,0.36554189730904146,0.37306040796427514,0.007518510655233679,0.007518510655233679,0,0,0,-1
german,lightgbm,69,duration,relative_plus_10,0.1,15.0,16.5,0.5551759772046333,0.6841420491483923,0.12896607194375898,0.12896607194375898,1,1,0,-1
german,lightgbm,70,duration,relative_plus_10,0.1,12.0,13.2,0.8060668534560961,0.7981426514908538,-0.007924201965242239,0.007924201965242239,1,1,0,-1
german,lightgbm,71,duration,relative_plus_10,0.1,24.0,26.4,0.00979720703639709,0.007278052205309684,-0.0025191548310874064,0.0025191548310874064,0,0,0,-1
german,lightgbm,72,duration,relative_plus_10,0.1,10.0,11.0,0.16440951309080398,0.16440951309080398,0.0,0.0,0,0,0,-1
german,lightgbm,73,duration,relative_plus_10,0.1,12.0,13.2,0.0701512066146692,0.05623831450013593,-0.013912892114533268,0.013912892114533268,0,0,0,-1
german,lightgbm,74,duration,relative_plus_10,0.1,12.0,13.2,0.20089675448649513,0.1930011433849661,-0.007895611101529032,0.007895611101529032,0,0,0,-1
german,lightgbm,75,duration,relative_plus_10,0.1,15.0,16.5,0.5222806196725559,0.7261152073967896,0.20383458772423368,0.20383458772423368,1,1,0,-1
german,lightgbm,76,duration,relative_plus_10,0.1,12.0,13.2,0.232539774434109,0.22374875038640687,-0.008791024047702128,0.008791024047702128,0,0,0,-1
german,lightgbm,77,duration,relative_plus_10,0.1,24.0,26.4,0.7296014495994664,0.7296014495994664,0.0,0.0,1,1,0,-1
german,lightgbm,78,duration,relative_plus_10,0.1,30.0,33.0,0.05233574686089174,0.05233574686089174,0.0,0.0,0,0,0,-1
german,lightgbm,79,duration,relative_plus_10,0.1,45.0,49.5,0.8523601968533747,0.9112412158956805,0.058881019042305804,0.058881019042305804,1,1,0,-1
german,lightgbm,80,duration,relative_plus_10,0.1,60.0,66.0,0.24724091491319555,0.24724091491319555,0.0,0.0,0,0,0,-1
german,lightgbm,81,duration,relative_plus_10,0.1,54.0,59.4,0.052062520477255576,0.052062520477255576,0.0,0.0,0,0,0,-1
german,lightgbm,82,duration,relative_plus_10,0.1,13.0,14.3,0.39190331104024756,0.39190331104024756,0.0,0.0,0,0,0,-1
german,lightgbm,83,duration,relative_plus_10,0.1,21.0,23.1,0.4694418067846172,0.47099953849638126,0.0015577317117640432,0.0015577317117640432,0,0,0,-1
german,lightgbm,84,duration,relative_plus_10,0.1,36.0,39.6,0.1739683108218602,0.09579418159778966,-0.07817412922407055,0.07817412922407055,0,0,0,-1
german,lightgbm,85,duration,relative_plus_10,0.1,12.0,13.2,0.004521489614918298,0.004302234881033164,-0.00021925473388513354,0.00021925473388513354,0,0,0,-1
german,lightgbm,86,duration,relative_plus_10,0.1,7.0,7.7,0.026602380126023603,0.026602380126023603,0.0,0.0,0,0,0,-1
german,lightgbm,87,duration,relative_plus_10,0.1,36.0,39.6,0.6076387501320122,0.5958851535799989,-0.011753596552013246,0.011753596552013246,1,1,0,-1
german,lightgbm,88,duration,relative_plus_10,0.1,24.0,26.4,0.0010791611127486252,0.0009803048966340196,-9.885621611460563e-05,9.885621611460563e-05,0,0,0,-1
german,lightgbm,89,duration,relative_plus_10,0.1,48.0,52.8,0.742624474994036,0.742624474994036,0.0,0.0,1,1,0,-1
german,lightgbm,90,duration,relative_plus_10,0.1,42.0,46.2,0.7861995616942514,0.7861995616942514,0.0,0.0,1,1,0,-1
german,lightgbm,91,duration,relative_plus_10,0.1,24.0,26.4,0.4725044710209194,0.4725044710209194,0.0,0.0,0,0,0,-1
german,lightgbm,92,duration,relative_plus_10,0.1,15.0,16.5,0.5387828783155257,0.7879344471164308,0.24915156880090505,0.24915156880090505,1,1,0,-1
german,lightgbm,93,duration,relative_plus_10,0.1,18.0,19.8,0.595542444670801,0.595542444670801,0.0,0.0,1,1,0,-1
german,lightgbm,94,duration,relative_plus_10,0.1,6.0,6.6,0.007938278878830486,0.007938278878830486,0.0,0.0,0,0,0,-1
german,lightgbm,95,duration,relative_plus_10,0.1,21.0,23.1,0.05798365229948388,0.04857305243296827,-0.009410599866515608,0.009410599866515608,0,0,0,-1
german,lightgbm,96,duration,relative_plus_10,0.1,24.0,26.4,0.5786519101275599,0.5635029014773496,-0.015149008650210294,0.015149008650210294,1,1,0,-1
german,lightgbm,97,duration,relative_plus_10,0.1,10.0,11.0,0.1637333359008902,0.1637333359008902,0.0,0.0,0,0,0,-1
german,lightgbm,98,duration,relative_plus_10,0.1,24.0,26.4,0.7094753427844519,0.7036953381383623,-0.0057800046460896315,0.0057800046460896315,1,1,0,-1
german,lightgbm,99,duration,relative_plus_10,0.1,12.0,13.2,0.0021652605170008033,0.0020600269032354734,-0.00010523361376532994,0.00010523361376532994,0,0,0,-1
german,lightgbm,0,credit_amount,relative_minus_5,-0.05,3612.0,3792.6,0.3906285256737892,0.45802619219187496,0.06739766651808576,0.06739766651808576,0,0,0,-1
german,lightgbm,1,credit_amount,relative_minus_5,-0.05,6260.0,6573.0,0.239865701726269,0.5697723377573971,0.32990663603112813,0.32990663603112813,0,1,1,-1
german,lightgbm,2,credit_amount,relative_minus_5,-0.05,1322.0,1388.1,0.061421238781333064,0.01777516411786731,-0.043646074663465755,0.043646074663465755,0,0,0,-1
german,lightgbm,3,credit_amount,relative_minus_5,-0.05,2299.0,2413.95,0.06199636354725938,0.08576775499394913,0.02377139144668975,0.02377139144668975,0,0,0,-1
german,lightgbm,4,credit_amount,relative_minus_5,-0.05,1544.0,1621.2,0.000778019771551934,0.00048164578705756615,-0.00029637398449436787,0.00029637398449436787,0,0,0,-1
german,lightgbm,5,credit_amount,relative_minus_5,-0.05,3448.0,3620.4,0.0127552116532506,0.007207831743287408,-0.005547379909963192,0.005547379909963192,0,0,0,-1
german,lightgbm,6,credit_amount,relative_minus_5,-0.05,5954.0,6251.7,0.0015875374622949037,0.0015875374622949037,0.0,0.0,0,0,0,-1
german,lightgbm,7,credit_amount,relative_minus_5,-0.05,3595.0,3774.75,0.10095917931946011,0.13442199752729625,0.03346281820783614,0.03346281820783614,0,0,0,-1
german,lightgbm,8,credit_amount,relative_minus_5,-0.05,2292.0,2406.6,0.019686942909276986,0.02374860961632641,0.0040616667070494245,0.0040616667070494245,0,0,0,-1
german,lightgbm,9,credit_amount,relative_minus_5,-0.05,3234.0,3395.7,0.8815646011543224,0.9046247283517873,0.023060127197464864,0.023060127197464864,1,1,0,-1
german,lightgbm,10,credit_amount,relative_minus_5,-0.05,1795.0,1884.75,0.6231673856151776,0.6351608695381019,0.01199348392292432,0.01199348392292432,1,1,0,-1
german,lightgbm,11,credit_amount,relative_minus_5,-0.05,683.0,717.15,0.5819234725438788,0.5819234725438788,0.0,0.0,1,1,0,-1
german,lightgbm,12,credit_amount,relative_minus_5,-0.05,1412.0,1482.6,0.016381379372910523,0.016381379372910523,0.0,0.0,0,0,0,-1
german,lightgbm,13,credit_amount,relative_minus_5,-0.05,1768.0,1856.4,0.15698660361202765,0.25642655127019315,0.0994399476581655,0.0994399476581655,0,0,0,-1
german,lightgbm,14,credit_amount,relative_minus_5,-0.05,2647.0,2779.35,0.06001081215992454,0.055091907282930536,-0.004918904876994007,0.004918904876994007,0,0,0,-1
german,lightgbm,15,credit_amount,relative_minus_5,-0.05,3959.0,4156.95,0.34466443332437136,0.7784663013870691,0.4338018680626977,0.4338018680626977,0,1,1,-1
german,lightgbm,16,credit_amount,relative_minus_5,-0.05,522.0,548.1,0.0013520297228720205,0.0013520297228720205,0.0,0.0,0,0,0,-1
german,lightgbm,17,credit_amount,relative_minus_5,-0.05,4280.0,4494.0,0.925921763327486,0.8901857459753918,-0.035736017352094196,0.035736017352094196,1,1,0,-1
german,lightgbm,18,credit_amount,relative_minus_5,-0.05,2404.0,2524.2,0.05210815660012766,0.0364690153886208,-0.015639141211506856,0.015639141211506856,0,0,0,-1
german,lightgbm,19,credit_amount,relative_minus_5,-0.05,1131.0,1187.55,0.9431976521725624,0.947650664544981,0.004453012372418685,0.004453012372418685,1,1,0,-1
german,lightgbm,20,credit_amount,relative_minus_5,-0.05,7511.0,7886.55,0.1652310311335665,0.22450703267365849,0.059276001540091994,0.059276001540091994,0,0,0,-1
german,lightgbm,21,credit_amount,relative_minus_5,-0.05,1238.0,1299.9,0.04087693346542949,0.040178071347687375,-0.0006988621177421162,0.0006988621177421162,0,0,0,-1
german,lightgbm,22,credit_amount,relative_minus_5,-0.05,2728.0,2864.4,0.06721612707097044,0.049361831223163684,-0.017854295847806755,0.017854295847806755,0,0,0,-1
german,lightgbm,23,credit_amount,relative_minus_5,-0.05,4297.0,4511.85,0.8427293510043804,0.7536789438939993,-0.08905040711038115,0.08905040711038115,1,1,0,-1
german,lightgbm,24,credit_amount,relative_minus_5,-0.05,5179.0,5437.95,0.7997434553378628,0.554478446146606,-0.24526500919125682,0.24526500919125682,1,1,0,-1
german,lightgbm,25,credit_amount,relative_minus_5,-0.05,745.0,782.25,0.4667371539312502,0.4026016402991158,-0.06413551363213438,0.06413551363213438,0,0,0,-1
german,lightgbm,26,credit_amount,relative_minus_5,-0.05,6187.0,6496.35,0.2090941121178558,0.2931374022336883,0.08404329011583248,0.08404329011583248,0,0,0,-1
german,lightgbm,27,credit_amount,relative_minus_5,-0.05,1330.0,1396.5,0.45947633223517137,0.3541852428560591,-0.10529108937911225,0.10529108937911225,0,0,0,-1
german,lightgbm,28,credit_amount,relative_minus_5,-0.05,1554.0,1631.7,0.003740671773448724,0.0031113308648763214,-0.0006293409085724026,0.0006293409085724026,0,0,0,-1
german,lightgbm,29,credit_amount,relative_minus_5,-0.05,14555.0,15282.75,0.44175540704147304,0.44175540704147304,0.0,0.0,0,0,0,-1
german,lightgbm,30,credit_amount,relative_minus_5,-0.05,1845.0,1937.25,0.36163582701893,0.4648259270685693,0.1031901000496393,0.1031901000496393,0,0,0,-1
german,lightgbm,31,credit_amount,relative_minus_5,-0.05,1670.0,1753.5,0.34959479263019255,0.34959479263019255,0.0,0.0,0,0,0,-1
german,lightgbm,32,credit_amount,relative_minus_5,-0.05,2360.0,2478.0,0.027101650147053884,0.027101650147053884,0.0,0.0,0,0,0,-1
german,lightgbm,33,credit_amount,relative_minus_5,-0.05,1478.0,1551.9,0.0284420531071389,0.052814948373641805,0.024372895266502905,0.024372895266502905,0,0,0,-1
german,lightgbm,34,credit_amount,relative_minus_5,-0.05,1823.0,1914.15,0.7949814871873333,0.8330616852124422,0.03808019802510887,0.03808019802510887,1,1,0,-1
german,lightgbm,35,credit_amount,relative_minus_5,-0.05,2051.0,2153.55,0.5095935653238034,0.5172421268622872,0.007648561538483811,0.007648561538483811,1,1,0,-1
german,lightgbm,36,credit_amount,relative_minus_5,-0.05,2302.0,2417.1,0.7254708576063886,0.7895142720026013,0.06404341439621264,0.06404341439621264,1,1,0,-1
german,lightgbm,37,credit_amount,relative_minus_5,-0.05,1478.0,1551.9,0.1180789524031287,0.2596547371362004,0.1415757847330717,0.1415757847330717,0,0,0,-1
german,lightgbm,38,credit_amount,relative_minus_5,-0.05,8086.0,8490.3,0.4095659707951472,0.4216226453497957,0.012056674554648483,0.012056674554648483,0,0,0,-1
german,lightgbm,39,credit_amount,relative_minus_5,-0.05,1503.0,1578.15,0.018957526512300097,0.018571409584202777,-0.00038611692809732007,0.00038611692809732007,0,0,0,-1
german,lightgbm,40,credit_amount,relative_minus_5,-0.05,6314.0,6629.7,0.5387102777430276,0.8221645301237136,0.283454252380686,0.283454252380686,1,1,0,-1
german,lightgbm,41,credit_amount,relative_minus_5,-0.05,1113.0,1168.65,0.2852989110737803,0.2852989110737803,0.0,0.0,0,0,0,-1
german,lightgbm,42,credit_amount,relative_minus_5,-0.05,626.0,657.3,0.8199191131790665,0.8307264409998748,0.010807327820808288,0.010807327820808288,1,1,0,-1
german,lightgbm,43,credit_amount,relative_minus_5,-0.05,1275.0,1338.75,0.9309460410455855,0.9193089446236588,-0.011637096421926785,0.011637096421926785,1,1,0,-1
german,lightgbm,44,credit_amount,relative_minus_5,-0.05,3915.0,4110.75,0.5665947846895176,0.6945693665693261,0.12797458187980848,0.12797458187980848,1,1,0,-1
german,lightgbm,45,credit_amount,relative_minus_5,-0.05,1445.0,1517.25,0.2447713790571778,0.3536455829359354,0.1088742038787576,0.1088742038787576,0,0,0,-1
german,lightgbm,46,credit_amount,relative_minus_5,-0.05,3578.0,3756.9,0.010856344450514104,0.014544476779986978,0.0036881323294728745,0.0036881323294728745,0,0,0,-1
german,lightgbm,47,credit_amount,relative_minus_5,-0.05,2146.0,2253.3,0.10565369098051447,0.09317233486312881,-0.012481356117385656,0.012481356117385656,0,0,0,-1
german,lightgbm,48,credit_amount,relative_minus_5,-0.05,7596.0,7975.8,0.0077234696716923824,0.011594114710173721,0.0038706450384813386,0.0038706450384813386,0,0,0,-1
german,lightgbm,49,credit_amount,relative_minus_5,-0.05,1755.0,1842.75,0.37766608391954276,0.5642967465598437,0.18663066264030098,0.18663066264030098,0,1,1,-1
german,lightgbm,50,credit_amount,relative_minus_5,-0.05,3976.0,4174.8,0.10754456996147924,0.14882374255849146,0.04127917259701222,0.04127917259701222,0,0,0,-1
german,lightgbm,51,credit_amount,relative_minus_5,-0.05,2118.0,2223.9,0.20045288792019303,0.19285622730689006,-0.007596660613302969,0.007596660613302969,0,0,0,-1
german,lightgbm,52,credit_amount,relative_minus_5,-0.05,2775.0,2913.75,0.2232390849422753,0.16900010532297413,-0.05423897961930116,0.05423897961930116,0,0,0,-1
german,lightgbm,53,credit_amount,relative_minus_5,-0.05,1505.0,1580.25,0.08263946571053118,0.10835351966231606,0.025714053951784874,0.025714053951784874,0,0,0,-1
german,lightgbm,54,credit_amount,relative_minus_5,-0.05,1108.0,1163.4,0.7751983503992061,0.7751983503992061,0.0,0.0,1,1,0,-1
german,lightgbm,55,credit_amount,relative_minus_5,-0.05,3031.0,3182.55,0.2709041232151986,0.34746668936805364,0.07656256615285506,0.07656256615285506,0,0,0,-1
german,lightgbm,56,credit_amount,relative_minus_5,-0.05,1984.0,2083.2,0.8949846835423396,0.8949846835423396,0.0,0.0,1,1,0,-1
german,lightgbm,57,credit_amount,relative_minus_5,-0.05,2679.0,2812.95,0.19895661481991747,0.19352259502862906,-0.005434019791288408,0.005434019791288408,0,0,0,-1
german,lightgbm,58,credit_amount,relative_minus_5,-0.05,1047.0,1099.35,0.19686220446311817,0.20370678964424135,0.006844585181123186,0.006844585181123186,0,0,0,-1
german,lightgbm,59,credit_amount,relative_minus_5,-0.05,2892.0,3036.6,0.6556463130368732,0.6679558032454692,0.012309490208596063,0.012309490208596063,1,1,0,-1
german,lightgbm,60,credit_amount,relative_minus_5,-0.05,3499.0,3673.95,0.1494642794145739,0.08617042610224462,-0.06329385331232928,0.06329385331232928,0,0,0,-1
german,lightgbm,61,credit_amount,relative_minus_5,-0.05,1800.0,1890.0,0.07395817947549249,0.08237145904004213,0.008413279564549639,0.008413279564549639,0,0,0,-1
german,lightgbm,62,credit_amount,relative_minus_5,-0.05,8133.0,8539.65,0.7910063234667474,0.7910063234667474,0.0,0.0,1,1,0,-1
german,lightgbm,63,credit_amount,relative_minus_5,-0.05,11760.0,12348.0,0.46215650717795514,0.46215650717795514,0.0,0.0,0,0,0,-1
german,lightgbm,64,credit_amount,relative_minus_5,-0.05,976.0,1024.8,0.8565251969688404,0.8475037032998096,-0.009021493669030822,0.009021493669030822,1,1,0,-1
german,lightgbm,65,credit_amount,relative_minus_5,-0.05,3062.0,3215.1,0.17328838568870306,0.242987626729461,0.06969924104075795,0.06969924104075795,0,0,0,-1
german,lightgbm,66,credit_amount,relative_minus_5,-0.05,1597.0,1676.85,0.2073789273550252,0.2073789273550252,0.0,0.0,0,0,0,-1
german,lightgbm,67,credit_amount,relative_minus_5,-0.05,10974.0,11522.7,0.9222025230520857,0.9454327215670935,0.02323019851500774,0.02323019851500774,1,1,0,-1
german,lightgbm,68,credit_amount,relative_minus_5,-0.05,2442.0,2564.1,0.36554189730904146,0.34221484200359314,-0.02332705530544832,0.02332705530544832,0,0,0,-1
german,lightgbm,69,credit_amount,relative_minus_5,-0.05,2631.0,2762.55,0.5551759772046333,0.5659200223274571,0.010744045122823787,0.010744045122823787,1,1,0,-1
german,lightgbm,70,credit_amount,relative_minus_5,-0.05,759.0,796.95,0.8060668534560961,0.7379308207416808,-0.06813603271441526,0.06813603271441526,1,1,0,-1
german,lightgbm,71,credit_amount,relative_minus_5,-0.05,6313.0,6628.65,0.00979720703639709,0.013152677020967797,0.003355469984570706,0.003355469984570706,0,0,0,-1
german,lightgbm,72,credit_amount,relative_minus_5,-0.05,1546.0,1623.3,0.16440951309080398,0.10855199535755204,-0.05585751773325194,0.05585751773325194,0,0,0,-1
german,lightgbm,73,credit_amount,relative_minus_5,-0.05,2859.0,3001.95,0.0701512066146692,0.06764121497541407,-0.002509991639255124,0.002509991639255124,0,0,0,-1
german,lightgbm,74,credit_amount,relative_minus_5,-0.05,1103.0,1158.15,0.20089675448649513,0.20089675448649513,0.0,0.0,0,0,0,-1
german,lightgbm,75,credit_amount,relative_minus_5,-0.05,2511.0,2636.55,0.5222806196725559,0.5458979634606984,0.02361734378814251,0.02361734378814251,1,1,0,-1
german,lightgbm,76,credit_amount,relative_minus_5,-0.05,2748.0,2885.4,0.232539774434109,0.16749793130326868,-0.06504184313084033,0.06504184313084033,0,0,0,-1
german,lightgbm,77,credit_amount,relative_minus_5,-0.05,1199.0,1258.95,0.7296014495994664,0.7490756344147412,0.019474184815274853,0.019474184815274853,1,1,0,-1
german,lightgbm,78,credit_amount,relative_minus_5,-0.05,2831.0,2972.55,0.05233574686089174,0.05233574686089174,0.0,0.0,0,0,0,-1
german,lightgbm,79,credit_amount,relative_minus_5,-0.05,1845.0,1937.25,0.8523601968533747,0.8320311043970197,-0.020329092456355058,0.020329092456355058,1,1,0,-1
german,lightgbm,80,credit_amount,relative_minus_5,-0.05,10144.0,10651.2,0.24724091491319555,0.24724091491319555,0.0,0.0,0,0,0,-1
german,lightgbm,81,credit_amount,relative_minus_5,-0.05,9436.0,9907.8,0.052062520477255576,0.052062520477255576,0.0,0.0,0,0,0,-1
german,lightgbm,82,credit_amount,relative_minus_5,-0.05,2101.0,2206.05,0.39190331104024756,0.40399354917051666,0.012090238130269104,0.012090238130269104,0,0,0,-1
german,lightgbm,83,credit_amount,relative_minus_5,-0.05,1647.0,1729.35,0.4694418067846172,0.4694418067846172,0.0,0.0,0,0,0,-1
german,lightgbm,84,credit_amount,relative_minus_5,-0.05,12389.0,13008.45,0.1739683108218602,0.1739683108218602,0.0,0.0,0,0,0,-1
german,lightgbm,85,credit_amount,relative_minus_5,-0.05,2096.0,2200.8,0.004521489614918298,0.004754414966250536,0.00023292535133223862,0.00023292535133223862,0,0,0,-1
german,lightgbm,86,credit_amount,relative_minus_5,-0.05,2415.0,2535.75,0.026602380126023603,0.025464368957846657,-0.0011380111681769459,0.0011380111681769459,0,0,0,-1
german,lightgbm,87,credit_amount,relative_minus_5,-0.05,3959.0,4156.95,0.6076387501320122,0.8901882812522673,0.28254953112025516,0.28254953112025516,1,1,0,-1
german,lightgbm,88,credit_amount,relative_minus_5,-0.05,5804.0,6094.2,0.0010791611127486252,0.0011940085399667697,0.0001148474272181445,0.0001148474272181445,0,0,0,-1
german,lightgbm,89,credit_amount,relative_minus_5,-0.05,6224.0,6535.2,0.742624474994036,0.9137362315002115,0.1711117565061755,0.1711117565061755,1,1,0,-1
german,lightgbm,90,credit_amount,relative_minus_5,-0.05,4796.0,5035.8,0.7861995616942514,0.7777882714358567,-0.00841129025839471,0.00841129025839471,1,1,0,-1
german,lightgbm,91,credit_amount,relative_minus_5,-0.05,1603.0,1683.15,0.4725044710209194,0.4725044710209194,0.0,0.0,0,0,0,-1
german,lightgbm,92,credit_amount,relative_minus_5,-0.05,1905.0,2000.25,0.5387828783155257,0.5112809222111799,-0.027501956104345804,0.027501956104345804,1,1,0,-1
german,lightgbm,93,credit_amount,relative_minus_5,-0.05,1936.0,2032.8,0.595542444670801,0.5505473134425277,-0.044995131228273255,0.044995131228273255,1,1,0,-1
german,lightgbm,94,credit_amount,relative_minus_5,-0.05,250.0,262.5,0.007938278878830486,0.007938278878830486,0.0,0.0,0,0,0,-1
german,lightgbm,95,credit_amount,relative_minus_5,-0.05,3160.0,3318.0,0.05798365229948388,0.06277467674540715,0.004791024445923275,0.004791024445923275,0,0,0,-1
german,lightgbm,96,credit_amount,relative_minus_5,-0.05,3181.0,3340.05,0.5786519101275599,0.5599057320772647,-0.018746178050295215,0.018746178050295215,1,1,0,-1
german,lightgbm,97,credit_amount,relative_minus_5,-0.05,2241.0,2353.05,0.1637333359008902,0.16813830864840099,0.0044049727475107825,0.0044049727475107825,0,0,0,-1
german,lightgbm,98,credit_amount,relative_minus_5,-0.05,937.0,983.85,0.7094753427844519,0.659595407479566,-0.04987993530488588,0.04987993530488588,1,1,0,-1
german,lightgbm,99,credit_amount,relative_minus_5,-0.05,2012.0,2112.6,0.0021652605170008033,0.0020382086955849344,-0.0001270518214158689,0.0001270518214158689,0,0,0,-1
german,lightgbm,0,credit_amount,relative_plus_5,0.05,3612.0,3792.6,0.3906285256737892,0.45802619219187496,0.06739766651808576,0.06739766651808576,0,0,0,-1
german,lightgbm,1,credit_amount,relative_plus_5,0.05,6260.0,6573.0,0.239865701726269,0.5697723377573971,0.32990663603112813,0.32990663603112813,0,1,1,-1
german,lightgbm,2,credit_amount,relative_plus_5,0.05,1322.0,1388.1,0.061421238781333064,0.01777516411786731,-0.043646074663465755,0.043646074663465755,0,0,0,-1
german,lightgbm,3,credit_amount,relative_plus_5,0.05,2299.0,2413.95,0.06199636354725938,0.08576775499394913,0.02377139144668975,0.02377139144668975,0,0,0,-1
german,lightgbm,4,credit_amount,relative_plus_5,0.05,1544.0,1621.2,0.000778019771551934,0.00048164578705756615,-0.00029637398449436787,0.00029637398449436787,0,0,0,-1
german,lightgbm,5,credit_amount,relative_plus_5,0.05,3448.0,3620.4,0.0127552116532506,0.007207831743287408,-0.005547379909963192,0.005547379909963192,0,0,0,-1
german,lightgbm,6,credit_amount,relative_plus_5,0.05,5954.0,6251.7,0.0015875374622949037,0.0015875374622949037,0.0,0.0,0,0,0,-1
german,lightgbm,7,credit_amount,relative_plus_5,0.05,3595.0,3774.75,0.10095917931946011,0.13442199752729625,0.03346281820783614,0.03346281820783614,0,0,0,-1
german,lightgbm,8,credit_amount,relative_plus_5,0.05,2292.0,2406.6,0.019686942909276986,0.02374860961632641,0.0040616667070494245,0.0040616667070494245,0,0,0,-1
german,lightgbm,9,credit_amount,relative_plus_5,0.05,3234.0,3395.7,0.8815646011543224,0.9046247283517873,0.023060127197464864,0.023060127197464864,1,1,0,-1
german,lightgbm,10,credit_amount,relative_plus_5,0.05,1795.0,1884.75,0.6231673856151776,0.6351608695381019,0.01199348392292432,0.01199348392292432,1,1,0,-1
german,lightgbm,11,credit_amount,relative_plus_5,0.05,683.0,717.15,0.5819234725438788,0.5819234725438788,0.0,0.0,1,1,0,-1
german,lightgbm,12,credit_amount,relative_plus_5,0.05,1412.0,1482.6,0.016381379372910523,0.016381379372910523,0.0,0.0,0,0,0,-1
german,lightgbm,13,credit_amount,relative_plus_5,0.05,1768.0,1856.4,0.15698660361202765,0.25642655127019315,0.0994399476581655,0.0994399476581655,0,0,0,-1
german,lightgbm,14,credit_amount,relative_plus_5,0.05,2647.0,2779.35,0.06001081215992454,0.055091907282930536,-0.004918904876994007,0.004918904876994007,0,0,0,-1
german,lightgbm,15,credit_amount,relative_plus_5,0.05,3959.0,4156.95,0.34466443332437136,0.7784663013870691,0.4338018680626977,0.4338018680626977,0,1,1,-1
german,lightgbm,16,credit_amount,relative_plus_5,0.05,522.0,548.1,0.0013520297228720205,0.0013520297228720205,0.0,0.0,0,0,0,-1
german,lightgbm,17,credit_amount,relative_plus_5,0.05,4280.0,4494.0,0.925921763327486,0.8901857459753918,-0.035736017352094196,0.035736017352094196,1,1,0,-1
german,lightgbm,18,credit_amount,relative_plus_5,0.05,2404.0,2524.2,0.05210815660012766,0.0364690153886208,-0.015639141211506856,0.015639141211506856,0,0,0,-1
german,lightgbm,19,credit_amount,relative_plus_5,0.05,1131.0,1187.55,0.9431976521725624,0.947650664544981,0.004453012372418685,0.004453012372418685,1,1,0,-1
german,lightgbm,20,credit_amount,relative_plus_5,0.05,7511.0,7886.55,0.1652310311335665,0.22450703267365849,0.059276001540091994,0.059276001540091994,0,0,0,-1
german,lightgbm,21,credit_amount,relative_plus_5,0.05,1238.0,1299.9,0.04087693346542949,0.040178071347687375,-0.0006988621177421162,0.0006988621177421162,0,0,0,-1
german,lightgbm,22,credit_amount,relative_plus_5,0.05,2728.0,2864.4,0.06721612707097044,0.049361831223163684,-0.017854295847806755,0.017854295847806755,0,0,0,-1
german,lightgbm,23,credit_amount,relative_plus_5,0.05,4297.0,4511.85,0.8427293510043804,0.7536789438939993,-0.08905040711038115,0.08905040711038115,1,1,0,-1
german,lightgbm,24,credit_amount,relative_plus_5,0.05,5179.0,5437.95,0.7997434553378628,0.554478446146606,-0.24526500919125682,0.24526500919125682,1,1,0,-1
german,lightgbm,25,credit_amount,relative_plus_5,0.05,745.0,782.25,0.4667371539312502,0.4026016402991158,-0.06413551363213438,0.06413551363213438,0,0,0,-1
german,lightgbm,26,credit_amount,relative_plus_5,0.05,6187.0,6496.35,0.2090941121178558,0.2931374022336883,0.08404329011583248,0.08404329011583248,0,0,0,-1
german,lightgbm,27,credit_amount,relative_plus_5,0.05,1330.0,1396.5,0.45947633223517137,0.3541852428560591,-0.10529108937911225,0.10529108937911225,0,0,0,-1
german,lightgbm,28,credit_amount,relative_plus_5,0.05,1554.0,1631.7,0.003740671773448724,0.0031113308648763214,-0.0006293409085724026,0.0006293409085724026,0,0,0,-1
german,lightgbm,29,credit_amount,relative_plus_5,0.05,14555.0,15282.75,0.44175540704147304,0.44175540704147304,0.0,0.0,0,0,0,-1
german,lightgbm,30,credit_amount,relative_plus_5,0.05,1845.0,1937.25,0.36163582701893,0.4648259270685693,0.1031901000496393,0.1031901000496393,0,0,0,-1
german,lightgbm,31,credit_amount,relative_plus_5,0.05,1670.0,1753.5,0.34959479263019255,0.34959479263019255,0.0,0.0,0,0,0,-1
german,lightgbm,32,credit_amount,relative_plus_5,0.05,2360.0,2478.0,0.027101650147053884,0.027101650147053884,0.0,0.0,0,0,0,-1
german,lightgbm,33,credit_amount,relative_plus_5,0.05,1478.0,1551.9,0.0284420531071389,0.052814948373641805,0.024372895266502905,0.024372895266502905,0,0,0,-1
german,lightgbm,34,credit_amount,relative_plus_5,0.05,1823.0,1914.15,0.7949814871873333,0.8330616852124422,0.03808019802510887,0.03808019802510887,1,1,0,-1
german,lightgbm,35,credit_amount,relative_plus_5,0.05,2051.0,2153.55,0.5095935653238034,0.5172421268622872,0.007648561538483811,0.007648561538483811,1,1,0,-1
german,lightgbm,36,credit_amount,relative_plus_5,0.05,2302.0,2417.1,0.7254708576063886,0.7895142720026013,0.06404341439621264,0.06404341439621264,1,1,0,-1
german,lightgbm,37,credit_amount,relative_plus_5,0.05,1478.0,1551.9,0.1180789524031287,0.2596547371362004,0.1415757847330717,0.1415757847330717,0,0,0,-1
german,lightgbm,38,credit_amount,relative_plus_5,0.05,8086.0,8490.3,0.4095659707951472,0.4216226453497957,0.012056674554648483,0.012056674554648483,0,0,0,-1
german,lightgbm,39,credit_amount,relative_plus_5,0.05,1503.0,1578.15,0.018957526512300097,0.018571409584202777,-0.00038611692809732007,0.00038611692809732007,0,0,0,-1
german,lightgbm,40,credit_amount,relative_plus_5,0.05,6314.0,6629.7,0.5387102777430276,0.8221645301237136,0.283454252380686,0.283454252380686,1,1,0,-1
german,lightgbm,41,credit_amount,relative_plus_5,0.05,1113.0,1168.65,0.2852989110737803,0.2852989110737803,0.0,0.0,0,0,0,-1
german,lightgbm,42,credit_amount,relative_plus_5,0.05,626.0,657.3,0.8199191131790665,0.8307264409998748,0.010807327820808288,0.010807327820808288,1,1,0,-1
german,lightgbm,43,credit_amount,relative_plus_5,0.05,1275.0,1338.75,0.9309460410455855,0.9193089446236588,-0.011637096421926785,0.011637096421926785,1,1,0,-1
german,lightgbm,44,credit_amount,relative_plus_5,0.05,3915.0,4110.75,0.5665947846895176,0.6945693665693261,0.12797458187980848,0.12797458187980848,1,1,0,-1
german,lightgbm,45,credit_amount,relative_plus_5,0.05,1445.0,1517.25,0.2447713790571778,0.3536455829359354,0.1088742038787576,0.1088742038787576,0,0,0,-1
german,lightgbm,46,credit_amount,relative_plus_5,0.05,3578.0,3756.9,0.010856344450514104,0.014544476779986978,0.0036881323294728745,0.0036881323294728745,0,0,0,-1
german,lightgbm,47,credit_amount,relative_plus_5,0.05,2146.0,2253.3,0.10565369098051447,0.09317233486312881,-0.012481356117385656,0.012481356117385656,0,0,0,-1
german,lightgbm,48,credit_amount,relative_plus_5,0.05,7596.0,7975.8,0.0077234696716923824,0.011594114710173721,0.0038706450384813386,0.0038706450384813386,0,0,0,-1
german,lightgbm,49,credit_amount,relative_plus_5,0.05,1755.0,1842.75,0.37766608391954276,0.5642967465598437,0.18663066264030098,0.18663066264030098,0,1,1,-1
german,lightgbm,50,credit_amount,relative_plus_5,0.05,3976.0,4174.8,0.10754456996147924,0.14882374255849146,0.04127917259701222,0.04127917259701222,0,0,0,-1
german,lightgbm,51,credit_amount,relative_plus_5,0.05,2118.0,2223.9,0.20045288792019303,0.19285622730689006,-0.007596660613302969,0.007596660613302969,0,0,0,-1
german,lightgbm,52,credit_amount,relative_plus_5,0.05,2775.0,2913.75,0.2232390849422753,0.16900010532297413,-0.05423897961930116,0.05423897961930116,0,0,0,-1
german,lightgbm,53,credit_amount,relative_plus_5,0.05,1505.0,1580.25,0.08263946571053118,0.10835351966231606,0.025714053951784874,0.025714053951784874,0,0,0,-1
german,lightgbm,54,credit_amount,relative_plus_5,0.05,1108.0,1163.4,0.7751983503992061,0.7751983503992061,0.0,0.0,1,1,0,-1
german,lightgbm,55,credit_amount,relative_plus_5,0.05,3031.0,3182.55,0.2709041232151986,0.34746668936805364,0.07656256615285506,0.07656256615285506,0,0,0,-1
german,lightgbm,56,credit_amount,relative_plus_5,0.05,1984.0,2083.2,0.8949846835423396,0.8949846835423396,0.0,0.0,1,1,0,-1
german,lightgbm,57,credit_amount,relative_plus_5,0.05,2679.0,2812.95,0.19895661481991747,0.19352259502862906,-0.005434019791288408,0.005434019791288408,0,0,0,-1
german,lightgbm,58,credit_amount,relative_plus_5,0.05,1047.0,1099.35,0.19686220446311817,0.20370678964424135,0.006844585181123186,0.006844585181123186,0,0,0,-1
german,lightgbm,59,credit_amount,relative_plus_5,0.05,2892.0,3036.6,0.6556463130368732,0.6679558032454692,0.012309490208596063,0.012309490208596063,1,1,0,-1
german,lightgbm,60,credit_amount,relative_plus_5,0.05,3499.0,3673.95,0.1494642794145739,0.08617042610224462,-0.06329385331232928,0.06329385331232928,0,0,0,-1
german,lightgbm,61,credit_amount,relative_plus_5,0.05,1800.0,1890.0,0.07395817947549249,0.08237145904004213,0.008413279564549639,0.008413279564549639,0,0,0,-1
german,lightgbm,62,credit_amount,relative_plus_5,0.05,8133.0,8539.65,0.7910063234667474,0.7910063234667474,0.0,0.0,1,1,0,-1
german,lightgbm,63,credit_amount,relative_plus_5,0.05,11760.0,12348.0,0.46215650717795514,0.46215650717795514,0.0,0.0,0,0,0,-1
german,lightgbm,64,credit_amount,relative_plus_5,0.05,976.0,1024.8,0.8565251969688404,0.8475037032998096,-0.009021493669030822,0.009021493669030822,1,1,0,-1
german,lightgbm,65,credit_amount,relative_plus_5,0.05,3062.0,3215.1,0.17328838568870306,0.242987626729461,0.06969924104075795,0.06969924104075795,0,0,0,-1
german,lightgbm,66,credit_amount,relative_plus_5,0.05,1597.0,1676.85,0.2073789273550252,0.2073789273550252,0.0,0.0,0,0,0,-1
german,lightgbm,67,credit_amount,relative_plus_5,0.05,10974.0,11522.7,0.9222025230520857,0.9454327215670935,0.02323019851500774,0.02323019851500774,1,1,0,-1
german,lightgbm,68,credit_amount,relative_plus_5,0.05,2442.0,2564.1,0.36554189730904146,0.34221484200359314,-0.02332705530544832,0.02332705530544832,0,0,0,-1
german,lightgbm,69,credit_amount,relative_plus_5,0.05,2631.0,2762.55,0.5551759772046333,0.5659200223274571,0.010744045122823787,0.010744045122823787,1,1,0,-1
german,lightgbm,70,credit_amount,relative_plus_5,0.05,759.0,796.95,0.8060668534560961,0.7379308207416808,-0.06813603271441526,0.06813603271441526,1,1,0,-1
german,lightgbm,71,credit_amount,relative_plus_5,0.05,6313.0,6628.65,0.00979720703639709,0.013152677020967797,0.003355469984570706,0.003355469984570706,0,0,0,-1
german,lightgbm,72,credit_amount,relative_plus_5,0.05,1546.0,1623.3,0.16440951309080398,0.10855199535755204,-0.05585751773325194,0.05585751773325194,0,0,0,-1
german,lightgbm,73,credit_amount,relative_plus_5,0.05,2859.0,3001.95,0.0701512066146692,0.06764121497541407,-0.002509991639255124,0.002509991639255124,0,0,0,-1
german,lightgbm,74,credit_amount,relative_plus_5,0.05,1103.0,1158.15,0.20089675448649513,0.20089675448649513,0.0,0.0,0,0,0,-1
german,lightgbm,75,credit_amount,relative_plus_5,0.05,2511.0,2636.55,0.5222806196725559,0.5458979634606984,0.02361734378814251,0.02361734378814251,1,1,0,-1
german,lightgbm,76,credit_amount,relative_plus_5,0.05,2748.0,2885.4,0.232539774434109,0.16749793130326868,-0.06504184313084033,0.06504184313084033,0,0,0,-1
german,lightgbm,77,credit_amount,relative_plus_5,0.05,1199.0,1258.95,0.7296014495994664,0.7490756344147412,0.019474184815274853,0.019474184815274853,1,1,0,-1
german,lightgbm,78,credit_amount,relative_plus_5,0.05,2831.0,2972.55,0.05233574686089174,0.05233574686089174,0.0,0.0,0,0,0,-1
german,lightgbm,79,credit_amount,relative_plus_5,0.05,1845.0,1937.25,0.8523601968533747,0.8320311043970197,-0.020329092456355058,0.020329092456355058,1,1,0,-1
german,lightgbm,80,credit_amount,relative_plus_5,0.05,10144.0,10651.2,0.24724091491319555,0.24724091491319555,0.0,0.0,0,0,0,-1
german,lightgbm,81,credit_amount,relative_plus_5,0.05,9436.0,9907.8,0.052062520477255576,0.052062520477255576,0.0,0.0,0,0,0,-1
german,lightgbm,82,credit_amount,relative_plus_5,0.05,2101.0,2206.05,0.39190331104024756,0.40399354917051666,0.012090238130269104,0.012090238130269104,0,0,0,-1
german,lightgbm,83,credit_amount,relative_plus_5,0.05,1647.0,1729.35,0.4694418067846172,0.4694418067846172,0.0,0.0,0,0,0,-1
german,lightgbm,84,credit_amount,relative_plus_5,0.05,12389.0,13008.45,0.1739683108218602,0.1739683108218602,0.0,0.0,0,0,0,-1
german,lightgbm,85,credit_amount,relative_plus_5,0.05,2096.0,2200.8,0.004521489614918298,0.004754414966250536,0.00023292535133223862,0.00023292535133223862,0,0,0,-1
german,lightgbm,86,credit_amount,relative_plus_5,0.05,2415.0,2535.75,0.026602380126023603,0.025464368957846657,-0.0011380111681769459,0.0011380111681769459,0,0,0,-1
german,lightgbm,87,credit_amount,relative_plus_5,0.05,3959.0,4156.95,0.6076387501320122,0.8901882812522673,0.28254953112025516,0.28254953112025516,1,1,0,-1
german,lightgbm,88,credit_amount,relative_plus_5,0.05,5804.0,6094.2,0.0010791611127486252,0.0011940085399667697,0.0001148474272181445,0.0001148474272181445,0,0,0,-1
german,lightgbm,89,credit_amount,relative_plus_5,0.05,6224.0,6535.2,0.742624474994036,0.9137362315002115,0.1711117565061755,0.1711117565061755,1,1,0,-1
german,lightgbm,90,credit_amount,relative_plus_5,0.05,4796.0,5035.8,0.7861995616942514,0.7777882714358567,-0.00841129025839471,0.00841129025839471,1,1,0,-1
german,lightgbm,91,credit_amount,relative_plus_5,0.05,1603.0,1683.15,0.4725044710209194,0.4725044710209194,0.0,0.0,0,0,0,-1
german,lightgbm,92,credit_amount,relative_plus_5,0.05,1905.0,2000.25,0.5387828783155257,0.5112809222111799,-0.027501956104345804,0.027501956104345804,1,1,0,-1
german,lightgbm,93,credit_amount,relative_plus_5,0.05,1936.0,2032.8,0.595542444670801,0.5505473134425277,-0.044995131228273255,0.044995131228273255,1,1,0,-1
german,lightgbm,94,credit_amount,relative_plus_5,0.05,250.0,262.5,0.007938278878830486,0.007938278878830486,0.0,0.0,0,0,0,-1
german,lightgbm,95,credit_amount,relative_plus_5,0.05,3160.0,3318.0,0.05798365229948388,0.06277467674540715,0.004791024445923275,0.004791024445923275,0,0,0,-1
german,lightgbm,96,credit_amount,relative_plus_5,0.05,3181.0,3340.05,0.5786519101275599,0.5599057320772647,-0.018746178050295215,0.018746178050295215,1,1,0,-1
german,lightgbm,97,credit_amount,relative_plus_5,0.05,2241.0,2353.05,0.1637333359008902,0.16813830864840099,0.0044049727475107825,0.0044049727475107825,0,0,0,-1
german,lightgbm,98,credit_amount,relative_plus_5,0.05,937.0,983.85,0.7094753427844519,0.659595407479566,-0.04987993530488588,0.04987993530488588,1,1,0,-1
german,lightgbm,99,credit_amount,relative_plus_5,0.05,2012.0,2112.6,0.0021652605170008033,0.0020382086955849344,-0.0001270518214158689,0.0001270518214158689,0,0,0,-1
german,lightgbm,0,credit_amount,relative_minus_10,-0.1,3612.0,3973.2,0.3906285256737892,0.5761842664076676,0.18555574073387843,0.18555574073387843,0,1,1,-1
german,lightgbm,1,credit_amount,relative_minus_10,-0.1,6260.0,6886.0,0.239865701726269,0.5931118349381072,0.3532461332118382,0.3532461332118382,0,1,1,-1
german,lightgbm,2,credit_amount,relative_minus_10,-0.1,1322.0,1454.2,0.061421238781333064,0.01777516411786731,-0.043646074663465755,0.043646074663465755,0,0,0,-1
german,lightgbm,3,credit_amount,relative_minus_10,-0.1,2299.0,2528.9,0.06199636354725938,0.06621486345274323,0.004218499905483848,0.004218499905483848,0,0,0,-1
german,lightgbm,4,credit_amount,relative_minus_10,-0.1,1544.0,1698.4,0.000778019771551934,0.00048164578705756615,-0.00029637398449436787,0.00029637398449436787,0,0,0,-1
german,lightgbm,5,credit_amount,relative_minus_10,-0.1,3448.0,3792.8,0.0127552116532506,0.009219959800200671,-0.003535251853049929,0.003535251853049929,0,0,0,-1
german,lightgbm,6,credit_amount,relative_minus_10,-0.1,5954.0,6549.4,0.0015875374622949037,0.00602922794797119,0.004441690485676286,0.004441690485676286,0,0,0,-1
german,lightgbm,7,credit_amount,relative_minus_10,-0.1,3595.0,3954.5,0.10095917931946011,0.2024283005326974,0.10146912121323728,0.10146912121323728,0,0,0,-1
german,lightgbm,8,credit_amount,relative_minus_10,-0.1,2292.0,2521.2,0.019686942909276986,0.02152227607714478,0.001835333167867794,0.001835333167867794,0,0,0,-1
german,lightgbm,9,credit_amount,relative_minus_10,-0.1,3234.0,3557.4,0.8815646011543224,0.7032144643176889,-0.1783501368366336,0.1783501368366336,1,1,0,-1
german,lightgbm,10,credit_amount,relative_minus_10,-0.1,1795.0,1974.5,0.6231673856151776,0.6867313051979009,0.06356391958272334,0.06356391958272334,1,1,0,-1
german,lightgbm,11,credit_amount,relative_minus_10,-0.1,683.0,751.3,0.5819234725438788,0.5819234725438788,0.0,0.0,1,1,0,-1
german,lightgbm,12,credit_amount,relative_minus_10,-0.1,1412.0,1553.2,0.016381379372910523,0.031224710086856615,0.014843330713946092,0.014843330713946092,0,0,0,-1
german,lightgbm,13,credit_amount,relative_minus_10,-0.1,1768.0,1944.8,0.15698660361202765,0.29572888552085724,0.1387422819088296,0.1387422819088296,0,0,0,-1
german,lightgbm,14,credit_amount,relative_minus_10,-0.1,2647.0,2911.7,0.06001081215992454,0.05341620953597925,-0.006594602623945289,0.006594602623945289,0,0,0,-1
german,lightgbm,15,credit_amount,relative_minus_10,-0.1,3959.0,4354.9,0.34466443332437136,0.7624203217694105,0.4177558884450392,0.4177558884450392,0,1,1,-1
german,lightgbm,16,credit_amount,relative_minus_10,-0.1,522.0,574.2,0.0013520297228720205,0.0013520297228720205,0.0,0.0,0,0,0,-1
german,lightgbm,17,credit_amount,relative_minus_10,-0.1,4280.0,4708.0,0.925921763327486,0.899068407414685,-0.026853355912801025,0.026853355912801025,1,1,0,-1
german,lightgbm,18,credit_amount,relative_minus_10,-0.1,2404.0,2644.4,0.05210815660012766,0.037233407580602576,-0.014874749019525083,0.014874749019525083,0,0,0,-1
german,lightgbm,19,credit_amount,relative_minus_10,-0.1,1131.0,1244.1,0.9431976521725624,0.9520573095571323,0.008859657384569952,0.008859657384569952,1,1,0,-1
german,lightgbm,20,credit_amount,relative_minus_10,-0.1,7511.0,8262.1,0.1652310311335665,0.30332674055694814,0.13809570942338165,0.13809570942338165,0,0,0,-1
german,lightgbm,21,credit_amount,relative_minus_10,-0.1,1238.0,1361.8,0.04087693346542949,0.039237371665310446,-0.0016395618001190451,0.0016395618001190451,0,0,0,-1
german,lightgbm,22,credit_amount,relative_minus_10,-0.1,2728.0,3000.8,0.06721612707097044,0.047557633916264,-0.01965849315470644,0.01965849315470644,0,0,0,-1
german,lightgbm,23,credit_amount,relative_minus_10,-0.1,4297.0,4726.7,0.8427293510043804,0.7707599052090961,-0.0719694457952843,0.0719694457952843,1,1,0,-1
german,lightgbm,24,credit_amount,relative_minus_10,-0.1,5179.0,5696.9,0.7997434553378628,0.554478446146606,-0.24526500919125682,0.24526500919125682,1,1,0,-1
german,lightgbm,25,credit_amount,relative_minus_10,-0.1,745.0,819.5,0.4667371539312502,0.37504972222037547,-0.09168743171087473,0.09168743171087473,0,0,0,-1
german,lightgbm,26,credit_amount,relative_minus_10,-0.1,6187.0,6805.7,0.2090941121178558,0.30630857126133276,0.09721445914347696,0.09721445914347696,0,0,0,-1
german,lightgbm,27,credit_amount,relative_minus_10,-0.1,1330.0,1463.0,0.45947633223517137,0.34104711680723876,-0.11842921542793261,0.11842921542793261,0,0,0,-1
german,lightgbm,28,credit_amount,relative_minus_10,-0.1,1554.0,1709.4,0.003740671773448724,0.003124210167852971,-0.0006164616055957528,0.0006164616055957528,0,0,0,-1
german,lightgbm,29,credit_amount,relative_minus_10,-0.1,14555.0,16010.5,0.44175540704147304,0.44175540704147304,0.0,0.0,0,0,0,-1
german,lightgbm,30,credit_amount,relative_minus_10,-0.1,1845.0,2029.5,0.36163582701893,0.4375179507744287,0.07588212375549869,0.07588212375549869,0,0,0,-1
german,lightgbm,31,credit_amount,relative_minus_10,-0.1,1670.0,1837.0,0.34959479263019255,0.4896919530861419,0.14009716045594933,0.14009716045594933,0,0,0,-1
german,lightgbm,32,credit_amount,relative_minus_10,-0.1,2360.0,2596.0,0.027101650147053884,0.020648479068224715,-0.0064531710788291695,0.0064531710788291695,0,0,0,-1
german,lightgbm,33,credit_amount,relative_minus_10,-0.1,1478.0,1625.8,0.0284420531071389,0.04283676439933434,0.014394711292195442,0.014394711292195442,0,0,0,-1
german,lightgbm,34,credit_amount,relative_minus_10,-0.1,1823.0,2005.3,0.7949814871873333,0.8171521487026124,0.022170661515279133,0.022170661515279133,1,1,0,-1
german,lightgbm,35,credit_amount,relative_minus_10,-0.1,2051.0,2256.1,0.5095935653238034,0.35116534092002655,-0.15842822440377685,0.15842822440377685,1,0,1,-1
german,lightgbm,36,credit_amount,relative_minus_10,-0.1,2302.0,2532.2,0.7254708576063886,0.7020174346361755,-0.023453422970213134,0.023453422970213134,1,1,0,-1
german,lightgbm,37,credit_amount,relative_minus_10,-0.1,1478.0,1625.8,0.1180789524031287,0.1988307736281449,0.08075182122501622,0.08075182122501622,0,0,0,-1
german,lightgbm,38,credit_amount,relative_minus_10,-0.1,8086.0,8894.6,0.4095659707951472,0.44866303124365076,0.03909706044850353,0.03909706044850353,0,0,0,-1
german,lightgbm,39,credit_amount,relative_minus_10,-0.1,1503.0,1653.3,0.018957526512300097,0.018571409584202777,-0.00038611692809732007,0.00038611692809732007,0,0,0,-1
german,lightgbm,40,credit_amount,relative_minus_10,-0.1,6314.0,6945.4,0.5387102777430276,0.8311560085518794,0.29244573080885183,0.29244573080885183,1,1,0,-1
german,lightgbm,41,credit_amount,relative_minus_10,-0.1,1113.0,1224.3,0.2852989110737803,0.4414750756799197,0.15617616460613942,0.15617616460613942,0,0,0,-1
german,lightgbm,42,credit_amount,relative_minus_10,-0.1,626.0,688.6,0.8199191131790665,0.8390510637375193,0.019131950558452737,0.019131950558452737,1,1,0,-1
german,lightgbm,43,credit_amount,relative_minus_10,-0.1,1275.0,1402.5,0.9309460410455855,0.49179790388225963,-0.4391481371633259,0.4391481371633259,1,0,1,-1
german,lightgbm,44,credit_amount,relative_minus_10,-0.1,3915.0,4306.5,0.5665947846895176,0.6945693665693261,0.12797458187980848,0.12797458187980848,1,1,0,-1
german,lightgbm,45,credit_amount,relative_minus_10,-0.1,1445.0,1589.5,0.2447713790571778,0.20315908507332797,-0.04161229398384983,0.04161229398384983,0,0,0,-1
german,lightgbm,46,credit_amount,relative_minus_10,-0.1,3578.0,3935.8,0.010856344450514104,0.0213869990516315,0.010530654601117398,0.010530654601117398,0,0,0,-1
german,lightgbm,47,credit_amount,relative_minus_10,-0.1,2146.0,2360.6,0.10565369098051447,0.11863185851639184,0.012978167535877369,0.012978167535877369,0,0,0,-1
german,lightgbm,48,credit_amount,relative_minus_10,-0.1,7596.0,8355.6,0.0077234696716923824,0.014488862647093415,0.006765392975401033,0.006765392975401033,0,0,0,-1
german,lightgbm,49,credit_amount,relative_minus_10,-0.1,1755.0,1930.5,0.37766608391954276,0.6352541617817205,0.2575880778621777,0.2575880778621777,0,1,1,-1
german,lightgbm,50,credit_amount,relative_minus_10,-0.1,3976.0,4373.6,0.10754456996147924,0.13330531927753553,0.02576074931605629,0.02576074931605629,0,0,0,-1
german,lightgbm,51,credit_amount,relative_minus_10,-0.1,2118.0,2329.8,0.20045288792019303,0.16662766115054997,-0.03382522676964306,0.03382522676964306,0,0,0,-1
german,lightgbm,52,credit_amount,relative_minus_10,-0.1,2775.0,3052.5,0.2232390849422753,0.14862440162934606,-0.07461468331292923,0.07461468331292923,0,0,0,-1
german,lightgbm,53,credit_amount,relative_minus_10,-0.1,1505.0,1655.5,0.08263946571053118,0.10347808489035801,0.020838619179826823,0.020838619179826823,0,0,0,-1
german,lightgbm,54,credit_amount,relative_minus_10,-0.1,1108.0,1218.8,0.7751983503992061,0.8180897610276752,0.04289141062846902,0.04289141062846902,1,1,0,-1
german,lightgbm,55,credit_amount,relative_minus_10,-0.1,3031.0,3334.1,0.2709041232151986,0.36686172362019426,0.09595760040499568,0.09595760040499568,0,0,0,-1
german,lightgbm,56,credit_amount,relative_minus_10,-0.1,1984.0,2182.4,0.8949846835423396,0.8711604334472017,-0.02382425009513789,0.02382425009513789,1,1,0,-1
german,lightgbm,57,credit_amount,relative_minus_10,-0.1,2679.0,2946.9,0.19895661481991747,0.18082499604064384,-0.018131618779273634,0.018131618779273634,0,0,0,-1
german,lightgbm,58,credit_amount,relative_minus_10,-0.1,1047.0,1151.7,0.19686220446311817,0.1804222076407154,-0.01643999682240277,0.01643999682240277,0,0,0,-1
german,lightgbm,59,credit_amount,relative_minus_10,-0.1,2892.0,3181.2,0.6556463130368732,0.7355716380148946,0.0799253249780214,0.0799253249780214,1,1,0,-1
german,lightgbm,60,credit_amount,relative_minus_10,-0.1,3499.0,3848.9,0.1494642794145739,0.09845719473334097,-0.05100708468123294,0.05100708468123294,0,0,0,-1
german,lightgbm,61,credit_amount,relative_minus_10,-0.1,1800.0,1980.0,0.07395817947549249,0.06807641962204265,-0.005881759853449839,0.005881759853449839,0,0,0,-1
german,lightgbm,62,credit_amount,relative_minus_10,-0.1,8133.0,8946.3,0.7910063234667474,0.8028991935030219,0.011892870036274483,0.011892870036274483,1,1,0,-1
german,lightgbm,63,credit_amount,relative_minus_10,-0.1,11760.0,12936.0,0.46215650717795514,0.46215650717795514,0.0,0.0,0,0,0,-1
german,lightgbm,64,credit_amount,relative_minus_10,-0.1,976.0,1073.6,0.8565251969688404,0.8475037032998096,-0.009021493669030822,0.009021493669030822,1,1,0,-1
german,lightgbm,65,credit_amount,relative_minus_10,-0.1,3062.0,3368.2,0.17328838568870306,0.35842967209048926,0.1851412864017862,0.1851412864017862,0,0,0,-1
german,lightgbm,66,credit_amount,relative_minus_10,-0.1,1597.0,1756.7,0.2073789273550252,0.2073789273550252,0.0,0.0,0,0,0,-1
german,lightgbm,67,credit_amount,relative_minus_10,-0.1,10974.0,12071.4,0.9222025230520857,0.9560905288921464,0.033888005840060687,0.033888005840060687,1,1,0,-1
german,lightgbm,68,credit_amount,relative_minus_10,-0.1,2442.0,2686.2,0.36554189730904146,0.36483662170364856,-0.0007052756053929077,0.0007052756053929077,0,0,0,-1
german,lightgbm,69,credit_amount,relative_minus_10,-0.1,2631.0,2894.1,0.5551759772046333,0.5439842463591482,-0.011191730845485082,0.011191730845485082,1,1,0,-1
german,lightgbm,70,credit_amount,relative_minus_10,-0.1,759.0,834.9,0.8060668534560961,0.7379308207416808,-0.06813603271441526,0.06813603271441526,1,1,0,-1
german,lightgbm,71,credit_amount,relative_minus_10,-0.1,6313.0,6944.3,0.00979720703639709,0.014001398879989658,0.004204191843592567,0.004204191843592567,0,0,0,-1
german,lightgbm,72,credit_amount,relative_minus_10,-0.1,1546.0,1700.6,0.16440951309080398,0.10855199535755204,-0.05585751773325194,0.05585751773325194,0,0,0,-1
german,lightgbm,73,credit_amount,relative_minus_10,-0.1,2859.0,3144.9,0.0701512066146692,0.09496184563687372,0.024810639022204525,0.024810639022204525,0,0,0,-1
german,lightgbm,74,credit_amount,relative_minus_10,-0.1,1103.0,1213.3,0.20089675448649513,0.2177323357058856,0.016835581219390466,0.016835581219390466,0,0,0,-1
german,lightgbm,75,credit_amount,relative_minus_10,-0.1,2511.0,2762.1,0.5222806196725559,0.5481397071767555,0.02585908750419963,0.02585908750419963,1,1,0,-1
german,lightgbm,76,credit_amount,relative_minus_10,-0.1,2748.0,3022.8,0.232539774434109,0.1697226430900693,-0.06281713134403971,0.06281713134403971,0,0,0,-1
german,lightgbm,77,credit_amount,relative_minus_10,-0.1,1199.0,1318.9,0.7296014495994664,0.6902722689033217,-0.03932918069614466,0.03932918069614466,1,1,0,-1
german,lightgbm,78,credit_amount,relative_minus_10,-0.1,2831.0,3114.1,0.05233574686089174,0.07337231509407759,0.021036568233185844,0.021036568233185844,0,0,0,-1
german,lightgbm,79,credit_amount,relative_minus_10,-0.1,1845.0,2029.5,0.8523601968533747,0.8320311043970197,-0.020329092456355058,0.020329092456355058,1,1,0,-1
german,lightgbm,80,credit_amount,relative_minus_10,-0.1,10144.0,11158.4,0.24724091491319555,0.3241954679516673,0.07695455303847176,0.07695455303847176,0,0,0,-1
german,lightgbm,81,credit_amount,relative_minus_10,-0.1,9436.0,10379.6,0.052062520477255576,0.052062520477255576,0.0,0.0,0,0,0,-1
german,lightgbm,82,credit_amount,relative_minus_10,-0.1,2101.0,2311.1,0.39190331104024756,0.34370338075316204,-0.048199930287085524,0.048199930287085524,0,0,0,-1
german,lightgbm,83,credit_amount,relative_minus_10,-0.1,1647.0,1811.7,0.4694418067846172,0.6289188276480231,0.15947702086340587,0.15947702086340587,0,1,1,-1
german,lightgbm,84,credit_amount,relative_minus_10,-0.1,12389.0,13627.9,0.1739683108218602,0.1739683108218602,0.0,0.0,0,0,0,-1
german,lightgbm,85,credit_amount,relative_minus_10,-0.1,2096.0,2305.6,0.004521489614918298,0.003981616520283542,-0.0005398730946347555,0.0005398730946347555,0,0,0,-1
german,lightgbm,86,credit_amount,relative_minus_10,-0.1,2415.0,2656.5,0.026602380126023603,0.027064051294357957,0.0004616711683343537,0.0004616711683343537,0,0,0,-1
german,lightgbm,87,credit_amount,relative_minus_10,-0.1,3959.0,4354.9,0.6076387501320122,0.8809974390586853,0.27335868892667314,0.27335868892667314,1,1,0,-1
german,lightgbm,88,credit_amount,relative_minus_10,-0.1,5804.0,6384.4,0.0010791611127486252,0.0016199963962512283,0.000540835283502603,0.000540835283502603,0,0,0,-1
german,lightgbm,89,credit_amount,relative_minus_10,-0.1,6224.0,6846.4,0.742624474994036,0.9210030796292382,0.17837860463520216,0.17837860463520216,1,1,0,-1
german,lightgbm,90,credit_amount,relative_minus_10,-0.1,4796.0,5275.6,0.7861995616942514,0.7273544263916799,-0.058845135302571516,0.058845135302571516,1,1,0,-1
german,lightgbm,91,credit_amount,relative_minus_10,-0.1,1603.0,1763.3,0.4725044710209194,0.4725044710209194,0.0,0.0,0,0,0,-1
german,lightgbm,92,credit_amount,relative_minus_10,-0.1,1905.0,2095.5,0.5387828783155257,0.5100145787121315,-0.02876829960339422,0.02876829960339422,1,1,0,-1
german,lightgbm,93,credit_amount,relative_minus_10,-0.1,1936.0,2129.6,0.595542444670801,0.5505473134425277,-0.044995131228273255,0.044995131228273255,1,1,0,-1
german,lightgbm,94,credit_amount,relative_minus_10,-0.1,250.0,275.0,0.007938278878830486,0.007938278878830486,0.0,0.0,0,0,0,-1
german,lightgbm,95,credit_amount,relative_minus_10,-0.1,3160.0,3476.0,0.05798365229948388,0.06655123497010518,0.008567582670621299,0.008567582670621299,0,0,0,-1
german,lightgbm,96,credit_amount,relative_minus_10,-0.1,3181.0,3499.1,0.5786519101275599,0.2697622007911775,-0.3088897093363824,0.3088897093363824,1,0,1,-1
german,lightgbm,97,credit_amount,relative_minus_10,-0.1,2241.0,2465.1,0.1637333359008902,0.16813830864840099,0.0044049727475107825,0.0044049727475107825,0,0,0,-1
german,lightgbm,98,credit_amount,relative_minus_10,-0.1,937.0,1030.7,0.7094753427844519,0.6433473249235482,-0.06612801786090372,0.06612801786090372,1,1,0,-1
german,lightgbm,99,credit_amount,relative_minus_10,-0.1,2012.0,2213.2,0.0021652605170008033,0.0021434828374641713,-2.1777679536631993e-05,2.1777679536631993e-05,0,0,0,-1
german,lightgbm,0,credit_amount,relative_plus_10,0.1,3612.0,3973.2,0.3906285256737892,0.5761842664076676,0.18555574073387843,0.18555574073387843,0,1,1,-1
german,lightgbm,1,credit_amount,relative_plus_10,0.1,6260.0,6886.0,0.239865701726269,0.5931118349381072,0.3532461332118382,0.3532461332118382,0,1,1,-1
german,lightgbm,2,credit_amount,relative_plus_10,0.1,1322.0,1454.2,0.061421238781333064,0.01777516411786731,-0.043646074663465755,0.043646074663465755,0,0,0,-1
german,lightgbm,3,credit_amount,relative_plus_10,0.1,2299.0,2528.9,0.06199636354725938,0.06621486345274323,0.004218499905483848,0.004218499905483848,0,0,0,-1
german,lightgbm,4,credit_amount,relative_plus_10,0.1,1544.0,1698.4,0.000778019771551934,0.00048164578705756615,-0.00029637398449436787,0.00029637398449436787,0,0,0,-1
german,lightgbm,5,credit_amount,relative_plus_10,0.1,3448.0,3792.8,0.0127552116532506,0.009219959800200671,-0.003535251853049929,0.003535251853049929,0,0,0,-1
german,lightgbm,6,credit_amount,relative_plus_10,0.1,5954.0,6549.4,0.0015875374622949037,0.00602922794797119,0.004441690485676286,0.004441690485676286,0,0,0,-1
german,lightgbm,7,credit_amount,relative_plus_10,0.1,3595.0,3954.5,0.10095917931946011,0.2024283005326974,0.10146912121323728,0.10146912121323728,0,0,0,-1
german,lightgbm,8,credit_amount,relative_plus_10,0.1,2292.0,2521.2,0.019686942909276986,0.02152227607714478,0.001835333167867794,0.001835333167867794,0,0,0,-1
german,lightgbm,9,credit_amount,relative_plus_10,0.1,3234.0,3557.4,0.8815646011543224,0.7032144643176889,-0.1783501368366336,0.1783501368366336,1,1,0,-1
german,lightgbm,10,credit_amount,relative_plus_10,0.1,1795.0,1974.5,0.6231673856151776,0.6867313051979009,0.06356391958272334,0.06356391958272334,1,1,0,-1
german,lightgbm,11,credit_amount,relative_plus_10,0.1,683.0,751.3,0.5819234725438788,0.5819234725438788,0.0,0.0,1,1,0,-1
german,lightgbm,12,credit_amount,relative_plus_10,0.1,1412.0,1553.2,0.016381379372910523,0.031224710086856615,0.014843330713946092,0.014843330713946092,0,0,0,-1
german,lightgbm,13,credit_amount,relative_plus_10,0.1,1768.0,1944.8,0.15698660361202765,0.29572888552085724,0.1387422819088296,0.1387422819088296,0,0,0,-1
german,lightgbm,14,credit_amount,relative_plus_10,0.1,2647.0,2911.7,0.06001081215992454,0.05341620953597925,-0.006594602623945289,0.006594602623945289,0,0,0,-1
german,lightgbm,15,credit_amount,relative_plus_10,0.1,3959.0,4354.9,0.34466443332437136,0.7624203217694105,0.4177558884450392,0.4177558884450392,0,1,1,-1
german,lightgbm,16,credit_amount,relative_plus_10,0.1,522.0,574.2,0.0013520297228720205,0.0013520297228720205,0.0,0.0,0,0,0,-1
german,lightgbm,17,credit_amount,relative_plus_10,0.1,4280.0,4708.0,0.925921763327486,0.899068407414685,-0.026853355912801025,0.026853355912801025,1,1,0,-1
german,lightgbm,18,credit_amount,relative_plus_10,0.1,2404.0,2644.4,0.05210815660012766,0.037233407580602576,-0.014874749019525083,0.014874749019525083,0,0,0,-1
german,lightgbm,19,credit_amount,relative_plus_10,0.1,1131.0,1244.1,0.9431976521725624,0.9520573095571323,0.008859657384569952,0.008859657384569952,1,1,0,-1
german,lightgbm,20,credit_amount,relative_plus_10,0.1,7511.0,8262.1,0.1652310311335665,0.30332674055694814,0.13809570942338165,0.13809570942338165,0,0,0,-1
german,lightgbm,21,credit_amount,relative_plus_10,0.1,1238.0,1361.8,0.04087693346542949,0.039237371665310446,-0.0016395618001190451,0.0016395618001190451,0,0,0,-1
german,lightgbm,22,credit_amount,relative_plus_10,0.1,2728.0,3000.8,0.06721612707097044,0.047557633916264,-0.01965849315470644,0.01965849315470644,0,0,0,-1
german,lightgbm,23,credit_amount,relative_plus_10,0.1,4297.0,4726.7,0.8427293510043804,0.7707599052090961,-0.0719694457952843,0.0719694457952843,1,1,0,-1
german,lightgbm,24,credit_amount,relative_plus_10,0.1,5179.0,5696.9,0.7997434553378628,0.554478446146606,-0.24526500919125682,0.24526500919125682,1,1,0,-1
german,lightgbm,25,credit_amount,relative_plus_10,0.1,745.0,819.5,0.4667371539312502,0.37504972222037547,-0.09168743171087473,0.09168743171087473,0,0,0,-1
german,lightgbm,26,credit_amount,relative_plus_10,0.1,6187.0,6805.7,0.2090941121178558,0.30630857126133276,0.09721445914347696,0.09721445914347696,0,0,0,-1
german,lightgbm,27,credit_amount,relative_plus_10,0.1,1330.0,1463.0,0.45947633223517137,0.34104711680723876,-0.11842921542793261,0.11842921542793261,0,0,0,-1
german,lightgbm,28,credit_amount,relative_plus_10,0.1,1554.0,1709.4,0.003740671773448724,0.003124210167852971,-0.0006164616055957528,0.0006164616055957528,0,0,0,-1
german,lightgbm,29,credit_amount,relative_plus_10,0.1,14555.0,16010.5,0.44175540704147304,0.44175540704147304,0.0,0.0,0,0,0,-1
german,lightgbm,30,credit_amount,relative_plus_10,0.1,1845.0,2029.5,0.36163582701893,0.4375179507744287,0.07588212375549869,0.07588212375549869,0,0,0,-1
german,lightgbm,31,credit_amount,relative_plus_10,0.1,1670.0,1837.0,0.34959479263019255,0.4896919530861419,0.14009716045594933,0.14009716045594933,0,0,0,-1
german,lightgbm,32,credit_amount,relative_plus_10,0.1,2360.0,2596.0,0.027101650147053884,0.020648479068224715,-0.0064531710788291695,0.0064531710788291695,0,0,0,-1
german,lightgbm,33,credit_amount,relative_plus_10,0.1,1478.0,1625.8,0.0284420531071389,0.04283676439933434,0.014394711292195442,0.014394711292195442,0,0,0,-1
german,lightgbm,34,credit_amount,relative_plus_10,0.1,1823.0,2005.3,0.7949814871873333,0.8171521487026124,0.022170661515279133,0.022170661515279133,1,1,0,-1
german,lightgbm,35,credit_amount,relative_plus_10,0.1,2051.0,2256.1,0.5095935653238034,0.35116534092002655,-0.15842822440377685,0.15842822440377685,1,0,1,-1
german,lightgbm,36,credit_amount,relative_plus_10,0.1,2302.0,2532.2,0.7254708576063886,0.7020174346361755,-0.023453422970213134,0.023453422970213134,1,1,0,-1
german,lightgbm,37,credit_amount,relative_plus_10,0.1,1478.0,1625.8,0.1180789524031287,0.1988307736281449,0.08075182122501622,0.08075182122501622,0,0,0,-1
german,lightgbm,38,credit_amount,relative_plus_10,0.1,8086.0,8894.6,0.4095659707951472,0.44866303124365076,0.03909706044850353,0.03909706044850353,0,0,0,-1
german,lightgbm,39,credit_amount,relative_plus_10,0.1,1503.0,1653.3,0.018957526512300097,0.018571409584202777,-0.00038611692809732007,0.00038611692809732007,0,0,0,-1
german,lightgbm,40,credit_amount,relative_plus_10,0.1,6314.0,6945.4,0.5387102777430276,0.8311560085518794,0.29244573080885183,0.29244573080885183,1,1,0,-1
german,lightgbm,41,credit_amount,relative_plus_10,0.1,1113.0,1224.3,0.2852989110737803,0.4414750756799197,0.15617616460613942,0.15617616460613942,0,0,0,-1
german,lightgbm,42,credit_amount,relative_plus_10,0.1,626.0,688.6,0.8199191131790665,0.8390510637375193,0.019131950558452737,0.019131950558452737,1,1,0,-1
german,lightgbm,43,credit_amount,relative_plus_10,0.1,1275.0,1402.5,0.9309460410455855,0.49179790388225963,-0.4391481371633259,0.4391481371633259,1,0,1,-1
german,lightgbm,44,credit_amount,relative_plus_10,0.1,3915.0,4306.5,0.5665947846895176,0.6945693665693261,0.12797458187980848,0.12797458187980848,1,1,0,-1
german,lightgbm,45,credit_amount,relative_plus_10,0.1,1445.0,1589.5,0.2447713790571778,0.20315908507332797,-0.04161229398384983,0.04161229398384983,0,0,0,-1
german,lightgbm,46,credit_amount,relative_plus_10,0.1,3578.0,3935.8,0.010856344450514104,0.0213869990516315,0.010530654601117398,0.010530654601117398,0,0,0,-1
german,lightgbm,47,credit_amount,relative_plus_10,0.1,2146.0,2360.6,0.10565369098051447,0.11863185851639184,0.012978167535877369,0.012978167535877369,0,0,0,-1
german,lightgbm,48,credit_amount,relative_plus_10,0.1,7596.0,8355.6,0.0077234696716923824,0.014488862647093415,0.006765392975401033,0.006765392975401033,0,0,0,-1
german,lightgbm,49,credit_amount,relative_plus_10,0.1,1755.0,1930.5,0.37766608391954276,0.6352541617817205,0.2575880778621777,0.2575880778621777,0,1,1,-1
german,lightgbm,50,credit_amount,relative_plus_10,0.1,3976.0,4373.6,0.10754456996147924,0.13330531927753553,0.02576074931605629,0.02576074931605629,0,0,0,-1
german,lightgbm,51,credit_amount,relative_plus_10,0.1,2118.0,2329.8,0.20045288792019303,0.16662766115054997,-0.03382522676964306,0.03382522676964306,0,0,0,-1
german,lightgbm,52,credit_amount,relative_plus_10,0.1,2775.0,3052.5,0.2232390849422753,0.14862440162934606,-0.07461468331292923,0.07461468331292923,0,0,0,-1
german,lightgbm,53,credit_amount,relative_plus_10,0.1,1505.0,1655.5,0.08263946571053118,0.10347808489035801,0.020838619179826823,0.020838619179826823,0,0,0,-1
german,lightgbm,54,credit_amount,relative_plus_10,0.1,1108.0,1218.8,0.7751983503992061,0.8180897610276752,0.04289141062846902,0.04289141062846902,1,1,0,-1
german,lightgbm,55,credit_amount,relative_plus_10,0.1,3031.0,3334.1,0.2709041232151986,0.36686172362019426,0.09595760040499568,0.09595760040499568,0,0,0,-1
german,lightgbm,56,credit_amount,relative_plus_10,0.1,1984.0,2182.4,0.8949846835423396,0.8711604334472017,-0.02382425009513789,0.02382425009513789,1,1,0,-1
german,lightgbm,57,credit_amount,relative_plus_10,0.1,2679.0,2946.9,0.19895661481991747,0.18082499604064384,-0.018131618779273634,0.018131618779273634,0,0,0,-1
german,lightgbm,58,credit_amount,relative_plus_10,0.1,1047.0,1151.7,0.19686220446311817,0.1804222076407154,-0.01643999682240277,0.01643999682240277,0,0,0,-1
german,lightgbm,59,credit_amount,relative_plus_10,0.1,2892.0,3181.2,0.6556463130368732,0.7355716380148946,0.0799253249780214,0.0799253249780214,1,1,0,-1
german,lightgbm,60,credit_amount,relative_plus_10,0.1,3499.0,3848.9,0.1494642794145739,0.09845719473334097,-0.05100708468123294,0.05100708468123294,0,0,0,-1
german,lightgbm,61,credit_amount,relative_plus_10,0.1,1800.0,1980.0,0.07395817947549249,0.06807641962204265,-0.005881759853449839,0.005881759853449839,0,0,0,-1
german,lightgbm,62,credit_amount,relative_plus_10,0.1,8133.0,8946.3,0.7910063234667474,0.8028991935030219,0.011892870036274483,0.011892870036274483,1,1,0,-1
german,lightgbm,63,credit_amount,relative_plus_10,0.1,11760.0,12936.0,0.46215650717795514,0.46215650717795514,0.0,0.0,0,0,0,-1
german,lightgbm,64,credit_amount,relative_plus_10,0.1,976.0,1073.6,0.8565251969688404,0.8475037032998096,-0.009021493669030822,0.009021493669030822,1,1,0,-1
german,lightgbm,65,credit_amount,relative_plus_10,0.1,3062.0,3368.2,0.17328838568870306,0.35842967209048926,0.1851412864017862,0.1851412864017862,0,0,0,-1
german,lightgbm,66,credit_amount,relative_plus_10,0.1,1597.0,1756.7,0.2073789273550252,0.2073789273550252,0.0,0.0,0,0,0,-1
german,lightgbm,67,credit_amount,relative_plus_10,0.1,10974.0,12071.4,0.9222025230520857,0.9560905288921464,0.033888005840060687,0.033888005840060687,1,1,0,-1
german,lightgbm,68,credit_amount,relative_plus_10,0.1,2442.0,2686.2,0.36554189730904146,0.36483662170364856,-0.0007052756053929077,0.0007052756053929077,0,0,0,-1
german,lightgbm,69,credit_amount,relative_plus_10,0.1,2631.0,2894.1,0.5551759772046333,0.5439842463591482,-0.011191730845485082,0.011191730845485082,1,1,0,-1
german,lightgbm,70,credit_amount,relative_plus_10,0.1,759.0,834.9,0.8060668534560961,0.7379308207416808,-0.06813603271441526,0.06813603271441526,1,1,0,-1
german,lightgbm,71,credit_amount,relative_plus_10,0.1,6313.0,6944.3,0.00979720703639709,0.014001398879989658,0.004204191843592567,0.004204191843592567,0,0,0,-1
german,lightgbm,72,credit_amount,relative_plus_10,0.1,1546.0,1700.6,0.16440951309080398,0.10855199535755204,-0.05585751773325194,0.05585751773325194,0,0,0,-1
german,lightgbm,73,credit_amount,relative_plus_10,0.1,2859.0,3144.9,0.0701512066146692,0.09496184563687372,0.024810639022204525,0.024810639022204525,0,0,0,-1
german,lightgbm,74,credit_amount,relative_plus_10,0.1,1103.0,1213.3,0.20089675448649513,0.2177323357058856,0.016835581219390466,0.016835581219390466,0,0,0,-1
german,lightgbm,75,credit_amount,relative_plus_10,0.1,2511.0,2762.1,0.5222806196725559,0.5481397071767555,0.02585908750419963,0.02585908750419963,1,1,0,-1
german,lightgbm,76,credit_amount,relative_plus_10,0.1,2748.0,3022.8,0.232539774434109,0.1697226430900693,-0.06281713134403971,0.06281713134403971,0,0,0,-1
german,lightgbm,77,credit_amount,relative_plus_10,0.1,1199.0,1318.9,0.7296014495994664,0.6902722689033217,-0.03932918069614466,0.03932918069614466,1,1,0,-1
german,lightgbm,78,credit_amount,relative_plus_10,0.1,2831.0,3114.1,0.05233574686089174,0.07337231509407759,0.021036568233185844,0.021036568233185844,0,0,0,-1
german,lightgbm,79,credit_amount,relative_plus_10,0.1,1845.0,2029.5,0.8523601968533747,0.8320311043970197,-0.020329092456355058,0.020329092456355058,1,1,0,-1
german,lightgbm,80,credit_amount,relative_plus_10,0.1,10144.0,11158.4,0.24724091491319555,0.3241954679516673,0.07695455303847176,0.07695455303847176,0,0,0,-1
german,lightgbm,81,credit_amount,relative_plus_10,0.1,9436.0,10379.6,0.052062520477255576,0.052062520477255576,0.0,0.0,0,0,0,-1
german,lightgbm,82,credit_amount,relative_plus_10,0.1,2101.0,2311.1,0.39190331104024756,0.34370338075316204,-0.048199930287085524,0.048199930287085524,0,0,0,-1
german,lightgbm,83,credit_amount,relative_plus_10,0.1,1647.0,1811.7,0.4694418067846172,0.6289188276480231,0.15947702086340587,0.15947702086340587,0,1,1,-1
german,lightgbm,84,credit_amount,relative_plus_10,0.1,12389.0,13627.9,0.1739683108218602,0.1739683108218602,0.0,0.0,0,0,0,-1
german,lightgbm,85,credit_amount,relative_plus_10,0.1,2096.0,2305.6,0.004521489614918298,0.003981616520283542,-0.0005398730946347555,0.0005398730946347555,0,0,0,-1
german,lightgbm,86,credit_amount,relative_plus_10,0.1,2415.0,2656.5,0.026602380126023603,0.027064051294357957,0.0004616711683343537,0.0004616711683343537,0,0,0,-1
german,lightgbm,87,credit_amount,relative_plus_10,0.1,3959.0,4354.9,0.6076387501320122,0.8809974390586853,0.27335868892667314,0.27335868892667314,1,1,0,-1
german,lightgbm,88,credit_amount,relative_plus_10,0.1,5804.0,6384.4,0.0010791611127486252,0.0016199963962512283,0.000540835283502603,0.000540835283502603,0,0,0,-1
german,lightgbm,89,credit_amount,relative_plus_10,0.1,6224.0,6846.4,0.742624474994036,0.9210030796292382,0.17837860463520216,0.17837860463520216,1,1,0,-1
german,lightgbm,90,credit_amount,relative_plus_10,0.1,4796.0,5275.6,0.7861995616942514,0.7273544263916799,-0.058845135302571516,0.058845135302571516,1,1,0,-1
german,lightgbm,91,credit_amount,relative_plus_10,0.1,1603.0,1763.3,0.4725044710209194,0.4725044710209194,0.0,0.0,0,0,0,-1
german,lightgbm,92,credit_amount,relative_plus_10,0.1,1905.0,2095.5,0.5387828783155257,0.5100145787121315,-0.02876829960339422,0.02876829960339422,1,1,0,-1
german,lightgbm,93,credit_amount,relative_plus_10,0.1,1936.0,2129.6,0.595542444670801,0.5505473134425277,-0.044995131228273255,0.044995131228273255,1,1,0,-1
german,lightgbm,94,credit_amount,relative_plus_10,0.1,250.0,275.0,0.007938278878830486,0.007938278878830486,0.0,0.0,0,0,0,-1
german,lightgbm,95,credit_amount,relative_plus_10,0.1,3160.0,3476.0,0.05798365229948388,0.06655123497010518,0.008567582670621299,0.008567582670621299,0,0,0,-1
german,lightgbm,96,credit_amount,relative_plus_10,0.1,3181.0,3499.1,0.5786519101275599,0.2697622007911775,-0.3088897093363824,0.3088897093363824,1,0,1,-1
german,lightgbm,97,credit_amount,relative_plus_10,0.1,2241.0,2465.1,0.1637333359008902,0.16813830864840099,0.0044049727475107825,0.0044049727475107825,0,0,0,-1
german,lightgbm,98,credit_amount,relative_plus_10,0.1,937.0,1030.7,0.7094753427844519,0.6433473249235482,-0.06612801786090372,0.06612801786090372,1,1,0,-1
german,lightgbm,99,credit_amount,relative_plus_10,0.1,2012.0,2213.2,0.0021652605170008033,0.0021434828374641713,-2.1777679536631993e-05,2.1777679536631993e-05,0,0,0,-1
german,lightgbm,0,installment_rate,relative_minus_5,-0.05,3.0,3.15,0.3906285256737892,0.3906285256737892,0.0,0.0,0,0,0,-1
german,lightgbm,1,installment_rate,relative_minus_5,-0.05,3.0,3.15,0.239865701726269,0.239865701726269,0.0,0.0,0,0,0,-1
german,lightgbm,2,installment_rate,relative_minus_5,-0.05,4.0,4.2,0.061421238781333064,0.061421238781333064,0.0,0.0,0,0,0,-1
german,lightgbm,3,installment_rate,relative_minus_5,-0.05,4.0,4.2,0.06199636354725938,0.06199636354725938,0.0,0.0,0,0,0,-1
german,lightgbm,4,installment_rate,relative_minus_5,-0.05,2.0,2.1,0.000778019771551934,0.000778019771551934,0.0,0.0,0,0,0,-1
german,lightgbm,5,installment_rate,relative_minus_5,-0.05,1.0,1.05,0.0127552116532506,0.0127552116532506,0.0,0.0,0,0,0,-1
german,lightgbm,6,installment_rate,relative_minus_5,-0.05,3.0,3.15,0.0015875374622949037,0.0015875374622949037,0.0,0.0,0,0,0,-1
german,lightgbm,7,installment_rate,relative_minus_5,-0.05,4.0,4.2,0.10095917931946011,0.10095917931946011,0.0,0.0,0,0,0,-1
german,lightgbm,8,installment_rate,relative_minus_5,-0.05,4.0,4.2,0.019686942909276986,0.019686942909276986,0.0,0.0,0,0,0,-1
german,lightgbm,9,installment_rate,relative_minus_5,-0.05,4.0,4.2,0.8815646011543224,0.8815646011543224,0.0,0.0,1,1,0,-1
german,lightgbm,10,installment_rate,relative_minus_5,-0.05,3.0,3.15,0.6231673856151776,0.6231673856151776,0.0,0.0,1,1,0,-1
german,lightgbm,11,installment_rate,relative_minus_5,-0.05,2.0,2.1,0.5819234725438788,0.5819234725438788,0.0,0.0,1,1,0,-1
german,lightgbm,12,installment_rate,relative_minus_5,-0.05,4.0,4.2,0.016381379372910523,0.016381379372910523,0.0,0.0,0,0,0,-1
german,lightgbm,13,installment_rate,relative_minus_5,-0.05,3.0,3.15,0.15698660361202765,0.15698660361202765,0.0,0.0,0,0,0,-1
german,lightgbm,14,installment_rate,relative_minus_5,-0.05,2.0,2.1,0.06001081215992454,0.06001081215992454,0.0,0.0,0,0,0,-1
german,lightgbm,15,installment_rate,relative_minus_5,-0.05,3.0,3.15,0.34466443332437136,0.34466443332437136,0.0,0.0,0,0,0,-1
german,lightgbm,16,installment_rate,relative_minus_5,-0.05,4.0,4.2,0.0013520297228720205,0.0013520297228720205,0.0,0.0,0,0,0,-1
german,lightgbm,17,installment_rate,relative_minus_5,-0.05,4.0,4.2,0.925921763327486,0.925921763327486,0.0,0.0,1,1,0,-1
german,lightgbm,18,installment_rate,relative_minus_5,-0.05,2.0,2.1,0.05210815660012766,0.05210815660012766,0.0,0.0,0,0,0,-1
german,lightgbm,19,installment_rate,relative_minus_5,-0.05,4.0,4.2,0.9431976521725624,0.9431976521725624,0.0,0.0,1,1,0,-1
german,lightgbm,20,installment_rate,relative_minus_5,-0.05,1.0,1.05,0.1652310311335665,0.1652310311335665,0.0,0.0,0,0,0,-1
german,lightgbm,21,installment_rate,relative_minus_5,-0.05,4.0,4.2,0.04087693346542949,0.04087693346542949,0.0,0.0,0,0,0,-1
german,lightgbm,22,installment_rate,relative_minus_5,-0.05,4.0,4.2,0.06721612707097044,0.06721612707097044,0.0,0.0,0,0,0,-1
german,lightgbm,23,installment_rate,relative_minus_5,-0.05,4.0,4.2,0.8427293510043804,0.8427293510043804,0.0,0.0,1,1,0,-1
german,lightgbm,24,installment_rate,relative_minus_5,-0.05,4.0,4.2,0.7997434553378628,0.7997434553378628,0.0,0.0,1,1,0,-1
german,lightgbm,25,installment_rate,relative_minus_5,-0.05,3.0,3.15,0.4667371539312502,0.4667371539312502,0.0,0.0,0,0,0,-1
german,lightgbm,26,installment_rate,relative_minus_5,-0.05,1.0,1.05,0.2090941121178558,0.2090941121178558,0.0,0.0,0,0,0,-1
german,lightgbm,27,installment_rate,relative_minus_5,-0.05,4.0,4.2,0.45947633223517137,0.45947633223517137,0.0,0.0,0,0,0,-1
german,lightgbm,28,installment_rate,relative_minus_5,-0.05,1.0,1.05,0.003740671773448724,0.003740671773448724,0.0,0.0,0,0,0,-1
german,lightgbm,29,installment_rate,relative_minus_5,-0.05,1.0,1.05,0.44175540704147304,0.44175540704147304,0.0,0.0,0,0,0,-1
german,lightgbm,30,installment_rate,relative_minus_5,-0.05,4.0,4.2,0.36163582701893,0.36163582701893,0.0,0.0,0,0,0,-1
german,lightgbm,31,installment_rate,relative_minus_5,-0.05,4.0,4.2,0.34959479263019255,0.34959479263019255,0.0,0.0,0,0,0,-1
german,lightgbm,32,installment_rate,relative_minus_5,-0.05,2.0,2.1,0.027101650147053884,0.027101650147053884,0.0,0.0,0,0,0,-1
german,lightgbm,33,installment_rate,relative_minus_5,-0.05,4.0,4.2,0.0284420531071389,0.0284420531071389,0.0,0.0,0,0,0,-1
german,lightgbm,34,installment_rate,relative_minus_5,-0.05,4.0,4.2,0.7949814871873333,0.7949814871873333,0.0,0.0,1,1,0,-1
german,lightgbm,35,installment_rate,relative_minus_5,-0.05,4.0,4.2,0.5095935653238034,0.5095935653238034,0.0,0.0,1,1,0,-1
german,lightgbm,36,installment_rate,relative_minus_5,-0.05,4.0,4.2,0.7254708576063886,0.7254708576063886,0.0,0.0,1,1,0,-1
german,lightgbm,37,installment_rate,relative_minus_5,-0.05,4.0,4.2,0.1180789524031287,0.1180789524031287,0.0,0.0,0,0,0,-1
german,lightgbm,38,installment_rate,relative_minus_5,-0.05,2.0,2.1,0.4095659707951472,0.4095659707951472,0.0,0.0,0,0,0,-1
german,lightgbm,39,installment_rate,relative_minus_5,-0.05,4.0,4.2,0.018957526512300097,0.018957526512300097,0.0,0.0,0,0,0,-1
german,lightgbm,40,installment_rate,relative_minus_5,-0.05,4.0,4.2,0.5387102777430276,0.5387102777430276,0.0,0.0,1,1,0,-1
german,lightgbm,41,installment_rate,relative_minus_5,-0.05,4.0,4.2,0.2852989110737803,0.2852989110737803,0.0,0.0,0,0,0,-1
german,lightgbm,42,installment_rate,relative_minus_5,-0.05,4.0,4.2,0.8199191131790665,0.8199191131790665,0.0,0.0,1,1,0,-1
german,lightgbm,43,installment_rate,relative_minus_5,-0.05,4.0,4.2,0.9309460410455855,0.9309460410455855,0.0,0.0,1,1,0,-1
german,lightgbm,44,installment_rate,relative_minus_5,-0.05,4.0,4.2,0.5665947846895176,0.5665947846895176,0.0,0.0,1,1,0,-1
german,lightgbm,45,installment_rate,relative_minus_5,-0.05,4.0,4.2,0.2447713790571778,0.2447713790571778,0.0,0.0,0,0,0,-1
german,lightgbm,46,installment_rate,relative_minus_5,-0.05,4.0,4.2,0.010856344450514104,0.010856344450514104,0.0,0.0,0,0,0,-1
german,lightgbm,47,installment_rate,relative_minus_5,-0.05,1.0,1.05,0.10565369098051447,0.10565369098051447,0.0,0.0,0,0,0,-1
german,lightgbm,48,installment_rate,relative_minus_5,-0.05,1.0,1.05,0.0077234696716923824,0.0077234696716923824,0.0,0.0,0,0,0,-1
german,lightgbm,49,installment_rate,relative_minus_5,-0.05,4.0,4.2,0.37766608391954276,0.37766608391954276,0.0,0.0,0,0,0,-1
german,lightgbm,50,installment_rate,relative_minus_5,-0.05,2.0,2.1,0.10754456996147924,0.10754456996147924,0.0,0.0,0,0,0,-1
german,lightgbm,51,installment_rate,relative_minus_5,-0.05,2.0,2.1,0.20045288792019303,0.20045288792019303,0.0,0.0,0,0,0,-1
german,lightgbm,52,installment_rate,relative_minus_5,-0.05,2.0,2.1,0.2232390849422753,0.2232390849422753,0.0,0.0,0,0,0,-1
german,lightgbm,53,installment_rate,relative_minus_5,-0.05,4.0,4.2,0.08263946571053118,0.08263946571053118,0.0,0.0,0,0,0,-1
german,lightgbm,54,installment_rate,relative_minus_5,-0.05,4.0,4.2,0.7751983503992061,0.7751983503992061,0.0,0.0,1,1,0,-1
german,lightgbm,55,installment_rate,relative_minus_5,-0.05,4.0,4.2,0.2709041232151986,0.2709041232151986,0.0,0.0,0,0,0,-1
german,lightgbm,56,installment_rate,relative_minus_5,-0.05,4.0,4.2,0.8949846835423396,0.8949846835423396,0.0,0.0,1,1,0,-1
german,lightgbm,57,installment_rate,relative_minus_5,-0.05,4.0,4.2,0.19895661481991747,0.19895661481991747,0.0,0.0,0,0,0,-1
german,lightgbm,58,installment_rate,relative_minus_5,-0.05,2.0,2.1,0.19686220446311817,0.19686220446311817,0.0,0.0,0,0,0,-1
german,lightgbm,59,installment_rate,relative_minus_5,-0.05,3.0,3.15,0.6556463130368732,0.6556463130368732,0.0,0.0,1,1,0,-1
german,lightgbm,60,installment_rate,relative_minus_5,-0.05,3.0,3.15,0.1494642794145739,0.1494642794145739,0.0,0.0,0,0,0,-1
german,lightgbm,61,installment_rate,relative_minus_5,-0.05,4.0,4.2,0.07395817947549249,0.07395817947549249,0.0,0.0,0,0,0,-1
german,lightgbm,62,installment_rate,relative_minus_5,-0.05,1.0,1.05,0.7910063234667474,0.7910063234667474,0.0,0.0,1,1,0,-1
german,lightgbm,63,installment_rate,relative_minus_5,-0.05,2.0,2.1,0.46215650717795514,0.46215650717795514,0.0,0.0,0,0,0,-1
german,lightgbm,64,installment_rate,relative_minus_5,-0.05,1.0,1.05,0.8565251969688404,0.8565251969688404,0.0,0.0,1,1,0,-1
german,lightgbm,65,installment_rate,relative_minus_5,-0.05,4.0,4.2,0.17328838568870306,0.17328838568870306,0.0,0.0,0,0,0,-1
german,lightgbm,66,installment_rate,relative_minus_5,-0.05,4.0,4.2,0.2073789273550252,0.2073789273550252,0.0,0.0,0,0,0,-1
german,lightgbm,67,installment_rate,relative_minus_5,-0.05,4.0,4.2,0.9222025230520857,0.9222025230520857,0.0,0.0,1,1,0,-1
german,lightgbm,68,installment_rate,relative_minus_5,-0.05,4.0,4.2,0.36554189730904146,0.36554189730904146,0.0,0.0,0,0,0,-1
german,lightgbm,69,installment_rate,relative_minus_5,-0.05,3.0,3.15,0.5551759772046333,0.5551759772046333,0.0,0.0,1,1,0,-1
german,lightgbm,70,installment_rate,relative_minus_5,-0.05,4.0,4.2,0.8060668534560961,0.8060668534560961,0.0,0.0,1,1,0,-1
german,lightgbm,71,installment_rate,relative_minus_5,-0.05,3.0,3.15,0.00979720703639709,0.00979720703639709,0.0,0.0,0,0,0,-1
german,lightgbm,72,installment_rate,relative_minus_5,-0.05,3.0,3.15,0.16440951309080398,0.16440951309080398,0.0,0.0,0,0,0,-1
german,lightgbm,73,installment_rate,relative_minus_5,-0.05,4.0,4.2,0.0701512066146692,0.0701512066146692,0.0,0.0,0,0,0,-1
german,lightgbm,74,installment_rate,relative_minus_5,-0.05,4.0,4.2,0.20089675448649513,0.20089675448649513,0.0,0.0,0,0,0,-1
german,lightgbm,75,installment_rate,relative_minus_5,-0.05,1.0,1.05,0.5222806196725559,0.5222806196725559,0.0,0.0,1,1,0,-1
german,lightgbm,76,installment_rate,relative_minus_5,-0.05,2.0,2.1,0.232539774434109,0.232539774434109,0.0,0.0,0,0,0,-1
german,lightgbm,77,installment_rate,relative_minus_5,-0.05,4.0,4.2,0.7296014495994664,0.7296014495994664,0.0,0.0,1,1,0,-1
german,lightgbm,78,installment_rate,relative_minus_5,-0.05,4.0,4.2,0.05233574686089174,0.05233574686089174,0.0,0.0,0,0,0,-1
german,lightgbm,79,installment_rate,relative_minus_5,-0.05,4.0,4.2,0.8523601968533747,0.8523601968533747,0.0,0.0,1,1,0,-1
german,lightgbm,80,installment_rate,relative_minus_5,-0.05,2.0,2.1,0.24724091491319555,0.24724091491319555,0.0,0.0,0,0,0,-1
german,lightgbm,81,installment_rate,relative_minus_5,-0.05,2.0,2.1,0.052062520477255576,0.052062520477255576,0.0,0.0,0,0,0,-1
german,lightgbm,82,installment_rate,relative_minus_5,-0.05,2.0,2.1,0.39190331104024756,0.39190331104024756,0.0,0.0,0,0,0,-1
german,lightgbm,83,installment_rate,relative_minus_5,-0.05,4.0,4.2,0.4694418067846172,0.4694418067846172,0.0,0.0,0,0,0,-1
german,lightgbm,84,installment_rate,relative_minus_5,-0.05,1.0,1.05,0.1739683108218602,0.1739683108218602,0.0,0.0,0,0,0,-1
german,lightgbm,85,installment_rate,relative_minus_5,-0.05,2.0,2.1,0.004521489614918298,0.004521489614918298,0.0,0.0,0,0,0,-1
german,lightgbm,86,installment_rate,relative_minus_5,-0.05,3.0,3.15,0.026602380126023603,0.026602380126023603,0.0,0.0,0,0,0,-1
german,lightgbm,87,installment_rate,relative_minus_5,-0.05,4.0,4.2,0.6076387501320122,0.6076387501320122,0.0,0.0,1,1,0,-1
german,lightgbm,88,installment_rate,relative_minus_5,-0.05,4.0,4.2,0.0010791611127486252,0.0010791611127486252,0.0,0.0,0,0,0,-1
german,lightgbm,89,installment_rate,relative_minus_5,-0.05,4.0,4.2,0.742624474994036,0.742624474994036,0.0,0.0,1,1,0,-1
german,lightgbm,90,installment_rate,relative_minus_5,-0.05,4.0,4.2,0.7861995616942514,0.7861995616942514,0.0,0.0,1,1,0,-1
german,lightgbm,91,installment_rate,relative_minus_5,-0.05,4.0,4.2,0.4725044710209194,0.4725044710209194,0.0,0.0,0,0,0,-1
german,lightgbm,92,installment_rate,relative_minus_5,-0.05,4.0,4.2,0.5387828783155257,0.5387828783155257,0.0,0.0,1,1,0,-1
german,lightgbm,93,installment_rate,relative_minus_5,-0.05,2.0,2.1,0.595542444670801,0.595542444670801,0.0,0.0,1,1,0,-1
german,lightgbm,94,installment_rate,relative_minus_5,-0.05,2.0,2.1,0.007938278878830486,0.007938278878830486,0.0,0.0,0,0,0,-1
german,lightgbm,95,installment_rate,relative_minus_5,-0.05,4.0,4.2,0.05798365229948388,0.05798365229948388,0.0,0.0,0,0,0,-1
german,lightgbm,96,installment_rate,relative_minus_5,-0.05,4.0,4.2,0.5786519101275599,0.5786519101275599,0.0,0.0,1,1,0,-1
german,lightgbm,97,installment_rate,relative_minus_5,-0.05,1.0,1.05,0.1637333359008902,0.1637333359008902,0.0,0.0,0,0,0,-1
german,lightgbm,98,installment_rate,relative_minus_5,-0.05,4.0,4.2,0.7094753427844519,0.7094753427844519,0.0,0.0,1,1,0,-1
german,lightgbm,99,installment_rate,relative_minus_5,-0.05,4.0,4.2,0.0021652605170008033,0.0021652605170008033,0.0,0.0,0,0,0,-1
german,lightgbm,0,installment_rate,relative_plus_5,0.05,3.0,3.15,0.3906285256737892,0.3906285256737892,0.0,0.0,0,0,0,-1
german,lightgbm,1,installment_rate,relative_plus_5,0.05,3.0,3.15,0.239865701726269,0.239865701726269,0.0,0.0,0,0,0,-1
german,lightgbm,2,installment_rate,relative_plus_5,0.05,4.0,4.2,0.061421238781333064,0.061421238781333064,0.0,0.0,0,0,0,-1
german,lightgbm,3,installment_rate,relative_plus_5,0.05,4.0,4.2,0.06199636354725938,0.06199636354725938,0.0,0.0,0,0,0,-1
german,lightgbm,4,installment_rate,relative_plus_5,0.05,2.0,2.1,0.000778019771551934,0.000778019771551934,0.0,0.0,0,0,0,-1
german,lightgbm,5,installment_rate,relative_plus_5,0.05,1.0,1.05,0.0127552116532506,0.0127552116532506,0.0,0.0,0,0,0,-1
german,lightgbm,6,installment_rate,relative_plus_5,0.05,3.0,3.15,0.0015875374622949037,0.0015875374622949037,0.0,0.0,0,0,0,-1
german,lightgbm,7,installment_rate,relative_plus_5,0.05,4.0,4.2,0.10095917931946011,0.10095917931946011,0.0,0.0,0,0,0,-1
german,lightgbm,8,installment_rate,relative_plus_5,0.05,4.0,4.2,0.019686942909276986,0.019686942909276986,0.0,0.0,0,0,0,-1
german,lightgbm,9,installment_rate,relative_plus_5,0.05,4.0,4.2,0.8815646011543224,0.8815646011543224,0.0,0.0,1,1,0,-1
german,lightgbm,10,installment_rate,relative_plus_5,0.05,3.0,3.15,0.6231673856151776,0.6231673856151776,0.0,0.0,1,1,0,-1
german,lightgbm,11,installment_rate,relative_plus_5,0.05,2.0,2.1,0.5819234725438788,0.5819234725438788,0.0,0.0,1,1,0,-1
german,lightgbm,12,installment_rate,relative_plus_5,0.05,4.0,4.2,0.016381379372910523,0.016381379372910523,0.0,0.0,0,0,0,-1
german,lightgbm,13,installment_rate,relative_plus_5,0.05,3.0,3.15,0.15698660361202765,0.15698660361202765,0.0,0.0,0,0,0,-1
german,lightgbm,14,installment_rate,relative_plus_5,0.05,2.0,2.1,0.06001081215992454,0.06001081215992454,0.0,0.0,0,0,0,-1
german,lightgbm,15,installment_rate,relative_plus_5,0.05,3.0,3.15,0.34466443332437136,0.34466443332437136,0.0,0.0,0,0,0,-1
german,lightgbm,16,installment_rate,relative_plus_5,0.05,4.0,4.2,0.0013520297228720205,0.0013520297228720205,0.0,0.0,0,0,0,-1
german,lightgbm,17,installment_rate,relative_plus_5,0.05,4.0,4.2,0.925921763327486,0.925921763327486,0.0,0.0,1,1,0,-1
german,lightgbm,18,installment_rate,relative_plus_5,0.05,2.0,2.1,0.05210815660012766,0.05210815660012766,0.0,0.0,0,0,0,-1
german,lightgbm,19,installment_rate,relative_plus_5,0.05,4.0,4.2,0.9431976521725624,0.9431976521725624,0.0,0.0,1,1,0,-1
german,lightgbm,20,installment_rate,relative_plus_5,0.05,1.0,1.05,0.1652310311335665,0.1652310311335665,0.0,0.0,0,0,0,-1
german,lightgbm,21,installment_rate,relative_plus_5,0.05,4.0,4.2,0.04087693346542949,0.04087693346542949,0.0,0.0,0,0,0,-1
german,lightgbm,22,installment_rate,relative_plus_5,0.05,4.0,4.2,0.06721612707097044,0.06721612707097044,0.0,0.0,0,0,0,-1
german,lightgbm,23,installment_rate,relative_plus_5,0.05,4.0,4.2,0.8427293510043804,0.8427293510043804,0.0,0.0,1,1,0,-1
german,lightgbm,24,installment_rate,relative_plus_5,0.05,4.0,4.2,0.7997434553378628,0.7997434553378628,0.0,0.0,1,1,0,-1
german,lightgbm,25,installment_rate,relative_plus_5,0.05,3.0,3.15,0.4667371539312502,0.4667371539312502,0.0,0.0,0,0,0,-1
german,lightgbm,26,installment_rate,relative_plus_5,0.05,1.0,1.05,0.2090941121178558,0.2090941121178558,0.0,0.0,0,0,0,-1
german,lightgbm,27,installment_rate,relative_plus_5,0.05,4.0,4.2,0.45947633223517137,0.45947633223517137,0.0,0.0,0,0,0,-1
german,lightgbm,28,installment_rate,relative_plus_5,0.05,1.0,1.05,0.003740671773448724,0.003740671773448724,0.0,0.0,0,0,0,-1
german,lightgbm,29,installment_rate,relative_plus_5,0.05,1.0,1.05,0.44175540704147304,0.44175540704147304,0.0,0.0,0,0,0,-1
german,lightgbm,30,installment_rate,relative_plus_5,0.05,4.0,4.2,0.36163582701893,0.36163582701893,0.0,0.0,0,0,0,-1
german,lightgbm,31,installment_rate,relative_plus_5,0.05,4.0,4.2,0.34959479263019255,0.34959479263019255,0.0,0.0,0,0,0,-1
german,lightgbm,32,installment_rate,relative_plus_5,0.05,2.0,2.1,0.027101650147053884,0.027101650147053884,0.0,0.0,0,0,0,-1
german,lightgbm,33,installment_rate,relative_plus_5,0.05,4.0,4.2,0.0284420531071389,0.0284420531071389,0.0,0.0,0,0,0,-1
german,lightgbm,34,installment_rate,relative_plus_5,0.05,4.0,4.2,0.7949814871873333,0.7949814871873333,0.0,0.0,1,1,0,-1
german,lightgbm,35,installment_rate,relative_plus_5,0.05,4.0,4.2,0.5095935653238034,0.5095935653238034,0.0,0.0,1,1,0,-1
german,lightgbm,36,installment_rate,relative_plus_5,0.05,4.0,4.2,0.7254708576063886,0.7254708576063886,0.0,0.0,1,1,0,-1
german,lightgbm,37,installment_rate,relative_plus_5,0.05,4.0,4.2,0.1180789524031287,0.1180789524031287,0.0,0.0,0,0,0,-1
german,lightgbm,38,installment_rate,relative_plus_5,0.05,2.0,2.1,0.4095659707951472,0.4095659707951472,0.0,0.0,0,0,0,-1
german,lightgbm,39,installment_rate,relative_plus_5,0.05,4.0,4.2,0.018957526512300097,0.018957526512300097,0.0,0.0,0,0,0,-1
german,lightgbm,40,installment_rate,relative_plus_5,0.05,4.0,4.2,0.5387102777430276,0.5387102777430276,0.0,0.0,1,1,0,-1
german,lightgbm,41,installment_rate,relative_plus_5,0.05,4.0,4.2,0.2852989110737803,0.2852989110737803,0.0,0.0,0,0,0,-1
german,lightgbm,42,installment_rate,relative_plus_5,0.05,4.0,4.2,0.8199191131790665,0.8199191131790665,0.0,0.0,1,1,0,-1
german,lightgbm,43,installment_rate,relative_plus_5,0.05,4.0,4.2,0.9309460410455855,0.9309460410455855,0.0,0.0,1,1,0,-1
german,lightgbm,44,installment_rate,relative_plus_5,0.05,4.0,4.2,0.5665947846895176,0.5665947846895176,0.0,0.0,1,1,0,-1
german,lightgbm,45,installment_rate,relative_plus_5,0.05,4.0,4.2,0.2447713790571778,0.2447713790571778,0.0,0.0,0,0,0,-1
german,lightgbm,46,installment_rate,relative_plus_5,0.05,4.0,4.2,0.010856344450514104,0.010856344450514104,0.0,0.0,0,0,0,-1
german,lightgbm,47,installment_rate,relative_plus_5,0.05,1.0,1.05,0.10565369098051447,0.10565369098051447,0.0,0.0,0,0,0,-1
german,lightgbm,48,installment_rate,relative_plus_5,0.05,1.0,1.05,0.0077234696716923824,0.0077234696716923824,0.0,0.0,0,0,0,-1
german,lightgbm,49,installment_rate,relative_plus_5,0.05,4.0,4.2,0.37766608391954276,0.37766608391954276,0.0,0.0,0,0,0,-1
german,lightgbm,50,installment_rate,relative_plus_5,0.05,2.0,2.1,0.10754456996147924,0.10754456996147924,0.0,0.0,0,0,0,-1
german,lightgbm,51,installment_rate,relative_plus_5,0.05,2.0,2.1,0.20045288792019303,0.20045288792019303,0.0,0.0,0,0,0,-1
german,lightgbm,52,installment_rate,relative_plus_5,0.05,2.0,2.1,0.2232390849422753,0.2232390849422753,0.0,0.0,0,0,0,-1
german,lightgbm,53,installment_rate,relative_plus_5,0.05,4.0,4.2,0.08263946571053118,0.08263946571053118,0.0,0.0,0,0,0,-1
german,lightgbm,54,installment_rate,relative_plus_5,0.05,4.0,4.2,0.7751983503992061,0.7751983503992061,0.0,0.0,1,1,0,-1
german,lightgbm,55,installment_rate,relative_plus_5,0.05,4.0,4.2,0.2709041232151986,0.2709041232151986,0.0,0.0,0,0,0,-1
german,lightgbm,56,installment_rate,relative_plus_5,0.05,4.0,4.2,0.8949846835423396,0.8949846835423396,0.0,0.0,1,1,0,-1
german,lightgbm,57,installment_rate,relative_plus_5,0.05,4.0,4.2,0.19895661481991747,0.19895661481991747,0.0,0.0,0,0,0,-1
german,lightgbm,58,installment_rate,relative_plus_5,0.05,2.0,2.1,0.19686220446311817,0.19686220446311817,0.0,0.0,0,0,0,-1
german,lightgbm,59,installment_rate,relative_plus_5,0.05,3.0,3.15,0.6556463130368732,0.6556463130368732,0.0,0.0,1,1,0,-1
german,lightgbm,60,installment_rate,relative_plus_5,0.05,3.0,3.15,0.1494642794145739,0.1494642794145739,0.0,0.0,0,0,0,-1
german,lightgbm,61,installment_rate,relative_plus_5,0.05,4.0,4.2,0.07395817947549249,0.07395817947549249,0.0,0.0,0,0,0,-1
german,lightgbm,62,installment_rate,relative_plus_5,0.05,1.0,1.05,0.7910063234667474,0.7910063234667474,0.0,0.0,1,1,0,-1
german,lightgbm,63,installment_rate,relative_plus_5,0.05,2.0,2.1,0.46215650717795514,0.46215650717795514,0.0,0.0,0,0,0,-1
german,lightgbm,64,installment_rate,relative_plus_5,0.05,1.0,1.05,0.8565251969688404,0.8565251969688404,0.0,0.0,1,1,0,-1
german,lightgbm,65,installment_rate,relative_plus_5,0.05,4.0,4.2,0.17328838568870306,0.17328838568870306,0.0,0.0,0,0,0,-1
german,lightgbm,66,installment_rate,relative_plus_5,0.05,4.0,4.2,0.2073789273550252,0.2073789273550252,0.0,0.0,0,0,0,-1
german,lightgbm,67,installment_rate,relative_plus_5,0.05,4.0,4.2,0.9222025230520857,0.9222025230520857,0.0,0.0,1,1,0,-1
german,lightgbm,68,installment_rate,relative_plus_5,0.05,4.0,4.2,0.36554189730904146,0.36554189730904146,0.0,0.0,0,0,0,-1
german,lightgbm,69,installment_rate,relative_plus_5,0.05,3.0,3.15,0.5551759772046333,0.5551759772046333,0.0,0.0,1,1,0,-1
german,lightgbm,70,installment_rate,relative_plus_5,0.05,4.0,4.2,0.8060668534560961,0.8060668534560961,0.0,0.0,1,1,0,-1
german,lightgbm,71,installment_rate,relative_plus_5,0.05,3.0,3.15,0.00979720703639709,0.00979720703639709,0.0,0.0,0,0,0,-1
german,lightgbm,72,installment_rate,relative_plus_5,0.05,3.0,3.15,0.16440951309080398,0.16440951309080398,0.0,0.0,0,0,0,-1
german,lightgbm,73,installment_rate,relative_plus_5,0.05,4.0,4.2,0.0701512066146692,0.0701512066146692,0.0,0.0,0,0,0,-1
german,lightgbm,74,installment_rate,relative_plus_5,0.05,4.0,4.2,0.20089675448649513,0.20089675448649513,0.0,0.0,0,0,0,-1
german,lightgbm,75,installment_rate,relative_plus_5,0.05,1.0,1.05,0.5222806196725559,0.5222806196725559,0.0,0.0,1,1,0,-1
german,lightgbm,76,installment_rate,relative_plus_5,0.05,2.0,2.1,0.232539774434109,0.232539774434109,0.0,0.0,0,0,0,-1
german,lightgbm,77,installment_rate,relative_plus_5,0.05,4.0,4.2,0.7296014495994664,0.7296014495994664,0.0,0.0,1,1,0,-1
german,lightgbm,78,installment_rate,relative_plus_5,0.05,4.0,4.2,0.05233574686089174,0.05233574686089174,0.0,0.0,0,0,0,-1
german,lightgbm,79,installment_rate,relative_plus_5,0.05,4.0,4.2,0.8523601968533747,0.8523601968533747,0.0,0.0,1,1,0,-1
german,lightgbm,80,installment_rate,relative_plus_5,0.05,2.0,2.1,0.24724091491319555,0.24724091491319555,0.0,0.0,0,0,0,-1
german,lightgbm,81,installment_rate,relative_plus_5,0.05,2.0,2.1,0.052062520477255576,0.052062520477255576,0.0,0.0,0,0,0,-1
german,lightgbm,82,installment_rate,relative_plus_5,0.05,2.0,2.1,0.39190331104024756,0.39190331104024756,0.0,0.0,0,0,0,-1
german,lightgbm,83,installment_rate,relative_plus_5,0.05,4.0,4.2,0.4694418067846172,0.4694418067846172,0.0,0.0,0,0,0,-1
german,lightgbm,84,installment_rate,relative_plus_5,0.05,1.0,1.05,0.1739683108218602,0.1739683108218602,0.0,0.0,0,0,0,-1
german,lightgbm,85,installment_rate,relative_plus_5,0.05,2.0,2.1,0.004521489614918298,0.004521489614918298,0.0,0.0,0,0,0,-1
german,lightgbm,86,installment_rate,relative_plus_5,0.05,3.0,3.15,0.026602380126023603,0.026602380126023603,0.0,0.0,0,0,0,-1
german,lightgbm,87,installment_rate,relative_plus_5,0.05,4.0,4.2,0.6076387501320122,0.6076387501320122,0.0,0.0,1,1,0,-1
german,lightgbm,88,installment_rate,relative_plus_5,0.05,4.0,4.2,0.0010791611127486252,0.0010791611127486252,0.0,0.0,0,0,0,-1
german,lightgbm,89,installment_rate,relative_plus_5,0.05,4.0,4.2,0.742624474994036,0.742624474994036,0.0,0.0,1,1,0,-1
german,lightgbm,90,installment_rate,relative_plus_5,0.05,4.0,4.2,0.7861995616942514,0.7861995616942514,0.0,0.0,1,1,0,-1
german,lightgbm,91,installment_rate,relative_plus_5,0.05,4.0,4.2,0.4725044710209194,0.4725044710209194,0.0,0.0,0,0,0,-1
german,lightgbm,92,installment_rate,relative_plus_5,0.05,4.0,4.2,0.5387828783155257,0.5387828783155257,0.0,0.0,1,1,0,-1
german,lightgbm,93,installment_rate,relative_plus_5,0.05,2.0,2.1,0.595542444670801,0.595542444670801,0.0,0.0,1,1,0,-1
german,lightgbm,94,installment_rate,relative_plus_5,0.05,2.0,2.1,0.007938278878830486,0.007938278878830486,0.0,0.0,0,0,0,-1
german,lightgbm,95,installment_rate,relative_plus_5,0.05,4.0,4.2,0.05798365229948388,0.05798365229948388,0.0,0.0,0,0,0,-1
german,lightgbm,96,installment_rate,relative_plus_5,0.05,4.0,4.2,0.5786519101275599,0.5786519101275599,0.0,0.0,1,1,0,-1
german,lightgbm,97,installment_rate,relative_plus_5,0.05,1.0,1.05,0.1637333359008902,0.1637333359008902,0.0,0.0,0,0,0,-1
german,lightgbm,98,installment_rate,relative_plus_5,0.05,4.0,4.2,0.7094753427844519,0.7094753427844519,0.0,0.0,1,1,0,-1
german,lightgbm,99,installment_rate,relative_plus_5,0.05,4.0,4.2,0.0021652605170008033,0.0021652605170008033,0.0,0.0,0,0,0,-1
german,lightgbm,0,installment_rate,relative_minus_10,-0.1,3.0,3.3,0.3906285256737892,0.3906285256737892,0.0,0.0,0,0,0,-1
german,lightgbm,1,installment_rate,relative_minus_10,-0.1,3.0,3.3,0.239865701726269,0.239865701726269,0.0,0.0,0,0,0,-1
german,lightgbm,2,installment_rate,relative_minus_10,-0.1,4.0,4.4,0.061421238781333064,0.061421238781333064,0.0,0.0,0,0,0,-1
german,lightgbm,3,installment_rate,relative_minus_10,-0.1,4.0,4.4,0.06199636354725938,0.06199636354725938,0.0,0.0,0,0,0,-1
german,lightgbm,4,installment_rate,relative_minus_10,-0.1,2.0,2.2,0.000778019771551934,0.000778019771551934,0.0,0.0,0,0,0,-1
german,lightgbm,5,installment_rate,relative_minus_10,-0.1,1.0,1.1,0.0127552116532506,0.0127552116532506,0.0,0.0,0,0,0,-1
german,lightgbm,6,installment_rate,relative_minus_10,-0.1,3.0,3.3,0.0015875374622949037,0.0015875374622949037,0.0,0.0,0,0,0,-1
german,lightgbm,7,installment_rate,relative_minus_10,-0.1,4.0,4.4,0.10095917931946011,0.10095917931946011,0.0,0.0,0,0,0,-1
german,lightgbm,8,installment_rate,relative_minus_10,-0.1,4.0,4.4,0.019686942909276986,0.019686942909276986,0.0,0.0,0,0,0,-1
german,lightgbm,9,installment_rate,relative_minus_10,-0.1,4.0,4.4,0.8815646011543224,0.8815646011543224,0.0,0.0,1,1,0,-1
german,lightgbm,10,installment_rate,relative_minus_10,-0.1,3.0,3.3,0.6231673856151776,0.6231673856151776,0.0,0.0,1,1,0,-1
german,lightgbm,11,installment_rate,relative_minus_10,-0.1,2.0,2.2,0.5819234725438788,0.5819234725438788,0.0,0.0,1,1,0,-1
german,lightgbm,12,installment_rate,relative_minus_10,-0.1,4.0,4.4,0.016381379372910523,0.016381379372910523,0.0,0.0,0,0,0,-1
german,lightgbm,13,installment_rate,relative_minus_10,-0.1,3.0,3.3,0.15698660361202765,0.15698660361202765,0.0,0.0,0,0,0,-1
german,lightgbm,14,installment_rate,relative_minus_10,-0.1,2.0,2.2,0.06001081215992454,0.06001081215992454,0.0,0.0,0,0,0,-1
german,lightgbm,15,installment_rate,relative_minus_10,-0.1,3.0,3.3,0.34466443332437136,0.34466443332437136,0.0,0.0,0,0,0,-1
german,lightgbm,16,installment_rate,relative_minus_10,-0.1,4.0,4.4,0.0013520297228720205,0.0013520297228720205,0.0,0.0,0,0,0,-1
german,lightgbm,17,installment_rate,relative_minus_10,-0.1,4.0,4.4,0.925921763327486,0.925921763327486,0.0,0.0,1,1,0,-1
german,lightgbm,18,installment_rate,relative_minus_10,-0.1,2.0,2.2,0.05210815660012766,0.05210815660012766,0.0,0.0,0,0,0,-1
german,lightgbm,19,installment_rate,relative_minus_10,-0.1,4.0,4.4,0.9431976521725624,0.9431976521725624,0.0,0.0,1,1,0,-1
german,lightgbm,20,installment_rate,relative_minus_10,-0.1,1.0,1.1,0.1652310311335665,0.1652310311335665,0.0,0.0,0,0,0,-1
german,lightgbm,21,installment_rate,relative_minus_10,-0.1,4.0,4.4,0.04087693346542949,0.04087693346542949,0.0,0.0,0,0,0,-1
german,lightgbm,22,installment_rate,relative_minus_10,-0.1,4.0,4.4,0.06721612707097044,0.06721612707097044,0.0,0.0,0,0,0,-1
german,lightgbm,23,installment_rate,relative_minus_10,-0.1,4.0,4.4,0.8427293510043804,0.8427293510043804,0.0,0.0,1,1,0,-1
german,lightgbm,24,installment_rate,relative_minus_10,-0.1,4.0,4.4,0.7997434553378628,0.7997434553378628,0.0,0.0,1,1,0,-1
german,lightgbm,25,installment_rate,relative_minus_10,-0.1,3.0,3.3,0.4667371539312502,0.4667371539312502,0.0,0.0,0,0,0,-1
german,lightgbm,26,installment_rate,relative_minus_10,-0.1,1.0,1.1,0.2090941121178558,0.2090941121178558,0.0,0.0,0,0,0,-1
german,lightgbm,27,installment_rate,relative_minus_10,-0.1,4.0,4.4,0.45947633223517137,0.45947633223517137,0.0,0.0,0,0,0,-1
german,lightgbm,28,installment_rate,relative_minus_10,-0.1,1.0,1.1,0.003740671773448724,0.003740671773448724,0.0,0.0,0,0,0,-1
german,lightgbm,29,installment_rate,relative_minus_10,-0.1,1.0,1.1,0.44175540704147304,0.44175540704147304,0.0,0.0,0,0,0,-1
german,lightgbm,30,installment_rate,relative_minus_10,-0.1,4.0,4.4,0.36163582701893,0.36163582701893,0.0,0.0,0,0,0,-1
german,lightgbm,31,installment_rate,relative_minus_10,-0.1,4.0,4.4,0.34959479263019255,0.34959479263019255,0.0,0.0,0,0,0,-1
german,lightgbm,32,installment_rate,relative_minus_10,-0.1,2.0,2.2,0.027101650147053884,0.027101650147053884,0.0,0.0,0,0,0,-1
german,lightgbm,33,installment_rate,relative_minus_10,-0.1,4.0,4.4,0.0284420531071389,0.0284420531071389,0.0,0.0,0,0,0,-1
german,lightgbm,34,installment_rate,relative_minus_10,-0.1,4.0,4.4,0.7949814871873333,0.7949814871873333,0.0,0.0,1,1,0,-1
german,lightgbm,35,installment_rate,relative_minus_10,-0.1,4.0,4.4,0.5095935653238034,0.5095935653238034,0.0,0.0,1,1,0,-1
german,lightgbm,36,installment_rate,relative_minus_10,-0.1,4.0,4.4,0.7254708576063886,0.7254708576063886,0.0,0.0,1,1,0,-1
german,lightgbm,37,installment_rate,relative_minus_10,-0.1,4.0,4.4,0.1180789524031287,0.1180789524031287,0.0,0.0,0,0,0,-1
german,lightgbm,38,installment_rate,relative_minus_10,-0.1,2.0,2.2,0.4095659707951472,0.4095659707951472,0.0,0.0,0,0,0,-1
german,lightgbm,39,installment_rate,relative_minus_10,-0.1,4.0,4.4,0.018957526512300097,0.018957526512300097,0.0,0.0,0,0,0,-1
german,lightgbm,40,installment_rate,relative_minus_10,-0.1,4.0,4.4,0.5387102777430276,0.5387102777430276,0.0,0.0,1,1,0,-1
german,lightgbm,41,installment_rate,relative_minus_10,-0.1,4.0,4.4,0.2852989110737803,0.2852989110737803,0.0,0.0,0,0,0,-1
german,lightgbm,42,installment_rate,relative_minus_10,-0.1,4.0,4.4,0.8199191131790665,0.8199191131790665,0.0,0.0,1,1,0,-1
german,lightgbm,43,installment_rate,relative_minus_10,-0.1,4.0,4.4,0.9309460410455855,0.9309460410455855,0.0,0.0,1,1,0,-1
german,lightgbm,44,installment_rate,relative_minus_10,-0.1,4.0,4.4,0.5665947846895176,0.5665947846895176,0.0,0.0,1,1,0,-1
german,lightgbm,45,installment_rate,relative_minus_10,-0.1,4.0,4.4,0.2447713790571778,0.2447713790571778,0.0,0.0,0,0,0,-1
german,lightgbm,46,installment_rate,relative_minus_10,-0.1,4.0,4.4,0.010856344450514104,0.010856344450514104,0.0,0.0,0,0,0,-1
german,lightgbm,47,installment_rate,relative_minus_10,-0.1,1.0,1.1,0.10565369098051447,0.10565369098051447,0.0,0.0,0,0,0,-1
german,lightgbm,48,installment_rate,relative_minus_10,-0.1,1.0,1.1,0.0077234696716923824,0.0077234696716923824,0.0,0.0,0,0,0,-1
german,lightgbm,49,installment_rate,relative_minus_10,-0.1,4.0,4.4,0.37766608391954276,0.37766608391954276,0.0,0.0,0,0,0,-1
german,lightgbm,50,installment_rate,relative_minus_10,-0.1,2.0,2.2,0.10754456996147924,0.10754456996147924,0.0,0.0,0,0,0,-1
german,lightgbm,51,installment_rate,relative_minus_10,-0.1,2.0,2.2,0.20045288792019303,0.20045288792019303,0.0,0.0,0,0,0,-1
german,lightgbm,52,installment_rate,relative_minus_10,-0.1,2.0,2.2,0.2232390849422753,0.2232390849422753,0.0,0.0,0,0,0,-1
german,lightgbm,53,installment_rate,relative_minus_10,-0.1,4.0,4.4,0.08263946571053118,0.08263946571053118,0.0,0.0,0,0,0,-1
german,lightgbm,54,installment_rate,relative_minus_10,-0.1,4.0,4.4,0.7751983503992061,0.7751983503992061,0.0,0.0,1,1,0,-1
german,lightgbm,55,installment_rate,relative_minus_10,-0.1,4.0,4.4,0.2709041232151986,0.2709041232151986,0.0,0.0,0,0,0,-1
german,lightgbm,56,installment_rate,relative_minus_10,-0.1,4.0,4.4,0.8949846835423396,0.8949846835423396,0.0,0.0,1,1,0,-1
german,lightgbm,57,installment_rate,relative_minus_10,-0.1,4.0,4.4,0.19895661481991747,0.19895661481991747,0.0,0.0,0,0,0,-1
german,lightgbm,58,installment_rate,relative_minus_10,-0.1,2.0,2.2,0.19686220446311817,0.19686220446311817,0.0,0.0,0,0,0,-1
german,lightgbm,59,installment_rate,relative_minus_10,-0.1,3.0,3.3,0.6556463130368732,0.6556463130368732,0.0,0.0,1,1,0,-1
german,lightgbm,60,installment_rate,relative_minus_10,-0.1,3.0,3.3,0.1494642794145739,0.1494642794145739,0.0,0.0,0,0,0,-1
german,lightgbm,61,installment_rate,relative_minus_10,-0.1,4.0,4.4,0.07395817947549249,0.07395817947549249,0.0,0.0,0,0,0,-1
german,lightgbm,62,installment_rate,relative_minus_10,-0.1,1.0,1.1,0.7910063234667474,0.7910063234667474,0.0,0.0,1,1,0,-1
german,lightgbm,63,installment_rate,relative_minus_10,-0.1,2.0,2.2,0.46215650717795514,0.46215650717795514,0.0,0.0,0,0,0,-1
german,lightgbm,64,installment_rate,relative_minus_10,-0.1,1.0,1.1,0.8565251969688404,0.8565251969688404,0.0,0.0,1,1,0,-1
german,lightgbm,65,installment_rate,relative_minus_10,-0.1,4.0,4.4,0.17328838568870306,0.17328838568870306,0.0,0.0,0,0,0,-1
german,lightgbm,66,installment_rate,relative_minus_10,-0.1,4.0,4.4,0.2073789273550252,0.2073789273550252,0.0,0.0,0,0,0,-1
german,lightgbm,67,installment_rate,relative_minus_10,-0.1,4.0,4.4,0.9222025230520857,0.9222025230520857,0.0,0.0,1,1,0,-1
german,lightgbm,68,installment_rate,relative_minus_10,-0.1,4.0,4.4,0.36554189730904146,0.36554189730904146,0.0,0.0,0,0,0,-1
german,lightgbm,69,installment_rate,relative_minus_10,-0.1,3.0,3.3,0.5551759772046333,0.5551759772046333,0.0,0.0,1,1,0,-1
german,lightgbm,70,installment_rate,relative_minus_10,-0.1,4.0,4.4,0.8060668534560961,0.8060668534560961,0.0,0.0,1,1,0,-1
german,lightgbm,71,installment_rate,relative_minus_10,-0.1,3.0,3.3,0.00979720703639709,0.00979720703639709,0.0,0.0,0,0,0,-1
german,lightgbm,72,installment_rate,relative_minus_10,-0.1,3.0,3.3,0.16440951309080398,0.16440951309080398,0.0,0.0,0,0,0,-1
german,lightgbm,73,installment_rate,relative_minus_10,-0.1,4.0,4.4,0.0701512066146692,0.0701512066146692,0.0,0.0,0,0,0,-1
german,lightgbm,74,installment_rate,relative_minus_10,-0.1,4.0,4.4,0.20089675448649513,0.20089675448649513,0.0,0.0,0,0,0,-1
german,lightgbm,75,installment_rate,relative_minus_10,-0.1,1.0,1.1,0.5222806196725559,0.5222806196725559,0.0,0.0,1,1,0,-1
german,lightgbm,76,installment_rate,relative_minus_10,-0.1,2.0,2.2,0.232539774434109,0.232539774434109,0.0,0.0,0,0,0,-1
german,lightgbm,77,installment_rate,relative_minus_10,-0.1,4.0,4.4,0.7296014495994664,0.7296014495994664,0.0,0.0,1,1,0,-1
german,lightgbm,78,installment_rate,relative_minus_10,-0.1,4.0,4.4,0.05233574686089174,0.05233574686089174,0.0,0.0,0,0,0,-1
german,lightgbm,79,installment_rate,relative_minus_10,-0.1,4.0,4.4,0.8523601968533747,0.8523601968533747,0.0,0.0,1,1,0,-1
german,lightgbm,80,installment_rate,relative_minus_10,-0.1,2.0,2.2,0.24724091491319555,0.24724091491319555,0.0,0.0,0,0,0,-1
german,lightgbm,81,installment_rate,relative_minus_10,-0.1,2.0,2.2,0.052062520477255576,0.052062520477255576,0.0,0.0,0,0,0,-1
german,lightgbm,82,installment_rate,relative_minus_10,-0.1,2.0,2.2,0.39190331104024756,0.39190331104024756,0.0,0.0,0,0,0,-1
german,lightgbm,83,installment_rate,relative_minus_10,-0.1,4.0,4.4,0.4694418067846172,0.4694418067846172,0.0,0.0,0,0,0,-1
german,lightgbm,84,installment_rate,relative_minus_10,-0.1,1.0,1.1,0.1739683108218602,0.1739683108218602,0.0,0.0,0,0,0,-1
german,lightgbm,85,installment_rate,relative_minus_10,-0.1,2.0,2.2,0.004521489614918298,0.004521489614918298,0.0,0.0,0,0,0,-1
german,lightgbm,86,installment_rate,relative_minus_10,-0.1,3.0,3.3,0.026602380126023603,0.026602380126023603,0.0,0.0,0,0,0,-1
german,lightgbm,87,installment_rate,relative_minus_10,-0.1,4.0,4.4,0.6076387501320122,0.6076387501320122,0.0,0.0,1,1,0,-1
german,lightgbm,88,installment_rate,relative_minus_10,-0.1,4.0,4.4,0.0010791611127486252,0.0010791611127486252,0.0,0.0,0,0,0,-1
german,lightgbm,89,installment_rate,relative_minus_10,-0.1,4.0,4.4,0.742624474994036,0.742624474994036,0.0,0.0,1,1,0,-1
german,lightgbm,90,installment_rate,relative_minus_10,-0.1,4.0,4.4,0.7861995616942514,0.7861995616942514,0.0,0.0,1,1,0,-1
german,lightgbm,91,installment_rate,relative_minus_10,-0.1,4.0,4.4,0.4725044710209194,0.4725044710209194,0.0,0.0,0,0,0,-1
german,lightgbm,92,installment_rate,relative_minus_10,-0.1,4.0,4.4,0.5387828783155257,0.5387828783155257,0.0,0.0,1,1,0,-1
german,lightgbm,93,installment_rate,relative_minus_10,-0.1,2.0,2.2,0.595542444670801,0.595542444670801,0.0,0.0,1,1,0,-1
german,lightgbm,94,installment_rate,relative_minus_10,-0.1,2.0,2.2,0.007938278878830486,0.007938278878830486,0.0,0.0,0,0,0,-1
german,lightgbm,95,installment_rate,relative_minus_10,-0.1,4.0,4.4,0.05798365229948388,0.05798365229948388,0.0,0.0,0,0,0,-1
german,lightgbm,96,installment_rate,relative_minus_10,-0.1,4.0,4.4,0.5786519101275599,0.5786519101275599,0.0,0.0,1,1,0,-1
german,lightgbm,97,installment_rate,relative_minus_10,-0.1,1.0,1.1,0.1637333359008902,0.1637333359008902,0.0,0.0,0,0,0,-1
german,lightgbm,98,installment_rate,relative_minus_10,-0.1,4.0,4.4,0.7094753427844519,0.7094753427844519,0.0,0.0,1,1,0,-1
german,lightgbm,99,installment_rate,relative_minus_10,-0.1,4.0,4.4,0.0021652605170008033,0.0021652605170008033,0.0,0.0,0,0,0,-1
german,lightgbm,0,installment_rate,relative_plus_10,0.1,3.0,3.3,0.3906285256737892,0.3906285256737892,0.0,0.0,0,0,0,-1
german,lightgbm,1,installment_rate,relative_plus_10,0.1,3.0,3.3,0.239865701726269,0.239865701726269,0.0,0.0,0,0,0,-1
german,lightgbm,2,installment_rate,relative_plus_10,0.1,4.0,4.4,0.061421238781333064,0.061421238781333064,0.0,0.0,0,0,0,-1
german,lightgbm,3,installment_rate,relative_plus_10,0.1,4.0,4.4,0.06199636354725938,0.06199636354725938,0.0,0.0,0,0,0,-1
german,lightgbm,4,installment_rate,relative_plus_10,0.1,2.0,2.2,0.000778019771551934,0.000778019771551934,0.0,0.0,0,0,0,-1
german,lightgbm,5,installment_rate,relative_plus_10,0.1,1.0,1.1,0.0127552116532506,0.0127552116532506,0.0,0.0,0,0,0,-1
german,lightgbm,6,installment_rate,relative_plus_10,0.1,3.0,3.3,0.0015875374622949037,0.0015875374622949037,0.0,0.0,0,0,0,-1
german,lightgbm,7,installment_rate,relative_plus_10,0.1,4.0,4.4,0.10095917931946011,0.10095917931946011,0.0,0.0,0,0,0,-1
german,lightgbm,8,installment_rate,relative_plus_10,0.1,4.0,4.4,0.019686942909276986,0.019686942909276986,0.0,0.0,0,0,0,-1
german,lightgbm,9,installment_rate,relative_plus_10,0.1,4.0,4.4,0.8815646011543224,0.8815646011543224,0.0,0.0,1,1,0,-1
german,lightgbm,10,installment_rate,relative_plus_10,0.1,3.0,3.3,0.6231673856151776,0.6231673856151776,0.0,0.0,1,1,0,-1
german,lightgbm,11,installment_rate,relative_plus_10,0.1,2.0,2.2,0.5819234725438788,0.5819234725438788,0.0,0.0,1,1,0,-1
german,lightgbm,12,installment_rate,relative_plus_10,0.1,4.0,4.4,0.016381379372910523,0.016381379372910523,0.0,0.0,0,0,0,-1
german,lightgbm,13,installment_rate,relative_plus_10,0.1,3.0,3.3,0.15698660361202765,0.15698660361202765,0.0,0.0,0,0,0,-1
german,lightgbm,14,installment_rate,relative_plus_10,0.1,2.0,2.2,0.06001081215992454,0.06001081215992454,0.0,0.0,0,0,0,-1
german,lightgbm,15,installment_rate,relative_plus_10,0.1,3.0,3.3,0.34466443332437136,0.34466443332437136,0.0,0.0,0,0,0,-1
german,lightgbm,16,installment_rate,relative_plus_10,0.1,4.0,4.4,0.0013520297228720205,0.0013520297228720205,0.0,0.0,0,0,0,-1
german,lightgbm,17,installment_rate,relative_plus_10,0.1,4.0,4.4,0.925921763327486,0.925921763327486,0.0,0.0,1,1,0,-1
german,lightgbm,18,installment_rate,relative_plus_10,0.1,2.0,2.2,0.05210815660012766,0.05210815660012766,0.0,0.0,0,0,0,-1
german,lightgbm,19,installment_rate,relative_plus_10,0.1,4.0,4.4,0.9431976521725624,0.9431976521725624,0.0,0.0,1,1,0,-1
german,lightgbm,20,installment_rate,relative_plus_10,0.1,1.0,1.1,0.1652310311335665,0.1652310311335665,0.0,0.0,0,0,0,-1
german,lightgbm,21,installment_rate,relative_plus_10,0.1,4.0,4.4,0.04087693346542949,0.04087693346542949,0.0,0.0,0,0,0,-1
german,lightgbm,22,installment_rate,relative_plus_10,0.1,4.0,4.4,0.06721612707097044,0.06721612707097044,0.0,0.0,0,0,0,-1
german,lightgbm,23,installment_rate,relative_plus_10,0.1,4.0,4.4,0.8427293510043804,0.8427293510043804,0.0,0.0,1,1,0,-1
german,lightgbm,24,installment_rate,relative_plus_10,0.1,4.0,4.4,0.7997434553378628,0.7997434553378628,0.0,0.0,1,1,0,-1
german,lightgbm,25,installment_rate,relative_plus_10,0.1,3.0,3.3,0.4667371539312502,0.4667371539312502,0.0,0.0,0,0,0,-1
german,lightgbm,26,installment_rate,relative_plus_10,0.1,1.0,1.1,0.2090941121178558,0.2090941121178558,0.0,0.0,0,0,0,-1
german,lightgbm,27,installment_rate,relative_plus_10,0.1,4.0,4.4,0.45947633223517137,0.45947633223517137,0.0,0.0,0,0,0,-1
german,lightgbm,28,installment_rate,relative_plus_10,0.1,1.0,1.1,0.003740671773448724,0.003740671773448724,0.0,0.0,0,0,0,-1
german,lightgbm,29,installment_rate,relative_plus_10,0.1,1.0,1.1,0.44175540704147304,0.44175540704147304,0.0,0.0,0,0,0,-1
german,lightgbm,30,installment_rate,relative_plus_10,0.1,4.0,4.4,0.36163582701893,0.36163582701893,0.0,0.0,0,0,0,-1
german,lightgbm,31,installment_rate,relative_plus_10,0.1,4.0,4.4,0.34959479263019255,0.34959479263019255,0.0,0.0,0,0,0,-1
german,lightgbm,32,installment_rate,relative_plus_10,0.1,2.0,2.2,0.027101650147053884,0.027101650147053884,0.0,0.0,0,0,0,-1
german,lightgbm,33,installment_rate,relative_plus_10,0.1,4.0,4.4,0.0284420531071389,0.0284420531071389,0.0,0.0,0,0,0,-1
german,lightgbm,34,installment_rate,relative_plus_10,0.1,4.0,4.4,0.7949814871873333,0.7949814871873333,0.0,0.0,1,1,0,-1
german,lightgbm,35,installment_rate,relative_plus_10,0.1,4.0,4.4,0.5095935653238034,0.5095935653238034,0.0,0.0,1,1,0,-1
german,lightgbm,36,installment_rate,relative_plus_10,0.1,4.0,4.4,0.7254708576063886,0.7254708576063886,0.0,0.0,1,1,0,-1
german,lightgbm,37,installment_rate,relative_plus_10,0.1,4.0,4.4,0.1180789524031287,0.1180789524031287,0.0,0.0,0,0,0,-1
german,lightgbm,38,installment_rate,relative_plus_10,0.1,2.0,2.2,0.4095659707951472,0.4095659707951472,0.0,0.0,0,0,0,-1
german,lightgbm,39,installment_rate,relative_plus_10,0.1,4.0,4.4,0.018957526512300097,0.018957526512300097,0.0,0.0,0,0,0,-1
german,lightgbm,40,installment_rate,relative_plus_10,0.1,4.0,4.4,0.5387102777430276,0.5387102777430276,0.0,0.0,1,1,0,-1
german,lightgbm,41,installment_rate,relative_plus_10,0.1,4.0,4.4,0.2852989110737803,0.2852989110737803,0.0,0.0,0,0,0,-1
german,lightgbm,42,installment_rate,relative_plus_10,0.1,4.0,4.4,0.8199191131790665,0.8199191131790665,0.0,0.0,1,1,0,-1
german,lightgbm,43,installment_rate,relative_plus_10,0.1,4.0,4.4,0.9309460410455855,0.9309460410455855,0.0,0.0,1,1,0,-1
german,lightgbm,44,installment_rate,relative_plus_10,0.1,4.0,4.4,0.5665947846895176,0.5665947846895176,0.0,0.0,1,1,0,-1
german,lightgbm,45,installment_rate,relative_plus_10,0.1,4.0,4.4,0.2447713790571778,0.2447713790571778,0.0,0.0,0,0,0,-1
german,lightgbm,46,installment_rate,relative_plus_10,0.1,4.0,4.4,0.010856344450514104,0.010856344450514104,0.0,0.0,0,0,0,-1
german,lightgbm,47,installment_rate,relative_plus_10,0.1,1.0,1.1,0.10565369098051447,0.10565369098051447,0.0,0.0,0,0,0,-1
german,lightgbm,48,installment_rate,relative_plus_10,0.1,1.0,1.1,0.0077234696716923824,0.0077234696716923824,0.0,0.0,0,0,0,-1
german,lightgbm,49,installment_rate,relative_plus_10,0.1,4.0,4.4,0.37766608391954276,0.37766608391954276,0.0,0.0,0,0,0,-1
german,lightgbm,50,installment_rate,relative_plus_10,0.1,2.0,2.2,0.10754456996147924,0.10754456996147924,0.0,0.0,0,0,0,-1
german,lightgbm,51,installment_rate,relative_plus_10,0.1,2.0,2.2,0.20045288792019303,0.20045288792019303,0.0,0.0,0,0,0,-1
german,lightgbm,52,installment_rate,relative_plus_10,0.1,2.0,2.2,0.2232390849422753,0.2232390849422753,0.0,0.0,0,0,0,-1
german,lightgbm,53,installment_rate,relative_plus_10,0.1,4.0,4.4,0.08263946571053118,0.08263946571053118,0.0,0.0,0,0,0,-1
german,lightgbm,54,installment_rate,relative_plus_10,0.1,4.0,4.4,0.7751983503992061,0.7751983503992061,0.0,0.0,1,1,0,-1
german,lightgbm,55,installment_rate,relative_plus_10,0.1,4.0,4.4,0.2709041232151986,0.2709041232151986,0.0,0.0,0,0,0,-1
german,lightgbm,56,installment_rate,relative_plus_10,0.1,4.0,4.4,0.8949846835423396,0.8949846835423396,0.0,0.0,1,1,0,-1
german,lightgbm,57,installment_rate,relative_plus_10,0.1,4.0,4.4,0.19895661481991747,0.19895661481991747,0.0,0.0,0,0,0,-1
german,lightgbm,58,installment_rate,relative_plus_10,0.1,2.0,2.2,0.19686220446311817,0.19686220446311817,0.0,0.0,0,0,0,-1
german,lightgbm,59,installment_rate,relative_plus_10,0.1,3.0,3.3,0.6556463130368732,0.6556463130368732,0.0,0.0,1,1,0,-1
german,lightgbm,60,installment_rate,relative_plus_10,0.1,3.0,3.3,0.1494642794145739,0.1494642794145739,0.0,0.0,0,0,0,-1
german,lightgbm,61,installment_rate,relative_plus_10,0.1,4.0,4.4,0.07395817947549249,0.07395817947549249,0.0,0.0,0,0,0,-1
german,lightgbm,62,installment_rate,relative_plus_10,0.1,1.0,1.1,0.7910063234667474,0.7910063234667474,0.0,0.0,1,1,0,-1
german,lightgbm,63,installment_rate,relative_plus_10,0.1,2.0,2.2,0.46215650717795514,0.46215650717795514,0.0,0.0,0,0,0,-1
german,lightgbm,64,installment_rate,relative_plus_10,0.1,1.0,1.1,0.8565251969688404,0.8565251969688404,0.0,0.0,1,1,0,-1
german,lightgbm,65,installment_rate,relative_plus_10,0.1,4.0,4.4,0.17328838568870306,0.17328838568870306,0.0,0.0,0,0,0,-1
german,lightgbm,66,installment_rate,relative_plus_10,0.1,4.0,4.4,0.2073789273550252,0.2073789273550252,0.0,0.0,0,0,0,-1
german,lightgbm,67,installment_rate,relative_plus_10,0.1,4.0,4.4,0.9222025230520857,0.9222025230520857,0.0,0.0,1,1,0,-1
german,lightgbm,68,installment_rate,relative_plus_10,0.1,4.0,4.4,0.36554189730904146,0.36554189730904146,0.0,0.0,0,0,0,-1
german,lightgbm,69,installment_rate,relative_plus_10,0.1,3.0,3.3,0.5551759772046333,0.5551759772046333,0.0,0.0,1,1,0,-1
german,lightgbm,70,installment_rate,relative_plus_10,0.1,4.0,4.4,0.8060668534560961,0.8060668534560961,0.0,0.0,1,1,0,-1
german,lightgbm,71,installment_rate,relative_plus_10,0.1,3.0,3.3,0.00979720703639709,0.00979720703639709,0.0,0.0,0,0,0,-1
german,lightgbm,72,installment_rate,relative_plus_10,0.1,3.0,3.3,0.16440951309080398,0.16440951309080398,0.0,0.0,0,0,0,-1
german,lightgbm,73,installment_rate,relative_plus_10,0.1,4.0,4.4,0.0701512066146692,0.0701512066146692,0.0,0.0,0,0,0,-1
german,lightgbm,74,installment_rate,relative_plus_10,0.1,4.0,4.4,0.20089675448649513,0.20089675448649513,0.0,0.0,0,0,0,-1
german,lightgbm,75,installment_rate,relative_plus_10,0.1,1.0,1.1,0.5222806196725559,0.5222806196725559,0.0,0.0,1,1,0,-1
german,lightgbm,76,installment_rate,relative_plus_10,0.1,2.0,2.2,0.232539774434109,0.232539774434109,0.0,0.0,0,0,0,-1
german,lightgbm,77,installment_rate,relative_plus_10,0.1,4.0,4.4,0.7296014495994664,0.7296014495994664,0.0,0.0,1,1,0,-1
german,lightgbm,78,installment_rate,relative_plus_10,0.1,4.0,4.4,0.05233574686089174,0.05233574686089174,0.0,0.0,0,0,0,-1
german,lightgbm,79,installment_rate,relative_plus_10,0.1,4.0,4.4,0.8523601968533747,0.8523601968533747,0.0,0.0,1,1,0,-1
german,lightgbm,80,installment_rate,relative_plus_10,0.1,2.0,2.2,0.24724091491319555,0.24724091491319555,0.0,0.0,0,0,0,-1
german,lightgbm,81,installment_rate,relative_plus_10,0.1,2.0,2.2,0.052062520477255576,0.052062520477255576,0.0,0.0,0,0,0,-1
german,lightgbm,82,installment_rate,relative_plus_10,0.1,2.0,2.2,0.39190331104024756,0.39190331104024756,0.0,0.0,0,0,0,-1
german,lightgbm,83,installment_rate,relative_plus_10,0.1,4.0,4.4,0.4694418067846172,0.4694418067846172,0.0,0.0,0,0,0,-1
german,lightgbm,84,installment_rate,relative_plus_10,0.1,1.0,1.1,0.1739683108218602,0.1739683108218602,0.0,0.0,0,0,0,-1
german,lightgbm,85,installment_rate,relative_plus_10,0.1,2.0,2.2,0.004521489614918298,0.004521489614918298,0.0,0.0,0,0,0,-1
german,lightgbm,86,installment_rate,relative_plus_10,0.1,3.0,3.3,0.026602380126023603,0.026602380126023603,0.0,0.0,0,0,0,-1
german,lightgbm,87,installment_rate,relative_plus_10,0.1,4.0,4.4,0.6076387501320122,0.6076387501320122,0.0,0.0,1,1,0,-1
german,lightgbm,88,installment_rate,relative_plus_10,0.1,4.0,4.4,0.0010791611127486252,0.0010791611127486252,0.0,0.0,0,0,0,-1
german,lightgbm,89,installment_rate,relative_plus_10,0.1,4.0,4.4,0.742624474994036,0.742624474994036,0.0,0.0,1,1,0,-1
german,lightgbm,90,installment_rate,relative_plus_10,0.1,4.0,4.4,0.7861995616942514,0.7861995616942514,0.0,0.0,1,1,0,-1
german,lightgbm,91,installment_rate,relative_plus_10,0.1,4.0,4.4,0.4725044710209194,0.4725044710209194,0.0,0.0,0,0,0,-1
german,lightgbm,92,installment_rate,relative_plus_10,0.1,4.0,4.4,0.5387828783155257,0.5387828783155257,0.0,0.0,1,1,0,-1
german,lightgbm,93,installment_rate,relative_plus_10,0.1,2.0,2.2,0.595542444670801,0.595542444670801,0.0,0.0,1,1,0,-1
german,lightgbm,94,installment_rate,relative_plus_10,0.1,2.0,2.2,0.007938278878830486,0.007938278878830486,0.0,0.0,0,0,0,-1
german,lightgbm,95,installment_rate,relative_plus_10,0.1,4.0,4.4,0.05798365229948388,0.05798365229948388,0.0,0.0,0,0,0,-1
german,lightgbm,96,installment_rate,relative_plus_10,0.1,4.0,4.4,0.5786519101275599,0.5786519101275599,0.0,0.0,1,1,0,-1
german,lightgbm,97,installment_rate,relative_plus_10,0.1,1.0,1.1,0.1637333359008902,0.1637333359008902,0.0,0.0,0,0,0,-1
german,lightgbm,98,installment_rate,relative_plus_10,0.1,4.0,4.4,0.7094753427844519,0.7094753427844519,0.0,0.0,1,1,0,-1
german,lightgbm,99,installment_rate,relative_plus_10,0.1,4.0,4.4,0.0021652605170008033,0.0021652605170008033,0.0,0.0,0,0,0,-1
german,lightgbm,0,residence_since,relative_minus_5,-0.05,4.0,4.2,0.3906285256737892,0.3906285256737892,0.0,0.0,0,0,0,-1
german,lightgbm,1,residence_since,relative_minus_5,-0.05,3.0,3.15,0.239865701726269,0.239865701726269,0.0,0.0,0,0,0,-1
german,lightgbm,2,residence_since,relative_minus_5,-0.05,4.0,4.2,0.061421238781333064,0.061421238781333064,0.0,0.0,0,0,0,-1
german,lightgbm,3,residence_since,relative_minus_5,-0.05,4.0,4.2,0.06199636354725938,0.06199636354725938,0.0,0.0,0,0,0,-1
german,lightgbm,4,residence_since,relative_minus_5,-0.05,1.0,1.05,0.000778019771551934,0.000778019771551934,0.0,0.0,0,0,0,-1
german,lightgbm,5,residence_since,relative_minus_5,-0.05,4.0,4.2,0.0127552116532506,0.0127552116532506,0.0,0.0,0,0,0,-1
german,lightgbm,6,residence_since,relative_minus_5,-0.05,2.0,2.1,0.0015875374622949037,0.0015875374622949037,0.0,0.0,0,0,0,-1
german,lightgbm,7,residence_since,relative_minus_5,-0.05,2.0,2.1,0.10095917931946011,0.10095917931946011,0.0,0.0,0,0,0,-1
german,lightgbm,8,residence_since,relative_minus_5,-0.05,2.0,2.1,0.019686942909276986,0.019686942909276986,0.0,0.0,0,0,0,-1
german,lightgbm,9,residence_since,relative_minus_5,-0.05,4.0,4.2,0.8815646011543224,0.8815646011543224,0.0,0.0,1,1,0,-1
german,lightgbm,10,residence_since,relative_minus_5,-0.05,4.0,4.2,0.6231673856151776,0.6231673856151776,0.0,0.0,1,1,0,-1
german,lightgbm,11,residence_since,relative_minus_5,-0.05,1.0,1.05,0.5819234725438788,0.5819234725438788,0.0,0.0,1,1,0,-1
german,lightgbm,12,residence_since,relative_minus_5,-0.05,2.0,2.1,0.016381379372910523,0.016381379372910523,0.0,0.0,0,0,0,-1
german,lightgbm,13,residence_since,relative_minus_5,-0.05,2.0,2.1,0.15698660361202765,0.15698660361202765,0.0,0.0,0,0,0,-1
german,lightgbm,14,residence_since,relative_minus_5,-0.05,3.0,3.15,0.06001081215992454,0.06001081215992454,0.0,0.0,0,0,0,-1
german,lightgbm,15,residence_since,relative_minus_5,-0.05,2.0,2.1,0.34466443332437136,0.34466443332437136,0.0,0.0,0,0,0,-1
german,lightgbm,16,residence_since,relative_minus_5,-0.05,4.0,4.2,0.0013520297228720205,0.0013520297228720205,0.0,0.0,0,0,0,-1
german,lightgbm,17,residence_since,relative_minus_5,-0.05,4.0,4.2,0.925921763327486,0.925921763327486,0.0,0.0,1,1,0,-1
german,lightgbm,18,residence_since,relative_minus_5,-0.05,2.0,2.1,0.05210815660012766,0.05210815660012766,0.0,0.0,0,0,0,-1
german,lightgbm,19,residence_since,relative_minus_5,-0.05,2.0,2.1,0.9431976521725624,0.9431976521725624,0.0,0.0,1,1,0,-1
german,lightgbm,20,residence_since,relative_minus_5,-0.05,4.0,4.2,0.1652310311335665,0.1652310311335665,0.0,0.0,0,0,0,-1
german,lightgbm,21,residence_since,relative_minus_5,-0.05,4.0,4.2,0.04087693346542949,0.04087693346542949,0.0,0.0,0,0,0,-1
german,lightgbm,22,residence_since,relative_minus_5,-0.05,2.0,2.1,0.06721612707097044,0.06721612707097044,0.0,0.0,0,0,0,-1
german,lightgbm,23,residence_since,relative_minus_5,-0.05,3.0,3.15,0.8427293510043804,0.8427293510043804,0.0,0.0,1,1,0,-1
german,lightgbm,24,residence_since,relative_minus_5,-0.05,2.0,2.1,0.7997434553378628,0.7997434553378628,0.0,0.0,1,1,0,-1
german,lightgbm,25,residence_since,relative_minus_5,-0.05,2.0,2.1,0.4667371539312502,0.4667371539312502,0.0,0.0,0,0,0,-1
german,lightgbm,26,residence_since,relative_minus_5,-0.05,4.0,4.2,0.2090941121178558,0.2090941121178558,0.0,0.0,0,0,0,-1
german,lightgbm,27,residence_since,relative_minus_5,-0.05,1.0,1.05,0.45947633223517137,0.45947633223517137,0.0,0.0,0,0,0,-1
german,lightgbm,28,residence_since,relative_minus_5,-0.05,2.0,2.1,0.003740671773448724,0.003740671773448724,0.0,0.0,0,0,0,-1
german,lightgbm,29,residence_since,relative_minus_5,-0.05,2.0,2.1,0.44175540704147304,0.44175540704147304,0.0,0.0,0,0,0,-1
german,lightgbm,30,residence_since,relative_minus_5,-0.05,1.0,1.05,0.36163582701893,0.36163582701893,0.0,0.0,0,0,0,-1
german,lightgbm,31,residence_since,relative_minus_5,-0.05,2.0,2.1,0.34959479263019255,0.34959479263019255,0.0,0.0,0,0,0,-1
german,lightgbm,32,residence_since,relative_minus_5,-0.05,2.0,2.1,0.027101650147053884,0.027101650147053884,0.0,0.0,0,0,0,-1
german,lightgbm,33,residence_since,relative_minus_5,-0.05,2.0,2.1,0.0284420531071389,0.0284420531071389,0.0,0.0,0,0,0,-1
german,lightgbm,34,residence_since,relative_minus_5,-0.05,2.0,2.1,0.7949814871873333,0.7949814871873333,0.0,0.0,1,1,0,-1
german,lightgbm,35,residence_since,relative_minus_5,-0.05,1.0,1.05,0.5095935653238034,0.5095935653238034,0.0,0.0,1,1,0,-1
german,lightgbm,36,residence_since,relative_minus_5,-0.05,4.0,4.2,0.7254708576063886,0.7254708576063886,0.0,0.0,1,1,0,-1
german,lightgbm,37,residence_since,relative_minus_5,-0.05,3.0,3.15,0.1180789524031287,0.1180789524031287,0.0,0.0,0,0,0,-1
german,lightgbm,38,residence_since,relative_minus_5,-0.05,4.0,4.2,0.4095659707951472,0.4095659707951472,0.0,0.0,0,0,0,-1
german,lightgbm,39,residence_since,relative_minus_5,-0.05,4.0,4.2,0.018957526512300097,0.018957526512300097,0.0,0.0,0,0,0,-1
german,lightgbm,40,residence_since,relative_minus_5,-0.05,2.0,2.1,0.5387102777430276,0.5387102777430276,0.0,0.0,1,1,0,-1
german,lightgbm,41,residence_since,relative_minus_5,-0.05,4.0,4.2,0.2852989110737803,0.2852989110737803,0.0,0.0,0,0,0,-1
german,lightgbm,42,residence_since,relative_minus_5,-0.05,4.0,4.2,0.8199191131790665,0.8199191131790665,0.0,0.0,1,1,0,-1
german,lightgbm,43,residence_since,relative_minus_5,-0.05,2.0,2.1,0.9309460410455855,0.9309460410455855,0.0,0.0,1,1,0,-1
german,lightgbm,44,residence_since,relative_minus_5,-0.05,2.0,2.1,0.5665947846895176,0.5665947846895176,0.0,0.0,1,1,0,-1
german,lightgbm,45,residence_since,relative_minus_5,-0.05,4.0,4.2,0.2447713790571778,0.2447713790571778,0.0,0.0,0,0,0,-1
german,lightgbm,46,residence_since,relative_minus_5,-0.05,1.0,1.05,0.010856344450514104,0.010856344450514104,0.0,0.0,0,0,0,-1
german,lightgbm,47,residence_since,relative_minus_5,-0.05,3.0,3.15,0.10565369098051447,0.10565369098051447,0.0,0.0,0,0,0,-1
german,lightgbm,48,residence_since,relative_minus_5,-0.05,4.0,4.2,0.0077234696716923824,0.0077234696716923824,0.0,0.0,0,0,0,-1
german,lightgbm,49,residence_since,relative_minus_5,-0.05,4.0,4.2,0.37766608391954276,0.37766608391954276,0.0,0.0,0,0,0,-1
german,lightgbm,50,residence_since,relative_minus_5,-0.05,3.0,3.15,0.10754456996147924,0.10754456996147924,0.0,0.0,0,0,0,-1
german,lightgbm,51,residence_since,relative_minus_5,-0.05,2.0,2.1,0.20045288792019303,0.20045288792019303,0.0,0.0,0,0,0,-1
german,lightgbm,52,residence_since,relative_minus_5,-0.05,2.0,2.1,0.2232390849422753,0.2232390849422753,0.0,0.0,0,0,0,-1
german,lightgbm,53,residence_since,relative_minus_5,-0.05,2.0,2.1,0.08263946571053118,0.08263946571053118,0.0,0.0,0,0,0,-1
german,lightgbm,54,residence_since,relative_minus_5,-0.05,3.0,3.15,0.7751983503992061,0.7751983503992061,0.0,0.0,1,1,0,-1
german,lightgbm,55,residence_since,relative_minus_5,-0.05,4.0,4.2,0.2709041232151986,0.2709041232151986,0.0,0.0,0,0,0,-1
german,lightgbm,56,residence_since,relative_minus_5,-0.05,4.0,4.2,0.8949846835423396,0.8949846835423396,0.0,0.0,1,1,0,-1
german,lightgbm,57,residence_since,relative_minus_5,-0.05,1.0,1.05,0.19895661481991747,0.19895661481991747,0.0,0.0,0,0,0,-1
german,lightgbm,58,residence_since,relative_minus_5,-0.05,4.0,4.2,0.19686220446311817,0.19686220446311817,0.0,0.0,0,0,0,-1
german,lightgbm,59,residence_since,relative_minus_5,-0.05,4.0,4.2,0.6556463130368732,0.6556463130368732,0.0,0.0,1,1,0,-1
german,lightgbm,60,residence_since,relative_minus_5,-0.05,2.0,2.1,0.1494642794145739,0.1494642794145739,0.0,0.0,0,0,0,-1
german,lightgbm,61,residence_since,relative_minus_5,-0.05,2.0,2.1,0.07395817947549249,0.07395817947549249,0.0,0.0,0,0,0,-1
german,lightgbm,62,residence_since,relative_minus_5,-0.05,2.0,2.1,0.7910063234667474,0.7910063234667474,0.0,0.0,1,1,0,-1
german,lightgbm,63,residence_since,relative_minus_5,-0.05,3.0,3.15,0.46215650717795514,0.46215650717795514,0.0,0.0,0,0,0,-1
german,lightgbm,64,residence_since,relative_minus_5,-0.05,2.0,2.1,0.8565251969688404,0.8565251969688404,0.0,0.0,1,1,0,-1
german,lightgbm,65,residence_since,relative_minus_5,-0.05,3.0,3.15,0.17328838568870306,0.17328838568870306,0.0,0.0,0,0,0,-1
german,lightgbm,66,residence_since,relative_minus_5,-0.05,4.0,4.2,0.2073789273550252,0.2073789273550252,0.0,0.0,0,0,0,-1
german,lightgbm,67,residence_since,relative_minus_5,-0.05,2.0,2.1,0.9222025230520857,0.9222025230520857,0.0,0.0,1,1,0,-1
german,lightgbm,68,residence_since,relative_minus_5,-0.05,4.0,4.2,0.36554189730904146,0.36554189730904146,0.0,0.0,0,0,0,-1
german,lightgbm,69,residence_since,relative_minus_5,-0.05,2.0,2.1,0.5551759772046333,0.5551759772046333,0.0,0.0,1,1,0,-1
german,lightgbm,70,residence_since,relative_minus_5,-0.05,2.0,2.1,0.8060668534560961,0.8060668534560961,0.0,0.0,1,1,0,-1
german,lightgbm,71,residence_since,relative_minus_5,-0.05,4.0,4.2,0.00979720703639709,0.00979720703639709,0.0,0.0,0,0,0,-1
german,lightgbm,72,residence_since,relative_minus_5,-0.05,2.0,2.1,0.16440951309080398,0.16440951309080398,0.0,0.0,0,0,0,-1
german,lightgbm,73,residence_since,relative_minus_5,-0.05,4.0,4.2,0.0701512066146692,0.0701512066146692,0.0,0.0,0,0,0,-1
german,lightgbm,74,residence_since,relative_minus_5,-0.05,3.0,3.15,0.20089675448649513,0.20089675448649513,0.0,0.0,0,0,0,-1
german,lightgbm,75,residence_since,relative_minus_5,-0.05,4.0,4.2,0.5222806196725559,0.5222806196725559,0.0,0.0,1,1,0,-1
german,lightgbm,76,residence_since,relative_minus_5,-0.05,4.0,4.2,0.232539774434109,0.232539774434109,0.0,0.0,0,0,0,-1
german,lightgbm,77,residence_since,relative_minus_5,-0.05,4.0,4.2,0.7296014495994664,0.7296014495994664,0.0,0.0,1,1,0,-1
german,lightgbm,78,residence_since,relative_minus_5,-0.05,2.0,2.1,0.05233574686089174,0.05233574686089174,0.0,0.0,0,0,0,-1
german,lightgbm,79,residence_since,relative_minus_5,-0.05,4.0,4.2,0.8523601968533747,0.8523601968533747,0.0,0.0,1,1,0,-1
german,lightgbm,80,residence_since,relative_minus_5,-0.05,4.0,4.2,0.24724091491319555,0.24724091491319555,0.0,0.0,0,0,0,-1
german,lightgbm,81,residence_since,relative_minus_5,-0.05,2.0,2.1,0.052062520477255576,0.052062520477255576,0.0,0.0,0,0,0,-1
german,lightgbm,82,residence_since,relative_minus_5,-0.05,4.0,4.2,0.39190331104024756,0.39190331104024756,0.0,0.0,0,0,0,-1
german,lightgbm,83,residence_since,relative_minus_5,-0.05,2.0,2.1,0.4694418067846172,0.4694418067846172,0.0,0.0,0,0,0,-1
german,lightgbm,84,residence_since,relative_minus_5,-0.05,4.0,4.2,0.1739683108218602,0.1739683108218602,0.0,0.0,0,0,0,-1
german,lightgbm,85,residence_since,relative_minus_5,-0.05,3.0,3.15,0.004521489614918298,0.004521489614918298,0.0,0.0,0,0,0,-1
german,lightgbm,86,residence_since,relative_minus_5,-0.05,2.0,2.1,0.026602380126023603,0.026602380126023603,0.0,0.0,0,0,0,-1
german,lightgbm,87,residence_since,relative_minus_5,-0.05,3.0,3.15,0.6076387501320122,0.6076387501320122,0.0,0.0,1,1,0,-1
german,lightgbm,88,residence_since,relative_minus_5,-0.05,2.0,2.1,0.0010791611127486252,0.0010791611127486252,0.0,0.0,0,0,0,-1
german,lightgbm,89,residence_since,relative_minus_5,-0.05,4.0,4.2,0.742624474994036,0.742624474994036,0.0,0.0,1,1,0,-1
german,lightgbm,90,residence_since,relative_minus_5,-0.05,4.0,4.2,0.7861995616942514,0.7861995616942514,0.0,0.0,1,1,0,-1
german,lightgbm,91,residence_since,relative_minus_5,-0.05,4.0,4.2,0.4725044710209194,0.4725044710209194,0.0,0.0,0,0,0,-1
german,lightgbm,92,residence_since,relative_minus_5,-0.05,4.0,4.2,0.5387828783155257,0.5387828783155257,0.0,0.0,1,1,0,-1
german,lightgbm,93,residence_since,relative_minus_5,-0.05,4.0,4.2,0.595542444670801,0.595542444670801,0.0,0.0,1,1,0,-1
german,lightgbm,94,residence_since,relative_minus_5,-0.05,2.0,2.1,0.007938278878830486,0.007938278878830486,0.0,0.0,0,0,0,-1
german,lightgbm,95,residence_since,relative_minus_5,-0.05,3.0,3.15,0.05798365229948388,0.05798365229948388,0.0,0.0,0,0,0,-1
german,lightgbm,96,residence_since,relative_minus_5,-0.05,4.0,4.2,0.5786519101275599,0.5786519101275599,0.0,0.0,1,1,0,-1
german,lightgbm,97,residence_since,relative_minus_5,-0.05,3.0,3.15,0.1637333359008902,0.1637333359008902,0.0,0.0,0,0,0,-1
german,lightgbm,98,residence_since,relative_minus_5,-0.05,3.0,3.15,0.7094753427844519,0.7094753427844519,0.0,0.0,1,1,0,-1
german,lightgbm,99,residence_since,relative_minus_5,-0.05,2.0,2.1,0.0021652605170008033,0.0021652605170008033,0.0,0.0,0,0,0,-1
german,lightgbm,0,residence_since,relative_plus_5,0.05,4.0,4.2,0.3906285256737892,0.3906285256737892,0.0,0.0,0,0,0,-1
german,lightgbm,1,residence_since,relative_plus_5,0.05,3.0,3.15,0.239865701726269,0.239865701726269,0.0,0.0,0,0,0,-1
german,lightgbm,2,residence_since,relative_plus_5,0.05,4.0,4.2,0.061421238781333064,0.061421238781333064,0.0,0.0,0,0,0,-1
german,lightgbm,3,residence_since,relative_plus_5,0.05,4.0,4.2,0.06199636354725938,0.06199636354725938,0.0,0.0,0,0,0,-1
german,lightgbm,4,residence_since,relative_plus_5,0.05,1.0,1.05,0.000778019771551934,0.000778019771551934,0.0,0.0,0,0,0,-1
german,lightgbm,5,residence_since,relative_plus_5,0.05,4.0,4.2,0.0127552116532506,0.0127552116532506,0.0,0.0,0,0,0,-1
german,lightgbm,6,residence_since,relative_plus_5,0.05,2.0,2.1,0.0015875374622949037,0.0015875374622949037,0.0,0.0,0,0,0,-1
german,lightgbm,7,residence_since,relative_plus_5,0.05,2.0,2.1,0.10095917931946011,0.10095917931946011,0.0,0.0,0,0,0,-1
german,lightgbm,8,residence_since,relative_plus_5,0.05,2.0,2.1,0.019686942909276986,0.019686942909276986,0.0,0.0,0,0,0,-1
german,lightgbm,9,residence_since,relative_plus_5,0.05,4.0,4.2,0.8815646011543224,0.8815646011543224,0.0,0.0,1,1,0,-1
german,lightgbm,10,residence_since,relative_plus_5,0.05,4.0,4.2,0.6231673856151776,0.6231673856151776,0.0,0.0,1,1,0,-1
german,lightgbm,11,residence_since,relative_plus_5,0.05,1.0,1.05,0.5819234725438788,0.5819234725438788,0.0,0.0,1,1,0,-1
german,lightgbm,12,residence_since,relative_plus_5,0.05,2.0,2.1,0.016381379372910523,0.016381379372910523,0.0,0.0,0,0,0,-1
german,lightgbm,13,residence_since,relative_plus_5,0.05,2.0,2.1,0.15698660361202765,0.15698660361202765,0.0,0.0,0,0,0,-1
german,lightgbm,14,residence_since,relative_plus_5,0.05,3.0,3.15,0.06001081215992454,0.06001081215992454,0.0,0.0,0,0,0,-1
german,lightgbm,15,residence_since,relative_plus_5,0.05,2.0,2.1,0.34466443332437136,0.34466443332437136,0.0,0.0,0,0,0,-1
german,lightgbm,16,residence_since,relative_plus_5,0.05,4.0,4.2,0.0013520297228720205,0.0013520297228720205,0.0,0.0,0,0,0,-1
german,lightgbm,17,residence_since,relative_plus_5,0.05,4.0,4.2,0.925921763327486,0.925921763327486,0.0,0.0,1,1,0,-1
german,lightgbm,18,residence_since,relative_plus_5,0.05,2.0,2.1,0.05210815660012766,0.05210815660012766,0.0,0.0,0,0,0,-1
german,lightgbm,19,residence_since,relative_plus_5,0.05,2.0,2.1,0.9431976521725624,0.9431976521725624,0.0,0.0,1,1,0,-1
german,lightgbm,20,residence_since,relative_plus_5,0.05,4.0,4.2,0.1652310311335665,0.1652310311335665,0.0,0.0,0,0,0,-1
german,lightgbm,21,residence_since,relative_plus_5,0.05,4.0,4.2,0.04087693346542949,0.04087693346542949,0.0,0.0,0,0,0,-1
german,lightgbm,22,residence_since,relative_plus_5,0.05,2.0,2.1,0.06721612707097044,0.06721612707097044,0.0,0.0,0,0,0,-1
german,lightgbm,23,residence_since,relative_plus_5,0.05,3.0,3.15,0.8427293510043804,0.8427293510043804,0.0,0.0,1,1,0,-1
german,lightgbm,24,residence_since,relative_plus_5,0.05,2.0,2.1,0.7997434553378628,0.7997434553378628,0.0,0.0,1,1,0,-1
german,lightgbm,25,residence_since,relative_plus_5,0.05,2.0,2.1,0.4667371539312502,0.4667371539312502,0.0,0.0,0,0,0,-1
german,lightgbm,26,residence_since,relative_plus_5,0.05,4.0,4.2,0.2090941121178558,0.2090941121178558,0.0,0.0,0,0,0,-1
german,lightgbm,27,residence_since,relative_plus_5,0.05,1.0,1.05,0.45947633223517137,0.45947633223517137,0.0,0.0,0,0,0,-1
german,lightgbm,28,residence_since,relative_plus_5,0.05,2.0,2.1,0.003740671773448724,0.003740671773448724,0.0,0.0,0,0,0,-1
german,lightgbm,29,residence_since,relative_plus_5,0.05,2.0,2.1,0.44175540704147304,0.44175540704147304,0.0,0.0,0,0,0,-1
german,lightgbm,30,residence_since,relative_plus_5,0.05,1.0,1.05,0.36163582701893,0.36163582701893,0.0,0.0,0,0,0,-1
german,lightgbm,31,residence_since,relative_plus_5,0.05,2.0,2.1,0.34959479263019255,0.34959479263019255,0.0,0.0,0,0,0,-1
german,lightgbm,32,residence_since,relative_plus_5,0.05,2.0,2.1,0.027101650147053884,0.027101650147053884,0.0,0.0,0,0,0,-1
german,lightgbm,33,residence_since,relative_plus_5,0.05,2.0,2.1,0.0284420531071389,0.0284420531071389,0.0,0.0,0,0,0,-1
german,lightgbm,34,residence_since,relative_plus_5,0.05,2.0,2.1,0.7949814871873333,0.7949814871873333,0.0,0.0,1,1,0,-1
german,lightgbm,35,residence_since,relative_plus_5,0.05,1.0,1.05,0.5095935653238034,0.5095935653238034,0.0,0.0,1,1,0,-1
german,lightgbm,36,residence_since,relative_plus_5,0.05,4.0,4.2,0.7254708576063886,0.7254708576063886,0.0,0.0,1,1,0,-1
german,lightgbm,37,residence_since,relative_plus_5,0.05,3.0,3.15,0.1180789524031287,0.1180789524031287,0.0,0.0,0,0,0,-1
german,lightgbm,38,residence_since,relative_plus_5,0.05,4.0,4.2,0.4095659707951472,0.4095659707951472,0.0,0.0,0,0,0,-1
german,lightgbm,39,residence_since,relative_plus_5,0.05,4.0,4.2,0.018957526512300097,0.018957526512300097,0.0,0.0,0,0,0,-1
german,lightgbm,40,residence_since,relative_plus_5,0.05,2.0,2.1,0.5387102777430276,0.5387102777430276,0.0,0.0,1,1,0,-1
german,lightgbm,41,residence_since,relative_plus_5,0.05,4.0,4.2,0.2852989110737803,0.2852989110737803,0.0,0.0,0,0,0,-1
german,lightgbm,42,residence_since,relative_plus_5,0.05,4.0,4.2,0.8199191131790665,0.8199191131790665,0.0,0.0,1,1,0,-1
german,lightgbm,43,residence_since,relative_plus_5,0.05,2.0,2.1,0.9309460410455855,0.9309460410455855,0.0,0.0,1,1,0,-1
german,lightgbm,44,residence_since,relative_plus_5,0.05,2.0,2.1,0.5665947846895176,0.5665947846895176,0.0,0.0,1,1,0,-1
german,lightgbm,45,residence_since,relative_plus_5,0.05,4.0,4.2,0.2447713790571778,0.2447713790571778,0.0,0.0,0,0,0,-1
german,lightgbm,46,residence_since,relative_plus_5,0.05,1.0,1.05,0.010856344450514104,0.010856344450514104,0.0,0.0,0,0,0,-1
german,lightgbm,47,residence_since,relative_plus_5,0.05,3.0,3.15,0.10565369098051447,0.10565369098051447,0.0,0.0,0,0,0,-1
german,lightgbm,48,residence_since,relative_plus_5,0.05,4.0,4.2,0.0077234696716923824,0.0077234696716923824,0.0,0.0,0,0,0,-1
german,lightgbm,49,residence_since,relative_plus_5,0.05,4.0,4.2,0.37766608391954276,0.37766608391954276,0.0,0.0,0,0,0,-1
german,lightgbm,50,residence_since,relative_plus_5,0.05,3.0,3.15,0.10754456996147924,0.10754456996147924,0.0,0.0,0,0,0,-1
german,lightgbm,51,residence_since,relative_plus_5,0.05,2.0,2.1,0.20045288792019303,0.20045288792019303,0.0,0.0,0,0,0,-1
german,lightgbm,52,residence_since,relative_plus_5,0.05,2.0,2.1,0.2232390849422753,0.2232390849422753,0.0,0.0,0,0,0,-1
german,lightgbm,53,residence_since,relative_plus_5,0.05,2.0,2.1,0.08263946571053118,0.08263946571053118,0.0,0.0,0,0,0,-1
german,lightgbm,54,residence_since,relative_plus_5,0.05,3.0,3.15,0.7751983503992061,0.7751983503992061,0.0,0.0,1,1,0,-1
german,lightgbm,55,residence_since,relative_plus_5,0.05,4.0,4.2,0.2709041232151986,0.2709041232151986,0.0,0.0,0,0,0,-1
german,lightgbm,56,residence_since,relative_plus_5,0.05,4.0,4.2,0.8949846835423396,0.8949846835423396,0.0,0.0,1,1,0,-1
german,lightgbm,57,residence_since,relative_plus_5,0.05,1.0,1.05,0.19895661481991747,0.19895661481991747,0.0,0.0,0,0,0,-1
german,lightgbm,58,residence_since,relative_plus_5,0.05,4.0,4.2,0.19686220446311817,0.19686220446311817,0.0,0.0,0,0,0,-1
german,lightgbm,59,residence_since,relative_plus_5,0.05,4.0,4.2,0.6556463130368732,0.6556463130368732,0.0,0.0,1,1,0,-1
german,lightgbm,60,residence_since,relative_plus_5,0.05,2.0,2.1,0.1494642794145739,0.1494642794145739,0.0,0.0,0,0,0,-1
german,lightgbm,61,residence_since,relative_plus_5,0.05,2.0,2.1,0.07395817947549249,0.07395817947549249,0.0,0.0,0,0,0,-1
german,lightgbm,62,residence_since,relative_plus_5,0.05,2.0,2.1,0.7910063234667474,0.7910063234667474,0.0,0.0,1,1,0,-1
german,lightgbm,63,residence_since,relative_plus_5,0.05,3.0,3.15,0.46215650717795514,0.46215650717795514,0.0,0.0,0,0,0,-1
german,lightgbm,64,residence_since,relative_plus_5,0.05,2.0,2.1,0.8565251969688404,0.8565251969688404,0.0,0.0,1,1,0,-1
german,lightgbm,65,residence_since,relative_plus_5,0.05,3.0,3.15,0.17328838568870306,0.17328838568870306,0.0,0.0,0,0,0,-1
german,lightgbm,66,residence_since,relative_plus_5,0.05,4.0,4.2,0.2073789273550252,0.2073789273550252,0.0,0.0,0,0,0,-1
german,lightgbm,67,residence_since,relative_plus_5,0.05,2.0,2.1,0.9222025230520857,0.9222025230520857,0.0,0.0,1,1,0,-1
german,lightgbm,68,residence_since,relative_plus_5,0.05,4.0,4.2,0.36554189730904146,0.36554189730904146,0.0,0.0,0,0,0,-1
german,lightgbm,69,residence_since,relative_plus_5,0.05,2.0,2.1,0.5551759772046333,0.5551759772046333,0.0,0.0,1,1,0,-1
german,lightgbm,70,residence_since,relative_plus_5,0.05,2.0,2.1,0.8060668534560961,0.8060668534560961,0.0,0.0,1,1,0,-1
german,lightgbm,71,residence_since,relative_plus_5,0.05,4.0,4.2,0.00979720703639709,0.00979720703639709,0.0,0.0,0,0,0,-1
german,lightgbm,72,residence_since,relative_plus_5,0.05,2.0,2.1,0.16440951309080398,0.16440951309080398,0.0,0.0,0,0,0,-1
german,lightgbm,73,residence_since,relative_plus_5,0.05,4.0,4.2,0.0701512066146692,0.0701512066146692,0.0,0.0,0,0,0,-1
german,lightgbm,74,residence_since,relative_plus_5,0.05,3.0,3.15,0.20089675448649513,0.20089675448649513,0.0,0.0,0,0,0,-1
german,lightgbm,75,residence_since,relative_plus_5,0.05,4.0,4.2,0.5222806196725559,0.5222806196725559,0.0,0.0,1,1,0,-1
german,lightgbm,76,residence_since,relative_plus_5,0.05,4.0,4.2,0.232539774434109,0.232539774434109,0.0,0.0,0,0,0,-1
german,lightgbm,77,residence_since,relative_plus_5,0.05,4.0,4.2,0.7296014495994664,0.7296014495994664,0.0,0.0,1,1,0,-1
german,lightgbm,78,residence_since,relative_plus_5,0.05,2.0,2.1,0.05233574686089174,0.05233574686089174,0.0,0.0,0,0,0,-1
german,lightgbm,79,residence_since,relative_plus_5,0.05,4.0,4.2,0.8523601968533747,0.8523601968533747,0.0,0.0,1,1,0,-1
german,lightgbm,80,residence_since,relative_plus_5,0.05,4.0,4.2,0.24724091491319555,0.24724091491319555,0.0,0.0,0,0,0,-1
german,lightgbm,81,residence_since,relative_plus_5,0.05,2.0,2.1,0.052062520477255576,0.052062520477255576,0.0,0.0,0,0,0,-1
german,lightgbm,82,residence_since,relative_plus_5,0.05,4.0,4.2,0.39190331104024756,0.39190331104024756,0.0,0.0,0,0,0,-1
german,lightgbm,83,residence_since,relative_plus_5,0.05,2.0,2.1,0.4694418067846172,0.4694418067846172,0.0,0.0,0,0,0,-1
german,lightgbm,84,residence_since,relative_plus_5,0.05,4.0,4.2,0.1739683108218602,0.1739683108218602,0.0,0.0,0,0,0,-1
german,lightgbm,85,residence_since,relative_plus_5,0.05,3.0,3.15,0.004521489614918298,0.004521489614918298,0.0,0.0,0,0,0,-1
german,lightgbm,86,residence_since,relative_plus_5,0.05,2.0,2.1,0.026602380126023603,0.026602380126023603,0.0,0.0,0,0,0,-1
german,lightgbm,87,residence_since,relative_plus_5,0.05,3.0,3.15,0.6076387501320122,0.6076387501320122,0.0,0.0,1,1,0,-1
german,lightgbm,88,residence_since,relative_plus_5,0.05,2.0,2.1,0.0010791611127486252,0.0010791611127486252,0.0,0.0,0,0,0,-1
german,lightgbm,89,residence_since,relative_plus_5,0.05,4.0,4.2,0.742624474994036,0.742624474994036,0.0,0.0,1,1,0,-1
german,lightgbm,90,residence_since,relative_plus_5,0.05,4.0,4.2,0.7861995616942514,0.7861995616942514,0.0,0.0,1,1,0,-1
german,lightgbm,91,residence_since,relative_plus_5,0.05,4.0,4.2,0.4725044710209194,0.4725044710209194,0.0,0.0,0,0,0,-1
german,lightgbm,92,residence_since,relative_plus_5,0.05,4.0,4.2,0.5387828783155257,0.5387828783155257,0.0,0.0,1,1,0,-1
german,lightgbm,93,residence_since,relative_plus_5,0.05,4.0,4.2,0.595542444670801,0.595542444670801,0.0,0.0,1,1,0,-1
german,lightgbm,94,residence_since,relative_plus_5,0.05,2.0,2.1,0.007938278878830486,0.007938278878830486,0.0,0.0,0,0,0,-1
german,lightgbm,95,residence_since,relative_plus_5,0.05,3.0,3.15,0.05798365229948388,0.05798365229948388,0.0,0.0,0,0,0,-1
german,lightgbm,96,residence_since,relative_plus_5,0.05,4.0,4.2,0.5786519101275599,0.5786519101275599,0.0,0.0,1,1,0,-1
german,lightgbm,97,residence_since,relative_plus_5,0.05,3.0,3.15,0.1637333359008902,0.1637333359008902,0.0,0.0,0,0,0,-1
german,lightgbm,98,residence_since,relative_plus_5,0.05,3.0,3.15,0.7094753427844519,0.7094753427844519,0.0,0.0,1,1,0,-1
german,lightgbm,99,residence_since,relative_plus_5,0.05,2.0,2.1,0.0021652605170008033,0.0021652605170008033,0.0,0.0,0,0,0,-1
german,lightgbm,0,residence_since,relative_minus_10,-0.1,4.0,4.4,0.3906285256737892,0.3906285256737892,0.0,0.0,0,0,0,-1
german,lightgbm,1,residence_since,relative_minus_10,-0.1,3.0,3.3,0.239865701726269,0.239865701726269,0.0,0.0,0,0,0,-1
german,lightgbm,2,residence_since,relative_minus_10,-0.1,4.0,4.4,0.061421238781333064,0.061421238781333064,0.0,0.0,0,0,0,-1
german,lightgbm,3,residence_since,relative_minus_10,-0.1,4.0,4.4,0.06199636354725938,0.06199636354725938,0.0,0.0,0,0,0,-1
german,lightgbm,4,residence_since,relative_minus_10,-0.1,1.0,1.1,0.000778019771551934,0.000778019771551934,0.0,0.0,0,0,0,-1
german,lightgbm,5,residence_since,relative_minus_10,-0.1,4.0,4.4,0.0127552116532506,0.0127552116532506,0.0,0.0,0,0,0,-1
german,lightgbm,6,residence_since,relative_minus_10,-0.1,2.0,2.2,0.0015875374622949037,0.0015875374622949037,0.0,0.0,0,0,0,-1
german,lightgbm,7,residence_since,relative_minus_10,-0.1,2.0,2.2,0.10095917931946011,0.10095917931946011,0.0,0.0,0,0,0,-1
german,lightgbm,8,residence_since,relative_minus_10,-0.1,2.0,2.2,0.019686942909276986,0.019686942909276986,0.0,0.0,0,0,0,-1
german,lightgbm,9,residence_since,relative_minus_10,-0.1,4.0,4.4,0.8815646011543224,0.8815646011543224,0.0,0.0,1,1,0,-1
german,lightgbm,10,residence_since,relative_minus_10,-0.1,4.0,4.4,0.6231673856151776,0.6231673856151776,0.0,0.0,1,1,0,-1
german,lightgbm,11,residence_since,relative_minus_10,-0.1,1.0,1.1,0.5819234725438788,0.5819234725438788,0.0,0.0,1,1,0,-1
german,lightgbm,12,residence_since,relative_minus_10,-0.1,2.0,2.2,0.016381379372910523,0.016381379372910523,0.0,0.0,0,0,0,-1
german,lightgbm,13,residence_since,relative_minus_10,-0.1,2.0,2.2,0.15698660361202765,0.15698660361202765,0.0,0.0,0,0,0,-1
german,lightgbm,14,residence_since,relative_minus_10,-0.1,3.0,3.3,0.06001081215992454,0.06001081215992454,0.0,0.0,0,0,0,-1
german,lightgbm,15,residence_since,relative_minus_10,-0.1,2.0,2.2,0.34466443332437136,0.34466443332437136,0.0,0.0,0,0,0,-1
german,lightgbm,16,residence_since,relative_minus_10,-0.1,4.0,4.4,0.0013520297228720205,0.0013520297228720205,0.0,0.0,0,0,0,-1
german,lightgbm,17,residence_since,relative_minus_10,-0.1,4.0,4.4,0.925921763327486,0.925921763327486,0.0,0.0,1,1,0,-1
german,lightgbm,18,residence_since,relative_minus_10,-0.1,2.0,2.2,0.05210815660012766,0.05210815660012766,0.0,0.0,0,0,0,-1
german,lightgbm,19,residence_since,relative_minus_10,-0.1,2.0,2.2,0.9431976521725624,0.9431976521725624,0.0,0.0,1,1,0,-1
german,lightgbm,20,residence_since,relative_minus_10,-0.1,4.0,4.4,0.1652310311335665,0.1652310311335665,0.0,0.0,0,0,0,-1
german,lightgbm,21,residence_since,relative_minus_10,-0.1,4.0,4.4,0.04087693346542949,0.04087693346542949,0.0,0.0,0,0,0,-1
german,lightgbm,22,residence_since,relative_minus_10,-0.1,2.0,2.2,0.06721612707097044,0.06721612707097044,0.0,0.0,0,0,0,-1
german,lightgbm,23,residence_since,relative_minus_10,-0.1,3.0,3.3,0.8427293510043804,0.8427293510043804,0.0,0.0,1,1,0,-1
german,lightgbm,24,residence_since,relative_minus_10,-0.1,2.0,2.2,0.7997434553378628,0.7997434553378628,0.0,0.0,1,1,0,-1
german,lightgbm,25,residence_since,relative_minus_10,-0.1,2.0,2.2,0.4667371539312502,0.4667371539312502,0.0,0.0,0,0,0,-1
german,lightgbm,26,residence_since,relative_minus_10,-0.1,4.0,4.4,0.2090941121178558,0.2090941121178558,0.0,0.0,0,0,0,-1
german,lightgbm,27,residence_since,relative_minus_10,-0.1,1.0,1.1,0.45947633223517137,0.45947633223517137,0.0,0.0,0,0,0,-1
german,lightgbm,28,residence_since,relative_minus_10,-0.1,2.0,2.2,0.003740671773448724,0.003740671773448724,0.0,0.0,0,0,0,-1
german,lightgbm,29,residence_since,relative_minus_10,-0.1,2.0,2.2,0.44175540704147304,0.44175540704147304,0.0,0.0,0,0,0,-1
german,lightgbm,30,residence_since,relative_minus_10,-0.1,1.0,1.1,0.36163582701893,0.36163582701893,0.0,0.0,0,0,0,-1
german,lightgbm,31,residence_since,relative_minus_10,-0.1,2.0,2.2,0.34959479263019255,0.34959479263019255,0.0,0.0,0,0,0,-1
german,lightgbm,32,residence_since,relative_minus_10,-0.1,2.0,2.2,0.027101650147053884,0.027101650147053884,0.0,0.0,0,0,0,-1
german,lightgbm,33,residence_since,relative_minus_10,-0.1,2.0,2.2,0.0284420531071389,0.0284420531071389,0.0,0.0,0,0,0,-1
german,lightgbm,34,residence_since,relative_minus_10,-0.1,2.0,2.2,0.7949814871873333,0.7949814871873333,0.0,0.0,1,1,0,-1
german,lightgbm,35,residence_since,relative_minus_10,-0.1,1.0,1.1,0.5095935653238034,0.5095935653238034,0.0,0.0,1,1,0,-1
german,lightgbm,36,residence_since,relative_minus_10,-0.1,4.0,4.4,0.7254708576063886,0.7254708576063886,0.0,0.0,1,1,0,-1
german,lightgbm,37,residence_since,relative_minus_10,-0.1,3.0,3.3,0.1180789524031287,0.1180789524031287,0.0,0.0,0,0,0,-1
german,lightgbm,38,residence_since,relative_minus_10,-0.1,4.0,4.4,0.4095659707951472,0.4095659707951472,0.0,0.0,0,0,0,-1
german,lightgbm,39,residence_since,relative_minus_10,-0.1,4.0,4.4,0.018957526512300097,0.018957526512300097,0.0,0.0,0,0,0,-1
german,lightgbm,40,residence_since,relative_minus_10,-0.1,2.0,2.2,0.5387102777430276,0.5387102777430276,0.0,0.0,1,1,0,-1
german,lightgbm,41,residence_since,relative_minus_10,-0.1,4.0,4.4,0.2852989110737803,0.2852989110737803,0.0,0.0,0,0,0,-1
german,lightgbm,42,residence_since,relative_minus_10,-0.1,4.0,4.4,0.8199191131790665,0.8199191131790665,0.0,0.0,1,1,0,-1
german,lightgbm,43,residence_since,relative_minus_10,-0.1,2.0,2.2,0.9309460410455855,0.9309460410455855,0.0,0.0,1,1,0,-1
german,lightgbm,44,residence_since,relative_minus_10,-0.1,2.0,2.2,0.5665947846895176,0.5665947846895176,0.0,0.0,1,1,0,-1
german,lightgbm,45,residence_since,relative_minus_10,-0.1,4.0,4.4,0.2447713790571778,0.2447713790571778,0.0,0.0,0,0,0,-1
german,lightgbm,46,residence_since,relative_minus_10,-0.1,1.0,1.1,0.010856344450514104,0.010856344450514104,0.0,0.0,0,0,0,-1
german,lightgbm,47,residence_since,relative_minus_10,-0.1,3.0,3.3,0.10565369098051447,0.10565369098051447,0.0,0.0,0,0,0,-1
german,lightgbm,48,residence_since,relative_minus_10,-0.1,4.0,4.4,0.0077234696716923824,0.0077234696716923824,0.0,0.0,0,0,0,-1
german,lightgbm,49,residence_since,relative_minus_10,-0.1,4.0,4.4,0.37766608391954276,0.37766608391954276,0.0,0.0,0,0,0,-1
german,lightgbm,50,residence_since,relative_minus_10,-0.1,3.0,3.3,0.10754456996147924,0.10754456996147924,0.0,0.0,0,0,0,-1
german,lightgbm,51,residence_since,relative_minus_10,-0.1,2.0,2.2,0.20045288792019303,0.20045288792019303,0.0,0.0,0,0,0,-1
german,lightgbm,52,residence_since,relative_minus_10,-0.1,2.0,2.2,0.2232390849422753,0.2232390849422753,0.0,0.0,0,0,0,-1
german,lightgbm,53,residence_since,relative_minus_10,-0.1,2.0,2.2,0.08263946571053118,0.08263946571053118,0.0,0.0,0,0,0,-1
german,lightgbm,54,residence_since,relative_minus_10,-0.1,3.0,3.3,0.7751983503992061,0.7751983503992061,0.0,0.0,1,1,0,-1
german,lightgbm,55,residence_since,relative_minus_10,-0.1,4.0,4.4,0.2709041232151986,0.2709041232151986,0.0,0.0,0,0,0,-1
german,lightgbm,56,residence_since,relative_minus_10,-0.1,4.0,4.4,0.8949846835423396,0.8949846835423396,0.0,0.0,1,1,0,-1
german,lightgbm,57,residence_since,relative_minus_10,-0.1,1.0,1.1,0.19895661481991747,0.19895661481991747,0.0,0.0,0,0,0,-1
german,lightgbm,58,residence_since,relative_minus_10,-0.1,4.0,4.4,0.19686220446311817,0.19686220446311817,0.0,0.0,0,0,0,-1
german,lightgbm,59,residence_since,relative_minus_10,-0.1,4.0,4.4,0.6556463130368732,0.6556463130368732,0.0,0.0,1,1,0,-1
german,lightgbm,60,residence_since,relative_minus_10,-0.1,2.0,2.2,0.1494642794145739,0.1494642794145739,0.0,0.0,0,0,0,-1
german,lightgbm,61,residence_since,relative_minus_10,-0.1,2.0,2.2,0.07395817947549249,0.07395817947549249,0.0,0.0,0,0,0,-1
german,lightgbm,62,residence_since,relative_minus_10,-0.1,2.0,2.2,0.7910063234667474,0.7910063234667474,0.0,0.0,1,1,0,-1
german,lightgbm,63,residence_since,relative_minus_10,-0.1,3.0,3.3,0.46215650717795514,0.46215650717795514,0.0,0.0,0,0,0,-1
german,lightgbm,64,residence_since,relative_minus_10,-0.1,2.0,2.2,0.8565251969688404,0.8565251969688404,0.0,0.0,1,1,0,-1
german,lightgbm,65,residence_since,relative_minus_10,-0.1,3.0,3.3,0.17328838568870306,0.17328838568870306,0.0,0.0,0,0,0,-1
german,lightgbm,66,residence_since,relative_minus_10,-0.1,4.0,4.4,0.2073789273550252,0.2073789273550252,0.0,0.0,0,0,0,-1
german,lightgbm,67,residence_since,relative_minus_10,-0.1,2.0,2.2,0.9222025230520857,0.9222025230520857,0.0,0.0,1,1,0,-1
german,lightgbm,68,residence_since,relative_minus_10,-0.1,4.0,4.4,0.36554189730904146,0.36554189730904146,0.0,0.0,0,0,0,-1
german,lightgbm,69,residence_since,relative_minus_10,-0.1,2.0,2.2,0.5551759772046333,0.5551759772046333,0.0,0.0,1,1,0,-1
german,lightgbm,70,residence_since,relative_minus_10,-0.1,2.0,2.2,0.8060668534560961,0.8060668534560961,0.0,0.0,1,1,0,-1
german,lightgbm,71,residence_since,relative_minus_10,-0.1,4.0,4.4,0.00979720703639709,0.00979720703639709,0.0,0.0,0,0,0,-1
german,lightgbm,72,residence_since,relative_minus_10,-0.1,2.0,2.2,0.16440951309080398,0.16440951309080398,0.0,0.0,0,0,0,-1
german,lightgbm,73,residence_since,relative_minus_10,-0.1,4.0,4.4,0.0701512066146692,0.0701512066146692,0.0,0.0,0,0,0,-1
german,lightgbm,74,residence_since,relative_minus_10,-0.1,3.0,3.3,0.20089675448649513,0.20089675448649513,0.0,0.0,0,0,0,-1
german,lightgbm,75,residence_since,relative_minus_10,-0.1,4.0,4.4,0.5222806196725559,0.5222806196725559,0.0,0.0,1,1,0,-1
german,lightgbm,76,residence_since,relative_minus_10,-0.1,4.0,4.4,0.232539774434109,0.232539774434109,0.0,0.0,0,0,0,-1
german,lightgbm,77,residence_since,relative_minus_10,-0.1,4.0,4.4,0.7296014495994664,0.7296014495994664,0.0,0.0,1,1,0,-1
german,lightgbm,78,residence_since,relative_minus_10,-0.1,2.0,2.2,0.05233574686089174,0.05233574686089174,0.0,0.0,0,0,0,-1
german,lightgbm,79,residence_since,relative_minus_10,-0.1,4.0,4.4,0.8523601968533747,0.8523601968533747,0.0,0.0,1,1,0,-1
german,lightgbm,80,residence_since,relative_minus_10,-0.1,4.0,4.4,0.24724091491319555,0.24724091491319555,0.0,0.0,0,0,0,-1
german,lightgbm,81,residence_since,relative_minus_10,-0.1,2.0,2.2,0.052062520477255576,0.052062520477255576,0.0,0.0,0,0,0,-1
german,lightgbm,82,residence_since,relative_minus_10,-0.1,4.0,4.4,0.39190331104024756,0.39190331104024756,0.0,0.0,0,0,0,-1
german,lightgbm,83,residence_since,relative_minus_10,-0.1,2.0,2.2,0.4694418067846172,0.4694418067846172,0.0,0.0,0,0,0,-1
german,lightgbm,84,residence_since,relative_minus_10,-0.1,4.0,4.4,0.1739683108218602,0.1739683108218602,0.0,0.0,0,0,0,-1
german,lightgbm,85,residence_since,relative_minus_10,-0.1,3.0,3.3,0.004521489614918298,0.004521489614918298,0.0,0.0,0,0,0,-1
german,lightgbm,86,residence_since,relative_minus_10,-0.1,2.0,2.2,0.026602380126023603,0.026602380126023603,0.0,0.0,0,0,0,-1
german,lightgbm,87,residence_since,relative_minus_10,-0.1,3.0,3.3,0.6076387501320122,0.6076387501320122,0.0,0.0,1,1,0,-1
german,lightgbm,88,residence_since,relative_minus_10,-0.1,2.0,2.2,0.0010791611127486252,0.0010791611127486252,0.0,0.0,0,0,0,-1
german,lightgbm,89,residence_since,relative_minus_10,-0.1,4.0,4.4,0.742624474994036,0.742624474994036,0.0,0.0,1,1,0,-1
german,lightgbm,90,residence_since,relative_minus_10,-0.1,4.0,4.4,0.7861995616942514,0.7861995616942514,0.0,0.0,1,1,0,-1
german,lightgbm,91,residence_since,relative_minus_10,-0.1,4.0,4.4,0.4725044710209194,0.4725044710209194,0.0,0.0,0,0,0,-1
german,lightgbm,92,residence_since,relative_minus_10,-0.1,4.0,4.4,0.5387828783155257,0.5387828783155257,0.0,0.0,1,1,0,-1
german,lightgbm,93,residence_since,relative_minus_10,-0.1,4.0,4.4,0.595542444670801,0.595542444670801,0.0,0.0,1,1,0,-1
german,lightgbm,94,residence_since,relative_minus_10,-0.1,2.0,2.2,0.007938278878830486,0.007938278878830486,0.0,0.0,0,0,0,-1
german,lightgbm,95,residence_since,relative_minus_10,-0.1,3.0,3.3,0.05798365229948388,0.05798365229948388,0.0,0.0,0,0,0,-1
german,lightgbm,96,residence_since,relative_minus_10,-0.1,4.0,4.4,0.5786519101275599,0.5786519101275599,0.0,0.0,1,1,0,-1
german,lightgbm,97,residence_since,relative_minus_10,-0.1,3.0,3.3,0.1637333359008902,0.1637333359008902,0.0,0.0,0,0,0,-1
german,lightgbm,98,residence_since,relative_minus_10,-0.1,3.0,3.3,0.7094753427844519,0.7094753427844519,0.0,0.0,1,1,0,-1
german,lightgbm,99,residence_since,relative_minus_10,-0.1,2.0,2.2,0.0021652605170008033,0.0021652605170008033,0.0,0.0,0,0,0,-1
german,lightgbm,0,residence_since,relative_plus_10,0.1,4.0,4.4,0.3906285256737892,0.3906285256737892,0.0,0.0,0,0,0,-1
german,lightgbm,1,residence_since,relative_plus_10,0.1,3.0,3.3,0.239865701726269,0.239865701726269,0.0,0.0,0,0,0,-1
german,lightgbm,2,residence_since,relative_plus_10,0.1,4.0,4.4,0.061421238781333064,0.061421238781333064,0.0,0.0,0,0,0,-1
german,lightgbm,3,residence_since,relative_plus_10,0.1,4.0,4.4,0.06199636354725938,0.06199636354725938,0.0,0.0,0,0,0,-1
german,lightgbm,4,residence_since,relative_plus_10,0.1,1.0,1.1,0.000778019771551934,0.000778019771551934,0.0,0.0,0,0,0,-1
german,lightgbm,5,residence_since,relative_plus_10,0.1,4.0,4.4,0.0127552116532506,0.0127552116532506,0.0,0.0,0,0,0,-1
german,lightgbm,6,residence_since,relative_plus_10,0.1,2.0,2.2,0.0015875374622949037,0.0015875374622949037,0.0,0.0,0,0,0,-1
german,lightgbm,7,residence_since,relative_plus_10,0.1,2.0,2.2,0.10095917931946011,0.10095917931946011,0.0,0.0,0,0,0,-1
german,lightgbm,8,residence_since,relative_plus_10,0.1,2.0,2.2,0.019686942909276986,0.019686942909276986,0.0,0.0,0,0,0,-1
german,lightgbm,9,residence_since,relative_plus_10,0.1,4.0,4.4,0.8815646011543224,0.8815646011543224,0.0,0.0,1,1,0,-1
german,lightgbm,10,residence_since,relative_plus_10,0.1,4.0,4.4,0.6231673856151776,0.6231673856151776,0.0,0.0,1,1,0,-1
german,lightgbm,11,residence_since,relative_plus_10,0.1,1.0,1.1,0.5819234725438788,0.5819234725438788,0.0,0.0,1,1,0,-1
german,lightgbm,12,residence_since,relative_plus_10,0.1,2.0,2.2,0.016381379372910523,0.016381379372910523,0.0,0.0,0,0,0,-1
german,lightgbm,13,residence_since,relative_plus_10,0.1,2.0,2.2,0.15698660361202765,0.15698660361202765,0.0,0.0,0,0,0,-1
german,lightgbm,14,residence_since,relative_plus_10,0.1,3.0,3.3,0.06001081215992454,0.06001081215992454,0.0,0.0,0,0,0,-1
german,lightgbm,15,residence_since,relative_plus_10,0.1,2.0,2.2,0.34466443332437136,0.34466443332437136,0.0,0.0,0,0,0,-1
german,lightgbm,16,residence_since,relative_plus_10,0.1,4.0,4.4,0.0013520297228720205,0.0013520297228720205,0.0,0.0,0,0,0,-1
german,lightgbm,17,residence_since,relative_plus_10,0.1,4.0,4.4,0.925921763327486,0.925921763327486,0.0,0.0,1,1,0,-1
german,lightgbm,18,residence_since,relative_plus_10,0.1,2.0,2.2,0.05210815660012766,0.05210815660012766,0.0,0.0,0,0,0,-1
german,lightgbm,19,residence_since,relative_plus_10,0.1,2.0,2.2,0.9431976521725624,0.9431976521725624,0.0,0.0,1,1,0,-1
german,lightgbm,20,residence_since,relative_plus_10,0.1,4.0,4.4,0.1652310311335665,0.1652310311335665,0.0,0.0,0,0,0,-1
german,lightgbm,21,residence_since,relative_plus_10,0.1,4.0,4.4,0.04087693346542949,0.04087693346542949,0.0,0.0,0,0,0,-1
german,lightgbm,22,residence_since,relative_plus_10,0.1,2.0,2.2,0.06721612707097044,0.06721612707097044,0.0,0.0,0,0,0,-1
german,lightgbm,23,residence_since,relative_plus_10,0.1,3.0,3.3,0.8427293510043804,0.8427293510043804,0.0,0.0,1,1,0,-1
german,lightgbm,24,residence_since,relative_plus_10,0.1,2.0,2.2,0.7997434553378628,0.7997434553378628,0.0,0.0,1,1,0,-1
german,lightgbm,25,residence_since,relative_plus_10,0.1,2.0,2.2,0.4667371539312502,0.4667371539312502,0.0,0.0,0,0,0,-1
german,lightgbm,26,residence_since,relative_plus_10,0.1,4.0,4.4,0.2090941121178558,0.2090941121178558,0.0,0.0,0,0,0,-1
german,lightgbm,27,residence_since,relative_plus_10,0.1,1.0,1.1,0.45947633223517137,0.45947633223517137,0.0,0.0,0,0,0,-1
german,lightgbm,28,residence_since,relative_plus_10,0.1,2.0,2.2,0.003740671773448724,0.003740671773448724,0.0,0.0,0,0,0,-1
german,lightgbm,29,residence_since,relative_plus_10,0.1,2.0,2.2,0.44175540704147304,0.44175540704147304,0.0,0.0,0,0,0,-1
german,lightgbm,30,residence_since,relative_plus_10,0.1,1.0,1.1,0.36163582701893,0.36163582701893,0.0,0.0,0,0,0,-1
german,lightgbm,31,residence_since,relative_plus_10,0.1,2.0,2.2,0.34959479263019255,0.34959479263019255,0.0,0.0,0,0,0,-1
german,lightgbm,32,residence_since,relative_plus_10,0.1,2.0,2.2,0.027101650147053884,0.027101650147053884,0.0,0.0,0,0,0,-1
german,lightgbm,33,residence_since,relative_plus_10,0.1,2.0,2.2,0.0284420531071389,0.0284420531071389,0.0,0.0,0,0,0,-1
german,lightgbm,34,residence_since,relative_plus_10,0.1,2.0,2.2,0.7949814871873333,0.7949814871873333,0.0,0.0,1,1,0,-1
german,lightgbm,35,residence_since,relative_plus_10,0.1,1.0,1.1,0.5095935653238034,0.5095935653238034,0.0,0.0,1,1,0,-1
german,lightgbm,36,residence_since,relative_plus_10,0.1,4.0,4.4,0.7254708576063886,0.7254708576063886,0.0,0.0,1,1,0,-1
german,lightgbm,37,residence_since,relative_plus_10,0.1,3.0,3.3,0.1180789524031287,0.1180789524031287,0.0,0.0,0,0,0,-1
german,lightgbm,38,residence_since,relative_plus_10,0.1,4.0,4.4,0.4095659707951472,0.4095659707951472,0.0,0.0,0,0,0,-1
german,lightgbm,39,residence_since,relative_plus_10,0.1,4.0,4.4,0.018957526512300097,0.018957526512300097,0.0,0.0,0,0,0,-1
german,lightgbm,40,residence_since,relative_plus_10,0.1,2.0,2.2,0.5387102777430276,0.5387102777430276,0.0,0.0,1,1,0,-1
german,lightgbm,41,residence_since,relative_plus_10,0.1,4.0,4.4,0.2852989110737803,0.2852989110737803,0.0,0.0,0,0,0,-1
german,lightgbm,42,residence_since,relative_plus_10,0.1,4.0,4.4,0.8199191131790665,0.8199191131790665,0.0,0.0,1,1,0,-1
german,lightgbm,43,residence_since,relative_plus_10,0.1,2.0,2.2,0.9309460410455855,0.9309460410455855,0.0,0.0,1,1,0,-1
german,lightgbm,44,residence_since,relative_plus_10,0.1,2.0,2.2,0.5665947846895176,0.5665947846895176,0.0,0.0,1,1,0,-1
german,lightgbm,45,residence_since,relative_plus_10,0.1,4.0,4.4,0.2447713790571778,0.2447713790571778,0.0,0.0,0,0,0,-1
german,lightgbm,46,residence_since,relative_plus_10,0.1,1.0,1.1,0.010856344450514104,0.010856344450514104,0.0,0.0,0,0,0,-1
german,lightgbm,47,residence_since,relative_plus_10,0.1,3.0,3.3,0.10565369098051447,0.10565369098051447,0.0,0.0,0,0,0,-1
german,lightgbm,48,residence_since,relative_plus_10,0.1,4.0,4.4,0.0077234696716923824,0.0077234696716923824,0.0,0.0,0,0,0,-1
german,lightgbm,49,residence_since,relative_plus_10,0.1,4.0,4.4,0.37766608391954276,0.37766608391954276,0.0,0.0,0,0,0,-1
german,lightgbm,50,residence_since,relative_plus_10,0.1,3.0,3.3,0.10754456996147924,0.10754456996147924,0.0,0.0,0,0,0,-1
german,lightgbm,51,residence_since,relative_plus_10,0.1,2.0,2.2,0.20045288792019303,0.20045288792019303,0.0,0.0,0,0,0,-1
german,lightgbm,52,residence_since,relative_plus_10,0.1,2.0,2.2,0.2232390849422753,0.2232390849422753,0.0,0.0,0,0,0,-1
german,lightgbm,53,residence_since,relative_plus_10,0.1,2.0,2.2,0.08263946571053118,0.08263946571053118,0.0,0.0,0,0,0,-1
german,lightgbm,54,residence_since,relative_plus_10,0.1,3.0,3.3,0.7751983503992061,0.7751983503992061,0.0,0.0,1,1,0,-1
german,lightgbm,55,residence_since,relative_plus_10,0.1,4.0,4.4,0.2709041232151986,0.2709041232151986,0.0,0.0,0,0,0,-1
german,lightgbm,56,residence_since,relative_plus_10,0.1,4.0,4.4,0.8949846835423396,0.8949846835423396,0.0,0.0,1,1,0,-1
german,lightgbm,57,residence_since,relative_plus_10,0.1,1.0,1.1,0.19895661481991747,0.19895661481991747,0.0,0.0,0,0,0,-1
german,lightgbm,58,residence_since,relative_plus_10,0.1,4.0,4.4,0.19686220446311817,0.19686220446311817,0.0,0.0,0,0,0,-1
german,lightgbm,59,residence_since,relative_plus_10,0.1,4.0,4.4,0.6556463130368732,0.6556463130368732,0.0,0.0,1,1,0,-1
german,lightgbm,60,residence_since,relative_plus_10,0.1,2.0,2.2,0.1494642794145739,0.1494642794145739,0.0,0.0,0,0,0,-1
german,lightgbm,61,residence_since,relative_plus_10,0.1,2.0,2.2,0.07395817947549249,0.07395817947549249,0.0,0.0,0,0,0,-1
german,lightgbm,62,residence_since,relative_plus_10,0.1,2.0,2.2,0.7910063234667474,0.7910063234667474,0.0,0.0,1,1,0,-1
german,lightgbm,63,residence_since,relative_plus_10,0.1,3.0,3.3,0.46215650717795514,0.46215650717795514,0.0,0.0,0,0,0,-1
german,lightgbm,64,residence_since,relative_plus_10,0.1,2.0,2.2,0.8565251969688404,0.8565251969688404,0.0,0.0,1,1,0,-1
german,lightgbm,65,residence_since,relative_plus_10,0.1,3.0,3.3,0.17328838568870306,0.17328838568870306,0.0,0.0,0,0,0,-1
german,lightgbm,66,residence_since,relative_plus_10,0.1,4.0,4.4,0.2073789273550252,0.2073789273550252,0.0,0.0,0,0,0,-1
german,lightgbm,67,residence_since,relative_plus_10,0.1,2.0,2.2,0.9222025230520857,0.9222025230520857,0.0,0.0,1,1,0,-1
german,lightgbm,68,residence_since,relative_plus_10,0.1,4.0,4.4,0.36554189730904146,0.36554189730904146,0.0,0.0,0,0,0,-1
german,lightgbm,69,residence_since,relative_plus_10,0.1,2.0,2.2,0.5551759772046333,0.5551759772046333,0.0,0.0,1,1,0,-1
german,lightgbm,70,residence_since,relative_plus_10,0.1,2.0,2.2,0.8060668534560961,0.8060668534560961,0.0,0.0,1,1,0,-1
german,lightgbm,71,residence_since,relative_plus_10,0.1,4.0,4.4,0.00979720703639709,0.00979720703639709,0.0,0.0,0,0,0,-1
german,lightgbm,72,residence_since,relative_plus_10,0.1,2.0,2.2,0.16440951309080398,0.16440951309080398,0.0,0.0,0,0,0,-1
german,lightgbm,73,residence_since,relative_plus_10,0.1,4.0,4.4,0.0701512066146692,0.0701512066146692,0.0,0.0,0,0,0,-1
german,lightgbm,74,residence_since,relative_plus_10,0.1,3.0,3.3,0.20089675448649513,0.20089675448649513,0.0,0.0,0,0,0,-1
german,lightgbm,75,residence_since,relative_plus_10,0.1,4.0,4.4,0.5222806196725559,0.5222806196725559,0.0,0.0,1,1,0,-1
german,lightgbm,76,residence_since,relative_plus_10,0.1,4.0,4.4,0.232539774434109,0.232539774434109,0.0,0.0,0,0,0,-1
german,lightgbm,77,residence_since,relative_plus_10,0.1,4.0,4.4,0.7296014495994664,0.7296014495994664,0.0,0.0,1,1,0,-1
german,lightgbm,78,residence_since,relative_plus_10,0.1,2.0,2.2,0.05233574686089174,0.05233574686089174,0.0,0.0,0,0,0,-1
german,lightgbm,79,residence_since,relative_plus_10,0.1,4.0,4.4,0.8523601968533747,0.8523601968533747,0.0,0.0,1,1,0,-1
german,lightgbm,80,residence_since,relative_plus_10,0.1,4.0,4.4,0.24724091491319555,0.24724091491319555,0.0,0.0,0,0,0,-1
german,lightgbm,81,residence_since,relative_plus_10,0.1,2.0,2.2,0.052062520477255576,0.052062520477255576,0.0,0.0,0,0,0,-1
german,lightgbm,82,residence_since,relative_plus_10,0.1,4.0,4.4,0.39190331104024756,0.39190331104024756,0.0,0.0,0,0,0,-1
german,lightgbm,83,residence_since,relative_plus_10,0.1,2.0,2.2,0.4694418067846172,0.4694418067846172,0.0,0.0,0,0,0,-1
german,lightgbm,84,residence_since,relative_plus_10,0.1,4.0,4.4,0.1739683108218602,0.1739683108218602,0.0,0.0,0,0,0,-1
german,lightgbm,85,residence_since,relative_plus_10,0.1,3.0,3.3,0.004521489614918298,0.004521489614918298,0.0,0.0,0,0,0,-1
german,lightgbm,86,residence_since,relative_plus_10,0.1,2.0,2.2,0.026602380126023603,0.026602380126023603,0.0,0.0,0,0,0,-1
german,lightgbm,87,residence_since,relative_plus_10,0.1,3.0,3.3,0.6076387501320122,0.6076387501320122,0.0,0.0,1,1,0,-1
german,lightgbm,88,residence_since,relative_plus_10,0.1,2.0,2.2,0.0010791611127486252,0.0010791611127486252,0.0,0.0,0,0,0,-1
german,lightgbm,89,residence_since,relative_plus_10,0.1,4.0,4.4,0.742624474994036,0.742624474994036,0.0,0.0,1,1,0,-1
german,lightgbm,90,residence_since,relative_plus_10,0.1,4.0,4.4,0.7861995616942514,0.7861995616942514,0.0,0.0,1,1,0,-1
german,lightgbm,91,residence_since,relative_plus_10,0.1,4.0,4.4,0.4725044710209194,0.4725044710209194,0.0,0.0,0,0,0,-1
german,lightgbm,92,residence_since,relative_plus_10,0.1,4.0,4.4,0.5387828783155257,0.5387828783155257,0.0,0.0,1,1,0,-1
german,lightgbm,93,residence_since,relative_plus_10,0.1,4.0,4.4,0.595542444670801,0.595542444670801,0.0,0.0,1,1,0,-1
german,lightgbm,94,residence_since,relative_plus_10,0.1,2.0,2.2,0.007938278878830486,0.007938278878830486,0.0,0.0,0,0,0,-1
german,lightgbm,95,residence_since,relative_plus_10,0.1,3.0,3.3,0.05798365229948388,0.05798365229948388,0.0,0.0,0,0,0,-1
german,lightgbm,96,residence_since,relative_plus_10,0.1,4.0,4.4,0.5786519101275599,0.5786519101275599,0.0,0.0,1,1,0,-1
german,lightgbm,97,residence_since,relative_plus_10,0.1,3.0,3.3,0.1637333359008902,0.1637333359008902,0.0,0.0,0,0,0,-1
german,lightgbm,98,residence_since,relative_plus_10,0.1,3.0,3.3,0.7094753427844519,0.7094753427844519,0.0,0.0,1,1,0,-1
german,lightgbm,99,residence_since,relative_plus_10,0.1,2.0,2.2,0.0021652605170008033,0.0021652605170008033,0.0,0.0,0,0,0,-1
german,lightgbm,0,age,relative_minus_5,-0.05,37.0,38.85,0.3906285256737892,0.3801112770505543,-0.010517248623234887,0.010517248623234887,0,0,0,-1
german,lightgbm,1,age,relative_minus_5,-0.05,28.0,29.4,0.239865701726269,0.20892165394740914,-0.030944047778859868,0.030944047778859868,0,0,0,-1
german,lightgbm,2,age,relative_minus_5,-0.05,40.0,42.0,0.061421238781333064,0.05907183807245894,-0.0023494007088741206,0.0023494007088741206,0,0,0,-1
german,lightgbm,3,age,relative_minus_5,-0.05,39.0,40.95,0.06199636354725938,0.07421498876833708,0.012218625221077702,0.012218625221077702,0,0,0,-1
german,lightgbm,4,age,relative_minus_5,-0.05,42.0,44.1,0.000778019771551934,0.000778019771551934,0.0,0.0,0,0,0,-1
german,lightgbm,5,age,relative_minus_5,-0.05,74.0,77.7,0.0127552116532506,0.0127552116532506,0.0,0.0,0,0,0,-1
german,lightgbm,6,age,relative_minus_5,-0.05,38.0,39.9,0.0015875374622949037,0.0017174878466832083,0.0001299503843883046,0.0001299503843883046,0,0,0,-1
german,lightgbm,7,age,relative_minus_5,-0.05,28.0,29.4,0.10095917931946011,0.09152707766599329,-0.00943210165346682,0.00943210165346682,0,0,0,-1
german,lightgbm,8,age,relative_minus_5,-0.05,42.0,44.1,0.019686942909276986,0.019324889677784774,-0.0003620532314922119,0.0003620532314922119,0,0,0,-1
german,lightgbm,9,age,relative_minus_5,-0.05,23.0,24.15,0.8815646011543224,0.8815646011543224,0.0,0.0,1,1,0,-1
german,lightgbm,10,age,relative_minus_5,-0.05,48.0,50.4,0.6231673856151776,0.6177358214085555,-0.005431564206622053,0.005431564206622053,1,1,0,-1
german,lightgbm,11,age,relative_minus_5,-0.05,29.0,30.45,0.5819234725438788,0.5819234725438788,0.0,0.0,1,1,0,-1
german,lightgbm,12,age,relative_minus_5,-0.05,29.0,30.45,0.016381379372910523,0.026310091028291474,0.00992871165538095,0.00992871165538095,0,0,0,-1
german,lightgbm,13,age,relative_minus_5,-0.05,24.0,25.2,0.15698660361202765,0.20049995605027185,0.043513352438244196,0.043513352438244196,0,0,0,-1
german,lightgbm,14,age,relative_minus_5,-0.05,44.0,46.2,0.06001081215992454,0.06169006395074709,0.001679251790822546,0.001679251790822546,0,0,0,-1
german,lightgbm,15,age,relative_minus_5,-0.05,29.0,30.45,0.34466443332437136,0.33957799256679366,-0.005086440757577693,0.005086440757577693,0,0,0,-1
german,lightgbm,16,age,relative_minus_5,-0.05,42.0,44.1,0.0013520297228720205,0.0012718631469895054,-8.016657588251507e-05,8.016657588251507e-05,0,0,0,-1
german,lightgbm,17,age,relative_minus_5,-0.05,26.0,27.3,0.925921763327486,0.925921763327486,0.0,0.0,1,1,0,-1
german,lightgbm,18,age,relative_minus_5,-0.05,26.0,27.3,0.05210815660012766,0.049406053593863936,-0.002702103006263723,0.002702103006263723,0,0,0,-1
german,lightgbm,19,age,relative_minus_5,-0.05,33.0,34.65,0.9431976521725624,0.9324921043626098,-0.010705547809952587,0.010705547809952587,1,1,0,-1
german,lightgbm,20,age,relative_minus_5,-0.05,51.0,53.55,0.1652310311335665,0.18948766105328638,0.024256629919719885,0.024256629919719885,0,0,0,-1
german,lightgbm,21,age,relative_minus_5,-0.05,36.0,37.8,0.04087693346542949,0.03559873497644414,-0.00527819848898535,0.00527819848898535,0,0,0,-1
german,lightgbm,22,age,relative_minus_5,-0.05,35.0,36.75,0.06721612707097044,0.037342440697971484,-0.029873686372998955,0.029873686372998955,0,0,0,-1
german,lightgbm,23,age,relative_minus_5,-0.05,40.0,42.0,0.8427293510043804,0.8824382655353986,0.03970891453101821,0.03970891453101821,1,1,0,-1
german,lightgbm,24,age,relative_minus_5,-0.05,29.0,30.45,0.7997434553378628,0.7517373145194519,-0.048006140818410925,0.048006140818410925,1,1,0,-1
german,lightgbm,25,age,relative_minus_5,-0.05,28.0,29.4,0.4667371539312502,0.4707196145523347,0.003982460621084483,0.003982460621084483,0,0,0,-1
german,lightgbm,26,age,relative_minus_5,-0.05,24.0,25.2,0.2090941121178558,0.21112325198412404,0.002029139866268237,0.002029139866268237,0,0,0,-1
german,lightgbm,27,age,relative_minus_5,-0.05,26.0,27.3,0.45947633223517137,0.45947633223517137,0.0,0.0,0,0,0,-1
german,lightgbm,28,age,relative_minus_5,-0.05,24.0,25.2,0.003740671773448724,0.004537418813528418,0.0007967470400796939,0.0007967470400796939,0,0,0,-1
german,lightgbm,29,age,relative_minus_5,-0.05,23.0,24.15,0.44175540704147304,0.44964233304649437,0.007886926005021333,0.007886926005021333,0,0,0,-1
german,lightgbm,30,age,relative_minus_5,-0.05,46.0,48.3,0.36163582701893,0.36163582701893,0.0,0.0,0,0,0,-1
german,lightgbm,31,age,relative_minus_5,-0.05,22.0,23.1,0.34959479263019255,0.3176834725885466,-0.03191132004164593,0.03191132004164593,0,0,0,-1
german,lightgbm,32,age,relative_minus_5,-0.05,36.0,37.8,0.027101650147053884,0.026182683256137346,-0.0009189668909165387,0.0009189668909165387,0,0,0,-1
german,lightgbm,33,age,relative_minus_5,-0.05,22.0,23.1,0.0284420531071389,0.019462537751146584,-0.008979515355992316,0.008979515355992316,0,0,0,-1
german,lightgbm,34,age,relative_minus_5,-0.05,30.0,31.5,0.7949814871873333,0.7995203105536764,0.004538823366343148,0.004538823366343148,1,1,0,-1
german,lightgbm,35,age,relative_minus_5,-0.05,33.0,34.65,0.5095935653238034,0.5095935653238034,0.0,0.0,1,1,0,-1
german,lightgbm,36,age,relative_minus_5,-0.05,31.0,32.55,0.7254708576063886,0.7709256050431713,0.04545474743678268,0.04545474743678268,1,1,0,-1
german,lightgbm,37,age,relative_minus_5,-0.05,33.0,34.65,0.1180789524031287,0.12166478148869551,0.0035858290855668162,0.0035858290855668162,0,0,0,-1
german,lightgbm,38,age,relative_minus_5,-0.05,42.0,44.1,0.4095659707951472,0.4261483824667701,0.016582411671622888,0.016582411671622888,0,0,0,-1
german,lightgbm,39,age,relative_minus_5,-0.05,41.0,43.05,0.018957526512300097,0.018795355281117733,-0.00016217123118236407,0.00016217123118236407,0,0,0,-1
german,lightgbm,40,age,relative_minus_5,-0.05,27.0,28.35,0.5387102777430276,0.5500697269064142,0.011359449163386603,0.011359449163386603,1,1,0,-1
german,lightgbm,41,age,relative_minus_5,-0.05,26.0,27.3,0.2852989110737803,0.2852989110737803,0.0,0.0,0,0,0,-1
german,lightgbm,42,age,relative_minus_5,-0.05,24.0,25.2,0.8199191131790665,0.8668989176379918,0.046979804458925245,0.046979804458925245,1,1,0,-1
german,lightgbm,43,age,relative_minus_5,-0.05,24.0,25.2,0.9309460410455855,0.9472479979447497,0.01630195689916414,0.01630195689916414,1,1,0,-1
german,lightgbm,44,age,relative_minus_5,-0.05,36.0,37.8,0.5665947846895176,0.5854524468352108,0.018857662145693177,0.018857662145693177,1,1,0,-1
german,lightgbm,45,age,relative_minus_5,-0.05,49.0,51.45,0.2447713790571778,0.2447713790571778,0.0,0.0,0,0,0,-1
german,lightgbm,46,age,relative_minus_5,-0.05,47.0,49.35,0.010856344450514104,0.010611434122335527,-0.0002449103281785773,0.0002449103281785773,0,0,0,-1
german,lightgbm,47,age,relative_minus_5,-0.05,23.0,24.15,0.10565369098051447,0.10775088254844205,0.002097191567927578,0.002097191567927578,0,0,0,-1
german,lightgbm,48,age,relative_minus_5,-0.05,63.0,66.15,0.0077234696716923824,0.0077234696716923824,0.0,0.0,0,0,0,-1
german,lightgbm,49,age,relative_minus_5,-0.05,58.0,60.9,0.37766608391954276,0.4004665169929026,0.022800433073359827,0.022800433073359827,0,0,0,-1
german,lightgbm,50,age,relative_minus_5,-0.05,35.0,36.75,0.10754456996147924,0.10746720460272112,-7.736535875811634e-05,7.736535875811634e-05,0,0,0,-1
german,lightgbm,51,age,relative_minus_5,-0.05,37.0,38.85,0.20045288792019303,0.19483303561480972,-0.0056198523053833105,0.0056198523053833105,0,0,0,-1
german,lightgbm,52,age,relative_minus_5,-0.05,31.0,32.55,0.2232390849422753,0.290723599515993,0.06748451457371774,0.06748451457371774,0,0,0,-1
german,lightgbm,53,age,relative_minus_5,-0.05,32.0,33.6,0.08263946571053118,0.07915405725739266,-0.003485408453138522,0.003485408453138522,0,0,0,-1
german,lightgbm,54,age,relative_minus_5,-0.05,28.0,29.4,0.7751983503992061,0.7779730239893609,0.002774673590154708,0.002774673590154708,1,1,0,-1
german,lightgbm,55,age,relative_minus_5,-0.05,21.0,22.05,0.2709041232151986,0.2709041232151986,0.0,0.0,0,0,0,-1
german,lightgbm,56,age,relative_minus_5,-0.05,47.0,49.35,0.8949846835423396,0.8927970275554491,-0.0021876559868905243,0.0021876559868905243,1,1,0,-1
german,lightgbm,57,age,relative_minus_5,-0.05,29.0,30.45,0.19895661481991747,0.19811175424524835,-0.0008448605746691207,0.0008448605746691207,0,0,0,-1
german,lightgbm,58,age,relative_minus_5,-0.05,50.0,52.5,0.19686220446311817,0.19101420240468953,-0.005848002058428642,0.005848002058428642,0,0,0,-1
german,lightgbm,59,age,relative_minus_5,-0.05,51.0,53.55,0.6556463130368732,0.6969653062803993,0.04131899324352617,0.04131899324352617,1,1,0,-1
german,lightgbm,60,age,relative_minus_5,-0.05,29.0,30.45,0.1494642794145739,0.21798364664453035,0.06851936722995644,0.06851936722995644,0,0,0,-1
german,lightgbm,61,age,relative_minus_5,-0.05,24.0,25.2,0.07395817947549249,0.08922638772798146,0.015268208252488966,0.015268208252488966,0,0,0,-1
german,lightgbm,62,age,relative_minus_5,-0.05,30.0,31.5,0.7910063234667474,0.7330662185077392,-0.05794010495900814,0.05794010495900814,1,1,0,-1
german,lightgbm,63,age,relative_minus_5,-0.05,32.0,33.6,0.46215650717795514,0.5098989367930533,0.04774242961509817,0.04774242961509817,0,1,1,-1
german,lightgbm,64,age,relative_minus_5,-0.05,23.0,24.15,0.8565251969688404,0.8565251969688404,0.0,0.0,1,1,0,-1
german,lightgbm,65,age,relative_minus_5,-0.05,32.0,33.6,0.17328838568870306,0.17773170863106313,0.004443322942360078,0.004443322942360078,0,0,0,-1
german,lightgbm,66,age,relative_minus_5,-0.05,54.0,56.7,0.2073789273550252,0.22134758552056297,0.013968658165537773,0.013968658165537773,0,0,0,-1
german,lightgbm,67,age,relative_minus_5,-0.05,26.0,27.3,0.9222025230520857,0.9222025230520857,0.0,0.0,1,1,0,-1
german,lightgbm,68,age,relative_minus_5,-0.05,43.0,45.15,0.36554189730904146,0.3514675361230834,-0.014074361185958062,0.014074361185958062,0,0,0,-1
german,lightgbm,69,age,relative_minus_5,-0.05,25.0,26.25,0.5551759772046333,0.5080036831418283,-0.04717229406280499,0.04717229406280499,1,1,0,-1
german,lightgbm,70,age,relative_minus_5,-0.05,26.0,27.3,0.8060668534560961,0.8060668534560961,0.0,0.0,1,1,0,-1
german,lightgbm,71,age,relative_minus_5,-0.05,41.0,43.05,0.00979720703639709,0.010025498097718147,0.00022829106132105613,0.00022829106132105613,0,0,0,-1
german,lightgbm,72,age,relative_minus_5,-0.05,31.0,32.55,0.16440951309080398,0.11073698342663058,-0.05367252966417341,0.05367252966417341,0,0,0,-1
german,lightgbm,73,age,relative_minus_5,-0.05,38.0,39.9,0.0701512066146692,0.08557995659516446,0.01542874998049526,0.01542874998049526,0,0,0,-1
german,lightgbm,74,age,relative_minus_5,-0.05,29.0,30.45,0.20089675448649513,0.1671430439284073,-0.033753710558087846,0.033753710558087846,0,0,0,-1
german,lightgbm,75,age,relative_minus_5,-0.05,23.0,24.15,0.5222806196725559,0.5222806196725559,0.0,0.0,1,1,0,-1
german,lightgbm,76,age,relative_minus_5,-0.05,57.0,59.85,0.232539774434109,0.2574192682870394,0.024879493852930423,0.024879493852930423,0,0,0,-1
german,lightgbm,77,age,relative_minus_5,-0.05,60.0,63.0,0.7296014495994664,0.6246371262742991,-0.10496432332516725,0.10496432332516725,1,1,0,-1
german,lightgbm,78,age,relative_minus_5,-0.05,33.0,34.65,0.05233574686089174,0.02332328602347842,-0.029012460837413323,0.029012460837413323,0,0,0,-1
german,lightgbm,79,age,relative_minus_5,-0.05,23.0,24.15,0.8523601968533747,0.8563326796393906,0.003972482786015918,0.003972482786015918,1,1,0,-1
german,lightgbm,80,age,relative_minus_5,-0.05,21.0,22.05,0.24724091491319555,0.24724091491319555,0.0,0.0,0,0,0,-1
german,lightgbm,81,age,relative_minus_5,-0.05,39.0,40.95,0.052062520477255576,0.06378583072738853,0.01172331025013295,0.01172331025013295,0,0,0,-1
german,lightgbm,82,age,relative_minus_5,-0.05,23.0,24.15,0.39190331104024756,0.39190331104024756,0.0,0.0,0,0,0,-1
german,lightgbm,83,age,relative_minus_5,-0.05,40.0,42.0,0.4694418067846172,0.48261529028065564,0.013173483496038418,0.013173483496038418,0,0,0,-1
german,lightgbm,84,age,relative_minus_5,-0.05,37.0,38.85,0.1739683108218602,0.1887402573861302,0.01477194656427,0.01477194656427,0,0,0,-1
german,lightgbm,85,age,relative_minus_5,-0.05,49.0,51.45,0.004521489614918298,0.004521489614918298,0.0,0.0,0,0,0,-1
german,lightgbm,86,age,relative_minus_5,-0.05,34.0,35.7,0.026602380126023603,0.017336831117649835,-0.009265549008373768,0.009265549008373768,0,0,0,-1
german,lightgbm,87,age,relative_minus_5,-0.05,30.0,31.5,0.6076387501320122,0.8190432276142832,0.21140447748227098,0.21140447748227098,1,1,0,-1
german,lightgbm,88,age,relative_minus_5,-0.05,27.0,28.35,0.0010791611127486252,0.00160977201368951,0.0005306109009408848,0.0005306109009408848,0,0,0,-1
german,lightgbm,89,age,relative_minus_5,-0.05,50.0,52.5,0.742624474994036,0.7784054621056616,0.035780987111625584,0.035780987111625584,1,1,0,-1
german,lightgbm,90,age,relative_minus_5,-0.05,56.0,58.8,0.7861995616942514,0.8128500168914193,0.02665045519716791,0.02665045519716791,1,1,0,-1
german,lightgbm,91,age,relative_minus_5,-0.05,55.0,57.75,0.4725044710209194,0.510662067593949,0.03815759657302964,0.03815759657302964,0,1,1,-1
german,lightgbm,92,age,relative_minus_5,-0.05,40.0,42.0,0.5387828783155257,0.5557048407334861,0.0169219624179604,0.0169219624179604,1,1,0,-1
german,lightgbm,93,age,relative_minus_5,-0.05,23.0,24.15,0.595542444670801,0.595542444670801,0.0,0.0,1,1,0,-1
german,lightgbm,94,age,relative_minus_5,-0.05,41.0,43.05,0.007938278878830486,0.007869615108173153,-6.866377065733315e-05,6.866377065733315e-05,0,0,0,-1
german,lightgbm,95,age,relative_minus_5,-0.05,41.0,43.05,0.05798365229948388,0.05806900721381929,8.535491433540876e-05,8.535491433540876e-05,0,0,0,-1
german,lightgbm,96,age,relative_minus_5,-0.05,26.0,27.3,0.5786519101275599,0.5649181484814151,-0.013733761646144815,0.013733761646144815,1,1,0,-1
german,lightgbm,97,age,relative_minus_5,-0.05,48.0,50.4,0.1637333359008902,0.1605995964649006,-0.003133739435989602,0.003133739435989602,0,0,0,-1
german,lightgbm,98,age,relative_minus_5,-0.05,27.0,28.35,0.7094753427844519,0.7579920141207065,0.04851667133625459,0.04851667133625459,1,1,0,-1
german,lightgbm,99,age,relative_minus_5,-0.05,61.0,64.05,0.0021652605170008033,0.001808766712723623,-0.00035649380427718027,0.00035649380427718027,0,0,0,-1
german,lightgbm,0,age,relative_plus_5,0.05,37.0,38.85,0.3906285256737892,0.3801112770505543,-0.010517248623234887,0.010517248623234887,0,0,0,-1
german,lightgbm,1,age,relative_plus_5,0.05,28.0,29.4,0.239865701726269,0.20892165394740914,-0.030944047778859868,0.030944047778859868,0,0,0,-1
german,lightgbm,2,age,relative_plus_5,0.05,40.0,42.0,0.061421238781333064,0.05907183807245894,-0.0023494007088741206,0.0023494007088741206,0,0,0,-1
german,lightgbm,3,age,relative_plus_5,0.05,39.0,40.95,0.06199636354725938,0.07421498876833708,0.012218625221077702,0.012218625221077702,0,0,0,-1
german,lightgbm,4,age,relative_plus_5,0.05,42.0,44.1,0.000778019771551934,0.000778019771551934,0.0,0.0,0,0,0,-1
german,lightgbm,5,age,relative_plus_5,0.05,74.0,77.7,0.0127552116532506,0.0127552116532506,0.0,0.0,0,0,0,-1
german,lightgbm,6,age,relative_plus_5,0.05,38.0,39.9,0.0015875374622949037,0.0017174878466832083,0.0001299503843883046,0.0001299503843883046,0,0,0,-1
german,lightgbm,7,age,relative_plus_5,0.05,28.0,29.4,0.10095917931946011,0.09152707766599329,-0.00943210165346682,0.00943210165346682,0,0,0,-1
german,lightgbm,8,age,relative_plus_5,0.05,42.0,44.1,0.019686942909276986,0.019324889677784774,-0.0003620532314922119,0.0003620532314922119,0,0,0,-1
german,lightgbm,9,age,relative_plus_5,0.05,23.0,24.15,0.8815646011543224,0.8815646011543224,0.0,0.0,1,1,0,-1
german,lightgbm,10,age,relative_plus_5,0.05,48.0,50.4,0.6231673856151776,0.6177358214085555,-0.005431564206622053,0.005431564206622053,1,1,0,-1
german,lightgbm,11,age,relative_plus_5,0.05,29.0,30.45,0.5819234725438788,0.5819234725438788,0.0,0.0,1,1,0,-1
german,lightgbm,12,age,relative_plus_5,0.05,29.0,30.45,0.016381379372910523,0.026310091028291474,0.00992871165538095,0.00992871165538095,0,0,0,-1
german,lightgbm,13,age,relative_plus_5,0.05,24.0,25.2,0.15698660361202765,0.20049995605027185,0.043513352438244196,0.043513352438244196,0,0,0,-1
german,lightgbm,14,age,relative_plus_5,0.05,44.0,46.2,0.06001081215992454,0.06169006395074709,0.001679251790822546,0.001679251790822546,0,0,0,-1
german,lightgbm,15,age,relative_plus_5,0.05,29.0,30.45,0.34466443332437136,0.33957799256679366,-0.005086440757577693,0.005086440757577693,0,0,0,-1
german,lightgbm,16,age,relative_plus_5,0.05,42.0,44.1,0.0013520297228720205,0.0012718631469895054,-8.016657588251507e-05,8.016657588251507e-05,0,0,0,-1
german,lightgbm,17,age,relative_plus_5,0.05,26.0,27.3,0.925921763327486,0.925921763327486,0.0,0.0,1,1,0,-1
german,lightgbm,18,age,relative_plus_5,0.05,26.0,27.3,0.05210815660012766,0.049406053593863936,-0.002702103006263723,0.002702103006263723,0,0,0,-1
german,lightgbm,19,age,relative_plus_5,0.05,33.0,34.65,0.9431976521725624,0.9324921043626098,-0.010705547809952587,0.010705547809952587,1,1,0,-1
german,lightgbm,20,age,relative_plus_5,0.05,51.0,53.55,0.1652310311335665,0.18948766105328638,0.024256629919719885,0.024256629919719885,0,0,0,-1
german,lightgbm,21,age,relative_plus_5,0.05,36.0,37.8,0.04087693346542949,0.03559873497644414,-0.00527819848898535,0.00527819848898535,0,0,0,-1
german,lightgbm,22,age,relative_plus_5,0.05,35.0,36.75,0.06721612707097044,0.037342440697971484,-0.029873686372998955,0.029873686372998955,0,0,0,-1
german,lightgbm,23,age,relative_plus_5,0.05,40.0,42.0,0.8427293510043804,0.8824382655353986,0.03970891453101821,0.03970891453101821,1,1,0,-1
german,lightgbm,24,age,relative_plus_5,0.05,29.0,30.45,0.7997434553378628,0.7517373145194519,-0.048006140818410925,0.048006140818410925,1,1,0,-1
german,lightgbm,25,age,relative_plus_5,0.05,28.0,29.4,0.4667371539312502,0.4707196145523347,0.003982460621084483,0.003982460621084483,0,0,0,-1
german,lightgbm,26,age,relative_plus_5,0.05,24.0,25.2,0.2090941121178558,0.21112325198412404,0.002029139866268237,0.002029139866268237,0,0,0,-1
german,lightgbm,27,age,relative_plus_5,0.05,26.0,27.3,0.45947633223517137,0.45947633223517137,0.0,0.0,0,0,0,-1
german,lightgbm,28,age,relative_plus_5,0.05,24.0,25.2,0.003740671773448724,0.004537418813528418,0.0007967470400796939,0.0007967470400796939,0,0,0,-1
german,lightgbm,29,age,relative_plus_5,0.05,23.0,24.15,0.44175540704147304,0.44964233304649437,0.007886926005021333,0.007886926005021333,0,0,0,-1
german,lightgbm,30,age,relative_plus_5,0.05,46.0,48.3,0.36163582701893,0.36163582701893,0.0,0.0,0,0,0,-1
german,lightgbm,31,age,relative_plus_5,0.05,22.0,23.1,0.34959479263019255,0.3176834725885466,-0.03191132004164593,0.03191132004164593,0,0,0,-1
german,lightgbm,32,age,relative_plus_5,0.05,36.0,37.8,0.027101650147053884,0.026182683256137346,-0.0009189668909165387,0.0009189668909165387,0,0,0,-1
german,lightgbm,33,age,relative_plus_5,0.05,22.0,23.1,0.0284420531071389,0.019462537751146584,-0.008979515355992316,0.008979515355992316,0,0,0,-1
german,lightgbm,34,age,relative_plus_5,0.05,30.0,31.5,0.7949814871873333,0.7995203105536764,0.004538823366343148,0.004538823366343148,1,1,0,-1
german,lightgbm,35,age,relative_plus_5,0.05,33.0,34.65,0.5095935653238034,0.5095935653238034,0.0,0.0,1,1,0,-1
german,lightgbm,36,age,relative_plus_5,0.05,31.0,32.55,0.7254708576063886,0.7709256050431713,0.04545474743678268,0.04545474743678268,1,1,0,-1
german,lightgbm,37,age,relative_plus_5,0.05,33.0,34.65,0.1180789524031287,0.12166478148869551,0.0035858290855668162,0.0035858290855668162,0,0,0,-1
german,lightgbm,38,age,relative_plus_5,0.05,42.0,44.1,0.4095659707951472,0.4261483824667701,0.016582411671622888,0.016582411671622888,0,0,0,-1
german,lightgbm,39,age,relative_plus_5,0.05,41.0,43.05,0.018957526512300097,0.018795355281117733,-0.00016217123118236407,0.00016217123118236407,0,0,0,-1
german,lightgbm,40,age,relative_plus_5,0.05,27.0,28.35,0.5387102777430276,0.5500697269064142,0.011359449163386603,0.011359449163386603,1,1,0,-1
german,lightgbm,41,age,relative_plus_5,0.05,26.0,27.3,0.2852989110737803,0.2852989110737803,0.0,0.0,0,0,0,-1
german,lightgbm,42,age,relative_plus_5,0.05,24.0,25.2,0.8199191131790665,0.8668989176379918,0.046979804458925245,0.046979804458925245,1,1,0,-1
german,lightgbm,43,age,relative_plus_5,0.05,24.0,25.2,0.9309460410455855,0.9472479979447497,0.01630195689916414,0.01630195689916414,1,1,0,-1
german,lightgbm,44,age,relative_plus_5,0.05,36.0,37.8,0.5665947846895176,0.5854524468352108,0.018857662145693177,0.018857662145693177,1,1,0,-1
german,lightgbm,45,age,relative_plus_5,0.05,49.0,51.45,0.2447713790571778,0.2447713790571778,0.0,0.0,0,0,0,-1
german,lightgbm,46,age,relative_plus_5,0.05,47.0,49.35,0.010856344450514104,0.010611434122335527,-0.0002449103281785773,0.0002449103281785773,0,0,0,-1
german,lightgbm,47,age,relative_plus_5,0.05,23.0,24.15,0.10565369098051447,0.10775088254844205,0.002097191567927578,0.002097191567927578,0,0,0,-1
german,lightgbm,48,age,relative_plus_5,0.05,63.0,66.15,0.0077234696716923824,0.0077234696716923824,0.0,0.0,0,0,0,-1
german,lightgbm,49,age,relative_plus_5,0.05,58.0,60.9,0.37766608391954276,0.4004665169929026,0.022800433073359827,0.022800433073359827,0,0,0,-1
german,lightgbm,50,age,relative_plus_5,0.05,35.0,36.75,0.10754456996147924,0.10746720460272112,-7.736535875811634e-05,7.736535875811634e-05,0,0,0,-1
german,lightgbm,51,age,relative_plus_5,0.05,37.0,38.85,0.20045288792019303,0.19483303561480972,-0.0056198523053833105,0.0056198523053833105,0,0,0,-1
german,lightgbm,52,age,relative_plus_5,0.05,31.0,32.55,0.2232390849422753,0.290723599515993,0.06748451457371774,0.06748451457371774,0,0,0,-1
german,lightgbm,53,age,relative_plus_5,0.05,32.0,33.6,0.08263946571053118,0.07915405725739266,-0.003485408453138522,0.003485408453138522,0,0,0,-1
german,lightgbm,54,age,relative_plus_5,0.05,28.0,29.4,0.7751983503992061,0.7779730239893609,0.002774673590154708,0.002774673590154708,1,1,0,-1
german,lightgbm,55,age,relative_plus_5,0.05,21.0,22.05,0.2709041232151986,0.2709041232151986,0.0,0.0,0,0,0,-1
german,lightgbm,56,age,relative_plus_5,0.05,47.0,49.35,0.8949846835423396,0.8927970275554491,-0.0021876559868905243,0.0021876559868905243,1,1,0,-1
german,lightgbm,57,age,relative_plus_5,0.05,29.0,30.45,0.19895661481991747,0.19811175424524835,-0.0008448605746691207,0.0008448605746691207,0,0,0,-1
german,lightgbm,58,age,relative_plus_5,0.05,50.0,52.5,0.19686220446311817,0.19101420240468953,-0.005848002058428642,0.005848002058428642,0,0,0,-1
german,lightgbm,59,age,relative_plus_5,0.05,51.0,53.55,0.6556463130368732,0.6969653062803993,0.04131899324352617,0.04131899324352617,1,1,0,-1
german,lightgbm,60,age,relative_plus_5,0.05,29.0,30.45,0.1494642794145739,0.21798364664453035,0.06851936722995644,0.06851936722995644,0,0,0,-1
german,lightgbm,61,age,relative_plus_5,0.05,24.0,25.2,0.07395817947549249,0.08922638772798146,0.015268208252488966,0.015268208252488966,0,0,0,-1
german,lightgbm,62,age,relative_plus_5,0.05,30.0,31.5,0.7910063234667474,0.7330662185077392,-0.05794010495900814,0.05794010495900814,1,1,0,-1
german,lightgbm,63,age,relative_plus_5,0.05,32.0,33.6,0.46215650717795514,0.5098989367930533,0.04774242961509817,0.04774242961509817,0,1,1,-1
german,lightgbm,64,age,relative_plus_5,0.05,23.0,24.15,0.8565251969688404,0.8565251969688404,0.0,0.0,1,1,0,-1
german,lightgbm,65,age,relative_plus_5,0.05,32.0,33.6,0.17328838568870306,0.17773170863106313,0.004443322942360078,0.004443322942360078,0,0,0,-1
german,lightgbm,66,age,relative_plus_5,0.05,54.0,56.7,0.2073789273550252,0.22134758552056297,0.013968658165537773,0.013968658165537773,0,0,0,-1
german,lightgbm,67,age,relative_plus_5,0.05,26.0,27.3,0.9222025230520857,0.9222025230520857,0.0,0.0,1,1,0,-1
german,lightgbm,68,age,relative_plus_5,0.05,43.0,45.15,0.36554189730904146,0.3514675361230834,-0.014074361185958062,0.014074361185958062,0,0,0,-1
german,lightgbm,69,age,relative_plus_5,0.05,25.0,26.25,0.5551759772046333,0.5080036831418283,-0.04717229406280499,0.04717229406280499,1,1,0,-1
german,lightgbm,70,age,relative_plus_5,0.05,26.0,27.3,0.8060668534560961,0.8060668534560961,0.0,0.0,1,1,0,-1
german,lightgbm,71,age,relative_plus_5,0.05,41.0,43.05,0.00979720703639709,0.010025498097718147,0.00022829106132105613,0.00022829106132105613,0,0,0,-1
german,lightgbm,72,age,relative_plus_5,0.05,31.0,32.55,0.16440951309080398,0.11073698342663058,-0.05367252966417341,0.05367252966417341,0,0,0,-1
german,lightgbm,73,age,relative_plus_5,0.05,38.0,39.9,0.0701512066146692,0.08557995659516446,0.01542874998049526,0.01542874998049526,0,0,0,-1
german,lightgbm,74,age,relative_plus_5,0.05,29.0,30.45,0.20089675448649513,0.1671430439284073,-0.033753710558087846,0.033753710558087846,0,0,0,-1
german,lightgbm,75,age,relative_plus_5,0.05,23.0,24.15,0.5222806196725559,0.5222806196725559,0.0,0.0,1,1,0,-1
german,lightgbm,76,age,relative_plus_5,0.05,57.0,59.85,0.232539774434109,0.2574192682870394,0.024879493852930423,0.024879493852930423,0,0,0,-1
german,lightgbm,77,age,relative_plus_5,0.05,60.0,63.0,0.7296014495994664,0.6246371262742991,-0.10496432332516725,0.10496432332516725,1,1,0,-1
german,lightgbm,78,age,relative_plus_5,0.05,33.0,34.65,0.05233574686089174,0.02332328602347842,-0.029012460837413323,0.029012460837413323,0,0,0,-1
german,lightgbm,79,age,relative_plus_5,0.05,23.0,24.15,0.8523601968533747,0.8563326796393906,0.003972482786015918,0.003972482786015918,1,1,0,-1
german,lightgbm,80,age,relative_plus_5,0.05,21.0,22.05,0.24724091491319555,0.24724091491319555,0.0,0.0,0,0,0,-1
german,lightgbm,81,age,relative_plus_5,0.05,39.0,40.95,0.052062520477255576,0.06378583072738853,0.01172331025013295,0.01172331025013295,0,0,0,-1
german,lightgbm,82,age,relative_plus_5,0.05,23.0,24.15,0.39190331104024756,0.39190331104024756,0.0,0.0,0,0,0,-1
german,lightgbm,83,age,relative_plus_5,0.05,40.0,42.0,0.4694418067846172,0.48261529028065564,0.013173483496038418,0.013173483496038418,0,0,0,-1
german,lightgbm,84,age,relative_plus_5,0.05,37.0,38.85,0.1739683108218602,0.1887402573861302,0.01477194656427,0.01477194656427,0,0,0,-1
german,lightgbm,85,age,relative_plus_5,0.05,49.0,51.45,0.004521489614918298,0.004521489614918298,0.0,0.0,0,0,0,-1
german,lightgbm,86,age,relative_plus_5,0.05,34.0,35.7,0.026602380126023603,0.017336831117649835,-0.009265549008373768,0.009265549008373768,0,0,0,-1
german,lightgbm,87,age,relative_plus_5,0.05,30.0,31.5,0.6076387501320122,0.8190432276142832,0.21140447748227098,0.21140447748227098,1,1,0,-1
german,lightgbm,88,age,relative_plus_5,0.05,27.0,28.35,0.0010791611127486252,0.00160977201368951,0.0005306109009408848,0.0005306109009408848,0,0,0,-1
german,lightgbm,89,age,relative_plus_5,0.05,50.0,52.5,0.742624474994036,0.7784054621056616,0.035780987111625584,0.035780987111625584,1,1,0,-1
german,lightgbm,90,age,relative_plus_5,0.05,56.0,58.8,0.7861995616942514,0.8128500168914193,0.02665045519716791,0.02665045519716791,1,1,0,-1
german,lightgbm,91,age,relative_plus_5,0.05,55.0,57.75,0.4725044710209194,0.510662067593949,0.03815759657302964,0.03815759657302964,0,1,1,-1
german,lightgbm,92,age,relative_plus_5,0.05,40.0,42.0,0.5387828783155257,0.5557048407334861,0.0169219624179604,0.0169219624179604,1,1,0,-1
german,lightgbm,93,age,relative_plus_5,0.05,23.0,24.15,0.595542444670801,0.595542444670801,0.0,0.0,1,1,0,-1
german,lightgbm,94,age,relative_plus_5,0.05,41.0,43.05,0.007938278878830486,0.007869615108173153,-6.866377065733315e-05,6.866377065733315e-05,0,0,0,-1
german,lightgbm,95,age,relative_plus_5,0.05,41.0,43.05,0.05798365229948388,0.05806900721381929,8.535491433540876e-05,8.535491433540876e-05,0,0,0,-1
german,lightgbm,96,age,relative_plus_5,0.05,26.0,27.3,0.5786519101275599,0.5649181484814151,-0.013733761646144815,0.013733761646144815,1,1,0,-1
german,lightgbm,97,age,relative_plus_5,0.05,48.0,50.4,0.1637333359008902,0.1605995964649006,-0.003133739435989602,0.003133739435989602,0,0,0,-1
german,lightgbm,98,age,relative_plus_5,0.05,27.0,28.35,0.7094753427844519,0.7579920141207065,0.04851667133625459,0.04851667133625459,1,1,0,-1
german,lightgbm,99,age,relative_plus_5,0.05,61.0,64.05,0.0021652605170008033,0.001808766712723623,-0.00035649380427718027,0.00035649380427718027,0,0,0,-1
german,lightgbm,0,age,relative_minus_10,-0.1,37.0,40.7,0.3906285256737892,0.363657080564123,-0.026971445109666203,0.026971445109666203,0,0,0,-1
german,lightgbm,1,age,relative_minus_10,-0.1,28.0,30.8,0.239865701726269,0.16371158016027917,-0.07615412156598983,0.07615412156598983,0,0,0,-1
german,lightgbm,2,age,relative_minus_10,-0.1,40.0,44.0,0.061421238781333064,0.05907183807245894,-0.0023494007088741206,0.0023494007088741206,0,0,0,-1
german,lightgbm,3,age,relative_minus_10,-0.1,39.0,42.9,0.06199636354725938,0.07693510234007042,0.014938738792811039,0.014938738792811039,0,0,0,-1
german,lightgbm,4,age,relative_minus_10,-0.1,42.0,46.2,0.000778019771551934,0.0007507908856919849,-2.7228885859949107e-05,2.7228885859949107e-05,0,0,0,-1
german,lightgbm,5,age,relative_minus_10,-0.1,74.0,81.4,0.0127552116532506,0.0127552116532506,0.0,0.0,0,0,0,-1
german,lightgbm,6,age,relative_minus_10,-0.1,38.0,41.8,0.0015875374622949037,0.0020104463223528622,0.0004229088600579585,0.0004229088600579585,0,0,0,-1
german,lightgbm,7,age,relative_minus_10,-0.1,28.0,30.8,0.10095917931946011,0.220149726738807,0.1191905474193469,0.1191905474193469,0,0,0,-1
german,lightgbm,8,age,relative_minus_10,-0.1,42.0,46.2,0.019686942909276986,0.018335460670555206,-0.0013514822387217795,0.0013514822387217795,0,0,0,-1
german,lightgbm,9,age,relative_minus_10,-0.1,23.0,25.3,0.8815646011543224,0.9113982402081006,0.029833639053778116,0.029833639053778116,1,1,0,-1
german,lightgbm,10,age,relative_minus_10,-0.1,48.0,52.8,0.6231673856151776,0.6454525463865949,0.02228516077141729,0.02228516077141729,1,1,0,-1
german,lightgbm,11,age,relative_minus_10,-0.1,29.0,31.9,0.5819234725438788,0.5696105182501103,-0.012312954293768441,0.012312954293768441,1,1,0,-1
german,lightgbm,12,age,relative_minus_10,-0.1,29.0,31.9,0.016381379372910523,0.012752816475159428,-0.003628562897751096,0.003628562897751096,0,0,0,-1
german,lightgbm,13,age,relative_minus_10,-0.1,24.0,26.4,0.15698660361202765,0.1718230768735695,0.01483647326154186,0.01483647326154186,0,0,0,-1
german,lightgbm,14,age,relative_minus_10,-0.1,44.0,48.4,0.06001081215992454,0.06169006395074709,0.001679251790822546,0.001679251790822546,0,0,0,-1
german,lightgbm,15,age,relative_minus_10,-0.1,29.0,31.9,0.34466443332437136,0.648887576245155,0.3042231429207837,0.3042231429207837,0,1,1,-1
german,lightgbm,16,age,relative_minus_10,-0.1,42.0,46.2,0.0013520297228720205,0.0011194238103646914,-0.00023260591250732912,0.00023260591250732912,0,0,0,-1
german,lightgbm,17,age,relative_minus_10,-0.1,26.0,28.6,0.925921763327486,0.920271641307133,-0.005650122020352977,0.005650122020352977,1,1,0,-1
german,lightgbm,18,age,relative_minus_10,-0.1,26.0,28.6,0.05210815660012766,0.0671390123296782,0.01503085572955054,0.01503085572955054,0,0,0,-1
german,lightgbm,19,age,relative_minus_10,-0.1,33.0,36.3,0.9431976521725624,0.9304513486534558,-0.01274630351910655,0.01274630351910655,1,1,0,-1
german,lightgbm,20,age,relative_minus_10,-0.1,51.0,56.1,0.1652310311335665,0.18948766105328638,0.024256629919719885,0.024256629919719885,0,0,0,-1
german,lightgbm,21,age,relative_minus_10,-0.1,36.0,39.6,0.04087693346542949,0.04260623549929487,0.0017293020338653778,0.0017293020338653778,0,0,0,-1
german,lightgbm,22,age,relative_minus_10,-0.1,35.0,38.5,0.06721612707097044,0.03608910842025649,-0.031127018650713947,0.031127018650713947,0,0,0,-1
german,lightgbm,23,age,relative_minus_10,-0.1,40.0,44.0,0.8427293510043804,0.8824382655353986,0.03970891453101821,0.03970891453101821,1,1,0,-1
german,lightgbm,24,age,relative_minus_10,-0.1,29.0,31.9,0.7997434553378628,0.7397726851449447,-0.05997077019291819,0.05997077019291819,1,1,0,-1
german,lightgbm,25,age,relative_minus_10,-0.1,28.0,30.8,0.4667371539312502,0.47208542941901355,0.005348275487763343,0.005348275487763343,0,0,0,-1
german,lightgbm,26,age,relative_minus_10,-0.1,24.0,26.4,0.2090941121178558,0.17711809883078197,-0.031976013287073835,0.031976013287073835,0,0,0,-1
german,lightgbm,27,age,relative_minus_10,-0.1,26.0,28.6,0.45947633223517137,0.5027612552060685,0.043284922970897144,0.043284922970897144,0,1,1,-1
german,lightgbm,28,age,relative_minus_10,-0.1,24.0,26.4,0.003740671773448724,0.003527121935409249,-0.000213549838039475,0.000213549838039475,0,0,0,-1
german,lightgbm,29,age,relative_minus_10,-0.1,23.0,25.3,0.44175540704147304,0.5318626343146515,0.09010722727317849,0.09010722727317849,0,1,1,-1
german,lightgbm,30,age,relative_minus_10,-0.1,46.0,50.6,0.36163582701893,0.35632829692317064,-0.00530753009575935,0.00530753009575935,0,0,0,-1
german,lightgbm,31,age,relative_minus_10,-0.1,22.0,24.2,0.34959479263019255,0.3176834725885466,-0.03191132004164593,0.03191132004164593,0,0,0,-1
german,lightgbm,32,age,relative_minus_10,-0.1,36.0,39.6,0.027101650147053884,0.025159554113953774,-0.0019420960331001103,0.0019420960331001103,0,0,0,-1
german,lightgbm,33,age,relative_minus_10,-0.1,22.0,24.2,0.0284420531071389,0.02008122393624716,-0.008360829170891742,0.008360829170891742,0,0,0,-1
german,lightgbm,34,age,relative_minus_10,-0.1,30.0,33.0,0.7949814871873333,0.8250662686486098,0.030084781461276466,0.030084781461276466,1,1,0,-1
german,lightgbm,35,age,relative_minus_10,-0.1,33.0,36.3,0.5095935653238034,0.5095935653238034,0.0,0.0,1,1,0,-1
german,lightgbm,36,age,relative_minus_10,-0.1,31.0,34.1,0.7254708576063886,0.7709256050431713,0.04545474743678268,0.04545474743678268,1,1,0,-1
german,lightgbm,37,age,relative_minus_10,-0.1,33.0,36.3,0.1180789524031287,0.12586970460434682,0.0077907522012181235,0.0077907522012181235,0,0,0,-1
german,lightgbm,38,age,relative_minus_10,-0.1,42.0,46.2,0.4095659707951472,0.4482902578982873,0.038724287103140076,0.038724287103140076,0,0,0,-1
german,lightgbm,39,age,relative_minus_10,-0.1,41.0,45.1,0.018957526512300097,0.018208437230500023,-0.0007490892818000743,0.0007490892818000743,0,0,0,-1
german,lightgbm,40,age,relative_minus_10,-0.1,27.0,29.7,0.5387102777430276,0.5643473647544499,0.02563708701142231,0.02563708701142231,1,1,0,-1
german,lightgbm,41,age,relative_minus_10,-0.1,26.0,28.6,0.2852989110737803,0.4115476747345694,0.12624876366078908,0.12624876366078908,0,0,0,-1
german,lightgbm,42,age,relative_minus_10,-0.1,24.0,26.4,0.8199191131790665,0.8481470327921008,0.02822791961303428,0.02822791961303428,1,1,0,-1
german,lightgbm,43,age,relative_minus_10,-0.1,24.0,26.4,0.9309460410455855,0.9369304098771936,0.005984368831608022,0.005984368831608022,1,1,0,-1
german,lightgbm,44,age,relative_minus_10,-0.1,36.0,39.6,0.5665947846895176,0.5854524468352108,0.018857662145693177,0.018857662145693177,1,1,0,-1
german,lightgbm,45,age,relative_minus_10,-0.1,49.0,53.9,0.2447713790571778,0.28439063684625343,0.03961925778907563,0.03961925778907563,0,0,0,-1
german,lightgbm,46,age,relative_minus_10,-0.1,47.0,51.7,0.010856344450514104,0.012685231038121707,0.0018288865876076033,0.0018288865876076033,0,0,0,-1
german,lightgbm,47,age,relative_minus_10,-0.1,23.0,25.3,0.10565369098051447,0.1228139982740221,0.017160307293507635,0.017160307293507635,0,0,0,-1
german,lightgbm,48,age,relative_minus_10,-0.1,63.0,69.3,0.0077234696716923824,0.0077234696716923824,0.0,0.0,0,0,0,-1
german,lightgbm,49,age,relative_minus_10,-0.1,58.0,63.8,0.37766608391954276,0.33486512692141435,-0.042800956998128414,0.042800956998128414,0,0,0,-1
german,lightgbm,50,age,relative_minus_10,-0.1,35.0,38.5,0.10754456996147924,0.10615589514793897,-0.0013886748135402693,0.0013886748135402693,0,0,0,-1
german,lightgbm,51,age,relative_minus_10,-0.1,37.0,40.7,0.20045288792019303,0.19132329706651008,-0.00912959085368295,0.00912959085368295,0,0,0,-1
german,lightgbm,52,age,relative_minus_10,-0.1,31.0,34.1,0.2232390849422753,0.22530310220422933,0.002064017261954043,0.002064017261954043,0,0,0,-1
german,lightgbm,53,age,relative_minus_10,-0.1,32.0,35.2,0.08263946571053118,0.07915405725739266,-0.003485408453138522,0.003485408453138522,0,0,0,-1
german,lightgbm,54,age,relative_minus_10,-0.1,28.0,30.8,0.7751983503992061,0.7330858870529593,-0.04211246334624685,0.04211246334624685,1,1,0,-1
german,lightgbm,55,age,relative_minus_10,-0.1,21.0,23.1,0.2709041232151986,0.20123112277939992,-0.06967300043579866,0.06967300043579866,0,0,0,-1
german,lightgbm,56,age,relative_minus_10,-0.1,47.0,51.7,0.8949846835423396,0.9092728294513952,0.014288145909055583,0.014288145909055583,1,1,0,-1
german,lightgbm,57,age,relative_minus_10,-0.1,29.0,31.9,0.19895661481991747,0.14162308679517208,-0.057333528024745395,0.057333528024745395,0,0,0,-1
german,lightgbm,58,age,relative_minus_10,-0.1,50.0,55.0,0.19686220446311817,0.19843197859224032,0.0015697741291221534,0.0015697741291221534,0,0,0,-1
german,lightgbm,59,age,relative_minus_10,-0.1,51.0,56.1,0.6556463130368732,0.7085129787105924,0.052866665673719226,0.052866665673719226,1,1,0,-1
german,lightgbm,60,age,relative_minus_10,-0.1,29.0,31.9,0.1494642794145739,0.34404857023391616,0.19458429081934225,0.19458429081934225,0,0,0,-1
german,lightgbm,61,age,relative_minus_10,-0.1,24.0,26.4,0.07395817947549249,0.07551782833558718,0.0015596488600946867,0.0015596488600946867,0,0,0,-1
german,lightgbm,62,age,relative_minus_10,-0.1,30.0,33.0,0.7910063234667474,0.7592532671542277,-0.03175305631251968,0.03175305631251968,1,1,0,-1
german,lightgbm,63,age,relative_minus_10,-0.1,32.0,35.2,0.46215650717795514,0.4808584652083999,0.018701958030444776,0.018701958030444776,0,0,0,-1
german,lightgbm,64,age,relative_minus_10,-0.1,23.0,25.3,0.8565251969688404,0.875408089256448,0.018882892287607533,0.018882892287607533,1,1,0,-1
german,lightgbm,65,age,relative_minus_10,-0.1,32.0,35.2,0.17328838568870306,0.18312267326303514,0.009834287574332079,0.009834287574332079,0,0,0,-1
german,lightgbm,66,age,relative_minus_10,-0.1,54.0,59.4,0.2073789273550252,0.24541253710427396,0.03803360974924877,0.03803360974924877,0,0,0,-1
german,lightgbm,67,age,relative_minus_10,-0.1,26.0,28.6,0.9222025230520857,0.9074026331912525,-0.014799889860833249,0.014799889860833249,1,1,0,-1
german,lightgbm,68,age,relative_minus_10,-0.1,43.0,47.3,0.36554189730904146,0.3514675361230834,-0.014074361185958062,0.014074361185958062,0,0,0,-1
german,lightgbm,69,age,relative_minus_10,-0.1,25.0,27.5,0.5551759772046333,0.5080036831418283,-0.04717229406280499,0.04717229406280499,1,1,0,-1
german,lightgbm,70,age,relative_minus_10,-0.1,26.0,28.6,0.8060668534560961,0.8549565979844332,0.048889744528337165,0.048889744528337165,1,1,0,-1
german,lightgbm,71,age,relative_minus_10,-0.1,41.0,45.1,0.00979720703639709,0.014672162580512526,0.004874955544115435,0.004874955544115435,0,0,0,-1
german,lightgbm,72,age,relative_minus_10,-0.1,31.0,34.1,0.16440951309080398,0.11073698342663058,-0.05367252966417341,0.05367252966417341,0,0,0,-1
german,lightgbm,73,age,relative_minus_10,-0.1,38.0,41.8,0.0701512066146692,0.08368739692650652,0.013536190311837323,0.013536190311837323,0,0,0,-1
german,lightgbm,74,age,relative_minus_10,-0.1,29.0,31.9,0.20089675448649513,0.1671430439284073,-0.033753710558087846,0.033753710558087846,0,0,0,-1
german,lightgbm,75,age,relative_minus_10,-0.1,23.0,25.3,0.5222806196725559,0.5485323013447554,0.02625168167219949,0.02625168167219949,1,1,0,-1
german,lightgbm,76,age,relative_minus_10,-0.1,57.0,62.7,0.232539774434109,0.18144475294636914,-0.05109502148773987,0.05109502148773987,0,0,0,-1
german,lightgbm,77,age,relative_minus_10,-0.1,60.0,66.0,0.7296014495994664,0.6246371262742991,-0.10496432332516725,0.10496432332516725,1,1,0,-1
german,lightgbm,78,age,relative_minus_10,-0.1,33.0,36.3,0.05233574686089174,0.011303630532604029,-0.04103211632828771,0.04103211632828771,0,0,0,-1
german,lightgbm,79,age,relative_minus_10,-0.1,23.0,25.3,0.8523601968533747,0.8796860662019612,0.027325869348586496,0.027325869348586496,1,1,0,-1
german,lightgbm,80,age,relative_minus_10,-0.1,21.0,23.1,0.24724091491319555,0.20471057480725718,-0.04253034010593837,0.04253034010593837,0,0,0,-1
german,lightgbm,81,age,relative_minus_10,-0.1,39.0,42.9,0.052062520477255576,0.073882467235666,0.021819946758410418,0.021819946758410418,0,0,0,-1
german,lightgbm,82,age,relative_minus_10,-0.1,23.0,25.3,0.39190331104024756,0.44141073794122776,0.0495074269009802,0.0495074269009802,0,0,0,-1
german,lightgbm,83,age,relative_minus_10,-0.1,40.0,44.0,0.4694418067846172,0.49857009135972535,0.029128284575108132,0.029128284575108132,0,0,0,-1
german,lightgbm,84,age,relative_minus_10,-0.1,37.0,40.7,0.1739683108218602,0.191824006585132,0.017855695763271784,0.017855695763271784,0,0,0,-1
german,lightgbm,85,age,relative_minus_10,-0.1,49.0,53.9,0.004521489614918298,0.005793723200960872,0.001272233586042574,0.001272233586042574,0,0,0,-1
german,lightgbm,86,age,relative_minus_10,-0.1,34.0,37.4,0.026602380126023603,0.01743131875345666,-0.009171061372566944,0.009171061372566944,0,0,0,-1
german,lightgbm,87,age,relative_minus_10,-0.1,30.0,33.0,0.6076387501320122,0.852162087306546,0.24452333717453378,0.24452333717453378,1,1,0,-1
german,lightgbm,88,age,relative_minus_10,-0.1,27.0,29.7,0.0010791611127486252,0.0014283651466944897,0.00034920403394586444,0.00034920403394586444,0,0,0,-1
german,lightgbm,89,age,relative_minus_10,-0.1,50.0,55.0,0.742624474994036,0.8115172799340418,0.06889280494000571,0.06889280494000571,1,1,0,-1
german,lightgbm,90,age,relative_minus_10,-0.1,56.0,61.6,0.7861995616942514,0.75405166388353,-0.03214789781072147,0.03214789781072147,1,1,0,-1
german,lightgbm,91,age,relative_minus_10,-0.1,55.0,60.5,0.4725044710209194,0.5311719277217158,0.05866745670079643,0.05866745670079643,0,1,1,-1
german,lightgbm,92,age,relative_minus_10,-0.1,40.0,44.0,0.5387828783155257,0.5405467205767608,0.001763842261235049,0.001763842261235049,1,1,0,-1
german,lightgbm,93,age,relative_minus_10,-0.1,23.0,25.3,0.595542444670801,0.6333143992781101,0.03777195460730909,0.03777195460730909,1,1,0,-1
german,lightgbm,94,age,relative_minus_10,-0.1,41.0,45.1,0.007938278878830486,0.007851718783996616,-8.656009483386934e-05,8.656009483386934e-05,0,0,0,-1
german,lightgbm,95,age,relative_minus_10,-0.1,41.0,45.1,0.05798365229948388,0.05431398973805565,-0.0036696625614282274,0.0036696625614282274,0,0,0,-1
german,lightgbm,96,age,relative_minus_10,-0.1,26.0,28.6,0.5786519101275599,0.5117467063093681,-0.06690520381819176,0.06690520381819176,1,1,0,-1
german,lightgbm,97,age,relative_minus_10,-0.1,48.0,52.8,0.1637333359008902,0.19141352145026613,0.02768018554937593,0.02768018554937593,0,0,0,-1
german,lightgbm,98,age,relative_minus_10,-0.1,27.0,29.7,0.7094753427844519,0.7642682673471989,0.05479292456274698,0.05479292456274698,1,1,0,-1
german,lightgbm,99,age,relative_minus_10,-0.1,61.0,67.1,0.0021652605170008033,0.001808766712723623,-0.00035649380427718027,0.00035649380427718027,0,0,0,-1
german,lightgbm,0,age,relative_plus_10,0.1,37.0,40.7,0.3906285256737892,0.363657080564123,-0.026971445109666203,0.026971445109666203,0,0,0,-1
german,lightgbm,1,age,relative_plus_10,0.1,28.0,30.8,0.239865701726269,0.16371158016027917,-0.07615412156598983,0.07615412156598983,0,0,0,-1
german,lightgbm,2,age,relative_plus_10,0.1,40.0,44.0,0.061421238781333064,0.05907183807245894,-0.0023494007088741206,0.0023494007088741206,0,0,0,-1
german,lightgbm,3,age,relative_plus_10,0.1,39.0,42.9,0.06199636354725938,0.07693510234007042,0.014938738792811039,0.014938738792811039,0,0,0,-1
german,lightgbm,4,age,relative_plus_10,0.1,42.0,46.2,0.000778019771551934,0.0007507908856919849,-2.7228885859949107e-05,2.7228885859949107e-05,0,0,0,-1
german,lightgbm,5,age,relative_plus_10,0.1,74.0,81.4,0.0127552116532506,0.0127552116532506,0.0,0.0,0,0,0,-1
german,lightgbm,6,age,relative_plus_10,0.1,38.0,41.8,0.0015875374622949037,0.0020104463223528622,0.0004229088600579585,0.0004229088600579585,0,0,0,-1
german,lightgbm,7,age,relative_plus_10,0.1,28.0,30.8,0.10095917931946011,0.220149726738807,0.1191905474193469,0.1191905474193469,0,0,0,-1
german,lightgbm,8,age,relative_plus_10,0.1,42.0,46.2,0.019686942909276986,0.018335460670555206,-0.0013514822387217795,0.0013514822387217795,0,0,0,-1
german,lightgbm,9,age,relative_plus_10,0.1,23.0,25.3,0.8815646011543224,0.9113982402081006,0.029833639053778116,0.029833639053778116,1,1,0,-1
german,lightgbm,10,age,relative_plus_10,0.1,48.0,52.8,0.6231673856151776,0.6454525463865949,0.02228516077141729,0.02228516077141729,1,1,0,-1
german,lightgbm,11,age,relative_plus_10,0.1,29.0,31.9,0.5819234725438788,0.5696105182501103,-0.012312954293768441,0.012312954293768441,1,1,0,-1
german,lightgbm,12,age,relative_plus_10,0.1,29.0,31.9,0.016381379372910523,0.012752816475159428,-0.003628562897751096,0.003628562897751096,0,0,0,-1
german,lightgbm,13,age,relative_plus_10,0.1,24.0,26.4,0.15698660361202765,0.1718230768735695,0.01483647326154186,0.01483647326154186,0,0,0,-1
german,lightgbm,14,age,relative_plus_10,0.1,44.0,48.4,0.06001081215992454,0.06169006395074709,0.001679251790822546,0.001679251790822546,0,0,0,-1
german,lightgbm,15,age,relative_plus_10,0.1,29.0,31.9,0.34466443332437136,0.648887576245155,0.3042231429207837,0.3042231429207837,0,1,1,-1
german,lightgbm,16,age,relative_plus_10,0.1,42.0,46.2,0.0013520297228720205,0.0011194238103646914,-0.00023260591250732912,0.00023260591250732912,0,0,0,-1
german,lightgbm,17,age,relative_plus_10,0.1,26.0,28.6,0.925921763327486,0.920271641307133,-0.005650122020352977,0.005650122020352977,1,1,0,-1
german,lightgbm,18,age,relative_plus_10,0.1,26.0,28.6,0.05210815660012766,0.0671390123296782,0.01503085572955054,0.01503085572955054,0,0,0,-1
german,lightgbm,19,age,relative_plus_10,0.1,33.0,36.3,0.9431976521725624,0.9304513486534558,-0.01274630351910655,0.01274630351910655,1,1,0,-1
german,lightgbm,20,age,relative_plus_10,0.1,51.0,56.1,0.1652310311335665,0.18948766105328638,0.024256629919719885,0.024256629919719885,0,0,0,-1
german,lightgbm,21,age,relative_plus_10,0.1,36.0,39.6,0.04087693346542949,0.04260623549929487,0.0017293020338653778,0.0017293020338653778,0,0,0,-1
german,lightgbm,22,age,relative_plus_10,0.1,35.0,38.5,0.06721612707097044,0.03608910842025649,-0.031127018650713947,0.031127018650713947,0,0,0,-1
german,lightgbm,23,age,relative_plus_10,0.1,40.0,44.0,0.8427293510043804,0.8824382655353986,0.03970891453101821,0.03970891453101821,1,1,0,-1
german,lightgbm,24,age,relative_plus_10,0.1,29.0,31.9,0.7997434553378628,0.7397726851449447,-0.05997077019291819,0.05997077019291819,1,1,0,-1
german,lightgbm,25,age,relative_plus_10,0.1,28.0,30.8,0.4667371539312502,0.47208542941901355,0.005348275487763343,0.005348275487763343,0,0,0,-1
german,lightgbm,26,age,relative_plus_10,0.1,24.0,26.4,0.2090941121178558,0.17711809883078197,-0.031976013287073835,0.031976013287073835,0,0,0,-1
german,lightgbm,27,age,relative_plus_10,0.1,26.0,28.6,0.45947633223517137,0.5027612552060685,0.043284922970897144,0.043284922970897144,0,1,1,-1
german,lightgbm,28,age,relative_plus_10,0.1,24.0,26.4,0.003740671773448724,0.003527121935409249,-0.000213549838039475,0.000213549838039475,0,0,0,-1
german,lightgbm,29,age,relative_plus_10,0.1,23.0,25.3,0.44175540704147304,0.5318626343146515,0.09010722727317849,0.09010722727317849,0,1,1,-1
german,lightgbm,30,age,relative_plus_10,0.1,46.0,50.6,0.36163582701893,0.35632829692317064,-0.00530753009575935,0.00530753009575935,0,0,0,-1
german,lightgbm,31,age,relative_plus_10,0.1,22.0,24.2,0.34959479263019255,0.3176834725885466,-0.03191132004164593,0.03191132004164593,0,0,0,-1
german,lightgbm,32,age,relative_plus_10,0.1,36.0,39.6,0.027101650147053884,0.025159554113953774,-0.0019420960331001103,0.0019420960331001103,0,0,0,-1
german,lightgbm,33,age,relative_plus_10,0.1,22.0,24.2,0.0284420531071389,0.02008122393624716,-0.008360829170891742,0.008360829170891742,0,0,0,-1
german,lightgbm,34,age,relative_plus_10,0.1,30.0,33.0,0.7949814871873333,0.8250662686486098,0.030084781461276466,0.030084781461276466,1,1,0,-1
german,lightgbm,35,age,relative_plus_10,0.1,33.0,36.3,0.5095935653238034,0.5095935653238034,0.0,0.0,1,1,0,-1
german,lightgbm,36,age,relative_plus_10,0.1,31.0,34.1,0.7254708576063886,0.7709256050431713,0.04545474743678268,0.04545474743678268,1,1,0,-1
german,lightgbm,37,age,relative_plus_10,0.1,33.0,36.3,0.1180789524031287,0.12586970460434682,0.0077907522012181235,0.0077907522012181235,0,0,0,-1
german,lightgbm,38,age,relative_plus_10,0.1,42.0,46.2,0.4095659707951472,0.4482902578982873,0.038724287103140076,0.038724287103140076,0,0,0,-1
german,lightgbm,39,age,relative_plus_10,0.1,41.0,45.1,0.018957526512300097,0.018208437230500023,-0.0007490892818000743,0.0007490892818000743,0,0,0,-1
german,lightgbm,40,age,relative_plus_10,0.1,27.0,29.7,0.5387102777430276,0.5643473647544499,0.02563708701142231,0.02563708701142231,1,1,0,-1
german,lightgbm,41,age,relative_plus_10,0.1,26.0,28.6,0.2852989110737803,0.4115476747345694,0.12624876366078908,0.12624876366078908,0,0,0,-1
german,lightgbm,42,age,relative_plus_10,0.1,24.0,26.4,0.8199191131790665,0.8481470327921008,0.02822791961303428,0.02822791961303428,1,1,0,-1
german,lightgbm,43,age,relative_plus_10,0.1,24.0,26.4,0.9309460410455855,0.9369304098771936,0.005984368831608022,0.005984368831608022,1,1,0,-1
german,lightgbm,44,age,relative_plus_10,0.1,36.0,39.6,0.5665947846895176,0.5854524468352108,0.018857662145693177,0.018857662145693177,1,1,0,-1
german,lightgbm,45,age,relative_plus_10,0.1,49.0,53.9,0.2447713790571778,0.28439063684625343,0.03961925778907563,0.03961925778907563,0,0,0,-1
german,lightgbm,46,age,relative_plus_10,0.1,47.0,51.7,0.010856344450514104,0.012685231038121707,0.0018288865876076033,0.0018288865876076033,0,0,0,-1
german,lightgbm,47,age,relative_plus_10,0.1,23.0,25.3,0.10565369098051447,0.1228139982740221,0.017160307293507635,0.017160307293507635,0,0,0,-1
german,lightgbm,48,age,relative_plus_10,0.1,63.0,69.3,0.0077234696716923824,0.0077234696716923824,0.0,0.0,0,0,0,-1
german,lightgbm,49,age,relative_plus_10,0.1,58.0,63.8,0.37766608391954276,0.33486512692141435,-0.042800956998128414,0.042800956998128414,0,0,0,-1
german,lightgbm,50,age,relative_plus_10,0.1,35.0,38.5,0.10754456996147924,0.10615589514793897,-0.0013886748135402693,0.0013886748135402693,0,0,0,-1
german,lightgbm,51,age,relative_plus_10,0.1,37.0,40.7,0.20045288792019303,0.19132329706651008,-0.00912959085368295,0.00912959085368295,0,0,0,-1
german,lightgbm,52,age,relative_plus_10,0.1,31.0,34.1,0.2232390849422753,0.22530310220422933,0.002064017261954043,0.002064017261954043,0,0,0,-1
german,lightgbm,53,age,relative_plus_10,0.1,32.0,35.2,0.08263946571053118,0.07915405725739266,-0.003485408453138522,0.003485408453138522,0,0,0,-1
german,lightgbm,54,age,relative_plus_10,0.1,28.0,30.8,0.7751983503992061,0.7330858870529593,-0.04211246334624685,0.04211246334624685,1,1,0,-1
german,lightgbm,55,age,relative_plus_10,0.1,21.0,23.1,0.2709041232151986,0.20123112277939992,-0.06967300043579866,0.06967300043579866,0,0,0,-1
german,lightgbm,56,age,relative_plus_10,0.1,47.0,51.7,0.8949846835423396,0.9092728294513952,0.014288145909055583,0.014288145909055583,1,1,0,-1
german,lightgbm,57,age,relative_plus_10,0.1,29.0,31.9,0.19895661481991747,0.14162308679517208,-0.057333528024745395,0.057333528024745395,0,0,0,-1
german,lightgbm,58,age,relative_plus_10,0.1,50.0,55.0,0.19686220446311817,0.19843197859224032,0.0015697741291221534,0.0015697741291221534,0,0,0,-1
german,lightgbm,59,age,relative_plus_10,0.1,51.0,56.1,0.6556463130368732,0.7085129787105924,0.052866665673719226,0.052866665673719226,1,1,0,-1
german,lightgbm,60,age,relative_plus_10,0.1,29.0,31.9,0.1494642794145739,0.34404857023391616,0.19458429081934225,0.19458429081934225,0,0,0,-1
german,lightgbm,61,age,relative_plus_10,0.1,24.0,26.4,0.07395817947549249,0.07551782833558718,0.0015596488600946867,0.0015596488600946867,0,0,0,-1
german,lightgbm,62,age,relative_plus_10,0.1,30.0,33.0,0.7910063234667474,0.7592532671542277,-0.03175305631251968,0.03175305631251968,1,1,0,-1
german,lightgbm,63,age,relative_plus_10,0.1,32.0,35.2,0.46215650717795514,0.4808584652083999,0.018701958030444776,0.018701958030444776,0,0,0,-1
german,lightgbm,64,age,relative_plus_10,0.1,23.0,25.3,0.8565251969688404,0.875408089256448,0.018882892287607533,0.018882892287607533,1,1,0,-1
german,lightgbm,65,age,relative_plus_10,0.1,32.0,35.2,0.17328838568870306,0.18312267326303514,0.009834287574332079,0.009834287574332079,0,0,0,-1
german,lightgbm,66,age,relative_plus_10,0.1,54.0,59.4,0.2073789273550252,0.24541253710427396,0.03803360974924877,0.03803360974924877,0,0,0,-1
german,lightgbm,67,age,relative_plus_10,0.1,26.0,28.6,0.9222025230520857,0.9074026331912525,-0.014799889860833249,0.014799889860833249,1,1,0,-1
german,lightgbm,68,age,relative_plus_10,0.1,43.0,47.3,0.36554189730904146,0.3514675361230834,-0.014074361185958062,0.014074361185958062,0,0,0,-1
german,lightgbm,69,age,relative_plus_10,0.1,25.0,27.5,0.5551759772046333,0.5080036831418283,-0.04717229406280499,0.04717229406280499,1,1,0,-1
german,lightgbm,70,age,relative_plus_10,0.1,26.0,28.6,0.8060668534560961,0.8549565979844332,0.048889744528337165,0.048889744528337165,1,1,0,-1
german,lightgbm,71,age,relative_plus_10,0.1,41.0,45.1,0.00979720703639709,0.014672162580512526,0.004874955544115435,0.004874955544115435,0,0,0,-1
german,lightgbm,72,age,relative_plus_10,0.1,31.0,34.1,0.16440951309080398,0.11073698342663058,-0.05367252966417341,0.05367252966417341,0,0,0,-1
german,lightgbm,73,age,relative_plus_10,0.1,38.0,41.8,0.0701512066146692,0.08368739692650652,0.013536190311837323,0.013536190311837323,0,0,0,-1
german,lightgbm,74,age,relative_plus_10,0.1,29.0,31.9,0.20089675448649513,0.1671430439284073,-0.033753710558087846,0.033753710558087846,0,0,0,-1
german,lightgbm,75,age,relative_plus_10,0.1,23.0,25.3,0.5222806196725559,0.5485323013447554,0.02625168167219949,0.02625168167219949,1,1,0,-1
german,lightgbm,76,age,relative_plus_10,0.1,57.0,62.7,0.232539774434109,0.18144475294636914,-0.05109502148773987,0.05109502148773987,0,0,0,-1
german,lightgbm,77,age,relative_plus_10,0.1,60.0,66.0,0.7296014495994664,0.6246371262742991,-0.10496432332516725,0.10496432332516725,1,1,0,-1
german,lightgbm,78,age,relative_plus_10,0.1,33.0,36.3,0.05233574686089174,0.011303630532604029,-0.04103211632828771,0.04103211632828771,0,0,0,-1
german,lightgbm,79,age,relative_plus_10,0.1,23.0,25.3,0.8523601968533747,0.8796860662019612,0.027325869348586496,0.027325869348586496,1,1,0,-1
german,lightgbm,80,age,relative_plus_10,0.1,21.0,23.1,0.24724091491319555,0.20471057480725718,-0.04253034010593837,0.04253034010593837,0,0,0,-1
german,lightgbm,81,age,relative_plus_10,0.1,39.0,42.9,0.052062520477255576,0.073882467235666,0.021819946758410418,0.021819946758410418,0,0,0,-1
german,lightgbm,82,age,relative_plus_10,0.1,23.0,25.3,0.39190331104024756,0.44141073794122776,0.0495074269009802,0.0495074269009802,0,0,0,-1
german,lightgbm,83,age,relative_plus_10,0.1,40.0,44.0,0.4694418067846172,0.49857009135972535,0.029128284575108132,0.029128284575108132,0,0,0,-1
german,lightgbm,84,age,relative_plus_10,0.1,37.0,40.7,0.1739683108218602,0.191824006585132,0.017855695763271784,0.017855695763271784,0,0,0,-1
german,lightgbm,85,age,relative_plus_10,0.1,49.0,53.9,0.004521489614918298,0.005793723200960872,0.001272233586042574,0.001272233586042574,0,0,0,-1
german,lightgbm,86,age,relative_plus_10,0.1,34.0,37.4,0.026602380126023603,0.01743131875345666,-0.009171061372566944,0.009171061372566944,0,0,0,-1
german,lightgbm,87,age,relative_plus_10,0.1,30.0,33.0,0.6076387501320122,0.852162087306546,0.24452333717453378,0.24452333717453378,1,1,0,-1
german,lightgbm,88,age,relative_plus_10,0.1,27.0,29.7,0.0010791611127486252,0.0014283651466944897,0.00034920403394586444,0.00034920403394586444,0,0,0,-1
german,lightgbm,89,age,relative_plus_10,0.1,50.0,55.0,0.742624474994036,0.8115172799340418,0.06889280494000571,0.06889280494000571,1,1,0,-1
german,lightgbm,90,age,relative_plus_10,0.1,56.0,61.6,0.7861995616942514,0.75405166388353,-0.03214789781072147,0.03214789781072147,1,1,0,-1
german,lightgbm,91,age,relative_plus_10,0.1,55.0,60.5,0.4725044710209194,0.5311719277217158,0.05866745670079643,0.05866745670079643,0,1,1,-1
german,lightgbm,92,age,relative_plus_10,0.1,40.0,44.0,0.5387828783155257,0.5405467205767608,0.001763842261235049,0.001763842261235049,1,1,0,-1
german,lightgbm,93,age,relative_plus_10,0.1,23.0,25.3,0.595542444670801,0.6333143992781101,0.03777195460730909,0.03777195460730909,1,1,0,-1
german,lightgbm,94,age,relative_plus_10,0.1,41.0,45.1,0.007938278878830486,0.007851718783996616,-8.656009483386934e-05,8.656009483386934e-05,0,0,0,-1
german,lightgbm,95,age,relative_plus_10,0.1,41.0,45.1,0.05798365229948388,0.05431398973805565,-0.0036696625614282274,0.0036696625614282274,0,0,0,-1
german,lightgbm,96,age,relative_plus_10,0.1,26.0,28.6,0.5786519101275599,0.5117467063093681,-0.06690520381819176,0.06690520381819176,1,1,0,-1
german,lightgbm,97,age,relative_plus_10,0.1,48.0,52.8,0.1637333359008902,0.19141352145026613,0.02768018554937593,0.02768018554937593,0,0,0,-1
german,lightgbm,98,age,relative_plus_10,0.1,27.0,29.7,0.7094753427844519,0.7642682673471989,0.05479292456274698,0.05479292456274698,1,1,0,-1
german,lightgbm,99,age,relative_plus_10,0.1,61.0,67.1,0.0021652605170008033,0.001808766712723623,-0.00035649380427718027,0.00035649380427718027,0,0,0,-1
german,lightgbm,0,existing_credits,relative_minus_5,-0.05,1.0,1.05,0.3906285256737892,0.3906285256737892,0.0,0.0,0,0,0,-1
german,lightgbm,1,existing_credits,relative_minus_5,-0.05,1.0,1.05,0.239865701726269,0.239865701726269,0.0,0.0,0,0,0,-1
german,lightgbm,2,existing_credits,relative_minus_5,-0.05,2.0,2.1,0.061421238781333064,0.061421238781333064,0.0,0.0,0,0,0,-1
german,lightgbm,3,existing_credits,relative_minus_5,-0.05,1.0,1.05,0.06199636354725938,0.06199636354725938,0.0,0.0,0,0,0,-1
german,lightgbm,4,existing_credits,relative_minus_5,-0.05,3.0,3.15,0.000778019771551934,0.000778019771551934,0.0,0.0,0,0,0,-1
german,lightgbm,5,existing_credits,relative_minus_5,-0.05,1.0,1.05,0.0127552116532506,0.0127552116532506,0.0,0.0,0,0,0,-1
german,lightgbm,6,existing_credits,relative_minus_5,-0.05,1.0,1.05,0.0015875374622949037,0.0015875374622949037,0.0,0.0,0,0,0,-1
german,lightgbm,7,existing_credits,relative_minus_5,-0.05,1.0,1.05,0.10095917931946011,0.10095917931946011,0.0,0.0,0,0,0,-1
german,lightgbm,8,existing_credits,relative_minus_5,-0.05,2.0,2.1,0.019686942909276986,0.019686942909276986,0.0,0.0,0,0,0,-1
german,lightgbm,9,existing_credits,relative_minus_5,-0.05,1.0,1.05,0.8815646011543224,0.8815646011543224,0.0,0.0,1,1,0,-1
german,lightgbm,10,existing_credits,relative_minus_5,-0.05,2.0,2.1,0.6231673856151776,0.6231673856151776,0.0,0.0,1,1,0,-1
german,lightgbm,11,existing_credits,relative_minus_5,-0.05,1.0,1.05,0.5819234725438788,0.5819234725438788,0.0,0.0,1,1,0,-1
german,lightgbm,12,existing_credits,relative_minus_5,-0.05,2.0,2.1,0.016381379372910523,0.016381379372910523,0.0,0.0,0,0,0,-1
german,lightgbm,13,existing_credits,relative_minus_5,-0.05,1.0,1.05,0.15698660361202765,0.15698660361202765,0.0,0.0,0,0,0,-1
german,lightgbm,14,existing_credits,relative_minus_5,-0.05,1.0,1.05,0.06001081215992454,0.06001081215992454,0.0,0.0,0,0,0,-1
german,lightgbm,15,existing_credits,relative_minus_5,-0.05,1.0,1.05,0.34466443332437136,0.34466443332437136,0.0,0.0,0,0,0,-1
german,lightgbm,16,existing_credits,relative_minus_5,-0.05,2.0,2.1,0.0013520297228720205,0.0013520297228720205,0.0,0.0,0,0,0,-1
german,lightgbm,17,existing_credits,relative_minus_5,-0.05,2.0,2.1,0.925921763327486,0.925921763327486,0.0,0.0,1,1,0,-1
german,lightgbm,18,existing_credits,relative_minus_5,-0.05,2.0,2.1,0.05210815660012766,0.05210815660012766,0.0,0.0,0,0,0,-1
german,lightgbm,19,existing_credits,relative_minus_5,-0.05,1.0,1.05,0.9431976521725624,0.9431976521725624,0.0,0.0,1,1,0,-1
german,lightgbm,20,existing_credits,relative_minus_5,-0.05,1.0,1.05,0.1652310311335665,0.1652310311335665,0.0,0.0,0,0,0,-1
german,lightgbm,21,existing_credits,relative_minus_5,-0.05,1.0,1.05,0.04087693346542949,0.04087693346542949,0.0,0.0,0,0,0,-1
german,lightgbm,22,existing_credits,relative_minus_5,-0.05,3.0,3.15,0.06721612707097044,0.06721612707097044,0.0,0.0,0,0,0,-1
german,lightgbm,23,existing_credits,relative_minus_5,-0.05,1.0,1.05,0.8427293510043804,0.8427293510043804,0.0,0.0,1,1,0,-1
german,lightgbm,24,existing_credits,relative_minus_5,-0.05,1.0,1.05,0.7997434553378628,0.7997434553378628,0.0,0.0,1,1,0,-1
german,lightgbm,25,existing_credits,relative_minus_5,-0.05,1.0,1.05,0.4667371539312502,0.4667371539312502,0.0,0.0,0,0,0,-1
german,lightgbm,26,existing_credits,relative_minus_5,-0.05,2.0,2.1,0.2090941121178558,0.2090941121178558,0.0,0.0,0,0,0,-1
german,lightgbm,27,existing_credits,relative_minus_5,-0.05,1.0,1.05,0.45947633223517137,0.45947633223517137,0.0,0.0,0,0,0,-1
german,lightgbm,28,existing_credits,relative_minus_5,-0.05,2.0,2.1,0.003740671773448724,0.003740671773448724,0.0,0.0,0,0,0,-1
german,lightgbm,29,existing_credits,relative_minus_5,-0.05,1.0,1.05,0.44175540704147304,0.44175540704147304,0.0,0.0,0,0,0,-1
german,lightgbm,30,existing_credits,relative_minus_5,-0.05,1.0,1.05,0.36163582701893,0.36163582701893,0.0,0.0,0,0,0,-1
german,lightgbm,31,existing_credits,relative_minus_5,-0.05,1.0,1.05,0.34959479263019255,0.34959479263019255,0.0,0.0,0,0,0,-1
german,lightgbm,32,existing_credits,relative_minus_5,-0.05,1.0,1.05,0.027101650147053884,0.027101650147053884,0.0,0.0,0,0,0,-1
german,lightgbm,33,existing_credits,relative_minus_5,-0.05,1.0,1.05,0.0284420531071389,0.0284420531071389,0.0,0.0,0,0,0,-1
german,lightgbm,34,existing_credits,relative_minus_5,-0.05,1.0,1.05,0.7949814871873333,0.7949814871873333,0.0,0.0,1,1,0,-1
german,lightgbm,35,existing_credits,relative_minus_5,-0.05,1.0,1.05,0.5095935653238034,0.5095935653238034,0.0,0.0,1,1,0,-1
german,lightgbm,36,existing_credits,relative_minus_5,-0.05,1.0,1.05,0.7254708576063886,0.7254708576063886,0.0,0.0,1,1,0,-1
german,lightgbm,37,existing_credits,relative_minus_5,-0.05,2.0,2.1,0.1180789524031287,0.1180789524031287,0.0,0.0,0,0,0,-1
german,lightgbm,38,existing_credits,relative_minus_5,-0.05,4.0,4.2,0.4095659707951472,0.4095659707951472,0.0,0.0,0,0,0,-1
german,lightgbm,39,existing_credits,relative_minus_5,-0.05,1.0,1.05,0.018957526512300097,0.018957526512300097,0.0,0.0,0,0,0,-1
german,lightgbm,40,existing_credits,relative_minus_5,-0.05,2.0,2.1,0.5387102777430276,0.5387102777430276,0.0,0.0,1,1,0,-1
german,lightgbm,41,existing_credits,relative_minus_5,-0.05,1.0,1.05,0.2852989110737803,0.2852989110737803,0.0,0.0,0,0,0,-1
german,lightgbm,42,existing_credits,relative_minus_5,-0.05,1.0,1.05,0.8199191131790665,0.8199191131790665,0.0,0.0,1,1,0,-1
german,lightgbm,43,existing_credits,relative_minus_5,-0.05,1.0,1.05,0.9309460410455855,0.9309460410455855,0.0,0.0,1,1,0,-1
german,lightgbm,44,existing_credits,relative_minus_5,-0.05,1.0,1.05,0.5665947846895176,0.5665947846895176,0.0,0.0,1,1,0,-1
german,lightgbm,45,existing_credits,relative_minus_5,-0.05,1.0,1.05,0.2447713790571778,0.2447713790571778,0.0,0.0,0,0,0,-1
german,lightgbm,46,existing_credits,relative_minus_5,-0.05,1.0,1.05,0.010856344450514104,0.010856344450514104,0.0,0.0,0,0,0,-1
german,lightgbm,47,existing_credits,relative_minus_5,-0.05,2.0,2.1,0.10565369098051447,0.10565369098051447,0.0,0.0,0,0,0,-1
german,lightgbm,48,existing_credits,relative_minus_5,-0.05,2.0,2.1,0.0077234696716923824,0.0077234696716923824,0.0,0.0,0,0,0,-1
german,lightgbm,49,existing_credits,relative_minus_5,-0.05,1.0,1.05,0.37766608391954276,0.37766608391954276,0.0,0.0,0,0,0,-1
german,lightgbm,50,existing_credits,relative_minus_5,-0.05,1.0,1.05,0.10754456996147924,0.10754456996147924,0.0,0.0,0,0,0,-1
german,lightgbm,51,existing_credits,relative_minus_5,-0.05,1.0,1.05,0.20045288792019303,0.20045288792019303,0.0,0.0,0,0,0,-1
german,lightgbm,52,existing_credits,relative_minus_5,-0.05,2.0,2.1,0.2232390849422753,0.2232390849422753,0.0,0.0,0,0,0,-1
german,lightgbm,53,existing_credits,relative_minus_5,-0.05,1.0,1.05,0.08263946571053118,0.08263946571053118,0.0,0.0,0,0,0,-1
german,lightgbm,54,existing_credits,relative_minus_5,-0.05,2.0,2.1,0.7751983503992061,0.7751983503992061,0.0,0.0,1,1,0,-1
german,lightgbm,55,existing_credits,relative_minus_5,-0.05,1.0,1.05,0.2709041232151986,0.2709041232151986,0.0,0.0,0,0,0,-1
german,lightgbm,56,existing_credits,relative_minus_5,-0.05,2.0,2.1,0.8949846835423396,0.8949846835423396,0.0,0.0,1,1,0,-1
german,lightgbm,57,existing_credits,relative_minus_5,-0.05,1.0,1.05,0.19895661481991747,0.19895661481991747,0.0,0.0,0,0,0,-1
german,lightgbm,58,existing_credits,relative_minus_5,-0.05,1.0,1.05,0.19686220446311817,0.19686220446311817,0.0,0.0,0,0,0,-1
german,lightgbm,59,existing_credits,relative_minus_5,-0.05,1.0,1.05,0.6556463130368732,0.6556463130368732,0.0,0.0,1,1,0,-1
german,lightgbm,60,existing_credits,relative_minus_5,-0.05,2.0,2.1,0.1494642794145739,0.1494642794145739,0.0,0.0,0,0,0,-1
german,lightgbm,61,existing_credits,relative_minus_5,-0.05,2.0,2.1,0.07395817947549249,0.07395817947549249,0.0,0.0,0,0,0,-1
german,lightgbm,62,existing_credits,relative_minus_5,-0.05,1.0,1.05,0.7910063234667474,0.7910063234667474,0.0,0.0,1,1,0,-1
german,lightgbm,63,existing_credits,relative_minus_5,-0.05,1.0,1.05,0.46215650717795514,0.46215650717795514,0.0,0.0,0,0,0,-1
german,lightgbm,64,existing_credits,relative_minus_5,-0.05,1.0,1.05,0.8565251969688404,0.8565251969688404,0.0,0.0,1,1,0,-1
german,lightgbm,65,existing_credits,relative_minus_5,-0.05,1.0,1.05,0.17328838568870306,0.17328838568870306,0.0,0.0,0,0,0,-1
german,lightgbm,66,existing_credits,relative_minus_5,-0.05,2.0,2.1,0.2073789273550252,0.2073789273550252,0.0,0.0,0,0,0,-1
german,lightgbm,67,existing_credits,relative_minus_5,-0.05,2.0,2.1,0.9222025230520857,0.9222025230520857,0.0,0.0,1,1,0,-1
german,lightgbm,68,existing_credits,relative_minus_5,-0.05,4.0,4.2,0.36554189730904146,0.36554189730904146,0.0,0.0,0,0,0,-1
german,lightgbm,69,existing_credits,relative_minus_5,-0.05,1.0,1.05,0.5551759772046333,0.5551759772046333,0.0,0.0,1,1,0,-1
german,lightgbm,70,existing_credits,relative_minus_5,-0.05,1.0,1.05,0.8060668534560961,0.8060668534560961,0.0,0.0,1,1,0,-1
german,lightgbm,71,existing_credits,relative_minus_5,-0.05,1.0,1.05,0.00979720703639709,0.00979720703639709,0.0,0.0,0,0,0,-1
german,lightgbm,72,existing_credits,relative_minus_5,-0.05,1.0,1.05,0.16440951309080398,0.16440951309080398,0.0,0.0,0,0,0,-1
german,lightgbm,73,existing_credits,relative_minus_5,-0.05,1.0,1.05,0.0701512066146692,0.0701512066146692,0.0,0.0,0,0,0,-1
german,lightgbm,74,existing_credits,relative_minus_5,-0.05,2.0,2.1,0.20089675448649513,0.20089675448649513,0.0,0.0,0,0,0,-1
german,lightgbm,75,existing_credits,relative_minus_5,-0.05,1.0,1.05,0.5222806196725559,0.5222806196725559,0.0,0.0,1,1,0,-1
german,lightgbm,76,existing_credits,relative_minus_5,-0.05,3.0,3.15,0.232539774434109,0.232539774434109,0.0,0.0,0,0,0,-1
german,lightgbm,77,existing_credits,relative_minus_5,-0.05,2.0,2.1,0.7296014495994664,0.7296014495994664,0.0,0.0,1,1,0,-1
german,lightgbm,78,existing_credits,relative_minus_5,-0.05,1.0,1.05,0.05233574686089174,0.05233574686089174,0.0,0.0,0,0,0,-1
german,lightgbm,79,existing_credits,relative_minus_5,-0.05,1.0,1.05,0.8523601968533747,0.8523601968533747,0.0,0.0,1,1,0,-1
german,lightgbm,80,existing_credits,relative_minus_5,-0.05,1.0,1.05,0.24724091491319555,0.24724091491319555,0.0,0.0,0,0,0,-1
german,lightgbm,81,existing_credits,relative_minus_5,-0.05,1.0,1.05,0.052062520477255576,0.052062520477255576,0.0,0.0,0,0,0,-1
german,lightgbm,82,existing_credits,relative_minus_5,-0.05,1.0,1.05,0.39190331104024756,0.39190331104024756,0.0,0.0,0,0,0,-1
german,lightgbm,83,existing_credits,relative_minus_5,-0.05,2.0,2.1,0.4694418067846172,0.4694418067846172,0.0,0.0,0,0,0,-1
german,lightgbm,84,existing_credits,relative_minus_5,-0.05,1.0,1.05,0.1739683108218602,0.1739683108218602,0.0,0.0,0,0,0,-1
german,lightgbm,85,existing_credits,relative_minus_5,-0.05,1.0,1.05,0.004521489614918298,0.004521489614918298,0.0,0.0,0,0,0,-1
german,lightgbm,86,existing_credits,relative_minus_5,-0.05,1.0,1.05,0.026602380126023603,0.026602380126023603,0.0,0.0,0,0,0,-1
german,lightgbm,87,existing_credits,relative_minus_5,-0.05,1.0,1.05,0.6076387501320122,0.6076387501320122,0.0,0.0,1,1,0,-1
german,lightgbm,88,existing_credits,relative_minus_5,-0.05,2.0,2.1,0.0010791611127486252,0.0010791611127486252,0.0,0.0,0,0,0,-1
german,lightgbm,89,existing_credits,relative_minus_5,-0.05,1.0,1.05,0.742624474994036,0.742624474994036,0.0,0.0,1,1,0,-1
german,lightgbm,90,existing_credits,relative_minus_5,-0.05,1.0,1.05,0.7861995616942514,0.7861995616942514,0.0,0.0,1,1,0,-1
german,lightgbm,91,existing_credits,relative_minus_5,-0.05,1.0,1.05,0.4725044710209194,0.4725044710209194,0.0,0.0,0,0,0,-1
german,lightgbm,92,existing_credits,relative_minus_5,-0.05,1.0,1.05,0.5387828783155257,0.5387828783155257,0.0,0.0,1,1,0,-1
german,lightgbm,93,existing_credits,relative_minus_5,-0.05,2.0,2.1,0.595542444670801,0.595542444670801,0.0,0.0,1,1,0,-1
german,lightgbm,94,existing_credits,relative_minus_5,-0.05,2.0,2.1,0.007938278878830486,0.007938278878830486,0.0,0.0,0,0,0,-1
german,lightgbm,95,existing_credits,relative_minus_5,-0.05,1.0,1.05,0.05798365229948388,0.05798365229948388,0.0,0.0,0,0,0,-1
german,lightgbm,96,existing_credits,relative_minus_5,-0.05,1.0,1.05,0.5786519101275599,0.5786519101275599,0.0,0.0,1,1,0,-1
german,lightgbm,97,existing_credits,relative_minus_5,-0.05,2.0,2.1,0.1637333359008902,0.1637333359008902,0.0,0.0,0,0,0,-1
german,lightgbm,98,existing_credits,relative_minus_5,-0.05,2.0,2.1,0.7094753427844519,0.7094753427844519,0.0,0.0,1,1,0,-1
german,lightgbm,99,existing_credits,relative_minus_5,-0.05,1.0,1.05,0.0021652605170008033,0.0021652605170008033,0.0,0.0,0,0,0,-1
german,lightgbm,0,existing_credits,relative_plus_5,0.05,1.0,1.05,0.3906285256737892,0.3906285256737892,0.0,0.0,0,0,0,-1
german,lightgbm,1,existing_credits,relative_plus_5,0.05,1.0,1.05,0.239865701726269,0.239865701726269,0.0,0.0,0,0,0,-1
german,lightgbm,2,existing_credits,relative_plus_5,0.05,2.0,2.1,0.061421238781333064,0.061421238781333064,0.0,0.0,0,0,0,-1
german,lightgbm,3,existing_credits,relative_plus_5,0.05,1.0,1.05,0.06199636354725938,0.06199636354725938,0.0,0.0,0,0,0,-1
german,lightgbm,4,existing_credits,relative_plus_5,0.05,3.0,3.15,0.000778019771551934,0.000778019771551934,0.0,0.0,0,0,0,-1
german,lightgbm,5,existing_credits,relative_plus_5,0.05,1.0,1.05,0.0127552116532506,0.0127552116532506,0.0,0.0,0,0,0,-1
german,lightgbm,6,existing_credits,relative_plus_5,0.05,1.0,1.05,0.0015875374622949037,0.0015875374622949037,0.0,0.0,0,0,0,-1
german,lightgbm,7,existing_credits,relative_plus_5,0.05,1.0,1.05,0.10095917931946011,0.10095917931946011,0.0,0.0,0,0,0,-1
german,lightgbm,8,existing_credits,relative_plus_5,0.05,2.0,2.1,0.019686942909276986,0.019686942909276986,0.0,0.0,0,0,0,-1
german,lightgbm,9,existing_credits,relative_plus_5,0.05,1.0,1.05,0.8815646011543224,0.8815646011543224,0.0,0.0,1,1,0,-1
german,lightgbm,10,existing_credits,relative_plus_5,0.05,2.0,2.1,0.6231673856151776,0.6231673856151776,0.0,0.0,1,1,0,-1
german,lightgbm,11,existing_credits,relative_plus_5,0.05,1.0,1.05,0.5819234725438788,0.5819234725438788,0.0,0.0,1,1,0,-1
german,lightgbm,12,existing_credits,relative_plus_5,0.05,2.0,2.1,0.016381379372910523,0.016381379372910523,0.0,0.0,0,0,0,-1
german,lightgbm,13,existing_credits,relative_plus_5,0.05,1.0,1.05,0.15698660361202765,0.15698660361202765,0.0,0.0,0,0,0,-1
german,lightgbm,14,existing_credits,relative_plus_5,0.05,1.0,1.05,0.06001081215992454,0.06001081215992454,0.0,0.0,0,0,0,-1
german,lightgbm,15,existing_credits,relative_plus_5,0.05,1.0,1.05,0.34466443332437136,0.34466443332437136,0.0,0.0,0,0,0,-1
german,lightgbm,16,existing_credits,relative_plus_5,0.05,2.0,2.1,0.0013520297228720205,0.0013520297228720205,0.0,0.0,0,0,0,-1
german,lightgbm,17,existing_credits,relative_plus_5,0.05,2.0,2.1,0.925921763327486,0.925921763327486,0.0,0.0,1,1,0,-1
german,lightgbm,18,existing_credits,relative_plus_5,0.05,2.0,2.1,0.05210815660012766,0.05210815660012766,0.0,0.0,0,0,0,-1
german,lightgbm,19,existing_credits,relative_plus_5,0.05,1.0,1.05,0.9431976521725624,0.9431976521725624,0.0,0.0,1,1,0,-1
german,lightgbm,20,existing_credits,relative_plus_5,0.05,1.0,1.05,0.1652310311335665,0.1652310311335665,0.0,0.0,0,0,0,-1
german,lightgbm,21,existing_credits,relative_plus_5,0.05,1.0,1.05,0.04087693346542949,0.04087693346542949,0.0,0.0,0,0,0,-1
german,lightgbm,22,existing_credits,relative_plus_5,0.05,3.0,3.15,0.06721612707097044,0.06721612707097044,0.0,0.0,0,0,0,-1
german,lightgbm,23,existing_credits,relative_plus_5,0.05,1.0,1.05,0.8427293510043804,0.8427293510043804,0.0,0.0,1,1,0,-1
german,lightgbm,24,existing_credits,relative_plus_5,0.05,1.0,1.05,0.7997434553378628,0.7997434553378628,0.0,0.0,1,1,0,-1
german,lightgbm,25,existing_credits,relative_plus_5,0.05,1.0,1.05,0.4667371539312502,0.4667371539312502,0.0,0.0,0,0,0,-1
german,lightgbm,26,existing_credits,relative_plus_5,0.05,2.0,2.1,0.2090941121178558,0.2090941121178558,0.0,0.0,0,0,0,-1
german,lightgbm,27,existing_credits,relative_plus_5,0.05,1.0,1.05,0.45947633223517137,0.45947633223517137,0.0,0.0,0,0,0,-1
german,lightgbm,28,existing_credits,relative_plus_5,0.05,2.0,2.1,0.003740671773448724,0.003740671773448724,0.0,0.0,0,0,0,-1
german,lightgbm,29,existing_credits,relative_plus_5,0.05,1.0,1.05,0.44175540704147304,0.44175540704147304,0.0,0.0,0,0,0,-1
german,lightgbm,30,existing_credits,relative_plus_5,0.05,1.0,1.05,0.36163582701893,0.36163582701893,0.0,0.0,0,0,0,-1
german,lightgbm,31,existing_credits,relative_plus_5,0.05,1.0,1.05,0.34959479263019255,0.34959479263019255,0.0,0.0,0,0,0,-1
german,lightgbm,32,existing_credits,relative_plus_5,0.05,1.0,1.05,0.027101650147053884,0.027101650147053884,0.0,0.0,0,0,0,-1
german,lightgbm,33,existing_credits,relative_plus_5,0.05,1.0,1.05,0.0284420531071389,0.0284420531071389,0.0,0.0,0,0,0,-1
german,lightgbm,34,existing_credits,relative_plus_5,0.05,1.0,1.05,0.7949814871873333,0.7949814871873333,0.0,0.0,1,1,0,-1
german,lightgbm,35,existing_credits,relative_plus_5,0.05,1.0,1.05,0.5095935653238034,0.5095935653238034,0.0,0.0,1,1,0,-1
german,lightgbm,36,existing_credits,relative_plus_5,0.05,1.0,1.05,0.7254708576063886,0.7254708576063886,0.0,0.0,1,1,0,-1
german,lightgbm,37,existing_credits,relative_plus_5,0.05,2.0,2.1,0.1180789524031287,0.1180789524031287,0.0,0.0,0,0,0,-1
german,lightgbm,38,existing_credits,relative_plus_5,0.05,4.0,4.2,0.4095659707951472,0.4095659707951472,0.0,0.0,0,0,0,-1
german,lightgbm,39,existing_credits,relative_plus_5,0.05,1.0,1.05,0.018957526512300097,0.018957526512300097,0.0,0.0,0,0,0,-1
german,lightgbm,40,existing_credits,relative_plus_5,0.05,2.0,2.1,0.5387102777430276,0.5387102777430276,0.0,0.0,1,1,0,-1
german,lightgbm,41,existing_credits,relative_plus_5,0.05,1.0,1.05,0.2852989110737803,0.2852989110737803,0.0,0.0,0,0,0,-1
german,lightgbm,42,existing_credits,relative_plus_5,0.05,1.0,1.05,0.8199191131790665,0.8199191131790665,0.0,0.0,1,1,0,-1
german,lightgbm,43,existing_credits,relative_plus_5,0.05,1.0,1.05,0.9309460410455855,0.9309460410455855,0.0,0.0,1,1,0,-1
german,lightgbm,44,existing_credits,relative_plus_5,0.05,1.0,1.05,0.5665947846895176,0.5665947846895176,0.0,0.0,1,1,0,-1
german,lightgbm,45,existing_credits,relative_plus_5,0.05,1.0,1.05,0.2447713790571778,0.2447713790571778,0.0,0.0,0,0,0,-1
german,lightgbm,46,existing_credits,relative_plus_5,0.05,1.0,1.05,0.010856344450514104,0.010856344450514104,0.0,0.0,0,0,0,-1
german,lightgbm,47,existing_credits,relative_plus_5,0.05,2.0,2.1,0.10565369098051447,0.10565369098051447,0.0,0.0,0,0,0,-1
german,lightgbm,48,existing_credits,relative_plus_5,0.05,2.0,2.1,0.0077234696716923824,0.0077234696716923824,0.0,0.0,0,0,0,-1
german,lightgbm,49,existing_credits,relative_plus_5,0.05,1.0,1.05,0.37766608391954276,0.37766608391954276,0.0,0.0,0,0,0,-1
german,lightgbm,50,existing_credits,relative_plus_5,0.05,1.0,1.05,0.10754456996147924,0.10754456996147924,0.0,0.0,0,0,0,-1
german,lightgbm,51,existing_credits,relative_plus_5,0.05,1.0,1.05,0.20045288792019303,0.20045288792019303,0.0,0.0,0,0,0,-1
german,lightgbm,52,existing_credits,relative_plus_5,0.05,2.0,2.1,0.2232390849422753,0.2232390849422753,0.0,0.0,0,0,0,-1
german,lightgbm,53,existing_credits,relative_plus_5,0.05,1.0,1.05,0.08263946571053118,0.08263946571053118,0.0,0.0,0,0,0,-1
german,lightgbm,54,existing_credits,relative_plus_5,0.05,2.0,2.1,0.7751983503992061,0.7751983503992061,0.0,0.0,1,1,0,-1
german,lightgbm,55,existing_credits,relative_plus_5,0.05,1.0,1.05,0.2709041232151986,0.2709041232151986,0.0,0.0,0,0,0,-1
german,lightgbm,56,existing_credits,relative_plus_5,0.05,2.0,2.1,0.8949846835423396,0.8949846835423396,0.0,0.0,1,1,0,-1
german,lightgbm,57,existing_credits,relative_plus_5,0.05,1.0,1.05,0.19895661481991747,0.19895661481991747,0.0,0.0,0,0,0,-1
german,lightgbm,58,existing_credits,relative_plus_5,0.05,1.0,1.05,0.19686220446311817,0.19686220446311817,0.0,0.0,0,0,0,-1
german,lightgbm,59,existing_credits,relative_plus_5,0.05,1.0,1.05,0.6556463130368732,0.6556463130368732,0.0,0.0,1,1,0,-1
german,lightgbm,60,existing_credits,relative_plus_5,0.05,2.0,2.1,0.1494642794145739,0.1494642794145739,0.0,0.0,0,0,0,-1
german,lightgbm,61,existing_credits,relative_plus_5,0.05,2.0,2.1,0.07395817947549249,0.07395817947549249,0.0,0.0,0,0,0,-1
german,lightgbm,62,existing_credits,relative_plus_5,0.05,1.0,1.05,0.7910063234667474,0.7910063234667474,0.0,0.0,1,1,0,-1
german,lightgbm,63,existing_credits,relative_plus_5,0.05,1.0,1.05,0.46215650717795514,0.46215650717795514,0.0,0.0,0,0,0,-1
german,lightgbm,64,existing_credits,relative_plus_5,0.05,1.0,1.05,0.8565251969688404,0.8565251969688404,0.0,0.0,1,1,0,-1
german,lightgbm,65,existing_credits,relative_plus_5,0.05,1.0,1.05,0.17328838568870306,0.17328838568870306,0.0,0.0,0,0,0,-1
german,lightgbm,66,existing_credits,relative_plus_5,0.05,2.0,2.1,0.2073789273550252,0.2073789273550252,0.0,0.0,0,0,0,-1
german,lightgbm,67,existing_credits,relative_plus_5,0.05,2.0,2.1,0.9222025230520857,0.9222025230520857,0.0,0.0,1,1,0,-1
german,lightgbm,68,existing_credits,relative_plus_5,0.05,4.0,4.2,0.36554189730904146,0.36554189730904146,0.0,0.0,0,0,0,-1
german,lightgbm,69,existing_credits,relative_plus_5,0.05,1.0,1.05,0.5551759772046333,0.5551759772046333,0.0,0.0,1,1,0,-1
german,lightgbm,70,existing_credits,relative_plus_5,0.05,1.0,1.05,0.8060668534560961,0.8060668534560961,0.0,0.0,1,1,0,-1
german,lightgbm,71,existing_credits,relative_plus_5,0.05,1.0,1.05,0.00979720703639709,0.00979720703639709,0.0,0.0,0,0,0,-1
german,lightgbm,72,existing_credits,relative_plus_5,0.05,1.0,1.05,0.16440951309080398,0.16440951309080398,0.0,0.0,0,0,0,-1
german,lightgbm,73,existing_credits,relative_plus_5,0.05,1.0,1.05,0.0701512066146692,0.0701512066146692,0.0,0.0,0,0,0,-1
german,lightgbm,74,existing_credits,relative_plus_5,0.05,2.0,2.1,0.20089675448649513,0.20089675448649513,0.0,0.0,0,0,0,-1
german,lightgbm,75,existing_credits,relative_plus_5,0.05,1.0,1.05,0.5222806196725559,0.5222806196725559,0.0,0.0,1,1,0,-1
german,lightgbm,76,existing_credits,relative_plus_5,0.05,3.0,3.15,0.232539774434109,0.232539774434109,0.0,0.0,0,0,0,-1
german,lightgbm,77,existing_credits,relative_plus_5,0.05,2.0,2.1,0.7296014495994664,0.7296014495994664,0.0,0.0,1,1,0,-1
german,lightgbm,78,existing_credits,relative_plus_5,0.05,1.0,1.05,0.05233574686089174,0.05233574686089174,0.0,0.0,0,0,0,-1
german,lightgbm,79,existing_credits,relative_plus_5,0.05,1.0,1.05,0.8523601968533747,0.8523601968533747,0.0,0.0,1,1,0,-1
german,lightgbm,80,existing_credits,relative_plus_5,0.05,1.0,1.05,0.24724091491319555,0.24724091491319555,0.0,0.0,0,0,0,-1
german,lightgbm,81,existing_credits,relative_plus_5,0.05,1.0,1.05,0.052062520477255576,0.052062520477255576,0.0,0.0,0,0,0,-1
german,lightgbm,82,existing_credits,relative_plus_5,0.05,1.0,1.05,0.39190331104024756,0.39190331104024756,0.0,0.0,0,0,0,-1
german,lightgbm,83,existing_credits,relative_plus_5,0.05,2.0,2.1,0.4694418067846172,0.4694418067846172,0.0,0.0,0,0,0,-1
german,lightgbm,84,existing_credits,relative_plus_5,0.05,1.0,1.05,0.1739683108218602,0.1739683108218602,0.0,0.0,0,0,0,-1
german,lightgbm,85,existing_credits,relative_plus_5,0.05,1.0,1.05,0.004521489614918298,0.004521489614918298,0.0,0.0,0,0,0,-1
german,lightgbm,86,existing_credits,relative_plus_5,0.05,1.0,1.05,0.026602380126023603,0.026602380126023603,0.0,0.0,0,0,0,-1
german,lightgbm,87,existing_credits,relative_plus_5,0.05,1.0,1.05,0.6076387501320122,0.6076387501320122,0.0,0.0,1,1,0,-1
german,lightgbm,88,existing_credits,relative_plus_5,0.05,2.0,2.1,0.0010791611127486252,0.0010791611127486252,0.0,0.0,0,0,0,-1
german,lightgbm,89,existing_credits,relative_plus_5,0.05,1.0,1.05,0.742624474994036,0.742624474994036,0.0,0.0,1,1,0,-1
german,lightgbm,90,existing_credits,relative_plus_5,0.05,1.0,1.05,0.7861995616942514,0.7861995616942514,0.0,0.0,1,1,0,-1
german,lightgbm,91,existing_credits,relative_plus_5,0.05,1.0,1.05,0.4725044710209194,0.4725044710209194,0.0,0.0,0,0,0,-1
german,lightgbm,92,existing_credits,relative_plus_5,0.05,1.0,1.05,0.5387828783155257,0.5387828783155257,0.0,0.0,1,1,0,-1
german,lightgbm,93,existing_credits,relative_plus_5,0.05,2.0,2.1,0.595542444670801,0.595542444670801,0.0,0.0,1,1,0,-1
german,lightgbm,94,existing_credits,relative_plus_5,0.05,2.0,2.1,0.007938278878830486,0.007938278878830486,0.0,0.0,0,0,0,-1
german,lightgbm,95,existing_credits,relative_plus_5,0.05,1.0,1.05,0.05798365229948388,0.05798365229948388,0.0,0.0,0,0,0,-1
german,lightgbm,96,existing_credits,relative_plus_5,0.05,1.0,1.05,0.5786519101275599,0.5786519101275599,0.0,0.0,1,1,0,-1
german,lightgbm,97,existing_credits,relative_plus_5,0.05,2.0,2.1,0.1637333359008902,0.1637333359008902,0.0,0.0,0,0,0,-1
german,lightgbm,98,existing_credits,relative_plus_5,0.05,2.0,2.1,0.7094753427844519,0.7094753427844519,0.0,0.0,1,1,0,-1
german,lightgbm,99,existing_credits,relative_plus_5,0.05,1.0,1.05,0.0021652605170008033,0.0021652605170008033,0.0,0.0,0,0,0,-1
german,lightgbm,0,existing_credits,relative_minus_10,-0.1,1.0,1.1,0.3906285256737892,0.3906285256737892,0.0,0.0,0,0,0,-1
german,lightgbm,1,existing_credits,relative_minus_10,-0.1,1.0,1.1,0.239865701726269,0.239865701726269,0.0,0.0,0,0,0,-1
german,lightgbm,2,existing_credits,relative_minus_10,-0.1,2.0,2.2,0.061421238781333064,0.061421238781333064,0.0,0.0,0,0,0,-1
german,lightgbm,3,existing_credits,relative_minus_10,-0.1,1.0,1.1,0.06199636354725938,0.06199636354725938,0.0,0.0,0,0,0,-1
german,lightgbm,4,existing_credits,relative_minus_10,-0.1,3.0,3.3,0.000778019771551934,0.000778019771551934,0.0,0.0,0,0,0,-1
german,lightgbm,5,existing_credits,relative_minus_10,-0.1,1.0,1.1,0.0127552116532506,0.0127552116532506,0.0,0.0,0,0,0,-1
german,lightgbm,6,existing_credits,relative_minus_10,-0.1,1.0,1.1,0.0015875374622949037,0.0015875374622949037,0.0,0.0,0,0,0,-1
german,lightgbm,7,existing_credits,relative_minus_10,-0.1,1.0,1.1,0.10095917931946011,0.10095917931946011,0.0,0.0,0,0,0,-1
german,lightgbm,8,existing_credits,relative_minus_10,-0.1,2.0,2.2,0.019686942909276986,0.019686942909276986,0.0,0.0,0,0,0,-1
german,lightgbm,9,existing_credits,relative_minus_10,-0.1,1.0,1.1,0.8815646011543224,0.8815646011543224,0.0,0.0,1,1,0,-1
german,lightgbm,10,existing_credits,relative_minus_10,-0.1,2.0,2.2,0.6231673856151776,0.6231673856151776,0.0,0.0,1,1,0,-1
german,lightgbm,11,existing_credits,relative_minus_10,-0.1,1.0,1.1,0.5819234725438788,0.5819234725438788,0.0,0.0,1,1,0,-1
german,lightgbm,12,existing_credits,relative_minus_10,-0.1,2.0,2.2,0.016381379372910523,0.016381379372910523,0.0,0.0,0,0,0,-1
german,lightgbm,13,existing_credits,relative_minus_10,-0.1,1.0,1.1,0.15698660361202765,0.15698660361202765,0.0,0.0,0,0,0,-1
german,lightgbm,14,existing_credits,relative_minus_10,-0.1,1.0,1.1,0.06001081215992454,0.06001081215992454,0.0,0.0,0,0,0,-1
german,lightgbm,15,existing_credits,relative_minus_10,-0.1,1.0,1.1,0.34466443332437136,0.34466443332437136,0.0,0.0,0,0,0,-1
german,lightgbm,16,existing_credits,relative_minus_10,-0.1,2.0,2.2,0.0013520297228720205,0.0013520297228720205,0.0,0.0,0,0,0,-1
german,lightgbm,17,existing_credits,relative_minus_10,-0.1,2.0,2.2,0.925921763327486,0.925921763327486,0.0,0.0,1,1,0,-1
german,lightgbm,18,existing_credits,relative_minus_10,-0.1,2.0,2.2,0.05210815660012766,0.05210815660012766,0.0,0.0,0,0,0,-1
german,lightgbm,19,existing_credits,relative_minus_10,-0.1,1.0,1.1,0.9431976521725624,0.9431976521725624,0.0,0.0,1,1,0,-1
german,lightgbm,20,existing_credits,relative_minus_10,-0.1,1.0,1.1,0.1652310311335665,0.1652310311335665,0.0,0.0,0,0,0,-1
german,lightgbm,21,existing_credits,relative_minus_10,-0.1,1.0,1.1,0.04087693346542949,0.04087693346542949,0.0,0.0,0,0,0,-1
german,lightgbm,22,existing_credits,relative_minus_10,-0.1,3.0,3.3,0.06721612707097044,0.06721612707097044,0.0,0.0,0,0,0,-1
german,lightgbm,23,existing_credits,relative_minus_10,-0.1,1.0,1.1,0.8427293510043804,0.8427293510043804,0.0,0.0,1,1,0,-1
german,lightgbm,24,existing_credits,relative_minus_10,-0.1,1.0,1.1,0.7997434553378628,0.7997434553378628,0.0,0.0,1,1,0,-1
german,lightgbm,25,existing_credits,relative_minus_10,-0.1,1.0,1.1,0.4667371539312502,0.4667371539312502,0.0,0.0,0,0,0,-1
german,lightgbm,26,existing_credits,relative_minus_10,-0.1,2.0,2.2,0.2090941121178558,0.2090941121178558,0.0,0.0,0,0,0,-1
german,lightgbm,27,existing_credits,relative_minus_10,-0.1,1.0,1.1,0.45947633223517137,0.45947633223517137,0.0,0.0,0,0,0,-1
german,lightgbm,28,existing_credits,relative_minus_10,-0.1,2.0,2.2,0.003740671773448724,0.003740671773448724,0.0,0.0,0,0,0,-1
german,lightgbm,29,existing_credits,relative_minus_10,-0.1,1.0,1.1,0.44175540704147304,0.44175540704147304,0.0,0.0,0,0,0,-1
german,lightgbm,30,existing_credits,relative_minus_10,-0.1,1.0,1.1,0.36163582701893,0.36163582701893,0.0,0.0,0,0,0,-1
german,lightgbm,31,existing_credits,relative_minus_10,-0.1,1.0,1.1,0.34959479263019255,0.34959479263019255,0.0,0.0,0,0,0,-1
german,lightgbm,32,existing_credits,relative_minus_10,-0.1,1.0,1.1,0.027101650147053884,0.027101650147053884,0.0,0.0,0,0,0,-1
german,lightgbm,33,existing_credits,relative_minus_10,-0.1,1.0,1.1,0.0284420531071389,0.0284420531071389,0.0,0.0,0,0,0,-1
german,lightgbm,34,existing_credits,relative_minus_10,-0.1,1.0,1.1,0.7949814871873333,0.7949814871873333,0.0,0.0,1,1,0,-1
german,lightgbm,35,existing_credits,relative_minus_10,-0.1,1.0,1.1,0.5095935653238034,0.5095935653238034,0.0,0.0,1,1,0,-1
german,lightgbm,36,existing_credits,relative_minus_10,-0.1,1.0,1.1,0.7254708576063886,0.7254708576063886,0.0,0.0,1,1,0,-1
german,lightgbm,37,existing_credits,relative_minus_10,-0.1,2.0,2.2,0.1180789524031287,0.1180789524031287,0.0,0.0,0,0,0,-1
german,lightgbm,38,existing_credits,relative_minus_10,-0.1,4.0,4.4,0.4095659707951472,0.4095659707951472,0.0,0.0,0,0,0,-1
german,lightgbm,39,existing_credits,relative_minus_10,-0.1,1.0,1.1,0.018957526512300097,0.018957526512300097,0.0,0.0,0,0,0,-1
german,lightgbm,40,existing_credits,relative_minus_10,-0.1,2.0,2.2,0.5387102777430276,0.5387102777430276,0.0,0.0,1,1,0,-1
german,lightgbm,41,existing_credits,relative_minus_10,-0.1,1.0,1.1,0.2852989110737803,0.2852989110737803,0.0,0.0,0,0,0,-1
german,lightgbm,42,existing_credits,relative_minus_10,-0.1,1.0,1.1,0.8199191131790665,0.8199191131790665,0.0,0.0,1,1,0,-1
german,lightgbm,43,existing_credits,relative_minus_10,-0.1,1.0,1.1,0.9309460410455855,0.9309460410455855,0.0,0.0,1,1,0,-1
german,lightgbm,44,existing_credits,relative_minus_10,-0.1,1.0,1.1,0.5665947846895176,0.5665947846895176,0.0,0.0,1,1,0,-1
german,lightgbm,45,existing_credits,relative_minus_10,-0.1,1.0,1.1,0.2447713790571778,0.2447713790571778,0.0,0.0,0,0,0,-1
german,lightgbm,46,existing_credits,relative_minus_10,-0.1,1.0,1.1,0.010856344450514104,0.010856344450514104,0.0,0.0,0,0,0,-1
german,lightgbm,47,existing_credits,relative_minus_10,-0.1,2.0,2.2,0.10565369098051447,0.10565369098051447,0.0,0.0,0,0,0,-1
german,lightgbm,48,existing_credits,relative_minus_10,-0.1,2.0,2.2,0.0077234696716923824,0.0077234696716923824,0.0,0.0,0,0,0,-1
german,lightgbm,49,existing_credits,relative_minus_10,-0.1,1.0,1.1,0.37766608391954276,0.37766608391954276,0.0,0.0,0,0,0,-1
german,lightgbm,50,existing_credits,relative_minus_10,-0.1,1.0,1.1,0.10754456996147924,0.10754456996147924,0.0,0.0,0,0,0,-1
german,lightgbm,51,existing_credits,relative_minus_10,-0.1,1.0,1.1,0.20045288792019303,0.20045288792019303,0.0,0.0,0,0,0,-1
german,lightgbm,52,existing_credits,relative_minus_10,-0.1,2.0,2.2,0.2232390849422753,0.2232390849422753,0.0,0.0,0,0,0,-1
german,lightgbm,53,existing_credits,relative_minus_10,-0.1,1.0,1.1,0.08263946571053118,0.08263946571053118,0.0,0.0,0,0,0,-1
german,lightgbm,54,existing_credits,relative_minus_10,-0.1,2.0,2.2,0.7751983503992061,0.7751983503992061,0.0,0.0,1,1,0,-1
german,lightgbm,55,existing_credits,relative_minus_10,-0.1,1.0,1.1,0.2709041232151986,0.2709041232151986,0.0,0.0,0,0,0,-1
german,lightgbm,56,existing_credits,relative_minus_10,-0.1,2.0,2.2,0.8949846835423396,0.8949846835423396,0.0,0.0,1,1,0,-1
german,lightgbm,57,existing_credits,relative_minus_10,-0.1,1.0,1.1,0.19895661481991747,0.19895661481991747,0.0,0.0,0,0,0,-1
german,lightgbm,58,existing_credits,relative_minus_10,-0.1,1.0,1.1,0.19686220446311817,0.19686220446311817,0.0,0.0,0,0,0,-1
german,lightgbm,59,existing_credits,relative_minus_10,-0.1,1.0,1.1,0.6556463130368732,0.6556463130368732,0.0,0.0,1,1,0,-1
german,lightgbm,60,existing_credits,relative_minus_10,-0.1,2.0,2.2,0.1494642794145739,0.1494642794145739,0.0,0.0,0,0,0,-1
german,lightgbm,61,existing_credits,relative_minus_10,-0.1,2.0,2.2,0.07395817947549249,0.07395817947549249,0.0,0.0,0,0,0,-1
german,lightgbm,62,existing_credits,relative_minus_10,-0.1,1.0,1.1,0.7910063234667474,0.7910063234667474,0.0,0.0,1,1,0,-1
german,lightgbm,63,existing_credits,relative_minus_10,-0.1,1.0,1.1,0.46215650717795514,0.46215650717795514,0.0,0.0,0,0,0,-1
german,lightgbm,64,existing_credits,relative_minus_10,-0.1,1.0,1.1,0.8565251969688404,0.8565251969688404,0.0,0.0,1,1,0,-1
german,lightgbm,65,existing_credits,relative_minus_10,-0.1,1.0,1.1,0.17328838568870306,0.17328838568870306,0.0,0.0,0,0,0,-1
german,lightgbm,66,existing_credits,relative_minus_10,-0.1,2.0,2.2,0.2073789273550252,0.2073789273550252,0.0,0.0,0,0,0,-1
german,lightgbm,67,existing_credits,relative_minus_10,-0.1,2.0,2.2,0.9222025230520857,0.9222025230520857,0.0,0.0,1,1,0,-1
german,lightgbm,68,existing_credits,relative_minus_10,-0.1,4.0,4.4,0.36554189730904146,0.36554189730904146,0.0,0.0,0,0,0,-1
german,lightgbm,69,existing_credits,relative_minus_10,-0.1,1.0,1.1,0.5551759772046333,0.5551759772046333,0.0,0.0,1,1,0,-1
german,lightgbm,70,existing_credits,relative_minus_10,-0.1,1.0,1.1,0.8060668534560961,0.8060668534560961,0.0,0.0,1,1,0,-1
german,lightgbm,71,existing_credits,relative_minus_10,-0.1,1.0,1.1,0.00979720703639709,0.00979720703639709,0.0,0.0,0,0,0,-1
german,lightgbm,72,existing_credits,relative_minus_10,-0.1,1.0,1.1,0.16440951309080398,0.16440951309080398,0.0,0.0,0,0,0,-1
german,lightgbm,73,existing_credits,relative_minus_10,-0.1,1.0,1.1,0.0701512066146692,0.0701512066146692,0.0,0.0,0,0,0,-1
german,lightgbm,74,existing_credits,relative_minus_10,-0.1,2.0,2.2,0.20089675448649513,0.20089675448649513,0.0,0.0,0,0,0,-1
german,lightgbm,75,existing_credits,relative_minus_10,-0.1,1.0,1.1,0.5222806196725559,0.5222806196725559,0.0,0.0,1,1,0,-1
german,lightgbm,76,existing_credits,relative_minus_10,-0.1,3.0,3.3,0.232539774434109,0.232539774434109,0.0,0.0,0,0,0,-1
german,lightgbm,77,existing_credits,relative_minus_10,-0.1,2.0,2.2,0.7296014495994664,0.7296014495994664,0.0,0.0,1,1,0,-1
german,lightgbm,78,existing_credits,relative_minus_10,-0.1,1.0,1.1,0.05233574686089174,0.05233574686089174,0.0,0.0,0,0,0,-1
german,lightgbm,79,existing_credits,relative_minus_10,-0.1,1.0,1.1,0.8523601968533747,0.8523601968533747,0.0,0.0,1,1,0,-1
german,lightgbm,80,existing_credits,relative_minus_10,-0.1,1.0,1.1,0.24724091491319555,0.24724091491319555,0.0,0.0,0,0,0,-1
german,lightgbm,81,existing_credits,relative_minus_10,-0.1,1.0,1.1,0.052062520477255576,0.052062520477255576,0.0,0.0,0,0,0,-1
german,lightgbm,82,existing_credits,relative_minus_10,-0.1,1.0,1.1,0.39190331104024756,0.39190331104024756,0.0,0.0,0,0,0,-1
german,lightgbm,83,existing_credits,relative_minus_10,-0.1,2.0,2.2,0.4694418067846172,0.4694418067846172,0.0,0.0,0,0,0,-1
german,lightgbm,84,existing_credits,relative_minus_10,-0.1,1.0,1.1,0.1739683108218602,0.1739683108218602,0.0,0.0,0,0,0,-1
german,lightgbm,85,existing_credits,relative_minus_10,-0.1,1.0,1.1,0.004521489614918298,0.004521489614918298,0.0,0.0,0,0,0,-1
german,lightgbm,86,existing_credits,relative_minus_10,-0.1,1.0,1.1,0.026602380126023603,0.026602380126023603,0.0,0.0,0,0,0,-1
german,lightgbm,87,existing_credits,relative_minus_10,-0.1,1.0,1.1,0.6076387501320122,0.6076387501320122,0.0,0.0,1,1,0,-1
german,lightgbm,88,existing_credits,relative_minus_10,-0.1,2.0,2.2,0.0010791611127486252,0.0010791611127486252,0.0,0.0,0,0,0,-1
german,lightgbm,89,existing_credits,relative_minus_10,-0.1,1.0,1.1,0.742624474994036,0.742624474994036,0.0,0.0,1,1,0,-1
german,lightgbm,90,existing_credits,relative_minus_10,-0.1,1.0,1.1,0.7861995616942514,0.7861995616942514,0.0,0.0,1,1,0,-1
german,lightgbm,91,existing_credits,relative_minus_10,-0.1,1.0,1.1,0.4725044710209194,0.4725044710209194,0.0,0.0,0,0,0,-1
german,lightgbm,92,existing_credits,relative_minus_10,-0.1,1.0,1.1,0.5387828783155257,0.5387828783155257,0.0,0.0,1,1,0,-1
german,lightgbm,93,existing_credits,relative_minus_10,-0.1,2.0,2.2,0.595542444670801,0.595542444670801,0.0,0.0,1,1,0,-1
german,lightgbm,94,existing_credits,relative_minus_10,-0.1,2.0,2.2,0.007938278878830486,0.007938278878830486,0.0,0.0,0,0,0,-1
german,lightgbm,95,existing_credits,relative_minus_10,-0.1,1.0,1.1,0.05798365229948388,0.05798365229948388,0.0,0.0,0,0,0,-1
german,lightgbm,96,existing_credits,relative_minus_10,-0.1,1.0,1.1,0.5786519101275599,0.5786519101275599,0.0,0.0,1,1,0,-1
german,lightgbm,97,existing_credits,relative_minus_10,-0.1,2.0,2.2,0.1637333359008902,0.1637333359008902,0.0,0.0,0,0,0,-1
german,lightgbm,98,existing_credits,relative_minus_10,-0.1,2.0,2.2,0.7094753427844519,0.7094753427844519,0.0,0.0,1,1,0,-1
german,lightgbm,99,existing_credits,relative_minus_10,-0.1,1.0,1.1,0.0021652605170008033,0.0021652605170008033,0.0,0.0,0,0,0,-1
german,lightgbm,0,existing_credits,relative_plus_10,0.1,1.0,1.1,0.3906285256737892,0.3906285256737892,0.0,0.0,0,0,0,-1
german,lightgbm,1,existing_credits,relative_plus_10,0.1,1.0,1.1,0.239865701726269,0.239865701726269,0.0,0.0,0,0,0,-1
german,lightgbm,2,existing_credits,relative_plus_10,0.1,2.0,2.2,0.061421238781333064,0.061421238781333064,0.0,0.0,0,0,0,-1
german,lightgbm,3,existing_credits,relative_plus_10,0.1,1.0,1.1,0.06199636354725938,0.06199636354725938,0.0,0.0,0,0,0,-1
german,lightgbm,4,existing_credits,relative_plus_10,0.1,3.0,3.3,0.000778019771551934,0.000778019771551934,0.0,0.0,0,0,0,-1
german,lightgbm,5,existing_credits,relative_plus_10,0.1,1.0,1.1,0.0127552116532506,0.0127552116532506,0.0,0.0,0,0,0,-1
german,lightgbm,6,existing_credits,relative_plus_10,0.1,1.0,1.1,0.0015875374622949037,0.0015875374622949037,0.0,0.0,0,0,0,-1
german,lightgbm,7,existing_credits,relative_plus_10,0.1,1.0,1.1,0.10095917931946011,0.10095917931946011,0.0,0.0,0,0,0,-1
german,lightgbm,8,existing_credits,relative_plus_10,0.1,2.0,2.2,0.019686942909276986,0.019686942909276986,0.0,0.0,0,0,0,-1
german,lightgbm,9,existing_credits,relative_plus_10,0.1,1.0,1.1,0.8815646011543224,0.8815646011543224,0.0,0.0,1,1,0,-1
german,lightgbm,10,existing_credits,relative_plus_10,0.1,2.0,2.2,0.6231673856151776,0.6231673856151776,0.0,0.0,1,1,0,-1
german,lightgbm,11,existing_credits,relative_plus_10,0.1,1.0,1.1,0.5819234725438788,0.5819234725438788,0.0,0.0,1,1,0,-1
german,lightgbm,12,existing_credits,relative_plus_10,0.1,2.0,2.2,0.016381379372910523,0.016381379372910523,0.0,0.0,0,0,0,-1
german,lightgbm,13,existing_credits,relative_plus_10,0.1,1.0,1.1,0.15698660361202765,0.15698660361202765,0.0,0.0,0,0,0,-1
german,lightgbm,14,existing_credits,relative_plus_10,0.1,1.0,1.1,0.06001081215992454,0.06001081215992454,0.0,0.0,0,0,0,-1
german,lightgbm,15,existing_credits,relative_plus_10,0.1,1.0,1.1,0.34466443332437136,0.34466443332437136,0.0,0.0,0,0,0,-1
german,lightgbm,16,existing_credits,relative_plus_10,0.1,2.0,2.2,0.0013520297228720205,0.0013520297228720205,0.0,0.0,0,0,0,-1
german,lightgbm,17,existing_credits,relative_plus_10,0.1,2.0,2.2,0.925921763327486,0.925921763327486,0.0,0.0,1,1,0,-1
german,lightgbm,18,existing_credits,relative_plus_10,0.1,2.0,2.2,0.05210815660012766,0.05210815660012766,0.0,0.0,0,0,0,-1
german,lightgbm,19,existing_credits,relative_plus_10,0.1,1.0,1.1,0.9431976521725624,0.9431976521725624,0.0,0.0,1,1,0,-1
german,lightgbm,20,existing_credits,relative_plus_10,0.1,1.0,1.1,0.1652310311335665,0.1652310311335665,0.0,0.0,0,0,0,-1
german,lightgbm,21,existing_credits,relative_plus_10,0.1,1.0,1.1,0.04087693346542949,0.04087693346542949,0.0,0.0,0,0,0,-1
german,lightgbm,22,existing_credits,relative_plus_10,0.1,3.0,3.3,0.06721612707097044,0.06721612707097044,0.0,0.0,0,0,0,-1
german,lightgbm,23,existing_credits,relative_plus_10,0.1,1.0,1.1,0.8427293510043804,0.8427293510043804,0.0,0.0,1,1,0,-1
german,lightgbm,24,existing_credits,relative_plus_10,0.1,1.0,1.1,0.7997434553378628,0.7997434553378628,0.0,0.0,1,1,0,-1
german,lightgbm,25,existing_credits,relative_plus_10,0.1,1.0,1.1,0.4667371539312502,0.4667371539312502,0.0,0.0,0,0,0,-1
german,lightgbm,26,existing_credits,relative_plus_10,0.1,2.0,2.2,0.2090941121178558,0.2090941121178558,0.0,0.0,0,0,0,-1
german,lightgbm,27,existing_credits,relative_plus_10,0.1,1.0,1.1,0.45947633223517137,0.45947633223517137,0.0,0.0,0,0,0,-1
german,lightgbm,28,existing_credits,relative_plus_10,0.1,2.0,2.2,0.003740671773448724,0.003740671773448724,0.0,0.0,0,0,0,-1
german,lightgbm,29,existing_credits,relative_plus_10,0.1,1.0,1.1,0.44175540704147304,0.44175540704147304,0.0,0.0,0,0,0,-1
german,lightgbm,30,existing_credits,relative_plus_10,0.1,1.0,1.1,0.36163582701893,0.36163582701893,0.0,0.0,0,0,0,-1
german,lightgbm,31,existing_credits,relative_plus_10,0.1,1.0,1.1,0.34959479263019255,0.34959479263019255,0.0,0.0,0,0,0,-1
german,lightgbm,32,existing_credits,relative_plus_10,0.1,1.0,1.1,0.027101650147053884,0.027101650147053884,0.0,0.0,0,0,0,-1
german,lightgbm,33,existing_credits,relative_plus_10,0.1,1.0,1.1,0.0284420531071389,0.0284420531071389,0.0,0.0,0,0,0,-1
german,lightgbm,34,existing_credits,relative_plus_10,0.1,1.0,1.1,0.7949814871873333,0.7949814871873333,0.0,0.0,1,1,0,-1
german,lightgbm,35,existing_credits,relative_plus_10,0.1,1.0,1.1,0.5095935653238034,0.5095935653238034,0.0,0.0,1,1,0,-1
german,lightgbm,36,existing_credits,relative_plus_10,0.1,1.0,1.1,0.7254708576063886,0.7254708576063886,0.0,0.0,1,1,0,-1
german,lightgbm,37,existing_credits,relative_plus_10,0.1,2.0,2.2,0.1180789524031287,0.1180789524031287,0.0,0.0,0,0,0,-1
german,lightgbm,38,existing_credits,relative_plus_10,0.1,4.0,4.4,0.4095659707951472,0.4095659707951472,0.0,0.0,0,0,0,-1
german,lightgbm,39,existing_credits,relative_plus_10,0.1,1.0,1.1,0.018957526512300097,0.018957526512300097,0.0,0.0,0,0,0,-1
german,lightgbm,40,existing_credits,relative_plus_10,0.1,2.0,2.2,0.5387102777430276,0.5387102777430276,0.0,0.0,1,1,0,-1
german,lightgbm,41,existing_credits,relative_plus_10,0.1,1.0,1.1,0.2852989110737803,0.2852989110737803,0.0,0.0,0,0,0,-1
german,lightgbm,42,existing_credits,relative_plus_10,0.1,1.0,1.1,0.8199191131790665,0.8199191131790665,0.0,0.0,1,1,0,-1
german,lightgbm,43,existing_credits,relative_plus_10,0.1,1.0,1.1,0.9309460410455855,0.9309460410455855,0.0,0.0,1,1,0,-1
german,lightgbm,44,existing_credits,relative_plus_10,0.1,1.0,1.1,0.5665947846895176,0.5665947846895176,0.0,0.0,1,1,0,-1
german,lightgbm,45,existing_credits,relative_plus_10,0.1,1.0,1.1,0.2447713790571778,0.2447713790571778,0.0,0.0,0,0,0,-1
german,lightgbm,46,existing_credits,relative_plus_10,0.1,1.0,1.1,0.010856344450514104,0.010856344450514104,0.0,0.0,0,0,0,-1
german,lightgbm,47,existing_credits,relative_plus_10,0.1,2.0,2.2,0.10565369098051447,0.10565369098051447,0.0,0.0,0,0,0,-1
german,lightgbm,48,existing_credits,relative_plus_10,0.1,2.0,2.2,0.0077234696716923824,0.0077234696716923824,0.0,0.0,0,0,0,-1
german,lightgbm,49,existing_credits,relative_plus_10,0.1,1.0,1.1,0.37766608391954276,0.37766608391954276,0.0,0.0,0,0,0,-1
german,lightgbm,50,existing_credits,relative_plus_10,0.1,1.0,1.1,0.10754456996147924,0.10754456996147924,0.0,0.0,0,0,0,-1
german,lightgbm,51,existing_credits,relative_plus_10,0.1,1.0,1.1,0.20045288792019303,0.20045288792019303,0.0,0.0,0,0,0,-1
german,lightgbm,52,existing_credits,relative_plus_10,0.1,2.0,2.2,0.2232390849422753,0.2232390849422753,0.0,0.0,0,0,0,-1
german,lightgbm,53,existing_credits,relative_plus_10,0.1,1.0,1.1,0.08263946571053118,0.08263946571053118,0.0,0.0,0,0,0,-1
german,lightgbm,54,existing_credits,relative_plus_10,0.1,2.0,2.2,0.7751983503992061,0.7751983503992061,0.0,0.0,1,1,0,-1
german,lightgbm,55,existing_credits,relative_plus_10,0.1,1.0,1.1,0.2709041232151986,0.2709041232151986,0.0,0.0,0,0,0,-1
german,lightgbm,56,existing_credits,relative_plus_10,0.1,2.0,2.2,0.8949846835423396,0.8949846835423396,0.0,0.0,1,1,0,-1
german,lightgbm,57,existing_credits,relative_plus_10,0.1,1.0,1.1,0.19895661481991747,0.19895661481991747,0.0,0.0,0,0,0,-1
german,lightgbm,58,existing_credits,relative_plus_10,0.1,1.0,1.1,0.19686220446311817,0.19686220446311817,0.0,0.0,0,0,0,-1
german,lightgbm,59,existing_credits,relative_plus_10,0.1,1.0,1.1,0.6556463130368732,0.6556463130368732,0.0,0.0,1,1,0,-1
german,lightgbm,60,existing_credits,relative_plus_10,0.1,2.0,2.2,0.1494642794145739,0.1494642794145739,0.0,0.0,0,0,0,-1
german,lightgbm,61,existing_credits,relative_plus_10,0.1,2.0,2.2,0.07395817947549249,0.07395817947549249,0.0,0.0,0,0,0,-1
german,lightgbm,62,existing_credits,relative_plus_10,0.1,1.0,1.1,0.7910063234667474,0.7910063234667474,0.0,0.0,1,1,0,-1
german,lightgbm,63,existing_credits,relative_plus_10,0.1,1.0,1.1,0.46215650717795514,0.46215650717795514,0.0,0.0,0,0,0,-1
german,lightgbm,64,existing_credits,relative_plus_10,0.1,1.0,1.1,0.8565251969688404,0.8565251969688404,0.0,0.0,1,1,0,-1
german,lightgbm,65,existing_credits,relative_plus_10,0.1,1.0,1.1,0.17328838568870306,0.17328838568870306,0.0,0.0,0,0,0,-1
german,lightgbm,66,existing_credits,relative_plus_10,0.1,2.0,2.2,0.2073789273550252,0.2073789273550252,0.0,0.0,0,0,0,-1
german,lightgbm,67,existing_credits,relative_plus_10,0.1,2.0,2.2,0.9222025230520857,0.9222025230520857,0.0,0.0,1,1,0,-1
german,lightgbm,68,existing_credits,relative_plus_10,0.1,4.0,4.4,0.36554189730904146,0.36554189730904146,0.0,0.0,0,0,0,-1
german,lightgbm,69,existing_credits,relative_plus_10,0.1,1.0,1.1,0.5551759772046333,0.5551759772046333,0.0,0.0,1,1,0,-1
german,lightgbm,70,existing_credits,relative_plus_10,0.1,1.0,1.1,0.8060668534560961,0.8060668534560961,0.0,0.0,1,1,0,-1
german,lightgbm,71,existing_credits,relative_plus_10,0.1,1.0,1.1,0.00979720703639709,0.00979720703639709,0.0,0.0,0,0,0,-1
german,lightgbm,72,existing_credits,relative_plus_10,0.1,1.0,1.1,0.16440951309080398,0.16440951309080398,0.0,0.0,0,0,0,-1
german,lightgbm,73,existing_credits,relative_plus_10,0.1,1.0,1.1,0.0701512066146692,0.0701512066146692,0.0,0.0,0,0,0,-1
german,lightgbm,74,existing_credits,relative_plus_10,0.1,2.0,2.2,0.20089675448649513,0.20089675448649513,0.0,0.0,0,0,0,-1
german,lightgbm,75,existing_credits,relative_plus_10,0.1,1.0,1.1,0.5222806196725559,0.5222806196725559,0.0,0.0,1,1,0,-1
german,lightgbm,76,existing_credits,relative_plus_10,0.1,3.0,3.3,0.232539774434109,0.232539774434109,0.0,0.0,0,0,0,-1
german,lightgbm,77,existing_credits,relative_plus_10,0.1,2.0,2.2,0.7296014495994664,0.7296014495994664,0.0,0.0,1,1,0,-1
german,lightgbm,78,existing_credits,relative_plus_10,0.1,1.0,1.1,0.05233574686089174,0.05233574686089174,0.0,0.0,0,0,0,-1
german,lightgbm,79,existing_credits,relative_plus_10,0.1,1.0,1.1,0.8523601968533747,0.8523601968533747,0.0,0.0,1,1,0,-1
german,lightgbm,80,existing_credits,relative_plus_10,0.1,1.0,1.1,0.24724091491319555,0.24724091491319555,0.0,0.0,0,0,0,-1
german,lightgbm,81,existing_credits,relative_plus_10,0.1,1.0,1.1,0.052062520477255576,0.052062520477255576,0.0,0.0,0,0,0,-1
german,lightgbm,82,existing_credits,relative_plus_10,0.1,1.0,1.1,0.39190331104024756,0.39190331104024756,0.0,0.0,0,0,0,-1
german,lightgbm,83,existing_credits,relative_plus_10,0.1,2.0,2.2,0.4694418067846172,0.4694418067846172,0.0,0.0,0,0,0,-1
german,lightgbm,84,existing_credits,relative_plus_10,0.1,1.0,1.1,0.1739683108218602,0.1739683108218602,0.0,0.0,0,0,0,-1
german,lightgbm,85,existing_credits,relative_plus_10,0.1,1.0,1.1,0.004521489614918298,0.004521489614918298,0.0,0.0,0,0,0,-1
german,lightgbm,86,existing_credits,relative_plus_10,0.1,1.0,1.1,0.026602380126023603,0.026602380126023603,0.0,0.0,0,0,0,-1
german,lightgbm,87,existing_credits,relative_plus_10,0.1,1.0,1.1,0.6076387501320122,0.6076387501320122,0.0,0.0,1,1,0,-1
german,lightgbm,88,existing_credits,relative_plus_10,0.1,2.0,2.2,0.0010791611127486252,0.0010791611127486252,0.0,0.0,0,0,0,-1
german,lightgbm,89,existing_credits,relative_plus_10,0.1,1.0,1.1,0.742624474994036,0.742624474994036,0.0,0.0,1,1,0,-1
german,lightgbm,90,existing_credits,relative_plus_10,0.1,1.0,1.1,0.7861995616942514,0.7861995616942514,0.0,0.0,1,1,0,-1
german,lightgbm,91,existing_credits,relative_plus_10,0.1,1.0,1.1,0.4725044710209194,0.4725044710209194,0.0,0.0,0,0,0,-1
german,lightgbm,92,existing_credits,relative_plus_10,0.1,1.0,1.1,0.5387828783155257,0.5387828783155257,0.0,0.0,1,1,0,-1
german,lightgbm,93,existing_credits,relative_plus_10,0.1,2.0,2.2,0.595542444670801,0.595542444670801,0.0,0.0,1,1,0,-1
german,lightgbm,94,existing_credits,relative_plus_10,0.1,2.0,2.2,0.007938278878830486,0.007938278878830486,0.0,0.0,0,0,0,-1
german,lightgbm,95,existing_credits,relative_plus_10,0.1,1.0,1.1,0.05798365229948388,0.05798365229948388,0.0,0.0,0,0,0,-1
german,lightgbm,96,existing_credits,relative_plus_10,0.1,1.0,1.1,0.5786519101275599,0.5786519101275599,0.0,0.0,1,1,0,-1
german,lightgbm,97,existing_credits,relative_plus_10,0.1,2.0,2.2,0.1637333359008902,0.1637333359008902,0.0,0.0,0,0,0,-1
german,lightgbm,98,existing_credits,relative_plus_10,0.1,2.0,2.2,0.7094753427844519,0.7094753427844519,0.0,0.0,1,1,0,-1
german,lightgbm,99,existing_credits,relative_plus_10,0.1,1.0,1.1,0.0021652605170008033,0.0021652605170008033,0.0,0.0,0,0,0,-1
german,lightgbm,0,num_dependents,relative_minus_5,-0.05,1.0,1.05,0.3906285256737892,0.3906285256737892,0.0,0.0,0,0,0,-1
german,lightgbm,1,num_dependents,relative_minus_5,-0.05,1.0,1.05,0.239865701726269,0.239865701726269,0.0,0.0,0,0,0,-1
german,lightgbm,2,num_dependents,relative_minus_5,-0.05,1.0,1.05,0.061421238781333064,0.061421238781333064,0.0,0.0,0,0,0,-1
german,lightgbm,3,num_dependents,relative_minus_5,-0.05,1.0,1.05,0.06199636354725938,0.06199636354725938,0.0,0.0,0,0,0,-1
german,lightgbm,4,num_dependents,relative_minus_5,-0.05,2.0,2.1,0.000778019771551934,0.000778019771551934,0.0,0.0,0,0,0,-1
german,lightgbm,5,num_dependents,relative_minus_5,-0.05,1.0,1.05,0.0127552116532506,0.0127552116532506,0.0,0.0,0,0,0,-1
german,lightgbm,6,num_dependents,relative_minus_5,-0.05,1.0,1.05,0.0015875374622949037,0.0015875374622949037,0.0,0.0,0,0,0,-1
german,lightgbm,7,num_dependents,relative_minus_5,-0.05,1.0,1.05,0.10095917931946011,0.10095917931946011,0.0,0.0,0,0,0,-1
german,lightgbm,8,num_dependents,relative_minus_5,-0.05,1.0,1.05,0.019686942909276986,0.019686942909276986,0.0,0.0,0,0,0,-1
german,lightgbm,9,num_dependents,relative_minus_5,-0.05,1.0,1.05,0.8815646011543224,0.8815646011543224,0.0,0.0,1,1,0,-1
german,lightgbm,10,num_dependents,relative_minus_5,-0.05,1.0,1.05,0.6231673856151776,0.6231673856151776,0.0,0.0,1,1,0,-1
german,lightgbm,11,num_dependents,relative_minus_5,-0.05,1.0,1.05,0.5819234725438788,0.5819234725438788,0.0,0.0,1,1,0,-1
german,lightgbm,12,num_dependents,relative_minus_5,-0.05,1.0,1.05,0.016381379372910523,0.016381379372910523,0.0,0.0,0,0,0,-1
german,lightgbm,13,num_dependents,relative_minus_5,-0.05,1.0,1.05,0.15698660361202765,0.15698660361202765,0.0,0.0,0,0,0,-1
german,lightgbm,14,num_dependents,relative_minus_5,-0.05,2.0,2.1,0.06001081215992454,0.06001081215992454,0.0,0.0,0,0,0,-1
german,lightgbm,15,num_dependents,relative_minus_5,-0.05,1.0,1.05,0.34466443332437136,0.34466443332437136,0.0,0.0,0,0,0,-1
german,lightgbm,16,num_dependents,relative_minus_5,-0.05,2.0,2.1,0.0013520297228720205,0.0013520297228720205,0.0,0.0,0,0,0,-1
german,lightgbm,17,num_dependents,relative_minus_5,-0.05,1.0,1.05,0.925921763327486,0.925921763327486,0.0,0.0,1,1,0,-1
german,lightgbm,18,num_dependents,relative_minus_5,-0.05,1.0,1.05,0.05210815660012766,0.05210815660012766,0.0,0.0,0,0,0,-1
german,lightgbm,19,num_dependents,relative_minus_5,-0.05,1.0,1.05,0.9431976521725624,0.9431976521725624,0.0,0.0,1,1,0,-1
german,lightgbm,20,num_dependents,relative_minus_5,-0.05,2.0,2.1,0.1652310311335665,0.1652310311335665,0.0,0.0,0,0,0,-1
german,lightgbm,21,num_dependents,relative_minus_5,-0.05,2.0,2.1,0.04087693346542949,0.04087693346542949,0.0,0.0,0,0,0,-1
german,lightgbm,22,num_dependents,relative_minus_5,-0.05,1.0,1.05,0.06721612707097044,0.06721612707097044,0.0,0.0,0,0,0,-1
german,lightgbm,23,num_dependents,relative_minus_5,-0.05,1.0,1.05,0.8427293510043804,0.8427293510043804,0.0,0.0,1,1,0,-1
german,lightgbm,24,num_dependents,relative_minus_5,-0.05,1.0,1.05,0.7997434553378628,0.7997434553378628,0.0,0.0,1,1,0,-1
german,lightgbm,25,num_dependents,relative_minus_5,-0.05,1.0,1.05,0.4667371539312502,0.4667371539312502,0.0,0.0,0,0,0,-1
german,lightgbm,26,num_dependents,relative_minus_5,-0.05,1.0,1.05,0.2090941121178558,0.2090941121178558,0.0,0.0,0,0,0,-1
german,lightgbm,27,num_dependents,relative_minus_5,-0.05,1.0,1.05,0.45947633223517137,0.45947633223517137,0.0,0.0,0,0,0,-1
german,lightgbm,28,num_dependents,relative_minus_5,-0.05,1.0,1.05,0.003740671773448724,0.003740671773448724,0.0,0.0,0,0,0,-1
german,lightgbm,29,num_dependents,relative_minus_5,-0.05,1.0,1.05,0.44175540704147304,0.44175540704147304,0.0,0.0,0,0,0,-1
german,lightgbm,30,num_dependents,relative_minus_5,-0.05,1.0,1.05,0.36163582701893,0.36163582701893,0.0,0.0,0,0,0,-1
german,lightgbm,31,num_dependents,relative_minus_5,-0.05,1.0,1.05,0.34959479263019255,0.34959479263019255,0.0,0.0,0,0,0,-1
german,lightgbm,32,num_dependents,relative_minus_5,-0.05,1.0,1.05,0.027101650147053884,0.027101650147053884,0.0,0.0,0,0,0,-1
german,lightgbm,33,num_dependents,relative_minus_5,-0.05,1.0,1.05,0.0284420531071389,0.0284420531071389,0.0,0.0,0,0,0,-1
german,lightgbm,34,num_dependents,relative_minus_5,-0.05,2.0,2.1,0.7949814871873333,0.7949814871873333,0.0,0.0,1,1,0,-1
german,lightgbm,35,num_dependents,relative_minus_5,-0.05,1.0,1.05,0.5095935653238034,0.5095935653238034,0.0,0.0,1,1,0,-1
german,lightgbm,36,num_dependents,relative_minus_5,-0.05,1.0,1.05,0.7254708576063886,0.7254708576063886,0.0,0.0,1,1,0,-1
german,lightgbm,37,num_dependents,relative_minus_5,-0.05,1.0,1.05,0.1180789524031287,0.1180789524031287,0.0,0.0,0,0,0,-1
german,lightgbm,38,num_dependents,relative_minus_5,-0.05,1.0,1.05,0.4095659707951472,0.4095659707951472,0.0,0.0,0,0,0,-1
german,lightgbm,39,num_dependents,relative_minus_5,-0.05,1.0,1.05,0.018957526512300097,0.018957526512300097,0.0,0.0,0,0,0,-1
german,lightgbm,40,num_dependents,relative_minus_5,-0.05,1.0,1.05,0.5387102777430276,0.5387102777430276,0.0,0.0,1,1,0,-1
german,lightgbm,41,num_dependents,relative_minus_5,-0.05,2.0,2.1,0.2852989110737803,0.2852989110737803,0.0,0.0,0,0,0,-1
german,lightgbm,42,num_dependents,relative_minus_5,-0.05,1.0,1.05,0.8199191131790665,0.8199191131790665,0.0,0.0,1,1,0,-1
german,lightgbm,43,num_dependents,relative_minus_5,-0.05,1.0,1.05,0.9309460410455855,0.9309460410455855,0.0,0.0,1,1,0,-1
german,lightgbm,44,num_dependents,relative_minus_5,-0.05,2.0,2.1,0.5665947846895176,0.5665947846895176,0.0,0.0,1,1,0,-1
german,lightgbm,45,num_dependents,relative_minus_5,-0.05,1.0,1.05,0.2447713790571778,0.2447713790571778,0.0,0.0,0,0,0,-1
german,lightgbm,46,num_dependents,relative_minus_5,-0.05,1.0,1.05,0.010856344450514104,0.010856344450514104,0.0,0.0,0,0,0,-1
german,lightgbm,47,num_dependents,relative_minus_5,-0.05,1.0,1.05,0.10565369098051447,0.10565369098051447,0.0,0.0,0,0,0,-1
german,lightgbm,48,num_dependents,relative_minus_5,-0.05,1.0,1.05,0.0077234696716923824,0.0077234696716923824,0.0,0.0,0,0,0,-1
german,lightgbm,49,num_dependents,relative_minus_5,-0.05,1.0,1.05,0.37766608391954276,0.37766608391954276,0.0,0.0,0,0,0,-1
german,lightgbm,50,num_dependents,relative_minus_5,-0.05,1.0,1.05,0.10754456996147924,0.10754456996147924,0.0,0.0,0,0,0,-1
german,lightgbm,51,num_dependents,relative_minus_5,-0.05,2.0,2.1,0.20045288792019303,0.20045288792019303,0.0,0.0,0,0,0,-1
german,lightgbm,52,num_dependents,relative_minus_5,-0.05,1.0,1.05,0.2232390849422753,0.2232390849422753,0.0,0.0,0,0,0,-1
german,lightgbm,53,num_dependents,relative_minus_5,-0.05,1.0,1.05,0.08263946571053118,0.08263946571053118,0.0,0.0,0,0,0,-1
german,lightgbm,54,num_dependents,relative_minus_5,-0.05,1.0,1.05,0.7751983503992061,0.7751983503992061,0.0,0.0,1,1,0,-1
german,lightgbm,55,num_dependents,relative_minus_5,-0.05,1.0,1.05,0.2709041232151986,0.2709041232151986,0.0,0.0,0,0,0,-1
german,lightgbm,56,num_dependents,relative_minus_5,-0.05,1.0,1.05,0.8949846835423396,0.8949846835423396,0.0,0.0,1,1,0,-1
german,lightgbm,57,num_dependents,relative_minus_5,-0.05,1.0,1.05,0.19895661481991747,0.19895661481991747,0.0,0.0,0,0,0,-1
german,lightgbm,58,num_dependents,relative_minus_5,-0.05,1.0,1.05,0.19686220446311817,0.19686220446311817,0.0,0.0,0,0,0,-1
german,lightgbm,59,num_dependents,relative_minus_5,-0.05,1.0,1.05,0.6556463130368732,0.6556463130368732,0.0,0.0,1,1,0,-1
german,lightgbm,60,num_dependents,relative_minus_5,-0.05,1.0,1.05,0.1494642794145739,0.1494642794145739,0.0,0.0,0,0,0,-1
german,lightgbm,61,num_dependents,relative_minus_5,-0.05,1.0,1.05,0.07395817947549249,0.07395817947549249,0.0,0.0,0,0,0,-1
german,lightgbm,62,num_dependents,relative_minus_5,-0.05,1.0,1.05,0.7910063234667474,0.7910063234667474,0.0,0.0,1,1,0,-1
german,lightgbm,63,num_dependents,relative_minus_5,-0.05,1.0,1.05,0.46215650717795514,0.46215650717795514,0.0,0.0,0,0,0,-1
german,lightgbm,64,num_dependents,relative_minus_5,-0.05,1.0,1.05,0.8565251969688404,0.8565251969688404,0.0,0.0,1,1,0,-1
german,lightgbm,65,num_dependents,relative_minus_5,-0.05,1.0,1.05,0.17328838568870306,0.17328838568870306,0.0,0.0,0,0,0,-1
german,lightgbm,66,num_dependents,relative_minus_5,-0.05,2.0,2.1,0.2073789273550252,0.2073789273550252,0.0,0.0,0,0,0,-1
german,lightgbm,67,num_dependents,relative_minus_5,-0.05,1.0,1.05,0.9222025230520857,0.9222025230520857,0.0,0.0,1,1,0,-1
german,lightgbm,68,num_dependents,relative_minus_5,-0.05,2.0,2.1,0.36554189730904146,0.36554189730904146,0.0,0.0,0,0,0,-1
german,lightgbm,69,num_dependents,relative_minus_5,-0.05,1.0,1.05,0.5551759772046333,0.5551759772046333,0.0,0.0,1,1,0,-1
german,lightgbm,70,num_dependents,relative_minus_5,-0.05,1.0,1.05,0.8060668534560961,0.8060668534560961,0.0,0.0,1,1,0,-1
german,lightgbm,71,num_dependents,relative_minus_5,-0.05,2.0,2.1,0.00979720703639709,0.00979720703639709,0.0,0.0,0,0,0,-1
german,lightgbm,72,num_dependents,relative_minus_5,-0.05,2.0,2.1,0.16440951309080398,0.16440951309080398,0.0,0.0,0,0,0,-1
german,lightgbm,73,num_dependents,relative_minus_5,-0.05,1.0,1.05,0.0701512066146692,0.0701512066146692,0.0,0.0,0,0,0,-1
german,lightgbm,74,num_dependents,relative_minus_5,-0.05,1.0,1.05,0.20089675448649513,0.20089675448649513,0.0,0.0,0,0,0,-1
german,lightgbm,75,num_dependents,relative_minus_5,-0.05,1.0,1.05,0.5222806196725559,0.5222806196725559,0.0,0.0,1,1,0,-1
german,lightgbm,76,num_dependents,relative_minus_5,-0.05,1.0,1.05,0.232539774434109,0.232539774434109,0.0,0.0,0,0,0,-1
german,lightgbm,77,num_dependents,relative_minus_5,-0.05,1.0,1.05,0.7296014495994664,0.7296014495994664,0.0,0.0,1,1,0,-1
german,lightgbm,78,num_dependents,relative_minus_5,-0.05,1.0,1.05,0.05233574686089174,0.05233574686089174,0.0,0.0,0,0,0,-1
german,lightgbm,79,num_dependents,relative_minus_5,-0.05,1.0,1.05,0.8523601968533747,0.8523601968533747,0.0,0.0,1,1,0,-1
german,lightgbm,80,num_dependents,relative_minus_5,-0.05,1.0,1.05,0.24724091491319555,0.24724091491319555,0.0,0.0,0,0,0,-1
german,lightgbm,81,num_dependents,relative_minus_5,-0.05,2.0,2.1,0.052062520477255576,0.052062520477255576,0.0,0.0,0,0,0,-1
german,lightgbm,82,num_dependents,relative_minus_5,-0.05,1.0,1.05,0.39190331104024756,0.39190331104024756,0.0,0.0,0,0,0,-1
german,lightgbm,83,num_dependents,relative_minus_5,-0.05,2.0,2.1,0.4694418067846172,0.4694418067846172,0.0,0.0,0,0,0,-1
german,lightgbm,84,num_dependents,relative_minus_5,-0.05,1.0,1.05,0.1739683108218602,0.1739683108218602,0.0,0.0,0,0,0,-1
german,lightgbm,85,num_dependents,relative_minus_5,-0.05,2.0,2.1,0.004521489614918298,0.004521489614918298,0.0,0.0,0,0,0,-1
german,lightgbm,86,num_dependents,relative_minus_5,-0.05,1.0,1.05,0.026602380126023603,0.026602380126023603,0.0,0.0,0,0,0,-1
german,lightgbm,87,num_dependents,relative_minus_5,-0.05,1.0,1.05,0.6076387501320122,0.6076387501320122,0.0,0.0,1,1,0,-1
german,lightgbm,88,num_dependents,relative_minus_5,-0.05,1.0,1.05,0.0010791611127486252,0.0010791611127486252,0.0,0.0,0,0,0,-1
german,lightgbm,89,num_dependents,relative_minus_5,-0.05,1.0,1.05,0.742624474994036,0.742624474994036,0.0,0.0,1,1,0,-1
german,lightgbm,90,num_dependents,relative_minus_5,-0.05,1.0,1.05,0.7861995616942514,0.7861995616942514,0.0,0.0,1,1,0,-1
german,lightgbm,91,num_dependents,relative_minus_5,-0.05,1.0,1.05,0.4725044710209194,0.4725044710209194,0.0,0.0,0,0,0,-1
german,lightgbm,92,num_dependents,relative_minus_5,-0.05,1.0,1.05,0.5387828783155257,0.5387828783155257,0.0,0.0,1,1,0,-1
german,lightgbm,93,num_dependents,relative_minus_5,-0.05,1.0,1.05,0.595542444670801,0.595542444670801,0.0,0.0,1,1,0,-1
german,lightgbm,94,num_dependents,relative_minus_5,-0.05,1.0,1.05,0.007938278878830486,0.007938278878830486,0.0,0.0,0,0,0,-1
german,lightgbm,95,num_dependents,relative_minus_5,-0.05,1.0,1.05,0.05798365229948388,0.05798365229948388,0.0,0.0,0,0,0,-1
german,lightgbm,96,num_dependents,relative_minus_5,-0.05,1.0,1.05,0.5786519101275599,0.5786519101275599,0.0,0.0,1,1,0,-1
german,lightgbm,97,num_dependents,relative_minus_5,-0.05,2.0,2.1,0.1637333359008902,0.1637333359008902,0.0,0.0,0,0,0,-1
german,lightgbm,98,num_dependents,relative_minus_5,-0.05,1.0,1.05,0.7094753427844519,0.7094753427844519,0.0,0.0,1,1,0,-1
german,lightgbm,99,num_dependents,relative_minus_5,-0.05,1.0,1.05,0.0021652605170008033,0.0021652605170008033,0.0,0.0,0,0,0,-1
german,lightgbm,0,num_dependents,relative_plus_5,0.05,1.0,1.05,0.3906285256737892,0.3906285256737892,0.0,0.0,0,0,0,-1
german,lightgbm,1,num_dependents,relative_plus_5,0.05,1.0,1.05,0.239865701726269,0.239865701726269,0.0,0.0,0,0,0,-1
german,lightgbm,2,num_dependents,relative_plus_5,0.05,1.0,1.05,0.061421238781333064,0.061421238781333064,0.0,0.0,0,0,0,-1
german,lightgbm,3,num_dependents,relative_plus_5,0.05,1.0,1.05,0.06199636354725938,0.06199636354725938,0.0,0.0,0,0,0,-1
german,lightgbm,4,num_dependents,relative_plus_5,0.05,2.0,2.1,0.000778019771551934,0.000778019771551934,0.0,0.0,0,0,0,-1
german,lightgbm,5,num_dependents,relative_plus_5,0.05,1.0,1.05,0.0127552116532506,0.0127552116532506,0.0,0.0,0,0,0,-1
german,lightgbm,6,num_dependents,relative_plus_5,0.05,1.0,1.05,0.0015875374622949037,0.0015875374622949037,0.0,0.0,0,0,0,-1
german,lightgbm,7,num_dependents,relative_plus_5,0.05,1.0,1.05,0.10095917931946011,0.10095917931946011,0.0,0.0,0,0,0,-1
german,lightgbm,8,num_dependents,relative_plus_5,0.05,1.0,1.05,0.019686942909276986,0.019686942909276986,0.0,0.0,0,0,0,-1
german,lightgbm,9,num_dependents,relative_plus_5,0.05,1.0,1.05,0.8815646011543224,0.8815646011543224,0.0,0.0,1,1,0,-1
german,lightgbm,10,num_dependents,relative_plus_5,0.05,1.0,1.05,0.6231673856151776,0.6231673856151776,0.0,0.0,1,1,0,-1
german,lightgbm,11,num_dependents,relative_plus_5,0.05,1.0,1.05,0.5819234725438788,0.5819234725438788,0.0,0.0,1,1,0,-1
german,lightgbm,12,num_dependents,relative_plus_5,0.05,1.0,1.05,0.016381379372910523,0.016381379372910523,0.0,0.0,0,0,0,-1
german,lightgbm,13,num_dependents,relative_plus_5,0.05,1.0,1.05,0.15698660361202765,0.15698660361202765,0.0,0.0,0,0,0,-1
german,lightgbm,14,num_dependents,relative_plus_5,0.05,2.0,2.1,0.06001081215992454,0.06001081215992454,0.0,0.0,0,0,0,-1
german,lightgbm,15,num_dependents,relative_plus_5,0.05,1.0,1.05,0.34466443332437136,0.34466443332437136,0.0,0.0,0,0,0,-1
german,lightgbm,16,num_dependents,relative_plus_5,0.05,2.0,2.1,0.0013520297228720205,0.0013520297228720205,0.0,0.0,0,0,0,-1
german,lightgbm,17,num_dependents,relative_plus_5,0.05,1.0,1.05,0.925921763327486,0.925921763327486,0.0,0.0,1,1,0,-1
german,lightgbm,18,num_dependents,relative_plus_5,0.05,1.0,1.05,0.05210815660012766,0.05210815660012766,0.0,0.0,0,0,0,-1
german,lightgbm,19,num_dependents,relative_plus_5,0.05,1.0,1.05,0.9431976521725624,0.9431976521725624,0.0,0.0,1,1,0,-1
german,lightgbm,20,num_dependents,relative_plus_5,0.05,2.0,2.1,0.1652310311335665,0.1652310311335665,0.0,0.0,0,0,0,-1
german,lightgbm,21,num_dependents,relative_plus_5,0.05,2.0,2.1,0.04087693346542949,0.04087693346542949,0.0,0.0,0,0,0,-1
german,lightgbm,22,num_dependents,relative_plus_5,0.05,1.0,1.05,0.06721612707097044,0.06721612707097044,0.0,0.0,0,0,0,-1
german,lightgbm,23,num_dependents,relative_plus_5,0.05,1.0,1.05,0.8427293510043804,0.8427293510043804,0.0,0.0,1,1,0,-1
german,lightgbm,24,num_dependents,relative_plus_5,0.05,1.0,1.05,0.7997434553378628,0.7997434553378628,0.0,0.0,1,1,0,-1
german,lightgbm,25,num_dependents,relative_plus_5,0.05,1.0,1.05,0.4667371539312502,0.4667371539312502,0.0,0.0,0,0,0,-1
german,lightgbm,26,num_dependents,relative_plus_5,0.05,1.0,1.05,0.2090941121178558,0.2090941121178558,0.0,0.0,0,0,0,-1
german,lightgbm,27,num_dependents,relative_plus_5,0.05,1.0,1.05,0.45947633223517137,0.45947633223517137,0.0,0.0,0,0,0,-1
german,lightgbm,28,num_dependents,relative_plus_5,0.05,1.0,1.05,0.003740671773448724,0.003740671773448724,0.0,0.0,0,0,0,-1
german,lightgbm,29,num_dependents,relative_plus_5,0.05,1.0,1.05,0.44175540704147304,0.44175540704147304,0.0,0.0,0,0,0,-1
german,lightgbm,30,num_dependents,relative_plus_5,0.05,1.0,1.05,0.36163582701893,0.36163582701893,0.0,0.0,0,0,0,-1
german,lightgbm,31,num_dependents,relative_plus_5,0.05,1.0,1.05,0.34959479263019255,0.34959479263019255,0.0,0.0,0,0,0,-1
german,lightgbm,32,num_dependents,relative_plus_5,0.05,1.0,1.05,0.027101650147053884,0.027101650147053884,0.0,0.0,0,0,0,-1
german,lightgbm,33,num_dependents,relative_plus_5,0.05,1.0,1.05,0.0284420531071389,0.0284420531071389,0.0,0.0,0,0,0,-1
german,lightgbm,34,num_dependents,relative_plus_5,0.05,2.0,2.1,0.7949814871873333,0.7949814871873333,0.0,0.0,1,1,0,-1
german,lightgbm,35,num_dependents,relative_plus_5,0.05,1.0,1.05,0.5095935653238034,0.5095935653238034,0.0,0.0,1,1,0,-1
german,lightgbm,36,num_dependents,relative_plus_5,0.05,1.0,1.05,0.7254708576063886,0.7254708576063886,0.0,0.0,1,1,0,-1
german,lightgbm,37,num_dependents,relative_plus_5,0.05,1.0,1.05,0.1180789524031287,0.1180789524031287,0.0,0.0,0,0,0,-1
german,lightgbm,38,num_dependents,relative_plus_5,0.05,1.0,1.05,0.4095659707951472,0.4095659707951472,0.0,0.0,0,0,0,-1
german,lightgbm,39,num_dependents,relative_plus_5,0.05,1.0,1.05,0.018957526512300097,0.018957526512300097,0.0,0.0,0,0,0,-1
german,lightgbm,40,num_dependents,relative_plus_5,0.05,1.0,1.05,0.5387102777430276,0.5387102777430276,0.0,0.0,1,1,0,-1
german,lightgbm,41,num_dependents,relative_plus_5,0.05,2.0,2.1,0.2852989110737803,0.2852989110737803,0.0,0.0,0,0,0,-1
german,lightgbm,42,num_dependents,relative_plus_5,0.05,1.0,1.05,0.8199191131790665,0.8199191131790665,0.0,0.0,1,1,0,-1
german,lightgbm,43,num_dependents,relative_plus_5,0.05,1.0,1.05,0.9309460410455855,0.9309460410455855,0.0,0.0,1,1,0,-1
german,lightgbm,44,num_dependents,relative_plus_5,0.05,2.0,2.1,0.5665947846895176,0.5665947846895176,0.0,0.0,1,1,0,-1
german,lightgbm,45,num_dependents,relative_plus_5,0.05,1.0,1.05,0.2447713790571778,0.2447713790571778,0.0,0.0,0,0,0,-1
german,lightgbm,46,num_dependents,relative_plus_5,0.05,1.0,1.05,0.010856344450514104,0.010856344450514104,0.0,0.0,0,0,0,-1
german,lightgbm,47,num_dependents,relative_plus_5,0.05,1.0,1.05,0.10565369098051447,0.10565369098051447,0.0,0.0,0,0,0,-1
german,lightgbm,48,num_dependents,relative_plus_5,0.05,1.0,1.05,0.0077234696716923824,0.0077234696716923824,0.0,0.0,0,0,0,-1
german,lightgbm,49,num_dependents,relative_plus_5,0.05,1.0,1.05,0.37766608391954276,0.37766608391954276,0.0,0.0,0,0,0,-1
german,lightgbm,50,num_dependents,relative_plus_5,0.05,1.0,1.05,0.10754456996147924,0.10754456996147924,0.0,0.0,0,0,0,-1
german,lightgbm,51,num_dependents,relative_plus_5,0.05,2.0,2.1,0.20045288792019303,0.20045288792019303,0.0,0.0,0,0,0,-1
german,lightgbm,52,num_dependents,relative_plus_5,0.05,1.0,1.05,0.2232390849422753,0.2232390849422753,0.0,0.0,0,0,0,-1
german,lightgbm,53,num_dependents,relative_plus_5,0.05,1.0,1.05,0.08263946571053118,0.08263946571053118,0.0,0.0,0,0,0,-1
german,lightgbm,54,num_dependents,relative_plus_5,0.05,1.0,1.05,0.7751983503992061,0.7751983503992061,0.0,0.0,1,1,0,-1
german,lightgbm,55,num_dependents,relative_plus_5,0.05,1.0,1.05,0.2709041232151986,0.2709041232151986,0.0,0.0,0,0,0,-1
german,lightgbm,56,num_dependents,relative_plus_5,0.05,1.0,1.05,0.8949846835423396,0.8949846835423396,0.0,0.0,1,1,0,-1
german,lightgbm,57,num_dependents,relative_plus_5,0.05,1.0,1.05,0.19895661481991747,0.19895661481991747,0.0,0.0,0,0,0,-1
german,lightgbm,58,num_dependents,relative_plus_5,0.05,1.0,1.05,0.19686220446311817,0.19686220446311817,0.0,0.0,0,0,0,-1
german,lightgbm,59,num_dependents,relative_plus_5,0.05,1.0,1.05,0.6556463130368732,0.6556463130368732,0.0,0.0,1,1,0,-1
german,lightgbm,60,num_dependents,relative_plus_5,0.05,1.0,1.05,0.1494642794145739,0.1494642794145739,0.0,0.0,0,0,0,-1
german,lightgbm,61,num_dependents,relative_plus_5,0.05,1.0,1.05,0.07395817947549249,0.07395817947549249,0.0,0.0,0,0,0,-1
german,lightgbm,62,num_dependents,relative_plus_5,0.05,1.0,1.05,0.7910063234667474,0.7910063234667474,0.0,0.0,1,1,0,-1
german,lightgbm,63,num_dependents,relative_plus_5,0.05,1.0,1.05,0.46215650717795514,0.46215650717795514,0.0,0.0,0,0,0,-1
german,lightgbm,64,num_dependents,relative_plus_5,0.05,1.0,1.05,0.8565251969688404,0.8565251969688404,0.0,0.0,1,1,0,-1
german,lightgbm,65,num_dependents,relative_plus_5,0.05,1.0,1.05,0.17328838568870306,0.17328838568870306,0.0,0.0,0,0,0,-1
german,lightgbm,66,num_dependents,relative_plus_5,0.05,2.0,2.1,0.2073789273550252,0.2073789273550252,0.0,0.0,0,0,0,-1
german,lightgbm,67,num_dependents,relative_plus_5,0.05,1.0,1.05,0.9222025230520857,0.9222025230520857,0.0,0.0,1,1,0,-1
german,lightgbm,68,num_dependents,relative_plus_5,0.05,2.0,2.1,0.36554189730904146,0.36554189730904146,0.0,0.0,0,0,0,-1
german,lightgbm,69,num_dependents,relative_plus_5,0.05,1.0,1.05,0.5551759772046333,0.5551759772046333,0.0,0.0,1,1,0,-1
german,lightgbm,70,num_dependents,relative_plus_5,0.05,1.0,1.05,0.8060668534560961,0.8060668534560961,0.0,0.0,1,1,0,-1
german,lightgbm,71,num_dependents,relative_plus_5,0.05,2.0,2.1,0.00979720703639709,0.00979720703639709,0.0,0.0,0,0,0,-1
german,lightgbm,72,num_dependents,relative_plus_5,0.05,2.0,2.1,0.16440951309080398,0.16440951309080398,0.0,0.0,0,0,0,-1
german,lightgbm,73,num_dependents,relative_plus_5,0.05,1.0,1.05,0.0701512066146692,0.0701512066146692,0.0,0.0,0,0,0,-1
german,lightgbm,74,num_dependents,relative_plus_5,0.05,1.0,1.05,0.20089675448649513,0.20089675448649513,0.0,0.0,0,0,0,-1
german,lightgbm,75,num_dependents,relative_plus_5,0.05,1.0,1.05,0.5222806196725559,0.5222806196725559,0.0,0.0,1,1,0,-1
german,lightgbm,76,num_dependents,relative_plus_5,0.05,1.0,1.05,0.232539774434109,0.232539774434109,0.0,0.0,0,0,0,-1
german,lightgbm,77,num_dependents,relative_plus_5,0.05,1.0,1.05,0.7296014495994664,0.7296014495994664,0.0,0.0,1,1,0,-1
german,lightgbm,78,num_dependents,relative_plus_5,0.05,1.0,1.05,0.05233574686089174,0.05233574686089174,0.0,0.0,0,0,0,-1
german,lightgbm,79,num_dependents,relative_plus_5,0.05,1.0,1.05,0.8523601968533747,0.8523601968533747,0.0,0.0,1,1,0,-1
german,lightgbm,80,num_dependents,relative_plus_5,0.05,1.0,1.05,0.24724091491319555,0.24724091491319555,0.0,0.0,0,0,0,-1
german,lightgbm,81,num_dependents,relative_plus_5,0.05,2.0,2.1,0.052062520477255576,0.052062520477255576,0.0,0.0,0,0,0,-1
german,lightgbm,82,num_dependents,relative_plus_5,0.05,1.0,1.05,0.39190331104024756,0.39190331104024756,0.0,0.0,0,0,0,-1
german,lightgbm,83,num_dependents,relative_plus_5,0.05,2.0,2.1,0.4694418067846172,0.4694418067846172,0.0,0.0,0,0,0,-1
german,lightgbm,84,num_dependents,relative_plus_5,0.05,1.0,1.05,0.1739683108218602,0.1739683108218602,0.0,0.0,0,0,0,-1
german,lightgbm,85,num_dependents,relative_plus_5,0.05,2.0,2.1,0.004521489614918298,0.004521489614918298,0.0,0.0,0,0,0,-1
german,lightgbm,86,num_dependents,relative_plus_5,0.05,1.0,1.05,0.026602380126023603,0.026602380126023603,0.0,0.0,0,0,0,-1
german,lightgbm,87,num_dependents,relative_plus_5,0.05,1.0,1.05,0.6076387501320122,0.6076387501320122,0.0,0.0,1,1,0,-1
german,lightgbm,88,num_dependents,relative_plus_5,0.05,1.0,1.05,0.0010791611127486252,0.0010791611127486252,0.0,0.0,0,0,0,-1
german,lightgbm,89,num_dependents,relative_plus_5,0.05,1.0,1.05,0.742624474994036,0.742624474994036,0.0,0.0,1,1,0,-1
german,lightgbm,90,num_dependents,relative_plus_5,0.05,1.0,1.05,0.7861995616942514,0.7861995616942514,0.0,0.0,1,1,0,-1
german,lightgbm,91,num_dependents,relative_plus_5,0.05,1.0,1.05,0.4725044710209194,0.4725044710209194,0.0,0.0,0,0,0,-1
german,lightgbm,92,num_dependents,relative_plus_5,0.05,1.0,1.05,0.5387828783155257,0.5387828783155257,0.0,0.0,1,1,0,-1
german,lightgbm,93,num_dependents,relative_plus_5,0.05,1.0,1.05,0.595542444670801,0.595542444670801,0.0,0.0,1,1,0,-1
german,lightgbm,94,num_dependents,relative_plus_5,0.05,1.0,1.05,0.007938278878830486,0.007938278878830486,0.0,0.0,0,0,0,-1
german,lightgbm,95,num_dependents,relative_plus_5,0.05,1.0,1.05,0.05798365229948388,0.05798365229948388,0.0,0.0,0,0,0,-1
german,lightgbm,96,num_dependents,relative_plus_5,0.05,1.0,1.05,0.5786519101275599,0.5786519101275599,0.0,0.0,1,1,0,-1
german,lightgbm,97,num_dependents,relative_plus_5,0.05,2.0,2.1,0.1637333359008902,0.1637333359008902,0.0,0.0,0,0,0,-1
german,lightgbm,98,num_dependents,relative_plus_5,0.05,1.0,1.05,0.7094753427844519,0.7094753427844519,0.0,0.0,1,1,0,-1
german,lightgbm,99,num_dependents,relative_plus_5,0.05,1.0,1.05,0.0021652605170008033,0.0021652605170008033,0.0,0.0,0,0,0,-1
german,lightgbm,0,num_dependents,relative_minus_10,-0.1,1.0,1.1,0.3906285256737892,0.3906285256737892,0.0,0.0,0,0,0,-1
german,lightgbm,1,num_dependents,relative_minus_10,-0.1,1.0,1.1,0.239865701726269,0.239865701726269,0.0,0.0,0,0,0,-1
german,lightgbm,2,num_dependents,relative_minus_10,-0.1,1.0,1.1,0.061421238781333064,0.061421238781333064,0.0,0.0,0,0,0,-1
german,lightgbm,3,num_dependents,relative_minus_10,-0.1,1.0,1.1,0.06199636354725938,0.06199636354725938,0.0,0.0,0,0,0,-1
german,lightgbm,4,num_dependents,relative_minus_10,-0.1,2.0,2.2,0.000778019771551934,0.000778019771551934,0.0,0.0,0,0,0,-1
german,lightgbm,5,num_dependents,relative_minus_10,-0.1,1.0,1.1,0.0127552116532506,0.0127552116532506,0.0,0.0,0,0,0,-1
german,lightgbm,6,num_dependents,relative_minus_10,-0.1,1.0,1.1,0.0015875374622949037,0.0015875374622949037,0.0,0.0,0,0,0,-1
german,lightgbm,7,num_dependents,relative_minus_10,-0.1,1.0,1.1,0.10095917931946011,0.10095917931946011,0.0,0.0,0,0,0,-1
german,lightgbm,8,num_dependents,relative_minus_10,-0.1,1.0,1.1,0.019686942909276986,0.019686942909276986,0.0,0.0,0,0,0,-1
german,lightgbm,9,num_dependents,relative_minus_10,-0.1,1.0,1.1,0.8815646011543224,0.8815646011543224,0.0,0.0,1,1,0,-1
german,lightgbm,10,num_dependents,relative_minus_10,-0.1,1.0,1.1,0.6231673856151776,0.6231673856151776,0.0,0.0,1,1,0,-1
german,lightgbm,11,num_dependents,relative_minus_10,-0.1,1.0,1.1,0.5819234725438788,0.5819234725438788,0.0,0.0,1,1,0,-1
german,lightgbm,12,num_dependents,relative_minus_10,-0.1,1.0,1.1,0.016381379372910523,0.016381379372910523,0.0,0.0,0,0,0,-1
german,lightgbm,13,num_dependents,relative_minus_10,-0.1,1.0,1.1,0.15698660361202765,0.15698660361202765,0.0,0.0,0,0,0,-1
german,lightgbm,14,num_dependents,relative_minus_10,-0.1,2.0,2.2,0.06001081215992454,0.06001081215992454,0.0,0.0,0,0,0,-1
german,lightgbm,15,num_dependents,relative_minus_10,-0.1,1.0,1.1,0.34466443332437136,0.34466443332437136,0.0,0.0,0,0,0,-1
german,lightgbm,16,num_dependents,relative_minus_10,-0.1,2.0,2.2,0.0013520297228720205,0.0013520297228720205,0.0,0.0,0,0,0,-1
german,lightgbm,17,num_dependents,relative_minus_10,-0.1,1.0,1.1,0.925921763327486,0.925921763327486,0.0,0.0,1,1,0,-1
german,lightgbm,18,num_dependents,relative_minus_10,-0.1,1.0,1.1,0.05210815660012766,0.05210815660012766,0.0,0.0,0,0,0,-1
german,lightgbm,19,num_dependents,relative_minus_10,-0.1,1.0,1.1,0.9431976521725624,0.9431976521725624,0.0,0.0,1,1,0,-1
german,lightgbm,20,num_dependents,relative_minus_10,-0.1,2.0,2.2,0.1652310311335665,0.1652310311335665,0.0,0.0,0,0,0,-1
german,lightgbm,21,num_dependents,relative_minus_10,-0.1,2.0,2.2,0.04087693346542949,0.04087693346542949,0.0,0.0,0,0,0,-1
german,lightgbm,22,num_dependents,relative_minus_10,-0.1,1.0,1.1,0.06721612707097044,0.06721612707097044,0.0,0.0,0,0,0,-1
german,lightgbm,23,num_dependents,relative_minus_10,-0.1,1.0,1.1,0.8427293510043804,0.8427293510043804,0.0,0.0,1,1,0,-1
german,lightgbm,24,num_dependents,relative_minus_10,-0.1,1.0,1.1,0.7997434553378628,0.7997434553378628,0.0,0.0,1,1,0,-1
german,lightgbm,25,num_dependents,relative_minus_10,-0.1,1.0,1.1,0.4667371539312502,0.4667371539312502,0.0,0.0,0,0,0,-1
german,lightgbm,26,num_dependents,relative_minus_10,-0.1,1.0,1.1,0.2090941121178558,0.2090941121178558,0.0,0.0,0,0,0,-1
german,lightgbm,27,num_dependents,relative_minus_10,-0.1,1.0,1.1,0.45947633223517137,0.45947633223517137,0.0,0.0,0,0,0,-1
german,lightgbm,28,num_dependents,relative_minus_10,-0.1,1.0,1.1,0.003740671773448724,0.003740671773448724,0.0,0.0,0,0,0,-1
german,lightgbm,29,num_dependents,relative_minus_10,-0.1,1.0,1.1,0.44175540704147304,0.44175540704147304,0.0,0.0,0,0,0,-1
german,lightgbm,30,num_dependents,relative_minus_10,-0.1,1.0,1.1,0.36163582701893,0.36163582701893,0.0,0.0,0,0,0,-1
german,lightgbm,31,num_dependents,relative_minus_10,-0.1,1.0,1.1,0.34959479263019255,0.34959479263019255,0.0,0.0,0,0,0,-1
german,lightgbm,32,num_dependents,relative_minus_10,-0.1,1.0,1.1,0.027101650147053884,0.027101650147053884,0.0,0.0,0,0,0,-1
german,lightgbm,33,num_dependents,relative_minus_10,-0.1,1.0,1.1,0.0284420531071389,0.0284420531071389,0.0,0.0,0,0,0,-1
german,lightgbm,34,num_dependents,relative_minus_10,-0.1,2.0,2.2,0.7949814871873333,0.7949814871873333,0.0,0.0,1,1,0,-1
german,lightgbm,35,num_dependents,relative_minus_10,-0.1,1.0,1.1,0.5095935653238034,0.5095935653238034,0.0,0.0,1,1,0,-1
german,lightgbm,36,num_dependents,relative_minus_10,-0.1,1.0,1.1,0.7254708576063886,0.7254708576063886,0.0,0.0,1,1,0,-1
german,lightgbm,37,num_dependents,relative_minus_10,-0.1,1.0,1.1,0.1180789524031287,0.1180789524031287,0.0,0.0,0,0,0,-1
german,lightgbm,38,num_dependents,relative_minus_10,-0.1,1.0,1.1,0.4095659707951472,0.4095659707951472,0.0,0.0,0,0,0,-1
german,lightgbm,39,num_dependents,relative_minus_10,-0.1,1.0,1.1,0.018957526512300097,0.018957526512300097,0.0,0.0,0,0,0,-1
german,lightgbm,40,num_dependents,relative_minus_10,-0.1,1.0,1.1,0.5387102777430276,0.5387102777430276,0.0,0.0,1,1,0,-1
german,lightgbm,41,num_dependents,relative_minus_10,-0.1,2.0,2.2,0.2852989110737803,0.2852989110737803,0.0,0.0,0,0,0,-1
german,lightgbm,42,num_dependents,relative_minus_10,-0.1,1.0,1.1,0.8199191131790665,0.8199191131790665,0.0,0.0,1,1,0,-1
german,lightgbm,43,num_dependents,relative_minus_10,-0.1,1.0,1.1,0.9309460410455855,0.9309460410455855,0.0,0.0,1,1,0,-1
german,lightgbm,44,num_dependents,relative_minus_10,-0.1,2.0,2.2,0.5665947846895176,0.5665947846895176,0.0,0.0,1,1,0,-1
german,lightgbm,45,num_dependents,relative_minus_10,-0.1,1.0,1.1,0.2447713790571778,0.2447713790571778,0.0,0.0,0,0,0,-1
german,lightgbm,46,num_dependents,relative_minus_10,-0.1,1.0,1.1,0.010856344450514104,0.010856344450514104,0.0,0.0,0,0,0,-1
german,lightgbm,47,num_dependents,relative_minus_10,-0.1,1.0,1.1,0.10565369098051447,0.10565369098051447,0.0,0.0,0,0,0,-1
german,lightgbm,48,num_dependents,relative_minus_10,-0.1,1.0,1.1,0.0077234696716923824,0.0077234696716923824,0.0,0.0,0,0,0,-1
german,lightgbm,49,num_dependents,relative_minus_10,-0.1,1.0,1.1,0.37766608391954276,0.37766608391954276,0.0,0.0,0,0,0,-1
german,lightgbm,50,num_dependents,relative_minus_10,-0.1,1.0,1.1,0.10754456996147924,0.10754456996147924,0.0,0.0,0,0,0,-1
german,lightgbm,51,num_dependents,relative_minus_10,-0.1,2.0,2.2,0.20045288792019303,0.20045288792019303,0.0,0.0,0,0,0,-1
german,lightgbm,52,num_dependents,relative_minus_10,-0.1,1.0,1.1,0.2232390849422753,0.2232390849422753,0.0,0.0,0,0,0,-1
german,lightgbm,53,num_dependents,relative_minus_10,-0.1,1.0,1.1,0.08263946571053118,0.08263946571053118,0.0,0.0,0,0,0,-1
german,lightgbm,54,num_dependents,relative_minus_10,-0.1,1.0,1.1,0.7751983503992061,0.7751983503992061,0.0,0.0,1,1,0,-1
german,lightgbm,55,num_dependents,relative_minus_10,-0.1,1.0,1.1,0.2709041232151986,0.2709041232151986,0.0,0.0,0,0,0,-1
german,lightgbm,56,num_dependents,relative_minus_10,-0.1,1.0,1.1,0.8949846835423396,0.8949846835423396,0.0,0.0,1,1,0,-1
german,lightgbm,57,num_dependents,relative_minus_10,-0.1,1.0,1.1,0.19895661481991747,0.19895661481991747,0.0,0.0,0,0,0,-1
german,lightgbm,58,num_dependents,relative_minus_10,-0.1,1.0,1.1,0.19686220446311817,0.19686220446311817,0.0,0.0,0,0,0,-1
german,lightgbm,59,num_dependents,relative_minus_10,-0.1,1.0,1.1,0.6556463130368732,0.6556463130368732,0.0,0.0,1,1,0,-1
german,lightgbm,60,num_dependents,relative_minus_10,-0.1,1.0,1.1,0.1494642794145739,0.1494642794145739,0.0,0.0,0,0,0,-1
german,lightgbm,61,num_dependents,relative_minus_10,-0.1,1.0,1.1,0.07395817947549249,0.07395817947549249,0.0,0.0,0,0,0,-1
german,lightgbm,62,num_dependents,relative_minus_10,-0.1,1.0,1.1,0.7910063234667474,0.7910063234667474,0.0,0.0,1,1,0,-1
german,lightgbm,63,num_dependents,relative_minus_10,-0.1,1.0,1.1,0.46215650717795514,0.46215650717795514,0.0,0.0,0,0,0,-1
german,lightgbm,64,num_dependents,relative_minus_10,-0.1,1.0,1.1,0.8565251969688404,0.8565251969688404,0.0,0.0,1,1,0,-1
german,lightgbm,65,num_dependents,relative_minus_10,-0.1,1.0,1.1,0.17328838568870306,0.17328838568870306,0.0,0.0,0,0,0,-1
german,lightgbm,66,num_dependents,relative_minus_10,-0.1,2.0,2.2,0.2073789273550252,0.2073789273550252,0.0,0.0,0,0,0,-1
german,lightgbm,67,num_dependents,relative_minus_10,-0.1,1.0,1.1,0.9222025230520857,0.9222025230520857,0.0,0.0,1,1,0,-1
german,lightgbm,68,num_dependents,relative_minus_10,-0.1,2.0,2.2,0.36554189730904146,0.36554189730904146,0.0,0.0,0,0,0,-1
german,lightgbm,69,num_dependents,relative_minus_10,-0.1,1.0,1.1,0.5551759772046333,0.5551759772046333,0.0,0.0,1,1,0,-1
german,lightgbm,70,num_dependents,relative_minus_10,-0.1,1.0,1.1,0.8060668534560961,0.8060668534560961,0.0,0.0,1,1,0,-1
german,lightgbm,71,num_dependents,relative_minus_10,-0.1,2.0,2.2,0.00979720703639709,0.00979720703639709,0.0,0.0,0,0,0,-1
german,lightgbm,72,num_dependents,relative_minus_10,-0.1,2.0,2.2,0.16440951309080398,0.16440951309080398,0.0,0.0,0,0,0,-1
german,lightgbm,73,num_dependents,relative_minus_10,-0.1,1.0,1.1,0.0701512066146692,0.0701512066146692,0.0,0.0,0,0,0,-1
german,lightgbm,74,num_dependents,relative_minus_10,-0.1,1.0,1.1,0.20089675448649513,0.20089675448649513,0.0,0.0,0,0,0,-1
german,lightgbm,75,num_dependents,relative_minus_10,-0.1,1.0,1.1,0.5222806196725559,0.5222806196725559,0.0,0.0,1,1,0,-1
german,lightgbm,76,num_dependents,relative_minus_10,-0.1,1.0,1.1,0.232539774434109,0.232539774434109,0.0,0.0,0,0,0,-1
german,lightgbm,77,num_dependents,relative_minus_10,-0.1,1.0,1.1,0.7296014495994664,0.7296014495994664,0.0,0.0,1,1,0,-1
german,lightgbm,78,num_dependents,relative_minus_10,-0.1,1.0,1.1,0.05233574686089174,0.05233574686089174,0.0,0.0,0,0,0,-1
german,lightgbm,79,num_dependents,relative_minus_10,-0.1,1.0,1.1,0.8523601968533747,0.8523601968533747,0.0,0.0,1,1,0,-1
german,lightgbm,80,num_dependents,relative_minus_10,-0.1,1.0,1.1,0.24724091491319555,0.24724091491319555,0.0,0.0,0,0,0,-1
german,lightgbm,81,num_dependents,relative_minus_10,-0.1,2.0,2.2,0.052062520477255576,0.052062520477255576,0.0,0.0,0,0,0,-1
german,lightgbm,82,num_dependents,relative_minus_10,-0.1,1.0,1.1,0.39190331104024756,0.39190331104024756,0.0,0.0,0,0,0,-1
german,lightgbm,83,num_dependents,relative_minus_10,-0.1,2.0,2.2,0.4694418067846172,0.4694418067846172,0.0,0.0,0,0,0,-1
german,lightgbm,84,num_dependents,relative_minus_10,-0.1,1.0,1.1,0.1739683108218602,0.1739683108218602,0.0,0.0,0,0,0,-1
german,lightgbm,85,num_dependents,relative_minus_10,-0.1,2.0,2.2,0.004521489614918298,0.004521489614918298,0.0,0.0,0,0,0,-1
german,lightgbm,86,num_dependents,relative_minus_10,-0.1,1.0,1.1,0.026602380126023603,0.026602380126023603,0.0,0.0,0,0,0,-1
german,lightgbm,87,num_dependents,relative_minus_10,-0.1,1.0,1.1,0.6076387501320122,0.6076387501320122,0.0,0.0,1,1,0,-1
german,lightgbm,88,num_dependents,relative_minus_10,-0.1,1.0,1.1,0.0010791611127486252,0.0010791611127486252,0.0,0.0,0,0,0,-1
german,lightgbm,89,num_dependents,relative_minus_10,-0.1,1.0,1.1,0.742624474994036,0.742624474994036,0.0,0.0,1,1,0,-1
german,lightgbm,90,num_dependents,relative_minus_10,-0.1,1.0,1.1,0.7861995616942514,0.7861995616942514,0.0,0.0,1,1,0,-1
german,lightgbm,91,num_dependents,relative_minus_10,-0.1,1.0,1.1,0.4725044710209194,0.4725044710209194,0.0,0.0,0,0,0,-1
german,lightgbm,92,num_dependents,relative_minus_10,-0.1,1.0,1.1,0.5387828783155257,0.5387828783155257,0.0,0.0,1,1,0,-1
german,lightgbm,93,num_dependents,relative_minus_10,-0.1,1.0,1.1,0.595542444670801,0.595542444670801,0.0,0.0,1,1,0,-1
german,lightgbm,94,num_dependents,relative_minus_10,-0.1,1.0,1.1,0.007938278878830486,0.007938278878830486,0.0,0.0,0,0,0,-1
german,lightgbm,95,num_dependents,relative_minus_10,-0.1,1.0,1.1,0.05798365229948388,0.05798365229948388,0.0,0.0,0,0,0,-1
german,lightgbm,96,num_dependents,relative_minus_10,-0.1,1.0,1.1,0.5786519101275599,0.5786519101275599,0.0,0.0,1,1,0,-1
german,lightgbm,97,num_dependents,relative_minus_10,-0.1,2.0,2.2,0.1637333359008902,0.1637333359008902,0.0,0.0,0,0,0,-1
german,lightgbm,98,num_dependents,relative_minus_10,-0.1,1.0,1.1,0.7094753427844519,0.7094753427844519,0.0,0.0,1,1,0,-1
german,lightgbm,99,num_dependents,relative_minus_10,-0.1,1.0,1.1,0.0021652605170008033,0.0021652605170008033,0.0,0.0,0,0,0,-1
german,lightgbm,0,num_dependents,relative_plus_10,0.1,1.0,1.1,0.3906285256737892,0.3906285256737892,0.0,0.0,0,0,0,-1
german,lightgbm,1,num_dependents,relative_plus_10,0.1,1.0,1.1,0.239865701726269,0.239865701726269,0.0,0.0,0,0,0,-1
german,lightgbm,2,num_dependents,relative_plus_10,0.1,1.0,1.1,0.061421238781333064,0.061421238781333064,0.0,0.0,0,0,0,-1
german,lightgbm,3,num_dependents,relative_plus_10,0.1,1.0,1.1,0.06199636354725938,0.06199636354725938,0.0,0.0,0,0,0,-1
german,lightgbm,4,num_dependents,relative_plus_10,0.1,2.0,2.2,0.000778019771551934,0.000778019771551934,0.0,0.0,0,0,0,-1
german,lightgbm,5,num_dependents,relative_plus_10,0.1,1.0,1.1,0.0127552116532506,0.0127552116532506,0.0,0.0,0,0,0,-1
german,lightgbm,6,num_dependents,relative_plus_10,0.1,1.0,1.1,0.0015875374622949037,0.0015875374622949037,0.0,0.0,0,0,0,-1
german,lightgbm,7,num_dependents,relative_plus_10,0.1,1.0,1.1,0.10095917931946011,0.10095917931946011,0.0,0.0,0,0,0,-1
german,lightgbm,8,num_dependents,relative_plus_10,0.1,1.0,1.1,0.019686942909276986,0.019686942909276986,0.0,0.0,0,0,0,-1
german,lightgbm,9,num_dependents,relative_plus_10,0.1,1.0,1.1,0.8815646011543224,0.8815646011543224,0.0,0.0,1,1,0,-1
german,lightgbm,10,num_dependents,relative_plus_10,0.1,1.0,1.1,0.6231673856151776,0.6231673856151776,0.0,0.0,1,1,0,-1
german,lightgbm,11,num_dependents,relative_plus_10,0.1,1.0,1.1,0.5819234725438788,0.5819234725438788,0.0,0.0,1,1,0,-1
german,lightgbm,12,num_dependents,relative_plus_10,0.1,1.0,1.1,0.016381379372910523,0.016381379372910523,0.0,0.0,0,0,0,-1
german,lightgbm,13,num_dependents,relative_plus_10,0.1,1.0,1.1,0.15698660361202765,0.15698660361202765,0.0,0.0,0,0,0,-1
german,lightgbm,14,num_dependents,relative_plus_10,0.1,2.0,2.2,0.06001081215992454,0.06001081215992454,0.0,0.0,0,0,0,-1
german,lightgbm,15,num_dependents,relative_plus_10,0.1,1.0,1.1,0.34466443332437136,0.34466443332437136,0.0,0.0,0,0,0,-1
german,lightgbm,16,num_dependents,relative_plus_10,0.1,2.0,2.2,0.0013520297228720205,0.0013520297228720205,0.0,0.0,0,0,0,-1
german,lightgbm,17,num_dependents,relative_plus_10,0.1,1.0,1.1,0.925921763327486,0.925921763327486,0.0,0.0,1,1,0,-1
german,lightgbm,18,num_dependents,relative_plus_10,0.1,1.0,1.1,0.05210815660012766,0.05210815660012766,0.0,0.0,0,0,0,-1
german,lightgbm,19,num_dependents,relative_plus_10,0.1,1.0,1.1,0.9431976521725624,0.9431976521725624,0.0,0.0,1,1,0,-1
german,lightgbm,20,num_dependents,relative_plus_10,0.1,2.0,2.2,0.1652310311335665,0.1652310311335665,0.0,0.0,0,0,0,-1
german,lightgbm,21,num_dependents,relative_plus_10,0.1,2.0,2.2,0.04087693346542949,0.04087693346542949,0.0,0.0,0,0,0,-1
german,lightgbm,22,num_dependents,relative_plus_10,0.1,1.0,1.1,0.06721612707097044,0.06721612707097044,0.0,0.0,0,0,0,-1
german,lightgbm,23,num_dependents,relative_plus_10,0.1,1.0,1.1,0.8427293510043804,0.8427293510043804,0.0,0.0,1,1,0,-1
german,lightgbm,24,num_dependents,relative_plus_10,0.1,1.0,1.1,0.7997434553378628,0.7997434553378628,0.0,0.0,1,1,0,-1
german,lightgbm,25,num_dependents,relative_plus_10,0.1,1.0,1.1,0.4667371539312502,0.4667371539312502,0.0,0.0,0,0,0,-1
german,lightgbm,26,num_dependents,relative_plus_10,0.1,1.0,1.1,0.2090941121178558,0.2090941121178558,0.0,0.0,0,0,0,-1
german,lightgbm,27,num_dependents,relative_plus_10,0.1,1.0,1.1,0.45947633223517137,0.45947633223517137,0.0,0.0,0,0,0,-1
german,lightgbm,28,num_dependents,relative_plus_10,0.1,1.0,1.1,0.003740671773448724,0.003740671773448724,0.0,0.0,0,0,0,-1
german,lightgbm,29,num_dependents,relative_plus_10,0.1,1.0,1.1,0.44175540704147304,0.44175540704147304,0.0,0.0,0,0,0,-1
german,lightgbm,30,num_dependents,relative_plus_10,0.1,1.0,1.1,0.36163582701893,0.36163582701893,0.0,0.0,0,0,0,-1
german,lightgbm,31,num_dependents,relative_plus_10,0.1,1.0,1.1,0.34959479263019255,0.34959479263019255,0.0,0.0,0,0,0,-1
german,lightgbm,32,num_dependents,relative_plus_10,0.1,1.0,1.1,0.027101650147053884,0.027101650147053884,0.0,0.0,0,0,0,-1
german,lightgbm,33,num_dependents,relative_plus_10,0.1,1.0,1.1,0.0284420531071389,0.0284420531071389,0.0,0.0,0,0,0,-1
german,lightgbm,34,num_dependents,relative_plus_10,0.1,2.0,2.2,0.7949814871873333,0.7949814871873333,0.0,0.0,1,1,0,-1
german,lightgbm,35,num_dependents,relative_plus_10,0.1,1.0,1.1,0.5095935653238034,0.5095935653238034,0.0,0.0,1,1,0,-1
german,lightgbm,36,num_dependents,relative_plus_10,0.1,1.0,1.1,0.7254708576063886,0.7254708576063886,0.0,0.0,1,1,0,-1
german,lightgbm,37,num_dependents,relative_plus_10,0.1,1.0,1.1,0.1180789524031287,0.1180789524031287,0.0,0.0,0,0,0,-1
german,lightgbm,38,num_dependents,relative_plus_10,0.1,1.0,1.1,0.4095659707951472,0.4095659707951472,0.0,0.0,0,0,0,-1
german,lightgbm,39,num_dependents,relative_plus_10,0.1,1.0,1.1,0.018957526512300097,0.018957526512300097,0.0,0.0,0,0,0,-1
german,lightgbm,40,num_dependents,relative_plus_10,0.1,1.0,1.1,0.5387102777430276,0.5387102777430276,0.0,0.0,1,1,0,-1
german,lightgbm,41,num_dependents,relative_plus_10,0.1,2.0,2.2,0.2852989110737803,0.2852989110737803,0.0,0.0,0,0,0,-1
german,lightgbm,42,num_dependents,relative_plus_10,0.1,1.0,1.1,0.8199191131790665,0.8199191131790665,0.0,0.0,1,1,0,-1
german,lightgbm,43,num_dependents,relative_plus_10,0.1,1.0,1.1,0.9309460410455855,0.9309460410455855,0.0,0.0,1,1,0,-1
german,lightgbm,44,num_dependents,relative_plus_10,0.1,2.0,2.2,0.5665947846895176,0.5665947846895176,0.0,0.0,1,1,0,-1
german,lightgbm,45,num_dependents,relative_plus_10,0.1,1.0,1.1,0.2447713790571778,0.2447713790571778,0.0,0.0,0,0,0,-1
german,lightgbm,46,num_dependents,relative_plus_10,0.1,1.0,1.1,0.010856344450514104,0.010856344450514104,0.0,0.0,0,0,0,-1
german,lightgbm,47,num_dependents,relative_plus_10,0.1,1.0,1.1,0.10565369098051447,0.10565369098051447,0.0,0.0,0,0,0,-1
german,lightgbm,48,num_dependents,relative_plus_10,0.1,1.0,1.1,0.0077234696716923824,0.0077234696716923824,0.0,0.0,0,0,0,-1
german,lightgbm,49,num_dependents,relative_plus_10,0.1,1.0,1.1,0.37766608391954276,0.37766608391954276,0.0,0.0,0,0,0,-1
german,lightgbm,50,num_dependents,relative_plus_10,0.1,1.0,1.1,0.10754456996147924,0.10754456996147924,0.0,0.0,0,0,0,-1
german,lightgbm,51,num_dependents,relative_plus_10,0.1,2.0,2.2,0.20045288792019303,0.20045288792019303,0.0,0.0,0,0,0,-1
german,lightgbm,52,num_dependents,relative_plus_10,0.1,1.0,1.1,0.2232390849422753,0.2232390849422753,0.0,0.0,0,0,0,-1
german,lightgbm,53,num_dependents,relative_plus_10,0.1,1.0,1.1,0.08263946571053118,0.08263946571053118,0.0,0.0,0,0,0,-1
german,lightgbm,54,num_dependents,relative_plus_10,0.1,1.0,1.1,0.7751983503992061,0.7751983503992061,0.0,0.0,1,1,0,-1
german,lightgbm,55,num_dependents,relative_plus_10,0.1,1.0,1.1,0.2709041232151986,0.2709041232151986,0.0,0.0,0,0,0,-1
german,lightgbm,56,num_dependents,relative_plus_10,0.1,1.0,1.1,0.8949846835423396,0.8949846835423396,0.0,0.0,1,1,0,-1
german,lightgbm,57,num_dependents,relative_plus_10,0.1,1.0,1.1,0.19895661481991747,0.19895661481991747,0.0,0.0,0,0,0,-1
german,lightgbm,58,num_dependents,relative_plus_10,0.1,1.0,1.1,0.19686220446311817,0.19686220446311817,0.0,0.0,0,0,0,-1
german,lightgbm,59,num_dependents,relative_plus_10,0.1,1.0,1.1,0.6556463130368732,0.6556463130368732,0.0,0.0,1,1,0,-1
german,lightgbm,60,num_dependents,relative_plus_10,0.1,1.0,1.1,0.1494642794145739,0.1494642794145739,0.0,0.0,0,0,0,-1
german,lightgbm,61,num_dependents,relative_plus_10,0.1,1.0,1.1,0.07395817947549249,0.07395817947549249,0.0,0.0,0,0,0,-1
german,lightgbm,62,num_dependents,relative_plus_10,0.1,1.0,1.1,0.7910063234667474,0.7910063234667474,0.0,0.0,1,1,0,-1
german,lightgbm,63,num_dependents,relative_plus_10,0.1,1.0,1.1,0.46215650717795514,0.46215650717795514,0.0,0.0,0,0,0,-1
german,lightgbm,64,num_dependents,relative_plus_10,0.1,1.0,1.1,0.8565251969688404,0.8565251969688404,0.0,0.0,1,1,0,-1
german,lightgbm,65,num_dependents,relative_plus_10,0.1,1.0,1.1,0.17328838568870306,0.17328838568870306,0.0,0.0,0,0,0,-1
german,lightgbm,66,num_dependents,relative_plus_10,0.1,2.0,2.2,0.2073789273550252,0.2073789273550252,0.0,0.0,0,0,0,-1
german,lightgbm,67,num_dependents,relative_plus_10,0.1,1.0,1.1,0.9222025230520857,0.9222025230520857,0.0,0.0,1,1,0,-1
german,lightgbm,68,num_dependents,relative_plus_10,0.1,2.0,2.2,0.36554189730904146,0.36554189730904146,0.0,0.0,0,0,0,-1
german,lightgbm,69,num_dependents,relative_plus_10,0.1,1.0,1.1,0.5551759772046333,0.5551759772046333,0.0,0.0,1,1,0,-1
german,lightgbm,70,num_dependents,relative_plus_10,0.1,1.0,1.1,0.8060668534560961,0.8060668534560961,0.0,0.0,1,1,0,-1
german,lightgbm,71,num_dependents,relative_plus_10,0.1,2.0,2.2,0.00979720703639709,0.00979720703639709,0.0,0.0,0,0,0,-1
german,lightgbm,72,num_dependents,relative_plus_10,0.1,2.0,2.2,0.16440951309080398,0.16440951309080398,0.0,0.0,0,0,0,-1
german,lightgbm,73,num_dependents,relative_plus_10,0.1,1.0,1.1,0.0701512066146692,0.0701512066146692,0.0,0.0,0,0,0,-1
german,lightgbm,74,num_dependents,relative_plus_10,0.1,1.0,1.1,0.20089675448649513,0.20089675448649513,0.0,0.0,0,0,0,-1
german,lightgbm,75,num_dependents,relative_plus_10,0.1,1.0,1.1,0.5222806196725559,0.5222806196725559,0.0,0.0,1,1,0,-1
german,lightgbm,76,num_dependents,relative_plus_10,0.1,1.0,1.1,0.232539774434109,0.232539774434109,0.0,0.0,0,0,0,-1
german,lightgbm,77,num_dependents,relative_plus_10,0.1,1.0,1.1,0.7296014495994664,0.7296014495994664,0.0,0.0,1,1,0,-1
german,lightgbm,78,num_dependents,relative_plus_10,0.1,1.0,1.1,0.05233574686089174,0.05233574686089174,0.0,0.0,0,0,0,-1
german,lightgbm,79,num_dependents,relative_plus_10,0.1,1.0,1.1,0.8523601968533747,0.8523601968533747,0.0,0.0,1,1,0,-1
german,lightgbm,80,num_dependents,relative_plus_10,0.1,1.0,1.1,0.24724091491319555,0.24724091491319555,0.0,0.0,0,0,0,-1
german,lightgbm,81,num_dependents,relative_plus_10,0.1,2.0,2.2,0.052062520477255576,0.052062520477255576,0.0,0.0,0,0,0,-1
german,lightgbm,82,num_dependents,relative_plus_10,0.1,1.0,1.1,0.39190331104024756,0.39190331104024756,0.0,0.0,0,0,0,-1
german,lightgbm,83,num_dependents,relative_plus_10,0.1,2.0,2.2,0.4694418067846172,0.4694418067846172,0.0,0.0,0,0,0,-1
german,lightgbm,84,num_dependents,relative_plus_10,0.1,1.0,1.1,0.1739683108218602,0.1739683108218602,0.0,0.0,0,0,0,-1
german,lightgbm,85,num_dependents,relative_plus_10,0.1,2.0,2.2,0.004521489614918298,0.004521489614918298,0.0,0.0,0,0,0,-1
german,lightgbm,86,num_dependents,relative_plus_10,0.1,1.0,1.1,0.026602380126023603,0.026602380126023603,0.0,0.0,0,0,0,-1
german,lightgbm,87,num_dependents,relative_plus_10,0.1,1.0,1.1,0.6076387501320122,0.6076387501320122,0.0,0.0,1,1,0,-1
german,lightgbm,88,num_dependents,relative_plus_10,0.1,1.0,1.1,0.0010791611127486252,0.0010791611127486252,0.0,0.0,0,0,0,-1
german,lightgbm,89,num_dependents,relative_plus_10,0.1,1.0,1.1,0.742624474994036,0.742624474994036,0.0,0.0,1,1,0,-1
german,lightgbm,90,num_dependents,relative_plus_10,0.1,1.0,1.1,0.7861995616942514,0.7861995616942514,0.0,0.0,1,1,0,-1
german,lightgbm,91,num_dependents,relative_plus_10,0.1,1.0,1.1,0.4725044710209194,0.4725044710209194,0.0,0.0,0,0,0,-1
german,lightgbm,92,num_dependents,relative_plus_10,0.1,1.0,1.1,0.5387828783155257,0.5387828783155257,0.0,0.0,1,1,0,-1
german,lightgbm,93,num_dependents,relative_plus_10,0.1,1.0,1.1,0.595542444670801,0.595542444670801,0.0,0.0,1,1,0,-1
german,lightgbm,94,num_dependents,relative_plus_10,0.1,1.0,1.1,0.007938278878830486,0.007938278878830486,0.0,0.0,0,0,0,-1
german,lightgbm,95,num_dependents,relative_plus_10,0.1,1.0,1.1,0.05798365229948388,0.05798365229948388,0.0,0.0,0,0,0,-1
german,lightgbm,96,num_dependents,relative_plus_10,0.1,1.0,1.1,0.5786519101275599,0.5786519101275599,0.0,0.0,1,1,0,-1
german,lightgbm,97,num_dependents,relative_plus_10,0.1,2.0,2.2,0.1637333359008902,0.1637333359008902,0.0,0.0,0,0,0,-1
german,lightgbm,98,num_dependents,relative_plus_10,0.1,1.0,1.1,0.7094753427844519,0.7094753427844519,0.0,0.0,1,1,0,-1
german,lightgbm,99,num_dependents,relative_plus_10,0.1,1.0,1.1,0.0021652605170008033,0.0021652605170008033,0.0,0.0,0,0,0,-1
