dataset,model,instance_id,feature,perturbation,magnitude,original_value,perturbed_value,original_probability,perturbed_probability,probability_change,absolute_probability_change,original_prediction,perturbed_prediction,prediction_changed,true_label
german,mlp,0,duration,relative_minus_5,-0.05,18.0,18.9,0.2868824306481333,0.2899089151899581,0.003026484541824803,0.003026484541824803,0,0,0,-1
german,mlp,1,duration,relative_minus_5,-0.05,18.0,18.9,0.4198976318717018,0.41989703538401935,-5.964876824693377e-07,5.964876824693377e-07,0,0,0,-1
german,mlp,2,duration,relative_minus_5,-0.05,11.0,11.55,0.26258346992117976,0.26378748102852073,0.0012040111073409743,0.0012040111073409743,0,0,0,-1
german,mlp,3,duration,relative_minus_5,-0.05,36.0,37.8,0.1802774281890517,0.18598360915350126,0.005706180964449553,0.005706180964449553,0,0,0,-1
german,mlp,4,duration,relative_minus_5,-0.05,4.0,4.2,0.1819840520060159,0.1819705579252552,-1.3494080760678706e-05,1.3494080760678706e-05,0,0,0,-1
german,mlp,5,duration,relative_minus_5,-0.05,5.0,5.25,0.2043107705535393,0.204501697060245,0.0001909265067057131,0.0001909265067057131,0,0,0,-1
german,mlp,6,duration,relative_minus_5,-0.05,30.0,31.5,0.24145627495089156,0.24656113199596585,0.005104857045074296,0.005104857045074296,0,0,0,-1
german,mlp,7,duration,relative_minus_5,-0.05,36.0,37.8,0.361249588683193,0.36510093277992,0.003851344096726994,0.003851344096726994,0,0,0,-1
german,mlp,8,duration,relative_minus_5,-0.05,12.0,12.6,0.29833305974606383,0.2998702646316738,0.0015372048856099885,0.0015372048856099885,0,0,0,-1
german,mlp,9,duration,relative_minus_5,-0.05,24.0,25.2,0.4084749758946331,0.40906089503268517,0.0005859191380520601,0.0005859191380520601,0,0,0,-1
german,mlp,10,duration,relative_minus_5,-0.05,18.0,18.9,0.1978244007482361,0.19741900656847958,-0.0004053941797565186,0.0004053941797565186,0,0,0,-1
german,mlp,11,duration,relative_minus_5,-0.05,6.0,6.3,0.4490305536205001,0.45079803752077174,0.0017674839002716491,0.0017674839002716491,0,0,0,-1
german,mlp,12,duration,relative_minus_5,-0.05,12.0,12.6,0.3380754225555931,0.33886873852976407,0.0007933159741709828,0.0007933159741709828,0,0,0,-1
german,mlp,13,duration,relative_minus_5,-0.05,12.0,12.6,0.3226170260018927,0.32198919390031955,-0.0006278321015731336,0.0006278321015731336,0,0,0,-1
german,mlp,14,duration,relative_minus_5,-0.05,6.0,6.3,0.1607190907005708,0.1611320827794964,0.0004129920789255892,0.0004129920789255892,0,0,0,-1
german,mlp,15,duration,relative_minus_5,-0.05,15.0,15.75,0.2991772357699808,0.30179106959064245,0.0026138338206616596,0.0026138338206616596,0,0,0,-1
german,mlp,16,duration,relative_minus_5,-0.05,12.0,12.6,0.07569409040610586,0.07654223966177225,0.0008481492556663833,0.0008481492556663833,0,0,0,-1
german,mlp,17,duration,relative_minus_5,-0.05,30.0,31.5,0.320382999871944,0.3221966443172909,0.0018136444453468736,0.0018136444453468736,0,0,0,-1
german,mlp,18,duration,relative_minus_5,-0.05,18.0,18.9,0.21792612201370706,0.21785111372861585,-7.500828509121593e-05,7.500828509121593e-05,0,0,0,-1
german,mlp,19,duration,relative_minus_5,-0.05,18.0,18.9,0.5132077646135412,0.5166663623714373,0.0034585977578960314,0.0034585977578960314,1,1,0,-1
german,mlp,20,duration,relative_minus_5,-0.05,18.0,18.9,0.16826818543871874,0.17136826987427978,0.0031000844355610346,0.0031000844355610346,0,0,0,-1
german,mlp,21,duration,relative_minus_5,-0.05,6.0,6.3,0.18871648712224667,0.18944631275866095,0.0007298256364142719,0.0007298256364142719,0,0,0,-1
german,mlp,22,duration,relative_minus_5,-0.05,15.0,15.75,0.2340361932873373,0.23445739927577833,0.0004212059884410313,0.0004212059884410313,0,0,0,-1
german,mlp,23,duration,relative_minus_5,-0.05,18.0,18.9,0.49953972896498505,0.5021872755465362,0.002647546581551141,0.002647546581551141,0,1,1,-1
german,mlp,24,duration,relative_minus_5,-0.05,36.0,37.8,0.3945250994274686,0.39535179480602384,0.0008266953785552311,0.0008266953785552311,0,0,0,-1
german,mlp,25,duration,relative_minus_5,-0.05,9.0,9.45,0.1999714289423839,0.20126849348220824,0.0012970645398243386,0.0012970645398243386,0,0,0,-1
german,mlp,26,duration,relative_minus_5,-0.05,30.0,31.5,0.2622371730736121,0.2634340552406821,0.0011968821670699792,0.0011968821670699792,0,0,0,-1
german,mlp,27,duration,relative_minus_5,-0.05,12.0,12.6,0.40187252116986394,0.4049231937003929,0.003050672530528986,0.003050672530528986,0,0,0,-1
german,mlp,28,duration,relative_minus_5,-0.05,6.0,6.3,0.21975633548972673,0.21996044638105777,0.0002041108913310441,0.0002041108913310441,0,0,0,-1
german,mlp,29,duration,relative_minus_5,-0.05,6.0,6.3,0.28996688444799096,0.29064691898539247,0.0006800345374015082,0.0006800345374015082,0,0,0,-1
german,mlp,30,duration,relative_minus_5,-0.05,15.0,15.75,0.5843997058285129,0.5861476704804475,0.0017479646519346081,0.0017479646519346081,1,1,0,-1
german,mlp,31,duration,relative_minus_5,-0.05,9.0,9.45,0.42703271675750654,0.42862192942962685,0.0015892126721203104,0.0015892126721203104,0,0,0,-1
german,mlp,32,duration,relative_minus_5,-0.05,15.0,15.75,0.06159397700408669,0.062156107503614715,0.0005621304995280241,0.0005621304995280241,0,0,0,-1
german,mlp,33,duration,relative_minus_5,-0.05,9.0,9.45,0.2452309775841329,0.24543679297955304,0.00020581539542013916,0.00020581539542013916,0,0,0,-1
german,mlp,34,duration,relative_minus_5,-0.05,24.0,25.2,0.5123814318058395,0.5111042334612913,-0.0012771983445482027,0.0012771983445482027,1,1,0,-1
german,mlp,35,duration,relative_minus_5,-0.05,18.0,18.9,0.4040062504090185,0.40489296717969725,0.0008867167706787527,0.0008867167706787527,0,0,0,-1
german,mlp,36,duration,relative_minus_5,-0.05,36.0,37.8,0.39041320626672604,0.3895326790114263,-0.0008805272552997456,0.0008805272552997456,0,0,0,-1
german,mlp,37,duration,relative_minus_5,-0.05,15.0,15.75,0.3668266156268264,0.3696565522851371,0.0028299366583107166,0.0028299366583107166,0,0,0,-1
german,mlp,38,duration,relative_minus_5,-0.05,36.0,37.8,0.399240031305948,0.39939306801034147,0.00015303670439348327,0.00015303670439348327,0,0,0,-1
german,mlp,39,duration,relative_minus_5,-0.05,12.0,12.6,0.31310442539427324,0.31523541691677787,0.0021309915225046216,0.0021309915225046216,0,0,0,-1
german,mlp,40,duration,relative_minus_5,-0.05,24.0,25.2,0.3333594981968233,0.338453065469539,0.005093567272715704,0.005093567272715704,0,0,0,-1
german,mlp,41,duration,relative_minus_5,-0.05,18.0,18.9,0.3016974078180434,0.3020710195865402,0.00037361176849681765,0.00037361176849681765,0,0,0,-1
german,mlp,42,duration,relative_minus_5,-0.05,12.0,12.6,0.3967842920357588,0.3987893075692642,0.00200501553350535,0.00200501553350535,0,0,0,-1
german,mlp,43,duration,relative_minus_5,-0.05,15.0,15.75,0.2191377203672374,0.21983681434905897,0.0006990939818215802,0.0006990939818215802,0,0,0,-1
german,mlp,44,duration,relative_minus_5,-0.05,27.0,28.35,0.30746499417314455,0.31027856440477697,0.002813570231632423,0.002813570231632423,0,0,0,-1
german,mlp,45,duration,relative_minus_5,-0.05,18.0,18.9,0.19417247812730504,0.19525238677768036,0.0010799086503753275,0.0010799086503753275,0,0,0,-1
german,mlp,46,duration,relative_minus_5,-0.05,48.0,50.4,0.19798688045008261,0.2037786876412362,0.005791807191153575,0.005791807191153575,0,0,0,-1
german,mlp,47,duration,relative_minus_5,-0.05,10.0,10.5,0.2718695537935461,0.2731886732885001,0.001319119494954002,0.001319119494954002,0,0,0,-1
german,mlp,48,duration,relative_minus_5,-0.05,30.0,31.5,0.1750165253584432,0.17806350407207613,0.0030469787136329363,0.0030469787136329363,0,0,0,-1
german,mlp,49,duration,relative_minus_5,-0.05,24.0,25.2,0.4588613965006128,0.460299150297663,0.0014377537970501897,0.0014377537970501897,0,0,0,-1
german,mlp,50,duration,relative_minus_5,-0.05,21.0,22.05,0.25833505988114175,0.2588566015994009,0.0005215417182591331,0.0005215417182591331,0,0,0,-1
german,mlp,51,duration,relative_minus_5,-0.05,9.0,9.45,0.23994228781447036,0.24035648060141393,0.00041419278694357353,0.00041419278694357353,0,0,0,-1
german,mlp,52,duration,relative_minus_5,-0.05,18.0,18.9,0.25197598703294255,0.25288138240419406,0.000905395371251505,0.000905395371251505,0,0,0,-1
german,mlp,53,duration,relative_minus_5,-0.05,18.0,18.9,0.24562077738290533,0.24778049010274875,0.002159712719843415,0.002159712719843415,0,0,0,-1
german,mlp,54,duration,relative_minus_5,-0.05,12.0,12.6,0.18732343132224302,0.1878433173047857,0.0005198859825426838,0.0005198859825426838,0,0,0,-1
german,mlp,55,duration,relative_minus_5,-0.05,45.0,47.25,0.3754380929776099,0.3763039319857648,0.0008658390081549006,0.0008658390081549006,0,0,0,-1
german,mlp,56,duration,relative_minus_5,-0.05,18.0,18.9,0.33683635847007065,0.33837257316800723,0.0015362146979365776,0.0015362146979365776,0,0,0,-1
german,mlp,57,duration,relative_minus_5,-0.05,24.0,25.2,0.4247782060955582,0.42620607560644286,0.0014278695108846384,0.0014278695108846384,0,0,0,-1
german,mlp,58,duration,relative_minus_5,-0.05,6.0,6.3,0.20020788889953503,0.20065292779888494,0.0004450388993499088,0.0004450388993499088,0,0,0,-1
german,mlp,59,duration,relative_minus_5,-0.05,24.0,25.2,0.5357836989632669,0.5434726197415283,0.007688920778261332,0.007688920778261332,1,1,0,-1
german,mlp,60,duration,relative_minus_5,-0.05,12.0,12.6,0.33610005721370495,0.33878459165108804,0.0026845344373830904,0.0026845344373830904,0,0,0,-1
german,mlp,61,duration,relative_minus_5,-0.05,18.0,18.9,0.21555248127528462,0.2159114699646308,0.000358988689346168,0.000358988689346168,0,0,0,-1
german,mlp,62,duration,relative_minus_5,-0.05,36.0,37.8,0.26851517186260315,0.2700805877196165,0.0015654158570133636,0.0015654158570133636,0,0,0,-1
german,mlp,63,duration,relative_minus_5,-0.05,39.0,40.95,0.42519995561469526,0.42807945663248903,0.002879501017793773,0.002879501017793773,0,0,0,-1
german,mlp,64,duration,relative_minus_5,-0.05,18.0,18.9,0.3902998055499012,0.38968186838053975,-0.0006179371693614266,0.0006179371693614266,0,0,0,-1
german,mlp,65,duration,relative_minus_5,-0.05,24.0,25.2,0.22708278958567477,0.23061210827029072,0.0035293186846159508,0.0035293186846159508,0,0,0,-1
german,mlp,66,duration,relative_minus_5,-0.05,24.0,25.2,0.43863287851091937,0.440990382307068,0.00235750379614863,0.00235750379614863,0,0,0,-1
german,mlp,67,duration,relative_minus_5,-0.05,36.0,37.8,0.6061115695108918,0.6057607769640234,-0.0003507925468684281,0.0003507925468684281,1,1,0,-1
german,mlp,68,duration,relative_minus_5,-0.05,27.0,28.35,0.367077678742253,0.3681083068073261,0.0010306280650730915,0.0010306280650730915,0,0,0,-1
german,mlp,69,duration,relative_minus_5,-0.05,15.0,15.75,0.4207072819437597,0.42325594974833775,0.0025486678045780198,0.0025486678045780198,0,0,0,-1
german,mlp,70,duration,relative_minus_5,-0.05,12.0,12.6,0.35120868452508525,0.35327399837476653,0.002065313849681283,0.002065313849681283,0,0,0,-1
german,mlp,71,duration,relative_minus_5,-0.05,24.0,25.2,0.2326481332416817,0.23310235525718354,0.00045422201550182617,0.00045422201550182617,0,0,0,-1
german,mlp,72,duration,relative_minus_5,-0.05,10.0,10.5,0.17579921113180116,0.1761223943516908,0.00032318321988963894,0.00032318321988963894,0,0,0,-1
german,mlp,73,duration,relative_minus_5,-0.05,12.0,12.6,0.22932773566828754,0.23015067469196457,0.0008229390236770273,0.0008229390236770273,0,0,0,-1
german,mlp,74,duration,relative_minus_5,-0.05,12.0,12.6,0.21586888817903582,0.21719285973335703,0.0013239715543212072,0.0013239715543212072,0,0,0,-1
german,mlp,75,duration,relative_minus_5,-0.05,15.0,15.75,0.4423554762861602,0.44236894787010755,1.3471583947377574e-05,1.3471583947377574e-05,0,0,0,-1
german,mlp,76,duration,relative_minus_5,-0.05,12.0,12.6,0.32507530002633894,0.32533012909344394,0.0002548290671050002,0.0002548290671050002,0,0,0,-1
german,mlp,77,duration,relative_minus_5,-0.05,24.0,25.2,0.3010734026184118,0.30239372625037325,0.0013203236319614398,0.0013203236319614398,0,0,0,-1
german,mlp,78,duration,relative_minus_5,-0.05,30.0,31.5,0.24763530518832041,0.25189183269537385,0.004256527507053437,0.004256527507053437,0,0,0,-1
german,mlp,79,duration,relative_minus_5,-0.05,45.0,47.25,0.4172248844520669,0.42061314199871225,0.0033882575466453457,0.0033882575466453457,0,0,0,-1
german,mlp,80,duration,relative_minus_5,-0.05,60.0,63.0,0.284838415529233,0.29105173991991223,0.006213324390679231,0.006213324390679231,0,0,0,-1
german,mlp,81,duration,relative_minus_5,-0.05,54.0,56.7,0.17349396284028698,0.17095076685786026,-0.0025431959824267214,0.0025431959824267214,0,0,0,-1
german,mlp,82,duration,relative_minus_5,-0.05,13.0,13.65,0.39424334337811145,0.39460467813417355,0.00036133475606209275,0.00036133475606209275,0,0,0,-1
german,mlp,83,duration,relative_minus_5,-0.05,21.0,22.05,0.367820580992647,0.36435549402952244,-0.0034650869631245307,0.0034650869631245307,0,0,0,-1
german,mlp,84,duration,relative_minus_5,-0.05,36.0,37.8,0.3448230799863803,0.3492343735865794,0.0044112936001990954,0.0044112936001990954,0,0,0,-1
german,mlp,85,duration,relative_minus_5,-0.05,12.0,12.6,0.2444924421566889,0.24413580897045045,-0.00035663318623843643,0.00035663318623843643,0,0,0,-1
german,mlp,86,duration,relative_minus_5,-0.05,7.0,7.35,0.29800204425166227,0.29893942758831926,0.0009373833366569939,0.0009373833366569939,0,0,0,-1
german,mlp,87,duration,relative_minus_5,-0.05,36.0,37.8,0.4966269950842168,0.4964542804555165,-0.00017271462870033227,0.00017271462870033227,0,0,0,-1
german,mlp,88,duration,relative_minus_5,-0.05,24.0,25.2,0.23144707170933512,0.23039449541636967,-0.001052576292965457,0.001052576292965457,0,0,0,-1
german,mlp,89,duration,relative_minus_5,-0.05,48.0,50.4,0.6400407350476786,0.6378727200632367,-0.0021680149844418573,0.0021680149844418573,1,1,0,-1
german,mlp,90,duration,relative_minus_5,-0.05,42.0,44.1,0.4822416863981328,0.49898717817511495,0.016745491776982147,0.016745491776982147,0,0,0,-1
german,mlp,91,duration,relative_minus_5,-0.05,24.0,25.2,0.40143078123405807,0.4072071247761933,0.005776343542135243,0.005776343542135243,0,0,0,-1
german,mlp,92,duration,relative_minus_5,-0.05,15.0,15.75,0.44359454779618673,0.4451755474096342,0.0015809996134474869,0.0015809996134474869,0,0,0,-1
german,mlp,93,duration,relative_minus_5,-0.05,18.0,18.9,0.3046662796706493,0.3050809457369702,0.0004146660663209012,0.0004146660663209012,0,0,0,-1
german,mlp,94,duration,relative_minus_5,-0.05,6.0,6.3,0.12739534911392703,0.12788242572540387,0.00048707661147684433,0.00048707661147684433,0,0,0,-1
german,mlp,95,duration,relative_minus_5,-0.05,21.0,22.05,0.15522877788983463,0.1569442943536824,0.001715516463847766,0.001715516463847766,0,0,0,-1
german,mlp,96,duration,relative_minus_5,-0.05,24.0,25.2,0.36442913704527324,0.3667209135606973,0.00229177651542406,0.00229177651542406,0,0,0,-1
german,mlp,97,duration,relative_minus_5,-0.05,10.0,10.5,0.25451466263318945,0.25379253058075923,-0.0007221320524302133,0.0007221320524302133,0,0,0,-1
german,mlp,98,duration,relative_minus_5,-0.05,24.0,25.2,0.6586898441318234,0.6586429839058561,-4.6860225967337854e-05,4.6860225967337854e-05,1,1,0,-1
german,mlp,99,duration,relative_minus_5,-0.05,12.0,12.6,0.24855132238008826,0.24907980067886906,0.0005284782987808045,0.0005284782987808045,0,0,0,-1
german,mlp,0,duration,relative_plus_5,0.05,18.0,18.9,0.2868824306481333,0.2899089151899581,0.003026484541824803,0.003026484541824803,0,0,0,-1
german,mlp,1,duration,relative_plus_5,0.05,18.0,18.9,0.4198976318717018,0.41989703538401935,-5.964876824693377e-07,5.964876824693377e-07,0,0,0,-1
german,mlp,2,duration,relative_plus_5,0.05,11.0,11.55,0.26258346992117976,0.26378748102852073,0.0012040111073409743,0.0012040111073409743,0,0,0,-1
german,mlp,3,duration,relative_plus_5,0.05,36.0,37.8,0.1802774281890517,0.18598360915350126,0.005706180964449553,0.005706180964449553,0,0,0,-1
german,mlp,4,duration,relative_plus_5,0.05,4.0,4.2,0.1819840520060159,0.1819705579252552,-1.3494080760678706e-05,1.3494080760678706e-05,0,0,0,-1
german,mlp,5,duration,relative_plus_5,0.05,5.0,5.25,0.2043107705535393,0.204501697060245,0.0001909265067057131,0.0001909265067057131,0,0,0,-1
german,mlp,6,duration,relative_plus_5,0.05,30.0,31.5,0.24145627495089156,0.24656113199596585,0.005104857045074296,0.005104857045074296,0,0,0,-1
german,mlp,7,duration,relative_plus_5,0.05,36.0,37.8,0.361249588683193,0.36510093277992,0.003851344096726994,0.003851344096726994,0,0,0,-1
german,mlp,8,duration,relative_plus_5,0.05,12.0,12.6,0.29833305974606383,0.2998702646316738,0.0015372048856099885,0.0015372048856099885,0,0,0,-1
german,mlp,9,duration,relative_plus_5,0.05,24.0,25.2,0.4084749758946331,0.40906089503268517,0.0005859191380520601,0.0005859191380520601,0,0,0,-1
german,mlp,10,duration,relative_plus_5,0.05,18.0,18.9,0.1978244007482361,0.19741900656847958,-0.0004053941797565186,0.0004053941797565186,0,0,0,-1
german,mlp,11,duration,relative_plus_5,0.05,6.0,6.3,0.4490305536205001,0.45079803752077174,0.0017674839002716491,0.0017674839002716491,0,0,0,-1
german,mlp,12,duration,relative_plus_5,0.05,12.0,12.6,0.3380754225555931,0.33886873852976407,0.0007933159741709828,0.0007933159741709828,0,0,0,-1
german,mlp,13,duration,relative_plus_5,0.05,12.0,12.6,0.3226170260018927,0.32198919390031955,-0.0006278321015731336,0.0006278321015731336,0,0,0,-1
german,mlp,14,duration,relative_plus_5,0.05,6.0,6.3,0.1607190907005708,0.1611320827794964,0.0004129920789255892,0.0004129920789255892,0,0,0,-1
german,mlp,15,duration,relative_plus_5,0.05,15.0,15.75,0.2991772357699808,0.30179106959064245,0.0026138338206616596,0.0026138338206616596,0,0,0,-1
german,mlp,16,duration,relative_plus_5,0.05,12.0,12.6,0.07569409040610586,0.07654223966177225,0.0008481492556663833,0.0008481492556663833,0,0,0,-1
german,mlp,17,duration,relative_plus_5,0.05,30.0,31.5,0.320382999871944,0.3221966443172909,0.0018136444453468736,0.0018136444453468736,0,0,0,-1
german,mlp,18,duration,relative_plus_5,0.05,18.0,18.9,0.21792612201370706,0.21785111372861585,-7.500828509121593e-05,7.500828509121593e-05,0,0,0,-1
german,mlp,19,duration,relative_plus_5,0.05,18.0,18.9,0.5132077646135412,0.5166663623714373,0.0034585977578960314,0.0034585977578960314,1,1,0,-1
german,mlp,20,duration,relative_plus_5,0.05,18.0,18.9,0.16826818543871874,0.17136826987427978,0.0031000844355610346,0.0031000844355610346,0,0,0,-1
german,mlp,21,duration,relative_plus_5,0.05,6.0,6.3,0.18871648712224667,0.18944631275866095,0.0007298256364142719,0.0007298256364142719,0,0,0,-1
german,mlp,22,duration,relative_plus_5,0.05,15.0,15.75,0.2340361932873373,0.23445739927577833,0.0004212059884410313,0.0004212059884410313,0,0,0,-1
german,mlp,23,duration,relative_plus_5,0.05,18.0,18.9,0.49953972896498505,0.5021872755465362,0.002647546581551141,0.002647546581551141,0,1,1,-1
german,mlp,24,duration,relative_plus_5,0.05,36.0,37.8,0.3945250994274686,0.39535179480602384,0.0008266953785552311,0.0008266953785552311,0,0,0,-1
german,mlp,25,duration,relative_plus_5,0.05,9.0,9.45,0.1999714289423839,0.20126849348220824,0.0012970645398243386,0.0012970645398243386,0,0,0,-1
german,mlp,26,duration,relative_plus_5,0.05,30.0,31.5,0.2622371730736121,0.2634340552406821,0.0011968821670699792,0.0011968821670699792,0,0,0,-1
german,mlp,27,duration,relative_plus_5,0.05,12.0,12.6,0.40187252116986394,0.4049231937003929,0.003050672530528986,0.003050672530528986,0,0,0,-1
german,mlp,28,duration,relative_plus_5,0.05,6.0,6.3,0.21975633548972673,0.21996044638105777,0.0002041108913310441,0.0002041108913310441,0,0,0,-1
german,mlp,29,duration,relative_plus_5,0.05,6.0,6.3,0.28996688444799096,0.29064691898539247,0.0006800345374015082,0.0006800345374015082,0,0,0,-1
german,mlp,30,duration,relative_plus_5,0.05,15.0,15.75,0.5843997058285129,0.5861476704804475,0.0017479646519346081,0.0017479646519346081,1,1,0,-1
german,mlp,31,duration,relative_plus_5,0.05,9.0,9.45,0.42703271675750654,0.42862192942962685,0.0015892126721203104,0.0015892126721203104,0,0,0,-1
german,mlp,32,duration,relative_plus_5,0.05,15.0,15.75,0.06159397700408669,0.062156107503614715,0.0005621304995280241,0.0005621304995280241,0,0,0,-1
german,mlp,33,duration,relative_plus_5,0.05,9.0,9.45,0.2452309775841329,0.24543679297955304,0.00020581539542013916,0.00020581539542013916,0,0,0,-1
german,mlp,34,duration,relative_plus_5,0.05,24.0,25.2,0.5123814318058395,0.5111042334612913,-0.0012771983445482027,0.0012771983445482027,1,1,0,-1
german,mlp,35,duration,relative_plus_5,0.05,18.0,18.9,0.4040062504090185,0.40489296717969725,0.0008867167706787527,0.0008867167706787527,0,0,0,-1
german,mlp,36,duration,relative_plus_5,0.05,36.0,37.8,0.39041320626672604,0.3895326790114263,-0.0008805272552997456,0.0008805272552997456,0,0,0,-1
german,mlp,37,duration,relative_plus_5,0.05,15.0,15.75,0.3668266156268264,0.3696565522851371,0.0028299366583107166,0.0028299366583107166,0,0,0,-1
german,mlp,38,duration,relative_plus_5,0.05,36.0,37.8,0.399240031305948,0.39939306801034147,0.00015303670439348327,0.00015303670439348327,0,0,0,-1
german,mlp,39,duration,relative_plus_5,0.05,12.0,12.6,0.31310442539427324,0.31523541691677787,0.0021309915225046216,0.0021309915225046216,0,0,0,-1
german,mlp,40,duration,relative_plus_5,0.05,24.0,25.2,0.3333594981968233,0.338453065469539,0.005093567272715704,0.005093567272715704,0,0,0,-1
german,mlp,41,duration,relative_plus_5,0.05,18.0,18.9,0.3016974078180434,0.3020710195865402,0.00037361176849681765,0.00037361176849681765,0,0,0,-1
german,mlp,42,duration,relative_plus_5,0.05,12.0,12.6,0.3967842920357588,0.3987893075692642,0.00200501553350535,0.00200501553350535,0,0,0,-1
german,mlp,43,duration,relative_plus_5,0.05,15.0,15.75,0.2191377203672374,0.21983681434905897,0.0006990939818215802,0.0006990939818215802,0,0,0,-1
german,mlp,44,duration,relative_plus_5,0.05,27.0,28.35,0.30746499417314455,0.31027856440477697,0.002813570231632423,0.002813570231632423,0,0,0,-1
german,mlp,45,duration,relative_plus_5,0.05,18.0,18.9,0.19417247812730504,0.19525238677768036,0.0010799086503753275,0.0010799086503753275,0,0,0,-1
german,mlp,46,duration,relative_plus_5,0.05,48.0,50.4,0.19798688045008261,0.2037786876412362,0.005791807191153575,0.005791807191153575,0,0,0,-1
german,mlp,47,duration,relative_plus_5,0.05,10.0,10.5,0.2718695537935461,0.2731886732885001,0.001319119494954002,0.001319119494954002,0,0,0,-1
german,mlp,48,duration,relative_plus_5,0.05,30.0,31.5,0.1750165253584432,0.17806350407207613,0.0030469787136329363,0.0030469787136329363,0,0,0,-1
german,mlp,49,duration,relative_plus_5,0.05,24.0,25.2,0.4588613965006128,0.460299150297663,0.0014377537970501897,0.0014377537970501897,0,0,0,-1
german,mlp,50,duration,relative_plus_5,0.05,21.0,22.05,0.25833505988114175,0.2588566015994009,0.0005215417182591331,0.0005215417182591331,0,0,0,-1
german,mlp,51,duration,relative_plus_5,0.05,9.0,9.45,0.23994228781447036,0.24035648060141393,0.00041419278694357353,0.00041419278694357353,0,0,0,-1
german,mlp,52,duration,relative_plus_5,0.05,18.0,18.9,0.25197598703294255,0.25288138240419406,0.000905395371251505,0.000905395371251505,0,0,0,-1
german,mlp,53,duration,relative_plus_5,0.05,18.0,18.9,0.24562077738290533,0.24778049010274875,0.002159712719843415,0.002159712719843415,0,0,0,-1
german,mlp,54,duration,relative_plus_5,0.05,12.0,12.6,0.18732343132224302,0.1878433173047857,0.0005198859825426838,0.0005198859825426838,0,0,0,-1
german,mlp,55,duration,relative_plus_5,0.05,45.0,47.25,0.3754380929776099,0.3763039319857648,0.0008658390081549006,0.0008658390081549006,0,0,0,-1
german,mlp,56,duration,relative_plus_5,0.05,18.0,18.9,0.33683635847007065,0.33837257316800723,0.0015362146979365776,0.0015362146979365776,0,0,0,-1
german,mlp,57,duration,relative_plus_5,0.05,24.0,25.2,0.4247782060955582,0.42620607560644286,0.0014278695108846384,0.0014278695108846384,0,0,0,-1
german,mlp,58,duration,relative_plus_5,0.05,6.0,6.3,0.20020788889953503,0.20065292779888494,0.0004450388993499088,0.0004450388993499088,0,0,0,-1
german,mlp,59,duration,relative_plus_5,0.05,24.0,25.2,0.5357836989632669,0.5434726197415283,0.007688920778261332,0.007688920778261332,1,1,0,-1
german,mlp,60,duration,relative_plus_5,0.05,12.0,12.6,0.33610005721370495,0.33878459165108804,0.0026845344373830904,0.0026845344373830904,0,0,0,-1
german,mlp,61,duration,relative_plus_5,0.05,18.0,18.9,0.21555248127528462,0.2159114699646308,0.000358988689346168,0.000358988689346168,0,0,0,-1
german,mlp,62,duration,relative_plus_5,0.05,36.0,37.8,0.26851517186260315,0.2700805877196165,0.0015654158570133636,0.0015654158570133636,0,0,0,-1
german,mlp,63,duration,relative_plus_5,0.05,39.0,40.95,0.42519995561469526,0.42807945663248903,0.002879501017793773,0.002879501017793773,0,0,0,-1
german,mlp,64,duration,relative_plus_5,0.05,18.0,18.9,0.3902998055499012,0.38968186838053975,-0.0006179371693614266,0.0006179371693614266,0,0,0,-1
german,mlp,65,duration,relative_plus_5,0.05,24.0,25.2,0.22708278958567477,0.23061210827029072,0.0035293186846159508,0.0035293186846159508,0,0,0,-1
german,mlp,66,duration,relative_plus_5,0.05,24.0,25.2,0.43863287851091937,0.440990382307068,0.00235750379614863,0.00235750379614863,0,0,0,-1
german,mlp,67,duration,relative_plus_5,0.05,36.0,37.8,0.6061115695108918,0.6057607769640234,-0.0003507925468684281,0.0003507925468684281,1,1,0,-1
german,mlp,68,duration,relative_plus_5,0.05,27.0,28.35,0.367077678742253,0.3681083068073261,0.0010306280650730915,0.0010306280650730915,0,0,0,-1
german,mlp,69,duration,relative_plus_5,0.05,15.0,15.75,0.4207072819437597,0.42325594974833775,0.0025486678045780198,0.0025486678045780198,0,0,0,-1
german,mlp,70,duration,relative_plus_5,0.05,12.0,12.6,0.35120868452508525,0.35327399837476653,0.002065313849681283,0.002065313849681283,0,0,0,-1
german,mlp,71,duration,relative_plus_5,0.05,24.0,25.2,0.2326481332416817,0.23310235525718354,0.00045422201550182617,0.00045422201550182617,0,0,0,-1
german,mlp,72,duration,relative_plus_5,0.05,10.0,10.5,0.17579921113180116,0.1761223943516908,0.00032318321988963894,0.00032318321988963894,0,0,0,-1
german,mlp,73,duration,relative_plus_5,0.05,12.0,12.6,0.22932773566828754,0.23015067469196457,0.0008229390236770273,0.0008229390236770273,0,0,0,-1
german,mlp,74,duration,relative_plus_5,0.05,12.0,12.6,0.21586888817903582,0.21719285973335703,0.0013239715543212072,0.0013239715543212072,0,0,0,-1
german,mlp,75,duration,relative_plus_5,0.05,15.0,15.75,0.4423554762861602,0.44236894787010755,1.3471583947377574e-05,1.3471583947377574e-05,0,0,0,-1
german,mlp,76,duration,relative_plus_5,0.05,12.0,12.6,0.32507530002633894,0.32533012909344394,0.0002548290671050002,0.0002548290671050002,0,0,0,-1
german,mlp,77,duration,relative_plus_5,0.05,24.0,25.2,0.3010734026184118,0.30239372625037325,0.0013203236319614398,0.0013203236319614398,0,0,0,-1
german,mlp,78,duration,relative_plus_5,0.05,30.0,31.5,0.24763530518832041,0.25189183269537385,0.004256527507053437,0.004256527507053437,0,0,0,-1
german,mlp,79,duration,relative_plus_5,0.05,45.0,47.25,0.4172248844520669,0.42061314199871225,0.0033882575466453457,0.0033882575466453457,0,0,0,-1
german,mlp,80,duration,relative_plus_5,0.05,60.0,63.0,0.284838415529233,0.29105173991991223,0.006213324390679231,0.006213324390679231,0,0,0,-1
german,mlp,81,duration,relative_plus_5,0.05,54.0,56.7,0.17349396284028698,0.17095076685786026,-0.0025431959824267214,0.0025431959824267214,0,0,0,-1
german,mlp,82,duration,relative_plus_5,0.05,13.0,13.65,0.39424334337811145,0.39460467813417355,0.00036133475606209275,0.00036133475606209275,0,0,0,-1
german,mlp,83,duration,relative_plus_5,0.05,21.0,22.05,0.367820580992647,0.36435549402952244,-0.0034650869631245307,0.0034650869631245307,0,0,0,-1
german,mlp,84,duration,relative_plus_5,0.05,36.0,37.8,0.3448230799863803,0.3492343735865794,0.0044112936001990954,0.0044112936001990954,0,0,0,-1
german,mlp,85,duration,relative_plus_5,0.05,12.0,12.6,0.2444924421566889,0.24413580897045045,-0.00035663318623843643,0.00035663318623843643,0,0,0,-1
german,mlp,86,duration,relative_plus_5,0.05,7.0,7.35,0.29800204425166227,0.29893942758831926,0.0009373833366569939,0.0009373833366569939,0,0,0,-1
german,mlp,87,duration,relative_plus_5,0.05,36.0,37.8,0.4966269950842168,0.4964542804555165,-0.00017271462870033227,0.00017271462870033227,0,0,0,-1
german,mlp,88,duration,relative_plus_5,0.05,24.0,25.2,0.23144707170933512,0.23039449541636967,-0.001052576292965457,0.001052576292965457,0,0,0,-1
german,mlp,89,duration,relative_plus_5,0.05,48.0,50.4,0.6400407350476786,0.6378727200632367,-0.0021680149844418573,0.0021680149844418573,1,1,0,-1
german,mlp,90,duration,relative_plus_5,0.05,42.0,44.1,0.4822416863981328,0.49898717817511495,0.016745491776982147,0.016745491776982147,0,0,0,-1
german,mlp,91,duration,relative_plus_5,0.05,24.0,25.2,0.40143078123405807,0.4072071247761933,0.005776343542135243,0.005776343542135243,0,0,0,-1
german,mlp,92,duration,relative_plus_5,0.05,15.0,15.75,0.44359454779618673,0.4451755474096342,0.0015809996134474869,0.0015809996134474869,0,0,0,-1
german,mlp,93,duration,relative_plus_5,0.05,18.0,18.9,0.3046662796706493,0.3050809457369702,0.0004146660663209012,0.0004146660663209012,0,0,0,-1
german,mlp,94,duration,relative_plus_5,0.05,6.0,6.3,0.12739534911392703,0.12788242572540387,0.00048707661147684433,0.00048707661147684433,0,0,0,-1
german,mlp,95,duration,relative_plus_5,0.05,21.0,22.05,0.15522877788983463,0.1569442943536824,0.001715516463847766,0.001715516463847766,0,0,0,-1
german,mlp,96,duration,relative_plus_5,0.05,24.0,25.2,0.36442913704527324,0.3667209135606973,0.00229177651542406,0.00229177651542406,0,0,0,-1
german,mlp,97,duration,relative_plus_5,0.05,10.0,10.5,0.25451466263318945,0.25379253058075923,-0.0007221320524302133,0.0007221320524302133,0,0,0,-1
german,mlp,98,duration,relative_plus_5,0.05,24.0,25.2,0.6586898441318234,0.6586429839058561,-4.6860225967337854e-05,4.6860225967337854e-05,1,1,0,-1
german,mlp,99,duration,relative_plus_5,0.05,12.0,12.6,0.24855132238008826,0.24907980067886906,0.0005284782987808045,0.0005284782987808045,0,0,0,-1
german,mlp,0,duration,relative_minus_10,-0.1,18.0,19.8,0.2868824306481333,0.29295435668175496,0.006071926033621666,0.006071926033621666,0,0,0,-1
german,mlp,1,duration,relative_minus_10,-0.1,18.0,19.8,0.4198976318717018,0.41983874063859056,-5.889123311125788e-05,5.889123311125788e-05,0,0,0,-1
german,mlp,2,duration,relative_minus_10,-0.1,11.0,12.1,0.26258346992117976,0.26499502893495425,0.002411559013774489,0.002411559013774489,0,0,0,-1
german,mlp,3,duration,relative_minus_10,-0.1,36.0,39.6,0.1802774281890517,0.19134881498332965,0.011071386794277938,0.011071386794277938,0,0,0,-1
german,mlp,4,duration,relative_minus_10,-0.1,4.0,4.4,0.1819840520060159,0.181957064622511,-2.6987383504900597e-05,2.6987383504900597e-05,0,0,0,-1
german,mlp,5,duration,relative_minus_10,-0.1,5.0,5.5,0.2043107705535393,0.2046927560873091,0.0003819855337698075,0.0003819855337698075,0,0,0,-1
german,mlp,6,duration,relative_minus_10,-0.1,30.0,33.0,0.24145627495089156,0.25085195505163954,0.009395680100747983,0.009395680100747983,0,0,0,-1
german,mlp,7,duration,relative_minus_10,-0.1,36.0,39.6,0.361249588683193,0.368969618794173,0.007720030110979992,0.007720030110979992,0,0,0,-1
german,mlp,8,duration,relative_minus_10,-0.1,12.0,13.2,0.29833305974606383,0.30139598222480146,0.0030629224787376286,0.0030629224787376286,0,0,0,-1
german,mlp,9,duration,relative_minus_10,-0.1,24.0,26.4,0.4084749758946331,0.40964683669014273,0.0011718607955096272,0.0011718607955096272,0,0,0,-1
german,mlp,10,duration,relative_minus_10,-0.1,18.0,19.8,0.1978244007482361,0.1970142391135551,-0.0008101616346810059,0.0008101616346810059,0,0,0,-1
german,mlp,11,duration,relative_minus_10,-0.1,6.0,6.6,0.4490305536205001,0.4525667639727247,0.0035362103522246224,0.0035362103522246224,0,0,0,-1
german,mlp,12,duration,relative_minus_10,-0.1,12.0,13.2,0.3380754225555931,0.33986672020693137,0.0017912976513382861,0.0017912976513382861,0,0,0,-1
german,mlp,13,duration,relative_minus_10,-0.1,12.0,13.2,0.3226170260018927,0.3213297521303869,-0.0012872738715057896,0.0012872738715057896,0,0,0,-1
german,mlp,14,duration,relative_minus_10,-0.1,6.0,6.6,0.1607190907005708,0.16154593183417218,0.0008268411336013748,0.0008268411336013748,0,0,0,-1
german,mlp,15,duration,relative_minus_10,-0.1,15.0,16.5,0.2991772357699808,0.3043642148271319,0.005186979057151098,0.005186979057151098,0,0,0,-1
german,mlp,16,duration,relative_minus_10,-0.1,12.0,13.2,0.07569409040610586,0.07739909659808371,0.0017050061919778453,0.0017050061919778453,0,0,0,-1
german,mlp,17,duration,relative_minus_10,-0.1,30.0,33.0,0.320382999871944,0.3242378397890426,0.0038548399170985626,0.0038548399170985626,0,0,0,-1
german,mlp,18,duration,relative_minus_10,-0.1,18.0,19.8,0.21792612201370706,0.21786113662769016,-6.498538601690251e-05,6.498538601690251e-05,0,0,0,-1
german,mlp,19,duration,relative_minus_10,-0.1,18.0,19.8,0.5132077646135412,0.5201233642014139,0.0069155995878726895,0.0069155995878726895,1,1,0,-1
german,mlp,20,duration,relative_minus_10,-0.1,18.0,19.8,0.16826818543871874,0.17432790495595105,0.006059719517232304,0.006059719517232304,0,0,0,-1
german,mlp,21,duration,relative_minus_10,-0.1,6.0,6.6,0.18871648712224667,0.19017829922661428,0.0014618121043676047,0.0014618121043676047,0,0,0,-1
german,mlp,22,duration,relative_minus_10,-0.1,15.0,16.5,0.2340361932873373,0.23487913087173928,0.0008429375844019871,0.0008429375844019871,0,0,0,-1
german,mlp,23,duration,relative_minus_10,-0.1,18.0,19.8,0.49953972896498505,0.504631848623454,0.005092119658468952,0.005092119658468952,0,1,1,-1
german,mlp,24,duration,relative_minus_10,-0.1,36.0,39.6,0.3945250994274686,0.3970238401816595,0.0024987407541908757,0.0024987407541908757,0,0,0,-1
german,mlp,25,duration,relative_minus_10,-0.1,9.0,9.9,0.1999714289423839,0.2022935944848473,0.0023221655424633947,0.0023221655424633947,0,0,0,-1
german,mlp,26,duration,relative_minus_10,-0.1,30.0,33.0,0.2622371730736121,0.264568896604764,0.002331723531151908,0.002331723531151908,0,0,0,-1
german,mlp,27,duration,relative_minus_10,-0.1,12.0,13.2,0.40187252116986394,0.4079812282490538,0.006108707079189868,0.006108707079189868,0,0,0,-1
german,mlp,28,duration,relative_minus_10,-0.1,6.0,6.6,0.21975633548972673,0.2201646933572986,0.00040835786757187353,0.00040835786757187353,0,0,0,-1
german,mlp,29,duration,relative_minus_10,-0.1,6.0,6.6,0.28996688444799096,0.29130195642034107,0.0013350719723501103,0.0013350719723501103,0,0,0,-1
german,mlp,30,duration,relative_minus_10,-0.1,15.0,16.5,0.5843997058285129,0.5878934676901695,0.003493761861656619,0.003493761861656619,1,1,0,-1
german,mlp,31,duration,relative_minus_10,-0.1,9.0,9.9,0.42703271675750654,0.43030586561100836,0.0032731488535018283,0.0032731488535018283,0,0,0,-1
german,mlp,32,duration,relative_minus_10,-0.1,15.0,16.5,0.06159397700408669,0.06272302532011359,0.0011290483160268996,0.0011290483160268996,0,0,0,-1
german,mlp,33,duration,relative_minus_10,-0.1,9.0,9.9,0.2452309775841329,0.24564272489265856,0.0004117473085256673,0.0004117473085256673,0,0,0,-1
german,mlp,34,duration,relative_minus_10,-0.1,24.0,26.4,0.5123814318058395,0.5098268901198085,-0.0025545416860309755,0.0025545416860309755,1,1,0,-1
german,mlp,35,duration,relative_minus_10,-0.1,18.0,19.8,0.4040062504090185,0.4057293680971331,0.001723117688114617,0.001723117688114617,0,0,0,-1
german,mlp,36,duration,relative_minus_10,-0.1,36.0,39.6,0.39041320626672604,0.38812989175453955,-0.002283314512186496,0.002283314512186496,0,0,0,-1
german,mlp,37,duration,relative_minus_10,-0.1,15.0,16.5,0.3668266156268264,0.3723171968722223,0.00549058124539592,0.00549058124539592,0,0,0,-1
german,mlp,38,duration,relative_minus_10,-0.1,36.0,39.6,0.399240031305948,0.40183183176968595,0.00259180046373797,0.00259180046373797,0,0,0,-1
german,mlp,39,duration,relative_minus_10,-0.1,12.0,13.2,0.31310442539427324,0.31741319680448693,0.004308771410213685,0.004308771410213685,0,0,0,-1
german,mlp,40,duration,relative_minus_10,-0.1,24.0,26.4,0.3333594981968233,0.34358434804355503,0.01022484984673172,0.01022484984673172,0,0,0,-1
german,mlp,41,duration,relative_minus_10,-0.1,18.0,19.8,0.3016974078180434,0.3024448936349059,0.0007474858168625143,0.0007474858168625143,0,0,0,-1
german,mlp,42,duration,relative_minus_10,-0.1,12.0,13.2,0.3967842920357588,0.4007977229348493,0.004013430899090453,0.004013430899090453,0,0,0,-1
german,mlp,43,duration,relative_minus_10,-0.1,15.0,16.5,0.2191377203672374,0.22053750869706235,0.001399788329824958,0.001399788329824958,0,0,0,-1
german,mlp,44,duration,relative_minus_10,-0.1,27.0,29.7,0.30746499417314455,0.31310624078210436,0.005641246608959816,0.005641246608959816,0,0,0,-1
german,mlp,45,duration,relative_minus_10,-0.1,18.0,19.8,0.19417247812730504,0.19586774543425073,0.0016952673069456914,0.0016952673069456914,0,0,0,-1
german,mlp,46,duration,relative_minus_10,-0.1,48.0,52.8,0.19798688045008261,0.20897698743376414,0.010990106983681525,0.010990106983681525,0,0,0,-1
german,mlp,47,duration,relative_minus_10,-0.1,10.0,11.0,0.2718695537935461,0.2745117801800063,0.0026422263864602225,0.0026422263864602225,0,0,0,-1
german,mlp,48,duration,relative_minus_10,-0.1,30.0,33.0,0.1750165253584432,0.18160202182428356,0.0065854964658403625,0.0065854964658403625,0,0,0,-1
german,mlp,49,duration,relative_minus_10,-0.1,24.0,26.4,0.4588613965006128,0.461533872557691,0.0026724760570782102,0.0026724760570782102,0,0,0,-1
german,mlp,50,duration,relative_minus_10,-0.1,21.0,23.1,0.25833505988114175,0.2593788280041572,0.0010437681230154316,0.0010437681230154316,0,0,0,-1
german,mlp,51,duration,relative_minus_10,-0.1,9.0,9.9,0.23994228781447036,0.24077116188183798,0.0008288740673676187,0.0008288740673676187,0,0,0,-1
german,mlp,52,duration,relative_minus_10,-0.1,18.0,19.8,0.25197598703294255,0.25378892726538904,0.0018129402324464916,0.0018129402324464916,0,0,0,-1
german,mlp,53,duration,relative_minus_10,-0.1,18.0,19.8,0.24562077738290533,0.24996926258920954,0.004348485206304209,0.004348485206304209,0,0,0,-1
german,mlp,54,duration,relative_minus_10,-0.1,12.0,13.2,0.18732343132224302,0.18836431171723378,0.0010408803949907564,0.0010408803949907564,0,0,0,-1
german,mlp,55,duration,relative_minus_10,-0.1,45.0,49.5,0.3754380929776099,0.3799592218955958,0.004521128917985895,0.004521128917985895,0,0,0,-1
german,mlp,56,duration,relative_minus_10,-0.1,18.0,19.8,0.33683635847007065,0.33992843659389543,0.003092078123824782,0.003092078123824782,0,0,0,-1
german,mlp,57,duration,relative_minus_10,-0.1,24.0,26.4,0.4247782060955582,0.42763517659476885,0.0028569704992106315,0.0028569704992106315,0,0,0,-1
german,mlp,58,duration,relative_minus_10,-0.1,6.0,6.6,0.20020788889953503,0.2010987072273134,0.0008908183277783754,0.0008908183277783754,0,0,0,-1
german,mlp,59,duration,relative_minus_10,-0.1,24.0,26.4,0.5357836989632669,0.5512896647095882,0.015505965746321237,0.015505965746321237,1,1,0,-1
german,mlp,60,duration,relative_minus_10,-0.1,12.0,13.2,0.33610005721370495,0.3412830577390481,0.005183000525343151,0.005183000525343151,0,0,0,-1
german,mlp,61,duration,relative_minus_10,-0.1,18.0,19.8,0.21555248127528462,0.21627089169393807,0.0007184104186534479,0.0007184104186534479,0,0,0,-1
german,mlp,62,duration,relative_minus_10,-0.1,36.0,39.6,0.26851517186260315,0.2716565663732739,0.0031413945106707475,0.0031413945106707475,0,0,0,-1
german,mlp,63,duration,relative_minus_10,-0.1,39.0,42.9,0.42519995561469526,0.43096383734543653,0.0057638817307412715,0.0057638817307412715,0,0,0,-1
german,mlp,64,duration,relative_minus_10,-0.1,18.0,19.8,0.3902998055499012,0.3891970736445599,-0.0011027319053412699,0.0011027319053412699,0,0,0,-1
german,mlp,65,duration,relative_minus_10,-0.1,24.0,26.4,0.22708278958567477,0.23394500693074377,0.006862217345069005,0.006862217345069005,0,0,0,-1
german,mlp,66,duration,relative_minus_10,-0.1,24.0,26.4,0.43863287851091937,0.44335054989110967,0.0047176713801903025,0.0047176713801903025,0,0,0,-1
german,mlp,67,duration,relative_minus_10,-0.1,36.0,39.6,0.6061115695108918,0.6053633264126687,-0.0007482430982231891,0.0007482430982231891,1,1,0,-1
german,mlp,68,duration,relative_minus_10,-0.1,27.0,29.7,0.367077678742253,0.36914014085486624,0.002062462112613239,0.002062462112613239,0,0,0,-1
german,mlp,69,duration,relative_minus_10,-0.1,15.0,16.5,0.4207072819437597,0.4255942333780834,0.004886951434323661,0.004886951434323661,0,0,0,-1
german,mlp,70,duration,relative_minus_10,-0.1,12.0,13.2,0.35120868452508525,0.35552161851841735,0.004312933993332102,0.004312933993332102,0,0,0,-1
german,mlp,71,duration,relative_minus_10,-0.1,24.0,26.4,0.2326481332416817,0.2335571941750984,0.0009090609334166944,0.0009090609334166944,0,0,0,-1
german,mlp,72,duration,relative_minus_10,-0.1,10.0,11.0,0.17579921113180116,0.17644604450855164,0.0006468333767504775,0.0006468333767504775,0,0,0,-1
german,mlp,73,duration,relative_minus_10,-0.1,12.0,13.2,0.22932773566828754,0.2309996165858068,0.0016718809175192695,0.0016718809175192695,0,0,0,-1
german,mlp,74,duration,relative_minus_10,-0.1,12.0,13.2,0.21586888817903582,0.2185226885467931,0.002653800367757281,0.002653800367757281,0,0,0,-1
german,mlp,75,duration,relative_minus_10,-0.1,15.0,16.5,0.4423554762861602,0.4423634779664714,8.001680311231496e-06,8.001680311231496e-06,0,0,0,-1
german,mlp,76,duration,relative_minus_10,-0.1,12.0,13.2,0.32507530002633894,0.32540972697069787,0.00033442694435892317,0.00033442694435892317,0,0,0,-1
german,mlp,77,duration,relative_minus_10,-0.1,24.0,26.4,0.3010734026184118,0.30365346696442574,0.0025800643460139328,0.0025800643460139328,0,0,0,-1
german,mlp,78,duration,relative_minus_10,-0.1,30.0,33.0,0.24763530518832041,0.25594308689615547,0.008307781707835055,0.008307781707835055,0,0,0,-1
german,mlp,79,duration,relative_minus_10,-0.1,45.0,49.5,0.4172248844520669,0.42261240450608034,0.005387520054013439,0.005387520054013439,0,0,0,-1
german,mlp,80,duration,relative_minus_10,-0.1,60.0,66.0,0.284838415529233,0.2975183593853531,0.01267994385612009,0.01267994385612009,0,0,0,-1
german,mlp,81,duration,relative_minus_10,-0.1,54.0,59.4,0.17349396284028698,0.1685380060714833,-0.004955956768803671,0.004955956768803671,0,0,0,-1
german,mlp,82,duration,relative_minus_10,-0.1,13.0,14.3,0.39424334337811145,0.3950349982336204,0.000791654855508972,0.000791654855508972,0,0,0,-1
german,mlp,83,duration,relative_minus_10,-0.1,21.0,23.1,0.367820580992647,0.36090516431645514,-0.006915416676191832,0.006915416676191832,0,0,0,-1
german,mlp,84,duration,relative_minus_10,-0.1,36.0,39.6,0.3448230799863803,0.35348537919982204,0.008662299213441749,0.008662299213441749,0,0,0,-1
german,mlp,85,duration,relative_minus_10,-0.1,12.0,13.2,0.2444924421566889,0.24377952813760792,-0.000712914019080968,0.000712914019080968,0,0,0,-1
german,mlp,86,duration,relative_minus_10,-0.1,7.0,7.7,0.29800204425166227,0.29987849994365906,0.0018764556919967923,0.0018764556919967923,0,0,0,-1
german,mlp,87,duration,relative_minus_10,-0.1,36.0,39.6,0.4966269950842168,0.49628154393371476,-0.0003454511505020519,0.0003454511505020519,0,0,0,-1
german,mlp,88,duration,relative_minus_10,-0.1,24.0,26.4,0.23144707170933512,0.22931542451170078,-0.00213164719763434,0.00213164719763434,0,0,0,-1
german,mlp,89,duration,relative_minus_10,-0.1,48.0,52.8,0.6400407350476786,0.6354974876464896,-0.0045432474011889434,0.0045432474011889434,1,1,0,-1
german,mlp,90,duration,relative_minus_10,-0.1,42.0,46.2,0.4822416863981328,0.5130976985068864,0.03085601210875355,0.03085601210875355,0,1,1,-1
german,mlp,91,duration,relative_minus_10,-0.1,24.0,26.4,0.40143078123405807,0.4121197187072115,0.010688937473153415,0.010688937473153415,0,0,0,-1
german,mlp,92,duration,relative_minus_10,-0.1,15.0,16.5,0.44359454779618673,0.4466556454537529,0.003061097657566181,0.003061097657566181,0,0,0,-1
german,mlp,93,duration,relative_minus_10,-0.1,18.0,19.8,0.3046662796706493,0.30549592822280003,0.0008296485521507302,0.0008296485521507302,0,0,0,-1
german,mlp,94,duration,relative_minus_10,-0.1,6.0,6.6,0.12739534911392703,0.12837109063750096,0.0009757415235739364,0.0009757415235739364,0,0,0,-1
german,mlp,95,duration,relative_minus_10,-0.1,21.0,23.1,0.15522877788983463,0.15867520878250288,0.003446430892668245,0.003446430892668245,0,0,0,-1
german,mlp,96,duration,relative_minus_10,-0.1,24.0,26.4,0.36442913704527324,0.3690722922690041,0.004643155223730877,0.004643155223730877,0,0,0,-1
german,mlp,97,duration,relative_minus_10,-0.1,10.0,11.0,0.25451466263318945,0.2531608528508128,-0.001353809782376647,0.001353809782376647,0,0,0,-1
german,mlp,98,duration,relative_minus_10,-0.1,24.0,26.4,0.6586898441318234,0.6585961205808327,-9.372355099068752e-05,9.372355099068752e-05,1,1,0,-1
german,mlp,99,duration,relative_minus_10,-0.1,12.0,13.2,0.24855132238008826,0.24960902939675794,0.0010577070166696845,0.0010577070166696845,0,0,0,-1
german,mlp,0,duration,relative_plus_10,0.1,18.0,19.8,0.2868824306481333,0.29295435668175496,0.006071926033621666,0.006071926033621666,0,0,0,-1
german,mlp,1,duration,relative_plus_10,0.1,18.0,19.8,0.4198976318717018,0.41983874063859056,-5.889123311125788e-05,5.889123311125788e-05,0,0,0,-1
german,mlp,2,duration,relative_plus_10,0.1,11.0,12.1,0.26258346992117976,0.26499502893495425,0.002411559013774489,0.002411559013774489,0,0,0,-1
german,mlp,3,duration,relative_plus_10,0.1,36.0,39.6,0.1802774281890517,0.19134881498332965,0.011071386794277938,0.011071386794277938,0,0,0,-1
german,mlp,4,duration,relative_plus_10,0.1,4.0,4.4,0.1819840520060159,0.181957064622511,-2.6987383504900597e-05,2.6987383504900597e-05,0,0,0,-1
german,mlp,5,duration,relative_plus_10,0.1,5.0,5.5,0.2043107705535393,0.2046927560873091,0.0003819855337698075,0.0003819855337698075,0,0,0,-1
german,mlp,6,duration,relative_plus_10,0.1,30.0,33.0,0.24145627495089156,0.25085195505163954,0.009395680100747983,0.009395680100747983,0,0,0,-1
german,mlp,7,duration,relative_plus_10,0.1,36.0,39.6,0.361249588683193,0.368969618794173,0.007720030110979992,0.007720030110979992,0,0,0,-1
german,mlp,8,duration,relative_plus_10,0.1,12.0,13.2,0.29833305974606383,0.30139598222480146,0.0030629224787376286,0.0030629224787376286,0,0,0,-1
german,mlp,9,duration,relative_plus_10,0.1,24.0,26.4,0.4084749758946331,0.40964683669014273,0.0011718607955096272,0.0011718607955096272,0,0,0,-1
german,mlp,10,duration,relative_plus_10,0.1,18.0,19.8,0.1978244007482361,0.1970142391135551,-0.0008101616346810059,0.0008101616346810059,0,0,0,-1
german,mlp,11,duration,relative_plus_10,0.1,6.0,6.6,0.4490305536205001,0.4525667639727247,0.0035362103522246224,0.0035362103522246224,0,0,0,-1
german,mlp,12,duration,relative_plus_10,0.1,12.0,13.2,0.3380754225555931,0.33986672020693137,0.0017912976513382861,0.0017912976513382861,0,0,0,-1
german,mlp,13,duration,relative_plus_10,0.1,12.0,13.2,0.3226170260018927,0.3213297521303869,-0.0012872738715057896,0.0012872738715057896,0,0,0,-1
german,mlp,14,duration,relative_plus_10,0.1,6.0,6.6,0.1607190907005708,0.16154593183417218,0.0008268411336013748,0.0008268411336013748,0,0,0,-1
german,mlp,15,duration,relative_plus_10,0.1,15.0,16.5,0.2991772357699808,0.3043642148271319,0.005186979057151098,0.005186979057151098,0,0,0,-1
german,mlp,16,duration,relative_plus_10,0.1,12.0,13.2,0.07569409040610586,0.07739909659808371,0.0017050061919778453,0.0017050061919778453,0,0,0,-1
german,mlp,17,duration,relative_plus_10,0.1,30.0,33.0,0.320382999871944,0.3242378397890426,0.0038548399170985626,0.0038548399170985626,0,0,0,-1
german,mlp,18,duration,relative_plus_10,0.1,18.0,19.8,0.21792612201370706,0.21786113662769016,-6.498538601690251e-05,6.498538601690251e-05,0,0,0,-1
german,mlp,19,duration,relative_plus_10,0.1,18.0,19.8,0.5132077646135412,0.5201233642014139,0.0069155995878726895,0.0069155995878726895,1,1,0,-1
german,mlp,20,duration,relative_plus_10,0.1,18.0,19.8,0.16826818543871874,0.17432790495595105,0.006059719517232304,0.006059719517232304,0,0,0,-1
german,mlp,21,duration,relative_plus_10,0.1,6.0,6.6,0.18871648712224667,0.19017829922661428,0.0014618121043676047,0.0014618121043676047,0,0,0,-1
german,mlp,22,duration,relative_plus_10,0.1,15.0,16.5,0.2340361932873373,0.23487913087173928,0.0008429375844019871,0.0008429375844019871,0,0,0,-1
german,mlp,23,duration,relative_plus_10,0.1,18.0,19.8,0.49953972896498505,0.504631848623454,0.005092119658468952,0.005092119658468952,0,1,1,-1
german,mlp,24,duration,relative_plus_10,0.1,36.0,39.6,0.3945250994274686,0.3970238401816595,0.0024987407541908757,0.0024987407541908757,0,0,0,-1
german,mlp,25,duration,relative_plus_10,0.1,9.0,9.9,0.1999714289423839,0.2022935944848473,0.0023221655424633947,0.0023221655424633947,0,0,0,-1
german,mlp,26,duration,relative_plus_10,0.1,30.0,33.0,0.2622371730736121,0.264568896604764,0.002331723531151908,0.002331723531151908,0,0,0,-1
german,mlp,27,duration,relative_plus_10,0.1,12.0,13.2,0.40187252116986394,0.4079812282490538,0.006108707079189868,0.006108707079189868,0,0,0,-1
german,mlp,28,duration,relative_plus_10,0.1,6.0,6.6,0.21975633548972673,0.2201646933572986,0.00040835786757187353,0.00040835786757187353,0,0,0,-1
german,mlp,29,duration,relative_plus_10,0.1,6.0,6.6,0.28996688444799096,0.29130195642034107,0.0013350719723501103,0.0013350719723501103,0,0,0,-1
german,mlp,30,duration,relative_plus_10,0.1,15.0,16.5,0.5843997058285129,0.5878934676901695,0.003493761861656619,0.003493761861656619,1,1,0,-1
german,mlp,31,duration,relative_plus_10,0.1,9.0,9.9,0.42703271675750654,0.43030586561100836,0.0032731488535018283,0.0032731488535018283,0,0,0,-1
german,mlp,32,duration,relative_plus_10,0.1,15.0,16.5,0.06159397700408669,0.06272302532011359,0.0011290483160268996,0.0011290483160268996,0,0,0,-1
german,mlp,33,duration,relative_plus_10,0.1,9.0,9.9,0.2452309775841329,0.24564272489265856,0.0004117473085256673,0.0004117473085256673,0,0,0,-1
german,mlp,34,duration,relative_plus_10,0.1,24.0,26.4,0.5123814318058395,0.5098268901198085,-0.0025545416860309755,0.0025545416860309755,1,1,0,-1
german,mlp,35,duration,relative_plus_10,0.1,18.0,19.8,0.4040062504090185,0.4057293680971331,0.001723117688114617,0.001723117688114617,0,0,0,-1
german,mlp,36,duration,relative_plus_10,0.1,36.0,39.6,0.39041320626672604,0.38812989175453955,-0.002283314512186496,0.002283314512186496,0,0,0,-1
german,mlp,37,duration,relative_plus_10,0.1,15.0,16.5,0.3668266156268264,0.3723171968722223,0.00549058124539592,0.00549058124539592,0,0,0,-1
german,mlp,38,duration,relative_plus_10,0.1,36.0,39.6,0.399240031305948,0.40183183176968595,0.00259180046373797,0.00259180046373797,0,0,0,-1
german,mlp,39,duration,relative_plus_10,0.1,12.0,13.2,0.31310442539427324,0.31741319680448693,0.004308771410213685,0.004308771410213685,0,0,0,-1
german,mlp,40,duration,relative_plus_10,0.1,24.0,26.4,0.3333594981968233,0.34358434804355503,0.01022484984673172,0.01022484984673172,0,0,0,-1
german,mlp,41,duration,relative_plus_10,0.1,18.0,19.8,0.3016974078180434,0.3024448936349059,0.0007474858168625143,0.0007474858168625143,0,0,0,-1
german,mlp,42,duration,relative_plus_10,0.1,12.0,13.2,0.3967842920357588,0.4007977229348493,0.004013430899090453,0.004013430899090453,0,0,0,-1
german,mlp,43,duration,relative_plus_10,0.1,15.0,16.5,0.2191377203672374,0.22053750869706235,0.001399788329824958,0.001399788329824958,0,0,0,-1
german,mlp,44,duration,relative_plus_10,0.1,27.0,29.7,0.30746499417314455,0.31310624078210436,0.005641246608959816,0.005641246608959816,0,0,0,-1
german,mlp,45,duration,relative_plus_10,0.1,18.0,19.8,0.19417247812730504,0.19586774543425073,0.0016952673069456914,0.0016952673069456914,0,0,0,-1
german,mlp,46,duration,relative_plus_10,0.1,48.0,52.8,0.19798688045008261,0.20897698743376414,0.010990106983681525,0.010990106983681525,0,0,0,-1
german,mlp,47,duration,relative_plus_10,0.1,10.0,11.0,0.2718695537935461,0.2745117801800063,0.0026422263864602225,0.0026422263864602225,0,0,0,-1
german,mlp,48,duration,relative_plus_10,0.1,30.0,33.0,0.1750165253584432,0.18160202182428356,0.0065854964658403625,0.0065854964658403625,0,0,0,-1
german,mlp,49,duration,relative_plus_10,0.1,24.0,26.4,0.4588613965006128,0.461533872557691,0.0026724760570782102,0.0026724760570782102,0,0,0,-1
german,mlp,50,duration,relative_plus_10,0.1,21.0,23.1,0.25833505988114175,0.2593788280041572,0.0010437681230154316,0.0010437681230154316,0,0,0,-1
german,mlp,51,duration,relative_plus_10,0.1,9.0,9.9,0.23994228781447036,0.24077116188183798,0.0008288740673676187,0.0008288740673676187,0,0,0,-1
german,mlp,52,duration,relative_plus_10,0.1,18.0,19.8,0.25197598703294255,0.25378892726538904,0.0018129402324464916,0.0018129402324464916,0,0,0,-1
german,mlp,53,duration,relative_plus_10,0.1,18.0,19.8,0.24562077738290533,0.24996926258920954,0.004348485206304209,0.004348485206304209,0,0,0,-1
german,mlp,54,duration,relative_plus_10,0.1,12.0,13.2,0.18732343132224302,0.18836431171723378,0.0010408803949907564,0.0010408803949907564,0,0,0,-1
german,mlp,55,duration,relative_plus_10,0.1,45.0,49.5,0.3754380929776099,0.3799592218955958,0.004521128917985895,0.004521128917985895,0,0,0,-1
german,mlp,56,duration,relative_plus_10,0.1,18.0,19.8,0.33683635847007065,0.33992843659389543,0.003092078123824782,0.003092078123824782,0,0,0,-1
german,mlp,57,duration,relative_plus_10,0.1,24.0,26.4,0.4247782060955582,0.42763517659476885,0.0028569704992106315,0.0028569704992106315,0,0,0,-1
german,mlp,58,duration,relative_plus_10,0.1,6.0,6.6,0.20020788889953503,0.2010987072273134,0.0008908183277783754,0.0008908183277783754,0,0,0,-1
german,mlp,59,duration,relative_plus_10,0.1,24.0,26.4,0.5357836989632669,0.5512896647095882,0.015505965746321237,0.015505965746321237,1,1,0,-1
german,mlp,60,duration,relative_plus_10,0.1,12.0,13.2,0.33610005721370495,0.3412830577390481,0.005183000525343151,0.005183000525343151,0,0,0,-1
german,mlp,61,duration,relative_plus_10,0.1,18.0,19.8,0.21555248127528462,0.21627089169393807,0.0007184104186534479,0.0007184104186534479,0,0,0,-1
german,mlp,62,duration,relative_plus_10,0.1,36.0,39.6,0.26851517186260315,0.2716565663732739,0.0031413945106707475,0.0031413945106707475,0,0,0,-1
german,mlp,63,duration,relative_plus_10,0.1,39.0,42.9,0.42519995561469526,0.43096383734543653,0.0057638817307412715,0.0057638817307412715,0,0,0,-1
german,mlp,64,duration,relative_plus_10,0.1,18.0,19.8,0.3902998055499012,0.3891970736445599,-0.0011027319053412699,0.0011027319053412699,0,0,0,-1
german,mlp,65,duration,relative_plus_10,0.1,24.0,26.4,0.22708278958567477,0.23394500693074377,0.006862217345069005,0.006862217345069005,0,0,0,-1
german,mlp,66,duration,relative_plus_10,0.1,24.0,26.4,0.43863287851091937,0.44335054989110967,0.0047176713801903025,0.0047176713801903025,0,0,0,-1
german,mlp,67,duration,relative_plus_10,0.1,36.0,39.6,0.6061115695108918,0.6053633264126687,-0.0007482430982231891,0.0007482430982231891,1,1,0,-1
german,mlp,68,duration,relative_plus_10,0.1,27.0,29.7,0.367077678742253,0.36914014085486624,0.002062462112613239,0.002062462112613239,0,0,0,-1
german,mlp,69,duration,relative_plus_10,0.1,15.0,16.5,0.4207072819437597,0.4255942333780834,0.004886951434323661,0.004886951434323661,0,0,0,-1
german,mlp,70,duration,relative_plus_10,0.1,12.0,13.2,0.35120868452508525,0.35552161851841735,0.004312933993332102,0.004312933993332102,0,0,0,-1
german,mlp,71,duration,relative_plus_10,0.1,24.0,26.4,0.2326481332416817,0.2335571941750984,0.0009090609334166944,0.0009090609334166944,0,0,0,-1
german,mlp,72,duration,relative_plus_10,0.1,10.0,11.0,0.17579921113180116,0.17644604450855164,0.0006468333767504775,0.0006468333767504775,0,0,0,-1
german,mlp,73,duration,relative_plus_10,0.1,12.0,13.2,0.22932773566828754,0.2309996165858068,0.0016718809175192695,0.0016718809175192695,0,0,0,-1
german,mlp,74,duration,relative_plus_10,0.1,12.0,13.2,0.21586888817903582,0.2185226885467931,0.002653800367757281,0.002653800367757281,0,0,0,-1
german,mlp,75,duration,relative_plus_10,0.1,15.0,16.5,0.4423554762861602,0.4423634779664714,8.001680311231496e-06,8.001680311231496e-06,0,0,0,-1
german,mlp,76,duration,relative_plus_10,0.1,12.0,13.2,0.32507530002633894,0.32540972697069787,0.00033442694435892317,0.00033442694435892317,0,0,0,-1
german,mlp,77,duration,relative_plus_10,0.1,24.0,26.4,0.3010734026184118,0.30365346696442574,0.0025800643460139328,0.0025800643460139328,0,0,0,-1
german,mlp,78,duration,relative_plus_10,0.1,30.0,33.0,0.24763530518832041,0.25594308689615547,0.008307781707835055,0.008307781707835055,0,0,0,-1
german,mlp,79,duration,relative_plus_10,0.1,45.0,49.5,0.4172248844520669,0.42261240450608034,0.005387520054013439,0.005387520054013439,0,0,0,-1
german,mlp,80,duration,relative_plus_10,0.1,60.0,66.0,0.284838415529233,0.2975183593853531,0.01267994385612009,0.01267994385612009,0,0,0,-1
german,mlp,81,duration,relative_plus_10,0.1,54.0,59.4,0.17349396284028698,0.1685380060714833,-0.004955956768803671,0.004955956768803671,0,0,0,-1
german,mlp,82,duration,relative_plus_10,0.1,13.0,14.3,0.39424334337811145,0.3950349982336204,0.000791654855508972,0.000791654855508972,0,0,0,-1
german,mlp,83,duration,relative_plus_10,0.1,21.0,23.1,0.367820580992647,0.36090516431645514,-0.006915416676191832,0.006915416676191832,0,0,0,-1
german,mlp,84,duration,relative_plus_10,0.1,36.0,39.6,0.3448230799863803,0.35348537919982204,0.008662299213441749,0.008662299213441749,0,0,0,-1
german,mlp,85,duration,relative_plus_10,0.1,12.0,13.2,0.2444924421566889,0.24377952813760792,-0.000712914019080968,0.000712914019080968,0,0,0,-1
german,mlp,86,duration,relative_plus_10,0.1,7.0,7.7,0.29800204425166227,0.29987849994365906,0.0018764556919967923,0.0018764556919967923,0,0,0,-1
german,mlp,87,duration,relative_plus_10,0.1,36.0,39.6,0.4966269950842168,0.49628154393371476,-0.0003454511505020519,0.0003454511505020519,0,0,0,-1
german,mlp,88,duration,relative_plus_10,0.1,24.0,26.4,0.23144707170933512,0.22931542451170078,-0.00213164719763434,0.00213164719763434,0,0,0,-1
german,mlp,89,duration,relative_plus_10,0.1,48.0,52.8,0.6400407350476786,0.6354974876464896,-0.0045432474011889434,0.0045432474011889434,1,1,0,-1
german,mlp,90,duration,relative_plus_10,0.1,42.0,46.2,0.4822416863981328,0.5130976985068864,0.03085601210875355,0.03085601210875355,0,1,1,-1
german,mlp,91,duration,relative_plus_10,0.1,24.0,26.4,0.40143078123405807,0.4121197187072115,0.010688937473153415,0.010688937473153415,0,0,0,-1
german,mlp,92,duration,relative_plus_10,0.1,15.0,16.5,0.44359454779618673,0.4466556454537529,0.003061097657566181,0.003061097657566181,0,0,0,-1
german,mlp,93,duration,relative_plus_10,0.1,18.0,19.8,0.3046662796706493,0.30549592822280003,0.0008296485521507302,0.0008296485521507302,0,0,0,-1
german,mlp,94,duration,relative_plus_10,0.1,6.0,6.6,0.12739534911392703,0.12837109063750096,0.0009757415235739364,0.0009757415235739364,0,0,0,-1
german,mlp,95,duration,relative_plus_10,0.1,21.0,23.1,0.15522877788983463,0.15867520878250288,0.003446430892668245,0.003446430892668245,0,0,0,-1
german,mlp,96,duration,relative_plus_10,0.1,24.0,26.4,0.36442913704527324,0.3690722922690041,0.004643155223730877,0.004643155223730877,0,0,0,-1
german,mlp,97,duration,relative_plus_10,0.1,10.0,11.0,0.25451466263318945,0.2531608528508128,-0.001353809782376647,0.001353809782376647,0,0,0,-1
german,mlp,98,duration,relative_plus_10,0.1,24.0,26.4,0.6586898441318234,0.6585961205808327,-9.372355099068752e-05,9.372355099068752e-05,1,1,0,-1
german,mlp,99,duration,relative_plus_10,0.1,12.0,13.2,0.24855132238008826,0.24960902939675794,0.0010577070166696845,0.0010577070166696845,0,0,0,-1
german,mlp,0,credit_amount,relative_minus_5,-0.05,3612.0,3792.6,0.2868824306481333,0.2881933522661168,0.0013109216179835181,0.0013109216179835181,0,0,0,-1
german,mlp,1,credit_amount,relative_minus_5,-0.05,6260.0,6573.0,0.4198976318717018,0.4216076997759514,0.0017100679042496014,0.0017100679042496014,0,0,0,-1
german,mlp,2,credit_amount,relative_minus_5,-0.05,1322.0,1388.1,0.26258346992117976,0.2628671360301411,0.0002836661089613557,0.0002836661089613557,0,0,0,-1
german,mlp,3,credit_amount,relative_minus_5,-0.05,2299.0,2413.95,0.1802774281890517,0.18079431736394025,0.0005168891748885407,0.0005168891748885407,0,0,0,-1
german,mlp,4,credit_amount,relative_minus_5,-0.05,1544.0,1621.2,0.1819840520060159,0.18264119699823278,0.0006571449922168904,0.0006571449922168904,0,0,0,-1
german,mlp,5,credit_amount,relative_minus_5,-0.05,3448.0,3620.4,0.2043107705535393,0.2056584464502063,0.001347675896667011,0.001347675896667011,0,0,0,-1
german,mlp,6,credit_amount,relative_minus_5,-0.05,5954.0,6251.7,0.24145627495089156,0.24428598770298027,0.002829712752088709,0.002829712752088709,0,0,0,-1
german,mlp,7,credit_amount,relative_minus_5,-0.05,3595.0,3774.75,0.361249588683193,0.36508201218902203,0.003832423505829019,0.003832423505829019,0,0,0,-1
german,mlp,8,credit_amount,relative_minus_5,-0.05,2292.0,2406.6,0.29833305974606383,0.30149163648833005,0.003158576742266217,0.003158576742266217,0,0,0,-1
german,mlp,9,credit_amount,relative_minus_5,-0.05,3234.0,3395.7,0.4084749758946331,0.4139984832677264,0.005523507373093317,0.005523507373093317,0,0,0,-1
german,mlp,10,credit_amount,relative_minus_5,-0.05,1795.0,1884.75,0.1978244007482361,0.19813960079863605,0.0003152000503999497,0.0003152000503999497,0,0,0,-1
german,mlp,11,credit_amount,relative_minus_5,-0.05,683.0,717.15,0.4490305536205001,0.4498175577272107,0.0007870041067106204,0.0007870041067106204,0,0,0,-1
german,mlp,12,credit_amount,relative_minus_5,-0.05,1412.0,1482.6,0.3380754225555931,0.33946167201466004,0.0013862494590669572,0.0013862494590669572,0,0,0,-1
german,mlp,13,credit_amount,relative_minus_5,-0.05,1768.0,1856.4,0.3226170260018927,0.3229374232802093,0.0003203972783166198,0.0003203972783166198,0,0,0,-1
german,mlp,14,credit_amount,relative_minus_5,-0.05,2647.0,2779.35,0.1607190907005708,0.16131825221499294,0.0005991615144221307,0.0005991615144221307,0,0,0,-1
german,mlp,15,credit_amount,relative_minus_5,-0.05,3959.0,4156.95,0.2991772357699808,0.30105865141104776,0.0018814156410669747,0.0018814156410669747,0,0,0,-1
german,mlp,16,credit_amount,relative_minus_5,-0.05,522.0,548.1,0.07569409040610586,0.07571475701704528,2.066661093941269e-05,2.066661093941269e-05,0,0,0,-1
german,mlp,17,credit_amount,relative_minus_5,-0.05,4280.0,4494.0,0.320382999871944,0.322338298321955,0.001955298450010967,0.001955298450010967,0,0,0,-1
german,mlp,18,credit_amount,relative_minus_5,-0.05,2404.0,2524.2,0.21792612201370706,0.21806069165655198,0.00013456964284491724,0.00013456964284491724,0,0,0,-1
german,mlp,19,credit_amount,relative_minus_5,-0.05,1131.0,1187.55,0.5132077646135412,0.5139256536271885,0.0007178890136472216,0.0007178890136472216,1,1,0,-1
german,mlp,20,credit_amount,relative_minus_5,-0.05,7511.0,7886.55,0.16826818543871874,0.17139787799139566,0.0031296925526769215,0.0031296925526769215,0,0,0,-1
german,mlp,21,credit_amount,relative_minus_5,-0.05,1238.0,1299.9,0.18871648712224667,0.18969208523767467,0.0009755981154279947,0.0009755981154279947,0,0,0,-1
german,mlp,22,credit_amount,relative_minus_5,-0.05,2728.0,2864.4,0.2340361932873373,0.23616178005108454,0.0021255867637472448,0.0021255867637472448,0,0,0,-1
german,mlp,23,credit_amount,relative_minus_5,-0.05,4297.0,4511.85,0.49953972896498505,0.5045638753744478,0.005024146409462749,0.005024146409462749,0,1,1,-1
german,mlp,24,credit_amount,relative_minus_5,-0.05,5179.0,5437.95,0.3945250994274686,0.39942541020182115,0.004900310774352545,0.004900310774352545,0,0,0,-1
german,mlp,25,credit_amount,relative_minus_5,-0.05,745.0,782.25,0.1999714289423839,0.2002189948860374,0.0002475659436534938,0.0002475659436534938,0,0,0,-1
german,mlp,26,credit_amount,relative_minus_5,-0.05,6187.0,6496.35,0.2622371730736121,0.26423727171714007,0.002000098643527959,0.002000098643527959,0,0,0,-1
german,mlp,27,credit_amount,relative_minus_5,-0.05,1330.0,1396.5,0.40187252116986394,0.4024725218186467,0.0006000006487827392,0.0006000006487827392,0,0,0,-1
german,mlp,28,credit_amount,relative_minus_5,-0.05,1554.0,1631.7,0.21975633548972673,0.2202298758427771,0.00047354035305036124,0.00047354035305036124,0,0,0,-1
german,mlp,29,credit_amount,relative_minus_5,-0.05,14555.0,15282.75,0.28996688444799096,0.28887879528489885,-0.0010880891630921097,0.0010880891630921097,0,0,0,-1
german,mlp,30,credit_amount,relative_minus_5,-0.05,1845.0,1937.25,0.5843997058285129,0.5868547039389224,0.002454998110409501,0.002454998110409501,1,1,0,-1
german,mlp,31,credit_amount,relative_minus_5,-0.05,1670.0,1753.5,0.42703271675750654,0.42810166396373844,0.0010689472062319072,0.0010689472062319072,0,0,0,-1
german,mlp,32,credit_amount,relative_minus_5,-0.05,2360.0,2478.0,0.06159397700408669,0.06187954653510327,0.00028556953101657734,0.00028556953101657734,0,0,0,-1
german,mlp,33,credit_amount,relative_minus_5,-0.05,1478.0,1551.9,0.2452309775841329,0.2462168280448926,0.0009858504607596907,0.0009858504607596907,0,0,0,-1
german,mlp,34,credit_amount,relative_minus_5,-0.05,1823.0,1914.15,0.5123814318058395,0.5141037528400854,0.001722321034245855,0.001722321034245855,1,1,0,-1
german,mlp,35,credit_amount,relative_minus_5,-0.05,2051.0,2153.55,0.4040062504090185,0.4059823013674339,0.0019760509584154096,0.0019760509584154096,0,0,0,-1
german,mlp,36,credit_amount,relative_minus_5,-0.05,2302.0,2417.1,0.39041320626672604,0.39374048602105016,0.0033272797543241195,0.0033272797543241195,0,0,0,-1
german,mlp,37,credit_amount,relative_minus_5,-0.05,1478.0,1551.9,0.3668266156268264,0.3676021973265752,0.0007755816997487841,0.0007755816997487841,0,0,0,-1
german,mlp,38,credit_amount,relative_minus_5,-0.05,8086.0,8490.3,0.399240031305948,0.4040122746797959,0.004772243373847906,0.004772243373847906,0,0,0,-1
german,mlp,39,credit_amount,relative_minus_5,-0.05,1503.0,1578.15,0.31310442539427324,0.31354408313232446,0.00043965773805121344,0.00043965773805121344,0,0,0,-1
german,mlp,40,credit_amount,relative_minus_5,-0.05,6314.0,6629.7,0.3333594981968233,0.3380363429957924,0.004676844798969071,0.004676844798969071,0,0,0,-1
german,mlp,41,credit_amount,relative_minus_5,-0.05,1113.0,1168.65,0.3016974078180434,0.3023425482307936,0.0006451404127502114,0.0006451404127502114,0,0,0,-1
german,mlp,42,credit_amount,relative_minus_5,-0.05,626.0,657.3,0.3967842920357588,0.3972689833623086,0.00048469132654976876,0.00048469132654976876,0,0,0,-1
german,mlp,43,credit_amount,relative_minus_5,-0.05,1275.0,1338.75,0.2191377203672374,0.21918596805550955,4.824768827216275e-05,4.824768827216275e-05,0,0,0,-1
german,mlp,44,credit_amount,relative_minus_5,-0.05,3915.0,4110.75,0.30746499417314455,0.31080615015921226,0.003341155986067712,0.003341155986067712,0,0,0,-1
german,mlp,45,credit_amount,relative_minus_5,-0.05,1445.0,1517.25,0.19417247812730504,0.19460599679690616,0.0004335186696011184,0.0004335186696011184,0,0,0,-1
german,mlp,46,credit_amount,relative_minus_5,-0.05,3578.0,3756.9,0.19798688045008261,0.20013769105278376,0.002150810602701142,0.002150810602701142,0,0,0,-1
german,mlp,47,credit_amount,relative_minus_5,-0.05,2146.0,2253.3,0.2718695537935461,0.2734114034716975,0.001541849678151408,0.001541849678151408,0,0,0,-1
german,mlp,48,credit_amount,relative_minus_5,-0.05,7596.0,7975.8,0.1750165253584432,0.17723523267441046,0.0022187073159672666,0.0022187073159672666,0,0,0,-1
german,mlp,49,credit_amount,relative_minus_5,-0.05,1755.0,1842.75,0.4588613965006128,0.46046076396197294,0.001599367461360135,0.001599367461360135,0,0,0,-1
german,mlp,50,credit_amount,relative_minus_5,-0.05,3976.0,4174.8,0.25833505988114175,0.2581295554443627,-0.00020550443677902486,0.00020550443677902486,0,0,0,-1
german,mlp,51,credit_amount,relative_minus_5,-0.05,2118.0,2223.9,0.23994228781447036,0.24012838502007658,0.00018609720560622267,0.00018609720560622267,0,0,0,-1
german,mlp,52,credit_amount,relative_minus_5,-0.05,2775.0,2913.75,0.25197598703294255,0.2533856763967697,0.0014096893638271268,0.0014096893638271268,0,0,0,-1
german,mlp,53,credit_amount,relative_minus_5,-0.05,1505.0,1580.25,0.24562077738290533,0.24574765659870376,0.0001268792157984311,0.0001268792157984311,0,0,0,-1
german,mlp,54,credit_amount,relative_minus_5,-0.05,1108.0,1163.4,0.18732343132224302,0.18743502764767983,0.00011159632543680797,0.00011159632543680797,0,0,0,-1
german,mlp,55,credit_amount,relative_minus_5,-0.05,3031.0,3182.55,0.3754380929776099,0.3793745307516478,0.003936437774037904,0.003936437774037904,0,0,0,-1
german,mlp,56,credit_amount,relative_minus_5,-0.05,1984.0,2083.2,0.33683635847007065,0.3386623658727741,0.0018260074027034445,0.0018260074027034445,0,0,0,-1
german,mlp,57,credit_amount,relative_minus_5,-0.05,2679.0,2812.95,0.4247782060955582,0.4271400985442403,0.002361892448682068,0.002361892448682068,0,0,0,-1
german,mlp,58,credit_amount,relative_minus_5,-0.05,1047.0,1099.35,0.20020788889953503,0.20065191941811425,0.00044403051857921927,0.00044403051857921927,0,0,0,-1
german,mlp,59,credit_amount,relative_minus_5,-0.05,2892.0,3036.6,0.5357836989632669,0.5387173478969888,0.002933648933721833,0.002933648933721833,1,1,0,-1
german,mlp,60,credit_amount,relative_minus_5,-0.05,3499.0,3673.95,0.33610005721370495,0.3385885416519694,0.0024884844382644378,0.0024884844382644378,0,0,0,-1
german,mlp,61,credit_amount,relative_minus_5,-0.05,1800.0,1890.0,0.21555248127528462,0.21613560348643845,0.0005831222111538359,0.0005831222111538359,0,0,0,-1
german,mlp,62,credit_amount,relative_minus_5,-0.05,8133.0,8539.65,0.26851517186260315,0.27029182992048195,0.0017766580578787994,0.0017766580578787994,0,0,0,-1
german,mlp,63,credit_amount,relative_minus_5,-0.05,11760.0,12348.0,0.42519995561469526,0.42673256883599847,0.001532613221303214,0.001532613221303214,0,0,0,-1
german,mlp,64,credit_amount,relative_minus_5,-0.05,976.0,1024.8,0.3902998055499012,0.39057763068513274,0.0002778251352315575,0.0002778251352315575,0,0,0,-1
german,mlp,65,credit_amount,relative_minus_5,-0.05,3062.0,3215.1,0.22708278958567477,0.2287423169229731,0.0016595273372983221,0.0016595273372983221,0,0,0,-1
german,mlp,66,credit_amount,relative_minus_5,-0.05,1597.0,1676.85,0.43863287851091937,0.43990539930943656,0.001272520798517196,0.001272520798517196,0,0,0,-1
german,mlp,67,credit_amount,relative_minus_5,-0.05,10974.0,11522.7,0.6061115695108918,0.6115788187936567,0.005467249282764874,0.005467249282764874,1,1,0,-1
german,mlp,68,credit_amount,relative_minus_5,-0.05,2442.0,2564.1,0.367077678742253,0.37145962132811294,0.004381942585859944,0.004381942585859944,0,0,0,-1
german,mlp,69,credit_amount,relative_minus_5,-0.05,2631.0,2762.55,0.4207072819437597,0.4222407461645743,0.0015334642208145732,0.0015334642208145732,0,0,0,-1
german,mlp,70,credit_amount,relative_minus_5,-0.05,759.0,796.95,0.35120868452508525,0.3517752589460903,0.0005665744210050505,0.0005665744210050505,0,0,0,-1
german,mlp,71,credit_amount,relative_minus_5,-0.05,6313.0,6628.65,0.2326481332416817,0.2357367958223329,0.003088662580651186,0.003088662580651186,0,0,0,-1
german,mlp,72,credit_amount,relative_minus_5,-0.05,1546.0,1623.3,0.17579921113180116,0.1761675210818686,0.00036830995006742473,0.00036830995006742473,0,0,0,-1
german,mlp,73,credit_amount,relative_minus_5,-0.05,2859.0,3001.95,0.22932773566828754,0.2300208646727236,0.0006931290044360494,0.0006931290044360494,0,0,0,-1
german,mlp,74,credit_amount,relative_minus_5,-0.05,1103.0,1158.15,0.21586888817903582,0.216415286736548,0.0005463985575121788,0.0005463985575121788,0,0,0,-1
german,mlp,75,credit_amount,relative_minus_5,-0.05,2511.0,2636.55,0.4423554762861602,0.4431255461861244,0.0007700698999641986,0.0007700698999641986,0,0,0,-1
german,mlp,76,credit_amount,relative_minus_5,-0.05,2748.0,2885.4,0.32507530002633894,0.3270956617666494,0.00202036174031045,0.00202036174031045,0,0,0,-1
german,mlp,77,credit_amount,relative_minus_5,-0.05,1199.0,1258.95,0.3010734026184118,0.30185548070112267,0.0007820780827108575,0.0007820780827108575,0,0,0,-1
german,mlp,78,credit_amount,relative_minus_5,-0.05,2831.0,2972.55,0.24763530518832041,0.24861832378036555,0.0009830185920451373,0.0009830185920451373,0,0,0,-1
german,mlp,79,credit_amount,relative_minus_5,-0.05,1845.0,1937.25,0.4172248844520669,0.41935471281559594,0.0021298283635290405,0.0021298283635290405,0,0,0,-1
german,mlp,80,credit_amount,relative_minus_5,-0.05,10144.0,10651.2,0.284838415529233,0.28849118976046906,0.0036527742312360556,0.0036527742312360556,0,0,0,-1
german,mlp,81,credit_amount,relative_minus_5,-0.05,9436.0,9907.8,0.17349396284028698,0.17392573158230948,0.00043176874202249804,0.00043176874202249804,0,0,0,-1
german,mlp,82,credit_amount,relative_minus_5,-0.05,2101.0,2206.05,0.39424334337811145,0.3944689916386673,0.00022564826055582188,0.00022564826055582188,0,0,0,-1
german,mlp,83,credit_amount,relative_minus_5,-0.05,1647.0,1729.35,0.367820580992647,0.3694965635697943,0.0016759825771473502,0.0016759825771473502,0,0,0,-1
german,mlp,84,credit_amount,relative_minus_5,-0.05,12389.0,13008.45,0.3448230799863803,0.35128713807219064,0.006464058085810354,0.006464058085810354,0,0,0,-1
german,mlp,85,credit_amount,relative_minus_5,-0.05,2096.0,2200.8,0.2444924421566889,0.24517519819256184,0.0006827560358729501,0.0006827560358729501,0,0,0,-1
german,mlp,86,credit_amount,relative_minus_5,-0.05,2415.0,2535.75,0.29800204425166227,0.30008185274392774,0.002079808492265467,0.002079808492265467,0,0,0,-1
german,mlp,87,credit_amount,relative_minus_5,-0.05,3959.0,4156.95,0.4966269950842168,0.5006280486046827,0.004001053520465869,0.004001053520465869,0,1,1,-1
german,mlp,88,credit_amount,relative_minus_5,-0.05,5804.0,6094.2,0.23144707170933512,0.23348994798866854,0.0020428762793334165,0.0020428762793334165,0,0,0,-1
german,mlp,89,credit_amount,relative_minus_5,-0.05,6224.0,6535.2,0.6400407350476786,0.6453862713355688,0.005345536287890251,0.005345536287890251,1,1,0,-1
german,mlp,90,credit_amount,relative_minus_5,-0.05,4796.0,5035.8,0.4822416863981328,0.4850988164514798,0.002857130053346979,0.002857130053346979,0,0,0,-1
german,mlp,91,credit_amount,relative_minus_5,-0.05,1603.0,1683.15,0.40143078123405807,0.40314425229220807,0.0017134710581500068,0.0017134710581500068,0,0,0,-1
german,mlp,92,credit_amount,relative_minus_5,-0.05,1905.0,2000.25,0.44359454779618673,0.44435438028871044,0.0007598324925237043,0.0007598324925237043,0,0,0,-1
german,mlp,93,credit_amount,relative_minus_5,-0.05,1936.0,2032.8,0.3046662796706493,0.3052908980202743,0.0006246183496250168,0.0006246183496250168,0,0,0,-1
german,mlp,94,credit_amount,relative_minus_5,-0.05,250.0,262.5,0.12739534911392703,0.12741134179150782,1.5992677580789483e-05,1.5992677580789483e-05,0,0,0,-1
german,mlp,95,credit_amount,relative_minus_5,-0.05,3160.0,3318.0,0.15522877788983463,0.15591501810619773,0.0006862402163630987,0.0006862402163630987,0,0,0,-1
german,mlp,96,credit_amount,relative_minus_5,-0.05,3181.0,3340.05,0.36442913704527324,0.3668402629427285,0.002411125897455235,0.002411125897455235,0,0,0,-1
german,mlp,97,credit_amount,relative_minus_5,-0.05,2241.0,2353.05,0.25451466263318945,0.2559886059130131,0.0014739432798236418,0.0014739432798236418,0,0,0,-1
german,mlp,98,credit_amount,relative_minus_5,-0.05,937.0,983.85,0.6586898441318234,0.6593801978133691,0.0006903536815456857,0.0006903536815456857,1,1,0,-1
german,mlp,99,credit_amount,relative_minus_5,-0.05,2012.0,2112.6,0.24855132238008826,0.2486604557906058,0.00010913341051754788,0.00010913341051754788,0,0,0,-1
german,mlp,0,credit_amount,relative_plus_5,0.05,3612.0,3792.6,0.2868824306481333,0.2881933522661168,0.0013109216179835181,0.0013109216179835181,0,0,0,-1
german,mlp,1,credit_amount,relative_plus_5,0.05,6260.0,6573.0,0.4198976318717018,0.4216076997759514,0.0017100679042496014,0.0017100679042496014,0,0,0,-1
german,mlp,2,credit_amount,relative_plus_5,0.05,1322.0,1388.1,0.26258346992117976,0.2628671360301411,0.0002836661089613557,0.0002836661089613557,0,0,0,-1
german,mlp,3,credit_amount,relative_plus_5,0.05,2299.0,2413.95,0.1802774281890517,0.18079431736394025,0.0005168891748885407,0.0005168891748885407,0,0,0,-1
german,mlp,4,credit_amount,relative_plus_5,0.05,1544.0,1621.2,0.1819840520060159,0.18264119699823278,0.0006571449922168904,0.0006571449922168904,0,0,0,-1
german,mlp,5,credit_amount,relative_plus_5,0.05,3448.0,3620.4,0.2043107705535393,0.2056584464502063,0.001347675896667011,0.001347675896667011,0,0,0,-1
german,mlp,6,credit_amount,relative_plus_5,0.05,5954.0,6251.7,0.24145627495089156,0.24428598770298027,0.002829712752088709,0.002829712752088709,0,0,0,-1
german,mlp,7,credit_amount,relative_plus_5,0.05,3595.0,3774.75,0.361249588683193,0.36508201218902203,0.003832423505829019,0.003832423505829019,0,0,0,-1
german,mlp,8,credit_amount,relative_plus_5,0.05,2292.0,2406.6,0.29833305974606383,0.30149163648833005,0.003158576742266217,0.003158576742266217,0,0,0,-1
german,mlp,9,credit_amount,relative_plus_5,0.05,3234.0,3395.7,0.4084749758946331,0.4139984832677264,0.005523507373093317,0.005523507373093317,0,0,0,-1
german,mlp,10,credit_amount,relative_plus_5,0.05,1795.0,1884.75,0.1978244007482361,0.19813960079863605,0.0003152000503999497,0.0003152000503999497,0,0,0,-1
german,mlp,11,credit_amount,relative_plus_5,0.05,683.0,717.15,0.4490305536205001,0.4498175577272107,0.0007870041067106204,0.0007870041067106204,0,0,0,-1
german,mlp,12,credit_amount,relative_plus_5,0.05,1412.0,1482.6,0.3380754225555931,0.33946167201466004,0.0013862494590669572,0.0013862494590669572,0,0,0,-1
german,mlp,13,credit_amount,relative_plus_5,0.05,1768.0,1856.4,0.3226170260018927,0.3229374232802093,0.0003203972783166198,0.0003203972783166198,0,0,0,-1
german,mlp,14,credit_amount,relative_plus_5,0.05,2647.0,2779.35,0.1607190907005708,0.16131825221499294,0.0005991615144221307,0.0005991615144221307,0,0,0,-1
german,mlp,15,credit_amount,relative_plus_5,0.05,3959.0,4156.95,0.2991772357699808,0.30105865141104776,0.0018814156410669747,0.0018814156410669747,0,0,0,-1
german,mlp,16,credit_amount,relative_plus_5,0.05,522.0,548.1,0.07569409040610586,0.07571475701704528,2.066661093941269e-05,2.066661093941269e-05,0,0,0,-1
german,mlp,17,credit_amount,relative_plus_5,0.05,4280.0,4494.0,0.320382999871944,0.322338298321955,0.001955298450010967,0.001955298450010967,0,0,0,-1
german,mlp,18,credit_amount,relative_plus_5,0.05,2404.0,2524.2,0.21792612201370706,0.21806069165655198,0.00013456964284491724,0.00013456964284491724,0,0,0,-1
german,mlp,19,credit_amount,relative_plus_5,0.05,1131.0,1187.55,0.5132077646135412,0.5139256536271885,0.0007178890136472216,0.0007178890136472216,1,1,0,-1
german,mlp,20,credit_amount,relative_plus_5,0.05,7511.0,7886.55,0.16826818543871874,0.17139787799139566,0.0031296925526769215,0.0031296925526769215,0,0,0,-1
german,mlp,21,credit_amount,relative_plus_5,0.05,1238.0,1299.9,0.18871648712224667,0.18969208523767467,0.0009755981154279947,0.0009755981154279947,0,0,0,-1
german,mlp,22,credit_amount,relative_plus_5,0.05,2728.0,2864.4,0.2340361932873373,0.23616178005108454,0.0021255867637472448,0.0021255867637472448,0,0,0,-1
german,mlp,23,credit_amount,relative_plus_5,0.05,4297.0,4511.85,0.49953972896498505,0.5045638753744478,0.005024146409462749,0.005024146409462749,0,1,1,-1
german,mlp,24,credit_amount,relative_plus_5,0.05,5179.0,5437.95,0.3945250994274686,0.39942541020182115,0.004900310774352545,0.004900310774352545,0,0,0,-1
german,mlp,25,credit_amount,relative_plus_5,0.05,745.0,782.25,0.1999714289423839,0.2002189948860374,0.0002475659436534938,0.0002475659436534938,0,0,0,-1
german,mlp,26,credit_amount,relative_plus_5,0.05,6187.0,6496.35,0.2622371730736121,0.26423727171714007,0.002000098643527959,0.002000098643527959,0,0,0,-1
german,mlp,27,credit_amount,relative_plus_5,0.05,1330.0,1396.5,0.40187252116986394,0.4024725218186467,0.0006000006487827392,0.0006000006487827392,0,0,0,-1
german,mlp,28,credit_amount,relative_plus_5,0.05,1554.0,1631.7,0.21975633548972673,0.2202298758427771,0.00047354035305036124,0.00047354035305036124,0,0,0,-1
german,mlp,29,credit_amount,relative_plus_5,0.05,14555.0,15282.75,0.28996688444799096,0.28887879528489885,-0.0010880891630921097,0.0010880891630921097,0,0,0,-1
german,mlp,30,credit_amount,relative_plus_5,0.05,1845.0,1937.25,0.5843997058285129,0.5868547039389224,0.002454998110409501,0.002454998110409501,1,1,0,-1
german,mlp,31,credit_amount,relative_plus_5,0.05,1670.0,1753.5,0.42703271675750654,0.42810166396373844,0.0010689472062319072,0.0010689472062319072,0,0,0,-1
german,mlp,32,credit_amount,relative_plus_5,0.05,2360.0,2478.0,0.06159397700408669,0.06187954653510327,0.00028556953101657734,0.00028556953101657734,0,0,0,-1
german,mlp,33,credit_amount,relative_plus_5,0.05,1478.0,1551.9,0.2452309775841329,0.2462168280448926,0.0009858504607596907,0.0009858504607596907,0,0,0,-1
german,mlp,34,credit_amount,relative_plus_5,0.05,1823.0,1914.15,0.5123814318058395,0.5141037528400854,0.001722321034245855,0.001722321034245855,1,1,0,-1
german,mlp,35,credit_amount,relative_plus_5,0.05,2051.0,2153.55,0.4040062504090185,0.4059823013674339,0.0019760509584154096,0.0019760509584154096,0,0,0,-1
german,mlp,36,credit_amount,relative_plus_5,0.05,2302.0,2417.1,0.39041320626672604,0.39374048602105016,0.0033272797543241195,0.0033272797543241195,0,0,0,-1
german,mlp,37,credit_amount,relative_plus_5,0.05,1478.0,1551.9,0.3668266156268264,0.3676021973265752,0.0007755816997487841,0.0007755816997487841,0,0,0,-1
german,mlp,38,credit_amount,relative_plus_5,0.05,8086.0,8490.3,0.399240031305948,0.4040122746797959,0.004772243373847906,0.004772243373847906,0,0,0,-1
german,mlp,39,credit_amount,relative_plus_5,0.05,1503.0,1578.15,0.31310442539427324,0.31354408313232446,0.00043965773805121344,0.00043965773805121344,0,0,0,-1
german,mlp,40,credit_amount,relative_plus_5,0.05,6314.0,6629.7,0.3333594981968233,0.3380363429957924,0.004676844798969071,0.004676844798969071,0,0,0,-1
german,mlp,41,credit_amount,relative_plus_5,0.05,1113.0,1168.65,0.3016974078180434,0.3023425482307936,0.0006451404127502114,0.0006451404127502114,0,0,0,-1
german,mlp,42,credit_amount,relative_plus_5,0.05,626.0,657.3,0.3967842920357588,0.3972689833623086,0.00048469132654976876,0.00048469132654976876,0,0,0,-1
german,mlp,43,credit_amount,relative_plus_5,0.05,1275.0,1338.75,0.2191377203672374,0.21918596805550955,4.824768827216275e-05,4.824768827216275e-05,0,0,0,-1
german,mlp,44,credit_amount,relative_plus_5,0.05,3915.0,4110.75,0.30746499417314455,0.31080615015921226,0.003341155986067712,0.003341155986067712,0,0,0,-1
german,mlp,45,credit_amount,relative_plus_5,0.05,1445.0,1517.25,0.19417247812730504,0.19460599679690616,0.0004335186696011184,0.0004335186696011184,0,0,0,-1
german,mlp,46,credit_amount,relative_plus_5,0.05,3578.0,3756.9,0.19798688045008261,0.20013769105278376,0.002150810602701142,0.002150810602701142,0,0,0,-1
german,mlp,47,credit_amount,relative_plus_5,0.05,2146.0,2253.3,0.2718695537935461,0.2734114034716975,0.001541849678151408,0.001541849678151408,0,0,0,-1
german,mlp,48,credit_amount,relative_plus_5,0.05,7596.0,7975.8,0.1750165253584432,0.17723523267441046,0.0022187073159672666,0.0022187073159672666,0,0,0,-1
german,mlp,49,credit_amount,relative_plus_5,0.05,1755.0,1842.75,0.4588613965006128,0.46046076396197294,0.001599367461360135,0.001599367461360135,0,0,0,-1
german,mlp,50,credit_amount,relative_plus_5,0.05,3976.0,4174.8,0.25833505988114175,0.2581295554443627,-0.00020550443677902486,0.00020550443677902486,0,0,0,-1
german,mlp,51,credit_amount,relative_plus_5,0.05,2118.0,2223.9,0.23994228781447036,0.24012838502007658,0.00018609720560622267,0.00018609720560622267,0,0,0,-1
german,mlp,52,credit_amount,relative_plus_5,0.05,2775.0,2913.75,0.25197598703294255,0.2533856763967697,0.0014096893638271268,0.0014096893638271268,0,0,0,-1
german,mlp,53,credit_amount,relative_plus_5,0.05,1505.0,1580.25,0.24562077738290533,0.24574765659870376,0.0001268792157984311,0.0001268792157984311,0,0,0,-1
german,mlp,54,credit_amount,relative_plus_5,0.05,1108.0,1163.4,0.18732343132224302,0.18743502764767983,0.00011159632543680797,0.00011159632543680797,0,0,0,-1
german,mlp,55,credit_amount,relative_plus_5,0.05,3031.0,3182.55,0.3754380929776099,0.3793745307516478,0.003936437774037904,0.003936437774037904,0,0,0,-1
german,mlp,56,credit_amount,relative_plus_5,0.05,1984.0,2083.2,0.33683635847007065,0.3386623658727741,0.0018260074027034445,0.0018260074027034445,0,0,0,-1
german,mlp,57,credit_amount,relative_plus_5,0.05,2679.0,2812.95,0.4247782060955582,0.4271400985442403,0.002361892448682068,0.002361892448682068,0,0,0,-1
german,mlp,58,credit_amount,relative_plus_5,0.05,1047.0,1099.35,0.20020788889953503,0.20065191941811425,0.00044403051857921927,0.00044403051857921927,0,0,0,-1
german,mlp,59,credit_amount,relative_plus_5,0.05,2892.0,3036.6,0.5357836989632669,0.5387173478969888,0.002933648933721833,0.002933648933721833,1,1,0,-1
german,mlp,60,credit_amount,relative_plus_5,0.05,3499.0,3673.95,0.33610005721370495,0.3385885416519694,0.0024884844382644378,0.0024884844382644378,0,0,0,-1
german,mlp,61,credit_amount,relative_plus_5,0.05,1800.0,1890.0,0.21555248127528462,0.21613560348643845,0.0005831222111538359,0.0005831222111538359,0,0,0,-1
german,mlp,62,credit_amount,relative_plus_5,0.05,8133.0,8539.65,0.26851517186260315,0.27029182992048195,0.0017766580578787994,0.0017766580578787994,0,0,0,-1
german,mlp,63,credit_amount,relative_plus_5,0.05,11760.0,12348.0,0.42519995561469526,0.42673256883599847,0.001532613221303214,0.001532613221303214,0,0,0,-1
german,mlp,64,credit_amount,relative_plus_5,0.05,976.0,1024.8,0.3902998055499012,0.39057763068513274,0.0002778251352315575,0.0002778251352315575,0,0,0,-1
german,mlp,65,credit_amount,relative_plus_5,0.05,3062.0,3215.1,0.22708278958567477,0.2287423169229731,0.0016595273372983221,0.0016595273372983221,0,0,0,-1
german,mlp,66,credit_amount,relative_plus_5,0.05,1597.0,1676.85,0.43863287851091937,0.43990539930943656,0.001272520798517196,0.001272520798517196,0,0,0,-1
german,mlp,67,credit_amount,relative_plus_5,0.05,10974.0,11522.7,0.6061115695108918,0.6115788187936567,0.005467249282764874,0.005467249282764874,1,1,0,-1
german,mlp,68,credit_amount,relative_plus_5,0.05,2442.0,2564.1,0.367077678742253,0.37145962132811294,0.004381942585859944,0.004381942585859944,0,0,0,-1
german,mlp,69,credit_amount,relative_plus_5,0.05,2631.0,2762.55,0.4207072819437597,0.4222407461645743,0.0015334642208145732,0.0015334642208145732,0,0,0,-1
german,mlp,70,credit_amount,relative_plus_5,0.05,759.0,796.95,0.35120868452508525,0.3517752589460903,0.0005665744210050505,0.0005665744210050505,0,0,0,-1
german,mlp,71,credit_amount,relative_plus_5,0.05,6313.0,6628.65,0.2326481332416817,0.2357367958223329,0.003088662580651186,0.003088662580651186,0,0,0,-1
german,mlp,72,credit_amount,relative_plus_5,0.05,1546.0,1623.3,0.17579921113180116,0.1761675210818686,0.00036830995006742473,0.00036830995006742473,0,0,0,-1
german,mlp,73,credit_amount,relative_plus_5,0.05,2859.0,3001.95,0.22932773566828754,0.2300208646727236,0.0006931290044360494,0.0006931290044360494,0,0,0,-1
german,mlp,74,credit_amount,relative_plus_5,0.05,1103.0,1158.15,0.21586888817903582,0.216415286736548,0.0005463985575121788,0.0005463985575121788,0,0,0,-1
german,mlp,75,credit_amount,relative_plus_5,0.05,2511.0,2636.55,0.4423554762861602,0.4431255461861244,0.0007700698999641986,0.0007700698999641986,0,0,0,-1
german,mlp,76,credit_amount,relative_plus_5,0.05,2748.0,2885.4,0.32507530002633894,0.3270956617666494,0.00202036174031045,0.00202036174031045,0,0,0,-1
german,mlp,77,credit_amount,relative_plus_5,0.05,1199.0,1258.95,0.3010734026184118,0.30185548070112267,0.0007820780827108575,0.0007820780827108575,0,0,0,-1
german,mlp,78,credit_amount,relative_plus_5,0.05,2831.0,2972.55,0.24763530518832041,0.24861832378036555,0.0009830185920451373,0.0009830185920451373,0,0,0,-1
german,mlp,79,credit_amount,relative_plus_5,0.05,1845.0,1937.25,0.4172248844520669,0.41935471281559594,0.0021298283635290405,0.0021298283635290405,0,0,0,-1
german,mlp,80,credit_amount,relative_plus_5,0.05,10144.0,10651.2,0.284838415529233,0.28849118976046906,0.0036527742312360556,0.0036527742312360556,0,0,0,-1
german,mlp,81,credit_amount,relative_plus_5,0.05,9436.0,9907.8,0.17349396284028698,0.17392573158230948,0.00043176874202249804,0.00043176874202249804,0,0,0,-1
german,mlp,82,credit_amount,relative_plus_5,0.05,2101.0,2206.05,0.39424334337811145,0.3944689916386673,0.00022564826055582188,0.00022564826055582188,0,0,0,-1
german,mlp,83,credit_amount,relative_plus_5,0.05,1647.0,1729.35,0.367820580992647,0.3694965635697943,0.0016759825771473502,0.0016759825771473502,0,0,0,-1
german,mlp,84,credit_amount,relative_plus_5,0.05,12389.0,13008.45,0.3448230799863803,0.35128713807219064,0.006464058085810354,0.006464058085810354,0,0,0,-1
german,mlp,85,credit_amount,relative_plus_5,0.05,2096.0,2200.8,0.2444924421566889,0.24517519819256184,0.0006827560358729501,0.0006827560358729501,0,0,0,-1
german,mlp,86,credit_amount,relative_plus_5,0.05,2415.0,2535.75,0.29800204425166227,0.30008185274392774,0.002079808492265467,0.002079808492265467,0,0,0,-1
german,mlp,87,credit_amount,relative_plus_5,0.05,3959.0,4156.95,0.4966269950842168,0.5006280486046827,0.004001053520465869,0.004001053520465869,0,1,1,-1
german,mlp,88,credit_amount,relative_plus_5,0.05,5804.0,6094.2,0.23144707170933512,0.23348994798866854,0.0020428762793334165,0.0020428762793334165,0,0,0,-1
german,mlp,89,credit_amount,relative_plus_5,0.05,6224.0,6535.2,0.6400407350476786,0.6453862713355688,0.005345536287890251,0.005345536287890251,1,1,0,-1
german,mlp,90,credit_amount,relative_plus_5,0.05,4796.0,5035.8,0.4822416863981328,0.4850988164514798,0.002857130053346979,0.002857130053346979,0,0,0,-1
german,mlp,91,credit_amount,relative_plus_5,0.05,1603.0,1683.15,0.40143078123405807,0.40314425229220807,0.0017134710581500068,0.0017134710581500068,0,0,0,-1
german,mlp,92,credit_amount,relative_plus_5,0.05,1905.0,2000.25,0.44359454779618673,0.44435438028871044,0.0007598324925237043,0.0007598324925237043,0,0,0,-1
german,mlp,93,credit_amount,relative_plus_5,0.05,1936.0,2032.8,0.3046662796706493,0.3052908980202743,0.0006246183496250168,0.0006246183496250168,0,0,0,-1
german,mlp,94,credit_amount,relative_plus_5,0.05,250.0,262.5,0.12739534911392703,0.12741134179150782,1.5992677580789483e-05,1.5992677580789483e-05,0,0,0,-1
german,mlp,95,credit_amount,relative_plus_5,0.05,3160.0,3318.0,0.15522877788983463,0.15591501810619773,0.0006862402163630987,0.0006862402163630987,0,0,0,-1
german,mlp,96,credit_amount,relative_plus_5,0.05,3181.0,3340.05,0.36442913704527324,0.3668402629427285,0.002411125897455235,0.002411125897455235,0,0,0,-1
german,mlp,97,credit_amount,relative_plus_5,0.05,2241.0,2353.05,0.25451466263318945,0.2559886059130131,0.0014739432798236418,0.0014739432798236418,0,0,0,-1
german,mlp,98,credit_amount,relative_plus_5,0.05,937.0,983.85,0.6586898441318234,0.6593801978133691,0.0006903536815456857,0.0006903536815456857,1,1,0,-1
german,mlp,99,credit_amount,relative_plus_5,0.05,2012.0,2112.6,0.24855132238008826,0.2486604557906058,0.00010913341051754788,0.00010913341051754788,0,0,0,-1
german,mlp,0,credit_amount,relative_minus_10,-0.1,3612.0,3973.2,0.2868824306481333,0.289507323230727,0.0026248925825936853,0.0026248925825936853,0,0,0,-1
german,mlp,1,credit_amount,relative_minus_10,-0.1,6260.0,6886.0,0.4198976318717018,0.42336716933550395,0.0034695374638021304,0.0034695374638021304,0,0,0,-1
german,mlp,2,credit_amount,relative_minus_10,-0.1,1322.0,1454.2,0.26258346992117976,0.2631509992253011,0.0005675293041213503,0.0005675293041213503,0,0,0,-1
german,mlp,3,credit_amount,relative_minus_10,-0.1,2299.0,2528.9,0.1802774281890517,0.1813123607531291,0.0010349325640773843,0.0010349325640773843,0,0,0,-1
german,mlp,4,credit_amount,relative_minus_10,-0.1,1544.0,1698.4,0.1819840520060159,0.18330018321428876,0.0013161312082728693,0.0013161312082728693,0,0,0,-1
german,mlp,5,credit_amount,relative_minus_10,-0.1,3448.0,3792.8,0.2043107705535393,0.207012699120632,0.0027019285670926985,0.0027019285670926985,0,0,0,-1
german,mlp,6,credit_amount,relative_minus_10,-0.1,5954.0,6549.4,0.24145627495089156,0.2469300097662348,0.005473734815343245,0.005473734815343245,0,0,0,-1
german,mlp,7,credit_amount,relative_minus_10,-0.1,3595.0,3954.5,0.361249588683193,0.3689316100581219,0.007682021374928905,0.007682021374928905,0,0,0,-1
german,mlp,8,credit_amount,relative_minus_10,-0.1,2292.0,2521.2,0.29833305974606383,0.3046937539367384,0.006360694190674587,0.006360694190674587,0,0,0,-1
german,mlp,9,credit_amount,relative_minus_10,-0.1,3234.0,3557.4,0.4084749758946331,0.4195437062776954,0.011068730383062275,0.011068730383062275,0,0,0,-1
german,mlp,10,credit_amount,relative_minus_10,-0.1,1795.0,1974.5,0.1978244007482361,0.1984551788205899,0.0006307780723538159,0.0006307780723538159,0,0,0,-1
german,mlp,11,credit_amount,relative_minus_10,-0.1,683.0,751.3,0.4490305536205001,0.4506048130985122,0.0015742594780120966,0.0015742594780120966,0,0,0,-1
german,mlp,12,credit_amount,relative_minus_10,-0.1,1412.0,1553.2,0.3380754225555931,0.3408506786572515,0.0027752561016584076,0.0027752561016584076,0,0,0,-1
german,mlp,13,credit_amount,relative_minus_10,-0.1,1768.0,1944.8,0.3226170260018927,0.3231352726758339,0.0005182466739412361,0.0005182466739412361,0,0,0,-1
german,mlp,14,credit_amount,relative_minus_10,-0.1,2647.0,2911.7,0.1607190907005708,0.16191921647167898,0.0012001257711081736,0.0012001257711081736,0,0,0,-1
german,mlp,15,credit_amount,relative_minus_10,-0.1,3959.0,4354.9,0.2991772357699808,0.30238482254753474,0.00320758677755395,0.00320758677755395,0,0,0,-1
german,mlp,16,credit_amount,relative_minus_10,-0.1,522.0,574.2,0.07569409040610586,0.07573542880821117,4.133840210530926e-05,4.133840210530926e-05,0,0,0,-1
german,mlp,17,credit_amount,relative_minus_10,-0.1,4280.0,4708.0,0.320382999871944,0.32430087163981686,0.003917871767872838,0.003917871767872838,0,0,0,-1
german,mlp,18,credit_amount,relative_minus_10,-0.1,2404.0,2644.4,0.21792612201370706,0.21807243391607745,0.00014631190237038294,0.00014631190237038294,0,0,0,-1
german,mlp,19,credit_amount,relative_minus_10,-0.1,1131.0,1244.1,0.5132077646135412,0.5146434851865486,0.0014357205730073375,0.0014357205730073375,1,1,0,-1
german,mlp,20,credit_amount,relative_minus_10,-0.1,7511.0,8262.1,0.16826818543871874,0.17292851027210135,0.004660324833382606,0.004660324833382606,0,0,0,-1
german,mlp,21,credit_amount,relative_minus_10,-0.1,1238.0,1361.8,0.18871648712224667,0.19067154150711557,0.0019550543848688984,0.0019550543848688984,0,0,0,-1
german,mlp,22,credit_amount,relative_minus_10,-0.1,2728.0,3000.8,0.2340361932873373,0.2383006659425823,0.004264472655245016,0.004264472655245016,0,0,0,-1
german,mlp,23,credit_amount,relative_minus_10,-0.1,4297.0,4726.7,0.49953972896498505,0.5089617406473955,0.00942201168241047,0.00942201168241047,0,1,1,-1
german,mlp,24,credit_amount,relative_minus_10,-0.1,5179.0,5696.9,0.3945250994274686,0.40389355054546006,0.00936845111799145,0.00936845111799145,0,0,0,-1
german,mlp,25,credit_amount,relative_minus_10,-0.1,745.0,819.5,0.1999714289423839,0.2004667905198007,0.0004953615774168085,0.0004953615774168085,0,0,0,-1
german,mlp,26,credit_amount,relative_minus_10,-0.1,6187.0,6805.7,0.2622371730736121,0.2664463473095855,0.00420917423597339,0.00420917423597339,0,0,0,-1
german,mlp,27,credit_amount,relative_minus_10,-0.1,1330.0,1463.0,0.40187252116986394,0.403069339854938,0.0011968186850740414,0.0011968186850740414,0,0,0,-1
german,mlp,28,credit_amount,relative_minus_10,-0.1,1554.0,1709.4,0.21975633548972673,0.22070414796329024,0.0009478124735635141,0.0009478124735635141,0,0,0,-1
german,mlp,29,credit_amount,relative_minus_10,-0.1,14555.0,16010.5,0.28996688444799096,0.2872916921634262,-0.0026751922845647536,0.0026751922845647536,0,0,0,-1
german,mlp,30,credit_amount,relative_minus_10,-0.1,1845.0,2029.5,0.5843997058285129,0.5893053915354068,0.004905685706893981,0.004905685706893981,1,1,0,-1
german,mlp,31,credit_amount,relative_minus_10,-0.1,1670.0,1837.0,0.42703271675750654,0.4292644770029029,0.0022317602453963414,0.0022317602453963414,0,0,0,-1
german,mlp,32,credit_amount,relative_minus_10,-0.1,2360.0,2596.0,0.06159397700408669,0.06216635234831593,0.0005723753442292423,0.0005723753442292423,0,0,0,-1
german,mlp,33,credit_amount,relative_minus_10,-0.1,1478.0,1625.8,0.2452309775841329,0.24720534366528799,0.001974366081155088,0.001974366081155088,0,0,0,-1
german,mlp,34,credit_amount,relative_minus_10,-0.1,1823.0,2005.3,0.5123814318058395,0.5158257389751224,0.003444307169282901,0.003444307169282901,1,1,0,-1
german,mlp,35,credit_amount,relative_minus_10,-0.1,2051.0,2256.1,0.4040062504090185,0.4079271522353823,0.003920901826363787,0.003920901826363787,0,0,0,-1
german,mlp,36,credit_amount,relative_minus_10,-0.1,2302.0,2532.2,0.39041320626672604,0.3972023050903997,0.006789098823673678,0.006789098823673678,0,0,0,-1
german,mlp,37,credit_amount,relative_minus_10,-0.1,1478.0,1625.8,0.3668266156268264,0.36837846480071734,0.0015518491738909512,0.0015518491738909512,0,0,0,-1
german,mlp,38,credit_amount,relative_minus_10,-0.1,8086.0,8894.6,0.399240031305948,0.4092128134589607,0.009972782153012727,0.009972782153012727,0,0,0,-1
german,mlp,39,credit_amount,relative_minus_10,-0.1,1503.0,1653.3,0.31310442539427324,0.3139020589870782,0.0007976335928049361,0.0007976335928049361,0,0,0,-1
german,mlp,40,credit_amount,relative_minus_10,-0.1,6314.0,6945.4,0.3333594981968233,0.34274506690662715,0.009385568709803838,0.009385568709803838,0,0,0,-1
german,mlp,41,credit_amount,relative_minus_10,-0.1,1113.0,1224.3,0.3016974078180434,0.3029884696157753,0.0012910617977319183,0.0012910617977319183,0,0,0,-1
german,mlp,42,credit_amount,relative_minus_10,-0.1,626.0,688.6,0.3967842920357588,0.3977538763557195,0.0009695843199606924,0.0009695843199606924,0,0,0,-1
german,mlp,43,credit_amount,relative_minus_10,-0.1,1275.0,1402.5,0.2191377203672374,0.2192342233840787,9.650301684130391e-05,9.650301684130391e-05,0,0,0,-1
german,mlp,44,credit_amount,relative_minus_10,-0.1,3915.0,4306.5,0.30746499417314455,0.3141671428869455,0.006702148713800982,0.006702148713800982,0,0,0,-1
german,mlp,45,credit_amount,relative_minus_10,-0.1,1445.0,1589.5,0.19417247812730504,0.1950402490943747,0.0008677709670696643,0.0008677709670696643,0,0,0,-1
german,mlp,46,credit_amount,relative_minus_10,-0.1,3578.0,3935.8,0.19798688045008261,0.20230597297379696,0.004319092523714346,0.004319092523714346,0,0,0,-1
german,mlp,47,credit_amount,relative_minus_10,-0.1,2146.0,2360.6,0.2718695537935461,0.27495869538286843,0.0030891415893223306,0.0030891415893223306,0,0,0,-1
german,mlp,48,credit_amount,relative_minus_10,-0.1,7596.0,8355.6,0.1750165253584432,0.17922553088653934,0.004209005528096138,0.004209005528096138,0,0,0,-1
german,mlp,49,credit_amount,relative_minus_10,-0.1,1755.0,1930.5,0.4588613965006128,0.4618572332604736,0.002995836759860815,0.002995836759860815,0,0,0,-1
german,mlp,50,credit_amount,relative_minus_10,-0.1,3976.0,4373.6,0.25833505988114175,0.25792415763380233,-0.0004109022473394175,0.0004109022473394175,0,0,0,-1
german,mlp,51,credit_amount,relative_minus_10,-0.1,2118.0,2329.8,0.23994228781447036,0.24031458092521563,0.00037229311074526983,0.00037229311074526983,0,0,0,-1
german,mlp,52,credit_amount,relative_minus_10,-0.1,2775.0,3052.5,0.25197598703294255,0.2548005659105252,0.0028245788775826397,0.0028245788775826397,0,0,0,-1
german,mlp,53,credit_amount,relative_minus_10,-0.1,1505.0,1655.5,0.24562077738290533,0.24589076232859988,0.00026998494569455134,0.00026998494569455134,0,0,0,-1
german,mlp,54,credit_amount,relative_minus_10,-0.1,1108.0,1218.8,0.18732343132224302,0.1875466751130567,0.0002232437908136764,0.0002232437908136764,0,0,0,-1
german,mlp,55,credit_amount,relative_minus_10,-0.1,3031.0,3334.1,0.3754380929776099,0.3833269101755547,0.00788881719794482,0.00788881719794482,0,0,0,-1
german,mlp,56,credit_amount,relative_minus_10,-0.1,1984.0,2182.4,0.33683635847007065,0.3404931896981678,0.003656831228097124,0.003656831228097124,0,0,0,-1
german,mlp,57,credit_amount,relative_minus_10,-0.1,2679.0,2946.9,0.4247782060955582,0.42950531782849527,0.0047271117329370504,0.0047271117329370504,0,0,0,-1
german,mlp,58,credit_amount,relative_minus_10,-0.1,1047.0,1151.7,0.20020788889953503,0.20109668711624093,0.0008887982167058994,0.0008887982167058994,0,0,0,-1
german,mlp,59,credit_amount,relative_minus_10,-0.1,2892.0,3181.2,0.5357836989632669,0.541648317496012,0.005864618532745114,0.005864618532745114,1,1,0,-1
german,mlp,60,credit_amount,relative_minus_10,-0.1,3499.0,3848.9,0.33610005721370495,0.3405807504780608,0.004480693264355851,0.004480693264355851,0,0,0,-1
german,mlp,61,credit_amount,relative_minus_10,-0.1,1800.0,1980.0,0.21555248127528462,0.21671986737207707,0.0011673860967924554,0.0011673860967924554,0,0,0,-1
german,mlp,62,credit_amount,relative_minus_10,-0.1,8133.0,8946.3,0.26851517186260315,0.2719450349123993,0.0034298630497961446,0.0034298630497961446,0,0,0,-1
german,mlp,63,credit_amount,relative_minus_10,-0.1,11760.0,12936.0,0.42519995561469526,0.427702057675432,0.002502102060736755,0.002502102060736755,0,0,0,-1
german,mlp,64,credit_amount,relative_minus_10,-0.1,976.0,1073.6,0.3902998055499012,0.3908024238730668,0.0005026183231656156,0.0005026183231656156,0,0,0,-1
german,mlp,65,credit_amount,relative_minus_10,-0.1,3062.0,3368.2,0.22708278958567477,0.23041035675493285,0.0033275671692580833,0.0033275671692580833,0,0,0,-1
german,mlp,66,credit_amount,relative_minus_10,-0.1,1597.0,1756.7,0.43863287851091937,0.4411787105030136,0.0025458319920942385,0.0025458319920942385,0,0,0,-1
german,mlp,67,credit_amount,relative_minus_10,-0.1,10974.0,12071.4,0.6061115695108918,0.6169292024246553,0.010817632913763475,0.010817632913763475,1,1,0,-1
german,mlp,68,credit_amount,relative_minus_10,-0.1,2442.0,2686.2,0.367077678742253,0.3758628090079308,0.008785130265677787,0.008785130265677787,0,0,0,-1
german,mlp,69,credit_amount,relative_minus_10,-0.1,2631.0,2894.1,0.4207072819437597,0.42395188492740904,0.003244602983649314,0.003244602983649314,0,0,0,-1
german,mlp,70,credit_amount,relative_minus_10,-0.1,759.0,834.9,0.35120868452508525,0.3523422509990657,0.0011335664739804407,0.0011335664739804407,0,0,0,-1
german,mlp,71,credit_amount,relative_minus_10,-0.1,6313.0,6944.3,0.2326481332416817,0.23885370006766501,0.006205566825983305,0.006205566825983305,0,0,0,-1
german,mlp,72,credit_amount,relative_minus_10,-0.1,1546.0,1700.6,0.17579921113180116,0.17653643738691635,0.0007372262551151865,0.0007372262551151865,0,0,0,-1
german,mlp,73,credit_amount,relative_minus_10,-0.1,2859.0,3144.9,0.22932773566828754,0.2307216345821746,0.001393898913887054,0.001393898913887054,0,0,0,-1
german,mlp,74,credit_amount,relative_minus_10,-0.1,1103.0,1213.3,0.21586888817903582,0.21720326525270792,0.001334377073672094,0.001334377073672094,0,0,0,-1
german,mlp,75,credit_amount,relative_minus_10,-0.1,2511.0,2762.1,0.4423554762861602,0.44389588953590586,0.0015404132497456868,0.0015404132497456868,0,0,0,-1
german,mlp,76,credit_amount,relative_minus_10,-0.1,2748.0,3022.8,0.32507530002633894,0.32912245699922327,0.004047156972884325,0.004047156972884325,0,0,0,-1
german,mlp,77,credit_amount,relative_minus_10,-0.1,1199.0,1318.9,0.3010734026184118,0.30263871066338693,0.0015653080449751222,0.0015653080449751222,0,0,0,-1
german,mlp,78,credit_amount,relative_minus_10,-0.1,2831.0,3114.1,0.24763530518832041,0.24964508996673138,0.0020097847784109613,0.0020097847784109613,0,0,0,-1
german,mlp,79,credit_amount,relative_minus_10,-0.1,1845.0,2029.5,0.4172248844520669,0.42148755015632444,0.00426266570425754,0.00426266570425754,0,0,0,-1
german,mlp,80,credit_amount,relative_minus_10,-0.1,10144.0,11158.4,0.284838415529233,0.29495505141916245,0.010116635889929448,0.010116635889929448,0,0,0,-1
german,mlp,81,credit_amount,relative_minus_10,-0.1,9436.0,10379.6,0.17349396284028698,0.17423114892157449,0.0007371860812875053,0.0007371860812875053,0,0,0,-1
german,mlp,82,credit_amount,relative_minus_10,-0.1,2101.0,2311.1,0.39424334337811145,0.39476353855190205,0.0005201951737905941,0.0005201951737905941,0,0,0,-1
german,mlp,83,credit_amount,relative_minus_10,-0.1,1647.0,1811.7,0.367820580992647,0.371176285037225,0.003355704044578023,0.003355704044578023,0,0,0,-1
german,mlp,84,credit_amount,relative_minus_10,-0.1,12389.0,13627.9,0.3448230799863803,0.35702671621758314,0.012203636231202852,0.012203636231202852,0,0,0,-1
german,mlp,85,credit_amount,relative_minus_10,-0.1,2096.0,2305.6,0.2444924421566889,0.2458592403956625,0.001366798238973621,0.001366798238973621,0,0,0,-1
german,mlp,86,credit_amount,relative_minus_10,-0.1,2415.0,2656.5,0.29800204425166227,0.30216822100883023,0.004166176757167961,0.004166176757167961,0,0,0,-1
german,mlp,87,credit_amount,relative_minus_10,-0.1,3959.0,4354.9,0.4966269950842168,0.5046229486271202,0.007995953542903389,0.007995953542903389,0,1,1,-1
german,mlp,88,credit_amount,relative_minus_10,-0.1,5804.0,6384.4,0.23144707170933512,0.2355453295088308,0.004098257799495686,0.004098257799495686,0,0,0,-1
german,mlp,89,credit_amount,relative_minus_10,-0.1,6224.0,6846.4,0.6400407350476786,0.6502326113942438,0.010191876346565265,0.010191876346565265,1,1,0,-1
german,mlp,90,credit_amount,relative_minus_10,-0.1,4796.0,5275.6,0.4822416863981328,0.4878379804860312,0.005596294087898412,0.005596294087898412,0,0,0,-1
german,mlp,91,credit_amount,relative_minus_10,-0.1,1603.0,1763.3,0.40143078123405807,0.4048600902431308,0.003429309009072734,0.003429309009072734,0,0,0,-1
german,mlp,92,credit_amount,relative_minus_10,-0.1,1905.0,2095.5,0.44359454779618673,0.4450553889138721,0.001460841117685352,0.001460841117685352,0,0,0,-1
german,mlp,93,credit_amount,relative_minus_10,-0.1,1936.0,2129.6,0.3046662796706493,0.305916233548374,0.0012499538777246966,0.0012499538777246966,0,0,0,-1
german,mlp,94,credit_amount,relative_minus_10,-0.1,250.0,275.0,0.12739534911392703,0.12742733618356258,3.198706963555842e-05,3.198706963555842e-05,0,0,0,-1
german,mlp,95,credit_amount,relative_minus_10,-0.1,3160.0,3476.0,0.15522877788983463,0.15660372967757025,0.001374951787735612,0.001374951787735612,0,0,0,-1
german,mlp,96,credit_amount,relative_minus_10,-0.1,3181.0,3499.1,0.36442913704527324,0.3692580731216289,0.00482893607635565,0.00482893607635565,0,0,0,-1
german,mlp,97,credit_amount,relative_minus_10,-0.1,2241.0,2465.1,0.25451466263318945,0.2573000392136188,0.0027853765804293773,0.0027853765804293773,0,0,0,-1
german,mlp,98,credit_amount,relative_minus_10,-0.1,937.0,1030.7,0.6586898441318234,0.6600698757597054,0.001380031627882028,0.001380031627882028,1,1,0,-1
german,mlp,99,credit_amount,relative_minus_10,-0.1,2012.0,2213.2,0.24855132238008826,0.24876962125575885,0.00021829887567059725,0.00021829887567059725,0,0,0,-1
german,mlp,0,credit_amount,relative_plus_10,0.1,3612.0,3973.2,0.2868824306481333,0.289507323230727,0.0026248925825936853,0.0026248925825936853,0,0,0,-1
german,mlp,1,credit_amount,relative_plus_10,0.1,6260.0,6886.0,0.4198976318717018,0.42336716933550395,0.0034695374638021304,0.0034695374638021304,0,0,0,-1
german,mlp,2,credit_amount,relative_plus_10,0.1,1322.0,1454.2,0.26258346992117976,0.2631509992253011,0.0005675293041213503,0.0005675293041213503,0,0,0,-1
german,mlp,3,credit_amount,relative_plus_10,0.1,2299.0,2528.9,0.1802774281890517,0.1813123607531291,0.0010349325640773843,0.0010349325640773843,0,0,0,-1
german,mlp,4,credit_amount,relative_plus_10,0.1,1544.0,1698.4,0.1819840520060159,0.18330018321428876,0.0013161312082728693,0.0013161312082728693,0,0,0,-1
german,mlp,5,credit_amount,relative_plus_10,0.1,3448.0,3792.8,0.2043107705535393,0.207012699120632,0.0027019285670926985,0.0027019285670926985,0,0,0,-1
german,mlp,6,credit_amount,relative_plus_10,0.1,5954.0,6549.4,0.24145627495089156,0.2469300097662348,0.005473734815343245,0.005473734815343245,0,0,0,-1
german,mlp,7,credit_amount,relative_plus_10,0.1,3595.0,3954.5,0.361249588683193,0.3689316100581219,0.007682021374928905,0.007682021374928905,0,0,0,-1
german,mlp,8,credit_amount,relative_plus_10,0.1,2292.0,2521.2,0.29833305974606383,0.3046937539367384,0.006360694190674587,0.006360694190674587,0,0,0,-1
german,mlp,9,credit_amount,relative_plus_10,0.1,3234.0,3557.4,0.4084749758946331,0.4195437062776954,0.011068730383062275,0.011068730383062275,0,0,0,-1
german,mlp,10,credit_amount,relative_plus_10,0.1,1795.0,1974.5,0.1978244007482361,0.1984551788205899,0.0006307780723538159,0.0006307780723538159,0,0,0,-1
german,mlp,11,credit_amount,relative_plus_10,0.1,683.0,751.3,0.4490305536205001,0.4506048130985122,0.0015742594780120966,0.0015742594780120966,0,0,0,-1
german,mlp,12,credit_amount,relative_plus_10,0.1,1412.0,1553.2,0.3380754225555931,0.3408506786572515,0.0027752561016584076,0.0027752561016584076,0,0,0,-1
german,mlp,13,credit_amount,relative_plus_10,0.1,1768.0,1944.8,0.3226170260018927,0.3231352726758339,0.0005182466739412361,0.0005182466739412361,0,0,0,-1
german,mlp,14,credit_amount,relative_plus_10,0.1,2647.0,2911.7,0.1607190907005708,0.16191921647167898,0.0012001257711081736,0.0012001257711081736,0,0,0,-1
german,mlp,15,credit_amount,relative_plus_10,0.1,3959.0,4354.9,0.2991772357699808,0.30238482254753474,0.00320758677755395,0.00320758677755395,0,0,0,-1
german,mlp,16,credit_amount,relative_plus_10,0.1,522.0,574.2,0.07569409040610586,0.07573542880821117,4.133840210530926e-05,4.133840210530926e-05,0,0,0,-1
german,mlp,17,credit_amount,relative_plus_10,0.1,4280.0,4708.0,0.320382999871944,0.32430087163981686,0.003917871767872838,0.003917871767872838,0,0,0,-1
german,mlp,18,credit_amount,relative_plus_10,0.1,2404.0,2644.4,0.21792612201370706,0.21807243391607745,0.00014631190237038294,0.00014631190237038294,0,0,0,-1
german,mlp,19,credit_amount,relative_plus_10,0.1,1131.0,1244.1,0.5132077646135412,0.5146434851865486,0.0014357205730073375,0.0014357205730073375,1,1,0,-1
german,mlp,20,credit_amount,relative_plus_10,0.1,7511.0,8262.1,0.16826818543871874,0.17292851027210135,0.004660324833382606,0.004660324833382606,0,0,0,-1
german,mlp,21,credit_amount,relative_plus_10,0.1,1238.0,1361.8,0.18871648712224667,0.19067154150711557,0.0019550543848688984,0.0019550543848688984,0,0,0,-1
german,mlp,22,credit_amount,relative_plus_10,0.1,2728.0,3000.8,0.2340361932873373,0.2383006659425823,0.004264472655245016,0.004264472655245016,0,0,0,-1
german,mlp,23,credit_amount,relative_plus_10,0.1,4297.0,4726.7,0.49953972896498505,0.5089617406473955,0.00942201168241047,0.00942201168241047,0,1,1,-1
german,mlp,24,credit_amount,relative_plus_10,0.1,5179.0,5696.9,0.3945250994274686,0.40389355054546006,0.00936845111799145,0.00936845111799145,0,0,0,-1
german,mlp,25,credit_amount,relative_plus_10,0.1,745.0,819.5,0.1999714289423839,0.2004667905198007,0.0004953615774168085,0.0004953615774168085,0,0,0,-1
german,mlp,26,credit_amount,relative_plus_10,0.1,6187.0,6805.7,0.2622371730736121,0.2664463473095855,0.00420917423597339,0.00420917423597339,0,0,0,-1
german,mlp,27,credit_amount,relative_plus_10,0.1,1330.0,1463.0,0.40187252116986394,0.403069339854938,0.0011968186850740414,0.0011968186850740414,0,0,0,-1
german,mlp,28,credit_amount,relative_plus_10,0.1,1554.0,1709.4,0.21975633548972673,0.22070414796329024,0.0009478124735635141,0.0009478124735635141,0,0,0,-1
german,mlp,29,credit_amount,relative_plus_10,0.1,14555.0,16010.5,0.28996688444799096,0.2872916921634262,-0.0026751922845647536,0.0026751922845647536,0,0,0,-1
german,mlp,30,credit_amount,relative_plus_10,0.1,1845.0,2029.5,0.5843997058285129,0.5893053915354068,0.004905685706893981,0.004905685706893981,1,1,0,-1
german,mlp,31,credit_amount,relative_plus_10,0.1,1670.0,1837.0,0.42703271675750654,0.4292644770029029,0.0022317602453963414,0.0022317602453963414,0,0,0,-1
german,mlp,32,credit_amount,relative_plus_10,0.1,2360.0,2596.0,0.06159397700408669,0.06216635234831593,0.0005723753442292423,0.0005723753442292423,0,0,0,-1
german,mlp,33,credit_amount,relative_plus_10,0.1,1478.0,1625.8,0.2452309775841329,0.24720534366528799,0.001974366081155088,0.001974366081155088,0,0,0,-1
german,mlp,34,credit_amount,relative_plus_10,0.1,1823.0,2005.3,0.5123814318058395,0.5158257389751224,0.003444307169282901,0.003444307169282901,1,1,0,-1
german,mlp,35,credit_amount,relative_plus_10,0.1,2051.0,2256.1,0.4040062504090185,0.4079271522353823,0.003920901826363787,0.003920901826363787,0,0,0,-1
german,mlp,36,credit_amount,relative_plus_10,0.1,2302.0,2532.2,0.39041320626672604,0.3972023050903997,0.006789098823673678,0.006789098823673678,0,0,0,-1
german,mlp,37,credit_amount,relative_plus_10,0.1,1478.0,1625.8,0.3668266156268264,0.36837846480071734,0.0015518491738909512,0.0015518491738909512,0,0,0,-1
german,mlp,38,credit_amount,relative_plus_10,0.1,8086.0,8894.6,0.399240031305948,0.4092128134589607,0.009972782153012727,0.009972782153012727,0,0,0,-1
german,mlp,39,credit_amount,relative_plus_10,0.1,1503.0,1653.3,0.31310442539427324,0.3139020589870782,0.0007976335928049361,0.0007976335928049361,0,0,0,-1
german,mlp,40,credit_amount,relative_plus_10,0.1,6314.0,6945.4,0.3333594981968233,0.34274506690662715,0.009385568709803838,0.009385568709803838,0,0,0,-1
german,mlp,41,credit_amount,relative_plus_10,0.1,1113.0,1224.3,0.3016974078180434,0.3029884696157753,0.0012910617977319183,0.0012910617977319183,0,0,0,-1
german,mlp,42,credit_amount,relative_plus_10,0.1,626.0,688.6,0.3967842920357588,0.3977538763557195,0.0009695843199606924,0.0009695843199606924,0,0,0,-1
german,mlp,43,credit_amount,relative_plus_10,0.1,1275.0,1402.5,0.2191377203672374,0.2192342233840787,9.650301684130391e-05,9.650301684130391e-05,0,0,0,-1
german,mlp,44,credit_amount,relative_plus_10,0.1,3915.0,4306.5,0.30746499417314455,0.3141671428869455,0.006702148713800982,0.006702148713800982,0,0,0,-1
german,mlp,45,credit_amount,relative_plus_10,0.1,1445.0,1589.5,0.19417247812730504,0.1950402490943747,0.0008677709670696643,0.0008677709670696643,0,0,0,-1
german,mlp,46,credit_amount,relative_plus_10,0.1,3578.0,3935.8,0.19798688045008261,0.20230597297379696,0.004319092523714346,0.004319092523714346,0,0,0,-1
german,mlp,47,credit_amount,relative_plus_10,0.1,2146.0,2360.6,0.2718695537935461,0.27495869538286843,0.0030891415893223306,0.0030891415893223306,0,0,0,-1
german,mlp,48,credit_amount,relative_plus_10,0.1,7596.0,8355.6,0.1750165253584432,0.17922553088653934,0.004209005528096138,0.004209005528096138,0,0,0,-1
german,mlp,49,credit_amount,relative_plus_10,0.1,1755.0,1930.5,0.4588613965006128,0.4618572332604736,0.002995836759860815,0.002995836759860815,0,0,0,-1
german,mlp,50,credit_amount,relative_plus_10,0.1,3976.0,4373.6,0.25833505988114175,0.25792415763380233,-0.0004109022473394175,0.0004109022473394175,0,0,0,-1
german,mlp,51,credit_amount,relative_plus_10,0.1,2118.0,2329.8,0.23994228781447036,0.24031458092521563,0.00037229311074526983,0.00037229311074526983,0,0,0,-1
german,mlp,52,credit_amount,relative_plus_10,0.1,2775.0,3052.5,0.25197598703294255,0.2548005659105252,0.0028245788775826397,0.0028245788775826397,0,0,0,-1
german,mlp,53,credit_amount,relative_plus_10,0.1,1505.0,1655.5,0.24562077738290533,0.24589076232859988,0.00026998494569455134,0.00026998494569455134,0,0,0,-1
german,mlp,54,credit_amount,relative_plus_10,0.1,1108.0,1218.8,0.18732343132224302,0.1875466751130567,0.0002232437908136764,0.0002232437908136764,0,0,0,-1
german,mlp,55,credit_amount,relative_plus_10,0.1,3031.0,3334.1,0.3754380929776099,0.3833269101755547,0.00788881719794482,0.00788881719794482,0,0,0,-1
german,mlp,56,credit_amount,relative_plus_10,0.1,1984.0,2182.4,0.33683635847007065,0.3404931896981678,0.003656831228097124,0.003656831228097124,0,0,0,-1
german,mlp,57,credit_amount,relative_plus_10,0.1,2679.0,2946.9,0.4247782060955582,0.42950531782849527,0.0047271117329370504,0.0047271117329370504,0,0,0,-1
german,mlp,58,credit_amount,relative_plus_10,0.1,1047.0,1151.7,0.20020788889953503,0.20109668711624093,0.0008887982167058994,0.0008887982167058994,0,0,0,-1
german,mlp,59,credit_amount,relative_plus_10,0.1,2892.0,3181.2,0.5357836989632669,0.541648317496012,0.005864618532745114,0.005864618532745114,1,1,0,-1
german,mlp,60,credit_amount,relative_plus_10,0.1,3499.0,3848.9,0.33610005721370495,0.3405807504780608,0.004480693264355851,0.004480693264355851,0,0,0,-1
german,mlp,61,credit_amount,relative_plus_10,0.1,1800.0,1980.0,0.21555248127528462,0.21671986737207707,0.0011673860967924554,0.0011673860967924554,0,0,0,-1
german,mlp,62,credit_amount,relative_plus_10,0.1,8133.0,8946.3,0.26851517186260315,0.2719450349123993,0.0034298630497961446,0.0034298630497961446,0,0,0,-1
german,mlp,63,credit_amount,relative_plus_10,0.1,11760.0,12936.0,0.42519995561469526,0.427702057675432,0.002502102060736755,0.002502102060736755,0,0,0,-1
german,mlp,64,credit_amount,relative_plus_10,0.1,976.0,1073.6,0.3902998055499012,0.3908024238730668,0.0005026183231656156,0.0005026183231656156,0,0,0,-1
german,mlp,65,credit_amount,relative_plus_10,0.1,3062.0,3368.2,0.22708278958567477,0.23041035675493285,0.0033275671692580833,0.0033275671692580833,0,0,0,-1
german,mlp,66,credit_amount,relative_plus_10,0.1,1597.0,1756.7,0.43863287851091937,0.4411787105030136,0.0025458319920942385,0.0025458319920942385,0,0,0,-1
german,mlp,67,credit_amount,relative_plus_10,0.1,10974.0,12071.4,0.6061115695108918,0.6169292024246553,0.010817632913763475,0.010817632913763475,1,1,0,-1
german,mlp,68,credit_amount,relative_plus_10,0.1,2442.0,2686.2,0.367077678742253,0.3758628090079308,0.008785130265677787,0.008785130265677787,0,0,0,-1
german,mlp,69,credit_amount,relative_plus_10,0.1,2631.0,2894.1,0.4207072819437597,0.42395188492740904,0.003244602983649314,0.003244602983649314,0,0,0,-1
german,mlp,70,credit_amount,relative_plus_10,0.1,759.0,834.9,0.35120868452508525,0.3523422509990657,0.0011335664739804407,0.0011335664739804407,0,0,0,-1
german,mlp,71,credit_amount,relative_plus_10,0.1,6313.0,6944.3,0.2326481332416817,0.23885370006766501,0.006205566825983305,0.006205566825983305,0,0,0,-1
german,mlp,72,credit_amount,relative_plus_10,0.1,1546.0,1700.6,0.17579921113180116,0.17653643738691635,0.0007372262551151865,0.0007372262551151865,0,0,0,-1
german,mlp,73,credit_amount,relative_plus_10,0.1,2859.0,3144.9,0.22932773566828754,0.2307216345821746,0.001393898913887054,0.001393898913887054,0,0,0,-1
german,mlp,74,credit_amount,relative_plus_10,0.1,1103.0,1213.3,0.21586888817903582,0.21720326525270792,0.001334377073672094,0.001334377073672094,0,0,0,-1
german,mlp,75,credit_amount,relative_plus_10,0.1,2511.0,2762.1,0.4423554762861602,0.44389588953590586,0.0015404132497456868,0.0015404132497456868,0,0,0,-1
german,mlp,76,credit_amount,relative_plus_10,0.1,2748.0,3022.8,0.32507530002633894,0.32912245699922327,0.004047156972884325,0.004047156972884325,0,0,0,-1
german,mlp,77,credit_amount,relative_plus_10,0.1,1199.0,1318.9,0.3010734026184118,0.30263871066338693,0.0015653080449751222,0.0015653080449751222,0,0,0,-1
german,mlp,78,credit_amount,relative_plus_10,0.1,2831.0,3114.1,0.24763530518832041,0.24964508996673138,0.0020097847784109613,0.0020097847784109613,0,0,0,-1
german,mlp,79,credit_amount,relative_plus_10,0.1,1845.0,2029.5,0.4172248844520669,0.42148755015632444,0.00426266570425754,0.00426266570425754,0,0,0,-1
german,mlp,80,credit_amount,relative_plus_10,0.1,10144.0,11158.4,0.284838415529233,0.29495505141916245,0.010116635889929448,0.010116635889929448,0,0,0,-1
german,mlp,81,credit_amount,relative_plus_10,0.1,9436.0,10379.6,0.17349396284028698,0.17423114892157449,0.0007371860812875053,0.0007371860812875053,0,0,0,-1
german,mlp,82,credit_amount,relative_plus_10,0.1,2101.0,2311.1,0.39424334337811145,0.39476353855190205,0.0005201951737905941,0.0005201951737905941,0,0,0,-1
german,mlp,83,credit_amount,relative_plus_10,0.1,1647.0,1811.7,0.367820580992647,0.371176285037225,0.003355704044578023,0.003355704044578023,0,0,0,-1
german,mlp,84,credit_amount,relative_plus_10,0.1,12389.0,13627.9,0.3448230799863803,0.35702671621758314,0.012203636231202852,0.012203636231202852,0,0,0,-1
german,mlp,85,credit_amount,relative_plus_10,0.1,2096.0,2305.6,0.2444924421566889,0.2458592403956625,0.001366798238973621,0.001366798238973621,0,0,0,-1
german,mlp,86,credit_amount,relative_plus_10,0.1,2415.0,2656.5,0.29800204425166227,0.30216822100883023,0.004166176757167961,0.004166176757167961,0,0,0,-1
german,mlp,87,credit_amount,relative_plus_10,0.1,3959.0,4354.9,0.4966269950842168,0.5046229486271202,0.007995953542903389,0.007995953542903389,0,1,1,-1
german,mlp,88,credit_amount,relative_plus_10,0.1,5804.0,6384.4,0.23144707170933512,0.2355453295088308,0.004098257799495686,0.004098257799495686,0,0,0,-1
german,mlp,89,credit_amount,relative_plus_10,0.1,6224.0,6846.4,0.6400407350476786,0.6502326113942438,0.010191876346565265,0.010191876346565265,1,1,0,-1
german,mlp,90,credit_amount,relative_plus_10,0.1,4796.0,5275.6,0.4822416863981328,0.4878379804860312,0.005596294087898412,0.005596294087898412,0,0,0,-1
german,mlp,91,credit_amount,relative_plus_10,0.1,1603.0,1763.3,0.40143078123405807,0.4048600902431308,0.003429309009072734,0.003429309009072734,0,0,0,-1
german,mlp,92,credit_amount,relative_plus_10,0.1,1905.0,2095.5,0.44359454779618673,0.4450553889138721,0.001460841117685352,0.001460841117685352,0,0,0,-1
german,mlp,93,credit_amount,relative_plus_10,0.1,1936.0,2129.6,0.3046662796706493,0.305916233548374,0.0012499538777246966,0.0012499538777246966,0,0,0,-1
german,mlp,94,credit_amount,relative_plus_10,0.1,250.0,275.0,0.12739534911392703,0.12742733618356258,3.198706963555842e-05,3.198706963555842e-05,0,0,0,-1
german,mlp,95,credit_amount,relative_plus_10,0.1,3160.0,3476.0,0.15522877788983463,0.15660372967757025,0.001374951787735612,0.001374951787735612,0,0,0,-1
german,mlp,96,credit_amount,relative_plus_10,0.1,3181.0,3499.1,0.36442913704527324,0.3692580731216289,0.00482893607635565,0.00482893607635565,0,0,0,-1
german,mlp,97,credit_amount,relative_plus_10,0.1,2241.0,2465.1,0.25451466263318945,0.2573000392136188,0.0027853765804293773,0.0027853765804293773,0,0,0,-1
german,mlp,98,credit_amount,relative_plus_10,0.1,937.0,1030.7,0.6586898441318234,0.6600698757597054,0.001380031627882028,0.001380031627882028,1,1,0,-1
german,mlp,99,credit_amount,relative_plus_10,0.1,2012.0,2213.2,0.24855132238008826,0.24876962125575885,0.00021829887567059725,0.00021829887567059725,0,0,0,-1
german,mlp,0,installment_rate,relative_minus_5,-0.05,3.0,3.15,0.2868824306481333,0.28930616236425544,0.002423731716122146,0.002423731716122146,0,0,0,-1
german,mlp,1,installment_rate,relative_minus_5,-0.05,3.0,3.15,0.4198976318717018,0.42202408857920837,0.002126456707506552,0.002126456707506552,0,0,0,-1
german,mlp,2,installment_rate,relative_minus_5,-0.05,4.0,4.2,0.26258346992117976,0.26714024756180976,0.004556777640630005,0.004556777640630005,0,0,0,-1
german,mlp,3,installment_rate,relative_minus_5,-0.05,4.0,4.2,0.1802774281890517,0.18056923663945315,0.0002918084504014429,0.0002918084504014429,0,0,0,-1
german,mlp,4,installment_rate,relative_minus_5,-0.05,2.0,2.1,0.1819840520060159,0.18427352760015644,0.0022894755941405553,0.0022894755941405553,0,0,0,-1
german,mlp,5,installment_rate,relative_minus_5,-0.05,1.0,1.05,0.2043107705535393,0.20506859877740602,0.0007578282238667189,0.0007578282238667189,0,0,0,-1
german,mlp,6,installment_rate,relative_minus_5,-0.05,3.0,3.15,0.24145627495089156,0.24286970999208096,0.0014134350411894037,0.0014134350411894037,0,0,0,-1
german,mlp,7,installment_rate,relative_minus_5,-0.05,4.0,4.2,0.361249588683193,0.3644067692811322,0.00315718059793918,0.00315718059793918,0,0,0,-1
german,mlp,8,installment_rate,relative_minus_5,-0.05,4.0,4.2,0.29833305974606383,0.3023973229519599,0.00406426320589609,0.00406426320589609,0,0,0,-1
german,mlp,9,installment_rate,relative_minus_5,-0.05,4.0,4.2,0.4084749758946331,0.4162268503789217,0.007751874484288601,0.007751874484288601,0,0,0,-1
german,mlp,10,installment_rate,relative_minus_5,-0.05,3.0,3.15,0.1978244007482361,0.19901694694476857,0.0011925461965324735,0.0011925461965324735,0,0,0,-1
german,mlp,11,installment_rate,relative_minus_5,-0.05,2.0,2.1,0.4490305536205001,0.45505446698124286,0.006023913360742761,0.006023913360742761,0,0,0,-1
german,mlp,12,installment_rate,relative_minus_5,-0.05,4.0,4.2,0.3380754225555931,0.3427688861377151,0.004693463582122026,0.004693463582122026,0,0,0,-1
german,mlp,13,installment_rate,relative_minus_5,-0.05,3.0,3.15,0.3226170260018927,0.32334513897838085,0.0007281129764881711,0.0007281129764881711,0,0,0,-1
german,mlp,14,installment_rate,relative_minus_5,-0.05,2.0,2.1,0.1607190907005708,0.16300776280643664,0.0022886721058658355,0.0022886721058658355,0,0,0,-1
german,mlp,15,installment_rate,relative_minus_5,-0.05,3.0,3.15,0.2991772357699808,0.3031824361907464,0.004005200420765631,0.004005200420765631,0,0,0,-1
german,mlp,16,installment_rate,relative_minus_5,-0.05,4.0,4.2,0.07569409040610586,0.07376822168268202,-0.0019258687234238459,0.0019258687234238459,0,0,0,-1
german,mlp,17,installment_rate,relative_minus_5,-0.05,4.0,4.2,0.320382999871944,0.32667052035305905,0.006287520481115028,0.006287520481115028,0,0,0,-1
german,mlp,18,installment_rate,relative_minus_5,-0.05,2.0,2.1,0.21792612201370706,0.21896064083444353,0.001034518820736463,0.001034518820736463,0,0,0,-1
german,mlp,19,installment_rate,relative_minus_5,-0.05,4.0,4.2,0.5132077646135412,0.5178088323241051,0.0046010677105639,0.0046010677105639,1,1,0,-1
german,mlp,20,installment_rate,relative_minus_5,-0.05,1.0,1.05,0.16826818543871874,0.16833314117827955,6.495573956080691e-05,6.495573956080691e-05,0,0,0,-1
german,mlp,21,installment_rate,relative_minus_5,-0.05,4.0,4.2,0.18871648712224667,0.19181031656516492,0.00309382944291825,0.00309382944291825,0,0,0,-1
german,mlp,22,installment_rate,relative_minus_5,-0.05,4.0,4.2,0.2340361932873373,0.23161111616693672,-0.002425077120400576,0.002425077120400576,0,0,0,-1
german,mlp,23,installment_rate,relative_minus_5,-0.05,4.0,4.2,0.49953972896498505,0.5024679229316503,0.002928193966665271,0.002928193966665271,0,1,1,-1
german,mlp,24,installment_rate,relative_minus_5,-0.05,4.0,4.2,0.3945250994274686,0.392719604304343,-0.0018054951231256111,0.0018054951231256111,0,0,0,-1
german,mlp,25,installment_rate,relative_minus_5,-0.05,3.0,3.15,0.1999714289423839,0.20492111486758596,0.004949685925202063,0.004949685925202063,0,0,0,-1
german,mlp,26,installment_rate,relative_minus_5,-0.05,1.0,1.05,0.2622371730736121,0.2623503373281021,0.00011316425448998357,0.00011316425448998357,0,0,0,-1
german,mlp,27,installment_rate,relative_minus_5,-0.05,4.0,4.2,0.40187252116986394,0.400029702928256,-0.0018428182416079242,0.0018428182416079242,0,0,0,-1
german,mlp,28,installment_rate,relative_minus_5,-0.05,1.0,1.05,0.21975633548972673,0.21950810002008933,-0.00024823546963739784,0.00024823546963739784,0,0,0,-1
german,mlp,29,installment_rate,relative_minus_5,-0.05,1.0,1.05,0.28996688444799096,0.2907722084609257,0.0008053240129347605,0.0008053240129347605,0,0,0,-1
german,mlp,30,installment_rate,relative_minus_5,-0.05,4.0,4.2,0.5843997058285129,0.5868547302587673,0.002455024430254471,0.002455024430254471,1,1,0,-1
german,mlp,31,installment_rate,relative_minus_5,-0.05,4.0,4.2,0.42703271675750654,0.4282658707866878,0.0012331540291812826,0.0012331540291812826,0,0,0,-1
german,mlp,32,installment_rate,relative_minus_5,-0.05,2.0,2.1,0.06159397700408669,0.06203831901515831,0.0004443420110716162,0.0004443420110716162,0,0,0,-1
german,mlp,33,installment_rate,relative_minus_5,-0.05,4.0,4.2,0.2452309775841329,0.2466225046216432,0.001391527037510304,0.001391527037510304,0,0,0,-1
german,mlp,34,installment_rate,relative_minus_5,-0.05,4.0,4.2,0.5123814318058395,0.5179024409610977,0.005521009155258216,0.005521009155258216,1,1,0,-1
german,mlp,35,installment_rate,relative_minus_5,-0.05,4.0,4.2,0.4040062504090185,0.40876291630880995,0.004756665899791457,0.004756665899791457,0,0,0,-1
german,mlp,36,installment_rate,relative_minus_5,-0.05,4.0,4.2,0.39041320626672604,0.4016662172741458,0.011253011007419766,0.011253011007419766,0,0,0,-1
german,mlp,37,installment_rate,relative_minus_5,-0.05,4.0,4.2,0.3668266156268264,0.3759939812603042,0.009167365633477809,0.009167365633477809,0,0,0,-1
german,mlp,38,installment_rate,relative_minus_5,-0.05,2.0,2.1,0.399240031305948,0.4050884917101771,0.005848460404229094,0.005848460404229094,0,0,0,-1
german,mlp,39,installment_rate,relative_minus_5,-0.05,4.0,4.2,0.31310442539427324,0.3224107428471639,0.009306317452890678,0.009306317452890678,0,0,0,-1
german,mlp,40,installment_rate,relative_minus_5,-0.05,4.0,4.2,0.3333594981968233,0.3408677107406313,0.007508212543808013,0.007508212543808013,0,0,0,-1
german,mlp,41,installment_rate,relative_minus_5,-0.05,4.0,4.2,0.3016974078180434,0.3076511315946535,0.005953723776610131,0.005953723776610131,0,0,0,-1
german,mlp,42,installment_rate,relative_minus_5,-0.05,4.0,4.2,0.3967842920357588,0.4046196057981809,0.00783531376242208,0.00783531376242208,0,0,0,-1
german,mlp,43,installment_rate,relative_minus_5,-0.05,4.0,4.2,0.2191377203672374,0.2217158285845006,0.002578108217263203,0.002578108217263203,0,0,0,-1
german,mlp,44,installment_rate,relative_minus_5,-0.05,4.0,4.2,0.30746499417314455,0.3176219893700773,0.01015699519693275,0.01015699519693275,0,0,0,-1
german,mlp,45,installment_rate,relative_minus_5,-0.05,4.0,4.2,0.19417247812730504,0.19663489677909168,0.0024624186517866464,0.0024624186517866464,0,0,0,-1
german,mlp,46,installment_rate,relative_minus_5,-0.05,4.0,4.2,0.19798688045008261,0.20108258551757707,0.0030957050674944586,0.0030957050674944586,0,0,0,-1
german,mlp,47,installment_rate,relative_minus_5,-0.05,1.0,1.05,0.2718695537935461,0.27202434496344674,0.00015479116990063657,0.00015479116990063657,0,0,0,-1
german,mlp,48,installment_rate,relative_minus_5,-0.05,1.0,1.05,0.1750165253584432,0.1749666473246929,-4.98780337503113e-05,4.98780337503113e-05,0,0,0,-1
german,mlp,49,installment_rate,relative_minus_5,-0.05,4.0,4.2,0.4588613965006128,0.4709723167530462,0.012110920252433377,0.012110920252433377,0,0,0,-1
german,mlp,50,installment_rate,relative_minus_5,-0.05,2.0,2.1,0.25833505988114175,0.2568971094326411,-0.0014379504485006467,0.0014379504485006467,0,0,0,-1
german,mlp,51,installment_rate,relative_minus_5,-0.05,2.0,2.1,0.23994228781447036,0.24221793164588776,0.002275643831417401,0.002275643831417401,0,0,0,-1
german,mlp,52,installment_rate,relative_minus_5,-0.05,2.0,2.1,0.25197598703294255,0.2517779439937068,-0.00019804303923576239,0.00019804303923576239,0,0,0,-1
german,mlp,53,installment_rate,relative_minus_5,-0.05,4.0,4.2,0.24562077738290533,0.24610840334217943,0.00048762595927409613,0.00048762595927409613,0,0,0,-1
german,mlp,54,installment_rate,relative_minus_5,-0.05,4.0,4.2,0.18732343132224302,0.1886216642782744,0.0012982329560313755,0.0012982329560313755,0,0,0,-1
german,mlp,55,installment_rate,relative_minus_5,-0.05,4.0,4.2,0.3754380929776099,0.37300380623037005,-0.0024342867472398333,0.0024342867472398333,0,0,0,-1
german,mlp,56,installment_rate,relative_minus_5,-0.05,4.0,4.2,0.33683635847007065,0.3344740700019863,-0.0023622884680843392,0.0023622884680843392,0,0,0,-1
german,mlp,57,installment_rate,relative_minus_5,-0.05,4.0,4.2,0.4247782060955582,0.4360803038323737,0.011302097736815453,0.011302097736815453,0,0,0,-1
german,mlp,58,installment_rate,relative_minus_5,-0.05,2.0,2.1,0.20020788889953503,0.20524816167687496,0.005040272777339927,0.005040272777339927,0,0,0,-1
german,mlp,59,installment_rate,relative_minus_5,-0.05,3.0,3.15,0.5357836989632669,0.5354105739727693,-0.0003731249904976863,0.0003731249904976863,1,1,0,-1
german,mlp,60,installment_rate,relative_minus_5,-0.05,3.0,3.15,0.33610005721370495,0.34174504004615014,0.005644982832445189,0.005644982832445189,0,0,0,-1
german,mlp,61,installment_rate,relative_minus_5,-0.05,4.0,4.2,0.21555248127528462,0.214327363649508,-0.0012251176257766228,0.0012251176257766228,0,0,0,-1
german,mlp,62,installment_rate,relative_minus_5,-0.05,1.0,1.05,0.26851517186260315,0.2694227995419877,0.0009076276793845706,0.0009076276793845706,0,0,0,-1
german,mlp,63,installment_rate,relative_minus_5,-0.05,2.0,2.1,0.42519995561469526,0.4272322500675771,0.002032294452881833,0.002032294452881833,0,0,0,-1
german,mlp,64,installment_rate,relative_minus_5,-0.05,1.0,1.05,0.3902998055499012,0.3910603062949095,0.0007605007450083301,0.0007605007450083301,0,0,0,-1
german,mlp,65,installment_rate,relative_minus_5,-0.05,4.0,4.2,0.22708278958567477,0.2244085496147302,-0.0026742399709445697,0.0026742399709445697,0,0,0,-1
german,mlp,66,installment_rate,relative_minus_5,-0.05,4.0,4.2,0.43863287851091937,0.43734060614702075,-0.0012922723638986167,0.0012922723638986167,0,0,0,-1
german,mlp,67,installment_rate,relative_minus_5,-0.05,4.0,4.2,0.6061115695108918,0.6126431740073599,0.0065316044964680575,0.0065316044964680575,1,1,0,-1
german,mlp,68,installment_rate,relative_minus_5,-0.05,4.0,4.2,0.367077678742253,0.3705659355765492,0.0034882568342962106,0.0034882568342962106,0,0,0,-1
german,mlp,69,installment_rate,relative_minus_5,-0.05,3.0,3.15,0.4207072819437597,0.42771492936470434,0.007007647420944618,0.007007647420944618,0,0,0,-1
german,mlp,70,installment_rate,relative_minus_5,-0.05,4.0,4.2,0.35120868452508525,0.35880092037564226,0.0075922358505570164,0.0075922358505570164,0,0,0,-1
german,mlp,71,installment_rate,relative_minus_5,-0.05,3.0,3.15,0.2326481332416817,0.23619728338968354,0.003549150148001834,0.003549150148001834,0,0,0,-1
german,mlp,72,installment_rate,relative_minus_5,-0.05,3.0,3.15,0.17579921113180116,0.1794382272396709,0.003639016107869736,0.003639016107869736,0,0,0,-1
german,mlp,73,installment_rate,relative_minus_5,-0.05,4.0,4.2,0.22932773566828754,0.23156639289306005,0.002238657224772511,0.002238657224772511,0,0,0,-1
german,mlp,74,installment_rate,relative_minus_5,-0.05,4.0,4.2,0.21586888817903582,0.2206541607172674,0.0047852725382315775,0.0047852725382315775,0,0,0,-1
german,mlp,75,installment_rate,relative_minus_5,-0.05,1.0,1.05,0.4423554762861602,0.4448612318720967,0.00250575558593652,0.00250575558593652,0,0,0,-1
german,mlp,76,installment_rate,relative_minus_5,-0.05,2.0,2.1,0.32507530002633894,0.3278715432166229,0.0027962431902839313,0.0027962431902839313,0,0,0,-1
german,mlp,77,installment_rate,relative_minus_5,-0.05,4.0,4.2,0.3010734026184118,0.29843937555941685,-0.002634027058994959,0.002634027058994959,0,0,0,-1
german,mlp,78,installment_rate,relative_minus_5,-0.05,4.0,4.2,0.24763530518832041,0.250193801584093,0.002558496395772575,0.002558496395772575,0,0,0,-1
german,mlp,79,installment_rate,relative_minus_5,-0.05,4.0,4.2,0.4172248844520669,0.4215567849595709,0.004331900507503983,0.004331900507503983,0,0,0,-1
german,mlp,80,installment_rate,relative_minus_5,-0.05,2.0,2.1,0.284838415529233,0.2882461570512842,0.0034077415220511997,0.0034077415220511997,0,0,0,-1
german,mlp,81,installment_rate,relative_minus_5,-0.05,2.0,2.1,0.17349396284028698,0.1738239535507596,0.0003299907104726274,0.0003299907104726274,0,0,0,-1
german,mlp,82,installment_rate,relative_minus_5,-0.05,2.0,2.1,0.39424334337811145,0.3948931230713018,0.0006497796931903554,0.0006497796931903554,0,0,0,-1
german,mlp,83,installment_rate,relative_minus_5,-0.05,4.0,4.2,0.367820580992647,0.3699103683238839,0.0020897873312369364,0.0020897873312369364,0,0,0,-1
german,mlp,84,installment_rate,relative_minus_5,-0.05,1.0,1.05,0.3448230799863803,0.34657712756629155,0.0017540475799112665,0.0017540475799112665,0,0,0,-1
german,mlp,85,installment_rate,relative_minus_5,-0.05,2.0,2.1,0.2444924421566889,0.24861454036697928,0.004122098210290387,0.004122098210290387,0,0,0,-1
german,mlp,86,installment_rate,relative_minus_5,-0.05,3.0,3.15,0.29800204425166227,0.3004481612817351,0.0024461170300728585,0.0024461170300728585,0,0,0,-1
german,mlp,87,installment_rate,relative_minus_5,-0.05,4.0,4.2,0.4966269950842168,0.4994388229243231,0.002811827840106307,0.002811827840106307,0,0,0,-1
german,mlp,88,installment_rate,relative_minus_5,-0.05,4.0,4.2,0.23144707170933512,0.2347532639157514,0.0033061922064162863,0.0033061922064162863,0,0,0,-1
german,mlp,89,installment_rate,relative_minus_5,-0.05,4.0,4.2,0.6400407350476786,0.6390463741225764,-0.000994360925102189,0.000994360925102189,1,1,0,-1
german,mlp,90,installment_rate,relative_minus_5,-0.05,4.0,4.2,0.4822416863981328,0.4763624892007518,-0.005879197197381003,0.005879197197381003,0,0,0,-1
german,mlp,91,installment_rate,relative_minus_5,-0.05,4.0,4.2,0.40143078123405807,0.40185551190037255,0.00042473066631448786,0.00042473066631448786,0,0,0,-1
german,mlp,92,installment_rate,relative_minus_5,-0.05,4.0,4.2,0.44359454779618673,0.44731423243834323,0.0037196846421564955,0.0037196846421564955,0,0,0,-1
german,mlp,93,installment_rate,relative_minus_5,-0.05,2.0,2.1,0.3046662796706493,0.3057881206805051,0.0011218410098557952,0.0011218410098557952,0,0,0,-1
german,mlp,94,installment_rate,relative_minus_5,-0.05,2.0,2.1,0.12739534911392703,0.1290274251615983,0.001632076047671266,0.001632076047671266,0,0,0,-1
german,mlp,95,installment_rate,relative_minus_5,-0.05,4.0,4.2,0.15522877788983463,0.15452439508556348,-0.0007043828042711531,0.0007043828042711531,0,0,0,-1
german,mlp,96,installment_rate,relative_minus_5,-0.05,4.0,4.2,0.36442913704527324,0.36303789083099447,-0.001391246214278774,0.001391246214278774,0,0,0,-1
german,mlp,97,installment_rate,relative_minus_5,-0.05,1.0,1.05,0.25451466263318945,0.25545739353270275,0.0009427308995132999,0.0009427308995132999,0,0,0,-1
german,mlp,98,installment_rate,relative_minus_5,-0.05,4.0,4.2,0.6586898441318234,0.6673467832394901,0.008656939107666739,0.008656939107666739,1,1,0,-1
german,mlp,99,installment_rate,relative_minus_5,-0.05,4.0,4.2,0.24855132238008826,0.25218625235404696,0.0036349299739587004,0.0036349299739587004,0,0,0,-1
german,mlp,0,installment_rate,relative_plus_5,0.05,3.0,3.15,0.2868824306481333,0.28930616236425544,0.002423731716122146,0.002423731716122146,0,0,0,-1
german,mlp,1,installment_rate,relative_plus_5,0.05,3.0,3.15,0.4198976318717018,0.42202408857920837,0.002126456707506552,0.002126456707506552,0,0,0,-1
german,mlp,2,installment_rate,relative_plus_5,0.05,4.0,4.2,0.26258346992117976,0.26714024756180976,0.004556777640630005,0.004556777640630005,0,0,0,-1
german,mlp,3,installment_rate,relative_plus_5,0.05,4.0,4.2,0.1802774281890517,0.18056923663945315,0.0002918084504014429,0.0002918084504014429,0,0,0,-1
german,mlp,4,installment_rate,relative_plus_5,0.05,2.0,2.1,0.1819840520060159,0.18427352760015644,0.0022894755941405553,0.0022894755941405553,0,0,0,-1
german,mlp,5,installment_rate,relative_plus_5,0.05,1.0,1.05,0.2043107705535393,0.20506859877740602,0.0007578282238667189,0.0007578282238667189,0,0,0,-1
german,mlp,6,installment_rate,relative_plus_5,0.05,3.0,3.15,0.24145627495089156,0.24286970999208096,0.0014134350411894037,0.0014134350411894037,0,0,0,-1
german,mlp,7,installment_rate,relative_plus_5,0.05,4.0,4.2,0.361249588683193,0.3644067692811322,0.00315718059793918,0.00315718059793918,0,0,0,-1
german,mlp,8,installment_rate,relative_plus_5,0.05,4.0,4.2,0.29833305974606383,0.3023973229519599,0.00406426320589609,0.00406426320589609,0,0,0,-1
german,mlp,9,installment_rate,relative_plus_5,0.05,4.0,4.2,0.4084749758946331,0.4162268503789217,0.007751874484288601,0.007751874484288601,0,0,0,-1
german,mlp,10,installment_rate,relative_plus_5,0.05,3.0,3.15,0.1978244007482361,0.19901694694476857,0.0011925461965324735,0.0011925461965324735,0,0,0,-1
german,mlp,11,installment_rate,relative_plus_5,0.05,2.0,2.1,0.4490305536205001,0.45505446698124286,0.006023913360742761,0.006023913360742761,0,0,0,-1
german,mlp,12,installment_rate,relative_plus_5,0.05,4.0,4.2,0.3380754225555931,0.3427688861377151,0.004693463582122026,0.004693463582122026,0,0,0,-1
german,mlp,13,installment_rate,relative_plus_5,0.05,3.0,3.15,0.3226170260018927,0.32334513897838085,0.0007281129764881711,0.0007281129764881711,0,0,0,-1
german,mlp,14,installment_rate,relative_plus_5,0.05,2.0,2.1,0.1607190907005708,0.16300776280643664,0.0022886721058658355,0.0022886721058658355,0,0,0,-1
german,mlp,15,installment_rate,relative_plus_5,0.05,3.0,3.15,0.2991772357699808,0.3031824361907464,0.004005200420765631,0.004005200420765631,0,0,0,-1
german,mlp,16,installment_rate,relative_plus_5,0.05,4.0,4.2,0.07569409040610586,0.07376822168268202,-0.0019258687234238459,0.0019258687234238459,0,0,0,-1
german,mlp,17,installment_rate,relative_plus_5,0.05,4.0,4.2,0.320382999871944,0.32667052035305905,0.006287520481115028,0.006287520481115028,0,0,0,-1
german,mlp,18,installment_rate,relative_plus_5,0.05,2.0,2.1,0.21792612201370706,0.21896064083444353,0.001034518820736463,0.001034518820736463,0,0,0,-1
german,mlp,19,installment_rate,relative_plus_5,0.05,4.0,4.2,0.5132077646135412,0.5178088323241051,0.0046010677105639,0.0046010677105639,1,1,0,-1
german,mlp,20,installment_rate,relative_plus_5,0.05,1.0,1.05,0.16826818543871874,0.16833314117827955,6.495573956080691e-05,6.495573956080691e-05,0,0,0,-1
german,mlp,21,installment_rate,relative_plus_5,0.05,4.0,4.2,0.18871648712224667,0.19181031656516492,0.00309382944291825,0.00309382944291825,0,0,0,-1
german,mlp,22,installment_rate,relative_plus_5,0.05,4.0,4.2,0.2340361932873373,0.23161111616693672,-0.002425077120400576,0.002425077120400576,0,0,0,-1
german,mlp,23,installment_rate,relative_plus_5,0.05,4.0,4.2,0.49953972896498505,0.5024679229316503,0.002928193966665271,0.002928193966665271,0,1,1,-1
german,mlp,24,installment_rate,relative_plus_5,0.05,4.0,4.2,0.3945250994274686,0.392719604304343,-0.0018054951231256111,0.0018054951231256111,0,0,0,-1
german,mlp,25,installment_rate,relative_plus_5,0.05,3.0,3.15,0.1999714289423839,0.20492111486758596,0.004949685925202063,0.004949685925202063,0,0,0,-1
german,mlp,26,installment_rate,relative_plus_5,0.05,1.0,1.05,0.2622371730736121,0.2623503373281021,0.00011316425448998357,0.00011316425448998357,0,0,0,-1
german,mlp,27,installment_rate,relative_plus_5,0.05,4.0,4.2,0.40187252116986394,0.400029702928256,-0.0018428182416079242,0.0018428182416079242,0,0,0,-1
german,mlp,28,installment_rate,relative_plus_5,0.05,1.0,1.05,0.21975633548972673,0.21950810002008933,-0.00024823546963739784,0.00024823546963739784,0,0,0,-1
german,mlp,29,installment_rate,relative_plus_5,0.05,1.0,1.05,0.28996688444799096,0.2907722084609257,0.0008053240129347605,0.0008053240129347605,0,0,0,-1
german,mlp,30,installment_rate,relative_plus_5,0.05,4.0,4.2,0.5843997058285129,0.5868547302587673,0.002455024430254471,0.002455024430254471,1,1,0,-1
german,mlp,31,installment_rate,relative_plus_5,0.05,4.0,4.2,0.42703271675750654,0.4282658707866878,0.0012331540291812826,0.0012331540291812826,0,0,0,-1
german,mlp,32,installment_rate,relative_plus_5,0.05,2.0,2.1,0.06159397700408669,0.06203831901515831,0.0004443420110716162,0.0004443420110716162,0,0,0,-1
german,mlp,33,installment_rate,relative_plus_5,0.05,4.0,4.2,0.2452309775841329,0.2466225046216432,0.001391527037510304,0.001391527037510304,0,0,0,-1
german,mlp,34,installment_rate,relative_plus_5,0.05,4.0,4.2,0.5123814318058395,0.5179024409610977,0.005521009155258216,0.005521009155258216,1,1,0,-1
german,mlp,35,installment_rate,relative_plus_5,0.05,4.0,4.2,0.4040062504090185,0.40876291630880995,0.004756665899791457,0.004756665899791457,0,0,0,-1
german,mlp,36,installment_rate,relative_plus_5,0.05,4.0,4.2,0.39041320626672604,0.4016662172741458,0.011253011007419766,0.011253011007419766,0,0,0,-1
german,mlp,37,installment_rate,relative_plus_5,0.05,4.0,4.2,0.3668266156268264,0.3759939812603042,0.009167365633477809,0.009167365633477809,0,0,0,-1
german,mlp,38,installment_rate,relative_plus_5,0.05,2.0,2.1,0.399240031305948,0.4050884917101771,0.005848460404229094,0.005848460404229094,0,0,0,-1
german,mlp,39,installment_rate,relative_plus_5,0.05,4.0,4.2,0.31310442539427324,0.3224107428471639,0.009306317452890678,0.009306317452890678,0,0,0,-1
german,mlp,40,installment_rate,relative_plus_5,0.05,4.0,4.2,0.3333594981968233,0.3408677107406313,0.007508212543808013,0.007508212543808013,0,0,0,-1
german,mlp,41,installment_rate,relative_plus_5,0.05,4.0,4.2,0.3016974078180434,0.3076511315946535,0.005953723776610131,0.005953723776610131,0,0,0,-1
german,mlp,42,installment_rate,relative_plus_5,0.05,4.0,4.2,0.3967842920357588,0.4046196057981809,0.00783531376242208,0.00783531376242208,0,0,0,-1
german,mlp,43,installment_rate,relative_plus_5,0.05,4.0,4.2,0.2191377203672374,0.2217158285845006,0.002578108217263203,0.002578108217263203,0,0,0,-1
german,mlp,44,installment_rate,relative_plus_5,0.05,4.0,4.2,0.30746499417314455,0.3176219893700773,0.01015699519693275,0.01015699519693275,0,0,0,-1
german,mlp,45,installment_rate,relative_plus_5,0.05,4.0,4.2,0.19417247812730504,0.19663489677909168,0.0024624186517866464,0.0024624186517866464,0,0,0,-1
german,mlp,46,installment_rate,relative_plus_5,0.05,4.0,4.2,0.19798688045008261,0.20108258551757707,0.0030957050674944586,0.0030957050674944586,0,0,0,-1
german,mlp,47,installment_rate,relative_plus_5,0.05,1.0,1.05,0.2718695537935461,0.27202434496344674,0.00015479116990063657,0.00015479116990063657,0,0,0,-1
german,mlp,48,installment_rate,relative_plus_5,0.05,1.0,1.05,0.1750165253584432,0.1749666473246929,-4.98780337503113e-05,4.98780337503113e-05,0,0,0,-1
german,mlp,49,installment_rate,relative_plus_5,0.05,4.0,4.2,0.4588613965006128,0.4709723167530462,0.012110920252433377,0.012110920252433377,0,0,0,-1
german,mlp,50,installment_rate,relative_plus_5,0.05,2.0,2.1,0.25833505988114175,0.2568971094326411,-0.0014379504485006467,0.0014379504485006467,0,0,0,-1
german,mlp,51,installment_rate,relative_plus_5,0.05,2.0,2.1,0.23994228781447036,0.24221793164588776,0.002275643831417401,0.002275643831417401,0,0,0,-1
german,mlp,52,installment_rate,relative_plus_5,0.05,2.0,2.1,0.25197598703294255,0.2517779439937068,-0.00019804303923576239,0.00019804303923576239,0,0,0,-1
german,mlp,53,installment_rate,relative_plus_5,0.05,4.0,4.2,0.24562077738290533,0.24610840334217943,0.00048762595927409613,0.00048762595927409613,0,0,0,-1
german,mlp,54,installment_rate,relative_plus_5,0.05,4.0,4.2,0.18732343132224302,0.1886216642782744,0.0012982329560313755,0.0012982329560313755,0,0,0,-1
german,mlp,55,installment_rate,relative_plus_5,0.05,4.0,4.2,0.3754380929776099,0.37300380623037005,-0.0024342867472398333,0.0024342867472398333,0,0,0,-1
german,mlp,56,installment_rate,relative_plus_5,0.05,4.0,4.2,0.33683635847007065,0.3344740700019863,-0.0023622884680843392,0.0023622884680843392,0,0,0,-1
german,mlp,57,installment_rate,relative_plus_5,0.05,4.0,4.2,0.4247782060955582,0.4360803038323737,0.011302097736815453,0.011302097736815453,0,0,0,-1
german,mlp,58,installment_rate,relative_plus_5,0.05,2.0,2.1,0.20020788889953503,0.20524816167687496,0.005040272777339927,0.005040272777339927,0,0,0,-1
german,mlp,59,installment_rate,relative_plus_5,0.05,3.0,3.15,0.5357836989632669,0.5354105739727693,-0.0003731249904976863,0.0003731249904976863,1,1,0,-1
german,mlp,60,installment_rate,relative_plus_5,0.05,3.0,3.15,0.33610005721370495,0.34174504004615014,0.005644982832445189,0.005644982832445189,0,0,0,-1
german,mlp,61,installment_rate,relative_plus_5,0.05,4.0,4.2,0.21555248127528462,0.214327363649508,-0.0012251176257766228,0.0012251176257766228,0,0,0,-1
german,mlp,62,installment_rate,relative_plus_5,0.05,1.0,1.05,0.26851517186260315,0.2694227995419877,0.0009076276793845706,0.0009076276793845706,0,0,0,-1
german,mlp,63,installment_rate,relative_plus_5,0.05,2.0,2.1,0.42519995561469526,0.4272322500675771,0.002032294452881833,0.002032294452881833,0,0,0,-1
german,mlp,64,installment_rate,relative_plus_5,0.05,1.0,1.05,0.3902998055499012,0.3910603062949095,0.0007605007450083301,0.0007605007450083301,0,0,0,-1
german,mlp,65,installment_rate,relative_plus_5,0.05,4.0,4.2,0.22708278958567477,0.2244085496147302,-0.0026742399709445697,0.0026742399709445697,0,0,0,-1
german,mlp,66,installment_rate,relative_plus_5,0.05,4.0,4.2,0.43863287851091937,0.43734060614702075,-0.0012922723638986167,0.0012922723638986167,0,0,0,-1
german,mlp,67,installment_rate,relative_plus_5,0.05,4.0,4.2,0.6061115695108918,0.6126431740073599,0.0065316044964680575,0.0065316044964680575,1,1,0,-1
german,mlp,68,installment_rate,relative_plus_5,0.05,4.0,4.2,0.367077678742253,0.3705659355765492,0.0034882568342962106,0.0034882568342962106,0,0,0,-1
german,mlp,69,installment_rate,relative_plus_5,0.05,3.0,3.15,0.4207072819437597,0.42771492936470434,0.007007647420944618,0.007007647420944618,0,0,0,-1
german,mlp,70,installment_rate,relative_plus_5,0.05,4.0,4.2,0.35120868452508525,0.35880092037564226,0.0075922358505570164,0.0075922358505570164,0,0,0,-1
german,mlp,71,installment_rate,relative_plus_5,0.05,3.0,3.15,0.2326481332416817,0.23619728338968354,0.003549150148001834,0.003549150148001834,0,0,0,-1
german,mlp,72,installment_rate,relative_plus_5,0.05,3.0,3.15,0.17579921113180116,0.1794382272396709,0.003639016107869736,0.003639016107869736,0,0,0,-1
german,mlp,73,installment_rate,relative_plus_5,0.05,4.0,4.2,0.22932773566828754,0.23156639289306005,0.002238657224772511,0.002238657224772511,0,0,0,-1
german,mlp,74,installment_rate,relative_plus_5,0.05,4.0,4.2,0.21586888817903582,0.2206541607172674,0.0047852725382315775,0.0047852725382315775,0,0,0,-1
german,mlp,75,installment_rate,relative_plus_5,0.05,1.0,1.05,0.4423554762861602,0.4448612318720967,0.00250575558593652,0.00250575558593652,0,0,0,-1
german,mlp,76,installment_rate,relative_plus_5,0.05,2.0,2.1,0.32507530002633894,0.3278715432166229,0.0027962431902839313,0.0027962431902839313,0,0,0,-1
german,mlp,77,installment_rate,relative_plus_5,0.05,4.0,4.2,0.3010734026184118,0.29843937555941685,-0.002634027058994959,0.002634027058994959,0,0,0,-1
german,mlp,78,installment_rate,relative_plus_5,0.05,4.0,4.2,0.24763530518832041,0.250193801584093,0.002558496395772575,0.002558496395772575,0,0,0,-1
german,mlp,79,installment_rate,relative_plus_5,0.05,4.0,4.2,0.4172248844520669,0.4215567849595709,0.004331900507503983,0.004331900507503983,0,0,0,-1
german,mlp,80,installment_rate,relative_plus_5,0.05,2.0,2.1,0.284838415529233,0.2882461570512842,0.0034077415220511997,0.0034077415220511997,0,0,0,-1
german,mlp,81,installment_rate,relative_plus_5,0.05,2.0,2.1,0.17349396284028698,0.1738239535507596,0.0003299907104726274,0.0003299907104726274,0,0,0,-1
german,mlp,82,installment_rate,relative_plus_5,0.05,2.0,2.1,0.39424334337811145,0.3948931230713018,0.0006497796931903554,0.0006497796931903554,0,0,0,-1
german,mlp,83,installment_rate,relative_plus_5,0.05,4.0,4.2,0.367820580992647,0.3699103683238839,0.0020897873312369364,0.0020897873312369364,0,0,0,-1
german,mlp,84,installment_rate,relative_plus_5,0.05,1.0,1.05,0.3448230799863803,0.34657712756629155,0.0017540475799112665,0.0017540475799112665,0,0,0,-1
german,mlp,85,installment_rate,relative_plus_5,0.05,2.0,2.1,0.2444924421566889,0.24861454036697928,0.004122098210290387,0.004122098210290387,0,0,0,-1
german,mlp,86,installment_rate,relative_plus_5,0.05,3.0,3.15,0.29800204425166227,0.3004481612817351,0.0024461170300728585,0.0024461170300728585,0,0,0,-1
german,mlp,87,installment_rate,relative_plus_5,0.05,4.0,4.2,0.4966269950842168,0.4994388229243231,0.002811827840106307,0.002811827840106307,0,0,0,-1
german,mlp,88,installment_rate,relative_plus_5,0.05,4.0,4.2,0.23144707170933512,0.2347532639157514,0.0033061922064162863,0.0033061922064162863,0,0,0,-1
german,mlp,89,installment_rate,relative_plus_5,0.05,4.0,4.2,0.6400407350476786,0.6390463741225764,-0.000994360925102189,0.000994360925102189,1,1,0,-1
german,mlp,90,installment_rate,relative_plus_5,0.05,4.0,4.2,0.4822416863981328,0.4763624892007518,-0.005879197197381003,0.005879197197381003,0,0,0,-1
german,mlp,91,installment_rate,relative_plus_5,0.05,4.0,4.2,0.40143078123405807,0.40185551190037255,0.00042473066631448786,0.00042473066631448786,0,0,0,-1
german,mlp,92,installment_rate,relative_plus_5,0.05,4.0,4.2,0.44359454779618673,0.44731423243834323,0.0037196846421564955,0.0037196846421564955,0,0,0,-1
german,mlp,93,installment_rate,relative_plus_5,0.05,2.0,2.1,0.3046662796706493,0.3057881206805051,0.0011218410098557952,0.0011218410098557952,0,0,0,-1
german,mlp,94,installment_rate,relative_plus_5,0.05,2.0,2.1,0.12739534911392703,0.1290274251615983,0.001632076047671266,0.001632076047671266,0,0,0,-1
german,mlp,95,installment_rate,relative_plus_5,0.05,4.0,4.2,0.15522877788983463,0.15452439508556348,-0.0007043828042711531,0.0007043828042711531,0,0,0,-1
german,mlp,96,installment_rate,relative_plus_5,0.05,4.0,4.2,0.36442913704527324,0.36303789083099447,-0.001391246214278774,0.001391246214278774,0,0,0,-1
german,mlp,97,installment_rate,relative_plus_5,0.05,1.0,1.05,0.25451466263318945,0.25545739353270275,0.0009427308995132999,0.0009427308995132999,0,0,0,-1
german,mlp,98,installment_rate,relative_plus_5,0.05,4.0,4.2,0.6586898441318234,0.6673467832394901,0.008656939107666739,0.008656939107666739,1,1,0,-1
german,mlp,99,installment_rate,relative_plus_5,0.05,4.0,4.2,0.24855132238008826,0.25218625235404696,0.0036349299739587004,0.0036349299739587004,0,0,0,-1
german,mlp,0,installment_rate,relative_minus_10,-0.1,3.0,3.3,0.2868824306481333,0.2919755609111045,0.005093130262971202,0.005093130262971202,0,0,0,-1
german,mlp,1,installment_rate,relative_minus_10,-0.1,3.0,3.3,0.4198976318717018,0.42415344027906393,0.004255808407362116,0.004255808407362116,0,0,0,-1
german,mlp,2,installment_rate,relative_minus_10,-0.1,4.0,4.4,0.26258346992117976,0.2719768771947907,0.009393407273610932,0.009393407273610932,0,0,0,-1
german,mlp,3,installment_rate,relative_minus_10,-0.1,4.0,4.4,0.1802774281890517,0.18118262486688974,0.0009051966778380327,0.0009051966778380327,0,0,0,-1
german,mlp,4,installment_rate,relative_minus_10,-0.1,2.0,2.2,0.1819840520060159,0.18658523642817568,0.0046011844221597875,0.0046011844221597875,0,0,0,-1
german,mlp,5,installment_rate,relative_minus_10,-0.1,1.0,1.1,0.2043107705535393,0.20582851080248257,0.0015177402489432723,0.0015177402489432723,0,0,0,-1
german,mlp,6,installment_rate,relative_minus_10,-0.1,3.0,3.3,0.24145627495089156,0.24434212390842822,0.0028858489575366575,0.0028858489575366575,0,0,0,-1
german,mlp,7,installment_rate,relative_minus_10,-0.1,4.0,4.4,0.361249588683193,0.36584710097925494,0.004597512296061923,0.004597512296061923,0,0,0,-1
german,mlp,8,installment_rate,relative_minus_10,-0.1,4.0,4.4,0.29833305974606383,0.3066330221100916,0.008299962364027746,0.008299962364027746,0,0,0,-1
german,mlp,9,installment_rate,relative_minus_10,-0.1,4.0,4.4,0.4084749758946331,0.4244879867407699,0.016013010846136766,0.016013010846136766,0,0,0,-1
german,mlp,10,installment_rate,relative_minus_10,-0.1,3.0,3.3,0.1978244007482361,0.20021488786571326,0.0023904871174771636,0.0023904871174771636,0,0,0,-1
german,mlp,11,installment_rate,relative_minus_10,-0.1,2.0,2.2,0.4490305536205001,0.4611142935191224,0.012083739898622325,0.012083739898622325,0,0,0,-1
german,mlp,12,installment_rate,relative_minus_10,-0.1,4.0,4.4,0.3380754225555931,0.34769928519251003,0.009623862636916947,0.009623862636916947,0,0,0,-1
german,mlp,13,installment_rate,relative_minus_10,-0.1,3.0,3.3,0.3226170260018927,0.323853598517419,0.0012365725155263352,0.0012365725155263352,0,0,0,-1
german,mlp,14,installment_rate,relative_minus_10,-0.1,2.0,2.2,0.1607190907005708,0.16532260621677294,0.004603515516202139,0.004603515516202139,0,0,0,-1
german,mlp,15,installment_rate,relative_minus_10,-0.1,3.0,3.3,0.2991772357699808,0.30754225254516504,0.008365016775184253,0.008365016775184253,0,0,0,-1
german,mlp,16,installment_rate,relative_minus_10,-0.1,4.0,4.4,0.07569409040610586,0.07222044593501321,-0.003473644471092649,0.003473644471092649,0,0,0,-1
german,mlp,17,installment_rate,relative_minus_10,-0.1,4.0,4.4,0.320382999871944,0.3325938317089795,0.012210831837035474,0.012210831837035474,0,0,0,-1
german,mlp,18,installment_rate,relative_minus_10,-0.1,2.0,2.2,0.21792612201370706,0.21985698120343242,0.0019308591897253535,0.0019308591897253535,0,0,0,-1
german,mlp,19,installment_rate,relative_minus_10,-0.1,4.0,4.4,0.5132077646135412,0.5209635479323782,0.007755783318836973,0.007755783318836973,1,1,0,-1
german,mlp,20,installment_rate,relative_minus_10,-0.1,1.0,1.1,0.16826818543871874,0.1684960261208016,0.00022784068208286934,0.00022784068208286934,0,0,0,-1
german,mlp,21,installment_rate,relative_minus_10,-0.1,4.0,4.4,0.18871648712224667,0.1949426788627166,0.006226191740469927,0.006226191740469927,0,0,0,-1
german,mlp,22,installment_rate,relative_minus_10,-0.1,4.0,4.4,0.2340361932873373,0.22919749759717417,-0.004838695690163125,0.004838695690163125,0,0,0,-1
german,mlp,23,installment_rate,relative_minus_10,-0.1,4.0,4.4,0.49953972896498505,0.5026582295717862,0.0031185006068011334,0.0031185006068011334,0,1,1,-1
german,mlp,24,installment_rate,relative_minus_10,-0.1,4.0,4.4,0.3945250994274686,0.39113387555747214,-0.0033912238699964625,0.0033912238699964625,0,0,0,-1
german,mlp,25,installment_rate,relative_minus_10,-0.1,3.0,3.3,0.1999714289423839,0.20990757646937347,0.00993614752698957,0.00993614752698957,0,0,0,-1
german,mlp,26,installment_rate,relative_minus_10,-0.1,1.0,1.1,0.2622371730736121,0.2624635330437482,0.00022635997013609188,0.00022635997013609188,0,0,0,-1
german,mlp,27,installment_rate,relative_minus_10,-0.1,4.0,4.4,0.40187252116986394,0.39922933621264417,-0.0026431849572197685,0.0026431849572197685,0,0,0,-1
german,mlp,28,installment_rate,relative_minus_10,-0.1,1.0,1.1,0.21975633548972673,0.2192554877238738,-0.0005008477658529353,0.0005008477658529353,0,0,0,-1
german,mlp,29,installment_rate,relative_minus_10,-0.1,1.0,1.1,0.28996688444799096,0.2915697481827282,0.0016028637347372254,0.0016028637347372254,0,0,0,-1
german,mlp,30,installment_rate,relative_minus_10,-0.1,4.0,4.4,0.5843997058285129,0.5898088281883864,0.005409122359873564,0.005409122359873564,1,1,0,-1
german,mlp,31,installment_rate,relative_minus_10,-0.1,4.0,4.4,0.42703271675750654,0.43042936000932763,0.0033966432518210965,0.0033966432518210965,0,0,0,-1
german,mlp,32,installment_rate,relative_minus_10,-0.1,2.0,2.2,0.06159397700408669,0.062485653086556736,0.0008916760824700457,0.0008916760824700457,0,0,0,-1
german,mlp,33,installment_rate,relative_minus_10,-0.1,4.0,4.4,0.2452309775841329,0.2475492010231138,0.0023182234389809153,0.0023182234389809153,0,0,0,-1
german,mlp,34,installment_rate,relative_minus_10,-0.1,4.0,4.4,0.5123814318058395,0.522236046273308,0.009854614467468492,0.009854614467468492,1,1,0,-1
german,mlp,35,installment_rate,relative_minus_10,-0.1,4.0,4.4,0.4040062504090185,0.4087013953212407,0.004695144912222227,0.004695144912222227,0,0,0,-1
german,mlp,36,installment_rate,relative_minus_10,-0.1,4.0,4.4,0.39041320626672604,0.41210933355336266,0.021696127286636613,0.021696127286636613,0,0,0,-1
german,mlp,37,installment_rate,relative_minus_10,-0.1,4.0,4.4,0.3668266156268264,0.3846266491107691,0.017800033483942712,0.017800033483942712,0,0,0,-1
german,mlp,38,installment_rate,relative_minus_10,-0.1,2.0,2.2,0.399240031305948,0.4109640187939804,0.011723987488032439,0.011723987488032439,0,0,0,-1
german,mlp,39,installment_rate,relative_minus_10,-0.1,4.0,4.4,0.31310442539427324,0.3318600311947347,0.018755605800461428,0.018755605800461428,0,0,0,-1
german,mlp,40,installment_rate,relative_minus_10,-0.1,4.0,4.4,0.3333594981968233,0.34845663688845246,0.015097138691629153,0.015097138691629153,0,0,0,-1
german,mlp,41,installment_rate,relative_minus_10,-0.1,4.0,4.4,0.3016974078180434,0.31375064480068215,0.01205323698263877,0.01205323698263877,0,0,0,-1
german,mlp,42,installment_rate,relative_minus_10,-0.1,4.0,4.4,0.3967842920357588,0.40910974277336415,0.012325450737605326,0.012325450737605326,0,0,0,-1
german,mlp,43,installment_rate,relative_minus_10,-0.1,4.0,4.4,0.2191377203672374,0.2243155546435433,0.005177834276305915,0.005177834276305915,0,0,0,-1
german,mlp,44,installment_rate,relative_minus_10,-0.1,4.0,4.4,0.30746499417314455,0.327352777728117,0.01988778355497245,0.01988778355497245,0,0,0,-1
german,mlp,45,installment_rate,relative_minus_10,-0.1,4.0,4.4,0.19417247812730504,0.1992274110642983,0.005054932936993273,0.005054932936993273,0,0,0,-1
german,mlp,46,installment_rate,relative_minus_10,-0.1,4.0,4.4,0.19798688045008261,0.20421436973306745,0.006227489282984833,0.006227489282984833,0,0,0,-1
german,mlp,47,installment_rate,relative_minus_10,-0.1,1.0,1.1,0.2718695537935461,0.2721791913208846,0.00030963752733847993,0.00030963752733847993,0,0,0,-1
german,mlp,48,installment_rate,relative_minus_10,-0.1,1.0,1.1,0.1750165253584432,0.1749101868303202,-0.00010633852812300115,0.00010633852812300115,0,0,0,-1
german,mlp,49,installment_rate,relative_minus_10,-0.1,4.0,4.4,0.4588613965006128,0.4830883295801896,0.024226933079576796,0.024226933079576796,0,0,0,-1
german,mlp,50,installment_rate,relative_minus_10,-0.1,2.0,2.2,0.25833505988114175,0.25554198553882385,-0.0027930743423179027,0.0027930743423179027,0,0,0,-1
german,mlp,51,installment_rate,relative_minus_10,-0.1,2.0,2.2,0.23994228781447036,0.24450821495500466,0.004565927140534304,0.004565927140534304,0,0,0,-1
german,mlp,52,installment_rate,relative_minus_10,-0.1,2.0,2.2,0.25197598703294255,0.25115415207088165,-0.0008218349620608967,0.0008218349620608967,0,0,0,-1
german,mlp,53,installment_rate,relative_minus_10,-0.1,4.0,4.4,0.24562077738290533,0.24664148755195991,0.001020710169054584,0.001020710169054584,0,0,0,-1
german,mlp,54,installment_rate,relative_minus_10,-0.1,4.0,4.4,0.18732343132224302,0.18992679183306982,0.0026033605108267965,0.0026033605108267965,0,0,0,-1
german,mlp,55,installment_rate,relative_minus_10,-0.1,4.0,4.4,0.3754380929776099,0.371239472901637,-0.004198620075972881,0.004198620075972881,0,0,0,-1
german,mlp,56,installment_rate,relative_minus_10,-0.1,4.0,4.4,0.33683635847007065,0.33212005164552677,-0.004716306824543881,0.004716306824543881,0,0,0,-1
german,mlp,57,installment_rate,relative_minus_10,-0.1,4.0,4.4,0.4247782060955582,0.4474491987716633,0.022670992676105062,0.022670992676105062,0,0,0,-1
german,mlp,58,installment_rate,relative_minus_10,-0.1,2.0,2.2,0.20020788889953503,0.21038194646607278,0.010174057566537748,0.010174057566537748,0,0,0,-1
german,mlp,59,installment_rate,relative_minus_10,-0.1,3.0,3.3,0.5357836989632669,0.5350374093397281,-0.0007462896235388428,0.0007462896235388428,1,1,0,-1
german,mlp,60,installment_rate,relative_minus_10,-0.1,3.0,3.3,0.33610005721370495,0.3474352167289098,0.011335159515204862,0.011335159515204862,0,0,0,-1
german,mlp,61,installment_rate,relative_minus_10,-0.1,4.0,4.4,0.21555248127528462,0.21308281937701984,-0.00246966189826478,0.00246966189826478,0,0,0,-1
german,mlp,62,installment_rate,relative_minus_10,-0.1,1.0,1.1,0.26851517186260315,0.2703371724011476,0.0018220005385444216,0.0018220005385444216,0,0,0,-1
german,mlp,63,installment_rate,relative_minus_10,-0.1,2.0,2.2,0.42519995561469526,0.4292670038960745,0.004067048281379215,0.004067048281379215,0,0,0,-1
german,mlp,64,installment_rate,relative_minus_10,-0.1,1.0,1.1,0.3902998055499012,0.3918213365810618,0.0015215310311605945,0.0015215310311605945,0,0,0,-1
german,mlp,65,installment_rate,relative_minus_10,-0.1,4.0,4.4,0.22708278958567477,0.22158774855870622,-0.005495041026968545,0.005495041026968545,0,0,0,-1
german,mlp,66,installment_rate,relative_minus_10,-0.1,4.0,4.4,0.43863287851091937,0.4330841329806427,-0.0055487455302766775,0.0055487455302766775,0,0,0,-1
german,mlp,67,installment_rate,relative_minus_10,-0.1,4.0,4.4,0.6061115695108918,0.6195924364598004,0.013480866948908599,0.013480866948908599,1,1,0,-1
german,mlp,68,installment_rate,relative_minus_10,-0.1,4.0,4.4,0.367077678742253,0.37406774943464394,0.006990070692390937,0.006990070692390937,0,0,0,-1
german,mlp,69,installment_rate,relative_minus_10,-0.1,3.0,3.3,0.4207072819437597,0.4347600460071697,0.014052764063409995,0.014052764063409995,0,0,0,-1
german,mlp,70,installment_rate,relative_minus_10,-0.1,4.0,4.4,0.35120868452508525,0.364071168943905,0.012862484418819764,0.012862484418819764,0,0,0,-1
german,mlp,71,installment_rate,relative_minus_10,-0.1,3.0,3.3,0.2326481332416817,0.23978365841165672,0.00713552516997501,0.00713552516997501,0,0,0,-1
german,mlp,72,installment_rate,relative_minus_10,-0.1,3.0,3.3,0.17579921113180116,0.1828954702780123,0.007096259146211148,0.007096259146211148,0,0,0,-1
german,mlp,73,installment_rate,relative_minus_10,-0.1,4.0,4.4,0.22932773566828754,0.23717652599212025,0.007848790323832705,0.007848790323832705,0,0,0,-1
german,mlp,74,installment_rate,relative_minus_10,-0.1,4.0,4.4,0.21586888817903582,0.2253715415276932,0.00950265334865738,0.00950265334865738,0,0,0,-1
german,mlp,75,installment_rate,relative_minus_10,-0.1,1.0,1.1,0.4423554762861602,0.44729701385190584,0.004941537565745668,0.004941537565745668,0,0,0,-1
german,mlp,76,installment_rate,relative_minus_10,-0.1,2.0,2.2,0.32507530002633894,0.3306683411814031,0.005593041155064149,0.005593041155064149,0,0,0,-1
german,mlp,77,installment_rate,relative_minus_10,-0.1,4.0,4.4,0.3010734026184118,0.2961038595355235,-0.004969543082888328,0.004969543082888328,0,0,0,-1
german,mlp,78,installment_rate,relative_minus_10,-0.1,4.0,4.4,0.24763530518832041,0.2528113367728577,0.005176031584537305,0.005176031584537305,0,0,0,-1
german,mlp,79,installment_rate,relative_minus_10,-0.1,4.0,4.4,0.4172248844520669,0.42526440844532176,0.00803952399325486,0.00803952399325486,0,0,0,-1
german,mlp,80,installment_rate,relative_minus_10,-0.1,2.0,2.2,0.284838415529233,0.2922680904593571,0.007429674930124086,0.007429674930124086,0,0,0,-1
german,mlp,81,installment_rate,relative_minus_10,-0.1,2.0,2.2,0.17349396284028698,0.17415443965981697,0.0006604768195299926,0.0006604768195299926,0,0,0,-1
german,mlp,82,installment_rate,relative_minus_10,-0.1,2.0,2.2,0.39424334337811145,0.39561217934676196,0.0013688359686505058,0.0013688359686505058,0,0,0,-1
german,mlp,83,installment_rate,relative_minus_10,-0.1,4.0,4.4,0.367820580992647,0.3720567703208155,0.004236189328168549,0.004236189328168549,0,0,0,-1
german,mlp,84,installment_rate,relative_minus_10,-0.1,1.0,1.1,0.3448230799863803,0.3483353538540969,0.003512273867716631,0.003512273867716631,0,0,0,-1
german,mlp,85,installment_rate,relative_minus_10,-0.1,2.0,2.2,0.2444924421566889,0.2527796324011001,0.008287190244411186,0.008287190244411186,0,0,0,-1
german,mlp,86,installment_rate,relative_minus_10,-0.1,3.0,3.3,0.29800204425166227,0.3028876498988657,0.004885605647203417,0.004885605647203417,0,0,0,-1
german,mlp,87,installment_rate,relative_minus_10,-0.1,4.0,4.4,0.4966269950842168,0.5018514762947822,0.0052244812105654015,0.0052244812105654015,0,1,1,-1
german,mlp,88,installment_rate,relative_minus_10,-0.1,4.0,4.4,0.23144707170933512,0.23808444128779235,0.006637369578457231,0.006637369578457231,0,0,0,-1
german,mlp,89,installment_rate,relative_minus_10,-0.1,4.0,4.4,0.6400407350476786,0.6379171706716039,-0.002123564376074638,0.002123564376074638,1,1,0,-1
german,mlp,90,installment_rate,relative_minus_10,-0.1,4.0,4.4,0.4822416863981328,0.47021205169650976,-0.012029634701623049,0.012029634701623049,0,0,0,-1
german,mlp,91,installment_rate,relative_minus_10,-0.1,4.0,4.4,0.40143078123405807,0.4016195962107698,0.00018881497671174863,0.00018881497671174863,0,0,0,-1
german,mlp,92,installment_rate,relative_minus_10,-0.1,4.0,4.4,0.44359454779618673,0.4509752262188128,0.007380678422626075,0.007380678422626075,0,0,0,-1
german,mlp,93,installment_rate,relative_minus_10,-0.1,2.0,2.2,0.3046662796706493,0.30687969471840587,0.002213415047756573,0.002213415047756573,0,0,0,-1
german,mlp,94,installment_rate,relative_minus_10,-0.1,2.0,2.2,0.12739534911392703,0.1306772787253243,0.003281929611397283,0.003281929611397283,0,0,0,-1
german,mlp,95,installment_rate,relative_minus_10,-0.1,4.0,4.4,0.15522877788983463,0.15382262655996362,-0.0014061513298710138,0.0014061513298710138,0,0,0,-1
german,mlp,96,installment_rate,relative_minus_10,-0.1,4.0,4.4,0.36442913704527324,0.3628389881000148,-0.0015901489452584405,0.0015901489452584405,0,0,0,-1
german,mlp,97,installment_rate,relative_minus_10,-0.1,1.0,1.1,0.25451466263318945,0.25670180004582477,0.0021871374126353205,0.0021871374126353205,0,0,0,-1
german,mlp,98,installment_rate,relative_minus_10,-0.1,4.0,4.4,0.6586898441318234,0.6758921899172773,0.017202345785453876,0.017202345785453876,1,1,0,-1
german,mlp,99,installment_rate,relative_minus_10,-0.1,4.0,4.4,0.24855132238008826,0.2544795933075122,0.005928270927423929,0.005928270927423929,0,0,0,-1
german,mlp,0,installment_rate,relative_plus_10,0.1,3.0,3.3,0.2868824306481333,0.2919755609111045,0.005093130262971202,0.005093130262971202,0,0,0,-1
german,mlp,1,installment_rate,relative_plus_10,0.1,3.0,3.3,0.4198976318717018,0.42415344027906393,0.004255808407362116,0.004255808407362116,0,0,0,-1
german,mlp,2,installment_rate,relative_plus_10,0.1,4.0,4.4,0.26258346992117976,0.2719768771947907,0.009393407273610932,0.009393407273610932,0,0,0,-1
german,mlp,3,installment_rate,relative_plus_10,0.1,4.0,4.4,0.1802774281890517,0.18118262486688974,0.0009051966778380327,0.0009051966778380327,0,0,0,-1
german,mlp,4,installment_rate,relative_plus_10,0.1,2.0,2.2,0.1819840520060159,0.18658523642817568,0.0046011844221597875,0.0046011844221597875,0,0,0,-1
german,mlp,5,installment_rate,relative_plus_10,0.1,1.0,1.1,0.2043107705535393,0.20582851080248257,0.0015177402489432723,0.0015177402489432723,0,0,0,-1
german,mlp,6,installment_rate,relative_plus_10,0.1,3.0,3.3,0.24145627495089156,0.24434212390842822,0.0028858489575366575,0.0028858489575366575,0,0,0,-1
german,mlp,7,installment_rate,relative_plus_10,0.1,4.0,4.4,0.361249588683193,0.36584710097925494,0.004597512296061923,0.004597512296061923,0,0,0,-1
german,mlp,8,installment_rate,relative_plus_10,0.1,4.0,4.4,0.29833305974606383,0.3066330221100916,0.008299962364027746,0.008299962364027746,0,0,0,-1
german,mlp,9,installment_rate,relative_plus_10,0.1,4.0,4.4,0.4084749758946331,0.4244879867407699,0.016013010846136766,0.016013010846136766,0,0,0,-1
german,mlp,10,installment_rate,relative_plus_10,0.1,3.0,3.3,0.1978244007482361,0.20021488786571326,0.0023904871174771636,0.0023904871174771636,0,0,0,-1
german,mlp,11,installment_rate,relative_plus_10,0.1,2.0,2.2,0.4490305536205001,0.4611142935191224,0.012083739898622325,0.012083739898622325,0,0,0,-1
german,mlp,12,installment_rate,relative_plus_10,0.1,4.0,4.4,0.3380754225555931,0.34769928519251003,0.009623862636916947,0.009623862636916947,0,0,0,-1
german,mlp,13,installment_rate,relative_plus_10,0.1,3.0,3.3,0.3226170260018927,0.323853598517419,0.0012365725155263352,0.0012365725155263352,0,0,0,-1
german,mlp,14,installment_rate,relative_plus_10,0.1,2.0,2.2,0.1607190907005708,0.16532260621677294,0.004603515516202139,0.004603515516202139,0,0,0,-1
german,mlp,15,installment_rate,relative_plus_10,0.1,3.0,3.3,0.2991772357699808,0.30754225254516504,0.008365016775184253,0.008365016775184253,0,0,0,-1
german,mlp,16,installment_rate,relative_plus_10,0.1,4.0,4.4,0.07569409040610586,0.07222044593501321,-0.003473644471092649,0.003473644471092649,0,0,0,-1
german,mlp,17,installment_rate,relative_plus_10,0.1,4.0,4.4,0.320382999871944,0.3325938317089795,0.012210831837035474,0.012210831837035474,0,0,0,-1
german,mlp,18,installment_rate,relative_plus_10,0.1,2.0,2.2,0.21792612201370706,0.21985698120343242,0.0019308591897253535,0.0019308591897253535,0,0,0,-1
german,mlp,19,installment_rate,relative_plus_10,0.1,4.0,4.4,0.5132077646135412,0.5209635479323782,0.007755783318836973,0.007755783318836973,1,1,0,-1
german,mlp,20,installment_rate,relative_plus_10,0.1,1.0,1.1,0.16826818543871874,0.1684960261208016,0.00022784068208286934,0.00022784068208286934,0,0,0,-1
german,mlp,21,installment_rate,relative_plus_10,0.1,4.0,4.4,0.18871648712224667,0.1949426788627166,0.006226191740469927,0.006226191740469927,0,0,0,-1
german,mlp,22,installment_rate,relative_plus_10,0.1,4.0,4.4,0.2340361932873373,0.22919749759717417,-0.004838695690163125,0.004838695690163125,0,0,0,-1
german,mlp,23,installment_rate,relative_plus_10,0.1,4.0,4.4,0.49953972896498505,0.5026582295717862,0.0031185006068011334,0.0031185006068011334,0,1,1,-1
german,mlp,24,installment_rate,relative_plus_10,0.1,4.0,4.4,0.3945250994274686,0.39113387555747214,-0.0033912238699964625,0.0033912238699964625,0,0,0,-1
german,mlp,25,installment_rate,relative_plus_10,0.1,3.0,3.3,0.1999714289423839,0.20990757646937347,0.00993614752698957,0.00993614752698957,0,0,0,-1
german,mlp,26,installment_rate,relative_plus_10,0.1,1.0,1.1,0.2622371730736121,0.2624635330437482,0.00022635997013609188,0.00022635997013609188,0,0,0,-1
german,mlp,27,installment_rate,relative_plus_10,0.1,4.0,4.4,0.40187252116986394,0.39922933621264417,-0.0026431849572197685,0.0026431849572197685,0,0,0,-1
german,mlp,28,installment_rate,relative_plus_10,0.1,1.0,1.1,0.21975633548972673,0.2192554877238738,-0.0005008477658529353,0.0005008477658529353,0,0,0,-1
german,mlp,29,installment_rate,relative_plus_10,0.1,1.0,1.1,0.28996688444799096,0.2915697481827282,0.0016028637347372254,0.0016028637347372254,0,0,0,-1
german,mlp,30,installment_rate,relative_plus_10,0.1,4.0,4.4,0.5843997058285129,0.5898088281883864,0.005409122359873564,0.005409122359873564,1,1,0,-1
german,mlp,31,installment_rate,relative_plus_10,0.1,4.0,4.4,0.42703271675750654,0.43042936000932763,0.0033966432518210965,0.0033966432518210965,0,0,0,-1
german,mlp,32,installment_rate,relative_plus_10,0.1,2.0,2.2,0.06159397700408669,0.062485653086556736,0.0008916760824700457,0.0008916760824700457,0,0,0,-1
german,mlp,33,installment_rate,relative_plus_10,0.1,4.0,4.4,0.2452309775841329,0.2475492010231138,0.0023182234389809153,0.0023182234389809153,0,0,0,-1
german,mlp,34,installment_rate,relative_plus_10,0.1,4.0,4.4,0.5123814318058395,0.522236046273308,0.009854614467468492,0.009854614467468492,1,1,0,-1
german,mlp,35,installment_rate,relative_plus_10,0.1,4.0,4.4,0.4040062504090185,0.4087013953212407,0.004695144912222227,0.004695144912222227,0,0,0,-1
german,mlp,36,installment_rate,relative_plus_10,0.1,4.0,4.4,0.39041320626672604,0.41210933355336266,0.021696127286636613,0.021696127286636613,0,0,0,-1
german,mlp,37,installment_rate,relative_plus_10,0.1,4.0,4.4,0.3668266156268264,0.3846266491107691,0.017800033483942712,0.017800033483942712,0,0,0,-1
german,mlp,38,installment_rate,relative_plus_10,0.1,2.0,2.2,0.399240031305948,0.4109640187939804,0.011723987488032439,0.011723987488032439,0,0,0,-1
german,mlp,39,installment_rate,relative_plus_10,0.1,4.0,4.4,0.31310442539427324,0.3318600311947347,0.018755605800461428,0.018755605800461428,0,0,0,-1
german,mlp,40,installment_rate,relative_plus_10,0.1,4.0,4.4,0.3333594981968233,0.34845663688845246,0.015097138691629153,0.015097138691629153,0,0,0,-1
german,mlp,41,installment_rate,relative_plus_10,0.1,4.0,4.4,0.3016974078180434,0.31375064480068215,0.01205323698263877,0.01205323698263877,0,0,0,-1
german,mlp,42,installment_rate,relative_plus_10,0.1,4.0,4.4,0.3967842920357588,0.40910974277336415,0.012325450737605326,0.012325450737605326,0,0,0,-1
german,mlp,43,installment_rate,relative_plus_10,0.1,4.0,4.4,0.2191377203672374,0.2243155546435433,0.005177834276305915,0.005177834276305915,0,0,0,-1
german,mlp,44,installment_rate,relative_plus_10,0.1,4.0,4.4,0.30746499417314455,0.327352777728117,0.01988778355497245,0.01988778355497245,0,0,0,-1
german,mlp,45,installment_rate,relative_plus_10,0.1,4.0,4.4,0.19417247812730504,0.1992274110642983,0.005054932936993273,0.005054932936993273,0,0,0,-1
german,mlp,46,installment_rate,relative_plus_10,0.1,4.0,4.4,0.19798688045008261,0.20421436973306745,0.006227489282984833,0.006227489282984833,0,0,0,-1
german,mlp,47,installment_rate,relative_plus_10,0.1,1.0,1.1,0.2718695537935461,0.2721791913208846,0.00030963752733847993,0.00030963752733847993,0,0,0,-1
german,mlp,48,installment_rate,relative_plus_10,0.1,1.0,1.1,0.1750165253584432,0.1749101868303202,-0.00010633852812300115,0.00010633852812300115,0,0,0,-1
german,mlp,49,installment_rate,relative_plus_10,0.1,4.0,4.4,0.4588613965006128,0.4830883295801896,0.024226933079576796,0.024226933079576796,0,0,0,-1
german,mlp,50,installment_rate,relative_plus_10,0.1,2.0,2.2,0.25833505988114175,0.25554198553882385,-0.0027930743423179027,0.0027930743423179027,0,0,0,-1
german,mlp,51,installment_rate,relative_plus_10,0.1,2.0,2.2,0.23994228781447036,0.24450821495500466,0.004565927140534304,0.004565927140534304,0,0,0,-1
german,mlp,52,installment_rate,relative_plus_10,0.1,2.0,2.2,0.25197598703294255,0.25115415207088165,-0.0008218349620608967,0.0008218349620608967,0,0,0,-1
german,mlp,53,installment_rate,relative_plus_10,0.1,4.0,4.4,0.24562077738290533,0.24664148755195991,0.001020710169054584,0.001020710169054584,0,0,0,-1
german,mlp,54,installment_rate,relative_plus_10,0.1,4.0,4.4,0.18732343132224302,0.18992679183306982,0.0026033605108267965,0.0026033605108267965,0,0,0,-1
german,mlp,55,installment_rate,relative_plus_10,0.1,4.0,4.4,0.3754380929776099,0.371239472901637,-0.004198620075972881,0.004198620075972881,0,0,0,-1
german,mlp,56,installment_rate,relative_plus_10,0.1,4.0,4.4,0.33683635847007065,0.33212005164552677,-0.004716306824543881,0.004716306824543881,0,0,0,-1
german,mlp,57,installment_rate,relative_plus_10,0.1,4.0,4.4,0.4247782060955582,0.4474491987716633,0.022670992676105062,0.022670992676105062,0,0,0,-1
german,mlp,58,installment_rate,relative_plus_10,0.1,2.0,2.2,0.20020788889953503,0.21038194646607278,0.010174057566537748,0.010174057566537748,0,0,0,-1
german,mlp,59,installment_rate,relative_plus_10,0.1,3.0,3.3,0.5357836989632669,0.5350374093397281,-0.0007462896235388428,0.0007462896235388428,1,1,0,-1
german,mlp,60,installment_rate,relative_plus_10,0.1,3.0,3.3,0.33610005721370495,0.3474352167289098,0.011335159515204862,0.011335159515204862,0,0,0,-1
german,mlp,61,installment_rate,relative_plus_10,0.1,4.0,4.4,0.21555248127528462,0.21308281937701984,-0.00246966189826478,0.00246966189826478,0,0,0,-1
german,mlp,62,installment_rate,relative_plus_10,0.1,1.0,1.1,0.26851517186260315,0.2703371724011476,0.0018220005385444216,0.0018220005385444216,0,0,0,-1
german,mlp,63,installment_rate,relative_plus_10,0.1,2.0,2.2,0.42519995561469526,0.4292670038960745,0.004067048281379215,0.004067048281379215,0,0,0,-1
german,mlp,64,installment_rate,relative_plus_10,0.1,1.0,1.1,0.3902998055499012,0.3918213365810618,0.0015215310311605945,0.0015215310311605945,0,0,0,-1
german,mlp,65,installment_rate,relative_plus_10,0.1,4.0,4.4,0.22708278958567477,0.22158774855870622,-0.005495041026968545,0.005495041026968545,0,0,0,-1
german,mlp,66,installment_rate,relative_plus_10,0.1,4.0,4.4,0.43863287851091937,0.4330841329806427,-0.0055487455302766775,0.0055487455302766775,0,0,0,-1
german,mlp,67,installment_rate,relative_plus_10,0.1,4.0,4.4,0.6061115695108918,0.6195924364598004,0.013480866948908599,0.013480866948908599,1,1,0,-1
german,mlp,68,installment_rate,relative_plus_10,0.1,4.0,4.4,0.367077678742253,0.37406774943464394,0.006990070692390937,0.006990070692390937,0,0,0,-1
german,mlp,69,installment_rate,relative_plus_10,0.1,3.0,3.3,0.4207072819437597,0.4347600460071697,0.014052764063409995,0.014052764063409995,0,0,0,-1
german,mlp,70,installment_rate,relative_plus_10,0.1,4.0,4.4,0.35120868452508525,0.364071168943905,0.012862484418819764,0.012862484418819764,0,0,0,-1
german,mlp,71,installment_rate,relative_plus_10,0.1,3.0,3.3,0.2326481332416817,0.23978365841165672,0.00713552516997501,0.00713552516997501,0,0,0,-1
german,mlp,72,installment_rate,relative_plus_10,0.1,3.0,3.3,0.17579921113180116,0.1828954702780123,0.007096259146211148,0.007096259146211148,0,0,0,-1
german,mlp,73,installment_rate,relative_plus_10,0.1,4.0,4.4,0.22932773566828754,0.23717652599212025,0.007848790323832705,0.007848790323832705,0,0,0,-1
german,mlp,74,installment_rate,relative_plus_10,0.1,4.0,4.4,0.21586888817903582,0.2253715415276932,0.00950265334865738,0.00950265334865738,0,0,0,-1
german,mlp,75,installment_rate,relative_plus_10,0.1,1.0,1.1,0.4423554762861602,0.44729701385190584,0.004941537565745668,0.004941537565745668,0,0,0,-1
german,mlp,76,installment_rate,relative_plus_10,0.1,2.0,2.2,0.32507530002633894,0.3306683411814031,0.005593041155064149,0.005593041155064149,0,0,0,-1
german,mlp,77,installment_rate,relative_plus_10,0.1,4.0,4.4,0.3010734026184118,0.2961038595355235,-0.004969543082888328,0.004969543082888328,0,0,0,-1
german,mlp,78,installment_rate,relative_plus_10,0.1,4.0,4.4,0.24763530518832041,0.2528113367728577,0.005176031584537305,0.005176031584537305,0,0,0,-1
german,mlp,79,installment_rate,relative_plus_10,0.1,4.0,4.4,0.4172248844520669,0.42526440844532176,0.00803952399325486,0.00803952399325486,0,0,0,-1
german,mlp,80,installment_rate,relative_plus_10,0.1,2.0,2.2,0.284838415529233,0.2922680904593571,0.007429674930124086,0.007429674930124086,0,0,0,-1
german,mlp,81,installment_rate,relative_plus_10,0.1,2.0,2.2,0.17349396284028698,0.17415443965981697,0.0006604768195299926,0.0006604768195299926,0,0,0,-1
german,mlp,82,installment_rate,relative_plus_10,0.1,2.0,2.2,0.39424334337811145,0.39561217934676196,0.0013688359686505058,0.0013688359686505058,0,0,0,-1
german,mlp,83,installment_rate,relative_plus_10,0.1,4.0,4.4,0.367820580992647,0.3720567703208155,0.004236189328168549,0.004236189328168549,0,0,0,-1
german,mlp,84,installment_rate,relative_plus_10,0.1,1.0,1.1,0.3448230799863803,0.3483353538540969,0.003512273867716631,0.003512273867716631,0,0,0,-1
german,mlp,85,installment_rate,relative_plus_10,0.1,2.0,2.2,0.2444924421566889,0.2527796324011001,0.008287190244411186,0.008287190244411186,0,0,0,-1
german,mlp,86,installment_rate,relative_plus_10,0.1,3.0,3.3,0.29800204425166227,0.3028876498988657,0.004885605647203417,0.004885605647203417,0,0,0,-1
german,mlp,87,installment_rate,relative_plus_10,0.1,4.0,4.4,0.4966269950842168,0.5018514762947822,0.0052244812105654015,0.0052244812105654015,0,1,1,-1
german,mlp,88,installment_rate,relative_plus_10,0.1,4.0,4.4,0.23144707170933512,0.23808444128779235,0.006637369578457231,0.006637369578457231,0,0,0,-1
german,mlp,89,installment_rate,relative_plus_10,0.1,4.0,4.4,0.6400407350476786,0.6379171706716039,-0.002123564376074638,0.002123564376074638,1,1,0,-1
german,mlp,90,installment_rate,relative_plus_10,0.1,4.0,4.4,0.4822416863981328,0.47021205169650976,-0.012029634701623049,0.012029634701623049,0,0,0,-1
german,mlp,91,installment_rate,relative_plus_10,0.1,4.0,4.4,0.40143078123405807,0.4016195962107698,0.00018881497671174863,0.00018881497671174863,0,0,0,-1
german,mlp,92,installment_rate,relative_plus_10,0.1,4.0,4.4,0.44359454779618673,0.4509752262188128,0.007380678422626075,0.007380678422626075,0,0,0,-1
german,mlp,93,installment_rate,relative_plus_10,0.1,2.0,2.2,0.3046662796706493,0.30687969471840587,0.002213415047756573,0.002213415047756573,0,0,0,-1
german,mlp,94,installment_rate,relative_plus_10,0.1,2.0,2.2,0.12739534911392703,0.1306772787253243,0.003281929611397283,0.003281929611397283,0,0,0,-1
german,mlp,95,installment_rate,relative_plus_10,0.1,4.0,4.4,0.15522877788983463,0.15382262655996362,-0.0014061513298710138,0.0014061513298710138,0,0,0,-1
german,mlp,96,installment_rate,relative_plus_10,0.1,4.0,4.4,0.36442913704527324,0.3628389881000148,-0.0015901489452584405,0.0015901489452584405,0,0,0,-1
german,mlp,97,installment_rate,relative_plus_10,0.1,1.0,1.1,0.25451466263318945,0.25670180004582477,0.0021871374126353205,0.0021871374126353205,0,0,0,-1
german,mlp,98,installment_rate,relative_plus_10,0.1,4.0,4.4,0.6586898441318234,0.6758921899172773,0.017202345785453876,0.017202345785453876,1,1,0,-1
german,mlp,99,installment_rate,relative_plus_10,0.1,4.0,4.4,0.24855132238008826,0.2544795933075122,0.005928270927423929,0.005928270927423929,0,0,0,-1
german,mlp,0,residence_since,relative_minus_5,-0.05,4.0,4.2,0.2868824306481333,0.28026440914589684,-0.006618021502236449,0.006618021502236449,0,0,0,-1
german,mlp,1,residence_since,relative_minus_5,-0.05,3.0,3.15,0.4198976318717018,0.41741561117718795,-0.0024820206945138645,0.0024820206945138645,0,0,0,-1
german,mlp,2,residence_since,relative_minus_5,-0.05,4.0,4.2,0.26258346992117976,0.2595517515999654,-0.0030317183212143495,0.0030317183212143495,0,0,0,-1
german,mlp,3,residence_since,relative_minus_5,-0.05,4.0,4.2,0.1802774281890517,0.182084814861882,0.0018073866728302856,0.0018073866728302856,0,0,0,-1
german,mlp,4,residence_since,relative_minus_5,-0.05,1.0,1.05,0.1819840520060159,0.18168157190706735,-0.00030248009894853767,0.00030248009894853767,0,0,0,-1
german,mlp,5,residence_since,relative_minus_5,-0.05,4.0,4.2,0.2043107705535393,0.1990563081053524,-0.005254462448186892,0.005254462448186892,0,0,0,-1
german,mlp,6,residence_since,relative_minus_5,-0.05,2.0,2.1,0.24145627495089156,0.24147948530680888,2.3210355917319125e-05,2.3210355917319125e-05,0,0,0,-1
german,mlp,7,residence_since,relative_minus_5,-0.05,2.0,2.1,0.361249588683193,0.36338160070818726,0.0021320120249942454,0.0021320120249942454,0,0,0,-1
german,mlp,8,residence_since,relative_minus_5,-0.05,2.0,2.1,0.29833305974606383,0.2999282861082405,0.0015952263621766827,0.0015952263621766827,0,0,0,-1
german,mlp,9,residence_since,relative_minus_5,-0.05,4.0,4.2,0.4084749758946331,0.4083114424317326,-0.0001635334629004892,0.0001635334629004892,0,0,0,-1
german,mlp,10,residence_since,relative_minus_5,-0.05,4.0,4.2,0.1978244007482361,0.19499358493039695,-0.002830815817839144,0.002830815817839144,0,0,0,-1
german,mlp,11,residence_since,relative_minus_5,-0.05,1.0,1.05,0.4490305536205001,0.45024734229599417,0.0012167886754940738,0.0012167886754940738,0,0,0,-1
german,mlp,12,residence_since,relative_minus_5,-0.05,2.0,2.1,0.3380754225555931,0.33729844645608437,-0.0007769760995087194,0.0007769760995087194,0,0,0,-1
german,mlp,13,residence_since,relative_minus_5,-0.05,2.0,2.1,0.3226170260018927,0.32231055040510714,-0.00030647559678553815,0.00030647559678553815,0,0,0,-1
german,mlp,14,residence_since,relative_minus_5,-0.05,3.0,3.15,0.1607190907005708,0.16275795228661058,0.002038861586039775,0.002038861586039775,0,0,0,-1
german,mlp,15,residence_since,relative_minus_5,-0.05,2.0,2.1,0.2991772357699808,0.2997933973399965,0.0006161615700157053,0.0006161615700157053,0,0,0,-1
german,mlp,16,residence_since,relative_minus_5,-0.05,4.0,4.2,0.07569409040610586,0.07635375855556846,0.0006596681494625972,0.0006596681494625972,0,0,0,-1
german,mlp,17,residence_since,relative_minus_5,-0.05,4.0,4.2,0.320382999871944,0.3194790480836672,-0.0009039517882767911,0.0009039517882767911,0,0,0,-1
german,mlp,18,residence_since,relative_minus_5,-0.05,2.0,2.1,0.21792612201370706,0.2162031177763943,-0.001723004237312753,0.001723004237312753,0,0,0,-1
german,mlp,19,residence_since,relative_minus_5,-0.05,2.0,2.1,0.5132077646135412,0.5155627376621135,0.0023549730485722398,0.0023549730485722398,1,1,0,-1
german,mlp,20,residence_since,relative_minus_5,-0.05,4.0,4.2,0.16826818543871874,0.16870614510422824,0.0004379596655094964,0.0004379596655094964,0,0,0,-1
german,mlp,21,residence_since,relative_minus_5,-0.05,4.0,4.2,0.18871648712224667,0.18753517683510815,-0.0011813102871385261,0.0011813102871385261,0,0,0,-1
german,mlp,22,residence_since,relative_minus_5,-0.05,2.0,2.1,0.2340361932873373,0.2337414233141074,-0.00029476997322988585,0.00029476997322988585,0,0,0,-1
german,mlp,23,residence_since,relative_minus_5,-0.05,3.0,3.15,0.49953972896498505,0.5005007556316774,0.0009610266666923439,0.0009610266666923439,0,1,1,-1
german,mlp,24,residence_since,relative_minus_5,-0.05,2.0,2.1,0.3945250994274686,0.39229553628038455,-0.002229563147084057,0.002229563147084057,0,0,0,-1
german,mlp,25,residence_since,relative_minus_5,-0.05,2.0,2.1,0.1999714289423839,0.19995803108502444,-1.339785735945953e-05,1.339785735945953e-05,0,0,0,-1
german,mlp,26,residence_since,relative_minus_5,-0.05,4.0,4.2,0.2622371730736121,0.25627597524563783,-0.005961197827974274,0.005961197827974274,0,0,0,-1
german,mlp,27,residence_since,relative_minus_5,-0.05,1.0,1.05,0.40187252116986394,0.4035477066794027,0.001675185509538768,0.001675185509538768,0,0,0,-1
german,mlp,28,residence_since,relative_minus_5,-0.05,2.0,2.1,0.21975633548972673,0.2186963524759639,-0.0010599830137628385,0.0010599830137628385,0,0,0,-1
german,mlp,29,residence_since,relative_minus_5,-0.05,2.0,2.1,0.28996688444799096,0.2907524678463298,0.0007855833983388405,0.0007855833983388405,0,0,0,-1
german,mlp,30,residence_since,relative_minus_5,-0.05,1.0,1.05,0.5843997058285129,0.5827617471098793,-0.001637958718633592,0.001637958718633592,1,1,0,-1
german,mlp,31,residence_since,relative_minus_5,-0.05,2.0,2.1,0.42703271675750654,0.42875631031389727,0.0017235935563907345,0.0017235935563907345,0,0,0,-1
german,mlp,32,residence_since,relative_minus_5,-0.05,2.0,2.1,0.06159397700408669,0.06254861204897456,0.0009546350448878735,0.0009546350448878735,0,0,0,-1
german,mlp,33,residence_since,relative_minus_5,-0.05,2.0,2.1,0.2452309775841329,0.24475208660536754,-0.00047889097876535613,0.00047889097876535613,0,0,0,-1
german,mlp,34,residence_since,relative_minus_5,-0.05,2.0,2.1,0.5123814318058395,0.5143676654199566,0.0019862336141170944,0.0019862336141170944,1,1,0,-1
german,mlp,35,residence_since,relative_minus_5,-0.05,1.0,1.05,0.4040062504090185,0.4035571344549087,-0.0004491159541097911,0.0004491159541097911,0,0,0,-1
german,mlp,36,residence_since,relative_minus_5,-0.05,4.0,4.2,0.39041320626672604,0.3925007687040666,0.00208756243734054,0.00208756243734054,0,0,0,-1
german,mlp,37,residence_since,relative_minus_5,-0.05,3.0,3.15,0.3668266156268264,0.36716014957751275,0.00033353395068635994,0.00033353395068635994,0,0,0,-1
german,mlp,38,residence_since,relative_minus_5,-0.05,4.0,4.2,0.399240031305948,0.40085188783546305,0.0016118565295150655,0.0016118565295150655,0,0,0,-1
german,mlp,39,residence_since,relative_minus_5,-0.05,4.0,4.2,0.31310442539427324,0.314906673779512,0.001802248385238736,0.001802248385238736,0,0,0,-1
german,mlp,40,residence_since,relative_minus_5,-0.05,2.0,2.1,0.3333594981968233,0.33445977326138715,0.0011002750645638382,0.0011002750645638382,0,0,0,-1
german,mlp,41,residence_since,relative_minus_5,-0.05,4.0,4.2,0.3016974078180434,0.3028696995475103,0.0011722917294669233,0.0011722917294669233,0,0,0,-1
german,mlp,42,residence_since,relative_minus_5,-0.05,4.0,4.2,0.3967842920357588,0.3951354788060437,-0.001648813229715107,0.001648813229715107,0,0,0,-1
german,mlp,43,residence_since,relative_minus_5,-0.05,2.0,2.1,0.2191377203672374,0.2203905973323579,0.0012528769651205252,0.0012528769651205252,0,0,0,-1
german,mlp,44,residence_since,relative_minus_5,-0.05,2.0,2.1,0.30746499417314455,0.3088948706909948,0.0014298765178502593,0.0014298765178502593,0,0,0,-1
german,mlp,45,residence_since,relative_minus_5,-0.05,4.0,4.2,0.19417247812730504,0.19023808205905465,-0.003934396068250384,0.003934396068250384,0,0,0,-1
german,mlp,46,residence_since,relative_minus_5,-0.05,1.0,1.05,0.19798688045008261,0.19851976344269043,0.0005328829926078138,0.0005328829926078138,0,0,0,-1
german,mlp,47,residence_since,relative_minus_5,-0.05,3.0,3.15,0.2718695537935461,0.2707700301247077,-0.0010995236688384202,0.0010995236688384202,0,0,0,-1
german,mlp,48,residence_since,relative_minus_5,-0.05,4.0,4.2,0.1750165253584432,0.17665059327966554,0.0016340679212223375,0.0016340679212223375,0,0,0,-1
german,mlp,49,residence_since,relative_minus_5,-0.05,4.0,4.2,0.4588613965006128,0.46364238147839903,0.004780984977786229,0.004780984977786229,0,0,0,-1
german,mlp,50,residence_since,relative_minus_5,-0.05,3.0,3.15,0.25833505988114175,0.256665276302764,-0.0016697835783777704,0.0016697835783777704,0,0,0,-1
german,mlp,51,residence_since,relative_minus_5,-0.05,2.0,2.1,0.23994228781447036,0.24030300935437943,0.0003607215399090702,0.0003607215399090702,0,0,0,-1
german,mlp,52,residence_since,relative_minus_5,-0.05,2.0,2.1,0.25197598703294255,0.24954930990794352,-0.002426677124999027,0.002426677124999027,0,0,0,-1
german,mlp,53,residence_since,relative_minus_5,-0.05,2.0,2.1,0.24562077738290533,0.24499511940333213,-0.000625657979573202,0.000625657979573202,0,0,0,-1
german,mlp,54,residence_since,relative_minus_5,-0.05,3.0,3.15,0.18732343132224302,0.18572456522241007,-0.0015988660998329518,0.0015988660998329518,0,0,0,-1
german,mlp,55,residence_since,relative_minus_5,-0.05,4.0,4.2,0.3754380929776099,0.36723250343539077,-0.008205589542219116,0.008205589542219116,0,0,0,-1
german,mlp,56,residence_since,relative_minus_5,-0.05,4.0,4.2,0.33683635847007065,0.3333600189033066,-0.003476339566764075,0.003476339566764075,0,0,0,-1
german,mlp,57,residence_since,relative_minus_5,-0.05,1.0,1.05,0.4247782060955582,0.4259798918431238,0.001201685747565573,0.001201685747565573,0,0,0,-1
german,mlp,58,residence_since,relative_minus_5,-0.05,4.0,4.2,0.20020788889953503,0.20295653024132604,0.0027486413417910083,0.0027486413417910083,0,0,0,-1
german,mlp,59,residence_since,relative_minus_5,-0.05,4.0,4.2,0.5357836989632669,0.534710799637501,-0.0010728993257659303,0.0010728993257659303,1,1,0,-1
german,mlp,60,residence_since,relative_minus_5,-0.05,2.0,2.1,0.33610005721370495,0.33658778774289655,0.000487730529191599,0.000487730529191599,0,0,0,-1
german,mlp,61,residence_since,relative_minus_5,-0.05,2.0,2.1,0.21555248127528462,0.2149889783977568,-0.0005635028775278217,0.0005635028775278217,0,0,0,-1
german,mlp,62,residence_since,relative_minus_5,-0.05,2.0,2.1,0.26851517186260315,0.2688825266400462,0.0003673547774430408,0.0003673547774430408,0,0,0,-1
german,mlp,63,residence_since,relative_minus_5,-0.05,3.0,3.15,0.42519995561469526,0.42172866383915764,-0.0034712917755376216,0.0034712917755376216,0,0,0,-1
german,mlp,64,residence_since,relative_minus_5,-0.05,2.0,2.1,0.3902998055499012,0.39027275613976736,-2.704941013381701e-05,2.704941013381701e-05,0,0,0,-1
german,mlp,65,residence_since,relative_minus_5,-0.05,3.0,3.15,0.22708278958567477,0.22557605156862737,-0.0015067380170473987,0.0015067380170473987,0,0,0,-1
german,mlp,66,residence_since,relative_minus_5,-0.05,4.0,4.2,0.43863287851091937,0.4370670250620846,-0.001565853448834753,0.001565853448834753,0,0,0,-1
german,mlp,67,residence_since,relative_minus_5,-0.05,2.0,2.1,0.6061115695108918,0.6077949306483766,0.0016833611374847957,0.0016833611374847957,1,1,0,-1
german,mlp,68,residence_since,relative_minus_5,-0.05,4.0,4.2,0.367077678742253,0.36956262508917126,0.0024849463469182598,0.0024849463469182598,0,0,0,-1
german,mlp,69,residence_since,relative_minus_5,-0.05,2.0,2.1,0.4207072819437597,0.4211865927518013,0.00047931080804158865,0.00047931080804158865,0,0,0,-1
german,mlp,70,residence_since,relative_minus_5,-0.05,2.0,2.1,0.35120868452508525,0.3532258416246044,0.0020171570995191623,0.0020171570995191623,0,0,0,-1
german,mlp,71,residence_since,relative_minus_5,-0.05,4.0,4.2,0.2326481332416817,0.23444904526987076,0.00180091202818905,0.00180091202818905,0,0,0,-1
german,mlp,72,residence_since,relative_minus_5,-0.05,2.0,2.1,0.17579921113180116,0.17728710368770875,0.0014878925559075884,0.0014878925559075884,0,0,0,-1
german,mlp,73,residence_since,relative_minus_5,-0.05,4.0,4.2,0.22932773566828754,0.22929650078284897,-3.1234885438574667e-05,3.1234885438574667e-05,0,0,0,-1
german,mlp,74,residence_since,relative_minus_5,-0.05,3.0,3.15,0.21586888817903582,0.21717297067775987,0.0013040824987240462,0.0013040824987240462,0,0,0,-1
german,mlp,75,residence_since,relative_minus_5,-0.05,4.0,4.2,0.4423554762861602,0.43927624074345534,-0.003079235542704839,0.003079235542704839,0,0,0,-1
german,mlp,76,residence_since,relative_minus_5,-0.05,4.0,4.2,0.32507530002633894,0.3261372347587072,0.0010619347323682637,0.0010619347323682637,0,0,0,-1
german,mlp,77,residence_since,relative_minus_5,-0.05,4.0,4.2,0.3010734026184118,0.3000322107377724,-0.0010411918806393916,0.0010411918806393916,0,0,0,-1
german,mlp,78,residence_since,relative_minus_5,-0.05,2.0,2.1,0.24763530518832041,0.24722495504508213,-0.0004103501432382861,0.0004103501432382861,0,0,0,-1
german,mlp,79,residence_since,relative_minus_5,-0.05,4.0,4.2,0.4172248844520669,0.4219488258802736,0.004723941428206702,0.004723941428206702,0,0,0,-1
german,mlp,80,residence_since,relative_minus_5,-0.05,4.0,4.2,0.284838415529233,0.28225451450646477,-0.0025839010227682313,0.0025839010227682313,0,0,0,-1
german,mlp,81,residence_since,relative_minus_5,-0.05,2.0,2.1,0.17349396284028698,0.1746450220444647,0.0011510592041777123,0.0011510592041777123,0,0,0,-1
german,mlp,82,residence_since,relative_minus_5,-0.05,4.0,4.2,0.39424334337811145,0.3867590593674632,-0.007484284010648268,0.007484284010648268,0,0,0,-1
german,mlp,83,residence_since,relative_minus_5,-0.05,2.0,2.1,0.367820580992647,0.3654511821536057,-0.002369398839041248,0.002369398839041248,0,0,0,-1
german,mlp,84,residence_since,relative_minus_5,-0.05,4.0,4.2,0.3448230799863803,0.34882082002509474,0.003997740038714448,0.003997740038714448,0,0,0,-1
german,mlp,85,residence_since,relative_minus_5,-0.05,3.0,3.15,0.2444924421566889,0.24380369097017493,-0.0006887511865139584,0.0006887511865139584,0,0,0,-1
german,mlp,86,residence_since,relative_minus_5,-0.05,2.0,2.1,0.29800204425166227,0.29922857467009856,0.001226530418436289,0.001226530418436289,0,0,0,-1
german,mlp,87,residence_since,relative_minus_5,-0.05,3.0,3.15,0.4966269950842168,0.4979812942192505,0.0013542991350337097,0.0013542991350337097,0,0,0,-1
german,mlp,88,residence_since,relative_minus_5,-0.05,2.0,2.1,0.23144707170933512,0.2318091311285961,0.00036205941926098495,0.00036205941926098495,0,0,0,-1
german,mlp,89,residence_since,relative_minus_5,-0.05,4.0,4.2,0.6400407350476786,0.6400333935905345,-7.341457144094399e-06,7.341457144094399e-06,1,1,0,-1
german,mlp,90,residence_since,relative_minus_5,-0.05,4.0,4.2,0.4822416863981328,0.48341305386527583,0.0011713674671430252,0.0011713674671430252,0,0,0,-1
german,mlp,91,residence_since,relative_minus_5,-0.05,4.0,4.2,0.40143078123405807,0.40009654778179954,-0.0013342334522585264,0.0013342334522585264,0,0,0,-1
german,mlp,92,residence_since,relative_minus_5,-0.05,4.0,4.2,0.44359454779618673,0.44729345073564275,0.003698902939456017,0.003698902939456017,0,0,0,-1
german,mlp,93,residence_since,relative_minus_5,-0.05,4.0,4.2,0.3046662796706493,0.3041097531344281,-0.0005565265362211802,0.0005565265362211802,0,0,0,-1
german,mlp,94,residence_since,relative_minus_5,-0.05,2.0,2.1,0.12739534911392703,0.1264913322279784,-0.0009040168859486275,0.0009040168859486275,0,0,0,-1
german,mlp,95,residence_since,relative_minus_5,-0.05,3.0,3.15,0.15522877788983463,0.15494549609278785,-0.000283281797046786,0.000283281797046786,0,0,0,-1
german,mlp,96,residence_since,relative_minus_5,-0.05,4.0,4.2,0.36442913704527324,0.3591787787926425,-0.00525035825263076,0.00525035825263076,0,0,0,-1
german,mlp,97,residence_since,relative_minus_5,-0.05,3.0,3.15,0.25451466263318945,0.2541116694677131,-0.000402993165476373,0.000402993165476373,0,0,0,-1
german,mlp,98,residence_since,relative_minus_5,-0.05,3.0,3.15,0.6586898441318234,0.6605933033506122,0.0019034592187887611,0.0019034592187887611,1,1,0,-1
german,mlp,99,residence_since,relative_minus_5,-0.05,2.0,2.1,0.24855132238008826,0.24773301069881487,-0.000818311681273387,0.000818311681273387,0,0,0,-1
german,mlp,0,residence_since,relative_plus_5,0.05,4.0,4.2,0.2868824306481333,0.28026440914589684,-0.006618021502236449,0.006618021502236449,0,0,0,-1
german,mlp,1,residence_since,relative_plus_5,0.05,3.0,3.15,0.4198976318717018,0.41741561117718795,-0.0024820206945138645,0.0024820206945138645,0,0,0,-1
german,mlp,2,residence_since,relative_plus_5,0.05,4.0,4.2,0.26258346992117976,0.2595517515999654,-0.0030317183212143495,0.0030317183212143495,0,0,0,-1
german,mlp,3,residence_since,relative_plus_5,0.05,4.0,4.2,0.1802774281890517,0.182084814861882,0.0018073866728302856,0.0018073866728302856,0,0,0,-1
german,mlp,4,residence_since,relative_plus_5,0.05,1.0,1.05,0.1819840520060159,0.18168157190706735,-0.00030248009894853767,0.00030248009894853767,0,0,0,-1
german,mlp,5,residence_since,relative_plus_5,0.05,4.0,4.2,0.2043107705535393,0.1990563081053524,-0.005254462448186892,0.005254462448186892,0,0,0,-1
german,mlp,6,residence_since,relative_plus_5,0.05,2.0,2.1,0.24145627495089156,0.24147948530680888,2.3210355917319125e-05,2.3210355917319125e-05,0,0,0,-1
german,mlp,7,residence_since,relative_plus_5,0.05,2.0,2.1,0.361249588683193,0.36338160070818726,0.0021320120249942454,0.0021320120249942454,0,0,0,-1
german,mlp,8,residence_since,relative_plus_5,0.05,2.0,2.1,0.29833305974606383,0.2999282861082405,0.0015952263621766827,0.0015952263621766827,0,0,0,-1
german,mlp,9,residence_since,relative_plus_5,0.05,4.0,4.2,0.4084749758946331,0.4083114424317326,-0.0001635334629004892,0.0001635334629004892,0,0,0,-1
german,mlp,10,residence_since,relative_plus_5,0.05,4.0,4.2,0.1978244007482361,0.19499358493039695,-0.002830815817839144,0.002830815817839144,0,0,0,-1
german,mlp,11,residence_since,relative_plus_5,0.05,1.0,1.05,0.4490305536205001,0.45024734229599417,0.0012167886754940738,0.0012167886754940738,0,0,0,-1
german,mlp,12,residence_since,relative_plus_5,0.05,2.0,2.1,0.3380754225555931,0.33729844645608437,-0.0007769760995087194,0.0007769760995087194,0,0,0,-1
german,mlp,13,residence_since,relative_plus_5,0.05,2.0,2.1,0.3226170260018927,0.32231055040510714,-0.00030647559678553815,0.00030647559678553815,0,0,0,-1
german,mlp,14,residence_since,relative_plus_5,0.05,3.0,3.15,0.1607190907005708,0.16275795228661058,0.002038861586039775,0.002038861586039775,0,0,0,-1
german,mlp,15,residence_since,relative_plus_5,0.05,2.0,2.1,0.2991772357699808,0.2997933973399965,0.0006161615700157053,0.0006161615700157053,0,0,0,-1
german,mlp,16,residence_since,relative_plus_5,0.05,4.0,4.2,0.07569409040610586,0.07635375855556846,0.0006596681494625972,0.0006596681494625972,0,0,0,-1
german,mlp,17,residence_since,relative_plus_5,0.05,4.0,4.2,0.320382999871944,0.3194790480836672,-0.0009039517882767911,0.0009039517882767911,0,0,0,-1
german,mlp,18,residence_since,relative_plus_5,0.05,2.0,2.1,0.21792612201370706,0.2162031177763943,-0.001723004237312753,0.001723004237312753,0,0,0,-1
german,mlp,19,residence_since,relative_plus_5,0.05,2.0,2.1,0.5132077646135412,0.5155627376621135,0.0023549730485722398,0.0023549730485722398,1,1,0,-1
german,mlp,20,residence_since,relative_plus_5,0.05,4.0,4.2,0.16826818543871874,0.16870614510422824,0.0004379596655094964,0.0004379596655094964,0,0,0,-1
german,mlp,21,residence_since,relative_plus_5,0.05,4.0,4.2,0.18871648712224667,0.18753517683510815,-0.0011813102871385261,0.0011813102871385261,0,0,0,-1
german,mlp,22,residence_since,relative_plus_5,0.05,2.0,2.1,0.2340361932873373,0.2337414233141074,-0.00029476997322988585,0.00029476997322988585,0,0,0,-1
german,mlp,23,residence_since,relative_plus_5,0.05,3.0,3.15,0.49953972896498505,0.5005007556316774,0.0009610266666923439,0.0009610266666923439,0,1,1,-1
german,mlp,24,residence_since,relative_plus_5,0.05,2.0,2.1,0.3945250994274686,0.39229553628038455,-0.002229563147084057,0.002229563147084057,0,0,0,-1
german,mlp,25,residence_since,relative_plus_5,0.05,2.0,2.1,0.1999714289423839,0.19995803108502444,-1.339785735945953e-05,1.339785735945953e-05,0,0,0,-1
german,mlp,26,residence_since,relative_plus_5,0.05,4.0,4.2,0.2622371730736121,0.25627597524563783,-0.005961197827974274,0.005961197827974274,0,0,0,-1
german,mlp,27,residence_since,relative_plus_5,0.05,1.0,1.05,0.40187252116986394,0.4035477066794027,0.001675185509538768,0.001675185509538768,0,0,0,-1
german,mlp,28,residence_since,relative_plus_5,0.05,2.0,2.1,0.21975633548972673,0.2186963524759639,-0.0010599830137628385,0.0010599830137628385,0,0,0,-1
german,mlp,29,residence_since,relative_plus_5,0.05,2.0,2.1,0.28996688444799096,0.2907524678463298,0.0007855833983388405,0.0007855833983388405,0,0,0,-1
german,mlp,30,residence_since,relative_plus_5,0.05,1.0,1.05,0.5843997058285129,0.5827617471098793,-0.001637958718633592,0.001637958718633592,1,1,0,-1
german,mlp,31,residence_since,relative_plus_5,0.05,2.0,2.1,0.42703271675750654,0.42875631031389727,0.0017235935563907345,0.0017235935563907345,0,0,0,-1
german,mlp,32,residence_since,relative_plus_5,0.05,2.0,2.1,0.06159397700408669,0.06254861204897456,0.0009546350448878735,0.0009546350448878735,0,0,0,-1
german,mlp,33,residence_since,relative_plus_5,0.05,2.0,2.1,0.2452309775841329,0.24475208660536754,-0.00047889097876535613,0.00047889097876535613,0,0,0,-1
german,mlp,34,residence_since,relative_plus_5,0.05,2.0,2.1,0.5123814318058395,0.5143676654199566,0.0019862336141170944,0.0019862336141170944,1,1,0,-1
german,mlp,35,residence_since,relative_plus_5,0.05,1.0,1.05,0.4040062504090185,0.4035571344549087,-0.0004491159541097911,0.0004491159541097911,0,0,0,-1
german,mlp,36,residence_since,relative_plus_5,0.05,4.0,4.2,0.39041320626672604,0.3925007687040666,0.00208756243734054,0.00208756243734054,0,0,0,-1
german,mlp,37,residence_since,relative_plus_5,0.05,3.0,3.15,0.3668266156268264,0.36716014957751275,0.00033353395068635994,0.00033353395068635994,0,0,0,-1
german,mlp,38,residence_since,relative_plus_5,0.05,4.0,4.2,0.399240031305948,0.40085188783546305,0.0016118565295150655,0.0016118565295150655,0,0,0,-1
german,mlp,39,residence_since,relative_plus_5,0.05,4.0,4.2,0.31310442539427324,0.314906673779512,0.001802248385238736,0.001802248385238736,0,0,0,-1
german,mlp,40,residence_since,relative_plus_5,0.05,2.0,2.1,0.3333594981968233,0.33445977326138715,0.0011002750645638382,0.0011002750645638382,0,0,0,-1
german,mlp,41,residence_since,relative_plus_5,0.05,4.0,4.2,0.3016974078180434,0.3028696995475103,0.0011722917294669233,0.0011722917294669233,0,0,0,-1
german,mlp,42,residence_since,relative_plus_5,0.05,4.0,4.2,0.3967842920357588,0.3951354788060437,-0.001648813229715107,0.001648813229715107,0,0,0,-1
german,mlp,43,residence_since,relative_plus_5,0.05,2.0,2.1,0.2191377203672374,0.2203905973323579,0.0012528769651205252,0.0012528769651205252,0,0,0,-1
german,mlp,44,residence_since,relative_plus_5,0.05,2.0,2.1,0.30746499417314455,0.3088948706909948,0.0014298765178502593,0.0014298765178502593,0,0,0,-1
german,mlp,45,residence_since,relative_plus_5,0.05,4.0,4.2,0.19417247812730504,0.19023808205905465,-0.003934396068250384,0.003934396068250384,0,0,0,-1
german,mlp,46,residence_since,relative_plus_5,0.05,1.0,1.05,0.19798688045008261,0.19851976344269043,0.0005328829926078138,0.0005328829926078138,0,0,0,-1
german,mlp,47,residence_since,relative_plus_5,0.05,3.0,3.15,0.2718695537935461,0.2707700301247077,-0.0010995236688384202,0.0010995236688384202,0,0,0,-1
german,mlp,48,residence_since,relative_plus_5,0.05,4.0,4.2,0.1750165253584432,0.17665059327966554,0.0016340679212223375,0.0016340679212223375,0,0,0,-1
german,mlp,49,residence_since,relative_plus_5,0.05,4.0,4.2,0.4588613965006128,0.46364238147839903,0.004780984977786229,0.004780984977786229,0,0,0,-1
german,mlp,50,residence_since,relative_plus_5,0.05,3.0,3.15,0.25833505988114175,0.256665276302764,-0.0016697835783777704,0.0016697835783777704,0,0,0,-1
german,mlp,51,residence_since,relative_plus_5,0.05,2.0,2.1,0.23994228781447036,0.24030300935437943,0.0003607215399090702,0.0003607215399090702,0,0,0,-1
german,mlp,52,residence_since,relative_plus_5,0.05,2.0,2.1,0.25197598703294255,0.24954930990794352,-0.002426677124999027,0.002426677124999027,0,0,0,-1
german,mlp,53,residence_since,relative_plus_5,0.05,2.0,2.1,0.24562077738290533,0.24499511940333213,-0.000625657979573202,0.000625657979573202,0,0,0,-1
german,mlp,54,residence_since,relative_plus_5,0.05,3.0,3.15,0.18732343132224302,0.18572456522241007,-0.0015988660998329518,0.0015988660998329518,0,0,0,-1
german,mlp,55,residence_since,relative_plus_5,0.05,4.0,4.2,0.3754380929776099,0.36723250343539077,-0.008205589542219116,0.008205589542219116,0,0,0,-1
german,mlp,56,residence_since,relative_plus_5,0.05,4.0,4.2,0.33683635847007065,0.3333600189033066,-0.003476339566764075,0.003476339566764075,0,0,0,-1
german,mlp,57,residence_since,relative_plus_5,0.05,1.0,1.05,0.4247782060955582,0.4259798918431238,0.001201685747565573,0.001201685747565573,0,0,0,-1
german,mlp,58,residence_since,relative_plus_5,0.05,4.0,4.2,0.20020788889953503,0.20295653024132604,0.0027486413417910083,0.0027486413417910083,0,0,0,-1
german,mlp,59,residence_since,relative_plus_5,0.05,4.0,4.2,0.5357836989632669,0.534710799637501,-0.0010728993257659303,0.0010728993257659303,1,1,0,-1
german,mlp,60,residence_since,relative_plus_5,0.05,2.0,2.1,0.33610005721370495,0.33658778774289655,0.000487730529191599,0.000487730529191599,0,0,0,-1
german,mlp,61,residence_since,relative_plus_5,0.05,2.0,2.1,0.21555248127528462,0.2149889783977568,-0.0005635028775278217,0.0005635028775278217,0,0,0,-1
german,mlp,62,residence_since,relative_plus_5,0.05,2.0,2.1,0.26851517186260315,0.2688825266400462,0.0003673547774430408,0.0003673547774430408,0,0,0,-1
german,mlp,63,residence_since,relative_plus_5,0.05,3.0,3.15,0.42519995561469526,0.42172866383915764,-0.0034712917755376216,0.0034712917755376216,0,0,0,-1
german,mlp,64,residence_since,relative_plus_5,0.05,2.0,2.1,0.3902998055499012,0.39027275613976736,-2.704941013381701e-05,2.704941013381701e-05,0,0,0,-1
german,mlp,65,residence_since,relative_plus_5,0.05,3.0,3.15,0.22708278958567477,0.22557605156862737,-0.0015067380170473987,0.0015067380170473987,0,0,0,-1
german,mlp,66,residence_since,relative_plus_5,0.05,4.0,4.2,0.43863287851091937,0.4370670250620846,-0.001565853448834753,0.001565853448834753,0,0,0,-1
german,mlp,67,residence_since,relative_plus_5,0.05,2.0,2.1,0.6061115695108918,0.6077949306483766,0.0016833611374847957,0.0016833611374847957,1,1,0,-1
german,mlp,68,residence_since,relative_plus_5,0.05,4.0,4.2,0.367077678742253,0.36956262508917126,0.0024849463469182598,0.0024849463469182598,0,0,0,-1
german,mlp,69,residence_since,relative_plus_5,0.05,2.0,2.1,0.4207072819437597,0.4211865927518013,0.00047931080804158865,0.00047931080804158865,0,0,0,-1
german,mlp,70,residence_since,relative_plus_5,0.05,2.0,2.1,0.35120868452508525,0.3532258416246044,0.0020171570995191623,0.0020171570995191623,0,0,0,-1
german,mlp,71,residence_since,relative_plus_5,0.05,4.0,4.2,0.2326481332416817,0.23444904526987076,0.00180091202818905,0.00180091202818905,0,0,0,-1
german,mlp,72,residence_since,relative_plus_5,0.05,2.0,2.1,0.17579921113180116,0.17728710368770875,0.0014878925559075884,0.0014878925559075884,0,0,0,-1
german,mlp,73,residence_since,relative_plus_5,0.05,4.0,4.2,0.22932773566828754,0.22929650078284897,-3.1234885438574667e-05,3.1234885438574667e-05,0,0,0,-1
german,mlp,74,residence_since,relative_plus_5,0.05,3.0,3.15,0.21586888817903582,0.21717297067775987,0.0013040824987240462,0.0013040824987240462,0,0,0,-1
german,mlp,75,residence_since,relative_plus_5,0.05,4.0,4.2,0.4423554762861602,0.43927624074345534,-0.003079235542704839,0.003079235542704839,0,0,0,-1
german,mlp,76,residence_since,relative_plus_5,0.05,4.0,4.2,0.32507530002633894,0.3261372347587072,0.0010619347323682637,0.0010619347323682637,0,0,0,-1
german,mlp,77,residence_since,relative_plus_5,0.05,4.0,4.2,0.3010734026184118,0.3000322107377724,-0.0010411918806393916,0.0010411918806393916,0,0,0,-1
german,mlp,78,residence_since,relative_plus_5,0.05,2.0,2.1,0.24763530518832041,0.24722495504508213,-0.0004103501432382861,0.0004103501432382861,0,0,0,-1
german,mlp,79,residence_since,relative_plus_5,0.05,4.0,4.2,0.4172248844520669,0.4219488258802736,0.004723941428206702,0.004723941428206702,0,0,0,-1
german,mlp,80,residence_since,relative_plus_5,0.05,4.0,4.2,0.284838415529233,0.28225451450646477,-0.0025839010227682313,0.0025839010227682313,0,0,0,-1
german,mlp,81,residence_since,relative_plus_5,0.05,2.0,2.1,0.17349396284028698,0.1746450220444647,0.0011510592041777123,0.0011510592041777123,0,0,0,-1
german,mlp,82,residence_since,relative_plus_5,0.05,4.0,4.2,0.39424334337811145,0.3867590593674632,-0.007484284010648268,0.007484284010648268,0,0,0,-1
german,mlp,83,residence_since,relative_plus_5,0.05,2.0,2.1,0.367820580992647,0.3654511821536057,-0.002369398839041248,0.002369398839041248,0,0,0,-1
german,mlp,84,residence_since,relative_plus_5,0.05,4.0,4.2,0.3448230799863803,0.34882082002509474,0.003997740038714448,0.003997740038714448,0,0,0,-1
german,mlp,85,residence_since,relative_plus_5,0.05,3.0,3.15,0.2444924421566889,0.24380369097017493,-0.0006887511865139584,0.0006887511865139584,0,0,0,-1
german,mlp,86,residence_since,relative_plus_5,0.05,2.0,2.1,0.29800204425166227,0.29922857467009856,0.001226530418436289,0.001226530418436289,0,0,0,-1
german,mlp,87,residence_since,relative_plus_5,0.05,3.0,3.15,0.4966269950842168,0.4979812942192505,0.0013542991350337097,0.0013542991350337097,0,0,0,-1
german,mlp,88,residence_since,relative_plus_5,0.05,2.0,2.1,0.23144707170933512,0.2318091311285961,0.00036205941926098495,0.00036205941926098495,0,0,0,-1
german,mlp,89,residence_since,relative_plus_5,0.05,4.0,4.2,0.6400407350476786,0.6400333935905345,-7.341457144094399e-06,7.341457144094399e-06,1,1,0,-1
german,mlp,90,residence_since,relative_plus_5,0.05,4.0,4.2,0.4822416863981328,0.48341305386527583,0.0011713674671430252,0.0011713674671430252,0,0,0,-1
german,mlp,91,residence_since,relative_plus_5,0.05,4.0,4.2,0.40143078123405807,0.40009654778179954,-0.0013342334522585264,0.0013342334522585264,0,0,0,-1
german,mlp,92,residence_since,relative_plus_5,0.05,4.0,4.2,0.44359454779618673,0.44729345073564275,0.003698902939456017,0.003698902939456017,0,0,0,-1
german,mlp,93,residence_since,relative_plus_5,0.05,4.0,4.2,0.3046662796706493,0.3041097531344281,-0.0005565265362211802,0.0005565265362211802,0,0,0,-1
german,mlp,94,residence_since,relative_plus_5,0.05,2.0,2.1,0.12739534911392703,0.1264913322279784,-0.0009040168859486275,0.0009040168859486275,0,0,0,-1
german,mlp,95,residence_since,relative_plus_5,0.05,3.0,3.15,0.15522877788983463,0.15494549609278785,-0.000283281797046786,0.000283281797046786,0,0,0,-1
german,mlp,96,residence_since,relative_plus_5,0.05,4.0,4.2,0.36442913704527324,0.3591787787926425,-0.00525035825263076,0.00525035825263076,0,0,0,-1
german,mlp,97,residence_since,relative_plus_5,0.05,3.0,3.15,0.25451466263318945,0.2541116694677131,-0.000402993165476373,0.000402993165476373,0,0,0,-1
german,mlp,98,residence_since,relative_plus_5,0.05,3.0,3.15,0.6586898441318234,0.6605933033506122,0.0019034592187887611,0.0019034592187887611,1,1,0,-1
german,mlp,99,residence_since,relative_plus_5,0.05,2.0,2.1,0.24855132238008826,0.24773301069881487,-0.000818311681273387,0.000818311681273387,0,0,0,-1
german,mlp,0,residence_since,relative_minus_10,-0.1,4.0,4.4,0.2868824306481333,0.27229442366647433,-0.014588006981658963,0.014588006981658963,0,0,0,-1
german,mlp,1,residence_since,relative_minus_10,-0.1,3.0,3.3,0.4198976318717018,0.4147641509516719,-0.005133480920029909,0.005133480920029909,0,0,0,-1
german,mlp,2,residence_since,relative_minus_10,-0.1,4.0,4.4,0.26258346992117976,0.2566296733149213,-0.0059537966062584435,0.0059537966062584435,0,0,0,-1
german,mlp,3,residence_since,relative_minus_10,-0.1,4.0,4.4,0.1802774281890517,0.18325488645758264,0.002977458268530936,0.002977458268530936,0,0,0,-1
german,mlp,4,residence_since,relative_minus_10,-0.1,1.0,1.1,0.1819840520060159,0.181379483090256,-0.0006045689157598844,0.0006045689157598844,0,0,0,-1
german,mlp,5,residence_since,relative_minus_10,-0.1,4.0,4.4,0.2043107705535393,0.19418648799579466,-0.01012428255774464,0.01012428255774464,0,0,0,-1
german,mlp,6,residence_since,relative_minus_10,-0.1,2.0,2.2,0.24145627495089156,0.2412307425818039,-0.00022553236908764984,0.00022553236908764984,0,0,0,-1
german,mlp,7,residence_since,relative_minus_10,-0.1,2.0,2.2,0.361249588683193,0.3653047042859111,0.004055115602718096,0.004055115602718096,0,0,0,-1
german,mlp,8,residence_since,relative_minus_10,-0.1,2.0,2.2,0.29833305974606383,0.3014589826274114,0.0031259228813475537,0.0031259228813475537,0,0,0,-1
german,mlp,9,residence_since,relative_minus_10,-0.1,4.0,4.4,0.4084749758946331,0.4081829416772465,-0.0002920342173866053,0.0002920342173866053,0,0,0,-1
german,mlp,10,residence_since,relative_minus_10,-0.1,4.0,4.4,0.1978244007482361,0.19219357196675121,-0.005630828781484881,0.005630828781484881,0,0,0,-1
german,mlp,11,residence_since,relative_minus_10,-0.1,1.0,1.1,0.4490305536205001,0.451492437512876,0.0024618838923758934,0.0024618838923758934,0,0,0,-1
german,mlp,12,residence_since,relative_minus_10,-0.1,2.0,2.2,0.3380754225555931,0.3365223481932824,-0.001553074362310669,0.001553074362310669,0,0,0,-1
german,mlp,13,residence_since,relative_minus_10,-0.1,2.0,2.2,0.3226170260018927,0.32180590511686735,-0.0008111208850253293,0.0008111208850253293,0,0,0,-1
german,mlp,14,residence_since,relative_minus_10,-0.1,3.0,3.3,0.1607190907005708,0.1648175993022595,0.0040985086016887,0.0040985086016887,0,0,0,-1
german,mlp,15,residence_since,relative_minus_10,-0.1,2.0,2.2,0.2991772357699808,0.30011932214175757,0.0009420863717767847,0.0009420863717767847,0,0,0,-1
german,mlp,16,residence_since,relative_minus_10,-0.1,4.0,4.4,0.07569409040610586,0.07698380818815179,0.0012897177820459238,0.0012897177820459238,0,0,0,-1
german,mlp,17,residence_since,relative_minus_10,-0.1,4.0,4.4,0.320382999871944,0.3185204420315603,-0.001862557840383694,0.001862557840383694,0,0,0,-1
german,mlp,18,residence_since,relative_minus_10,-0.1,2.0,2.2,0.21792612201370706,0.2143929693493447,-0.0035331526643623545,0.0035331526643623545,0,0,0,-1
german,mlp,19,residence_since,relative_minus_10,-0.1,2.0,2.2,0.5132077646135412,0.5179170197690353,0.00470925515549403,0.00470925515549403,1,1,0,-1
german,mlp,20,residence_since,relative_minus_10,-0.1,4.0,4.4,0.16826818543871874,0.16855168073849003,0.00028349529977128585,0.00028349529977128585,0,0,0,-1
german,mlp,21,residence_since,relative_minus_10,-0.1,4.0,4.4,0.18871648712224667,0.18599454812422478,-0.0027219389980218944,0.0027219389980218944,0,0,0,-1
german,mlp,22,residence_since,relative_minus_10,-0.1,2.0,2.2,0.2340361932873373,0.23344691145311824,-0.000589281834219052,0.000589281834219052,0,0,0,-1
german,mlp,23,residence_since,relative_minus_10,-0.1,3.0,3.3,0.49953972896498505,0.5018731738303274,0.0023334448653423157,0.0023334448653423157,0,1,1,-1
german,mlp,24,residence_since,relative_minus_10,-0.1,2.0,2.2,0.3945250994274686,0.38963260194155336,-0.004892497485915248,0.004892497485915248,0,0,0,-1
german,mlp,25,residence_since,relative_minus_10,-0.1,2.0,2.2,0.1999714289423839,0.19994463390096598,-2.6795041417920773e-05,2.6795041417920773e-05,0,0,0,-1
german,mlp,26,residence_since,relative_minus_10,-0.1,4.0,4.4,0.2622371730736121,0.25040429423225696,-0.011832878841355143,0.011832878841355143,0,0,0,-1
german,mlp,27,residence_since,relative_minus_10,-0.1,1.0,1.1,0.40187252116986394,0.40519327666633964,0.0033207554964757025,0.0033207554964757025,0,0,0,-1
german,mlp,28,residence_since,relative_minus_10,-0.1,2.0,2.2,0.21975633548972673,0.21763550204905033,-0.0021208334406764007,0.0021208334406764007,0,0,0,-1
german,mlp,29,residence_since,relative_minus_10,-0.1,2.0,2.2,0.28996688444799096,0.291539305675229,0.0015724212272380522,0.0015724212272380522,0,0,0,-1
german,mlp,30,residence_since,relative_minus_10,-0.1,1.0,1.1,0.5843997058285129,0.5811219599756474,-0.0032777458528654435,0.0032777458528654435,1,1,0,-1
german,mlp,31,residence_since,relative_minus_10,-0.1,2.0,2.2,0.42703271675750654,0.43015730222324366,0.0031245854657371286,0.0031245854657371286,0,0,0,-1
german,mlp,32,residence_since,relative_minus_10,-0.1,2.0,2.2,0.06159397700408669,0.06351704136190503,0.0019230643578183396,0.0019230643578183396,0,0,0,-1
german,mlp,33,residence_since,relative_minus_10,-0.1,2.0,2.2,0.2452309775841329,0.2442724394993362,-0.0009585380847967062,0.0009585380847967062,0,0,0,-1
german,mlp,34,residence_since,relative_minus_10,-0.1,2.0,2.2,0.5123814318058395,0.5158665243965389,0.0034850925906994012,0.0034850925906994012,1,1,0,-1
german,mlp,35,residence_since,relative_minus_10,-0.1,1.0,1.1,0.4040062504090185,0.40310818008054244,-0.0008980703284760527,0.0008980703284760527,0,0,0,-1
german,mlp,36,residence_since,relative_minus_10,-0.1,4.0,4.4,0.39041320626672604,0.39387987195817264,0.003466665691446602,0.003466665691446602,0,0,0,-1
german,mlp,37,residence_since,relative_minus_10,-0.1,3.0,3.3,0.3668266156268264,0.36769033868513695,0.0008637230583105615,0.0008637230583105615,0,0,0,-1
german,mlp,38,residence_since,relative_minus_10,-0.1,4.0,4.4,0.399240031305948,0.40074598681197904,0.0015059555060310537,0.0015059555060310537,0,0,0,-1
german,mlp,39,residence_since,relative_minus_10,-0.1,4.0,4.4,0.31310442539427324,0.31675345545449957,0.0036490300602263215,0.0036490300602263215,0,0,0,-1
german,mlp,40,residence_since,relative_minus_10,-0.1,2.0,2.2,0.3333594981968233,0.33556185188010657,0.0022023536832832535,0.0022023536832832535,0,0,0,-1
german,mlp,41,residence_since,relative_minus_10,-0.1,4.0,4.4,0.3016974078180434,0.3039390015875297,0.002241593769486294,0.002241593769486294,0,0,0,-1
german,mlp,42,residence_since,relative_minus_10,-0.1,4.0,4.4,0.3967842920357588,0.3930244460166923,-0.0037598460190665373,0.0037598460190665373,0,0,0,-1
german,mlp,43,residence_since,relative_minus_10,-0.1,2.0,2.2,0.2191377203672374,0.22164860412837342,0.0025108837611360346,0.0025108837611360346,0,0,0,-1
german,mlp,44,residence_since,relative_minus_10,-0.1,2.0,2.2,0.30746499417314455,0.3103284171392582,0.002863422966113638,0.002863422966113638,0,0,0,-1
german,mlp,45,residence_since,relative_minus_10,-0.1,4.0,4.4,0.19417247812730504,0.18638041582140746,-0.0077920623058975735,0.0077920623058975735,0,0,0,-1
german,mlp,46,residence_since,relative_minus_10,-0.1,1.0,1.1,0.19798688045008261,0.1990537247211334,0.0010668442710507764,0.0010668442710507764,0,0,0,-1
german,mlp,47,residence_since,relative_minus_10,-0.1,3.0,3.3,0.2718695537935461,0.26989967412874205,-0.001969879664804053,0.001969879664804053,0,0,0,-1
german,mlp,48,residence_since,relative_minus_10,-0.1,4.0,4.4,0.1750165253584432,0.1788938576827968,0.0038773323243536106,0.0038773323243536106,0,0,0,-1
german,mlp,49,residence_since,relative_minus_10,-0.1,4.0,4.4,0.4588613965006128,0.46843005960015016,0.009568663099537356,0.009568663099537356,0,0,0,-1
german,mlp,50,residence_since,relative_minus_10,-0.1,3.0,3.3,0.25833505988114175,0.2550025747425121,-0.0033324851386296594,0.0033324851386296594,0,0,0,-1
german,mlp,51,residence_since,relative_minus_10,-0.1,2.0,2.2,0.23994228781447036,0.24066410147890735,0.0007218136644369932,0.0007218136644369932,0,0,0,-1
german,mlp,52,residence_since,relative_minus_10,-0.1,2.0,2.2,0.25197598703294255,0.24708715692300978,-0.004888830109932768,0.004888830109932768,0,0,0,-1
german,mlp,53,residence_since,relative_minus_10,-0.1,2.0,2.2,0.24562077738290533,0.24437053887276927,-0.0012502385101360591,0.0012502385101360591,0,0,0,-1
german,mlp,54,residence_since,relative_minus_10,-0.1,3.0,3.3,0.18732343132224302,0.18413625386124854,-0.003187177460994478,0.003187177460994478,0,0,0,-1
german,mlp,55,residence_since,relative_minus_10,-0.1,4.0,4.4,0.3754380929776099,0.35990355016096975,-0.015534542816640129,0.015534542816640129,0,0,0,-1
german,mlp,56,residence_since,relative_minus_10,-0.1,4.0,4.4,0.33683635847007065,0.3299017091162306,-0.006934649353840028,0.006934649353840028,0,0,0,-1
german,mlp,57,residence_since,relative_minus_10,-0.1,1.0,1.1,0.4247782060955582,0.4271824524967124,0.002404246401154164,0.002404246401154164,0,0,0,-1
german,mlp,58,residence_since,relative_minus_10,-0.1,4.0,4.4,0.20020788889953503,0.20568302423568846,0.0054751353361534305,0.0054751353361534305,0,0,0,-1
german,mlp,59,residence_since,relative_minus_10,-0.1,4.0,4.4,0.5357836989632669,0.5339521368094254,-0.001831562153841504,0.001831562153841504,1,1,0,-1
german,mlp,60,residence_since,relative_minus_10,-0.1,2.0,2.2,0.33610005721370495,0.3368530444071432,0.0007529871934382482,0.0007529871934382482,0,0,0,-1
german,mlp,61,residence_since,relative_minus_10,-0.1,2.0,2.2,0.21555248127528462,0.21442654596974708,-0.0011259353055375343,0.0011259353055375343,0,0,0,-1
german,mlp,62,residence_since,relative_minus_10,-0.1,2.0,2.2,0.26851517186260315,0.2692549978989977,0.000739826036394553,0.000739826036394553,0,0,0,-1
german,mlp,63,residence_since,relative_minus_10,-0.1,3.0,3.3,0.42519995561469526,0.4182650896867492,-0.006934865927946066,0.006934865927946066,0,0,0,-1
german,mlp,64,residence_since,relative_minus_10,-0.1,2.0,2.2,0.3902998055499012,0.39037864136868333,7.883581878215251e-05,7.883581878215251e-05,0,0,0,-1
german,mlp,65,residence_since,relative_minus_10,-0.1,3.0,3.3,0.22708278958567477,0.22410652373666587,-0.0029762658490088967,0.0029762658490088967,0,0,0,-1
german,mlp,66,residence_since,relative_minus_10,-0.1,4.0,4.4,0.43863287851091937,0.43456415263457665,-0.004068725876342716,0.004068725876342716,0,0,0,-1
german,mlp,67,residence_since,relative_minus_10,-0.1,2.0,2.2,0.6061115695108918,0.6096259427465219,0.003514373235630086,0.003514373235630086,1,1,0,-1
german,mlp,68,residence_since,relative_minus_10,-0.1,4.0,4.4,0.367077678742253,0.3720246884370827,0.004947009694829696,0.004947009694829696,0,0,0,-1
german,mlp,69,residence_since,relative_minus_10,-0.1,2.0,2.2,0.4207072819437597,0.4216660521486294,0.0009587702048696745,0.0009587702048696745,0,0,0,-1
german,mlp,70,residence_since,relative_minus_10,-0.1,2.0,2.2,0.35120868452508525,0.3552482405309391,0.004039556005853873,0.004039556005853873,0,0,0,-1
german,mlp,71,residence_since,relative_minus_10,-0.1,4.0,4.4,0.2326481332416817,0.23616729607705944,0.0035191628353777316,0.0035191628353777316,0,0,0,-1
german,mlp,72,residence_since,relative_minus_10,-0.1,2.0,2.2,0.17579921113180116,0.17878485751419554,0.0029856463823943746,0.0029856463823943746,0,0,0,-1
german,mlp,73,residence_since,relative_minus_10,-0.1,4.0,4.4,0.22932773566828754,0.22943867662560125,0.00011094095731370435,0.00011094095731370435,0,0,0,-1
german,mlp,74,residence_since,relative_minus_10,-0.1,3.0,3.3,0.21586888817903582,0.21858880227608207,0.00271991409704625,0.00271991409704625,0,0,0,-1
german,mlp,75,residence_since,relative_minus_10,-0.1,4.0,4.4,0.4423554762861602,0.43581468334696155,-0.006540792939198625,0.006540792939198625,0,0,0,-1
german,mlp,76,residence_since,relative_minus_10,-0.1,4.0,4.4,0.32507530002633894,0.32679112651790826,0.0017158264915693167,0.0017158264915693167,0,0,0,-1
german,mlp,77,residence_since,relative_minus_10,-0.1,4.0,4.4,0.3010734026184118,0.298929600148606,-0.0021438024698058333,0.0021438024698058333,0,0,0,-1
german,mlp,78,residence_since,relative_minus_10,-0.1,2.0,2.2,0.24763530518832041,0.24685589333850463,-0.0007794118498157809,0.0007794118498157809,0,0,0,-1
german,mlp,79,residence_since,relative_minus_10,-0.1,4.0,4.4,0.4172248844520669,0.4266870927292021,0.009462208277135176,0.009462208277135176,0,0,0,-1
german,mlp,80,residence_since,relative_minus_10,-0.1,4.0,4.4,0.284838415529233,0.28006026980613735,-0.00477814572309565,0.00477814572309565,0,0,0,-1
german,mlp,81,residence_since,relative_minus_10,-0.1,2.0,2.2,0.17349396284028698,0.17580209365555396,0.0023081308152669844,0.0023081308152669844,0,0,0,-1
german,mlp,82,residence_since,relative_minus_10,-0.1,4.0,4.4,0.39424334337811145,0.3795012753701208,-0.01474206800799066,0.01474206800799066,0,0,0,-1
german,mlp,83,residence_since,relative_minus_10,-0.1,2.0,2.2,0.367820580992647,0.3630890317880545,-0.004731549204592456,0.004731549204592456,0,0,0,-1
german,mlp,84,residence_since,relative_minus_10,-0.1,4.0,4.4,0.3448230799863803,0.35277902428933017,0.00795594430294988,0.00795594430294988,0,0,0,-1
german,mlp,85,residence_since,relative_minus_10,-0.1,3.0,3.3,0.2444924421566889,0.2431162556816318,-0.0013761864750570785,0.0013761864750570785,0,0,0,-1
german,mlp,86,residence_since,relative_minus_10,-0.1,2.0,2.2,0.29800204425166227,0.30052543552097255,0.0025233912693102822,0.0025233912693102822,0,0,0,-1
german,mlp,87,residence_since,relative_minus_10,-0.1,3.0,3.3,0.4966269950842168,0.4993295493998874,0.002702554315670569,0.002702554315670569,0,0,0,-1
german,mlp,88,residence_since,relative_minus_10,-0.1,2.0,2.2,0.23144707170933512,0.23217158583063402,0.000724514121298897,0.000724514121298897,0,0,0,-1
german,mlp,89,residence_since,relative_minus_10,-0.1,4.0,4.4,0.6400407350476786,0.6402255040102385,0.00018476896255992248,0.00018476896255992248,1,1,0,-1
german,mlp,90,residence_since,relative_minus_10,-0.1,4.0,4.4,0.4822416863981328,0.48385582873919797,0.0016141423410651612,0.0016141423410651612,0,0,0,-1
german,mlp,91,residence_since,relative_minus_10,-0.1,4.0,4.4,0.40143078123405807,0.3984220452939143,-0.0030087359401437808,0.0030087359401437808,0,0,0,-1
german,mlp,92,residence_since,relative_minus_10,-0.1,4.0,4.4,0.44359454779618673,0.45099819671429847,0.007403648918111738,0.007403648918111738,0,0,0,-1
german,mlp,93,residence_since,relative_minus_10,-0.1,4.0,4.4,0.3046662796706493,0.3035214252372085,-0.0011448544334408117,0.0011448544334408117,0,0,0,-1
german,mlp,94,residence_since,relative_minus_10,-0.1,2.0,2.2,0.12739534911392703,0.1255928070758123,-0.001802542038114724,0.001802542038114724,0,0,0,-1
german,mlp,95,residence_since,relative_minus_10,-0.1,3.0,3.3,0.15522877788983463,0.15494035833259617,-0.0002884195572384618,0.0002884195572384618,0,0,0,-1
german,mlp,96,residence_since,relative_minus_10,-0.1,4.0,4.4,0.36442913704527324,0.3568246311735531,-0.007604505871720124,0.007604505871720124,0,0,0,-1
german,mlp,97,residence_since,relative_minus_10,-0.1,3.0,3.3,0.25451466263318945,0.2536387417723728,-0.0008759208608166702,0.0008759208608166702,0,0,0,-1
german,mlp,98,residence_since,relative_minus_10,-0.1,3.0,3.3,0.6586898441318234,0.6624915864128527,0.0038017422810292523,0.0038017422810292523,1,1,0,-1
german,mlp,99,residence_since,relative_minus_10,-0.1,2.0,2.2,0.24855132238008826,0.24691650790255848,-0.001634814477529778,0.001634814477529778,0,0,0,-1
german,mlp,0,residence_since,relative_plus_10,0.1,4.0,4.4,0.2868824306481333,0.27229442366647433,-0.014588006981658963,0.014588006981658963,0,0,0,-1
german,mlp,1,residence_since,relative_plus_10,0.1,3.0,3.3,0.4198976318717018,0.4147641509516719,-0.005133480920029909,0.005133480920029909,0,0,0,-1
german,mlp,2,residence_since,relative_plus_10,0.1,4.0,4.4,0.26258346992117976,0.2566296733149213,-0.0059537966062584435,0.0059537966062584435,0,0,0,-1
german,mlp,3,residence_since,relative_plus_10,0.1,4.0,4.4,0.1802774281890517,0.18325488645758264,0.002977458268530936,0.002977458268530936,0,0,0,-1
german,mlp,4,residence_since,relative_plus_10,0.1,1.0,1.1,0.1819840520060159,0.181379483090256,-0.0006045689157598844,0.0006045689157598844,0,0,0,-1
german,mlp,5,residence_since,relative_plus_10,0.1,4.0,4.4,0.2043107705535393,0.19418648799579466,-0.01012428255774464,0.01012428255774464,0,0,0,-1
german,mlp,6,residence_since,relative_plus_10,0.1,2.0,2.2,0.24145627495089156,0.2412307425818039,-0.00022553236908764984,0.00022553236908764984,0,0,0,-1
german,mlp,7,residence_since,relative_plus_10,0.1,2.0,2.2,0.361249588683193,0.3653047042859111,0.004055115602718096,0.004055115602718096,0,0,0,-1
german,mlp,8,residence_since,relative_plus_10,0.1,2.0,2.2,0.29833305974606383,0.3014589826274114,0.0031259228813475537,0.0031259228813475537,0,0,0,-1
german,mlp,9,residence_since,relative_plus_10,0.1,4.0,4.4,0.4084749758946331,0.4081829416772465,-0.0002920342173866053,0.0002920342173866053,0,0,0,-1
german,mlp,10,residence_since,relative_plus_10,0.1,4.0,4.4,0.1978244007482361,0.19219357196675121,-0.005630828781484881,0.005630828781484881,0,0,0,-1
german,mlp,11,residence_since,relative_plus_10,0.1,1.0,1.1,0.4490305536205001,0.451492437512876,0.0024618838923758934,0.0024618838923758934,0,0,0,-1
german,mlp,12,residence_since,relative_plus_10,0.1,2.0,2.2,0.3380754225555931,0.3365223481932824,-0.001553074362310669,0.001553074362310669,0,0,0,-1
german,mlp,13,residence_since,relative_plus_10,0.1,2.0,2.2,0.3226170260018927,0.32180590511686735,-0.0008111208850253293,0.0008111208850253293,0,0,0,-1
german,mlp,14,residence_since,relative_plus_10,0.1,3.0,3.3,0.1607190907005708,0.1648175993022595,0.0040985086016887,0.0040985086016887,0,0,0,-1
german,mlp,15,residence_since,relative_plus_10,0.1,2.0,2.2,0.2991772357699808,0.30011932214175757,0.0009420863717767847,0.0009420863717767847,0,0,0,-1
german,mlp,16,residence_since,relative_plus_10,0.1,4.0,4.4,0.07569409040610586,0.07698380818815179,0.0012897177820459238,0.0012897177820459238,0,0,0,-1
german,mlp,17,residence_since,relative_plus_10,0.1,4.0,4.4,0.320382999871944,0.3185204420315603,-0.001862557840383694,0.001862557840383694,0,0,0,-1
german,mlp,18,residence_since,relative_plus_10,0.1,2.0,2.2,0.21792612201370706,0.2143929693493447,-0.0035331526643623545,0.0035331526643623545,0,0,0,-1
german,mlp,19,residence_since,relative_plus_10,0.1,2.0,2.2,0.5132077646135412,0.5179170197690353,0.00470925515549403,0.00470925515549403,1,1,0,-1
german,mlp,20,residence_since,relative_plus_10,0.1,4.0,4.4,0.16826818543871874,0.16855168073849003,0.00028349529977128585,0.00028349529977128585,0,0,0,-1
german,mlp,21,residence_since,relative_plus_10,0.1,4.0,4.4,0.18871648712224667,0.18599454812422478,-0.0027219389980218944,0.0027219389980218944,0,0,0,-1
german,mlp,22,residence_since,relative_plus_10,0.1,2.0,2.2,0.2340361932873373,0.23344691145311824,-0.000589281834219052,0.000589281834219052,0,0,0,-1
german,mlp,23,residence_since,relative_plus_10,0.1,3.0,3.3,0.49953972896498505,0.5018731738303274,0.0023334448653423157,0.0023334448653423157,0,1,1,-1
german,mlp,24,residence_since,relative_plus_10,0.1,2.0,2.2,0.3945250994274686,0.38963260194155336,-0.004892497485915248,0.004892497485915248,0,0,0,-1
german,mlp,25,residence_since,relative_plus_10,0.1,2.0,2.2,0.1999714289423839,0.19994463390096598,-2.6795041417920773e-05,2.6795041417920773e-05,0,0,0,-1
german,mlp,26,residence_since,relative_plus_10,0.1,4.0,4.4,0.2622371730736121,0.25040429423225696,-0.011832878841355143,0.011832878841355143,0,0,0,-1
german,mlp,27,residence_since,relative_plus_10,0.1,1.0,1.1,0.40187252116986394,0.40519327666633964,0.0033207554964757025,0.0033207554964757025,0,0,0,-1
german,mlp,28,residence_since,relative_plus_10,0.1,2.0,2.2,0.21975633548972673,0.21763550204905033,-0.0021208334406764007,0.0021208334406764007,0,0,0,-1
german,mlp,29,residence_since,relative_plus_10,0.1,2.0,2.2,0.28996688444799096,0.291539305675229,0.0015724212272380522,0.0015724212272380522,0,0,0,-1
german,mlp,30,residence_since,relative_plus_10,0.1,1.0,1.1,0.5843997058285129,0.5811219599756474,-0.0032777458528654435,0.0032777458528654435,1,1,0,-1
german,mlp,31,residence_since,relative_plus_10,0.1,2.0,2.2,0.42703271675750654,0.43015730222324366,0.0031245854657371286,0.0031245854657371286,0,0,0,-1
german,mlp,32,residence_since,relative_plus_10,0.1,2.0,2.2,0.06159397700408669,0.06351704136190503,0.0019230643578183396,0.0019230643578183396,0,0,0,-1
german,mlp,33,residence_since,relative_plus_10,0.1,2.0,2.2,0.2452309775841329,0.2442724394993362,-0.0009585380847967062,0.0009585380847967062,0,0,0,-1
german,mlp,34,residence_since,relative_plus_10,0.1,2.0,2.2,0.5123814318058395,0.5158665243965389,0.0034850925906994012,0.0034850925906994012,1,1,0,-1
german,mlp,35,residence_since,relative_plus_10,0.1,1.0,1.1,0.4040062504090185,0.40310818008054244,-0.0008980703284760527,0.0008980703284760527,0,0,0,-1
german,mlp,36,residence_since,relative_plus_10,0.1,4.0,4.4,0.39041320626672604,0.39387987195817264,0.003466665691446602,0.003466665691446602,0,0,0,-1
german,mlp,37,residence_since,relative_plus_10,0.1,3.0,3.3,0.3668266156268264,0.36769033868513695,0.0008637230583105615,0.0008637230583105615,0,0,0,-1
german,mlp,38,residence_since,relative_plus_10,0.1,4.0,4.4,0.399240031305948,0.40074598681197904,0.0015059555060310537,0.0015059555060310537,0,0,0,-1
german,mlp,39,residence_since,relative_plus_10,0.1,4.0,4.4,0.31310442539427324,0.31675345545449957,0.0036490300602263215,0.0036490300602263215,0,0,0,-1
german,mlp,40,residence_since,relative_plus_10,0.1,2.0,2.2,0.3333594981968233,0.33556185188010657,0.0022023536832832535,0.0022023536832832535,0,0,0,-1
german,mlp,41,residence_since,relative_plus_10,0.1,4.0,4.4,0.3016974078180434,0.3039390015875297,0.002241593769486294,0.002241593769486294,0,0,0,-1
german,mlp,42,residence_since,relative_plus_10,0.1,4.0,4.4,0.3967842920357588,0.3930244460166923,-0.0037598460190665373,0.0037598460190665373,0,0,0,-1
german,mlp,43,residence_since,relative_plus_10,0.1,2.0,2.2,0.2191377203672374,0.22164860412837342,0.0025108837611360346,0.0025108837611360346,0,0,0,-1
german,mlp,44,residence_since,relative_plus_10,0.1,2.0,2.2,0.30746499417314455,0.3103284171392582,0.002863422966113638,0.002863422966113638,0,0,0,-1
german,mlp,45,residence_since,relative_plus_10,0.1,4.0,4.4,0.19417247812730504,0.18638041582140746,-0.0077920623058975735,0.0077920623058975735,0,0,0,-1
german,mlp,46,residence_since,relative_plus_10,0.1,1.0,1.1,0.19798688045008261,0.1990537247211334,0.0010668442710507764,0.0010668442710507764,0,0,0,-1
german,mlp,47,residence_since,relative_plus_10,0.1,3.0,3.3,0.2718695537935461,0.26989967412874205,-0.001969879664804053,0.001969879664804053,0,0,0,-1
german,mlp,48,residence_since,relative_plus_10,0.1,4.0,4.4,0.1750165253584432,0.1788938576827968,0.0038773323243536106,0.0038773323243536106,0,0,0,-1
german,mlp,49,residence_since,relative_plus_10,0.1,4.0,4.4,0.4588613965006128,0.46843005960015016,0.009568663099537356,0.009568663099537356,0,0,0,-1
german,mlp,50,residence_since,relative_plus_10,0.1,3.0,3.3,0.25833505988114175,0.2550025747425121,-0.0033324851386296594,0.0033324851386296594,0,0,0,-1
german,mlp,51,residence_since,relative_plus_10,0.1,2.0,2.2,0.23994228781447036,0.24066410147890735,0.0007218136644369932,0.0007218136644369932,0,0,0,-1
german,mlp,52,residence_since,relative_plus_10,0.1,2.0,2.2,0.25197598703294255,0.24708715692300978,-0.004888830109932768,0.004888830109932768,0,0,0,-1
german,mlp,53,residence_since,relative_plus_10,0.1,2.0,2.2,0.24562077738290533,0.24437053887276927,-0.0012502385101360591,0.0012502385101360591,0,0,0,-1
german,mlp,54,residence_since,relative_plus_10,0.1,3.0,3.3,0.18732343132224302,0.18413625386124854,-0.003187177460994478,0.003187177460994478,0,0,0,-1
german,mlp,55,residence_since,relative_plus_10,0.1,4.0,4.4,0.3754380929776099,0.35990355016096975,-0.015534542816640129,0.015534542816640129,0,0,0,-1
german,mlp,56,residence_since,relative_plus_10,0.1,4.0,4.4,0.33683635847007065,0.3299017091162306,-0.006934649353840028,0.006934649353840028,0,0,0,-1
german,mlp,57,residence_since,relative_plus_10,0.1,1.0,1.1,0.4247782060955582,0.4271824524967124,0.002404246401154164,0.002404246401154164,0,0,0,-1
german,mlp,58,residence_since,relative_plus_10,0.1,4.0,4.4,0.20020788889953503,0.20568302423568846,0.0054751353361534305,0.0054751353361534305,0,0,0,-1
german,mlp,59,residence_since,relative_plus_10,0.1,4.0,4.4,0.5357836989632669,0.5339521368094254,-0.001831562153841504,0.001831562153841504,1,1,0,-1
german,mlp,60,residence_since,relative_plus_10,0.1,2.0,2.2,0.33610005721370495,0.3368530444071432,0.0007529871934382482,0.0007529871934382482,0,0,0,-1
german,mlp,61,residence_since,relative_plus_10,0.1,2.0,2.2,0.21555248127528462,0.21442654596974708,-0.0011259353055375343,0.0011259353055375343,0,0,0,-1
german,mlp,62,residence_since,relative_plus_10,0.1,2.0,2.2,0.26851517186260315,0.2692549978989977,0.000739826036394553,0.000739826036394553,0,0,0,-1
german,mlp,63,residence_since,relative_plus_10,0.1,3.0,3.3,0.42519995561469526,0.4182650896867492,-0.006934865927946066,0.006934865927946066,0,0,0,-1
german,mlp,64,residence_since,relative_plus_10,0.1,2.0,2.2,0.3902998055499012,0.39037864136868333,7.883581878215251e-05,7.883581878215251e-05,0,0,0,-1
german,mlp,65,residence_since,relative_plus_10,0.1,3.0,3.3,0.22708278958567477,0.22410652373666587,-0.0029762658490088967,0.0029762658490088967,0,0,0,-1
german,mlp,66,residence_since,relative_plus_10,0.1,4.0,4.4,0.43863287851091937,0.43456415263457665,-0.004068725876342716,0.004068725876342716,0,0,0,-1
german,mlp,67,residence_since,relative_plus_10,0.1,2.0,2.2,0.6061115695108918,0.6096259427465219,0.003514373235630086,0.003514373235630086,1,1,0,-1
german,mlp,68,residence_since,relative_plus_10,0.1,4.0,4.4,0.367077678742253,0.3720246884370827,0.004947009694829696,0.004947009694829696,0,0,0,-1
german,mlp,69,residence_since,relative_plus_10,0.1,2.0,2.2,0.4207072819437597,0.4216660521486294,0.0009587702048696745,0.0009587702048696745,0,0,0,-1
german,mlp,70,residence_since,relative_plus_10,0.1,2.0,2.2,0.35120868452508525,0.3552482405309391,0.004039556005853873,0.004039556005853873,0,0,0,-1
german,mlp,71,residence_since,relative_plus_10,0.1,4.0,4.4,0.2326481332416817,0.23616729607705944,0.0035191628353777316,0.0035191628353777316,0,0,0,-1
german,mlp,72,residence_since,relative_plus_10,0.1,2.0,2.2,0.17579921113180116,0.17878485751419554,0.0029856463823943746,0.0029856463823943746,0,0,0,-1
german,mlp,73,residence_since,relative_plus_10,0.1,4.0,4.4,0.22932773566828754,0.22943867662560125,0.00011094095731370435,0.00011094095731370435,0,0,0,-1
german,mlp,74,residence_since,relative_plus_10,0.1,3.0,3.3,0.21586888817903582,0.21858880227608207,0.00271991409704625,0.00271991409704625,0,0,0,-1
german,mlp,75,residence_since,relative_plus_10,0.1,4.0,4.4,0.4423554762861602,0.43581468334696155,-0.006540792939198625,0.006540792939198625,0,0,0,-1
german,mlp,76,residence_since,relative_plus_10,0.1,4.0,4.4,0.32507530002633894,0.32679112651790826,0.0017158264915693167,0.0017158264915693167,0,0,0,-1
german,mlp,77,residence_since,relative_plus_10,0.1,4.0,4.4,0.3010734026184118,0.298929600148606,-0.0021438024698058333,0.0021438024698058333,0,0,0,-1
german,mlp,78,residence_since,relative_plus_10,0.1,2.0,2.2,0.24763530518832041,0.24685589333850463,-0.0007794118498157809,0.0007794118498157809,0,0,0,-1
german,mlp,79,residence_since,relative_plus_10,0.1,4.0,4.4,0.4172248844520669,0.4266870927292021,0.009462208277135176,0.009462208277135176,0,0,0,-1
german,mlp,80,residence_since,relative_plus_10,0.1,4.0,4.4,0.284838415529233,0.28006026980613735,-0.00477814572309565,0.00477814572309565,0,0,0,-1
german,mlp,81,residence_since,relative_plus_10,0.1,2.0,2.2,0.17349396284028698,0.17580209365555396,0.0023081308152669844,0.0023081308152669844,0,0,0,-1
german,mlp,82,residence_since,relative_plus_10,0.1,4.0,4.4,0.39424334337811145,0.3795012753701208,-0.01474206800799066,0.01474206800799066,0,0,0,-1
german,mlp,83,residence_since,relative_plus_10,0.1,2.0,2.2,0.367820580992647,0.3630890317880545,-0.004731549204592456,0.004731549204592456,0,0,0,-1
german,mlp,84,residence_since,relative_plus_10,0.1,4.0,4.4,0.3448230799863803,0.35277902428933017,0.00795594430294988,0.00795594430294988,0,0,0,-1
german,mlp,85,residence_since,relative_plus_10,0.1,3.0,3.3,0.2444924421566889,0.2431162556816318,-0.0013761864750570785,0.0013761864750570785,0,0,0,-1
german,mlp,86,residence_since,relative_plus_10,0.1,2.0,2.2,0.29800204425166227,0.30052543552097255,0.0025233912693102822,0.0025233912693102822,0,0,0,-1
german,mlp,87,residence_since,relative_plus_10,0.1,3.0,3.3,0.4966269950842168,0.4993295493998874,0.002702554315670569,0.002702554315670569,0,0,0,-1
german,mlp,88,residence_since,relative_plus_10,0.1,2.0,2.2,0.23144707170933512,0.23217158583063402,0.000724514121298897,0.000724514121298897,0,0,0,-1
german,mlp,89,residence_since,relative_plus_10,0.1,4.0,4.4,0.6400407350476786,0.6402255040102385,0.00018476896255992248,0.00018476896255992248,1,1,0,-1
german,mlp,90,residence_since,relative_plus_10,0.1,4.0,4.4,0.4822416863981328,0.48385582873919797,0.0016141423410651612,0.0016141423410651612,0,0,0,-1
german,mlp,91,residence_since,relative_plus_10,0.1,4.0,4.4,0.40143078123405807,0.3984220452939143,-0.0030087359401437808,0.0030087359401437808,0,0,0,-1
german,mlp,92,residence_since,relative_plus_10,0.1,4.0,4.4,0.44359454779618673,0.45099819671429847,0.007403648918111738,0.007403648918111738,0,0,0,-1
german,mlp,93,residence_since,relative_plus_10,0.1,4.0,4.4,0.3046662796706493,0.3035214252372085,-0.0011448544334408117,0.0011448544334408117,0,0,0,-1
german,mlp,94,residence_since,relative_plus_10,0.1,2.0,2.2,0.12739534911392703,0.1255928070758123,-0.001802542038114724,0.001802542038114724,0,0,0,-1
german,mlp,95,residence_since,relative_plus_10,0.1,3.0,3.3,0.15522877788983463,0.15494035833259617,-0.0002884195572384618,0.0002884195572384618,0,0,0,-1
german,mlp,96,residence_since,relative_plus_10,0.1,4.0,4.4,0.36442913704527324,0.3568246311735531,-0.007604505871720124,0.007604505871720124,0,0,0,-1
german,mlp,97,residence_since,relative_plus_10,0.1,3.0,3.3,0.25451466263318945,0.2536387417723728,-0.0008759208608166702,0.0008759208608166702,0,0,0,-1
german,mlp,98,residence_since,relative_plus_10,0.1,3.0,3.3,0.6586898441318234,0.6624915864128527,0.0038017422810292523,0.0038017422810292523,1,1,0,-1
german,mlp,99,residence_since,relative_plus_10,0.1,2.0,2.2,0.24855132238008826,0.24691650790255848,-0.001634814477529778,0.001634814477529778,0,0,0,-1
german,mlp,0,age,relative_minus_5,-0.05,37.0,38.85,0.2868824306481333,0.2817736576518602,-0.005108772996273103,0.005108772996273103,0,0,0,-1
german,mlp,1,age,relative_minus_5,-0.05,28.0,29.4,0.4198976318717018,0.42039926767399904,0.0005016358022972289,0.0005016358022972289,0,0,0,-1
german,mlp,2,age,relative_minus_5,-0.05,40.0,42.0,0.26258346992117976,0.26013448228158675,-0.0024489876395930033,0.0024489876395930033,0,0,0,-1
german,mlp,3,age,relative_minus_5,-0.05,39.0,40.95,0.1802774281890517,0.1744923346813925,-0.005785093507659211,0.005785093507659211,0,0,0,-1
german,mlp,4,age,relative_minus_5,-0.05,42.0,44.1,0.1819840520060159,0.18384676644973533,0.0018627144437194376,0.0018627144437194376,0,0,0,-1
german,mlp,5,age,relative_minus_5,-0.05,74.0,77.7,0.2043107705535393,0.20066486721429383,-0.003645903339245471,0.003645903339245471,0,0,0,-1
german,mlp,6,age,relative_minus_5,-0.05,38.0,39.9,0.24145627495089156,0.24237937202824225,0.000923097077350693,0.000923097077350693,0,0,0,-1
german,mlp,7,age,relative_minus_5,-0.05,28.0,29.4,0.361249588683193,0.3594327453149657,-0.0018168433682272944,0.0018168433682272944,0,0,0,-1
german,mlp,8,age,relative_minus_5,-0.05,42.0,44.1,0.29833305974606383,0.3000774964873727,0.0017444367413088635,0.0017444367413088635,0,0,0,-1
german,mlp,9,age,relative_minus_5,-0.05,23.0,24.15,0.4084749758946331,0.4073427544013654,-0.0011322214932676933,0.0011322214932676933,0,0,0,-1
german,mlp,10,age,relative_minus_5,-0.05,48.0,50.4,0.1978244007482361,0.1998453565790527,0.002020955830816601,0.002020955830816601,0,0,0,-1
german,mlp,11,age,relative_minus_5,-0.05,29.0,30.45,0.4490305536205001,0.44389079679705035,-0.005139756823449748,0.005139756823449748,0,0,0,-1
german,mlp,12,age,relative_minus_5,-0.05,29.0,30.45,0.3380754225555931,0.33677041761310383,-0.0013050049424892518,0.0013050049424892518,0,0,0,-1
german,mlp,13,age,relative_minus_5,-0.05,24.0,25.2,0.3226170260018927,0.32229300691758506,-0.00032401908430762516,0.00032401908430762516,0,0,0,-1
german,mlp,14,age,relative_minus_5,-0.05,44.0,46.2,0.1607190907005708,0.15939820920920317,-0.001320881491367637,0.001320881491367637,0,0,0,-1
german,mlp,15,age,relative_minus_5,-0.05,29.0,30.45,0.2991772357699808,0.2988117464654009,-0.00036548930457991347,0.00036548930457991347,0,0,0,-1
german,mlp,16,age,relative_minus_5,-0.05,42.0,44.1,0.07569409040610586,0.074636522395567,-0.0010575680105388563,0.0010575680105388563,0,0,0,-1
german,mlp,17,age,relative_minus_5,-0.05,26.0,27.3,0.320382999871944,0.32060559565688856,0.0002225957849445459,0.0002225957849445459,0,0,0,-1
german,mlp,18,age,relative_minus_5,-0.05,26.0,27.3,0.21792612201370706,0.21763016577154132,-0.0002959562421657458,0.0002959562421657458,0,0,0,-1
german,mlp,19,age,relative_minus_5,-0.05,33.0,34.65,0.5132077646135412,0.5119683682139406,-0.0012393963996005786,0.0012393963996005786,1,1,0,-1
german,mlp,20,age,relative_minus_5,-0.05,51.0,53.55,0.16826818543871874,0.16251314678741907,-0.005755038651299671,0.005755038651299671,0,0,0,-1
german,mlp,21,age,relative_minus_5,-0.05,36.0,37.8,0.18871648712224667,0.18789268247650845,-0.0008238046457382242,0.0008238046457382242,0,0,0,-1
german,mlp,22,age,relative_minus_5,-0.05,35.0,36.75,0.2340361932873373,0.23612554769628308,0.0020893544089457816,0.0020893544089457816,0,0,0,-1
german,mlp,23,age,relative_minus_5,-0.05,40.0,42.0,0.49953972896498505,0.5001476294202756,0.0006079004552905221,0.0006079004552905221,0,1,1,-1
german,mlp,24,age,relative_minus_5,-0.05,29.0,30.45,0.3945250994274686,0.3906504696167085,-0.0038746298107600885,0.0038746298107600885,0,0,0,-1
german,mlp,25,age,relative_minus_5,-0.05,28.0,29.4,0.1999714289423839,0.2000561510658378,8.472212345389529e-05,8.472212345389529e-05,0,0,0,-1
german,mlp,26,age,relative_minus_5,-0.05,24.0,25.2,0.2622371730736121,0.2615503597389399,-0.0006868133346721872,0.0006868133346721872,0,0,0,-1
german,mlp,27,age,relative_minus_5,-0.05,26.0,27.3,0.40187252116986394,0.39969811152771045,-0.0021744096421534853,0.0021744096421534853,0,0,0,-1
german,mlp,28,age,relative_minus_5,-0.05,24.0,25.2,0.21975633548972673,0.21881004979826563,-0.0009462856914611018,0.0009462856914611018,0,0,0,-1
german,mlp,29,age,relative_minus_5,-0.05,23.0,24.15,0.28996688444799096,0.2861327473602345,-0.003834137087756484,0.003834137087756484,0,0,0,-1
german,mlp,30,age,relative_minus_5,-0.05,46.0,48.3,0.5843997058285129,0.5782201375984621,-0.006179568230050725,0.006179568230050725,1,1,0,-1
german,mlp,31,age,relative_minus_5,-0.05,22.0,23.1,0.42703271675750654,0.4273361677262657,0.0003034509687591669,0.0003034509687591669,0,0,0,-1
german,mlp,32,age,relative_minus_5,-0.05,36.0,37.8,0.06159397700408669,0.06098937546234873,-0.0006046015417379633,0.0006046015417379633,0,0,0,-1
german,mlp,33,age,relative_minus_5,-0.05,22.0,23.1,0.2452309775841329,0.2426151725278739,-0.0026158050562589963,0.0026158050562589963,0,0,0,-1
german,mlp,34,age,relative_minus_5,-0.05,30.0,31.5,0.5123814318058395,0.5158686357587228,0.0034872039528832666,0.0034872039528832666,1,1,0,-1
german,mlp,35,age,relative_minus_5,-0.05,33.0,34.65,0.4040062504090185,0.4086942454952124,0.004687995086193886,0.004687995086193886,0,0,0,-1
german,mlp,36,age,relative_minus_5,-0.05,31.0,32.55,0.39041320626672604,0.392234972902581,0.0018217666358549822,0.0018217666358549822,0,0,0,-1
german,mlp,37,age,relative_minus_5,-0.05,33.0,34.65,0.3668266156268264,0.36675005880517014,-7.655682165624844e-05,7.655682165624844e-05,0,0,0,-1
german,mlp,38,age,relative_minus_5,-0.05,42.0,44.1,0.399240031305948,0.4020172750369619,0.002777243731013901,0.002777243731013901,0,0,0,-1
german,mlp,39,age,relative_minus_5,-0.05,41.0,43.05,0.31310442539427324,0.30930091981758784,-0.0038035055766854065,0.0038035055766854065,0,0,0,-1
german,mlp,40,age,relative_minus_5,-0.05,27.0,28.35,0.3333594981968233,0.33637530734154975,0.0030158091447264335,0.0030158091447264335,0,0,0,-1
german,mlp,41,age,relative_minus_5,-0.05,26.0,27.3,0.3016974078180434,0.303369917795554,0.0016725099775106167,0.0016725099775106167,0,0,0,-1
german,mlp,42,age,relative_minus_5,-0.05,24.0,25.2,0.3967842920357588,0.3965498647234758,-0.00023442731228301428,0.00023442731228301428,0,0,0,-1
german,mlp,43,age,relative_minus_5,-0.05,24.0,25.2,0.2191377203672374,0.22036730902099955,0.0012295886537621592,0.0012295886537621592,0,0,0,-1
german,mlp,44,age,relative_minus_5,-0.05,36.0,37.8,0.30746499417314455,0.3089704911964734,0.0015054970233288612,0.0015054970233288612,0,0,0,-1
german,mlp,45,age,relative_minus_5,-0.05,49.0,51.45,0.19417247812730504,0.19121933007094066,-0.002953148056364374,0.002953148056364374,0,0,0,-1
german,mlp,46,age,relative_minus_5,-0.05,47.0,49.35,0.19798688045008261,0.19365748854502515,-0.004329391905057461,0.004329391905057461,0,0,0,-1
german,mlp,47,age,relative_minus_5,-0.05,23.0,24.15,0.2718695537935461,0.2702713853418492,-0.001598168451696913,0.001598168451696913,0,0,0,-1
german,mlp,48,age,relative_minus_5,-0.05,63.0,66.15,0.1750165253584432,0.17214547003257777,-0.0028710553258654292,0.0028710553258654292,0,0,0,-1
german,mlp,49,age,relative_minus_5,-0.05,58.0,60.9,0.4588613965006128,0.4598710265664004,0.0010096300657875812,0.0010096300657875812,0,0,0,-1
german,mlp,50,age,relative_minus_5,-0.05,35.0,36.75,0.25833505988114175,0.25459822363182305,-0.003736836249318698,0.003736836249318698,0,0,0,-1
german,mlp,51,age,relative_minus_5,-0.05,37.0,38.85,0.23994228781447036,0.24257935062600167,0.00263706281153131,0.00263706281153131,0,0,0,-1
german,mlp,52,age,relative_minus_5,-0.05,31.0,32.55,0.25197598703294255,0.25131419731714266,-0.0006617897157998875,0.0006617897157998875,0,0,0,-1
german,mlp,53,age,relative_minus_5,-0.05,32.0,33.6,0.24562077738290533,0.2429850747744315,-0.0026357026084738444,0.0026357026084738444,0,0,0,-1
german,mlp,54,age,relative_minus_5,-0.05,28.0,29.4,0.18732343132224302,0.1851442025367577,-0.002179228785485321,0.002179228785485321,0,0,0,-1
german,mlp,55,age,relative_minus_5,-0.05,21.0,22.05,0.3754380929776099,0.3732639543808213,-0.0021741385967886107,0.0021741385967886107,0,0,0,-1
german,mlp,56,age,relative_minus_5,-0.05,47.0,49.35,0.33683635847007065,0.3369415609960909,0.00010520252602025382,0.00010520252602025382,0,0,0,-1
german,mlp,57,age,relative_minus_5,-0.05,29.0,30.45,0.4247782060955582,0.42489187575735404,0.00011366966179582327,0.00011366966179582327,0,0,0,-1
german,mlp,58,age,relative_minus_5,-0.05,50.0,52.5,0.20020788889953503,0.19864238277405596,-0.0015655061254790659,0.0015655061254790659,0,0,0,-1
german,mlp,59,age,relative_minus_5,-0.05,51.0,53.55,0.5357836989632669,0.532802447714329,-0.0029812512489378884,0.0029812512489378884,1,1,0,-1
german,mlp,60,age,relative_minus_5,-0.05,29.0,30.45,0.33610005721370495,0.33446122603859313,-0.0016388311751118212,0.0016388311751118212,0,0,0,-1
german,mlp,61,age,relative_minus_5,-0.05,24.0,25.2,0.21555248127528462,0.2155072956324356,-4.518564284902715e-05,4.518564284902715e-05,0,0,0,-1
german,mlp,62,age,relative_minus_5,-0.05,30.0,31.5,0.26851517186260315,0.2644804083258624,-0.00403476353674076,0.00403476353674076,0,0,0,-1
german,mlp,63,age,relative_minus_5,-0.05,32.0,33.6,0.42519995561469526,0.42545856757749423,0.00025861196279897136,0.00025861196279897136,0,0,0,-1
german,mlp,64,age,relative_minus_5,-0.05,23.0,24.15,0.3902998055499012,0.3911069044831232,0.0008070989332220058,0.0008070989332220058,0,0,0,-1
german,mlp,65,age,relative_minus_5,-0.05,32.0,33.6,0.22708278958567477,0.2235528529331967,-0.003529936652478055,0.003529936652478055,0,0,0,-1
german,mlp,66,age,relative_minus_5,-0.05,54.0,56.7,0.43863287851091937,0.4393988144333501,0.0007659359224307383,0.0007659359224307383,0,0,0,-1
german,mlp,67,age,relative_minus_5,-0.05,26.0,27.3,0.6061115695108918,0.6080900953082936,0.0019785257974017645,0.0019785257974017645,1,1,0,-1
german,mlp,68,age,relative_minus_5,-0.05,43.0,45.15,0.367077678742253,0.37123308454446863,0.004155405802215628,0.004155405802215628,0,0,0,-1
german,mlp,69,age,relative_minus_5,-0.05,25.0,26.25,0.4207072819437597,0.41936258082662764,-0.0013447011171320855,0.0013447011171320855,0,0,0,-1
german,mlp,70,age,relative_minus_5,-0.05,26.0,27.3,0.35120868452508525,0.34653298085925927,-0.004675703665825981,0.004675703665825981,0,0,0,-1
german,mlp,71,age,relative_minus_5,-0.05,41.0,43.05,0.2326481332416817,0.23077173653723168,-0.0018763967044500285,0.0018763967044500285,0,0,0,-1
german,mlp,72,age,relative_minus_5,-0.05,31.0,32.55,0.17579921113180116,0.17556851405098384,-0.00023069708081732698,0.00023069708081732698,0,0,0,-1
german,mlp,73,age,relative_minus_5,-0.05,38.0,39.9,0.22932773566828754,0.22700246553771664,-0.0023252701305709056,0.0023252701305709056,0,0,0,-1
german,mlp,74,age,relative_minus_5,-0.05,29.0,30.45,0.21586888817903582,0.21513204103165953,-0.0007368471473762905,0.0007368471473762905,0,0,0,-1
german,mlp,75,age,relative_minus_5,-0.05,23.0,24.15,0.4423554762861602,0.4411538486651455,-0.001201627621014667,0.001201627621014667,0,0,0,-1
german,mlp,76,age,relative_minus_5,-0.05,57.0,59.85,0.32507530002633894,0.3255760718330786,0.0005007718067396305,0.0005007718067396305,0,0,0,-1
german,mlp,77,age,relative_minus_5,-0.05,60.0,63.0,0.3010734026184118,0.3014498125471124,0.0003764099287005829,0.0003764099287005829,0,0,0,-1
german,mlp,78,age,relative_minus_5,-0.05,33.0,34.65,0.24763530518832041,0.24459810460112683,-0.003037200587193589,0.003037200587193589,0,0,0,-1
german,mlp,79,age,relative_minus_5,-0.05,23.0,24.15,0.4172248844520669,0.4144971249190099,-0.0027277595330569837,0.0027277595330569837,0,0,0,-1
german,mlp,80,age,relative_minus_5,-0.05,21.0,22.05,0.284838415529233,0.283455613420411,-0.0013828021088220233,0.0013828021088220233,0,0,0,-1
german,mlp,81,age,relative_minus_5,-0.05,39.0,40.95,0.17349396284028698,0.1733097231196991,-0.00018423972058786986,0.00018423972058786986,0,0,0,-1
german,mlp,82,age,relative_minus_5,-0.05,23.0,24.15,0.39424334337811145,0.39355656499005115,-0.0006867783880603051,0.0006867783880603051,0,0,0,-1
german,mlp,83,age,relative_minus_5,-0.05,40.0,42.0,0.367820580992647,0.3740778151739247,0.0062572341812777155,0.0062572341812777155,0,0,0,-1
german,mlp,84,age,relative_minus_5,-0.05,37.0,38.85,0.3448230799863803,0.33927701411881034,-0.005546065867569949,0.005546065867569949,0,0,0,-1
german,mlp,85,age,relative_minus_5,-0.05,49.0,51.45,0.2444924421566889,0.2470583460674218,0.002565903910732914,0.002565903910732914,0,0,0,-1
german,mlp,86,age,relative_minus_5,-0.05,34.0,35.7,0.29800204425166227,0.2967900346447541,-0.0012120096069081487,0.0012120096069081487,0,0,0,-1
german,mlp,87,age,relative_minus_5,-0.05,30.0,31.5,0.4966269950842168,0.4940756171960579,-0.002551377888158901,0.002551377888158901,0,0,0,-1
german,mlp,88,age,relative_minus_5,-0.05,27.0,28.35,0.23144707170933512,0.23192727128933224,0.0004801995799971204,0.0004801995799971204,0,0,0,-1
german,mlp,89,age,relative_minus_5,-0.05,50.0,52.5,0.6400407350476786,0.6444940038977458,0.004453268850067249,0.004453268850067249,1,1,0,-1
german,mlp,90,age,relative_minus_5,-0.05,56.0,58.8,0.4822416863981328,0.47540519076442767,-0.006836495633705142,0.006836495633705142,0,0,0,-1
german,mlp,91,age,relative_minus_5,-0.05,55.0,57.75,0.40143078123405807,0.39616036739308697,-0.0052704138409711,0.0052704138409711,0,0,0,-1
german,mlp,92,age,relative_minus_5,-0.05,40.0,42.0,0.44359454779618673,0.44106461290159865,-0.0025299348945880817,0.0025299348945880817,0,0,0,-1
german,mlp,93,age,relative_minus_5,-0.05,23.0,24.15,0.3046662796706493,0.3037520633361925,-0.0009142163344568188,0.0009142163344568188,0,0,0,-1
german,mlp,94,age,relative_minus_5,-0.05,41.0,43.05,0.12739534911392703,0.1261487407002463,-0.0012466084136807387,0.0012466084136807387,0,0,0,-1
german,mlp,95,age,relative_minus_5,-0.05,41.0,43.05,0.15522877788983463,0.15379181325818,-0.0014369646316546303,0.0014369646316546303,0,0,0,-1
german,mlp,96,age,relative_minus_5,-0.05,26.0,27.3,0.36442913704527324,0.36656960925201665,0.0021404722067434045,0.0021404722067434045,0,0,0,-1
german,mlp,97,age,relative_minus_5,-0.05,48.0,50.4,0.25451466263318945,0.2592689196036857,0.004754256970496251,0.004754256970496251,0,0,0,-1
german,mlp,98,age,relative_minus_5,-0.05,27.0,28.35,0.6586898441318234,0.6598260667129449,0.0011362225811214488,0.0011362225811214488,1,1,0,-1
german,mlp,99,age,relative_minus_5,-0.05,61.0,64.05,0.24855132238008826,0.2422016388262565,-0.006349683553831753,0.006349683553831753,0,0,0,-1
german,mlp,0,age,relative_plus_5,0.05,37.0,38.85,0.2868824306481333,0.2817736576518602,-0.005108772996273103,0.005108772996273103,0,0,0,-1
german,mlp,1,age,relative_plus_5,0.05,28.0,29.4,0.4198976318717018,0.42039926767399904,0.0005016358022972289,0.0005016358022972289,0,0,0,-1
german,mlp,2,age,relative_plus_5,0.05,40.0,42.0,0.26258346992117976,0.26013448228158675,-0.0024489876395930033,0.0024489876395930033,0,0,0,-1
german,mlp,3,age,relative_plus_5,0.05,39.0,40.95,0.1802774281890517,0.1744923346813925,-0.005785093507659211,0.005785093507659211,0,0,0,-1
german,mlp,4,age,relative_plus_5,0.05,42.0,44.1,0.1819840520060159,0.18384676644973533,0.0018627144437194376,0.0018627144437194376,0,0,0,-1
german,mlp,5,age,relative_plus_5,0.05,74.0,77.7,0.2043107705535393,0.20066486721429383,-0.003645903339245471,0.003645903339245471,0,0,0,-1
german,mlp,6,age,relative_plus_5,0.05,38.0,39.9,0.24145627495089156,0.24237937202824225,0.000923097077350693,0.000923097077350693,0,0,0,-1
german,mlp,7,age,relative_plus_5,0.05,28.0,29.4,0.361249588683193,0.3594327453149657,-0.0018168433682272944,0.0018168433682272944,0,0,0,-1
german,mlp,8,age,relative_plus_5,0.05,42.0,44.1,0.29833305974606383,0.3000774964873727,0.0017444367413088635,0.0017444367413088635,0,0,0,-1
german,mlp,9,age,relative_plus_5,0.05,23.0,24.15,0.4084749758946331,0.4073427544013654,-0.0011322214932676933,0.0011322214932676933,0,0,0,-1
german,mlp,10,age,relative_plus_5,0.05,48.0,50.4,0.1978244007482361,0.1998453565790527,0.002020955830816601,0.002020955830816601,0,0,0,-1
german,mlp,11,age,relative_plus_5,0.05,29.0,30.45,0.4490305536205001,0.44389079679705035,-0.005139756823449748,0.005139756823449748,0,0,0,-1
german,mlp,12,age,relative_plus_5,0.05,29.0,30.45,0.3380754225555931,0.33677041761310383,-0.0013050049424892518,0.0013050049424892518,0,0,0,-1
german,mlp,13,age,relative_plus_5,0.05,24.0,25.2,0.3226170260018927,0.32229300691758506,-0.00032401908430762516,0.00032401908430762516,0,0,0,-1
german,mlp,14,age,relative_plus_5,0.05,44.0,46.2,0.1607190907005708,0.15939820920920317,-0.001320881491367637,0.001320881491367637,0,0,0,-1
german,mlp,15,age,relative_plus_5,0.05,29.0,30.45,0.2991772357699808,0.2988117464654009,-0.00036548930457991347,0.00036548930457991347,0,0,0,-1
german,mlp,16,age,relative_plus_5,0.05,42.0,44.1,0.07569409040610586,0.074636522395567,-0.0010575680105388563,0.0010575680105388563,0,0,0,-1
german,mlp,17,age,relative_plus_5,0.05,26.0,27.3,0.320382999871944,0.32060559565688856,0.0002225957849445459,0.0002225957849445459,0,0,0,-1
german,mlp,18,age,relative_plus_5,0.05,26.0,27.3,0.21792612201370706,0.21763016577154132,-0.0002959562421657458,0.0002959562421657458,0,0,0,-1
german,mlp,19,age,relative_plus_5,0.05,33.0,34.65,0.5132077646135412,0.5119683682139406,-0.0012393963996005786,0.0012393963996005786,1,1,0,-1
german,mlp,20,age,relative_plus_5,0.05,51.0,53.55,0.16826818543871874,0.16251314678741907,-0.005755038651299671,0.005755038651299671,0,0,0,-1
german,mlp,21,age,relative_plus_5,0.05,36.0,37.8,0.18871648712224667,0.18789268247650845,-0.0008238046457382242,0.0008238046457382242,0,0,0,-1
german,mlp,22,age,relative_plus_5,0.05,35.0,36.75,0.2340361932873373,0.23612554769628308,0.0020893544089457816,0.0020893544089457816,0,0,0,-1
german,mlp,23,age,relative_plus_5,0.05,40.0,42.0,0.49953972896498505,0.5001476294202756,0.0006079004552905221,0.0006079004552905221,0,1,1,-1
german,mlp,24,age,relative_plus_5,0.05,29.0,30.45,0.3945250994274686,0.3906504696167085,-0.0038746298107600885,0.0038746298107600885,0,0,0,-1
german,mlp,25,age,relative_plus_5,0.05,28.0,29.4,0.1999714289423839,0.2000561510658378,8.472212345389529e-05,8.472212345389529e-05,0,0,0,-1
german,mlp,26,age,relative_plus_5,0.05,24.0,25.2,0.2622371730736121,0.2615503597389399,-0.0006868133346721872,0.0006868133346721872,0,0,0,-1
german,mlp,27,age,relative_plus_5,0.05,26.0,27.3,0.40187252116986394,0.39969811152771045,-0.0021744096421534853,0.0021744096421534853,0,0,0,-1
german,mlp,28,age,relative_plus_5,0.05,24.0,25.2,0.21975633548972673,0.21881004979826563,-0.0009462856914611018,0.0009462856914611018,0,0,0,-1
german,mlp,29,age,relative_plus_5,0.05,23.0,24.15,0.28996688444799096,0.2861327473602345,-0.003834137087756484,0.003834137087756484,0,0,0,-1
german,mlp,30,age,relative_plus_5,0.05,46.0,48.3,0.5843997058285129,0.5782201375984621,-0.006179568230050725,0.006179568230050725,1,1,0,-1
german,mlp,31,age,relative_plus_5,0.05,22.0,23.1,0.42703271675750654,0.4273361677262657,0.0003034509687591669,0.0003034509687591669,0,0,0,-1
german,mlp,32,age,relative_plus_5,0.05,36.0,37.8,0.06159397700408669,0.06098937546234873,-0.0006046015417379633,0.0006046015417379633,0,0,0,-1
german,mlp,33,age,relative_plus_5,0.05,22.0,23.1,0.2452309775841329,0.2426151725278739,-0.0026158050562589963,0.0026158050562589963,0,0,0,-1
german,mlp,34,age,relative_plus_5,0.05,30.0,31.5,0.5123814318058395,0.5158686357587228,0.0034872039528832666,0.0034872039528832666,1,1,0,-1
german,mlp,35,age,relative_plus_5,0.05,33.0,34.65,0.4040062504090185,0.4086942454952124,0.004687995086193886,0.004687995086193886,0,0,0,-1
german,mlp,36,age,relative_plus_5,0.05,31.0,32.55,0.39041320626672604,0.392234972902581,0.0018217666358549822,0.0018217666358549822,0,0,0,-1
german,mlp,37,age,relative_plus_5,0.05,33.0,34.65,0.3668266156268264,0.36675005880517014,-7.655682165624844e-05,7.655682165624844e-05,0,0,0,-1
german,mlp,38,age,relative_plus_5,0.05,42.0,44.1,0.399240031305948,0.4020172750369619,0.002777243731013901,0.002777243731013901,0,0,0,-1
german,mlp,39,age,relative_plus_5,0.05,41.0,43.05,0.31310442539427324,0.30930091981758784,-0.0038035055766854065,0.0038035055766854065,0,0,0,-1
german,mlp,40,age,relative_plus_5,0.05,27.0,28.35,0.3333594981968233,0.33637530734154975,0.0030158091447264335,0.0030158091447264335,0,0,0,-1
german,mlp,41,age,relative_plus_5,0.05,26.0,27.3,0.3016974078180434,0.303369917795554,0.0016725099775106167,0.0016725099775106167,0,0,0,-1
german,mlp,42,age,relative_plus_5,0.05,24.0,25.2,0.3967842920357588,0.3965498647234758,-0.00023442731228301428,0.00023442731228301428,0,0,0,-1
german,mlp,43,age,relative_plus_5,0.05,24.0,25.2,0.2191377203672374,0.22036730902099955,0.0012295886537621592,0.0012295886537621592,0,0,0,-1
german,mlp,44,age,relative_plus_5,0.05,36.0,37.8,0.30746499417314455,0.3089704911964734,0.0015054970233288612,0.0015054970233288612,0,0,0,-1
german,mlp,45,age,relative_plus_5,0.05,49.0,51.45,0.19417247812730504,0.19121933007094066,-0.002953148056364374,0.002953148056364374,0,0,0,-1
german,mlp,46,age,relative_plus_5,0.05,47.0,49.35,0.19798688045008261,0.19365748854502515,-0.004329391905057461,0.004329391905057461,0,0,0,-1
german,mlp,47,age,relative_plus_5,0.05,23.0,24.15,0.2718695537935461,0.2702713853418492,-0.001598168451696913,0.001598168451696913,0,0,0,-1
german,mlp,48,age,relative_plus_5,0.05,63.0,66.15,0.1750165253584432,0.17214547003257777,-0.0028710553258654292,0.0028710553258654292,0,0,0,-1
german,mlp,49,age,relative_plus_5,0.05,58.0,60.9,0.4588613965006128,0.4598710265664004,0.0010096300657875812,0.0010096300657875812,0,0,0,-1
german,mlp,50,age,relative_plus_5,0.05,35.0,36.75,0.25833505988114175,0.25459822363182305,-0.003736836249318698,0.003736836249318698,0,0,0,-1
german,mlp,51,age,relative_plus_5,0.05,37.0,38.85,0.23994228781447036,0.24257935062600167,0.00263706281153131,0.00263706281153131,0,0,0,-1
german,mlp,52,age,relative_plus_5,0.05,31.0,32.55,0.25197598703294255,0.25131419731714266,-0.0006617897157998875,0.0006617897157998875,0,0,0,-1
german,mlp,53,age,relative_plus_5,0.05,32.0,33.6,0.24562077738290533,0.2429850747744315,-0.0026357026084738444,0.0026357026084738444,0,0,0,-1
german,mlp,54,age,relative_plus_5,0.05,28.0,29.4,0.18732343132224302,0.1851442025367577,-0.002179228785485321,0.002179228785485321,0,0,0,-1
german,mlp,55,age,relative_plus_5,0.05,21.0,22.05,0.3754380929776099,0.3732639543808213,-0.0021741385967886107,0.0021741385967886107,0,0,0,-1
german,mlp,56,age,relative_plus_5,0.05,47.0,49.35,0.33683635847007065,0.3369415609960909,0.00010520252602025382,0.00010520252602025382,0,0,0,-1
german,mlp,57,age,relative_plus_5,0.05,29.0,30.45,0.4247782060955582,0.42489187575735404,0.00011366966179582327,0.00011366966179582327,0,0,0,-1
german,mlp,58,age,relative_plus_5,0.05,50.0,52.5,0.20020788889953503,0.19864238277405596,-0.0015655061254790659,0.0015655061254790659,0,0,0,-1
german,mlp,59,age,relative_plus_5,0.05,51.0,53.55,0.5357836989632669,0.532802447714329,-0.0029812512489378884,0.0029812512489378884,1,1,0,-1
german,mlp,60,age,relative_plus_5,0.05,29.0,30.45,0.33610005721370495,0.33446122603859313,-0.0016388311751118212,0.0016388311751118212,0,0,0,-1
german,mlp,61,age,relative_plus_5,0.05,24.0,25.2,0.21555248127528462,0.2155072956324356,-4.518564284902715e-05,4.518564284902715e-05,0,0,0,-1
german,mlp,62,age,relative_plus_5,0.05,30.0,31.5,0.26851517186260315,0.2644804083258624,-0.00403476353674076,0.00403476353674076,0,0,0,-1
german,mlp,63,age,relative_plus_5,0.05,32.0,33.6,0.42519995561469526,0.42545856757749423,0.00025861196279897136,0.00025861196279897136,0,0,0,-1
german,mlp,64,age,relative_plus_5,0.05,23.0,24.15,0.3902998055499012,0.3911069044831232,0.0008070989332220058,0.0008070989332220058,0,0,0,-1
german,mlp,65,age,relative_plus_5,0.05,32.0,33.6,0.22708278958567477,0.2235528529331967,-0.003529936652478055,0.003529936652478055,0,0,0,-1
german,mlp,66,age,relative_plus_5,0.05,54.0,56.7,0.43863287851091937,0.4393988144333501,0.0007659359224307383,0.0007659359224307383,0,0,0,-1
german,mlp,67,age,relative_plus_5,0.05,26.0,27.3,0.6061115695108918,0.6080900953082936,0.0019785257974017645,0.0019785257974017645,1,1,0,-1
german,mlp,68,age,relative_plus_5,0.05,43.0,45.15,0.367077678742253,0.37123308454446863,0.004155405802215628,0.004155405802215628,0,0,0,-1
german,mlp,69,age,relative_plus_5,0.05,25.0,26.25,0.4207072819437597,0.41936258082662764,-0.0013447011171320855,0.0013447011171320855,0,0,0,-1
german,mlp,70,age,relative_plus_5,0.05,26.0,27.3,0.35120868452508525,0.34653298085925927,-0.004675703665825981,0.004675703665825981,0,0,0,-1
german,mlp,71,age,relative_plus_5,0.05,41.0,43.05,0.2326481332416817,0.23077173653723168,-0.0018763967044500285,0.0018763967044500285,0,0,0,-1
german,mlp,72,age,relative_plus_5,0.05,31.0,32.55,0.17579921113180116,0.17556851405098384,-0.00023069708081732698,0.00023069708081732698,0,0,0,-1
german,mlp,73,age,relative_plus_5,0.05,38.0,39.9,0.22932773566828754,0.22700246553771664,-0.0023252701305709056,0.0023252701305709056,0,0,0,-1
german,mlp,74,age,relative_plus_5,0.05,29.0,30.45,0.21586888817903582,0.21513204103165953,-0.0007368471473762905,0.0007368471473762905,0,0,0,-1
german,mlp,75,age,relative_plus_5,0.05,23.0,24.15,0.4423554762861602,0.4411538486651455,-0.001201627621014667,0.001201627621014667,0,0,0,-1
german,mlp,76,age,relative_plus_5,0.05,57.0,59.85,0.32507530002633894,0.3255760718330786,0.0005007718067396305,0.0005007718067396305,0,0,0,-1
german,mlp,77,age,relative_plus_5,0.05,60.0,63.0,0.3010734026184118,0.3014498125471124,0.0003764099287005829,0.0003764099287005829,0,0,0,-1
german,mlp,78,age,relative_plus_5,0.05,33.0,34.65,0.24763530518832041,0.24459810460112683,-0.003037200587193589,0.003037200587193589,0,0,0,-1
german,mlp,79,age,relative_plus_5,0.05,23.0,24.15,0.4172248844520669,0.4144971249190099,-0.0027277595330569837,0.0027277595330569837,0,0,0,-1
german,mlp,80,age,relative_plus_5,0.05,21.0,22.05,0.284838415529233,0.283455613420411,-0.0013828021088220233,0.0013828021088220233,0,0,0,-1
german,mlp,81,age,relative_plus_5,0.05,39.0,40.95,0.17349396284028698,0.1733097231196991,-0.00018423972058786986,0.00018423972058786986,0,0,0,-1
german,mlp,82,age,relative_plus_5,0.05,23.0,24.15,0.39424334337811145,0.39355656499005115,-0.0006867783880603051,0.0006867783880603051,0,0,0,-1
german,mlp,83,age,relative_plus_5,0.05,40.0,42.0,0.367820580992647,0.3740778151739247,0.0062572341812777155,0.0062572341812777155,0,0,0,-1
german,mlp,84,age,relative_plus_5,0.05,37.0,38.85,0.3448230799863803,0.33927701411881034,-0.005546065867569949,0.005546065867569949,0,0,0,-1
german,mlp,85,age,relative_plus_5,0.05,49.0,51.45,0.2444924421566889,0.2470583460674218,0.002565903910732914,0.002565903910732914,0,0,0,-1
german,mlp,86,age,relative_plus_5,0.05,34.0,35.7,0.29800204425166227,0.2967900346447541,-0.0012120096069081487,0.0012120096069081487,0,0,0,-1
german,mlp,87,age,relative_plus_5,0.05,30.0,31.5,0.4966269950842168,0.4940756171960579,-0.002551377888158901,0.002551377888158901,0,0,0,-1
german,mlp,88,age,relative_plus_5,0.05,27.0,28.35,0.23144707170933512,0.23192727128933224,0.0004801995799971204,0.0004801995799971204,0,0,0,-1
german,mlp,89,age,relative_plus_5,0.05,50.0,52.5,0.6400407350476786,0.6444940038977458,0.004453268850067249,0.004453268850067249,1,1,0,-1
german,mlp,90,age,relative_plus_5,0.05,56.0,58.8,0.4822416863981328,0.47540519076442767,-0.006836495633705142,0.006836495633705142,0,0,0,-1
german,mlp,91,age,relative_plus_5,0.05,55.0,57.75,0.40143078123405807,0.39616036739308697,-0.0052704138409711,0.0052704138409711,0,0,0,-1
german,mlp,92,age,relative_plus_5,0.05,40.0,42.0,0.44359454779618673,0.44106461290159865,-0.0025299348945880817,0.0025299348945880817,0,0,0,-1
german,mlp,93,age,relative_plus_5,0.05,23.0,24.15,0.3046662796706493,0.3037520633361925,-0.0009142163344568188,0.0009142163344568188,0,0,0,-1
german,mlp,94,age,relative_plus_5,0.05,41.0,43.05,0.12739534911392703,0.1261487407002463,-0.0012466084136807387,0.0012466084136807387,0,0,0,-1
german,mlp,95,age,relative_plus_5,0.05,41.0,43.05,0.15522877788983463,0.15379181325818,-0.0014369646316546303,0.0014369646316546303,0,0,0,-1
german,mlp,96,age,relative_plus_5,0.05,26.0,27.3,0.36442913704527324,0.36656960925201665,0.0021404722067434045,0.0021404722067434045,0,0,0,-1
german,mlp,97,age,relative_plus_5,0.05,48.0,50.4,0.25451466263318945,0.2592689196036857,0.004754256970496251,0.004754256970496251,0,0,0,-1
german,mlp,98,age,relative_plus_5,0.05,27.0,28.35,0.6586898441318234,0.6598260667129449,0.0011362225811214488,0.0011362225811214488,1,1,0,-1
german,mlp,99,age,relative_plus_5,0.05,61.0,64.05,0.24855132238008826,0.2422016388262565,-0.006349683553831753,0.006349683553831753,0,0,0,-1
german,mlp,0,age,relative_minus_10,-0.1,37.0,40.7,0.2868824306481333,0.27672006300824775,-0.010162367639885539,0.010162367639885539,0,0,0,-1
german,mlp,1,age,relative_minus_10,-0.1,28.0,30.8,0.4198976318717018,0.42086534137454035,0.0009677095028385319,0.0009677095028385319,0,0,0,-1
german,mlp,2,age,relative_minus_10,-0.1,40.0,44.0,0.26258346992117976,0.2576073278851615,-0.004976142036018261,0.004976142036018261,0,0,0,-1
german,mlp,3,age,relative_minus_10,-0.1,39.0,42.9,0.1802774281890517,0.16903501939312152,-0.011242408795930192,0.011242408795930192,0,0,0,-1
german,mlp,4,age,relative_minus_10,-0.1,42.0,46.2,0.1819840520060159,0.18572421809301157,0.0037401660869956777,0.0037401660869956777,0,0,0,-1
german,mlp,5,age,relative_minus_10,-0.1,74.0,81.4,0.2043107705535393,0.19581029151066998,-0.008500479042869324,0.008500479042869324,0,0,0,-1
german,mlp,6,age,relative_minus_10,-0.1,38.0,41.8,0.24145627495089156,0.24259237858204108,0.001136103631149521,0.001136103631149521,0,0,0,-1
german,mlp,7,age,relative_minus_10,-0.1,28.0,30.8,0.361249588683193,0.35717986687648773,-0.004069721806705284,0.004069721806705284,0,0,0,-1
german,mlp,8,age,relative_minus_10,-0.1,42.0,46.2,0.29833305974606383,0.3023577471202141,0.004024687374150293,0.004024687374150293,0,0,0,-1
german,mlp,9,age,relative_minus_10,-0.1,23.0,25.3,0.4084749758946331,0.40619508514174985,-0.0022798907528832624,0.0022798907528832624,0,0,0,-1
german,mlp,10,age,relative_minus_10,-0.1,48.0,52.8,0.1978244007482361,0.20188176240055808,0.0040573616523219835,0.0040573616523219835,0,0,0,-1
german,mlp,11,age,relative_minus_10,-0.1,29.0,31.9,0.4490305536205001,0.43880951673513163,-0.010221036885368462,0.010221036885368462,0,0,0,-1
german,mlp,12,age,relative_minus_10,-0.1,29.0,31.9,0.3380754225555931,0.3356704191808037,-0.002405003374789383,0.002405003374789383,0,0,0,-1
german,mlp,13,age,relative_minus_10,-0.1,24.0,26.4,0.3226170260018927,0.32196915858060937,-0.0006478674212833102,0.0006478674212833102,0,0,0,-1
german,mlp,14,age,relative_minus_10,-0.1,44.0,48.4,0.1607190907005708,0.1580746288121708,-0.002644461888400007,0.002644461888400007,0,0,0,-1
german,mlp,15,age,relative_minus_10,-0.1,29.0,31.9,0.2991772357699808,0.2982598722371219,-0.0009173635328588725,0.0009173635328588725,0,0,0,-1
german,mlp,16,age,relative_minus_10,-0.1,42.0,46.2,0.07569409040610586,0.073487514719493,-0.002206575686612866,0.002206575686612866,0,0,0,-1
german,mlp,17,age,relative_minus_10,-0.1,26.0,28.6,0.320382999871944,0.32082647884411447,0.0004434789721704524,0.0004434789721704524,0,0,0,-1
german,mlp,18,age,relative_minus_10,-0.1,26.0,28.6,0.21792612201370706,0.21701612850285273,-0.0009099935108543289,0.0009099935108543289,0,0,0,-1
german,mlp,19,age,relative_minus_10,-0.1,33.0,36.3,0.5132077646135412,0.5107288246353335,-0.002478939978207695,0.002478939978207695,1,1,0,-1
german,mlp,20,age,relative_minus_10,-0.1,51.0,56.1,0.16826818543871874,0.15671158644607652,-0.01155659899264222,0.01155659899264222,0,0,0,-1
german,mlp,21,age,relative_minus_10,-0.1,36.0,39.6,0.18871648712224667,0.18707164475968108,-0.0016448423625655961,0.0016448423625655961,0,0,0,-1
german,mlp,22,age,relative_minus_10,-0.1,35.0,38.5,0.2340361932873373,0.23822775348383468,0.004191560196497385,0.004191560196497385,0,0,0,-1
german,mlp,23,age,relative_minus_10,-0.1,40.0,44.0,0.49953972896498505,0.500817366796978,0.0012776378319929171,0.0012776378319929171,0,1,1,-1
german,mlp,24,age,relative_minus_10,-0.1,29.0,31.9,0.3945250994274686,0.38624920472677865,-0.008275894700689956,0.008275894700689956,0,0,0,-1
german,mlp,25,age,relative_minus_10,-0.1,28.0,30.8,0.1999714289423839,0.20014090010402952,0.00016947116164561793,0.00016947116164561793,0,0,0,-1
german,mlp,26,age,relative_minus_10,-0.1,24.0,26.4,0.2622371730736121,0.26093531786508517,-0.0013018552085269364,0.0013018552085269364,0,0,0,-1
german,mlp,27,age,relative_minus_10,-0.1,26.0,28.6,0.40187252116986394,0.3980410935695303,-0.0038314276003336145,0.0038314276003336145,0,0,0,-1
german,mlp,28,age,relative_minus_10,-0.1,24.0,26.4,0.21975633548972673,0.21790404445438402,-0.001852291035342707,0.001852291035342707,0,0,0,-1
german,mlp,29,age,relative_minus_10,-0.1,23.0,25.3,0.28996688444799096,0.2825805597172634,-0.007386324730727534,0.007386324730727534,0,0,0,-1
german,mlp,30,age,relative_minus_10,-0.1,46.0,50.6,0.5843997058285129,0.5718385650499794,-0.01256114077853343,0.01256114077853343,1,1,0,-1
german,mlp,31,age,relative_minus_10,-0.1,22.0,24.2,0.42703271675750654,0.42750058622444914,0.00046786946694260534,0.00046786946694260534,0,0,0,-1
german,mlp,32,age,relative_minus_10,-0.1,36.0,39.6,0.06159397700408669,0.06039032671697894,-0.0012036502871077479,0.0012036502871077479,0,0,0,-1
german,mlp,33,age,relative_minus_10,-0.1,22.0,24.2,0.2452309775841329,0.2399769494100762,-0.005254028174056707,0.005254028174056707,0,0,0,-1
german,mlp,34,age,relative_minus_10,-0.1,30.0,33.0,0.5123814318058395,0.5193542950635983,0.00697286325775881,0.00697286325775881,1,1,0,-1
german,mlp,35,age,relative_minus_10,-0.1,33.0,36.3,0.4040062504090185,0.4134523311626452,0.009446080753626684,0.009446080753626684,0,0,0,-1
german,mlp,36,age,relative_minus_10,-0.1,31.0,34.1,0.39041320626672604,0.3931591274993521,0.0027459212326260696,0.0027459212326260696,0,0,0,-1
german,mlp,37,age,relative_minus_10,-0.1,33.0,36.3,0.3668266156268264,0.3662538415145207,-0.0005727741123057184,0.0005727741123057184,0,0,0,-1
german,mlp,38,age,relative_minus_10,-0.1,42.0,46.2,0.399240031305948,0.403141038273294,0.0039010069673460213,0.0039010069673460213,0,0,0,-1
german,mlp,39,age,relative_minus_10,-0.1,41.0,45.1,0.31310442539427324,0.3055492194832848,-0.007555205910988461,0.007555205910988461,0,0,0,-1
german,mlp,40,age,relative_minus_10,-0.1,27.0,29.7,0.3333594981968233,0.3394045090661078,0.006045010869284495,0.006045010869284495,0,0,0,-1
german,mlp,41,age,relative_minus_10,-0.1,26.0,28.6,0.3016974078180434,0.30504764928640205,0.003350241468358661,0.003350241468358661,0,0,0,-1
german,mlp,42,age,relative_minus_10,-0.1,24.0,26.4,0.3967842920357588,0.3960838516665859,-0.0007004403691729388,0.0007004403691729388,0,0,0,-1
german,mlp,43,age,relative_minus_10,-0.1,24.0,26.4,0.2191377203672374,0.22160183898601252,0.0024641186187751296,0.0024641186187751296,0,0,0,-1
german,mlp,44,age,relative_minus_10,-0.1,36.0,39.6,0.30746499417314455,0.31048005497683395,0.0030150608036894067,0.0030150608036894067,0,0,0,-1
german,mlp,45,age,relative_minus_10,-0.1,49.0,53.9,0.19417247812730504,0.18874065194766093,-0.005431826179644106,0.005431826179644106,0,0,0,-1
german,mlp,46,age,relative_minus_10,-0.1,47.0,51.7,0.19798688045008261,0.18940041056228302,-0.008586469887799597,0.008586469887799597,0,0,0,-1
german,mlp,47,age,relative_minus_10,-0.1,23.0,25.3,0.2718695537935461,0.26953989821223545,-0.0023296555813106523,0.0023296555813106523,0,0,0,-1
german,mlp,48,age,relative_minus_10,-0.1,63.0,69.3,0.1750165253584432,0.16975184007047053,-0.005264685287972665,0.005264685287972665,0,0,0,-1
german,mlp,49,age,relative_minus_10,-0.1,58.0,63.8,0.4588613965006128,0.46088098610590367,0.0020195896052908613,0.0020195896052908613,0,0,0,-1
german,mlp,50,age,relative_minus_10,-0.1,35.0,38.5,0.25833505988114175,0.2515914948041861,-0.006743565076955671,0.006743565076955671,0,0,0,-1
german,mlp,51,age,relative_minus_10,-0.1,37.0,40.7,0.23994228781447036,0.24523604452689732,0.005293756712426961,0.005293756712426961,0,0,0,-1
german,mlp,52,age,relative_minus_10,-0.1,31.0,34.1,0.25197598703294255,0.24968173285658843,-0.0022942541763541213,0.0022942541763541213,0,0,0,-1
german,mlp,53,age,relative_minus_10,-0.1,32.0,35.2,0.24562077738290533,0.24036864342327846,-0.00525213395962687,0.00525213395962687,0,0,0,-1
german,mlp,54,age,relative_minus_10,-0.1,28.0,30.8,0.18732343132224302,0.18300337490701124,-0.004320056415231782,0.004320056415231782,0,0,0,-1
german,mlp,55,age,relative_minus_10,-0.1,21.0,23.1,0.3754380929776099,0.3710949253265529,-0.004343167651056967,0.004343167651056967,0,0,0,-1
german,mlp,56,age,relative_minus_10,-0.1,47.0,51.7,0.33683635847007065,0.33639858997425576,-0.0004377684958148942,0.0004377684958148942,0,0,0,-1
german,mlp,57,age,relative_minus_10,-0.1,29.0,31.9,0.4247782060955582,0.42500555336258716,0.00022734726702894337,0.00022734726702894337,0,0,0,-1
german,mlp,58,age,relative_minus_10,-0.1,50.0,55.0,0.20020788889953503,0.197086101444392,-0.0031217874551430214,0.0031217874551430214,0,0,0,-1
german,mlp,59,age,relative_minus_10,-0.1,51.0,56.1,0.5357836989632669,0.5299686780946772,-0.00581502086858976,0.00581502086858976,1,1,0,-1
german,mlp,60,age,relative_minus_10,-0.1,29.0,31.9,0.33610005721370495,0.3328263798028573,-0.003273677410847664,0.003273677410847664,0,0,0,-1
german,mlp,61,age,relative_minus_10,-0.1,24.0,26.4,0.21555248127528462,0.21543742216120104,-0.00011505911408357661,0.00011505911408357661,0,0,0,-1
german,mlp,62,age,relative_minus_10,-0.1,30.0,33.0,0.26851517186260315,0.26048306704134255,-0.0080321048212606,0.0080321048212606,0,0,0,-1
german,mlp,63,age,relative_minus_10,-0.1,32.0,35.2,0.42519995561469526,0.4251535492306155,-4.640638407976683e-05,4.640638407976683e-05,0,0,0,-1
german,mlp,64,age,relative_minus_10,-0.1,23.0,25.3,0.3902998055499012,0.3919545292275938,0.0016547236776925933,0.0016547236776925933,0,0,0,-1
german,mlp,65,age,relative_minus_10,-0.1,32.0,35.2,0.22708278958567477,0.22006216521800426,-0.007020624367670508,0.007020624367670508,0,0,0,-1
german,mlp,66,age,relative_minus_10,-0.1,54.0,59.4,0.43863287851091937,0.4401393076703865,0.0015064291594671375,0.0015064291594671375,0,0,0,-1
german,mlp,67,age,relative_minus_10,-0.1,26.0,28.6,0.6061115695108918,0.6100650765124098,0.003953507001517975,0.003953507001517975,1,1,0,-1
german,mlp,68,age,relative_minus_10,-0.1,43.0,47.3,0.367077678742253,0.3753240555972901,0.008246376855037096,0.008246376855037096,0,0,0,-1
german,mlp,69,age,relative_minus_10,-0.1,25.0,27.5,0.4207072819437597,0.41802733741307807,-0.002679944530681655,0.002679944530681655,0,0,0,-1
german,mlp,70,age,relative_minus_10,-0.1,26.0,28.6,0.35120868452508525,0.3410907478405885,-0.010117936684496731,0.010117936684496731,0,0,0,-1
german,mlp,71,age,relative_minus_10,-0.1,41.0,45.1,0.2326481332416817,0.22881566179213056,-0.0038324714495511503,0.0038324714495511503,0,0,0,-1
german,mlp,72,age,relative_minus_10,-0.1,31.0,34.1,0.17579921113180116,0.1755296869098651,-0.00026952422193607384,0.00026952422193607384,0,0,0,-1
german,mlp,73,age,relative_minus_10,-0.1,38.0,41.8,0.22932773566828754,0.22505833512291706,-0.0042694005453704775,0.0042694005453704775,0,0,0,-1
german,mlp,74,age,relative_minus_10,-0.1,29.0,31.9,0.21586888817903582,0.21399957288547275,-0.001869315293563073,0.001869315293563073,0,0,0,-1
german,mlp,75,age,relative_minus_10,-0.1,23.0,25.3,0.4423554762861602,0.4399261192894932,-0.002429356996666965,0.002429356996666965,0,0,0,-1
german,mlp,76,age,relative_minus_10,-0.1,57.0,62.7,0.32507530002633894,0.32551243772991056,0.00043713770357162174,0.00043713770357162174,0,0,0,-1
german,mlp,77,age,relative_minus_10,-0.1,60.0,66.0,0.3010734026184118,0.3018355601858904,0.0007621575674786052,0.0007621575674786052,0,0,0,-1
german,mlp,78,age,relative_minus_10,-0.1,33.0,36.3,0.24763530518832041,0.24162643741931566,-0.00600886776900475,0.00600886776900475,0,0,0,-1
german,mlp,79,age,relative_minus_10,-0.1,23.0,25.3,0.4172248844520669,0.4117745982371656,-0.00545028621490129,0.00545028621490129,0,0,0,-1
german,mlp,80,age,relative_minus_10,-0.1,21.0,23.1,0.284838415529233,0.2821232332368937,-0.002715182292339302,0.002715182292339302,0,0,0,-1
german,mlp,81,age,relative_minus_10,-0.1,39.0,42.9,0.17349396284028698,0.17341793565013736,-7.602719014962456e-05,7.602719014962456e-05,0,0,0,-1
german,mlp,82,age,relative_minus_10,-0.1,23.0,25.3,0.39424334337811145,0.39293894904437543,-0.0013043943337360253,0.0013043943337360253,0,0,0,-1
german,mlp,83,age,relative_minus_10,-0.1,40.0,44.0,0.367820580992647,0.3784593757627156,0.010638794770068627,0.010638794770068627,0,0,0,-1
german,mlp,84,age,relative_minus_10,-0.1,37.0,40.7,0.3448230799863803,0.33302043230537054,-0.011802647681009748,0.011802647681009748,0,0,0,-1
german,mlp,85,age,relative_minus_10,-0.1,49.0,53.9,0.2444924421566889,0.24915543353471864,0.004662991378029752,0.004662991378029752,0,0,0,-1
german,mlp,86,age,relative_minus_10,-0.1,34.0,37.4,0.29800204425166227,0.29567148399079096,-0.002330560260871306,0.002330560260871306,0,0,0,-1
german,mlp,87,age,relative_minus_10,-0.1,30.0,33.0,0.4966269950842168,0.4911854104170328,-0.0054415846671840296,0.0054415846671840296,0,0,0,-1
german,mlp,88,age,relative_minus_10,-0.1,27.0,29.7,0.23144707170933512,0.23240816589388286,0.0009610941845477339,0.0009610941845477339,0,0,0,-1
german,mlp,89,age,relative_minus_10,-0.1,50.0,55.0,0.6400407350476786,0.6469976509951384,0.006956915947459841,0.006956915947459841,1,1,0,-1
german,mlp,90,age,relative_minus_10,-0.1,56.0,61.6,0.4822416863981328,0.46296943672287116,-0.019272249675261643,0.019272249675261643,0,0,0,-1
german,mlp,91,age,relative_minus_10,-0.1,55.0,60.5,0.40143078123405807,0.39055514723892215,-0.010875633995135914,0.010875633995135914,0,0,0,-1
german,mlp,92,age,relative_minus_10,-0.1,40.0,44.0,0.44359454779618673,0.4384909348917013,-0.005103612904485411,0.005103612904485411,0,0,0,-1
german,mlp,93,age,relative_minus_10,-0.1,23.0,25.3,0.3046662796706493,0.30283939551045236,-0.0018268841601969399,0.0018268841601969399,0,0,0,-1
german,mlp,94,age,relative_minus_10,-0.1,41.0,45.1,0.12739534911392703,0.12491258458456596,-0.0024827645293610673,0.0024827645293610673,0,0,0,-1
german,mlp,95,age,relative_minus_10,-0.1,41.0,45.1,0.15522877788983463,0.15265199344734362,-0.0025767844424910147,0.0025767844424910147,0,0,0,-1
german,mlp,96,age,relative_minus_10,-0.1,26.0,28.6,0.36442913704527324,0.36883545232400083,0.0044063152787275905,0.0044063152787275905,0,0,0,-1
german,mlp,97,age,relative_minus_10,-0.1,48.0,52.8,0.25451466263318945,0.26175014208610164,0.007235479452912197,0.007235479452912197,0,0,0,-1
german,mlp,98,age,relative_minus_10,-0.1,27.0,29.7,0.6586898441318234,0.660960453720617,0.0022706095887935485,0.0022706095887935485,1,1,0,-1
german,mlp,99,age,relative_minus_10,-0.1,61.0,67.1,0.24855132238008826,0.23609321663510885,-0.012458105744979409,0.012458105744979409,0,0,0,-1
german,mlp,0,age,relative_plus_10,0.1,37.0,40.7,0.2868824306481333,0.27672006300824775,-0.010162367639885539,0.010162367639885539,0,0,0,-1
german,mlp,1,age,relative_plus_10,0.1,28.0,30.8,0.4198976318717018,0.42086534137454035,0.0009677095028385319,0.0009677095028385319,0,0,0,-1
german,mlp,2,age,relative_plus_10,0.1,40.0,44.0,0.26258346992117976,0.2576073278851615,-0.004976142036018261,0.004976142036018261,0,0,0,-1
german,mlp,3,age,relative_plus_10,0.1,39.0,42.9,0.1802774281890517,0.16903501939312152,-0.011242408795930192,0.011242408795930192,0,0,0,-1
german,mlp,4,age,relative_plus_10,0.1,42.0,46.2,0.1819840520060159,0.18572421809301157,0.0037401660869956777,0.0037401660869956777,0,0,0,-1
german,mlp,5,age,relative_plus_10,0.1,74.0,81.4,0.2043107705535393,0.19581029151066998,-0.008500479042869324,0.008500479042869324,0,0,0,-1
german,mlp,6,age,relative_plus_10,0.1,38.0,41.8,0.24145627495089156,0.24259237858204108,0.001136103631149521,0.001136103631149521,0,0,0,-1
german,mlp,7,age,relative_plus_10,0.1,28.0,30.8,0.361249588683193,0.35717986687648773,-0.004069721806705284,0.004069721806705284,0,0,0,-1
german,mlp,8,age,relative_plus_10,0.1,42.0,46.2,0.29833305974606383,0.3023577471202141,0.004024687374150293,0.004024687374150293,0,0,0,-1
german,mlp,9,age,relative_plus_10,0.1,23.0,25.3,0.4084749758946331,0.40619508514174985,-0.0022798907528832624,0.0022798907528832624,0,0,0,-1
german,mlp,10,age,relative_plus_10,0.1,48.0,52.8,0.1978244007482361,0.20188176240055808,0.0040573616523219835,0.0040573616523219835,0,0,0,-1
german,mlp,11,age,relative_plus_10,0.1,29.0,31.9,0.4490305536205001,0.43880951673513163,-0.010221036885368462,0.010221036885368462,0,0,0,-1
german,mlp,12,age,relative_plus_10,0.1,29.0,31.9,0.3380754225555931,0.3356704191808037,-0.002405003374789383,0.002405003374789383,0,0,0,-1
german,mlp,13,age,relative_plus_10,0.1,24.0,26.4,0.3226170260018927,0.32196915858060937,-0.0006478674212833102,0.0006478674212833102,0,0,0,-1
german,mlp,14,age,relative_plus_10,0.1,44.0,48.4,0.1607190907005708,0.1580746288121708,-0.002644461888400007,0.002644461888400007,0,0,0,-1
german,mlp,15,age,relative_plus_10,0.1,29.0,31.9,0.2991772357699808,0.2982598722371219,-0.0009173635328588725,0.0009173635328588725,0,0,0,-1
german,mlp,16,age,relative_plus_10,0.1,42.0,46.2,0.07569409040610586,0.073487514719493,-0.002206575686612866,0.002206575686612866,0,0,0,-1
german,mlp,17,age,relative_plus_10,0.1,26.0,28.6,0.320382999871944,0.32082647884411447,0.0004434789721704524,0.0004434789721704524,0,0,0,-1
german,mlp,18,age,relative_plus_10,0.1,26.0,28.6,0.21792612201370706,0.21701612850285273,-0.0009099935108543289,0.0009099935108543289,0,0,0,-1
german,mlp,19,age,relative_plus_10,0.1,33.0,36.3,0.5132077646135412,0.5107288246353335,-0.002478939978207695,0.002478939978207695,1,1,0,-1
german,mlp,20,age,relative_plus_10,0.1,51.0,56.1,0.16826818543871874,0.15671158644607652,-0.01155659899264222,0.01155659899264222,0,0,0,-1
german,mlp,21,age,relative_plus_10,0.1,36.0,39.6,0.18871648712224667,0.18707164475968108,-0.0016448423625655961,0.0016448423625655961,0,0,0,-1
german,mlp,22,age,relative_plus_10,0.1,35.0,38.5,0.2340361932873373,0.23822775348383468,0.004191560196497385,0.004191560196497385,0,0,0,-1
german,mlp,23,age,relative_plus_10,0.1,40.0,44.0,0.49953972896498505,0.500817366796978,0.0012776378319929171,0.0012776378319929171,0,1,1,-1
german,mlp,24,age,relative_plus_10,0.1,29.0,31.9,0.3945250994274686,0.38624920472677865,-0.008275894700689956,0.008275894700689956,0,0,0,-1
german,mlp,25,age,relative_plus_10,0.1,28.0,30.8,0.1999714289423839,0.20014090010402952,0.00016947116164561793,0.00016947116164561793,0,0,0,-1
german,mlp,26,age,relative_plus_10,0.1,24.0,26.4,0.2622371730736121,0.26093531786508517,-0.0013018552085269364,0.0013018552085269364,0,0,0,-1
german,mlp,27,age,relative_plus_10,0.1,26.0,28.6,0.40187252116986394,0.3980410935695303,-0.0038314276003336145,0.0038314276003336145,0,0,0,-1
german,mlp,28,age,relative_plus_10,0.1,24.0,26.4,0.21975633548972673,0.21790404445438402,-0.001852291035342707,0.001852291035342707,0,0,0,-1
german,mlp,29,age,relative_plus_10,0.1,23.0,25.3,0.28996688444799096,0.2825805597172634,-0.007386324730727534,0.007386324730727534,0,0,0,-1
german,mlp,30,age,relative_plus_10,0.1,46.0,50.6,0.5843997058285129,0.5718385650499794,-0.01256114077853343,0.01256114077853343,1,1,0,-1
german,mlp,31,age,relative_plus_10,0.1,22.0,24.2,0.42703271675750654,0.42750058622444914,0.00046786946694260534,0.00046786946694260534,0,0,0,-1
german,mlp,32,age,relative_plus_10,0.1,36.0,39.6,0.06159397700408669,0.06039032671697894,-0.0012036502871077479,0.0012036502871077479,0,0,0,-1
german,mlp,33,age,relative_plus_10,0.1,22.0,24.2,0.2452309775841329,0.2399769494100762,-0.005254028174056707,0.005254028174056707,0,0,0,-1
german,mlp,34,age,relative_plus_10,0.1,30.0,33.0,0.5123814318058395,0.5193542950635983,0.00697286325775881,0.00697286325775881,1,1,0,-1
german,mlp,35,age,relative_plus_10,0.1,33.0,36.3,0.4040062504090185,0.4134523311626452,0.009446080753626684,0.009446080753626684,0,0,0,-1
german,mlp,36,age,relative_plus_10,0.1,31.0,34.1,0.39041320626672604,0.3931591274993521,0.0027459212326260696,0.0027459212326260696,0,0,0,-1
german,mlp,37,age,relative_plus_10,0.1,33.0,36.3,0.3668266156268264,0.3662538415145207,-0.0005727741123057184,0.0005727741123057184,0,0,0,-1
german,mlp,38,age,relative_plus_10,0.1,42.0,46.2,0.399240031305948,0.403141038273294,0.0039010069673460213,0.0039010069673460213,0,0,0,-1
german,mlp,39,age,relative_plus_10,0.1,41.0,45.1,0.31310442539427324,0.3055492194832848,-0.007555205910988461,0.007555205910988461,0,0,0,-1
german,mlp,40,age,relative_plus_10,0.1,27.0,29.7,0.3333594981968233,0.3394045090661078,0.006045010869284495,0.006045010869284495,0,0,0,-1
german,mlp,41,age,relative_plus_10,0.1,26.0,28.6,0.3016974078180434,0.30504764928640205,0.003350241468358661,0.003350241468358661,0,0,0,-1
german,mlp,42,age,relative_plus_10,0.1,24.0,26.4,0.3967842920357588,0.3960838516665859,-0.0007004403691729388,0.0007004403691729388,0,0,0,-1
german,mlp,43,age,relative_plus_10,0.1,24.0,26.4,0.2191377203672374,0.22160183898601252,0.0024641186187751296,0.0024641186187751296,0,0,0,-1
german,mlp,44,age,relative_plus_10,0.1,36.0,39.6,0.30746499417314455,0.31048005497683395,0.0030150608036894067,0.0030150608036894067,0,0,0,-1
german,mlp,45,age,relative_plus_10,0.1,49.0,53.9,0.19417247812730504,0.18874065194766093,-0.005431826179644106,0.005431826179644106,0,0,0,-1
german,mlp,46,age,relative_plus_10,0.1,47.0,51.7,0.19798688045008261,0.18940041056228302,-0.008586469887799597,0.008586469887799597,0,0,0,-1
german,mlp,47,age,relative_plus_10,0.1,23.0,25.3,0.2718695537935461,0.26953989821223545,-0.0023296555813106523,0.0023296555813106523,0,0,0,-1
german,mlp,48,age,relative_plus_10,0.1,63.0,69.3,0.1750165253584432,0.16975184007047053,-0.005264685287972665,0.005264685287972665,0,0,0,-1
german,mlp,49,age,relative_plus_10,0.1,58.0,63.8,0.4588613965006128,0.46088098610590367,0.0020195896052908613,0.0020195896052908613,0,0,0,-1
german,mlp,50,age,relative_plus_10,0.1,35.0,38.5,0.25833505988114175,0.2515914948041861,-0.006743565076955671,0.006743565076955671,0,0,0,-1
german,mlp,51,age,relative_plus_10,0.1,37.0,40.7,0.23994228781447036,0.24523604452689732,0.005293756712426961,0.005293756712426961,0,0,0,-1
german,mlp,52,age,relative_plus_10,0.1,31.0,34.1,0.25197598703294255,0.24968173285658843,-0.0022942541763541213,0.0022942541763541213,0,0,0,-1
german,mlp,53,age,relative_plus_10,0.1,32.0,35.2,0.24562077738290533,0.24036864342327846,-0.00525213395962687,0.00525213395962687,0,0,0,-1
german,mlp,54,age,relative_plus_10,0.1,28.0,30.8,0.18732343132224302,0.18300337490701124,-0.004320056415231782,0.004320056415231782,0,0,0,-1
german,mlp,55,age,relative_plus_10,0.1,21.0,23.1,0.3754380929776099,0.3710949253265529,-0.004343167651056967,0.004343167651056967,0,0,0,-1
german,mlp,56,age,relative_plus_10,0.1,47.0,51.7,0.33683635847007065,0.33639858997425576,-0.0004377684958148942,0.0004377684958148942,0,0,0,-1
german,mlp,57,age,relative_plus_10,0.1,29.0,31.9,0.4247782060955582,0.42500555336258716,0.00022734726702894337,0.00022734726702894337,0,0,0,-1
german,mlp,58,age,relative_plus_10,0.1,50.0,55.0,0.20020788889953503,0.197086101444392,-0.0031217874551430214,0.0031217874551430214,0,0,0,-1
german,mlp,59,age,relative_plus_10,0.1,51.0,56.1,0.5357836989632669,0.5299686780946772,-0.00581502086858976,0.00581502086858976,1,1,0,-1
german,mlp,60,age,relative_plus_10,0.1,29.0,31.9,0.33610005721370495,0.3328263798028573,-0.003273677410847664,0.003273677410847664,0,0,0,-1
german,mlp,61,age,relative_plus_10,0.1,24.0,26.4,0.21555248127528462,0.21543742216120104,-0.00011505911408357661,0.00011505911408357661,0,0,0,-1
german,mlp,62,age,relative_plus_10,0.1,30.0,33.0,0.26851517186260315,0.26048306704134255,-0.0080321048212606,0.0080321048212606,0,0,0,-1
german,mlp,63,age,relative_plus_10,0.1,32.0,35.2,0.42519995561469526,0.4251535492306155,-4.640638407976683e-05,4.640638407976683e-05,0,0,0,-1
german,mlp,64,age,relative_plus_10,0.1,23.0,25.3,0.3902998055499012,0.3919545292275938,0.0016547236776925933,0.0016547236776925933,0,0,0,-1
german,mlp,65,age,relative_plus_10,0.1,32.0,35.2,0.22708278958567477,0.22006216521800426,-0.007020624367670508,0.007020624367670508,0,0,0,-1
german,mlp,66,age,relative_plus_10,0.1,54.0,59.4,0.43863287851091937,0.4401393076703865,0.0015064291594671375,0.0015064291594671375,0,0,0,-1
german,mlp,67,age,relative_plus_10,0.1,26.0,28.6,0.6061115695108918,0.6100650765124098,0.003953507001517975,0.003953507001517975,1,1,0,-1
german,mlp,68,age,relative_plus_10,0.1,43.0,47.3,0.367077678742253,0.3753240555972901,0.008246376855037096,0.008246376855037096,0,0,0,-1
german,mlp,69,age,relative_plus_10,0.1,25.0,27.5,0.4207072819437597,0.41802733741307807,-0.002679944530681655,0.002679944530681655,0,0,0,-1
german,mlp,70,age,relative_plus_10,0.1,26.0,28.6,0.35120868452508525,0.3410907478405885,-0.010117936684496731,0.010117936684496731,0,0,0,-1
german,mlp,71,age,relative_plus_10,0.1,41.0,45.1,0.2326481332416817,0.22881566179213056,-0.0038324714495511503,0.0038324714495511503,0,0,0,-1
german,mlp,72,age,relative_plus_10,0.1,31.0,34.1,0.17579921113180116,0.1755296869098651,-0.00026952422193607384,0.00026952422193607384,0,0,0,-1
german,mlp,73,age,relative_plus_10,0.1,38.0,41.8,0.22932773566828754,0.22505833512291706,-0.0042694005453704775,0.0042694005453704775,0,0,0,-1
german,mlp,74,age,relative_plus_10,0.1,29.0,31.9,0.21586888817903582,0.21399957288547275,-0.001869315293563073,0.001869315293563073,0,0,0,-1
german,mlp,75,age,relative_plus_10,0.1,23.0,25.3,0.4423554762861602,0.4399261192894932,-0.002429356996666965,0.002429356996666965,0,0,0,-1
german,mlp,76,age,relative_plus_10,0.1,57.0,62.7,0.32507530002633894,0.32551243772991056,0.00043713770357162174,0.00043713770357162174,0,0,0,-1
german,mlp,77,age,relative_plus_10,0.1,60.0,66.0,0.3010734026184118,0.3018355601858904,0.0007621575674786052,0.0007621575674786052,0,0,0,-1
german,mlp,78,age,relative_plus_10,0.1,33.0,36.3,0.24763530518832041,0.24162643741931566,-0.00600886776900475,0.00600886776900475,0,0,0,-1
german,mlp,79,age,relative_plus_10,0.1,23.0,25.3,0.4172248844520669,0.4117745982371656,-0.00545028621490129,0.00545028621490129,0,0,0,-1
german,mlp,80,age,relative_plus_10,0.1,21.0,23.1,0.284838415529233,0.2821232332368937,-0.002715182292339302,0.002715182292339302,0,0,0,-1
german,mlp,81,age,relative_plus_10,0.1,39.0,42.9,0.17349396284028698,0.17341793565013736,-7.602719014962456e-05,7.602719014962456e-05,0,0,0,-1
german,mlp,82,age,relative_plus_10,0.1,23.0,25.3,0.39424334337811145,0.39293894904437543,-0.0013043943337360253,0.0013043943337360253,0,0,0,-1
german,mlp,83,age,relative_plus_10,0.1,40.0,44.0,0.367820580992647,0.3784593757627156,0.010638794770068627,0.010638794770068627,0,0,0,-1
german,mlp,84,age,relative_plus_10,0.1,37.0,40.7,0.3448230799863803,0.33302043230537054,-0.011802647681009748,0.011802647681009748,0,0,0,-1
german,mlp,85,age,relative_plus_10,0.1,49.0,53.9,0.2444924421566889,0.24915543353471864,0.004662991378029752,0.004662991378029752,0,0,0,-1
german,mlp,86,age,relative_plus_10,0.1,34.0,37.4,0.29800204425166227,0.29567148399079096,-0.002330560260871306,0.002330560260871306,0,0,0,-1
german,mlp,87,age,relative_plus_10,0.1,30.0,33.0,0.4966269950842168,0.4911854104170328,-0.0054415846671840296,0.0054415846671840296,0,0,0,-1
german,mlp,88,age,relative_plus_10,0.1,27.0,29.7,0.23144707170933512,0.23240816589388286,0.0009610941845477339,0.0009610941845477339,0,0,0,-1
german,mlp,89,age,relative_plus_10,0.1,50.0,55.0,0.6400407350476786,0.6469976509951384,0.006956915947459841,0.006956915947459841,1,1,0,-1
german,mlp,90,age,relative_plus_10,0.1,56.0,61.6,0.4822416863981328,0.46296943672287116,-0.019272249675261643,0.019272249675261643,0,0,0,-1
german,mlp,91,age,relative_plus_10,0.1,55.0,60.5,0.40143078123405807,0.39055514723892215,-0.010875633995135914,0.010875633995135914,0,0,0,-1
german,mlp,92,age,relative_plus_10,0.1,40.0,44.0,0.44359454779618673,0.4384909348917013,-0.005103612904485411,0.005103612904485411,0,0,0,-1
german,mlp,93,age,relative_plus_10,0.1,23.0,25.3,0.3046662796706493,0.30283939551045236,-0.0018268841601969399,0.0018268841601969399,0,0,0,-1
german,mlp,94,age,relative_plus_10,0.1,41.0,45.1,0.12739534911392703,0.12491258458456596,-0.0024827645293610673,0.0024827645293610673,0,0,0,-1
german,mlp,95,age,relative_plus_10,0.1,41.0,45.1,0.15522877788983463,0.15265199344734362,-0.0025767844424910147,0.0025767844424910147,0,0,0,-1
german,mlp,96,age,relative_plus_10,0.1,26.0,28.6,0.36442913704527324,0.36883545232400083,0.0044063152787275905,0.0044063152787275905,0,0,0,-1
german,mlp,97,age,relative_plus_10,0.1,48.0,52.8,0.25451466263318945,0.26175014208610164,0.007235479452912197,0.007235479452912197,0,0,0,-1
german,mlp,98,age,relative_plus_10,0.1,27.0,29.7,0.6586898441318234,0.660960453720617,0.0022706095887935485,0.0022706095887935485,1,1,0,-1
german,mlp,99,age,relative_plus_10,0.1,61.0,67.1,0.24855132238008826,0.23609321663510885,-0.012458105744979409,0.012458105744979409,0,0,0,-1
german,mlp,0,existing_credits,relative_minus_5,-0.05,1.0,1.05,0.2868824306481333,0.2874055854456604,0.0005231547975271256,0.0005231547975271256,0,0,0,-1
german,mlp,1,existing_credits,relative_minus_5,-0.05,1.0,1.05,0.4198976318717018,0.4234265172034441,0.003528885331742282,0.003528885331742282,0,0,0,-1
german,mlp,2,existing_credits,relative_minus_5,-0.05,2.0,2.1,0.26258346992117976,0.26448683353269153,0.001903363611511777,0.001903363611511777,0,0,0,-1
german,mlp,3,existing_credits,relative_minus_5,-0.05,1.0,1.05,0.1802774281890517,0.18275422100502317,0.0024767928159714625,0.0024767928159714625,0,0,0,-1
german,mlp,4,existing_credits,relative_minus_5,-0.05,3.0,3.15,0.1819840520060159,0.18742647499221043,0.005442422986194545,0.005442422986194545,0,0,0,-1
german,mlp,5,existing_credits,relative_minus_5,-0.05,1.0,1.05,0.2043107705535393,0.20582270336755,0.0015119328140106858,0.0015119328140106858,0,0,0,-1
german,mlp,6,existing_credits,relative_minus_5,-0.05,1.0,1.05,0.24145627495089156,0.24275987010845537,0.0013035951575638138,0.0013035951575638138,0,0,0,-1
german,mlp,7,existing_credits,relative_minus_5,-0.05,1.0,1.05,0.361249588683193,0.3603410498654859,-0.0009085388177071385,0.0009085388177071385,0,0,0,-1
german,mlp,8,existing_credits,relative_minus_5,-0.05,2.0,2.1,0.29833305974606383,0.2967343505507307,-0.0015987091953331145,0.0015987091953331145,0,0,0,-1
german,mlp,9,existing_credits,relative_minus_5,-0.05,1.0,1.05,0.4084749758946331,0.4082881971159503,-0.00018677877868278348,0.00018677877868278348,0,0,0,-1
german,mlp,10,existing_credits,relative_minus_5,-0.05,2.0,2.1,0.1978244007482361,0.1982512079170002,0.00042680716876411506,0.00042680716876411506,0,0,0,-1
german,mlp,11,existing_credits,relative_minus_5,-0.05,1.0,1.05,0.4490305536205001,0.4520351332318466,0.0030045796113464807,0.0030045796113464807,0,0,0,-1
german,mlp,12,existing_credits,relative_minus_5,-0.05,2.0,2.1,0.3380754225555931,0.33462909407402475,-0.0034463284815683393,0.0034463284815683393,0,0,0,-1
german,mlp,13,existing_credits,relative_minus_5,-0.05,1.0,1.05,0.3226170260018927,0.32277916951247504,0.00016214351058235765,0.00016214351058235765,0,0,0,-1
german,mlp,14,existing_credits,relative_minus_5,-0.05,1.0,1.05,0.1607190907005708,0.16084164035705575,0.0001225496564849493,0.0001225496564849493,0,0,0,-1
german,mlp,15,existing_credits,relative_minus_5,-0.05,1.0,1.05,0.2991772357699808,0.300268041267362,0.0010908054973812198,0.0010908054973812198,0,0,0,-1
german,mlp,16,existing_credits,relative_minus_5,-0.05,2.0,2.1,0.07569409040610586,0.0764296608162199,0.0007355704101140309,0.0007355704101140309,0,0,0,-1
german,mlp,17,existing_credits,relative_minus_5,-0.05,2.0,2.1,0.320382999871944,0.3206551385570241,0.0002721386850800811,0.0002721386850800811,0,0,0,-1
german,mlp,18,existing_credits,relative_minus_5,-0.05,2.0,2.1,0.21792612201370706,0.21953975004777648,0.0016136280340694198,0.0016136280340694198,0,0,0,-1
german,mlp,19,existing_credits,relative_minus_5,-0.05,1.0,1.05,0.5132077646135412,0.514535055520687,0.001327290907145784,0.001327290907145784,1,1,0,-1
german,mlp,20,existing_credits,relative_minus_5,-0.05,1.0,1.05,0.16826818543871874,0.17103406515588007,0.002765879717161329,0.002765879717161329,0,0,0,-1
german,mlp,21,existing_credits,relative_minus_5,-0.05,1.0,1.05,0.18871648712224667,0.1909763547742633,0.002259867652016634,0.002259867652016634,0,0,0,-1
german,mlp,22,existing_credits,relative_minus_5,-0.05,3.0,3.15,0.2340361932873373,0.234128714040738,9.252075340071553e-05,9.252075340071553e-05,0,0,0,-1
german,mlp,23,existing_credits,relative_minus_5,-0.05,1.0,1.05,0.49953972896498505,0.4979540896285406,-0.0015856393364444554,0.0015856393364444554,0,0,0,-1
german,mlp,24,existing_credits,relative_minus_5,-0.05,1.0,1.05,0.3945250994274686,0.39523599129467296,0.0007108918672043552,0.0007108918672043552,0,0,0,-1
german,mlp,25,existing_credits,relative_minus_5,-0.05,1.0,1.05,0.1999714289423839,0.19937718349421574,-0.0005942454481681625,0.0005942454481681625,0,0,0,-1
german,mlp,26,existing_credits,relative_minus_5,-0.05,2.0,2.1,0.2622371730736121,0.26807789337880084,0.005840720305188729,0.005840720305188729,0,0,0,-1
german,mlp,27,existing_credits,relative_minus_5,-0.05,1.0,1.05,0.40187252116986394,0.40421519520707433,0.0023426740372103905,0.0023426740372103905,0,0,0,-1
german,mlp,28,existing_credits,relative_minus_5,-0.05,2.0,2.1,0.21975633548972673,0.21847582542883615,-0.0012805100608905828,0.0012805100608905828,0,0,0,-1
german,mlp,29,existing_credits,relative_minus_5,-0.05,1.0,1.05,0.28996688444799096,0.293895988824587,0.003929104376596049,0.003929104376596049,0,0,0,-1
german,mlp,30,existing_credits,relative_minus_5,-0.05,1.0,1.05,0.5843997058285129,0.5874999631331267,0.0031002573046138293,0.0031002573046138293,1,1,0,-1
german,mlp,31,existing_credits,relative_minus_5,-0.05,1.0,1.05,0.42703271675750654,0.43262986578426443,0.005597149026757897,0.005597149026757897,0,0,0,-1
german,mlp,32,existing_credits,relative_minus_5,-0.05,1.0,1.05,0.06159397700408669,0.06221428781181134,0.00062031080772465,0.00062031080772465,0,0,0,-1
german,mlp,33,existing_credits,relative_minus_5,-0.05,1.0,1.05,0.2452309775841329,0.24843899538277103,0.0032080177986381353,0.0032080177986381353,0,0,0,-1
german,mlp,34,existing_credits,relative_minus_5,-0.05,1.0,1.05,0.5123814318058395,0.5135295697598509,0.0011481379540113634,0.0011481379540113634,1,1,0,-1
german,mlp,35,existing_credits,relative_minus_5,-0.05,1.0,1.05,0.4040062504090185,0.40457658421818044,0.0005703338091619381,0.0005703338091619381,0,0,0,-1
german,mlp,36,existing_credits,relative_minus_5,-0.05,1.0,1.05,0.39041320626672604,0.39251767297769835,0.002104466710972308,0.002104466710972308,0,0,0,-1
german,mlp,37,existing_credits,relative_minus_5,-0.05,2.0,2.1,0.3668266156268264,0.3620026823959803,-0.004823933230846067,0.004823933230846067,0,0,0,-1
german,mlp,38,existing_credits,relative_minus_5,-0.05,4.0,4.2,0.399240031305948,0.3959085423760852,-0.0033314889298627914,0.0033314889298627914,0,0,0,-1
german,mlp,39,existing_credits,relative_minus_5,-0.05,1.0,1.05,0.31310442539427324,0.31394729500793217,0.0008428696136589253,0.0008428696136589253,0,0,0,-1
german,mlp,40,existing_credits,relative_minus_5,-0.05,2.0,2.1,0.3333594981968233,0.33244668076519124,-0.0009128174316320736,0.0009128174316320736,0,0,0,-1
german,mlp,41,existing_credits,relative_minus_5,-0.05,1.0,1.05,0.3016974078180434,0.2999090719123386,-0.0017883359057047632,0.0017883359057047632,0,0,0,-1
german,mlp,42,existing_credits,relative_minus_5,-0.05,1.0,1.05,0.3967842920357588,0.3966234509255982,-0.00016084111016062552,0.00016084111016062552,0,0,0,-1
german,mlp,43,existing_credits,relative_minus_5,-0.05,1.0,1.05,0.2191377203672374,0.21991499397783656,0.0007772736105991773,0.0007772736105991773,0,0,0,-1
german,mlp,44,existing_credits,relative_minus_5,-0.05,1.0,1.05,0.30746499417314455,0.31033287745829424,0.002867883285149697,0.002867883285149697,0,0,0,-1
german,mlp,45,existing_credits,relative_minus_5,-0.05,1.0,1.05,0.19417247812730504,0.19624268397182035,0.0020702058445153104,0.0020702058445153104,0,0,0,-1
german,mlp,46,existing_credits,relative_minus_5,-0.05,1.0,1.05,0.19798688045008261,0.1980066218024652,1.974135238258512e-05,1.974135238258512e-05,0,0,0,-1
german,mlp,47,existing_credits,relative_minus_5,-0.05,2.0,2.1,0.2718695537935461,0.27132080570707645,-0.0005487480864696526,0.0005487480864696526,0,0,0,-1
german,mlp,48,existing_credits,relative_minus_5,-0.05,2.0,2.1,0.1750165253584432,0.17432443798324365,-0.000692087375199546,0.000692087375199546,0,0,0,-1
german,mlp,49,existing_credits,relative_minus_5,-0.05,1.0,1.05,0.4588613965006128,0.4598919764554125,0.0010305799547997152,0.0010305799547997152,0,0,0,-1
german,mlp,50,existing_credits,relative_minus_5,-0.05,1.0,1.05,0.25833505988114175,0.2613671481180178,0.0030320882368760627,0.0030320882368760627,0,0,0,-1
german,mlp,51,existing_credits,relative_minus_5,-0.05,1.0,1.05,0.23994228781447036,0.23972024687376156,-0.00022204094070879532,0.00022204094070879532,0,0,0,-1
german,mlp,52,existing_credits,relative_minus_5,-0.05,2.0,2.1,0.25197598703294255,0.2503179699547576,-0.0016580170781849701,0.0016580170781849701,0,0,0,-1
german,mlp,53,existing_credits,relative_minus_5,-0.05,1.0,1.05,0.24562077738290533,0.247591489795216,0.001970712412310671,0.001970712412310671,0,0,0,-1
german,mlp,54,existing_credits,relative_minus_5,-0.05,2.0,2.1,0.18732343132224302,0.1846240279221438,-0.0026994034000992206,0.0026994034000992206,0,0,0,-1
german,mlp,55,existing_credits,relative_minus_5,-0.05,1.0,1.05,0.3754380929776099,0.3769879207898202,0.0015498278122103026,0.0015498278122103026,0,0,0,-1
german,mlp,56,existing_credits,relative_minus_5,-0.05,2.0,2.1,0.33683635847007065,0.33704662512286193,0.00021026665279127998,0.00021026665279127998,0,0,0,-1
german,mlp,57,existing_credits,relative_minus_5,-0.05,1.0,1.05,0.4247782060955582,0.4233497616491698,-0.0014284444463883994,0.0014284444463883994,0,0,0,-1
german,mlp,58,existing_credits,relative_minus_5,-0.05,1.0,1.05,0.20020788889953503,0.20125334112995144,0.0010454522304164104,0.0010454522304164104,0,0,0,-1
german,mlp,59,existing_credits,relative_minus_5,-0.05,1.0,1.05,0.5357836989632669,0.5390773850502116,0.0032936860869446916,0.0032936860869446916,1,1,0,-1
german,mlp,60,existing_credits,relative_minus_5,-0.05,2.0,2.1,0.33610005721370495,0.33595227719806603,-0.00014778001563892085,0.00014778001563892085,0,0,0,-1
german,mlp,61,existing_credits,relative_minus_5,-0.05,2.0,2.1,0.21555248127528462,0.21930417322502482,0.0037516919497402046,0.0037516919497402046,0,0,0,-1
german,mlp,62,existing_credits,relative_minus_5,-0.05,1.0,1.05,0.26851517186260315,0.26874086325196134,0.00022569138935818467,0.00022569138935818467,0,0,0,-1
german,mlp,63,existing_credits,relative_minus_5,-0.05,1.0,1.05,0.42519995561469526,0.42554235144860314,0.00034239583390788253,0.00034239583390788253,0,0,0,-1
german,mlp,64,existing_credits,relative_minus_5,-0.05,1.0,1.05,0.3902998055499012,0.3893153536042001,-0.0009844519457010703,0.0009844519457010703,0,0,0,-1
german,mlp,65,existing_credits,relative_minus_5,-0.05,1.0,1.05,0.22708278958567477,0.22889996667104265,0.0018171770853678826,0.0018171770853678826,0,0,0,-1
german,mlp,66,existing_credits,relative_minus_5,-0.05,2.0,2.1,0.43863287851091937,0.4389708234008946,0.0003379448899752391,0.0003379448899752391,0,0,0,-1
german,mlp,67,existing_credits,relative_minus_5,-0.05,2.0,2.1,0.6061115695108918,0.6041329262667735,-0.001978643244118339,0.001978643244118339,1,1,0,-1
german,mlp,68,existing_credits,relative_minus_5,-0.05,4.0,4.2,0.367077678742253,0.36020437742390937,-0.0068733013183436276,0.0068733013183436276,0,0,0,-1
german,mlp,69,existing_credits,relative_minus_5,-0.05,1.0,1.05,0.4207072819437597,0.4194002934944726,-0.0013069884492871164,0.0013069884492871164,0,0,0,-1
german,mlp,70,existing_credits,relative_minus_5,-0.05,1.0,1.05,0.35120868452508525,0.35056837039262645,-0.0006403141324587969,0.0006403141324587969,0,0,0,-1
german,mlp,71,existing_credits,relative_minus_5,-0.05,1.0,1.05,0.2326481332416817,0.23280918905832312,0.00016105581664141444,0.00016105581664141444,0,0,0,-1
german,mlp,72,existing_credits,relative_minus_5,-0.05,1.0,1.05,0.17579921113180116,0.17569533420107314,-0.00010387693072802517,0.00010387693072802517,0,0,0,-1
german,mlp,73,existing_credits,relative_minus_5,-0.05,1.0,1.05,0.22932773566828754,0.2289097492517824,-0.000417986416505145,0.000417986416505145,0,0,0,-1
german,mlp,74,existing_credits,relative_minus_5,-0.05,2.0,2.1,0.21586888817903582,0.22309287795614194,0.007223989777106116,0.007223989777106116,0,0,0,-1
german,mlp,75,existing_credits,relative_minus_5,-0.05,1.0,1.05,0.4423554762861602,0.44243205946631803,7.658318015785204e-05,7.658318015785204e-05,0,0,0,-1
german,mlp,76,existing_credits,relative_minus_5,-0.05,3.0,3.15,0.32507530002633894,0.3279696708520143,0.002894370825675341,0.002894370825675341,0,0,0,-1
german,mlp,77,existing_credits,relative_minus_5,-0.05,2.0,2.1,0.3010734026184118,0.297204299222649,-0.0038691033957627963,0.0038691033957627963,0,0,0,-1
german,mlp,78,existing_credits,relative_minus_5,-0.05,1.0,1.05,0.24763530518832041,0.24772767294308,9.236775475959802e-05,9.236775475959802e-05,0,0,0,-1
german,mlp,79,existing_credits,relative_minus_5,-0.05,1.0,1.05,0.4172248844520669,0.41773093526873534,0.0005060508166684352,0.0005060508166684352,0,0,0,-1
german,mlp,80,existing_credits,relative_minus_5,-0.05,1.0,1.05,0.284838415529233,0.28382996997847576,-0.001008445550757242,0.001008445550757242,0,0,0,-1
german,mlp,81,existing_credits,relative_minus_5,-0.05,1.0,1.05,0.17349396284028698,0.17339092228237452,-0.00010304055791246491,0.00010304055791246491,0,0,0,-1
german,mlp,82,existing_credits,relative_minus_5,-0.05,1.0,1.05,0.39424334337811145,0.39611762798108835,0.0018742846029768945,0.0018742846029768945,0,0,0,-1
german,mlp,83,existing_credits,relative_minus_5,-0.05,2.0,2.1,0.367820580992647,0.3657512984168526,-0.0020692825757943623,0.0020692825757943623,0,0,0,-1
german,mlp,84,existing_credits,relative_minus_5,-0.05,1.0,1.05,0.3448230799863803,0.3496450420697459,0.004821962083365605,0.004821962083365605,0,0,0,-1
german,mlp,85,existing_credits,relative_minus_5,-0.05,1.0,1.05,0.2444924421566889,0.24626978028859878,0.001777338131909889,0.001777338131909889,0,0,0,-1
german,mlp,86,existing_credits,relative_minus_5,-0.05,1.0,1.05,0.29800204425166227,0.29979121461885894,0.0017891703671966686,0.0017891703671966686,0,0,0,-1
german,mlp,87,existing_credits,relative_minus_5,-0.05,1.0,1.05,0.4966269950842168,0.4959156432271428,-0.0007113518570739941,0.0007113518570739941,0,0,0,-1
german,mlp,88,existing_credits,relative_minus_5,-0.05,2.0,2.1,0.23144707170933512,0.23451174640545303,0.0030646746961179028,0.0030646746961179028,0,0,0,-1
german,mlp,89,existing_credits,relative_minus_5,-0.05,1.0,1.05,0.6400407350476786,0.6388949461217204,-0.00114578892595818,0.00114578892595818,1,1,0,-1
german,mlp,90,existing_credits,relative_minus_5,-0.05,1.0,1.05,0.4822416863981328,0.4845304225318892,0.0022887361337564083,0.0022887361337564083,0,0,0,-1
german,mlp,91,existing_credits,relative_minus_5,-0.05,1.0,1.05,0.40143078123405807,0.4025247337291985,0.0010939524951404378,0.0010939524951404378,0,0,0,-1
german,mlp,92,existing_credits,relative_minus_5,-0.05,1.0,1.05,0.44359454779618673,0.4447525909281976,0.0011580431320108442,0.0011580431320108442,0,0,0,-1
german,mlp,93,existing_credits,relative_minus_5,-0.05,2.0,2.1,0.3046662796706493,0.30193169342988607,-0.002734586240763226,0.002734586240763226,0,0,0,-1
german,mlp,94,existing_credits,relative_minus_5,-0.05,2.0,2.1,0.12739534911392703,0.1278490922657968,0.0004537431518697732,0.0004537431518697732,0,0,0,-1
german,mlp,95,existing_credits,relative_minus_5,-0.05,1.0,1.05,0.15522877788983463,0.1558054099401929,0.0005766320503582667,0.0005766320503582667,0,0,0,-1
german,mlp,96,existing_credits,relative_minus_5,-0.05,1.0,1.05,0.36442913704527324,0.3682007748589828,0.0037716378137095385,0.0037716378137095385,0,0,0,-1
german,mlp,97,existing_credits,relative_minus_5,-0.05,2.0,2.1,0.25451466263318945,0.25395586246700885,-0.0005588001661805952,0.0005588001661805952,0,0,0,-1
german,mlp,98,existing_credits,relative_minus_5,-0.05,2.0,2.1,0.6586898441318234,0.6641296349436915,0.005439790811868073,0.005439790811868073,1,1,0,-1
german,mlp,99,existing_credits,relative_minus_5,-0.05,1.0,1.05,0.24855132238008826,0.24945390770718318,0.000902585327094918,0.000902585327094918,0,0,0,-1
german,mlp,0,existing_credits,relative_plus_5,0.05,1.0,1.05,0.2868824306481333,0.2874055854456604,0.0005231547975271256,0.0005231547975271256,0,0,0,-1
german,mlp,1,existing_credits,relative_plus_5,0.05,1.0,1.05,0.4198976318717018,0.4234265172034441,0.003528885331742282,0.003528885331742282,0,0,0,-1
german,mlp,2,existing_credits,relative_plus_5,0.05,2.0,2.1,0.26258346992117976,0.26448683353269153,0.001903363611511777,0.001903363611511777,0,0,0,-1
german,mlp,3,existing_credits,relative_plus_5,0.05,1.0,1.05,0.1802774281890517,0.18275422100502317,0.0024767928159714625,0.0024767928159714625,0,0,0,-1
german,mlp,4,existing_credits,relative_plus_5,0.05,3.0,3.15,0.1819840520060159,0.18742647499221043,0.005442422986194545,0.005442422986194545,0,0,0,-1
german,mlp,5,existing_credits,relative_plus_5,0.05,1.0,1.05,0.2043107705535393,0.20582270336755,0.0015119328140106858,0.0015119328140106858,0,0,0,-1
german,mlp,6,existing_credits,relative_plus_5,0.05,1.0,1.05,0.24145627495089156,0.24275987010845537,0.0013035951575638138,0.0013035951575638138,0,0,0,-1
german,mlp,7,existing_credits,relative_plus_5,0.05,1.0,1.05,0.361249588683193,0.3603410498654859,-0.0009085388177071385,0.0009085388177071385,0,0,0,-1
german,mlp,8,existing_credits,relative_plus_5,0.05,2.0,2.1,0.29833305974606383,0.2967343505507307,-0.0015987091953331145,0.0015987091953331145,0,0,0,-1
german,mlp,9,existing_credits,relative_plus_5,0.05,1.0,1.05,0.4084749758946331,0.4082881971159503,-0.00018677877868278348,0.00018677877868278348,0,0,0,-1
german,mlp,10,existing_credits,relative_plus_5,0.05,2.0,2.1,0.1978244007482361,0.1982512079170002,0.00042680716876411506,0.00042680716876411506,0,0,0,-1
german,mlp,11,existing_credits,relative_plus_5,0.05,1.0,1.05,0.4490305536205001,0.4520351332318466,0.0030045796113464807,0.0030045796113464807,0,0,0,-1
german,mlp,12,existing_credits,relative_plus_5,0.05,2.0,2.1,0.3380754225555931,0.33462909407402475,-0.0034463284815683393,0.0034463284815683393,0,0,0,-1
german,mlp,13,existing_credits,relative_plus_5,0.05,1.0,1.05,0.3226170260018927,0.32277916951247504,0.00016214351058235765,0.00016214351058235765,0,0,0,-1
german,mlp,14,existing_credits,relative_plus_5,0.05,1.0,1.05,0.1607190907005708,0.16084164035705575,0.0001225496564849493,0.0001225496564849493,0,0,0,-1
german,mlp,15,existing_credits,relative_plus_5,0.05,1.0,1.05,0.2991772357699808,0.300268041267362,0.0010908054973812198,0.0010908054973812198,0,0,0,-1
german,mlp,16,existing_credits,relative_plus_5,0.05,2.0,2.1,0.07569409040610586,0.0764296608162199,0.0007355704101140309,0.0007355704101140309,0,0,0,-1
german,mlp,17,existing_credits,relative_plus_5,0.05,2.0,2.1,0.320382999871944,0.3206551385570241,0.0002721386850800811,0.0002721386850800811,0,0,0,-1
german,mlp,18,existing_credits,relative_plus_5,0.05,2.0,2.1,0.21792612201370706,0.21953975004777648,0.0016136280340694198,0.0016136280340694198,0,0,0,-1
german,mlp,19,existing_credits,relative_plus_5,0.05,1.0,1.05,0.5132077646135412,0.514535055520687,0.001327290907145784,0.001327290907145784,1,1,0,-1
german,mlp,20,existing_credits,relative_plus_5,0.05,1.0,1.05,0.16826818543871874,0.17103406515588007,0.002765879717161329,0.002765879717161329,0,0,0,-1
german,mlp,21,existing_credits,relative_plus_5,0.05,1.0,1.05,0.18871648712224667,0.1909763547742633,0.002259867652016634,0.002259867652016634,0,0,0,-1
german,mlp,22,existing_credits,relative_plus_5,0.05,3.0,3.15,0.2340361932873373,0.234128714040738,9.252075340071553e-05,9.252075340071553e-05,0,0,0,-1
german,mlp,23,existing_credits,relative_plus_5,0.05,1.0,1.05,0.49953972896498505,0.4979540896285406,-0.0015856393364444554,0.0015856393364444554,0,0,0,-1
german,mlp,24,existing_credits,relative_plus_5,0.05,1.0,1.05,0.3945250994274686,0.39523599129467296,0.0007108918672043552,0.0007108918672043552,0,0,0,-1
german,mlp,25,existing_credits,relative_plus_5,0.05,1.0,1.05,0.1999714289423839,0.19937718349421574,-0.0005942454481681625,0.0005942454481681625,0,0,0,-1
german,mlp,26,existing_credits,relative_plus_5,0.05,2.0,2.1,0.2622371730736121,0.26807789337880084,0.005840720305188729,0.005840720305188729,0,0,0,-1
german,mlp,27,existing_credits,relative_plus_5,0.05,1.0,1.05,0.40187252116986394,0.40421519520707433,0.0023426740372103905,0.0023426740372103905,0,0,0,-1
german,mlp,28,existing_credits,relative_plus_5,0.05,2.0,2.1,0.21975633548972673,0.21847582542883615,-0.0012805100608905828,0.0012805100608905828,0,0,0,-1
german,mlp,29,existing_credits,relative_plus_5,0.05,1.0,1.05,0.28996688444799096,0.293895988824587,0.003929104376596049,0.003929104376596049,0,0,0,-1
german,mlp,30,existing_credits,relative_plus_5,0.05,1.0,1.05,0.5843997058285129,0.5874999631331267,0.0031002573046138293,0.0031002573046138293,1,1,0,-1
german,mlp,31,existing_credits,relative_plus_5,0.05,1.0,1.05,0.42703271675750654,0.43262986578426443,0.005597149026757897,0.005597149026757897,0,0,0,-1
german,mlp,32,existing_credits,relative_plus_5,0.05,1.0,1.05,0.06159397700408669,0.06221428781181134,0.00062031080772465,0.00062031080772465,0,0,0,-1
german,mlp,33,existing_credits,relative_plus_5,0.05,1.0,1.05,0.2452309775841329,0.24843899538277103,0.0032080177986381353,0.0032080177986381353,0,0,0,-1
german,mlp,34,existing_credits,relative_plus_5,0.05,1.0,1.05,0.5123814318058395,0.5135295697598509,0.0011481379540113634,0.0011481379540113634,1,1,0,-1
german,mlp,35,existing_credits,relative_plus_5,0.05,1.0,1.05,0.4040062504090185,0.40457658421818044,0.0005703338091619381,0.0005703338091619381,0,0,0,-1
german,mlp,36,existing_credits,relative_plus_5,0.05,1.0,1.05,0.39041320626672604,0.39251767297769835,0.002104466710972308,0.002104466710972308,0,0,0,-1
german,mlp,37,existing_credits,relative_plus_5,0.05,2.0,2.1,0.3668266156268264,0.3620026823959803,-0.004823933230846067,0.004823933230846067,0,0,0,-1
german,mlp,38,existing_credits,relative_plus_5,0.05,4.0,4.2,0.399240031305948,0.3959085423760852,-0.0033314889298627914,0.0033314889298627914,0,0,0,-1
german,mlp,39,existing_credits,relative_plus_5,0.05,1.0,1.05,0.31310442539427324,0.31394729500793217,0.0008428696136589253,0.0008428696136589253,0,0,0,-1
german,mlp,40,existing_credits,relative_plus_5,0.05,2.0,2.1,0.3333594981968233,0.33244668076519124,-0.0009128174316320736,0.0009128174316320736,0,0,0,-1
german,mlp,41,existing_credits,relative_plus_5,0.05,1.0,1.05,0.3016974078180434,0.2999090719123386,-0.0017883359057047632,0.0017883359057047632,0,0,0,-1
german,mlp,42,existing_credits,relative_plus_5,0.05,1.0,1.05,0.3967842920357588,0.3966234509255982,-0.00016084111016062552,0.00016084111016062552,0,0,0,-1
german,mlp,43,existing_credits,relative_plus_5,0.05,1.0,1.05,0.2191377203672374,0.21991499397783656,0.0007772736105991773,0.0007772736105991773,0,0,0,-1
german,mlp,44,existing_credits,relative_plus_5,0.05,1.0,1.05,0.30746499417314455,0.31033287745829424,0.002867883285149697,0.002867883285149697,0,0,0,-1
german,mlp,45,existing_credits,relative_plus_5,0.05,1.0,1.05,0.19417247812730504,0.19624268397182035,0.0020702058445153104,0.0020702058445153104,0,0,0,-1
german,mlp,46,existing_credits,relative_plus_5,0.05,1.0,1.05,0.19798688045008261,0.1980066218024652,1.974135238258512e-05,1.974135238258512e-05,0,0,0,-1
german,mlp,47,existing_credits,relative_plus_5,0.05,2.0,2.1,0.2718695537935461,0.27132080570707645,-0.0005487480864696526,0.0005487480864696526,0,0,0,-1
german,mlp,48,existing_credits,relative_plus_5,0.05,2.0,2.1,0.1750165253584432,0.17432443798324365,-0.000692087375199546,0.000692087375199546,0,0,0,-1
german,mlp,49,existing_credits,relative_plus_5,0.05,1.0,1.05,0.4588613965006128,0.4598919764554125,0.0010305799547997152,0.0010305799547997152,0,0,0,-1
german,mlp,50,existing_credits,relative_plus_5,0.05,1.0,1.05,0.25833505988114175,0.2613671481180178,0.0030320882368760627,0.0030320882368760627,0,0,0,-1
german,mlp,51,existing_credits,relative_plus_5,0.05,1.0,1.05,0.23994228781447036,0.23972024687376156,-0.00022204094070879532,0.00022204094070879532,0,0,0,-1
german,mlp,52,existing_credits,relative_plus_5,0.05,2.0,2.1,0.25197598703294255,0.2503179699547576,-0.0016580170781849701,0.0016580170781849701,0,0,0,-1
german,mlp,53,existing_credits,relative_plus_5,0.05,1.0,1.05,0.24562077738290533,0.247591489795216,0.001970712412310671,0.001970712412310671,0,0,0,-1
german,mlp,54,existing_credits,relative_plus_5,0.05,2.0,2.1,0.18732343132224302,0.1846240279221438,-0.0026994034000992206,0.0026994034000992206,0,0,0,-1
german,mlp,55,existing_credits,relative_plus_5,0.05,1.0,1.05,0.3754380929776099,0.3769879207898202,0.0015498278122103026,0.0015498278122103026,0,0,0,-1
german,mlp,56,existing_credits,relative_plus_5,0.05,2.0,2.1,0.33683635847007065,0.33704662512286193,0.00021026665279127998,0.00021026665279127998,0,0,0,-1
german,mlp,57,existing_credits,relative_plus_5,0.05,1.0,1.05,0.4247782060955582,0.4233497616491698,-0.0014284444463883994,0.0014284444463883994,0,0,0,-1
german,mlp,58,existing_credits,relative_plus_5,0.05,1.0,1.05,0.20020788889953503,0.20125334112995144,0.0010454522304164104,0.0010454522304164104,0,0,0,-1
german,mlp,59,existing_credits,relative_plus_5,0.05,1.0,1.05,0.5357836989632669,0.5390773850502116,0.0032936860869446916,0.0032936860869446916,1,1,0,-1
german,mlp,60,existing_credits,relative_plus_5,0.05,2.0,2.1,0.33610005721370495,0.33595227719806603,-0.00014778001563892085,0.00014778001563892085,0,0,0,-1
german,mlp,61,existing_credits,relative_plus_5,0.05,2.0,2.1,0.21555248127528462,0.21930417322502482,0.0037516919497402046,0.0037516919497402046,0,0,0,-1
german,mlp,62,existing_credits,relative_plus_5,0.05,1.0,1.05,0.26851517186260315,0.26874086325196134,0.00022569138935818467,0.00022569138935818467,0,0,0,-1
german,mlp,63,existing_credits,relative_plus_5,0.05,1.0,1.05,0.42519995561469526,0.42554235144860314,0.00034239583390788253,0.00034239583390788253,0,0,0,-1
german,mlp,64,existing_credits,relative_plus_5,0.05,1.0,1.05,0.3902998055499012,0.3893153536042001,-0.0009844519457010703,0.0009844519457010703,0,0,0,-1
german,mlp,65,existing_credits,relative_plus_5,0.05,1.0,1.05,0.22708278958567477,0.22889996667104265,0.0018171770853678826,0.0018171770853678826,0,0,0,-1
german,mlp,66,existing_credits,relative_plus_5,0.05,2.0,2.1,0.43863287851091937,0.4389708234008946,0.0003379448899752391,0.0003379448899752391,0,0,0,-1
german,mlp,67,existing_credits,relative_plus_5,0.05,2.0,2.1,0.6061115695108918,0.6041329262667735,-0.001978643244118339,0.001978643244118339,1,1,0,-1
german,mlp,68,existing_credits,relative_plus_5,0.05,4.0,4.2,0.367077678742253,0.36020437742390937,-0.0068733013183436276,0.0068733013183436276,0,0,0,-1
german,mlp,69,existing_credits,relative_plus_5,0.05,1.0,1.05,0.4207072819437597,0.4194002934944726,-0.0013069884492871164,0.0013069884492871164,0,0,0,-1
german,mlp,70,existing_credits,relative_plus_5,0.05,1.0,1.05,0.35120868452508525,0.35056837039262645,-0.0006403141324587969,0.0006403141324587969,0,0,0,-1
german,mlp,71,existing_credits,relative_plus_5,0.05,1.0,1.05,0.2326481332416817,0.23280918905832312,0.00016105581664141444,0.00016105581664141444,0,0,0,-1
german,mlp,72,existing_credits,relative_plus_5,0.05,1.0,1.05,0.17579921113180116,0.17569533420107314,-0.00010387693072802517,0.00010387693072802517,0,0,0,-1
german,mlp,73,existing_credits,relative_plus_5,0.05,1.0,1.05,0.22932773566828754,0.2289097492517824,-0.000417986416505145,0.000417986416505145,0,0,0,-1
german,mlp,74,existing_credits,relative_plus_5,0.05,2.0,2.1,0.21586888817903582,0.22309287795614194,0.007223989777106116,0.007223989777106116,0,0,0,-1
german,mlp,75,existing_credits,relative_plus_5,0.05,1.0,1.05,0.4423554762861602,0.44243205946631803,7.658318015785204e-05,7.658318015785204e-05,0,0,0,-1
german,mlp,76,existing_credits,relative_plus_5,0.05,3.0,3.15,0.32507530002633894,0.3279696708520143,0.002894370825675341,0.002894370825675341,0,0,0,-1
german,mlp,77,existing_credits,relative_plus_5,0.05,2.0,2.1,0.3010734026184118,0.297204299222649,-0.0038691033957627963,0.0038691033957627963,0,0,0,-1
german,mlp,78,existing_credits,relative_plus_5,0.05,1.0,1.05,0.24763530518832041,0.24772767294308,9.236775475959802e-05,9.236775475959802e-05,0,0,0,-1
german,mlp,79,existing_credits,relative_plus_5,0.05,1.0,1.05,0.4172248844520669,0.41773093526873534,0.0005060508166684352,0.0005060508166684352,0,0,0,-1
german,mlp,80,existing_credits,relative_plus_5,0.05,1.0,1.05,0.284838415529233,0.28382996997847576,-0.001008445550757242,0.001008445550757242,0,0,0,-1
german,mlp,81,existing_credits,relative_plus_5,0.05,1.0,1.05,0.17349396284028698,0.17339092228237452,-0.00010304055791246491,0.00010304055791246491,0,0,0,-1
german,mlp,82,existing_credits,relative_plus_5,0.05,1.0,1.05,0.39424334337811145,0.39611762798108835,0.0018742846029768945,0.0018742846029768945,0,0,0,-1
german,mlp,83,existing_credits,relative_plus_5,0.05,2.0,2.1,0.367820580992647,0.3657512984168526,-0.0020692825757943623,0.0020692825757943623,0,0,0,-1
german,mlp,84,existing_credits,relative_plus_5,0.05,1.0,1.05,0.3448230799863803,0.3496450420697459,0.004821962083365605,0.004821962083365605,0,0,0,-1
german,mlp,85,existing_credits,relative_plus_5,0.05,1.0,1.05,0.2444924421566889,0.24626978028859878,0.001777338131909889,0.001777338131909889,0,0,0,-1
german,mlp,86,existing_credits,relative_plus_5,0.05,1.0,1.05,0.29800204425166227,0.29979121461885894,0.0017891703671966686,0.0017891703671966686,0,0,0,-1
german,mlp,87,existing_credits,relative_plus_5,0.05,1.0,1.05,0.4966269950842168,0.4959156432271428,-0.0007113518570739941,0.0007113518570739941,0,0,0,-1
german,mlp,88,existing_credits,relative_plus_5,0.05,2.0,2.1,0.23144707170933512,0.23451174640545303,0.0030646746961179028,0.0030646746961179028,0,0,0,-1
german,mlp,89,existing_credits,relative_plus_5,0.05,1.0,1.05,0.6400407350476786,0.6388949461217204,-0.00114578892595818,0.00114578892595818,1,1,0,-1
german,mlp,90,existing_credits,relative_plus_5,0.05,1.0,1.05,0.4822416863981328,0.4845304225318892,0.0022887361337564083,0.0022887361337564083,0,0,0,-1
german,mlp,91,existing_credits,relative_plus_5,0.05,1.0,1.05,0.40143078123405807,0.4025247337291985,0.0010939524951404378,0.0010939524951404378,0,0,0,-1
german,mlp,92,existing_credits,relative_plus_5,0.05,1.0,1.05,0.44359454779618673,0.4447525909281976,0.0011580431320108442,0.0011580431320108442,0,0,0,-1
german,mlp,93,existing_credits,relative_plus_5,0.05,2.0,2.1,0.3046662796706493,0.30193169342988607,-0.002734586240763226,0.002734586240763226,0,0,0,-1
german,mlp,94,existing_credits,relative_plus_5,0.05,2.0,2.1,0.12739534911392703,0.1278490922657968,0.0004537431518697732,0.0004537431518697732,0,0,0,-1
german,mlp,95,existing_credits,relative_plus_5,0.05,1.0,1.05,0.15522877788983463,0.1558054099401929,0.0005766320503582667,0.0005766320503582667,0,0,0,-1
german,mlp,96,existing_credits,relative_plus_5,0.05,1.0,1.05,0.36442913704527324,0.3682007748589828,0.0037716378137095385,0.0037716378137095385,0,0,0,-1
german,mlp,97,existing_credits,relative_plus_5,0.05,2.0,2.1,0.25451466263318945,0.25395586246700885,-0.0005588001661805952,0.0005588001661805952,0,0,0,-1
german,mlp,98,existing_credits,relative_plus_5,0.05,2.0,2.1,0.6586898441318234,0.6641296349436915,0.005439790811868073,0.005439790811868073,1,1,0,-1
german,mlp,99,existing_credits,relative_plus_5,0.05,1.0,1.05,0.24855132238008826,0.24945390770718318,0.000902585327094918,0.000902585327094918,0,0,0,-1
german,mlp,0,existing_credits,relative_minus_10,-0.1,1.0,1.1,0.2868824306481333,0.28792930906547076,0.0010468784173374712,0.0010468784173374712,0,0,0,-1
german,mlp,1,existing_credits,relative_minus_10,-0.1,1.0,1.1,0.4198976318717018,0.42674063457303146,0.006843002701329648,0.006843002701329648,0,0,0,-1
german,mlp,2,existing_credits,relative_minus_10,-0.1,2.0,2.2,0.26258346992117976,0.26869107922668917,0.006107609305509409,0.006107609305509409,0,0,0,-1
german,mlp,3,existing_credits,relative_minus_10,-0.1,1.0,1.1,0.1802774281890517,0.18525735158676196,0.004979923397710251,0.004979923397710251,0,0,0,-1
german,mlp,4,existing_credits,relative_minus_10,-0.1,3.0,3.3,0.1819840520060159,0.1926619457974732,0.01067789379145731,0.01067789379145731,0,0,0,-1
german,mlp,5,existing_credits,relative_minus_10,-0.1,1.0,1.1,0.2043107705535393,0.20734290918654452,0.0030321386330052214,0.0030321386330052214,0,0,0,-1
german,mlp,6,existing_credits,relative_minus_10,-0.1,1.0,1.1,0.24145627495089156,0.2440682387013922,0.002611963750500629,0.002611963750500629,0,0,0,-1
german,mlp,7,existing_credits,relative_minus_10,-0.1,1.0,1.1,0.361249588683193,0.3593353991804781,-0.0019141895027149358,0.0019141895027149358,0,0,0,-1
german,mlp,8,existing_credits,relative_minus_10,-0.1,2.0,2.2,0.29833305974606383,0.2958585951643562,-0.002474464581707636,0.002474464581707636,0,0,0,-1
german,mlp,9,existing_credits,relative_minus_10,-0.1,1.0,1.1,0.4084749758946331,0.40810144482054006,-0.00037353107409304753,0.00037353107409304753,0,0,0,-1
german,mlp,10,existing_credits,relative_minus_10,-0.1,2.0,2.2,0.1978244007482361,0.19867870785587485,0.0008543071076387576,0.0008543071076387576,0,0,0,-1
german,mlp,11,existing_credits,relative_minus_10,-0.1,1.0,1.1,0.4490305536205001,0.45533197832972805,0.006301424709227954,0.006301424709227954,0,0,0,-1
german,mlp,12,existing_credits,relative_minus_10,-0.1,2.0,2.2,0.3380754225555931,0.33120031883216317,-0.006875103723429921,0.006875103723429921,0,0,0,-1
german,mlp,13,existing_credits,relative_minus_10,-0.1,1.0,1.1,0.3226170260018927,0.3228767645343691,0.00025973853247640566,0.00025973853247640566,0,0,0,-1
german,mlp,14,existing_credits,relative_minus_10,-0.1,1.0,1.1,0.1607190907005708,0.16096426553699722,0.000245174836426415,0.000245174836426415,0,0,0,-1
german,mlp,15,existing_credits,relative_minus_10,-0.1,1.0,1.1,0.2991772357699808,0.3017977847266549,0.002620548956674129,0.002620548956674129,0,0,0,-1
german,mlp,16,existing_credits,relative_minus_10,-0.1,2.0,2.2,0.07569409040610586,0.0771114593663696,0.0014173689602637318,0.0014173689602637318,0,0,0,-1
german,mlp,17,existing_credits,relative_minus_10,-0.1,2.0,2.2,0.320382999871944,0.32099590543795997,0.0006129055660159533,0.0006129055660159533,0,0,0,-1
german,mlp,18,existing_credits,relative_minus_10,-0.1,2.0,2.2,0.21792612201370706,0.22104289254290185,0.00311677052919479,0.00311677052919479,0,0,0,-1
german,mlp,19,existing_credits,relative_minus_10,-0.1,1.0,1.1,0.5132077646135412,0.5154210961787993,0.0022133315652580476,0.0022133315652580476,1,1,0,-1
german,mlp,20,existing_credits,relative_minus_10,-0.1,1.0,1.1,0.16826818543871874,0.1733108164027986,0.005042630964079864,0.005042630964079864,0,0,0,-1
german,mlp,21,existing_credits,relative_minus_10,-0.1,1.0,1.1,0.18871648712224667,0.19325683777747904,0.004540350655232367,0.004540350655232367,0,0,0,-1
german,mlp,22,existing_credits,relative_minus_10,-0.1,3.0,3.3,0.2340361932873373,0.2342212601856445,0.00018506689830719014,0.00018506689830719014,0,0,0,-1
german,mlp,23,existing_credits,relative_minus_10,-0.1,1.0,1.1,0.49953972896498505,0.49651778650590317,-0.0030219424590818833,0.0030219424590818833,0,0,0,-1
german,mlp,24,existing_credits,relative_minus_10,-0.1,1.0,1.1,0.3945250994274686,0.3957404532572366,0.0012153538297680067,0.0012153538297680067,0,0,0,-1
german,mlp,25,existing_credits,relative_minus_10,-0.1,1.0,1.1,0.1999714289423839,0.19878426516318376,-0.00118716377920014,0.00118716377920014,0,0,0,-1
german,mlp,26,existing_credits,relative_minus_10,-0.1,2.0,2.2,0.2622371730736121,0.2735670748391864,0.011329901765574302,0.011329901765574302,0,0,0,-1
german,mlp,27,existing_credits,relative_minus_10,-0.1,1.0,1.1,0.40187252116986394,0.4063370665869784,0.0044645454171144405,0.0044645454171144405,0,0,0,-1
german,mlp,28,existing_credits,relative_minus_10,-0.1,2.0,2.2,0.21975633548972673,0.21708612491265328,-0.0026702105770734508,0.0026702105770734508,0,0,0,-1
german,mlp,29,existing_credits,relative_minus_10,-0.1,1.0,1.1,0.28996688444799096,0.29727003250663225,0.007303148058641296,0.007303148058641296,0,0,0,-1
german,mlp,30,existing_credits,relative_minus_10,-0.1,1.0,1.1,0.5843997058285129,0.5905932952695867,0.0061935894410738435,0.0061935894410738435,1,1,0,-1
german,mlp,31,existing_credits,relative_minus_10,-0.1,1.0,1.1,0.42703271675750654,0.4381748363357915,0.011142119578284981,0.011142119578284981,0,0,0,-1
german,mlp,32,existing_credits,relative_minus_10,-0.1,1.0,1.1,0.06159397700408669,0.06316222225606655,0.0015682452519798565,0.0015682452519798565,0,0,0,-1
german,mlp,33,existing_credits,relative_minus_10,-0.1,1.0,1.1,0.2452309775841329,0.2516735691003703,0.0064425915162374114,0.0064425915162374114,0,0,0,-1
german,mlp,34,existing_credits,relative_minus_10,-0.1,1.0,1.1,0.5123814318058395,0.5146775649473927,0.0022961331415531916,0.0022961331415531916,1,1,0,-1
german,mlp,35,existing_credits,relative_minus_10,-0.1,1.0,1.1,0.4040062504090185,0.40514717584509147,0.0011409254360729704,0.0011409254360729704,0,0,0,-1
german,mlp,36,existing_credits,relative_minus_10,-0.1,1.0,1.1,0.39041320626672604,0.39374846843545364,0.003335262168727593,0.003335262168727593,0,0,0,-1
german,mlp,37,existing_credits,relative_minus_10,-0.1,2.0,2.2,0.3668266156268264,0.36074578289692916,-0.006080832729897234,0.006080832729897234,0,0,0,-1
german,mlp,38,existing_credits,relative_minus_10,-0.1,4.0,4.4,0.399240031305948,0.3931728900583101,-0.006067141247637908,0.006067141247637908,0,0,0,-1
german,mlp,39,existing_credits,relative_minus_10,-0.1,1.0,1.1,0.31310442539427324,0.31470679962669623,0.0016023742324229873,0.0016023742324229873,0,0,0,-1
german,mlp,40,existing_credits,relative_minus_10,-0.1,2.0,2.2,0.3333594981968233,0.3315351197821497,-0.0018243784146735886,0.0018243784146735886,0,0,0,-1
german,mlp,41,existing_credits,relative_minus_10,-0.1,1.0,1.1,0.3016974078180434,0.2981268108314891,-0.003570596986554264,0.003570596986554264,0,0,0,-1
german,mlp,42,existing_credits,relative_minus_10,-0.1,1.0,1.1,0.3967842920357588,0.39646263216242517,-0.0003216598733336573,0.0003216598733336573,0,0,0,-1
german,mlp,43,existing_credits,relative_minus_10,-0.1,1.0,1.1,0.2191377203672374,0.22069424535297055,0.0015565249857331653,0.0015565249857331653,0,0,0,-1
german,mlp,44,existing_credits,relative_minus_10,-0.1,1.0,1.1,0.30746499417314455,0.31321541253777796,0.005750418364633414,0.005750418364633414,0,0,0,-1
german,mlp,45,existing_credits,relative_minus_10,-0.1,1.0,1.1,0.19417247812730504,0.19825738921768127,0.004084911090376231,0.004084911090376231,0,0,0,-1
german,mlp,46,existing_credits,relative_minus_10,-0.1,1.0,1.1,0.19798688045008261,0.19802636463724077,3.948418715815638e-05,3.948418715815638e-05,0,0,0,-1
german,mlp,47,existing_credits,relative_minus_10,-0.1,2.0,2.2,0.2718695537935461,0.2713683666680044,-0.0005011871255417022,0.0005011871255417022,0,0,0,-1
german,mlp,48,existing_credits,relative_minus_10,-0.1,2.0,2.2,0.1750165253584432,0.17362795589477442,-0.0013885694636687762,0.0013885694636687762,0,0,0,-1
german,mlp,49,existing_credits,relative_minus_10,-0.1,1.0,1.1,0.4588613965006128,0.4607192587506647,0.0018578622500519115,0.0018578622500519115,0,0,0,-1
german,mlp,50,existing_credits,relative_minus_10,-0.1,1.0,1.1,0.25833505988114175,0.26396513920133324,0.0056300793201914945,0.0056300793201914945,0,0,0,-1
german,mlp,51,existing_credits,relative_minus_10,-0.1,1.0,1.1,0.23994228781447036,0.2394983466618631,-0.0004439411526072634,0.0004439411526072634,0,0,0,-1
german,mlp,52,existing_credits,relative_minus_10,-0.1,2.0,2.2,0.25197598703294255,0.24817873769555268,-0.0037972493373898686,0.0037972493373898686,0,0,0,-1
german,mlp,53,existing_credits,relative_minus_10,-0.1,1.0,1.1,0.24562077738290533,0.24957278296038418,0.003952005577478851,0.003952005577478851,0,0,0,-1
german,mlp,54,existing_credits,relative_minus_10,-0.1,2.0,2.2,0.18732343132224302,0.18190115976117352,-0.005422271561069503,0.005422271561069503,0,0,0,-1
german,mlp,55,existing_credits,relative_minus_10,-0.1,1.0,1.1,0.3754380929776099,0.37883800711914833,0.0033999141415384515,0.0033999141415384515,0,0,0,-1
german,mlp,56,existing_credits,relative_minus_10,-0.1,2.0,2.2,0.33683635847007065,0.33845133487717777,0.001614976407107116,0.001614976407107116,0,0,0,-1
german,mlp,57,existing_credits,relative_minus_10,-0.1,1.0,1.1,0.4247782060955582,0.42192019214148874,-0.0028580139540694827,0.0028580139540694827,0,0,0,-1
german,mlp,58,existing_credits,relative_minus_10,-0.1,1.0,1.1,0.20020788889953503,0.20230287166979186,0.0020949827702568258,0.0020949827702568258,0,0,0,-1
german,mlp,59,existing_credits,relative_minus_10,-0.1,1.0,1.1,0.5357836989632669,0.5425169423739394,0.006733243410672496,0.006733243410672496,1,1,0,-1
german,mlp,60,existing_credits,relative_minus_10,-0.1,2.0,2.2,0.33610005721370495,0.335303137033322,-0.0007969201803829651,0.0007969201803829651,0,0,0,-1
german,mlp,61,existing_credits,relative_minus_10,-0.1,2.0,2.2,0.21555248127528462,0.22299992268371785,0.007447441408433231,0.007447441408433231,0,0,0,-1
german,mlp,62,existing_credits,relative_minus_10,-0.1,1.0,1.1,0.26851517186260315,0.26896667458699963,0.00045150272439647976,0.00045150272439647976,0,0,0,-1
german,mlp,63,existing_credits,relative_minus_10,-0.1,1.0,1.1,0.42519995561469526,0.4258848187133978,0.0006848630987025262,0.0006848630987025262,0,0,0,-1
german,mlp,64,existing_credits,relative_minus_10,-0.1,1.0,1.1,0.3902998055499012,0.3883318032088438,-0.0019680023410573733,0.0019680023410573733,0,0,0,-1
german,mlp,65,existing_credits,relative_minus_10,-0.1,1.0,1.1,0.22708278958567477,0.23072734442648046,0.003644554840805697,0.003644554840805697,0,0,0,-1
german,mlp,66,existing_credits,relative_minus_10,-0.1,2.0,2.2,0.43863287851091937,0.43928310422946554,0.0006502257185461713,0.0006502257185461713,0,0,0,-1
german,mlp,67,existing_credits,relative_minus_10,-0.1,2.0,2.2,0.6061115695108918,0.6017727670646877,-0.004338802446204104,0.004338802446204104,1,1,0,-1
german,mlp,68,existing_credits,relative_minus_10,-0.1,4.0,4.4,0.367077678742253,0.3530152810440856,-0.014062397698167417,0.014062397698167417,0,0,0,-1
german,mlp,69,existing_credits,relative_minus_10,-0.1,1.0,1.1,0.4207072819437597,0.4180338269278395,-0.002673455015920201,0.002673455015920201,0,0,0,-1
german,mlp,70,existing_credits,relative_minus_10,-0.1,1.0,1.1,0.35120868452508525,0.34975000854478283,-0.0014586759803024152,0.0014586759803024152,0,0,0,-1
german,mlp,71,existing_credits,relative_minus_10,-0.1,1.0,1.1,0.2326481332416817,0.2329703225193671,0.00032218927768540295,0.00032218927768540295,0,0,0,-1
german,mlp,72,existing_credits,relative_minus_10,-0.1,1.0,1.1,0.17579921113180116,0.1755894063995495,-0.00020980473225165608,0.00020980473225165608,0,0,0,-1
german,mlp,73,existing_credits,relative_minus_10,-0.1,1.0,1.1,0.22932773566828754,0.2285520925420755,-0.0007756431262120334,0.0007756431262120334,0,0,0,-1
german,mlp,74,existing_credits,relative_minus_10,-0.1,2.0,2.2,0.21586888817903582,0.2310862607369069,0.01521737255787109,0.01521737255787109,0,0,0,-1
german,mlp,75,existing_credits,relative_minus_10,-0.1,1.0,1.1,0.4423554762861602,0.44269254008789144,0.00033706380173126327,0.00033706380173126327,0,0,0,-1
german,mlp,76,existing_credits,relative_minus_10,-0.1,3.0,3.3,0.32507530002633894,0.32922488201413336,0.004149581987794415,0.004149581987794415,0,0,0,-1
german,mlp,77,existing_credits,relative_minus_10,-0.1,2.0,2.2,0.3010734026184118,0.29321745023157275,-0.00785595238683906,0.00785595238683906,0,0,0,-1
german,mlp,78,existing_credits,relative_minus_10,-0.1,1.0,1.1,0.24763530518832041,0.24786100687504575,0.00022570168672533808,0.00022570168672533808,0,0,0,-1
german,mlp,79,existing_credits,relative_minus_10,-0.1,1.0,1.1,0.4172248844520669,0.4182371593792562,0.001012274927189305,0.001012274927189305,0,0,0,-1
german,mlp,80,existing_credits,relative_minus_10,-0.1,1.0,1.1,0.284838415529233,0.28282368279564984,-0.0020147327335831577,0.0020147327335831577,0,0,0,-1
german,mlp,81,existing_credits,relative_minus_10,-0.1,1.0,1.1,0.17349396284028698,0.17330683606767983,-0.0001871267726071546,0.0001871267726071546,0,0,0,-1
german,mlp,82,existing_credits,relative_minus_10,-0.1,1.0,1.1,0.39424334337811145,0.39806401949660636,0.0038206761184949034,0.0038206761184949034,0,0,0,-1
german,mlp,83,existing_credits,relative_minus_10,-0.1,2.0,2.2,0.367820580992647,0.36368696003291506,-0.00413362095973191,0.00413362095973191,0,0,0,-1
german,mlp,84,existing_credits,relative_minus_10,-0.1,1.0,1.1,0.3448230799863803,0.35449794952597535,0.009674869539595066,0.009674869539595066,0,0,0,-1
german,mlp,85,existing_credits,relative_minus_10,-0.1,1.0,1.1,0.2444924421566889,0.24776846180749587,0.0032760196508069828,0.0032760196508069828,0,0,0,-1
german,mlp,86,existing_credits,relative_minus_10,-0.1,1.0,1.1,0.29800204425166227,0.30158651208344667,0.003584467831784399,0.003584467831784399,0,0,0,-1
german,mlp,87,existing_credits,relative_minus_10,-0.1,1.0,1.1,0.4966269950842168,0.4952206448660802,-0.0014063502181366205,0.0014063502181366205,0,0,0,-1
german,mlp,88,existing_credits,relative_minus_10,-0.1,2.0,2.2,0.23144707170933512,0.23740053287520652,0.005953461165871393,0.005953461165871393,0,0,0,-1
german,mlp,89,existing_credits,relative_minus_10,-0.1,1.0,1.1,0.6400407350476786,0.6375794664644755,-0.002461268583203058,0.002461268583203058,1,1,0,-1
german,mlp,90,existing_credits,relative_minus_10,-0.1,1.0,1.1,0.4822416863981328,0.486795514143042,0.0045538277449092,0.0045538277449092,0,0,0,-1
german,mlp,91,existing_credits,relative_minus_10,-0.1,1.0,1.1,0.40143078123405807,0.403619657168242,0.0021888759341839314,0.0021888759341839314,0,0,0,-1
german,mlp,92,existing_credits,relative_minus_10,-0.1,1.0,1.1,0.44359454779618673,0.4458521294442496,0.0022575816480628896,0.0022575816480628896,0,0,0,-1
german,mlp,93,existing_credits,relative_minus_10,-0.1,2.0,2.2,0.3046662796706493,0.2988452828193289,-0.005820996851320426,0.005820996851320426,0,0,0,-1
german,mlp,94,existing_credits,relative_minus_10,-0.1,2.0,2.2,0.12739534911392703,0.12869151948171217,0.0012961703677851488,0.0012961703677851488,0,0,0,-1
german,mlp,95,existing_credits,relative_minus_10,-0.1,1.0,1.1,0.15522877788983463,0.15656326416418723,0.001334486274352592,0.001334486274352592,0,0,0,-1
german,mlp,96,existing_credits,relative_minus_10,-0.1,1.0,1.1,0.36442913704527324,0.37311550434326524,0.008686367297991993,0.008686367297991993,0,0,0,-1
german,mlp,97,existing_credits,relative_minus_10,-0.1,2.0,2.2,0.25451466263318945,0.25369494555492006,-0.0008197170782693886,0.0008197170782693886,0,0,0,-1
german,mlp,98,existing_credits,relative_minus_10,-0.1,2.0,2.2,0.6586898441318234,0.6695262247297528,0.010836380597929351,0.010836380597929351,1,1,0,-1
german,mlp,99,existing_credits,relative_minus_10,-0.1,1.0,1.1,0.24855132238008826,0.24893872819455465,0.00038740581446639055,0.00038740581446639055,0,0,0,-1
german,mlp,0,existing_credits,relative_plus_10,0.1,1.0,1.1,0.2868824306481333,0.28792930906547076,0.0010468784173374712,0.0010468784173374712,0,0,0,-1
german,mlp,1,existing_credits,relative_plus_10,0.1,1.0,1.1,0.4198976318717018,0.42674063457303146,0.006843002701329648,0.006843002701329648,0,0,0,-1
german,mlp,2,existing_credits,relative_plus_10,0.1,2.0,2.2,0.26258346992117976,0.26869107922668917,0.006107609305509409,0.006107609305509409,0,0,0,-1
german,mlp,3,existing_credits,relative_plus_10,0.1,1.0,1.1,0.1802774281890517,0.18525735158676196,0.004979923397710251,0.004979923397710251,0,0,0,-1
german,mlp,4,existing_credits,relative_plus_10,0.1,3.0,3.3,0.1819840520060159,0.1926619457974732,0.01067789379145731,0.01067789379145731,0,0,0,-1
german,mlp,5,existing_credits,relative_plus_10,0.1,1.0,1.1,0.2043107705535393,0.20734290918654452,0.0030321386330052214,0.0030321386330052214,0,0,0,-1
german,mlp,6,existing_credits,relative_plus_10,0.1,1.0,1.1,0.24145627495089156,0.2440682387013922,0.002611963750500629,0.002611963750500629,0,0,0,-1
german,mlp,7,existing_credits,relative_plus_10,0.1,1.0,1.1,0.361249588683193,0.3593353991804781,-0.0019141895027149358,0.0019141895027149358,0,0,0,-1
german,mlp,8,existing_credits,relative_plus_10,0.1,2.0,2.2,0.29833305974606383,0.2958585951643562,-0.002474464581707636,0.002474464581707636,0,0,0,-1
german,mlp,9,existing_credits,relative_plus_10,0.1,1.0,1.1,0.4084749758946331,0.40810144482054006,-0.00037353107409304753,0.00037353107409304753,0,0,0,-1
german,mlp,10,existing_credits,relative_plus_10,0.1,2.0,2.2,0.1978244007482361,0.19867870785587485,0.0008543071076387576,0.0008543071076387576,0,0,0,-1
german,mlp,11,existing_credits,relative_plus_10,0.1,1.0,1.1,0.4490305536205001,0.45533197832972805,0.006301424709227954,0.006301424709227954,0,0,0,-1
german,mlp,12,existing_credits,relative_plus_10,0.1,2.0,2.2,0.3380754225555931,0.33120031883216317,-0.006875103723429921,0.006875103723429921,0,0,0,-1
german,mlp,13,existing_credits,relative_plus_10,0.1,1.0,1.1,0.3226170260018927,0.3228767645343691,0.00025973853247640566,0.00025973853247640566,0,0,0,-1
german,mlp,14,existing_credits,relative_plus_10,0.1,1.0,1.1,0.1607190907005708,0.16096426553699722,0.000245174836426415,0.000245174836426415,0,0,0,-1
german,mlp,15,existing_credits,relative_plus_10,0.1,1.0,1.1,0.2991772357699808,0.3017977847266549,0.002620548956674129,0.002620548956674129,0,0,0,-1
german,mlp,16,existing_credits,relative_plus_10,0.1,2.0,2.2,0.07569409040610586,0.0771114593663696,0.0014173689602637318,0.0014173689602637318,0,0,0,-1
german,mlp,17,existing_credits,relative_plus_10,0.1,2.0,2.2,0.320382999871944,0.32099590543795997,0.0006129055660159533,0.0006129055660159533,0,0,0,-1
german,mlp,18,existing_credits,relative_plus_10,0.1,2.0,2.2,0.21792612201370706,0.22104289254290185,0.00311677052919479,0.00311677052919479,0,0,0,-1
german,mlp,19,existing_credits,relative_plus_10,0.1,1.0,1.1,0.5132077646135412,0.5154210961787993,0.0022133315652580476,0.0022133315652580476,1,1,0,-1
german,mlp,20,existing_credits,relative_plus_10,0.1,1.0,1.1,0.16826818543871874,0.1733108164027986,0.005042630964079864,0.005042630964079864,0,0,0,-1
german,mlp,21,existing_credits,relative_plus_10,0.1,1.0,1.1,0.18871648712224667,0.19325683777747904,0.004540350655232367,0.004540350655232367,0,0,0,-1
german,mlp,22,existing_credits,relative_plus_10,0.1,3.0,3.3,0.2340361932873373,0.2342212601856445,0.00018506689830719014,0.00018506689830719014,0,0,0,-1
german,mlp,23,existing_credits,relative_plus_10,0.1,1.0,1.1,0.49953972896498505,0.49651778650590317,-0.0030219424590818833,0.0030219424590818833,0,0,0,-1
german,mlp,24,existing_credits,relative_plus_10,0.1,1.0,1.1,0.3945250994274686,0.3957404532572366,0.0012153538297680067,0.0012153538297680067,0,0,0,-1
german,mlp,25,existing_credits,relative_plus_10,0.1,1.0,1.1,0.1999714289423839,0.19878426516318376,-0.00118716377920014,0.00118716377920014,0,0,0,-1
german,mlp,26,existing_credits,relative_plus_10,0.1,2.0,2.2,0.2622371730736121,0.2735670748391864,0.011329901765574302,0.011329901765574302,0,0,0,-1
german,mlp,27,existing_credits,relative_plus_10,0.1,1.0,1.1,0.40187252116986394,0.4063370665869784,0.0044645454171144405,0.0044645454171144405,0,0,0,-1
german,mlp,28,existing_credits,relative_plus_10,0.1,2.0,2.2,0.21975633548972673,0.21708612491265328,-0.0026702105770734508,0.0026702105770734508,0,0,0,-1
german,mlp,29,existing_credits,relative_plus_10,0.1,1.0,1.1,0.28996688444799096,0.29727003250663225,0.007303148058641296,0.007303148058641296,0,0,0,-1
german,mlp,30,existing_credits,relative_plus_10,0.1,1.0,1.1,0.5843997058285129,0.5905932952695867,0.0061935894410738435,0.0061935894410738435,1,1,0,-1
german,mlp,31,existing_credits,relative_plus_10,0.1,1.0,1.1,0.42703271675750654,0.4381748363357915,0.011142119578284981,0.011142119578284981,0,0,0,-1
german,mlp,32,existing_credits,relative_plus_10,0.1,1.0,1.1,0.06159397700408669,0.06316222225606655,0.0015682452519798565,0.0015682452519798565,0,0,0,-1
german,mlp,33,existing_credits,relative_plus_10,0.1,1.0,1.1,0.2452309775841329,0.2516735691003703,0.0064425915162374114,0.0064425915162374114,0,0,0,-1
german,mlp,34,existing_credits,relative_plus_10,0.1,1.0,1.1,0.5123814318058395,0.5146775649473927,0.0022961331415531916,0.0022961331415531916,1,1,0,-1
german,mlp,35,existing_credits,relative_plus_10,0.1,1.0,1.1,0.4040062504090185,0.40514717584509147,0.0011409254360729704,0.0011409254360729704,0,0,0,-1
german,mlp,36,existing_credits,relative_plus_10,0.1,1.0,1.1,0.39041320626672604,0.39374846843545364,0.003335262168727593,0.003335262168727593,0,0,0,-1
german,mlp,37,existing_credits,relative_plus_10,0.1,2.0,2.2,0.3668266156268264,0.36074578289692916,-0.006080832729897234,0.006080832729897234,0,0,0,-1
german,mlp,38,existing_credits,relative_plus_10,0.1,4.0,4.4,0.399240031305948,0.3931728900583101,-0.006067141247637908,0.006067141247637908,0,0,0,-1
german,mlp,39,existing_credits,relative_plus_10,0.1,1.0,1.1,0.31310442539427324,0.31470679962669623,0.0016023742324229873,0.0016023742324229873,0,0,0,-1
german,mlp,40,existing_credits,relative_plus_10,0.1,2.0,2.2,0.3333594981968233,0.3315351197821497,-0.0018243784146735886,0.0018243784146735886,0,0,0,-1
german,mlp,41,existing_credits,relative_plus_10,0.1,1.0,1.1,0.3016974078180434,0.2981268108314891,-0.003570596986554264,0.003570596986554264,0,0,0,-1
german,mlp,42,existing_credits,relative_plus_10,0.1,1.0,1.1,0.3967842920357588,0.39646263216242517,-0.0003216598733336573,0.0003216598733336573,0,0,0,-1
german,mlp,43,existing_credits,relative_plus_10,0.1,1.0,1.1,0.2191377203672374,0.22069424535297055,0.0015565249857331653,0.0015565249857331653,0,0,0,-1
german,mlp,44,existing_credits,relative_plus_10,0.1,1.0,1.1,0.30746499417314455,0.31321541253777796,0.005750418364633414,0.005750418364633414,0,0,0,-1
german,mlp,45,existing_credits,relative_plus_10,0.1,1.0,1.1,0.19417247812730504,0.19825738921768127,0.004084911090376231,0.004084911090376231,0,0,0,-1
german,mlp,46,existing_credits,relative_plus_10,0.1,1.0,1.1,0.19798688045008261,0.19802636463724077,3.948418715815638e-05,3.948418715815638e-05,0,0,0,-1
german,mlp,47,existing_credits,relative_plus_10,0.1,2.0,2.2,0.2718695537935461,0.2713683666680044,-0.0005011871255417022,0.0005011871255417022,0,0,0,-1
german,mlp,48,existing_credits,relative_plus_10,0.1,2.0,2.2,0.1750165253584432,0.17362795589477442,-0.0013885694636687762,0.0013885694636687762,0,0,0,-1
german,mlp,49,existing_credits,relative_plus_10,0.1,1.0,1.1,0.4588613965006128,0.4607192587506647,0.0018578622500519115,0.0018578622500519115,0,0,0,-1
german,mlp,50,existing_credits,relative_plus_10,0.1,1.0,1.1,0.25833505988114175,0.26396513920133324,0.0056300793201914945,0.0056300793201914945,0,0,0,-1
german,mlp,51,existing_credits,relative_plus_10,0.1,1.0,1.1,0.23994228781447036,0.2394983466618631,-0.0004439411526072634,0.0004439411526072634,0,0,0,-1
german,mlp,52,existing_credits,relative_plus_10,0.1,2.0,2.2,0.25197598703294255,0.24817873769555268,-0.0037972493373898686,0.0037972493373898686,0,0,0,-1
german,mlp,53,existing_credits,relative_plus_10,0.1,1.0,1.1,0.24562077738290533,0.24957278296038418,0.003952005577478851,0.003952005577478851,0,0,0,-1
german,mlp,54,existing_credits,relative_plus_10,0.1,2.0,2.2,0.18732343132224302,0.18190115976117352,-0.005422271561069503,0.005422271561069503,0,0,0,-1
german,mlp,55,existing_credits,relative_plus_10,0.1,1.0,1.1,0.3754380929776099,0.37883800711914833,0.0033999141415384515,0.0033999141415384515,0,0,0,-1
german,mlp,56,existing_credits,relative_plus_10,0.1,2.0,2.2,0.33683635847007065,0.33845133487717777,0.001614976407107116,0.001614976407107116,0,0,0,-1
german,mlp,57,existing_credits,relative_plus_10,0.1,1.0,1.1,0.4247782060955582,0.42192019214148874,-0.0028580139540694827,0.0028580139540694827,0,0,0,-1
german,mlp,58,existing_credits,relative_plus_10,0.1,1.0,1.1,0.20020788889953503,0.20230287166979186,0.0020949827702568258,0.0020949827702568258,0,0,0,-1
german,mlp,59,existing_credits,relative_plus_10,0.1,1.0,1.1,0.5357836989632669,0.5425169423739394,0.006733243410672496,0.006733243410672496,1,1,0,-1
german,mlp,60,existing_credits,relative_plus_10,0.1,2.0,2.2,0.33610005721370495,0.335303137033322,-0.0007969201803829651,0.0007969201803829651,0,0,0,-1
german,mlp,61,existing_credits,relative_plus_10,0.1,2.0,2.2,0.21555248127528462,0.22299992268371785,0.007447441408433231,0.007447441408433231,0,0,0,-1
german,mlp,62,existing_credits,relative_plus_10,0.1,1.0,1.1,0.26851517186260315,0.26896667458699963,0.00045150272439647976,0.00045150272439647976,0,0,0,-1
german,mlp,63,existing_credits,relative_plus_10,0.1,1.0,1.1,0.42519995561469526,0.4258848187133978,0.0006848630987025262,0.0006848630987025262,0,0,0,-1
german,mlp,64,existing_credits,relative_plus_10,0.1,1.0,1.1,0.3902998055499012,0.3883318032088438,-0.0019680023410573733,0.0019680023410573733,0,0,0,-1
german,mlp,65,existing_credits,relative_plus_10,0.1,1.0,1.1,0.22708278958567477,0.23072734442648046,0.003644554840805697,0.003644554840805697,0,0,0,-1
german,mlp,66,existing_credits,relative_plus_10,0.1,2.0,2.2,0.43863287851091937,0.43928310422946554,0.0006502257185461713,0.0006502257185461713,0,0,0,-1
german,mlp,67,existing_credits,relative_plus_10,0.1,2.0,2.2,0.6061115695108918,0.6017727670646877,-0.004338802446204104,0.004338802446204104,1,1,0,-1
german,mlp,68,existing_credits,relative_plus_10,0.1,4.0,4.4,0.367077678742253,0.3530152810440856,-0.014062397698167417,0.014062397698167417,0,0,0,-1
german,mlp,69,existing_credits,relative_plus_10,0.1,1.0,1.1,0.4207072819437597,0.4180338269278395,-0.002673455015920201,0.002673455015920201,0,0,0,-1
german,mlp,70,existing_credits,relative_plus_10,0.1,1.0,1.1,0.35120868452508525,0.34975000854478283,-0.0014586759803024152,0.0014586759803024152,0,0,0,-1
german,mlp,71,existing_credits,relative_plus_10,0.1,1.0,1.1,0.2326481332416817,0.2329703225193671,0.00032218927768540295,0.00032218927768540295,0,0,0,-1
german,mlp,72,existing_credits,relative_plus_10,0.1,1.0,1.1,0.17579921113180116,0.1755894063995495,-0.00020980473225165608,0.00020980473225165608,0,0,0,-1
german,mlp,73,existing_credits,relative_plus_10,0.1,1.0,1.1,0.22932773566828754,0.2285520925420755,-0.0007756431262120334,0.0007756431262120334,0,0,0,-1
german,mlp,74,existing_credits,relative_plus_10,0.1,2.0,2.2,0.21586888817903582,0.2310862607369069,0.01521737255787109,0.01521737255787109,0,0,0,-1
german,mlp,75,existing_credits,relative_plus_10,0.1,1.0,1.1,0.4423554762861602,0.44269254008789144,0.00033706380173126327,0.00033706380173126327,0,0,0,-1
german,mlp,76,existing_credits,relative_plus_10,0.1,3.0,3.3,0.32507530002633894,0.32922488201413336,0.004149581987794415,0.004149581987794415,0,0,0,-1
german,mlp,77,existing_credits,relative_plus_10,0.1,2.0,2.2,0.3010734026184118,0.29321745023157275,-0.00785595238683906,0.00785595238683906,0,0,0,-1
german,mlp,78,existing_credits,relative_plus_10,0.1,1.0,1.1,0.24763530518832041,0.24786100687504575,0.00022570168672533808,0.00022570168672533808,0,0,0,-1
german,mlp,79,existing_credits,relative_plus_10,0.1,1.0,1.1,0.4172248844520669,0.4182371593792562,0.001012274927189305,0.001012274927189305,0,0,0,-1
german,mlp,80,existing_credits,relative_plus_10,0.1,1.0,1.1,0.284838415529233,0.28282368279564984,-0.0020147327335831577,0.0020147327335831577,0,0,0,-1
german,mlp,81,existing_credits,relative_plus_10,0.1,1.0,1.1,0.17349396284028698,0.17330683606767983,-0.0001871267726071546,0.0001871267726071546,0,0,0,-1
german,mlp,82,existing_credits,relative_plus_10,0.1,1.0,1.1,0.39424334337811145,0.39806401949660636,0.0038206761184949034,0.0038206761184949034,0,0,0,-1
german,mlp,83,existing_credits,relative_plus_10,0.1,2.0,2.2,0.367820580992647,0.36368696003291506,-0.00413362095973191,0.00413362095973191,0,0,0,-1
german,mlp,84,existing_credits,relative_plus_10,0.1,1.0,1.1,0.3448230799863803,0.35449794952597535,0.009674869539595066,0.009674869539595066,0,0,0,-1
german,mlp,85,existing_credits,relative_plus_10,0.1,1.0,1.1,0.2444924421566889,0.24776846180749587,0.0032760196508069828,0.0032760196508069828,0,0,0,-1
german,mlp,86,existing_credits,relative_plus_10,0.1,1.0,1.1,0.29800204425166227,0.30158651208344667,0.003584467831784399,0.003584467831784399,0,0,0,-1
german,mlp,87,existing_credits,relative_plus_10,0.1,1.0,1.1,0.4966269950842168,0.4952206448660802,-0.0014063502181366205,0.0014063502181366205,0,0,0,-1
german,mlp,88,existing_credits,relative_plus_10,0.1,2.0,2.2,0.23144707170933512,0.23740053287520652,0.005953461165871393,0.005953461165871393,0,0,0,-1
german,mlp,89,existing_credits,relative_plus_10,0.1,1.0,1.1,0.6400407350476786,0.6375794664644755,-0.002461268583203058,0.002461268583203058,1,1,0,-1
german,mlp,90,existing_credits,relative_plus_10,0.1,1.0,1.1,0.4822416863981328,0.486795514143042,0.0045538277449092,0.0045538277449092,0,0,0,-1
german,mlp,91,existing_credits,relative_plus_10,0.1,1.0,1.1,0.40143078123405807,0.403619657168242,0.0021888759341839314,0.0021888759341839314,0,0,0,-1
german,mlp,92,existing_credits,relative_plus_10,0.1,1.0,1.1,0.44359454779618673,0.4458521294442496,0.0022575816480628896,0.0022575816480628896,0,0,0,-1
german,mlp,93,existing_credits,relative_plus_10,0.1,2.0,2.2,0.3046662796706493,0.2988452828193289,-0.005820996851320426,0.005820996851320426,0,0,0,-1
german,mlp,94,existing_credits,relative_plus_10,0.1,2.0,2.2,0.12739534911392703,0.12869151948171217,0.0012961703677851488,0.0012961703677851488,0,0,0,-1
german,mlp,95,existing_credits,relative_plus_10,0.1,1.0,1.1,0.15522877788983463,0.15656326416418723,0.001334486274352592,0.001334486274352592,0,0,0,-1
german,mlp,96,existing_credits,relative_plus_10,0.1,1.0,1.1,0.36442913704527324,0.37311550434326524,0.008686367297991993,0.008686367297991993,0,0,0,-1
german,mlp,97,existing_credits,relative_plus_10,0.1,2.0,2.2,0.25451466263318945,0.25369494555492006,-0.0008197170782693886,0.0008197170782693886,0,0,0,-1
german,mlp,98,existing_credits,relative_plus_10,0.1,2.0,2.2,0.6586898441318234,0.6695262247297528,0.010836380597929351,0.010836380597929351,1,1,0,-1
german,mlp,99,existing_credits,relative_plus_10,0.1,1.0,1.1,0.24855132238008826,0.24893872819455465,0.00038740581446639055,0.00038740581446639055,0,0,0,-1
german,mlp,0,num_dependents,relative_minus_5,-0.05,1.0,1.05,0.2868824306481333,0.28683682027726704,-4.5610370866255856e-05,4.5610370866255856e-05,0,0,0,-1
german,mlp,1,num_dependents,relative_minus_5,-0.05,1.0,1.05,0.4198976318717018,0.41584961513069973,-0.004048016741002081,0.004048016741002081,0,0,0,-1
german,mlp,2,num_dependents,relative_minus_5,-0.05,1.0,1.05,0.26258346992117976,0.26338013593694387,0.0007966660157641137,0.0007966660157641137,0,0,0,-1
german,mlp,3,num_dependents,relative_minus_5,-0.05,1.0,1.05,0.1802774281890517,0.18442935753419076,0.004151929345139055,0.004151929345139055,0,0,0,-1
german,mlp,4,num_dependents,relative_minus_5,-0.05,2.0,2.1,0.1819840520060159,0.17488852148834402,-0.007095530517671866,0.007095530517671866,0,0,0,-1
german,mlp,5,num_dependents,relative_minus_5,-0.05,1.0,1.05,0.2043107705535393,0.2052242022551904,0.0009134317016510907,0.0009134317016510907,0,0,0,-1
german,mlp,6,num_dependents,relative_minus_5,-0.05,1.0,1.05,0.24145627495089156,0.23896854326122788,-0.0024877316896636803,0.0024877316896636803,0,0,0,-1
german,mlp,7,num_dependents,relative_minus_5,-0.05,1.0,1.05,0.361249588683193,0.36405684130474736,0.002807252621554346,0.002807252621554346,0,0,0,-1
german,mlp,8,num_dependents,relative_minus_5,-0.05,1.0,1.05,0.29833305974606383,0.305160172533871,0.006827112787807177,0.006827112787807177,0,0,0,-1
german,mlp,9,num_dependents,relative_minus_5,-0.05,1.0,1.05,0.4084749758946331,0.41401823471535093,0.005543258820717822,0.005543258820717822,0,0,0,-1
german,mlp,10,num_dependents,relative_minus_5,-0.05,1.0,1.05,0.1978244007482361,0.19477974133577403,-0.0030446594124620696,0.0030446594124620696,0,0,0,-1
german,mlp,11,num_dependents,relative_minus_5,-0.05,1.0,1.05,0.4490305536205001,0.454639253375338,0.005608699754837909,0.005608699754837909,0,0,0,-1
german,mlp,12,num_dependents,relative_minus_5,-0.05,1.0,1.05,0.3380754225555931,0.34098256786780295,0.002907145312209869,0.002907145312209869,0,0,0,-1
german,mlp,13,num_dependents,relative_minus_5,-0.05,1.0,1.05,0.3226170260018927,0.3222387304194105,-0.0003782955824822021,0.0003782955824822021,0,0,0,-1
german,mlp,14,num_dependents,relative_minus_5,-0.05,2.0,2.1,0.1607190907005708,0.15698863471089408,-0.003730455989676723,0.003730455989676723,0,0,0,-1
german,mlp,15,num_dependents,relative_minus_5,-0.05,1.0,1.05,0.2991772357699808,0.29900735226781444,-0.00016988350216634585,0.00016988350216634585,0,0,0,-1
german,mlp,16,num_dependents,relative_minus_5,-0.05,2.0,2.1,0.07569409040610586,0.07688986757946657,0.0011957771733607098,0.0011957771733607098,0,0,0,-1
german,mlp,17,num_dependents,relative_minus_5,-0.05,1.0,1.05,0.320382999871944,0.3198451847534438,-0.0005378151185002067,0.0005378151185002067,0,0,0,-1
german,mlp,18,num_dependents,relative_minus_5,-0.05,1.0,1.05,0.21792612201370706,0.2150351741082817,-0.0028909479054253506,0.0028909479054253506,0,0,0,-1
german,mlp,19,num_dependents,relative_minus_5,-0.05,1.0,1.05,0.5132077646135412,0.513147812088073,-5.9952525468198736e-05,5.9952525468198736e-05,1,1,0,-1
german,mlp,20,num_dependents,relative_minus_5,-0.05,2.0,2.1,0.16826818543871874,0.1695428296035529,0.0012746441648341655,0.0012746441648341655,0,0,0,-1
german,mlp,21,num_dependents,relative_minus_5,-0.05,2.0,2.1,0.18871648712224667,0.18899419056416922,0.00027770344192254437,0.00027770344192254437,0,0,0,-1
german,mlp,22,num_dependents,relative_minus_5,-0.05,1.0,1.05,0.2340361932873373,0.23054352970461947,-0.0034926635827178254,0.0034926635827178254,0,0,0,-1
german,mlp,23,num_dependents,relative_minus_5,-0.05,1.0,1.05,0.49953972896498505,0.50164051661205,0.00210078764706495,0.00210078764706495,0,1,1,-1
german,mlp,24,num_dependents,relative_minus_5,-0.05,1.0,1.05,0.3945250994274686,0.394657079297099,0.000131979869630372,0.000131979869630372,0,0,0,-1
german,mlp,25,num_dependents,relative_minus_5,-0.05,1.0,1.05,0.1999714289423839,0.20181854300808122,0.0018471140656973195,0.0018471140656973195,0,0,0,-1
german,mlp,26,num_dependents,relative_minus_5,-0.05,1.0,1.05,0.2622371730736121,0.25965289394007207,-0.002584279133540035,0.002584279133540035,0,0,0,-1
german,mlp,27,num_dependents,relative_minus_5,-0.05,1.0,1.05,0.40187252116986394,0.4061714317296025,0.004298910559738578,0.004298910559738578,0,0,0,-1
german,mlp,28,num_dependents,relative_minus_5,-0.05,1.0,1.05,0.21975633548972673,0.2178941232106539,-0.0018622122790728224,0.0018622122790728224,0,0,0,-1
german,mlp,29,num_dependents,relative_minus_5,-0.05,1.0,1.05,0.28996688444799096,0.2883383910140205,-0.0016284934339704793,0.0016284934339704793,0,0,0,-1
german,mlp,30,num_dependents,relative_minus_5,-0.05,1.0,1.05,0.5843997058285129,0.5885811314414493,0.00418142561293644,0.00418142561293644,1,1,0,-1
german,mlp,31,num_dependents,relative_minus_5,-0.05,1.0,1.05,0.42703271675750654,0.4233053668498446,-0.0037273499076619365,0.0037273499076619365,0,0,0,-1
german,mlp,32,num_dependents,relative_minus_5,-0.05,1.0,1.05,0.06159397700408669,0.061079629604957206,-0.0005143473991294847,0.0005143473991294847,0,0,0,-1
german,mlp,33,num_dependents,relative_minus_5,-0.05,1.0,1.05,0.2452309775841329,0.2456998858844738,0.0004689083003409089,0.0004689083003409089,0,0,0,-1
german,mlp,34,num_dependents,relative_minus_5,-0.05,2.0,2.1,0.5123814318058395,0.5169778321291807,0.004596400323341188,0.004596400323341188,1,1,0,-1
german,mlp,35,num_dependents,relative_minus_5,-0.05,1.0,1.05,0.4040062504090185,0.4003509057554277,-0.0036553446535907974,0.0036553446535907974,0,0,0,-1
german,mlp,36,num_dependents,relative_minus_5,-0.05,1.0,1.05,0.39041320626672604,0.3860682191808155,-0.004344987085910523,0.004344987085910523,0,0,0,-1
german,mlp,37,num_dependents,relative_minus_5,-0.05,1.0,1.05,0.3668266156268264,0.370544042066463,0.0037174264396366286,0.0037174264396366286,0,0,0,-1
german,mlp,38,num_dependents,relative_minus_5,-0.05,1.0,1.05,0.399240031305948,0.39917109824412456,-6.893306182342851e-05,6.893306182342851e-05,0,0,0,-1
german,mlp,39,num_dependents,relative_minus_5,-0.05,1.0,1.05,0.31310442539427324,0.3160949074028174,0.002990482008544182,0.002990482008544182,0,0,0,-1
german,mlp,40,num_dependents,relative_minus_5,-0.05,1.0,1.05,0.3333594981968233,0.3342303200933907,0.0008708218965673975,0.0008708218965673975,0,0,0,-1
german,mlp,41,num_dependents,relative_minus_5,-0.05,2.0,2.1,0.3016974078180434,0.29676761279408287,-0.004929795023960515,0.004929795023960515,0,0,0,-1
german,mlp,42,num_dependents,relative_minus_5,-0.05,1.0,1.05,0.3967842920357588,0.3971425663553453,0.00035827431958646017,0.00035827431958646017,0,0,0,-1
german,mlp,43,num_dependents,relative_minus_5,-0.05,1.0,1.05,0.2191377203672374,0.2165035948374472,-0.002634125529790199,0.002634125529790199,0,0,0,-1
german,mlp,44,num_dependents,relative_minus_5,-0.05,2.0,2.1,0.30746499417314455,0.30134349715619874,-0.006121497016945809,0.006121497016945809,0,0,0,-1
german,mlp,45,num_dependents,relative_minus_5,-0.05,1.0,1.05,0.19417247812730504,0.19337828244147232,-0.0007941956858327215,0.0007941956858327215,0,0,0,-1
german,mlp,46,num_dependents,relative_minus_5,-0.05,1.0,1.05,0.19798688045008261,0.19625499761950027,-0.001731882830582343,0.001731882830582343,0,0,0,-1
german,mlp,47,num_dependents,relative_minus_5,-0.05,1.0,1.05,0.2718695537935461,0.27247979554373036,0.0006102417501842594,0.0006102417501842594,0,0,0,-1
german,mlp,48,num_dependents,relative_minus_5,-0.05,1.0,1.05,0.1750165253584432,0.17430881079983518,-0.0007077145586080191,0.0007077145586080191,0,0,0,-1
german,mlp,49,num_dependents,relative_minus_5,-0.05,1.0,1.05,0.4588613965006128,0.45777806707050545,-0.0010833294301073604,0.0010833294301073604,0,0,0,-1
german,mlp,50,num_dependents,relative_minus_5,-0.05,1.0,1.05,0.25833505988114175,0.2561591788434946,-0.002175881037647154,0.002175881037647154,0,0,0,-1
german,mlp,51,num_dependents,relative_minus_5,-0.05,2.0,2.1,0.23994228781447036,0.23475905691001625,-0.005183230904454106,0.005183230904454106,0,0,0,-1
german,mlp,52,num_dependents,relative_minus_5,-0.05,1.0,1.05,0.25197598703294255,0.24948043587078006,-0.0024955511621624904,0.0024955511621624904,0,0,0,-1
german,mlp,53,num_dependents,relative_minus_5,-0.05,1.0,1.05,0.24562077738290533,0.24660012899157652,0.0009793516086711862,0.0009793516086711862,0,0,0,-1
german,mlp,54,num_dependents,relative_minus_5,-0.05,1.0,1.05,0.18732343132224302,0.1901491210295537,0.0028256897073106746,0.0028256897073106746,0,0,0,-1
german,mlp,55,num_dependents,relative_minus_5,-0.05,1.0,1.05,0.3754380929776099,0.3736382160363967,-0.0017998769412131965,0.0017998769412131965,0,0,0,-1
german,mlp,56,num_dependents,relative_minus_5,-0.05,1.0,1.05,0.33683635847007065,0.3392255074238244,0.0023891489537537502,0.0023891489537537502,0,0,0,-1
german,mlp,57,num_dependents,relative_minus_5,-0.05,1.0,1.05,0.4247782060955582,0.4276796617431573,0.0029014556475990827,0.0029014556475990827,0,0,0,-1
german,mlp,58,num_dependents,relative_minus_5,-0.05,1.0,1.05,0.20020788889953503,0.20074868974139864,0.0005408008418636145,0.0005408008418636145,0,0,0,-1
german,mlp,59,num_dependents,relative_minus_5,-0.05,1.0,1.05,0.5357836989632669,0.5434301902413677,0.007646491278100798,0.007646491278100798,1,1,0,-1
german,mlp,60,num_dependents,relative_minus_5,-0.05,1.0,1.05,0.33610005721370495,0.3397507378249681,0.0036506806112631685,0.0036506806112631685,0,0,0,-1
german,mlp,61,num_dependents,relative_minus_5,-0.05,1.0,1.05,0.21555248127528462,0.21355853727067706,-0.001993944004607562,0.001993944004607562,0,0,0,-1
german,mlp,62,num_dependents,relative_minus_5,-0.05,1.0,1.05,0.26851517186260315,0.27014990721670035,0.0016347353540971943,0.0016347353540971943,0,0,0,-1
german,mlp,63,num_dependents,relative_minus_5,-0.05,1.0,1.05,0.42519995561469526,0.4244096793140479,-0.0007902763006473745,0.0007902763006473745,0,0,0,-1
german,mlp,64,num_dependents,relative_minus_5,-0.05,1.0,1.05,0.3902998055499012,0.3897325967911465,-0.0005672087587546559,0.0005672087587546559,0,0,0,-1
german,mlp,65,num_dependents,relative_minus_5,-0.05,1.0,1.05,0.22708278958567477,0.23110922526650368,0.004026435680828916,0.004026435680828916,0,0,0,-1
german,mlp,66,num_dependents,relative_minus_5,-0.05,2.0,2.1,0.43863287851091937,0.4446716907696795,0.006038812258760129,0.006038812258760129,0,0,0,-1
german,mlp,67,num_dependents,relative_minus_5,-0.05,1.0,1.05,0.6061115695108918,0.6050362314896881,-0.0010753380212037422,0.0010753380212037422,1,1,0,-1
german,mlp,68,num_dependents,relative_minus_5,-0.05,2.0,2.1,0.367077678742253,0.38128660583726276,0.01420892709500976,0.01420892709500976,0,0,0,-1
german,mlp,69,num_dependents,relative_minus_5,-0.05,1.0,1.05,0.4207072819437597,0.4222609832321017,0.0015537012883419798,0.0015537012883419798,0,0,0,-1
german,mlp,70,num_dependents,relative_minus_5,-0.05,1.0,1.05,0.35120868452508525,0.3515360338759161,0.00032734935083084116,0.00032734935083084116,0,0,0,-1
german,mlp,71,num_dependents,relative_minus_5,-0.05,2.0,2.1,0.2326481332416817,0.2392183914549424,0.006570258213260682,0.006570258213260682,0,0,0,-1
german,mlp,72,num_dependents,relative_minus_5,-0.05,2.0,2.1,0.17579921113180116,0.17353118626312072,-0.0022680248686804405,0.0022680248686804405,0,0,0,-1
german,mlp,73,num_dependents,relative_minus_5,-0.05,1.0,1.05,0.22932773566828754,0.23352623486506005,0.004198499196772509,0.004198499196772509,0,0,0,-1
german,mlp,74,num_dependents,relative_minus_5,-0.05,1.0,1.05,0.21586888817903582,0.21384424562187973,-0.002024642557156092,0.002024642557156092,0,0,0,-1
german,mlp,75,num_dependents,relative_minus_5,-0.05,1.0,1.05,0.4423554762861602,0.4412811534518977,-0.0010743228342624533,0.0010743228342624533,0,0,0,-1
german,mlp,76,num_dependents,relative_minus_5,-0.05,1.0,1.05,0.32507530002633894,0.32873072174685736,0.0036554217205184147,0.0036554217205184147,0,0,0,-1
german,mlp,77,num_dependents,relative_minus_5,-0.05,1.0,1.05,0.3010734026184118,0.30125799463159536,0.0001845920131835488,0.0001845920131835488,0,0,0,-1
german,mlp,78,num_dependents,relative_minus_5,-0.05,1.0,1.05,0.24763530518832041,0.24787372377383718,0.0002384185855167642,0.0002384185855167642,0,0,0,-1
german,mlp,79,num_dependents,relative_minus_5,-0.05,1.0,1.05,0.4172248844520669,0.4195596037755088,0.002334719323441925,0.002334719323441925,0,0,0,-1
german,mlp,80,num_dependents,relative_minus_5,-0.05,1.0,1.05,0.284838415529233,0.28442333401958414,-0.0004150815096488625,0.0004150815096488625,0,0,0,-1
german,mlp,81,num_dependents,relative_minus_5,-0.05,2.0,2.1,0.17349396284028698,0.1739155456602809,0.0004215828199939098,0.0004215828199939098,0,0,0,-1
german,mlp,82,num_dependents,relative_minus_5,-0.05,1.0,1.05,0.39424334337811145,0.392601132445835,-0.0016422109322764555,0.0016422109322764555,0,0,0,-1
german,mlp,83,num_dependents,relative_minus_5,-0.05,2.0,2.1,0.367820580992647,0.36882610319744097,0.001005522204793996,0.001005522204793996,0,0,0,-1
german,mlp,84,num_dependents,relative_minus_5,-0.05,1.0,1.05,0.3448230799863803,0.3460905326033771,0.0012674526169967892,0.0012674526169967892,0,0,0,-1
german,mlp,85,num_dependents,relative_minus_5,-0.05,2.0,2.1,0.2444924421566889,0.23971142358240397,-0.004781018574284923,0.004781018574284923,0,0,0,-1
german,mlp,86,num_dependents,relative_minus_5,-0.05,1.0,1.05,0.29800204425166227,0.29356982101829837,-0.004432223233363897,0.004432223233363897,0,0,0,-1
german,mlp,87,num_dependents,relative_minus_5,-0.05,1.0,1.05,0.4966269950842168,0.49572169890678447,-0.0009052961774323465,0.0009052961774323465,0,0,0,-1
german,mlp,88,num_dependents,relative_minus_5,-0.05,1.0,1.05,0.23144707170933512,0.22923445112583668,-0.0022126205834984425,0.0022126205834984425,0,0,0,-1
german,mlp,89,num_dependents,relative_minus_5,-0.05,1.0,1.05,0.6400407350476786,0.647148344858659,0.007107609810980464,0.007107609810980464,1,1,0,-1
german,mlp,90,num_dependents,relative_minus_5,-0.05,1.0,1.05,0.4822416863981328,0.4849315639943196,0.002689877596186774,0.002689877596186774,0,0,0,-1
german,mlp,91,num_dependents,relative_minus_5,-0.05,1.0,1.05,0.40143078123405807,0.40550151087387765,0.004070729639819581,0.004070729639819581,0,0,0,-1
german,mlp,92,num_dependents,relative_minus_5,-0.05,1.0,1.05,0.44359454779618673,0.44473949540315527,0.0011449476069685383,0.0011449476069685383,0,0,0,-1
german,mlp,93,num_dependents,relative_minus_5,-0.05,1.0,1.05,0.3046662796706493,0.3014088089473206,-0.003257470723328715,0.003257470723328715,0,0,0,-1
german,mlp,94,num_dependents,relative_minus_5,-0.05,1.0,1.05,0.12739534911392703,0.12726517000176224,-0.0001301791121647855,0.0001301791121647855,0,0,0,-1
german,mlp,95,num_dependents,relative_minus_5,-0.05,1.0,1.05,0.15522877788983463,0.15481839724134272,-0.0004103806484919148,0.0004103806484919148,0,0,0,-1
german,mlp,96,num_dependents,relative_minus_5,-0.05,1.0,1.05,0.36442913704527324,0.3633312588102208,-0.0010978782350524185,0.0010978782350524185,0,0,0,-1
german,mlp,97,num_dependents,relative_minus_5,-0.05,2.0,2.1,0.25451466263318945,0.25607395211686623,0.0015592894836767845,0.0015592894836767845,0,0,0,-1
german,mlp,98,num_dependents,relative_minus_5,-0.05,1.0,1.05,0.6586898441318234,0.6599459284300087,0.001256084298185245,0.001256084298185245,1,1,0,-1
german,mlp,99,num_dependents,relative_minus_5,-0.05,1.0,1.05,0.24855132238008826,0.2466976509050626,-0.0018536714750256589,0.0018536714750256589,0,0,0,-1
german,mlp,0,num_dependents,relative_plus_5,0.05,1.0,1.05,0.2868824306481333,0.28683682027726704,-4.5610370866255856e-05,4.5610370866255856e-05,0,0,0,-1
german,mlp,1,num_dependents,relative_plus_5,0.05,1.0,1.05,0.4198976318717018,0.41584961513069973,-0.004048016741002081,0.004048016741002081,0,0,0,-1
german,mlp,2,num_dependents,relative_plus_5,0.05,1.0,1.05,0.26258346992117976,0.26338013593694387,0.0007966660157641137,0.0007966660157641137,0,0,0,-1
german,mlp,3,num_dependents,relative_plus_5,0.05,1.0,1.05,0.1802774281890517,0.18442935753419076,0.004151929345139055,0.004151929345139055,0,0,0,-1
german,mlp,4,num_dependents,relative_plus_5,0.05,2.0,2.1,0.1819840520060159,0.17488852148834402,-0.007095530517671866,0.007095530517671866,0,0,0,-1
german,mlp,5,num_dependents,relative_plus_5,0.05,1.0,1.05,0.2043107705535393,0.2052242022551904,0.0009134317016510907,0.0009134317016510907,0,0,0,-1
german,mlp,6,num_dependents,relative_plus_5,0.05,1.0,1.05,0.24145627495089156,0.23896854326122788,-0.0024877316896636803,0.0024877316896636803,0,0,0,-1
german,mlp,7,num_dependents,relative_plus_5,0.05,1.0,1.05,0.361249588683193,0.36405684130474736,0.002807252621554346,0.002807252621554346,0,0,0,-1
german,mlp,8,num_dependents,relative_plus_5,0.05,1.0,1.05,0.29833305974606383,0.305160172533871,0.006827112787807177,0.006827112787807177,0,0,0,-1
german,mlp,9,num_dependents,relative_plus_5,0.05,1.0,1.05,0.4084749758946331,0.41401823471535093,0.005543258820717822,0.005543258820717822,0,0,0,-1
german,mlp,10,num_dependents,relative_plus_5,0.05,1.0,1.05,0.1978244007482361,0.19477974133577403,-0.0030446594124620696,0.0030446594124620696,0,0,0,-1
german,mlp,11,num_dependents,relative_plus_5,0.05,1.0,1.05,0.4490305536205001,0.454639253375338,0.005608699754837909,0.005608699754837909,0,0,0,-1
german,mlp,12,num_dependents,relative_plus_5,0.05,1.0,1.05,0.3380754225555931,0.34098256786780295,0.002907145312209869,0.002907145312209869,0,0,0,-1
german,mlp,13,num_dependents,relative_plus_5,0.05,1.0,1.05,0.3226170260018927,0.3222387304194105,-0.0003782955824822021,0.0003782955824822021,0,0,0,-1
german,mlp,14,num_dependents,relative_plus_5,0.05,2.0,2.1,0.1607190907005708,0.15698863471089408,-0.003730455989676723,0.003730455989676723,0,0,0,-1
german,mlp,15,num_dependents,relative_plus_5,0.05,1.0,1.05,0.2991772357699808,0.29900735226781444,-0.00016988350216634585,0.00016988350216634585,0,0,0,-1
german,mlp,16,num_dependents,relative_plus_5,0.05,2.0,2.1,0.07569409040610586,0.07688986757946657,0.0011957771733607098,0.0011957771733607098,0,0,0,-1
german,mlp,17,num_dependents,relative_plus_5,0.05,1.0,1.05,0.320382999871944,0.3198451847534438,-0.0005378151185002067,0.0005378151185002067,0,0,0,-1
german,mlp,18,num_dependents,relative_plus_5,0.05,1.0,1.05,0.21792612201370706,0.2150351741082817,-0.0028909479054253506,0.0028909479054253506,0,0,0,-1
german,mlp,19,num_dependents,relative_plus_5,0.05,1.0,1.05,0.5132077646135412,0.513147812088073,-5.9952525468198736e-05,5.9952525468198736e-05,1,1,0,-1
german,mlp,20,num_dependents,relative_plus_5,0.05,2.0,2.1,0.16826818543871874,0.1695428296035529,0.0012746441648341655,0.0012746441648341655,0,0,0,-1
german,mlp,21,num_dependents,relative_plus_5,0.05,2.0,2.1,0.18871648712224667,0.18899419056416922,0.00027770344192254437,0.00027770344192254437,0,0,0,-1
german,mlp,22,num_dependents,relative_plus_5,0.05,1.0,1.05,0.2340361932873373,0.23054352970461947,-0.0034926635827178254,0.0034926635827178254,0,0,0,-1
german,mlp,23,num_dependents,relative_plus_5,0.05,1.0,1.05,0.49953972896498505,0.50164051661205,0.00210078764706495,0.00210078764706495,0,1,1,-1
german,mlp,24,num_dependents,relative_plus_5,0.05,1.0,1.05,0.3945250994274686,0.394657079297099,0.000131979869630372,0.000131979869630372,0,0,0,-1
german,mlp,25,num_dependents,relative_plus_5,0.05,1.0,1.05,0.1999714289423839,0.20181854300808122,0.0018471140656973195,0.0018471140656973195,0,0,0,-1
german,mlp,26,num_dependents,relative_plus_5,0.05,1.0,1.05,0.2622371730736121,0.25965289394007207,-0.002584279133540035,0.002584279133540035,0,0,0,-1
german,mlp,27,num_dependents,relative_plus_5,0.05,1.0,1.05,0.40187252116986394,0.4061714317296025,0.004298910559738578,0.004298910559738578,0,0,0,-1
german,mlp,28,num_dependents,relative_plus_5,0.05,1.0,1.05,0.21975633548972673,0.2178941232106539,-0.0018622122790728224,0.0018622122790728224,0,0,0,-1
german,mlp,29,num_dependents,relative_plus_5,0.05,1.0,1.05,0.28996688444799096,0.2883383910140205,-0.0016284934339704793,0.0016284934339704793,0,0,0,-1
german,mlp,30,num_dependents,relative_plus_5,0.05,1.0,1.05,0.5843997058285129,0.5885811314414493,0.00418142561293644,0.00418142561293644,1,1,0,-1
german,mlp,31,num_dependents,relative_plus_5,0.05,1.0,1.05,0.42703271675750654,0.4233053668498446,-0.0037273499076619365,0.0037273499076619365,0,0,0,-1
german,mlp,32,num_dependents,relative_plus_5,0.05,1.0,1.05,0.06159397700408669,0.061079629604957206,-0.0005143473991294847,0.0005143473991294847,0,0,0,-1
german,mlp,33,num_dependents,relative_plus_5,0.05,1.0,1.05,0.2452309775841329,0.2456998858844738,0.0004689083003409089,0.0004689083003409089,0,0,0,-1
german,mlp,34,num_dependents,relative_plus_5,0.05,2.0,2.1,0.5123814318058395,0.5169778321291807,0.004596400323341188,0.004596400323341188,1,1,0,-1
german,mlp,35,num_dependents,relative_plus_5,0.05,1.0,1.05,0.4040062504090185,0.4003509057554277,-0.0036553446535907974,0.0036553446535907974,0,0,0,-1
german,mlp,36,num_dependents,relative_plus_5,0.05,1.0,1.05,0.39041320626672604,0.3860682191808155,-0.004344987085910523,0.004344987085910523,0,0,0,-1
german,mlp,37,num_dependents,relative_plus_5,0.05,1.0,1.05,0.3668266156268264,0.370544042066463,0.0037174264396366286,0.0037174264396366286,0,0,0,-1
german,mlp,38,num_dependents,relative_plus_5,0.05,1.0,1.05,0.399240031305948,0.39917109824412456,-6.893306182342851e-05,6.893306182342851e-05,0,0,0,-1
german,mlp,39,num_dependents,relative_plus_5,0.05,1.0,1.05,0.31310442539427324,0.3160949074028174,0.002990482008544182,0.002990482008544182,0,0,0,-1
german,mlp,40,num_dependents,relative_plus_5,0.05,1.0,1.05,0.3333594981968233,0.3342303200933907,0.0008708218965673975,0.0008708218965673975,0,0,0,-1
german,mlp,41,num_dependents,relative_plus_5,0.05,2.0,2.1,0.3016974078180434,0.29676761279408287,-0.004929795023960515,0.004929795023960515,0,0,0,-1
german,mlp,42,num_dependents,relative_plus_5,0.05,1.0,1.05,0.3967842920357588,0.3971425663553453,0.00035827431958646017,0.00035827431958646017,0,0,0,-1
german,mlp,43,num_dependents,relative_plus_5,0.05,1.0,1.05,0.2191377203672374,0.2165035948374472,-0.002634125529790199,0.002634125529790199,0,0,0,-1
german,mlp,44,num_dependents,relative_plus_5,0.05,2.0,2.1,0.30746499417314455,0.30134349715619874,-0.006121497016945809,0.006121497016945809,0,0,0,-1
german,mlp,45,num_dependents,relative_plus_5,0.05,1.0,1.05,0.19417247812730504,0.19337828244147232,-0.0007941956858327215,0.0007941956858327215,0,0,0,-1
german,mlp,46,num_dependents,relative_plus_5,0.05,1.0,1.05,0.19798688045008261,0.19625499761950027,-0.001731882830582343,0.001731882830582343,0,0,0,-1
german,mlp,47,num_dependents,relative_plus_5,0.05,1.0,1.05,0.2718695537935461,0.27247979554373036,0.0006102417501842594,0.0006102417501842594,0,0,0,-1
german,mlp,48,num_dependents,relative_plus_5,0.05,1.0,1.05,0.1750165253584432,0.17430881079983518,-0.0007077145586080191,0.0007077145586080191,0,0,0,-1
german,mlp,49,num_dependents,relative_plus_5,0.05,1.0,1.05,0.4588613965006128,0.45777806707050545,-0.0010833294301073604,0.0010833294301073604,0,0,0,-1
german,mlp,50,num_dependents,relative_plus_5,0.05,1.0,1.05,0.25833505988114175,0.2561591788434946,-0.002175881037647154,0.002175881037647154,0,0,0,-1
german,mlp,51,num_dependents,relative_plus_5,0.05,2.0,2.1,0.23994228781447036,0.23475905691001625,-0.005183230904454106,0.005183230904454106,0,0,0,-1
german,mlp,52,num_dependents,relative_plus_5,0.05,1.0,1.05,0.25197598703294255,0.24948043587078006,-0.0024955511621624904,0.0024955511621624904,0,0,0,-1
german,mlp,53,num_dependents,relative_plus_5,0.05,1.0,1.05,0.24562077738290533,0.24660012899157652,0.0009793516086711862,0.0009793516086711862,0,0,0,-1
german,mlp,54,num_dependents,relative_plus_5,0.05,1.0,1.05,0.18732343132224302,0.1901491210295537,0.0028256897073106746,0.0028256897073106746,0,0,0,-1
german,mlp,55,num_dependents,relative_plus_5,0.05,1.0,1.05,0.3754380929776099,0.3736382160363967,-0.0017998769412131965,0.0017998769412131965,0,0,0,-1
german,mlp,56,num_dependents,relative_plus_5,0.05,1.0,1.05,0.33683635847007065,0.3392255074238244,0.0023891489537537502,0.0023891489537537502,0,0,0,-1
german,mlp,57,num_dependents,relative_plus_5,0.05,1.0,1.05,0.4247782060955582,0.4276796617431573,0.0029014556475990827,0.0029014556475990827,0,0,0,-1
german,mlp,58,num_dependents,relative_plus_5,0.05,1.0,1.05,0.20020788889953503,0.20074868974139864,0.0005408008418636145,0.0005408008418636145,0,0,0,-1
german,mlp,59,num_dependents,relative_plus_5,0.05,1.0,1.05,0.5357836989632669,0.5434301902413677,0.007646491278100798,0.007646491278100798,1,1,0,-1
german,mlp,60,num_dependents,relative_plus_5,0.05,1.0,1.05,0.33610005721370495,0.3397507378249681,0.0036506806112631685,0.0036506806112631685,0,0,0,-1
german,mlp,61,num_dependents,relative_plus_5,0.05,1.0,1.05,0.21555248127528462,0.21355853727067706,-0.001993944004607562,0.001993944004607562,0,0,0,-1
german,mlp,62,num_dependents,relative_plus_5,0.05,1.0,1.05,0.26851517186260315,0.27014990721670035,0.0016347353540971943,0.0016347353540971943,0,0,0,-1
german,mlp,63,num_dependents,relative_plus_5,0.05,1.0,1.05,0.42519995561469526,0.4244096793140479,-0.0007902763006473745,0.0007902763006473745,0,0,0,-1
german,mlp,64,num_dependents,relative_plus_5,0.05,1.0,1.05,0.3902998055499012,0.3897325967911465,-0.0005672087587546559,0.0005672087587546559,0,0,0,-1
german,mlp,65,num_dependents,relative_plus_5,0.05,1.0,1.05,0.22708278958567477,0.23110922526650368,0.004026435680828916,0.004026435680828916,0,0,0,-1
german,mlp,66,num_dependents,relative_plus_5,0.05,2.0,2.1,0.43863287851091937,0.4446716907696795,0.006038812258760129,0.006038812258760129,0,0,0,-1
german,mlp,67,num_dependents,relative_plus_5,0.05,1.0,1.05,0.6061115695108918,0.6050362314896881,-0.0010753380212037422,0.0010753380212037422,1,1,0,-1
german,mlp,68,num_dependents,relative_plus_5,0.05,2.0,2.1,0.367077678742253,0.38128660583726276,0.01420892709500976,0.01420892709500976,0,0,0,-1
german,mlp,69,num_dependents,relative_plus_5,0.05,1.0,1.05,0.4207072819437597,0.4222609832321017,0.0015537012883419798,0.0015537012883419798,0,0,0,-1
german,mlp,70,num_dependents,relative_plus_5,0.05,1.0,1.05,0.35120868452508525,0.3515360338759161,0.00032734935083084116,0.00032734935083084116,0,0,0,-1
german,mlp,71,num_dependents,relative_plus_5,0.05,2.0,2.1,0.2326481332416817,0.2392183914549424,0.006570258213260682,0.006570258213260682,0,0,0,-1
german,mlp,72,num_dependents,relative_plus_5,0.05,2.0,2.1,0.17579921113180116,0.17353118626312072,-0.0022680248686804405,0.0022680248686804405,0,0,0,-1
german,mlp,73,num_dependents,relative_plus_5,0.05,1.0,1.05,0.22932773566828754,0.23352623486506005,0.004198499196772509,0.004198499196772509,0,0,0,-1
german,mlp,74,num_dependents,relative_plus_5,0.05,1.0,1.05,0.21586888817903582,0.21384424562187973,-0.002024642557156092,0.002024642557156092,0,0,0,-1
german,mlp,75,num_dependents,relative_plus_5,0.05,1.0,1.05,0.4423554762861602,0.4412811534518977,-0.0010743228342624533,0.0010743228342624533,0,0,0,-1
german,mlp,76,num_dependents,relative_plus_5,0.05,1.0,1.05,0.32507530002633894,0.32873072174685736,0.0036554217205184147,0.0036554217205184147,0,0,0,-1
german,mlp,77,num_dependents,relative_plus_5,0.05,1.0,1.05,0.3010734026184118,0.30125799463159536,0.0001845920131835488,0.0001845920131835488,0,0,0,-1
german,mlp,78,num_dependents,relative_plus_5,0.05,1.0,1.05,0.24763530518832041,0.24787372377383718,0.0002384185855167642,0.0002384185855167642,0,0,0,-1
german,mlp,79,num_dependents,relative_plus_5,0.05,1.0,1.05,0.4172248844520669,0.4195596037755088,0.002334719323441925,0.002334719323441925,0,0,0,-1
german,mlp,80,num_dependents,relative_plus_5,0.05,1.0,1.05,0.284838415529233,0.28442333401958414,-0.0004150815096488625,0.0004150815096488625,0,0,0,-1
german,mlp,81,num_dependents,relative_plus_5,0.05,2.0,2.1,0.17349396284028698,0.1739155456602809,0.0004215828199939098,0.0004215828199939098,0,0,0,-1
german,mlp,82,num_dependents,relative_plus_5,0.05,1.0,1.05,0.39424334337811145,0.392601132445835,-0.0016422109322764555,0.0016422109322764555,0,0,0,-1
german,mlp,83,num_dependents,relative_plus_5,0.05,2.0,2.1,0.367820580992647,0.36882610319744097,0.001005522204793996,0.001005522204793996,0,0,0,-1
german,mlp,84,num_dependents,relative_plus_5,0.05,1.0,1.05,0.3448230799863803,0.3460905326033771,0.0012674526169967892,0.0012674526169967892,0,0,0,-1
german,mlp,85,num_dependents,relative_plus_5,0.05,2.0,2.1,0.2444924421566889,0.23971142358240397,-0.004781018574284923,0.004781018574284923,0,0,0,-1
german,mlp,86,num_dependents,relative_plus_5,0.05,1.0,1.05,0.29800204425166227,0.29356982101829837,-0.004432223233363897,0.004432223233363897,0,0,0,-1
german,mlp,87,num_dependents,relative_plus_5,0.05,1.0,1.05,0.4966269950842168,0.49572169890678447,-0.0009052961774323465,0.0009052961774323465,0,0,0,-1
german,mlp,88,num_dependents,relative_plus_5,0.05,1.0,1.05,0.23144707170933512,0.22923445112583668,-0.0022126205834984425,0.0022126205834984425,0,0,0,-1
german,mlp,89,num_dependents,relative_plus_5,0.05,1.0,1.05,0.6400407350476786,0.647148344858659,0.007107609810980464,0.007107609810980464,1,1,0,-1
german,mlp,90,num_dependents,relative_plus_5,0.05,1.0,1.05,0.4822416863981328,0.4849315639943196,0.002689877596186774,0.002689877596186774,0,0,0,-1
german,mlp,91,num_dependents,relative_plus_5,0.05,1.0,1.05,0.40143078123405807,0.40550151087387765,0.004070729639819581,0.004070729639819581,0,0,0,-1
german,mlp,92,num_dependents,relative_plus_5,0.05,1.0,1.05,0.44359454779618673,0.44473949540315527,0.0011449476069685383,0.0011449476069685383,0,0,0,-1
german,mlp,93,num_dependents,relative_plus_5,0.05,1.0,1.05,0.3046662796706493,0.3014088089473206,-0.003257470723328715,0.003257470723328715,0,0,0,-1
german,mlp,94,num_dependents,relative_plus_5,0.05,1.0,1.05,0.12739534911392703,0.12726517000176224,-0.0001301791121647855,0.0001301791121647855,0,0,0,-1
german,mlp,95,num_dependents,relative_plus_5,0.05,1.0,1.05,0.15522877788983463,0.15481839724134272,-0.0004103806484919148,0.0004103806484919148,0,0,0,-1
german,mlp,96,num_dependents,relative_plus_5,0.05,1.0,1.05,0.36442913704527324,0.3633312588102208,-0.0010978782350524185,0.0010978782350524185,0,0,0,-1
german,mlp,97,num_dependents,relative_plus_5,0.05,2.0,2.1,0.25451466263318945,0.25607395211686623,0.0015592894836767845,0.0015592894836767845,0,0,0,-1
german,mlp,98,num_dependents,relative_plus_5,0.05,1.0,1.05,0.6586898441318234,0.6599459284300087,0.001256084298185245,0.001256084298185245,1,1,0,-1
german,mlp,99,num_dependents,relative_plus_5,0.05,1.0,1.05,0.24855132238008826,0.2466976509050626,-0.0018536714750256589,0.0018536714750256589,0,0,0,-1
german,mlp,0,num_dependents,relative_minus_10,-0.1,1.0,1.1,0.2868824306481333,0.2868743608026496,-8.069845483682503e-06,8.069845483682503e-06,0,0,0,-1
german,mlp,1,num_dependents,relative_minus_10,-0.1,1.0,1.1,0.4198976318717018,0.411845761575392,-0.008051870296309827,0.008051870296309827,0,0,0,-1
german,mlp,2,num_dependents,relative_minus_10,-0.1,1.0,1.1,0.26258346992117976,0.26417835309666016,0.0015948831754803994,0.0015948831754803994,0,0,0,-1
german,mlp,3,num_dependents,relative_minus_10,-0.1,1.0,1.1,0.1802774281890517,0.1887822655337469,0.008504837344695204,0.008504837344695204,0,0,0,-1
german,mlp,4,num_dependents,relative_minus_10,-0.1,2.0,2.2,0.1819840520060159,0.16773346583669071,-0.014250586169325175,0.014250586169325175,0,0,0,-1
german,mlp,5,num_dependents,relative_minus_10,-0.1,1.0,1.1,0.2043107705535393,0.2057429936450559,0.00143222309151661,0.00143222309151661,0,0,0,-1
german,mlp,6,num_dependents,relative_minus_10,-0.1,1.0,1.1,0.24145627495089156,0.23655558884658318,-0.004900686104308383,0.004900686104308383,0,0,0,-1
german,mlp,7,num_dependents,relative_minus_10,-0.1,1.0,1.1,0.361249588683193,0.3668733792480755,0.0056237905648824915,0.0056237905648824915,0,0,0,-1
german,mlp,8,num_dependents,relative_minus_10,-0.1,1.0,1.1,0.29833305974606383,0.3119365971364606,0.01360353739039677,0.01360353739039677,0,0,0,-1
german,mlp,9,num_dependents,relative_minus_10,-0.1,1.0,1.1,0.4084749758946331,0.41956093565615427,0.011085959761521158,0.011085959761521158,0,0,0,-1
german,mlp,10,num_dependents,relative_minus_10,-0.1,1.0,1.1,0.1978244007482361,0.19177073903097386,-0.0060536617172622376,0.0060536617172622376,0,0,0,-1
german,mlp,11,num_dependents,relative_minus_10,-0.1,1.0,1.1,0.4490305536205001,0.4605575822262251,0.01152702860572502,0.01152702860572502,0,0,0,-1
german,mlp,12,num_dependents,relative_minus_10,-0.1,1.0,1.1,0.3380754225555931,0.3439017239183124,0.005826301362719333,0.005826301362719333,0,0,0,-1
german,mlp,13,num_dependents,relative_minus_10,-0.1,1.0,1.1,0.3226170260018927,0.3217175082800559,-0.0008995177218367734,0.0008995177218367734,0,0,0,-1
german,mlp,14,num_dependents,relative_minus_10,-0.1,2.0,2.2,0.1607190907005708,0.1540175580108067,-0.006701532689764117,0.006701532689764117,0,0,0,-1
german,mlp,15,num_dependents,relative_minus_10,-0.1,1.0,1.1,0.2991772357699808,0.29884562599017545,-0.0003316097798053419,0.0003316097798053419,0,0,0,-1
german,mlp,16,num_dependents,relative_minus_10,-0.1,2.0,2.2,0.07569409040610586,0.07792547459739949,0.0022313841912936228,0.0022313841912936228,0,0,0,-1
german,mlp,17,num_dependents,relative_minus_10,-0.1,1.0,1.1,0.320382999871944,0.3193750973225309,-0.001007902549413131,0.001007902549413131,0,0,0,-1
german,mlp,18,num_dependents,relative_minus_10,-0.1,1.0,1.1,0.21792612201370706,0.211979192814778,-0.005946929198929057,0.005946929198929057,0,0,0,-1
german,mlp,19,num_dependents,relative_minus_10,-0.1,1.0,1.1,0.5132077646135412,0.5129405591642775,-0.0002672054492637299,0.0002672054492637299,1,1,0,-1
german,mlp,20,num_dependents,relative_minus_10,-0.1,2.0,2.2,0.16826818543871874,0.1695339579242202,0.0012657724855014707,0.0012657724855014707,0,0,0,-1
german,mlp,21,num_dependents,relative_minus_10,-0.1,2.0,2.2,0.18871648712224667,0.18927138818322717,0.000554901060980495,0.000554901060980495,0,0,0,-1
german,mlp,22,num_dependents,relative_minus_10,-0.1,1.0,1.1,0.2340361932873373,0.22708753615461025,-0.0069486571327270485,0.0069486571327270485,0,0,0,-1
german,mlp,23,num_dependents,relative_minus_10,-0.1,1.0,1.1,0.49953972896498505,0.5016723473141229,0.0021326183491378603,0.0021326183491378603,0,1,1,-1
german,mlp,24,num_dependents,relative_minus_10,-0.1,1.0,1.1,0.3945250994274686,0.3945540123165425,2.8912889073917647e-05,2.8912889073917647e-05,0,0,0,-1
german,mlp,25,num_dependents,relative_minus_10,-0.1,1.0,1.1,0.1999714289423839,0.20362597933744542,0.0036545503950615177,0.0036545503950615177,0,0,0,-1
german,mlp,26,num_dependents,relative_minus_10,-0.1,1.0,1.1,0.2622371730736121,0.2569376533711051,-0.005299519702507027,0.005299519702507027,0,0,0,-1
german,mlp,27,num_dependents,relative_minus_10,-0.1,1.0,1.1,0.40187252116986394,0.40943256670907063,0.0075600455392066945,0.0075600455392066945,0,0,0,-1
german,mlp,28,num_dependents,relative_minus_10,-0.1,1.0,1.1,0.21975633548972673,0.21584560685959284,-0.003910728630133892,0.003910728630133892,0,0,0,-1
german,mlp,29,num_dependents,relative_minus_10,-0.1,1.0,1.1,0.28996688444799096,0.28711382262663965,-0.0028530618213513104,0.0028530618213513104,0,0,0,-1
german,mlp,30,num_dependents,relative_minus_10,-0.1,1.0,1.1,0.5843997058285129,0.5927498043330123,0.008350098504499415,0.008350098504499415,1,1,0,-1
german,mlp,31,num_dependents,relative_minus_10,-0.1,1.0,1.1,0.42703271675750654,0.4196128467469106,-0.007419870010595964,0.007419870010595964,0,0,0,-1
german,mlp,32,num_dependents,relative_minus_10,-0.1,1.0,1.1,0.06159397700408669,0.061229198420283966,-0.00036477858380272454,0.00036477858380272454,0,0,0,-1
german,mlp,33,num_dependents,relative_minus_10,-0.1,1.0,1.1,0.2452309775841329,0.2461680024444385,0.000937024860305613,0.000937024860305613,0,0,0,-1
german,mlp,34,num_dependents,relative_minus_10,-0.1,2.0,2.2,0.5123814318058395,0.5193748262911108,0.006993394485271254,0.006993394485271254,1,1,0,-1
german,mlp,35,num_dependents,relative_minus_10,-0.1,1.0,1.1,0.4040062504090185,0.39670661985403227,-0.007299630554986225,0.007299630554986225,0,0,0,-1
german,mlp,36,num_dependents,relative_minus_10,-0.1,1.0,1.1,0.39041320626672604,0.38188475186798676,-0.008528454398739282,0.008528454398739282,0,0,0,-1
german,mlp,37,num_dependents,relative_minus_10,-0.1,1.0,1.1,0.3668266156268264,0.3735804795648099,0.006753863937983495,0.006753863937983495,0,0,0,-1
german,mlp,38,num_dependents,relative_minus_10,-0.1,1.0,1.1,0.399240031305948,0.39910216917746955,-0.0001378621284784387,0.0001378621284784387,0,0,0,-1
german,mlp,39,num_dependents,relative_minus_10,-0.1,1.0,1.1,0.31310442539427324,0.31901546992388125,0.0059110445296080005,0.0059110445296080005,0,0,0,-1
german,mlp,40,num_dependents,relative_minus_10,-0.1,1.0,1.1,0.3333594981968233,0.33510227331594833,0.0017427751191250174,0.0017427751191250174,0,0,0,-1
german,mlp,41,num_dependents,relative_minus_10,-0.1,2.0,2.2,0.3016974078180434,0.2918908423952614,-0.009806565422781965,0.009806565422781965,0,0,0,-1
german,mlp,42,num_dependents,relative_minus_10,-0.1,1.0,1.1,0.3967842920357588,0.39739355039155944,0.0006092583558006126,0.0006092583558006126,0,0,0,-1
german,mlp,43,num_dependents,relative_minus_10,-0.1,1.0,1.1,0.2191377203672374,0.21389245943057558,-0.005245260936661805,0.005245260936661805,0,0,0,-1
german,mlp,44,num_dependents,relative_minus_10,-0.1,2.0,2.2,0.30746499417314455,0.29493752461474804,-0.012527469558396509,0.012527469558396509,0,0,0,-1
german,mlp,45,num_dependents,relative_minus_10,-0.1,1.0,1.1,0.19417247812730504,0.19229792279899913,-0.0018745553283059102,0.0018745553283059102,0,0,0,-1
german,mlp,46,num_dependents,relative_minus_10,-0.1,1.0,1.1,0.19798688045008261,0.19453458971935111,-0.0034522907307315,0.0034522907307315,0,0,0,-1
german,mlp,47,num_dependents,relative_minus_10,-0.1,1.0,1.1,0.2718695537935461,0.2736089007349575,0.0017393469414114238,0.0017393469414114238,0,0,0,-1
german,mlp,48,num_dependents,relative_minus_10,-0.1,1.0,1.1,0.1750165253584432,0.17372662005720133,-0.0012899053012418726,0.0012899053012418726,0,0,0,-1
german,mlp,49,num_dependents,relative_minus_10,-0.1,1.0,1.1,0.4588613965006128,0.4566951367545235,-0.002166259746089305,0.002166259746089305,0,0,0,-1
german,mlp,50,num_dependents,relative_minus_10,-0.1,1.0,1.1,0.25833505988114175,0.25399534830041565,-0.004339711580726102,0.004339711580726102,0,0,0,-1
german,mlp,51,num_dependents,relative_minus_10,-0.1,2.0,2.2,0.23994228781447036,0.22981492014716687,-0.010127367667303488,0.010127367667303488,0,0,0,-1
german,mlp,52,num_dependents,relative_minus_10,-0.1,1.0,1.1,0.25197598703294255,0.2469134248174438,-0.00506256221549875,0.00506256221549875,0,0,0,-1
german,mlp,53,num_dependents,relative_minus_10,-0.1,1.0,1.1,0.24562077738290533,0.2478832958727538,0.0022625184898484585,0.0022625184898484585,0,0,0,-1
german,mlp,54,num_dependents,relative_minus_10,-0.1,1.0,1.1,0.18732343132224302,0.19300731191073583,0.005683880588492812,0.005683880588492812,0,0,0,-1
german,mlp,55,num_dependents,relative_minus_10,-0.1,1.0,1.1,0.3754380929776099,0.3718418305911351,-0.003596262386474758,0.003596262386474758,0,0,0,-1
german,mlp,56,num_dependents,relative_minus_10,-0.1,1.0,1.1,0.33683635847007065,0.34188594185621307,0.00504958338614242,0.00504958338614242,0,0,0,-1
german,mlp,57,num_dependents,relative_minus_10,-0.1,1.0,1.1,0.4247782060955582,0.43058610060771063,0.005807894512152412,0.005807894512152412,0,0,0,-1
german,mlp,58,num_dependents,relative_minus_10,-0.1,1.0,1.1,0.20020788889953503,0.20129058373809425,0.0010826948385592172,0.0010826948385592172,0,0,0,-1
german,mlp,59,num_dependents,relative_minus_10,-0.1,1.0,1.1,0.5357836989632669,0.5512050582108979,0.015421359247630995,0.015421359247630995,1,1,0,-1
german,mlp,60,num_dependents,relative_minus_10,-0.1,1.0,1.1,0.33610005721370495,0.3431525189754334,0.007052461761728468,0.007052461761728468,0,0,0,-1
german,mlp,61,num_dependents,relative_minus_10,-0.1,1.0,1.1,0.21555248127528462,0.21157806317510372,-0.003974418100180899,0.003974418100180899,0,0,0,-1
german,mlp,62,num_dependents,relative_minus_10,-0.1,1.0,1.1,0.26851517186260315,0.27150467328333777,0.0029895014207346193,0.0029895014207346193,0,0,0,-1
german,mlp,63,num_dependents,relative_minus_10,-0.1,1.0,1.1,0.42519995561469526,0.42361978932965944,-0.0015801662850358222,0.0015801662850358222,0,0,0,-1
german,mlp,64,num_dependents,relative_minus_10,-0.1,1.0,1.1,0.3902998055499012,0.39068524749170275,0.00038544194180156754,0.00038544194180156754,0,0,0,-1
german,mlp,65,num_dependents,relative_minus_10,-0.1,1.0,1.1,0.22708278958567477,0.2351853304850894,0.008102540899414645,0.008102540899414645,0,0,0,-1
german,mlp,66,num_dependents,relative_minus_10,-0.1,2.0,2.2,0.43863287851091937,0.4507010370273172,0.012068158516397809,0.012068158516397809,0,0,0,-1
german,mlp,67,num_dependents,relative_minus_10,-0.1,1.0,1.1,0.6061115695108918,0.6038698611625295,-0.002241708348362348,0.002241708348362348,1,1,0,-1
german,mlp,68,num_dependents,relative_minus_10,-0.1,2.0,2.2,0.367077678742253,0.3955577494941593,0.028480070751906283,0.028480070751906283,0,0,0,-1
german,mlp,69,num_dependents,relative_minus_10,-0.1,1.0,1.1,0.4207072819437597,0.423723074058907,0.0030157921151472977,0.0030157921151472977,0,0,0,-1
german,mlp,70,num_dependents,relative_minus_10,-0.1,1.0,1.1,0.35120868452508525,0.3516234416384398,0.0004147571133545358,0.0004147571133545358,0,0,0,-1
german,mlp,71,num_dependents,relative_minus_10,-0.1,2.0,2.2,0.2326481332416817,0.24534079802523834,0.012692664783556629,0.012692664783556629,0,0,0,-1
german,mlp,72,num_dependents,relative_minus_10,-0.1,2.0,2.2,0.17579921113180116,0.1705981808496633,-0.005201030282137864,0.005201030282137864,0,0,0,-1
german,mlp,73,num_dependents,relative_minus_10,-0.1,1.0,1.1,0.22932773566828754,0.2376464033505691,0.008318667682281566,0.008318667682281566,0,0,0,-1
german,mlp,74,num_dependents,relative_minus_10,-0.1,1.0,1.1,0.21586888817903582,0.21166637883372497,-0.004202509345310856,0.004202509345310856,0,0,0,-1
german,mlp,75,num_dependents,relative_minus_10,-0.1,1.0,1.1,0.4423554762861602,0.4405770472161994,-0.0017784290699607852,0.0017784290699607852,0,0,0,-1
german,mlp,76,num_dependents,relative_minus_10,-0.1,1.0,1.1,0.32507530002633894,0.33209913088846554,0.007023830862126601,0.007023830862126601,0,0,0,-1
german,mlp,77,num_dependents,relative_minus_10,-0.1,1.0,1.1,0.3010734026184118,0.30137906529665215,0.0003056626782403371,0.0003056626782403371,0,0,0,-1
german,mlp,78,num_dependents,relative_minus_10,-0.1,1.0,1.1,0.24763530518832041,0.24815327163048873,0.0005179664421683106,0.0005179664421683106,0,0,0,-1
german,mlp,79,num_dependents,relative_minus_10,-0.1,1.0,1.1,0.4172248844520669,0.42089570096716866,0.00367081651510176,0.00367081651510176,0,0,0,-1
german,mlp,80,num_dependents,relative_minus_10,-0.1,1.0,1.1,0.284838415529233,0.2845853610303543,-0.0002530544988786909,0.0002530544988786909,0,0,0,-1
german,mlp,81,num_dependents,relative_minus_10,-0.1,2.0,2.2,0.17349396284028698,0.17433793682193904,0.0008439739816520631,0.0008439739816520631,0,0,0,-1
german,mlp,82,num_dependents,relative_minus_10,-0.1,1.0,1.1,0.39424334337811145,0.3910299702238522,-0.003213373154259236,0.003213373154259236,0,0,0,-1
german,mlp,83,num_dependents,relative_minus_10,-0.1,2.0,2.2,0.367820580992647,0.370556104890428,0.0027355238977810337,0.0027355238977810337,0,0,0,-1
german,mlp,84,num_dependents,relative_minus_10,-0.1,1.0,1.1,0.3448230799863803,0.34717545446231035,0.0023523744759300635,0.0023523744759300635,0,0,0,-1
german,mlp,85,num_dependents,relative_minus_10,-0.1,2.0,2.2,0.2444924421566889,0.23490590451518945,-0.009586537641499443,0.009586537641499443,0,0,0,-1
german,mlp,86,num_dependents,relative_minus_10,-0.1,1.0,1.1,0.29800204425166227,0.28930104538546453,-0.00870099886619774,0.00870099886619774,0,0,0,-1
german,mlp,87,num_dependents,relative_minus_10,-0.1,1.0,1.1,0.4966269950842168,0.4948103578478738,-0.0018166372363430106,0.0018166372363430106,0,0,0,-1
german,mlp,88,num_dependents,relative_minus_10,-0.1,1.0,1.1,0.23144707170933512,0.22703673444045178,-0.004410337268883346,0.004410337268883346,0,0,0,-1
german,mlp,89,num_dependents,relative_minus_10,-0.1,1.0,1.1,0.6400407350476786,0.6536420969757128,0.013601361928034295,0.013601361928034295,1,1,0,-1
german,mlp,90,num_dependents,relative_minus_10,-0.1,1.0,1.1,0.4822416863981328,0.4874478281132673,0.005206141715134505,0.005206141715134505,0,0,0,-1
german,mlp,91,num_dependents,relative_minus_10,-0.1,1.0,1.1,0.40143078123405807,0.4108790755697152,0.009448294335657137,0.009448294335657137,0,0,0,-1
german,mlp,92,num_dependents,relative_minus_10,-0.1,1.0,1.1,0.44359454779618673,0.4458850300075357,0.0022904822113489764,0.0022904822113489764,0,0,0,-1
german,mlp,93,num_dependents,relative_minus_10,-0.1,1.0,1.1,0.3046662796706493,0.29817123174171467,-0.0064950479289346275,0.0064950479289346275,0,0,0,-1
german,mlp,94,num_dependents,relative_minus_10,-0.1,1.0,1.1,0.12739534911392703,0.12701994649696546,-0.0003754026169615621,0.0003754026169615621,0,0,0,-1
german,mlp,95,num_dependents,relative_minus_10,-0.1,1.0,1.1,0.15522877788983463,0.15447509193760192,-0.0007536859522327133,0.0007536859522327133,0,0,0,-1
german,mlp,96,num_dependents,relative_minus_10,-0.1,1.0,1.1,0.36442913704527324,0.3626730082506787,-0.0017561287945945248,0.0017561287945945248,0,0,0,-1
german,mlp,97,num_dependents,relative_minus_10,-0.1,2.0,2.2,0.25451466263318945,0.25611103408669567,0.001596371453506218,0.001596371453506218,0,0,0,-1
german,mlp,98,num_dependents,relative_minus_10,-0.1,1.0,1.1,0.6586898441318234,0.6611997677737528,0.002509923641929368,0.002509923641929368,1,1,0,-1
german,mlp,99,num_dependents,relative_minus_10,-0.1,1.0,1.1,0.24855132238008826,0.2448532993322269,-0.0036980230478613485,0.0036980230478613485,0,0,0,-1
german,mlp,0,num_dependents,relative_plus_10,0.1,1.0,1.1,0.2868824306481333,0.2868743608026496,-8.069845483682503e-06,8.069845483682503e-06,0,0,0,-1
german,mlp,1,num_dependents,relative_plus_10,0.1,1.0,1.1,0.4198976318717018,0.411845761575392,-0.008051870296309827,0.008051870296309827,0,0,0,-1
german,mlp,2,num_dependents,relative_plus_10,0.1,1.0,1.1,0.26258346992117976,0.26417835309666016,0.0015948831754803994,0.0015948831754803994,0,0,0,-1
german,mlp,3,num_dependents,relative_plus_10,0.1,1.0,1.1,0.1802774281890517,0.1887822655337469,0.008504837344695204,0.008504837344695204,0,0,0,-1
german,mlp,4,num_dependents,relative_plus_10,0.1,2.0,2.2,0.1819840520060159,0.16773346583669071,-0.014250586169325175,0.014250586169325175,0,0,0,-1
german,mlp,5,num_dependents,relative_plus_10,0.1,1.0,1.1,0.2043107705535393,0.2057429936450559,0.00143222309151661,0.00143222309151661,0,0,0,-1
german,mlp,6,num_dependents,relative_plus_10,0.1,1.0,1.1,0.24145627495089156,0.23655558884658318,-0.004900686104308383,0.004900686104308383,0,0,0,-1
german,mlp,7,num_dependents,relative_plus_10,0.1,1.0,1.1,0.361249588683193,0.3668733792480755,0.0056237905648824915,0.0056237905648824915,0,0,0,-1
german,mlp,8,num_dependents,relative_plus_10,0.1,1.0,1.1,0.29833305974606383,0.3119365971364606,0.01360353739039677,0.01360353739039677,0,0,0,-1
german,mlp,9,num_dependents,relative_plus_10,0.1,1.0,1.1,0.4084749758946331,0.41956093565615427,0.011085959761521158,0.011085959761521158,0,0,0,-1
german,mlp,10,num_dependents,relative_plus_10,0.1,1.0,1.1,0.1978244007482361,0.19177073903097386,-0.0060536617172622376,0.0060536617172622376,0,0,0,-1
german,mlp,11,num_dependents,relative_plus_10,0.1,1.0,1.1,0.4490305536205001,0.4605575822262251,0.01152702860572502,0.01152702860572502,0,0,0,-1
german,mlp,12,num_dependents,relative_plus_10,0.1,1.0,1.1,0.3380754225555931,0.3439017239183124,0.005826301362719333,0.005826301362719333,0,0,0,-1
german,mlp,13,num_dependents,relative_plus_10,0.1,1.0,1.1,0.3226170260018927,0.3217175082800559,-0.0008995177218367734,0.0008995177218367734,0,0,0,-1
german,mlp,14,num_dependents,relative_plus_10,0.1,2.0,2.2,0.1607190907005708,0.1540175580108067,-0.006701532689764117,0.006701532689764117,0,0,0,-1
german,mlp,15,num_dependents,relative_plus_10,0.1,1.0,1.1,0.2991772357699808,0.29884562599017545,-0.0003316097798053419,0.0003316097798053419,0,0,0,-1
german,mlp,16,num_dependents,relative_plus_10,0.1,2.0,2.2,0.07569409040610586,0.07792547459739949,0.0022313841912936228,0.0022313841912936228,0,0,0,-1
german,mlp,17,num_dependents,relative_plus_10,0.1,1.0,1.1,0.320382999871944,0.3193750973225309,-0.001007902549413131,0.001007902549413131,0,0,0,-1
german,mlp,18,num_dependents,relative_plus_10,0.1,1.0,1.1,0.21792612201370706,0.211979192814778,-0.005946929198929057,0.005946929198929057,0,0,0,-1
german,mlp,19,num_dependents,relative_plus_10,0.1,1.0,1.1,0.5132077646135412,0.5129405591642775,-0.0002672054492637299,0.0002672054492637299,1,1,0,-1
german,mlp,20,num_dependents,relative_plus_10,0.1,2.0,2.2,0.16826818543871874,0.1695339579242202,0.0012657724855014707,0.0012657724855014707,0,0,0,-1
german,mlp,21,num_dependents,relative_plus_10,0.1,2.0,2.2,0.18871648712224667,0.18927138818322717,0.000554901060980495,0.000554901060980495,0,0,0,-1
german,mlp,22,num_dependents,relative_plus_10,0.1,1.0,1.1,0.2340361932873373,0.22708753615461025,-0.0069486571327270485,0.0069486571327270485,0,0,0,-1
german,mlp,23,num_dependents,relative_plus_10,0.1,1.0,1.1,0.49953972896498505,0.5016723473141229,0.0021326183491378603,0.0021326183491378603,0,1,1,-1
german,mlp,24,num_dependents,relative_plus_10,0.1,1.0,1.1,0.3945250994274686,0.3945540123165425,2.8912889073917647e-05,2.8912889073917647e-05,0,0,0,-1
german,mlp,25,num_dependents,relative_plus_10,0.1,1.0,1.1,0.1999714289423839,0.20362597933744542,0.0036545503950615177,0.0036545503950615177,0,0,0,-1
german,mlp,26,num_dependents,relative_plus_10,0.1,1.0,1.1,0.2622371730736121,0.2569376533711051,-0.005299519702507027,0.005299519702507027,0,0,0,-1
german,mlp,27,num_dependents,relative_plus_10,0.1,1.0,1.1,0.40187252116986394,0.40943256670907063,0.0075600455392066945,0.0075600455392066945,0,0,0,-1
german,mlp,28,num_dependents,relative_plus_10,0.1,1.0,1.1,0.21975633548972673,0.21584560685959284,-0.003910728630133892,0.003910728630133892,0,0,0,-1
german,mlp,29,num_dependents,relative_plus_10,0.1,1.0,1.1,0.28996688444799096,0.28711382262663965,-0.0028530618213513104,0.0028530618213513104,0,0,0,-1
german,mlp,30,num_dependents,relative_plus_10,0.1,1.0,1.1,0.5843997058285129,0.5927498043330123,0.008350098504499415,0.008350098504499415,1,1,0,-1
german,mlp,31,num_dependents,relative_plus_10,0.1,1.0,1.1,0.42703271675750654,0.4196128467469106,-0.007419870010595964,0.007419870010595964,0,0,0,-1
german,mlp,32,num_dependents,relative_plus_10,0.1,1.0,1.1,0.06159397700408669,0.061229198420283966,-0.00036477858380272454,0.00036477858380272454,0,0,0,-1
german,mlp,33,num_dependents,relative_plus_10,0.1,1.0,1.1,0.2452309775841329,0.2461680024444385,0.000937024860305613,0.000937024860305613,0,0,0,-1
german,mlp,34,num_dependents,relative_plus_10,0.1,2.0,2.2,0.5123814318058395,0.5193748262911108,0.006993394485271254,0.006993394485271254,1,1,0,-1
german,mlp,35,num_dependents,relative_plus_10,0.1,1.0,1.1,0.4040062504090185,0.39670661985403227,-0.007299630554986225,0.007299630554986225,0,0,0,-1
german,mlp,36,num_dependents,relative_plus_10,0.1,1.0,1.1,0.39041320626672604,0.38188475186798676,-0.008528454398739282,0.008528454398739282,0,0,0,-1
german,mlp,37,num_dependents,relative_plus_10,0.1,1.0,1.1,0.3668266156268264,0.3735804795648099,0.006753863937983495,0.006753863937983495,0,0,0,-1
german,mlp,38,num_dependents,relative_plus_10,0.1,1.0,1.1,0.399240031305948,0.39910216917746955,-0.0001378621284784387,0.0001378621284784387,0,0,0,-1
german,mlp,39,num_dependents,relative_plus_10,0.1,1.0,1.1,0.31310442539427324,0.31901546992388125,0.0059110445296080005,0.0059110445296080005,0,0,0,-1
german,mlp,40,num_dependents,relative_plus_10,0.1,1.0,1.1,0.3333594981968233,0.33510227331594833,0.0017427751191250174,0.0017427751191250174,0,0,0,-1
german,mlp,41,num_dependents,relative_plus_10,0.1,2.0,2.2,0.3016974078180434,0.2918908423952614,-0.009806565422781965,0.009806565422781965,0,0,0,-1
german,mlp,42,num_dependents,relative_plus_10,0.1,1.0,1.1,0.3967842920357588,0.39739355039155944,0.0006092583558006126,0.0006092583558006126,0,0,0,-1
german,mlp,43,num_dependents,relative_plus_10,0.1,1.0,1.1,0.2191377203672374,0.21389245943057558,-0.005245260936661805,0.005245260936661805,0,0,0,-1
german,mlp,44,num_dependents,relative_plus_10,0.1,2.0,2.2,0.30746499417314455,0.29493752461474804,-0.012527469558396509,0.012527469558396509,0,0,0,-1
german,mlp,45,num_dependents,relative_plus_10,0.1,1.0,1.1,0.19417247812730504,0.19229792279899913,-0.0018745553283059102,0.0018745553283059102,0,0,0,-1
german,mlp,46,num_dependents,relative_plus_10,0.1,1.0,1.1,0.19798688045008261,0.19453458971935111,-0.0034522907307315,0.0034522907307315,0,0,0,-1
german,mlp,47,num_dependents,relative_plus_10,0.1,1.0,1.1,0.2718695537935461,0.2736089007349575,0.0017393469414114238,0.0017393469414114238,0,0,0,-1
german,mlp,48,num_dependents,relative_plus_10,0.1,1.0,1.1,0.1750165253584432,0.17372662005720133,-0.0012899053012418726,0.0012899053012418726,0,0,0,-1
german,mlp,49,num_dependents,relative_plus_10,0.1,1.0,1.1,0.4588613965006128,0.4566951367545235,-0.002166259746089305,0.002166259746089305,0,0,0,-1
german,mlp,50,num_dependents,relative_plus_10,0.1,1.0,1.1,0.25833505988114175,0.25399534830041565,-0.004339711580726102,0.004339711580726102,0,0,0,-1
german,mlp,51,num_dependents,relative_plus_10,0.1,2.0,2.2,0.23994228781447036,0.22981492014716687,-0.010127367667303488,0.010127367667303488,0,0,0,-1
german,mlp,52,num_dependents,relative_plus_10,0.1,1.0,1.1,0.25197598703294255,0.2469134248174438,-0.00506256221549875,0.00506256221549875,0,0,0,-1
german,mlp,53,num_dependents,relative_plus_10,0.1,1.0,1.1,0.24562077738290533,0.2478832958727538,0.0022625184898484585,0.0022625184898484585,0,0,0,-1
german,mlp,54,num_dependents,relative_plus_10,0.1,1.0,1.1,0.18732343132224302,0.19300731191073583,0.005683880588492812,0.005683880588492812,0,0,0,-1
german,mlp,55,num_dependents,relative_plus_10,0.1,1.0,1.1,0.3754380929776099,0.3718418305911351,-0.003596262386474758,0.003596262386474758,0,0,0,-1
german,mlp,56,num_dependents,relative_plus_10,0.1,1.0,1.1,0.33683635847007065,0.34188594185621307,0.00504958338614242,0.00504958338614242,0,0,0,-1
german,mlp,57,num_dependents,relative_plus_10,0.1,1.0,1.1,0.4247782060955582,0.43058610060771063,0.005807894512152412,0.005807894512152412,0,0,0,-1
german,mlp,58,num_dependents,relative_plus_10,0.1,1.0,1.1,0.20020788889953503,0.20129058373809425,0.0010826948385592172,0.0010826948385592172,0,0,0,-1
german,mlp,59,num_dependents,relative_plus_10,0.1,1.0,1.1,0.5357836989632669,0.5512050582108979,0.015421359247630995,0.015421359247630995,1,1,0,-1
german,mlp,60,num_dependents,relative_plus_10,0.1,1.0,1.1,0.33610005721370495,0.3431525189754334,0.007052461761728468,0.007052461761728468,0,0,0,-1
german,mlp,61,num_dependents,relative_plus_10,0.1,1.0,1.1,0.21555248127528462,0.21157806317510372,-0.003974418100180899,0.003974418100180899,0,0,0,-1
german,mlp,62,num_dependents,relative_plus_10,0.1,1.0,1.1,0.26851517186260315,0.27150467328333777,0.0029895014207346193,0.0029895014207346193,0,0,0,-1
german,mlp,63,num_dependents,relative_plus_10,0.1,1.0,1.1,0.42519995561469526,0.42361978932965944,-0.0015801662850358222,0.0015801662850358222,0,0,0,-1
german,mlp,64,num_dependents,relative_plus_10,0.1,1.0,1.1,0.3902998055499012,0.39068524749170275,0.00038544194180156754,0.00038544194180156754,0,0,0,-1
german,mlp,65,num_dependents,relative_plus_10,0.1,1.0,1.1,0.22708278958567477,0.2351853304850894,0.008102540899414645,0.008102540899414645,0,0,0,-1
german,mlp,66,num_dependents,relative_plus_10,0.1,2.0,2.2,0.43863287851091937,0.4507010370273172,0.012068158516397809,0.012068158516397809,0,0,0,-1
german,mlp,67,num_dependents,relative_plus_10,0.1,1.0,1.1,0.6061115695108918,0.6038698611625295,-0.002241708348362348,0.002241708348362348,1,1,0,-1
german,mlp,68,num_dependents,relative_plus_10,0.1,2.0,2.2,0.367077678742253,0.3955577494941593,0.028480070751906283,0.028480070751906283,0,0,0,-1
german,mlp,69,num_dependents,relative_plus_10,0.1,1.0,1.1,0.4207072819437597,0.423723074058907,0.0030157921151472977,0.0030157921151472977,0,0,0,-1
german,mlp,70,num_dependents,relative_plus_10,0.1,1.0,1.1,0.35120868452508525,0.3516234416384398,0.0004147571133545358,0.0004147571133545358,0,0,0,-1
german,mlp,71,num_dependents,relative_plus_10,0.1,2.0,2.2,0.2326481332416817,0.24534079802523834,0.012692664783556629,0.012692664783556629,0,0,0,-1
german,mlp,72,num_dependents,relative_plus_10,0.1,2.0,2.2,0.17579921113180116,0.1705981808496633,-0.005201030282137864,0.005201030282137864,0,0,0,-1
german,mlp,73,num_dependents,relative_plus_10,0.1,1.0,1.1,0.22932773566828754,0.2376464033505691,0.008318667682281566,0.008318667682281566,0,0,0,-1
german,mlp,74,num_dependents,relative_plus_10,0.1,1.0,1.1,0.21586888817903582,0.21166637883372497,-0.004202509345310856,0.004202509345310856,0,0,0,-1
german,mlp,75,num_dependents,relative_plus_10,0.1,1.0,1.1,0.4423554762861602,0.4405770472161994,-0.0017784290699607852,0.0017784290699607852,0,0,0,-1
german,mlp,76,num_dependents,relative_plus_10,0.1,1.0,1.1,0.32507530002633894,0.33209913088846554,0.007023830862126601,0.007023830862126601,0,0,0,-1
german,mlp,77,num_dependents,relative_plus_10,0.1,1.0,1.1,0.3010734026184118,0.30137906529665215,0.0003056626782403371,0.0003056626782403371,0,0,0,-1
german,mlp,78,num_dependents,relative_plus_10,0.1,1.0,1.1,0.24763530518832041,0.24815327163048873,0.0005179664421683106,0.0005179664421683106,0,0,0,-1
german,mlp,79,num_dependents,relative_plus_10,0.1,1.0,1.1,0.4172248844520669,0.42089570096716866,0.00367081651510176,0.00367081651510176,0,0,0,-1
german,mlp,80,num_dependents,relative_plus_10,0.1,1.0,1.1,0.284838415529233,0.2845853610303543,-0.0002530544988786909,0.0002530544988786909,0,0,0,-1
german,mlp,81,num_dependents,relative_plus_10,0.1,2.0,2.2,0.17349396284028698,0.17433793682193904,0.0008439739816520631,0.0008439739816520631,0,0,0,-1
german,mlp,82,num_dependents,relative_plus_10,0.1,1.0,1.1,0.39424334337811145,0.3910299702238522,-0.003213373154259236,0.003213373154259236,0,0,0,-1
german,mlp,83,num_dependents,relative_plus_10,0.1,2.0,2.2,0.367820580992647,0.370556104890428,0.0027355238977810337,0.0027355238977810337,0,0,0,-1
german,mlp,84,num_dependents,relative_plus_10,0.1,1.0,1.1,0.3448230799863803,0.34717545446231035,0.0023523744759300635,0.0023523744759300635,0,0,0,-1
german,mlp,85,num_dependents,relative_plus_10,0.1,2.0,2.2,0.2444924421566889,0.23490590451518945,-0.009586537641499443,0.009586537641499443,0,0,0,-1
german,mlp,86,num_dependents,relative_plus_10,0.1,1.0,1.1,0.29800204425166227,0.28930104538546453,-0.00870099886619774,0.00870099886619774,0,0,0,-1
german,mlp,87,num_dependents,relative_plus_10,0.1,1.0,1.1,0.4966269950842168,0.4948103578478738,-0.0018166372363430106,0.0018166372363430106,0,0,0,-1
german,mlp,88,num_dependents,relative_plus_10,0.1,1.0,1.1,0.23144707170933512,0.22703673444045178,-0.004410337268883346,0.004410337268883346,0,0,0,-1
german,mlp,89,num_dependents,relative_plus_10,0.1,1.0,1.1,0.6400407350476786,0.6536420969757128,0.013601361928034295,0.013601361928034295,1,1,0,-1
german,mlp,90,num_dependents,relative_plus_10,0.1,1.0,1.1,0.4822416863981328,0.4874478281132673,0.005206141715134505,0.005206141715134505,0,0,0,-1
german,mlp,91,num_dependents,relative_plus_10,0.1,1.0,1.1,0.40143078123405807,0.4108790755697152,0.009448294335657137,0.009448294335657137,0,0,0,-1
german,mlp,92,num_dependents,relative_plus_10,0.1,1.0,1.1,0.44359454779618673,0.4458850300075357,0.0022904822113489764,0.0022904822113489764,0,0,0,-1
german,mlp,93,num_dependents,relative_plus_10,0.1,1.0,1.1,0.3046662796706493,0.29817123174171467,-0.0064950479289346275,0.0064950479289346275,0,0,0,-1
german,mlp,94,num_dependents,relative_plus_10,0.1,1.0,1.1,0.12739534911392703,0.12701994649696546,-0.0003754026169615621,0.0003754026169615621,0,0,0,-1
german,mlp,95,num_dependents,relative_plus_10,0.1,1.0,1.1,0.15522877788983463,0.15447509193760192,-0.0007536859522327133,0.0007536859522327133,0,0,0,-1
german,mlp,96,num_dependents,relative_plus_10,0.1,1.0,1.1,0.36442913704527324,0.3626730082506787,-0.0017561287945945248,0.0017561287945945248,0,0,0,-1
german,mlp,97,num_dependents,relative_plus_10,0.1,2.0,2.2,0.25451466263318945,0.25611103408669567,0.001596371453506218,0.001596371453506218,0,0,0,-1
german,mlp,98,num_dependents,relative_plus_10,0.1,1.0,1.1,0.6586898441318234,0.6611997677737528,0.002509923641929368,0.002509923641929368,1,1,0,-1
german,mlp,99,num_dependents,relative_plus_10,0.1,1.0,1.1,0.24855132238008826,0.2448532993322269,-0.0036980230478613485,0.0036980230478613485,0,0,0,-1
