dataset,model,instance_id,feature,perturbation,magnitude,original_value,perturbed_value,original_probability,perturbed_probability,probability_change,absolute_probability_change,original_prediction,perturbed_prediction,prediction_changed,true_label
german,xgboost,0,duration,relative_minus_5,-0.05,18.0,18.9,0.14532507956027985,0.14532507956027985,0.0,0.0,0,0,0,-1
german,xgboost,1,duration,relative_minus_5,-0.05,18.0,18.9,0.3661198318004608,0.3661198318004608,0.0,0.0,0,0,0,-1
german,xgboost,2,duration,relative_minus_5,-0.05,11.0,11.55,0.09617456048727036,0.09617456048727036,0.0,0.0,0,0,0,-1
german,xgboost,3,duration,relative_minus_5,-0.05,36.0,37.8,0.05242149904370308,0.05242149904370308,0.0,0.0,0,0,0,-1
german,xgboost,4,duration,relative_minus_5,-0.05,4.0,4.2,0.002389379311352968,0.002389379311352968,0.0,0.0,0,0,0,-1
german,xgboost,5,duration,relative_minus_5,-0.05,5.0,5.25,0.011241624131798744,0.011241624131798744,0.0,0.0,0,0,0,-1
german,xgboost,6,duration,relative_minus_5,-0.05,30.0,31.5,0.02126064896583557,0.02126064896583557,0.0,0.0,0,0,0,-1
german,xgboost,7,duration,relative_minus_5,-0.05,36.0,37.8,0.07431254535913467,0.07431254535913467,0.0,0.0,0,0,0,-1
german,xgboost,8,duration,relative_minus_5,-0.05,12.0,12.6,0.02867794781923294,0.02867794781923294,0.0,0.0,0,0,0,-1
german,xgboost,9,duration,relative_minus_5,-0.05,24.0,25.2,0.8991640210151672,0.8991640210151672,0.0,0.0,1,1,0,-1
german,xgboost,10,duration,relative_minus_5,-0.05,18.0,18.9,0.43120160698890686,0.43120160698890686,0.0,0.0,0,0,0,-1
german,xgboost,11,duration,relative_minus_5,-0.05,6.0,6.3,0.528389573097229,0.528389573097229,0.0,0.0,1,1,0,-1
german,xgboost,12,duration,relative_minus_5,-0.05,12.0,12.6,0.009822084568440914,0.009822084568440914,0.0,0.0,0,0,0,-1
german,xgboost,13,duration,relative_minus_5,-0.05,12.0,12.6,0.11241460591554642,0.11241460591554642,0.0,0.0,0,0,0,-1
german,xgboost,14,duration,relative_minus_5,-0.05,6.0,6.3,0.09716489166021347,0.09716489166021347,0.0,0.0,0,0,0,-1
german,xgboost,15,duration,relative_minus_5,-0.05,15.0,15.75,0.4787817597389221,0.4787817597389221,0.0,0.0,0,0,0,-1
german,xgboost,16,duration,relative_minus_5,-0.05,12.0,12.6,0.00277602463029325,0.00277602463029325,0.0,0.0,0,0,0,-1
german,xgboost,17,duration,relative_minus_5,-0.05,30.0,31.5,0.9572583436965942,0.9572583436965942,0.0,0.0,1,1,0,-1
german,xgboost,18,duration,relative_minus_5,-0.05,18.0,18.9,0.09437244385480881,0.09437244385480881,0.0,0.0,0,0,0,-1
german,xgboost,19,duration,relative_minus_5,-0.05,18.0,18.9,0.9716695547103882,0.9716695547103882,0.0,0.0,1,1,0,-1
german,xgboost,20,duration,relative_minus_5,-0.05,18.0,18.9,0.0550624243915081,0.0550624243915081,0.0,0.0,0,0,0,-1
german,xgboost,21,duration,relative_minus_5,-0.05,6.0,6.3,0.018732847645878792,0.018732847645878792,0.0,0.0,0,0,0,-1
german,xgboost,22,duration,relative_minus_5,-0.05,15.0,15.75,0.07416114211082458,0.07416114211082458,0.0,0.0,0,0,0,-1
german,xgboost,23,duration,relative_minus_5,-0.05,18.0,18.9,0.8707629442214966,0.8707629442214966,0.0,0.0,1,1,0,-1
german,xgboost,24,duration,relative_minus_5,-0.05,36.0,37.8,0.7920497059822083,0.7920497059822083,0.0,0.0,1,1,0,-1
german,xgboost,25,duration,relative_minus_5,-0.05,9.0,9.45,0.4596281051635742,0.4596281051635742,0.0,0.0,0,0,0,-1
german,xgboost,26,duration,relative_minus_5,-0.05,30.0,31.5,0.2782054543495178,0.2782054543495178,0.0,0.0,0,0,0,-1
german,xgboost,27,duration,relative_minus_5,-0.05,12.0,12.6,0.6968560814857483,0.6968560814857483,0.0,0.0,1,1,0,-1
german,xgboost,28,duration,relative_minus_5,-0.05,6.0,6.3,0.0033986191265285015,0.0033986191265285015,0.0,0.0,0,0,0,-1
german,xgboost,29,duration,relative_minus_5,-0.05,6.0,6.3,0.4393616020679474,0.4393616020679474,0.0,0.0,0,0,0,-1
german,xgboost,30,duration,relative_minus_5,-0.05,15.0,15.75,0.4359388053417206,0.4359388053417206,0.0,0.0,0,0,0,-1
german,xgboost,31,duration,relative_minus_5,-0.05,9.0,9.45,0.2954026758670807,0.2954026758670807,0.0,0.0,0,0,0,-1
german,xgboost,32,duration,relative_minus_5,-0.05,15.0,15.75,0.016435444355010986,0.016435444355010986,0.0,0.0,0,0,0,-1
german,xgboost,33,duration,relative_minus_5,-0.05,9.0,9.45,0.02008327655494213,0.02008327655494213,0.0,0.0,0,0,0,-1
german,xgboost,34,duration,relative_minus_5,-0.05,24.0,25.2,0.7229525446891785,0.7229525446891785,0.0,0.0,1,1,0,-1
german,xgboost,35,duration,relative_minus_5,-0.05,18.0,18.9,0.39703890681266785,0.39703890681266785,0.0,0.0,0,0,0,-1
german,xgboost,36,duration,relative_minus_5,-0.05,36.0,37.8,0.8524562120437622,0.8524562120437622,0.0,0.0,1,1,0,-1
german,xgboost,37,duration,relative_minus_5,-0.05,15.0,15.75,0.16694852709770203,0.16694852709770203,0.0,0.0,0,0,0,-1
german,xgboost,38,duration,relative_minus_5,-0.05,36.0,37.8,0.38675543665885925,0.38675543665885925,0.0,0.0,0,0,0,-1
german,xgboost,39,duration,relative_minus_5,-0.05,12.0,12.6,0.06428443640470505,0.06428443640470505,0.0,0.0,0,0,0,-1
german,xgboost,40,duration,relative_minus_5,-0.05,24.0,25.2,0.6213107705116272,0.6213107705116272,0.0,0.0,1,1,0,-1
german,xgboost,41,duration,relative_minus_5,-0.05,18.0,18.9,0.3211948573589325,0.3211948573589325,0.0,0.0,0,0,0,-1
german,xgboost,42,duration,relative_minus_5,-0.05,12.0,12.6,0.5845916867256165,0.5845916867256165,0.0,0.0,1,1,0,-1
german,xgboost,43,duration,relative_minus_5,-0.05,15.0,15.75,0.9279054999351501,0.9279054999351501,0.0,0.0,1,1,0,-1
german,xgboost,44,duration,relative_minus_5,-0.05,27.0,28.35,0.35836517810821533,0.39679110050201416,0.03842592239379883,0.03842592239379883,0,0,0,-1
german,xgboost,45,duration,relative_minus_5,-0.05,18.0,18.9,0.23765133321285248,0.23765133321285248,0.0,0.0,0,0,0,-1
german,xgboost,46,duration,relative_minus_5,-0.05,48.0,50.4,0.015967916697263718,0.015967916697263718,0.0,0.0,0,0,0,-1
german,xgboost,47,duration,relative_minus_5,-0.05,10.0,10.5,0.10486079752445221,0.10486079752445221,0.0,0.0,0,0,0,-1
german,xgboost,48,duration,relative_minus_5,-0.05,30.0,31.5,0.01368929073214531,0.01368929073214531,0.0,0.0,0,0,0,-1
german,xgboost,49,duration,relative_minus_5,-0.05,24.0,25.2,0.362246036529541,0.362246036529541,0.0,0.0,0,0,0,-1
german,xgboost,50,duration,relative_minus_5,-0.05,21.0,22.05,0.059201136231422424,0.06171415001153946,0.002513013780117035,0.002513013780117035,0,0,0,-1
german,xgboost,51,duration,relative_minus_5,-0.05,9.0,9.45,0.2117272913455963,0.2117272913455963,0.0,0.0,0,0,0,-1
german,xgboost,52,duration,relative_minus_5,-0.05,18.0,18.9,0.1144600659608841,0.1144600659608841,0.0,0.0,0,0,0,-1
german,xgboost,53,duration,relative_minus_5,-0.05,18.0,18.9,0.09461341053247452,0.09461341053247452,0.0,0.0,0,0,0,-1
german,xgboost,54,duration,relative_minus_5,-0.05,12.0,12.6,0.7814464569091797,0.7814464569091797,0.0,0.0,1,1,0,-1
german,xgboost,55,duration,relative_minus_5,-0.05,45.0,47.25,0.33212071657180786,0.32034561038017273,-0.011775106191635132,0.011775106191635132,0,0,0,-1
german,xgboost,56,duration,relative_minus_5,-0.05,18.0,18.9,0.9168915748596191,0.9168915748596191,0.0,0.0,1,1,0,-1
german,xgboost,57,duration,relative_minus_5,-0.05,24.0,25.2,0.12220555543899536,0.12220555543899536,0.0,0.0,0,0,0,-1
german,xgboost,58,duration,relative_minus_5,-0.05,6.0,6.3,0.16189272701740265,0.16189272701740265,0.0,0.0,0,0,0,-1
german,xgboost,59,duration,relative_minus_5,-0.05,24.0,25.2,0.6315468549728394,0.6315468549728394,0.0,0.0,1,1,0,-1
german,xgboost,60,duration,relative_minus_5,-0.05,12.0,12.6,0.12445571273565292,0.12445571273565292,0.0,0.0,0,0,0,-1
german,xgboost,61,duration,relative_minus_5,-0.05,18.0,18.9,0.04100687429308891,0.04100687429308891,0.0,0.0,0,0,0,-1
german,xgboost,62,duration,relative_minus_5,-0.05,36.0,37.8,0.5049558877944946,0.5049558877944946,0.0,0.0,1,1,0,-1
german,xgboost,63,duration,relative_minus_5,-0.05,39.0,40.95,0.41145092248916626,0.40410351753234863,-0.007347404956817627,0.007347404956817627,0,0,0,-1
german,xgboost,64,duration,relative_minus_5,-0.05,18.0,18.9,0.9233189821243286,0.9233189821243286,0.0,0.0,1,1,0,-1
german,xgboost,65,duration,relative_minus_5,-0.05,24.0,25.2,0.164531871676445,0.164531871676445,0.0,0.0,0,0,0,-1
german,xgboost,66,duration,relative_minus_5,-0.05,24.0,25.2,0.31084004044532776,0.31084004044532776,0.0,0.0,0,0,0,-1
german,xgboost,67,duration,relative_minus_5,-0.05,36.0,37.8,0.9614232182502747,0.9614232182502747,0.0,0.0,1,1,0,-1
german,xgboost,68,duration,relative_minus_5,-0.05,27.0,28.35,0.48083576560020447,0.5184351801872253,0.037599414587020874,0.037599414587020874,0,1,1,-1
german,xgboost,69,duration,relative_minus_5,-0.05,15.0,15.75,0.7440284490585327,0.7440284490585327,0.0,0.0,1,1,0,-1
german,xgboost,70,duration,relative_minus_5,-0.05,12.0,12.6,0.7888972759246826,0.7888972759246826,0.0,0.0,1,1,0,-1
german,xgboost,71,duration,relative_minus_5,-0.05,24.0,25.2,0.011137815192341805,0.011137815192341805,0.0,0.0,0,0,0,-1
german,xgboost,72,duration,relative_minus_5,-0.05,10.0,10.5,0.04410647973418236,0.04410647973418236,0.0,0.0,0,0,0,-1
german,xgboost,73,duration,relative_minus_5,-0.05,12.0,12.6,0.07533993571996689,0.07533993571996689,0.0,0.0,0,0,0,-1
german,xgboost,74,duration,relative_minus_5,-0.05,12.0,12.6,0.0795583501458168,0.0795583501458168,0.0,0.0,0,0,0,-1
german,xgboost,75,duration,relative_minus_5,-0.05,15.0,15.75,0.5273517370223999,0.5273517370223999,0.0,0.0,1,1,0,-1
german,xgboost,76,duration,relative_minus_5,-0.05,12.0,12.6,0.3063080608844757,0.3063080608844757,0.0,0.0,0,0,0,-1
german,xgboost,77,duration,relative_minus_5,-0.05,24.0,25.2,0.41087862849235535,0.41087862849235535,0.0,0.0,0,0,0,-1
german,xgboost,78,duration,relative_minus_5,-0.05,30.0,31.5,0.04028629884123802,0.04028629884123802,0.0,0.0,0,0,0,-1
german,xgboost,79,duration,relative_minus_5,-0.05,45.0,47.25,0.8726094961166382,0.8665342926979065,-0.0060752034187316895,0.0060752034187316895,1,1,0,-1
german,xgboost,80,duration,relative_minus_5,-0.05,60.0,63.0,0.3864430785179138,0.3864430785179138,0.0,0.0,0,0,0,-1
german,xgboost,81,duration,relative_minus_5,-0.05,54.0,56.7,0.024771392345428467,0.024771392345428467,0.0,0.0,0,0,0,-1
german,xgboost,82,duration,relative_minus_5,-0.05,13.0,13.65,0.2705821990966797,0.2705821990966797,0.0,0.0,0,0,0,-1
german,xgboost,83,duration,relative_minus_5,-0.05,21.0,22.05,0.5973073244094849,0.62250155210495,0.025194227695465088,0.025194227695465088,1,1,0,-1
german,xgboost,84,duration,relative_minus_5,-0.05,36.0,37.8,0.14618752896785736,0.14618752896785736,0.0,0.0,0,0,0,-1
german,xgboost,85,duration,relative_minus_5,-0.05,12.0,12.6,0.025881066918373108,0.025881066918373108,0.0,0.0,0,0,0,-1
german,xgboost,86,duration,relative_minus_5,-0.05,7.0,7.35,0.02392105758190155,0.02392105758190155,0.0,0.0,0,0,0,-1
german,xgboost,87,duration,relative_minus_5,-0.05,36.0,37.8,0.6968122720718384,0.6968122720718384,0.0,0.0,1,1,0,-1
german,xgboost,88,duration,relative_minus_5,-0.05,24.0,25.2,0.003254662500694394,0.003254662500694394,0.0,0.0,0,0,0,-1
german,xgboost,89,duration,relative_minus_5,-0.05,48.0,50.4,0.8224096298217773,0.8224096298217773,0.0,0.0,1,1,0,-1
german,xgboost,90,duration,relative_minus_5,-0.05,42.0,44.1,0.5363795757293701,0.5363795757293701,0.0,0.0,1,1,0,-1
german,xgboost,91,duration,relative_minus_5,-0.05,24.0,25.2,0.40955519676208496,0.40955519676208496,0.0,0.0,0,0,0,-1
german,xgboost,92,duration,relative_minus_5,-0.05,15.0,15.75,0.4440574645996094,0.4440574645996094,0.0,0.0,0,0,0,-1
german,xgboost,93,duration,relative_minus_5,-0.05,18.0,18.9,0.6884033679962158,0.6884033679962158,0.0,0.0,1,1,0,-1
german,xgboost,94,duration,relative_minus_5,-0.05,6.0,6.3,0.012738422490656376,0.012738422490656376,0.0,0.0,0,0,0,-1
german,xgboost,95,duration,relative_minus_5,-0.05,21.0,22.05,0.06840237975120544,0.05481331795454025,-0.013589061796665192,0.013589061796665192,0,0,0,-1
german,xgboost,96,duration,relative_minus_5,-0.05,24.0,25.2,0.2747651934623718,0.2747651934623718,0.0,0.0,0,0,0,-1
german,xgboost,97,duration,relative_minus_5,-0.05,10.0,10.5,0.14724071323871613,0.14724071323871613,0.0,0.0,0,0,0,-1
german,xgboost,98,duration,relative_minus_5,-0.05,24.0,25.2,0.4165569841861725,0.4165569841861725,0.0,0.0,0,0,0,-1
german,xgboost,99,duration,relative_minus_5,-0.05,12.0,12.6,0.013321362435817719,0.013321362435817719,0.0,0.0,0,0,0,-1
german,xgboost,0,duration,relative_plus_5,0.05,18.0,18.9,0.14532507956027985,0.14532507956027985,0.0,0.0,0,0,0,-1
german,xgboost,1,duration,relative_plus_5,0.05,18.0,18.9,0.3661198318004608,0.3661198318004608,0.0,0.0,0,0,0,-1
german,xgboost,2,duration,relative_plus_5,0.05,11.0,11.55,0.09617456048727036,0.09617456048727036,0.0,0.0,0,0,0,-1
german,xgboost,3,duration,relative_plus_5,0.05,36.0,37.8,0.05242149904370308,0.05242149904370308,0.0,0.0,0,0,0,-1
german,xgboost,4,duration,relative_plus_5,0.05,4.0,4.2,0.002389379311352968,0.002389379311352968,0.0,0.0,0,0,0,-1
german,xgboost,5,duration,relative_plus_5,0.05,5.0,5.25,0.011241624131798744,0.011241624131798744,0.0,0.0,0,0,0,-1
german,xgboost,6,duration,relative_plus_5,0.05,30.0,31.5,0.02126064896583557,0.02126064896583557,0.0,0.0,0,0,0,-1
german,xgboost,7,duration,relative_plus_5,0.05,36.0,37.8,0.07431254535913467,0.07431254535913467,0.0,0.0,0,0,0,-1
german,xgboost,8,duration,relative_plus_5,0.05,12.0,12.6,0.02867794781923294,0.02867794781923294,0.0,0.0,0,0,0,-1
german,xgboost,9,duration,relative_plus_5,0.05,24.0,25.2,0.8991640210151672,0.8991640210151672,0.0,0.0,1,1,0,-1
german,xgboost,10,duration,relative_plus_5,0.05,18.0,18.9,0.43120160698890686,0.43120160698890686,0.0,0.0,0,0,0,-1
german,xgboost,11,duration,relative_plus_5,0.05,6.0,6.3,0.528389573097229,0.528389573097229,0.0,0.0,1,1,0,-1
german,xgboost,12,duration,relative_plus_5,0.05,12.0,12.6,0.009822084568440914,0.009822084568440914,0.0,0.0,0,0,0,-1
german,xgboost,13,duration,relative_plus_5,0.05,12.0,12.6,0.11241460591554642,0.11241460591554642,0.0,0.0,0,0,0,-1
german,xgboost,14,duration,relative_plus_5,0.05,6.0,6.3,0.09716489166021347,0.09716489166021347,0.0,0.0,0,0,0,-1
german,xgboost,15,duration,relative_plus_5,0.05,15.0,15.75,0.4787817597389221,0.4787817597389221,0.0,0.0,0,0,0,-1
german,xgboost,16,duration,relative_plus_5,0.05,12.0,12.6,0.00277602463029325,0.00277602463029325,0.0,0.0,0,0,0,-1
german,xgboost,17,duration,relative_plus_5,0.05,30.0,31.5,0.9572583436965942,0.9572583436965942,0.0,0.0,1,1,0,-1
german,xgboost,18,duration,relative_plus_5,0.05,18.0,18.9,0.09437244385480881,0.09437244385480881,0.0,0.0,0,0,0,-1
german,xgboost,19,duration,relative_plus_5,0.05,18.0,18.9,0.9716695547103882,0.9716695547103882,0.0,0.0,1,1,0,-1
german,xgboost,20,duration,relative_plus_5,0.05,18.0,18.9,0.0550624243915081,0.0550624243915081,0.0,0.0,0,0,0,-1
german,xgboost,21,duration,relative_plus_5,0.05,6.0,6.3,0.018732847645878792,0.018732847645878792,0.0,0.0,0,0,0,-1
german,xgboost,22,duration,relative_plus_5,0.05,15.0,15.75,0.07416114211082458,0.07416114211082458,0.0,0.0,0,0,0,-1
german,xgboost,23,duration,relative_plus_5,0.05,18.0,18.9,0.8707629442214966,0.8707629442214966,0.0,0.0,1,1,0,-1
german,xgboost,24,duration,relative_plus_5,0.05,36.0,37.8,0.7920497059822083,0.7920497059822083,0.0,0.0,1,1,0,-1
german,xgboost,25,duration,relative_plus_5,0.05,9.0,9.45,0.4596281051635742,0.4596281051635742,0.0,0.0,0,0,0,-1
german,xgboost,26,duration,relative_plus_5,0.05,30.0,31.5,0.2782054543495178,0.2782054543495178,0.0,0.0,0,0,0,-1
german,xgboost,27,duration,relative_plus_5,0.05,12.0,12.6,0.6968560814857483,0.6968560814857483,0.0,0.0,1,1,0,-1
german,xgboost,28,duration,relative_plus_5,0.05,6.0,6.3,0.0033986191265285015,0.0033986191265285015,0.0,0.0,0,0,0,-1
german,xgboost,29,duration,relative_plus_5,0.05,6.0,6.3,0.4393616020679474,0.4393616020679474,0.0,0.0,0,0,0,-1
german,xgboost,30,duration,relative_plus_5,0.05,15.0,15.75,0.4359388053417206,0.4359388053417206,0.0,0.0,0,0,0,-1
german,xgboost,31,duration,relative_plus_5,0.05,9.0,9.45,0.2954026758670807,0.2954026758670807,0.0,0.0,0,0,0,-1
german,xgboost,32,duration,relative_plus_5,0.05,15.0,15.75,0.016435444355010986,0.016435444355010986,0.0,0.0,0,0,0,-1
german,xgboost,33,duration,relative_plus_5,0.05,9.0,9.45,0.02008327655494213,0.02008327655494213,0.0,0.0,0,0,0,-1
german,xgboost,34,duration,relative_plus_5,0.05,24.0,25.2,0.7229525446891785,0.7229525446891785,0.0,0.0,1,1,0,-1
german,xgboost,35,duration,relative_plus_5,0.05,18.0,18.9,0.39703890681266785,0.39703890681266785,0.0,0.0,0,0,0,-1
german,xgboost,36,duration,relative_plus_5,0.05,36.0,37.8,0.8524562120437622,0.8524562120437622,0.0,0.0,1,1,0,-1
german,xgboost,37,duration,relative_plus_5,0.05,15.0,15.75,0.16694852709770203,0.16694852709770203,0.0,0.0,0,0,0,-1
german,xgboost,38,duration,relative_plus_5,0.05,36.0,37.8,0.38675543665885925,0.38675543665885925,0.0,0.0,0,0,0,-1
german,xgboost,39,duration,relative_plus_5,0.05,12.0,12.6,0.06428443640470505,0.06428443640470505,0.0,0.0,0,0,0,-1
german,xgboost,40,duration,relative_plus_5,0.05,24.0,25.2,0.6213107705116272,0.6213107705116272,0.0,0.0,1,1,0,-1
german,xgboost,41,duration,relative_plus_5,0.05,18.0,18.9,0.3211948573589325,0.3211948573589325,0.0,0.0,0,0,0,-1
german,xgboost,42,duration,relative_plus_5,0.05,12.0,12.6,0.5845916867256165,0.5845916867256165,0.0,0.0,1,1,0,-1
german,xgboost,43,duration,relative_plus_5,0.05,15.0,15.75,0.9279054999351501,0.9279054999351501,0.0,0.0,1,1,0,-1
german,xgboost,44,duration,relative_plus_5,0.05,27.0,28.35,0.35836517810821533,0.39679110050201416,0.03842592239379883,0.03842592239379883,0,0,0,-1
german,xgboost,45,duration,relative_plus_5,0.05,18.0,18.9,0.23765133321285248,0.23765133321285248,0.0,0.0,0,0,0,-1
german,xgboost,46,duration,relative_plus_5,0.05,48.0,50.4,0.015967916697263718,0.015967916697263718,0.0,0.0,0,0,0,-1
german,xgboost,47,duration,relative_plus_5,0.05,10.0,10.5,0.10486079752445221,0.10486079752445221,0.0,0.0,0,0,0,-1
german,xgboost,48,duration,relative_plus_5,0.05,30.0,31.5,0.01368929073214531,0.01368929073214531,0.0,0.0,0,0,0,-1
german,xgboost,49,duration,relative_plus_5,0.05,24.0,25.2,0.362246036529541,0.362246036529541,0.0,0.0,0,0,0,-1
german,xgboost,50,duration,relative_plus_5,0.05,21.0,22.05,0.059201136231422424,0.06171415001153946,0.002513013780117035,0.002513013780117035,0,0,0,-1
german,xgboost,51,duration,relative_plus_5,0.05,9.0,9.45,0.2117272913455963,0.2117272913455963,0.0,0.0,0,0,0,-1
german,xgboost,52,duration,relative_plus_5,0.05,18.0,18.9,0.1144600659608841,0.1144600659608841,0.0,0.0,0,0,0,-1
german,xgboost,53,duration,relative_plus_5,0.05,18.0,18.9,0.09461341053247452,0.09461341053247452,0.0,0.0,0,0,0,-1
german,xgboost,54,duration,relative_plus_5,0.05,12.0,12.6,0.7814464569091797,0.7814464569091797,0.0,0.0,1,1,0,-1
german,xgboost,55,duration,relative_plus_5,0.05,45.0,47.25,0.33212071657180786,0.32034561038017273,-0.011775106191635132,0.011775106191635132,0,0,0,-1
german,xgboost,56,duration,relative_plus_5,0.05,18.0,18.9,0.9168915748596191,0.9168915748596191,0.0,0.0,1,1,0,-1
german,xgboost,57,duration,relative_plus_5,0.05,24.0,25.2,0.12220555543899536,0.12220555543899536,0.0,0.0,0,0,0,-1
german,xgboost,58,duration,relative_plus_5,0.05,6.0,6.3,0.16189272701740265,0.16189272701740265,0.0,0.0,0,0,0,-1
german,xgboost,59,duration,relative_plus_5,0.05,24.0,25.2,0.6315468549728394,0.6315468549728394,0.0,0.0,1,1,0,-1
german,xgboost,60,duration,relative_plus_5,0.05,12.0,12.6,0.12445571273565292,0.12445571273565292,0.0,0.0,0,0,0,-1
german,xgboost,61,duration,relative_plus_5,0.05,18.0,18.9,0.04100687429308891,0.04100687429308891,0.0,0.0,0,0,0,-1
german,xgboost,62,duration,relative_plus_5,0.05,36.0,37.8,0.5049558877944946,0.5049558877944946,0.0,0.0,1,1,0,-1
german,xgboost,63,duration,relative_plus_5,0.05,39.0,40.95,0.41145092248916626,0.40410351753234863,-0.007347404956817627,0.007347404956817627,0,0,0,-1
german,xgboost,64,duration,relative_plus_5,0.05,18.0,18.9,0.9233189821243286,0.9233189821243286,0.0,0.0,1,1,0,-1
german,xgboost,65,duration,relative_plus_5,0.05,24.0,25.2,0.164531871676445,0.164531871676445,0.0,0.0,0,0,0,-1
german,xgboost,66,duration,relative_plus_5,0.05,24.0,25.2,0.31084004044532776,0.31084004044532776,0.0,0.0,0,0,0,-1
german,xgboost,67,duration,relative_plus_5,0.05,36.0,37.8,0.9614232182502747,0.9614232182502747,0.0,0.0,1,1,0,-1
german,xgboost,68,duration,relative_plus_5,0.05,27.0,28.35,0.48083576560020447,0.5184351801872253,0.037599414587020874,0.037599414587020874,0,1,1,-1
german,xgboost,69,duration,relative_plus_5,0.05,15.0,15.75,0.7440284490585327,0.7440284490585327,0.0,0.0,1,1,0,-1
german,xgboost,70,duration,relative_plus_5,0.05,12.0,12.6,0.7888972759246826,0.7888972759246826,0.0,0.0,1,1,0,-1
german,xgboost,71,duration,relative_plus_5,0.05,24.0,25.2,0.011137815192341805,0.011137815192341805,0.0,0.0,0,0,0,-1
german,xgboost,72,duration,relative_plus_5,0.05,10.0,10.5,0.04410647973418236,0.04410647973418236,0.0,0.0,0,0,0,-1
german,xgboost,73,duration,relative_plus_5,0.05,12.0,12.6,0.07533993571996689,0.07533993571996689,0.0,0.0,0,0,0,-1
german,xgboost,74,duration,relative_plus_5,0.05,12.0,12.6,0.0795583501458168,0.0795583501458168,0.0,0.0,0,0,0,-1
german,xgboost,75,duration,relative_plus_5,0.05,15.0,15.75,0.5273517370223999,0.5273517370223999,0.0,0.0,1,1,0,-1
german,xgboost,76,duration,relative_plus_5,0.05,12.0,12.6,0.3063080608844757,0.3063080608844757,0.0,0.0,0,0,0,-1
german,xgboost,77,duration,relative_plus_5,0.05,24.0,25.2,0.41087862849235535,0.41087862849235535,0.0,0.0,0,0,0,-1
german,xgboost,78,duration,relative_plus_5,0.05,30.0,31.5,0.04028629884123802,0.04028629884123802,0.0,0.0,0,0,0,-1
german,xgboost,79,duration,relative_plus_5,0.05,45.0,47.25,0.8726094961166382,0.8665342926979065,-0.0060752034187316895,0.0060752034187316895,1,1,0,-1
german,xgboost,80,duration,relative_plus_5,0.05,60.0,63.0,0.3864430785179138,0.3864430785179138,0.0,0.0,0,0,0,-1
german,xgboost,81,duration,relative_plus_5,0.05,54.0,56.7,0.024771392345428467,0.024771392345428467,0.0,0.0,0,0,0,-1
german,xgboost,82,duration,relative_plus_5,0.05,13.0,13.65,0.2705821990966797,0.2705821990966797,0.0,0.0,0,0,0,-1
german,xgboost,83,duration,relative_plus_5,0.05,21.0,22.05,0.5973073244094849,0.62250155210495,0.025194227695465088,0.025194227695465088,1,1,0,-1
german,xgboost,84,duration,relative_plus_5,0.05,36.0,37.8,0.14618752896785736,0.14618752896785736,0.0,0.0,0,0,0,-1
german,xgboost,85,duration,relative_plus_5,0.05,12.0,12.6,0.025881066918373108,0.025881066918373108,0.0,0.0,0,0,0,-1
german,xgboost,86,duration,relative_plus_5,0.05,7.0,7.35,0.02392105758190155,0.02392105758190155,0.0,0.0,0,0,0,-1
german,xgboost,87,duration,relative_plus_5,0.05,36.0,37.8,0.6968122720718384,0.6968122720718384,0.0,0.0,1,1,0,-1
german,xgboost,88,duration,relative_plus_5,0.05,24.0,25.2,0.003254662500694394,0.003254662500694394,0.0,0.0,0,0,0,-1
german,xgboost,89,duration,relative_plus_5,0.05,48.0,50.4,0.8224096298217773,0.8224096298217773,0.0,0.0,1,1,0,-1
german,xgboost,90,duration,relative_plus_5,0.05,42.0,44.1,0.5363795757293701,0.5363795757293701,0.0,0.0,1,1,0,-1
german,xgboost,91,duration,relative_plus_5,0.05,24.0,25.2,0.40955519676208496,0.40955519676208496,0.0,0.0,0,0,0,-1
german,xgboost,92,duration,relative_plus_5,0.05,15.0,15.75,0.4440574645996094,0.4440574645996094,0.0,0.0,0,0,0,-1
german,xgboost,93,duration,relative_plus_5,0.05,18.0,18.9,0.6884033679962158,0.6884033679962158,0.0,0.0,1,1,0,-1
german,xgboost,94,duration,relative_plus_5,0.05,6.0,6.3,0.012738422490656376,0.012738422490656376,0.0,0.0,0,0,0,-1
german,xgboost,95,duration,relative_plus_5,0.05,21.0,22.05,0.06840237975120544,0.05481331795454025,-0.013589061796665192,0.013589061796665192,0,0,0,-1
german,xgboost,96,duration,relative_plus_5,0.05,24.0,25.2,0.2747651934623718,0.2747651934623718,0.0,0.0,0,0,0,-1
german,xgboost,97,duration,relative_plus_5,0.05,10.0,10.5,0.14724071323871613,0.14724071323871613,0.0,0.0,0,0,0,-1
german,xgboost,98,duration,relative_plus_5,0.05,24.0,25.2,0.4165569841861725,0.4165569841861725,0.0,0.0,0,0,0,-1
german,xgboost,99,duration,relative_plus_5,0.05,12.0,12.6,0.013321362435817719,0.013321362435817719,0.0,0.0,0,0,0,-1
german,xgboost,0,duration,relative_minus_10,-0.1,18.0,19.8,0.14532507956027985,0.14532507956027985,0.0,0.0,0,0,0,-1
german,xgboost,1,duration,relative_minus_10,-0.1,18.0,19.8,0.3661198318004608,0.3661198318004608,0.0,0.0,0,0,0,-1
german,xgboost,2,duration,relative_minus_10,-0.1,11.0,12.1,0.09617456048727036,0.11805777251720428,0.02188321202993393,0.02188321202993393,0,0,0,-1
german,xgboost,3,duration,relative_minus_10,-0.1,36.0,39.6,0.05242149904370308,0.05973859503865242,0.007317095994949341,0.007317095994949341,0,0,0,-1
german,xgboost,4,duration,relative_minus_10,-0.1,4.0,4.4,0.002389379311352968,0.002389379311352968,0.0,0.0,0,0,0,-1
german,xgboost,5,duration,relative_minus_10,-0.1,5.0,5.5,0.011241624131798744,0.011241624131798744,0.0,0.0,0,0,0,-1
german,xgboost,6,duration,relative_minus_10,-0.1,30.0,33.0,0.02126064896583557,0.02333708293735981,0.0020764339715242386,0.0020764339715242386,0,0,0,-1
german,xgboost,7,duration,relative_minus_10,-0.1,36.0,39.6,0.07431254535913467,0.104465052485466,0.03015250712633133,0.03015250712633133,0,0,0,-1
german,xgboost,8,duration,relative_minus_10,-0.1,12.0,13.2,0.02867794781923294,0.024570567533373833,-0.004107380285859108,0.004107380285859108,0,0,0,-1
german,xgboost,9,duration,relative_minus_10,-0.1,24.0,26.4,0.8991640210151672,0.9058705568313599,0.006706535816192627,0.006706535816192627,1,1,0,-1
german,xgboost,10,duration,relative_minus_10,-0.1,18.0,19.8,0.43120160698890686,0.43120160698890686,0.0,0.0,0,0,0,-1
german,xgboost,11,duration,relative_minus_10,-0.1,6.0,6.6,0.528389573097229,0.528389573097229,0.0,0.0,1,1,0,-1
german,xgboost,12,duration,relative_minus_10,-0.1,12.0,13.2,0.009822084568440914,0.007960823364555836,-0.0018612612038850784,0.0018612612038850784,0,0,0,-1
german,xgboost,13,duration,relative_minus_10,-0.1,12.0,13.2,0.11241460591554642,0.10838056355714798,-0.0040340423583984375,0.0040340423583984375,0,0,0,-1
german,xgboost,14,duration,relative_minus_10,-0.1,6.0,6.6,0.09716489166021347,0.09716489166021347,0.0,0.0,0,0,0,-1
german,xgboost,15,duration,relative_minus_10,-0.1,15.0,16.5,0.4787817597389221,0.7195160984992981,0.24073433876037598,0.24073433876037598,0,1,1,-1
german,xgboost,16,duration,relative_minus_10,-0.1,12.0,13.2,0.00277602463029325,0.0024849537294358015,-0.0002910709008574486,0.0002910709008574486,0,0,0,-1
german,xgboost,17,duration,relative_minus_10,-0.1,30.0,33.0,0.9572583436965942,0.9718797206878662,0.014621376991271973,0.014621376991271973,1,1,0,-1
german,xgboost,18,duration,relative_minus_10,-0.1,18.0,19.8,0.09437244385480881,0.09437244385480881,0.0,0.0,0,0,0,-1
german,xgboost,19,duration,relative_minus_10,-0.1,18.0,19.8,0.9716695547103882,0.9716695547103882,0.0,0.0,1,1,0,-1
german,xgboost,20,duration,relative_minus_10,-0.1,18.0,19.8,0.0550624243915081,0.0550624243915081,0.0,0.0,0,0,0,-1
german,xgboost,21,duration,relative_minus_10,-0.1,6.0,6.6,0.018732847645878792,0.018732847645878792,0.0,0.0,0,0,0,-1
german,xgboost,22,duration,relative_minus_10,-0.1,15.0,16.5,0.07416114211082458,0.09881694614887238,0.02465580403804779,0.02465580403804779,0,0,0,-1
german,xgboost,23,duration,relative_minus_10,-0.1,18.0,19.8,0.8707629442214966,0.8707629442214966,0.0,0.0,1,1,0,-1
german,xgboost,24,duration,relative_minus_10,-0.1,36.0,39.6,0.7920497059822083,0.7979552149772644,0.005905508995056152,0.005905508995056152,1,1,0,-1
german,xgboost,25,duration,relative_minus_10,-0.1,9.0,9.9,0.4596281051635742,0.4596281051635742,0.0,0.0,0,0,0,-1
german,xgboost,26,duration,relative_minus_10,-0.1,30.0,33.0,0.2782054543495178,0.41193443536758423,0.1337289810180664,0.1337289810180664,0,0,0,-1
german,xgboost,27,duration,relative_minus_10,-0.1,12.0,13.2,0.6968560814857483,0.5854507088661194,-0.1114053726196289,0.1114053726196289,1,1,0,-1
german,xgboost,28,duration,relative_minus_10,-0.1,6.0,6.6,0.0033986191265285015,0.0033986191265285015,0.0,0.0,0,0,0,-1
german,xgboost,29,duration,relative_minus_10,-0.1,6.0,6.6,0.4393616020679474,0.4393616020679474,0.0,0.0,0,0,0,-1
german,xgboost,30,duration,relative_minus_10,-0.1,15.0,16.5,0.4359388053417206,0.7183778882026672,0.28243908286094666,0.28243908286094666,0,1,1,-1
german,xgboost,31,duration,relative_minus_10,-0.1,9.0,9.9,0.2954026758670807,0.2954026758670807,0.0,0.0,0,0,0,-1
german,xgboost,32,duration,relative_minus_10,-0.1,15.0,16.5,0.016435444355010986,0.033162426203489304,0.016726981848478317,0.016726981848478317,0,0,0,-1
german,xgboost,33,duration,relative_minus_10,-0.1,9.0,9.9,0.02008327655494213,0.02008327655494213,0.0,0.0,0,0,0,-1
german,xgboost,34,duration,relative_minus_10,-0.1,24.0,26.4,0.7229525446891785,0.7346333265304565,0.011680781841278076,0.011680781841278076,1,1,0,-1
german,xgboost,35,duration,relative_minus_10,-0.1,18.0,19.8,0.39703890681266785,0.39703890681266785,0.0,0.0,0,0,0,-1
german,xgboost,36,duration,relative_minus_10,-0.1,36.0,39.6,0.8524562120437622,0.8692271709442139,0.01677095890045166,0.01677095890045166,1,1,0,-1
german,xgboost,37,duration,relative_minus_10,-0.1,15.0,16.5,0.16694852709770203,0.4680967330932617,0.3011482059955597,0.3011482059955597,0,0,0,-1
german,xgboost,38,duration,relative_minus_10,-0.1,36.0,39.6,0.38675543665885925,0.26366791129112244,-0.12308752536773682,0.12308752536773682,0,0,0,-1
german,xgboost,39,duration,relative_minus_10,-0.1,12.0,13.2,0.06428443640470505,0.03698810935020447,-0.02729632705450058,0.02729632705450058,0,0,0,-1
german,xgboost,40,duration,relative_minus_10,-0.1,24.0,26.4,0.6213107705116272,0.6063492894172668,-0.014961481094360352,0.014961481094360352,1,1,0,-1
german,xgboost,41,duration,relative_minus_10,-0.1,18.0,19.8,0.3211948573589325,0.3211948573589325,0.0,0.0,0,0,0,-1
german,xgboost,42,duration,relative_minus_10,-0.1,12.0,13.2,0.5845916867256165,0.5260100364685059,-0.058581650257110596,0.058581650257110596,1,1,0,-1
german,xgboost,43,duration,relative_minus_10,-0.1,15.0,16.5,0.9279054999351501,0.9661664962768555,0.03826099634170532,0.03826099634170532,1,1,0,-1
german,xgboost,44,duration,relative_minus_10,-0.1,27.0,29.7,0.35836517810821533,0.39679110050201416,0.03842592239379883,0.03842592239379883,0,0,0,-1
german,xgboost,45,duration,relative_minus_10,-0.1,18.0,19.8,0.23765133321285248,0.23765133321285248,0.0,0.0,0,0,0,-1
german,xgboost,46,duration,relative_minus_10,-0.1,48.0,52.8,0.015967916697263718,0.015967916697263718,0.0,0.0,0,0,0,-1
german,xgboost,47,duration,relative_minus_10,-0.1,10.0,11.0,0.10486079752445221,0.09821789711713791,-0.0066429004073143005,0.0066429004073143005,0,0,0,-1
german,xgboost,48,duration,relative_minus_10,-0.1,30.0,33.0,0.01368929073214531,0.015233335085213184,0.001544044353067875,0.001544044353067875,0,0,0,-1
german,xgboost,49,duration,relative_minus_10,-0.1,24.0,26.4,0.362246036529541,0.3782791495323181,0.0160331130027771,0.0160331130027771,0,0,0,-1
german,xgboost,50,duration,relative_minus_10,-0.1,21.0,23.1,0.059201136231422424,0.06171415001153946,0.002513013780117035,0.002513013780117035,0,0,0,-1
german,xgboost,51,duration,relative_minus_10,-0.1,9.0,9.9,0.2117272913455963,0.2117272913455963,0.0,0.0,0,0,0,-1
german,xgboost,52,duration,relative_minus_10,-0.1,18.0,19.8,0.1144600659608841,0.1144600659608841,0.0,0.0,0,0,0,-1
german,xgboost,53,duration,relative_minus_10,-0.1,18.0,19.8,0.09461341053247452,0.09461341053247452,0.0,0.0,0,0,0,-1
german,xgboost,54,duration,relative_minus_10,-0.1,12.0,13.2,0.7814464569091797,0.7192063331604004,-0.0622401237487793,0.0622401237487793,1,1,0,-1
german,xgboost,55,duration,relative_minus_10,-0.1,45.0,49.5,0.33212071657180786,0.3510216176509857,0.018900901079177856,0.018900901079177856,0,0,0,-1
german,xgboost,56,duration,relative_minus_10,-0.1,18.0,19.8,0.9168915748596191,0.9168915748596191,0.0,0.0,1,1,0,-1
german,xgboost,57,duration,relative_minus_10,-0.1,24.0,26.4,0.12220555543899536,0.12018030136823654,-0.0020252540707588196,0.0020252540707588196,0,0,0,-1
german,xgboost,58,duration,relative_minus_10,-0.1,6.0,6.6,0.16189272701740265,0.16189272701740265,0.0,0.0,0,0,0,-1
german,xgboost,59,duration,relative_minus_10,-0.1,24.0,26.4,0.6315468549728394,0.6299710273742676,-0.0015758275985717773,0.0015758275985717773,1,1,0,-1
german,xgboost,60,duration,relative_minus_10,-0.1,12.0,13.2,0.12445571273565292,0.1344369500875473,0.009981237351894379,0.009981237351894379,0,0,0,-1
german,xgboost,61,duration,relative_minus_10,-0.1,18.0,19.8,0.04100687429308891,0.04100687429308891,0.0,0.0,0,0,0,-1
german,xgboost,62,duration,relative_minus_10,-0.1,36.0,39.6,0.5049558877944946,0.42220795154571533,-0.0827479362487793,0.0827479362487793,1,0,1,-1
german,xgboost,63,duration,relative_minus_10,-0.1,39.0,42.9,0.41145092248916626,0.3923514187335968,-0.019099503755569458,0.019099503755569458,0,0,0,-1
german,xgboost,64,duration,relative_minus_10,-0.1,18.0,19.8,0.9233189821243286,0.9233189821243286,0.0,0.0,1,1,0,-1
german,xgboost,65,duration,relative_minus_10,-0.1,24.0,26.4,0.164531871676445,0.14999395608901978,-0.014537915587425232,0.014537915587425232,0,0,0,-1
german,xgboost,66,duration,relative_minus_10,-0.1,24.0,26.4,0.31084004044532776,0.2886693477630615,-0.022170692682266235,0.022170692682266235,0,0,0,-1
german,xgboost,67,duration,relative_minus_10,-0.1,36.0,39.6,0.9614232182502747,0.9329421520233154,-0.02848106622695923,0.02848106622695923,1,1,0,-1
german,xgboost,68,duration,relative_minus_10,-0.1,27.0,29.7,0.48083576560020447,0.5184351801872253,0.037599414587020874,0.037599414587020874,0,1,1,-1
german,xgboost,69,duration,relative_minus_10,-0.1,15.0,16.5,0.7440284490585327,0.8347985744476318,0.09077012538909912,0.09077012538909912,1,1,0,-1
german,xgboost,70,duration,relative_minus_10,-0.1,12.0,13.2,0.7888972759246826,0.7280406951904297,-0.06085658073425293,0.06085658073425293,1,1,0,-1
german,xgboost,71,duration,relative_minus_10,-0.1,24.0,26.4,0.011137815192341805,0.010378391481935978,-0.0007594237104058266,0.0007594237104058266,0,0,0,-1
german,xgboost,72,duration,relative_minus_10,-0.1,10.0,11.0,0.04410647973418236,0.04116744548082352,-0.002939034253358841,0.002939034253358841,0,0,0,-1
german,xgboost,73,duration,relative_minus_10,-0.1,12.0,13.2,0.07533993571996689,0.0674714669585228,-0.007868468761444092,0.007868468761444092,0,0,0,-1
german,xgboost,74,duration,relative_minus_10,-0.1,12.0,13.2,0.0795583501458168,0.06931654363870621,-0.010241806507110596,0.010241806507110596,0,0,0,-1
german,xgboost,75,duration,relative_minus_10,-0.1,15.0,16.5,0.5273517370223999,0.7950092554092407,0.2676575183868408,0.2676575183868408,1,1,0,-1
german,xgboost,76,duration,relative_minus_10,-0.1,12.0,13.2,0.3063080608844757,0.32045990228652954,0.014151841402053833,0.014151841402053833,0,0,0,-1
german,xgboost,77,duration,relative_minus_10,-0.1,24.0,26.4,0.41087862849235535,0.40537774562835693,-0.005500882863998413,0.005500882863998413,0,0,0,-1
german,xgboost,78,duration,relative_minus_10,-0.1,30.0,33.0,0.04028629884123802,0.044942889362573624,0.004656590521335602,0.004656590521335602,0,0,0,-1
german,xgboost,79,duration,relative_minus_10,-0.1,45.0,49.5,0.8726094961166382,0.8820543885231018,0.009444892406463623,0.009444892406463623,1,1,0,-1
german,xgboost,80,duration,relative_minus_10,-0.1,60.0,66.0,0.3864430785179138,0.3864430785179138,0.0,0.0,0,0,0,-1
german,xgboost,81,duration,relative_minus_10,-0.1,54.0,59.4,0.024771392345428467,0.024771392345428467,0.0,0.0,0,0,0,-1
german,xgboost,82,duration,relative_minus_10,-0.1,13.0,14.3,0.2705821990966797,0.2868201732635498,0.016237974166870117,0.016237974166870117,0,0,0,-1
german,xgboost,83,duration,relative_minus_10,-0.1,21.0,23.1,0.5973073244094849,0.62250155210495,0.025194227695465088,0.025194227695465088,1,1,0,-1
german,xgboost,84,duration,relative_minus_10,-0.1,36.0,39.6,0.14618752896785736,0.07822839915752411,-0.06795912981033325,0.06795912981033325,0,0,0,-1
german,xgboost,85,duration,relative_minus_10,-0.1,12.0,13.2,0.025881066918373108,0.025555523112416267,-0.0003255438059568405,0.0003255438059568405,0,0,0,-1
german,xgboost,86,duration,relative_minus_10,-0.1,7.0,7.7,0.02392105758190155,0.02392105758190155,0.0,0.0,0,0,0,-1
german,xgboost,87,duration,relative_minus_10,-0.1,36.0,39.6,0.6968122720718384,0.7340604662895203,0.037248194217681885,0.037248194217681885,1,1,0,-1
german,xgboost,88,duration,relative_minus_10,-0.1,24.0,26.4,0.003254662500694394,0.0034539157059043646,0.00019925320520997047,0.00019925320520997047,0,0,0,-1
german,xgboost,89,duration,relative_minus_10,-0.1,48.0,52.8,0.8224096298217773,0.8224096298217773,0.0,0.0,1,1,0,-1
german,xgboost,90,duration,relative_minus_10,-0.1,42.0,46.2,0.5363795757293701,0.5539865493774414,0.01760697364807129,0.01760697364807129,1,1,0,-1
german,xgboost,91,duration,relative_minus_10,-0.1,24.0,26.4,0.40955519676208496,0.3993516266345978,-0.010203570127487183,0.010203570127487183,0,0,0,-1
german,xgboost,92,duration,relative_minus_10,-0.1,15.0,16.5,0.4440574645996094,0.7033910155296326,0.2593335509300232,0.2593335509300232,0,1,1,-1
german,xgboost,93,duration,relative_minus_10,-0.1,18.0,19.8,0.6884033679962158,0.6884033679962158,0.0,0.0,1,1,0,-1
german,xgboost,94,duration,relative_minus_10,-0.1,6.0,6.6,0.012738422490656376,0.012738422490656376,0.0,0.0,0,0,0,-1
german,xgboost,95,duration,relative_minus_10,-0.1,21.0,23.1,0.06840237975120544,0.05481331795454025,-0.013589061796665192,0.013589061796665192,0,0,0,-1
german,xgboost,96,duration,relative_minus_10,-0.1,24.0,26.4,0.2747651934623718,0.26946693658828735,-0.005298256874084473,0.005298256874084473,0,0,0,-1
german,xgboost,97,duration,relative_minus_10,-0.1,10.0,11.0,0.14724071323871613,0.1494835913181305,0.0022428780794143677,0.0022428780794143677,0,0,0,-1
german,xgboost,98,duration,relative_minus_10,-0.1,24.0,26.4,0.4165569841861725,0.39621788263320923,-0.020339101552963257,0.020339101552963257,0,0,0,-1
german,xgboost,99,duration,relative_minus_10,-0.1,12.0,13.2,0.013321362435817719,0.011797572486102581,-0.0015237899497151375,0.0015237899497151375,0,0,0,-1
german,xgboost,0,duration,relative_plus_10,0.1,18.0,19.8,0.14532507956027985,0.14532507956027985,0.0,0.0,0,0,0,-1
german,xgboost,1,duration,relative_plus_10,0.1,18.0,19.8,0.3661198318004608,0.3661198318004608,0.0,0.0,0,0,0,-1
german,xgboost,2,duration,relative_plus_10,0.1,11.0,12.1,0.09617456048727036,0.11805777251720428,0.02188321202993393,0.02188321202993393,0,0,0,-1
german,xgboost,3,duration,relative_plus_10,0.1,36.0,39.6,0.05242149904370308,0.05973859503865242,0.007317095994949341,0.007317095994949341,0,0,0,-1
german,xgboost,4,duration,relative_plus_10,0.1,4.0,4.4,0.002389379311352968,0.002389379311352968,0.0,0.0,0,0,0,-1
german,xgboost,5,duration,relative_plus_10,0.1,5.0,5.5,0.011241624131798744,0.011241624131798744,0.0,0.0,0,0,0,-1
german,xgboost,6,duration,relative_plus_10,0.1,30.0,33.0,0.02126064896583557,0.02333708293735981,0.0020764339715242386,0.0020764339715242386,0,0,0,-1
german,xgboost,7,duration,relative_plus_10,0.1,36.0,39.6,0.07431254535913467,0.104465052485466,0.03015250712633133,0.03015250712633133,0,0,0,-1
german,xgboost,8,duration,relative_plus_10,0.1,12.0,13.2,0.02867794781923294,0.024570567533373833,-0.004107380285859108,0.004107380285859108,0,0,0,-1
german,xgboost,9,duration,relative_plus_10,0.1,24.0,26.4,0.8991640210151672,0.9058705568313599,0.006706535816192627,0.006706535816192627,1,1,0,-1
german,xgboost,10,duration,relative_plus_10,0.1,18.0,19.8,0.43120160698890686,0.43120160698890686,0.0,0.0,0,0,0,-1
german,xgboost,11,duration,relative_plus_10,0.1,6.0,6.6,0.528389573097229,0.528389573097229,0.0,0.0,1,1,0,-1
german,xgboost,12,duration,relative_plus_10,0.1,12.0,13.2,0.009822084568440914,0.007960823364555836,-0.0018612612038850784,0.0018612612038850784,0,0,0,-1
german,xgboost,13,duration,relative_plus_10,0.1,12.0,13.2,0.11241460591554642,0.10838056355714798,-0.0040340423583984375,0.0040340423583984375,0,0,0,-1
german,xgboost,14,duration,relative_plus_10,0.1,6.0,6.6,0.09716489166021347,0.09716489166021347,0.0,0.0,0,0,0,-1
german,xgboost,15,duration,relative_plus_10,0.1,15.0,16.5,0.4787817597389221,0.7195160984992981,0.24073433876037598,0.24073433876037598,0,1,1,-1
german,xgboost,16,duration,relative_plus_10,0.1,12.0,13.2,0.00277602463029325,0.0024849537294358015,-0.0002910709008574486,0.0002910709008574486,0,0,0,-1
german,xgboost,17,duration,relative_plus_10,0.1,30.0,33.0,0.9572583436965942,0.9718797206878662,0.014621376991271973,0.014621376991271973,1,1,0,-1
german,xgboost,18,duration,relative_plus_10,0.1,18.0,19.8,0.09437244385480881,0.09437244385480881,0.0,0.0,0,0,0,-1
german,xgboost,19,duration,relative_plus_10,0.1,18.0,19.8,0.9716695547103882,0.9716695547103882,0.0,0.0,1,1,0,-1
german,xgboost,20,duration,relative_plus_10,0.1,18.0,19.8,0.0550624243915081,0.0550624243915081,0.0,0.0,0,0,0,-1
german,xgboost,21,duration,relative_plus_10,0.1,6.0,6.6,0.018732847645878792,0.018732847645878792,0.0,0.0,0,0,0,-1
german,xgboost,22,duration,relative_plus_10,0.1,15.0,16.5,0.07416114211082458,0.09881694614887238,0.02465580403804779,0.02465580403804779,0,0,0,-1
german,xgboost,23,duration,relative_plus_10,0.1,18.0,19.8,0.8707629442214966,0.8707629442214966,0.0,0.0,1,1,0,-1
german,xgboost,24,duration,relative_plus_10,0.1,36.0,39.6,0.7920497059822083,0.7979552149772644,0.005905508995056152,0.005905508995056152,1,1,0,-1
german,xgboost,25,duration,relative_plus_10,0.1,9.0,9.9,0.4596281051635742,0.4596281051635742,0.0,0.0,0,0,0,-1
german,xgboost,26,duration,relative_plus_10,0.1,30.0,33.0,0.2782054543495178,0.41193443536758423,0.1337289810180664,0.1337289810180664,0,0,0,-1
german,xgboost,27,duration,relative_plus_10,0.1,12.0,13.2,0.6968560814857483,0.5854507088661194,-0.1114053726196289,0.1114053726196289,1,1,0,-1
german,xgboost,28,duration,relative_plus_10,0.1,6.0,6.6,0.0033986191265285015,0.0033986191265285015,0.0,0.0,0,0,0,-1
german,xgboost,29,duration,relative_plus_10,0.1,6.0,6.6,0.4393616020679474,0.4393616020679474,0.0,0.0,0,0,0,-1
german,xgboost,30,duration,relative_plus_10,0.1,15.0,16.5,0.4359388053417206,0.7183778882026672,0.28243908286094666,0.28243908286094666,0,1,1,-1
german,xgboost,31,duration,relative_plus_10,0.1,9.0,9.9,0.2954026758670807,0.2954026758670807,0.0,0.0,0,0,0,-1
german,xgboost,32,duration,relative_plus_10,0.1,15.0,16.5,0.016435444355010986,0.033162426203489304,0.016726981848478317,0.016726981848478317,0,0,0,-1
german,xgboost,33,duration,relative_plus_10,0.1,9.0,9.9,0.02008327655494213,0.02008327655494213,0.0,0.0,0,0,0,-1
german,xgboost,34,duration,relative_plus_10,0.1,24.0,26.4,0.7229525446891785,0.7346333265304565,0.011680781841278076,0.011680781841278076,1,1,0,-1
german,xgboost,35,duration,relative_plus_10,0.1,18.0,19.8,0.39703890681266785,0.39703890681266785,0.0,0.0,0,0,0,-1
german,xgboost,36,duration,relative_plus_10,0.1,36.0,39.6,0.8524562120437622,0.8692271709442139,0.01677095890045166,0.01677095890045166,1,1,0,-1
german,xgboost,37,duration,relative_plus_10,0.1,15.0,16.5,0.16694852709770203,0.4680967330932617,0.3011482059955597,0.3011482059955597,0,0,0,-1
german,xgboost,38,duration,relative_plus_10,0.1,36.0,39.6,0.38675543665885925,0.26366791129112244,-0.12308752536773682,0.12308752536773682,0,0,0,-1
german,xgboost,39,duration,relative_plus_10,0.1,12.0,13.2,0.06428443640470505,0.03698810935020447,-0.02729632705450058,0.02729632705450058,0,0,0,-1
german,xgboost,40,duration,relative_plus_10,0.1,24.0,26.4,0.6213107705116272,0.6063492894172668,-0.014961481094360352,0.014961481094360352,1,1,0,-1
german,xgboost,41,duration,relative_plus_10,0.1,18.0,19.8,0.3211948573589325,0.3211948573589325,0.0,0.0,0,0,0,-1
german,xgboost,42,duration,relative_plus_10,0.1,12.0,13.2,0.5845916867256165,0.5260100364685059,-0.058581650257110596,0.058581650257110596,1,1,0,-1
german,xgboost,43,duration,relative_plus_10,0.1,15.0,16.5,0.9279054999351501,0.9661664962768555,0.03826099634170532,0.03826099634170532,1,1,0,-1
german,xgboost,44,duration,relative_plus_10,0.1,27.0,29.7,0.35836517810821533,0.39679110050201416,0.03842592239379883,0.03842592239379883,0,0,0,-1
german,xgboost,45,duration,relative_plus_10,0.1,18.0,19.8,0.23765133321285248,0.23765133321285248,0.0,0.0,0,0,0,-1
german,xgboost,46,duration,relative_plus_10,0.1,48.0,52.8,0.015967916697263718,0.015967916697263718,0.0,0.0,0,0,0,-1
german,xgboost,47,duration,relative_plus_10,0.1,10.0,11.0,0.10486079752445221,0.09821789711713791,-0.0066429004073143005,0.0066429004073143005,0,0,0,-1
german,xgboost,48,duration,relative_plus_10,0.1,30.0,33.0,0.01368929073214531,0.015233335085213184,0.001544044353067875,0.001544044353067875,0,0,0,-1
german,xgboost,49,duration,relative_plus_10,0.1,24.0,26.4,0.362246036529541,0.3782791495323181,0.0160331130027771,0.0160331130027771,0,0,0,-1
german,xgboost,50,duration,relative_plus_10,0.1,21.0,23.1,0.059201136231422424,0.06171415001153946,0.002513013780117035,0.002513013780117035,0,0,0,-1
german,xgboost,51,duration,relative_plus_10,0.1,9.0,9.9,0.2117272913455963,0.2117272913455963,0.0,0.0,0,0,0,-1
german,xgboost,52,duration,relative_plus_10,0.1,18.0,19.8,0.1144600659608841,0.1144600659608841,0.0,0.0,0,0,0,-1
german,xgboost,53,duration,relative_plus_10,0.1,18.0,19.8,0.09461341053247452,0.09461341053247452,0.0,0.0,0,0,0,-1
german,xgboost,54,duration,relative_plus_10,0.1,12.0,13.2,0.7814464569091797,0.7192063331604004,-0.0622401237487793,0.0622401237487793,1,1,0,-1
german,xgboost,55,duration,relative_plus_10,0.1,45.0,49.5,0.33212071657180786,0.3510216176509857,0.018900901079177856,0.018900901079177856,0,0,0,-1
german,xgboost,56,duration,relative_plus_10,0.1,18.0,19.8,0.9168915748596191,0.9168915748596191,0.0,0.0,1,1,0,-1
german,xgboost,57,duration,relative_plus_10,0.1,24.0,26.4,0.12220555543899536,0.12018030136823654,-0.0020252540707588196,0.0020252540707588196,0,0,0,-1
german,xgboost,58,duration,relative_plus_10,0.1,6.0,6.6,0.16189272701740265,0.16189272701740265,0.0,0.0,0,0,0,-1
german,xgboost,59,duration,relative_plus_10,0.1,24.0,26.4,0.6315468549728394,0.6299710273742676,-0.0015758275985717773,0.0015758275985717773,1,1,0,-1
german,xgboost,60,duration,relative_plus_10,0.1,12.0,13.2,0.12445571273565292,0.1344369500875473,0.009981237351894379,0.009981237351894379,0,0,0,-1
german,xgboost,61,duration,relative_plus_10,0.1,18.0,19.8,0.04100687429308891,0.04100687429308891,0.0,0.0,0,0,0,-1
german,xgboost,62,duration,relative_plus_10,0.1,36.0,39.6,0.5049558877944946,0.42220795154571533,-0.0827479362487793,0.0827479362487793,1,0,1,-1
german,xgboost,63,duration,relative_plus_10,0.1,39.0,42.9,0.41145092248916626,0.3923514187335968,-0.019099503755569458,0.019099503755569458,0,0,0,-1
german,xgboost,64,duration,relative_plus_10,0.1,18.0,19.8,0.9233189821243286,0.9233189821243286,0.0,0.0,1,1,0,-1
german,xgboost,65,duration,relative_plus_10,0.1,24.0,26.4,0.164531871676445,0.14999395608901978,-0.014537915587425232,0.014537915587425232,0,0,0,-1
german,xgboost,66,duration,relative_plus_10,0.1,24.0,26.4,0.31084004044532776,0.2886693477630615,-0.022170692682266235,0.022170692682266235,0,0,0,-1
german,xgboost,67,duration,relative_plus_10,0.1,36.0,39.6,0.9614232182502747,0.9329421520233154,-0.02848106622695923,0.02848106622695923,1,1,0,-1
german,xgboost,68,duration,relative_plus_10,0.1,27.0,29.7,0.48083576560020447,0.5184351801872253,0.037599414587020874,0.037599414587020874,0,1,1,-1
german,xgboost,69,duration,relative_plus_10,0.1,15.0,16.5,0.7440284490585327,0.8347985744476318,0.09077012538909912,0.09077012538909912,1,1,0,-1
german,xgboost,70,duration,relative_plus_10,0.1,12.0,13.2,0.7888972759246826,0.7280406951904297,-0.06085658073425293,0.06085658073425293,1,1,0,-1
german,xgboost,71,duration,relative_plus_10,0.1,24.0,26.4,0.011137815192341805,0.010378391481935978,-0.0007594237104058266,0.0007594237104058266,0,0,0,-1
german,xgboost,72,duration,relative_plus_10,0.1,10.0,11.0,0.04410647973418236,0.04116744548082352,-0.002939034253358841,0.002939034253358841,0,0,0,-1
german,xgboost,73,duration,relative_plus_10,0.1,12.0,13.2,0.07533993571996689,0.0674714669585228,-0.007868468761444092,0.007868468761444092,0,0,0,-1
german,xgboost,74,duration,relative_plus_10,0.1,12.0,13.2,0.0795583501458168,0.06931654363870621,-0.010241806507110596,0.010241806507110596,0,0,0,-1
german,xgboost,75,duration,relative_plus_10,0.1,15.0,16.5,0.5273517370223999,0.7950092554092407,0.2676575183868408,0.2676575183868408,1,1,0,-1
german,xgboost,76,duration,relative_plus_10,0.1,12.0,13.2,0.3063080608844757,0.32045990228652954,0.014151841402053833,0.014151841402053833,0,0,0,-1
german,xgboost,77,duration,relative_plus_10,0.1,24.0,26.4,0.41087862849235535,0.40537774562835693,-0.005500882863998413,0.005500882863998413,0,0,0,-1
german,xgboost,78,duration,relative_plus_10,0.1,30.0,33.0,0.04028629884123802,0.044942889362573624,0.004656590521335602,0.004656590521335602,0,0,0,-1
german,xgboost,79,duration,relative_plus_10,0.1,45.0,49.5,0.8726094961166382,0.8820543885231018,0.009444892406463623,0.009444892406463623,1,1,0,-1
german,xgboost,80,duration,relative_plus_10,0.1,60.0,66.0,0.3864430785179138,0.3864430785179138,0.0,0.0,0,0,0,-1
german,xgboost,81,duration,relative_plus_10,0.1,54.0,59.4,0.024771392345428467,0.024771392345428467,0.0,0.0,0,0,0,-1
german,xgboost,82,duration,relative_plus_10,0.1,13.0,14.3,0.2705821990966797,0.2868201732635498,0.016237974166870117,0.016237974166870117,0,0,0,-1
german,xgboost,83,duration,relative_plus_10,0.1,21.0,23.1,0.5973073244094849,0.62250155210495,0.025194227695465088,0.025194227695465088,1,1,0,-1
german,xgboost,84,duration,relative_plus_10,0.1,36.0,39.6,0.14618752896785736,0.07822839915752411,-0.06795912981033325,0.06795912981033325,0,0,0,-1
german,xgboost,85,duration,relative_plus_10,0.1,12.0,13.2,0.025881066918373108,0.025555523112416267,-0.0003255438059568405,0.0003255438059568405,0,0,0,-1
german,xgboost,86,duration,relative_plus_10,0.1,7.0,7.7,0.02392105758190155,0.02392105758190155,0.0,0.0,0,0,0,-1
german,xgboost,87,duration,relative_plus_10,0.1,36.0,39.6,0.6968122720718384,0.7340604662895203,0.037248194217681885,0.037248194217681885,1,1,0,-1
german,xgboost,88,duration,relative_plus_10,0.1,24.0,26.4,0.003254662500694394,0.0034539157059043646,0.00019925320520997047,0.00019925320520997047,0,0,0,-1
german,xgboost,89,duration,relative_plus_10,0.1,48.0,52.8,0.8224096298217773,0.8224096298217773,0.0,0.0,1,1,0,-1
german,xgboost,90,duration,relative_plus_10,0.1,42.0,46.2,0.5363795757293701,0.5539865493774414,0.01760697364807129,0.01760697364807129,1,1,0,-1
german,xgboost,91,duration,relative_plus_10,0.1,24.0,26.4,0.40955519676208496,0.3993516266345978,-0.010203570127487183,0.010203570127487183,0,0,0,-1
german,xgboost,92,duration,relative_plus_10,0.1,15.0,16.5,0.4440574645996094,0.7033910155296326,0.2593335509300232,0.2593335509300232,0,1,1,-1
german,xgboost,93,duration,relative_plus_10,0.1,18.0,19.8,0.6884033679962158,0.6884033679962158,0.0,0.0,1,1,0,-1
german,xgboost,94,duration,relative_plus_10,0.1,6.0,6.6,0.012738422490656376,0.012738422490656376,0.0,0.0,0,0,0,-1
german,xgboost,95,duration,relative_plus_10,0.1,21.0,23.1,0.06840237975120544,0.05481331795454025,-0.013589061796665192,0.013589061796665192,0,0,0,-1
german,xgboost,96,duration,relative_plus_10,0.1,24.0,26.4,0.2747651934623718,0.26946693658828735,-0.005298256874084473,0.005298256874084473,0,0,0,-1
german,xgboost,97,duration,relative_plus_10,0.1,10.0,11.0,0.14724071323871613,0.1494835913181305,0.0022428780794143677,0.0022428780794143677,0,0,0,-1
german,xgboost,98,duration,relative_plus_10,0.1,24.0,26.4,0.4165569841861725,0.39621788263320923,-0.020339101552963257,0.020339101552963257,0,0,0,-1
german,xgboost,99,duration,relative_plus_10,0.1,12.0,13.2,0.013321362435817719,0.011797572486102581,-0.0015237899497151375,0.0015237899497151375,0,0,0,-1
german,xgboost,0,credit_amount,relative_minus_5,-0.05,3612.0,3792.6,0.14532507956027985,0.20381926000118256,0.05849418044090271,0.05849418044090271,0,0,0,-1
german,xgboost,1,credit_amount,relative_minus_5,-0.05,6260.0,6573.0,0.3661198318004608,0.509955644607544,0.14383581280708313,0.14383581280708313,0,1,1,-1
german,xgboost,2,credit_amount,relative_minus_5,-0.05,1322.0,1388.1,0.09617456048727036,0.017879651859402657,-0.07829491049051285,0.07829491049051285,0,0,0,-1
german,xgboost,3,credit_amount,relative_minus_5,-0.05,2299.0,2413.95,0.05242149904370308,0.07974664121866226,0.027325142174959183,0.027325142174959183,0,0,0,-1
german,xgboost,4,credit_amount,relative_minus_5,-0.05,1544.0,1621.2,0.002389379311352968,0.0014619644498452544,-0.0009274148615077138,0.0009274148615077138,0,0,0,-1
german,xgboost,5,credit_amount,relative_minus_5,-0.05,3448.0,3620.4,0.011241624131798744,0.006530281156301498,-0.004711342975497246,0.004711342975497246,0,0,0,-1
german,xgboost,6,credit_amount,relative_minus_5,-0.05,5954.0,6251.7,0.02126064896583557,0.02126064896583557,0.0,0.0,0,0,0,-1
german,xgboost,7,credit_amount,relative_minus_5,-0.05,3595.0,3774.75,0.07431254535913467,0.09757421165704727,0.023261666297912598,0.023261666297912598,0,0,0,-1
german,xgboost,8,credit_amount,relative_minus_5,-0.05,2292.0,2406.6,0.02867794781923294,0.04652900621294975,0.017851058393716812,0.017851058393716812,0,0,0,-1
german,xgboost,9,credit_amount,relative_minus_5,-0.05,3234.0,3395.7,0.8991640210151672,0.9439210295677185,0.04475700855255127,0.04475700855255127,1,1,0,-1
german,xgboost,10,credit_amount,relative_minus_5,-0.05,1795.0,1884.75,0.43120160698890686,0.5259487628936768,0.0947471559047699,0.0947471559047699,0,1,1,-1
german,xgboost,11,credit_amount,relative_minus_5,-0.05,683.0,717.15,0.528389573097229,0.5403985381126404,0.012008965015411377,0.012008965015411377,1,1,0,-1
german,xgboost,12,credit_amount,relative_minus_5,-0.05,1412.0,1482.6,0.009822084568440914,0.0110037075355649,0.0011816229671239853,0.0011816229671239853,0,0,0,-1
german,xgboost,13,credit_amount,relative_minus_5,-0.05,1768.0,1856.4,0.11241460591554642,0.15485844016075134,0.042443834245204926,0.042443834245204926,0,0,0,-1
german,xgboost,14,credit_amount,relative_minus_5,-0.05,2647.0,2779.35,0.09716489166021347,0.09354404360055923,-0.003620848059654236,0.003620848059654236,0,0,0,-1
german,xgboost,15,credit_amount,relative_minus_5,-0.05,3959.0,4156.95,0.4787817597389221,0.8480637073516846,0.36928194761276245,0.36928194761276245,0,1,1,-1
german,xgboost,16,credit_amount,relative_minus_5,-0.05,522.0,548.1,0.00277602463029325,0.00277602463029325,0.0,0.0,0,0,0,-1
german,xgboost,17,credit_amount,relative_minus_5,-0.05,4280.0,4494.0,0.9572583436965942,0.9271305799484253,-0.030127763748168945,0.030127763748168945,1,1,0,-1
german,xgboost,18,credit_amount,relative_minus_5,-0.05,2404.0,2524.2,0.09437244385480881,0.05272854492068291,-0.0416438989341259,0.0416438989341259,0,0,0,-1
german,xgboost,19,credit_amount,relative_minus_5,-0.05,1131.0,1187.55,0.9716695547103882,0.9708855152130127,-0.0007840394973754883,0.0007840394973754883,1,1,0,-1
german,xgboost,20,credit_amount,relative_minus_5,-0.05,7511.0,7886.55,0.0550624243915081,0.1089387759566307,0.053876351565122604,0.053876351565122604,0,0,0,-1
german,xgboost,21,credit_amount,relative_minus_5,-0.05,1238.0,1299.9,0.018732847645878792,0.017445746809244156,-0.001287100836634636,0.001287100836634636,0,0,0,-1
german,xgboost,22,credit_amount,relative_minus_5,-0.05,2728.0,2864.4,0.07416114211082458,0.05714089050889015,-0.017020251601934433,0.017020251601934433,0,0,0,-1
german,xgboost,23,credit_amount,relative_minus_5,-0.05,4297.0,4511.85,0.8707629442214966,0.8367606997489929,-0.03400224447250366,0.03400224447250366,1,1,0,-1
german,xgboost,24,credit_amount,relative_minus_5,-0.05,5179.0,5437.95,0.7920497059822083,0.6881615519523621,-0.10388815402984619,0.10388815402984619,1,1,0,-1
german,xgboost,25,credit_amount,relative_minus_5,-0.05,745.0,782.25,0.4596281051635742,0.4329995810985565,-0.0266285240650177,0.0266285240650177,0,0,0,-1
german,xgboost,26,credit_amount,relative_minus_5,-0.05,6187.0,6496.35,0.2782054543495178,0.39256441593170166,0.11435896158218384,0.11435896158218384,0,0,0,-1
german,xgboost,27,credit_amount,relative_minus_5,-0.05,1330.0,1396.5,0.6968560814857483,0.26697444915771484,-0.42988163232803345,0.42988163232803345,1,0,1,-1
german,xgboost,28,credit_amount,relative_minus_5,-0.05,1554.0,1631.7,0.0033986191265285015,0.002470864448696375,-0.0009277546778321266,0.0009277546778321266,0,0,0,-1
german,xgboost,29,credit_amount,relative_minus_5,-0.05,14555.0,15282.75,0.4393616020679474,0.4393616020679474,0.0,0.0,0,0,0,-1
german,xgboost,30,credit_amount,relative_minus_5,-0.05,1845.0,1937.25,0.4359388053417206,0.5301207304000854,0.09418192505836487,0.09418192505836487,0,1,1,-1
german,xgboost,31,credit_amount,relative_minus_5,-0.05,1670.0,1753.5,0.2954026758670807,0.32040077447891235,0.024998098611831665,0.024998098611831665,0,0,0,-1
german,xgboost,32,credit_amount,relative_minus_5,-0.05,2360.0,2478.0,0.016435444355010986,0.0224139504134655,0.0059785060584545135,0.0059785060584545135,0,0,0,-1
german,xgboost,33,credit_amount,relative_minus_5,-0.05,1478.0,1551.9,0.02008327655494213,0.025792837142944336,0.005709560588002205,0.005709560588002205,0,0,0,-1
german,xgboost,34,credit_amount,relative_minus_5,-0.05,1823.0,1914.15,0.7229525446891785,0.7793781757354736,0.056425631046295166,0.056425631046295166,1,1,0,-1
german,xgboost,35,credit_amount,relative_minus_5,-0.05,2051.0,2153.55,0.39703890681266785,0.3892884850502014,-0.007750421762466431,0.007750421762466431,0,0,0,-1
german,xgboost,36,credit_amount,relative_minus_5,-0.05,2302.0,2417.1,0.8524562120437622,0.8993101119995117,0.04685389995574951,0.04685389995574951,1,1,0,-1
german,xgboost,37,credit_amount,relative_minus_5,-0.05,1478.0,1551.9,0.16694852709770203,0.286695659160614,0.11974713206291199,0.11974713206291199,0,0,0,-1
german,xgboost,38,credit_amount,relative_minus_5,-0.05,8086.0,8490.3,0.38675543665885925,0.43285149335861206,0.04609605669975281,0.04609605669975281,0,0,0,-1
german,xgboost,39,credit_amount,relative_minus_5,-0.05,1503.0,1578.15,0.06428443640470505,0.05776476114988327,-0.006519675254821777,0.006519675254821777,0,0,0,-1
german,xgboost,40,credit_amount,relative_minus_5,-0.05,6314.0,6629.7,0.6213107705116272,0.6969805359840393,0.07566976547241211,0.07566976547241211,1,1,0,-1
german,xgboost,41,credit_amount,relative_minus_5,-0.05,1113.0,1168.65,0.3211948573589325,0.3242236375808716,0.003028780221939087,0.003028780221939087,0,0,0,-1
german,xgboost,42,credit_amount,relative_minus_5,-0.05,626.0,657.3,0.5845916867256165,0.5845916867256165,0.0,0.0,1,1,0,-1
german,xgboost,43,credit_amount,relative_minus_5,-0.05,1275.0,1338.75,0.9279054999351501,0.9378641843795776,0.00995868444442749,0.00995868444442749,1,1,0,-1
german,xgboost,44,credit_amount,relative_minus_5,-0.05,3915.0,4110.75,0.35836517810821533,0.6483452916145325,0.28998011350631714,0.28998011350631714,0,1,1,-1
german,xgboost,45,credit_amount,relative_minus_5,-0.05,1445.0,1517.25,0.23765133321285248,0.31874287128448486,0.08109153807163239,0.08109153807163239,0,0,0,-1
german,xgboost,46,credit_amount,relative_minus_5,-0.05,3578.0,3756.9,0.015967916697263718,0.016804583370685577,0.0008366666734218597,0.0008366666734218597,0,0,0,-1
german,xgboost,47,credit_amount,relative_minus_5,-0.05,2146.0,2253.3,0.10486079752445221,0.08301893621683121,-0.021841861307621002,0.021841861307621002,0,0,0,-1
german,xgboost,48,credit_amount,relative_minus_5,-0.05,7596.0,7975.8,0.01368929073214531,0.030811218544840813,0.017121927812695503,0.017121927812695503,0,0,0,-1
german,xgboost,49,credit_amount,relative_minus_5,-0.05,1755.0,1842.75,0.362246036529541,0.5157437920570374,0.15349775552749634,0.15349775552749634,0,1,1,-1
german,xgboost,50,credit_amount,relative_minus_5,-0.05,3976.0,4174.8,0.059201136231422424,0.17125414311885834,0.11205300688743591,0.11205300688743591,0,0,0,-1
german,xgboost,51,credit_amount,relative_minus_5,-0.05,2118.0,2223.9,0.2117272913455963,0.20317964255809784,-0.008547648787498474,0.008547648787498474,0,0,0,-1
german,xgboost,52,credit_amount,relative_minus_5,-0.05,2775.0,2913.75,0.1144600659608841,0.08827539533376694,-0.026184670627117157,0.026184670627117157,0,0,0,-1
german,xgboost,53,credit_amount,relative_minus_5,-0.05,1505.0,1580.25,0.09461341053247452,0.1048300489783287,0.010216638445854187,0.010216638445854187,0,0,0,-1
german,xgboost,54,credit_amount,relative_minus_5,-0.05,1108.0,1163.4,0.7814464569091797,0.7859399914741516,0.004493534564971924,0.004493534564971924,1,1,0,-1
german,xgboost,55,credit_amount,relative_minus_5,-0.05,3031.0,3182.55,0.33212071657180786,0.363860160112381,0.03173944354057312,0.03173944354057312,0,0,0,-1
german,xgboost,56,credit_amount,relative_minus_5,-0.05,1984.0,2083.2,0.9168915748596191,0.9157878160476685,-0.0011037588119506836,0.0011037588119506836,1,1,0,-1
german,xgboost,57,credit_amount,relative_minus_5,-0.05,2679.0,2812.95,0.12220555543899536,0.11525525897741318,-0.006950296461582184,0.006950296461582184,0,0,0,-1
german,xgboost,58,credit_amount,relative_minus_5,-0.05,1047.0,1099.35,0.16189272701740265,0.16189272701740265,0.0,0.0,0,0,0,-1
german,xgboost,59,credit_amount,relative_minus_5,-0.05,2892.0,3036.6,0.6315468549728394,0.5637720823287964,-0.06777477264404297,0.06777477264404297,1,1,0,-1
german,xgboost,60,credit_amount,relative_minus_5,-0.05,3499.0,3673.95,0.12445571273565292,0.07599715888500214,-0.04845855385065079,0.04845855385065079,0,0,0,-1
german,xgboost,61,credit_amount,relative_minus_5,-0.05,1800.0,1890.0,0.04100687429308891,0.05454324558377266,0.013536371290683746,0.013536371290683746,0,0,0,-1
german,xgboost,62,credit_amount,relative_minus_5,-0.05,8133.0,8539.65,0.5049558877944946,0.5245001912117004,0.01954430341720581,0.01954430341720581,1,1,0,-1
german,xgboost,63,credit_amount,relative_minus_5,-0.05,11760.0,12348.0,0.41145092248916626,0.41145092248916626,0.0,0.0,0,0,0,-1
german,xgboost,64,credit_amount,relative_minus_5,-0.05,976.0,1024.8,0.9233189821243286,0.8962817192077637,-0.02703726291656494,0.02703726291656494,1,1,0,-1
german,xgboost,65,credit_amount,relative_minus_5,-0.05,3062.0,3215.1,0.164531871676445,0.1920914649963379,0.027559593319892883,0.027559593319892883,0,0,0,-1
german,xgboost,66,credit_amount,relative_minus_5,-0.05,1597.0,1676.85,0.31084004044532776,0.31084004044532776,0.0,0.0,0,0,0,-1
german,xgboost,67,credit_amount,relative_minus_5,-0.05,10974.0,11522.7,0.9614232182502747,0.9614232182502747,0.0,0.0,1,1,0,-1
german,xgboost,68,credit_amount,relative_minus_5,-0.05,2442.0,2564.1,0.48083576560020447,0.40668630599975586,-0.07414945960044861,0.07414945960044861,0,0,0,-1
german,xgboost,69,credit_amount,relative_minus_5,-0.05,2631.0,2762.55,0.7440284490585327,0.7458434104919434,0.0018149614334106445,0.0018149614334106445,1,1,0,-1
german,xgboost,70,credit_amount,relative_minus_5,-0.05,759.0,796.95,0.7888972759246826,0.7628018260002136,-0.026095449924468994,0.026095449924468994,1,1,0,-1
german,xgboost,71,credit_amount,relative_minus_5,-0.05,6313.0,6628.65,0.011137815192341805,0.017080632969737053,0.005942817777395248,0.005942817777395248,0,0,0,-1
german,xgboost,72,credit_amount,relative_minus_5,-0.05,1546.0,1623.3,0.04410647973418236,0.024771414697170258,-0.0193350650370121,0.0193350650370121,0,0,0,-1
german,xgboost,73,credit_amount,relative_minus_5,-0.05,2859.0,3001.95,0.07533993571996689,0.07180005311965942,-0.0035398826003074646,0.0035398826003074646,0,0,0,-1
german,xgboost,74,credit_amount,relative_minus_5,-0.05,1103.0,1158.15,0.0795583501458168,0.07748404145240784,-0.002074308693408966,0.002074308693408966,0,0,0,-1
german,xgboost,75,credit_amount,relative_minus_5,-0.05,2511.0,2636.55,0.5273517370223999,0.5752476453781128,0.04789590835571289,0.04789590835571289,1,1,0,-1
german,xgboost,76,credit_amount,relative_minus_5,-0.05,2748.0,2885.4,0.3063080608844757,0.23198764026165009,-0.07432042062282562,0.07432042062282562,0,0,0,-1
german,xgboost,77,credit_amount,relative_minus_5,-0.05,1199.0,1258.95,0.41087862849235535,0.4004839062690735,-0.01039472222328186,0.01039472222328186,0,0,0,-1
german,xgboost,78,credit_amount,relative_minus_5,-0.05,2831.0,2972.55,0.04028629884123802,0.039933595806360245,-0.0003527030348777771,0.0003527030348777771,0,0,0,-1
german,xgboost,79,credit_amount,relative_minus_5,-0.05,1845.0,1937.25,0.8726094961166382,0.8932823538780212,0.020672857761383057,0.020672857761383057,1,1,0,-1
german,xgboost,80,credit_amount,relative_minus_5,-0.05,10144.0,10651.2,0.3864430785179138,0.3749442994594574,-0.011498779058456421,0.011498779058456421,0,0,0,-1
german,xgboost,81,credit_amount,relative_minus_5,-0.05,9436.0,9907.8,0.024771392345428467,0.024771392345428467,0.0,0.0,0,0,0,-1
german,xgboost,82,credit_amount,relative_minus_5,-0.05,2101.0,2206.05,0.2705821990966797,0.25856631994247437,-0.012015879154205322,0.012015879154205322,0,0,0,-1
german,xgboost,83,credit_amount,relative_minus_5,-0.05,1647.0,1729.35,0.5973073244094849,0.5973073244094849,0.0,0.0,1,1,0,-1
german,xgboost,84,credit_amount,relative_minus_5,-0.05,12389.0,13008.45,0.14618752896785736,0.17482571303844452,0.028638184070587158,0.028638184070587158,0,0,0,-1
german,xgboost,85,credit_amount,relative_minus_5,-0.05,2096.0,2200.8,0.025881066918373108,0.02585696056485176,-2.4106353521347046e-05,2.4106353521347046e-05,0,0,0,-1
german,xgboost,86,credit_amount,relative_minus_5,-0.05,2415.0,2535.75,0.02392105758190155,0.013861262239515781,-0.010059795342385769,0.010059795342385769,0,0,0,-1
german,xgboost,87,credit_amount,relative_minus_5,-0.05,3959.0,4156.95,0.6968122720718384,0.9026174545288086,0.20580518245697021,0.20580518245697021,1,1,0,-1
german,xgboost,88,credit_amount,relative_minus_5,-0.05,5804.0,6094.2,0.003254662500694394,0.0042003607377409935,0.0009456982370465994,0.0009456982370465994,0,0,0,-1
german,xgboost,89,credit_amount,relative_minus_5,-0.05,6224.0,6535.2,0.8224096298217773,0.8507440686225891,0.028334438800811768,0.028334438800811768,1,1,0,-1
german,xgboost,90,credit_amount,relative_minus_5,-0.05,4796.0,5035.8,0.5363795757293701,0.5438109040260315,0.007431328296661377,0.007431328296661377,1,1,0,-1
german,xgboost,91,credit_amount,relative_minus_5,-0.05,1603.0,1683.15,0.40955519676208496,0.40955519676208496,0.0,0.0,0,0,0,-1
german,xgboost,92,credit_amount,relative_minus_5,-0.05,1905.0,2000.25,0.4440574645996094,0.5006707906723022,0.05661332607269287,0.05661332607269287,0,1,1,-1
german,xgboost,93,credit_amount,relative_minus_5,-0.05,1936.0,2032.8,0.6884033679962158,0.6991413831710815,0.010738015174865723,0.010738015174865723,1,1,0,-1
german,xgboost,94,credit_amount,relative_minus_5,-0.05,250.0,262.5,0.012738422490656376,0.012738422490656376,0.0,0.0,0,0,0,-1
german,xgboost,95,credit_amount,relative_minus_5,-0.05,3160.0,3318.0,0.06840237975120544,0.05921865627169609,-0.009183723479509354,0.009183723479509354,0,0,0,-1
german,xgboost,96,credit_amount,relative_minus_5,-0.05,3181.0,3340.05,0.2747651934623718,0.24031788110733032,-0.034447312355041504,0.034447312355041504,0,0,0,-1
german,xgboost,97,credit_amount,relative_minus_5,-0.05,2241.0,2353.05,0.14724071323871613,0.0898401290178299,-0.05740058422088623,0.05740058422088623,0,0,0,-1
german,xgboost,98,credit_amount,relative_minus_5,-0.05,937.0,983.85,0.4165569841861725,0.3517453968524933,-0.0648115873336792,0.0648115873336792,0,0,0,-1
german,xgboost,99,credit_amount,relative_minus_5,-0.05,2012.0,2112.6,0.013321362435817719,0.013224923983216286,-9.64384526014328e-05,9.64384526014328e-05,0,0,0,-1
german,xgboost,0,credit_amount,relative_plus_5,0.05,3612.0,3792.6,0.14532507956027985,0.20381926000118256,0.05849418044090271,0.05849418044090271,0,0,0,-1
german,xgboost,1,credit_amount,relative_plus_5,0.05,6260.0,6573.0,0.3661198318004608,0.509955644607544,0.14383581280708313,0.14383581280708313,0,1,1,-1
german,xgboost,2,credit_amount,relative_plus_5,0.05,1322.0,1388.1,0.09617456048727036,0.017879651859402657,-0.07829491049051285,0.07829491049051285,0,0,0,-1
german,xgboost,3,credit_amount,relative_plus_5,0.05,2299.0,2413.95,0.05242149904370308,0.07974664121866226,0.027325142174959183,0.027325142174959183,0,0,0,-1
german,xgboost,4,credit_amount,relative_plus_5,0.05,1544.0,1621.2,0.002389379311352968,0.0014619644498452544,-0.0009274148615077138,0.0009274148615077138,0,0,0,-1
german,xgboost,5,credit_amount,relative_plus_5,0.05,3448.0,3620.4,0.011241624131798744,0.006530281156301498,-0.004711342975497246,0.004711342975497246,0,0,0,-1
german,xgboost,6,credit_amount,relative_plus_5,0.05,5954.0,6251.7,0.02126064896583557,0.02126064896583557,0.0,0.0,0,0,0,-1
german,xgboost,7,credit_amount,relative_plus_5,0.05,3595.0,3774.75,0.07431254535913467,0.09757421165704727,0.023261666297912598,0.023261666297912598,0,0,0,-1
german,xgboost,8,credit_amount,relative_plus_5,0.05,2292.0,2406.6,0.02867794781923294,0.04652900621294975,0.017851058393716812,0.017851058393716812,0,0,0,-1
german,xgboost,9,credit_amount,relative_plus_5,0.05,3234.0,3395.7,0.8991640210151672,0.9439210295677185,0.04475700855255127,0.04475700855255127,1,1,0,-1
german,xgboost,10,credit_amount,relative_plus_5,0.05,1795.0,1884.75,0.43120160698890686,0.5259487628936768,0.0947471559047699,0.0947471559047699,0,1,1,-1
german,xgboost,11,credit_amount,relative_plus_5,0.05,683.0,717.15,0.528389573097229,0.5403985381126404,0.012008965015411377,0.012008965015411377,1,1,0,-1
german,xgboost,12,credit_amount,relative_plus_5,0.05,1412.0,1482.6,0.009822084568440914,0.0110037075355649,0.0011816229671239853,0.0011816229671239853,0,0,0,-1
german,xgboost,13,credit_amount,relative_plus_5,0.05,1768.0,1856.4,0.11241460591554642,0.15485844016075134,0.042443834245204926,0.042443834245204926,0,0,0,-1
german,xgboost,14,credit_amount,relative_plus_5,0.05,2647.0,2779.35,0.09716489166021347,0.09354404360055923,-0.003620848059654236,0.003620848059654236,0,0,0,-1
german,xgboost,15,credit_amount,relative_plus_5,0.05,3959.0,4156.95,0.4787817597389221,0.8480637073516846,0.36928194761276245,0.36928194761276245,0,1,1,-1
german,xgboost,16,credit_amount,relative_plus_5,0.05,522.0,548.1,0.00277602463029325,0.00277602463029325,0.0,0.0,0,0,0,-1
german,xgboost,17,credit_amount,relative_plus_5,0.05,4280.0,4494.0,0.9572583436965942,0.9271305799484253,-0.030127763748168945,0.030127763748168945,1,1,0,-1
german,xgboost,18,credit_amount,relative_plus_5,0.05,2404.0,2524.2,0.09437244385480881,0.05272854492068291,-0.0416438989341259,0.0416438989341259,0,0,0,-1
german,xgboost,19,credit_amount,relative_plus_5,0.05,1131.0,1187.55,0.9716695547103882,0.9708855152130127,-0.0007840394973754883,0.0007840394973754883,1,1,0,-1
german,xgboost,20,credit_amount,relative_plus_5,0.05,7511.0,7886.55,0.0550624243915081,0.1089387759566307,0.053876351565122604,0.053876351565122604,0,0,0,-1
german,xgboost,21,credit_amount,relative_plus_5,0.05,1238.0,1299.9,0.018732847645878792,0.017445746809244156,-0.001287100836634636,0.001287100836634636,0,0,0,-1
german,xgboost,22,credit_amount,relative_plus_5,0.05,2728.0,2864.4,0.07416114211082458,0.05714089050889015,-0.017020251601934433,0.017020251601934433,0,0,0,-1
german,xgboost,23,credit_amount,relative_plus_5,0.05,4297.0,4511.85,0.8707629442214966,0.8367606997489929,-0.03400224447250366,0.03400224447250366,1,1,0,-1
german,xgboost,24,credit_amount,relative_plus_5,0.05,5179.0,5437.95,0.7920497059822083,0.6881615519523621,-0.10388815402984619,0.10388815402984619,1,1,0,-1
german,xgboost,25,credit_amount,relative_plus_5,0.05,745.0,782.25,0.4596281051635742,0.4329995810985565,-0.0266285240650177,0.0266285240650177,0,0,0,-1
german,xgboost,26,credit_amount,relative_plus_5,0.05,6187.0,6496.35,0.2782054543495178,0.39256441593170166,0.11435896158218384,0.11435896158218384,0,0,0,-1
german,xgboost,27,credit_amount,relative_plus_5,0.05,1330.0,1396.5,0.6968560814857483,0.26697444915771484,-0.42988163232803345,0.42988163232803345,1,0,1,-1
german,xgboost,28,credit_amount,relative_plus_5,0.05,1554.0,1631.7,0.0033986191265285015,0.002470864448696375,-0.0009277546778321266,0.0009277546778321266,0,0,0,-1
german,xgboost,29,credit_amount,relative_plus_5,0.05,14555.0,15282.75,0.4393616020679474,0.4393616020679474,0.0,0.0,0,0,0,-1
german,xgboost,30,credit_amount,relative_plus_5,0.05,1845.0,1937.25,0.4359388053417206,0.5301207304000854,0.09418192505836487,0.09418192505836487,0,1,1,-1
german,xgboost,31,credit_amount,relative_plus_5,0.05,1670.0,1753.5,0.2954026758670807,0.32040077447891235,0.024998098611831665,0.024998098611831665,0,0,0,-1
german,xgboost,32,credit_amount,relative_plus_5,0.05,2360.0,2478.0,0.016435444355010986,0.0224139504134655,0.0059785060584545135,0.0059785060584545135,0,0,0,-1
german,xgboost,33,credit_amount,relative_plus_5,0.05,1478.0,1551.9,0.02008327655494213,0.025792837142944336,0.005709560588002205,0.005709560588002205,0,0,0,-1
german,xgboost,34,credit_amount,relative_plus_5,0.05,1823.0,1914.15,0.7229525446891785,0.7793781757354736,0.056425631046295166,0.056425631046295166,1,1,0,-1
german,xgboost,35,credit_amount,relative_plus_5,0.05,2051.0,2153.55,0.39703890681266785,0.3892884850502014,-0.007750421762466431,0.007750421762466431,0,0,0,-1
german,xgboost,36,credit_amount,relative_plus_5,0.05,2302.0,2417.1,0.8524562120437622,0.8993101119995117,0.04685389995574951,0.04685389995574951,1,1,0,-1
german,xgboost,37,credit_amount,relative_plus_5,0.05,1478.0,1551.9,0.16694852709770203,0.286695659160614,0.11974713206291199,0.11974713206291199,0,0,0,-1
german,xgboost,38,credit_amount,relative_plus_5,0.05,8086.0,8490.3,0.38675543665885925,0.43285149335861206,0.04609605669975281,0.04609605669975281,0,0,0,-1
german,xgboost,39,credit_amount,relative_plus_5,0.05,1503.0,1578.15,0.06428443640470505,0.05776476114988327,-0.006519675254821777,0.006519675254821777,0,0,0,-1
german,xgboost,40,credit_amount,relative_plus_5,0.05,6314.0,6629.7,0.6213107705116272,0.6969805359840393,0.07566976547241211,0.07566976547241211,1,1,0,-1
german,xgboost,41,credit_amount,relative_plus_5,0.05,1113.0,1168.65,0.3211948573589325,0.3242236375808716,0.003028780221939087,0.003028780221939087,0,0,0,-1
german,xgboost,42,credit_amount,relative_plus_5,0.05,626.0,657.3,0.5845916867256165,0.5845916867256165,0.0,0.0,1,1,0,-1
german,xgboost,43,credit_amount,relative_plus_5,0.05,1275.0,1338.75,0.9279054999351501,0.9378641843795776,0.00995868444442749,0.00995868444442749,1,1,0,-1
german,xgboost,44,credit_amount,relative_plus_5,0.05,3915.0,4110.75,0.35836517810821533,0.6483452916145325,0.28998011350631714,0.28998011350631714,0,1,1,-1
german,xgboost,45,credit_amount,relative_plus_5,0.05,1445.0,1517.25,0.23765133321285248,0.31874287128448486,0.08109153807163239,0.08109153807163239,0,0,0,-1
german,xgboost,46,credit_amount,relative_plus_5,0.05,3578.0,3756.9,0.015967916697263718,0.016804583370685577,0.0008366666734218597,0.0008366666734218597,0,0,0,-1
german,xgboost,47,credit_amount,relative_plus_5,0.05,2146.0,2253.3,0.10486079752445221,0.08301893621683121,-0.021841861307621002,0.021841861307621002,0,0,0,-1
german,xgboost,48,credit_amount,relative_plus_5,0.05,7596.0,7975.8,0.01368929073214531,0.030811218544840813,0.017121927812695503,0.017121927812695503,0,0,0,-1
german,xgboost,49,credit_amount,relative_plus_5,0.05,1755.0,1842.75,0.362246036529541,0.5157437920570374,0.15349775552749634,0.15349775552749634,0,1,1,-1
german,xgboost,50,credit_amount,relative_plus_5,0.05,3976.0,4174.8,0.059201136231422424,0.17125414311885834,0.11205300688743591,0.11205300688743591,0,0,0,-1
german,xgboost,51,credit_amount,relative_plus_5,0.05,2118.0,2223.9,0.2117272913455963,0.20317964255809784,-0.008547648787498474,0.008547648787498474,0,0,0,-1
german,xgboost,52,credit_amount,relative_plus_5,0.05,2775.0,2913.75,0.1144600659608841,0.08827539533376694,-0.026184670627117157,0.026184670627117157,0,0,0,-1
german,xgboost,53,credit_amount,relative_plus_5,0.05,1505.0,1580.25,0.09461341053247452,0.1048300489783287,0.010216638445854187,0.010216638445854187,0,0,0,-1
german,xgboost,54,credit_amount,relative_plus_5,0.05,1108.0,1163.4,0.7814464569091797,0.7859399914741516,0.004493534564971924,0.004493534564971924,1,1,0,-1
german,xgboost,55,credit_amount,relative_plus_5,0.05,3031.0,3182.55,0.33212071657180786,0.363860160112381,0.03173944354057312,0.03173944354057312,0,0,0,-1
german,xgboost,56,credit_amount,relative_plus_5,0.05,1984.0,2083.2,0.9168915748596191,0.9157878160476685,-0.0011037588119506836,0.0011037588119506836,1,1,0,-1
german,xgboost,57,credit_amount,relative_plus_5,0.05,2679.0,2812.95,0.12220555543899536,0.11525525897741318,-0.006950296461582184,0.006950296461582184,0,0,0,-1
german,xgboost,58,credit_amount,relative_plus_5,0.05,1047.0,1099.35,0.16189272701740265,0.16189272701740265,0.0,0.0,0,0,0,-1
german,xgboost,59,credit_amount,relative_plus_5,0.05,2892.0,3036.6,0.6315468549728394,0.5637720823287964,-0.06777477264404297,0.06777477264404297,1,1,0,-1
german,xgboost,60,credit_amount,relative_plus_5,0.05,3499.0,3673.95,0.12445571273565292,0.07599715888500214,-0.04845855385065079,0.04845855385065079,0,0,0,-1
german,xgboost,61,credit_amount,relative_plus_5,0.05,1800.0,1890.0,0.04100687429308891,0.05454324558377266,0.013536371290683746,0.013536371290683746,0,0,0,-1
german,xgboost,62,credit_amount,relative_plus_5,0.05,8133.0,8539.65,0.5049558877944946,0.5245001912117004,0.01954430341720581,0.01954430341720581,1,1,0,-1
german,xgboost,63,credit_amount,relative_plus_5,0.05,11760.0,12348.0,0.41145092248916626,0.41145092248916626,0.0,0.0,0,0,0,-1
german,xgboost,64,credit_amount,relative_plus_5,0.05,976.0,1024.8,0.9233189821243286,0.8962817192077637,-0.02703726291656494,0.02703726291656494,1,1,0,-1
german,xgboost,65,credit_amount,relative_plus_5,0.05,3062.0,3215.1,0.164531871676445,0.1920914649963379,0.027559593319892883,0.027559593319892883,0,0,0,-1
german,xgboost,66,credit_amount,relative_plus_5,0.05,1597.0,1676.85,0.31084004044532776,0.31084004044532776,0.0,0.0,0,0,0,-1
german,xgboost,67,credit_amount,relative_plus_5,0.05,10974.0,11522.7,0.9614232182502747,0.9614232182502747,0.0,0.0,1,1,0,-1
german,xgboost,68,credit_amount,relative_plus_5,0.05,2442.0,2564.1,0.48083576560020447,0.40668630599975586,-0.07414945960044861,0.07414945960044861,0,0,0,-1
german,xgboost,69,credit_amount,relative_plus_5,0.05,2631.0,2762.55,0.7440284490585327,0.7458434104919434,0.0018149614334106445,0.0018149614334106445,1,1,0,-1
german,xgboost,70,credit_amount,relative_plus_5,0.05,759.0,796.95,0.7888972759246826,0.7628018260002136,-0.026095449924468994,0.026095449924468994,1,1,0,-1
german,xgboost,71,credit_amount,relative_plus_5,0.05,6313.0,6628.65,0.011137815192341805,0.017080632969737053,0.005942817777395248,0.005942817777395248,0,0,0,-1
german,xgboost,72,credit_amount,relative_plus_5,0.05,1546.0,1623.3,0.04410647973418236,0.024771414697170258,-0.0193350650370121,0.0193350650370121,0,0,0,-1
german,xgboost,73,credit_amount,relative_plus_5,0.05,2859.0,3001.95,0.07533993571996689,0.07180005311965942,-0.0035398826003074646,0.0035398826003074646,0,0,0,-1
german,xgboost,74,credit_amount,relative_plus_5,0.05,1103.0,1158.15,0.0795583501458168,0.07748404145240784,-0.002074308693408966,0.002074308693408966,0,0,0,-1
german,xgboost,75,credit_amount,relative_plus_5,0.05,2511.0,2636.55,0.5273517370223999,0.5752476453781128,0.04789590835571289,0.04789590835571289,1,1,0,-1
german,xgboost,76,credit_amount,relative_plus_5,0.05,2748.0,2885.4,0.3063080608844757,0.23198764026165009,-0.07432042062282562,0.07432042062282562,0,0,0,-1
german,xgboost,77,credit_amount,relative_plus_5,0.05,1199.0,1258.95,0.41087862849235535,0.4004839062690735,-0.01039472222328186,0.01039472222328186,0,0,0,-1
german,xgboost,78,credit_amount,relative_plus_5,0.05,2831.0,2972.55,0.04028629884123802,0.039933595806360245,-0.0003527030348777771,0.0003527030348777771,0,0,0,-1
german,xgboost,79,credit_amount,relative_plus_5,0.05,1845.0,1937.25,0.8726094961166382,0.8932823538780212,0.020672857761383057,0.020672857761383057,1,1,0,-1
german,xgboost,80,credit_amount,relative_plus_5,0.05,10144.0,10651.2,0.3864430785179138,0.3749442994594574,-0.011498779058456421,0.011498779058456421,0,0,0,-1
german,xgboost,81,credit_amount,relative_plus_5,0.05,9436.0,9907.8,0.024771392345428467,0.024771392345428467,0.0,0.0,0,0,0,-1
german,xgboost,82,credit_amount,relative_plus_5,0.05,2101.0,2206.05,0.2705821990966797,0.25856631994247437,-0.012015879154205322,0.012015879154205322,0,0,0,-1
german,xgboost,83,credit_amount,relative_plus_5,0.05,1647.0,1729.35,0.5973073244094849,0.5973073244094849,0.0,0.0,1,1,0,-1
german,xgboost,84,credit_amount,relative_plus_5,0.05,12389.0,13008.45,0.14618752896785736,0.17482571303844452,0.028638184070587158,0.028638184070587158,0,0,0,-1
german,xgboost,85,credit_amount,relative_plus_5,0.05,2096.0,2200.8,0.025881066918373108,0.02585696056485176,-2.4106353521347046e-05,2.4106353521347046e-05,0,0,0,-1
german,xgboost,86,credit_amount,relative_plus_5,0.05,2415.0,2535.75,0.02392105758190155,0.013861262239515781,-0.010059795342385769,0.010059795342385769,0,0,0,-1
german,xgboost,87,credit_amount,relative_plus_5,0.05,3959.0,4156.95,0.6968122720718384,0.9026174545288086,0.20580518245697021,0.20580518245697021,1,1,0,-1
german,xgboost,88,credit_amount,relative_plus_5,0.05,5804.0,6094.2,0.003254662500694394,0.0042003607377409935,0.0009456982370465994,0.0009456982370465994,0,0,0,-1
german,xgboost,89,credit_amount,relative_plus_5,0.05,6224.0,6535.2,0.8224096298217773,0.8507440686225891,0.028334438800811768,0.028334438800811768,1,1,0,-1
german,xgboost,90,credit_amount,relative_plus_5,0.05,4796.0,5035.8,0.5363795757293701,0.5438109040260315,0.007431328296661377,0.007431328296661377,1,1,0,-1
german,xgboost,91,credit_amount,relative_plus_5,0.05,1603.0,1683.15,0.40955519676208496,0.40955519676208496,0.0,0.0,0,0,0,-1
german,xgboost,92,credit_amount,relative_plus_5,0.05,1905.0,2000.25,0.4440574645996094,0.5006707906723022,0.05661332607269287,0.05661332607269287,0,1,1,-1
german,xgboost,93,credit_amount,relative_plus_5,0.05,1936.0,2032.8,0.6884033679962158,0.6991413831710815,0.010738015174865723,0.010738015174865723,1,1,0,-1
german,xgboost,94,credit_amount,relative_plus_5,0.05,250.0,262.5,0.012738422490656376,0.012738422490656376,0.0,0.0,0,0,0,-1
german,xgboost,95,credit_amount,relative_plus_5,0.05,3160.0,3318.0,0.06840237975120544,0.05921865627169609,-0.009183723479509354,0.009183723479509354,0,0,0,-1
german,xgboost,96,credit_amount,relative_plus_5,0.05,3181.0,3340.05,0.2747651934623718,0.24031788110733032,-0.034447312355041504,0.034447312355041504,0,0,0,-1
german,xgboost,97,credit_amount,relative_plus_5,0.05,2241.0,2353.05,0.14724071323871613,0.0898401290178299,-0.05740058422088623,0.05740058422088623,0,0,0,-1
german,xgboost,98,credit_amount,relative_plus_5,0.05,937.0,983.85,0.4165569841861725,0.3517453968524933,-0.0648115873336792,0.0648115873336792,0,0,0,-1
german,xgboost,99,credit_amount,relative_plus_5,0.05,2012.0,2112.6,0.013321362435817719,0.013224923983216286,-9.64384526014328e-05,9.64384526014328e-05,0,0,0,-1
german,xgboost,0,credit_amount,relative_minus_10,-0.1,3612.0,3973.2,0.14532507956027985,0.34619149565696716,0.20086641609668732,0.20086641609668732,0,0,0,-1
german,xgboost,1,credit_amount,relative_minus_10,-0.1,6260.0,6886.0,0.3661198318004608,0.5961633324623108,0.23004350066184998,0.23004350066184998,0,1,1,-1
german,xgboost,2,credit_amount,relative_minus_10,-0.1,1322.0,1454.2,0.09617456048727036,0.02001103386282921,-0.07616353034973145,0.07616353034973145,0,0,0,-1
german,xgboost,3,credit_amount,relative_minus_10,-0.1,2299.0,2528.9,0.05242149904370308,0.060330405831336975,0.007908906787633896,0.007908906787633896,0,0,0,-1
german,xgboost,4,credit_amount,relative_minus_10,-0.1,1544.0,1698.4,0.002389379311352968,0.0014619644498452544,-0.0009274148615077138,0.0009274148615077138,0,0,0,-1
german,xgboost,5,credit_amount,relative_minus_10,-0.1,3448.0,3792.8,0.011241624131798744,0.00838048942387104,-0.002861134707927704,0.002861134707927704,0,0,0,-1
german,xgboost,6,credit_amount,relative_minus_10,-0.1,5954.0,6549.4,0.02126064896583557,0.03905756026506424,0.017796911299228668,0.017796911299228668,0,0,0,-1
german,xgboost,7,credit_amount,relative_minus_10,-0.1,3595.0,3954.5,0.07431254535913467,0.15938875079154968,0.08507620543241501,0.08507620543241501,0,0,0,-1
german,xgboost,8,credit_amount,relative_minus_10,-0.1,2292.0,2521.2,0.02867794781923294,0.031545285135507584,0.002867337316274643,0.002867337316274643,0,0,0,-1
german,xgboost,9,credit_amount,relative_minus_10,-0.1,3234.0,3557.4,0.8991640210151672,0.7944645285606384,-0.10469949245452881,0.10469949245452881,1,1,0,-1
german,xgboost,10,credit_amount,relative_minus_10,-0.1,1795.0,1974.5,0.43120160698890686,0.5457618832588196,0.11456027626991272,0.11456027626991272,0,1,1,-1
german,xgboost,11,credit_amount,relative_minus_10,-0.1,683.0,751.3,0.528389573097229,0.5607761740684509,0.032386600971221924,0.032386600971221924,1,1,0,-1
german,xgboost,12,credit_amount,relative_minus_10,-0.1,1412.0,1553.2,0.009822084568440914,0.017938392236828804,0.00811630766838789,0.00811630766838789,0,0,0,-1
german,xgboost,13,credit_amount,relative_minus_10,-0.1,1768.0,1944.8,0.11241460591554642,0.21210172772407532,0.0996871218085289,0.0996871218085289,0,0,0,-1
german,xgboost,14,credit_amount,relative_minus_10,-0.1,2647.0,2911.7,0.09716489166021347,0.08195723593235016,-0.015207655727863312,0.015207655727863312,0,0,0,-1
german,xgboost,15,credit_amount,relative_minus_10,-0.1,3959.0,4354.9,0.4787817597389221,0.839972734451294,0.3611909747123718,0.3611909747123718,0,1,1,-1
german,xgboost,16,credit_amount,relative_minus_10,-0.1,522.0,574.2,0.00277602463029325,0.00277602463029325,0.0,0.0,0,0,0,-1
german,xgboost,17,credit_amount,relative_minus_10,-0.1,4280.0,4708.0,0.9572583436965942,0.9392189979553223,-0.018039345741271973,0.018039345741271973,1,1,0,-1
german,xgboost,18,credit_amount,relative_minus_10,-0.1,2404.0,2644.4,0.09437244385480881,0.05251175910234451,-0.041860684752464294,0.041860684752464294,0,0,0,-1
german,xgboost,19,credit_amount,relative_minus_10,-0.1,1131.0,1244.1,0.9716695547103882,0.9755109548568726,0.003841400146484375,0.003841400146484375,1,1,0,-1
german,xgboost,20,credit_amount,relative_minus_10,-0.1,7511.0,8262.1,0.0550624243915081,0.1932031512260437,0.1381407231092453,0.1381407231092453,0,0,0,-1
german,xgboost,21,credit_amount,relative_minus_10,-0.1,1238.0,1361.8,0.018732847645878792,0.021283915266394615,0.0025510676205158234,0.0025510676205158234,0,0,0,-1
german,xgboost,22,credit_amount,relative_minus_10,-0.1,2728.0,3000.8,0.07416114211082458,0.05190008506178856,-0.022261057049036026,0.022261057049036026,0,0,0,-1
german,xgboost,23,credit_amount,relative_minus_10,-0.1,4297.0,4726.7,0.8707629442214966,0.8497140407562256,-0.021048903465270996,0.021048903465270996,1,1,0,-1
german,xgboost,24,credit_amount,relative_minus_10,-0.1,5179.0,5696.9,0.7920497059822083,0.6881615519523621,-0.10388815402984619,0.10388815402984619,1,1,0,-1
german,xgboost,25,credit_amount,relative_minus_10,-0.1,745.0,819.5,0.4596281051635742,0.3920857012271881,-0.06754240393638611,0.06754240393638611,0,0,0,-1
german,xgboost,26,credit_amount,relative_minus_10,-0.1,6187.0,6805.7,0.2782054543495178,0.4764304459095001,0.1982249915599823,0.1982249915599823,0,0,0,-1
german,xgboost,27,credit_amount,relative_minus_10,-0.1,1330.0,1463.0,0.6968560814857483,0.27275902032852173,-0.42409706115722656,0.42409706115722656,1,0,1,-1
german,xgboost,28,credit_amount,relative_minus_10,-0.1,1554.0,1709.4,0.0033986191265285015,0.002470864448696375,-0.0009277546778321266,0.0009277546778321266,0,0,0,-1
german,xgboost,29,credit_amount,relative_minus_10,-0.1,14555.0,16010.5,0.4393616020679474,0.4393616020679474,0.0,0.0,0,0,0,-1
german,xgboost,30,credit_amount,relative_minus_10,-0.1,1845.0,2029.5,0.4359388053417206,0.5148171186447144,0.07887831330299377,0.07887831330299377,0,1,1,-1
german,xgboost,31,credit_amount,relative_minus_10,-0.1,1670.0,1837.0,0.2954026758670807,0.4062371253967285,0.11083444952964783,0.11083444952964783,0,0,0,-1
german,xgboost,32,credit_amount,relative_minus_10,-0.1,2360.0,2596.0,0.016435444355010986,0.016874024644494057,0.0004385802894830704,0.0004385802894830704,0,0,0,-1
german,xgboost,33,credit_amount,relative_minus_10,-0.1,1478.0,1625.8,0.02008327655494213,0.017437541857361794,-0.0026457346975803375,0.0026457346975803375,0,0,0,-1
german,xgboost,34,credit_amount,relative_minus_10,-0.1,1823.0,2005.3,0.7229525446891785,0.7679588198661804,0.04500627517700195,0.04500627517700195,1,1,0,-1
german,xgboost,35,credit_amount,relative_minus_10,-0.1,2051.0,2256.1,0.39703890681266785,0.33295848965644836,-0.06408041715621948,0.06408041715621948,0,0,0,-1
german,xgboost,36,credit_amount,relative_minus_10,-0.1,2302.0,2532.2,0.8524562120437622,0.8473645448684692,-0.005091667175292969,0.005091667175292969,1,1,0,-1
german,xgboost,37,credit_amount,relative_minus_10,-0.1,1478.0,1625.8,0.16694852709770203,0.212649405002594,0.04570087790489197,0.04570087790489197,0,0,0,-1
german,xgboost,38,credit_amount,relative_minus_10,-0.1,8086.0,8894.6,0.38675543665885925,0.43285149335861206,0.04609605669975281,0.04609605669975281,0,0,0,-1
german,xgboost,39,credit_amount,relative_minus_10,-0.1,1503.0,1653.3,0.06428443640470505,0.05776476114988327,-0.006519675254821777,0.006519675254821777,0,0,0,-1
german,xgboost,40,credit_amount,relative_minus_10,-0.1,6314.0,6945.4,0.6213107705116272,0.7687355875968933,0.1474248170852661,0.1474248170852661,1,1,0,-1
german,xgboost,41,credit_amount,relative_minus_10,-0.1,1113.0,1224.3,0.3211948573589325,0.45369598269462585,0.13250112533569336,0.13250112533569336,0,0,0,-1
german,xgboost,42,credit_amount,relative_minus_10,-0.1,626.0,688.6,0.5845916867256165,0.6992567777633667,0.11466509103775024,0.11466509103775024,1,1,0,-1
german,xgboost,43,credit_amount,relative_minus_10,-0.1,1275.0,1402.5,0.9279054999351501,0.519997239112854,-0.40790826082229614,0.40790826082229614,1,1,0,-1
german,xgboost,44,credit_amount,relative_minus_10,-0.1,3915.0,4306.5,0.35836517810821533,0.5985464453697205,0.24018126726150513,0.24018126726150513,0,1,1,-1
german,xgboost,45,credit_amount,relative_minus_10,-0.1,1445.0,1589.5,0.23765133321285248,0.25774139165878296,0.02009005844593048,0.02009005844593048,0,0,0,-1
german,xgboost,46,credit_amount,relative_minus_10,-0.1,3578.0,3935.8,0.015967916697263718,0.03293655812740326,0.01696864143013954,0.01696864143013954,0,0,0,-1
german,xgboost,47,credit_amount,relative_minus_10,-0.1,2146.0,2360.6,0.10486079752445221,0.08495955914258957,-0.01990123838186264,0.01990123838186264,0,0,0,-1
german,xgboost,48,credit_amount,relative_minus_10,-0.1,7596.0,8355.6,0.01368929073214531,0.048787835985422134,0.035098545253276825,0.035098545253276825,0,0,0,-1
german,xgboost,49,credit_amount,relative_minus_10,-0.1,1755.0,1930.5,0.362246036529541,0.5999028086662292,0.23765677213668823,0.23765677213668823,0,1,1,-1
german,xgboost,50,credit_amount,relative_minus_10,-0.1,3976.0,4373.6,0.059201136231422424,0.10540351271629333,0.04620237648487091,0.04620237648487091,0,0,0,-1
german,xgboost,51,credit_amount,relative_minus_10,-0.1,2118.0,2329.8,0.2117272913455963,0.14237958192825317,-0.06934770941734314,0.06934770941734314,0,0,0,-1
german,xgboost,52,credit_amount,relative_minus_10,-0.1,2775.0,3052.5,0.1144600659608841,0.08827539533376694,-0.026184670627117157,0.026184670627117157,0,0,0,-1
german,xgboost,53,credit_amount,relative_minus_10,-0.1,1505.0,1655.5,0.09461341053247452,0.1048300489783287,0.010216638445854187,0.010216638445854187,0,0,0,-1
german,xgboost,54,credit_amount,relative_minus_10,-0.1,1108.0,1218.8,0.7814464569091797,0.8461707830429077,0.06472432613372803,0.06472432613372803,1,1,0,-1
german,xgboost,55,credit_amount,relative_minus_10,-0.1,3031.0,3334.1,0.33212071657180786,0.33667999505996704,0.00455927848815918,0.00455927848815918,0,0,0,-1
german,xgboost,56,credit_amount,relative_minus_10,-0.1,1984.0,2182.4,0.9168915748596191,0.9152491688728333,-0.0016424059867858887,0.0016424059867858887,1,1,0,-1
german,xgboost,57,credit_amount,relative_minus_10,-0.1,2679.0,2946.9,0.12220555543899536,0.11068131774663925,-0.01152423769235611,0.01152423769235611,0,0,0,-1
german,xgboost,58,credit_amount,relative_minus_10,-0.1,1047.0,1151.7,0.16189272701740265,0.15786206722259521,-0.004030659794807434,0.004030659794807434,0,0,0,-1
german,xgboost,59,credit_amount,relative_minus_10,-0.1,2892.0,3181.2,0.6315468549728394,0.6339781880378723,0.002431333065032959,0.002431333065032959,1,1,0,-1
german,xgboost,60,credit_amount,relative_minus_10,-0.1,3499.0,3848.9,0.12445571273565292,0.09690255671739578,-0.02755315601825714,0.02755315601825714,0,0,0,-1
german,xgboost,61,credit_amount,relative_minus_10,-0.1,1800.0,1980.0,0.04100687429308891,0.06284912675619125,0.02184225246310234,0.02184225246310234,0,0,0,-1
german,xgboost,62,credit_amount,relative_minus_10,-0.1,8133.0,8946.3,0.5049558877944946,0.533442497253418,0.02848660945892334,0.02848660945892334,1,1,0,-1
german,xgboost,63,credit_amount,relative_minus_10,-0.1,11760.0,12936.0,0.41145092248916626,0.46063077449798584,0.04917985200881958,0.04917985200881958,0,0,0,-1
german,xgboost,64,credit_amount,relative_minus_10,-0.1,976.0,1073.6,0.9233189821243286,0.8962817192077637,-0.02703726291656494,0.02703726291656494,1,1,0,-1
german,xgboost,65,credit_amount,relative_minus_10,-0.1,3062.0,3368.2,0.164531871676445,0.39134591817855835,0.22681404650211334,0.22681404650211334,0,0,0,-1
german,xgboost,66,credit_amount,relative_minus_10,-0.1,1597.0,1756.7,0.31084004044532776,0.31464335322380066,0.0038033127784729004,0.0038033127784729004,0,0,0,-1
german,xgboost,67,credit_amount,relative_minus_10,-0.1,10974.0,12071.4,0.9614232182502747,0.9772043228149414,0.015781104564666748,0.015781104564666748,1,1,0,-1
german,xgboost,68,credit_amount,relative_minus_10,-0.1,2442.0,2686.2,0.48083576560020447,0.44540935754776,-0.03542640805244446,0.03542640805244446,0,0,0,-1
german,xgboost,69,credit_amount,relative_minus_10,-0.1,2631.0,2894.1,0.7440284490585327,0.7300546169281006,-0.013973832130432129,0.013973832130432129,1,1,0,-1
german,xgboost,70,credit_amount,relative_minus_10,-0.1,759.0,834.9,0.7888972759246826,0.7354322671890259,-0.05346500873565674,0.05346500873565674,1,1,0,-1
german,xgboost,71,credit_amount,relative_minus_10,-0.1,6313.0,6944.3,0.011137815192341805,0.025498593226075172,0.014360778033733368,0.014360778033733368,0,0,0,-1
german,xgboost,72,credit_amount,relative_minus_10,-0.1,1546.0,1700.6,0.04410647973418236,0.024771414697170258,-0.0193350650370121,0.0193350650370121,0,0,0,-1
german,xgboost,73,credit_amount,relative_minus_10,-0.1,2859.0,3144.9,0.07533993571996689,0.09518995881080627,0.019850023090839386,0.019850023090839386,0,0,0,-1
german,xgboost,74,credit_amount,relative_minus_10,-0.1,1103.0,1213.3,0.0795583501458168,0.11266718059778214,0.03310883045196533,0.03310883045196533,0,0,0,-1
german,xgboost,75,credit_amount,relative_minus_10,-0.1,2511.0,2762.1,0.5273517370223999,0.577579915523529,0.05022817850112915,0.05022817850112915,1,1,0,-1
german,xgboost,76,credit_amount,relative_minus_10,-0.1,2748.0,3022.8,0.3063080608844757,0.21834880113601685,-0.08795925974845886,0.08795925974845886,0,0,0,-1
german,xgboost,77,credit_amount,relative_minus_10,-0.1,1199.0,1318.9,0.41087862849235535,0.4385748505592346,0.027696222066879272,0.027696222066879272,0,0,0,-1
german,xgboost,78,credit_amount,relative_minus_10,-0.1,2831.0,3114.1,0.04028629884123802,0.048617515712976456,0.008331216871738434,0.008331216871738434,0,0,0,-1
german,xgboost,79,credit_amount,relative_minus_10,-0.1,1845.0,2029.5,0.8726094961166382,0.8776941895484924,0.005084693431854248,0.005084693431854248,1,1,0,-1
german,xgboost,80,credit_amount,relative_minus_10,-0.1,10144.0,11158.4,0.3864430785179138,0.41042181849479675,0.023978739976882935,0.023978739976882935,0,0,0,-1
german,xgboost,81,credit_amount,relative_minus_10,-0.1,9436.0,10379.6,0.024771392345428467,0.023620009422302246,-0.0011513829231262207,0.0011513829231262207,0,0,0,-1
german,xgboost,82,credit_amount,relative_minus_10,-0.1,2101.0,2311.1,0.2705821990966797,0.2244897186756134,-0.046092480421066284,0.046092480421066284,0,0,0,-1
german,xgboost,83,credit_amount,relative_minus_10,-0.1,1647.0,1811.7,0.5973073244094849,0.6699467897415161,0.07263946533203125,0.07263946533203125,1,1,0,-1
german,xgboost,84,credit_amount,relative_minus_10,-0.1,12389.0,13627.9,0.14618752896785736,0.17482571303844452,0.028638184070587158,0.028638184070587158,0,0,0,-1
german,xgboost,85,credit_amount,relative_minus_10,-0.1,2096.0,2305.6,0.025881066918373108,0.017856940627098083,-0.008024126291275024,0.008024126291275024,0,0,0,-1
german,xgboost,86,credit_amount,relative_minus_10,-0.1,2415.0,2656.5,0.02392105758190155,0.015650104731321335,-0.008270952850580215,0.008270952850580215,0,0,0,-1
german,xgboost,87,credit_amount,relative_minus_10,-0.1,3959.0,4354.9,0.6968122720718384,0.8897468447685242,0.1929345726966858,0.1929345726966858,1,1,0,-1
german,xgboost,88,credit_amount,relative_minus_10,-0.1,5804.0,6384.4,0.003254662500694394,0.005184873007237911,0.0019302105065435171,0.0019302105065435171,0,0,0,-1
german,xgboost,89,credit_amount,relative_minus_10,-0.1,6224.0,6846.4,0.8224096298217773,0.862849771976471,0.040440142154693604,0.040440142154693604,1,1,0,-1
german,xgboost,90,credit_amount,relative_minus_10,-0.1,4796.0,5275.6,0.5363795757293701,0.536481499671936,0.00010192394256591797,0.00010192394256591797,1,1,0,-1
german,xgboost,91,credit_amount,relative_minus_10,-0.1,1603.0,1763.3,0.40955519676208496,0.43584275245666504,0.026287555694580078,0.026287555694580078,0,0,0,-1
german,xgboost,92,credit_amount,relative_minus_10,-0.1,1905.0,2095.5,0.4440574645996094,0.46950843930244446,0.025450974702835083,0.025450974702835083,0,0,0,-1
german,xgboost,93,credit_amount,relative_minus_10,-0.1,1936.0,2129.6,0.6884033679962158,0.6832614541053772,-0.005141913890838623,0.005141913890838623,1,1,0,-1
german,xgboost,94,credit_amount,relative_minus_10,-0.1,250.0,275.0,0.012738422490656376,0.012738422490656376,0.0,0.0,0,0,0,-1
german,xgboost,95,credit_amount,relative_minus_10,-0.1,3160.0,3476.0,0.06840237975120544,0.08463475853204727,0.016232378780841827,0.016232378780841827,0,0,0,-1
german,xgboost,96,credit_amount,relative_minus_10,-0.1,3181.0,3499.1,0.2747651934623718,0.17349770665168762,-0.1012674868106842,0.1012674868106842,0,0,0,-1
german,xgboost,97,credit_amount,relative_minus_10,-0.1,2241.0,2465.1,0.14724071323871613,0.11741270124912262,-0.029828011989593506,0.029828011989593506,0,0,0,-1
german,xgboost,98,credit_amount,relative_minus_10,-0.1,937.0,1030.7,0.4165569841861725,0.3517453968524933,-0.0648115873336792,0.0648115873336792,0,0,0,-1
german,xgboost,99,credit_amount,relative_minus_10,-0.1,2012.0,2213.2,0.013321362435817719,0.014734836295247078,0.0014134738594293594,0.0014134738594293594,0,0,0,-1
german,xgboost,0,credit_amount,relative_plus_10,0.1,3612.0,3973.2,0.14532507956027985,0.34619149565696716,0.20086641609668732,0.20086641609668732,0,0,0,-1
german,xgboost,1,credit_amount,relative_plus_10,0.1,6260.0,6886.0,0.3661198318004608,0.5961633324623108,0.23004350066184998,0.23004350066184998,0,1,1,-1
german,xgboost,2,credit_amount,relative_plus_10,0.1,1322.0,1454.2,0.09617456048727036,0.02001103386282921,-0.07616353034973145,0.07616353034973145,0,0,0,-1
german,xgboost,3,credit_amount,relative_plus_10,0.1,2299.0,2528.9,0.05242149904370308,0.060330405831336975,0.007908906787633896,0.007908906787633896,0,0,0,-1
german,xgboost,4,credit_amount,relative_plus_10,0.1,1544.0,1698.4,0.002389379311352968,0.0014619644498452544,-0.0009274148615077138,0.0009274148615077138,0,0,0,-1
german,xgboost,5,credit_amount,relative_plus_10,0.1,3448.0,3792.8,0.011241624131798744,0.00838048942387104,-0.002861134707927704,0.002861134707927704,0,0,0,-1
german,xgboost,6,credit_amount,relative_plus_10,0.1,5954.0,6549.4,0.02126064896583557,0.03905756026506424,0.017796911299228668,0.017796911299228668,0,0,0,-1
german,xgboost,7,credit_amount,relative_plus_10,0.1,3595.0,3954.5,0.07431254535913467,0.15938875079154968,0.08507620543241501,0.08507620543241501,0,0,0,-1
german,xgboost,8,credit_amount,relative_plus_10,0.1,2292.0,2521.2,0.02867794781923294,0.031545285135507584,0.002867337316274643,0.002867337316274643,0,0,0,-1
german,xgboost,9,credit_amount,relative_plus_10,0.1,3234.0,3557.4,0.8991640210151672,0.7944645285606384,-0.10469949245452881,0.10469949245452881,1,1,0,-1
german,xgboost,10,credit_amount,relative_plus_10,0.1,1795.0,1974.5,0.43120160698890686,0.5457618832588196,0.11456027626991272,0.11456027626991272,0,1,1,-1
german,xgboost,11,credit_amount,relative_plus_10,0.1,683.0,751.3,0.528389573097229,0.5607761740684509,0.032386600971221924,0.032386600971221924,1,1,0,-1
german,xgboost,12,credit_amount,relative_plus_10,0.1,1412.0,1553.2,0.009822084568440914,0.017938392236828804,0.00811630766838789,0.00811630766838789,0,0,0,-1
german,xgboost,13,credit_amount,relative_plus_10,0.1,1768.0,1944.8,0.11241460591554642,0.21210172772407532,0.0996871218085289,0.0996871218085289,0,0,0,-1
german,xgboost,14,credit_amount,relative_plus_10,0.1,2647.0,2911.7,0.09716489166021347,0.08195723593235016,-0.015207655727863312,0.015207655727863312,0,0,0,-1
german,xgboost,15,credit_amount,relative_plus_10,0.1,3959.0,4354.9,0.4787817597389221,0.839972734451294,0.3611909747123718,0.3611909747123718,0,1,1,-1
german,xgboost,16,credit_amount,relative_plus_10,0.1,522.0,574.2,0.00277602463029325,0.00277602463029325,0.0,0.0,0,0,0,-1
german,xgboost,17,credit_amount,relative_plus_10,0.1,4280.0,4708.0,0.9572583436965942,0.9392189979553223,-0.018039345741271973,0.018039345741271973,1,1,0,-1
german,xgboost,18,credit_amount,relative_plus_10,0.1,2404.0,2644.4,0.09437244385480881,0.05251175910234451,-0.041860684752464294,0.041860684752464294,0,0,0,-1
german,xgboost,19,credit_amount,relative_plus_10,0.1,1131.0,1244.1,0.9716695547103882,0.9755109548568726,0.003841400146484375,0.003841400146484375,1,1,0,-1
german,xgboost,20,credit_amount,relative_plus_10,0.1,7511.0,8262.1,0.0550624243915081,0.1932031512260437,0.1381407231092453,0.1381407231092453,0,0,0,-1
german,xgboost,21,credit_amount,relative_plus_10,0.1,1238.0,1361.8,0.018732847645878792,0.021283915266394615,0.0025510676205158234,0.0025510676205158234,0,0,0,-1
german,xgboost,22,credit_amount,relative_plus_10,0.1,2728.0,3000.8,0.07416114211082458,0.05190008506178856,-0.022261057049036026,0.022261057049036026,0,0,0,-1
german,xgboost,23,credit_amount,relative_plus_10,0.1,4297.0,4726.7,0.8707629442214966,0.8497140407562256,-0.021048903465270996,0.021048903465270996,1,1,0,-1
german,xgboost,24,credit_amount,relative_plus_10,0.1,5179.0,5696.9,0.7920497059822083,0.6881615519523621,-0.10388815402984619,0.10388815402984619,1,1,0,-1
german,xgboost,25,credit_amount,relative_plus_10,0.1,745.0,819.5,0.4596281051635742,0.3920857012271881,-0.06754240393638611,0.06754240393638611,0,0,0,-1
german,xgboost,26,credit_amount,relative_plus_10,0.1,6187.0,6805.7,0.2782054543495178,0.4764304459095001,0.1982249915599823,0.1982249915599823,0,0,0,-1
german,xgboost,27,credit_amount,relative_plus_10,0.1,1330.0,1463.0,0.6968560814857483,0.27275902032852173,-0.42409706115722656,0.42409706115722656,1,0,1,-1
german,xgboost,28,credit_amount,relative_plus_10,0.1,1554.0,1709.4,0.0033986191265285015,0.002470864448696375,-0.0009277546778321266,0.0009277546778321266,0,0,0,-1
german,xgboost,29,credit_amount,relative_plus_10,0.1,14555.0,16010.5,0.4393616020679474,0.4393616020679474,0.0,0.0,0,0,0,-1
german,xgboost,30,credit_amount,relative_plus_10,0.1,1845.0,2029.5,0.4359388053417206,0.5148171186447144,0.07887831330299377,0.07887831330299377,0,1,1,-1
german,xgboost,31,credit_amount,relative_plus_10,0.1,1670.0,1837.0,0.2954026758670807,0.4062371253967285,0.11083444952964783,0.11083444952964783,0,0,0,-1
german,xgboost,32,credit_amount,relative_plus_10,0.1,2360.0,2596.0,0.016435444355010986,0.016874024644494057,0.0004385802894830704,0.0004385802894830704,0,0,0,-1
german,xgboost,33,credit_amount,relative_plus_10,0.1,1478.0,1625.8,0.02008327655494213,0.017437541857361794,-0.0026457346975803375,0.0026457346975803375,0,0,0,-1
german,xgboost,34,credit_amount,relative_plus_10,0.1,1823.0,2005.3,0.7229525446891785,0.7679588198661804,0.04500627517700195,0.04500627517700195,1,1,0,-1
german,xgboost,35,credit_amount,relative_plus_10,0.1,2051.0,2256.1,0.39703890681266785,0.33295848965644836,-0.06408041715621948,0.06408041715621948,0,0,0,-1
german,xgboost,36,credit_amount,relative_plus_10,0.1,2302.0,2532.2,0.8524562120437622,0.8473645448684692,-0.005091667175292969,0.005091667175292969,1,1,0,-1
german,xgboost,37,credit_amount,relative_plus_10,0.1,1478.0,1625.8,0.16694852709770203,0.212649405002594,0.04570087790489197,0.04570087790489197,0,0,0,-1
german,xgboost,38,credit_amount,relative_plus_10,0.1,8086.0,8894.6,0.38675543665885925,0.43285149335861206,0.04609605669975281,0.04609605669975281,0,0,0,-1
german,xgboost,39,credit_amount,relative_plus_10,0.1,1503.0,1653.3,0.06428443640470505,0.05776476114988327,-0.006519675254821777,0.006519675254821777,0,0,0,-1
german,xgboost,40,credit_amount,relative_plus_10,0.1,6314.0,6945.4,0.6213107705116272,0.7687355875968933,0.1474248170852661,0.1474248170852661,1,1,0,-1
german,xgboost,41,credit_amount,relative_plus_10,0.1,1113.0,1224.3,0.3211948573589325,0.45369598269462585,0.13250112533569336,0.13250112533569336,0,0,0,-1
german,xgboost,42,credit_amount,relative_plus_10,0.1,626.0,688.6,0.5845916867256165,0.6992567777633667,0.11466509103775024,0.11466509103775024,1,1,0,-1
german,xgboost,43,credit_amount,relative_plus_10,0.1,1275.0,1402.5,0.9279054999351501,0.519997239112854,-0.40790826082229614,0.40790826082229614,1,1,0,-1
german,xgboost,44,credit_amount,relative_plus_10,0.1,3915.0,4306.5,0.35836517810821533,0.5985464453697205,0.24018126726150513,0.24018126726150513,0,1,1,-1
german,xgboost,45,credit_amount,relative_plus_10,0.1,1445.0,1589.5,0.23765133321285248,0.25774139165878296,0.02009005844593048,0.02009005844593048,0,0,0,-1
german,xgboost,46,credit_amount,relative_plus_10,0.1,3578.0,3935.8,0.015967916697263718,0.03293655812740326,0.01696864143013954,0.01696864143013954,0,0,0,-1
german,xgboost,47,credit_amount,relative_plus_10,0.1,2146.0,2360.6,0.10486079752445221,0.08495955914258957,-0.01990123838186264,0.01990123838186264,0,0,0,-1
german,xgboost,48,credit_amount,relative_plus_10,0.1,7596.0,8355.6,0.01368929073214531,0.048787835985422134,0.035098545253276825,0.035098545253276825,0,0,0,-1
german,xgboost,49,credit_amount,relative_plus_10,0.1,1755.0,1930.5,0.362246036529541,0.5999028086662292,0.23765677213668823,0.23765677213668823,0,1,1,-1
german,xgboost,50,credit_amount,relative_plus_10,0.1,3976.0,4373.6,0.059201136231422424,0.10540351271629333,0.04620237648487091,0.04620237648487091,0,0,0,-1
german,xgboost,51,credit_amount,relative_plus_10,0.1,2118.0,2329.8,0.2117272913455963,0.14237958192825317,-0.06934770941734314,0.06934770941734314,0,0,0,-1
german,xgboost,52,credit_amount,relative_plus_10,0.1,2775.0,3052.5,0.1144600659608841,0.08827539533376694,-0.026184670627117157,0.026184670627117157,0,0,0,-1
german,xgboost,53,credit_amount,relative_plus_10,0.1,1505.0,1655.5,0.09461341053247452,0.1048300489783287,0.010216638445854187,0.010216638445854187,0,0,0,-1
german,xgboost,54,credit_amount,relative_plus_10,0.1,1108.0,1218.8,0.7814464569091797,0.8461707830429077,0.06472432613372803,0.06472432613372803,1,1,0,-1
german,xgboost,55,credit_amount,relative_plus_10,0.1,3031.0,3334.1,0.33212071657180786,0.33667999505996704,0.00455927848815918,0.00455927848815918,0,0,0,-1
german,xgboost,56,credit_amount,relative_plus_10,0.1,1984.0,2182.4,0.9168915748596191,0.9152491688728333,-0.0016424059867858887,0.0016424059867858887,1,1,0,-1
german,xgboost,57,credit_amount,relative_plus_10,0.1,2679.0,2946.9,0.12220555543899536,0.11068131774663925,-0.01152423769235611,0.01152423769235611,0,0,0,-1
german,xgboost,58,credit_amount,relative_plus_10,0.1,1047.0,1151.7,0.16189272701740265,0.15786206722259521,-0.004030659794807434,0.004030659794807434,0,0,0,-1
german,xgboost,59,credit_amount,relative_plus_10,0.1,2892.0,3181.2,0.6315468549728394,0.6339781880378723,0.002431333065032959,0.002431333065032959,1,1,0,-1
german,xgboost,60,credit_amount,relative_plus_10,0.1,3499.0,3848.9,0.12445571273565292,0.09690255671739578,-0.02755315601825714,0.02755315601825714,0,0,0,-1
german,xgboost,61,credit_amount,relative_plus_10,0.1,1800.0,1980.0,0.04100687429308891,0.06284912675619125,0.02184225246310234,0.02184225246310234,0,0,0,-1
german,xgboost,62,credit_amount,relative_plus_10,0.1,8133.0,8946.3,0.5049558877944946,0.533442497253418,0.02848660945892334,0.02848660945892334,1,1,0,-1
german,xgboost,63,credit_amount,relative_plus_10,0.1,11760.0,12936.0,0.41145092248916626,0.46063077449798584,0.04917985200881958,0.04917985200881958,0,0,0,-1
german,xgboost,64,credit_amount,relative_plus_10,0.1,976.0,1073.6,0.9233189821243286,0.8962817192077637,-0.02703726291656494,0.02703726291656494,1,1,0,-1
german,xgboost,65,credit_amount,relative_plus_10,0.1,3062.0,3368.2,0.164531871676445,0.39134591817855835,0.22681404650211334,0.22681404650211334,0,0,0,-1
german,xgboost,66,credit_amount,relative_plus_10,0.1,1597.0,1756.7,0.31084004044532776,0.31464335322380066,0.0038033127784729004,0.0038033127784729004,0,0,0,-1
german,xgboost,67,credit_amount,relative_plus_10,0.1,10974.0,12071.4,0.9614232182502747,0.9772043228149414,0.015781104564666748,0.015781104564666748,1,1,0,-1
german,xgboost,68,credit_amount,relative_plus_10,0.1,2442.0,2686.2,0.48083576560020447,0.44540935754776,-0.03542640805244446,0.03542640805244446,0,0,0,-1
german,xgboost,69,credit_amount,relative_plus_10,0.1,2631.0,2894.1,0.7440284490585327,0.7300546169281006,-0.013973832130432129,0.013973832130432129,1,1,0,-1
german,xgboost,70,credit_amount,relative_plus_10,0.1,759.0,834.9,0.7888972759246826,0.7354322671890259,-0.05346500873565674,0.05346500873565674,1,1,0,-1
german,xgboost,71,credit_amount,relative_plus_10,0.1,6313.0,6944.3,0.011137815192341805,0.025498593226075172,0.014360778033733368,0.014360778033733368,0,0,0,-1
german,xgboost,72,credit_amount,relative_plus_10,0.1,1546.0,1700.6,0.04410647973418236,0.024771414697170258,-0.0193350650370121,0.0193350650370121,0,0,0,-1
german,xgboost,73,credit_amount,relative_plus_10,0.1,2859.0,3144.9,0.07533993571996689,0.09518995881080627,0.019850023090839386,0.019850023090839386,0,0,0,-1
german,xgboost,74,credit_amount,relative_plus_10,0.1,1103.0,1213.3,0.0795583501458168,0.11266718059778214,0.03310883045196533,0.03310883045196533,0,0,0,-1
german,xgboost,75,credit_amount,relative_plus_10,0.1,2511.0,2762.1,0.5273517370223999,0.577579915523529,0.05022817850112915,0.05022817850112915,1,1,0,-1
german,xgboost,76,credit_amount,relative_plus_10,0.1,2748.0,3022.8,0.3063080608844757,0.21834880113601685,-0.08795925974845886,0.08795925974845886,0,0,0,-1
german,xgboost,77,credit_amount,relative_plus_10,0.1,1199.0,1318.9,0.41087862849235535,0.4385748505592346,0.027696222066879272,0.027696222066879272,0,0,0,-1
german,xgboost,78,credit_amount,relative_plus_10,0.1,2831.0,3114.1,0.04028629884123802,0.048617515712976456,0.008331216871738434,0.008331216871738434,0,0,0,-1
german,xgboost,79,credit_amount,relative_plus_10,0.1,1845.0,2029.5,0.8726094961166382,0.8776941895484924,0.005084693431854248,0.005084693431854248,1,1,0,-1
german,xgboost,80,credit_amount,relative_plus_10,0.1,10144.0,11158.4,0.3864430785179138,0.41042181849479675,0.023978739976882935,0.023978739976882935,0,0,0,-1
german,xgboost,81,credit_amount,relative_plus_10,0.1,9436.0,10379.6,0.024771392345428467,0.023620009422302246,-0.0011513829231262207,0.0011513829231262207,0,0,0,-1
german,xgboost,82,credit_amount,relative_plus_10,0.1,2101.0,2311.1,0.2705821990966797,0.2244897186756134,-0.046092480421066284,0.046092480421066284,0,0,0,-1
german,xgboost,83,credit_amount,relative_plus_10,0.1,1647.0,1811.7,0.5973073244094849,0.6699467897415161,0.07263946533203125,0.07263946533203125,1,1,0,-1
german,xgboost,84,credit_amount,relative_plus_10,0.1,12389.0,13627.9,0.14618752896785736,0.17482571303844452,0.028638184070587158,0.028638184070587158,0,0,0,-1
german,xgboost,85,credit_amount,relative_plus_10,0.1,2096.0,2305.6,0.025881066918373108,0.017856940627098083,-0.008024126291275024,0.008024126291275024,0,0,0,-1
german,xgboost,86,credit_amount,relative_plus_10,0.1,2415.0,2656.5,0.02392105758190155,0.015650104731321335,-0.008270952850580215,0.008270952850580215,0,0,0,-1
german,xgboost,87,credit_amount,relative_plus_10,0.1,3959.0,4354.9,0.6968122720718384,0.8897468447685242,0.1929345726966858,0.1929345726966858,1,1,0,-1
german,xgboost,88,credit_amount,relative_plus_10,0.1,5804.0,6384.4,0.003254662500694394,0.005184873007237911,0.0019302105065435171,0.0019302105065435171,0,0,0,-1
german,xgboost,89,credit_amount,relative_plus_10,0.1,6224.0,6846.4,0.8224096298217773,0.862849771976471,0.040440142154693604,0.040440142154693604,1,1,0,-1
german,xgboost,90,credit_amount,relative_plus_10,0.1,4796.0,5275.6,0.5363795757293701,0.536481499671936,0.00010192394256591797,0.00010192394256591797,1,1,0,-1
german,xgboost,91,credit_amount,relative_plus_10,0.1,1603.0,1763.3,0.40955519676208496,0.43584275245666504,0.026287555694580078,0.026287555694580078,0,0,0,-1
german,xgboost,92,credit_amount,relative_plus_10,0.1,1905.0,2095.5,0.4440574645996094,0.46950843930244446,0.025450974702835083,0.025450974702835083,0,0,0,-1
german,xgboost,93,credit_amount,relative_plus_10,0.1,1936.0,2129.6,0.6884033679962158,0.6832614541053772,-0.005141913890838623,0.005141913890838623,1,1,0,-1
german,xgboost,94,credit_amount,relative_plus_10,0.1,250.0,275.0,0.012738422490656376,0.012738422490656376,0.0,0.0,0,0,0,-1
german,xgboost,95,credit_amount,relative_plus_10,0.1,3160.0,3476.0,0.06840237975120544,0.08463475853204727,0.016232378780841827,0.016232378780841827,0,0,0,-1
german,xgboost,96,credit_amount,relative_plus_10,0.1,3181.0,3499.1,0.2747651934623718,0.17349770665168762,-0.1012674868106842,0.1012674868106842,0,0,0,-1
german,xgboost,97,credit_amount,relative_plus_10,0.1,2241.0,2465.1,0.14724071323871613,0.11741270124912262,-0.029828011989593506,0.029828011989593506,0,0,0,-1
german,xgboost,98,credit_amount,relative_plus_10,0.1,937.0,1030.7,0.4165569841861725,0.3517453968524933,-0.0648115873336792,0.0648115873336792,0,0,0,-1
german,xgboost,99,credit_amount,relative_plus_10,0.1,2012.0,2213.2,0.013321362435817719,0.014734836295247078,0.0014134738594293594,0.0014134738594293594,0,0,0,-1
german,xgboost,0,installment_rate,relative_minus_5,-0.05,3.0,3.15,0.14532507956027985,0.14532507956027985,0.0,0.0,0,0,0,-1
german,xgboost,1,installment_rate,relative_minus_5,-0.05,3.0,3.15,0.3661198318004608,0.3661198318004608,0.0,0.0,0,0,0,-1
german,xgboost,2,installment_rate,relative_minus_5,-0.05,4.0,4.2,0.09617456048727036,0.09617456048727036,0.0,0.0,0,0,0,-1
german,xgboost,3,installment_rate,relative_minus_5,-0.05,4.0,4.2,0.05242149904370308,0.05242149904370308,0.0,0.0,0,0,0,-1
german,xgboost,4,installment_rate,relative_minus_5,-0.05,2.0,2.1,0.002389379311352968,0.002389379311352968,0.0,0.0,0,0,0,-1
german,xgboost,5,installment_rate,relative_minus_5,-0.05,1.0,1.05,0.011241624131798744,0.011241624131798744,0.0,0.0,0,0,0,-1
german,xgboost,6,installment_rate,relative_minus_5,-0.05,3.0,3.15,0.02126064896583557,0.02126064896583557,0.0,0.0,0,0,0,-1
german,xgboost,7,installment_rate,relative_minus_5,-0.05,4.0,4.2,0.07431254535913467,0.07431254535913467,0.0,0.0,0,0,0,-1
german,xgboost,8,installment_rate,relative_minus_5,-0.05,4.0,4.2,0.02867794781923294,0.02867794781923294,0.0,0.0,0,0,0,-1
german,xgboost,9,installment_rate,relative_minus_5,-0.05,4.0,4.2,0.8991640210151672,0.8991640210151672,0.0,0.0,1,1,0,-1
german,xgboost,10,installment_rate,relative_minus_5,-0.05,3.0,3.15,0.43120160698890686,0.43120160698890686,0.0,0.0,0,0,0,-1
german,xgboost,11,installment_rate,relative_minus_5,-0.05,2.0,2.1,0.528389573097229,0.528389573097229,0.0,0.0,1,1,0,-1
german,xgboost,12,installment_rate,relative_minus_5,-0.05,4.0,4.2,0.009822084568440914,0.009822084568440914,0.0,0.0,0,0,0,-1
german,xgboost,13,installment_rate,relative_minus_5,-0.05,3.0,3.15,0.11241460591554642,0.11241460591554642,0.0,0.0,0,0,0,-1
german,xgboost,14,installment_rate,relative_minus_5,-0.05,2.0,2.1,0.09716489166021347,0.09716489166021347,0.0,0.0,0,0,0,-1
german,xgboost,15,installment_rate,relative_minus_5,-0.05,3.0,3.15,0.4787817597389221,0.4787817597389221,0.0,0.0,0,0,0,-1
german,xgboost,16,installment_rate,relative_minus_5,-0.05,4.0,4.2,0.00277602463029325,0.00277602463029325,0.0,0.0,0,0,0,-1
german,xgboost,17,installment_rate,relative_minus_5,-0.05,4.0,4.2,0.9572583436965942,0.9572583436965942,0.0,0.0,1,1,0,-1
german,xgboost,18,installment_rate,relative_minus_5,-0.05,2.0,2.1,0.09437244385480881,0.09437244385480881,0.0,0.0,0,0,0,-1
german,xgboost,19,installment_rate,relative_minus_5,-0.05,4.0,4.2,0.9716695547103882,0.9716695547103882,0.0,0.0,1,1,0,-1
german,xgboost,20,installment_rate,relative_minus_5,-0.05,1.0,1.05,0.0550624243915081,0.0550624243915081,0.0,0.0,0,0,0,-1
german,xgboost,21,installment_rate,relative_minus_5,-0.05,4.0,4.2,0.018732847645878792,0.018732847645878792,0.0,0.0,0,0,0,-1
german,xgboost,22,installment_rate,relative_minus_5,-0.05,4.0,4.2,0.07416114211082458,0.07416114211082458,0.0,0.0,0,0,0,-1
german,xgboost,23,installment_rate,relative_minus_5,-0.05,4.0,4.2,0.8707629442214966,0.8707629442214966,0.0,0.0,1,1,0,-1
german,xgboost,24,installment_rate,relative_minus_5,-0.05,4.0,4.2,0.7920497059822083,0.7920497059822083,0.0,0.0,1,1,0,-1
german,xgboost,25,installment_rate,relative_minus_5,-0.05,3.0,3.15,0.4596281051635742,0.4596281051635742,0.0,0.0,0,0,0,-1
german,xgboost,26,installment_rate,relative_minus_5,-0.05,1.0,1.05,0.2782054543495178,0.2782054543495178,0.0,0.0,0,0,0,-1
german,xgboost,27,installment_rate,relative_minus_5,-0.05,4.0,4.2,0.6968560814857483,0.6968560814857483,0.0,0.0,1,1,0,-1
german,xgboost,28,installment_rate,relative_minus_5,-0.05,1.0,1.05,0.0033986191265285015,0.0033986191265285015,0.0,0.0,0,0,0,-1
german,xgboost,29,installment_rate,relative_minus_5,-0.05,1.0,1.05,0.4393616020679474,0.4393616020679474,0.0,0.0,0,0,0,-1
german,xgboost,30,installment_rate,relative_minus_5,-0.05,4.0,4.2,0.4359388053417206,0.4359388053417206,0.0,0.0,0,0,0,-1
german,xgboost,31,installment_rate,relative_minus_5,-0.05,4.0,4.2,0.2954026758670807,0.2954026758670807,0.0,0.0,0,0,0,-1
german,xgboost,32,installment_rate,relative_minus_5,-0.05,2.0,2.1,0.016435444355010986,0.016435444355010986,0.0,0.0,0,0,0,-1
german,xgboost,33,installment_rate,relative_minus_5,-0.05,4.0,4.2,0.02008327655494213,0.02008327655494213,0.0,0.0,0,0,0,-1
german,xgboost,34,installment_rate,relative_minus_5,-0.05,4.0,4.2,0.7229525446891785,0.7229525446891785,0.0,0.0,1,1,0,-1
german,xgboost,35,installment_rate,relative_minus_5,-0.05,4.0,4.2,0.39703890681266785,0.39703890681266785,0.0,0.0,0,0,0,-1
german,xgboost,36,installment_rate,relative_minus_5,-0.05,4.0,4.2,0.8524562120437622,0.8524562120437622,0.0,0.0,1,1,0,-1
german,xgboost,37,installment_rate,relative_minus_5,-0.05,4.0,4.2,0.16694852709770203,0.16694852709770203,0.0,0.0,0,0,0,-1
german,xgboost,38,installment_rate,relative_minus_5,-0.05,2.0,2.1,0.38675543665885925,0.38675543665885925,0.0,0.0,0,0,0,-1
german,xgboost,39,installment_rate,relative_minus_5,-0.05,4.0,4.2,0.06428443640470505,0.06428443640470505,0.0,0.0,0,0,0,-1
german,xgboost,40,installment_rate,relative_minus_5,-0.05,4.0,4.2,0.6213107705116272,0.6213107705116272,0.0,0.0,1,1,0,-1
german,xgboost,41,installment_rate,relative_minus_5,-0.05,4.0,4.2,0.3211948573589325,0.3211948573589325,0.0,0.0,0,0,0,-1
german,xgboost,42,installment_rate,relative_minus_5,-0.05,4.0,4.2,0.5845916867256165,0.5845916867256165,0.0,0.0,1,1,0,-1
german,xgboost,43,installment_rate,relative_minus_5,-0.05,4.0,4.2,0.9279054999351501,0.9279054999351501,0.0,0.0,1,1,0,-1
german,xgboost,44,installment_rate,relative_minus_5,-0.05,4.0,4.2,0.35836517810821533,0.35836517810821533,0.0,0.0,0,0,0,-1
german,xgboost,45,installment_rate,relative_minus_5,-0.05,4.0,4.2,0.23765133321285248,0.23765133321285248,0.0,0.0,0,0,0,-1
german,xgboost,46,installment_rate,relative_minus_5,-0.05,4.0,4.2,0.015967916697263718,0.015967916697263718,0.0,0.0,0,0,0,-1
german,xgboost,47,installment_rate,relative_minus_5,-0.05,1.0,1.05,0.10486079752445221,0.10486079752445221,0.0,0.0,0,0,0,-1
german,xgboost,48,installment_rate,relative_minus_5,-0.05,1.0,1.05,0.01368929073214531,0.01368929073214531,0.0,0.0,0,0,0,-1
german,xgboost,49,installment_rate,relative_minus_5,-0.05,4.0,4.2,0.362246036529541,0.362246036529541,0.0,0.0,0,0,0,-1
german,xgboost,50,installment_rate,relative_minus_5,-0.05,2.0,2.1,0.059201136231422424,0.059201136231422424,0.0,0.0,0,0,0,-1
german,xgboost,51,installment_rate,relative_minus_5,-0.05,2.0,2.1,0.2117272913455963,0.2117272913455963,0.0,0.0,0,0,0,-1
german,xgboost,52,installment_rate,relative_minus_5,-0.05,2.0,2.1,0.1144600659608841,0.1144600659608841,0.0,0.0,0,0,0,-1
german,xgboost,53,installment_rate,relative_minus_5,-0.05,4.0,4.2,0.09461341053247452,0.09461341053247452,0.0,0.0,0,0,0,-1
german,xgboost,54,installment_rate,relative_minus_5,-0.05,4.0,4.2,0.7814464569091797,0.7814464569091797,0.0,0.0,1,1,0,-1
german,xgboost,55,installment_rate,relative_minus_5,-0.05,4.0,4.2,0.33212071657180786,0.33212071657180786,0.0,0.0,0,0,0,-1
german,xgboost,56,installment_rate,relative_minus_5,-0.05,4.0,4.2,0.9168915748596191,0.9168915748596191,0.0,0.0,1,1,0,-1
german,xgboost,57,installment_rate,relative_minus_5,-0.05,4.0,4.2,0.12220555543899536,0.12220555543899536,0.0,0.0,0,0,0,-1
german,xgboost,58,installment_rate,relative_minus_5,-0.05,2.0,2.1,0.16189272701740265,0.16189272701740265,0.0,0.0,0,0,0,-1
german,xgboost,59,installment_rate,relative_minus_5,-0.05,3.0,3.15,0.6315468549728394,0.6315468549728394,0.0,0.0,1,1,0,-1
german,xgboost,60,installment_rate,relative_minus_5,-0.05,3.0,3.15,0.12445571273565292,0.12445571273565292,0.0,0.0,0,0,0,-1
german,xgboost,61,installment_rate,relative_minus_5,-0.05,4.0,4.2,0.04100687429308891,0.04100687429308891,0.0,0.0,0,0,0,-1
german,xgboost,62,installment_rate,relative_minus_5,-0.05,1.0,1.05,0.5049558877944946,0.5049558877944946,0.0,0.0,1,1,0,-1
german,xgboost,63,installment_rate,relative_minus_5,-0.05,2.0,2.1,0.41145092248916626,0.41145092248916626,0.0,0.0,0,0,0,-1
german,xgboost,64,installment_rate,relative_minus_5,-0.05,1.0,1.05,0.9233189821243286,0.9233189821243286,0.0,0.0,1,1,0,-1
german,xgboost,65,installment_rate,relative_minus_5,-0.05,4.0,4.2,0.164531871676445,0.164531871676445,0.0,0.0,0,0,0,-1
german,xgboost,66,installment_rate,relative_minus_5,-0.05,4.0,4.2,0.31084004044532776,0.31084004044532776,0.0,0.0,0,0,0,-1
german,xgboost,67,installment_rate,relative_minus_5,-0.05,4.0,4.2,0.9614232182502747,0.9614232182502747,0.0,0.0,1,1,0,-1
german,xgboost,68,installment_rate,relative_minus_5,-0.05,4.0,4.2,0.48083576560020447,0.48083576560020447,0.0,0.0,0,0,0,-1
german,xgboost,69,installment_rate,relative_minus_5,-0.05,3.0,3.15,0.7440284490585327,0.7440284490585327,0.0,0.0,1,1,0,-1
german,xgboost,70,installment_rate,relative_minus_5,-0.05,4.0,4.2,0.7888972759246826,0.7888972759246826,0.0,0.0,1,1,0,-1
german,xgboost,71,installment_rate,relative_minus_5,-0.05,3.0,3.15,0.011137815192341805,0.011137815192341805,0.0,0.0,0,0,0,-1
german,xgboost,72,installment_rate,relative_minus_5,-0.05,3.0,3.15,0.04410647973418236,0.04410647973418236,0.0,0.0,0,0,0,-1
german,xgboost,73,installment_rate,relative_minus_5,-0.05,4.0,4.2,0.07533993571996689,0.07533993571996689,0.0,0.0,0,0,0,-1
german,xgboost,74,installment_rate,relative_minus_5,-0.05,4.0,4.2,0.0795583501458168,0.0795583501458168,0.0,0.0,0,0,0,-1
german,xgboost,75,installment_rate,relative_minus_5,-0.05,1.0,1.05,0.5273517370223999,0.5273517370223999,0.0,0.0,1,1,0,-1
german,xgboost,76,installment_rate,relative_minus_5,-0.05,2.0,2.1,0.3063080608844757,0.3063080608844757,0.0,0.0,0,0,0,-1
german,xgboost,77,installment_rate,relative_minus_5,-0.05,4.0,4.2,0.41087862849235535,0.41087862849235535,0.0,0.0,0,0,0,-1
german,xgboost,78,installment_rate,relative_minus_5,-0.05,4.0,4.2,0.04028629884123802,0.04028629884123802,0.0,0.0,0,0,0,-1
german,xgboost,79,installment_rate,relative_minus_5,-0.05,4.0,4.2,0.8726094961166382,0.8726094961166382,0.0,0.0,1,1,0,-1
german,xgboost,80,installment_rate,relative_minus_5,-0.05,2.0,2.1,0.3864430785179138,0.3864430785179138,0.0,0.0,0,0,0,-1
german,xgboost,81,installment_rate,relative_minus_5,-0.05,2.0,2.1,0.024771392345428467,0.024771392345428467,0.0,0.0,0,0,0,-1
german,xgboost,82,installment_rate,relative_minus_5,-0.05,2.0,2.1,0.2705821990966797,0.2705821990966797,0.0,0.0,0,0,0,-1
german,xgboost,83,installment_rate,relative_minus_5,-0.05,4.0,4.2,0.5973073244094849,0.5973073244094849,0.0,0.0,1,1,0,-1
german,xgboost,84,installment_rate,relative_minus_5,-0.05,1.0,1.05,0.14618752896785736,0.14618752896785736,0.0,0.0,0,0,0,-1
german,xgboost,85,installment_rate,relative_minus_5,-0.05,2.0,2.1,0.025881066918373108,0.025881066918373108,0.0,0.0,0,0,0,-1
german,xgboost,86,installment_rate,relative_minus_5,-0.05,3.0,3.15,0.02392105758190155,0.02392105758190155,0.0,0.0,0,0,0,-1
german,xgboost,87,installment_rate,relative_minus_5,-0.05,4.0,4.2,0.6968122720718384,0.6968122720718384,0.0,0.0,1,1,0,-1
german,xgboost,88,installment_rate,relative_minus_5,-0.05,4.0,4.2,0.003254662500694394,0.003254662500694394,0.0,0.0,0,0,0,-1
german,xgboost,89,installment_rate,relative_minus_5,-0.05,4.0,4.2,0.8224096298217773,0.8224096298217773,0.0,0.0,1,1,0,-1
german,xgboost,90,installment_rate,relative_minus_5,-0.05,4.0,4.2,0.5363795757293701,0.5363795757293701,0.0,0.0,1,1,0,-1
german,xgboost,91,installment_rate,relative_minus_5,-0.05,4.0,4.2,0.40955519676208496,0.40955519676208496,0.0,0.0,0,0,0,-1
german,xgboost,92,installment_rate,relative_minus_5,-0.05,4.0,4.2,0.4440574645996094,0.4440574645996094,0.0,0.0,0,0,0,-1
german,xgboost,93,installment_rate,relative_minus_5,-0.05,2.0,2.1,0.6884033679962158,0.6884033679962158,0.0,0.0,1,1,0,-1
german,xgboost,94,installment_rate,relative_minus_5,-0.05,2.0,2.1,0.012738422490656376,0.012738422490656376,0.0,0.0,0,0,0,-1
german,xgboost,95,installment_rate,relative_minus_5,-0.05,4.0,4.2,0.06840237975120544,0.06840237975120544,0.0,0.0,0,0,0,-1
german,xgboost,96,installment_rate,relative_minus_5,-0.05,4.0,4.2,0.2747651934623718,0.2747651934623718,0.0,0.0,0,0,0,-1
german,xgboost,97,installment_rate,relative_minus_5,-0.05,1.0,1.05,0.14724071323871613,0.14724071323871613,0.0,0.0,0,0,0,-1
german,xgboost,98,installment_rate,relative_minus_5,-0.05,4.0,4.2,0.4165569841861725,0.4165569841861725,0.0,0.0,0,0,0,-1
german,xgboost,99,installment_rate,relative_minus_5,-0.05,4.0,4.2,0.013321362435817719,0.013321362435817719,0.0,0.0,0,0,0,-1
german,xgboost,0,installment_rate,relative_plus_5,0.05,3.0,3.15,0.14532507956027985,0.14532507956027985,0.0,0.0,0,0,0,-1
german,xgboost,1,installment_rate,relative_plus_5,0.05,3.0,3.15,0.3661198318004608,0.3661198318004608,0.0,0.0,0,0,0,-1
german,xgboost,2,installment_rate,relative_plus_5,0.05,4.0,4.2,0.09617456048727036,0.09617456048727036,0.0,0.0,0,0,0,-1
german,xgboost,3,installment_rate,relative_plus_5,0.05,4.0,4.2,0.05242149904370308,0.05242149904370308,0.0,0.0,0,0,0,-1
german,xgboost,4,installment_rate,relative_plus_5,0.05,2.0,2.1,0.002389379311352968,0.002389379311352968,0.0,0.0,0,0,0,-1
german,xgboost,5,installment_rate,relative_plus_5,0.05,1.0,1.05,0.011241624131798744,0.011241624131798744,0.0,0.0,0,0,0,-1
german,xgboost,6,installment_rate,relative_plus_5,0.05,3.0,3.15,0.02126064896583557,0.02126064896583557,0.0,0.0,0,0,0,-1
german,xgboost,7,installment_rate,relative_plus_5,0.05,4.0,4.2,0.07431254535913467,0.07431254535913467,0.0,0.0,0,0,0,-1
german,xgboost,8,installment_rate,relative_plus_5,0.05,4.0,4.2,0.02867794781923294,0.02867794781923294,0.0,0.0,0,0,0,-1
german,xgboost,9,installment_rate,relative_plus_5,0.05,4.0,4.2,0.8991640210151672,0.8991640210151672,0.0,0.0,1,1,0,-1
german,xgboost,10,installment_rate,relative_plus_5,0.05,3.0,3.15,0.43120160698890686,0.43120160698890686,0.0,0.0,0,0,0,-1
german,xgboost,11,installment_rate,relative_plus_5,0.05,2.0,2.1,0.528389573097229,0.528389573097229,0.0,0.0,1,1,0,-1
german,xgboost,12,installment_rate,relative_plus_5,0.05,4.0,4.2,0.009822084568440914,0.009822084568440914,0.0,0.0,0,0,0,-1
german,xgboost,13,installment_rate,relative_plus_5,0.05,3.0,3.15,0.11241460591554642,0.11241460591554642,0.0,0.0,0,0,0,-1
german,xgboost,14,installment_rate,relative_plus_5,0.05,2.0,2.1,0.09716489166021347,0.09716489166021347,0.0,0.0,0,0,0,-1
german,xgboost,15,installment_rate,relative_plus_5,0.05,3.0,3.15,0.4787817597389221,0.4787817597389221,0.0,0.0,0,0,0,-1
german,xgboost,16,installment_rate,relative_plus_5,0.05,4.0,4.2,0.00277602463029325,0.00277602463029325,0.0,0.0,0,0,0,-1
german,xgboost,17,installment_rate,relative_plus_5,0.05,4.0,4.2,0.9572583436965942,0.9572583436965942,0.0,0.0,1,1,0,-1
german,xgboost,18,installment_rate,relative_plus_5,0.05,2.0,2.1,0.09437244385480881,0.09437244385480881,0.0,0.0,0,0,0,-1
german,xgboost,19,installment_rate,relative_plus_5,0.05,4.0,4.2,0.9716695547103882,0.9716695547103882,0.0,0.0,1,1,0,-1
german,xgboost,20,installment_rate,relative_plus_5,0.05,1.0,1.05,0.0550624243915081,0.0550624243915081,0.0,0.0,0,0,0,-1
german,xgboost,21,installment_rate,relative_plus_5,0.05,4.0,4.2,0.018732847645878792,0.018732847645878792,0.0,0.0,0,0,0,-1
german,xgboost,22,installment_rate,relative_plus_5,0.05,4.0,4.2,0.07416114211082458,0.07416114211082458,0.0,0.0,0,0,0,-1
german,xgboost,23,installment_rate,relative_plus_5,0.05,4.0,4.2,0.8707629442214966,0.8707629442214966,0.0,0.0,1,1,0,-1
german,xgboost,24,installment_rate,relative_plus_5,0.05,4.0,4.2,0.7920497059822083,0.7920497059822083,0.0,0.0,1,1,0,-1
german,xgboost,25,installment_rate,relative_plus_5,0.05,3.0,3.15,0.4596281051635742,0.4596281051635742,0.0,0.0,0,0,0,-1
german,xgboost,26,installment_rate,relative_plus_5,0.05,1.0,1.05,0.2782054543495178,0.2782054543495178,0.0,0.0,0,0,0,-1
german,xgboost,27,installment_rate,relative_plus_5,0.05,4.0,4.2,0.6968560814857483,0.6968560814857483,0.0,0.0,1,1,0,-1
german,xgboost,28,installment_rate,relative_plus_5,0.05,1.0,1.05,0.0033986191265285015,0.0033986191265285015,0.0,0.0,0,0,0,-1
german,xgboost,29,installment_rate,relative_plus_5,0.05,1.0,1.05,0.4393616020679474,0.4393616020679474,0.0,0.0,0,0,0,-1
german,xgboost,30,installment_rate,relative_plus_5,0.05,4.0,4.2,0.4359388053417206,0.4359388053417206,0.0,0.0,0,0,0,-1
german,xgboost,31,installment_rate,relative_plus_5,0.05,4.0,4.2,0.2954026758670807,0.2954026758670807,0.0,0.0,0,0,0,-1
german,xgboost,32,installment_rate,relative_plus_5,0.05,2.0,2.1,0.016435444355010986,0.016435444355010986,0.0,0.0,0,0,0,-1
german,xgboost,33,installment_rate,relative_plus_5,0.05,4.0,4.2,0.02008327655494213,0.02008327655494213,0.0,0.0,0,0,0,-1
german,xgboost,34,installment_rate,relative_plus_5,0.05,4.0,4.2,0.7229525446891785,0.7229525446891785,0.0,0.0,1,1,0,-1
german,xgboost,35,installment_rate,relative_plus_5,0.05,4.0,4.2,0.39703890681266785,0.39703890681266785,0.0,0.0,0,0,0,-1
german,xgboost,36,installment_rate,relative_plus_5,0.05,4.0,4.2,0.8524562120437622,0.8524562120437622,0.0,0.0,1,1,0,-1
german,xgboost,37,installment_rate,relative_plus_5,0.05,4.0,4.2,0.16694852709770203,0.16694852709770203,0.0,0.0,0,0,0,-1
german,xgboost,38,installment_rate,relative_plus_5,0.05,2.0,2.1,0.38675543665885925,0.38675543665885925,0.0,0.0,0,0,0,-1
german,xgboost,39,installment_rate,relative_plus_5,0.05,4.0,4.2,0.06428443640470505,0.06428443640470505,0.0,0.0,0,0,0,-1
german,xgboost,40,installment_rate,relative_plus_5,0.05,4.0,4.2,0.6213107705116272,0.6213107705116272,0.0,0.0,1,1,0,-1
german,xgboost,41,installment_rate,relative_plus_5,0.05,4.0,4.2,0.3211948573589325,0.3211948573589325,0.0,0.0,0,0,0,-1
german,xgboost,42,installment_rate,relative_plus_5,0.05,4.0,4.2,0.5845916867256165,0.5845916867256165,0.0,0.0,1,1,0,-1
german,xgboost,43,installment_rate,relative_plus_5,0.05,4.0,4.2,0.9279054999351501,0.9279054999351501,0.0,0.0,1,1,0,-1
german,xgboost,44,installment_rate,relative_plus_5,0.05,4.0,4.2,0.35836517810821533,0.35836517810821533,0.0,0.0,0,0,0,-1
german,xgboost,45,installment_rate,relative_plus_5,0.05,4.0,4.2,0.23765133321285248,0.23765133321285248,0.0,0.0,0,0,0,-1
german,xgboost,46,installment_rate,relative_plus_5,0.05,4.0,4.2,0.015967916697263718,0.015967916697263718,0.0,0.0,0,0,0,-1
german,xgboost,47,installment_rate,relative_plus_5,0.05,1.0,1.05,0.10486079752445221,0.10486079752445221,0.0,0.0,0,0,0,-1
german,xgboost,48,installment_rate,relative_plus_5,0.05,1.0,1.05,0.01368929073214531,0.01368929073214531,0.0,0.0,0,0,0,-1
german,xgboost,49,installment_rate,relative_plus_5,0.05,4.0,4.2,0.362246036529541,0.362246036529541,0.0,0.0,0,0,0,-1
german,xgboost,50,installment_rate,relative_plus_5,0.05,2.0,2.1,0.059201136231422424,0.059201136231422424,0.0,0.0,0,0,0,-1
german,xgboost,51,installment_rate,relative_plus_5,0.05,2.0,2.1,0.2117272913455963,0.2117272913455963,0.0,0.0,0,0,0,-1
german,xgboost,52,installment_rate,relative_plus_5,0.05,2.0,2.1,0.1144600659608841,0.1144600659608841,0.0,0.0,0,0,0,-1
german,xgboost,53,installment_rate,relative_plus_5,0.05,4.0,4.2,0.09461341053247452,0.09461341053247452,0.0,0.0,0,0,0,-1
german,xgboost,54,installment_rate,relative_plus_5,0.05,4.0,4.2,0.7814464569091797,0.7814464569091797,0.0,0.0,1,1,0,-1
german,xgboost,55,installment_rate,relative_plus_5,0.05,4.0,4.2,0.33212071657180786,0.33212071657180786,0.0,0.0,0,0,0,-1
german,xgboost,56,installment_rate,relative_plus_5,0.05,4.0,4.2,0.9168915748596191,0.9168915748596191,0.0,0.0,1,1,0,-1
german,xgboost,57,installment_rate,relative_plus_5,0.05,4.0,4.2,0.12220555543899536,0.12220555543899536,0.0,0.0,0,0,0,-1
german,xgboost,58,installment_rate,relative_plus_5,0.05,2.0,2.1,0.16189272701740265,0.16189272701740265,0.0,0.0,0,0,0,-1
german,xgboost,59,installment_rate,relative_plus_5,0.05,3.0,3.15,0.6315468549728394,0.6315468549728394,0.0,0.0,1,1,0,-1
german,xgboost,60,installment_rate,relative_plus_5,0.05,3.0,3.15,0.12445571273565292,0.12445571273565292,0.0,0.0,0,0,0,-1
german,xgboost,61,installment_rate,relative_plus_5,0.05,4.0,4.2,0.04100687429308891,0.04100687429308891,0.0,0.0,0,0,0,-1
german,xgboost,62,installment_rate,relative_plus_5,0.05,1.0,1.05,0.5049558877944946,0.5049558877944946,0.0,0.0,1,1,0,-1
german,xgboost,63,installment_rate,relative_plus_5,0.05,2.0,2.1,0.41145092248916626,0.41145092248916626,0.0,0.0,0,0,0,-1
german,xgboost,64,installment_rate,relative_plus_5,0.05,1.0,1.05,0.9233189821243286,0.9233189821243286,0.0,0.0,1,1,0,-1
german,xgboost,65,installment_rate,relative_plus_5,0.05,4.0,4.2,0.164531871676445,0.164531871676445,0.0,0.0,0,0,0,-1
german,xgboost,66,installment_rate,relative_plus_5,0.05,4.0,4.2,0.31084004044532776,0.31084004044532776,0.0,0.0,0,0,0,-1
german,xgboost,67,installment_rate,relative_plus_5,0.05,4.0,4.2,0.9614232182502747,0.9614232182502747,0.0,0.0,1,1,0,-1
german,xgboost,68,installment_rate,relative_plus_5,0.05,4.0,4.2,0.48083576560020447,0.48083576560020447,0.0,0.0,0,0,0,-1
german,xgboost,69,installment_rate,relative_plus_5,0.05,3.0,3.15,0.7440284490585327,0.7440284490585327,0.0,0.0,1,1,0,-1
german,xgboost,70,installment_rate,relative_plus_5,0.05,4.0,4.2,0.7888972759246826,0.7888972759246826,0.0,0.0,1,1,0,-1
german,xgboost,71,installment_rate,relative_plus_5,0.05,3.0,3.15,0.011137815192341805,0.011137815192341805,0.0,0.0,0,0,0,-1
german,xgboost,72,installment_rate,relative_plus_5,0.05,3.0,3.15,0.04410647973418236,0.04410647973418236,0.0,0.0,0,0,0,-1
german,xgboost,73,installment_rate,relative_plus_5,0.05,4.0,4.2,0.07533993571996689,0.07533993571996689,0.0,0.0,0,0,0,-1
german,xgboost,74,installment_rate,relative_plus_5,0.05,4.0,4.2,0.0795583501458168,0.0795583501458168,0.0,0.0,0,0,0,-1
german,xgboost,75,installment_rate,relative_plus_5,0.05,1.0,1.05,0.5273517370223999,0.5273517370223999,0.0,0.0,1,1,0,-1
german,xgboost,76,installment_rate,relative_plus_5,0.05,2.0,2.1,0.3063080608844757,0.3063080608844757,0.0,0.0,0,0,0,-1
german,xgboost,77,installment_rate,relative_plus_5,0.05,4.0,4.2,0.41087862849235535,0.41087862849235535,0.0,0.0,0,0,0,-1
german,xgboost,78,installment_rate,relative_plus_5,0.05,4.0,4.2,0.04028629884123802,0.04028629884123802,0.0,0.0,0,0,0,-1
german,xgboost,79,installment_rate,relative_plus_5,0.05,4.0,4.2,0.8726094961166382,0.8726094961166382,0.0,0.0,1,1,0,-1
german,xgboost,80,installment_rate,relative_plus_5,0.05,2.0,2.1,0.3864430785179138,0.3864430785179138,0.0,0.0,0,0,0,-1
german,xgboost,81,installment_rate,relative_plus_5,0.05,2.0,2.1,0.024771392345428467,0.024771392345428467,0.0,0.0,0,0,0,-1
german,xgboost,82,installment_rate,relative_plus_5,0.05,2.0,2.1,0.2705821990966797,0.2705821990966797,0.0,0.0,0,0,0,-1
german,xgboost,83,installment_rate,relative_plus_5,0.05,4.0,4.2,0.5973073244094849,0.5973073244094849,0.0,0.0,1,1,0,-1
german,xgboost,84,installment_rate,relative_plus_5,0.05,1.0,1.05,0.14618752896785736,0.14618752896785736,0.0,0.0,0,0,0,-1
german,xgboost,85,installment_rate,relative_plus_5,0.05,2.0,2.1,0.025881066918373108,0.025881066918373108,0.0,0.0,0,0,0,-1
german,xgboost,86,installment_rate,relative_plus_5,0.05,3.0,3.15,0.02392105758190155,0.02392105758190155,0.0,0.0,0,0,0,-1
german,xgboost,87,installment_rate,relative_plus_5,0.05,4.0,4.2,0.6968122720718384,0.6968122720718384,0.0,0.0,1,1,0,-1
german,xgboost,88,installment_rate,relative_plus_5,0.05,4.0,4.2,0.003254662500694394,0.003254662500694394,0.0,0.0,0,0,0,-1
german,xgboost,89,installment_rate,relative_plus_5,0.05,4.0,4.2,0.8224096298217773,0.8224096298217773,0.0,0.0,1,1,0,-1
german,xgboost,90,installment_rate,relative_plus_5,0.05,4.0,4.2,0.5363795757293701,0.5363795757293701,0.0,0.0,1,1,0,-1
german,xgboost,91,installment_rate,relative_plus_5,0.05,4.0,4.2,0.40955519676208496,0.40955519676208496,0.0,0.0,0,0,0,-1
german,xgboost,92,installment_rate,relative_plus_5,0.05,4.0,4.2,0.4440574645996094,0.4440574645996094,0.0,0.0,0,0,0,-1
german,xgboost,93,installment_rate,relative_plus_5,0.05,2.0,2.1,0.6884033679962158,0.6884033679962158,0.0,0.0,1,1,0,-1
german,xgboost,94,installment_rate,relative_plus_5,0.05,2.0,2.1,0.012738422490656376,0.012738422490656376,0.0,0.0,0,0,0,-1
german,xgboost,95,installment_rate,relative_plus_5,0.05,4.0,4.2,0.06840237975120544,0.06840237975120544,0.0,0.0,0,0,0,-1
german,xgboost,96,installment_rate,relative_plus_5,0.05,4.0,4.2,0.2747651934623718,0.2747651934623718,0.0,0.0,0,0,0,-1
german,xgboost,97,installment_rate,relative_plus_5,0.05,1.0,1.05,0.14724071323871613,0.14724071323871613,0.0,0.0,0,0,0,-1
german,xgboost,98,installment_rate,relative_plus_5,0.05,4.0,4.2,0.4165569841861725,0.4165569841861725,0.0,0.0,0,0,0,-1
german,xgboost,99,installment_rate,relative_plus_5,0.05,4.0,4.2,0.013321362435817719,0.013321362435817719,0.0,0.0,0,0,0,-1
german,xgboost,0,installment_rate,relative_minus_10,-0.1,3.0,3.3,0.14532507956027985,0.14532507956027985,0.0,0.0,0,0,0,-1
german,xgboost,1,installment_rate,relative_minus_10,-0.1,3.0,3.3,0.3661198318004608,0.3661198318004608,0.0,0.0,0,0,0,-1
german,xgboost,2,installment_rate,relative_minus_10,-0.1,4.0,4.4,0.09617456048727036,0.09617456048727036,0.0,0.0,0,0,0,-1
german,xgboost,3,installment_rate,relative_minus_10,-0.1,4.0,4.4,0.05242149904370308,0.05242149904370308,0.0,0.0,0,0,0,-1
german,xgboost,4,installment_rate,relative_minus_10,-0.1,2.0,2.2,0.002389379311352968,0.002389379311352968,0.0,0.0,0,0,0,-1
german,xgboost,5,installment_rate,relative_minus_10,-0.1,1.0,1.1,0.011241624131798744,0.011241624131798744,0.0,0.0,0,0,0,-1
german,xgboost,6,installment_rate,relative_minus_10,-0.1,3.0,3.3,0.02126064896583557,0.02126064896583557,0.0,0.0,0,0,0,-1
german,xgboost,7,installment_rate,relative_minus_10,-0.1,4.0,4.4,0.07431254535913467,0.07431254535913467,0.0,0.0,0,0,0,-1
german,xgboost,8,installment_rate,relative_minus_10,-0.1,4.0,4.4,0.02867794781923294,0.02867794781923294,0.0,0.0,0,0,0,-1
german,xgboost,9,installment_rate,relative_minus_10,-0.1,4.0,4.4,0.8991640210151672,0.8991640210151672,0.0,0.0,1,1,0,-1
german,xgboost,10,installment_rate,relative_minus_10,-0.1,3.0,3.3,0.43120160698890686,0.43120160698890686,0.0,0.0,0,0,0,-1
german,xgboost,11,installment_rate,relative_minus_10,-0.1,2.0,2.2,0.528389573097229,0.528389573097229,0.0,0.0,1,1,0,-1
german,xgboost,12,installment_rate,relative_minus_10,-0.1,4.0,4.4,0.009822084568440914,0.009822084568440914,0.0,0.0,0,0,0,-1
german,xgboost,13,installment_rate,relative_minus_10,-0.1,3.0,3.3,0.11241460591554642,0.11241460591554642,0.0,0.0,0,0,0,-1
german,xgboost,14,installment_rate,relative_minus_10,-0.1,2.0,2.2,0.09716489166021347,0.09716489166021347,0.0,0.0,0,0,0,-1
german,xgboost,15,installment_rate,relative_minus_10,-0.1,3.0,3.3,0.4787817597389221,0.4787817597389221,0.0,0.0,0,0,0,-1
german,xgboost,16,installment_rate,relative_minus_10,-0.1,4.0,4.4,0.00277602463029325,0.00277602463029325,0.0,0.0,0,0,0,-1
german,xgboost,17,installment_rate,relative_minus_10,-0.1,4.0,4.4,0.9572583436965942,0.9572583436965942,0.0,0.0,1,1,0,-1
german,xgboost,18,installment_rate,relative_minus_10,-0.1,2.0,2.2,0.09437244385480881,0.09437244385480881,0.0,0.0,0,0,0,-1
german,xgboost,19,installment_rate,relative_minus_10,-0.1,4.0,4.4,0.9716695547103882,0.9716695547103882,0.0,0.0,1,1,0,-1
german,xgboost,20,installment_rate,relative_minus_10,-0.1,1.0,1.1,0.0550624243915081,0.0550624243915081,0.0,0.0,0,0,0,-1
german,xgboost,21,installment_rate,relative_minus_10,-0.1,4.0,4.4,0.018732847645878792,0.018732847645878792,0.0,0.0,0,0,0,-1
german,xgboost,22,installment_rate,relative_minus_10,-0.1,4.0,4.4,0.07416114211082458,0.07416114211082458,0.0,0.0,0,0,0,-1
german,xgboost,23,installment_rate,relative_minus_10,-0.1,4.0,4.4,0.8707629442214966,0.8707629442214966,0.0,0.0,1,1,0,-1
german,xgboost,24,installment_rate,relative_minus_10,-0.1,4.0,4.4,0.7920497059822083,0.7920497059822083,0.0,0.0,1,1,0,-1
german,xgboost,25,installment_rate,relative_minus_10,-0.1,3.0,3.3,0.4596281051635742,0.4596281051635742,0.0,0.0,0,0,0,-1
german,xgboost,26,installment_rate,relative_minus_10,-0.1,1.0,1.1,0.2782054543495178,0.2782054543495178,0.0,0.0,0,0,0,-1
german,xgboost,27,installment_rate,relative_minus_10,-0.1,4.0,4.4,0.6968560814857483,0.6968560814857483,0.0,0.0,1,1,0,-1
german,xgboost,28,installment_rate,relative_minus_10,-0.1,1.0,1.1,0.0033986191265285015,0.0033986191265285015,0.0,0.0,0,0,0,-1
german,xgboost,29,installment_rate,relative_minus_10,-0.1,1.0,1.1,0.4393616020679474,0.4393616020679474,0.0,0.0,0,0,0,-1
german,xgboost,30,installment_rate,relative_minus_10,-0.1,4.0,4.4,0.4359388053417206,0.4359388053417206,0.0,0.0,0,0,0,-1
german,xgboost,31,installment_rate,relative_minus_10,-0.1,4.0,4.4,0.2954026758670807,0.2954026758670807,0.0,0.0,0,0,0,-1
german,xgboost,32,installment_rate,relative_minus_10,-0.1,2.0,2.2,0.016435444355010986,0.016435444355010986,0.0,0.0,0,0,0,-1
german,xgboost,33,installment_rate,relative_minus_10,-0.1,4.0,4.4,0.02008327655494213,0.02008327655494213,0.0,0.0,0,0,0,-1
german,xgboost,34,installment_rate,relative_minus_10,-0.1,4.0,4.4,0.7229525446891785,0.7229525446891785,0.0,0.0,1,1,0,-1
german,xgboost,35,installment_rate,relative_minus_10,-0.1,4.0,4.4,0.39703890681266785,0.39703890681266785,0.0,0.0,0,0,0,-1
german,xgboost,36,installment_rate,relative_minus_10,-0.1,4.0,4.4,0.8524562120437622,0.8524562120437622,0.0,0.0,1,1,0,-1
german,xgboost,37,installment_rate,relative_minus_10,-0.1,4.0,4.4,0.16694852709770203,0.16694852709770203,0.0,0.0,0,0,0,-1
german,xgboost,38,installment_rate,relative_minus_10,-0.1,2.0,2.2,0.38675543665885925,0.38675543665885925,0.0,0.0,0,0,0,-1
german,xgboost,39,installment_rate,relative_minus_10,-0.1,4.0,4.4,0.06428443640470505,0.06428443640470505,0.0,0.0,0,0,0,-1
german,xgboost,40,installment_rate,relative_minus_10,-0.1,4.0,4.4,0.6213107705116272,0.6213107705116272,0.0,0.0,1,1,0,-1
german,xgboost,41,installment_rate,relative_minus_10,-0.1,4.0,4.4,0.3211948573589325,0.3211948573589325,0.0,0.0,0,0,0,-1
german,xgboost,42,installment_rate,relative_minus_10,-0.1,4.0,4.4,0.5845916867256165,0.5845916867256165,0.0,0.0,1,1,0,-1
german,xgboost,43,installment_rate,relative_minus_10,-0.1,4.0,4.4,0.9279054999351501,0.9279054999351501,0.0,0.0,1,1,0,-1
german,xgboost,44,installment_rate,relative_minus_10,-0.1,4.0,4.4,0.35836517810821533,0.35836517810821533,0.0,0.0,0,0,0,-1
german,xgboost,45,installment_rate,relative_minus_10,-0.1,4.0,4.4,0.23765133321285248,0.23765133321285248,0.0,0.0,0,0,0,-1
german,xgboost,46,installment_rate,relative_minus_10,-0.1,4.0,4.4,0.015967916697263718,0.015967916697263718,0.0,0.0,0,0,0,-1
german,xgboost,47,installment_rate,relative_minus_10,-0.1,1.0,1.1,0.10486079752445221,0.10486079752445221,0.0,0.0,0,0,0,-1
german,xgboost,48,installment_rate,relative_minus_10,-0.1,1.0,1.1,0.01368929073214531,0.01368929073214531,0.0,0.0,0,0,0,-1
german,xgboost,49,installment_rate,relative_minus_10,-0.1,4.0,4.4,0.362246036529541,0.362246036529541,0.0,0.0,0,0,0,-1
german,xgboost,50,installment_rate,relative_minus_10,-0.1,2.0,2.2,0.059201136231422424,0.059201136231422424,0.0,0.0,0,0,0,-1
german,xgboost,51,installment_rate,relative_minus_10,-0.1,2.0,2.2,0.2117272913455963,0.2117272913455963,0.0,0.0,0,0,0,-1
german,xgboost,52,installment_rate,relative_minus_10,-0.1,2.0,2.2,0.1144600659608841,0.1144600659608841,0.0,0.0,0,0,0,-1
german,xgboost,53,installment_rate,relative_minus_10,-0.1,4.0,4.4,0.09461341053247452,0.09461341053247452,0.0,0.0,0,0,0,-1
german,xgboost,54,installment_rate,relative_minus_10,-0.1,4.0,4.4,0.7814464569091797,0.7814464569091797,0.0,0.0,1,1,0,-1
german,xgboost,55,installment_rate,relative_minus_10,-0.1,4.0,4.4,0.33212071657180786,0.33212071657180786,0.0,0.0,0,0,0,-1
german,xgboost,56,installment_rate,relative_minus_10,-0.1,4.0,4.4,0.9168915748596191,0.9168915748596191,0.0,0.0,1,1,0,-1
german,xgboost,57,installment_rate,relative_minus_10,-0.1,4.0,4.4,0.12220555543899536,0.12220555543899536,0.0,0.0,0,0,0,-1
german,xgboost,58,installment_rate,relative_minus_10,-0.1,2.0,2.2,0.16189272701740265,0.16189272701740265,0.0,0.0,0,0,0,-1
german,xgboost,59,installment_rate,relative_minus_10,-0.1,3.0,3.3,0.6315468549728394,0.6315468549728394,0.0,0.0,1,1,0,-1
german,xgboost,60,installment_rate,relative_minus_10,-0.1,3.0,3.3,0.12445571273565292,0.12445571273565292,0.0,0.0,0,0,0,-1
german,xgboost,61,installment_rate,relative_minus_10,-0.1,4.0,4.4,0.04100687429308891,0.04100687429308891,0.0,0.0,0,0,0,-1
german,xgboost,62,installment_rate,relative_minus_10,-0.1,1.0,1.1,0.5049558877944946,0.5049558877944946,0.0,0.0,1,1,0,-1
german,xgboost,63,installment_rate,relative_minus_10,-0.1,2.0,2.2,0.41145092248916626,0.41145092248916626,0.0,0.0,0,0,0,-1
german,xgboost,64,installment_rate,relative_minus_10,-0.1,1.0,1.1,0.9233189821243286,0.9233189821243286,0.0,0.0,1,1,0,-1
german,xgboost,65,installment_rate,relative_minus_10,-0.1,4.0,4.4,0.164531871676445,0.164531871676445,0.0,0.0,0,0,0,-1
german,xgboost,66,installment_rate,relative_minus_10,-0.1,4.0,4.4,0.31084004044532776,0.31084004044532776,0.0,0.0,0,0,0,-1
german,xgboost,67,installment_rate,relative_minus_10,-0.1,4.0,4.4,0.9614232182502747,0.9614232182502747,0.0,0.0,1,1,0,-1
german,xgboost,68,installment_rate,relative_minus_10,-0.1,4.0,4.4,0.48083576560020447,0.48083576560020447,0.0,0.0,0,0,0,-1
german,xgboost,69,installment_rate,relative_minus_10,-0.1,3.0,3.3,0.7440284490585327,0.7440284490585327,0.0,0.0,1,1,0,-1
german,xgboost,70,installment_rate,relative_minus_10,-0.1,4.0,4.4,0.7888972759246826,0.7888972759246826,0.0,0.0,1,1,0,-1
german,xgboost,71,installment_rate,relative_minus_10,-0.1,3.0,3.3,0.011137815192341805,0.011137815192341805,0.0,0.0,0,0,0,-1
german,xgboost,72,installment_rate,relative_minus_10,-0.1,3.0,3.3,0.04410647973418236,0.04410647973418236,0.0,0.0,0,0,0,-1
german,xgboost,73,installment_rate,relative_minus_10,-0.1,4.0,4.4,0.07533993571996689,0.07533993571996689,0.0,0.0,0,0,0,-1
german,xgboost,74,installment_rate,relative_minus_10,-0.1,4.0,4.4,0.0795583501458168,0.0795583501458168,0.0,0.0,0,0,0,-1
german,xgboost,75,installment_rate,relative_minus_10,-0.1,1.0,1.1,0.5273517370223999,0.5273517370223999,0.0,0.0,1,1,0,-1
german,xgboost,76,installment_rate,relative_minus_10,-0.1,2.0,2.2,0.3063080608844757,0.3063080608844757,0.0,0.0,0,0,0,-1
german,xgboost,77,installment_rate,relative_minus_10,-0.1,4.0,4.4,0.41087862849235535,0.41087862849235535,0.0,0.0,0,0,0,-1
german,xgboost,78,installment_rate,relative_minus_10,-0.1,4.0,4.4,0.04028629884123802,0.04028629884123802,0.0,0.0,0,0,0,-1
german,xgboost,79,installment_rate,relative_minus_10,-0.1,4.0,4.4,0.8726094961166382,0.8726094961166382,0.0,0.0,1,1,0,-1
german,xgboost,80,installment_rate,relative_minus_10,-0.1,2.0,2.2,0.3864430785179138,0.3864430785179138,0.0,0.0,0,0,0,-1
german,xgboost,81,installment_rate,relative_minus_10,-0.1,2.0,2.2,0.024771392345428467,0.024771392345428467,0.0,0.0,0,0,0,-1
german,xgboost,82,installment_rate,relative_minus_10,-0.1,2.0,2.2,0.2705821990966797,0.2705821990966797,0.0,0.0,0,0,0,-1
german,xgboost,83,installment_rate,relative_minus_10,-0.1,4.0,4.4,0.5973073244094849,0.5973073244094849,0.0,0.0,1,1,0,-1
german,xgboost,84,installment_rate,relative_minus_10,-0.1,1.0,1.1,0.14618752896785736,0.14618752896785736,0.0,0.0,0,0,0,-1
german,xgboost,85,installment_rate,relative_minus_10,-0.1,2.0,2.2,0.025881066918373108,0.025881066918373108,0.0,0.0,0,0,0,-1
german,xgboost,86,installment_rate,relative_minus_10,-0.1,3.0,3.3,0.02392105758190155,0.02392105758190155,0.0,0.0,0,0,0,-1
german,xgboost,87,installment_rate,relative_minus_10,-0.1,4.0,4.4,0.6968122720718384,0.6968122720718384,0.0,0.0,1,1,0,-1
german,xgboost,88,installment_rate,relative_minus_10,-0.1,4.0,4.4,0.003254662500694394,0.003254662500694394,0.0,0.0,0,0,0,-1
german,xgboost,89,installment_rate,relative_minus_10,-0.1,4.0,4.4,0.8224096298217773,0.8224096298217773,0.0,0.0,1,1,0,-1
german,xgboost,90,installment_rate,relative_minus_10,-0.1,4.0,4.4,0.5363795757293701,0.5363795757293701,0.0,0.0,1,1,0,-1
german,xgboost,91,installment_rate,relative_minus_10,-0.1,4.0,4.4,0.40955519676208496,0.40955519676208496,0.0,0.0,0,0,0,-1
german,xgboost,92,installment_rate,relative_minus_10,-0.1,4.0,4.4,0.4440574645996094,0.4440574645996094,0.0,0.0,0,0,0,-1
german,xgboost,93,installment_rate,relative_minus_10,-0.1,2.0,2.2,0.6884033679962158,0.6884033679962158,0.0,0.0,1,1,0,-1
german,xgboost,94,installment_rate,relative_minus_10,-0.1,2.0,2.2,0.012738422490656376,0.012738422490656376,0.0,0.0,0,0,0,-1
german,xgboost,95,installment_rate,relative_minus_10,-0.1,4.0,4.4,0.06840237975120544,0.06840237975120544,0.0,0.0,0,0,0,-1
german,xgboost,96,installment_rate,relative_minus_10,-0.1,4.0,4.4,0.2747651934623718,0.2747651934623718,0.0,0.0,0,0,0,-1
german,xgboost,97,installment_rate,relative_minus_10,-0.1,1.0,1.1,0.14724071323871613,0.14724071323871613,0.0,0.0,0,0,0,-1
german,xgboost,98,installment_rate,relative_minus_10,-0.1,4.0,4.4,0.4165569841861725,0.4165569841861725,0.0,0.0,0,0,0,-1
german,xgboost,99,installment_rate,relative_minus_10,-0.1,4.0,4.4,0.013321362435817719,0.013321362435817719,0.0,0.0,0,0,0,-1
german,xgboost,0,installment_rate,relative_plus_10,0.1,3.0,3.3,0.14532507956027985,0.14532507956027985,0.0,0.0,0,0,0,-1
german,xgboost,1,installment_rate,relative_plus_10,0.1,3.0,3.3,0.3661198318004608,0.3661198318004608,0.0,0.0,0,0,0,-1
german,xgboost,2,installment_rate,relative_plus_10,0.1,4.0,4.4,0.09617456048727036,0.09617456048727036,0.0,0.0,0,0,0,-1
german,xgboost,3,installment_rate,relative_plus_10,0.1,4.0,4.4,0.05242149904370308,0.05242149904370308,0.0,0.0,0,0,0,-1
german,xgboost,4,installment_rate,relative_plus_10,0.1,2.0,2.2,0.002389379311352968,0.002389379311352968,0.0,0.0,0,0,0,-1
german,xgboost,5,installment_rate,relative_plus_10,0.1,1.0,1.1,0.011241624131798744,0.011241624131798744,0.0,0.0,0,0,0,-1
german,xgboost,6,installment_rate,relative_plus_10,0.1,3.0,3.3,0.02126064896583557,0.02126064896583557,0.0,0.0,0,0,0,-1
german,xgboost,7,installment_rate,relative_plus_10,0.1,4.0,4.4,0.07431254535913467,0.07431254535913467,0.0,0.0,0,0,0,-1
german,xgboost,8,installment_rate,relative_plus_10,0.1,4.0,4.4,0.02867794781923294,0.02867794781923294,0.0,0.0,0,0,0,-1
german,xgboost,9,installment_rate,relative_plus_10,0.1,4.0,4.4,0.8991640210151672,0.8991640210151672,0.0,0.0,1,1,0,-1
german,xgboost,10,installment_rate,relative_plus_10,0.1,3.0,3.3,0.43120160698890686,0.43120160698890686,0.0,0.0,0,0,0,-1
german,xgboost,11,installment_rate,relative_plus_10,0.1,2.0,2.2,0.528389573097229,0.528389573097229,0.0,0.0,1,1,0,-1
german,xgboost,12,installment_rate,relative_plus_10,0.1,4.0,4.4,0.009822084568440914,0.009822084568440914,0.0,0.0,0,0,0,-1
german,xgboost,13,installment_rate,relative_plus_10,0.1,3.0,3.3,0.11241460591554642,0.11241460591554642,0.0,0.0,0,0,0,-1
german,xgboost,14,installment_rate,relative_plus_10,0.1,2.0,2.2,0.09716489166021347,0.09716489166021347,0.0,0.0,0,0,0,-1
german,xgboost,15,installment_rate,relative_plus_10,0.1,3.0,3.3,0.4787817597389221,0.4787817597389221,0.0,0.0,0,0,0,-1
german,xgboost,16,installment_rate,relative_plus_10,0.1,4.0,4.4,0.00277602463029325,0.00277602463029325,0.0,0.0,0,0,0,-1
german,xgboost,17,installment_rate,relative_plus_10,0.1,4.0,4.4,0.9572583436965942,0.9572583436965942,0.0,0.0,1,1,0,-1
german,xgboost,18,installment_rate,relative_plus_10,0.1,2.0,2.2,0.09437244385480881,0.09437244385480881,0.0,0.0,0,0,0,-1
german,xgboost,19,installment_rate,relative_plus_10,0.1,4.0,4.4,0.9716695547103882,0.9716695547103882,0.0,0.0,1,1,0,-1
german,xgboost,20,installment_rate,relative_plus_10,0.1,1.0,1.1,0.0550624243915081,0.0550624243915081,0.0,0.0,0,0,0,-1
german,xgboost,21,installment_rate,relative_plus_10,0.1,4.0,4.4,0.018732847645878792,0.018732847645878792,0.0,0.0,0,0,0,-1
german,xgboost,22,installment_rate,relative_plus_10,0.1,4.0,4.4,0.07416114211082458,0.07416114211082458,0.0,0.0,0,0,0,-1
german,xgboost,23,installment_rate,relative_plus_10,0.1,4.0,4.4,0.8707629442214966,0.8707629442214966,0.0,0.0,1,1,0,-1
german,xgboost,24,installment_rate,relative_plus_10,0.1,4.0,4.4,0.7920497059822083,0.7920497059822083,0.0,0.0,1,1,0,-1
german,xgboost,25,installment_rate,relative_plus_10,0.1,3.0,3.3,0.4596281051635742,0.4596281051635742,0.0,0.0,0,0,0,-1
german,xgboost,26,installment_rate,relative_plus_10,0.1,1.0,1.1,0.2782054543495178,0.2782054543495178,0.0,0.0,0,0,0,-1
german,xgboost,27,installment_rate,relative_plus_10,0.1,4.0,4.4,0.6968560814857483,0.6968560814857483,0.0,0.0,1,1,0,-1
german,xgboost,28,installment_rate,relative_plus_10,0.1,1.0,1.1,0.0033986191265285015,0.0033986191265285015,0.0,0.0,0,0,0,-1
german,xgboost,29,installment_rate,relative_plus_10,0.1,1.0,1.1,0.4393616020679474,0.4393616020679474,0.0,0.0,0,0,0,-1
german,xgboost,30,installment_rate,relative_plus_10,0.1,4.0,4.4,0.4359388053417206,0.4359388053417206,0.0,0.0,0,0,0,-1
german,xgboost,31,installment_rate,relative_plus_10,0.1,4.0,4.4,0.2954026758670807,0.2954026758670807,0.0,0.0,0,0,0,-1
german,xgboost,32,installment_rate,relative_plus_10,0.1,2.0,2.2,0.016435444355010986,0.016435444355010986,0.0,0.0,0,0,0,-1
german,xgboost,33,installment_rate,relative_plus_10,0.1,4.0,4.4,0.02008327655494213,0.02008327655494213,0.0,0.0,0,0,0,-1
german,xgboost,34,installment_rate,relative_plus_10,0.1,4.0,4.4,0.7229525446891785,0.7229525446891785,0.0,0.0,1,1,0,-1
german,xgboost,35,installment_rate,relative_plus_10,0.1,4.0,4.4,0.39703890681266785,0.39703890681266785,0.0,0.0,0,0,0,-1
german,xgboost,36,installment_rate,relative_plus_10,0.1,4.0,4.4,0.8524562120437622,0.8524562120437622,0.0,0.0,1,1,0,-1
german,xgboost,37,installment_rate,relative_plus_10,0.1,4.0,4.4,0.16694852709770203,0.16694852709770203,0.0,0.0,0,0,0,-1
german,xgboost,38,installment_rate,relative_plus_10,0.1,2.0,2.2,0.38675543665885925,0.38675543665885925,0.0,0.0,0,0,0,-1
german,xgboost,39,installment_rate,relative_plus_10,0.1,4.0,4.4,0.06428443640470505,0.06428443640470505,0.0,0.0,0,0,0,-1
german,xgboost,40,installment_rate,relative_plus_10,0.1,4.0,4.4,0.6213107705116272,0.6213107705116272,0.0,0.0,1,1,0,-1
german,xgboost,41,installment_rate,relative_plus_10,0.1,4.0,4.4,0.3211948573589325,0.3211948573589325,0.0,0.0,0,0,0,-1
german,xgboost,42,installment_rate,relative_plus_10,0.1,4.0,4.4,0.5845916867256165,0.5845916867256165,0.0,0.0,1,1,0,-1
german,xgboost,43,installment_rate,relative_plus_10,0.1,4.0,4.4,0.9279054999351501,0.9279054999351501,0.0,0.0,1,1,0,-1
german,xgboost,44,installment_rate,relative_plus_10,0.1,4.0,4.4,0.35836517810821533,0.35836517810821533,0.0,0.0,0,0,0,-1
german,xgboost,45,installment_rate,relative_plus_10,0.1,4.0,4.4,0.23765133321285248,0.23765133321285248,0.0,0.0,0,0,0,-1
german,xgboost,46,installment_rate,relative_plus_10,0.1,4.0,4.4,0.015967916697263718,0.015967916697263718,0.0,0.0,0,0,0,-1
german,xgboost,47,installment_rate,relative_plus_10,0.1,1.0,1.1,0.10486079752445221,0.10486079752445221,0.0,0.0,0,0,0,-1
german,xgboost,48,installment_rate,relative_plus_10,0.1,1.0,1.1,0.01368929073214531,0.01368929073214531,0.0,0.0,0,0,0,-1
german,xgboost,49,installment_rate,relative_plus_10,0.1,4.0,4.4,0.362246036529541,0.362246036529541,0.0,0.0,0,0,0,-1
german,xgboost,50,installment_rate,relative_plus_10,0.1,2.0,2.2,0.059201136231422424,0.059201136231422424,0.0,0.0,0,0,0,-1
german,xgboost,51,installment_rate,relative_plus_10,0.1,2.0,2.2,0.2117272913455963,0.2117272913455963,0.0,0.0,0,0,0,-1
german,xgboost,52,installment_rate,relative_plus_10,0.1,2.0,2.2,0.1144600659608841,0.1144600659608841,0.0,0.0,0,0,0,-1
german,xgboost,53,installment_rate,relative_plus_10,0.1,4.0,4.4,0.09461341053247452,0.09461341053247452,0.0,0.0,0,0,0,-1
german,xgboost,54,installment_rate,relative_plus_10,0.1,4.0,4.4,0.7814464569091797,0.7814464569091797,0.0,0.0,1,1,0,-1
german,xgboost,55,installment_rate,relative_plus_10,0.1,4.0,4.4,0.33212071657180786,0.33212071657180786,0.0,0.0,0,0,0,-1
german,xgboost,56,installment_rate,relative_plus_10,0.1,4.0,4.4,0.9168915748596191,0.9168915748596191,0.0,0.0,1,1,0,-1
german,xgboost,57,installment_rate,relative_plus_10,0.1,4.0,4.4,0.12220555543899536,0.12220555543899536,0.0,0.0,0,0,0,-1
german,xgboost,58,installment_rate,relative_plus_10,0.1,2.0,2.2,0.16189272701740265,0.16189272701740265,0.0,0.0,0,0,0,-1
german,xgboost,59,installment_rate,relative_plus_10,0.1,3.0,3.3,0.6315468549728394,0.6315468549728394,0.0,0.0,1,1,0,-1
german,xgboost,60,installment_rate,relative_plus_10,0.1,3.0,3.3,0.12445571273565292,0.12445571273565292,0.0,0.0,0,0,0,-1
german,xgboost,61,installment_rate,relative_plus_10,0.1,4.0,4.4,0.04100687429308891,0.04100687429308891,0.0,0.0,0,0,0,-1
german,xgboost,62,installment_rate,relative_plus_10,0.1,1.0,1.1,0.5049558877944946,0.5049558877944946,0.0,0.0,1,1,0,-1
german,xgboost,63,installment_rate,relative_plus_10,0.1,2.0,2.2,0.41145092248916626,0.41145092248916626,0.0,0.0,0,0,0,-1
german,xgboost,64,installment_rate,relative_plus_10,0.1,1.0,1.1,0.9233189821243286,0.9233189821243286,0.0,0.0,1,1,0,-1
german,xgboost,65,installment_rate,relative_plus_10,0.1,4.0,4.4,0.164531871676445,0.164531871676445,0.0,0.0,0,0,0,-1
german,xgboost,66,installment_rate,relative_plus_10,0.1,4.0,4.4,0.31084004044532776,0.31084004044532776,0.0,0.0,0,0,0,-1
german,xgboost,67,installment_rate,relative_plus_10,0.1,4.0,4.4,0.9614232182502747,0.9614232182502747,0.0,0.0,1,1,0,-1
german,xgboost,68,installment_rate,relative_plus_10,0.1,4.0,4.4,0.48083576560020447,0.48083576560020447,0.0,0.0,0,0,0,-1
german,xgboost,69,installment_rate,relative_plus_10,0.1,3.0,3.3,0.7440284490585327,0.7440284490585327,0.0,0.0,1,1,0,-1
german,xgboost,70,installment_rate,relative_plus_10,0.1,4.0,4.4,0.7888972759246826,0.7888972759246826,0.0,0.0,1,1,0,-1
german,xgboost,71,installment_rate,relative_plus_10,0.1,3.0,3.3,0.011137815192341805,0.011137815192341805,0.0,0.0,0,0,0,-1
german,xgboost,72,installment_rate,relative_plus_10,0.1,3.0,3.3,0.04410647973418236,0.04410647973418236,0.0,0.0,0,0,0,-1
german,xgboost,73,installment_rate,relative_plus_10,0.1,4.0,4.4,0.07533993571996689,0.07533993571996689,0.0,0.0,0,0,0,-1
german,xgboost,74,installment_rate,relative_plus_10,0.1,4.0,4.4,0.0795583501458168,0.0795583501458168,0.0,0.0,0,0,0,-1
german,xgboost,75,installment_rate,relative_plus_10,0.1,1.0,1.1,0.5273517370223999,0.5273517370223999,0.0,0.0,1,1,0,-1
german,xgboost,76,installment_rate,relative_plus_10,0.1,2.0,2.2,0.3063080608844757,0.3063080608844757,0.0,0.0,0,0,0,-1
german,xgboost,77,installment_rate,relative_plus_10,0.1,4.0,4.4,0.41087862849235535,0.41087862849235535,0.0,0.0,0,0,0,-1
german,xgboost,78,installment_rate,relative_plus_10,0.1,4.0,4.4,0.04028629884123802,0.04028629884123802,0.0,0.0,0,0,0,-1
german,xgboost,79,installment_rate,relative_plus_10,0.1,4.0,4.4,0.8726094961166382,0.8726094961166382,0.0,0.0,1,1,0,-1
german,xgboost,80,installment_rate,relative_plus_10,0.1,2.0,2.2,0.3864430785179138,0.3864430785179138,0.0,0.0,0,0,0,-1
german,xgboost,81,installment_rate,relative_plus_10,0.1,2.0,2.2,0.024771392345428467,0.024771392345428467,0.0,0.0,0,0,0,-1
german,xgboost,82,installment_rate,relative_plus_10,0.1,2.0,2.2,0.2705821990966797,0.2705821990966797,0.0,0.0,0,0,0,-1
german,xgboost,83,installment_rate,relative_plus_10,0.1,4.0,4.4,0.5973073244094849,0.5973073244094849,0.0,0.0,1,1,0,-1
german,xgboost,84,installment_rate,relative_plus_10,0.1,1.0,1.1,0.14618752896785736,0.14618752896785736,0.0,0.0,0,0,0,-1
german,xgboost,85,installment_rate,relative_plus_10,0.1,2.0,2.2,0.025881066918373108,0.025881066918373108,0.0,0.0,0,0,0,-1
german,xgboost,86,installment_rate,relative_plus_10,0.1,3.0,3.3,0.02392105758190155,0.02392105758190155,0.0,0.0,0,0,0,-1
german,xgboost,87,installment_rate,relative_plus_10,0.1,4.0,4.4,0.6968122720718384,0.6968122720718384,0.0,0.0,1,1,0,-1
german,xgboost,88,installment_rate,relative_plus_10,0.1,4.0,4.4,0.003254662500694394,0.003254662500694394,0.0,0.0,0,0,0,-1
german,xgboost,89,installment_rate,relative_plus_10,0.1,4.0,4.4,0.8224096298217773,0.8224096298217773,0.0,0.0,1,1,0,-1
german,xgboost,90,installment_rate,relative_plus_10,0.1,4.0,4.4,0.5363795757293701,0.5363795757293701,0.0,0.0,1,1,0,-1
german,xgboost,91,installment_rate,relative_plus_10,0.1,4.0,4.4,0.40955519676208496,0.40955519676208496,0.0,0.0,0,0,0,-1
german,xgboost,92,installment_rate,relative_plus_10,0.1,4.0,4.4,0.4440574645996094,0.4440574645996094,0.0,0.0,0,0,0,-1
german,xgboost,93,installment_rate,relative_plus_10,0.1,2.0,2.2,0.6884033679962158,0.6884033679962158,0.0,0.0,1,1,0,-1
german,xgboost,94,installment_rate,relative_plus_10,0.1,2.0,2.2,0.012738422490656376,0.012738422490656376,0.0,0.0,0,0,0,-1
german,xgboost,95,installment_rate,relative_plus_10,0.1,4.0,4.4,0.06840237975120544,0.06840237975120544,0.0,0.0,0,0,0,-1
german,xgboost,96,installment_rate,relative_plus_10,0.1,4.0,4.4,0.2747651934623718,0.2747651934623718,0.0,0.0,0,0,0,-1
german,xgboost,97,installment_rate,relative_plus_10,0.1,1.0,1.1,0.14724071323871613,0.14724071323871613,0.0,0.0,0,0,0,-1
german,xgboost,98,installment_rate,relative_plus_10,0.1,4.0,4.4,0.4165569841861725,0.4165569841861725,0.0,0.0,0,0,0,-1
german,xgboost,99,installment_rate,relative_plus_10,0.1,4.0,4.4,0.013321362435817719,0.013321362435817719,0.0,0.0,0,0,0,-1
german,xgboost,0,residence_since,relative_minus_5,-0.05,4.0,4.2,0.14532507956027985,0.14532507956027985,0.0,0.0,0,0,0,-1
german,xgboost,1,residence_since,relative_minus_5,-0.05,3.0,3.15,0.3661198318004608,0.3661198318004608,0.0,0.0,0,0,0,-1
german,xgboost,2,residence_since,relative_minus_5,-0.05,4.0,4.2,0.09617456048727036,0.09617456048727036,0.0,0.0,0,0,0,-1
german,xgboost,3,residence_since,relative_minus_5,-0.05,4.0,4.2,0.05242149904370308,0.05242149904370308,0.0,0.0,0,0,0,-1
german,xgboost,4,residence_since,relative_minus_5,-0.05,1.0,1.05,0.002389379311352968,0.002389379311352968,0.0,0.0,0,0,0,-1
german,xgboost,5,residence_since,relative_minus_5,-0.05,4.0,4.2,0.011241624131798744,0.011241624131798744,0.0,0.0,0,0,0,-1
german,xgboost,6,residence_since,relative_minus_5,-0.05,2.0,2.1,0.02126064896583557,0.02126064896583557,0.0,0.0,0,0,0,-1
german,xgboost,7,residence_since,relative_minus_5,-0.05,2.0,2.1,0.07431254535913467,0.07431254535913467,0.0,0.0,0,0,0,-1
german,xgboost,8,residence_since,relative_minus_5,-0.05,2.0,2.1,0.02867794781923294,0.02867794781923294,0.0,0.0,0,0,0,-1
german,xgboost,9,residence_since,relative_minus_5,-0.05,4.0,4.2,0.8991640210151672,0.8991640210151672,0.0,0.0,1,1,0,-1
german,xgboost,10,residence_since,relative_minus_5,-0.05,4.0,4.2,0.43120160698890686,0.43120160698890686,0.0,0.0,0,0,0,-1
german,xgboost,11,residence_since,relative_minus_5,-0.05,1.0,1.05,0.528389573097229,0.528389573097229,0.0,0.0,1,1,0,-1
german,xgboost,12,residence_since,relative_minus_5,-0.05,2.0,2.1,0.009822084568440914,0.009822084568440914,0.0,0.0,0,0,0,-1
german,xgboost,13,residence_since,relative_minus_5,-0.05,2.0,2.1,0.11241460591554642,0.11241460591554642,0.0,0.0,0,0,0,-1
german,xgboost,14,residence_since,relative_minus_5,-0.05,3.0,3.15,0.09716489166021347,0.09716489166021347,0.0,0.0,0,0,0,-1
german,xgboost,15,residence_since,relative_minus_5,-0.05,2.0,2.1,0.4787817597389221,0.4787817597389221,0.0,0.0,0,0,0,-1
german,xgboost,16,residence_since,relative_minus_5,-0.05,4.0,4.2,0.00277602463029325,0.00277602463029325,0.0,0.0,0,0,0,-1
german,xgboost,17,residence_since,relative_minus_5,-0.05,4.0,4.2,0.9572583436965942,0.9572583436965942,0.0,0.0,1,1,0,-1
german,xgboost,18,residence_since,relative_minus_5,-0.05,2.0,2.1,0.09437244385480881,0.09437244385480881,0.0,0.0,0,0,0,-1
german,xgboost,19,residence_since,relative_minus_5,-0.05,2.0,2.1,0.9716695547103882,0.9716695547103882,0.0,0.0,1,1,0,-1
german,xgboost,20,residence_since,relative_minus_5,-0.05,4.0,4.2,0.0550624243915081,0.0550624243915081,0.0,0.0,0,0,0,-1
german,xgboost,21,residence_since,relative_minus_5,-0.05,4.0,4.2,0.018732847645878792,0.018732847645878792,0.0,0.0,0,0,0,-1
german,xgboost,22,residence_since,relative_minus_5,-0.05,2.0,2.1,0.07416114211082458,0.07416114211082458,0.0,0.0,0,0,0,-1
german,xgboost,23,residence_since,relative_minus_5,-0.05,3.0,3.15,0.8707629442214966,0.8707629442214966,0.0,0.0,1,1,0,-1
german,xgboost,24,residence_since,relative_minus_5,-0.05,2.0,2.1,0.7920497059822083,0.7920497059822083,0.0,0.0,1,1,0,-1
german,xgboost,25,residence_since,relative_minus_5,-0.05,2.0,2.1,0.4596281051635742,0.4596281051635742,0.0,0.0,0,0,0,-1
german,xgboost,26,residence_since,relative_minus_5,-0.05,4.0,4.2,0.2782054543495178,0.2782054543495178,0.0,0.0,0,0,0,-1
german,xgboost,27,residence_since,relative_minus_5,-0.05,1.0,1.05,0.6968560814857483,0.6968560814857483,0.0,0.0,1,1,0,-1
german,xgboost,28,residence_since,relative_minus_5,-0.05,2.0,2.1,0.0033986191265285015,0.0033986191265285015,0.0,0.0,0,0,0,-1
german,xgboost,29,residence_since,relative_minus_5,-0.05,2.0,2.1,0.4393616020679474,0.4393616020679474,0.0,0.0,0,0,0,-1
german,xgboost,30,residence_since,relative_minus_5,-0.05,1.0,1.05,0.4359388053417206,0.4359388053417206,0.0,0.0,0,0,0,-1
german,xgboost,31,residence_since,relative_minus_5,-0.05,2.0,2.1,0.2954026758670807,0.2954026758670807,0.0,0.0,0,0,0,-1
german,xgboost,32,residence_since,relative_minus_5,-0.05,2.0,2.1,0.016435444355010986,0.016435444355010986,0.0,0.0,0,0,0,-1
german,xgboost,33,residence_since,relative_minus_5,-0.05,2.0,2.1,0.02008327655494213,0.02008327655494213,0.0,0.0,0,0,0,-1
german,xgboost,34,residence_since,relative_minus_5,-0.05,2.0,2.1,0.7229525446891785,0.7229525446891785,0.0,0.0,1,1,0,-1
german,xgboost,35,residence_since,relative_minus_5,-0.05,1.0,1.05,0.39703890681266785,0.39703890681266785,0.0,0.0,0,0,0,-1
german,xgboost,36,residence_since,relative_minus_5,-0.05,4.0,4.2,0.8524562120437622,0.8524562120437622,0.0,0.0,1,1,0,-1
german,xgboost,37,residence_since,relative_minus_5,-0.05,3.0,3.15,0.16694852709770203,0.16694852709770203,0.0,0.0,0,0,0,-1
german,xgboost,38,residence_since,relative_minus_5,-0.05,4.0,4.2,0.38675543665885925,0.38675543665885925,0.0,0.0,0,0,0,-1
german,xgboost,39,residence_since,relative_minus_5,-0.05,4.0,4.2,0.06428443640470505,0.06428443640470505,0.0,0.0,0,0,0,-1
german,xgboost,40,residence_since,relative_minus_5,-0.05,2.0,2.1,0.6213107705116272,0.6213107705116272,0.0,0.0,1,1,0,-1
german,xgboost,41,residence_since,relative_minus_5,-0.05,4.0,4.2,0.3211948573589325,0.3211948573589325,0.0,0.0,0,0,0,-1
german,xgboost,42,residence_since,relative_minus_5,-0.05,4.0,4.2,0.5845916867256165,0.5845916867256165,0.0,0.0,1,1,0,-1
german,xgboost,43,residence_since,relative_minus_5,-0.05,2.0,2.1,0.9279054999351501,0.9279054999351501,0.0,0.0,1,1,0,-1
german,xgboost,44,residence_since,relative_minus_5,-0.05,2.0,2.1,0.35836517810821533,0.35836517810821533,0.0,0.0,0,0,0,-1
german,xgboost,45,residence_since,relative_minus_5,-0.05,4.0,4.2,0.23765133321285248,0.23765133321285248,0.0,0.0,0,0,0,-1
german,xgboost,46,residence_since,relative_minus_5,-0.05,1.0,1.05,0.015967916697263718,0.015967916697263718,0.0,0.0,0,0,0,-1
german,xgboost,47,residence_since,relative_minus_5,-0.05,3.0,3.15,0.10486079752445221,0.10486079752445221,0.0,0.0,0,0,0,-1
german,xgboost,48,residence_since,relative_minus_5,-0.05,4.0,4.2,0.01368929073214531,0.01368929073214531,0.0,0.0,0,0,0,-1
german,xgboost,49,residence_since,relative_minus_5,-0.05,4.0,4.2,0.362246036529541,0.362246036529541,0.0,0.0,0,0,0,-1
german,xgboost,50,residence_since,relative_minus_5,-0.05,3.0,3.15,0.059201136231422424,0.059201136231422424,0.0,0.0,0,0,0,-1
german,xgboost,51,residence_since,relative_minus_5,-0.05,2.0,2.1,0.2117272913455963,0.2117272913455963,0.0,0.0,0,0,0,-1
german,xgboost,52,residence_since,relative_minus_5,-0.05,2.0,2.1,0.1144600659608841,0.1144600659608841,0.0,0.0,0,0,0,-1
german,xgboost,53,residence_since,relative_minus_5,-0.05,2.0,2.1,0.09461341053247452,0.09461341053247452,0.0,0.0,0,0,0,-1
german,xgboost,54,residence_since,relative_minus_5,-0.05,3.0,3.15,0.7814464569091797,0.7814464569091797,0.0,0.0,1,1,0,-1
german,xgboost,55,residence_since,relative_minus_5,-0.05,4.0,4.2,0.33212071657180786,0.33212071657180786,0.0,0.0,0,0,0,-1
german,xgboost,56,residence_since,relative_minus_5,-0.05,4.0,4.2,0.9168915748596191,0.9168915748596191,0.0,0.0,1,1,0,-1
german,xgboost,57,residence_since,relative_minus_5,-0.05,1.0,1.05,0.12220555543899536,0.12220555543899536,0.0,0.0,0,0,0,-1
german,xgboost,58,residence_since,relative_minus_5,-0.05,4.0,4.2,0.16189272701740265,0.16189272701740265,0.0,0.0,0,0,0,-1
german,xgboost,59,residence_since,relative_minus_5,-0.05,4.0,4.2,0.6315468549728394,0.6315468549728394,0.0,0.0,1,1,0,-1
german,xgboost,60,residence_since,relative_minus_5,-0.05,2.0,2.1,0.12445571273565292,0.12445571273565292,0.0,0.0,0,0,0,-1
german,xgboost,61,residence_since,relative_minus_5,-0.05,2.0,2.1,0.04100687429308891,0.04100687429308891,0.0,0.0,0,0,0,-1
german,xgboost,62,residence_since,relative_minus_5,-0.05,2.0,2.1,0.5049558877944946,0.5049558877944946,0.0,0.0,1,1,0,-1
german,xgboost,63,residence_since,relative_minus_5,-0.05,3.0,3.15,0.41145092248916626,0.41145092248916626,0.0,0.0,0,0,0,-1
german,xgboost,64,residence_since,relative_minus_5,-0.05,2.0,2.1,0.9233189821243286,0.9233189821243286,0.0,0.0,1,1,0,-1
german,xgboost,65,residence_since,relative_minus_5,-0.05,3.0,3.15,0.164531871676445,0.164531871676445,0.0,0.0,0,0,0,-1
german,xgboost,66,residence_since,relative_minus_5,-0.05,4.0,4.2,0.31084004044532776,0.31084004044532776,0.0,0.0,0,0,0,-1
german,xgboost,67,residence_since,relative_minus_5,-0.05,2.0,2.1,0.9614232182502747,0.9614232182502747,0.0,0.0,1,1,0,-1
german,xgboost,68,residence_since,relative_minus_5,-0.05,4.0,4.2,0.48083576560020447,0.48083576560020447,0.0,0.0,0,0,0,-1
german,xgboost,69,residence_since,relative_minus_5,-0.05,2.0,2.1,0.7440284490585327,0.7440284490585327,0.0,0.0,1,1,0,-1
german,xgboost,70,residence_since,relative_minus_5,-0.05,2.0,2.1,0.7888972759246826,0.7888972759246826,0.0,0.0,1,1,0,-1
german,xgboost,71,residence_since,relative_minus_5,-0.05,4.0,4.2,0.011137815192341805,0.011137815192341805,0.0,0.0,0,0,0,-1
german,xgboost,72,residence_since,relative_minus_5,-0.05,2.0,2.1,0.04410647973418236,0.04410647973418236,0.0,0.0,0,0,0,-1
german,xgboost,73,residence_since,relative_minus_5,-0.05,4.0,4.2,0.07533993571996689,0.07533993571996689,0.0,0.0,0,0,0,-1
german,xgboost,74,residence_since,relative_minus_5,-0.05,3.0,3.15,0.0795583501458168,0.0795583501458168,0.0,0.0,0,0,0,-1
german,xgboost,75,residence_since,relative_minus_5,-0.05,4.0,4.2,0.5273517370223999,0.5273517370223999,0.0,0.0,1,1,0,-1
german,xgboost,76,residence_since,relative_minus_5,-0.05,4.0,4.2,0.3063080608844757,0.3063080608844757,0.0,0.0,0,0,0,-1
german,xgboost,77,residence_since,relative_minus_5,-0.05,4.0,4.2,0.41087862849235535,0.41087862849235535,0.0,0.0,0,0,0,-1
german,xgboost,78,residence_since,relative_minus_5,-0.05,2.0,2.1,0.04028629884123802,0.04028629884123802,0.0,0.0,0,0,0,-1
german,xgboost,79,residence_since,relative_minus_5,-0.05,4.0,4.2,0.8726094961166382,0.8726094961166382,0.0,0.0,1,1,0,-1
german,xgboost,80,residence_since,relative_minus_5,-0.05,4.0,4.2,0.3864430785179138,0.3864430785179138,0.0,0.0,0,0,0,-1
german,xgboost,81,residence_since,relative_minus_5,-0.05,2.0,2.1,0.024771392345428467,0.024771392345428467,0.0,0.0,0,0,0,-1
german,xgboost,82,residence_since,relative_minus_5,-0.05,4.0,4.2,0.2705821990966797,0.2705821990966797,0.0,0.0,0,0,0,-1
german,xgboost,83,residence_since,relative_minus_5,-0.05,2.0,2.1,0.5973073244094849,0.5973073244094849,0.0,0.0,1,1,0,-1
german,xgboost,84,residence_since,relative_minus_5,-0.05,4.0,4.2,0.14618752896785736,0.14618752896785736,0.0,0.0,0,0,0,-1
german,xgboost,85,residence_since,relative_minus_5,-0.05,3.0,3.15,0.025881066918373108,0.025881066918373108,0.0,0.0,0,0,0,-1
german,xgboost,86,residence_since,relative_minus_5,-0.05,2.0,2.1,0.02392105758190155,0.02392105758190155,0.0,0.0,0,0,0,-1
german,xgboost,87,residence_since,relative_minus_5,-0.05,3.0,3.15,0.6968122720718384,0.6968122720718384,0.0,0.0,1,1,0,-1
german,xgboost,88,residence_since,relative_minus_5,-0.05,2.0,2.1,0.003254662500694394,0.003254662500694394,0.0,0.0,0,0,0,-1
german,xgboost,89,residence_since,relative_minus_5,-0.05,4.0,4.2,0.8224096298217773,0.8224096298217773,0.0,0.0,1,1,0,-1
german,xgboost,90,residence_since,relative_minus_5,-0.05,4.0,4.2,0.5363795757293701,0.5363795757293701,0.0,0.0,1,1,0,-1
german,xgboost,91,residence_since,relative_minus_5,-0.05,4.0,4.2,0.40955519676208496,0.40955519676208496,0.0,0.0,0,0,0,-1
german,xgboost,92,residence_since,relative_minus_5,-0.05,4.0,4.2,0.4440574645996094,0.4440574645996094,0.0,0.0,0,0,0,-1
german,xgboost,93,residence_since,relative_minus_5,-0.05,4.0,4.2,0.6884033679962158,0.6884033679962158,0.0,0.0,1,1,0,-1
german,xgboost,94,residence_since,relative_minus_5,-0.05,2.0,2.1,0.012738422490656376,0.012738422490656376,0.0,0.0,0,0,0,-1
german,xgboost,95,residence_since,relative_minus_5,-0.05,3.0,3.15,0.06840237975120544,0.06840237975120544,0.0,0.0,0,0,0,-1
german,xgboost,96,residence_since,relative_minus_5,-0.05,4.0,4.2,0.2747651934623718,0.2747651934623718,0.0,0.0,0,0,0,-1
german,xgboost,97,residence_since,relative_minus_5,-0.05,3.0,3.15,0.14724071323871613,0.14724071323871613,0.0,0.0,0,0,0,-1
german,xgboost,98,residence_since,relative_minus_5,-0.05,3.0,3.15,0.4165569841861725,0.4165569841861725,0.0,0.0,0,0,0,-1
german,xgboost,99,residence_since,relative_minus_5,-0.05,2.0,2.1,0.013321362435817719,0.013321362435817719,0.0,0.0,0,0,0,-1
german,xgboost,0,residence_since,relative_plus_5,0.05,4.0,4.2,0.14532507956027985,0.14532507956027985,0.0,0.0,0,0,0,-1
german,xgboost,1,residence_since,relative_plus_5,0.05,3.0,3.15,0.3661198318004608,0.3661198318004608,0.0,0.0,0,0,0,-1
german,xgboost,2,residence_since,relative_plus_5,0.05,4.0,4.2,0.09617456048727036,0.09617456048727036,0.0,0.0,0,0,0,-1
german,xgboost,3,residence_since,relative_plus_5,0.05,4.0,4.2,0.05242149904370308,0.05242149904370308,0.0,0.0,0,0,0,-1
german,xgboost,4,residence_since,relative_plus_5,0.05,1.0,1.05,0.002389379311352968,0.002389379311352968,0.0,0.0,0,0,0,-1
german,xgboost,5,residence_since,relative_plus_5,0.05,4.0,4.2,0.011241624131798744,0.011241624131798744,0.0,0.0,0,0,0,-1
german,xgboost,6,residence_since,relative_plus_5,0.05,2.0,2.1,0.02126064896583557,0.02126064896583557,0.0,0.0,0,0,0,-1
german,xgboost,7,residence_since,relative_plus_5,0.05,2.0,2.1,0.07431254535913467,0.07431254535913467,0.0,0.0,0,0,0,-1
german,xgboost,8,residence_since,relative_plus_5,0.05,2.0,2.1,0.02867794781923294,0.02867794781923294,0.0,0.0,0,0,0,-1
german,xgboost,9,residence_since,relative_plus_5,0.05,4.0,4.2,0.8991640210151672,0.8991640210151672,0.0,0.0,1,1,0,-1
german,xgboost,10,residence_since,relative_plus_5,0.05,4.0,4.2,0.43120160698890686,0.43120160698890686,0.0,0.0,0,0,0,-1
german,xgboost,11,residence_since,relative_plus_5,0.05,1.0,1.05,0.528389573097229,0.528389573097229,0.0,0.0,1,1,0,-1
german,xgboost,12,residence_since,relative_plus_5,0.05,2.0,2.1,0.009822084568440914,0.009822084568440914,0.0,0.0,0,0,0,-1
german,xgboost,13,residence_since,relative_plus_5,0.05,2.0,2.1,0.11241460591554642,0.11241460591554642,0.0,0.0,0,0,0,-1
german,xgboost,14,residence_since,relative_plus_5,0.05,3.0,3.15,0.09716489166021347,0.09716489166021347,0.0,0.0,0,0,0,-1
german,xgboost,15,residence_since,relative_plus_5,0.05,2.0,2.1,0.4787817597389221,0.4787817597389221,0.0,0.0,0,0,0,-1
german,xgboost,16,residence_since,relative_plus_5,0.05,4.0,4.2,0.00277602463029325,0.00277602463029325,0.0,0.0,0,0,0,-1
german,xgboost,17,residence_since,relative_plus_5,0.05,4.0,4.2,0.9572583436965942,0.9572583436965942,0.0,0.0,1,1,0,-1
german,xgboost,18,residence_since,relative_plus_5,0.05,2.0,2.1,0.09437244385480881,0.09437244385480881,0.0,0.0,0,0,0,-1
german,xgboost,19,residence_since,relative_plus_5,0.05,2.0,2.1,0.9716695547103882,0.9716695547103882,0.0,0.0,1,1,0,-1
german,xgboost,20,residence_since,relative_plus_5,0.05,4.0,4.2,0.0550624243915081,0.0550624243915081,0.0,0.0,0,0,0,-1
german,xgboost,21,residence_since,relative_plus_5,0.05,4.0,4.2,0.018732847645878792,0.018732847645878792,0.0,0.0,0,0,0,-1
german,xgboost,22,residence_since,relative_plus_5,0.05,2.0,2.1,0.07416114211082458,0.07416114211082458,0.0,0.0,0,0,0,-1
german,xgboost,23,residence_since,relative_plus_5,0.05,3.0,3.15,0.8707629442214966,0.8707629442214966,0.0,0.0,1,1,0,-1
german,xgboost,24,residence_since,relative_plus_5,0.05,2.0,2.1,0.7920497059822083,0.7920497059822083,0.0,0.0,1,1,0,-1
german,xgboost,25,residence_since,relative_plus_5,0.05,2.0,2.1,0.4596281051635742,0.4596281051635742,0.0,0.0,0,0,0,-1
german,xgboost,26,residence_since,relative_plus_5,0.05,4.0,4.2,0.2782054543495178,0.2782054543495178,0.0,0.0,0,0,0,-1
german,xgboost,27,residence_since,relative_plus_5,0.05,1.0,1.05,0.6968560814857483,0.6968560814857483,0.0,0.0,1,1,0,-1
german,xgboost,28,residence_since,relative_plus_5,0.05,2.0,2.1,0.0033986191265285015,0.0033986191265285015,0.0,0.0,0,0,0,-1
german,xgboost,29,residence_since,relative_plus_5,0.05,2.0,2.1,0.4393616020679474,0.4393616020679474,0.0,0.0,0,0,0,-1
german,xgboost,30,residence_since,relative_plus_5,0.05,1.0,1.05,0.4359388053417206,0.4359388053417206,0.0,0.0,0,0,0,-1
german,xgboost,31,residence_since,relative_plus_5,0.05,2.0,2.1,0.2954026758670807,0.2954026758670807,0.0,0.0,0,0,0,-1
german,xgboost,32,residence_since,relative_plus_5,0.05,2.0,2.1,0.016435444355010986,0.016435444355010986,0.0,0.0,0,0,0,-1
german,xgboost,33,residence_since,relative_plus_5,0.05,2.0,2.1,0.02008327655494213,0.02008327655494213,0.0,0.0,0,0,0,-1
german,xgboost,34,residence_since,relative_plus_5,0.05,2.0,2.1,0.7229525446891785,0.7229525446891785,0.0,0.0,1,1,0,-1
german,xgboost,35,residence_since,relative_plus_5,0.05,1.0,1.05,0.39703890681266785,0.39703890681266785,0.0,0.0,0,0,0,-1
german,xgboost,36,residence_since,relative_plus_5,0.05,4.0,4.2,0.8524562120437622,0.8524562120437622,0.0,0.0,1,1,0,-1
german,xgboost,37,residence_since,relative_plus_5,0.05,3.0,3.15,0.16694852709770203,0.16694852709770203,0.0,0.0,0,0,0,-1
german,xgboost,38,residence_since,relative_plus_5,0.05,4.0,4.2,0.38675543665885925,0.38675543665885925,0.0,0.0,0,0,0,-1
german,xgboost,39,residence_since,relative_plus_5,0.05,4.0,4.2,0.06428443640470505,0.06428443640470505,0.0,0.0,0,0,0,-1
german,xgboost,40,residence_since,relative_plus_5,0.05,2.0,2.1,0.6213107705116272,0.6213107705116272,0.0,0.0,1,1,0,-1
german,xgboost,41,residence_since,relative_plus_5,0.05,4.0,4.2,0.3211948573589325,0.3211948573589325,0.0,0.0,0,0,0,-1
german,xgboost,42,residence_since,relative_plus_5,0.05,4.0,4.2,0.5845916867256165,0.5845916867256165,0.0,0.0,1,1,0,-1
german,xgboost,43,residence_since,relative_plus_5,0.05,2.0,2.1,0.9279054999351501,0.9279054999351501,0.0,0.0,1,1,0,-1
german,xgboost,44,residence_since,relative_plus_5,0.05,2.0,2.1,0.35836517810821533,0.35836517810821533,0.0,0.0,0,0,0,-1
german,xgboost,45,residence_since,relative_plus_5,0.05,4.0,4.2,0.23765133321285248,0.23765133321285248,0.0,0.0,0,0,0,-1
german,xgboost,46,residence_since,relative_plus_5,0.05,1.0,1.05,0.015967916697263718,0.015967916697263718,0.0,0.0,0,0,0,-1
german,xgboost,47,residence_since,relative_plus_5,0.05,3.0,3.15,0.10486079752445221,0.10486079752445221,0.0,0.0,0,0,0,-1
german,xgboost,48,residence_since,relative_plus_5,0.05,4.0,4.2,0.01368929073214531,0.01368929073214531,0.0,0.0,0,0,0,-1
german,xgboost,49,residence_since,relative_plus_5,0.05,4.0,4.2,0.362246036529541,0.362246036529541,0.0,0.0,0,0,0,-1
german,xgboost,50,residence_since,relative_plus_5,0.05,3.0,3.15,0.059201136231422424,0.059201136231422424,0.0,0.0,0,0,0,-1
german,xgboost,51,residence_since,relative_plus_5,0.05,2.0,2.1,0.2117272913455963,0.2117272913455963,0.0,0.0,0,0,0,-1
german,xgboost,52,residence_since,relative_plus_5,0.05,2.0,2.1,0.1144600659608841,0.1144600659608841,0.0,0.0,0,0,0,-1
german,xgboost,53,residence_since,relative_plus_5,0.05,2.0,2.1,0.09461341053247452,0.09461341053247452,0.0,0.0,0,0,0,-1
german,xgboost,54,residence_since,relative_plus_5,0.05,3.0,3.15,0.7814464569091797,0.7814464569091797,0.0,0.0,1,1,0,-1
german,xgboost,55,residence_since,relative_plus_5,0.05,4.0,4.2,0.33212071657180786,0.33212071657180786,0.0,0.0,0,0,0,-1
german,xgboost,56,residence_since,relative_plus_5,0.05,4.0,4.2,0.9168915748596191,0.9168915748596191,0.0,0.0,1,1,0,-1
german,xgboost,57,residence_since,relative_plus_5,0.05,1.0,1.05,0.12220555543899536,0.12220555543899536,0.0,0.0,0,0,0,-1
german,xgboost,58,residence_since,relative_plus_5,0.05,4.0,4.2,0.16189272701740265,0.16189272701740265,0.0,0.0,0,0,0,-1
german,xgboost,59,residence_since,relative_plus_5,0.05,4.0,4.2,0.6315468549728394,0.6315468549728394,0.0,0.0,1,1,0,-1
german,xgboost,60,residence_since,relative_plus_5,0.05,2.0,2.1,0.12445571273565292,0.12445571273565292,0.0,0.0,0,0,0,-1
german,xgboost,61,residence_since,relative_plus_5,0.05,2.0,2.1,0.04100687429308891,0.04100687429308891,0.0,0.0,0,0,0,-1
german,xgboost,62,residence_since,relative_plus_5,0.05,2.0,2.1,0.5049558877944946,0.5049558877944946,0.0,0.0,1,1,0,-1
german,xgboost,63,residence_since,relative_plus_5,0.05,3.0,3.15,0.41145092248916626,0.41145092248916626,0.0,0.0,0,0,0,-1
german,xgboost,64,residence_since,relative_plus_5,0.05,2.0,2.1,0.9233189821243286,0.9233189821243286,0.0,0.0,1,1,0,-1
german,xgboost,65,residence_since,relative_plus_5,0.05,3.0,3.15,0.164531871676445,0.164531871676445,0.0,0.0,0,0,0,-1
german,xgboost,66,residence_since,relative_plus_5,0.05,4.0,4.2,0.31084004044532776,0.31084004044532776,0.0,0.0,0,0,0,-1
german,xgboost,67,residence_since,relative_plus_5,0.05,2.0,2.1,0.9614232182502747,0.9614232182502747,0.0,0.0,1,1,0,-1
german,xgboost,68,residence_since,relative_plus_5,0.05,4.0,4.2,0.48083576560020447,0.48083576560020447,0.0,0.0,0,0,0,-1
german,xgboost,69,residence_since,relative_plus_5,0.05,2.0,2.1,0.7440284490585327,0.7440284490585327,0.0,0.0,1,1,0,-1
german,xgboost,70,residence_since,relative_plus_5,0.05,2.0,2.1,0.7888972759246826,0.7888972759246826,0.0,0.0,1,1,0,-1
german,xgboost,71,residence_since,relative_plus_5,0.05,4.0,4.2,0.011137815192341805,0.011137815192341805,0.0,0.0,0,0,0,-1
german,xgboost,72,residence_since,relative_plus_5,0.05,2.0,2.1,0.04410647973418236,0.04410647973418236,0.0,0.0,0,0,0,-1
german,xgboost,73,residence_since,relative_plus_5,0.05,4.0,4.2,0.07533993571996689,0.07533993571996689,0.0,0.0,0,0,0,-1
german,xgboost,74,residence_since,relative_plus_5,0.05,3.0,3.15,0.0795583501458168,0.0795583501458168,0.0,0.0,0,0,0,-1
german,xgboost,75,residence_since,relative_plus_5,0.05,4.0,4.2,0.5273517370223999,0.5273517370223999,0.0,0.0,1,1,0,-1
german,xgboost,76,residence_since,relative_plus_5,0.05,4.0,4.2,0.3063080608844757,0.3063080608844757,0.0,0.0,0,0,0,-1
german,xgboost,77,residence_since,relative_plus_5,0.05,4.0,4.2,0.41087862849235535,0.41087862849235535,0.0,0.0,0,0,0,-1
german,xgboost,78,residence_since,relative_plus_5,0.05,2.0,2.1,0.04028629884123802,0.04028629884123802,0.0,0.0,0,0,0,-1
german,xgboost,79,residence_since,relative_plus_5,0.05,4.0,4.2,0.8726094961166382,0.8726094961166382,0.0,0.0,1,1,0,-1
german,xgboost,80,residence_since,relative_plus_5,0.05,4.0,4.2,0.3864430785179138,0.3864430785179138,0.0,0.0,0,0,0,-1
german,xgboost,81,residence_since,relative_plus_5,0.05,2.0,2.1,0.024771392345428467,0.024771392345428467,0.0,0.0,0,0,0,-1
german,xgboost,82,residence_since,relative_plus_5,0.05,4.0,4.2,0.2705821990966797,0.2705821990966797,0.0,0.0,0,0,0,-1
german,xgboost,83,residence_since,relative_plus_5,0.05,2.0,2.1,0.5973073244094849,0.5973073244094849,0.0,0.0,1,1,0,-1
german,xgboost,84,residence_since,relative_plus_5,0.05,4.0,4.2,0.14618752896785736,0.14618752896785736,0.0,0.0,0,0,0,-1
german,xgboost,85,residence_since,relative_plus_5,0.05,3.0,3.15,0.025881066918373108,0.025881066918373108,0.0,0.0,0,0,0,-1
german,xgboost,86,residence_since,relative_plus_5,0.05,2.0,2.1,0.02392105758190155,0.02392105758190155,0.0,0.0,0,0,0,-1
german,xgboost,87,residence_since,relative_plus_5,0.05,3.0,3.15,0.6968122720718384,0.6968122720718384,0.0,0.0,1,1,0,-1
german,xgboost,88,residence_since,relative_plus_5,0.05,2.0,2.1,0.003254662500694394,0.003254662500694394,0.0,0.0,0,0,0,-1
german,xgboost,89,residence_since,relative_plus_5,0.05,4.0,4.2,0.8224096298217773,0.8224096298217773,0.0,0.0,1,1,0,-1
german,xgboost,90,residence_since,relative_plus_5,0.05,4.0,4.2,0.5363795757293701,0.5363795757293701,0.0,0.0,1,1,0,-1
german,xgboost,91,residence_since,relative_plus_5,0.05,4.0,4.2,0.40955519676208496,0.40955519676208496,0.0,0.0,0,0,0,-1
german,xgboost,92,residence_since,relative_plus_5,0.05,4.0,4.2,0.4440574645996094,0.4440574645996094,0.0,0.0,0,0,0,-1
german,xgboost,93,residence_since,relative_plus_5,0.05,4.0,4.2,0.6884033679962158,0.6884033679962158,0.0,0.0,1,1,0,-1
german,xgboost,94,residence_since,relative_plus_5,0.05,2.0,2.1,0.012738422490656376,0.012738422490656376,0.0,0.0,0,0,0,-1
german,xgboost,95,residence_since,relative_plus_5,0.05,3.0,3.15,0.06840237975120544,0.06840237975120544,0.0,0.0,0,0,0,-1
german,xgboost,96,residence_since,relative_plus_5,0.05,4.0,4.2,0.2747651934623718,0.2747651934623718,0.0,0.0,0,0,0,-1
german,xgboost,97,residence_since,relative_plus_5,0.05,3.0,3.15,0.14724071323871613,0.14724071323871613,0.0,0.0,0,0,0,-1
german,xgboost,98,residence_since,relative_plus_5,0.05,3.0,3.15,0.4165569841861725,0.4165569841861725,0.0,0.0,0,0,0,-1
german,xgboost,99,residence_since,relative_plus_5,0.05,2.0,2.1,0.013321362435817719,0.013321362435817719,0.0,0.0,0,0,0,-1
german,xgboost,0,residence_since,relative_minus_10,-0.1,4.0,4.4,0.14532507956027985,0.14532507956027985,0.0,0.0,0,0,0,-1
german,xgboost,1,residence_since,relative_minus_10,-0.1,3.0,3.3,0.3661198318004608,0.3661198318004608,0.0,0.0,0,0,0,-1
german,xgboost,2,residence_since,relative_minus_10,-0.1,4.0,4.4,0.09617456048727036,0.09617456048727036,0.0,0.0,0,0,0,-1
german,xgboost,3,residence_since,relative_minus_10,-0.1,4.0,4.4,0.05242149904370308,0.05242149904370308,0.0,0.0,0,0,0,-1
german,xgboost,4,residence_since,relative_minus_10,-0.1,1.0,1.1,0.002389379311352968,0.002389379311352968,0.0,0.0,0,0,0,-1
german,xgboost,5,residence_since,relative_minus_10,-0.1,4.0,4.4,0.011241624131798744,0.011241624131798744,0.0,0.0,0,0,0,-1
german,xgboost,6,residence_since,relative_minus_10,-0.1,2.0,2.2,0.02126064896583557,0.02126064896583557,0.0,0.0,0,0,0,-1
german,xgboost,7,residence_since,relative_minus_10,-0.1,2.0,2.2,0.07431254535913467,0.07431254535913467,0.0,0.0,0,0,0,-1
german,xgboost,8,residence_since,relative_minus_10,-0.1,2.0,2.2,0.02867794781923294,0.02867794781923294,0.0,0.0,0,0,0,-1
german,xgboost,9,residence_since,relative_minus_10,-0.1,4.0,4.4,0.8991640210151672,0.8991640210151672,0.0,0.0,1,1,0,-1
german,xgboost,10,residence_since,relative_minus_10,-0.1,4.0,4.4,0.43120160698890686,0.43120160698890686,0.0,0.0,0,0,0,-1
german,xgboost,11,residence_since,relative_minus_10,-0.1,1.0,1.1,0.528389573097229,0.528389573097229,0.0,0.0,1,1,0,-1
german,xgboost,12,residence_since,relative_minus_10,-0.1,2.0,2.2,0.009822084568440914,0.009822084568440914,0.0,0.0,0,0,0,-1
german,xgboost,13,residence_since,relative_minus_10,-0.1,2.0,2.2,0.11241460591554642,0.11241460591554642,0.0,0.0,0,0,0,-1
german,xgboost,14,residence_since,relative_minus_10,-0.1,3.0,3.3,0.09716489166021347,0.09716489166021347,0.0,0.0,0,0,0,-1
german,xgboost,15,residence_since,relative_minus_10,-0.1,2.0,2.2,0.4787817597389221,0.4787817597389221,0.0,0.0,0,0,0,-1
german,xgboost,16,residence_since,relative_minus_10,-0.1,4.0,4.4,0.00277602463029325,0.00277602463029325,0.0,0.0,0,0,0,-1
german,xgboost,17,residence_since,relative_minus_10,-0.1,4.0,4.4,0.9572583436965942,0.9572583436965942,0.0,0.0,1,1,0,-1
german,xgboost,18,residence_since,relative_minus_10,-0.1,2.0,2.2,0.09437244385480881,0.09437244385480881,0.0,0.0,0,0,0,-1
german,xgboost,19,residence_since,relative_minus_10,-0.1,2.0,2.2,0.9716695547103882,0.9716695547103882,0.0,0.0,1,1,0,-1
german,xgboost,20,residence_since,relative_minus_10,-0.1,4.0,4.4,0.0550624243915081,0.0550624243915081,0.0,0.0,0,0,0,-1
german,xgboost,21,residence_since,relative_minus_10,-0.1,4.0,4.4,0.018732847645878792,0.018732847645878792,0.0,0.0,0,0,0,-1
german,xgboost,22,residence_since,relative_minus_10,-0.1,2.0,2.2,0.07416114211082458,0.07416114211082458,0.0,0.0,0,0,0,-1
german,xgboost,23,residence_since,relative_minus_10,-0.1,3.0,3.3,0.8707629442214966,0.8707629442214966,0.0,0.0,1,1,0,-1
german,xgboost,24,residence_since,relative_minus_10,-0.1,2.0,2.2,0.7920497059822083,0.7920497059822083,0.0,0.0,1,1,0,-1
german,xgboost,25,residence_since,relative_minus_10,-0.1,2.0,2.2,0.4596281051635742,0.4596281051635742,0.0,0.0,0,0,0,-1
german,xgboost,26,residence_since,relative_minus_10,-0.1,4.0,4.4,0.2782054543495178,0.2782054543495178,0.0,0.0,0,0,0,-1
german,xgboost,27,residence_since,relative_minus_10,-0.1,1.0,1.1,0.6968560814857483,0.6968560814857483,0.0,0.0,1,1,0,-1
german,xgboost,28,residence_since,relative_minus_10,-0.1,2.0,2.2,0.0033986191265285015,0.0033986191265285015,0.0,0.0,0,0,0,-1
german,xgboost,29,residence_since,relative_minus_10,-0.1,2.0,2.2,0.4393616020679474,0.4393616020679474,0.0,0.0,0,0,0,-1
german,xgboost,30,residence_since,relative_minus_10,-0.1,1.0,1.1,0.4359388053417206,0.4359388053417206,0.0,0.0,0,0,0,-1
german,xgboost,31,residence_since,relative_minus_10,-0.1,2.0,2.2,0.2954026758670807,0.2954026758670807,0.0,0.0,0,0,0,-1
german,xgboost,32,residence_since,relative_minus_10,-0.1,2.0,2.2,0.016435444355010986,0.016435444355010986,0.0,0.0,0,0,0,-1
german,xgboost,33,residence_since,relative_minus_10,-0.1,2.0,2.2,0.02008327655494213,0.02008327655494213,0.0,0.0,0,0,0,-1
german,xgboost,34,residence_since,relative_minus_10,-0.1,2.0,2.2,0.7229525446891785,0.7229525446891785,0.0,0.0,1,1,0,-1
german,xgboost,35,residence_since,relative_minus_10,-0.1,1.0,1.1,0.39703890681266785,0.39703890681266785,0.0,0.0,0,0,0,-1
german,xgboost,36,residence_since,relative_minus_10,-0.1,4.0,4.4,0.8524562120437622,0.8524562120437622,0.0,0.0,1,1,0,-1
german,xgboost,37,residence_since,relative_minus_10,-0.1,3.0,3.3,0.16694852709770203,0.16694852709770203,0.0,0.0,0,0,0,-1
german,xgboost,38,residence_since,relative_minus_10,-0.1,4.0,4.4,0.38675543665885925,0.38675543665885925,0.0,0.0,0,0,0,-1
german,xgboost,39,residence_since,relative_minus_10,-0.1,4.0,4.4,0.06428443640470505,0.06428443640470505,0.0,0.0,0,0,0,-1
german,xgboost,40,residence_since,relative_minus_10,-0.1,2.0,2.2,0.6213107705116272,0.6213107705116272,0.0,0.0,1,1,0,-1
german,xgboost,41,residence_since,relative_minus_10,-0.1,4.0,4.4,0.3211948573589325,0.3211948573589325,0.0,0.0,0,0,0,-1
german,xgboost,42,residence_since,relative_minus_10,-0.1,4.0,4.4,0.5845916867256165,0.5845916867256165,0.0,0.0,1,1,0,-1
german,xgboost,43,residence_since,relative_minus_10,-0.1,2.0,2.2,0.9279054999351501,0.9279054999351501,0.0,0.0,1,1,0,-1
german,xgboost,44,residence_since,relative_minus_10,-0.1,2.0,2.2,0.35836517810821533,0.35836517810821533,0.0,0.0,0,0,0,-1
german,xgboost,45,residence_since,relative_minus_10,-0.1,4.0,4.4,0.23765133321285248,0.23765133321285248,0.0,0.0,0,0,0,-1
german,xgboost,46,residence_since,relative_minus_10,-0.1,1.0,1.1,0.015967916697263718,0.015967916697263718,0.0,0.0,0,0,0,-1
german,xgboost,47,residence_since,relative_minus_10,-0.1,3.0,3.3,0.10486079752445221,0.10486079752445221,0.0,0.0,0,0,0,-1
german,xgboost,48,residence_since,relative_minus_10,-0.1,4.0,4.4,0.01368929073214531,0.01368929073214531,0.0,0.0,0,0,0,-1
german,xgboost,49,residence_since,relative_minus_10,-0.1,4.0,4.4,0.362246036529541,0.362246036529541,0.0,0.0,0,0,0,-1
german,xgboost,50,residence_since,relative_minus_10,-0.1,3.0,3.3,0.059201136231422424,0.059201136231422424,0.0,0.0,0,0,0,-1
german,xgboost,51,residence_since,relative_minus_10,-0.1,2.0,2.2,0.2117272913455963,0.2117272913455963,0.0,0.0,0,0,0,-1
german,xgboost,52,residence_since,relative_minus_10,-0.1,2.0,2.2,0.1144600659608841,0.1144600659608841,0.0,0.0,0,0,0,-1
german,xgboost,53,residence_since,relative_minus_10,-0.1,2.0,2.2,0.09461341053247452,0.09461341053247452,0.0,0.0,0,0,0,-1
german,xgboost,54,residence_since,relative_minus_10,-0.1,3.0,3.3,0.7814464569091797,0.7814464569091797,0.0,0.0,1,1,0,-1
german,xgboost,55,residence_since,relative_minus_10,-0.1,4.0,4.4,0.33212071657180786,0.33212071657180786,0.0,0.0,0,0,0,-1
german,xgboost,56,residence_since,relative_minus_10,-0.1,4.0,4.4,0.9168915748596191,0.9168915748596191,0.0,0.0,1,1,0,-1
german,xgboost,57,residence_since,relative_minus_10,-0.1,1.0,1.1,0.12220555543899536,0.12220555543899536,0.0,0.0,0,0,0,-1
german,xgboost,58,residence_since,relative_minus_10,-0.1,4.0,4.4,0.16189272701740265,0.16189272701740265,0.0,0.0,0,0,0,-1
german,xgboost,59,residence_since,relative_minus_10,-0.1,4.0,4.4,0.6315468549728394,0.6315468549728394,0.0,0.0,1,1,0,-1
german,xgboost,60,residence_since,relative_minus_10,-0.1,2.0,2.2,0.12445571273565292,0.12445571273565292,0.0,0.0,0,0,0,-1
german,xgboost,61,residence_since,relative_minus_10,-0.1,2.0,2.2,0.04100687429308891,0.04100687429308891,0.0,0.0,0,0,0,-1
german,xgboost,62,residence_since,relative_minus_10,-0.1,2.0,2.2,0.5049558877944946,0.5049558877944946,0.0,0.0,1,1,0,-1
german,xgboost,63,residence_since,relative_minus_10,-0.1,3.0,3.3,0.41145092248916626,0.41145092248916626,0.0,0.0,0,0,0,-1
german,xgboost,64,residence_since,relative_minus_10,-0.1,2.0,2.2,0.9233189821243286,0.9233189821243286,0.0,0.0,1,1,0,-1
german,xgboost,65,residence_since,relative_minus_10,-0.1,3.0,3.3,0.164531871676445,0.164531871676445,0.0,0.0,0,0,0,-1
german,xgboost,66,residence_since,relative_minus_10,-0.1,4.0,4.4,0.31084004044532776,0.31084004044532776,0.0,0.0,0,0,0,-1
german,xgboost,67,residence_since,relative_minus_10,-0.1,2.0,2.2,0.9614232182502747,0.9614232182502747,0.0,0.0,1,1,0,-1
german,xgboost,68,residence_since,relative_minus_10,-0.1,4.0,4.4,0.48083576560020447,0.48083576560020447,0.0,0.0,0,0,0,-1
german,xgboost,69,residence_since,relative_minus_10,-0.1,2.0,2.2,0.7440284490585327,0.7440284490585327,0.0,0.0,1,1,0,-1
german,xgboost,70,residence_since,relative_minus_10,-0.1,2.0,2.2,0.7888972759246826,0.7888972759246826,0.0,0.0,1,1,0,-1
german,xgboost,71,residence_since,relative_minus_10,-0.1,4.0,4.4,0.011137815192341805,0.011137815192341805,0.0,0.0,0,0,0,-1
german,xgboost,72,residence_since,relative_minus_10,-0.1,2.0,2.2,0.04410647973418236,0.04410647973418236,0.0,0.0,0,0,0,-1
german,xgboost,73,residence_since,relative_minus_10,-0.1,4.0,4.4,0.07533993571996689,0.07533993571996689,0.0,0.0,0,0,0,-1
german,xgboost,74,residence_since,relative_minus_10,-0.1,3.0,3.3,0.0795583501458168,0.0795583501458168,0.0,0.0,0,0,0,-1
german,xgboost,75,residence_since,relative_minus_10,-0.1,4.0,4.4,0.5273517370223999,0.5273517370223999,0.0,0.0,1,1,0,-1
german,xgboost,76,residence_since,relative_minus_10,-0.1,4.0,4.4,0.3063080608844757,0.3063080608844757,0.0,0.0,0,0,0,-1
german,xgboost,77,residence_since,relative_minus_10,-0.1,4.0,4.4,0.41087862849235535,0.41087862849235535,0.0,0.0,0,0,0,-1
german,xgboost,78,residence_since,relative_minus_10,-0.1,2.0,2.2,0.04028629884123802,0.04028629884123802,0.0,0.0,0,0,0,-1
german,xgboost,79,residence_since,relative_minus_10,-0.1,4.0,4.4,0.8726094961166382,0.8726094961166382,0.0,0.0,1,1,0,-1
german,xgboost,80,residence_since,relative_minus_10,-0.1,4.0,4.4,0.3864430785179138,0.3864430785179138,0.0,0.0,0,0,0,-1
german,xgboost,81,residence_since,relative_minus_10,-0.1,2.0,2.2,0.024771392345428467,0.024771392345428467,0.0,0.0,0,0,0,-1
german,xgboost,82,residence_since,relative_minus_10,-0.1,4.0,4.4,0.2705821990966797,0.2705821990966797,0.0,0.0,0,0,0,-1
german,xgboost,83,residence_since,relative_minus_10,-0.1,2.0,2.2,0.5973073244094849,0.5973073244094849,0.0,0.0,1,1,0,-1
german,xgboost,84,residence_since,relative_minus_10,-0.1,4.0,4.4,0.14618752896785736,0.14618752896785736,0.0,0.0,0,0,0,-1
german,xgboost,85,residence_since,relative_minus_10,-0.1,3.0,3.3,0.025881066918373108,0.025881066918373108,0.0,0.0,0,0,0,-1
german,xgboost,86,residence_since,relative_minus_10,-0.1,2.0,2.2,0.02392105758190155,0.02392105758190155,0.0,0.0,0,0,0,-1
german,xgboost,87,residence_since,relative_minus_10,-0.1,3.0,3.3,0.6968122720718384,0.6968122720718384,0.0,0.0,1,1,0,-1
german,xgboost,88,residence_since,relative_minus_10,-0.1,2.0,2.2,0.003254662500694394,0.003254662500694394,0.0,0.0,0,0,0,-1
german,xgboost,89,residence_since,relative_minus_10,-0.1,4.0,4.4,0.8224096298217773,0.8224096298217773,0.0,0.0,1,1,0,-1
german,xgboost,90,residence_since,relative_minus_10,-0.1,4.0,4.4,0.5363795757293701,0.5363795757293701,0.0,0.0,1,1,0,-1
german,xgboost,91,residence_since,relative_minus_10,-0.1,4.0,4.4,0.40955519676208496,0.40955519676208496,0.0,0.0,0,0,0,-1
german,xgboost,92,residence_since,relative_minus_10,-0.1,4.0,4.4,0.4440574645996094,0.4440574645996094,0.0,0.0,0,0,0,-1
german,xgboost,93,residence_since,relative_minus_10,-0.1,4.0,4.4,0.6884033679962158,0.6884033679962158,0.0,0.0,1,1,0,-1
german,xgboost,94,residence_since,relative_minus_10,-0.1,2.0,2.2,0.012738422490656376,0.012738422490656376,0.0,0.0,0,0,0,-1
german,xgboost,95,residence_since,relative_minus_10,-0.1,3.0,3.3,0.06840237975120544,0.06840237975120544,0.0,0.0,0,0,0,-1
german,xgboost,96,residence_since,relative_minus_10,-0.1,4.0,4.4,0.2747651934623718,0.2747651934623718,0.0,0.0,0,0,0,-1
german,xgboost,97,residence_since,relative_minus_10,-0.1,3.0,3.3,0.14724071323871613,0.14724071323871613,0.0,0.0,0,0,0,-1
german,xgboost,98,residence_since,relative_minus_10,-0.1,3.0,3.3,0.4165569841861725,0.4165569841861725,0.0,0.0,0,0,0,-1
german,xgboost,99,residence_since,relative_minus_10,-0.1,2.0,2.2,0.013321362435817719,0.013321362435817719,0.0,0.0,0,0,0,-1
german,xgboost,0,residence_since,relative_plus_10,0.1,4.0,4.4,0.14532507956027985,0.14532507956027985,0.0,0.0,0,0,0,-1
german,xgboost,1,residence_since,relative_plus_10,0.1,3.0,3.3,0.3661198318004608,0.3661198318004608,0.0,0.0,0,0,0,-1
german,xgboost,2,residence_since,relative_plus_10,0.1,4.0,4.4,0.09617456048727036,0.09617456048727036,0.0,0.0,0,0,0,-1
german,xgboost,3,residence_since,relative_plus_10,0.1,4.0,4.4,0.05242149904370308,0.05242149904370308,0.0,0.0,0,0,0,-1
german,xgboost,4,residence_since,relative_plus_10,0.1,1.0,1.1,0.002389379311352968,0.002389379311352968,0.0,0.0,0,0,0,-1
german,xgboost,5,residence_since,relative_plus_10,0.1,4.0,4.4,0.011241624131798744,0.011241624131798744,0.0,0.0,0,0,0,-1
german,xgboost,6,residence_since,relative_plus_10,0.1,2.0,2.2,0.02126064896583557,0.02126064896583557,0.0,0.0,0,0,0,-1
german,xgboost,7,residence_since,relative_plus_10,0.1,2.0,2.2,0.07431254535913467,0.07431254535913467,0.0,0.0,0,0,0,-1
german,xgboost,8,residence_since,relative_plus_10,0.1,2.0,2.2,0.02867794781923294,0.02867794781923294,0.0,0.0,0,0,0,-1
german,xgboost,9,residence_since,relative_plus_10,0.1,4.0,4.4,0.8991640210151672,0.8991640210151672,0.0,0.0,1,1,0,-1
german,xgboost,10,residence_since,relative_plus_10,0.1,4.0,4.4,0.43120160698890686,0.43120160698890686,0.0,0.0,0,0,0,-1
german,xgboost,11,residence_since,relative_plus_10,0.1,1.0,1.1,0.528389573097229,0.528389573097229,0.0,0.0,1,1,0,-1
german,xgboost,12,residence_since,relative_plus_10,0.1,2.0,2.2,0.009822084568440914,0.009822084568440914,0.0,0.0,0,0,0,-1
german,xgboost,13,residence_since,relative_plus_10,0.1,2.0,2.2,0.11241460591554642,0.11241460591554642,0.0,0.0,0,0,0,-1
german,xgboost,14,residence_since,relative_plus_10,0.1,3.0,3.3,0.09716489166021347,0.09716489166021347,0.0,0.0,0,0,0,-1
german,xgboost,15,residence_since,relative_plus_10,0.1,2.0,2.2,0.4787817597389221,0.4787817597389221,0.0,0.0,0,0,0,-1
german,xgboost,16,residence_since,relative_plus_10,0.1,4.0,4.4,0.00277602463029325,0.00277602463029325,0.0,0.0,0,0,0,-1
german,xgboost,17,residence_since,relative_plus_10,0.1,4.0,4.4,0.9572583436965942,0.9572583436965942,0.0,0.0,1,1,0,-1
german,xgboost,18,residence_since,relative_plus_10,0.1,2.0,2.2,0.09437244385480881,0.09437244385480881,0.0,0.0,0,0,0,-1
german,xgboost,19,residence_since,relative_plus_10,0.1,2.0,2.2,0.9716695547103882,0.9716695547103882,0.0,0.0,1,1,0,-1
german,xgboost,20,residence_since,relative_plus_10,0.1,4.0,4.4,0.0550624243915081,0.0550624243915081,0.0,0.0,0,0,0,-1
german,xgboost,21,residence_since,relative_plus_10,0.1,4.0,4.4,0.018732847645878792,0.018732847645878792,0.0,0.0,0,0,0,-1
german,xgboost,22,residence_since,relative_plus_10,0.1,2.0,2.2,0.07416114211082458,0.07416114211082458,0.0,0.0,0,0,0,-1
german,xgboost,23,residence_since,relative_plus_10,0.1,3.0,3.3,0.8707629442214966,0.8707629442214966,0.0,0.0,1,1,0,-1
german,xgboost,24,residence_since,relative_plus_10,0.1,2.0,2.2,0.7920497059822083,0.7920497059822083,0.0,0.0,1,1,0,-1
german,xgboost,25,residence_since,relative_plus_10,0.1,2.0,2.2,0.4596281051635742,0.4596281051635742,0.0,0.0,0,0,0,-1
german,xgboost,26,residence_since,relative_plus_10,0.1,4.0,4.4,0.2782054543495178,0.2782054543495178,0.0,0.0,0,0,0,-1
german,xgboost,27,residence_since,relative_plus_10,0.1,1.0,1.1,0.6968560814857483,0.6968560814857483,0.0,0.0,1,1,0,-1
german,xgboost,28,residence_since,relative_plus_10,0.1,2.0,2.2,0.0033986191265285015,0.0033986191265285015,0.0,0.0,0,0,0,-1
german,xgboost,29,residence_since,relative_plus_10,0.1,2.0,2.2,0.4393616020679474,0.4393616020679474,0.0,0.0,0,0,0,-1
german,xgboost,30,residence_since,relative_plus_10,0.1,1.0,1.1,0.4359388053417206,0.4359388053417206,0.0,0.0,0,0,0,-1
german,xgboost,31,residence_since,relative_plus_10,0.1,2.0,2.2,0.2954026758670807,0.2954026758670807,0.0,0.0,0,0,0,-1
german,xgboost,32,residence_since,relative_plus_10,0.1,2.0,2.2,0.016435444355010986,0.016435444355010986,0.0,0.0,0,0,0,-1
german,xgboost,33,residence_since,relative_plus_10,0.1,2.0,2.2,0.02008327655494213,0.02008327655494213,0.0,0.0,0,0,0,-1
german,xgboost,34,residence_since,relative_plus_10,0.1,2.0,2.2,0.7229525446891785,0.7229525446891785,0.0,0.0,1,1,0,-1
german,xgboost,35,residence_since,relative_plus_10,0.1,1.0,1.1,0.39703890681266785,0.39703890681266785,0.0,0.0,0,0,0,-1
german,xgboost,36,residence_since,relative_plus_10,0.1,4.0,4.4,0.8524562120437622,0.8524562120437622,0.0,0.0,1,1,0,-1
german,xgboost,37,residence_since,relative_plus_10,0.1,3.0,3.3,0.16694852709770203,0.16694852709770203,0.0,0.0,0,0,0,-1
german,xgboost,38,residence_since,relative_plus_10,0.1,4.0,4.4,0.38675543665885925,0.38675543665885925,0.0,0.0,0,0,0,-1
german,xgboost,39,residence_since,relative_plus_10,0.1,4.0,4.4,0.06428443640470505,0.06428443640470505,0.0,0.0,0,0,0,-1
german,xgboost,40,residence_since,relative_plus_10,0.1,2.0,2.2,0.6213107705116272,0.6213107705116272,0.0,0.0,1,1,0,-1
german,xgboost,41,residence_since,relative_plus_10,0.1,4.0,4.4,0.3211948573589325,0.3211948573589325,0.0,0.0,0,0,0,-1
german,xgboost,42,residence_since,relative_plus_10,0.1,4.0,4.4,0.5845916867256165,0.5845916867256165,0.0,0.0,1,1,0,-1
german,xgboost,43,residence_since,relative_plus_10,0.1,2.0,2.2,0.9279054999351501,0.9279054999351501,0.0,0.0,1,1,0,-1
german,xgboost,44,residence_since,relative_plus_10,0.1,2.0,2.2,0.35836517810821533,0.35836517810821533,0.0,0.0,0,0,0,-1
german,xgboost,45,residence_since,relative_plus_10,0.1,4.0,4.4,0.23765133321285248,0.23765133321285248,0.0,0.0,0,0,0,-1
german,xgboost,46,residence_since,relative_plus_10,0.1,1.0,1.1,0.015967916697263718,0.015967916697263718,0.0,0.0,0,0,0,-1
german,xgboost,47,residence_since,relative_plus_10,0.1,3.0,3.3,0.10486079752445221,0.10486079752445221,0.0,0.0,0,0,0,-1
german,xgboost,48,residence_since,relative_plus_10,0.1,4.0,4.4,0.01368929073214531,0.01368929073214531,0.0,0.0,0,0,0,-1
german,xgboost,49,residence_since,relative_plus_10,0.1,4.0,4.4,0.362246036529541,0.362246036529541,0.0,0.0,0,0,0,-1
german,xgboost,50,residence_since,relative_plus_10,0.1,3.0,3.3,0.059201136231422424,0.059201136231422424,0.0,0.0,0,0,0,-1
german,xgboost,51,residence_since,relative_plus_10,0.1,2.0,2.2,0.2117272913455963,0.2117272913455963,0.0,0.0,0,0,0,-1
german,xgboost,52,residence_since,relative_plus_10,0.1,2.0,2.2,0.1144600659608841,0.1144600659608841,0.0,0.0,0,0,0,-1
german,xgboost,53,residence_since,relative_plus_10,0.1,2.0,2.2,0.09461341053247452,0.09461341053247452,0.0,0.0,0,0,0,-1
german,xgboost,54,residence_since,relative_plus_10,0.1,3.0,3.3,0.7814464569091797,0.7814464569091797,0.0,0.0,1,1,0,-1
german,xgboost,55,residence_since,relative_plus_10,0.1,4.0,4.4,0.33212071657180786,0.33212071657180786,0.0,0.0,0,0,0,-1
german,xgboost,56,residence_since,relative_plus_10,0.1,4.0,4.4,0.9168915748596191,0.9168915748596191,0.0,0.0,1,1,0,-1
german,xgboost,57,residence_since,relative_plus_10,0.1,1.0,1.1,0.12220555543899536,0.12220555543899536,0.0,0.0,0,0,0,-1
german,xgboost,58,residence_since,relative_plus_10,0.1,4.0,4.4,0.16189272701740265,0.16189272701740265,0.0,0.0,0,0,0,-1
german,xgboost,59,residence_since,relative_plus_10,0.1,4.0,4.4,0.6315468549728394,0.6315468549728394,0.0,0.0,1,1,0,-1
german,xgboost,60,residence_since,relative_plus_10,0.1,2.0,2.2,0.12445571273565292,0.12445571273565292,0.0,0.0,0,0,0,-1
german,xgboost,61,residence_since,relative_plus_10,0.1,2.0,2.2,0.04100687429308891,0.04100687429308891,0.0,0.0,0,0,0,-1
german,xgboost,62,residence_since,relative_plus_10,0.1,2.0,2.2,0.5049558877944946,0.5049558877944946,0.0,0.0,1,1,0,-1
german,xgboost,63,residence_since,relative_plus_10,0.1,3.0,3.3,0.41145092248916626,0.41145092248916626,0.0,0.0,0,0,0,-1
german,xgboost,64,residence_since,relative_plus_10,0.1,2.0,2.2,0.9233189821243286,0.9233189821243286,0.0,0.0,1,1,0,-1
german,xgboost,65,residence_since,relative_plus_10,0.1,3.0,3.3,0.164531871676445,0.164531871676445,0.0,0.0,0,0,0,-1
german,xgboost,66,residence_since,relative_plus_10,0.1,4.0,4.4,0.31084004044532776,0.31084004044532776,0.0,0.0,0,0,0,-1
german,xgboost,67,residence_since,relative_plus_10,0.1,2.0,2.2,0.9614232182502747,0.9614232182502747,0.0,0.0,1,1,0,-1
german,xgboost,68,residence_since,relative_plus_10,0.1,4.0,4.4,0.48083576560020447,0.48083576560020447,0.0,0.0,0,0,0,-1
german,xgboost,69,residence_since,relative_plus_10,0.1,2.0,2.2,0.7440284490585327,0.7440284490585327,0.0,0.0,1,1,0,-1
german,xgboost,70,residence_since,relative_plus_10,0.1,2.0,2.2,0.7888972759246826,0.7888972759246826,0.0,0.0,1,1,0,-1
german,xgboost,71,residence_since,relative_plus_10,0.1,4.0,4.4,0.011137815192341805,0.011137815192341805,0.0,0.0,0,0,0,-1
german,xgboost,72,residence_since,relative_plus_10,0.1,2.0,2.2,0.04410647973418236,0.04410647973418236,0.0,0.0,0,0,0,-1
german,xgboost,73,residence_since,relative_plus_10,0.1,4.0,4.4,0.07533993571996689,0.07533993571996689,0.0,0.0,0,0,0,-1
german,xgboost,74,residence_since,relative_plus_10,0.1,3.0,3.3,0.0795583501458168,0.0795583501458168,0.0,0.0,0,0,0,-1
german,xgboost,75,residence_since,relative_plus_10,0.1,4.0,4.4,0.5273517370223999,0.5273517370223999,0.0,0.0,1,1,0,-1
german,xgboost,76,residence_since,relative_plus_10,0.1,4.0,4.4,0.3063080608844757,0.3063080608844757,0.0,0.0,0,0,0,-1
german,xgboost,77,residence_since,relative_plus_10,0.1,4.0,4.4,0.41087862849235535,0.41087862849235535,0.0,0.0,0,0,0,-1
german,xgboost,78,residence_since,relative_plus_10,0.1,2.0,2.2,0.04028629884123802,0.04028629884123802,0.0,0.0,0,0,0,-1
german,xgboost,79,residence_since,relative_plus_10,0.1,4.0,4.4,0.8726094961166382,0.8726094961166382,0.0,0.0,1,1,0,-1
german,xgboost,80,residence_since,relative_plus_10,0.1,4.0,4.4,0.3864430785179138,0.3864430785179138,0.0,0.0,0,0,0,-1
german,xgboost,81,residence_since,relative_plus_10,0.1,2.0,2.2,0.024771392345428467,0.024771392345428467,0.0,0.0,0,0,0,-1
german,xgboost,82,residence_since,relative_plus_10,0.1,4.0,4.4,0.2705821990966797,0.2705821990966797,0.0,0.0,0,0,0,-1
german,xgboost,83,residence_since,relative_plus_10,0.1,2.0,2.2,0.5973073244094849,0.5973073244094849,0.0,0.0,1,1,0,-1
german,xgboost,84,residence_since,relative_plus_10,0.1,4.0,4.4,0.14618752896785736,0.14618752896785736,0.0,0.0,0,0,0,-1
german,xgboost,85,residence_since,relative_plus_10,0.1,3.0,3.3,0.025881066918373108,0.025881066918373108,0.0,0.0,0,0,0,-1
german,xgboost,86,residence_since,relative_plus_10,0.1,2.0,2.2,0.02392105758190155,0.02392105758190155,0.0,0.0,0,0,0,-1
german,xgboost,87,residence_since,relative_plus_10,0.1,3.0,3.3,0.6968122720718384,0.6968122720718384,0.0,0.0,1,1,0,-1
german,xgboost,88,residence_since,relative_plus_10,0.1,2.0,2.2,0.003254662500694394,0.003254662500694394,0.0,0.0,0,0,0,-1
german,xgboost,89,residence_since,relative_plus_10,0.1,4.0,4.4,0.8224096298217773,0.8224096298217773,0.0,0.0,1,1,0,-1
german,xgboost,90,residence_since,relative_plus_10,0.1,4.0,4.4,0.5363795757293701,0.5363795757293701,0.0,0.0,1,1,0,-1
german,xgboost,91,residence_since,relative_plus_10,0.1,4.0,4.4,0.40955519676208496,0.40955519676208496,0.0,0.0,0,0,0,-1
german,xgboost,92,residence_since,relative_plus_10,0.1,4.0,4.4,0.4440574645996094,0.4440574645996094,0.0,0.0,0,0,0,-1
german,xgboost,93,residence_since,relative_plus_10,0.1,4.0,4.4,0.6884033679962158,0.6884033679962158,0.0,0.0,1,1,0,-1
german,xgboost,94,residence_since,relative_plus_10,0.1,2.0,2.2,0.012738422490656376,0.012738422490656376,0.0,0.0,0,0,0,-1
german,xgboost,95,residence_since,relative_plus_10,0.1,3.0,3.3,0.06840237975120544,0.06840237975120544,0.0,0.0,0,0,0,-1
german,xgboost,96,residence_since,relative_plus_10,0.1,4.0,4.4,0.2747651934623718,0.2747651934623718,0.0,0.0,0,0,0,-1
german,xgboost,97,residence_since,relative_plus_10,0.1,3.0,3.3,0.14724071323871613,0.14724071323871613,0.0,0.0,0,0,0,-1
german,xgboost,98,residence_since,relative_plus_10,0.1,3.0,3.3,0.4165569841861725,0.4165569841861725,0.0,0.0,0,0,0,-1
german,xgboost,99,residence_since,relative_plus_10,0.1,2.0,2.2,0.013321362435817719,0.013321362435817719,0.0,0.0,0,0,0,-1
german,xgboost,0,age,relative_minus_5,-0.05,37.0,38.85,0.14532507956027985,0.13763318955898285,-0.007691890001296997,0.007691890001296997,0,0,0,-1
german,xgboost,1,age,relative_minus_5,-0.05,28.0,29.4,0.3661198318004608,0.30146488547325134,-0.06465494632720947,0.06465494632720947,0,0,0,-1
german,xgboost,2,age,relative_minus_5,-0.05,40.0,42.0,0.09617456048727036,0.08309619873762131,-0.013078361749649048,0.013078361749649048,0,0,0,-1
german,xgboost,3,age,relative_minus_5,-0.05,39.0,40.95,0.05242149904370308,0.05242149904370308,0.0,0.0,0,0,0,-1
german,xgboost,4,age,relative_minus_5,-0.05,42.0,44.1,0.002389379311352968,0.0026965623255819082,0.00030718301422894,0.00030718301422894,0,0,0,-1
german,xgboost,5,age,relative_minus_5,-0.05,74.0,77.7,0.011241624131798744,0.011241624131798744,0.0,0.0,0,0,0,-1
german,xgboost,6,age,relative_minus_5,-0.05,38.0,39.9,0.02126064896583557,0.024548634886741638,0.003287985920906067,0.003287985920906067,0,0,0,-1
german,xgboost,7,age,relative_minus_5,-0.05,28.0,29.4,0.07431254535913467,0.06712476909160614,-0.007187776267528534,0.007187776267528534,0,0,0,-1
german,xgboost,8,age,relative_minus_5,-0.05,42.0,44.1,0.02867794781923294,0.031359877437353134,0.0026819296181201935,0.0026819296181201935,0,0,0,-1
german,xgboost,9,age,relative_minus_5,-0.05,23.0,24.15,0.8991640210151672,0.9105927348136902,0.01142871379852295,0.01142871379852295,1,1,0,-1
german,xgboost,10,age,relative_minus_5,-0.05,48.0,50.4,0.43120160698890686,0.4296409785747528,-0.0015606284141540527,0.0015606284141540527,0,0,0,-1
german,xgboost,11,age,relative_minus_5,-0.05,29.0,30.45,0.528389573097229,0.5445587635040283,0.016169190406799316,0.016169190406799316,1,1,0,-1
german,xgboost,12,age,relative_minus_5,-0.05,29.0,30.45,0.009822084568440914,0.010674549266695976,0.0008524646982550621,0.0008524646982550621,0,0,0,-1
german,xgboost,13,age,relative_minus_5,-0.05,24.0,25.2,0.11241460591554642,0.1834103912115097,0.07099578529596329,0.07099578529596329,0,0,0,-1
german,xgboost,14,age,relative_minus_5,-0.05,44.0,46.2,0.09716489166021347,0.0897316038608551,-0.007433287799358368,0.007433287799358368,0,0,0,-1
german,xgboost,15,age,relative_minus_5,-0.05,29.0,30.45,0.4787817597389221,0.46567603945732117,-0.013105720281600952,0.013105720281600952,0,0,0,-1
german,xgboost,16,age,relative_minus_5,-0.05,42.0,44.1,0.00277602463029325,0.002740240888670087,-3.578374162316322e-05,3.578374162316322e-05,0,0,0,-1
german,xgboost,17,age,relative_minus_5,-0.05,26.0,27.3,0.9572583436965942,0.9574878811836243,0.0002295374870300293,0.0002295374870300293,1,1,0,-1
german,xgboost,18,age,relative_minus_5,-0.05,26.0,27.3,0.09437244385480881,0.0878400206565857,-0.006532423198223114,0.006532423198223114,0,0,0,-1
german,xgboost,19,age,relative_minus_5,-0.05,33.0,34.65,0.9716695547103882,0.9724152088165283,0.0007456541061401367,0.0007456541061401367,1,1,0,-1
german,xgboost,20,age,relative_minus_5,-0.05,51.0,53.55,0.0550624243915081,0.08196283131837845,0.026900406926870346,0.026900406926870346,0,0,0,-1
german,xgboost,21,age,relative_minus_5,-0.05,36.0,37.8,0.018732847645878792,0.01915138214826584,0.0004185345023870468,0.0004185345023870468,0,0,0,-1
german,xgboost,22,age,relative_minus_5,-0.05,35.0,36.75,0.07416114211082458,0.059315577149391174,-0.01484556496143341,0.01484556496143341,0,0,0,-1
german,xgboost,23,age,relative_minus_5,-0.05,40.0,42.0,0.8707629442214966,0.8989930152893066,0.02823007106781006,0.02823007106781006,1,1,0,-1
german,xgboost,24,age,relative_minus_5,-0.05,29.0,30.45,0.7920497059822083,0.7295040488243103,-0.06254565715789795,0.06254565715789795,1,1,0,-1
german,xgboost,25,age,relative_minus_5,-0.05,28.0,29.4,0.4596281051635742,0.5046279430389404,0.04499983787536621,0.04499983787536621,0,1,1,-1
german,xgboost,26,age,relative_minus_5,-0.05,24.0,25.2,0.2782054543495178,0.24248094856739044,-0.03572450578212738,0.03572450578212738,0,0,0,-1
german,xgboost,27,age,relative_minus_5,-0.05,26.0,27.3,0.6968560814857483,0.7186292409896851,0.021773159503936768,0.021773159503936768,1,1,0,-1
german,xgboost,28,age,relative_minus_5,-0.05,24.0,25.2,0.0033986191265285015,0.0034141431096941233,1.5523983165621758e-05,1.5523983165621758e-05,0,0,0,-1
german,xgboost,29,age,relative_minus_5,-0.05,23.0,24.15,0.4393616020679474,0.5150807499885559,0.07571914792060852,0.07571914792060852,0,1,1,-1
german,xgboost,30,age,relative_minus_5,-0.05,46.0,48.3,0.4359388053417206,0.4131626486778259,-0.022776156663894653,0.022776156663894653,0,0,0,-1
german,xgboost,31,age,relative_minus_5,-0.05,22.0,23.1,0.2954026758670807,0.2731878161430359,-0.0222148597240448,0.0222148597240448,0,0,0,-1
german,xgboost,32,age,relative_minus_5,-0.05,36.0,37.8,0.016435444355010986,0.017467010766267776,0.0010315664112567902,0.0010315664112567902,0,0,0,-1
german,xgboost,33,age,relative_minus_5,-0.05,22.0,23.1,0.02008327655494213,0.015118318609893322,-0.004964957945048809,0.004964957945048809,0,0,0,-1
german,xgboost,34,age,relative_minus_5,-0.05,30.0,31.5,0.7229525446891785,0.758155107498169,0.03520256280899048,0.03520256280899048,1,1,0,-1
german,xgboost,35,age,relative_minus_5,-0.05,33.0,34.65,0.39703890681266785,0.4066900312900543,0.009651124477386475,0.009651124477386475,0,0,0,-1
german,xgboost,36,age,relative_minus_5,-0.05,31.0,32.55,0.8524562120437622,0.8541406989097595,0.0016844868659973145,0.0016844868659973145,1,1,0,-1
german,xgboost,37,age,relative_minus_5,-0.05,33.0,34.65,0.16694852709770203,0.17260777950286865,0.005659252405166626,0.005659252405166626,0,0,0,-1
german,xgboost,38,age,relative_minus_5,-0.05,42.0,44.1,0.38675543665885925,0.4102882444858551,0.02353280782699585,0.02353280782699585,0,0,0,-1
german,xgboost,39,age,relative_minus_5,-0.05,41.0,43.05,0.06428443640470505,0.06769507378339767,0.003410637378692627,0.003410637378692627,0,0,0,-1
german,xgboost,40,age,relative_minus_5,-0.05,27.0,28.35,0.6213107705116272,0.580001175403595,-0.04130959510803223,0.04130959510803223,1,1,0,-1
german,xgboost,41,age,relative_minus_5,-0.05,26.0,27.3,0.3211948573589325,0.3257410526275635,0.0045461952686309814,0.0045461952686309814,0,0,0,-1
german,xgboost,42,age,relative_minus_5,-0.05,24.0,25.2,0.5845916867256165,0.7029128074645996,0.11832112073898315,0.11832112073898315,1,1,0,-1
german,xgboost,43,age,relative_minus_5,-0.05,24.0,25.2,0.9279054999351501,0.9478733539581299,0.019967854022979736,0.019967854022979736,1,1,0,-1
german,xgboost,44,age,relative_minus_5,-0.05,36.0,37.8,0.35836517810821533,0.3680945932865143,0.00972941517829895,0.00972941517829895,0,0,0,-1
german,xgboost,45,age,relative_minus_5,-0.05,49.0,51.45,0.23765133321285248,0.23765133321285248,0.0,0.0,0,0,0,-1
german,xgboost,46,age,relative_minus_5,-0.05,47.0,49.35,0.015967916697263718,0.015027320012450218,-0.0009405966848134995,0.0009405966848134995,0,0,0,-1
german,xgboost,47,age,relative_minus_5,-0.05,23.0,24.15,0.10486079752445221,0.10794983059167862,0.00308903306722641,0.00308903306722641,0,0,0,-1
german,xgboost,48,age,relative_minus_5,-0.05,63.0,66.15,0.01368929073214531,0.01581735908985138,0.00212806835770607,0.00212806835770607,0,0,0,-1
german,xgboost,49,age,relative_minus_5,-0.05,58.0,60.9,0.362246036529541,0.3812200427055359,0.018974006175994873,0.018974006175994873,0,0,0,-1
german,xgboost,50,age,relative_minus_5,-0.05,35.0,36.75,0.059201136231422424,0.05551059916615486,-0.003690537065267563,0.003690537065267563,0,0,0,-1
german,xgboost,51,age,relative_minus_5,-0.05,37.0,38.85,0.2117272913455963,0.16814002394676208,-0.04358726739883423,0.04358726739883423,0,0,0,-1
german,xgboost,52,age,relative_minus_5,-0.05,31.0,32.55,0.1144600659608841,0.1179896891117096,0.0035296231508255005,0.0035296231508255005,0,0,0,-1
german,xgboost,53,age,relative_minus_5,-0.05,32.0,33.6,0.09461341053247452,0.10844721645116806,0.013833805918693542,0.013833805918693542,0,0,0,-1
german,xgboost,54,age,relative_minus_5,-0.05,28.0,29.4,0.7814464569091797,0.8076074123382568,0.02616095542907715,0.02616095542907715,1,1,0,-1
german,xgboost,55,age,relative_minus_5,-0.05,21.0,22.05,0.33212071657180786,0.3243599534034729,-0.007760763168334961,0.007760763168334961,0,0,0,-1
german,xgboost,56,age,relative_minus_5,-0.05,47.0,49.35,0.9168915748596191,0.9133287668228149,-0.0035628080368041992,0.0035628080368041992,1,1,0,-1
german,xgboost,57,age,relative_minus_5,-0.05,29.0,30.45,0.12220555543899536,0.11667552590370178,-0.005530029535293579,0.005530029535293579,0,0,0,-1
german,xgboost,58,age,relative_minus_5,-0.05,50.0,52.5,0.16189272701740265,0.15111780166625977,-0.010774925351142883,0.010774925351142883,0,0,0,-1
german,xgboost,59,age,relative_minus_5,-0.05,51.0,53.55,0.6315468549728394,0.6687241196632385,0.03717726469039917,0.03717726469039917,1,1,0,-1
german,xgboost,60,age,relative_minus_5,-0.05,29.0,30.45,0.12445571273565292,0.1339118331670761,0.009456120431423187,0.009456120431423187,0,0,0,-1
german,xgboost,61,age,relative_minus_5,-0.05,24.0,25.2,0.04100687429308891,0.04819600656628609,0.007189132273197174,0.007189132273197174,0,0,0,-1
german,xgboost,62,age,relative_minus_5,-0.05,30.0,31.5,0.5049558877944946,0.44008296728134155,-0.06487292051315308,0.06487292051315308,1,0,1,-1
german,xgboost,63,age,relative_minus_5,-0.05,32.0,33.6,0.41145092248916626,0.4616614282131195,0.05021050572395325,0.05021050572395325,0,0,0,-1
german,xgboost,64,age,relative_minus_5,-0.05,23.0,24.15,0.9233189821243286,0.9302720427513123,0.006953060626983643,0.006953060626983643,1,1,0,-1
german,xgboost,65,age,relative_minus_5,-0.05,32.0,33.6,0.164531871676445,0.17933014035224915,0.014798268675804138,0.014798268675804138,0,0,0,-1
german,xgboost,66,age,relative_minus_5,-0.05,54.0,56.7,0.31084004044532776,0.3121352195739746,0.0012951791286468506,0.0012951791286468506,0,0,0,-1
german,xgboost,67,age,relative_minus_5,-0.05,26.0,27.3,0.9614232182502747,0.9616312980651855,0.00020807981491088867,0.00020807981491088867,1,1,0,-1
german,xgboost,68,age,relative_minus_5,-0.05,43.0,45.15,0.48083576560020447,0.43645820021629333,-0.04437756538391113,0.04437756538391113,0,0,0,-1
german,xgboost,69,age,relative_minus_5,-0.05,25.0,26.25,0.7440284490585327,0.6526698470115662,-0.09135860204696655,0.09135860204696655,1,1,0,-1
german,xgboost,70,age,relative_minus_5,-0.05,26.0,27.3,0.7888972759246826,0.8059009909629822,0.01700371503829956,0.01700371503829956,1,1,0,-1
german,xgboost,71,age,relative_minus_5,-0.05,41.0,43.05,0.011137815192341805,0.016350915655493736,0.005213100463151932,0.005213100463151932,0,0,0,-1
german,xgboost,72,age,relative_minus_5,-0.05,31.0,32.55,0.04410647973418236,0.04313315078616142,-0.0009733289480209351,0.0009733289480209351,0,0,0,-1
german,xgboost,73,age,relative_minus_5,-0.05,38.0,39.9,0.07533993571996689,0.07820969074964523,0.0028697550296783447,0.0028697550296783447,0,0,0,-1
german,xgboost,74,age,relative_minus_5,-0.05,29.0,30.45,0.0795583501458168,0.07980141043663025,0.00024306029081344604,0.00024306029081344604,0,0,0,-1
german,xgboost,75,age,relative_minus_5,-0.05,23.0,24.15,0.5273517370223999,0.5234718322753906,-0.0038799047470092773,0.0038799047470092773,1,1,0,-1
german,xgboost,76,age,relative_minus_5,-0.05,57.0,59.85,0.3063080608844757,0.3347267508506775,0.028418689966201782,0.028418689966201782,0,0,0,-1
german,xgboost,77,age,relative_minus_5,-0.05,60.0,63.0,0.41087862849235535,0.2865767180919647,-0.12430191040039062,0.12430191040039062,0,0,0,-1
german,xgboost,78,age,relative_minus_5,-0.05,33.0,34.65,0.04028629884123802,0.0328037403523922,-0.007482558488845825,0.007482558488845825,0,0,0,-1
german,xgboost,79,age,relative_minus_5,-0.05,23.0,24.15,0.8726094961166382,0.8842862248420715,0.01167672872543335,0.01167672872543335,1,1,0,-1
german,xgboost,80,age,relative_minus_5,-0.05,21.0,22.05,0.3864430785179138,0.38998010754585266,0.0035370290279388428,0.0035370290279388428,0,0,0,-1
german,xgboost,81,age,relative_minus_5,-0.05,39.0,40.95,0.024771392345428467,0.024771392345428467,0.0,0.0,0,0,0,-1
german,xgboost,82,age,relative_minus_5,-0.05,23.0,24.15,0.2705821990966797,0.28749415278434753,0.016911953687667847,0.016911953687667847,0,0,0,-1
german,xgboost,83,age,relative_minus_5,-0.05,40.0,42.0,0.5973073244094849,0.6109179258346558,0.013610601425170898,0.013610601425170898,1,1,0,-1
german,xgboost,84,age,relative_minus_5,-0.05,37.0,38.85,0.14618752896785736,0.14226804673671722,-0.003919482231140137,0.003919482231140137,0,0,0,-1
german,xgboost,85,age,relative_minus_5,-0.05,49.0,51.45,0.025881066918373108,0.025881066918373108,0.0,0.0,0,0,0,-1
german,xgboost,86,age,relative_minus_5,-0.05,34.0,35.7,0.02392105758190155,0.020032159984111786,-0.0038888975977897644,0.0038888975977897644,0,0,0,-1
german,xgboost,87,age,relative_minus_5,-0.05,30.0,31.5,0.6968122720718384,0.7998520135879517,0.10303974151611328,0.10303974151611328,1,1,0,-1
german,xgboost,88,age,relative_minus_5,-0.05,27.0,28.35,0.003254662500694394,0.003300606971606612,4.5944470912218094e-05,4.5944470912218094e-05,0,0,0,-1
german,xgboost,89,age,relative_minus_5,-0.05,50.0,52.5,0.8224096298217773,0.8521227836608887,0.029713153839111328,0.029713153839111328,1,1,0,-1
german,xgboost,90,age,relative_minus_5,-0.05,56.0,58.8,0.5363795757293701,0.5546682476997375,0.01828867197036743,0.01828867197036743,1,1,0,-1
german,xgboost,91,age,relative_minus_5,-0.05,55.0,57.75,0.40955519676208496,0.40051886439323425,-0.009036332368850708,0.009036332368850708,0,0,0,-1
german,xgboost,92,age,relative_minus_5,-0.05,40.0,42.0,0.4440574645996094,0.4316665828227997,-0.012390881776809692,0.012390881776809692,0,0,0,-1
german,xgboost,93,age,relative_minus_5,-0.05,23.0,24.15,0.6884033679962158,0.690017580986023,0.001614212989807129,0.001614212989807129,1,1,0,-1
german,xgboost,94,age,relative_minus_5,-0.05,41.0,43.05,0.012738422490656376,0.010886495932936668,-0.0018519265577197075,0.0018519265577197075,0,0,0,-1
german,xgboost,95,age,relative_minus_5,-0.05,41.0,43.05,0.06840237975120544,0.07688524574041367,0.008482865989208221,0.008482865989208221,0,0,0,-1
german,xgboost,96,age,relative_minus_5,-0.05,26.0,27.3,0.2747651934623718,0.2687302529811859,-0.006034940481185913,0.006034940481185913,0,0,0,-1
german,xgboost,97,age,relative_minus_5,-0.05,48.0,50.4,0.14724071323871613,0.1494474560022354,0.002206742763519287,0.002206742763519287,0,0,0,-1
german,xgboost,98,age,relative_minus_5,-0.05,27.0,28.35,0.4165569841861725,0.5096288323402405,0.093071848154068,0.093071848154068,0,1,1,-1
german,xgboost,99,age,relative_minus_5,-0.05,61.0,64.05,0.013321362435817719,0.00959603302180767,-0.003725329414010048,0.003725329414010048,0,0,0,-1
german,xgboost,0,age,relative_plus_5,0.05,37.0,38.85,0.14532507956027985,0.13763318955898285,-0.007691890001296997,0.007691890001296997,0,0,0,-1
german,xgboost,1,age,relative_plus_5,0.05,28.0,29.4,0.3661198318004608,0.30146488547325134,-0.06465494632720947,0.06465494632720947,0,0,0,-1
german,xgboost,2,age,relative_plus_5,0.05,40.0,42.0,0.09617456048727036,0.08309619873762131,-0.013078361749649048,0.013078361749649048,0,0,0,-1
german,xgboost,3,age,relative_plus_5,0.05,39.0,40.95,0.05242149904370308,0.05242149904370308,0.0,0.0,0,0,0,-1
german,xgboost,4,age,relative_plus_5,0.05,42.0,44.1,0.002389379311352968,0.0026965623255819082,0.00030718301422894,0.00030718301422894,0,0,0,-1
german,xgboost,5,age,relative_plus_5,0.05,74.0,77.7,0.011241624131798744,0.011241624131798744,0.0,0.0,0,0,0,-1
german,xgboost,6,age,relative_plus_5,0.05,38.0,39.9,0.02126064896583557,0.024548634886741638,0.003287985920906067,0.003287985920906067,0,0,0,-1
german,xgboost,7,age,relative_plus_5,0.05,28.0,29.4,0.07431254535913467,0.06712476909160614,-0.007187776267528534,0.007187776267528534,0,0,0,-1
german,xgboost,8,age,relative_plus_5,0.05,42.0,44.1,0.02867794781923294,0.031359877437353134,0.0026819296181201935,0.0026819296181201935,0,0,0,-1
german,xgboost,9,age,relative_plus_5,0.05,23.0,24.15,0.8991640210151672,0.9105927348136902,0.01142871379852295,0.01142871379852295,1,1,0,-1
german,xgboost,10,age,relative_plus_5,0.05,48.0,50.4,0.43120160698890686,0.4296409785747528,-0.0015606284141540527,0.0015606284141540527,0,0,0,-1
german,xgboost,11,age,relative_plus_5,0.05,29.0,30.45,0.528389573097229,0.5445587635040283,0.016169190406799316,0.016169190406799316,1,1,0,-1
german,xgboost,12,age,relative_plus_5,0.05,29.0,30.45,0.009822084568440914,0.010674549266695976,0.0008524646982550621,0.0008524646982550621,0,0,0,-1
german,xgboost,13,age,relative_plus_5,0.05,24.0,25.2,0.11241460591554642,0.1834103912115097,0.07099578529596329,0.07099578529596329,0,0,0,-1
german,xgboost,14,age,relative_plus_5,0.05,44.0,46.2,0.09716489166021347,0.0897316038608551,-0.007433287799358368,0.007433287799358368,0,0,0,-1
german,xgboost,15,age,relative_plus_5,0.05,29.0,30.45,0.4787817597389221,0.46567603945732117,-0.013105720281600952,0.013105720281600952,0,0,0,-1
german,xgboost,16,age,relative_plus_5,0.05,42.0,44.1,0.00277602463029325,0.002740240888670087,-3.578374162316322e-05,3.578374162316322e-05,0,0,0,-1
german,xgboost,17,age,relative_plus_5,0.05,26.0,27.3,0.9572583436965942,0.9574878811836243,0.0002295374870300293,0.0002295374870300293,1,1,0,-1
german,xgboost,18,age,relative_plus_5,0.05,26.0,27.3,0.09437244385480881,0.0878400206565857,-0.006532423198223114,0.006532423198223114,0,0,0,-1
german,xgboost,19,age,relative_plus_5,0.05,33.0,34.65,0.9716695547103882,0.9724152088165283,0.0007456541061401367,0.0007456541061401367,1,1,0,-1
german,xgboost,20,age,relative_plus_5,0.05,51.0,53.55,0.0550624243915081,0.08196283131837845,0.026900406926870346,0.026900406926870346,0,0,0,-1
german,xgboost,21,age,relative_plus_5,0.05,36.0,37.8,0.018732847645878792,0.01915138214826584,0.0004185345023870468,0.0004185345023870468,0,0,0,-1
german,xgboost,22,age,relative_plus_5,0.05,35.0,36.75,0.07416114211082458,0.059315577149391174,-0.01484556496143341,0.01484556496143341,0,0,0,-1
german,xgboost,23,age,relative_plus_5,0.05,40.0,42.0,0.8707629442214966,0.8989930152893066,0.02823007106781006,0.02823007106781006,1,1,0,-1
german,xgboost,24,age,relative_plus_5,0.05,29.0,30.45,0.7920497059822083,0.7295040488243103,-0.06254565715789795,0.06254565715789795,1,1,0,-1
german,xgboost,25,age,relative_plus_5,0.05,28.0,29.4,0.4596281051635742,0.5046279430389404,0.04499983787536621,0.04499983787536621,0,1,1,-1
german,xgboost,26,age,relative_plus_5,0.05,24.0,25.2,0.2782054543495178,0.24248094856739044,-0.03572450578212738,0.03572450578212738,0,0,0,-1
german,xgboost,27,age,relative_plus_5,0.05,26.0,27.3,0.6968560814857483,0.7186292409896851,0.021773159503936768,0.021773159503936768,1,1,0,-1
german,xgboost,28,age,relative_plus_5,0.05,24.0,25.2,0.0033986191265285015,0.0034141431096941233,1.5523983165621758e-05,1.5523983165621758e-05,0,0,0,-1
german,xgboost,29,age,relative_plus_5,0.05,23.0,24.15,0.4393616020679474,0.5150807499885559,0.07571914792060852,0.07571914792060852,0,1,1,-1
german,xgboost,30,age,relative_plus_5,0.05,46.0,48.3,0.4359388053417206,0.4131626486778259,-0.022776156663894653,0.022776156663894653,0,0,0,-1
german,xgboost,31,age,relative_plus_5,0.05,22.0,23.1,0.2954026758670807,0.2731878161430359,-0.0222148597240448,0.0222148597240448,0,0,0,-1
german,xgboost,32,age,relative_plus_5,0.05,36.0,37.8,0.016435444355010986,0.017467010766267776,0.0010315664112567902,0.0010315664112567902,0,0,0,-1
german,xgboost,33,age,relative_plus_5,0.05,22.0,23.1,0.02008327655494213,0.015118318609893322,-0.004964957945048809,0.004964957945048809,0,0,0,-1
german,xgboost,34,age,relative_plus_5,0.05,30.0,31.5,0.7229525446891785,0.758155107498169,0.03520256280899048,0.03520256280899048,1,1,0,-1
german,xgboost,35,age,relative_plus_5,0.05,33.0,34.65,0.39703890681266785,0.4066900312900543,0.009651124477386475,0.009651124477386475,0,0,0,-1
german,xgboost,36,age,relative_plus_5,0.05,31.0,32.55,0.8524562120437622,0.8541406989097595,0.0016844868659973145,0.0016844868659973145,1,1,0,-1
german,xgboost,37,age,relative_plus_5,0.05,33.0,34.65,0.16694852709770203,0.17260777950286865,0.005659252405166626,0.005659252405166626,0,0,0,-1
german,xgboost,38,age,relative_plus_5,0.05,42.0,44.1,0.38675543665885925,0.4102882444858551,0.02353280782699585,0.02353280782699585,0,0,0,-1
german,xgboost,39,age,relative_plus_5,0.05,41.0,43.05,0.06428443640470505,0.06769507378339767,0.003410637378692627,0.003410637378692627,0,0,0,-1
german,xgboost,40,age,relative_plus_5,0.05,27.0,28.35,0.6213107705116272,0.580001175403595,-0.04130959510803223,0.04130959510803223,1,1,0,-1
german,xgboost,41,age,relative_plus_5,0.05,26.0,27.3,0.3211948573589325,0.3257410526275635,0.0045461952686309814,0.0045461952686309814,0,0,0,-1
german,xgboost,42,age,relative_plus_5,0.05,24.0,25.2,0.5845916867256165,0.7029128074645996,0.11832112073898315,0.11832112073898315,1,1,0,-1
german,xgboost,43,age,relative_plus_5,0.05,24.0,25.2,0.9279054999351501,0.9478733539581299,0.019967854022979736,0.019967854022979736,1,1,0,-1
german,xgboost,44,age,relative_plus_5,0.05,36.0,37.8,0.35836517810821533,0.3680945932865143,0.00972941517829895,0.00972941517829895,0,0,0,-1
german,xgboost,45,age,relative_plus_5,0.05,49.0,51.45,0.23765133321285248,0.23765133321285248,0.0,0.0,0,0,0,-1
german,xgboost,46,age,relative_plus_5,0.05,47.0,49.35,0.015967916697263718,0.015027320012450218,-0.0009405966848134995,0.0009405966848134995,0,0,0,-1
german,xgboost,47,age,relative_plus_5,0.05,23.0,24.15,0.10486079752445221,0.10794983059167862,0.00308903306722641,0.00308903306722641,0,0,0,-1
german,xgboost,48,age,relative_plus_5,0.05,63.0,66.15,0.01368929073214531,0.01581735908985138,0.00212806835770607,0.00212806835770607,0,0,0,-1
german,xgboost,49,age,relative_plus_5,0.05,58.0,60.9,0.362246036529541,0.3812200427055359,0.018974006175994873,0.018974006175994873,0,0,0,-1
german,xgboost,50,age,relative_plus_5,0.05,35.0,36.75,0.059201136231422424,0.05551059916615486,-0.003690537065267563,0.003690537065267563,0,0,0,-1
german,xgboost,51,age,relative_plus_5,0.05,37.0,38.85,0.2117272913455963,0.16814002394676208,-0.04358726739883423,0.04358726739883423,0,0,0,-1
german,xgboost,52,age,relative_plus_5,0.05,31.0,32.55,0.1144600659608841,0.1179896891117096,0.0035296231508255005,0.0035296231508255005,0,0,0,-1
german,xgboost,53,age,relative_plus_5,0.05,32.0,33.6,0.09461341053247452,0.10844721645116806,0.013833805918693542,0.013833805918693542,0,0,0,-1
german,xgboost,54,age,relative_plus_5,0.05,28.0,29.4,0.7814464569091797,0.8076074123382568,0.02616095542907715,0.02616095542907715,1,1,0,-1
german,xgboost,55,age,relative_plus_5,0.05,21.0,22.05,0.33212071657180786,0.3243599534034729,-0.007760763168334961,0.007760763168334961,0,0,0,-1
german,xgboost,56,age,relative_plus_5,0.05,47.0,49.35,0.9168915748596191,0.9133287668228149,-0.0035628080368041992,0.0035628080368041992,1,1,0,-1
german,xgboost,57,age,relative_plus_5,0.05,29.0,30.45,0.12220555543899536,0.11667552590370178,-0.005530029535293579,0.005530029535293579,0,0,0,-1
german,xgboost,58,age,relative_plus_5,0.05,50.0,52.5,0.16189272701740265,0.15111780166625977,-0.010774925351142883,0.010774925351142883,0,0,0,-1
german,xgboost,59,age,relative_plus_5,0.05,51.0,53.55,0.6315468549728394,0.6687241196632385,0.03717726469039917,0.03717726469039917,1,1,0,-1
german,xgboost,60,age,relative_plus_5,0.05,29.0,30.45,0.12445571273565292,0.1339118331670761,0.009456120431423187,0.009456120431423187,0,0,0,-1
german,xgboost,61,age,relative_plus_5,0.05,24.0,25.2,0.04100687429308891,0.04819600656628609,0.007189132273197174,0.007189132273197174,0,0,0,-1
german,xgboost,62,age,relative_plus_5,0.05,30.0,31.5,0.5049558877944946,0.44008296728134155,-0.06487292051315308,0.06487292051315308,1,0,1,-1
german,xgboost,63,age,relative_plus_5,0.05,32.0,33.6,0.41145092248916626,0.4616614282131195,0.05021050572395325,0.05021050572395325,0,0,0,-1
german,xgboost,64,age,relative_plus_5,0.05,23.0,24.15,0.9233189821243286,0.9302720427513123,0.006953060626983643,0.006953060626983643,1,1,0,-1
german,xgboost,65,age,relative_plus_5,0.05,32.0,33.6,0.164531871676445,0.17933014035224915,0.014798268675804138,0.014798268675804138,0,0,0,-1
german,xgboost,66,age,relative_plus_5,0.05,54.0,56.7,0.31084004044532776,0.3121352195739746,0.0012951791286468506,0.0012951791286468506,0,0,0,-1
german,xgboost,67,age,relative_plus_5,0.05,26.0,27.3,0.9614232182502747,0.9616312980651855,0.00020807981491088867,0.00020807981491088867,1,1,0,-1
german,xgboost,68,age,relative_plus_5,0.05,43.0,45.15,0.48083576560020447,0.43645820021629333,-0.04437756538391113,0.04437756538391113,0,0,0,-1
german,xgboost,69,age,relative_plus_5,0.05,25.0,26.25,0.7440284490585327,0.6526698470115662,-0.09135860204696655,0.09135860204696655,1,1,0,-1
german,xgboost,70,age,relative_plus_5,0.05,26.0,27.3,0.7888972759246826,0.8059009909629822,0.01700371503829956,0.01700371503829956,1,1,0,-1
german,xgboost,71,age,relative_plus_5,0.05,41.0,43.05,0.011137815192341805,0.016350915655493736,0.005213100463151932,0.005213100463151932,0,0,0,-1
german,xgboost,72,age,relative_plus_5,0.05,31.0,32.55,0.04410647973418236,0.04313315078616142,-0.0009733289480209351,0.0009733289480209351,0,0,0,-1
german,xgboost,73,age,relative_plus_5,0.05,38.0,39.9,0.07533993571996689,0.07820969074964523,0.0028697550296783447,0.0028697550296783447,0,0,0,-1
german,xgboost,74,age,relative_plus_5,0.05,29.0,30.45,0.0795583501458168,0.07980141043663025,0.00024306029081344604,0.00024306029081344604,0,0,0,-1
german,xgboost,75,age,relative_plus_5,0.05,23.0,24.15,0.5273517370223999,0.5234718322753906,-0.0038799047470092773,0.0038799047470092773,1,1,0,-1
german,xgboost,76,age,relative_plus_5,0.05,57.0,59.85,0.3063080608844757,0.3347267508506775,0.028418689966201782,0.028418689966201782,0,0,0,-1
german,xgboost,77,age,relative_plus_5,0.05,60.0,63.0,0.41087862849235535,0.2865767180919647,-0.12430191040039062,0.12430191040039062,0,0,0,-1
german,xgboost,78,age,relative_plus_5,0.05,33.0,34.65,0.04028629884123802,0.0328037403523922,-0.007482558488845825,0.007482558488845825,0,0,0,-1
german,xgboost,79,age,relative_plus_5,0.05,23.0,24.15,0.8726094961166382,0.8842862248420715,0.01167672872543335,0.01167672872543335,1,1,0,-1
german,xgboost,80,age,relative_plus_5,0.05,21.0,22.05,0.3864430785179138,0.38998010754585266,0.0035370290279388428,0.0035370290279388428,0,0,0,-1
german,xgboost,81,age,relative_plus_5,0.05,39.0,40.95,0.024771392345428467,0.024771392345428467,0.0,0.0,0,0,0,-1
german,xgboost,82,age,relative_plus_5,0.05,23.0,24.15,0.2705821990966797,0.28749415278434753,0.016911953687667847,0.016911953687667847,0,0,0,-1
german,xgboost,83,age,relative_plus_5,0.05,40.0,42.0,0.5973073244094849,0.6109179258346558,0.013610601425170898,0.013610601425170898,1,1,0,-1
german,xgboost,84,age,relative_plus_5,0.05,37.0,38.85,0.14618752896785736,0.14226804673671722,-0.003919482231140137,0.003919482231140137,0,0,0,-1
german,xgboost,85,age,relative_plus_5,0.05,49.0,51.45,0.025881066918373108,0.025881066918373108,0.0,0.0,0,0,0,-1
german,xgboost,86,age,relative_plus_5,0.05,34.0,35.7,0.02392105758190155,0.020032159984111786,-0.0038888975977897644,0.0038888975977897644,0,0,0,-1
german,xgboost,87,age,relative_plus_5,0.05,30.0,31.5,0.6968122720718384,0.7998520135879517,0.10303974151611328,0.10303974151611328,1,1,0,-1
german,xgboost,88,age,relative_plus_5,0.05,27.0,28.35,0.003254662500694394,0.003300606971606612,4.5944470912218094e-05,4.5944470912218094e-05,0,0,0,-1
german,xgboost,89,age,relative_plus_5,0.05,50.0,52.5,0.8224096298217773,0.8521227836608887,0.029713153839111328,0.029713153839111328,1,1,0,-1
german,xgboost,90,age,relative_plus_5,0.05,56.0,58.8,0.5363795757293701,0.5546682476997375,0.01828867197036743,0.01828867197036743,1,1,0,-1
german,xgboost,91,age,relative_plus_5,0.05,55.0,57.75,0.40955519676208496,0.40051886439323425,-0.009036332368850708,0.009036332368850708,0,0,0,-1
german,xgboost,92,age,relative_plus_5,0.05,40.0,42.0,0.4440574645996094,0.4316665828227997,-0.012390881776809692,0.012390881776809692,0,0,0,-1
german,xgboost,93,age,relative_plus_5,0.05,23.0,24.15,0.6884033679962158,0.690017580986023,0.001614212989807129,0.001614212989807129,1,1,0,-1
german,xgboost,94,age,relative_plus_5,0.05,41.0,43.05,0.012738422490656376,0.010886495932936668,-0.0018519265577197075,0.0018519265577197075,0,0,0,-1
german,xgboost,95,age,relative_plus_5,0.05,41.0,43.05,0.06840237975120544,0.07688524574041367,0.008482865989208221,0.008482865989208221,0,0,0,-1
german,xgboost,96,age,relative_plus_5,0.05,26.0,27.3,0.2747651934623718,0.2687302529811859,-0.006034940481185913,0.006034940481185913,0,0,0,-1
german,xgboost,97,age,relative_plus_5,0.05,48.0,50.4,0.14724071323871613,0.1494474560022354,0.002206742763519287,0.002206742763519287,0,0,0,-1
german,xgboost,98,age,relative_plus_5,0.05,27.0,28.35,0.4165569841861725,0.5096288323402405,0.093071848154068,0.093071848154068,0,1,1,-1
german,xgboost,99,age,relative_plus_5,0.05,61.0,64.05,0.013321362435817719,0.00959603302180767,-0.003725329414010048,0.003725329414010048,0,0,0,-1
german,xgboost,0,age,relative_minus_10,-0.1,37.0,40.7,0.14532507956027985,0.14243289828300476,-0.0028921812772750854,0.0028921812772750854,0,0,0,-1
german,xgboost,1,age,relative_minus_10,-0.1,28.0,30.8,0.3661198318004608,0.2567388117313385,-0.10938102006912231,0.10938102006912231,0,0,0,-1
german,xgboost,2,age,relative_minus_10,-0.1,40.0,44.0,0.09617456048727036,0.0850192978978157,-0.011155262589454651,0.011155262589454651,0,0,0,-1
german,xgboost,3,age,relative_minus_10,-0.1,39.0,42.9,0.05242149904370308,0.06494638323783875,0.012524884194135666,0.012524884194135666,0,0,0,-1
german,xgboost,4,age,relative_minus_10,-0.1,42.0,46.2,0.002389379311352968,0.002328992122784257,-6.038718856871128e-05,6.038718856871128e-05,0,0,0,-1
german,xgboost,5,age,relative_minus_10,-0.1,74.0,81.4,0.011241624131798744,0.011241624131798744,0.0,0.0,0,0,0,-1
german,xgboost,6,age,relative_minus_10,-0.1,38.0,41.8,0.02126064896583557,0.026355592533946037,0.005094943568110466,0.005094943568110466,0,0,0,-1
german,xgboost,7,age,relative_minus_10,-0.1,28.0,30.8,0.07431254535913467,0.057898398488759995,-0.01641414687037468,0.01641414687037468,0,0,0,-1
german,xgboost,8,age,relative_minus_10,-0.1,42.0,46.2,0.02867794781923294,0.027396107092499733,-0.0012818407267332077,0.0012818407267332077,0,0,0,-1
german,xgboost,9,age,relative_minus_10,-0.1,23.0,25.3,0.8991640210151672,0.9456906318664551,0.04652661085128784,0.04652661085128784,1,1,0,-1
german,xgboost,10,age,relative_minus_10,-0.1,48.0,52.8,0.43120160698890686,0.44508400559425354,0.01388239860534668,0.01388239860534668,0,0,0,-1
german,xgboost,11,age,relative_minus_10,-0.1,29.0,31.9,0.528389573097229,0.5594446063041687,0.031055033206939697,0.031055033206939697,1,1,0,-1
german,xgboost,12,age,relative_minus_10,-0.1,29.0,31.9,0.009822084568440914,0.00999328400939703,0.00017119944095611572,0.00017119944095611572,0,0,0,-1
german,xgboost,13,age,relative_minus_10,-0.1,24.0,26.4,0.11241460591554642,0.12732017040252686,0.014905564486980438,0.014905564486980438,0,0,0,-1
german,xgboost,14,age,relative_minus_10,-0.1,44.0,48.4,0.09716489166021347,0.08574272692203522,-0.011422164738178253,0.011422164738178253,0,0,0,-1
german,xgboost,15,age,relative_minus_10,-0.1,29.0,31.9,0.4787817597389221,0.5703742504119873,0.09159249067306519,0.09159249067306519,0,1,1,-1
german,xgboost,16,age,relative_minus_10,-0.1,42.0,46.2,0.00277602463029325,0.0025839388836175203,-0.00019208574667572975,0.00019208574667572975,0,0,0,-1
german,xgboost,17,age,relative_minus_10,-0.1,26.0,28.6,0.9572583436965942,0.9586751461029053,0.0014168024063110352,0.0014168024063110352,1,1,0,-1
german,xgboost,18,age,relative_minus_10,-0.1,26.0,28.6,0.09437244385480881,0.1057392954826355,0.01136685162782669,0.01136685162782669,0,0,0,-1
german,xgboost,19,age,relative_minus_10,-0.1,33.0,36.3,0.9716695547103882,0.9583033323287964,-0.013366222381591797,0.013366222381591797,1,1,0,-1
german,xgboost,20,age,relative_minus_10,-0.1,51.0,56.1,0.0550624243915081,0.08666061609983444,0.03159819170832634,0.03159819170832634,0,0,0,-1
german,xgboost,21,age,relative_minus_10,-0.1,36.0,39.6,0.018732847645878792,0.015076237730681896,-0.0036566099151968956,0.0036566099151968956,0,0,0,-1
german,xgboost,22,age,relative_minus_10,-0.1,35.0,38.5,0.07416114211082458,0.045778073370456696,-0.02838306874036789,0.02838306874036789,0,0,0,-1
german,xgboost,23,age,relative_minus_10,-0.1,40.0,44.0,0.8707629442214966,0.9089243412017822,0.038161396980285645,0.038161396980285645,1,1,0,-1
german,xgboost,24,age,relative_minus_10,-0.1,29.0,31.9,0.7920497059822083,0.7346944808959961,-0.05735522508621216,0.05735522508621216,1,1,0,-1
german,xgboost,25,age,relative_minus_10,-0.1,28.0,30.8,0.4596281051635742,0.5085645318031311,0.048936426639556885,0.048936426639556885,0,1,1,-1
german,xgboost,26,age,relative_minus_10,-0.1,24.0,26.4,0.2782054543495178,0.1995895504951477,-0.07861590385437012,0.07861590385437012,0,0,0,-1
german,xgboost,27,age,relative_minus_10,-0.1,26.0,28.6,0.6968560814857483,0.7742350101470947,0.07737892866134644,0.07737892866134644,1,1,0,-1
german,xgboost,28,age,relative_minus_10,-0.1,24.0,26.4,0.0033986191265285015,0.00229312083683908,-0.0011054982896894217,0.0011054982896894217,0,0,0,-1
german,xgboost,29,age,relative_minus_10,-0.1,23.0,25.3,0.4393616020679474,0.5985587239265442,0.1591971218585968,0.1591971218585968,0,1,1,-1
german,xgboost,30,age,relative_minus_10,-0.1,46.0,50.6,0.4359388053417206,0.3915010690689087,-0.04443773627281189,0.04443773627281189,0,0,0,-1
german,xgboost,31,age,relative_minus_10,-0.1,22.0,24.2,0.2954026758670807,0.3025757968425751,0.007173120975494385,0.007173120975494385,0,0,0,-1
german,xgboost,32,age,relative_minus_10,-0.1,36.0,39.6,0.016435444355010986,0.012490382418036461,-0.0039450619369745255,0.0039450619369745255,0,0,0,-1
german,xgboost,33,age,relative_minus_10,-0.1,22.0,24.2,0.02008327655494213,0.014569483697414398,-0.005513792857527733,0.005513792857527733,0,0,0,-1
german,xgboost,34,age,relative_minus_10,-0.1,30.0,33.0,0.7229525446891785,0.8153392672538757,0.09238672256469727,0.09238672256469727,1,1,0,-1
german,xgboost,35,age,relative_minus_10,-0.1,33.0,36.3,0.39703890681266785,0.34159961342811584,-0.055439293384552,0.055439293384552,0,0,0,-1
german,xgboost,36,age,relative_minus_10,-0.1,31.0,34.1,0.8524562120437622,0.8800744414329529,0.027618229389190674,0.027618229389190674,1,1,0,-1
german,xgboost,37,age,relative_minus_10,-0.1,33.0,36.3,0.16694852709770203,0.1518491953611374,-0.015099331736564636,0.015099331736564636,0,0,0,-1
german,xgboost,38,age,relative_minus_10,-0.1,42.0,46.2,0.38675543665885925,0.450079083442688,0.06332364678382874,0.06332364678382874,0,0,0,-1
german,xgboost,39,age,relative_minus_10,-0.1,41.0,45.1,0.06428443640470505,0.07236980646848679,0.008085370063781738,0.008085370063781738,0,0,0,-1
german,xgboost,40,age,relative_minus_10,-0.1,27.0,29.7,0.6213107705116272,0.5062506794929504,-0.11506009101867676,0.11506009101867676,1,1,0,-1
german,xgboost,41,age,relative_minus_10,-0.1,26.0,28.6,0.3211948573589325,0.4504307508468628,0.1292358934879303,0.1292358934879303,0,0,0,-1
german,xgboost,42,age,relative_minus_10,-0.1,24.0,26.4,0.5845916867256165,0.6825025677680969,0.09791088104248047,0.09791088104248047,1,1,0,-1
german,xgboost,43,age,relative_minus_10,-0.1,24.0,26.4,0.9279054999351501,0.9360946416854858,0.008189141750335693,0.008189141750335693,1,1,0,-1
german,xgboost,44,age,relative_minus_10,-0.1,36.0,39.6,0.35836517810821533,0.39486807584762573,0.0365028977394104,0.0365028977394104,0,0,0,-1
german,xgboost,45,age,relative_minus_10,-0.1,49.0,53.9,0.23765133321285248,0.28754669427871704,0.04989536106586456,0.04989536106586456,0,0,0,-1
german,xgboost,46,age,relative_minus_10,-0.1,47.0,51.7,0.015967916697263718,0.015027320012450218,-0.0009405966848134995,0.0009405966848134995,0,0,0,-1
german,xgboost,47,age,relative_minus_10,-0.1,23.0,25.3,0.10486079752445221,0.15134602785110474,0.04648523032665253,0.04648523032665253,0,0,0,-1
german,xgboost,48,age,relative_minus_10,-0.1,63.0,69.3,0.01368929073214531,0.01581735908985138,0.00212806835770607,0.00212806835770607,0,0,0,-1
german,xgboost,49,age,relative_minus_10,-0.1,58.0,63.8,0.362246036529541,0.2970161736011505,-0.0652298629283905,0.0652298629283905,0,0,0,-1
german,xgboost,50,age,relative_minus_10,-0.1,35.0,38.5,0.059201136231422424,0.053824104368686676,-0.005377031862735748,0.005377031862735748,0,0,0,-1
german,xgboost,51,age,relative_minus_10,-0.1,37.0,40.7,0.2117272913455963,0.1710887849330902,-0.040638506412506104,0.040638506412506104,0,0,0,-1
german,xgboost,52,age,relative_minus_10,-0.1,31.0,34.1,0.1144600659608841,0.15662619471549988,0.042166128754615784,0.042166128754615784,0,0,0,-1
german,xgboost,53,age,relative_minus_10,-0.1,32.0,35.2,0.09461341053247452,0.0971810519695282,0.0025676414370536804,0.0025676414370536804,0,0,0,-1
german,xgboost,54,age,relative_minus_10,-0.1,28.0,30.8,0.7814464569091797,0.7988208532333374,0.017374396324157715,0.017374396324157715,1,1,0,-1
german,xgboost,55,age,relative_minus_10,-0.1,21.0,23.1,0.33212071657180786,0.33679133653640747,0.004670619964599609,0.004670619964599609,0,0,0,-1
german,xgboost,56,age,relative_minus_10,-0.1,47.0,51.7,0.9168915748596191,0.9133287668228149,-0.0035628080368041992,0.0035628080368041992,1,1,0,-1
german,xgboost,57,age,relative_minus_10,-0.1,29.0,31.9,0.12220555543899536,0.11489284783601761,-0.007312707602977753,0.007312707602977753,0,0,0,-1
german,xgboost,58,age,relative_minus_10,-0.1,50.0,55.0,0.16189272701740265,0.11835798621177673,-0.043534740805625916,0.043534740805625916,0,0,0,-1
german,xgboost,59,age,relative_minus_10,-0.1,51.0,56.1,0.6315468549728394,0.6393104791641235,0.00776362419128418,0.00776362419128418,1,1,0,-1
german,xgboost,60,age,relative_minus_10,-0.1,29.0,31.9,0.12445571273565292,0.18488852679729462,0.06043281406164169,0.06043281406164169,0,0,0,-1
german,xgboost,61,age,relative_minus_10,-0.1,24.0,26.4,0.04100687429308891,0.04080405831336975,-0.000202815979719162,0.000202815979719162,0,0,0,-1
german,xgboost,62,age,relative_minus_10,-0.1,30.0,33.0,0.5049558877944946,0.5005092620849609,-0.004446625709533691,0.004446625709533691,1,1,0,-1
german,xgboost,63,age,relative_minus_10,-0.1,32.0,35.2,0.41145092248916626,0.4464386999607086,0.03498777747154236,0.03498777747154236,0,0,0,-1
german,xgboost,64,age,relative_minus_10,-0.1,23.0,25.3,0.9233189821243286,0.9494537711143494,0.026134788990020752,0.026134788990020752,1,1,0,-1
german,xgboost,65,age,relative_minus_10,-0.1,32.0,35.2,0.164531871676445,0.1784876585006714,0.01395578682422638,0.01395578682422638,0,0,0,-1
german,xgboost,66,age,relative_minus_10,-0.1,54.0,59.4,0.31084004044532776,0.33974921703338623,0.02890917658805847,0.02890917658805847,0,0,0,-1
german,xgboost,67,age,relative_minus_10,-0.1,26.0,28.6,0.9614232182502747,0.9614656567573547,4.2438507080078125e-05,4.2438507080078125e-05,1,1,0,-1
german,xgboost,68,age,relative_minus_10,-0.1,43.0,47.3,0.48083576560020447,0.4390009641647339,-0.04183480143547058,0.04183480143547058,0,0,0,-1
german,xgboost,69,age,relative_minus_10,-0.1,25.0,27.5,0.7440284490585327,0.6345706582069397,-0.10945779085159302,0.10945779085159302,1,1,0,-1
german,xgboost,70,age,relative_minus_10,-0.1,26.0,28.6,0.7888972759246826,0.8784031867980957,0.08950591087341309,0.08950591087341309,1,1,0,-1
german,xgboost,71,age,relative_minus_10,-0.1,41.0,45.1,0.011137815192341805,0.018114401027560234,0.0069765858352184296,0.0069765858352184296,0,0,0,-1
german,xgboost,72,age,relative_minus_10,-0.1,31.0,34.1,0.04410647973418236,0.05988762527704239,0.01578114554286003,0.01578114554286003,0,0,0,-1
german,xgboost,73,age,relative_minus_10,-0.1,38.0,41.8,0.07533993571996689,0.08653869479894638,0.011198759078979492,0.011198759078979492,0,0,0,-1
german,xgboost,74,age,relative_minus_10,-0.1,29.0,31.9,0.0795583501458168,0.08175303786993027,0.0021946877241134644,0.0021946877241134644,0,0,0,-1
german,xgboost,75,age,relative_minus_10,-0.1,23.0,25.3,0.5273517370223999,0.5728835463523865,0.04553180932998657,0.04553180932998657,1,1,0,-1
german,xgboost,76,age,relative_minus_10,-0.1,57.0,62.7,0.3063080608844757,0.24037066102027893,-0.06593739986419678,0.06593739986419678,0,0,0,-1
german,xgboost,77,age,relative_minus_10,-0.1,60.0,66.0,0.41087862849235535,0.31747201085090637,-0.09340661764144897,0.09340661764144897,0,0,0,-1
german,xgboost,78,age,relative_minus_10,-0.1,33.0,36.3,0.04028629884123802,0.018451280891895294,-0.021835017949342728,0.021835017949342728,0,0,0,-1
german,xgboost,79,age,relative_minus_10,-0.1,23.0,25.3,0.8726094961166382,0.9068195819854736,0.03421008586883545,0.03421008586883545,1,1,0,-1
german,xgboost,80,age,relative_minus_10,-0.1,21.0,23.1,0.3864430785179138,0.3607577681541443,-0.02568531036376953,0.02568531036376953,0,0,0,-1
german,xgboost,81,age,relative_minus_10,-0.1,39.0,42.9,0.024771392345428467,0.02699490636587143,0.0022235140204429626,0.0022235140204429626,0,0,0,-1
german,xgboost,82,age,relative_minus_10,-0.1,23.0,25.3,0.2705821990966797,0.3389812409877777,0.06839904189109802,0.06839904189109802,0,0,0,-1
german,xgboost,83,age,relative_minus_10,-0.1,40.0,44.0,0.5973073244094849,0.6416135430335999,0.04430621862411499,0.04430621862411499,1,1,0,-1
german,xgboost,84,age,relative_minus_10,-0.1,37.0,40.7,0.14618752896785736,0.16082286834716797,0.014635339379310608,0.014635339379310608,0,0,0,-1
german,xgboost,85,age,relative_minus_10,-0.1,49.0,53.9,0.025881066918373108,0.03741813451051712,0.011537067592144012,0.011537067592144012,0,0,0,-1
german,xgboost,86,age,relative_minus_10,-0.1,34.0,37.4,0.02392105758190155,0.017267325893044472,-0.0066537316888570786,0.0066537316888570786,0,0,0,-1
german,xgboost,87,age,relative_minus_10,-0.1,30.0,33.0,0.6968122720718384,0.8361077308654785,0.13929545879364014,0.13929545879364014,1,1,0,-1
german,xgboost,88,age,relative_minus_10,-0.1,27.0,29.7,0.003254662500694394,0.002583462279289961,-0.0006712002214044333,0.0006712002214044333,0,0,0,-1
german,xgboost,89,age,relative_minus_10,-0.1,50.0,55.0,0.8224096298217773,0.8644344806671143,0.042024850845336914,0.042024850845336914,1,1,0,-1
german,xgboost,90,age,relative_minus_10,-0.1,56.0,61.6,0.5363795757293701,0.5462709069252014,0.009891331195831299,0.009891331195831299,1,1,0,-1
german,xgboost,91,age,relative_minus_10,-0.1,55.0,60.5,0.40955519676208496,0.47398480772972107,0.06442961096763611,0.06442961096763611,0,0,0,-1
german,xgboost,92,age,relative_minus_10,-0.1,40.0,44.0,0.4440574645996094,0.4513227045536041,0.007265239953994751,0.007265239953994751,0,0,0,-1
german,xgboost,93,age,relative_minus_10,-0.1,23.0,25.3,0.6884033679962158,0.6800723671913147,-0.008331000804901123,0.008331000804901123,1,1,0,-1
german,xgboost,94,age,relative_minus_10,-0.1,41.0,45.1,0.012738422490656376,0.01007774006575346,-0.002660682424902916,0.002660682424902916,0,0,0,-1
german,xgboost,95,age,relative_minus_10,-0.1,41.0,45.1,0.06840237975120544,0.07099711149930954,0.0025947317481040955,0.0025947317481040955,0,0,0,-1
german,xgboost,96,age,relative_minus_10,-0.1,26.0,28.6,0.2747651934623718,0.26318779587745667,-0.011577397584915161,0.011577397584915161,0,0,0,-1
german,xgboost,97,age,relative_minus_10,-0.1,48.0,52.8,0.14724071323871613,0.16979728639125824,0.022556573152542114,0.022556573152542114,0,0,0,-1
german,xgboost,98,age,relative_minus_10,-0.1,27.0,29.7,0.4165569841861725,0.5306761860847473,0.11411920189857483,0.11411920189857483,0,1,1,-1
german,xgboost,99,age,relative_minus_10,-0.1,61.0,67.1,0.013321362435817719,0.009914741851389408,-0.0034066205844283104,0.0034066205844283104,0,0,0,-1
german,xgboost,0,age,relative_plus_10,0.1,37.0,40.7,0.14532507956027985,0.14243289828300476,-0.0028921812772750854,0.0028921812772750854,0,0,0,-1
german,xgboost,1,age,relative_plus_10,0.1,28.0,30.8,0.3661198318004608,0.2567388117313385,-0.10938102006912231,0.10938102006912231,0,0,0,-1
german,xgboost,2,age,relative_plus_10,0.1,40.0,44.0,0.09617456048727036,0.0850192978978157,-0.011155262589454651,0.011155262589454651,0,0,0,-1
german,xgboost,3,age,relative_plus_10,0.1,39.0,42.9,0.05242149904370308,0.06494638323783875,0.012524884194135666,0.012524884194135666,0,0,0,-1
german,xgboost,4,age,relative_plus_10,0.1,42.0,46.2,0.002389379311352968,0.002328992122784257,-6.038718856871128e-05,6.038718856871128e-05,0,0,0,-1
german,xgboost,5,age,relative_plus_10,0.1,74.0,81.4,0.011241624131798744,0.011241624131798744,0.0,0.0,0,0,0,-1
german,xgboost,6,age,relative_plus_10,0.1,38.0,41.8,0.02126064896583557,0.026355592533946037,0.005094943568110466,0.005094943568110466,0,0,0,-1
german,xgboost,7,age,relative_plus_10,0.1,28.0,30.8,0.07431254535913467,0.057898398488759995,-0.01641414687037468,0.01641414687037468,0,0,0,-1
german,xgboost,8,age,relative_plus_10,0.1,42.0,46.2,0.02867794781923294,0.027396107092499733,-0.0012818407267332077,0.0012818407267332077,0,0,0,-1
german,xgboost,9,age,relative_plus_10,0.1,23.0,25.3,0.8991640210151672,0.9456906318664551,0.04652661085128784,0.04652661085128784,1,1,0,-1
german,xgboost,10,age,relative_plus_10,0.1,48.0,52.8,0.43120160698890686,0.44508400559425354,0.01388239860534668,0.01388239860534668,0,0,0,-1
german,xgboost,11,age,relative_plus_10,0.1,29.0,31.9,0.528389573097229,0.5594446063041687,0.031055033206939697,0.031055033206939697,1,1,0,-1
german,xgboost,12,age,relative_plus_10,0.1,29.0,31.9,0.009822084568440914,0.00999328400939703,0.00017119944095611572,0.00017119944095611572,0,0,0,-1
german,xgboost,13,age,relative_plus_10,0.1,24.0,26.4,0.11241460591554642,0.12732017040252686,0.014905564486980438,0.014905564486980438,0,0,0,-1
german,xgboost,14,age,relative_plus_10,0.1,44.0,48.4,0.09716489166021347,0.08574272692203522,-0.011422164738178253,0.011422164738178253,0,0,0,-1
german,xgboost,15,age,relative_plus_10,0.1,29.0,31.9,0.4787817597389221,0.5703742504119873,0.09159249067306519,0.09159249067306519,0,1,1,-1
german,xgboost,16,age,relative_plus_10,0.1,42.0,46.2,0.00277602463029325,0.0025839388836175203,-0.00019208574667572975,0.00019208574667572975,0,0,0,-1
german,xgboost,17,age,relative_plus_10,0.1,26.0,28.6,0.9572583436965942,0.9586751461029053,0.0014168024063110352,0.0014168024063110352,1,1,0,-1
german,xgboost,18,age,relative_plus_10,0.1,26.0,28.6,0.09437244385480881,0.1057392954826355,0.01136685162782669,0.01136685162782669,0,0,0,-1
german,xgboost,19,age,relative_plus_10,0.1,33.0,36.3,0.9716695547103882,0.9583033323287964,-0.013366222381591797,0.013366222381591797,1,1,0,-1
german,xgboost,20,age,relative_plus_10,0.1,51.0,56.1,0.0550624243915081,0.08666061609983444,0.03159819170832634,0.03159819170832634,0,0,0,-1
german,xgboost,21,age,relative_plus_10,0.1,36.0,39.6,0.018732847645878792,0.015076237730681896,-0.0036566099151968956,0.0036566099151968956,0,0,0,-1
german,xgboost,22,age,relative_plus_10,0.1,35.0,38.5,0.07416114211082458,0.045778073370456696,-0.02838306874036789,0.02838306874036789,0,0,0,-1
german,xgboost,23,age,relative_plus_10,0.1,40.0,44.0,0.8707629442214966,0.9089243412017822,0.038161396980285645,0.038161396980285645,1,1,0,-1
german,xgboost,24,age,relative_plus_10,0.1,29.0,31.9,0.7920497059822083,0.7346944808959961,-0.05735522508621216,0.05735522508621216,1,1,0,-1
german,xgboost,25,age,relative_plus_10,0.1,28.0,30.8,0.4596281051635742,0.5085645318031311,0.048936426639556885,0.048936426639556885,0,1,1,-1
german,xgboost,26,age,relative_plus_10,0.1,24.0,26.4,0.2782054543495178,0.1995895504951477,-0.07861590385437012,0.07861590385437012,0,0,0,-1
german,xgboost,27,age,relative_plus_10,0.1,26.0,28.6,0.6968560814857483,0.7742350101470947,0.07737892866134644,0.07737892866134644,1,1,0,-1
german,xgboost,28,age,relative_plus_10,0.1,24.0,26.4,0.0033986191265285015,0.00229312083683908,-0.0011054982896894217,0.0011054982896894217,0,0,0,-1
german,xgboost,29,age,relative_plus_10,0.1,23.0,25.3,0.4393616020679474,0.5985587239265442,0.1591971218585968,0.1591971218585968,0,1,1,-1
german,xgboost,30,age,relative_plus_10,0.1,46.0,50.6,0.4359388053417206,0.3915010690689087,-0.04443773627281189,0.04443773627281189,0,0,0,-1
german,xgboost,31,age,relative_plus_10,0.1,22.0,24.2,0.2954026758670807,0.3025757968425751,0.007173120975494385,0.007173120975494385,0,0,0,-1
german,xgboost,32,age,relative_plus_10,0.1,36.0,39.6,0.016435444355010986,0.012490382418036461,-0.0039450619369745255,0.0039450619369745255,0,0,0,-1
german,xgboost,33,age,relative_plus_10,0.1,22.0,24.2,0.02008327655494213,0.014569483697414398,-0.005513792857527733,0.005513792857527733,0,0,0,-1
german,xgboost,34,age,relative_plus_10,0.1,30.0,33.0,0.7229525446891785,0.8153392672538757,0.09238672256469727,0.09238672256469727,1,1,0,-1
german,xgboost,35,age,relative_plus_10,0.1,33.0,36.3,0.39703890681266785,0.34159961342811584,-0.055439293384552,0.055439293384552,0,0,0,-1
german,xgboost,36,age,relative_plus_10,0.1,31.0,34.1,0.8524562120437622,0.8800744414329529,0.027618229389190674,0.027618229389190674,1,1,0,-1
german,xgboost,37,age,relative_plus_10,0.1,33.0,36.3,0.16694852709770203,0.1518491953611374,-0.015099331736564636,0.015099331736564636,0,0,0,-1
german,xgboost,38,age,relative_plus_10,0.1,42.0,46.2,0.38675543665885925,0.450079083442688,0.06332364678382874,0.06332364678382874,0,0,0,-1
german,xgboost,39,age,relative_plus_10,0.1,41.0,45.1,0.06428443640470505,0.07236980646848679,0.008085370063781738,0.008085370063781738,0,0,0,-1
german,xgboost,40,age,relative_plus_10,0.1,27.0,29.7,0.6213107705116272,0.5062506794929504,-0.11506009101867676,0.11506009101867676,1,1,0,-1
german,xgboost,41,age,relative_plus_10,0.1,26.0,28.6,0.3211948573589325,0.4504307508468628,0.1292358934879303,0.1292358934879303,0,0,0,-1
german,xgboost,42,age,relative_plus_10,0.1,24.0,26.4,0.5845916867256165,0.6825025677680969,0.09791088104248047,0.09791088104248047,1,1,0,-1
german,xgboost,43,age,relative_plus_10,0.1,24.0,26.4,0.9279054999351501,0.9360946416854858,0.008189141750335693,0.008189141750335693,1,1,0,-1
german,xgboost,44,age,relative_plus_10,0.1,36.0,39.6,0.35836517810821533,0.39486807584762573,0.0365028977394104,0.0365028977394104,0,0,0,-1
german,xgboost,45,age,relative_plus_10,0.1,49.0,53.9,0.23765133321285248,0.28754669427871704,0.04989536106586456,0.04989536106586456,0,0,0,-1
german,xgboost,46,age,relative_plus_10,0.1,47.0,51.7,0.015967916697263718,0.015027320012450218,-0.0009405966848134995,0.0009405966848134995,0,0,0,-1
german,xgboost,47,age,relative_plus_10,0.1,23.0,25.3,0.10486079752445221,0.15134602785110474,0.04648523032665253,0.04648523032665253,0,0,0,-1
german,xgboost,48,age,relative_plus_10,0.1,63.0,69.3,0.01368929073214531,0.01581735908985138,0.00212806835770607,0.00212806835770607,0,0,0,-1
german,xgboost,49,age,relative_plus_10,0.1,58.0,63.8,0.362246036529541,0.2970161736011505,-0.0652298629283905,0.0652298629283905,0,0,0,-1
german,xgboost,50,age,relative_plus_10,0.1,35.0,38.5,0.059201136231422424,0.053824104368686676,-0.005377031862735748,0.005377031862735748,0,0,0,-1
german,xgboost,51,age,relative_plus_10,0.1,37.0,40.7,0.2117272913455963,0.1710887849330902,-0.040638506412506104,0.040638506412506104,0,0,0,-1
german,xgboost,52,age,relative_plus_10,0.1,31.0,34.1,0.1144600659608841,0.15662619471549988,0.042166128754615784,0.042166128754615784,0,0,0,-1
german,xgboost,53,age,relative_plus_10,0.1,32.0,35.2,0.09461341053247452,0.0971810519695282,0.0025676414370536804,0.0025676414370536804,0,0,0,-1
german,xgboost,54,age,relative_plus_10,0.1,28.0,30.8,0.7814464569091797,0.7988208532333374,0.017374396324157715,0.017374396324157715,1,1,0,-1
german,xgboost,55,age,relative_plus_10,0.1,21.0,23.1,0.33212071657180786,0.33679133653640747,0.004670619964599609,0.004670619964599609,0,0,0,-1
german,xgboost,56,age,relative_plus_10,0.1,47.0,51.7,0.9168915748596191,0.9133287668228149,-0.0035628080368041992,0.0035628080368041992,1,1,0,-1
german,xgboost,57,age,relative_plus_10,0.1,29.0,31.9,0.12220555543899536,0.11489284783601761,-0.007312707602977753,0.007312707602977753,0,0,0,-1
german,xgboost,58,age,relative_plus_10,0.1,50.0,55.0,0.16189272701740265,0.11835798621177673,-0.043534740805625916,0.043534740805625916,0,0,0,-1
german,xgboost,59,age,relative_plus_10,0.1,51.0,56.1,0.6315468549728394,0.6393104791641235,0.00776362419128418,0.00776362419128418,1,1,0,-1
german,xgboost,60,age,relative_plus_10,0.1,29.0,31.9,0.12445571273565292,0.18488852679729462,0.06043281406164169,0.06043281406164169,0,0,0,-1
german,xgboost,61,age,relative_plus_10,0.1,24.0,26.4,0.04100687429308891,0.04080405831336975,-0.000202815979719162,0.000202815979719162,0,0,0,-1
german,xgboost,62,age,relative_plus_10,0.1,30.0,33.0,0.5049558877944946,0.5005092620849609,-0.004446625709533691,0.004446625709533691,1,1,0,-1
german,xgboost,63,age,relative_plus_10,0.1,32.0,35.2,0.41145092248916626,0.4464386999607086,0.03498777747154236,0.03498777747154236,0,0,0,-1
german,xgboost,64,age,relative_plus_10,0.1,23.0,25.3,0.9233189821243286,0.9494537711143494,0.026134788990020752,0.026134788990020752,1,1,0,-1
german,xgboost,65,age,relative_plus_10,0.1,32.0,35.2,0.164531871676445,0.1784876585006714,0.01395578682422638,0.01395578682422638,0,0,0,-1
german,xgboost,66,age,relative_plus_10,0.1,54.0,59.4,0.31084004044532776,0.33974921703338623,0.02890917658805847,0.02890917658805847,0,0,0,-1
german,xgboost,67,age,relative_plus_10,0.1,26.0,28.6,0.9614232182502747,0.9614656567573547,4.2438507080078125e-05,4.2438507080078125e-05,1,1,0,-1
german,xgboost,68,age,relative_plus_10,0.1,43.0,47.3,0.48083576560020447,0.4390009641647339,-0.04183480143547058,0.04183480143547058,0,0,0,-1
german,xgboost,69,age,relative_plus_10,0.1,25.0,27.5,0.7440284490585327,0.6345706582069397,-0.10945779085159302,0.10945779085159302,1,1,0,-1
german,xgboost,70,age,relative_plus_10,0.1,26.0,28.6,0.7888972759246826,0.8784031867980957,0.08950591087341309,0.08950591087341309,1,1,0,-1
german,xgboost,71,age,relative_plus_10,0.1,41.0,45.1,0.011137815192341805,0.018114401027560234,0.0069765858352184296,0.0069765858352184296,0,0,0,-1
german,xgboost,72,age,relative_plus_10,0.1,31.0,34.1,0.04410647973418236,0.05988762527704239,0.01578114554286003,0.01578114554286003,0,0,0,-1
german,xgboost,73,age,relative_plus_10,0.1,38.0,41.8,0.07533993571996689,0.08653869479894638,0.011198759078979492,0.011198759078979492,0,0,0,-1
german,xgboost,74,age,relative_plus_10,0.1,29.0,31.9,0.0795583501458168,0.08175303786993027,0.0021946877241134644,0.0021946877241134644,0,0,0,-1
german,xgboost,75,age,relative_plus_10,0.1,23.0,25.3,0.5273517370223999,0.5728835463523865,0.04553180932998657,0.04553180932998657,1,1,0,-1
german,xgboost,76,age,relative_plus_10,0.1,57.0,62.7,0.3063080608844757,0.24037066102027893,-0.06593739986419678,0.06593739986419678,0,0,0,-1
german,xgboost,77,age,relative_plus_10,0.1,60.0,66.0,0.41087862849235535,0.31747201085090637,-0.09340661764144897,0.09340661764144897,0,0,0,-1
german,xgboost,78,age,relative_plus_10,0.1,33.0,36.3,0.04028629884123802,0.018451280891895294,-0.021835017949342728,0.021835017949342728,0,0,0,-1
german,xgboost,79,age,relative_plus_10,0.1,23.0,25.3,0.8726094961166382,0.9068195819854736,0.03421008586883545,0.03421008586883545,1,1,0,-1
german,xgboost,80,age,relative_plus_10,0.1,21.0,23.1,0.3864430785179138,0.3607577681541443,-0.02568531036376953,0.02568531036376953,0,0,0,-1
german,xgboost,81,age,relative_plus_10,0.1,39.0,42.9,0.024771392345428467,0.02699490636587143,0.0022235140204429626,0.0022235140204429626,0,0,0,-1
german,xgboost,82,age,relative_plus_10,0.1,23.0,25.3,0.2705821990966797,0.3389812409877777,0.06839904189109802,0.06839904189109802,0,0,0,-1
german,xgboost,83,age,relative_plus_10,0.1,40.0,44.0,0.5973073244094849,0.6416135430335999,0.04430621862411499,0.04430621862411499,1,1,0,-1
german,xgboost,84,age,relative_plus_10,0.1,37.0,40.7,0.14618752896785736,0.16082286834716797,0.014635339379310608,0.014635339379310608,0,0,0,-1
german,xgboost,85,age,relative_plus_10,0.1,49.0,53.9,0.025881066918373108,0.03741813451051712,0.011537067592144012,0.011537067592144012,0,0,0,-1
german,xgboost,86,age,relative_plus_10,0.1,34.0,37.4,0.02392105758190155,0.017267325893044472,-0.0066537316888570786,0.0066537316888570786,0,0,0,-1
german,xgboost,87,age,relative_plus_10,0.1,30.0,33.0,0.6968122720718384,0.8361077308654785,0.13929545879364014,0.13929545879364014,1,1,0,-1
german,xgboost,88,age,relative_plus_10,0.1,27.0,29.7,0.003254662500694394,0.002583462279289961,-0.0006712002214044333,0.0006712002214044333,0,0,0,-1
german,xgboost,89,age,relative_plus_10,0.1,50.0,55.0,0.8224096298217773,0.8644344806671143,0.042024850845336914,0.042024850845336914,1,1,0,-1
german,xgboost,90,age,relative_plus_10,0.1,56.0,61.6,0.5363795757293701,0.5462709069252014,0.009891331195831299,0.009891331195831299,1,1,0,-1
german,xgboost,91,age,relative_plus_10,0.1,55.0,60.5,0.40955519676208496,0.47398480772972107,0.06442961096763611,0.06442961096763611,0,0,0,-1
german,xgboost,92,age,relative_plus_10,0.1,40.0,44.0,0.4440574645996094,0.4513227045536041,0.007265239953994751,0.007265239953994751,0,0,0,-1
german,xgboost,93,age,relative_plus_10,0.1,23.0,25.3,0.6884033679962158,0.6800723671913147,-0.008331000804901123,0.008331000804901123,1,1,0,-1
german,xgboost,94,age,relative_plus_10,0.1,41.0,45.1,0.012738422490656376,0.01007774006575346,-0.002660682424902916,0.002660682424902916,0,0,0,-1
german,xgboost,95,age,relative_plus_10,0.1,41.0,45.1,0.06840237975120544,0.07099711149930954,0.0025947317481040955,0.0025947317481040955,0,0,0,-1
german,xgboost,96,age,relative_plus_10,0.1,26.0,28.6,0.2747651934623718,0.26318779587745667,-0.011577397584915161,0.011577397584915161,0,0,0,-1
german,xgboost,97,age,relative_plus_10,0.1,48.0,52.8,0.14724071323871613,0.16979728639125824,0.022556573152542114,0.022556573152542114,0,0,0,-1
german,xgboost,98,age,relative_plus_10,0.1,27.0,29.7,0.4165569841861725,0.5306761860847473,0.11411920189857483,0.11411920189857483,0,1,1,-1
german,xgboost,99,age,relative_plus_10,0.1,61.0,67.1,0.013321362435817719,0.009914741851389408,-0.0034066205844283104,0.0034066205844283104,0,0,0,-1
german,xgboost,0,existing_credits,relative_minus_5,-0.05,1.0,1.05,0.14532507956027985,0.14532507956027985,0.0,0.0,0,0,0,-1
german,xgboost,1,existing_credits,relative_minus_5,-0.05,1.0,1.05,0.3661198318004608,0.3661198318004608,0.0,0.0,0,0,0,-1
german,xgboost,2,existing_credits,relative_minus_5,-0.05,2.0,2.1,0.09617456048727036,0.09617456048727036,0.0,0.0,0,0,0,-1
german,xgboost,3,existing_credits,relative_minus_5,-0.05,1.0,1.05,0.05242149904370308,0.05242149904370308,0.0,0.0,0,0,0,-1
german,xgboost,4,existing_credits,relative_minus_5,-0.05,3.0,3.15,0.002389379311352968,0.002389379311352968,0.0,0.0,0,0,0,-1
german,xgboost,5,existing_credits,relative_minus_5,-0.05,1.0,1.05,0.011241624131798744,0.011241624131798744,0.0,0.0,0,0,0,-1
german,xgboost,6,existing_credits,relative_minus_5,-0.05,1.0,1.05,0.02126064896583557,0.02126064896583557,0.0,0.0,0,0,0,-1
german,xgboost,7,existing_credits,relative_minus_5,-0.05,1.0,1.05,0.07431254535913467,0.07431254535913467,0.0,0.0,0,0,0,-1
german,xgboost,8,existing_credits,relative_minus_5,-0.05,2.0,2.1,0.02867794781923294,0.02867794781923294,0.0,0.0,0,0,0,-1
german,xgboost,9,existing_credits,relative_minus_5,-0.05,1.0,1.05,0.8991640210151672,0.8991640210151672,0.0,0.0,1,1,0,-1
german,xgboost,10,existing_credits,relative_minus_5,-0.05,2.0,2.1,0.43120160698890686,0.43120160698890686,0.0,0.0,0,0,0,-1
german,xgboost,11,existing_credits,relative_minus_5,-0.05,1.0,1.05,0.528389573097229,0.528389573097229,0.0,0.0,1,1,0,-1
german,xgboost,12,existing_credits,relative_minus_5,-0.05,2.0,2.1,0.009822084568440914,0.009822084568440914,0.0,0.0,0,0,0,-1
german,xgboost,13,existing_credits,relative_minus_5,-0.05,1.0,1.05,0.11241460591554642,0.11241460591554642,0.0,0.0,0,0,0,-1
german,xgboost,14,existing_credits,relative_minus_5,-0.05,1.0,1.05,0.09716489166021347,0.09716489166021347,0.0,0.0,0,0,0,-1
german,xgboost,15,existing_credits,relative_minus_5,-0.05,1.0,1.05,0.4787817597389221,0.4787817597389221,0.0,0.0,0,0,0,-1
german,xgboost,16,existing_credits,relative_minus_5,-0.05,2.0,2.1,0.00277602463029325,0.00277602463029325,0.0,0.0,0,0,0,-1
german,xgboost,17,existing_credits,relative_minus_5,-0.05,2.0,2.1,0.9572583436965942,0.9572583436965942,0.0,0.0,1,1,0,-1
german,xgboost,18,existing_credits,relative_minus_5,-0.05,2.0,2.1,0.09437244385480881,0.09437244385480881,0.0,0.0,0,0,0,-1
german,xgboost,19,existing_credits,relative_minus_5,-0.05,1.0,1.05,0.9716695547103882,0.9716695547103882,0.0,0.0,1,1,0,-1
german,xgboost,20,existing_credits,relative_minus_5,-0.05,1.0,1.05,0.0550624243915081,0.0550624243915081,0.0,0.0,0,0,0,-1
german,xgboost,21,existing_credits,relative_minus_5,-0.05,1.0,1.05,0.018732847645878792,0.018732847645878792,0.0,0.0,0,0,0,-1
german,xgboost,22,existing_credits,relative_minus_5,-0.05,3.0,3.15,0.07416114211082458,0.07416114211082458,0.0,0.0,0,0,0,-1
german,xgboost,23,existing_credits,relative_minus_5,-0.05,1.0,1.05,0.8707629442214966,0.8707629442214966,0.0,0.0,1,1,0,-1
german,xgboost,24,existing_credits,relative_minus_5,-0.05,1.0,1.05,0.7920497059822083,0.7920497059822083,0.0,0.0,1,1,0,-1
german,xgboost,25,existing_credits,relative_minus_5,-0.05,1.0,1.05,0.4596281051635742,0.4596281051635742,0.0,0.0,0,0,0,-1
german,xgboost,26,existing_credits,relative_minus_5,-0.05,2.0,2.1,0.2782054543495178,0.2782054543495178,0.0,0.0,0,0,0,-1
german,xgboost,27,existing_credits,relative_minus_5,-0.05,1.0,1.05,0.6968560814857483,0.6968560814857483,0.0,0.0,1,1,0,-1
german,xgboost,28,existing_credits,relative_minus_5,-0.05,2.0,2.1,0.0033986191265285015,0.0033986191265285015,0.0,0.0,0,0,0,-1
german,xgboost,29,existing_credits,relative_minus_5,-0.05,1.0,1.05,0.4393616020679474,0.4393616020679474,0.0,0.0,0,0,0,-1
german,xgboost,30,existing_credits,relative_minus_5,-0.05,1.0,1.05,0.4359388053417206,0.4359388053417206,0.0,0.0,0,0,0,-1
german,xgboost,31,existing_credits,relative_minus_5,-0.05,1.0,1.05,0.2954026758670807,0.2954026758670807,0.0,0.0,0,0,0,-1
german,xgboost,32,existing_credits,relative_minus_5,-0.05,1.0,1.05,0.016435444355010986,0.016435444355010986,0.0,0.0,0,0,0,-1
german,xgboost,33,existing_credits,relative_minus_5,-0.05,1.0,1.05,0.02008327655494213,0.02008327655494213,0.0,0.0,0,0,0,-1
german,xgboost,34,existing_credits,relative_minus_5,-0.05,1.0,1.05,0.7229525446891785,0.7229525446891785,0.0,0.0,1,1,0,-1
german,xgboost,35,existing_credits,relative_minus_5,-0.05,1.0,1.05,0.39703890681266785,0.39703890681266785,0.0,0.0,0,0,0,-1
german,xgboost,36,existing_credits,relative_minus_5,-0.05,1.0,1.05,0.8524562120437622,0.8524562120437622,0.0,0.0,1,1,0,-1
german,xgboost,37,existing_credits,relative_minus_5,-0.05,2.0,2.1,0.16694852709770203,0.16694852709770203,0.0,0.0,0,0,0,-1
german,xgboost,38,existing_credits,relative_minus_5,-0.05,4.0,4.2,0.38675543665885925,0.38675543665885925,0.0,0.0,0,0,0,-1
german,xgboost,39,existing_credits,relative_minus_5,-0.05,1.0,1.05,0.06428443640470505,0.06428443640470505,0.0,0.0,0,0,0,-1
german,xgboost,40,existing_credits,relative_minus_5,-0.05,2.0,2.1,0.6213107705116272,0.6213107705116272,0.0,0.0,1,1,0,-1
german,xgboost,41,existing_credits,relative_minus_5,-0.05,1.0,1.05,0.3211948573589325,0.3211948573589325,0.0,0.0,0,0,0,-1
german,xgboost,42,existing_credits,relative_minus_5,-0.05,1.0,1.05,0.5845916867256165,0.5845916867256165,0.0,0.0,1,1,0,-1
german,xgboost,43,existing_credits,relative_minus_5,-0.05,1.0,1.05,0.9279054999351501,0.9279054999351501,0.0,0.0,1,1,0,-1
german,xgboost,44,existing_credits,relative_minus_5,-0.05,1.0,1.05,0.35836517810821533,0.35836517810821533,0.0,0.0,0,0,0,-1
german,xgboost,45,existing_credits,relative_minus_5,-0.05,1.0,1.05,0.23765133321285248,0.23765133321285248,0.0,0.0,0,0,0,-1
german,xgboost,46,existing_credits,relative_minus_5,-0.05,1.0,1.05,0.015967916697263718,0.015967916697263718,0.0,0.0,0,0,0,-1
german,xgboost,47,existing_credits,relative_minus_5,-0.05,2.0,2.1,0.10486079752445221,0.10486079752445221,0.0,0.0,0,0,0,-1
german,xgboost,48,existing_credits,relative_minus_5,-0.05,2.0,2.1,0.01368929073214531,0.01368929073214531,0.0,0.0,0,0,0,-1
german,xgboost,49,existing_credits,relative_minus_5,-0.05,1.0,1.05,0.362246036529541,0.362246036529541,0.0,0.0,0,0,0,-1
german,xgboost,50,existing_credits,relative_minus_5,-0.05,1.0,1.05,0.059201136231422424,0.059201136231422424,0.0,0.0,0,0,0,-1
german,xgboost,51,existing_credits,relative_minus_5,-0.05,1.0,1.05,0.2117272913455963,0.2117272913455963,0.0,0.0,0,0,0,-1
german,xgboost,52,existing_credits,relative_minus_5,-0.05,2.0,2.1,0.1144600659608841,0.1144600659608841,0.0,0.0,0,0,0,-1
german,xgboost,53,existing_credits,relative_minus_5,-0.05,1.0,1.05,0.09461341053247452,0.09461341053247452,0.0,0.0,0,0,0,-1
german,xgboost,54,existing_credits,relative_minus_5,-0.05,2.0,2.1,0.7814464569091797,0.7814464569091797,0.0,0.0,1,1,0,-1
german,xgboost,55,existing_credits,relative_minus_5,-0.05,1.0,1.05,0.33212071657180786,0.33212071657180786,0.0,0.0,0,0,0,-1
german,xgboost,56,existing_credits,relative_minus_5,-0.05,2.0,2.1,0.9168915748596191,0.9168915748596191,0.0,0.0,1,1,0,-1
german,xgboost,57,existing_credits,relative_minus_5,-0.05,1.0,1.05,0.12220555543899536,0.12220555543899536,0.0,0.0,0,0,0,-1
german,xgboost,58,existing_credits,relative_minus_5,-0.05,1.0,1.05,0.16189272701740265,0.16189272701740265,0.0,0.0,0,0,0,-1
german,xgboost,59,existing_credits,relative_minus_5,-0.05,1.0,1.05,0.6315468549728394,0.6315468549728394,0.0,0.0,1,1,0,-1
german,xgboost,60,existing_credits,relative_minus_5,-0.05,2.0,2.1,0.12445571273565292,0.12445571273565292,0.0,0.0,0,0,0,-1
german,xgboost,61,existing_credits,relative_minus_5,-0.05,2.0,2.1,0.04100687429308891,0.04100687429308891,0.0,0.0,0,0,0,-1
german,xgboost,62,existing_credits,relative_minus_5,-0.05,1.0,1.05,0.5049558877944946,0.5049558877944946,0.0,0.0,1,1,0,-1
german,xgboost,63,existing_credits,relative_minus_5,-0.05,1.0,1.05,0.41145092248916626,0.41145092248916626,0.0,0.0,0,0,0,-1
german,xgboost,64,existing_credits,relative_minus_5,-0.05,1.0,1.05,0.9233189821243286,0.9233189821243286,0.0,0.0,1,1,0,-1
german,xgboost,65,existing_credits,relative_minus_5,-0.05,1.0,1.05,0.164531871676445,0.164531871676445,0.0,0.0,0,0,0,-1
german,xgboost,66,existing_credits,relative_minus_5,-0.05,2.0,2.1,0.31084004044532776,0.31084004044532776,0.0,0.0,0,0,0,-1
german,xgboost,67,existing_credits,relative_minus_5,-0.05,2.0,2.1,0.9614232182502747,0.9614232182502747,0.0,0.0,1,1,0,-1
german,xgboost,68,existing_credits,relative_minus_5,-0.05,4.0,4.2,0.48083576560020447,0.48083576560020447,0.0,0.0,0,0,0,-1
german,xgboost,69,existing_credits,relative_minus_5,-0.05,1.0,1.05,0.7440284490585327,0.7440284490585327,0.0,0.0,1,1,0,-1
german,xgboost,70,existing_credits,relative_minus_5,-0.05,1.0,1.05,0.7888972759246826,0.7888972759246826,0.0,0.0,1,1,0,-1
german,xgboost,71,existing_credits,relative_minus_5,-0.05,1.0,1.05,0.011137815192341805,0.011137815192341805,0.0,0.0,0,0,0,-1
german,xgboost,72,existing_credits,relative_minus_5,-0.05,1.0,1.05,0.04410647973418236,0.04410647973418236,0.0,0.0,0,0,0,-1
german,xgboost,73,existing_credits,relative_minus_5,-0.05,1.0,1.05,0.07533993571996689,0.07533993571996689,0.0,0.0,0,0,0,-1
german,xgboost,74,existing_credits,relative_minus_5,-0.05,2.0,2.1,0.0795583501458168,0.0795583501458168,0.0,0.0,0,0,0,-1
german,xgboost,75,existing_credits,relative_minus_5,-0.05,1.0,1.05,0.5273517370223999,0.5273517370223999,0.0,0.0,1,1,0,-1
german,xgboost,76,existing_credits,relative_minus_5,-0.05,3.0,3.15,0.3063080608844757,0.3063080608844757,0.0,0.0,0,0,0,-1
german,xgboost,77,existing_credits,relative_minus_5,-0.05,2.0,2.1,0.41087862849235535,0.41087862849235535,0.0,0.0,0,0,0,-1
german,xgboost,78,existing_credits,relative_minus_5,-0.05,1.0,1.05,0.04028629884123802,0.04028629884123802,0.0,0.0,0,0,0,-1
german,xgboost,79,existing_credits,relative_minus_5,-0.05,1.0,1.05,0.8726094961166382,0.8726094961166382,0.0,0.0,1,1,0,-1
german,xgboost,80,existing_credits,relative_minus_5,-0.05,1.0,1.05,0.3864430785179138,0.3864430785179138,0.0,0.0,0,0,0,-1
german,xgboost,81,existing_credits,relative_minus_5,-0.05,1.0,1.05,0.024771392345428467,0.024771392345428467,0.0,0.0,0,0,0,-1
german,xgboost,82,existing_credits,relative_minus_5,-0.05,1.0,1.05,0.2705821990966797,0.2705821990966797,0.0,0.0,0,0,0,-1
german,xgboost,83,existing_credits,relative_minus_5,-0.05,2.0,2.1,0.5973073244094849,0.5973073244094849,0.0,0.0,1,1,0,-1
german,xgboost,84,existing_credits,relative_minus_5,-0.05,1.0,1.05,0.14618752896785736,0.14618752896785736,0.0,0.0,0,0,0,-1
german,xgboost,85,existing_credits,relative_minus_5,-0.05,1.0,1.05,0.025881066918373108,0.025881066918373108,0.0,0.0,0,0,0,-1
german,xgboost,86,existing_credits,relative_minus_5,-0.05,1.0,1.05,0.02392105758190155,0.02392105758190155,0.0,0.0,0,0,0,-1
german,xgboost,87,existing_credits,relative_minus_5,-0.05,1.0,1.05,0.6968122720718384,0.6968122720718384,0.0,0.0,1,1,0,-1
german,xgboost,88,existing_credits,relative_minus_5,-0.05,2.0,2.1,0.003254662500694394,0.003254662500694394,0.0,0.0,0,0,0,-1
german,xgboost,89,existing_credits,relative_minus_5,-0.05,1.0,1.05,0.8224096298217773,0.8224096298217773,0.0,0.0,1,1,0,-1
german,xgboost,90,existing_credits,relative_minus_5,-0.05,1.0,1.05,0.5363795757293701,0.5363795757293701,0.0,0.0,1,1,0,-1
german,xgboost,91,existing_credits,relative_minus_5,-0.05,1.0,1.05,0.40955519676208496,0.40955519676208496,0.0,0.0,0,0,0,-1
german,xgboost,92,existing_credits,relative_minus_5,-0.05,1.0,1.05,0.4440574645996094,0.4440574645996094,0.0,0.0,0,0,0,-1
german,xgboost,93,existing_credits,relative_minus_5,-0.05,2.0,2.1,0.6884033679962158,0.6884033679962158,0.0,0.0,1,1,0,-1
german,xgboost,94,existing_credits,relative_minus_5,-0.05,2.0,2.1,0.012738422490656376,0.012738422490656376,0.0,0.0,0,0,0,-1
german,xgboost,95,existing_credits,relative_minus_5,-0.05,1.0,1.05,0.06840237975120544,0.06840237975120544,0.0,0.0,0,0,0,-1
german,xgboost,96,existing_credits,relative_minus_5,-0.05,1.0,1.05,0.2747651934623718,0.2747651934623718,0.0,0.0,0,0,0,-1
german,xgboost,97,existing_credits,relative_minus_5,-0.05,2.0,2.1,0.14724071323871613,0.14724071323871613,0.0,0.0,0,0,0,-1
german,xgboost,98,existing_credits,relative_minus_5,-0.05,2.0,2.1,0.4165569841861725,0.4165569841861725,0.0,0.0,0,0,0,-1
german,xgboost,99,existing_credits,relative_minus_5,-0.05,1.0,1.05,0.013321362435817719,0.013321362435817719,0.0,0.0,0,0,0,-1
german,xgboost,0,existing_credits,relative_plus_5,0.05,1.0,1.05,0.14532507956027985,0.14532507956027985,0.0,0.0,0,0,0,-1
german,xgboost,1,existing_credits,relative_plus_5,0.05,1.0,1.05,0.3661198318004608,0.3661198318004608,0.0,0.0,0,0,0,-1
german,xgboost,2,existing_credits,relative_plus_5,0.05,2.0,2.1,0.09617456048727036,0.09617456048727036,0.0,0.0,0,0,0,-1
german,xgboost,3,existing_credits,relative_plus_5,0.05,1.0,1.05,0.05242149904370308,0.05242149904370308,0.0,0.0,0,0,0,-1
german,xgboost,4,existing_credits,relative_plus_5,0.05,3.0,3.15,0.002389379311352968,0.002389379311352968,0.0,0.0,0,0,0,-1
german,xgboost,5,existing_credits,relative_plus_5,0.05,1.0,1.05,0.011241624131798744,0.011241624131798744,0.0,0.0,0,0,0,-1
german,xgboost,6,existing_credits,relative_plus_5,0.05,1.0,1.05,0.02126064896583557,0.02126064896583557,0.0,0.0,0,0,0,-1
german,xgboost,7,existing_credits,relative_plus_5,0.05,1.0,1.05,0.07431254535913467,0.07431254535913467,0.0,0.0,0,0,0,-1
german,xgboost,8,existing_credits,relative_plus_5,0.05,2.0,2.1,0.02867794781923294,0.02867794781923294,0.0,0.0,0,0,0,-1
german,xgboost,9,existing_credits,relative_plus_5,0.05,1.0,1.05,0.8991640210151672,0.8991640210151672,0.0,0.0,1,1,0,-1
german,xgboost,10,existing_credits,relative_plus_5,0.05,2.0,2.1,0.43120160698890686,0.43120160698890686,0.0,0.0,0,0,0,-1
german,xgboost,11,existing_credits,relative_plus_5,0.05,1.0,1.05,0.528389573097229,0.528389573097229,0.0,0.0,1,1,0,-1
german,xgboost,12,existing_credits,relative_plus_5,0.05,2.0,2.1,0.009822084568440914,0.009822084568440914,0.0,0.0,0,0,0,-1
german,xgboost,13,existing_credits,relative_plus_5,0.05,1.0,1.05,0.11241460591554642,0.11241460591554642,0.0,0.0,0,0,0,-1
german,xgboost,14,existing_credits,relative_plus_5,0.05,1.0,1.05,0.09716489166021347,0.09716489166021347,0.0,0.0,0,0,0,-1
german,xgboost,15,existing_credits,relative_plus_5,0.05,1.0,1.05,0.4787817597389221,0.4787817597389221,0.0,0.0,0,0,0,-1
german,xgboost,16,existing_credits,relative_plus_5,0.05,2.0,2.1,0.00277602463029325,0.00277602463029325,0.0,0.0,0,0,0,-1
german,xgboost,17,existing_credits,relative_plus_5,0.05,2.0,2.1,0.9572583436965942,0.9572583436965942,0.0,0.0,1,1,0,-1
german,xgboost,18,existing_credits,relative_plus_5,0.05,2.0,2.1,0.09437244385480881,0.09437244385480881,0.0,0.0,0,0,0,-1
german,xgboost,19,existing_credits,relative_plus_5,0.05,1.0,1.05,0.9716695547103882,0.9716695547103882,0.0,0.0,1,1,0,-1
german,xgboost,20,existing_credits,relative_plus_5,0.05,1.0,1.05,0.0550624243915081,0.0550624243915081,0.0,0.0,0,0,0,-1
german,xgboost,21,existing_credits,relative_plus_5,0.05,1.0,1.05,0.018732847645878792,0.018732847645878792,0.0,0.0,0,0,0,-1
german,xgboost,22,existing_credits,relative_plus_5,0.05,3.0,3.15,0.07416114211082458,0.07416114211082458,0.0,0.0,0,0,0,-1
german,xgboost,23,existing_credits,relative_plus_5,0.05,1.0,1.05,0.8707629442214966,0.8707629442214966,0.0,0.0,1,1,0,-1
german,xgboost,24,existing_credits,relative_plus_5,0.05,1.0,1.05,0.7920497059822083,0.7920497059822083,0.0,0.0,1,1,0,-1
german,xgboost,25,existing_credits,relative_plus_5,0.05,1.0,1.05,0.4596281051635742,0.4596281051635742,0.0,0.0,0,0,0,-1
german,xgboost,26,existing_credits,relative_plus_5,0.05,2.0,2.1,0.2782054543495178,0.2782054543495178,0.0,0.0,0,0,0,-1
german,xgboost,27,existing_credits,relative_plus_5,0.05,1.0,1.05,0.6968560814857483,0.6968560814857483,0.0,0.0,1,1,0,-1
german,xgboost,28,existing_credits,relative_plus_5,0.05,2.0,2.1,0.0033986191265285015,0.0033986191265285015,0.0,0.0,0,0,0,-1
german,xgboost,29,existing_credits,relative_plus_5,0.05,1.0,1.05,0.4393616020679474,0.4393616020679474,0.0,0.0,0,0,0,-1
german,xgboost,30,existing_credits,relative_plus_5,0.05,1.0,1.05,0.4359388053417206,0.4359388053417206,0.0,0.0,0,0,0,-1
german,xgboost,31,existing_credits,relative_plus_5,0.05,1.0,1.05,0.2954026758670807,0.2954026758670807,0.0,0.0,0,0,0,-1
german,xgboost,32,existing_credits,relative_plus_5,0.05,1.0,1.05,0.016435444355010986,0.016435444355010986,0.0,0.0,0,0,0,-1
german,xgboost,33,existing_credits,relative_plus_5,0.05,1.0,1.05,0.02008327655494213,0.02008327655494213,0.0,0.0,0,0,0,-1
german,xgboost,34,existing_credits,relative_plus_5,0.05,1.0,1.05,0.7229525446891785,0.7229525446891785,0.0,0.0,1,1,0,-1
german,xgboost,35,existing_credits,relative_plus_5,0.05,1.0,1.05,0.39703890681266785,0.39703890681266785,0.0,0.0,0,0,0,-1
german,xgboost,36,existing_credits,relative_plus_5,0.05,1.0,1.05,0.8524562120437622,0.8524562120437622,0.0,0.0,1,1,0,-1
german,xgboost,37,existing_credits,relative_plus_5,0.05,2.0,2.1,0.16694852709770203,0.16694852709770203,0.0,0.0,0,0,0,-1
german,xgboost,38,existing_credits,relative_plus_5,0.05,4.0,4.2,0.38675543665885925,0.38675543665885925,0.0,0.0,0,0,0,-1
german,xgboost,39,existing_credits,relative_plus_5,0.05,1.0,1.05,0.06428443640470505,0.06428443640470505,0.0,0.0,0,0,0,-1
german,xgboost,40,existing_credits,relative_plus_5,0.05,2.0,2.1,0.6213107705116272,0.6213107705116272,0.0,0.0,1,1,0,-1
german,xgboost,41,existing_credits,relative_plus_5,0.05,1.0,1.05,0.3211948573589325,0.3211948573589325,0.0,0.0,0,0,0,-1
german,xgboost,42,existing_credits,relative_plus_5,0.05,1.0,1.05,0.5845916867256165,0.5845916867256165,0.0,0.0,1,1,0,-1
german,xgboost,43,existing_credits,relative_plus_5,0.05,1.0,1.05,0.9279054999351501,0.9279054999351501,0.0,0.0,1,1,0,-1
german,xgboost,44,existing_credits,relative_plus_5,0.05,1.0,1.05,0.35836517810821533,0.35836517810821533,0.0,0.0,0,0,0,-1
german,xgboost,45,existing_credits,relative_plus_5,0.05,1.0,1.05,0.23765133321285248,0.23765133321285248,0.0,0.0,0,0,0,-1
german,xgboost,46,existing_credits,relative_plus_5,0.05,1.0,1.05,0.015967916697263718,0.015967916697263718,0.0,0.0,0,0,0,-1
german,xgboost,47,existing_credits,relative_plus_5,0.05,2.0,2.1,0.10486079752445221,0.10486079752445221,0.0,0.0,0,0,0,-1
german,xgboost,48,existing_credits,relative_plus_5,0.05,2.0,2.1,0.01368929073214531,0.01368929073214531,0.0,0.0,0,0,0,-1
german,xgboost,49,existing_credits,relative_plus_5,0.05,1.0,1.05,0.362246036529541,0.362246036529541,0.0,0.0,0,0,0,-1
german,xgboost,50,existing_credits,relative_plus_5,0.05,1.0,1.05,0.059201136231422424,0.059201136231422424,0.0,0.0,0,0,0,-1
german,xgboost,51,existing_credits,relative_plus_5,0.05,1.0,1.05,0.2117272913455963,0.2117272913455963,0.0,0.0,0,0,0,-1
german,xgboost,52,existing_credits,relative_plus_5,0.05,2.0,2.1,0.1144600659608841,0.1144600659608841,0.0,0.0,0,0,0,-1
german,xgboost,53,existing_credits,relative_plus_5,0.05,1.0,1.05,0.09461341053247452,0.09461341053247452,0.0,0.0,0,0,0,-1
german,xgboost,54,existing_credits,relative_plus_5,0.05,2.0,2.1,0.7814464569091797,0.7814464569091797,0.0,0.0,1,1,0,-1
german,xgboost,55,existing_credits,relative_plus_5,0.05,1.0,1.05,0.33212071657180786,0.33212071657180786,0.0,0.0,0,0,0,-1
german,xgboost,56,existing_credits,relative_plus_5,0.05,2.0,2.1,0.9168915748596191,0.9168915748596191,0.0,0.0,1,1,0,-1
german,xgboost,57,existing_credits,relative_plus_5,0.05,1.0,1.05,0.12220555543899536,0.12220555543899536,0.0,0.0,0,0,0,-1
german,xgboost,58,existing_credits,relative_plus_5,0.05,1.0,1.05,0.16189272701740265,0.16189272701740265,0.0,0.0,0,0,0,-1
german,xgboost,59,existing_credits,relative_plus_5,0.05,1.0,1.05,0.6315468549728394,0.6315468549728394,0.0,0.0,1,1,0,-1
german,xgboost,60,existing_credits,relative_plus_5,0.05,2.0,2.1,0.12445571273565292,0.12445571273565292,0.0,0.0,0,0,0,-1
german,xgboost,61,existing_credits,relative_plus_5,0.05,2.0,2.1,0.04100687429308891,0.04100687429308891,0.0,0.0,0,0,0,-1
german,xgboost,62,existing_credits,relative_plus_5,0.05,1.0,1.05,0.5049558877944946,0.5049558877944946,0.0,0.0,1,1,0,-1
german,xgboost,63,existing_credits,relative_plus_5,0.05,1.0,1.05,0.41145092248916626,0.41145092248916626,0.0,0.0,0,0,0,-1
german,xgboost,64,existing_credits,relative_plus_5,0.05,1.0,1.05,0.9233189821243286,0.9233189821243286,0.0,0.0,1,1,0,-1
german,xgboost,65,existing_credits,relative_plus_5,0.05,1.0,1.05,0.164531871676445,0.164531871676445,0.0,0.0,0,0,0,-1
german,xgboost,66,existing_credits,relative_plus_5,0.05,2.0,2.1,0.31084004044532776,0.31084004044532776,0.0,0.0,0,0,0,-1
german,xgboost,67,existing_credits,relative_plus_5,0.05,2.0,2.1,0.9614232182502747,0.9614232182502747,0.0,0.0,1,1,0,-1
german,xgboost,68,existing_credits,relative_plus_5,0.05,4.0,4.2,0.48083576560020447,0.48083576560020447,0.0,0.0,0,0,0,-1
german,xgboost,69,existing_credits,relative_plus_5,0.05,1.0,1.05,0.7440284490585327,0.7440284490585327,0.0,0.0,1,1,0,-1
german,xgboost,70,existing_credits,relative_plus_5,0.05,1.0,1.05,0.7888972759246826,0.7888972759246826,0.0,0.0,1,1,0,-1
german,xgboost,71,existing_credits,relative_plus_5,0.05,1.0,1.05,0.011137815192341805,0.011137815192341805,0.0,0.0,0,0,0,-1
german,xgboost,72,existing_credits,relative_plus_5,0.05,1.0,1.05,0.04410647973418236,0.04410647973418236,0.0,0.0,0,0,0,-1
german,xgboost,73,existing_credits,relative_plus_5,0.05,1.0,1.05,0.07533993571996689,0.07533993571996689,0.0,0.0,0,0,0,-1
german,xgboost,74,existing_credits,relative_plus_5,0.05,2.0,2.1,0.0795583501458168,0.0795583501458168,0.0,0.0,0,0,0,-1
german,xgboost,75,existing_credits,relative_plus_5,0.05,1.0,1.05,0.5273517370223999,0.5273517370223999,0.0,0.0,1,1,0,-1
german,xgboost,76,existing_credits,relative_plus_5,0.05,3.0,3.15,0.3063080608844757,0.3063080608844757,0.0,0.0,0,0,0,-1
german,xgboost,77,existing_credits,relative_plus_5,0.05,2.0,2.1,0.41087862849235535,0.41087862849235535,0.0,0.0,0,0,0,-1
german,xgboost,78,existing_credits,relative_plus_5,0.05,1.0,1.05,0.04028629884123802,0.04028629884123802,0.0,0.0,0,0,0,-1
german,xgboost,79,existing_credits,relative_plus_5,0.05,1.0,1.05,0.8726094961166382,0.8726094961166382,0.0,0.0,1,1,0,-1
german,xgboost,80,existing_credits,relative_plus_5,0.05,1.0,1.05,0.3864430785179138,0.3864430785179138,0.0,0.0,0,0,0,-1
german,xgboost,81,existing_credits,relative_plus_5,0.05,1.0,1.05,0.024771392345428467,0.024771392345428467,0.0,0.0,0,0,0,-1
german,xgboost,82,existing_credits,relative_plus_5,0.05,1.0,1.05,0.2705821990966797,0.2705821990966797,0.0,0.0,0,0,0,-1
german,xgboost,83,existing_credits,relative_plus_5,0.05,2.0,2.1,0.5973073244094849,0.5973073244094849,0.0,0.0,1,1,0,-1
german,xgboost,84,existing_credits,relative_plus_5,0.05,1.0,1.05,0.14618752896785736,0.14618752896785736,0.0,0.0,0,0,0,-1
german,xgboost,85,existing_credits,relative_plus_5,0.05,1.0,1.05,0.025881066918373108,0.025881066918373108,0.0,0.0,0,0,0,-1
german,xgboost,86,existing_credits,relative_plus_5,0.05,1.0,1.05,0.02392105758190155,0.02392105758190155,0.0,0.0,0,0,0,-1
german,xgboost,87,existing_credits,relative_plus_5,0.05,1.0,1.05,0.6968122720718384,0.6968122720718384,0.0,0.0,1,1,0,-1
german,xgboost,88,existing_credits,relative_plus_5,0.05,2.0,2.1,0.003254662500694394,0.003254662500694394,0.0,0.0,0,0,0,-1
german,xgboost,89,existing_credits,relative_plus_5,0.05,1.0,1.05,0.8224096298217773,0.8224096298217773,0.0,0.0,1,1,0,-1
german,xgboost,90,existing_credits,relative_plus_5,0.05,1.0,1.05,0.5363795757293701,0.5363795757293701,0.0,0.0,1,1,0,-1
german,xgboost,91,existing_credits,relative_plus_5,0.05,1.0,1.05,0.40955519676208496,0.40955519676208496,0.0,0.0,0,0,0,-1
german,xgboost,92,existing_credits,relative_plus_5,0.05,1.0,1.05,0.4440574645996094,0.4440574645996094,0.0,0.0,0,0,0,-1
german,xgboost,93,existing_credits,relative_plus_5,0.05,2.0,2.1,0.6884033679962158,0.6884033679962158,0.0,0.0,1,1,0,-1
german,xgboost,94,existing_credits,relative_plus_5,0.05,2.0,2.1,0.012738422490656376,0.012738422490656376,0.0,0.0,0,0,0,-1
german,xgboost,95,existing_credits,relative_plus_5,0.05,1.0,1.05,0.06840237975120544,0.06840237975120544,0.0,0.0,0,0,0,-1
german,xgboost,96,existing_credits,relative_plus_5,0.05,1.0,1.05,0.2747651934623718,0.2747651934623718,0.0,0.0,0,0,0,-1
german,xgboost,97,existing_credits,relative_plus_5,0.05,2.0,2.1,0.14724071323871613,0.14724071323871613,0.0,0.0,0,0,0,-1
german,xgboost,98,existing_credits,relative_plus_5,0.05,2.0,2.1,0.4165569841861725,0.4165569841861725,0.0,0.0,0,0,0,-1
german,xgboost,99,existing_credits,relative_plus_5,0.05,1.0,1.05,0.013321362435817719,0.013321362435817719,0.0,0.0,0,0,0,-1
german,xgboost,0,existing_credits,relative_minus_10,-0.1,1.0,1.1,0.14532507956027985,0.14532507956027985,0.0,0.0,0,0,0,-1
german,xgboost,1,existing_credits,relative_minus_10,-0.1,1.0,1.1,0.3661198318004608,0.3661198318004608,0.0,0.0,0,0,0,-1
german,xgboost,2,existing_credits,relative_minus_10,-0.1,2.0,2.2,0.09617456048727036,0.09617456048727036,0.0,0.0,0,0,0,-1
german,xgboost,3,existing_credits,relative_minus_10,-0.1,1.0,1.1,0.05242149904370308,0.05242149904370308,0.0,0.0,0,0,0,-1
german,xgboost,4,existing_credits,relative_minus_10,-0.1,3.0,3.3,0.002389379311352968,0.002389379311352968,0.0,0.0,0,0,0,-1
german,xgboost,5,existing_credits,relative_minus_10,-0.1,1.0,1.1,0.011241624131798744,0.011241624131798744,0.0,0.0,0,0,0,-1
german,xgboost,6,existing_credits,relative_minus_10,-0.1,1.0,1.1,0.02126064896583557,0.02126064896583557,0.0,0.0,0,0,0,-1
german,xgboost,7,existing_credits,relative_minus_10,-0.1,1.0,1.1,0.07431254535913467,0.07431254535913467,0.0,0.0,0,0,0,-1
german,xgboost,8,existing_credits,relative_minus_10,-0.1,2.0,2.2,0.02867794781923294,0.02867794781923294,0.0,0.0,0,0,0,-1
german,xgboost,9,existing_credits,relative_minus_10,-0.1,1.0,1.1,0.8991640210151672,0.8991640210151672,0.0,0.0,1,1,0,-1
german,xgboost,10,existing_credits,relative_minus_10,-0.1,2.0,2.2,0.43120160698890686,0.43120160698890686,0.0,0.0,0,0,0,-1
german,xgboost,11,existing_credits,relative_minus_10,-0.1,1.0,1.1,0.528389573097229,0.528389573097229,0.0,0.0,1,1,0,-1
german,xgboost,12,existing_credits,relative_minus_10,-0.1,2.0,2.2,0.009822084568440914,0.009822084568440914,0.0,0.0,0,0,0,-1
german,xgboost,13,existing_credits,relative_minus_10,-0.1,1.0,1.1,0.11241460591554642,0.11241460591554642,0.0,0.0,0,0,0,-1
german,xgboost,14,existing_credits,relative_minus_10,-0.1,1.0,1.1,0.09716489166021347,0.09716489166021347,0.0,0.0,0,0,0,-1
german,xgboost,15,existing_credits,relative_minus_10,-0.1,1.0,1.1,0.4787817597389221,0.4787817597389221,0.0,0.0,0,0,0,-1
german,xgboost,16,existing_credits,relative_minus_10,-0.1,2.0,2.2,0.00277602463029325,0.00277602463029325,0.0,0.0,0,0,0,-1
german,xgboost,17,existing_credits,relative_minus_10,-0.1,2.0,2.2,0.9572583436965942,0.9572583436965942,0.0,0.0,1,1,0,-1
german,xgboost,18,existing_credits,relative_minus_10,-0.1,2.0,2.2,0.09437244385480881,0.09437244385480881,0.0,0.0,0,0,0,-1
german,xgboost,19,existing_credits,relative_minus_10,-0.1,1.0,1.1,0.9716695547103882,0.9716695547103882,0.0,0.0,1,1,0,-1
german,xgboost,20,existing_credits,relative_minus_10,-0.1,1.0,1.1,0.0550624243915081,0.0550624243915081,0.0,0.0,0,0,0,-1
german,xgboost,21,existing_credits,relative_minus_10,-0.1,1.0,1.1,0.018732847645878792,0.018732847645878792,0.0,0.0,0,0,0,-1
german,xgboost,22,existing_credits,relative_minus_10,-0.1,3.0,3.3,0.07416114211082458,0.07416114211082458,0.0,0.0,0,0,0,-1
german,xgboost,23,existing_credits,relative_minus_10,-0.1,1.0,1.1,0.8707629442214966,0.8707629442214966,0.0,0.0,1,1,0,-1
german,xgboost,24,existing_credits,relative_minus_10,-0.1,1.0,1.1,0.7920497059822083,0.7920497059822083,0.0,0.0,1,1,0,-1
german,xgboost,25,existing_credits,relative_minus_10,-0.1,1.0,1.1,0.4596281051635742,0.4596281051635742,0.0,0.0,0,0,0,-1
german,xgboost,26,existing_credits,relative_minus_10,-0.1,2.0,2.2,0.2782054543495178,0.2782054543495178,0.0,0.0,0,0,0,-1
german,xgboost,27,existing_credits,relative_minus_10,-0.1,1.0,1.1,0.6968560814857483,0.6968560814857483,0.0,0.0,1,1,0,-1
german,xgboost,28,existing_credits,relative_minus_10,-0.1,2.0,2.2,0.0033986191265285015,0.0033986191265285015,0.0,0.0,0,0,0,-1
german,xgboost,29,existing_credits,relative_minus_10,-0.1,1.0,1.1,0.4393616020679474,0.4393616020679474,0.0,0.0,0,0,0,-1
german,xgboost,30,existing_credits,relative_minus_10,-0.1,1.0,1.1,0.4359388053417206,0.4359388053417206,0.0,0.0,0,0,0,-1
german,xgboost,31,existing_credits,relative_minus_10,-0.1,1.0,1.1,0.2954026758670807,0.2954026758670807,0.0,0.0,0,0,0,-1
german,xgboost,32,existing_credits,relative_minus_10,-0.1,1.0,1.1,0.016435444355010986,0.016435444355010986,0.0,0.0,0,0,0,-1
german,xgboost,33,existing_credits,relative_minus_10,-0.1,1.0,1.1,0.02008327655494213,0.02008327655494213,0.0,0.0,0,0,0,-1
german,xgboost,34,existing_credits,relative_minus_10,-0.1,1.0,1.1,0.7229525446891785,0.7229525446891785,0.0,0.0,1,1,0,-1
german,xgboost,35,existing_credits,relative_minus_10,-0.1,1.0,1.1,0.39703890681266785,0.39703890681266785,0.0,0.0,0,0,0,-1
german,xgboost,36,existing_credits,relative_minus_10,-0.1,1.0,1.1,0.8524562120437622,0.8524562120437622,0.0,0.0,1,1,0,-1
german,xgboost,37,existing_credits,relative_minus_10,-0.1,2.0,2.2,0.16694852709770203,0.16694852709770203,0.0,0.0,0,0,0,-1
german,xgboost,38,existing_credits,relative_minus_10,-0.1,4.0,4.4,0.38675543665885925,0.38675543665885925,0.0,0.0,0,0,0,-1
german,xgboost,39,existing_credits,relative_minus_10,-0.1,1.0,1.1,0.06428443640470505,0.06428443640470505,0.0,0.0,0,0,0,-1
german,xgboost,40,existing_credits,relative_minus_10,-0.1,2.0,2.2,0.6213107705116272,0.6213107705116272,0.0,0.0,1,1,0,-1
german,xgboost,41,existing_credits,relative_minus_10,-0.1,1.0,1.1,0.3211948573589325,0.3211948573589325,0.0,0.0,0,0,0,-1
german,xgboost,42,existing_credits,relative_minus_10,-0.1,1.0,1.1,0.5845916867256165,0.5845916867256165,0.0,0.0,1,1,0,-1
german,xgboost,43,existing_credits,relative_minus_10,-0.1,1.0,1.1,0.9279054999351501,0.9279054999351501,0.0,0.0,1,1,0,-1
german,xgboost,44,existing_credits,relative_minus_10,-0.1,1.0,1.1,0.35836517810821533,0.35836517810821533,0.0,0.0,0,0,0,-1
german,xgboost,45,existing_credits,relative_minus_10,-0.1,1.0,1.1,0.23765133321285248,0.23765133321285248,0.0,0.0,0,0,0,-1
german,xgboost,46,existing_credits,relative_minus_10,-0.1,1.0,1.1,0.015967916697263718,0.015967916697263718,0.0,0.0,0,0,0,-1
german,xgboost,47,existing_credits,relative_minus_10,-0.1,2.0,2.2,0.10486079752445221,0.10486079752445221,0.0,0.0,0,0,0,-1
german,xgboost,48,existing_credits,relative_minus_10,-0.1,2.0,2.2,0.01368929073214531,0.01368929073214531,0.0,0.0,0,0,0,-1
german,xgboost,49,existing_credits,relative_minus_10,-0.1,1.0,1.1,0.362246036529541,0.362246036529541,0.0,0.0,0,0,0,-1
german,xgboost,50,existing_credits,relative_minus_10,-0.1,1.0,1.1,0.059201136231422424,0.059201136231422424,0.0,0.0,0,0,0,-1
german,xgboost,51,existing_credits,relative_minus_10,-0.1,1.0,1.1,0.2117272913455963,0.2117272913455963,0.0,0.0,0,0,0,-1
german,xgboost,52,existing_credits,relative_minus_10,-0.1,2.0,2.2,0.1144600659608841,0.1144600659608841,0.0,0.0,0,0,0,-1
german,xgboost,53,existing_credits,relative_minus_10,-0.1,1.0,1.1,0.09461341053247452,0.09461341053247452,0.0,0.0,0,0,0,-1
german,xgboost,54,existing_credits,relative_minus_10,-0.1,2.0,2.2,0.7814464569091797,0.7814464569091797,0.0,0.0,1,1,0,-1
german,xgboost,55,existing_credits,relative_minus_10,-0.1,1.0,1.1,0.33212071657180786,0.33212071657180786,0.0,0.0,0,0,0,-1
german,xgboost,56,existing_credits,relative_minus_10,-0.1,2.0,2.2,0.9168915748596191,0.9168915748596191,0.0,0.0,1,1,0,-1
german,xgboost,57,existing_credits,relative_minus_10,-0.1,1.0,1.1,0.12220555543899536,0.12220555543899536,0.0,0.0,0,0,0,-1
german,xgboost,58,existing_credits,relative_minus_10,-0.1,1.0,1.1,0.16189272701740265,0.16189272701740265,0.0,0.0,0,0,0,-1
german,xgboost,59,existing_credits,relative_minus_10,-0.1,1.0,1.1,0.6315468549728394,0.6315468549728394,0.0,0.0,1,1,0,-1
german,xgboost,60,existing_credits,relative_minus_10,-0.1,2.0,2.2,0.12445571273565292,0.12445571273565292,0.0,0.0,0,0,0,-1
german,xgboost,61,existing_credits,relative_minus_10,-0.1,2.0,2.2,0.04100687429308891,0.04100687429308891,0.0,0.0,0,0,0,-1
german,xgboost,62,existing_credits,relative_minus_10,-0.1,1.0,1.1,0.5049558877944946,0.5049558877944946,0.0,0.0,1,1,0,-1
german,xgboost,63,existing_credits,relative_minus_10,-0.1,1.0,1.1,0.41145092248916626,0.41145092248916626,0.0,0.0,0,0,0,-1
german,xgboost,64,existing_credits,relative_minus_10,-0.1,1.0,1.1,0.9233189821243286,0.9233189821243286,0.0,0.0,1,1,0,-1
german,xgboost,65,existing_credits,relative_minus_10,-0.1,1.0,1.1,0.164531871676445,0.164531871676445,0.0,0.0,0,0,0,-1
german,xgboost,66,existing_credits,relative_minus_10,-0.1,2.0,2.2,0.31084004044532776,0.31084004044532776,0.0,0.0,0,0,0,-1
german,xgboost,67,existing_credits,relative_minus_10,-0.1,2.0,2.2,0.9614232182502747,0.9614232182502747,0.0,0.0,1,1,0,-1
german,xgboost,68,existing_credits,relative_minus_10,-0.1,4.0,4.4,0.48083576560020447,0.48083576560020447,0.0,0.0,0,0,0,-1
german,xgboost,69,existing_credits,relative_minus_10,-0.1,1.0,1.1,0.7440284490585327,0.7440284490585327,0.0,0.0,1,1,0,-1
german,xgboost,70,existing_credits,relative_minus_10,-0.1,1.0,1.1,0.7888972759246826,0.7888972759246826,0.0,0.0,1,1,0,-1
german,xgboost,71,existing_credits,relative_minus_10,-0.1,1.0,1.1,0.011137815192341805,0.011137815192341805,0.0,0.0,0,0,0,-1
german,xgboost,72,existing_credits,relative_minus_10,-0.1,1.0,1.1,0.04410647973418236,0.04410647973418236,0.0,0.0,0,0,0,-1
german,xgboost,73,existing_credits,relative_minus_10,-0.1,1.0,1.1,0.07533993571996689,0.07533993571996689,0.0,0.0,0,0,0,-1
german,xgboost,74,existing_credits,relative_minus_10,-0.1,2.0,2.2,0.0795583501458168,0.0795583501458168,0.0,0.0,0,0,0,-1
german,xgboost,75,existing_credits,relative_minus_10,-0.1,1.0,1.1,0.5273517370223999,0.5273517370223999,0.0,0.0,1,1,0,-1
german,xgboost,76,existing_credits,relative_minus_10,-0.1,3.0,3.3,0.3063080608844757,0.3063080608844757,0.0,0.0,0,0,0,-1
german,xgboost,77,existing_credits,relative_minus_10,-0.1,2.0,2.2,0.41087862849235535,0.41087862849235535,0.0,0.0,0,0,0,-1
german,xgboost,78,existing_credits,relative_minus_10,-0.1,1.0,1.1,0.04028629884123802,0.04028629884123802,0.0,0.0,0,0,0,-1
german,xgboost,79,existing_credits,relative_minus_10,-0.1,1.0,1.1,0.8726094961166382,0.8726094961166382,0.0,0.0,1,1,0,-1
german,xgboost,80,existing_credits,relative_minus_10,-0.1,1.0,1.1,0.3864430785179138,0.3864430785179138,0.0,0.0,0,0,0,-1
german,xgboost,81,existing_credits,relative_minus_10,-0.1,1.0,1.1,0.024771392345428467,0.024771392345428467,0.0,0.0,0,0,0,-1
german,xgboost,82,existing_credits,relative_minus_10,-0.1,1.0,1.1,0.2705821990966797,0.2705821990966797,0.0,0.0,0,0,0,-1
german,xgboost,83,existing_credits,relative_minus_10,-0.1,2.0,2.2,0.5973073244094849,0.5973073244094849,0.0,0.0,1,1,0,-1
german,xgboost,84,existing_credits,relative_minus_10,-0.1,1.0,1.1,0.14618752896785736,0.14618752896785736,0.0,0.0,0,0,0,-1
german,xgboost,85,existing_credits,relative_minus_10,-0.1,1.0,1.1,0.025881066918373108,0.025881066918373108,0.0,0.0,0,0,0,-1
german,xgboost,86,existing_credits,relative_minus_10,-0.1,1.0,1.1,0.02392105758190155,0.02392105758190155,0.0,0.0,0,0,0,-1
german,xgboost,87,existing_credits,relative_minus_10,-0.1,1.0,1.1,0.6968122720718384,0.6968122720718384,0.0,0.0,1,1,0,-1
german,xgboost,88,existing_credits,relative_minus_10,-0.1,2.0,2.2,0.003254662500694394,0.003254662500694394,0.0,0.0,0,0,0,-1
german,xgboost,89,existing_credits,relative_minus_10,-0.1,1.0,1.1,0.8224096298217773,0.8224096298217773,0.0,0.0,1,1,0,-1
german,xgboost,90,existing_credits,relative_minus_10,-0.1,1.0,1.1,0.5363795757293701,0.5363795757293701,0.0,0.0,1,1,0,-1
german,xgboost,91,existing_credits,relative_minus_10,-0.1,1.0,1.1,0.40955519676208496,0.40955519676208496,0.0,0.0,0,0,0,-1
german,xgboost,92,existing_credits,relative_minus_10,-0.1,1.0,1.1,0.4440574645996094,0.4440574645996094,0.0,0.0,0,0,0,-1
german,xgboost,93,existing_credits,relative_minus_10,-0.1,2.0,2.2,0.6884033679962158,0.6884033679962158,0.0,0.0,1,1,0,-1
german,xgboost,94,existing_credits,relative_minus_10,-0.1,2.0,2.2,0.012738422490656376,0.012738422490656376,0.0,0.0,0,0,0,-1
german,xgboost,95,existing_credits,relative_minus_10,-0.1,1.0,1.1,0.06840237975120544,0.06840237975120544,0.0,0.0,0,0,0,-1
german,xgboost,96,existing_credits,relative_minus_10,-0.1,1.0,1.1,0.2747651934623718,0.2747651934623718,0.0,0.0,0,0,0,-1
german,xgboost,97,existing_credits,relative_minus_10,-0.1,2.0,2.2,0.14724071323871613,0.14724071323871613,0.0,0.0,0,0,0,-1
german,xgboost,98,existing_credits,relative_minus_10,-0.1,2.0,2.2,0.4165569841861725,0.4165569841861725,0.0,0.0,0,0,0,-1
german,xgboost,99,existing_credits,relative_minus_10,-0.1,1.0,1.1,0.013321362435817719,0.013321362435817719,0.0,0.0,0,0,0,-1
german,xgboost,0,existing_credits,relative_plus_10,0.1,1.0,1.1,0.14532507956027985,0.14532507956027985,0.0,0.0,0,0,0,-1
german,xgboost,1,existing_credits,relative_plus_10,0.1,1.0,1.1,0.3661198318004608,0.3661198318004608,0.0,0.0,0,0,0,-1
german,xgboost,2,existing_credits,relative_plus_10,0.1,2.0,2.2,0.09617456048727036,0.09617456048727036,0.0,0.0,0,0,0,-1
german,xgboost,3,existing_credits,relative_plus_10,0.1,1.0,1.1,0.05242149904370308,0.05242149904370308,0.0,0.0,0,0,0,-1
german,xgboost,4,existing_credits,relative_plus_10,0.1,3.0,3.3,0.002389379311352968,0.002389379311352968,0.0,0.0,0,0,0,-1
german,xgboost,5,existing_credits,relative_plus_10,0.1,1.0,1.1,0.011241624131798744,0.011241624131798744,0.0,0.0,0,0,0,-1
german,xgboost,6,existing_credits,relative_plus_10,0.1,1.0,1.1,0.02126064896583557,0.02126064896583557,0.0,0.0,0,0,0,-1
german,xgboost,7,existing_credits,relative_plus_10,0.1,1.0,1.1,0.07431254535913467,0.07431254535913467,0.0,0.0,0,0,0,-1
german,xgboost,8,existing_credits,relative_plus_10,0.1,2.0,2.2,0.02867794781923294,0.02867794781923294,0.0,0.0,0,0,0,-1
german,xgboost,9,existing_credits,relative_plus_10,0.1,1.0,1.1,0.8991640210151672,0.8991640210151672,0.0,0.0,1,1,0,-1
german,xgboost,10,existing_credits,relative_plus_10,0.1,2.0,2.2,0.43120160698890686,0.43120160698890686,0.0,0.0,0,0,0,-1
german,xgboost,11,existing_credits,relative_plus_10,0.1,1.0,1.1,0.528389573097229,0.528389573097229,0.0,0.0,1,1,0,-1
german,xgboost,12,existing_credits,relative_plus_10,0.1,2.0,2.2,0.009822084568440914,0.009822084568440914,0.0,0.0,0,0,0,-1
german,xgboost,13,existing_credits,relative_plus_10,0.1,1.0,1.1,0.11241460591554642,0.11241460591554642,0.0,0.0,0,0,0,-1
german,xgboost,14,existing_credits,relative_plus_10,0.1,1.0,1.1,0.09716489166021347,0.09716489166021347,0.0,0.0,0,0,0,-1
german,xgboost,15,existing_credits,relative_plus_10,0.1,1.0,1.1,0.4787817597389221,0.4787817597389221,0.0,0.0,0,0,0,-1
german,xgboost,16,existing_credits,relative_plus_10,0.1,2.0,2.2,0.00277602463029325,0.00277602463029325,0.0,0.0,0,0,0,-1
german,xgboost,17,existing_credits,relative_plus_10,0.1,2.0,2.2,0.9572583436965942,0.9572583436965942,0.0,0.0,1,1,0,-1
german,xgboost,18,existing_credits,relative_plus_10,0.1,2.0,2.2,0.09437244385480881,0.09437244385480881,0.0,0.0,0,0,0,-1
german,xgboost,19,existing_credits,relative_plus_10,0.1,1.0,1.1,0.9716695547103882,0.9716695547103882,0.0,0.0,1,1,0,-1
german,xgboost,20,existing_credits,relative_plus_10,0.1,1.0,1.1,0.0550624243915081,0.0550624243915081,0.0,0.0,0,0,0,-1
german,xgboost,21,existing_credits,relative_plus_10,0.1,1.0,1.1,0.018732847645878792,0.018732847645878792,0.0,0.0,0,0,0,-1
german,xgboost,22,existing_credits,relative_plus_10,0.1,3.0,3.3,0.07416114211082458,0.07416114211082458,0.0,0.0,0,0,0,-1
german,xgboost,23,existing_credits,relative_plus_10,0.1,1.0,1.1,0.8707629442214966,0.8707629442214966,0.0,0.0,1,1,0,-1
german,xgboost,24,existing_credits,relative_plus_10,0.1,1.0,1.1,0.7920497059822083,0.7920497059822083,0.0,0.0,1,1,0,-1
german,xgboost,25,existing_credits,relative_plus_10,0.1,1.0,1.1,0.4596281051635742,0.4596281051635742,0.0,0.0,0,0,0,-1
german,xgboost,26,existing_credits,relative_plus_10,0.1,2.0,2.2,0.2782054543495178,0.2782054543495178,0.0,0.0,0,0,0,-1
german,xgboost,27,existing_credits,relative_plus_10,0.1,1.0,1.1,0.6968560814857483,0.6968560814857483,0.0,0.0,1,1,0,-1
german,xgboost,28,existing_credits,relative_plus_10,0.1,2.0,2.2,0.0033986191265285015,0.0033986191265285015,0.0,0.0,0,0,0,-1
german,xgboost,29,existing_credits,relative_plus_10,0.1,1.0,1.1,0.4393616020679474,0.4393616020679474,0.0,0.0,0,0,0,-1
german,xgboost,30,existing_credits,relative_plus_10,0.1,1.0,1.1,0.4359388053417206,0.4359388053417206,0.0,0.0,0,0,0,-1
german,xgboost,31,existing_credits,relative_plus_10,0.1,1.0,1.1,0.2954026758670807,0.2954026758670807,0.0,0.0,0,0,0,-1
german,xgboost,32,existing_credits,relative_plus_10,0.1,1.0,1.1,0.016435444355010986,0.016435444355010986,0.0,0.0,0,0,0,-1
german,xgboost,33,existing_credits,relative_plus_10,0.1,1.0,1.1,0.02008327655494213,0.02008327655494213,0.0,0.0,0,0,0,-1
german,xgboost,34,existing_credits,relative_plus_10,0.1,1.0,1.1,0.7229525446891785,0.7229525446891785,0.0,0.0,1,1,0,-1
german,xgboost,35,existing_credits,relative_plus_10,0.1,1.0,1.1,0.39703890681266785,0.39703890681266785,0.0,0.0,0,0,0,-1
german,xgboost,36,existing_credits,relative_plus_10,0.1,1.0,1.1,0.8524562120437622,0.8524562120437622,0.0,0.0,1,1,0,-1
german,xgboost,37,existing_credits,relative_plus_10,0.1,2.0,2.2,0.16694852709770203,0.16694852709770203,0.0,0.0,0,0,0,-1
german,xgboost,38,existing_credits,relative_plus_10,0.1,4.0,4.4,0.38675543665885925,0.38675543665885925,0.0,0.0,0,0,0,-1
german,xgboost,39,existing_credits,relative_plus_10,0.1,1.0,1.1,0.06428443640470505,0.06428443640470505,0.0,0.0,0,0,0,-1
german,xgboost,40,existing_credits,relative_plus_10,0.1,2.0,2.2,0.6213107705116272,0.6213107705116272,0.0,0.0,1,1,0,-1
german,xgboost,41,existing_credits,relative_plus_10,0.1,1.0,1.1,0.3211948573589325,0.3211948573589325,0.0,0.0,0,0,0,-1
german,xgboost,42,existing_credits,relative_plus_10,0.1,1.0,1.1,0.5845916867256165,0.5845916867256165,0.0,0.0,1,1,0,-1
german,xgboost,43,existing_credits,relative_plus_10,0.1,1.0,1.1,0.9279054999351501,0.9279054999351501,0.0,0.0,1,1,0,-1
german,xgboost,44,existing_credits,relative_plus_10,0.1,1.0,1.1,0.35836517810821533,0.35836517810821533,0.0,0.0,0,0,0,-1
german,xgboost,45,existing_credits,relative_plus_10,0.1,1.0,1.1,0.23765133321285248,0.23765133321285248,0.0,0.0,0,0,0,-1
german,xgboost,46,existing_credits,relative_plus_10,0.1,1.0,1.1,0.015967916697263718,0.015967916697263718,0.0,0.0,0,0,0,-1
german,xgboost,47,existing_credits,relative_plus_10,0.1,2.0,2.2,0.10486079752445221,0.10486079752445221,0.0,0.0,0,0,0,-1
german,xgboost,48,existing_credits,relative_plus_10,0.1,2.0,2.2,0.01368929073214531,0.01368929073214531,0.0,0.0,0,0,0,-1
german,xgboost,49,existing_credits,relative_plus_10,0.1,1.0,1.1,0.362246036529541,0.362246036529541,0.0,0.0,0,0,0,-1
german,xgboost,50,existing_credits,relative_plus_10,0.1,1.0,1.1,0.059201136231422424,0.059201136231422424,0.0,0.0,0,0,0,-1
german,xgboost,51,existing_credits,relative_plus_10,0.1,1.0,1.1,0.2117272913455963,0.2117272913455963,0.0,0.0,0,0,0,-1
german,xgboost,52,existing_credits,relative_plus_10,0.1,2.0,2.2,0.1144600659608841,0.1144600659608841,0.0,0.0,0,0,0,-1
german,xgboost,53,existing_credits,relative_plus_10,0.1,1.0,1.1,0.09461341053247452,0.09461341053247452,0.0,0.0,0,0,0,-1
german,xgboost,54,existing_credits,relative_plus_10,0.1,2.0,2.2,0.7814464569091797,0.7814464569091797,0.0,0.0,1,1,0,-1
german,xgboost,55,existing_credits,relative_plus_10,0.1,1.0,1.1,0.33212071657180786,0.33212071657180786,0.0,0.0,0,0,0,-1
german,xgboost,56,existing_credits,relative_plus_10,0.1,2.0,2.2,0.9168915748596191,0.9168915748596191,0.0,0.0,1,1,0,-1
german,xgboost,57,existing_credits,relative_plus_10,0.1,1.0,1.1,0.12220555543899536,0.12220555543899536,0.0,0.0,0,0,0,-1
german,xgboost,58,existing_credits,relative_plus_10,0.1,1.0,1.1,0.16189272701740265,0.16189272701740265,0.0,0.0,0,0,0,-1
german,xgboost,59,existing_credits,relative_plus_10,0.1,1.0,1.1,0.6315468549728394,0.6315468549728394,0.0,0.0,1,1,0,-1
german,xgboost,60,existing_credits,relative_plus_10,0.1,2.0,2.2,0.12445571273565292,0.12445571273565292,0.0,0.0,0,0,0,-1
german,xgboost,61,existing_credits,relative_plus_10,0.1,2.0,2.2,0.04100687429308891,0.04100687429308891,0.0,0.0,0,0,0,-1
german,xgboost,62,existing_credits,relative_plus_10,0.1,1.0,1.1,0.5049558877944946,0.5049558877944946,0.0,0.0,1,1,0,-1
german,xgboost,63,existing_credits,relative_plus_10,0.1,1.0,1.1,0.41145092248916626,0.41145092248916626,0.0,0.0,0,0,0,-1
german,xgboost,64,existing_credits,relative_plus_10,0.1,1.0,1.1,0.9233189821243286,0.9233189821243286,0.0,0.0,1,1,0,-1
german,xgboost,65,existing_credits,relative_plus_10,0.1,1.0,1.1,0.164531871676445,0.164531871676445,0.0,0.0,0,0,0,-1
german,xgboost,66,existing_credits,relative_plus_10,0.1,2.0,2.2,0.31084004044532776,0.31084004044532776,0.0,0.0,0,0,0,-1
german,xgboost,67,existing_credits,relative_plus_10,0.1,2.0,2.2,0.9614232182502747,0.9614232182502747,0.0,0.0,1,1,0,-1
german,xgboost,68,existing_credits,relative_plus_10,0.1,4.0,4.4,0.48083576560020447,0.48083576560020447,0.0,0.0,0,0,0,-1
german,xgboost,69,existing_credits,relative_plus_10,0.1,1.0,1.1,0.7440284490585327,0.7440284490585327,0.0,0.0,1,1,0,-1
german,xgboost,70,existing_credits,relative_plus_10,0.1,1.0,1.1,0.7888972759246826,0.7888972759246826,0.0,0.0,1,1,0,-1
german,xgboost,71,existing_credits,relative_plus_10,0.1,1.0,1.1,0.011137815192341805,0.011137815192341805,0.0,0.0,0,0,0,-1
german,xgboost,72,existing_credits,relative_plus_10,0.1,1.0,1.1,0.04410647973418236,0.04410647973418236,0.0,0.0,0,0,0,-1
german,xgboost,73,existing_credits,relative_plus_10,0.1,1.0,1.1,0.07533993571996689,0.07533993571996689,0.0,0.0,0,0,0,-1
german,xgboost,74,existing_credits,relative_plus_10,0.1,2.0,2.2,0.0795583501458168,0.0795583501458168,0.0,0.0,0,0,0,-1
german,xgboost,75,existing_credits,relative_plus_10,0.1,1.0,1.1,0.5273517370223999,0.5273517370223999,0.0,0.0,1,1,0,-1
german,xgboost,76,existing_credits,relative_plus_10,0.1,3.0,3.3,0.3063080608844757,0.3063080608844757,0.0,0.0,0,0,0,-1
german,xgboost,77,existing_credits,relative_plus_10,0.1,2.0,2.2,0.41087862849235535,0.41087862849235535,0.0,0.0,0,0,0,-1
german,xgboost,78,existing_credits,relative_plus_10,0.1,1.0,1.1,0.04028629884123802,0.04028629884123802,0.0,0.0,0,0,0,-1
german,xgboost,79,existing_credits,relative_plus_10,0.1,1.0,1.1,0.8726094961166382,0.8726094961166382,0.0,0.0,1,1,0,-1
german,xgboost,80,existing_credits,relative_plus_10,0.1,1.0,1.1,0.3864430785179138,0.3864430785179138,0.0,0.0,0,0,0,-1
german,xgboost,81,existing_credits,relative_plus_10,0.1,1.0,1.1,0.024771392345428467,0.024771392345428467,0.0,0.0,0,0,0,-1
german,xgboost,82,existing_credits,relative_plus_10,0.1,1.0,1.1,0.2705821990966797,0.2705821990966797,0.0,0.0,0,0,0,-1
german,xgboost,83,existing_credits,relative_plus_10,0.1,2.0,2.2,0.5973073244094849,0.5973073244094849,0.0,0.0,1,1,0,-1
german,xgboost,84,existing_credits,relative_plus_10,0.1,1.0,1.1,0.14618752896785736,0.14618752896785736,0.0,0.0,0,0,0,-1
german,xgboost,85,existing_credits,relative_plus_10,0.1,1.0,1.1,0.025881066918373108,0.025881066918373108,0.0,0.0,0,0,0,-1
german,xgboost,86,existing_credits,relative_plus_10,0.1,1.0,1.1,0.02392105758190155,0.02392105758190155,0.0,0.0,0,0,0,-1
german,xgboost,87,existing_credits,relative_plus_10,0.1,1.0,1.1,0.6968122720718384,0.6968122720718384,0.0,0.0,1,1,0,-1
german,xgboost,88,existing_credits,relative_plus_10,0.1,2.0,2.2,0.003254662500694394,0.003254662500694394,0.0,0.0,0,0,0,-1
german,xgboost,89,existing_credits,relative_plus_10,0.1,1.0,1.1,0.8224096298217773,0.8224096298217773,0.0,0.0,1,1,0,-1
german,xgboost,90,existing_credits,relative_plus_10,0.1,1.0,1.1,0.5363795757293701,0.5363795757293701,0.0,0.0,1,1,0,-1
german,xgboost,91,existing_credits,relative_plus_10,0.1,1.0,1.1,0.40955519676208496,0.40955519676208496,0.0,0.0,0,0,0,-1
german,xgboost,92,existing_credits,relative_plus_10,0.1,1.0,1.1,0.4440574645996094,0.4440574645996094,0.0,0.0,0,0,0,-1
german,xgboost,93,existing_credits,relative_plus_10,0.1,2.0,2.2,0.6884033679962158,0.6884033679962158,0.0,0.0,1,1,0,-1
german,xgboost,94,existing_credits,relative_plus_10,0.1,2.0,2.2,0.012738422490656376,0.012738422490656376,0.0,0.0,0,0,0,-1
german,xgboost,95,existing_credits,relative_plus_10,0.1,1.0,1.1,0.06840237975120544,0.06840237975120544,0.0,0.0,0,0,0,-1
german,xgboost,96,existing_credits,relative_plus_10,0.1,1.0,1.1,0.2747651934623718,0.2747651934623718,0.0,0.0,0,0,0,-1
german,xgboost,97,existing_credits,relative_plus_10,0.1,2.0,2.2,0.14724071323871613,0.14724071323871613,0.0,0.0,0,0,0,-1
german,xgboost,98,existing_credits,relative_plus_10,0.1,2.0,2.2,0.4165569841861725,0.4165569841861725,0.0,0.0,0,0,0,-1
german,xgboost,99,existing_credits,relative_plus_10,0.1,1.0,1.1,0.013321362435817719,0.013321362435817719,0.0,0.0,0,0,0,-1
german,xgboost,0,num_dependents,relative_minus_5,-0.05,1.0,1.05,0.14532507956027985,0.14532507956027985,0.0,0.0,0,0,0,-1
german,xgboost,1,num_dependents,relative_minus_5,-0.05,1.0,1.05,0.3661198318004608,0.3661198318004608,0.0,0.0,0,0,0,-1
german,xgboost,2,num_dependents,relative_minus_5,-0.05,1.0,1.05,0.09617456048727036,0.09617456048727036,0.0,0.0,0,0,0,-1
german,xgboost,3,num_dependents,relative_minus_5,-0.05,1.0,1.05,0.05242149904370308,0.05242149904370308,0.0,0.0,0,0,0,-1
german,xgboost,4,num_dependents,relative_minus_5,-0.05,2.0,2.1,0.002389379311352968,0.002389379311352968,0.0,0.0,0,0,0,-1
german,xgboost,5,num_dependents,relative_minus_5,-0.05,1.0,1.05,0.011241624131798744,0.011241624131798744,0.0,0.0,0,0,0,-1
german,xgboost,6,num_dependents,relative_minus_5,-0.05,1.0,1.05,0.02126064896583557,0.02126064896583557,0.0,0.0,0,0,0,-1
german,xgboost,7,num_dependents,relative_minus_5,-0.05,1.0,1.05,0.07431254535913467,0.07431254535913467,0.0,0.0,0,0,0,-1
german,xgboost,8,num_dependents,relative_minus_5,-0.05,1.0,1.05,0.02867794781923294,0.02867794781923294,0.0,0.0,0,0,0,-1
german,xgboost,9,num_dependents,relative_minus_5,-0.05,1.0,1.05,0.8991640210151672,0.8991640210151672,0.0,0.0,1,1,0,-1
german,xgboost,10,num_dependents,relative_minus_5,-0.05,1.0,1.05,0.43120160698890686,0.43120160698890686,0.0,0.0,0,0,0,-1
german,xgboost,11,num_dependents,relative_minus_5,-0.05,1.0,1.05,0.528389573097229,0.528389573097229,0.0,0.0,1,1,0,-1
german,xgboost,12,num_dependents,relative_minus_5,-0.05,1.0,1.05,0.009822084568440914,0.009822084568440914,0.0,0.0,0,0,0,-1
german,xgboost,13,num_dependents,relative_minus_5,-0.05,1.0,1.05,0.11241460591554642,0.11241460591554642,0.0,0.0,0,0,0,-1
german,xgboost,14,num_dependents,relative_minus_5,-0.05,2.0,2.1,0.09716489166021347,0.09716489166021347,0.0,0.0,0,0,0,-1
german,xgboost,15,num_dependents,relative_minus_5,-0.05,1.0,1.05,0.4787817597389221,0.4787817597389221,0.0,0.0,0,0,0,-1
german,xgboost,16,num_dependents,relative_minus_5,-0.05,2.0,2.1,0.00277602463029325,0.00277602463029325,0.0,0.0,0,0,0,-1
german,xgboost,17,num_dependents,relative_minus_5,-0.05,1.0,1.05,0.9572583436965942,0.9572583436965942,0.0,0.0,1,1,0,-1
german,xgboost,18,num_dependents,relative_minus_5,-0.05,1.0,1.05,0.09437244385480881,0.09437244385480881,0.0,0.0,0,0,0,-1
german,xgboost,19,num_dependents,relative_minus_5,-0.05,1.0,1.05,0.9716695547103882,0.9716695547103882,0.0,0.0,1,1,0,-1
german,xgboost,20,num_dependents,relative_minus_5,-0.05,2.0,2.1,0.0550624243915081,0.0550624243915081,0.0,0.0,0,0,0,-1
german,xgboost,21,num_dependents,relative_minus_5,-0.05,2.0,2.1,0.018732847645878792,0.018732847645878792,0.0,0.0,0,0,0,-1
german,xgboost,22,num_dependents,relative_minus_5,-0.05,1.0,1.05,0.07416114211082458,0.07416114211082458,0.0,0.0,0,0,0,-1
german,xgboost,23,num_dependents,relative_minus_5,-0.05,1.0,1.05,0.8707629442214966,0.8707629442214966,0.0,0.0,1,1,0,-1
german,xgboost,24,num_dependents,relative_minus_5,-0.05,1.0,1.05,0.7920497059822083,0.7920497059822083,0.0,0.0,1,1,0,-1
german,xgboost,25,num_dependents,relative_minus_5,-0.05,1.0,1.05,0.4596281051635742,0.4596281051635742,0.0,0.0,0,0,0,-1
german,xgboost,26,num_dependents,relative_minus_5,-0.05,1.0,1.05,0.2782054543495178,0.2782054543495178,0.0,0.0,0,0,0,-1
german,xgboost,27,num_dependents,relative_minus_5,-0.05,1.0,1.05,0.6968560814857483,0.6968560814857483,0.0,0.0,1,1,0,-1
german,xgboost,28,num_dependents,relative_minus_5,-0.05,1.0,1.05,0.0033986191265285015,0.0033986191265285015,0.0,0.0,0,0,0,-1
german,xgboost,29,num_dependents,relative_minus_5,-0.05,1.0,1.05,0.4393616020679474,0.4393616020679474,0.0,0.0,0,0,0,-1
german,xgboost,30,num_dependents,relative_minus_5,-0.05,1.0,1.05,0.4359388053417206,0.4359388053417206,0.0,0.0,0,0,0,-1
german,xgboost,31,num_dependents,relative_minus_5,-0.05,1.0,1.05,0.2954026758670807,0.2954026758670807,0.0,0.0,0,0,0,-1
german,xgboost,32,num_dependents,relative_minus_5,-0.05,1.0,1.05,0.016435444355010986,0.016435444355010986,0.0,0.0,0,0,0,-1
german,xgboost,33,num_dependents,relative_minus_5,-0.05,1.0,1.05,0.02008327655494213,0.02008327655494213,0.0,0.0,0,0,0,-1
german,xgboost,34,num_dependents,relative_minus_5,-0.05,2.0,2.1,0.7229525446891785,0.7229525446891785,0.0,0.0,1,1,0,-1
german,xgboost,35,num_dependents,relative_minus_5,-0.05,1.0,1.05,0.39703890681266785,0.39703890681266785,0.0,0.0,0,0,0,-1
german,xgboost,36,num_dependents,relative_minus_5,-0.05,1.0,1.05,0.8524562120437622,0.8524562120437622,0.0,0.0,1,1,0,-1
german,xgboost,37,num_dependents,relative_minus_5,-0.05,1.0,1.05,0.16694852709770203,0.16694852709770203,0.0,0.0,0,0,0,-1
german,xgboost,38,num_dependents,relative_minus_5,-0.05,1.0,1.05,0.38675543665885925,0.38675543665885925,0.0,0.0,0,0,0,-1
german,xgboost,39,num_dependents,relative_minus_5,-0.05,1.0,1.05,0.06428443640470505,0.06428443640470505,0.0,0.0,0,0,0,-1
german,xgboost,40,num_dependents,relative_minus_5,-0.05,1.0,1.05,0.6213107705116272,0.6213107705116272,0.0,0.0,1,1,0,-1
german,xgboost,41,num_dependents,relative_minus_5,-0.05,2.0,2.1,0.3211948573589325,0.3211948573589325,0.0,0.0,0,0,0,-1
german,xgboost,42,num_dependents,relative_minus_5,-0.05,1.0,1.05,0.5845916867256165,0.5845916867256165,0.0,0.0,1,1,0,-1
german,xgboost,43,num_dependents,relative_minus_5,-0.05,1.0,1.05,0.9279054999351501,0.9279054999351501,0.0,0.0,1,1,0,-1
german,xgboost,44,num_dependents,relative_minus_5,-0.05,2.0,2.1,0.35836517810821533,0.35836517810821533,0.0,0.0,0,0,0,-1
german,xgboost,45,num_dependents,relative_minus_5,-0.05,1.0,1.05,0.23765133321285248,0.23765133321285248,0.0,0.0,0,0,0,-1
german,xgboost,46,num_dependents,relative_minus_5,-0.05,1.0,1.05,0.015967916697263718,0.015967916697263718,0.0,0.0,0,0,0,-1
german,xgboost,47,num_dependents,relative_minus_5,-0.05,1.0,1.05,0.10486079752445221,0.10486079752445221,0.0,0.0,0,0,0,-1
german,xgboost,48,num_dependents,relative_minus_5,-0.05,1.0,1.05,0.01368929073214531,0.01368929073214531,0.0,0.0,0,0,0,-1
german,xgboost,49,num_dependents,relative_minus_5,-0.05,1.0,1.05,0.362246036529541,0.362246036529541,0.0,0.0,0,0,0,-1
german,xgboost,50,num_dependents,relative_minus_5,-0.05,1.0,1.05,0.059201136231422424,0.059201136231422424,0.0,0.0,0,0,0,-1
german,xgboost,51,num_dependents,relative_minus_5,-0.05,2.0,2.1,0.2117272913455963,0.2117272913455963,0.0,0.0,0,0,0,-1
german,xgboost,52,num_dependents,relative_minus_5,-0.05,1.0,1.05,0.1144600659608841,0.1144600659608841,0.0,0.0,0,0,0,-1
german,xgboost,53,num_dependents,relative_minus_5,-0.05,1.0,1.05,0.09461341053247452,0.09461341053247452,0.0,0.0,0,0,0,-1
german,xgboost,54,num_dependents,relative_minus_5,-0.05,1.0,1.05,0.7814464569091797,0.7814464569091797,0.0,0.0,1,1,0,-1
german,xgboost,55,num_dependents,relative_minus_5,-0.05,1.0,1.05,0.33212071657180786,0.33212071657180786,0.0,0.0,0,0,0,-1
german,xgboost,56,num_dependents,relative_minus_5,-0.05,1.0,1.05,0.9168915748596191,0.9168915748596191,0.0,0.0,1,1,0,-1
german,xgboost,57,num_dependents,relative_minus_5,-0.05,1.0,1.05,0.12220555543899536,0.12220555543899536,0.0,0.0,0,0,0,-1
german,xgboost,58,num_dependents,relative_minus_5,-0.05,1.0,1.05,0.16189272701740265,0.16189272701740265,0.0,0.0,0,0,0,-1
german,xgboost,59,num_dependents,relative_minus_5,-0.05,1.0,1.05,0.6315468549728394,0.6315468549728394,0.0,0.0,1,1,0,-1
german,xgboost,60,num_dependents,relative_minus_5,-0.05,1.0,1.05,0.12445571273565292,0.12445571273565292,0.0,0.0,0,0,0,-1
german,xgboost,61,num_dependents,relative_minus_5,-0.05,1.0,1.05,0.04100687429308891,0.04100687429308891,0.0,0.0,0,0,0,-1
german,xgboost,62,num_dependents,relative_minus_5,-0.05,1.0,1.05,0.5049558877944946,0.5049558877944946,0.0,0.0,1,1,0,-1
german,xgboost,63,num_dependents,relative_minus_5,-0.05,1.0,1.05,0.41145092248916626,0.41145092248916626,0.0,0.0,0,0,0,-1
german,xgboost,64,num_dependents,relative_minus_5,-0.05,1.0,1.05,0.9233189821243286,0.9233189821243286,0.0,0.0,1,1,0,-1
german,xgboost,65,num_dependents,relative_minus_5,-0.05,1.0,1.05,0.164531871676445,0.164531871676445,0.0,0.0,0,0,0,-1
german,xgboost,66,num_dependents,relative_minus_5,-0.05,2.0,2.1,0.31084004044532776,0.31084004044532776,0.0,0.0,0,0,0,-1
german,xgboost,67,num_dependents,relative_minus_5,-0.05,1.0,1.05,0.9614232182502747,0.9614232182502747,0.0,0.0,1,1,0,-1
german,xgboost,68,num_dependents,relative_minus_5,-0.05,2.0,2.1,0.48083576560020447,0.48083576560020447,0.0,0.0,0,0,0,-1
german,xgboost,69,num_dependents,relative_minus_5,-0.05,1.0,1.05,0.7440284490585327,0.7440284490585327,0.0,0.0,1,1,0,-1
german,xgboost,70,num_dependents,relative_minus_5,-0.05,1.0,1.05,0.7888972759246826,0.7888972759246826,0.0,0.0,1,1,0,-1
german,xgboost,71,num_dependents,relative_minus_5,-0.05,2.0,2.1,0.011137815192341805,0.011137815192341805,0.0,0.0,0,0,0,-1
german,xgboost,72,num_dependents,relative_minus_5,-0.05,2.0,2.1,0.04410647973418236,0.04410647973418236,0.0,0.0,0,0,0,-1
german,xgboost,73,num_dependents,relative_minus_5,-0.05,1.0,1.05,0.07533993571996689,0.07533993571996689,0.0,0.0,0,0,0,-1
german,xgboost,74,num_dependents,relative_minus_5,-0.05,1.0,1.05,0.0795583501458168,0.0795583501458168,0.0,0.0,0,0,0,-1
german,xgboost,75,num_dependents,relative_minus_5,-0.05,1.0,1.05,0.5273517370223999,0.5273517370223999,0.0,0.0,1,1,0,-1
german,xgboost,76,num_dependents,relative_minus_5,-0.05,1.0,1.05,0.3063080608844757,0.3063080608844757,0.0,0.0,0,0,0,-1
german,xgboost,77,num_dependents,relative_minus_5,-0.05,1.0,1.05,0.41087862849235535,0.41087862849235535,0.0,0.0,0,0,0,-1
german,xgboost,78,num_dependents,relative_minus_5,-0.05,1.0,1.05,0.04028629884123802,0.04028629884123802,0.0,0.0,0,0,0,-1
german,xgboost,79,num_dependents,relative_minus_5,-0.05,1.0,1.05,0.8726094961166382,0.8726094961166382,0.0,0.0,1,1,0,-1
german,xgboost,80,num_dependents,relative_minus_5,-0.05,1.0,1.05,0.3864430785179138,0.3864430785179138,0.0,0.0,0,0,0,-1
german,xgboost,81,num_dependents,relative_minus_5,-0.05,2.0,2.1,0.024771392345428467,0.024771392345428467,0.0,0.0,0,0,0,-1
german,xgboost,82,num_dependents,relative_minus_5,-0.05,1.0,1.05,0.2705821990966797,0.2705821990966797,0.0,0.0,0,0,0,-1
german,xgboost,83,num_dependents,relative_minus_5,-0.05,2.0,2.1,0.5973073244094849,0.5973073244094849,0.0,0.0,1,1,0,-1
german,xgboost,84,num_dependents,relative_minus_5,-0.05,1.0,1.05,0.14618752896785736,0.14618752896785736,0.0,0.0,0,0,0,-1
german,xgboost,85,num_dependents,relative_minus_5,-0.05,2.0,2.1,0.025881066918373108,0.025881066918373108,0.0,0.0,0,0,0,-1
german,xgboost,86,num_dependents,relative_minus_5,-0.05,1.0,1.05,0.02392105758190155,0.02392105758190155,0.0,0.0,0,0,0,-1
german,xgboost,87,num_dependents,relative_minus_5,-0.05,1.0,1.05,0.6968122720718384,0.6968122720718384,0.0,0.0,1,1,0,-1
german,xgboost,88,num_dependents,relative_minus_5,-0.05,1.0,1.05,0.003254662500694394,0.003254662500694394,0.0,0.0,0,0,0,-1
german,xgboost,89,num_dependents,relative_minus_5,-0.05,1.0,1.05,0.8224096298217773,0.8224096298217773,0.0,0.0,1,1,0,-1
german,xgboost,90,num_dependents,relative_minus_5,-0.05,1.0,1.05,0.5363795757293701,0.5363795757293701,0.0,0.0,1,1,0,-1
german,xgboost,91,num_dependents,relative_minus_5,-0.05,1.0,1.05,0.40955519676208496,0.40955519676208496,0.0,0.0,0,0,0,-1
german,xgboost,92,num_dependents,relative_minus_5,-0.05,1.0,1.05,0.4440574645996094,0.4440574645996094,0.0,0.0,0,0,0,-1
german,xgboost,93,num_dependents,relative_minus_5,-0.05,1.0,1.05,0.6884033679962158,0.6884033679962158,0.0,0.0,1,1,0,-1
german,xgboost,94,num_dependents,relative_minus_5,-0.05,1.0,1.05,0.012738422490656376,0.012738422490656376,0.0,0.0,0,0,0,-1
german,xgboost,95,num_dependents,relative_minus_5,-0.05,1.0,1.05,0.06840237975120544,0.06840237975120544,0.0,0.0,0,0,0,-1
german,xgboost,96,num_dependents,relative_minus_5,-0.05,1.0,1.05,0.2747651934623718,0.2747651934623718,0.0,0.0,0,0,0,-1
german,xgboost,97,num_dependents,relative_minus_5,-0.05,2.0,2.1,0.14724071323871613,0.14724071323871613,0.0,0.0,0,0,0,-1
german,xgboost,98,num_dependents,relative_minus_5,-0.05,1.0,1.05,0.4165569841861725,0.4165569841861725,0.0,0.0,0,0,0,-1
german,xgboost,99,num_dependents,relative_minus_5,-0.05,1.0,1.05,0.013321362435817719,0.013321362435817719,0.0,0.0,0,0,0,-1
german,xgboost,0,num_dependents,relative_plus_5,0.05,1.0,1.05,0.14532507956027985,0.14532507956027985,0.0,0.0,0,0,0,-1
german,xgboost,1,num_dependents,relative_plus_5,0.05,1.0,1.05,0.3661198318004608,0.3661198318004608,0.0,0.0,0,0,0,-1
german,xgboost,2,num_dependents,relative_plus_5,0.05,1.0,1.05,0.09617456048727036,0.09617456048727036,0.0,0.0,0,0,0,-1
german,xgboost,3,num_dependents,relative_plus_5,0.05,1.0,1.05,0.05242149904370308,0.05242149904370308,0.0,0.0,0,0,0,-1
german,xgboost,4,num_dependents,relative_plus_5,0.05,2.0,2.1,0.002389379311352968,0.002389379311352968,0.0,0.0,0,0,0,-1
german,xgboost,5,num_dependents,relative_plus_5,0.05,1.0,1.05,0.011241624131798744,0.011241624131798744,0.0,0.0,0,0,0,-1
german,xgboost,6,num_dependents,relative_plus_5,0.05,1.0,1.05,0.02126064896583557,0.02126064896583557,0.0,0.0,0,0,0,-1
german,xgboost,7,num_dependents,relative_plus_5,0.05,1.0,1.05,0.07431254535913467,0.07431254535913467,0.0,0.0,0,0,0,-1
german,xgboost,8,num_dependents,relative_plus_5,0.05,1.0,1.05,0.02867794781923294,0.02867794781923294,0.0,0.0,0,0,0,-1
german,xgboost,9,num_dependents,relative_plus_5,0.05,1.0,1.05,0.8991640210151672,0.8991640210151672,0.0,0.0,1,1,0,-1
german,xgboost,10,num_dependents,relative_plus_5,0.05,1.0,1.05,0.43120160698890686,0.43120160698890686,0.0,0.0,0,0,0,-1
german,xgboost,11,num_dependents,relative_plus_5,0.05,1.0,1.05,0.528389573097229,0.528389573097229,0.0,0.0,1,1,0,-1
german,xgboost,12,num_dependents,relative_plus_5,0.05,1.0,1.05,0.009822084568440914,0.009822084568440914,0.0,0.0,0,0,0,-1
german,xgboost,13,num_dependents,relative_plus_5,0.05,1.0,1.05,0.11241460591554642,0.11241460591554642,0.0,0.0,0,0,0,-1
german,xgboost,14,num_dependents,relative_plus_5,0.05,2.0,2.1,0.09716489166021347,0.09716489166021347,0.0,0.0,0,0,0,-1
german,xgboost,15,num_dependents,relative_plus_5,0.05,1.0,1.05,0.4787817597389221,0.4787817597389221,0.0,0.0,0,0,0,-1
german,xgboost,16,num_dependents,relative_plus_5,0.05,2.0,2.1,0.00277602463029325,0.00277602463029325,0.0,0.0,0,0,0,-1
german,xgboost,17,num_dependents,relative_plus_5,0.05,1.0,1.05,0.9572583436965942,0.9572583436965942,0.0,0.0,1,1,0,-1
german,xgboost,18,num_dependents,relative_plus_5,0.05,1.0,1.05,0.09437244385480881,0.09437244385480881,0.0,0.0,0,0,0,-1
german,xgboost,19,num_dependents,relative_plus_5,0.05,1.0,1.05,0.9716695547103882,0.9716695547103882,0.0,0.0,1,1,0,-1
german,xgboost,20,num_dependents,relative_plus_5,0.05,2.0,2.1,0.0550624243915081,0.0550624243915081,0.0,0.0,0,0,0,-1
german,xgboost,21,num_dependents,relative_plus_5,0.05,2.0,2.1,0.018732847645878792,0.018732847645878792,0.0,0.0,0,0,0,-1
german,xgboost,22,num_dependents,relative_plus_5,0.05,1.0,1.05,0.07416114211082458,0.07416114211082458,0.0,0.0,0,0,0,-1
german,xgboost,23,num_dependents,relative_plus_5,0.05,1.0,1.05,0.8707629442214966,0.8707629442214966,0.0,0.0,1,1,0,-1
german,xgboost,24,num_dependents,relative_plus_5,0.05,1.0,1.05,0.7920497059822083,0.7920497059822083,0.0,0.0,1,1,0,-1
german,xgboost,25,num_dependents,relative_plus_5,0.05,1.0,1.05,0.4596281051635742,0.4596281051635742,0.0,0.0,0,0,0,-1
german,xgboost,26,num_dependents,relative_plus_5,0.05,1.0,1.05,0.2782054543495178,0.2782054543495178,0.0,0.0,0,0,0,-1
german,xgboost,27,num_dependents,relative_plus_5,0.05,1.0,1.05,0.6968560814857483,0.6968560814857483,0.0,0.0,1,1,0,-1
german,xgboost,28,num_dependents,relative_plus_5,0.05,1.0,1.05,0.0033986191265285015,0.0033986191265285015,0.0,0.0,0,0,0,-1
german,xgboost,29,num_dependents,relative_plus_5,0.05,1.0,1.05,0.4393616020679474,0.4393616020679474,0.0,0.0,0,0,0,-1
german,xgboost,30,num_dependents,relative_plus_5,0.05,1.0,1.05,0.4359388053417206,0.4359388053417206,0.0,0.0,0,0,0,-1
german,xgboost,31,num_dependents,relative_plus_5,0.05,1.0,1.05,0.2954026758670807,0.2954026758670807,0.0,0.0,0,0,0,-1
german,xgboost,32,num_dependents,relative_plus_5,0.05,1.0,1.05,0.016435444355010986,0.016435444355010986,0.0,0.0,0,0,0,-1
german,xgboost,33,num_dependents,relative_plus_5,0.05,1.0,1.05,0.02008327655494213,0.02008327655494213,0.0,0.0,0,0,0,-1
german,xgboost,34,num_dependents,relative_plus_5,0.05,2.0,2.1,0.7229525446891785,0.7229525446891785,0.0,0.0,1,1,0,-1
german,xgboost,35,num_dependents,relative_plus_5,0.05,1.0,1.05,0.39703890681266785,0.39703890681266785,0.0,0.0,0,0,0,-1
german,xgboost,36,num_dependents,relative_plus_5,0.05,1.0,1.05,0.8524562120437622,0.8524562120437622,0.0,0.0,1,1,0,-1
german,xgboost,37,num_dependents,relative_plus_5,0.05,1.0,1.05,0.16694852709770203,0.16694852709770203,0.0,0.0,0,0,0,-1
german,xgboost,38,num_dependents,relative_plus_5,0.05,1.0,1.05,0.38675543665885925,0.38675543665885925,0.0,0.0,0,0,0,-1
german,xgboost,39,num_dependents,relative_plus_5,0.05,1.0,1.05,0.06428443640470505,0.06428443640470505,0.0,0.0,0,0,0,-1
german,xgboost,40,num_dependents,relative_plus_5,0.05,1.0,1.05,0.6213107705116272,0.6213107705116272,0.0,0.0,1,1,0,-1
german,xgboost,41,num_dependents,relative_plus_5,0.05,2.0,2.1,0.3211948573589325,0.3211948573589325,0.0,0.0,0,0,0,-1
german,xgboost,42,num_dependents,relative_plus_5,0.05,1.0,1.05,0.5845916867256165,0.5845916867256165,0.0,0.0,1,1,0,-1
german,xgboost,43,num_dependents,relative_plus_5,0.05,1.0,1.05,0.9279054999351501,0.9279054999351501,0.0,0.0,1,1,0,-1
german,xgboost,44,num_dependents,relative_plus_5,0.05,2.0,2.1,0.35836517810821533,0.35836517810821533,0.0,0.0,0,0,0,-1
german,xgboost,45,num_dependents,relative_plus_5,0.05,1.0,1.05,0.23765133321285248,0.23765133321285248,0.0,0.0,0,0,0,-1
german,xgboost,46,num_dependents,relative_plus_5,0.05,1.0,1.05,0.015967916697263718,0.015967916697263718,0.0,0.0,0,0,0,-1
german,xgboost,47,num_dependents,relative_plus_5,0.05,1.0,1.05,0.10486079752445221,0.10486079752445221,0.0,0.0,0,0,0,-1
german,xgboost,48,num_dependents,relative_plus_5,0.05,1.0,1.05,0.01368929073214531,0.01368929073214531,0.0,0.0,0,0,0,-1
german,xgboost,49,num_dependents,relative_plus_5,0.05,1.0,1.05,0.362246036529541,0.362246036529541,0.0,0.0,0,0,0,-1
german,xgboost,50,num_dependents,relative_plus_5,0.05,1.0,1.05,0.059201136231422424,0.059201136231422424,0.0,0.0,0,0,0,-1
german,xgboost,51,num_dependents,relative_plus_5,0.05,2.0,2.1,0.2117272913455963,0.2117272913455963,0.0,0.0,0,0,0,-1
german,xgboost,52,num_dependents,relative_plus_5,0.05,1.0,1.05,0.1144600659608841,0.1144600659608841,0.0,0.0,0,0,0,-1
german,xgboost,53,num_dependents,relative_plus_5,0.05,1.0,1.05,0.09461341053247452,0.09461341053247452,0.0,0.0,0,0,0,-1
german,xgboost,54,num_dependents,relative_plus_5,0.05,1.0,1.05,0.7814464569091797,0.7814464569091797,0.0,0.0,1,1,0,-1
german,xgboost,55,num_dependents,relative_plus_5,0.05,1.0,1.05,0.33212071657180786,0.33212071657180786,0.0,0.0,0,0,0,-1
german,xgboost,56,num_dependents,relative_plus_5,0.05,1.0,1.05,0.9168915748596191,0.9168915748596191,0.0,0.0,1,1,0,-1
german,xgboost,57,num_dependents,relative_plus_5,0.05,1.0,1.05,0.12220555543899536,0.12220555543899536,0.0,0.0,0,0,0,-1
german,xgboost,58,num_dependents,relative_plus_5,0.05,1.0,1.05,0.16189272701740265,0.16189272701740265,0.0,0.0,0,0,0,-1
german,xgboost,59,num_dependents,relative_plus_5,0.05,1.0,1.05,0.6315468549728394,0.6315468549728394,0.0,0.0,1,1,0,-1
german,xgboost,60,num_dependents,relative_plus_5,0.05,1.0,1.05,0.12445571273565292,0.12445571273565292,0.0,0.0,0,0,0,-1
german,xgboost,61,num_dependents,relative_plus_5,0.05,1.0,1.05,0.04100687429308891,0.04100687429308891,0.0,0.0,0,0,0,-1
german,xgboost,62,num_dependents,relative_plus_5,0.05,1.0,1.05,0.5049558877944946,0.5049558877944946,0.0,0.0,1,1,0,-1
german,xgboost,63,num_dependents,relative_plus_5,0.05,1.0,1.05,0.41145092248916626,0.41145092248916626,0.0,0.0,0,0,0,-1
german,xgboost,64,num_dependents,relative_plus_5,0.05,1.0,1.05,0.9233189821243286,0.9233189821243286,0.0,0.0,1,1,0,-1
german,xgboost,65,num_dependents,relative_plus_5,0.05,1.0,1.05,0.164531871676445,0.164531871676445,0.0,0.0,0,0,0,-1
german,xgboost,66,num_dependents,relative_plus_5,0.05,2.0,2.1,0.31084004044532776,0.31084004044532776,0.0,0.0,0,0,0,-1
german,xgboost,67,num_dependents,relative_plus_5,0.05,1.0,1.05,0.9614232182502747,0.9614232182502747,0.0,0.0,1,1,0,-1
german,xgboost,68,num_dependents,relative_plus_5,0.05,2.0,2.1,0.48083576560020447,0.48083576560020447,0.0,0.0,0,0,0,-1
german,xgboost,69,num_dependents,relative_plus_5,0.05,1.0,1.05,0.7440284490585327,0.7440284490585327,0.0,0.0,1,1,0,-1
german,xgboost,70,num_dependents,relative_plus_5,0.05,1.0,1.05,0.7888972759246826,0.7888972759246826,0.0,0.0,1,1,0,-1
german,xgboost,71,num_dependents,relative_plus_5,0.05,2.0,2.1,0.011137815192341805,0.011137815192341805,0.0,0.0,0,0,0,-1
german,xgboost,72,num_dependents,relative_plus_5,0.05,2.0,2.1,0.04410647973418236,0.04410647973418236,0.0,0.0,0,0,0,-1
german,xgboost,73,num_dependents,relative_plus_5,0.05,1.0,1.05,0.07533993571996689,0.07533993571996689,0.0,0.0,0,0,0,-1
german,xgboost,74,num_dependents,relative_plus_5,0.05,1.0,1.05,0.0795583501458168,0.0795583501458168,0.0,0.0,0,0,0,-1
german,xgboost,75,num_dependents,relative_plus_5,0.05,1.0,1.05,0.5273517370223999,0.5273517370223999,0.0,0.0,1,1,0,-1
german,xgboost,76,num_dependents,relative_plus_5,0.05,1.0,1.05,0.3063080608844757,0.3063080608844757,0.0,0.0,0,0,0,-1
german,xgboost,77,num_dependents,relative_plus_5,0.05,1.0,1.05,0.41087862849235535,0.41087862849235535,0.0,0.0,0,0,0,-1
german,xgboost,78,num_dependents,relative_plus_5,0.05,1.0,1.05,0.04028629884123802,0.04028629884123802,0.0,0.0,0,0,0,-1
german,xgboost,79,num_dependents,relative_plus_5,0.05,1.0,1.05,0.8726094961166382,0.8726094961166382,0.0,0.0,1,1,0,-1
german,xgboost,80,num_dependents,relative_plus_5,0.05,1.0,1.05,0.3864430785179138,0.3864430785179138,0.0,0.0,0,0,0,-1
german,xgboost,81,num_dependents,relative_plus_5,0.05,2.0,2.1,0.024771392345428467,0.024771392345428467,0.0,0.0,0,0,0,-1
german,xgboost,82,num_dependents,relative_plus_5,0.05,1.0,1.05,0.2705821990966797,0.2705821990966797,0.0,0.0,0,0,0,-1
german,xgboost,83,num_dependents,relative_plus_5,0.05,2.0,2.1,0.5973073244094849,0.5973073244094849,0.0,0.0,1,1,0,-1
german,xgboost,84,num_dependents,relative_plus_5,0.05,1.0,1.05,0.14618752896785736,0.14618752896785736,0.0,0.0,0,0,0,-1
german,xgboost,85,num_dependents,relative_plus_5,0.05,2.0,2.1,0.025881066918373108,0.025881066918373108,0.0,0.0,0,0,0,-1
german,xgboost,86,num_dependents,relative_plus_5,0.05,1.0,1.05,0.02392105758190155,0.02392105758190155,0.0,0.0,0,0,0,-1
german,xgboost,87,num_dependents,relative_plus_5,0.05,1.0,1.05,0.6968122720718384,0.6968122720718384,0.0,0.0,1,1,0,-1
german,xgboost,88,num_dependents,relative_plus_5,0.05,1.0,1.05,0.003254662500694394,0.003254662500694394,0.0,0.0,0,0,0,-1
german,xgboost,89,num_dependents,relative_plus_5,0.05,1.0,1.05,0.8224096298217773,0.8224096298217773,0.0,0.0,1,1,0,-1
german,xgboost,90,num_dependents,relative_plus_5,0.05,1.0,1.05,0.5363795757293701,0.5363795757293701,0.0,0.0,1,1,0,-1
german,xgboost,91,num_dependents,relative_plus_5,0.05,1.0,1.05,0.40955519676208496,0.40955519676208496,0.0,0.0,0,0,0,-1
german,xgboost,92,num_dependents,relative_plus_5,0.05,1.0,1.05,0.4440574645996094,0.4440574645996094,0.0,0.0,0,0,0,-1
german,xgboost,93,num_dependents,relative_plus_5,0.05,1.0,1.05,0.6884033679962158,0.6884033679962158,0.0,0.0,1,1,0,-1
german,xgboost,94,num_dependents,relative_plus_5,0.05,1.0,1.05,0.012738422490656376,0.012738422490656376,0.0,0.0,0,0,0,-1
german,xgboost,95,num_dependents,relative_plus_5,0.05,1.0,1.05,0.06840237975120544,0.06840237975120544,0.0,0.0,0,0,0,-1
german,xgboost,96,num_dependents,relative_plus_5,0.05,1.0,1.05,0.2747651934623718,0.2747651934623718,0.0,0.0,0,0,0,-1
german,xgboost,97,num_dependents,relative_plus_5,0.05,2.0,2.1,0.14724071323871613,0.14724071323871613,0.0,0.0,0,0,0,-1
german,xgboost,98,num_dependents,relative_plus_5,0.05,1.0,1.05,0.4165569841861725,0.4165569841861725,0.0,0.0,0,0,0,-1
german,xgboost,99,num_dependents,relative_plus_5,0.05,1.0,1.05,0.013321362435817719,0.013321362435817719,0.0,0.0,0,0,0,-1
german,xgboost,0,num_dependents,relative_minus_10,-0.1,1.0,1.1,0.14532507956027985,0.14532507956027985,0.0,0.0,0,0,0,-1
german,xgboost,1,num_dependents,relative_minus_10,-0.1,1.0,1.1,0.3661198318004608,0.3661198318004608,0.0,0.0,0,0,0,-1
german,xgboost,2,num_dependents,relative_minus_10,-0.1,1.0,1.1,0.09617456048727036,0.09617456048727036,0.0,0.0,0,0,0,-1
german,xgboost,3,num_dependents,relative_minus_10,-0.1,1.0,1.1,0.05242149904370308,0.05242149904370308,0.0,0.0,0,0,0,-1
german,xgboost,4,num_dependents,relative_minus_10,-0.1,2.0,2.2,0.002389379311352968,0.002389379311352968,0.0,0.0,0,0,0,-1
german,xgboost,5,num_dependents,relative_minus_10,-0.1,1.0,1.1,0.011241624131798744,0.011241624131798744,0.0,0.0,0,0,0,-1
german,xgboost,6,num_dependents,relative_minus_10,-0.1,1.0,1.1,0.02126064896583557,0.02126064896583557,0.0,0.0,0,0,0,-1
german,xgboost,7,num_dependents,relative_minus_10,-0.1,1.0,1.1,0.07431254535913467,0.07431254535913467,0.0,0.0,0,0,0,-1
german,xgboost,8,num_dependents,relative_minus_10,-0.1,1.0,1.1,0.02867794781923294,0.02867794781923294,0.0,0.0,0,0,0,-1
german,xgboost,9,num_dependents,relative_minus_10,-0.1,1.0,1.1,0.8991640210151672,0.8991640210151672,0.0,0.0,1,1,0,-1
german,xgboost,10,num_dependents,relative_minus_10,-0.1,1.0,1.1,0.43120160698890686,0.43120160698890686,0.0,0.0,0,0,0,-1
german,xgboost,11,num_dependents,relative_minus_10,-0.1,1.0,1.1,0.528389573097229,0.528389573097229,0.0,0.0,1,1,0,-1
german,xgboost,12,num_dependents,relative_minus_10,-0.1,1.0,1.1,0.009822084568440914,0.009822084568440914,0.0,0.0,0,0,0,-1
german,xgboost,13,num_dependents,relative_minus_10,-0.1,1.0,1.1,0.11241460591554642,0.11241460591554642,0.0,0.0,0,0,0,-1
german,xgboost,14,num_dependents,relative_minus_10,-0.1,2.0,2.2,0.09716489166021347,0.09716489166021347,0.0,0.0,0,0,0,-1
german,xgboost,15,num_dependents,relative_minus_10,-0.1,1.0,1.1,0.4787817597389221,0.4787817597389221,0.0,0.0,0,0,0,-1
german,xgboost,16,num_dependents,relative_minus_10,-0.1,2.0,2.2,0.00277602463029325,0.00277602463029325,0.0,0.0,0,0,0,-1
german,xgboost,17,num_dependents,relative_minus_10,-0.1,1.0,1.1,0.9572583436965942,0.9572583436965942,0.0,0.0,1,1,0,-1
german,xgboost,18,num_dependents,relative_minus_10,-0.1,1.0,1.1,0.09437244385480881,0.09437244385480881,0.0,0.0,0,0,0,-1
german,xgboost,19,num_dependents,relative_minus_10,-0.1,1.0,1.1,0.9716695547103882,0.9716695547103882,0.0,0.0,1,1,0,-1
german,xgboost,20,num_dependents,relative_minus_10,-0.1,2.0,2.2,0.0550624243915081,0.0550624243915081,0.0,0.0,0,0,0,-1
german,xgboost,21,num_dependents,relative_minus_10,-0.1,2.0,2.2,0.018732847645878792,0.018732847645878792,0.0,0.0,0,0,0,-1
german,xgboost,22,num_dependents,relative_minus_10,-0.1,1.0,1.1,0.07416114211082458,0.07416114211082458,0.0,0.0,0,0,0,-1
german,xgboost,23,num_dependents,relative_minus_10,-0.1,1.0,1.1,0.8707629442214966,0.8707629442214966,0.0,0.0,1,1,0,-1
german,xgboost,24,num_dependents,relative_minus_10,-0.1,1.0,1.1,0.7920497059822083,0.7920497059822083,0.0,0.0,1,1,0,-1
german,xgboost,25,num_dependents,relative_minus_10,-0.1,1.0,1.1,0.4596281051635742,0.4596281051635742,0.0,0.0,0,0,0,-1
german,xgboost,26,num_dependents,relative_minus_10,-0.1,1.0,1.1,0.2782054543495178,0.2782054543495178,0.0,0.0,0,0,0,-1
german,xgboost,27,num_dependents,relative_minus_10,-0.1,1.0,1.1,0.6968560814857483,0.6968560814857483,0.0,0.0,1,1,0,-1
german,xgboost,28,num_dependents,relative_minus_10,-0.1,1.0,1.1,0.0033986191265285015,0.0033986191265285015,0.0,0.0,0,0,0,-1
german,xgboost,29,num_dependents,relative_minus_10,-0.1,1.0,1.1,0.4393616020679474,0.4393616020679474,0.0,0.0,0,0,0,-1
german,xgboost,30,num_dependents,relative_minus_10,-0.1,1.0,1.1,0.4359388053417206,0.4359388053417206,0.0,0.0,0,0,0,-1
german,xgboost,31,num_dependents,relative_minus_10,-0.1,1.0,1.1,0.2954026758670807,0.2954026758670807,0.0,0.0,0,0,0,-1
german,xgboost,32,num_dependents,relative_minus_10,-0.1,1.0,1.1,0.016435444355010986,0.016435444355010986,0.0,0.0,0,0,0,-1
german,xgboost,33,num_dependents,relative_minus_10,-0.1,1.0,1.1,0.02008327655494213,0.02008327655494213,0.0,0.0,0,0,0,-1
german,xgboost,34,num_dependents,relative_minus_10,-0.1,2.0,2.2,0.7229525446891785,0.7229525446891785,0.0,0.0,1,1,0,-1
german,xgboost,35,num_dependents,relative_minus_10,-0.1,1.0,1.1,0.39703890681266785,0.39703890681266785,0.0,0.0,0,0,0,-1
german,xgboost,36,num_dependents,relative_minus_10,-0.1,1.0,1.1,0.8524562120437622,0.8524562120437622,0.0,0.0,1,1,0,-1
german,xgboost,37,num_dependents,relative_minus_10,-0.1,1.0,1.1,0.16694852709770203,0.16694852709770203,0.0,0.0,0,0,0,-1
german,xgboost,38,num_dependents,relative_minus_10,-0.1,1.0,1.1,0.38675543665885925,0.38675543665885925,0.0,0.0,0,0,0,-1
german,xgboost,39,num_dependents,relative_minus_10,-0.1,1.0,1.1,0.06428443640470505,0.06428443640470505,0.0,0.0,0,0,0,-1
german,xgboost,40,num_dependents,relative_minus_10,-0.1,1.0,1.1,0.6213107705116272,0.6213107705116272,0.0,0.0,1,1,0,-1
german,xgboost,41,num_dependents,relative_minus_10,-0.1,2.0,2.2,0.3211948573589325,0.3211948573589325,0.0,0.0,0,0,0,-1
german,xgboost,42,num_dependents,relative_minus_10,-0.1,1.0,1.1,0.5845916867256165,0.5845916867256165,0.0,0.0,1,1,0,-1
german,xgboost,43,num_dependents,relative_minus_10,-0.1,1.0,1.1,0.9279054999351501,0.9279054999351501,0.0,0.0,1,1,0,-1
german,xgboost,44,num_dependents,relative_minus_10,-0.1,2.0,2.2,0.35836517810821533,0.35836517810821533,0.0,0.0,0,0,0,-1
german,xgboost,45,num_dependents,relative_minus_10,-0.1,1.0,1.1,0.23765133321285248,0.23765133321285248,0.0,0.0,0,0,0,-1
german,xgboost,46,num_dependents,relative_minus_10,-0.1,1.0,1.1,0.015967916697263718,0.015967916697263718,0.0,0.0,0,0,0,-1
german,xgboost,47,num_dependents,relative_minus_10,-0.1,1.0,1.1,0.10486079752445221,0.10486079752445221,0.0,0.0,0,0,0,-1
german,xgboost,48,num_dependents,relative_minus_10,-0.1,1.0,1.1,0.01368929073214531,0.01368929073214531,0.0,0.0,0,0,0,-1
german,xgboost,49,num_dependents,relative_minus_10,-0.1,1.0,1.1,0.362246036529541,0.362246036529541,0.0,0.0,0,0,0,-1
german,xgboost,50,num_dependents,relative_minus_10,-0.1,1.0,1.1,0.059201136231422424,0.059201136231422424,0.0,0.0,0,0,0,-1
german,xgboost,51,num_dependents,relative_minus_10,-0.1,2.0,2.2,0.2117272913455963,0.2117272913455963,0.0,0.0,0,0,0,-1
german,xgboost,52,num_dependents,relative_minus_10,-0.1,1.0,1.1,0.1144600659608841,0.1144600659608841,0.0,0.0,0,0,0,-1
german,xgboost,53,num_dependents,relative_minus_10,-0.1,1.0,1.1,0.09461341053247452,0.09461341053247452,0.0,0.0,0,0,0,-1
german,xgboost,54,num_dependents,relative_minus_10,-0.1,1.0,1.1,0.7814464569091797,0.7814464569091797,0.0,0.0,1,1,0,-1
german,xgboost,55,num_dependents,relative_minus_10,-0.1,1.0,1.1,0.33212071657180786,0.33212071657180786,0.0,0.0,0,0,0,-1
german,xgboost,56,num_dependents,relative_minus_10,-0.1,1.0,1.1,0.9168915748596191,0.9168915748596191,0.0,0.0,1,1,0,-1
german,xgboost,57,num_dependents,relative_minus_10,-0.1,1.0,1.1,0.12220555543899536,0.12220555543899536,0.0,0.0,0,0,0,-1
german,xgboost,58,num_dependents,relative_minus_10,-0.1,1.0,1.1,0.16189272701740265,0.16189272701740265,0.0,0.0,0,0,0,-1
german,xgboost,59,num_dependents,relative_minus_10,-0.1,1.0,1.1,0.6315468549728394,0.6315468549728394,0.0,0.0,1,1,0,-1
german,xgboost,60,num_dependents,relative_minus_10,-0.1,1.0,1.1,0.12445571273565292,0.12445571273565292,0.0,0.0,0,0,0,-1
german,xgboost,61,num_dependents,relative_minus_10,-0.1,1.0,1.1,0.04100687429308891,0.04100687429308891,0.0,0.0,0,0,0,-1
german,xgboost,62,num_dependents,relative_minus_10,-0.1,1.0,1.1,0.5049558877944946,0.5049558877944946,0.0,0.0,1,1,0,-1
german,xgboost,63,num_dependents,relative_minus_10,-0.1,1.0,1.1,0.41145092248916626,0.41145092248916626,0.0,0.0,0,0,0,-1
german,xgboost,64,num_dependents,relative_minus_10,-0.1,1.0,1.1,0.9233189821243286,0.9233189821243286,0.0,0.0,1,1,0,-1
german,xgboost,65,num_dependents,relative_minus_10,-0.1,1.0,1.1,0.164531871676445,0.164531871676445,0.0,0.0,0,0,0,-1
german,xgboost,66,num_dependents,relative_minus_10,-0.1,2.0,2.2,0.31084004044532776,0.31084004044532776,0.0,0.0,0,0,0,-1
german,xgboost,67,num_dependents,relative_minus_10,-0.1,1.0,1.1,0.9614232182502747,0.9614232182502747,0.0,0.0,1,1,0,-1
german,xgboost,68,num_dependents,relative_minus_10,-0.1,2.0,2.2,0.48083576560020447,0.48083576560020447,0.0,0.0,0,0,0,-1
german,xgboost,69,num_dependents,relative_minus_10,-0.1,1.0,1.1,0.7440284490585327,0.7440284490585327,0.0,0.0,1,1,0,-1
german,xgboost,70,num_dependents,relative_minus_10,-0.1,1.0,1.1,0.7888972759246826,0.7888972759246826,0.0,0.0,1,1,0,-1
german,xgboost,71,num_dependents,relative_minus_10,-0.1,2.0,2.2,0.011137815192341805,0.011137815192341805,0.0,0.0,0,0,0,-1
german,xgboost,72,num_dependents,relative_minus_10,-0.1,2.0,2.2,0.04410647973418236,0.04410647973418236,0.0,0.0,0,0,0,-1
german,xgboost,73,num_dependents,relative_minus_10,-0.1,1.0,1.1,0.07533993571996689,0.07533993571996689,0.0,0.0,0,0,0,-1
german,xgboost,74,num_dependents,relative_minus_10,-0.1,1.0,1.1,0.0795583501458168,0.0795583501458168,0.0,0.0,0,0,0,-1
german,xgboost,75,num_dependents,relative_minus_10,-0.1,1.0,1.1,0.5273517370223999,0.5273517370223999,0.0,0.0,1,1,0,-1
german,xgboost,76,num_dependents,relative_minus_10,-0.1,1.0,1.1,0.3063080608844757,0.3063080608844757,0.0,0.0,0,0,0,-1
german,xgboost,77,num_dependents,relative_minus_10,-0.1,1.0,1.1,0.41087862849235535,0.41087862849235535,0.0,0.0,0,0,0,-1
german,xgboost,78,num_dependents,relative_minus_10,-0.1,1.0,1.1,0.04028629884123802,0.04028629884123802,0.0,0.0,0,0,0,-1
german,xgboost,79,num_dependents,relative_minus_10,-0.1,1.0,1.1,0.8726094961166382,0.8726094961166382,0.0,0.0,1,1,0,-1
german,xgboost,80,num_dependents,relative_minus_10,-0.1,1.0,1.1,0.3864430785179138,0.3864430785179138,0.0,0.0,0,0,0,-1
german,xgboost,81,num_dependents,relative_minus_10,-0.1,2.0,2.2,0.024771392345428467,0.024771392345428467,0.0,0.0,0,0,0,-1
german,xgboost,82,num_dependents,relative_minus_10,-0.1,1.0,1.1,0.2705821990966797,0.2705821990966797,0.0,0.0,0,0,0,-1
german,xgboost,83,num_dependents,relative_minus_10,-0.1,2.0,2.2,0.5973073244094849,0.5973073244094849,0.0,0.0,1,1,0,-1
german,xgboost,84,num_dependents,relative_minus_10,-0.1,1.0,1.1,0.14618752896785736,0.14618752896785736,0.0,0.0,0,0,0,-1
german,xgboost,85,num_dependents,relative_minus_10,-0.1,2.0,2.2,0.025881066918373108,0.025881066918373108,0.0,0.0,0,0,0,-1
german,xgboost,86,num_dependents,relative_minus_10,-0.1,1.0,1.1,0.02392105758190155,0.02392105758190155,0.0,0.0,0,0,0,-1
german,xgboost,87,num_dependents,relative_minus_10,-0.1,1.0,1.1,0.6968122720718384,0.6968122720718384,0.0,0.0,1,1,0,-1
german,xgboost,88,num_dependents,relative_minus_10,-0.1,1.0,1.1,0.003254662500694394,0.003254662500694394,0.0,0.0,0,0,0,-1
german,xgboost,89,num_dependents,relative_minus_10,-0.1,1.0,1.1,0.8224096298217773,0.8224096298217773,0.0,0.0,1,1,0,-1
german,xgboost,90,num_dependents,relative_minus_10,-0.1,1.0,1.1,0.5363795757293701,0.5363795757293701,0.0,0.0,1,1,0,-1
german,xgboost,91,num_dependents,relative_minus_10,-0.1,1.0,1.1,0.40955519676208496,0.40955519676208496,0.0,0.0,0,0,0,-1
german,xgboost,92,num_dependents,relative_minus_10,-0.1,1.0,1.1,0.4440574645996094,0.4440574645996094,0.0,0.0,0,0,0,-1
german,xgboost,93,num_dependents,relative_minus_10,-0.1,1.0,1.1,0.6884033679962158,0.6884033679962158,0.0,0.0,1,1,0,-1
german,xgboost,94,num_dependents,relative_minus_10,-0.1,1.0,1.1,0.012738422490656376,0.012738422490656376,0.0,0.0,0,0,0,-1
german,xgboost,95,num_dependents,relative_minus_10,-0.1,1.0,1.1,0.06840237975120544,0.06840237975120544,0.0,0.0,0,0,0,-1
german,xgboost,96,num_dependents,relative_minus_10,-0.1,1.0,1.1,0.2747651934623718,0.2747651934623718,0.0,0.0,0,0,0,-1
german,xgboost,97,num_dependents,relative_minus_10,-0.1,2.0,2.2,0.14724071323871613,0.14724071323871613,0.0,0.0,0,0,0,-1
german,xgboost,98,num_dependents,relative_minus_10,-0.1,1.0,1.1,0.4165569841861725,0.4165569841861725,0.0,0.0,0,0,0,-1
german,xgboost,99,num_dependents,relative_minus_10,-0.1,1.0,1.1,0.013321362435817719,0.013321362435817719,0.0,0.0,0,0,0,-1
german,xgboost,0,num_dependents,relative_plus_10,0.1,1.0,1.1,0.14532507956027985,0.14532507956027985,0.0,0.0,0,0,0,-1
german,xgboost,1,num_dependents,relative_plus_10,0.1,1.0,1.1,0.3661198318004608,0.3661198318004608,0.0,0.0,0,0,0,-1
german,xgboost,2,num_dependents,relative_plus_10,0.1,1.0,1.1,0.09617456048727036,0.09617456048727036,0.0,0.0,0,0,0,-1
german,xgboost,3,num_dependents,relative_plus_10,0.1,1.0,1.1,0.05242149904370308,0.05242149904370308,0.0,0.0,0,0,0,-1
german,xgboost,4,num_dependents,relative_plus_10,0.1,2.0,2.2,0.002389379311352968,0.002389379311352968,0.0,0.0,0,0,0,-1
german,xgboost,5,num_dependents,relative_plus_10,0.1,1.0,1.1,0.011241624131798744,0.011241624131798744,0.0,0.0,0,0,0,-1
german,xgboost,6,num_dependents,relative_plus_10,0.1,1.0,1.1,0.02126064896583557,0.02126064896583557,0.0,0.0,0,0,0,-1
german,xgboost,7,num_dependents,relative_plus_10,0.1,1.0,1.1,0.07431254535913467,0.07431254535913467,0.0,0.0,0,0,0,-1
german,xgboost,8,num_dependents,relative_plus_10,0.1,1.0,1.1,0.02867794781923294,0.02867794781923294,0.0,0.0,0,0,0,-1
german,xgboost,9,num_dependents,relative_plus_10,0.1,1.0,1.1,0.8991640210151672,0.8991640210151672,0.0,0.0,1,1,0,-1
german,xgboost,10,num_dependents,relative_plus_10,0.1,1.0,1.1,0.43120160698890686,0.43120160698890686,0.0,0.0,0,0,0,-1
german,xgboost,11,num_dependents,relative_plus_10,0.1,1.0,1.1,0.528389573097229,0.528389573097229,0.0,0.0,1,1,0,-1
german,xgboost,12,num_dependents,relative_plus_10,0.1,1.0,1.1,0.009822084568440914,0.009822084568440914,0.0,0.0,0,0,0,-1
german,xgboost,13,num_dependents,relative_plus_10,0.1,1.0,1.1,0.11241460591554642,0.11241460591554642,0.0,0.0,0,0,0,-1
german,xgboost,14,num_dependents,relative_plus_10,0.1,2.0,2.2,0.09716489166021347,0.09716489166021347,0.0,0.0,0,0,0,-1
german,xgboost,15,num_dependents,relative_plus_10,0.1,1.0,1.1,0.4787817597389221,0.4787817597389221,0.0,0.0,0,0,0,-1
german,xgboost,16,num_dependents,relative_plus_10,0.1,2.0,2.2,0.00277602463029325,0.00277602463029325,0.0,0.0,0,0,0,-1
german,xgboost,17,num_dependents,relative_plus_10,0.1,1.0,1.1,0.9572583436965942,0.9572583436965942,0.0,0.0,1,1,0,-1
german,xgboost,18,num_dependents,relative_plus_10,0.1,1.0,1.1,0.09437244385480881,0.09437244385480881,0.0,0.0,0,0,0,-1
german,xgboost,19,num_dependents,relative_plus_10,0.1,1.0,1.1,0.9716695547103882,0.9716695547103882,0.0,0.0,1,1,0,-1
german,xgboost,20,num_dependents,relative_plus_10,0.1,2.0,2.2,0.0550624243915081,0.0550624243915081,0.0,0.0,0,0,0,-1
german,xgboost,21,num_dependents,relative_plus_10,0.1,2.0,2.2,0.018732847645878792,0.018732847645878792,0.0,0.0,0,0,0,-1
german,xgboost,22,num_dependents,relative_plus_10,0.1,1.0,1.1,0.07416114211082458,0.07416114211082458,0.0,0.0,0,0,0,-1
german,xgboost,23,num_dependents,relative_plus_10,0.1,1.0,1.1,0.8707629442214966,0.8707629442214966,0.0,0.0,1,1,0,-1
german,xgboost,24,num_dependents,relative_plus_10,0.1,1.0,1.1,0.7920497059822083,0.7920497059822083,0.0,0.0,1,1,0,-1
german,xgboost,25,num_dependents,relative_plus_10,0.1,1.0,1.1,0.4596281051635742,0.4596281051635742,0.0,0.0,0,0,0,-1
german,xgboost,26,num_dependents,relative_plus_10,0.1,1.0,1.1,0.2782054543495178,0.2782054543495178,0.0,0.0,0,0,0,-1
german,xgboost,27,num_dependents,relative_plus_10,0.1,1.0,1.1,0.6968560814857483,0.6968560814857483,0.0,0.0,1,1,0,-1
german,xgboost,28,num_dependents,relative_plus_10,0.1,1.0,1.1,0.0033986191265285015,0.0033986191265285015,0.0,0.0,0,0,0,-1
german,xgboost,29,num_dependents,relative_plus_10,0.1,1.0,1.1,0.4393616020679474,0.4393616020679474,0.0,0.0,0,0,0,-1
german,xgboost,30,num_dependents,relative_plus_10,0.1,1.0,1.1,0.4359388053417206,0.4359388053417206,0.0,0.0,0,0,0,-1
german,xgboost,31,num_dependents,relative_plus_10,0.1,1.0,1.1,0.2954026758670807,0.2954026758670807,0.0,0.0,0,0,0,-1
german,xgboost,32,num_dependents,relative_plus_10,0.1,1.0,1.1,0.016435444355010986,0.016435444355010986,0.0,0.0,0,0,0,-1
german,xgboost,33,num_dependents,relative_plus_10,0.1,1.0,1.1,0.02008327655494213,0.02008327655494213,0.0,0.0,0,0,0,-1
german,xgboost,34,num_dependents,relative_plus_10,0.1,2.0,2.2,0.7229525446891785,0.7229525446891785,0.0,0.0,1,1,0,-1
german,xgboost,35,num_dependents,relative_plus_10,0.1,1.0,1.1,0.39703890681266785,0.39703890681266785,0.0,0.0,0,0,0,-1
german,xgboost,36,num_dependents,relative_plus_10,0.1,1.0,1.1,0.8524562120437622,0.8524562120437622,0.0,0.0,1,1,0,-1
german,xgboost,37,num_dependents,relative_plus_10,0.1,1.0,1.1,0.16694852709770203,0.16694852709770203,0.0,0.0,0,0,0,-1
german,xgboost,38,num_dependents,relative_plus_10,0.1,1.0,1.1,0.38675543665885925,0.38675543665885925,0.0,0.0,0,0,0,-1
german,xgboost,39,num_dependents,relative_plus_10,0.1,1.0,1.1,0.06428443640470505,0.06428443640470505,0.0,0.0,0,0,0,-1
german,xgboost,40,num_dependents,relative_plus_10,0.1,1.0,1.1,0.6213107705116272,0.6213107705116272,0.0,0.0,1,1,0,-1
german,xgboost,41,num_dependents,relative_plus_10,0.1,2.0,2.2,0.3211948573589325,0.3211948573589325,0.0,0.0,0,0,0,-1
german,xgboost,42,num_dependents,relative_plus_10,0.1,1.0,1.1,0.5845916867256165,0.5845916867256165,0.0,0.0,1,1,0,-1
german,xgboost,43,num_dependents,relative_plus_10,0.1,1.0,1.1,0.9279054999351501,0.9279054999351501,0.0,0.0,1,1,0,-1
german,xgboost,44,num_dependents,relative_plus_10,0.1,2.0,2.2,0.35836517810821533,0.35836517810821533,0.0,0.0,0,0,0,-1
german,xgboost,45,num_dependents,relative_plus_10,0.1,1.0,1.1,0.23765133321285248,0.23765133321285248,0.0,0.0,0,0,0,-1
german,xgboost,46,num_dependents,relative_plus_10,0.1,1.0,1.1,0.015967916697263718,0.015967916697263718,0.0,0.0,0,0,0,-1
german,xgboost,47,num_dependents,relative_plus_10,0.1,1.0,1.1,0.10486079752445221,0.10486079752445221,0.0,0.0,0,0,0,-1
german,xgboost,48,num_dependents,relative_plus_10,0.1,1.0,1.1,0.01368929073214531,0.01368929073214531,0.0,0.0,0,0,0,-1
german,xgboost,49,num_dependents,relative_plus_10,0.1,1.0,1.1,0.362246036529541,0.362246036529541,0.0,0.0,0,0,0,-1
german,xgboost,50,num_dependents,relative_plus_10,0.1,1.0,1.1,0.059201136231422424,0.059201136231422424,0.0,0.0,0,0,0,-1
german,xgboost,51,num_dependents,relative_plus_10,0.1,2.0,2.2,0.2117272913455963,0.2117272913455963,0.0,0.0,0,0,0,-1
german,xgboost,52,num_dependents,relative_plus_10,0.1,1.0,1.1,0.1144600659608841,0.1144600659608841,0.0,0.0,0,0,0,-1
german,xgboost,53,num_dependents,relative_plus_10,0.1,1.0,1.1,0.09461341053247452,0.09461341053247452,0.0,0.0,0,0,0,-1
german,xgboost,54,num_dependents,relative_plus_10,0.1,1.0,1.1,0.7814464569091797,0.7814464569091797,0.0,0.0,1,1,0,-1
german,xgboost,55,num_dependents,relative_plus_10,0.1,1.0,1.1,0.33212071657180786,0.33212071657180786,0.0,0.0,0,0,0,-1
german,xgboost,56,num_dependents,relative_plus_10,0.1,1.0,1.1,0.9168915748596191,0.9168915748596191,0.0,0.0,1,1,0,-1
german,xgboost,57,num_dependents,relative_plus_10,0.1,1.0,1.1,0.12220555543899536,0.12220555543899536,0.0,0.0,0,0,0,-1
german,xgboost,58,num_dependents,relative_plus_10,0.1,1.0,1.1,0.16189272701740265,0.16189272701740265,0.0,0.0,0,0,0,-1
german,xgboost,59,num_dependents,relative_plus_10,0.1,1.0,1.1,0.6315468549728394,0.6315468549728394,0.0,0.0,1,1,0,-1
german,xgboost,60,num_dependents,relative_plus_10,0.1,1.0,1.1,0.12445571273565292,0.12445571273565292,0.0,0.0,0,0,0,-1
german,xgboost,61,num_dependents,relative_plus_10,0.1,1.0,1.1,0.04100687429308891,0.04100687429308891,0.0,0.0,0,0,0,-1
german,xgboost,62,num_dependents,relative_plus_10,0.1,1.0,1.1,0.5049558877944946,0.5049558877944946,0.0,0.0,1,1,0,-1
german,xgboost,63,num_dependents,relative_plus_10,0.1,1.0,1.1,0.41145092248916626,0.41145092248916626,0.0,0.0,0,0,0,-1
german,xgboost,64,num_dependents,relative_plus_10,0.1,1.0,1.1,0.9233189821243286,0.9233189821243286,0.0,0.0,1,1,0,-1
german,xgboost,65,num_dependents,relative_plus_10,0.1,1.0,1.1,0.164531871676445,0.164531871676445,0.0,0.0,0,0,0,-1
german,xgboost,66,num_dependents,relative_plus_10,0.1,2.0,2.2,0.31084004044532776,0.31084004044532776,0.0,0.0,0,0,0,-1
german,xgboost,67,num_dependents,relative_plus_10,0.1,1.0,1.1,0.9614232182502747,0.9614232182502747,0.0,0.0,1,1,0,-1
german,xgboost,68,num_dependents,relative_plus_10,0.1,2.0,2.2,0.48083576560020447,0.48083576560020447,0.0,0.0,0,0,0,-1
german,xgboost,69,num_dependents,relative_plus_10,0.1,1.0,1.1,0.7440284490585327,0.7440284490585327,0.0,0.0,1,1,0,-1
german,xgboost,70,num_dependents,relative_plus_10,0.1,1.0,1.1,0.7888972759246826,0.7888972759246826,0.0,0.0,1,1,0,-1
german,xgboost,71,num_dependents,relative_plus_10,0.1,2.0,2.2,0.011137815192341805,0.011137815192341805,0.0,0.0,0,0,0,-1
german,xgboost,72,num_dependents,relative_plus_10,0.1,2.0,2.2,0.04410647973418236,0.04410647973418236,0.0,0.0,0,0,0,-1
german,xgboost,73,num_dependents,relative_plus_10,0.1,1.0,1.1,0.07533993571996689,0.07533993571996689,0.0,0.0,0,0,0,-1
german,xgboost,74,num_dependents,relative_plus_10,0.1,1.0,1.1,0.0795583501458168,0.0795583501458168,0.0,0.0,0,0,0,-1
german,xgboost,75,num_dependents,relative_plus_10,0.1,1.0,1.1,0.5273517370223999,0.5273517370223999,0.0,0.0,1,1,0,-1
german,xgboost,76,num_dependents,relative_plus_10,0.1,1.0,1.1,0.3063080608844757,0.3063080608844757,0.0,0.0,0,0,0,-1
german,xgboost,77,num_dependents,relative_plus_10,0.1,1.0,1.1,0.41087862849235535,0.41087862849235535,0.0,0.0,0,0,0,-1
german,xgboost,78,num_dependents,relative_plus_10,0.1,1.0,1.1,0.04028629884123802,0.04028629884123802,0.0,0.0,0,0,0,-1
german,xgboost,79,num_dependents,relative_plus_10,0.1,1.0,1.1,0.8726094961166382,0.8726094961166382,0.0,0.0,1,1,0,-1
german,xgboost,80,num_dependents,relative_plus_10,0.1,1.0,1.1,0.3864430785179138,0.3864430785179138,0.0,0.0,0,0,0,-1
german,xgboost,81,num_dependents,relative_plus_10,0.1,2.0,2.2,0.024771392345428467,0.024771392345428467,0.0,0.0,0,0,0,-1
german,xgboost,82,num_dependents,relative_plus_10,0.1,1.0,1.1,0.2705821990966797,0.2705821990966797,0.0,0.0,0,0,0,-1
german,xgboost,83,num_dependents,relative_plus_10,0.1,2.0,2.2,0.5973073244094849,0.5973073244094849,0.0,0.0,1,1,0,-1
german,xgboost,84,num_dependents,relative_plus_10,0.1,1.0,1.1,0.14618752896785736,0.14618752896785736,0.0,0.0,0,0,0,-1
german,xgboost,85,num_dependents,relative_plus_10,0.1,2.0,2.2,0.025881066918373108,0.025881066918373108,0.0,0.0,0,0,0,-1
german,xgboost,86,num_dependents,relative_plus_10,0.1,1.0,1.1,0.02392105758190155,0.02392105758190155,0.0,0.0,0,0,0,-1
german,xgboost,87,num_dependents,relative_plus_10,0.1,1.0,1.1,0.6968122720718384,0.6968122720718384,0.0,0.0,1,1,0,-1
german,xgboost,88,num_dependents,relative_plus_10,0.1,1.0,1.1,0.003254662500694394,0.003254662500694394,0.0,0.0,0,0,0,-1
german,xgboost,89,num_dependents,relative_plus_10,0.1,1.0,1.1,0.8224096298217773,0.8224096298217773,0.0,0.0,1,1,0,-1
german,xgboost,90,num_dependents,relative_plus_10,0.1,1.0,1.1,0.5363795757293701,0.5363795757293701,0.0,0.0,1,1,0,-1
german,xgboost,91,num_dependents,relative_plus_10,0.1,1.0,1.1,0.40955519676208496,0.40955519676208496,0.0,0.0,0,0,0,-1
german,xgboost,92,num_dependents,relative_plus_10,0.1,1.0,1.1,0.4440574645996094,0.4440574645996094,0.0,0.0,0,0,0,-1
german,xgboost,93,num_dependents,relative_plus_10,0.1,1.0,1.1,0.6884033679962158,0.6884033679962158,0.0,0.0,1,1,0,-1
german,xgboost,94,num_dependents,relative_plus_10,0.1,1.0,1.1,0.012738422490656376,0.012738422490656376,0.0,0.0,0,0,0,-1
german,xgboost,95,num_dependents,relative_plus_10,0.1,1.0,1.1,0.06840237975120544,0.06840237975120544,0.0,0.0,0,0,0,-1
german,xgboost,96,num_dependents,relative_plus_10,0.1,1.0,1.1,0.2747651934623718,0.2747651934623718,0.0,0.0,0,0,0,-1
german,xgboost,97,num_dependents,relative_plus_10,0.1,2.0,2.2,0.14724071323871613,0.14724071323871613,0.0,0.0,0,0,0,-1
german,xgboost,98,num_dependents,relative_plus_10,0.1,1.0,1.1,0.4165569841861725,0.4165569841861725,0.0,0.0,0,0,0,-1
german,xgboost,99,num_dependents,relative_plus_10,0.1,1.0,1.1,0.013321362435817719,0.013321362435817719,0.0,0.0,0,0,0,-1
