dataset,model,instance_id,feature,perturbation,magnitude,original_value,perturbed_value,original_probability,perturbed_probability,probability_change,absolute_probability_change,original_prediction,perturbed_prediction,prediction_changed,true_label
gmsc,mlp,0,RevolvingUtilizationOfUnsecuredLines,relative_minus_5,-0.05,0.030896358,0.0324411759,0.02211686465599193,0.022118928973304045,2.0643173121136227e-06,2.0643173121136227e-06,0,0,0,-1
gmsc,mlp,1,RevolvingUtilizationOfUnsecuredLines,relative_minus_5,-0.05,0.02948292,0.030957066,0.01569449495491033,0.015695992145683617,1.497190773285667e-06,1.497190773285667e-06,0,0,0,-1
gmsc,mlp,2,RevolvingUtilizationOfUnsecuredLines,relative_minus_5,-0.05,0.021382323,0.022451439150000002,0.016575068310977385,0.01657623973755548,1.1714265780969624e-06,1.1714265780969624e-06,0,0,0,-1
gmsc,mlp,3,RevolvingUtilizationOfUnsecuredLines,relative_minus_5,-0.05,0.15189621,0.1594910205,0.034126022539606525,0.034141131405383704,1.5108865777178904e-05,1.5108865777178904e-05,0,0,0,-1
gmsc,mlp,4,RevolvingUtilizationOfUnsecuredLines,relative_minus_5,-0.05,0.011665889,0.012249183450000001,0.026106102898580053,0.026107065965533263,9.630669532099956e-07,9.630669532099956e-07,0,0,0,-1
gmsc,mlp,5,RevolvingUtilizationOfUnsecuredLines,relative_minus_5,-0.05,0.23322007,0.2448810735,0.021830131699538843,0.021844732533106575,1.460083356773223e-05,1.460083356773223e-05,0,0,0,-1
gmsc,mlp,6,RevolvingUtilizationOfUnsecuredLines,relative_minus_5,-0.05,0.39567325,0.4154569125,0.03217662260521963,0.03221110935408113,3.448674886149389e-05,3.448674886149389e-05,0,0,0,-1
gmsc,mlp,7,RevolvingUtilizationOfUnsecuredLines,relative_minus_5,-0.05,0.2807908,0.29483034,0.046315106403102796,0.046358785702172736,4.367929906994028e-05,4.367929906994028e-05,0,0,0,-1
gmsc,mlp,8,RevolvingUtilizationOfUnsecuredLines,relative_minus_5,-0.05,0.0,0.00455047435,0.05673708325740244,0.0567572712007446,2.018794334215923e-05,2.018794334215923e-05,0,0,0,-1
gmsc,mlp,9,RevolvingUtilizationOfUnsecuredLines,relative_minus_5,-0.05,0.12197734,0.128076207,0.07183380465082981,0.07185452629212163,2.072164129182652e-05,2.072164129182652e-05,0,0,0,-1
gmsc,mlp,10,RevolvingUtilizationOfUnsecuredLines,relative_minus_5,-0.05,0.3846793,0.403913265,0.029425463415082575,0.029460414895271923,3.495148018934843e-05,3.495148018934843e-05,0,0,0,-1
gmsc,mlp,11,RevolvingUtilizationOfUnsecuredLines,relative_minus_5,-0.05,0.43613514,0.457941897,0.012965465127209348,0.012978418243580899,1.295311637155086e-05,1.295311637155086e-05,0,0,0,-1
gmsc,mlp,12,RevolvingUtilizationOfUnsecuredLines,relative_minus_5,-0.05,0.09578084,0.100569882,0.007076920292949544,0.007079197478924896,2.27718597535162e-06,2.27718597535162e-06,0,0,0,-1
gmsc,mlp,13,RevolvingUtilizationOfUnsecuredLines,relative_minus_5,-0.05,0.9999999,1.049999895,0.35361463292929435,0.3539458620707044,0.0003312291414100388,0.0003312291414100388,0,0,0,-1
gmsc,mlp,14,RevolvingUtilizationOfUnsecuredLines,relative_minus_5,-0.05,0.47141215,0.4949827575,0.03041379302018182,0.030460744687846854,4.695166766503431e-05,4.695166766503431e-05,0,0,0,-1
gmsc,mlp,15,RevolvingUtilizationOfUnsecuredLines,relative_minus_5,-0.05,0.03738817,0.0392575785,0.028531846223265274,0.028534143065906858,2.296842641583835e-06,2.296842641583835e-06,0,0,0,-1
gmsc,mlp,16,RevolvingUtilizationOfUnsecuredLines,relative_minus_5,-0.05,0.36518577,0.38344505850000005,0.11002930362193034,0.1101055825485026,7.627892657226243e-05,7.627892657226243e-05,0,0,0,-1
gmsc,mlp,17,RevolvingUtilizationOfUnsecuredLines,relative_minus_5,-0.05,0.044219106,0.0464300613,0.013790889882417817,0.013792816178625295,1.926296207478001e-06,1.926296207478001e-06,0,0,0,-1
gmsc,mlp,18,RevolvingUtilizationOfUnsecuredLines,relative_minus_5,-0.05,0.9999999,1.049999895,0.02753715371688414,0.0276191846774958,8.203096061165996e-05,8.203096061165996e-05,0,0,0,-1
gmsc,mlp,19,RevolvingUtilizationOfUnsecuredLines,relative_minus_5,-0.05,0.050904956,0.0534502038,0.052926506156008635,0.05293386239745032,7.356241441686118e-06,7.356241441686118e-06,0,0,0,-1
gmsc,mlp,20,RevolvingUtilizationOfUnsecuredLines,relative_minus_5,-0.05,0.028527671,0.02995405455,0.008830310596060332,0.008830948055579671,6.374595193387594e-07,6.374595193387594e-07,0,0,0,-1
gmsc,mlp,21,RevolvingUtilizationOfUnsecuredLines,relative_minus_5,-0.05,0.06357361,0.0667522905,0.014797349397540089,0.014800317864144581,2.968466604491918e-06,2.968466604491918e-06,0,0,0,-1
gmsc,mlp,22,RevolvingUtilizationOfUnsecuredLines,relative_minus_5,-0.05,0.002599913,0.00272990865,0.04562370697875247,0.04562420741810095,5.004393484817071e-07,5.004393484817071e-07,0,0,0,-1
gmsc,mlp,23,RevolvingUtilizationOfUnsecuredLines,relative_minus_5,-0.05,0.03161417,0.0331948785,0.01573080665121102,0.01573208345442433,1.2768032133098073e-06,1.2768032133098073e-06,0,0,0,-1
gmsc,mlp,24,RevolvingUtilizationOfUnsecuredLines,relative_minus_5,-0.05,0.025913903,0.02720959815,0.011506289508992087,0.011507180713776705,8.912047846174748e-07,8.912047846174748e-07,0,0,0,-1
gmsc,mlp,25,RevolvingUtilizationOfUnsecuredLines,relative_minus_5,-0.05,0.8536293,0.8963107650000001,0.03731802443216143,0.03741729623227108,9.927180010965014e-05,9.927180010965014e-05,0,0,0,-1
gmsc,mlp,26,RevolvingUtilizationOfUnsecuredLines,relative_minus_5,-0.05,0.9999999,1.049999895,0.029333059161415907,0.02942610486301076,9.304570159485506e-05,9.304570159485506e-05,0,0,0,-1
gmsc,mlp,27,RevolvingUtilizationOfUnsecuredLines,relative_minus_5,-0.05,0.063485205,0.06665946525000001,0.035095010256273325,0.035102014814286056,7.004558012731199e-06,7.004558012731199e-06,0,0,0,-1
gmsc,mlp,28,RevolvingUtilizationOfUnsecuredLines,relative_minus_5,-0.05,0.0,0.00455047435,0.09263198005026192,0.09265842934595442,2.64492956924961e-05,2.64492956924961e-05,0,0,0,-1
gmsc,mlp,29,RevolvingUtilizationOfUnsecuredLines,relative_minus_5,-0.05,0.015614713,0.01639544865,0.006344097366443652,0.006344413458018383,3.1609157473064253e-07,3.1609157473064253e-07,0,0,0,-1
gmsc,mlp,30,RevolvingUtilizationOfUnsecuredLines,relative_minus_5,-0.05,0.09734902,0.10221647099999999,0.046242861401163154,0.04625578942076624,1.2928019603085372e-05,1.2928019603085372e-05,0,0,0,-1
gmsc,mlp,31,RevolvingUtilizationOfUnsecuredLines,relative_minus_5,-0.05,0.09229909,0.0969140445,0.0255021185573372,0.025507842736858802,5.724179521601064e-06,5.724179521601064e-06,0,0,0,-1
gmsc,mlp,32,RevolvingUtilizationOfUnsecuredLines,relative_minus_5,-0.05,0.22324374,0.234405927,0.026376707227492684,0.026401275667805035,2.456844031235167e-05,2.456844031235167e-05,0,0,0,-1
gmsc,mlp,33,RevolvingUtilizationOfUnsecuredLines,relative_minus_5,-0.05,0.023850212,0.025042722599999998,0.015498282720832536,0.015499368095675472,1.0853748429358323e-06,1.0853748429358323e-06,0,0,0,-1
gmsc,mlp,34,RevolvingUtilizationOfUnsecuredLines,relative_minus_5,-0.05,0.57284,0.6014820000000001,0.08535157193754099,0.08545735975333842,0.00010578781579742569,0.00010578781579742569,0,0,0,-1
gmsc,mlp,35,RevolvingUtilizationOfUnsecuredLines,relative_minus_5,-0.05,0.2748278,0.28856919000000003,0.19910001606794017,0.19922924741095524,0.00012923134301506822,0.00012923134301506822,0,0,0,-1
gmsc,mlp,36,RevolvingUtilizationOfUnsecuredLines,relative_minus_5,-0.05,0.74517345,0.7824321225,0.010761647197797914,0.01078707957559359,2.543237779567553e-05,2.543237779567553e-05,0,0,0,-1
gmsc,mlp,37,RevolvingUtilizationOfUnsecuredLines,relative_minus_5,-0.05,0.72366506,0.759848313,0.01757909301258303,0.01762557996400326,4.6486951420232625e-05,4.6486951420232625e-05,0,0,0,-1
gmsc,mlp,38,RevolvingUtilizationOfUnsecuredLines,relative_minus_5,-0.05,0.45712107,0.4799771235,0.009145988810159647,0.00915747116525954,1.1482355099894093e-05,1.1482355099894093e-05,0,0,0,-1
gmsc,mlp,39,RevolvingUtilizationOfUnsecuredLines,relative_minus_5,-0.05,0.06888933,0.07233379649999999,0.051173952814171794,0.05118225940596345,8.306591791656937e-06,8.306591791656937e-06,0,0,0,-1
gmsc,mlp,40,RevolvingUtilizationOfUnsecuredLines,relative_minus_5,-0.05,0.0,0.00455047435,0.022676366611436422,0.02268334327065467,6.976659218248249e-06,6.976659218248249e-06,0,0,0,-1
gmsc,mlp,41,RevolvingUtilizationOfUnsecuredLines,relative_minus_5,-0.05,0.011121044,0.0116770962,0.04009590259851887,0.040097136458978305,1.2338604594361313e-06,1.2338604594361313e-06,0,0,0,-1
gmsc,mlp,42,RevolvingUtilizationOfUnsecuredLines,relative_minus_5,-0.05,0.07121731,0.0747781755,0.02298812229422112,0.022993153188570765,5.030894349646042e-06,5.030894349646042e-06,0,0,0,-1
gmsc,mlp,43,RevolvingUtilizationOfUnsecuredLines,relative_minus_5,-0.05,0.4177215,0.438607575,0.04219806536296886,0.04225334910374532,5.528374077645726e-05,5.528374077645726e-05,0,0,0,-1
gmsc,mlp,44,RevolvingUtilizationOfUnsecuredLines,relative_minus_5,-0.05,0.10908173,0.1145358165,0.01680383752969732,0.016808347017027606,4.509487330286999e-06,4.509487330286999e-06,0,0,0,-1
gmsc,mlp,45,RevolvingUtilizationOfUnsecuredLines,relative_minus_5,-0.05,0.040165327,0.042173593350000003,0.0359226511464687,0.03592607612436856,3.424977899860182e-06,3.424977899860182e-06,0,0,0,-1
gmsc,mlp,46,RevolvingUtilizationOfUnsecuredLines,relative_minus_5,-0.05,0.52790403,0.5542992314999999,0.008419834692001592,0.00843445877763907,1.4624085637477552e-05,1.4624085637477552e-05,0,0,0,-1
gmsc,mlp,47,RevolvingUtilizationOfUnsecuredLines,relative_minus_5,-0.05,0.06679555,0.0701353275,0.01526822945269322,0.015271678037079683,3.4485843864642124e-06,3.4485843864642124e-06,0,0,0,-1
gmsc,mlp,48,RevolvingUtilizationOfUnsecuredLines,relative_minus_5,-0.05,0.10128987,0.10635436350000001,0.011940522095800142,0.01194529108153642,4.768985736277806e-06,4.768985736277806e-06,0,0,0,-1
gmsc,mlp,49,RevolvingUtilizationOfUnsecuredLines,relative_minus_5,-0.05,0.026742943,0.02808009015,0.029003393714220643,0.029006299108004344,2.9053937837010546e-06,2.9053937837010546e-06,0,0,0,-1
gmsc,mlp,50,RevolvingUtilizationOfUnsecuredLines,relative_minus_5,-0.05,0.14541522,0.15268598100000003,0.03157652357546811,0.03159095908879513,1.4435513327019922e-05,1.4435513327019922e-05,0,0,0,-1
gmsc,mlp,51,RevolvingUtilizationOfUnsecuredLines,relative_minus_5,-0.05,0.2929907,0.307640235,0.016133909190219866,0.016147067385758603,1.3158195538737205e-05,1.3158195538737205e-05,0,0,0,-1
gmsc,mlp,52,RevolvingUtilizationOfUnsecuredLines,relative_minus_5,-0.05,0.017210783,0.01807132215,0.008942513898120756,0.008943027388367213,5.134902464568741e-07,5.134902464568741e-07,0,0,0,-1
gmsc,mlp,53,RevolvingUtilizationOfUnsecuredLines,relative_minus_5,-0.05,0.7669077,0.8052530849999999,0.29379437931569313,0.29397984210464084,0.00018546278894771007,0.00018546278894771007,0,0,0,-1
gmsc,mlp,54,RevolvingUtilizationOfUnsecuredLines,relative_minus_5,-0.05,1.0356027,1.087382835,0.3498543595427822,0.3501464089234916,0.00029204938070936937,0.00029204938070936937,0,0,0,-1
gmsc,mlp,55,RevolvingUtilizationOfUnsecuredLines,relative_minus_5,-0.05,0.011375782,0.011944571099999999,0.007600943545173095,0.007601195113471208,2.5156829811315284e-07,2.5156829811315284e-07,0,0,0,-1
gmsc,mlp,56,RevolvingUtilizationOfUnsecuredLines,relative_minus_5,-0.05,0.0,0.00455047435,0.025320893704546973,0.025327907307708213,7.013603161239862e-06,7.013603161239862e-06,0,0,0,-1
gmsc,mlp,57,RevolvingUtilizationOfUnsecuredLines,relative_minus_5,-0.05,0.9999999,1.049999895,0.05069033380470405,0.05083160450589997,0.00014127070119591967,0.00014127070119591967,0,0,0,-1
gmsc,mlp,58,RevolvingUtilizationOfUnsecuredLines,relative_minus_5,-0.05,0.5012159,0.5262766950000001,0.16009590625064055,0.1602491335525683,0.00015322730192776635,0.00015322730192776635,0,0,0,-1
gmsc,mlp,59,RevolvingUtilizationOfUnsecuredLines,relative_minus_5,-0.05,0.8254279,0.866699295,0.025457114256866867,0.02550756530876588,5.045105189901283e-05,5.045105189901283e-05,0,0,0,-1
gmsc,mlp,60,RevolvingUtilizationOfUnsecuredLines,relative_minus_5,-0.05,0.0,0.00455047435,0.037076780618332694,0.037084935697250666,8.155078917972125e-06,8.155078917972125e-06,0,0,0,-1
gmsc,mlp,61,RevolvingUtilizationOfUnsecuredLines,relative_minus_5,-0.05,0.28095686,0.295004703,0.04860926951599663,0.04864248940073829,3.3219884741655936e-05,3.3219884741655936e-05,0,0,0,-1
gmsc,mlp,62,RevolvingUtilizationOfUnsecuredLines,relative_minus_5,-0.05,0.9999999,1.049999895,0.022160573410907457,0.022228614894834797,6.80414839273405e-05,6.80414839273405e-05,0,0,0,-1
gmsc,mlp,63,RevolvingUtilizationOfUnsecuredLines,relative_minus_5,-0.05,0.0717633,0.075351465,0.010545360475655359,0.010547452495312483,2.0920196571235644e-06,2.0920196571235644e-06,0,0,0,-1
gmsc,mlp,64,RevolvingUtilizationOfUnsecuredLines,relative_minus_5,-0.05,0.0,0.00455047435,0.05188426446215026,0.05189458381586887,1.0319353718604707e-05,1.0319353718604707e-05,0,0,0,-1
gmsc,mlp,65,RevolvingUtilizationOfUnsecuredLines,relative_minus_5,-0.05,0.00931117,0.0097767285,0.19320558451418393,0.19320987779255178,4.293278367845099e-06,4.293278367845099e-06,0,0,0,-1
gmsc,mlp,66,RevolvingUtilizationOfUnsecuredLines,relative_minus_5,-0.05,0.27445123,0.2881737915,0.017380461870616856,0.017395887216113102,1.5425345496245663e-05,1.5425345496245663e-05,0,0,0,-1
gmsc,mlp,67,RevolvingUtilizationOfUnsecuredLines,relative_minus_5,-0.05,0.69228846,0.7269028829999999,0.045289289381342065,0.045379801675776515,9.051229443444997e-05,9.051229443444997e-05,0,0,0,-1
gmsc,mlp,68,RevolvingUtilizationOfUnsecuredLines,relative_minus_5,-0.05,0.07034841,0.07386583050000001,0.012814695328681581,0.012817179464040367,2.484135358785458e-06,2.484135358785458e-06,0,0,0,-1
gmsc,mlp,69,RevolvingUtilizationOfUnsecuredLines,relative_minus_5,-0.05,0.21850161,0.2294266905,0.09362660727989738,0.09365796319609597,3.135591619858602e-05,3.135591619858602e-05,0,0,0,-1
gmsc,mlp,70,RevolvingUtilizationOfUnsecuredLines,relative_minus_5,-0.05,0.023867318,0.0250606839,0.09827269814207695,0.09827812511450089,5.426972423935861e-06,5.426972423935861e-06,0,0,0,-1
gmsc,mlp,71,RevolvingUtilizationOfUnsecuredLines,relative_minus_5,-0.05,0.050140366,0.0526473843,0.07244781616495638,0.07245362499741712,5.808832460735269e-06,5.808832460735269e-06,0,0,0,-1
gmsc,mlp,72,RevolvingUtilizationOfUnsecuredLines,relative_minus_5,-0.05,0.06126258,0.064325709,0.03217968676284227,0.03218591692364447,6.230160802200846e-06,6.230160802200846e-06,0,0,0,-1
gmsc,mlp,73,RevolvingUtilizationOfUnsecuredLines,relative_minus_5,-0.05,0.44115546,0.463213233,0.044640504763767554,0.04469117758265482,5.067281888726516e-05,5.067281888726516e-05,0,0,0,-1
gmsc,mlp,74,RevolvingUtilizationOfUnsecuredLines,relative_minus_5,-0.05,0.18675703,0.19609488149999998,0.03482378444402007,0.034845563137566114,2.1778693546047057e-05,2.1778693546047057e-05,0,0,0,-1
gmsc,mlp,75,RevolvingUtilizationOfUnsecuredLines,relative_minus_5,-0.05,0.5988024,0.62874252,0.04920214568663398,0.049312709964385165,0.00011056427775118366,0.00011056427775118366,0,0,0,-1
gmsc,mlp,76,RevolvingUtilizationOfUnsecuredLines,relative_minus_5,-0.05,0.018871846,0.0198154383,0.02205212445347039,0.022053095194779,9.707413086111616e-07,9.707413086111616e-07,0,0,0,-1
gmsc,mlp,77,RevolvingUtilizationOfUnsecuredLines,relative_minus_5,-0.05,0.0223315,0.023448075000000002,0.009856180676789783,0.009856849380397074,6.687036072910296e-07,6.687036072910296e-07,0,0,0,-1
gmsc,mlp,78,RevolvingUtilizationOfUnsecuredLines,relative_minus_5,-0.05,0.053710874,0.0563964177,0.010129649250511236,0.010131459995292491,1.8107447812554245e-06,1.8107447812554245e-06,0,0,0,-1
gmsc,mlp,79,RevolvingUtilizationOfUnsecuredLines,relative_minus_5,-0.05,0.4251497,0.44640718500000004,0.025575449411528527,0.02560898120236081,3.3531790832284913e-05,3.3531790832284913e-05,0,0,0,-1
gmsc,mlp,80,RevolvingUtilizationOfUnsecuredLines,relative_minus_5,-0.05,0.51730984,0.543175332,0.005666248820127979,0.005674956822202514,8.708002074534621e-06,8.708002074534621e-06,0,0,0,-1
gmsc,mlp,81,RevolvingUtilizationOfUnsecuredLines,relative_minus_5,-0.05,0.089719884,0.0942058782,0.04332063353337088,0.043330502093494525,9.868560123645065e-06,9.868560123645065e-06,0,0,0,-1
gmsc,mlp,82,RevolvingUtilizationOfUnsecuredLines,relative_minus_5,-0.05,0.5517315,0.579318075,0.01937427089536237,0.019407140724823982,3.286982946161185e-05,3.286982946161185e-05,0,0,0,-1
gmsc,mlp,83,RevolvingUtilizationOfUnsecuredLines,relative_minus_5,-0.05,0.04207145,0.0441750225,0.014956252536287561,0.014958146125881156,1.8935895935955072e-06,1.8935895935955072e-06,0,0,0,-1
gmsc,mlp,84,RevolvingUtilizationOfUnsecuredLines,relative_minus_5,-0.05,0.9999999,1.049999895,0.034404191335380946,0.03448568216109909,8.14908257181432e-05,8.14908257181432e-05,0,0,0,-1
gmsc,mlp,85,RevolvingUtilizationOfUnsecuredLines,relative_minus_5,-0.05,0.009346499,0.00981382395,0.016073637508889543,0.016074096311966057,4.588030765133311e-07,4.588030765133311e-07,0,0,0,-1
gmsc,mlp,86,RevolvingUtilizationOfUnsecuredLines,relative_minus_5,-0.05,0.005071066,0.0053246193,0.03951246267546877,0.039513064679421374,6.020039526044574e-07,6.020039526044574e-07,0,0,0,-1
gmsc,mlp,87,RevolvingUtilizationOfUnsecuredLines,relative_minus_5,-0.05,0.012843349,0.01348551645,0.023170727869934838,0.02317163176758117,9.038976463322801e-07,9.038976463322801e-07,0,0,0,-1
gmsc,mlp,88,RevolvingUtilizationOfUnsecuredLines,relative_minus_5,-0.05,0.1560879,0.163892295,0.014049767208401245,0.014056790182291987,7.0229738907412464e-06,7.0229738907412464e-06,0,0,0,-1
gmsc,mlp,89,RevolvingUtilizationOfUnsecuredLines,relative_minus_5,-0.05,0.604072,0.6342756,0.031436900478850546,0.031494956450572556,5.8055971722009714e-05,5.8055971722009714e-05,0,0,0,-1
gmsc,mlp,90,RevolvingUtilizationOfUnsecuredLines,relative_minus_5,-0.05,0.03815551,0.0400632855,0.005417127218637603,0.005417803647148264,6.764285106616516e-07,6.764285106616516e-07,0,0,0,-1
gmsc,mlp,91,RevolvingUtilizationOfUnsecuredLines,relative_minus_5,-0.05,0.037672102,0.0395557071,0.025606851072255785,0.025608969771096474,2.1186988406890483e-06,2.1186988406890483e-06,0,0,0,-1
gmsc,mlp,92,RevolvingUtilizationOfUnsecuredLines,relative_minus_5,-0.05,0.007924802,0.0083210421,0.06791010130064887,0.06791244347871937,2.3421780705051853e-06,2.3421780705051853e-06,0,0,0,-1
gmsc,mlp,93,RevolvingUtilizationOfUnsecuredLines,relative_minus_5,-0.05,0.01435026,0.015067773,0.012557321048589615,0.012557819176080705,4.981274910904193e-07,4.981274910904193e-07,0,0,0,-1
gmsc,mlp,94,RevolvingUtilizationOfUnsecuredLines,relative_minus_5,-0.05,0.03742409,0.0392952945,0.01479561435417343,0.014797293002072477,1.678647899046662e-06,1.678647899046662e-06,0,0,0,-1
gmsc,mlp,95,RevolvingUtilizationOfUnsecuredLines,relative_minus_5,-0.05,0.052285843,0.05490013515,0.02165723032387087,0.021660132678613334,2.902354742463642e-06,2.902354742463642e-06,0,0,0,-1
gmsc,mlp,96,RevolvingUtilizationOfUnsecuredLines,relative_minus_5,-0.05,0.13591728,0.14271314400000001,0.025618448582325936,0.025632255177467853,1.3806595141916539e-05,1.3806595141916539e-05,0,0,0,-1
gmsc,mlp,97,RevolvingUtilizationOfUnsecuredLines,relative_minus_5,-0.05,0.010577377,0.01110624585,0.017705870709505835,0.017706446807544306,5.760980384718339e-07,5.760980384718339e-07,0,0,0,-1
gmsc,mlp,98,RevolvingUtilizationOfUnsecuredLines,relative_minus_5,-0.05,0.29667103,0.3115045815,0.021717560701058864,0.02173387206010301,1.63113590441466e-05,1.63113590441466e-05,0,0,0,-1
gmsc,mlp,99,RevolvingUtilizationOfUnsecuredLines,relative_minus_5,-0.05,0.8326131,0.874243755,0.2986561163043243,0.29903333813682215,0.0003772218324978316,0.0003772218324978316,0,0,0,-1
gmsc,mlp,0,RevolvingUtilizationOfUnsecuredLines,relative_plus_5,0.05,0.030896358,0.0324411759,0.02211686465599193,0.022118928973304045,2.0643173121136227e-06,2.0643173121136227e-06,0,0,0,-1
gmsc,mlp,1,RevolvingUtilizationOfUnsecuredLines,relative_plus_5,0.05,0.02948292,0.030957066,0.01569449495491033,0.015695992145683617,1.497190773285667e-06,1.497190773285667e-06,0,0,0,-1
gmsc,mlp,2,RevolvingUtilizationOfUnsecuredLines,relative_plus_5,0.05,0.021382323,0.022451439150000002,0.016575068310977385,0.01657623973755548,1.1714265780969624e-06,1.1714265780969624e-06,0,0,0,-1
gmsc,mlp,3,RevolvingUtilizationOfUnsecuredLines,relative_plus_5,0.05,0.15189621,0.1594910205,0.034126022539606525,0.034141131405383704,1.5108865777178904e-05,1.5108865777178904e-05,0,0,0,-1
gmsc,mlp,4,RevolvingUtilizationOfUnsecuredLines,relative_plus_5,0.05,0.011665889,0.012249183450000001,0.026106102898580053,0.026107065965533263,9.630669532099956e-07,9.630669532099956e-07,0,0,0,-1
gmsc,mlp,5,RevolvingUtilizationOfUnsecuredLines,relative_plus_5,0.05,0.23322007,0.2448810735,0.021830131699538843,0.021844732533106575,1.460083356773223e-05,1.460083356773223e-05,0,0,0,-1
gmsc,mlp,6,RevolvingUtilizationOfUnsecuredLines,relative_plus_5,0.05,0.39567325,0.4154569125,0.03217662260521963,0.03221110935408113,3.448674886149389e-05,3.448674886149389e-05,0,0,0,-1
gmsc,mlp,7,RevolvingUtilizationOfUnsecuredLines,relative_plus_5,0.05,0.2807908,0.29483034,0.046315106403102796,0.046358785702172736,4.367929906994028e-05,4.367929906994028e-05,0,0,0,-1
gmsc,mlp,8,RevolvingUtilizationOfUnsecuredLines,relative_plus_5,0.05,0.0,0.00455047435,0.05673708325740244,0.0567572712007446,2.018794334215923e-05,2.018794334215923e-05,0,0,0,-1
gmsc,mlp,9,RevolvingUtilizationOfUnsecuredLines,relative_plus_5,0.05,0.12197734,0.128076207,0.07183380465082981,0.07185452629212163,2.072164129182652e-05,2.072164129182652e-05,0,0,0,-1
gmsc,mlp,10,RevolvingUtilizationOfUnsecuredLines,relative_plus_5,0.05,0.3846793,0.403913265,0.029425463415082575,0.029460414895271923,3.495148018934843e-05,3.495148018934843e-05,0,0,0,-1
gmsc,mlp,11,RevolvingUtilizationOfUnsecuredLines,relative_plus_5,0.05,0.43613514,0.457941897,0.012965465127209348,0.012978418243580899,1.295311637155086e-05,1.295311637155086e-05,0,0,0,-1
gmsc,mlp,12,RevolvingUtilizationOfUnsecuredLines,relative_plus_5,0.05,0.09578084,0.100569882,0.007076920292949544,0.007079197478924896,2.27718597535162e-06,2.27718597535162e-06,0,0,0,-1
gmsc,mlp,13,RevolvingUtilizationOfUnsecuredLines,relative_plus_5,0.05,0.9999999,1.049999895,0.35361463292929435,0.3539458620707044,0.0003312291414100388,0.0003312291414100388,0,0,0,-1
gmsc,mlp,14,RevolvingUtilizationOfUnsecuredLines,relative_plus_5,0.05,0.47141215,0.4949827575,0.03041379302018182,0.030460744687846854,4.695166766503431e-05,4.695166766503431e-05,0,0,0,-1
gmsc,mlp,15,RevolvingUtilizationOfUnsecuredLines,relative_plus_5,0.05,0.03738817,0.0392575785,0.028531846223265274,0.028534143065906858,2.296842641583835e-06,2.296842641583835e-06,0,0,0,-1
gmsc,mlp,16,RevolvingUtilizationOfUnsecuredLines,relative_plus_5,0.05,0.36518577,0.38344505850000005,0.11002930362193034,0.1101055825485026,7.627892657226243e-05,7.627892657226243e-05,0,0,0,-1
gmsc,mlp,17,RevolvingUtilizationOfUnsecuredLines,relative_plus_5,0.05,0.044219106,0.0464300613,0.013790889882417817,0.013792816178625295,1.926296207478001e-06,1.926296207478001e-06,0,0,0,-1
gmsc,mlp,18,RevolvingUtilizationOfUnsecuredLines,relative_plus_5,0.05,0.9999999,1.049999895,0.02753715371688414,0.0276191846774958,8.203096061165996e-05,8.203096061165996e-05,0,0,0,-1
gmsc,mlp,19,RevolvingUtilizationOfUnsecuredLines,relative_plus_5,0.05,0.050904956,0.0534502038,0.052926506156008635,0.05293386239745032,7.356241441686118e-06,7.356241441686118e-06,0,0,0,-1
gmsc,mlp,20,RevolvingUtilizationOfUnsecuredLines,relative_plus_5,0.05,0.028527671,0.02995405455,0.008830310596060332,0.008830948055579671,6.374595193387594e-07,6.374595193387594e-07,0,0,0,-1
gmsc,mlp,21,RevolvingUtilizationOfUnsecuredLines,relative_plus_5,0.05,0.06357361,0.0667522905,0.014797349397540089,0.014800317864144581,2.968466604491918e-06,2.968466604491918e-06,0,0,0,-1
gmsc,mlp,22,RevolvingUtilizationOfUnsecuredLines,relative_plus_5,0.05,0.002599913,0.00272990865,0.04562370697875247,0.04562420741810095,5.004393484817071e-07,5.004393484817071e-07,0,0,0,-1
gmsc,mlp,23,RevolvingUtilizationOfUnsecuredLines,relative_plus_5,0.05,0.03161417,0.0331948785,0.01573080665121102,0.01573208345442433,1.2768032133098073e-06,1.2768032133098073e-06,0,0,0,-1
gmsc,mlp,24,RevolvingUtilizationOfUnsecuredLines,relative_plus_5,0.05,0.025913903,0.02720959815,0.011506289508992087,0.011507180713776705,8.912047846174748e-07,8.912047846174748e-07,0,0,0,-1
gmsc,mlp,25,RevolvingUtilizationOfUnsecuredLines,relative_plus_5,0.05,0.8536293,0.8963107650000001,0.03731802443216143,0.03741729623227108,9.927180010965014e-05,9.927180010965014e-05,0,0,0,-1
gmsc,mlp,26,RevolvingUtilizationOfUnsecuredLines,relative_plus_5,0.05,0.9999999,1.049999895,0.029333059161415907,0.02942610486301076,9.304570159485506e-05,9.304570159485506e-05,0,0,0,-1
gmsc,mlp,27,RevolvingUtilizationOfUnsecuredLines,relative_plus_5,0.05,0.063485205,0.06665946525000001,0.035095010256273325,0.035102014814286056,7.004558012731199e-06,7.004558012731199e-06,0,0,0,-1
gmsc,mlp,28,RevolvingUtilizationOfUnsecuredLines,relative_plus_5,0.05,0.0,0.00455047435,0.09263198005026192,0.09265842934595442,2.64492956924961e-05,2.64492956924961e-05,0,0,0,-1
gmsc,mlp,29,RevolvingUtilizationOfUnsecuredLines,relative_plus_5,0.05,0.015614713,0.01639544865,0.006344097366443652,0.006344413458018383,3.1609157473064253e-07,3.1609157473064253e-07,0,0,0,-1
gmsc,mlp,30,RevolvingUtilizationOfUnsecuredLines,relative_plus_5,0.05,0.09734902,0.10221647099999999,0.046242861401163154,0.04625578942076624,1.2928019603085372e-05,1.2928019603085372e-05,0,0,0,-1
gmsc,mlp,31,RevolvingUtilizationOfUnsecuredLines,relative_plus_5,0.05,0.09229909,0.0969140445,0.0255021185573372,0.025507842736858802,5.724179521601064e-06,5.724179521601064e-06,0,0,0,-1
gmsc,mlp,32,RevolvingUtilizationOfUnsecuredLines,relative_plus_5,0.05,0.22324374,0.234405927,0.026376707227492684,0.026401275667805035,2.456844031235167e-05,2.456844031235167e-05,0,0,0,-1
gmsc,mlp,33,RevolvingUtilizationOfUnsecuredLines,relative_plus_5,0.05,0.023850212,0.025042722599999998,0.015498282720832536,0.015499368095675472,1.0853748429358323e-06,1.0853748429358323e-06,0,0,0,-1
gmsc,mlp,34,RevolvingUtilizationOfUnsecuredLines,relative_plus_5,0.05,0.57284,0.6014820000000001,0.08535157193754099,0.08545735975333842,0.00010578781579742569,0.00010578781579742569,0,0,0,-1
gmsc,mlp,35,RevolvingUtilizationOfUnsecuredLines,relative_plus_5,0.05,0.2748278,0.28856919000000003,0.19910001606794017,0.19922924741095524,0.00012923134301506822,0.00012923134301506822,0,0,0,-1
gmsc,mlp,36,RevolvingUtilizationOfUnsecuredLines,relative_plus_5,0.05,0.74517345,0.7824321225,0.010761647197797914,0.01078707957559359,2.543237779567553e-05,2.543237779567553e-05,0,0,0,-1
gmsc,mlp,37,RevolvingUtilizationOfUnsecuredLines,relative_plus_5,0.05,0.72366506,0.759848313,0.01757909301258303,0.01762557996400326,4.6486951420232625e-05,4.6486951420232625e-05,0,0,0,-1
gmsc,mlp,38,RevolvingUtilizationOfUnsecuredLines,relative_plus_5,0.05,0.45712107,0.4799771235,0.009145988810159647,0.00915747116525954,1.1482355099894093e-05,1.1482355099894093e-05,0,0,0,-1
gmsc,mlp,39,RevolvingUtilizationOfUnsecuredLines,relative_plus_5,0.05,0.06888933,0.07233379649999999,0.051173952814171794,0.05118225940596345,8.306591791656937e-06,8.306591791656937e-06,0,0,0,-1
gmsc,mlp,40,RevolvingUtilizationOfUnsecuredLines,relative_plus_5,0.05,0.0,0.00455047435,0.022676366611436422,0.02268334327065467,6.976659218248249e-06,6.976659218248249e-06,0,0,0,-1
gmsc,mlp,41,RevolvingUtilizationOfUnsecuredLines,relative_plus_5,0.05,0.011121044,0.0116770962,0.04009590259851887,0.040097136458978305,1.2338604594361313e-06,1.2338604594361313e-06,0,0,0,-1
gmsc,mlp,42,RevolvingUtilizationOfUnsecuredLines,relative_plus_5,0.05,0.07121731,0.0747781755,0.02298812229422112,0.022993153188570765,5.030894349646042e-06,5.030894349646042e-06,0,0,0,-1
gmsc,mlp,43,RevolvingUtilizationOfUnsecuredLines,relative_plus_5,0.05,0.4177215,0.438607575,0.04219806536296886,0.04225334910374532,5.528374077645726e-05,5.528374077645726e-05,0,0,0,-1
gmsc,mlp,44,RevolvingUtilizationOfUnsecuredLines,relative_plus_5,0.05,0.10908173,0.1145358165,0.01680383752969732,0.016808347017027606,4.509487330286999e-06,4.509487330286999e-06,0,0,0,-1
gmsc,mlp,45,RevolvingUtilizationOfUnsecuredLines,relative_plus_5,0.05,0.040165327,0.042173593350000003,0.0359226511464687,0.03592607612436856,3.424977899860182e-06,3.424977899860182e-06,0,0,0,-1
gmsc,mlp,46,RevolvingUtilizationOfUnsecuredLines,relative_plus_5,0.05,0.52790403,0.5542992314999999,0.008419834692001592,0.00843445877763907,1.4624085637477552e-05,1.4624085637477552e-05,0,0,0,-1
gmsc,mlp,47,RevolvingUtilizationOfUnsecuredLines,relative_plus_5,0.05,0.06679555,0.0701353275,0.01526822945269322,0.015271678037079683,3.4485843864642124e-06,3.4485843864642124e-06,0,0,0,-1
gmsc,mlp,48,RevolvingUtilizationOfUnsecuredLines,relative_plus_5,0.05,0.10128987,0.10635436350000001,0.011940522095800142,0.01194529108153642,4.768985736277806e-06,4.768985736277806e-06,0,0,0,-1
gmsc,mlp,49,RevolvingUtilizationOfUnsecuredLines,relative_plus_5,0.05,0.026742943,0.02808009015,0.029003393714220643,0.029006299108004344,2.9053937837010546e-06,2.9053937837010546e-06,0,0,0,-1
gmsc,mlp,50,RevolvingUtilizationOfUnsecuredLines,relative_plus_5,0.05,0.14541522,0.15268598100000003,0.03157652357546811,0.03159095908879513,1.4435513327019922e-05,1.4435513327019922e-05,0,0,0,-1
gmsc,mlp,51,RevolvingUtilizationOfUnsecuredLines,relative_plus_5,0.05,0.2929907,0.307640235,0.016133909190219866,0.016147067385758603,1.3158195538737205e-05,1.3158195538737205e-05,0,0,0,-1
gmsc,mlp,52,RevolvingUtilizationOfUnsecuredLines,relative_plus_5,0.05,0.017210783,0.01807132215,0.008942513898120756,0.008943027388367213,5.134902464568741e-07,5.134902464568741e-07,0,0,0,-1
gmsc,mlp,53,RevolvingUtilizationOfUnsecuredLines,relative_plus_5,0.05,0.7669077,0.8052530849999999,0.29379437931569313,0.29397984210464084,0.00018546278894771007,0.00018546278894771007,0,0,0,-1
gmsc,mlp,54,RevolvingUtilizationOfUnsecuredLines,relative_plus_5,0.05,1.0356027,1.087382835,0.3498543595427822,0.3501464089234916,0.00029204938070936937,0.00029204938070936937,0,0,0,-1
gmsc,mlp,55,RevolvingUtilizationOfUnsecuredLines,relative_plus_5,0.05,0.011375782,0.011944571099999999,0.007600943545173095,0.007601195113471208,2.5156829811315284e-07,2.5156829811315284e-07,0,0,0,-1
gmsc,mlp,56,RevolvingUtilizationOfUnsecuredLines,relative_plus_5,0.05,0.0,0.00455047435,0.025320893704546973,0.025327907307708213,7.013603161239862e-06,7.013603161239862e-06,0,0,0,-1
gmsc,mlp,57,RevolvingUtilizationOfUnsecuredLines,relative_plus_5,0.05,0.9999999,1.049999895,0.05069033380470405,0.05083160450589997,0.00014127070119591967,0.00014127070119591967,0,0,0,-1
gmsc,mlp,58,RevolvingUtilizationOfUnsecuredLines,relative_plus_5,0.05,0.5012159,0.5262766950000001,0.16009590625064055,0.1602491335525683,0.00015322730192776635,0.00015322730192776635,0,0,0,-1
gmsc,mlp,59,RevolvingUtilizationOfUnsecuredLines,relative_plus_5,0.05,0.8254279,0.866699295,0.025457114256866867,0.02550756530876588,5.045105189901283e-05,5.045105189901283e-05,0,0,0,-1
gmsc,mlp,60,RevolvingUtilizationOfUnsecuredLines,relative_plus_5,0.05,0.0,0.00455047435,0.037076780618332694,0.037084935697250666,8.155078917972125e-06,8.155078917972125e-06,0,0,0,-1
gmsc,mlp,61,RevolvingUtilizationOfUnsecuredLines,relative_plus_5,0.05,0.28095686,0.295004703,0.04860926951599663,0.04864248940073829,3.3219884741655936e-05,3.3219884741655936e-05,0,0,0,-1
gmsc,mlp,62,RevolvingUtilizationOfUnsecuredLines,relative_plus_5,0.05,0.9999999,1.049999895,0.022160573410907457,0.022228614894834797,6.80414839273405e-05,6.80414839273405e-05,0,0,0,-1
gmsc,mlp,63,RevolvingUtilizationOfUnsecuredLines,relative_plus_5,0.05,0.0717633,0.075351465,0.010545360475655359,0.010547452495312483,2.0920196571235644e-06,2.0920196571235644e-06,0,0,0,-1
gmsc,mlp,64,RevolvingUtilizationOfUnsecuredLines,relative_plus_5,0.05,0.0,0.00455047435,0.05188426446215026,0.05189458381586887,1.0319353718604707e-05,1.0319353718604707e-05,0,0,0,-1
gmsc,mlp,65,RevolvingUtilizationOfUnsecuredLines,relative_plus_5,0.05,0.00931117,0.0097767285,0.19320558451418393,0.19320987779255178,4.293278367845099e-06,4.293278367845099e-06,0,0,0,-1
gmsc,mlp,66,RevolvingUtilizationOfUnsecuredLines,relative_plus_5,0.05,0.27445123,0.2881737915,0.017380461870616856,0.017395887216113102,1.5425345496245663e-05,1.5425345496245663e-05,0,0,0,-1
gmsc,mlp,67,RevolvingUtilizationOfUnsecuredLines,relative_plus_5,0.05,0.69228846,0.7269028829999999,0.045289289381342065,0.045379801675776515,9.051229443444997e-05,9.051229443444997e-05,0,0,0,-1
gmsc,mlp,68,RevolvingUtilizationOfUnsecuredLines,relative_plus_5,0.05,0.07034841,0.07386583050000001,0.012814695328681581,0.012817179464040367,2.484135358785458e-06,2.484135358785458e-06,0,0,0,-1
gmsc,mlp,69,RevolvingUtilizationOfUnsecuredLines,relative_plus_5,0.05,0.21850161,0.2294266905,0.09362660727989738,0.09365796319609597,3.135591619858602e-05,3.135591619858602e-05,0,0,0,-1
gmsc,mlp,70,RevolvingUtilizationOfUnsecuredLines,relative_plus_5,0.05,0.023867318,0.0250606839,0.09827269814207695,0.09827812511450089,5.426972423935861e-06,5.426972423935861e-06,0,0,0,-1
gmsc,mlp,71,RevolvingUtilizationOfUnsecuredLines,relative_plus_5,0.05,0.050140366,0.0526473843,0.07244781616495638,0.07245362499741712,5.808832460735269e-06,5.808832460735269e-06,0,0,0,-1
gmsc,mlp,72,RevolvingUtilizationOfUnsecuredLines,relative_plus_5,0.05,0.06126258,0.064325709,0.03217968676284227,0.03218591692364447,6.230160802200846e-06,6.230160802200846e-06,0,0,0,-1
gmsc,mlp,73,RevolvingUtilizationOfUnsecuredLines,relative_plus_5,0.05,0.44115546,0.463213233,0.044640504763767554,0.04469117758265482,5.067281888726516e-05,5.067281888726516e-05,0,0,0,-1
gmsc,mlp,74,RevolvingUtilizationOfUnsecuredLines,relative_plus_5,0.05,0.18675703,0.19609488149999998,0.03482378444402007,0.034845563137566114,2.1778693546047057e-05,2.1778693546047057e-05,0,0,0,-1
gmsc,mlp,75,RevolvingUtilizationOfUnsecuredLines,relative_plus_5,0.05,0.5988024,0.62874252,0.04920214568663398,0.049312709964385165,0.00011056427775118366,0.00011056427775118366,0,0,0,-1
gmsc,mlp,76,RevolvingUtilizationOfUnsecuredLines,relative_plus_5,0.05,0.018871846,0.0198154383,0.02205212445347039,0.022053095194779,9.707413086111616e-07,9.707413086111616e-07,0,0,0,-1
gmsc,mlp,77,RevolvingUtilizationOfUnsecuredLines,relative_plus_5,0.05,0.0223315,0.023448075000000002,0.009856180676789783,0.009856849380397074,6.687036072910296e-07,6.687036072910296e-07,0,0,0,-1
gmsc,mlp,78,RevolvingUtilizationOfUnsecuredLines,relative_plus_5,0.05,0.053710874,0.0563964177,0.010129649250511236,0.010131459995292491,1.8107447812554245e-06,1.8107447812554245e-06,0,0,0,-1
gmsc,mlp,79,RevolvingUtilizationOfUnsecuredLines,relative_plus_5,0.05,0.4251497,0.44640718500000004,0.025575449411528527,0.02560898120236081,3.3531790832284913e-05,3.3531790832284913e-05,0,0,0,-1
gmsc,mlp,80,RevolvingUtilizationOfUnsecuredLines,relative_plus_5,0.05,0.51730984,0.543175332,0.005666248820127979,0.005674956822202514,8.708002074534621e-06,8.708002074534621e-06,0,0,0,-1
gmsc,mlp,81,RevolvingUtilizationOfUnsecuredLines,relative_plus_5,0.05,0.089719884,0.0942058782,0.04332063353337088,0.043330502093494525,9.868560123645065e-06,9.868560123645065e-06,0,0,0,-1
gmsc,mlp,82,RevolvingUtilizationOfUnsecuredLines,relative_plus_5,0.05,0.5517315,0.579318075,0.01937427089536237,0.019407140724823982,3.286982946161185e-05,3.286982946161185e-05,0,0,0,-1
gmsc,mlp,83,RevolvingUtilizationOfUnsecuredLines,relative_plus_5,0.05,0.04207145,0.0441750225,0.014956252536287561,0.014958146125881156,1.8935895935955072e-06,1.8935895935955072e-06,0,0,0,-1
gmsc,mlp,84,RevolvingUtilizationOfUnsecuredLines,relative_plus_5,0.05,0.9999999,1.049999895,0.034404191335380946,0.03448568216109909,8.14908257181432e-05,8.14908257181432e-05,0,0,0,-1
gmsc,mlp,85,RevolvingUtilizationOfUnsecuredLines,relative_plus_5,0.05,0.009346499,0.00981382395,0.016073637508889543,0.016074096311966057,4.588030765133311e-07,4.588030765133311e-07,0,0,0,-1
gmsc,mlp,86,RevolvingUtilizationOfUnsecuredLines,relative_plus_5,0.05,0.005071066,0.0053246193,0.03951246267546877,0.039513064679421374,6.020039526044574e-07,6.020039526044574e-07,0,0,0,-1
gmsc,mlp,87,RevolvingUtilizationOfUnsecuredLines,relative_plus_5,0.05,0.012843349,0.01348551645,0.023170727869934838,0.02317163176758117,9.038976463322801e-07,9.038976463322801e-07,0,0,0,-1
gmsc,mlp,88,RevolvingUtilizationOfUnsecuredLines,relative_plus_5,0.05,0.1560879,0.163892295,0.014049767208401245,0.014056790182291987,7.0229738907412464e-06,7.0229738907412464e-06,0,0,0,-1
gmsc,mlp,89,RevolvingUtilizationOfUnsecuredLines,relative_plus_5,0.05,0.604072,0.6342756,0.031436900478850546,0.031494956450572556,5.8055971722009714e-05,5.8055971722009714e-05,0,0,0,-1
gmsc,mlp,90,RevolvingUtilizationOfUnsecuredLines,relative_plus_5,0.05,0.03815551,0.0400632855,0.005417127218637603,0.005417803647148264,6.764285106616516e-07,6.764285106616516e-07,0,0,0,-1
gmsc,mlp,91,RevolvingUtilizationOfUnsecuredLines,relative_plus_5,0.05,0.037672102,0.0395557071,0.025606851072255785,0.025608969771096474,2.1186988406890483e-06,2.1186988406890483e-06,0,0,0,-1
gmsc,mlp,92,RevolvingUtilizationOfUnsecuredLines,relative_plus_5,0.05,0.007924802,0.0083210421,0.06791010130064887,0.06791244347871937,2.3421780705051853e-06,2.3421780705051853e-06,0,0,0,-1
gmsc,mlp,93,RevolvingUtilizationOfUnsecuredLines,relative_plus_5,0.05,0.01435026,0.015067773,0.012557321048589615,0.012557819176080705,4.981274910904193e-07,4.981274910904193e-07,0,0,0,-1
gmsc,mlp,94,RevolvingUtilizationOfUnsecuredLines,relative_plus_5,0.05,0.03742409,0.0392952945,0.01479561435417343,0.014797293002072477,1.678647899046662e-06,1.678647899046662e-06,0,0,0,-1
gmsc,mlp,95,RevolvingUtilizationOfUnsecuredLines,relative_plus_5,0.05,0.052285843,0.05490013515,0.02165723032387087,0.021660132678613334,2.902354742463642e-06,2.902354742463642e-06,0,0,0,-1
gmsc,mlp,96,RevolvingUtilizationOfUnsecuredLines,relative_plus_5,0.05,0.13591728,0.14271314400000001,0.025618448582325936,0.025632255177467853,1.3806595141916539e-05,1.3806595141916539e-05,0,0,0,-1
gmsc,mlp,97,RevolvingUtilizationOfUnsecuredLines,relative_plus_5,0.05,0.010577377,0.01110624585,0.017705870709505835,0.017706446807544306,5.760980384718339e-07,5.760980384718339e-07,0,0,0,-1
gmsc,mlp,98,RevolvingUtilizationOfUnsecuredLines,relative_plus_5,0.05,0.29667103,0.3115045815,0.021717560701058864,0.02173387206010301,1.63113590441466e-05,1.63113590441466e-05,0,0,0,-1
gmsc,mlp,99,RevolvingUtilizationOfUnsecuredLines,relative_plus_5,0.05,0.8326131,0.874243755,0.2986561163043243,0.29903333813682215,0.0003772218324978316,0.0003772218324978316,0,0,0,-1
gmsc,mlp,0,RevolvingUtilizationOfUnsecuredLines,relative_minus_10,-0.1,0.030896358,0.033985993799999996,0.02211686465599193,0.022120993478934318,4.128822942386923e-06,4.128822942386923e-06,0,0,0,-1
gmsc,mlp,1,RevolvingUtilizationOfUnsecuredLines,relative_minus_10,-0.1,0.02948292,0.032431212,0.01569449495491033,0.015697489477005024,2.994522094693086e-06,2.994522094693086e-06,0,0,0,-1
gmsc,mlp,2,RevolvingUtilizationOfUnsecuredLines,relative_minus_10,-0.1,0.021382323,0.023520555300000003,0.016575068310977385,0.01657741124552743,2.342934550043918e-06,2.342934550043918e-06,0,0,0,-1
gmsc,mlp,3,RevolvingUtilizationOfUnsecuredLines,relative_minus_10,-0.1,0.15189621,0.16708583100000002,0.034126022539606525,0.034156246723867884,3.0224184261358478e-05,3.0224184261358478e-05,0,0,0,-1
gmsc,mlp,4,RevolvingUtilizationOfUnsecuredLines,relative_minus_10,-0.1,0.011665889,0.0128324779,0.026106102898580053,0.02610802906706209,1.9261684820366665e-06,1.9261684820366665e-06,0,0,0,-1
gmsc,mlp,5,RevolvingUtilizationOfUnsecuredLines,relative_minus_10,-0.1,0.23322007,0.256542077,0.021830131699538843,0.021859342914040954,2.9211214502111726e-05,2.9211214502111726e-05,0,0,0,-1
gmsc,mlp,6,RevolvingUtilizationOfUnsecuredLines,relative_minus_10,-0.1,0.39567325,0.43524057499999996,0.03217662260521963,0.03224563183416114,6.900922894150646e-05,6.900922894150646e-05,0,0,0,-1
gmsc,mlp,7,RevolvingUtilizationOfUnsecuredLines,relative_minus_10,-0.1,0.2807908,0.30886988,0.046315106403102796,0.04640250419042774,8.73977873249443e-05,8.73977873249443e-05,0,0,0,-1
gmsc,mlp,8,RevolvingUtilizationOfUnsecuredLines,relative_minus_10,-0.1,0.0,0.0091009487,0.05673708325740244,0.05677746589489853,4.038263749608917e-05,4.038263749608917e-05,0,0,0,-1
gmsc,mlp,9,RevolvingUtilizationOfUnsecuredLines,relative_minus_10,-0.1,0.12197734,0.134175074,0.07183380465082981,0.07187525344802638,4.144879719657213e-05,4.144879719657213e-05,0,0,0,-1
gmsc,mlp,10,RevolvingUtilizationOfUnsecuredLines,relative_minus_10,-0.1,0.3846793,0.42314723,0.029425463415082575,0.029495406629094334,6.99432140117591e-05,6.99432140117591e-05,0,0,0,-1
gmsc,mlp,11,RevolvingUtilizationOfUnsecuredLines,relative_minus_10,-0.1,0.43613514,0.479748654,0.012965465127209348,0.012991384130404798,2.5919003195450097e-05,2.5919003195450097e-05,0,0,0,-1
gmsc,mlp,12,RevolvingUtilizationOfUnsecuredLines,relative_minus_10,-0.1,0.09578084,0.105358924,0.007076920292949544,0.007081475392419079,4.555099469534876e-06,4.555099469534876e-06,0,0,0,-1
gmsc,mlp,13,RevolvingUtilizationOfUnsecuredLines,relative_minus_10,-0.1,0.9999999,1.09999989,0.35361463292929435,0.35427723142211304,0.000662598492818689,0.000662598492818689,0,0,0,-1
gmsc,mlp,14,RevolvingUtilizationOfUnsecuredLines,relative_minus_10,-0.1,0.47141215,0.5185533649999999,0.03041379302018182,0.030507766557094102,9.397353691228266e-05,9.397353691228266e-05,0,0,0,-1
gmsc,mlp,15,RevolvingUtilizationOfUnsecuredLines,relative_minus_10,-0.1,0.03738817,0.041126987,0.028531846223265274,0.02853644008801532,4.593864750046528e-06,4.593864750046528e-06,0,0,0,-1
gmsc,mlp,16,RevolvingUtilizationOfUnsecuredLines,relative_minus_10,-0.1,0.36518577,0.401704347,0.11002930362193034,0.11018190780931664,0.00015260418738630155,0.00015260418738630155,0,0,0,-1
gmsc,mlp,17,RevolvingUtilizationOfUnsecuredLines,relative_minus_10,-0.1,0.044219106,0.0486410166,0.013790889882417817,0.013794742740132145,3.85285771432875e-06,3.85285771432875e-06,0,0,0,-1
gmsc,mlp,18,RevolvingUtilizationOfUnsecuredLines,relative_minus_10,-0.1,0.9999999,1.09999989,0.02753715371688414,0.027701453040814047,0.0001642993239299069,0.0001642993239299069,0,0,0,-1
gmsc,mlp,19,RevolvingUtilizationOfUnsecuredLines,relative_minus_10,-0.1,0.050904956,0.0559954516,0.052926506156008635,0.052941219604179746,1.4713448171110866e-05,1.4713448171110866e-05,0,0,0,-1
gmsc,mlp,20,RevolvingUtilizationOfUnsecuredLines,relative_minus_10,-0.1,0.028527671,0.031380438100000005,0.008830310596060332,0.008831585560707136,1.2749646468041692e-06,1.2749646468041692e-06,0,0,0,-1
gmsc,mlp,21,RevolvingUtilizationOfUnsecuredLines,relative_minus_10,-0.1,0.06357361,0.06993097100000001,0.014797349397540089,0.014803286917299477,5.937519759387569e-06,5.937519759387569e-06,0,0,0,-1
gmsc,mlp,22,RevolvingUtilizationOfUnsecuredLines,relative_minus_10,-0.1,0.002599913,0.0028599043,0.04562370697875247,0.045624707862676285,1.0008839238170864e-06,1.0008839238170864e-06,0,0,0,-1
gmsc,mlp,23,RevolvingUtilizationOfUnsecuredLines,relative_minus_10,-0.1,0.03161417,0.034775587,0.01573080665121102,0.015733360359613823,2.5537084028040558e-06,2.5537084028040558e-06,0,0,0,-1
gmsc,mlp,24,RevolvingUtilizationOfUnsecuredLines,relative_minus_10,-0.1,0.025913903,0.028505293299999998,0.011506289508992087,0.01150807198678482,1.782477792732981e-06,1.782477792732981e-06,0,0,0,-1
gmsc,mlp,25,RevolvingUtilizationOfUnsecuredLines,relative_minus_10,-0.1,0.8536293,0.93899223,0.03731802443216143,0.0375168218194998,0.00019879738733837027,0.00019879738733837027,0,0,0,-1
gmsc,mlp,26,RevolvingUtilizationOfUnsecuredLines,relative_minus_10,-0.1,0.9999999,1.09999989,0.029333059161415907,0.029519436733699222,0.00018637757228331595,0.00018637757228331595,0,0,0,-1
gmsc,mlp,27,RevolvingUtilizationOfUnsecuredLines,relative_minus_10,-0.1,0.063485205,0.0698337255,0.035095010256273325,0.035109020719458914,1.4010463185588906e-05,1.4010463185588906e-05,0,0,0,-1
gmsc,mlp,28,RevolvingUtilizationOfUnsecuredLines,relative_minus_10,-0.1,0.0,0.0091009487,0.09263198005026192,0.09268488542231573,5.2905372053810296e-05,5.2905372053810296e-05,0,0,0,-1
gmsc,mlp,29,RevolvingUtilizationOfUnsecuredLines,relative_minus_10,-0.1,0.015614713,0.0171761843,0.006344097366443652,0.006344729565241657,6.321987980045102e-07,6.321987980045102e-07,0,0,0,-1
gmsc,mlp,30,RevolvingUtilizationOfUnsecuredLines,relative_minus_10,-0.1,0.09734902,0.107083922,0.046242861401163154,0.04626872087929345,2.5859478130295377e-05,2.5859478130295377e-05,0,0,0,-1
gmsc,mlp,31,RevolvingUtilizationOfUnsecuredLines,relative_minus_10,-0.1,0.09229909,0.101528999,0.0255021185573372,0.025513568167585113,1.1449610247911413e-05,1.1449610247911413e-05,0,0,0,-1
gmsc,mlp,32,RevolvingUtilizationOfUnsecuredLines,relative_minus_10,-0.1,0.22324374,0.245568114,0.026376707227492684,0.026425866371141145,4.915914364846119e-05,4.915914364846119e-05,0,0,0,-1
gmsc,mlp,33,RevolvingUtilizationOfUnsecuredLines,relative_minus_10,-0.1,0.023850212,0.0262352332,0.015498282720832536,0.015500453545332605,2.170824500068169e-06,2.170824500068169e-06,0,0,0,-1
gmsc,mlp,34,RevolvingUtilizationOfUnsecuredLines,relative_minus_10,-0.1,0.57284,0.630124,0.08535157193754099,0.08556326642065214,0.0002116944831111467,0.0002116944831111467,0,0,0,-1
gmsc,mlp,35,RevolvingUtilizationOfUnsecuredLines,relative_minus_10,-0.1,0.2748278,0.30231058,0.19910001606794017,0.19935854175558615,0.0002585256876459774,0.0002585256876459774,0,0,0,-1
gmsc,mlp,36,RevolvingUtilizationOfUnsecuredLines,relative_minus_10,-0.1,0.74517345,0.819690795,0.010761647197797914,0.010812571399319088,5.0924201521173815e-05,5.0924201521173815e-05,0,0,0,-1
gmsc,mlp,37,RevolvingUtilizationOfUnsecuredLines,relative_minus_10,-0.1,0.72366506,0.7960315659999999,0.01757909301258303,0.017672187636273165,9.309462369013616e-05,9.309462369013616e-05,0,0,0,-1
gmsc,mlp,38,RevolvingUtilizationOfUnsecuredLines,relative_minus_10,-0.1,0.45712107,0.5028331770000001,0.009145988810159647,0.009168967802515797,2.2978992356150266e-05,2.2978992356150266e-05,0,0,0,-1
gmsc,mlp,39,RevolvingUtilizationOfUnsecuredLines,relative_minus_10,-0.1,0.06888933,0.075778263,0.051173952814171794,0.05119056727334233,1.6614459170533058e-05,1.6614459170533058e-05,0,0,0,-1
gmsc,mlp,40,RevolvingUtilizationOfUnsecuredLines,relative_minus_10,-0.1,0.0,0.0091009487,0.022676366611436422,0.022690322026492963,1.3955415056540743e-05,1.3955415056540743e-05,0,0,0,-1
gmsc,mlp,41,RevolvingUtilizationOfUnsecuredLines,relative_minus_10,-0.1,0.011121044,0.0122331484,0.04009590259851887,0.04009837035582088,2.4677573020118193e-06,2.4677573020118193e-06,0,0,0,-1
gmsc,mlp,42,RevolvingUtilizationOfUnsecuredLines,relative_minus_10,-0.1,0.07121731,0.07833904100000001,0.02298812229422112,0.022998185158002588,1.0062863781468145e-05,1.0062863781468145e-05,0,0,0,-1
gmsc,mlp,43,RevolvingUtilizationOfUnsecuredLines,relative_minus_10,-0.1,0.4177215,0.45949365000000003,0.04219806536296886,0.04230870207251329,0.00011063670954442745,0.00011063670954442745,0,0,0,-1
gmsc,mlp,44,RevolvingUtilizationOfUnsecuredLines,relative_minus_10,-0.1,0.10908173,0.11998990300000001,0.01680383752969732,0.01681285769383236,9.020164135040837e-06,9.020164135040837e-06,0,0,0,-1
gmsc,mlp,45,RevolvingUtilizationOfUnsecuredLines,relative_minus_10,-0.1,0.040165327,0.0441818597,0.0359226511464687,0.0359295014166466,6.850270177903572e-06,6.850270177903572e-06,0,0,0,-1
gmsc,mlp,46,RevolvingUtilizationOfUnsecuredLines,relative_minus_10,-0.1,0.52790403,0.580694433,0.008419834692001592,0.008449108046856264,2.9273354854671488e-05,2.9273354854671488e-05,0,0,0,-1
gmsc,mlp,47,RevolvingUtilizationOfUnsecuredLines,relative_minus_10,-0.1,0.06679555,0.073475105,0.01526822945269322,0.015275127388303871,6.8979356106519535e-06,6.8979356106519535e-06,0,0,0,-1
gmsc,mlp,48,RevolvingUtilizationOfUnsecuredLines,relative_minus_10,-0.1,0.10128987,0.11141885700000001,0.011940522095800142,0.011950061948945668,9.539853145525828e-06,9.539853145525828e-06,0,0,0,-1
gmsc,mlp,49,RevolvingUtilizationOfUnsecuredLines,relative_minus_10,-0.1,0.026742943,0.029417237300000003,0.029003393714220643,0.029009204784138574,5.811069917930484e-06,5.811069917930484e-06,0,0,0,-1
gmsc,mlp,50,RevolvingUtilizationOfUnsecuredLines,relative_minus_10,-0.1,0.14541522,0.159956742,0.03157652357546811,0.031605400986081375,2.887741061326221e-05,2.887741061326221e-05,0,0,0,-1
gmsc,mlp,51,RevolvingUtilizationOfUnsecuredLines,relative_minus_10,-0.1,0.2929907,0.32228977,0.016133909190219866,0.01616023613635084,2.6326946130972306e-05,2.6326946130972306e-05,0,0,0,-1
gmsc,mlp,52,RevolvingUtilizationOfUnsecuredLines,relative_minus_10,-0.1,0.017210783,0.018931861300000002,0.008942513898120756,0.008943540907832843,1.0270097120877036e-06,1.0270097120877036e-06,0,0,0,-1
gmsc,mlp,53,RevolvingUtilizationOfUnsecuredLines,relative_minus_10,-0.1,0.7669077,0.84359847,0.29379437931569313,0.2941653732026879,0.00037099388699474156,0.00037099388699474156,0,0,0,-1
gmsc,mlp,54,RevolvingUtilizationOfUnsecuredLines,relative_minus_10,-0.1,1.0356027,1.13916297,0.3498543595427822,0.3504385706900477,0.0005842111472654787,0.0005842111472654787,0,0,0,-1
gmsc,mlp,55,RevolvingUtilizationOfUnsecuredLines,relative_minus_10,-0.1,0.011375782,0.012513360199999999,0.007600943545173095,0.007601446690031703,5.031448586084036e-07,5.031448586084036e-07,0,0,0,-1
gmsc,mlp,56,RevolvingUtilizationOfUnsecuredLines,relative_minus_10,-0.1,0.0,0.0091009487,0.025320893704546973,0.02533492280306227,1.4029098515295352e-05,1.4029098515295352e-05,0,0,0,-1
gmsc,mlp,57,RevolvingUtilizationOfUnsecuredLines,relative_minus_10,-0.1,0.9999999,1.09999989,0.05069033380470405,0.050973247779044856,0.0002829139743408052,0.0002829139743408052,0,0,0,-1
gmsc,mlp,58,RevolvingUtilizationOfUnsecuredLines,relative_minus_10,-0.1,0.5012159,0.5513374900000001,0.16009590625064055,0.1604024795004348,0.00030657324979424527,0.00030657324979424527,0,0,0,-1
gmsc,mlp,59,RevolvingUtilizationOfUnsecuredLines,relative_minus_10,-0.1,0.8254279,0.90797069,0.025457114256866867,0.025558113722683084,0.00010099946581621638,0.00010099946581621638,0,0,0,-1
gmsc,mlp,60,RevolvingUtilizationOfUnsecuredLines,relative_minus_10,-0.1,0.0,0.0091009487,0.037076780618332694,0.0370930925007908,1.631188245810461e-05,1.631188245810461e-05,0,0,0,-1
gmsc,mlp,61,RevolvingUtilizationOfUnsecuredLines,relative_minus_10,-0.1,0.28095686,0.309052546,0.04860926951599663,0.048675730826630244,6.646131063361288e-05,6.646131063361288e-05,0,0,0,-1
gmsc,mlp,62,RevolvingUtilizationOfUnsecuredLines,relative_minus_10,-0.1,0.9999999,1.09999989,0.022160573410907457,0.022296860528606702,0.000136287117699245,0.000136287117699245,0,0,0,-1
gmsc,mlp,63,RevolvingUtilizationOfUnsecuredLines,relative_minus_10,-0.1,0.0717633,0.07893963,0.010545360475655359,0.010549544925565677,4.184449910318161e-06,4.184449910318161e-06,0,0,0,-1
gmsc,mlp,64,RevolvingUtilizationOfUnsecuredLines,relative_minus_10,-0.1,0.0,0.0091009487,0.05188426446215026,0.051904905109660934,2.0640647510672405e-05,2.0640647510672405e-05,0,0,0,-1
gmsc,mlp,65,RevolvingUtilizationOfUnsecuredLines,relative_minus_10,-0.1,0.00931117,0.010242287000000001,0.19320558451418393,0.19321417114347458,8.586629290652237e-06,8.586629290652237e-06,0,0,0,-1
gmsc,mlp,66,RevolvingUtilizationOfUnsecuredLines,relative_minus_10,-0.1,0.27445123,0.301896353,0.017380461870616856,0.017411326009188235,3.086413857137857e-05,3.086413857137857e-05,0,0,0,-1
gmsc,mlp,67,RevolvingUtilizationOfUnsecuredLines,relative_minus_10,-0.1,0.69228846,0.761517306,0.045289289381342065,0.0454704862468885,0.00018119686554643466,0.00018119686554643466,0,0,0,-1
gmsc,mlp,68,RevolvingUtilizationOfUnsecuredLines,relative_minus_10,-0.1,0.07034841,0.077383251,0.012814695328681581,0.012819664074696613,4.968746015032027e-06,4.968746015032027e-06,0,0,0,-1
gmsc,mlp,69,RevolvingUtilizationOfUnsecuredLines,relative_minus_10,-0.1,0.21850161,0.24035177100000002,0.09362660727989738,0.0936893285280311,6.272124813370972e-05,6.272124813370972e-05,0,0,0,-1
gmsc,mlp,70,RevolvingUtilizationOfUnsecuredLines,relative_minus_10,-0.1,0.023867318,0.0262540498,0.09827269814207695,0.09828355235395642,1.0854211879463005e-05,1.0854211879463005e-05,0,0,0,-1
gmsc,mlp,71,RevolvingUtilizationOfUnsecuredLines,relative_minus_10,-0.1,0.050140366,0.0551544026,0.07244781616495638,0.07245943425924349,1.1618094287110803e-05,1.1618094287110803e-05,0,0,0,-1
gmsc,mlp,72,RevolvingUtilizationOfUnsecuredLines,relative_minus_10,-0.1,0.06126258,0.06738883799999999,0.03217968676284227,0.03219214825051839,1.2461487676120042e-05,1.2461487676120042e-05,0,0,0,-1
gmsc,mlp,73,RevolvingUtilizationOfUnsecuredLines,relative_minus_10,-0.1,0.44115546,0.485271006,0.044640504763767554,0.04474190522800682,0.00010140046423926657,0.00010140046423926657,0,0,0,-1
gmsc,mlp,74,RevolvingUtilizationOfUnsecuredLines,relative_minus_10,-0.1,0.18675703,0.20543273299999998,0.03482378444402007,0.034867354959404226,4.357051538415868e-05,4.357051538415868e-05,0,0,0,-1
gmsc,mlp,75,RevolvingUtilizationOfUnsecuredLines,relative_minus_10,-0.1,0.5988024,0.65868264,0.04920214568663398,0.04942350978102617,0.00022136409439219018,0.00022136409439219018,0,0,0,-1
gmsc,mlp,76,RevolvingUtilizationOfUnsecuredLines,relative_minus_10,-0.1,0.018871846,0.020759030600000002,0.02205212445347039,0.02205406597785631,1.9415243859219333e-06,1.9415243859219333e-06,0,0,0,-1
gmsc,mlp,77,RevolvingUtilizationOfUnsecuredLines,relative_minus_10,-0.1,0.0223315,0.02456465,0.009856180676789783,0.009857518128921631,1.3374521318481464e-06,1.3374521318481464e-06,0,0,0,-1
gmsc,mlp,78,RevolvingUtilizationOfUnsecuredLines,relative_minus_10,-0.1,0.053710874,0.0590819614,0.010129649250511236,0.010133271060443353,3.621809932116693e-06,3.621809932116693e-06,0,0,0,-1
gmsc,mlp,79,RevolvingUtilizationOfUnsecuredLines,relative_minus_10,-0.1,0.4251497,0.46766467,0.025575449411528527,0.025642555799566927,6.710638803840083e-05,6.710638803840083e-05,0,0,0,-1
gmsc,mlp,80,RevolvingUtilizationOfUnsecuredLines,relative_minus_10,-0.1,0.51730984,0.569040824,0.005666248820127979,0.005683678130409066,1.7429310281086643e-05,1.7429310281086643e-05,0,0,0,-1
gmsc,mlp,81,RevolvingUtilizationOfUnsecuredLines,relative_minus_10,-0.1,0.089719884,0.0986918724,0.04332063353337088,0.04334037279985864,1.97392664877602e-05,1.97392664877602e-05,0,0,0,-1
gmsc,mlp,82,RevolvingUtilizationOfUnsecuredLines,relative_minus_10,-0.1,0.5517315,0.60690465,0.01937427089536237,0.019440065214777383,6.579431941501276e-05,6.579431941501276e-05,0,0,0,-1
gmsc,mlp,83,RevolvingUtilizationOfUnsecuredLines,relative_minus_10,-0.1,0.04207145,0.046278595000000006,0.014956252536287561,0.014960039951578356,3.787415290794696e-06,3.787415290794696e-06,0,0,0,-1
gmsc,mlp,84,RevolvingUtilizationOfUnsecuredLines,relative_minus_10,-0.1,0.9999999,1.09999989,0.034404191335380946,0.03456735909851143,0.0001631677631304812,0.0001631677631304812,0,0,0,-1
gmsc,mlp,85,RevolvingUtilizationOfUnsecuredLines,relative_minus_10,-0.1,0.009346499,0.010281148899999999,0.016073637508889543,0.016074555127924616,9.176190350727864e-07,9.176190350727864e-07,0,0,0,-1
gmsc,mlp,86,RevolvingUtilizationOfUnsecuredLines,relative_minus_10,-0.1,0.005071066,0.0055781726,0.03951246267546877,0.03951366669216868,1.2040166999099933e-06,1.2040166999099933e-06,0,0,0,-1
gmsc,mlp,87,RevolvingUtilizationOfUnsecuredLines,relative_minus_10,-0.1,0.012843349,0.0141276839,0.023170727869934838,0.023172535699652382,1.8078297175441738e-06,1.8078297175441738e-06,0,0,0,-1
gmsc,mlp,88,RevolvingUtilizationOfUnsecuredLines,relative_minus_10,-0.1,0.1560879,0.17169669,0.014049767208401245,0.014063816616640063,1.4049408238818104e-05,1.4049408238818104e-05,0,0,0,-1
gmsc,mlp,89,RevolvingUtilizationOfUnsecuredLines,relative_minus_10,-0.1,0.604072,0.6644792,0.031436900478850546,0.0315531161441736,0.00011621566532305644,0.00011621566532305644,0,0,0,-1
gmsc,mlp,90,RevolvingUtilizationOfUnsecuredLines,relative_minus_10,-0.1,0.03815551,0.041971061,0.005417127218637603,0.0054184801596633865,1.352941025783809e-06,1.352941025783809e-06,0,0,0,-1
gmsc,mlp,91,RevolvingUtilizationOfUnsecuredLines,relative_minus_10,-0.1,0.037672102,0.0414393122,0.025606851072255785,0.025611088640629682,4.237568373897244e-06,4.237568373897244e-06,0,0,0,-1
gmsc,mlp,92,RevolvingUtilizationOfUnsecuredLines,relative_minus_10,-0.1,0.007924802,0.008717282199999999,0.06791010130064887,0.06791478573168433,4.684431035462122e-06,4.684431035462122e-06,0,0,0,-1
gmsc,mlp,93,RevolvingUtilizationOfUnsecuredLines,relative_minus_10,-0.1,0.01435026,0.015785286,0.012557321048589615,0.012558317323080343,9.962744907283938e-07,9.962744907283938e-07,0,0,0,-1
gmsc,mlp,94,RevolvingUtilizationOfUnsecuredLines,relative_minus_10,-0.1,0.03742409,0.041166499,0.01479561435417343,0.014798971837563013,3.3574833895825412e-06,3.3574833895825412e-06,0,0,0,-1
gmsc,mlp,95,RevolvingUtilizationOfUnsecuredLines,relative_minus_10,-0.1,0.052285843,0.0575144273,0.02165723032387087,0.021663035413697226,5.805089826355775e-06,5.805089826355775e-06,0,0,0,-1
gmsc,mlp,96,RevolvingUtilizationOfUnsecuredLines,relative_minus_10,-0.1,0.13591728,0.149509008,0.025618448582325936,0.0256460690175773,2.7620435251365233e-05,2.7620435251365233e-05,0,0,0,-1
gmsc,mlp,97,RevolvingUtilizationOfUnsecuredLines,relative_minus_10,-0.1,0.010577377,0.011635114700000001,0.017705870709505835,0.017707022923989443,1.152214483608749e-06,1.152214483608749e-06,0,0,0,-1
gmsc,mlp,98,RevolvingUtilizationOfUnsecuredLines,relative_minus_10,-0.1,0.29667103,0.32633813300000003,0.021717560701058864,0.021750195397707024,3.2634696648159434e-05,3.2634696648159434e-05,0,0,0,-1
gmsc,mlp,99,RevolvingUtilizationOfUnsecuredLines,relative_minus_10,-0.1,0.8326131,0.91587441,0.2986561163043243,0.29941083302105037,0.000754716716726056,0.000754716716726056,0,0,0,-1
gmsc,mlp,0,RevolvingUtilizationOfUnsecuredLines,relative_plus_10,0.1,0.030896358,0.033985993799999996,0.02211686465599193,0.022120993478934318,4.128822942386923e-06,4.128822942386923e-06,0,0,0,-1
gmsc,mlp,1,RevolvingUtilizationOfUnsecuredLines,relative_plus_10,0.1,0.02948292,0.032431212,0.01569449495491033,0.015697489477005024,2.994522094693086e-06,2.994522094693086e-06,0,0,0,-1
gmsc,mlp,2,RevolvingUtilizationOfUnsecuredLines,relative_plus_10,0.1,0.021382323,0.023520555300000003,0.016575068310977385,0.01657741124552743,2.342934550043918e-06,2.342934550043918e-06,0,0,0,-1
gmsc,mlp,3,RevolvingUtilizationOfUnsecuredLines,relative_plus_10,0.1,0.15189621,0.16708583100000002,0.034126022539606525,0.034156246723867884,3.0224184261358478e-05,3.0224184261358478e-05,0,0,0,-1
gmsc,mlp,4,RevolvingUtilizationOfUnsecuredLines,relative_plus_10,0.1,0.011665889,0.0128324779,0.026106102898580053,0.02610802906706209,1.9261684820366665e-06,1.9261684820366665e-06,0,0,0,-1
gmsc,mlp,5,RevolvingUtilizationOfUnsecuredLines,relative_plus_10,0.1,0.23322007,0.256542077,0.021830131699538843,0.021859342914040954,2.9211214502111726e-05,2.9211214502111726e-05,0,0,0,-1
gmsc,mlp,6,RevolvingUtilizationOfUnsecuredLines,relative_plus_10,0.1,0.39567325,0.43524057499999996,0.03217662260521963,0.03224563183416114,6.900922894150646e-05,6.900922894150646e-05,0,0,0,-1
gmsc,mlp,7,RevolvingUtilizationOfUnsecuredLines,relative_plus_10,0.1,0.2807908,0.30886988,0.046315106403102796,0.04640250419042774,8.73977873249443e-05,8.73977873249443e-05,0,0,0,-1
gmsc,mlp,8,RevolvingUtilizationOfUnsecuredLines,relative_plus_10,0.1,0.0,0.0091009487,0.05673708325740244,0.05677746589489853,4.038263749608917e-05,4.038263749608917e-05,0,0,0,-1
gmsc,mlp,9,RevolvingUtilizationOfUnsecuredLines,relative_plus_10,0.1,0.12197734,0.134175074,0.07183380465082981,0.07187525344802638,4.144879719657213e-05,4.144879719657213e-05,0,0,0,-1
gmsc,mlp,10,RevolvingUtilizationOfUnsecuredLines,relative_plus_10,0.1,0.3846793,0.42314723,0.029425463415082575,0.029495406629094334,6.99432140117591e-05,6.99432140117591e-05,0,0,0,-1
gmsc,mlp,11,RevolvingUtilizationOfUnsecuredLines,relative_plus_10,0.1,0.43613514,0.479748654,0.012965465127209348,0.012991384130404798,2.5919003195450097e-05,2.5919003195450097e-05,0,0,0,-1
gmsc,mlp,12,RevolvingUtilizationOfUnsecuredLines,relative_plus_10,0.1,0.09578084,0.105358924,0.007076920292949544,0.007081475392419079,4.555099469534876e-06,4.555099469534876e-06,0,0,0,-1
gmsc,mlp,13,RevolvingUtilizationOfUnsecuredLines,relative_plus_10,0.1,0.9999999,1.09999989,0.35361463292929435,0.35427723142211304,0.000662598492818689,0.000662598492818689,0,0,0,-1
gmsc,mlp,14,RevolvingUtilizationOfUnsecuredLines,relative_plus_10,0.1,0.47141215,0.5185533649999999,0.03041379302018182,0.030507766557094102,9.397353691228266e-05,9.397353691228266e-05,0,0,0,-1
gmsc,mlp,15,RevolvingUtilizationOfUnsecuredLines,relative_plus_10,0.1,0.03738817,0.041126987,0.028531846223265274,0.02853644008801532,4.593864750046528e-06,4.593864750046528e-06,0,0,0,-1
gmsc,mlp,16,RevolvingUtilizationOfUnsecuredLines,relative_plus_10,0.1,0.36518577,0.401704347,0.11002930362193034,0.11018190780931664,0.00015260418738630155,0.00015260418738630155,0,0,0,-1
gmsc,mlp,17,RevolvingUtilizationOfUnsecuredLines,relative_plus_10,0.1,0.044219106,0.0486410166,0.013790889882417817,0.013794742740132145,3.85285771432875e-06,3.85285771432875e-06,0,0,0,-1
gmsc,mlp,18,RevolvingUtilizationOfUnsecuredLines,relative_plus_10,0.1,0.9999999,1.09999989,0.02753715371688414,0.027701453040814047,0.0001642993239299069,0.0001642993239299069,0,0,0,-1
gmsc,mlp,19,RevolvingUtilizationOfUnsecuredLines,relative_plus_10,0.1,0.050904956,0.0559954516,0.052926506156008635,0.052941219604179746,1.4713448171110866e-05,1.4713448171110866e-05,0,0,0,-1
gmsc,mlp,20,RevolvingUtilizationOfUnsecuredLines,relative_plus_10,0.1,0.028527671,0.031380438100000005,0.008830310596060332,0.008831585560707136,1.2749646468041692e-06,1.2749646468041692e-06,0,0,0,-1
gmsc,mlp,21,RevolvingUtilizationOfUnsecuredLines,relative_plus_10,0.1,0.06357361,0.06993097100000001,0.014797349397540089,0.014803286917299477,5.937519759387569e-06,5.937519759387569e-06,0,0,0,-1
gmsc,mlp,22,RevolvingUtilizationOfUnsecuredLines,relative_plus_10,0.1,0.002599913,0.0028599043,0.04562370697875247,0.045624707862676285,1.0008839238170864e-06,1.0008839238170864e-06,0,0,0,-1
gmsc,mlp,23,RevolvingUtilizationOfUnsecuredLines,relative_plus_10,0.1,0.03161417,0.034775587,0.01573080665121102,0.015733360359613823,2.5537084028040558e-06,2.5537084028040558e-06,0,0,0,-1
gmsc,mlp,24,RevolvingUtilizationOfUnsecuredLines,relative_plus_10,0.1,0.025913903,0.028505293299999998,0.011506289508992087,0.01150807198678482,1.782477792732981e-06,1.782477792732981e-06,0,0,0,-1
gmsc,mlp,25,RevolvingUtilizationOfUnsecuredLines,relative_plus_10,0.1,0.8536293,0.93899223,0.03731802443216143,0.0375168218194998,0.00019879738733837027,0.00019879738733837027,0,0,0,-1
gmsc,mlp,26,RevolvingUtilizationOfUnsecuredLines,relative_plus_10,0.1,0.9999999,1.09999989,0.029333059161415907,0.029519436733699222,0.00018637757228331595,0.00018637757228331595,0,0,0,-1
gmsc,mlp,27,RevolvingUtilizationOfUnsecuredLines,relative_plus_10,0.1,0.063485205,0.0698337255,0.035095010256273325,0.035109020719458914,1.4010463185588906e-05,1.4010463185588906e-05,0,0,0,-1
gmsc,mlp,28,RevolvingUtilizationOfUnsecuredLines,relative_plus_10,0.1,0.0,0.0091009487,0.09263198005026192,0.09268488542231573,5.2905372053810296e-05,5.2905372053810296e-05,0,0,0,-1
gmsc,mlp,29,RevolvingUtilizationOfUnsecuredLines,relative_plus_10,0.1,0.015614713,0.0171761843,0.006344097366443652,0.006344729565241657,6.321987980045102e-07,6.321987980045102e-07,0,0,0,-1
gmsc,mlp,30,RevolvingUtilizationOfUnsecuredLines,relative_plus_10,0.1,0.09734902,0.107083922,0.046242861401163154,0.04626872087929345,2.5859478130295377e-05,2.5859478130295377e-05,0,0,0,-1
gmsc,mlp,31,RevolvingUtilizationOfUnsecuredLines,relative_plus_10,0.1,0.09229909,0.101528999,0.0255021185573372,0.025513568167585113,1.1449610247911413e-05,1.1449610247911413e-05,0,0,0,-1
gmsc,mlp,32,RevolvingUtilizationOfUnsecuredLines,relative_plus_10,0.1,0.22324374,0.245568114,0.026376707227492684,0.026425866371141145,4.915914364846119e-05,4.915914364846119e-05,0,0,0,-1
gmsc,mlp,33,RevolvingUtilizationOfUnsecuredLines,relative_plus_10,0.1,0.023850212,0.0262352332,0.015498282720832536,0.015500453545332605,2.170824500068169e-06,2.170824500068169e-06,0,0,0,-1
gmsc,mlp,34,RevolvingUtilizationOfUnsecuredLines,relative_plus_10,0.1,0.57284,0.630124,0.08535157193754099,0.08556326642065214,0.0002116944831111467,0.0002116944831111467,0,0,0,-1
gmsc,mlp,35,RevolvingUtilizationOfUnsecuredLines,relative_plus_10,0.1,0.2748278,0.30231058,0.19910001606794017,0.19935854175558615,0.0002585256876459774,0.0002585256876459774,0,0,0,-1
gmsc,mlp,36,RevolvingUtilizationOfUnsecuredLines,relative_plus_10,0.1,0.74517345,0.819690795,0.010761647197797914,0.010812571399319088,5.0924201521173815e-05,5.0924201521173815e-05,0,0,0,-1
gmsc,mlp,37,RevolvingUtilizationOfUnsecuredLines,relative_plus_10,0.1,0.72366506,0.7960315659999999,0.01757909301258303,0.017672187636273165,9.309462369013616e-05,9.309462369013616e-05,0,0,0,-1
gmsc,mlp,38,RevolvingUtilizationOfUnsecuredLines,relative_plus_10,0.1,0.45712107,0.5028331770000001,0.009145988810159647,0.009168967802515797,2.2978992356150266e-05,2.2978992356150266e-05,0,0,0,-1
gmsc,mlp,39,RevolvingUtilizationOfUnsecuredLines,relative_plus_10,0.1,0.06888933,0.075778263,0.051173952814171794,0.05119056727334233,1.6614459170533058e-05,1.6614459170533058e-05,0,0,0,-1
gmsc,mlp,40,RevolvingUtilizationOfUnsecuredLines,relative_plus_10,0.1,0.0,0.0091009487,0.022676366611436422,0.022690322026492963,1.3955415056540743e-05,1.3955415056540743e-05,0,0,0,-1
gmsc,mlp,41,RevolvingUtilizationOfUnsecuredLines,relative_plus_10,0.1,0.011121044,0.0122331484,0.04009590259851887,0.04009837035582088,2.4677573020118193e-06,2.4677573020118193e-06,0,0,0,-1
gmsc,mlp,42,RevolvingUtilizationOfUnsecuredLines,relative_plus_10,0.1,0.07121731,0.07833904100000001,0.02298812229422112,0.022998185158002588,1.0062863781468145e-05,1.0062863781468145e-05,0,0,0,-1
gmsc,mlp,43,RevolvingUtilizationOfUnsecuredLines,relative_plus_10,0.1,0.4177215,0.45949365000000003,0.04219806536296886,0.04230870207251329,0.00011063670954442745,0.00011063670954442745,0,0,0,-1
gmsc,mlp,44,RevolvingUtilizationOfUnsecuredLines,relative_plus_10,0.1,0.10908173,0.11998990300000001,0.01680383752969732,0.01681285769383236,9.020164135040837e-06,9.020164135040837e-06,0,0,0,-1
gmsc,mlp,45,RevolvingUtilizationOfUnsecuredLines,relative_plus_10,0.1,0.040165327,0.0441818597,0.0359226511464687,0.0359295014166466,6.850270177903572e-06,6.850270177903572e-06,0,0,0,-1
gmsc,mlp,46,RevolvingUtilizationOfUnsecuredLines,relative_plus_10,0.1,0.52790403,0.580694433,0.008419834692001592,0.008449108046856264,2.9273354854671488e-05,2.9273354854671488e-05,0,0,0,-1
gmsc,mlp,47,RevolvingUtilizationOfUnsecuredLines,relative_plus_10,0.1,0.06679555,0.073475105,0.01526822945269322,0.015275127388303871,6.8979356106519535e-06,6.8979356106519535e-06,0,0,0,-1
gmsc,mlp,48,RevolvingUtilizationOfUnsecuredLines,relative_plus_10,0.1,0.10128987,0.11141885700000001,0.011940522095800142,0.011950061948945668,9.539853145525828e-06,9.539853145525828e-06,0,0,0,-1
gmsc,mlp,49,RevolvingUtilizationOfUnsecuredLines,relative_plus_10,0.1,0.026742943,0.029417237300000003,0.029003393714220643,0.029009204784138574,5.811069917930484e-06,5.811069917930484e-06,0,0,0,-1
gmsc,mlp,50,RevolvingUtilizationOfUnsecuredLines,relative_plus_10,0.1,0.14541522,0.159956742,0.03157652357546811,0.031605400986081375,2.887741061326221e-05,2.887741061326221e-05,0,0,0,-1
gmsc,mlp,51,RevolvingUtilizationOfUnsecuredLines,relative_plus_10,0.1,0.2929907,0.32228977,0.016133909190219866,0.01616023613635084,2.6326946130972306e-05,2.6326946130972306e-05,0,0,0,-1
gmsc,mlp,52,RevolvingUtilizationOfUnsecuredLines,relative_plus_10,0.1,0.017210783,0.018931861300000002,0.008942513898120756,0.008943540907832843,1.0270097120877036e-06,1.0270097120877036e-06,0,0,0,-1
gmsc,mlp,53,RevolvingUtilizationOfUnsecuredLines,relative_plus_10,0.1,0.7669077,0.84359847,0.29379437931569313,0.2941653732026879,0.00037099388699474156,0.00037099388699474156,0,0,0,-1
gmsc,mlp,54,RevolvingUtilizationOfUnsecuredLines,relative_plus_10,0.1,1.0356027,1.13916297,0.3498543595427822,0.3504385706900477,0.0005842111472654787,0.0005842111472654787,0,0,0,-1
gmsc,mlp,55,RevolvingUtilizationOfUnsecuredLines,relative_plus_10,0.1,0.011375782,0.012513360199999999,0.007600943545173095,0.007601446690031703,5.031448586084036e-07,5.031448586084036e-07,0,0,0,-1
gmsc,mlp,56,RevolvingUtilizationOfUnsecuredLines,relative_plus_10,0.1,0.0,0.0091009487,0.025320893704546973,0.02533492280306227,1.4029098515295352e-05,1.4029098515295352e-05,0,0,0,-1
gmsc,mlp,57,RevolvingUtilizationOfUnsecuredLines,relative_plus_10,0.1,0.9999999,1.09999989,0.05069033380470405,0.050973247779044856,0.0002829139743408052,0.0002829139743408052,0,0,0,-1
gmsc,mlp,58,RevolvingUtilizationOfUnsecuredLines,relative_plus_10,0.1,0.5012159,0.5513374900000001,0.16009590625064055,0.1604024795004348,0.00030657324979424527,0.00030657324979424527,0,0,0,-1
gmsc,mlp,59,RevolvingUtilizationOfUnsecuredLines,relative_plus_10,0.1,0.8254279,0.90797069,0.025457114256866867,0.025558113722683084,0.00010099946581621638,0.00010099946581621638,0,0,0,-1
gmsc,mlp,60,RevolvingUtilizationOfUnsecuredLines,relative_plus_10,0.1,0.0,0.0091009487,0.037076780618332694,0.0370930925007908,1.631188245810461e-05,1.631188245810461e-05,0,0,0,-1
gmsc,mlp,61,RevolvingUtilizationOfUnsecuredLines,relative_plus_10,0.1,0.28095686,0.309052546,0.04860926951599663,0.048675730826630244,6.646131063361288e-05,6.646131063361288e-05,0,0,0,-1
gmsc,mlp,62,RevolvingUtilizationOfUnsecuredLines,relative_plus_10,0.1,0.9999999,1.09999989,0.022160573410907457,0.022296860528606702,0.000136287117699245,0.000136287117699245,0,0,0,-1
gmsc,mlp,63,RevolvingUtilizationOfUnsecuredLines,relative_plus_10,0.1,0.0717633,0.07893963,0.010545360475655359,0.010549544925565677,4.184449910318161e-06,4.184449910318161e-06,0,0,0,-1
gmsc,mlp,64,RevolvingUtilizationOfUnsecuredLines,relative_plus_10,0.1,0.0,0.0091009487,0.05188426446215026,0.051904905109660934,2.0640647510672405e-05,2.0640647510672405e-05,0,0,0,-1
gmsc,mlp,65,RevolvingUtilizationOfUnsecuredLines,relative_plus_10,0.1,0.00931117,0.010242287000000001,0.19320558451418393,0.19321417114347458,8.586629290652237e-06,8.586629290652237e-06,0,0,0,-1
gmsc,mlp,66,RevolvingUtilizationOfUnsecuredLines,relative_plus_10,0.1,0.27445123,0.301896353,0.017380461870616856,0.017411326009188235,3.086413857137857e-05,3.086413857137857e-05,0,0,0,-1
gmsc,mlp,67,RevolvingUtilizationOfUnsecuredLines,relative_plus_10,0.1,0.69228846,0.761517306,0.045289289381342065,0.0454704862468885,0.00018119686554643466,0.00018119686554643466,0,0,0,-1
gmsc,mlp,68,RevolvingUtilizationOfUnsecuredLines,relative_plus_10,0.1,0.07034841,0.077383251,0.012814695328681581,0.012819664074696613,4.968746015032027e-06,4.968746015032027e-06,0,0,0,-1
gmsc,mlp,69,RevolvingUtilizationOfUnsecuredLines,relative_plus_10,0.1,0.21850161,0.24035177100000002,0.09362660727989738,0.0936893285280311,6.272124813370972e-05,6.272124813370972e-05,0,0,0,-1
gmsc,mlp,70,RevolvingUtilizationOfUnsecuredLines,relative_plus_10,0.1,0.023867318,0.0262540498,0.09827269814207695,0.09828355235395642,1.0854211879463005e-05,1.0854211879463005e-05,0,0,0,-1
gmsc,mlp,71,RevolvingUtilizationOfUnsecuredLines,relative_plus_10,0.1,0.050140366,0.0551544026,0.07244781616495638,0.07245943425924349,1.1618094287110803e-05,1.1618094287110803e-05,0,0,0,-1
gmsc,mlp,72,RevolvingUtilizationOfUnsecuredLines,relative_plus_10,0.1,0.06126258,0.06738883799999999,0.03217968676284227,0.03219214825051839,1.2461487676120042e-05,1.2461487676120042e-05,0,0,0,-1
gmsc,mlp,73,RevolvingUtilizationOfUnsecuredLines,relative_plus_10,0.1,0.44115546,0.485271006,0.044640504763767554,0.04474190522800682,0.00010140046423926657,0.00010140046423926657,0,0,0,-1
gmsc,mlp,74,RevolvingUtilizationOfUnsecuredLines,relative_plus_10,0.1,0.18675703,0.20543273299999998,0.03482378444402007,0.034867354959404226,4.357051538415868e-05,4.357051538415868e-05,0,0,0,-1
gmsc,mlp,75,RevolvingUtilizationOfUnsecuredLines,relative_plus_10,0.1,0.5988024,0.65868264,0.04920214568663398,0.04942350978102617,0.00022136409439219018,0.00022136409439219018,0,0,0,-1
gmsc,mlp,76,RevolvingUtilizationOfUnsecuredLines,relative_plus_10,0.1,0.018871846,0.020759030600000002,0.02205212445347039,0.02205406597785631,1.9415243859219333e-06,1.9415243859219333e-06,0,0,0,-1
gmsc,mlp,77,RevolvingUtilizationOfUnsecuredLines,relative_plus_10,0.1,0.0223315,0.02456465,0.009856180676789783,0.009857518128921631,1.3374521318481464e-06,1.3374521318481464e-06,0,0,0,-1
gmsc,mlp,78,RevolvingUtilizationOfUnsecuredLines,relative_plus_10,0.1,0.053710874,0.0590819614,0.010129649250511236,0.010133271060443353,3.621809932116693e-06,3.621809932116693e-06,0,0,0,-1
gmsc,mlp,79,RevolvingUtilizationOfUnsecuredLines,relative_plus_10,0.1,0.4251497,0.46766467,0.025575449411528527,0.025642555799566927,6.710638803840083e-05,6.710638803840083e-05,0,0,0,-1
gmsc,mlp,80,RevolvingUtilizationOfUnsecuredLines,relative_plus_10,0.1,0.51730984,0.569040824,0.005666248820127979,0.005683678130409066,1.7429310281086643e-05,1.7429310281086643e-05,0,0,0,-1
gmsc,mlp,81,RevolvingUtilizationOfUnsecuredLines,relative_plus_10,0.1,0.089719884,0.0986918724,0.04332063353337088,0.04334037279985864,1.97392664877602e-05,1.97392664877602e-05,0,0,0,-1
gmsc,mlp,82,RevolvingUtilizationOfUnsecuredLines,relative_plus_10,0.1,0.5517315,0.60690465,0.01937427089536237,0.019440065214777383,6.579431941501276e-05,6.579431941501276e-05,0,0,0,-1
gmsc,mlp,83,RevolvingUtilizationOfUnsecuredLines,relative_plus_10,0.1,0.04207145,0.046278595000000006,0.014956252536287561,0.014960039951578356,3.787415290794696e-06,3.787415290794696e-06,0,0,0,-1
gmsc,mlp,84,RevolvingUtilizationOfUnsecuredLines,relative_plus_10,0.1,0.9999999,1.09999989,0.034404191335380946,0.03456735909851143,0.0001631677631304812,0.0001631677631304812,0,0,0,-1
gmsc,mlp,85,RevolvingUtilizationOfUnsecuredLines,relative_plus_10,0.1,0.009346499,0.010281148899999999,0.016073637508889543,0.016074555127924616,9.176190350727864e-07,9.176190350727864e-07,0,0,0,-1
gmsc,mlp,86,RevolvingUtilizationOfUnsecuredLines,relative_plus_10,0.1,0.005071066,0.0055781726,0.03951246267546877,0.03951366669216868,1.2040166999099933e-06,1.2040166999099933e-06,0,0,0,-1
gmsc,mlp,87,RevolvingUtilizationOfUnsecuredLines,relative_plus_10,0.1,0.012843349,0.0141276839,0.023170727869934838,0.023172535699652382,1.8078297175441738e-06,1.8078297175441738e-06,0,0,0,-1
gmsc,mlp,88,RevolvingUtilizationOfUnsecuredLines,relative_plus_10,0.1,0.1560879,0.17169669,0.014049767208401245,0.014063816616640063,1.4049408238818104e-05,1.4049408238818104e-05,0,0,0,-1
gmsc,mlp,89,RevolvingUtilizationOfUnsecuredLines,relative_plus_10,0.1,0.604072,0.6644792,0.031436900478850546,0.0315531161441736,0.00011621566532305644,0.00011621566532305644,0,0,0,-1
gmsc,mlp,90,RevolvingUtilizationOfUnsecuredLines,relative_plus_10,0.1,0.03815551,0.041971061,0.005417127218637603,0.0054184801596633865,1.352941025783809e-06,1.352941025783809e-06,0,0,0,-1
gmsc,mlp,91,RevolvingUtilizationOfUnsecuredLines,relative_plus_10,0.1,0.037672102,0.0414393122,0.025606851072255785,0.025611088640629682,4.237568373897244e-06,4.237568373897244e-06,0,0,0,-1
gmsc,mlp,92,RevolvingUtilizationOfUnsecuredLines,relative_plus_10,0.1,0.007924802,0.008717282199999999,0.06791010130064887,0.06791478573168433,4.684431035462122e-06,4.684431035462122e-06,0,0,0,-1
gmsc,mlp,93,RevolvingUtilizationOfUnsecuredLines,relative_plus_10,0.1,0.01435026,0.015785286,0.012557321048589615,0.012558317323080343,9.962744907283938e-07,9.962744907283938e-07,0,0,0,-1
gmsc,mlp,94,RevolvingUtilizationOfUnsecuredLines,relative_plus_10,0.1,0.03742409,0.041166499,0.01479561435417343,0.014798971837563013,3.3574833895825412e-06,3.3574833895825412e-06,0,0,0,-1
gmsc,mlp,95,RevolvingUtilizationOfUnsecuredLines,relative_plus_10,0.1,0.052285843,0.0575144273,0.02165723032387087,0.021663035413697226,5.805089826355775e-06,5.805089826355775e-06,0,0,0,-1
gmsc,mlp,96,RevolvingUtilizationOfUnsecuredLines,relative_plus_10,0.1,0.13591728,0.149509008,0.025618448582325936,0.0256460690175773,2.7620435251365233e-05,2.7620435251365233e-05,0,0,0,-1
gmsc,mlp,97,RevolvingUtilizationOfUnsecuredLines,relative_plus_10,0.1,0.010577377,0.011635114700000001,0.017705870709505835,0.017707022923989443,1.152214483608749e-06,1.152214483608749e-06,0,0,0,-1
gmsc,mlp,98,RevolvingUtilizationOfUnsecuredLines,relative_plus_10,0.1,0.29667103,0.32633813300000003,0.021717560701058864,0.021750195397707024,3.2634696648159434e-05,3.2634696648159434e-05,0,0,0,-1
gmsc,mlp,99,RevolvingUtilizationOfUnsecuredLines,relative_plus_10,0.1,0.8326131,0.91587441,0.2986561163043243,0.29941083302105037,0.000754716716726056,0.000754716716726056,0,0,0,-1
gmsc,mlp,0,age,relative_minus_5,-0.05,78.0,81.9,0.02211686465599193,0.02621535061784811,0.0040984859618561804,0.0040984859618561804,0,0,0,-1
gmsc,mlp,1,age,relative_minus_5,-0.05,51.0,53.55,0.01569449495491033,0.013610018422520282,-0.0020844765323900488,0.0020844765323900488,0,0,0,-1
gmsc,mlp,2,age,relative_minus_5,-0.05,60.0,63.0,0.016575068310977385,0.013607919538427505,-0.0029671487725498793,0.0029671487725498793,0,0,0,-1
gmsc,mlp,3,age,relative_minus_5,-0.05,57.0,59.85,0.034126022539606525,0.029820644474740383,-0.004305378064866142,0.004305378064866142,0,0,0,-1
gmsc,mlp,4,age,relative_minus_5,-0.05,48.0,50.4,0.026106102898580053,0.02566078745421964,-0.00044531544436041473,0.00044531544436041473,0,0,0,-1
gmsc,mlp,5,age,relative_minus_5,-0.05,47.0,49.35,0.021830131699538843,0.021089564742894775,-0.0007405669566440676,0.0007405669566440676,0,0,0,-1
gmsc,mlp,6,age,relative_minus_5,-0.05,48.0,50.4,0.03217662260521963,0.02991168567677948,-0.0022649369284401533,0.0022649369284401533,0,0,0,-1
gmsc,mlp,7,age,relative_minus_5,-0.05,44.0,46.2,0.046315106403102796,0.04532939146312992,-0.000985714939972876,0.000985714939972876,0,0,0,-1
gmsc,mlp,8,age,relative_minus_5,-0.05,48.0,50.4,0.05673708325740244,0.05665634875444415,-8.073450295829204e-05,8.073450295829204e-05,0,0,0,-1
gmsc,mlp,9,age,relative_minus_5,-0.05,41.0,43.05,0.07183380465082981,0.07489620315217677,0.003062398501346958,0.003062398501346958,0,0,0,-1
gmsc,mlp,10,age,relative_minus_5,-0.05,45.0,47.25,0.029425463415082575,0.02854130353969945,-0.000884159875383126,0.000884159875383126,0,0,0,-1
gmsc,mlp,11,age,relative_minus_5,-0.05,58.0,60.9,0.012965465127209348,0.011679321628237985,-0.0012861434989713625,0.0012861434989713625,0,0,0,-1
gmsc,mlp,12,age,relative_minus_5,-0.05,67.0,70.35,0.007076920292949544,0.006202076976939413,-0.0008748433160101314,0.0008748433160101314,0,0,0,-1
gmsc,mlp,13,age,relative_minus_5,-0.05,40.0,42.0,0.35361463292929435,0.3508677329489007,-0.0027468999803936245,0.0027468999803936245,0,0,0,-1
gmsc,mlp,14,age,relative_minus_5,-0.05,44.0,46.2,0.03041379302018182,0.02593158760707216,-0.004482205413109661,0.004482205413109661,0,0,0,-1
gmsc,mlp,15,age,relative_minus_5,-0.05,56.0,58.8,0.028531846223265274,0.026958910854349677,-0.001572935368915597,0.001572935368915597,0,0,0,-1
gmsc,mlp,16,age,relative_minus_5,-0.05,31.0,32.55,0.11002930362193034,0.11026771548147396,0.00023841185954362465,0.00023841185954362465,0,0,0,-1
gmsc,mlp,17,age,relative_minus_5,-0.05,48.0,50.4,0.013790889882417817,0.013301300372072859,-0.0004895895103449576,0.0004895895103449576,0,0,0,-1
gmsc,mlp,18,age,relative_minus_5,-0.05,34.0,35.7,0.02753715371688414,0.027827036362333604,0.00028988264544946296,0.00028988264544946296,0,0,0,-1
gmsc,mlp,19,age,relative_minus_5,-0.05,73.0,76.65,0.052926506156008635,0.05710347511081381,0.0041769689548051755,0.0041769689548051755,0,0,0,-1
gmsc,mlp,20,age,relative_minus_5,-0.05,50.0,52.5,0.008830310596060332,0.00823812991240505,-0.0005921806836552829,0.0005921806836552829,0,0,0,-1
gmsc,mlp,21,age,relative_minus_5,-0.05,78.0,81.9,0.014797349397540089,0.016095113630995063,0.001297764233454974,0.001297764233454974,0,0,0,-1
gmsc,mlp,22,age,relative_minus_5,-0.05,55.0,57.75,0.04562370697875247,0.03879481850031943,-0.0068288884784330345,0.0068288884784330345,0,0,0,-1
gmsc,mlp,23,age,relative_minus_5,-0.05,46.0,48.3,0.01573080665121102,0.014450871977150314,-0.0012799346740607048,0.0012799346740607048,0,0,0,-1
gmsc,mlp,24,age,relative_minus_5,-0.05,78.0,81.9,0.011506289508992087,0.012011676383896561,0.0005053868749044736,0.0005053868749044736,0,0,0,-1
gmsc,mlp,25,age,relative_minus_5,-0.05,56.0,58.8,0.03731802443216143,0.033017653251742586,-0.004300371180418844,0.004300371180418844,0,0,0,-1
gmsc,mlp,26,age,relative_minus_5,-0.05,52.0,54.6,0.029333059161415907,0.025456824254480852,-0.003876234906935054,0.003876234906935054,0,0,0,-1
gmsc,mlp,27,age,relative_minus_5,-0.05,58.0,60.9,0.035095010256273325,0.03109680272277154,-0.0039982075335017846,0.0039982075335017846,0,0,0,-1
gmsc,mlp,28,age,relative_minus_5,-0.05,41.0,43.05,0.09263198005026192,0.09183763365245405,-0.0007943463978078713,0.0007943463978078713,0,0,0,-1
gmsc,mlp,29,age,relative_minus_5,-0.05,85.0,89.25,0.006344097366443652,0.007042553479340826,0.0006984561128971735,0.0006984561128971735,0,0,0,-1
gmsc,mlp,30,age,relative_minus_5,-0.05,34.0,35.7,0.046242861401163154,0.04243847829138635,-0.003804383109776807,0.003804383109776807,0,0,0,-1
gmsc,mlp,31,age,relative_minus_5,-0.05,47.0,49.35,0.0255021185573372,0.023337777230501563,-0.0021643413268356386,0.0021643413268356386,0,0,0,-1
gmsc,mlp,32,age,relative_minus_5,-0.05,55.0,57.75,0.026376707227492684,0.023561793648494866,-0.002814913578997817,0.002814913578997817,0,0,0,-1
gmsc,mlp,33,age,relative_minus_5,-0.05,65.0,68.25,0.015498282720832536,0.011806214043501163,-0.003692068677331373,0.003692068677331373,0,0,0,-1
gmsc,mlp,34,age,relative_minus_5,-0.05,36.0,37.8,0.08535157193754099,0.07973682579704487,-0.0056147461404961185,0.0056147461404961185,0,0,0,-1
gmsc,mlp,35,age,relative_minus_5,-0.05,36.0,37.8,0.19910001606794017,0.19311533489411573,-0.0059846811738244465,0.0059846811738244465,0,0,0,-1
gmsc,mlp,36,age,relative_minus_5,-0.05,68.0,71.4,0.010761647197797914,0.009036132938478951,-0.001725514259318963,0.001725514259318963,0,0,0,-1
gmsc,mlp,37,age,relative_minus_5,-0.05,38.0,39.9,0.01757909301258303,0.017494834314379405,-8.425869820362364e-05,8.425869820362364e-05,0,0,0,-1
gmsc,mlp,38,age,relative_minus_5,-0.05,80.0,84.0,0.009145988810159647,0.010121808592471518,0.0009758197823118708,0.0009758197823118708,0,0,0,-1
gmsc,mlp,39,age,relative_minus_5,-0.05,39.0,40.95,0.051173952814171794,0.04749531855025575,-0.003678634263916042,0.003678634263916042,0,0,0,-1
gmsc,mlp,40,age,relative_minus_5,-0.05,45.0,47.25,0.022676366611436422,0.021943360071088065,-0.0007330065403483577,0.0007330065403483577,0,0,0,-1
gmsc,mlp,41,age,relative_minus_5,-0.05,47.0,49.35,0.04009590259851887,0.03973284897947567,-0.0003630536190432007,0.0003630536190432007,0,0,0,-1
gmsc,mlp,42,age,relative_minus_5,-0.05,37.0,38.85,0.02298812229422112,0.02340441336050236,0.0004162910662812401,0.0004162910662812401,0,0,0,-1
gmsc,mlp,43,age,relative_minus_5,-0.05,25.0,26.25,0.04219806536296886,0.03865907151359356,-0.0035389938493753034,0.0035389938493753034,0,0,0,-1
gmsc,mlp,44,age,relative_minus_5,-0.05,48.0,50.4,0.01680383752969732,0.015468740475870832,-0.001335097053826487,0.001335097053826487,0,0,0,-1
gmsc,mlp,45,age,relative_minus_5,-0.05,75.0,78.75,0.0359226511464687,0.04450039154610761,0.008577740399638913,0.008577740399638913,0,0,0,-1
gmsc,mlp,46,age,relative_minus_5,-0.05,67.0,70.35,0.008419834692001592,0.007315109291564363,-0.0011047254004372294,0.0011047254004372294,0,0,0,-1
gmsc,mlp,47,age,relative_minus_5,-0.05,75.0,78.75,0.01526822945269322,0.017002743793771657,0.0017345143410784376,0.0017345143410784376,0,0,0,-1
gmsc,mlp,48,age,relative_minus_5,-0.05,53.0,55.65,0.011940522095800142,0.010903524057256505,-0.0010369980385436378,0.0010369980385436378,0,0,0,-1
gmsc,mlp,49,age,relative_minus_5,-0.05,72.0,75.6,0.029003393714220643,0.02273945728903197,-0.006263936425188674,0.006263936425188674,0,0,0,-1
gmsc,mlp,50,age,relative_minus_5,-0.05,57.0,59.85,0.03157652357546811,0.02663963980439523,-0.004936883771072882,0.004936883771072882,0,0,0,-1
gmsc,mlp,51,age,relative_minus_5,-0.05,53.0,55.65,0.016133909190219866,0.013964200828379991,-0.002169708361839875,0.002169708361839875,0,0,0,-1
gmsc,mlp,52,age,relative_minus_5,-0.05,59.0,61.95,0.008942513898120756,0.008112816466034742,-0.0008296974320860136,0.0008296974320860136,0,0,0,-1
gmsc,mlp,53,age,relative_minus_5,-0.05,34.0,35.7,0.29379437931569313,0.29505046000760354,0.0012560806919104106,0.0012560806919104106,0,0,0,-1
gmsc,mlp,54,age,relative_minus_5,-0.05,34.0,35.7,0.3498543595427822,0.3465009586916148,-0.0033534008511674207,0.0033534008511674207,0,0,0,-1
gmsc,mlp,55,age,relative_minus_5,-0.05,63.0,66.15,0.007600943545173095,0.006016678337562359,-0.0015842652076107355,0.0015842652076107355,0,0,0,-1
gmsc,mlp,56,age,relative_minus_5,-0.05,45.0,47.25,0.025320893704546973,0.024978958896958274,-0.0003419348075886994,0.0003419348075886994,0,0,0,-1
gmsc,mlp,57,age,relative_minus_5,-0.05,25.0,26.25,0.05069033380470405,0.04979363201694482,-0.0008967017877592326,0.0008967017877592326,0,0,0,-1
gmsc,mlp,58,age,relative_minus_5,-0.05,65.0,68.25,0.16009590625064055,0.15461389941185122,-0.005482006838789327,0.005482006838789327,0,0,0,-1
gmsc,mlp,59,age,relative_minus_5,-0.05,45.0,47.25,0.025457114256866867,0.025014036126109994,-0.0004430781307568736,0.0004430781307568736,0,0,0,-1
gmsc,mlp,60,age,relative_minus_5,-0.05,41.0,43.05,0.037076780618332694,0.03680997087057826,-0.00026680974775443456,0.00026680974775443456,0,0,0,-1
gmsc,mlp,61,age,relative_minus_5,-0.05,40.0,42.0,0.04860926951599663,0.04532843804506931,-0.003280831470927323,0.003280831470927323,0,0,0,-1
gmsc,mlp,62,age,relative_minus_5,-0.05,44.0,46.2,0.022160573410907457,0.022026967295478893,-0.00013360611542856393,0.00013360611542856393,0,0,0,-1
gmsc,mlp,63,age,relative_minus_5,-0.05,47.0,49.35,0.010545360475655359,0.009940921255710106,-0.000604439219945253,0.000604439219945253,0,0,0,-1
gmsc,mlp,64,age,relative_minus_5,-0.05,53.0,55.65,0.05188426446215026,0.04525992503705534,-0.0066243394250949245,0.0066243394250949245,0,0,0,-1
gmsc,mlp,65,age,relative_minus_5,-0.05,50.0,52.5,0.19320558451418393,0.19560941789726108,0.0024038333830771474,0.0024038333830771474,0,0,0,-1
gmsc,mlp,66,age,relative_minus_5,-0.05,58.0,60.9,0.017380461870616856,0.015030776346663187,-0.0023496855239536693,0.0023496855239536693,0,0,0,-1
gmsc,mlp,67,age,relative_minus_5,-0.05,37.0,38.85,0.045289289381342065,0.04463701256129697,-0.0006522768200450946,0.0006522768200450946,0,0,0,-1
gmsc,mlp,68,age,relative_minus_5,-0.05,48.0,50.4,0.012814695328681581,0.012220971664397512,-0.0005937236642840696,0.0005937236642840696,0,0,0,-1
gmsc,mlp,69,age,relative_minus_5,-0.05,49.0,51.45,0.09362660727989738,0.09162827697119447,-0.001998330308702917,0.001998330308702917,0,0,0,-1
gmsc,mlp,70,age,relative_minus_5,-0.05,43.0,45.15,0.09827269814207695,0.10299418552149518,0.004721487379418229,0.004721487379418229,0,0,0,-1
gmsc,mlp,71,age,relative_minus_5,-0.05,37.0,38.85,0.07244781616495638,0.07205789824896712,-0.0003899179159892602,0.0003899179159892602,0,0,0,-1
gmsc,mlp,72,age,relative_minus_5,-0.05,53.0,55.65,0.03217968676284227,0.028935406740737305,-0.0032442800221049624,0.0032442800221049624,0,0,0,-1
gmsc,mlp,73,age,relative_minus_5,-0.05,33.0,34.65,0.044640504763767554,0.042830707643921245,-0.0018097971198463084,0.0018097971198463084,0,0,0,-1
gmsc,mlp,74,age,relative_minus_5,-0.05,30.0,31.5,0.03482378444402007,0.035533380541946075,0.0007095960979260074,0.0007095960979260074,0,0,0,-1
gmsc,mlp,75,age,relative_minus_5,-0.05,25.0,26.25,0.04920214568663398,0.04780873037145702,-0.001393415315176963,0.001393415315176963,0,0,0,-1
gmsc,mlp,76,age,relative_minus_5,-0.05,65.0,68.25,0.02205212445347039,0.019776472210771667,-0.0022756522426987218,0.0022756522426987218,0,0,0,-1
gmsc,mlp,77,age,relative_minus_5,-0.05,87.0,91.35,0.009856180676789783,0.010194330355764723,0.0003381496789749399,0.0003381496789749399,0,0,0,-1
gmsc,mlp,78,age,relative_minus_5,-0.05,55.0,57.75,0.010129649250511236,0.009338615694262108,-0.0007910335562491284,0.0007910335562491284,0,0,0,-1
gmsc,mlp,79,age,relative_minus_5,-0.05,30.0,31.5,0.025575449411528527,0.02531783871805166,-0.0002576106934768681,0.0002576106934768681,0,0,0,-1
gmsc,mlp,80,age,relative_minus_5,-0.05,71.0,74.55,0.005666248820127979,0.004697654336468905,-0.0009685944836590743,0.0009685944836590743,0,0,0,-1
gmsc,mlp,81,age,relative_minus_5,-0.05,30.0,31.5,0.04332063353337088,0.04206161623833733,-0.0012590172950335474,0.0012590172950335474,0,0,0,-1
gmsc,mlp,82,age,relative_minus_5,-0.05,51.0,53.55,0.01937427089536237,0.017424899642891727,-0.0019493712524706434,0.0019493712524706434,0,0,0,-1
gmsc,mlp,83,age,relative_minus_5,-0.05,75.0,78.75,0.014956252536287561,0.015122904688674044,0.0001666521523864834,0.0001666521523864834,0,0,0,-1
gmsc,mlp,84,age,relative_minus_5,-0.05,50.0,52.5,0.034404191335380946,0.032493536868438755,-0.001910654466942191,0.001910654466942191,0,0,0,-1
gmsc,mlp,85,age,relative_minus_5,-0.05,67.0,70.35,0.016073637508889543,0.013849335586573802,-0.002224301922315741,0.002224301922315741,0,0,0,-1
gmsc,mlp,86,age,relative_minus_5,-0.05,36.0,37.8,0.03951246267546877,0.0406738561120005,0.001161393436531731,0.001161393436531731,0,0,0,-1
gmsc,mlp,87,age,relative_minus_5,-0.05,33.0,34.65,0.023170727869934838,0.02358731301995418,0.00041658515001934127,0.00041658515001934127,0,0,0,-1
gmsc,mlp,88,age,relative_minus_5,-0.05,41.0,43.05,0.014049767208401245,0.013552766938418701,-0.0004970002699825442,0.0004970002699825442,0,0,0,-1
gmsc,mlp,89,age,relative_minus_5,-0.05,42.0,44.1,0.031436900478850546,0.030480825252618055,-0.0009560752262324917,0.0009560752262324917,0,0,0,-1
gmsc,mlp,90,age,relative_minus_5,-0.05,75.0,78.75,0.005417127218637603,0.005486054250700308,6.892703206270567e-05,6.892703206270567e-05,0,0,0,-1
gmsc,mlp,91,age,relative_minus_5,-0.05,47.0,49.35,0.025606851072255785,0.023310995288289355,-0.0022958557839664294,0.0022958557839664294,0,0,0,-1
gmsc,mlp,92,age,relative_minus_5,-0.05,57.0,59.85,0.06791010130064887,0.055862861348158425,-0.012047239952490442,0.012047239952490442,0,0,0,-1
gmsc,mlp,93,age,relative_minus_5,-0.05,59.0,61.95,0.012557321048589615,0.010722994850740263,-0.0018343261978493522,0.0018343261978493522,0,0,0,-1
gmsc,mlp,94,age,relative_minus_5,-0.05,88.0,92.4,0.01479561435417343,0.015984310103884916,0.0011886957497114856,0.0011886957497114856,0,0,0,-1
gmsc,mlp,95,age,relative_minus_5,-0.05,35.0,36.75,0.02165723032387087,0.020090869378756107,-0.0015663609451147635,0.0015663609451147635,0,0,0,-1
gmsc,mlp,96,age,relative_minus_5,-0.05,53.0,55.65,0.025618448582325936,0.02245223505668688,-0.0031662135256390576,0.0031662135256390576,0,0,0,-1
gmsc,mlp,97,age,relative_minus_5,-0.05,51.0,53.55,0.017705870709505835,0.016271843405318228,-0.0014340273041876066,0.0014340273041876066,0,0,0,-1
gmsc,mlp,98,age,relative_minus_5,-0.05,49.0,51.45,0.021717560701058864,0.020450856750767816,-0.0012667039502910482,0.0012667039502910482,0,0,0,-1
gmsc,mlp,99,age,relative_minus_5,-0.05,52.0,54.6,0.2986561163043243,0.316151085737997,0.01749496943367268,0.01749496943367268,0,0,0,-1
gmsc,mlp,0,age,relative_plus_5,0.05,78.0,81.9,0.02211686465599193,0.02621535061784811,0.0040984859618561804,0.0040984859618561804,0,0,0,-1
gmsc,mlp,1,age,relative_plus_5,0.05,51.0,53.55,0.01569449495491033,0.013610018422520282,-0.0020844765323900488,0.0020844765323900488,0,0,0,-1
gmsc,mlp,2,age,relative_plus_5,0.05,60.0,63.0,0.016575068310977385,0.013607919538427505,-0.0029671487725498793,0.0029671487725498793,0,0,0,-1
gmsc,mlp,3,age,relative_plus_5,0.05,57.0,59.85,0.034126022539606525,0.029820644474740383,-0.004305378064866142,0.004305378064866142,0,0,0,-1
gmsc,mlp,4,age,relative_plus_5,0.05,48.0,50.4,0.026106102898580053,0.02566078745421964,-0.00044531544436041473,0.00044531544436041473,0,0,0,-1
gmsc,mlp,5,age,relative_plus_5,0.05,47.0,49.35,0.021830131699538843,0.021089564742894775,-0.0007405669566440676,0.0007405669566440676,0,0,0,-1
gmsc,mlp,6,age,relative_plus_5,0.05,48.0,50.4,0.03217662260521963,0.02991168567677948,-0.0022649369284401533,0.0022649369284401533,0,0,0,-1
gmsc,mlp,7,age,relative_plus_5,0.05,44.0,46.2,0.046315106403102796,0.04532939146312992,-0.000985714939972876,0.000985714939972876,0,0,0,-1
gmsc,mlp,8,age,relative_plus_5,0.05,48.0,50.4,0.05673708325740244,0.05665634875444415,-8.073450295829204e-05,8.073450295829204e-05,0,0,0,-1
gmsc,mlp,9,age,relative_plus_5,0.05,41.0,43.05,0.07183380465082981,0.07489620315217677,0.003062398501346958,0.003062398501346958,0,0,0,-1
gmsc,mlp,10,age,relative_plus_5,0.05,45.0,47.25,0.029425463415082575,0.02854130353969945,-0.000884159875383126,0.000884159875383126,0,0,0,-1
gmsc,mlp,11,age,relative_plus_5,0.05,58.0,60.9,0.012965465127209348,0.011679321628237985,-0.0012861434989713625,0.0012861434989713625,0,0,0,-1
gmsc,mlp,12,age,relative_plus_5,0.05,67.0,70.35,0.007076920292949544,0.006202076976939413,-0.0008748433160101314,0.0008748433160101314,0,0,0,-1
gmsc,mlp,13,age,relative_plus_5,0.05,40.0,42.0,0.35361463292929435,0.3508677329489007,-0.0027468999803936245,0.0027468999803936245,0,0,0,-1
gmsc,mlp,14,age,relative_plus_5,0.05,44.0,46.2,0.03041379302018182,0.02593158760707216,-0.004482205413109661,0.004482205413109661,0,0,0,-1
gmsc,mlp,15,age,relative_plus_5,0.05,56.0,58.8,0.028531846223265274,0.026958910854349677,-0.001572935368915597,0.001572935368915597,0,0,0,-1
gmsc,mlp,16,age,relative_plus_5,0.05,31.0,32.55,0.11002930362193034,0.11026771548147396,0.00023841185954362465,0.00023841185954362465,0,0,0,-1
gmsc,mlp,17,age,relative_plus_5,0.05,48.0,50.4,0.013790889882417817,0.013301300372072859,-0.0004895895103449576,0.0004895895103449576,0,0,0,-1
gmsc,mlp,18,age,relative_plus_5,0.05,34.0,35.7,0.02753715371688414,0.027827036362333604,0.00028988264544946296,0.00028988264544946296,0,0,0,-1
gmsc,mlp,19,age,relative_plus_5,0.05,73.0,76.65,0.052926506156008635,0.05710347511081381,0.0041769689548051755,0.0041769689548051755,0,0,0,-1
gmsc,mlp,20,age,relative_plus_5,0.05,50.0,52.5,0.008830310596060332,0.00823812991240505,-0.0005921806836552829,0.0005921806836552829,0,0,0,-1
gmsc,mlp,21,age,relative_plus_5,0.05,78.0,81.9,0.014797349397540089,0.016095113630995063,0.001297764233454974,0.001297764233454974,0,0,0,-1
gmsc,mlp,22,age,relative_plus_5,0.05,55.0,57.75,0.04562370697875247,0.03879481850031943,-0.0068288884784330345,0.0068288884784330345,0,0,0,-1
gmsc,mlp,23,age,relative_plus_5,0.05,46.0,48.3,0.01573080665121102,0.014450871977150314,-0.0012799346740607048,0.0012799346740607048,0,0,0,-1
gmsc,mlp,24,age,relative_plus_5,0.05,78.0,81.9,0.011506289508992087,0.012011676383896561,0.0005053868749044736,0.0005053868749044736,0,0,0,-1
gmsc,mlp,25,age,relative_plus_5,0.05,56.0,58.8,0.03731802443216143,0.033017653251742586,-0.004300371180418844,0.004300371180418844,0,0,0,-1
gmsc,mlp,26,age,relative_plus_5,0.05,52.0,54.6,0.029333059161415907,0.025456824254480852,-0.003876234906935054,0.003876234906935054,0,0,0,-1
gmsc,mlp,27,age,relative_plus_5,0.05,58.0,60.9,0.035095010256273325,0.03109680272277154,-0.0039982075335017846,0.0039982075335017846,0,0,0,-1
gmsc,mlp,28,age,relative_plus_5,0.05,41.0,43.05,0.09263198005026192,0.09183763365245405,-0.0007943463978078713,0.0007943463978078713,0,0,0,-1
gmsc,mlp,29,age,relative_plus_5,0.05,85.0,89.25,0.006344097366443652,0.007042553479340826,0.0006984561128971735,0.0006984561128971735,0,0,0,-1
gmsc,mlp,30,age,relative_plus_5,0.05,34.0,35.7,0.046242861401163154,0.04243847829138635,-0.003804383109776807,0.003804383109776807,0,0,0,-1
gmsc,mlp,31,age,relative_plus_5,0.05,47.0,49.35,0.0255021185573372,0.023337777230501563,-0.0021643413268356386,0.0021643413268356386,0,0,0,-1
gmsc,mlp,32,age,relative_plus_5,0.05,55.0,57.75,0.026376707227492684,0.023561793648494866,-0.002814913578997817,0.002814913578997817,0,0,0,-1
gmsc,mlp,33,age,relative_plus_5,0.05,65.0,68.25,0.015498282720832536,0.011806214043501163,-0.003692068677331373,0.003692068677331373,0,0,0,-1
gmsc,mlp,34,age,relative_plus_5,0.05,36.0,37.8,0.08535157193754099,0.07973682579704487,-0.0056147461404961185,0.0056147461404961185,0,0,0,-1
gmsc,mlp,35,age,relative_plus_5,0.05,36.0,37.8,0.19910001606794017,0.19311533489411573,-0.0059846811738244465,0.0059846811738244465,0,0,0,-1
gmsc,mlp,36,age,relative_plus_5,0.05,68.0,71.4,0.010761647197797914,0.009036132938478951,-0.001725514259318963,0.001725514259318963,0,0,0,-1
gmsc,mlp,37,age,relative_plus_5,0.05,38.0,39.9,0.01757909301258303,0.017494834314379405,-8.425869820362364e-05,8.425869820362364e-05,0,0,0,-1
gmsc,mlp,38,age,relative_plus_5,0.05,80.0,84.0,0.009145988810159647,0.010121808592471518,0.0009758197823118708,0.0009758197823118708,0,0,0,-1
gmsc,mlp,39,age,relative_plus_5,0.05,39.0,40.95,0.051173952814171794,0.04749531855025575,-0.003678634263916042,0.003678634263916042,0,0,0,-1
gmsc,mlp,40,age,relative_plus_5,0.05,45.0,47.25,0.022676366611436422,0.021943360071088065,-0.0007330065403483577,0.0007330065403483577,0,0,0,-1
gmsc,mlp,41,age,relative_plus_5,0.05,47.0,49.35,0.04009590259851887,0.03973284897947567,-0.0003630536190432007,0.0003630536190432007,0,0,0,-1
gmsc,mlp,42,age,relative_plus_5,0.05,37.0,38.85,0.02298812229422112,0.02340441336050236,0.0004162910662812401,0.0004162910662812401,0,0,0,-1
gmsc,mlp,43,age,relative_plus_5,0.05,25.0,26.25,0.04219806536296886,0.03865907151359356,-0.0035389938493753034,0.0035389938493753034,0,0,0,-1
gmsc,mlp,44,age,relative_plus_5,0.05,48.0,50.4,0.01680383752969732,0.015468740475870832,-0.001335097053826487,0.001335097053826487,0,0,0,-1
gmsc,mlp,45,age,relative_plus_5,0.05,75.0,78.75,0.0359226511464687,0.04450039154610761,0.008577740399638913,0.008577740399638913,0,0,0,-1
gmsc,mlp,46,age,relative_plus_5,0.05,67.0,70.35,0.008419834692001592,0.007315109291564363,-0.0011047254004372294,0.0011047254004372294,0,0,0,-1
gmsc,mlp,47,age,relative_plus_5,0.05,75.0,78.75,0.01526822945269322,0.017002743793771657,0.0017345143410784376,0.0017345143410784376,0,0,0,-1
gmsc,mlp,48,age,relative_plus_5,0.05,53.0,55.65,0.011940522095800142,0.010903524057256505,-0.0010369980385436378,0.0010369980385436378,0,0,0,-1
gmsc,mlp,49,age,relative_plus_5,0.05,72.0,75.6,0.029003393714220643,0.02273945728903197,-0.006263936425188674,0.006263936425188674,0,0,0,-1
gmsc,mlp,50,age,relative_plus_5,0.05,57.0,59.85,0.03157652357546811,0.02663963980439523,-0.004936883771072882,0.004936883771072882,0,0,0,-1
gmsc,mlp,51,age,relative_plus_5,0.05,53.0,55.65,0.016133909190219866,0.013964200828379991,-0.002169708361839875,0.002169708361839875,0,0,0,-1
gmsc,mlp,52,age,relative_plus_5,0.05,59.0,61.95,0.008942513898120756,0.008112816466034742,-0.0008296974320860136,0.0008296974320860136,0,0,0,-1
gmsc,mlp,53,age,relative_plus_5,0.05,34.0,35.7,0.29379437931569313,0.29505046000760354,0.0012560806919104106,0.0012560806919104106,0,0,0,-1
gmsc,mlp,54,age,relative_plus_5,0.05,34.0,35.7,0.3498543595427822,0.3465009586916148,-0.0033534008511674207,0.0033534008511674207,0,0,0,-1
gmsc,mlp,55,age,relative_plus_5,0.05,63.0,66.15,0.007600943545173095,0.006016678337562359,-0.0015842652076107355,0.0015842652076107355,0,0,0,-1
gmsc,mlp,56,age,relative_plus_5,0.05,45.0,47.25,0.025320893704546973,0.024978958896958274,-0.0003419348075886994,0.0003419348075886994,0,0,0,-1
gmsc,mlp,57,age,relative_plus_5,0.05,25.0,26.25,0.05069033380470405,0.04979363201694482,-0.0008967017877592326,0.0008967017877592326,0,0,0,-1
gmsc,mlp,58,age,relative_plus_5,0.05,65.0,68.25,0.16009590625064055,0.15461389941185122,-0.005482006838789327,0.005482006838789327,0,0,0,-1
gmsc,mlp,59,age,relative_plus_5,0.05,45.0,47.25,0.025457114256866867,0.025014036126109994,-0.0004430781307568736,0.0004430781307568736,0,0,0,-1
gmsc,mlp,60,age,relative_plus_5,0.05,41.0,43.05,0.037076780618332694,0.03680997087057826,-0.00026680974775443456,0.00026680974775443456,0,0,0,-1
gmsc,mlp,61,age,relative_plus_5,0.05,40.0,42.0,0.04860926951599663,0.04532843804506931,-0.003280831470927323,0.003280831470927323,0,0,0,-1
gmsc,mlp,62,age,relative_plus_5,0.05,44.0,46.2,0.022160573410907457,0.022026967295478893,-0.00013360611542856393,0.00013360611542856393,0,0,0,-1
gmsc,mlp,63,age,relative_plus_5,0.05,47.0,49.35,0.010545360475655359,0.009940921255710106,-0.000604439219945253,0.000604439219945253,0,0,0,-1
gmsc,mlp,64,age,relative_plus_5,0.05,53.0,55.65,0.05188426446215026,0.04525992503705534,-0.0066243394250949245,0.0066243394250949245,0,0,0,-1
gmsc,mlp,65,age,relative_plus_5,0.05,50.0,52.5,0.19320558451418393,0.19560941789726108,0.0024038333830771474,0.0024038333830771474,0,0,0,-1
gmsc,mlp,66,age,relative_plus_5,0.05,58.0,60.9,0.017380461870616856,0.015030776346663187,-0.0023496855239536693,0.0023496855239536693,0,0,0,-1
gmsc,mlp,67,age,relative_plus_5,0.05,37.0,38.85,0.045289289381342065,0.04463701256129697,-0.0006522768200450946,0.0006522768200450946,0,0,0,-1
gmsc,mlp,68,age,relative_plus_5,0.05,48.0,50.4,0.012814695328681581,0.012220971664397512,-0.0005937236642840696,0.0005937236642840696,0,0,0,-1
gmsc,mlp,69,age,relative_plus_5,0.05,49.0,51.45,0.09362660727989738,0.09162827697119447,-0.001998330308702917,0.001998330308702917,0,0,0,-1
gmsc,mlp,70,age,relative_plus_5,0.05,43.0,45.15,0.09827269814207695,0.10299418552149518,0.004721487379418229,0.004721487379418229,0,0,0,-1
gmsc,mlp,71,age,relative_plus_5,0.05,37.0,38.85,0.07244781616495638,0.07205789824896712,-0.0003899179159892602,0.0003899179159892602,0,0,0,-1
gmsc,mlp,72,age,relative_plus_5,0.05,53.0,55.65,0.03217968676284227,0.028935406740737305,-0.0032442800221049624,0.0032442800221049624,0,0,0,-1
gmsc,mlp,73,age,relative_plus_5,0.05,33.0,34.65,0.044640504763767554,0.042830707643921245,-0.0018097971198463084,0.0018097971198463084,0,0,0,-1
gmsc,mlp,74,age,relative_plus_5,0.05,30.0,31.5,0.03482378444402007,0.035533380541946075,0.0007095960979260074,0.0007095960979260074,0,0,0,-1
gmsc,mlp,75,age,relative_plus_5,0.05,25.0,26.25,0.04920214568663398,0.04780873037145702,-0.001393415315176963,0.001393415315176963,0,0,0,-1
gmsc,mlp,76,age,relative_plus_5,0.05,65.0,68.25,0.02205212445347039,0.019776472210771667,-0.0022756522426987218,0.0022756522426987218,0,0,0,-1
gmsc,mlp,77,age,relative_plus_5,0.05,87.0,91.35,0.009856180676789783,0.010194330355764723,0.0003381496789749399,0.0003381496789749399,0,0,0,-1
gmsc,mlp,78,age,relative_plus_5,0.05,55.0,57.75,0.010129649250511236,0.009338615694262108,-0.0007910335562491284,0.0007910335562491284,0,0,0,-1
gmsc,mlp,79,age,relative_plus_5,0.05,30.0,31.5,0.025575449411528527,0.02531783871805166,-0.0002576106934768681,0.0002576106934768681,0,0,0,-1
gmsc,mlp,80,age,relative_plus_5,0.05,71.0,74.55,0.005666248820127979,0.004697654336468905,-0.0009685944836590743,0.0009685944836590743,0,0,0,-1
gmsc,mlp,81,age,relative_plus_5,0.05,30.0,31.5,0.04332063353337088,0.04206161623833733,-0.0012590172950335474,0.0012590172950335474,0,0,0,-1
gmsc,mlp,82,age,relative_plus_5,0.05,51.0,53.55,0.01937427089536237,0.017424899642891727,-0.0019493712524706434,0.0019493712524706434,0,0,0,-1
gmsc,mlp,83,age,relative_plus_5,0.05,75.0,78.75,0.014956252536287561,0.015122904688674044,0.0001666521523864834,0.0001666521523864834,0,0,0,-1
gmsc,mlp,84,age,relative_plus_5,0.05,50.0,52.5,0.034404191335380946,0.032493536868438755,-0.001910654466942191,0.001910654466942191,0,0,0,-1
gmsc,mlp,85,age,relative_plus_5,0.05,67.0,70.35,0.016073637508889543,0.013849335586573802,-0.002224301922315741,0.002224301922315741,0,0,0,-1
gmsc,mlp,86,age,relative_plus_5,0.05,36.0,37.8,0.03951246267546877,0.0406738561120005,0.001161393436531731,0.001161393436531731,0,0,0,-1
gmsc,mlp,87,age,relative_plus_5,0.05,33.0,34.65,0.023170727869934838,0.02358731301995418,0.00041658515001934127,0.00041658515001934127,0,0,0,-1
gmsc,mlp,88,age,relative_plus_5,0.05,41.0,43.05,0.014049767208401245,0.013552766938418701,-0.0004970002699825442,0.0004970002699825442,0,0,0,-1
gmsc,mlp,89,age,relative_plus_5,0.05,42.0,44.1,0.031436900478850546,0.030480825252618055,-0.0009560752262324917,0.0009560752262324917,0,0,0,-1
gmsc,mlp,90,age,relative_plus_5,0.05,75.0,78.75,0.005417127218637603,0.005486054250700308,6.892703206270567e-05,6.892703206270567e-05,0,0,0,-1
gmsc,mlp,91,age,relative_plus_5,0.05,47.0,49.35,0.025606851072255785,0.023310995288289355,-0.0022958557839664294,0.0022958557839664294,0,0,0,-1
gmsc,mlp,92,age,relative_plus_5,0.05,57.0,59.85,0.06791010130064887,0.055862861348158425,-0.012047239952490442,0.012047239952490442,0,0,0,-1
gmsc,mlp,93,age,relative_plus_5,0.05,59.0,61.95,0.012557321048589615,0.010722994850740263,-0.0018343261978493522,0.0018343261978493522,0,0,0,-1
gmsc,mlp,94,age,relative_plus_5,0.05,88.0,92.4,0.01479561435417343,0.015984310103884916,0.0011886957497114856,0.0011886957497114856,0,0,0,-1
gmsc,mlp,95,age,relative_plus_5,0.05,35.0,36.75,0.02165723032387087,0.020090869378756107,-0.0015663609451147635,0.0015663609451147635,0,0,0,-1
gmsc,mlp,96,age,relative_plus_5,0.05,53.0,55.65,0.025618448582325936,0.02245223505668688,-0.0031662135256390576,0.0031662135256390576,0,0,0,-1
gmsc,mlp,97,age,relative_plus_5,0.05,51.0,53.55,0.017705870709505835,0.016271843405318228,-0.0014340273041876066,0.0014340273041876066,0,0,0,-1
gmsc,mlp,98,age,relative_plus_5,0.05,49.0,51.45,0.021717560701058864,0.020450856750767816,-0.0012667039502910482,0.0012667039502910482,0,0,0,-1
gmsc,mlp,99,age,relative_plus_5,0.05,52.0,54.6,0.2986561163043243,0.316151085737997,0.01749496943367268,0.01749496943367268,0,0,0,-1
gmsc,mlp,0,age,relative_minus_10,-0.1,78.0,85.8,0.02211686465599193,0.030891863307498466,0.008774998651506535,0.008774998651506535,0,0,0,-1
gmsc,mlp,1,age,relative_minus_10,-0.1,51.0,56.1,0.01569449495491033,0.011819861205755438,-0.0038746337491548932,0.0038746337491548932,0,0,0,-1
gmsc,mlp,2,age,relative_minus_10,-0.1,60.0,66.0,0.016575068310977385,0.010857056758700223,-0.005718011552277162,0.005718011552277162,0,0,0,-1
gmsc,mlp,3,age,relative_minus_10,-0.1,57.0,62.7,0.034126022539606525,0.026256251556860205,-0.00786977098274632,0.00786977098274632,0,0,0,-1
gmsc,mlp,4,age,relative_minus_10,-0.1,48.0,52.8,0.026106102898580053,0.024455869571614986,-0.001650233326965067,0.001650233326965067,0,0,0,-1
gmsc,mlp,5,age,relative_minus_10,-0.1,47.0,51.7,0.021830131699538843,0.020452235175210023,-0.00137789652432882,0.00137789652432882,0,0,0,-1
gmsc,mlp,6,age,relative_minus_10,-0.1,48.0,52.8,0.03217662260521963,0.02736496818348043,-0.004811654421739205,0.004811654421739205,0,0,0,-1
gmsc,mlp,7,age,relative_minus_10,-0.1,44.0,48.4,0.046315106403102796,0.04505609261996088,-0.0012590137831419157,0.0012590137831419157,0,0,0,-1
gmsc,mlp,8,age,relative_minus_10,-0.1,48.0,52.8,0.05673708325740244,0.050882944072001446,-0.005854139185400994,0.005854139185400994,0,0,0,-1
gmsc,mlp,9,age,relative_minus_10,-0.1,41.0,45.1,0.07183380465082981,0.0785193441318676,0.006685539481037797,0.006685539481037797,0,0,0,-1
gmsc,mlp,10,age,relative_minus_10,-0.1,45.0,49.5,0.029425463415082575,0.026761015463087803,-0.0026644479519947716,0.0026644479519947716,0,0,0,-1
gmsc,mlp,11,age,relative_minus_10,-0.1,58.0,63.8,0.012965465127209348,0.010742244907275478,-0.0022232202199338694,0.0022232202199338694,0,0,0,-1
gmsc,mlp,12,age,relative_minus_10,-0.1,67.0,73.7,0.007076920292949544,0.005506013928302059,-0.0015709063646474853,0.0015709063646474853,0,0,0,-1
gmsc,mlp,13,age,relative_minus_10,-0.1,40.0,44.0,0.35361463292929435,0.34813067877343784,-0.0054839541558565075,0.0054839541558565075,0,0,0,-1
gmsc,mlp,14,age,relative_minus_10,-0.1,44.0,48.4,0.03041379302018182,0.022636351321146556,-0.007777441699035263,0.007777441699035263,0,0,0,-1
gmsc,mlp,15,age,relative_minus_10,-0.1,56.0,61.6,0.028531846223265274,0.02631047712469845,-0.002221369098566822,0.002221369098566822,0,0,0,-1
gmsc,mlp,16,age,relative_minus_10,-0.1,31.0,34.1,0.11002930362193034,0.11074980216245436,0.0007204985405240283,0.0007204985405240283,0,0,0,-1
gmsc,mlp,17,age,relative_minus_10,-0.1,48.0,52.8,0.013790889882417817,0.012825879306874455,-0.0009650105755433618,0.0009650105755433618,0,0,0,-1
gmsc,mlp,18,age,relative_minus_10,-0.1,34.0,37.4,0.02753715371688414,0.02811988235208811,0.0005827286352039704,0.0005827286352039704,0,0,0,-1
gmsc,mlp,19,age,relative_minus_10,-0.1,73.0,80.3,0.052926506156008635,0.06195187263010543,0.009025366474096796,0.009025366474096796,0,0,0,-1
gmsc,mlp,20,age,relative_minus_10,-0.1,50.0,55.0,0.008830310596060332,0.007750954917433624,-0.0010793556786267084,0.0010793556786267084,0,0,0,-1
gmsc,mlp,21,age,relative_minus_10,-0.1,78.0,85.8,0.014797349397540089,0.016665204089753565,0.0018678546922134762,0.0018678546922134762,0,0,0,-1
gmsc,mlp,22,age,relative_minus_10,-0.1,55.0,60.5,0.04562370697875247,0.03126920447643027,-0.014354502502322196,0.014354502502322196,0,0,0,-1
gmsc,mlp,23,age,relative_minus_10,-0.1,46.0,50.6,0.01573080665121102,0.013695907894719606,-0.002034898756491413,0.002034898756491413,0,0,0,-1
gmsc,mlp,24,age,relative_minus_10,-0.1,78.0,85.8,0.011506289508992087,0.012873956345853307,0.0013676668368612192,0.0013676668368612192,0,0,0,-1
gmsc,mlp,25,age,relative_minus_10,-0.1,56.0,61.6,0.03731802443216143,0.02726572979966601,-0.01005229463249542,0.01005229463249542,0,0,0,-1
gmsc,mlp,26,age,relative_minus_10,-0.1,52.0,57.2,0.029333059161415907,0.021637097679080834,-0.007695961482335072,0.007695961482335072,0,0,0,-1
gmsc,mlp,27,age,relative_minus_10,-0.1,58.0,63.8,0.035095010256273325,0.025955205981528947,-0.009139804274744378,0.009139804274744378,0,0,0,-1
gmsc,mlp,28,age,relative_minus_10,-0.1,41.0,45.1,0.09263198005026192,0.0890112429615969,-0.0036207370886650186,0.0036207370886650186,0,0,0,-1
gmsc,mlp,29,age,relative_minus_10,-0.1,85.0,93.5,0.006344097366443652,0.007879832971676924,0.0015357356052332722,0.0015357356052332722,0,0,0,-1
gmsc,mlp,30,age,relative_minus_10,-0.1,34.0,37.4,0.046242861401163154,0.039809797823776825,-0.006433063577386329,0.006433063577386329,0,0,0,-1
gmsc,mlp,31,age,relative_minus_10,-0.1,47.0,51.7,0.0255021185573372,0.021927653095685957,-0.003574465461651244,0.003574465461651244,0,0,0,-1
gmsc,mlp,32,age,relative_minus_10,-0.1,55.0,60.5,0.026376707227492684,0.020407829978920985,-0.005968877248571699,0.005968877248571699,0,0,0,-1
gmsc,mlp,33,age,relative_minus_10,-0.1,65.0,71.5,0.015498282720832536,0.00923559469969719,-0.006262688021135346,0.006262688021135346,0,0,0,-1
gmsc,mlp,34,age,relative_minus_10,-0.1,36.0,39.6,0.08535157193754099,0.0766089436745641,-0.008742628262976893,0.008742628262976893,0,0,0,-1
gmsc,mlp,35,age,relative_minus_10,-0.1,36.0,39.6,0.19910001606794017,0.18999899400647377,-0.009101022061466402,0.009101022061466402,0,0,0,-1
gmsc,mlp,36,age,relative_minus_10,-0.1,68.0,74.8,0.010761647197797914,0.008951776035411047,-0.0018098711623868672,0.0018098711623868672,0,0,0,-1
gmsc,mlp,37,age,relative_minus_10,-0.1,38.0,41.8,0.01757909301258303,0.01802432268655714,0.000445229673974111,0.000445229673974111,0,0,0,-1
gmsc,mlp,38,age,relative_minus_10,-0.1,80.0,88.0,0.009145988810159647,0.010546222403704616,0.0014002335935449691,0.0014002335935449691,0,0,0,-1
gmsc,mlp,39,age,relative_minus_10,-0.1,39.0,42.9,0.051173952814171794,0.04427151000663549,-0.006902442807536303,0.006902442807536303,0,0,0,-1
gmsc,mlp,40,age,relative_minus_10,-0.1,45.0,49.5,0.022676366611436422,0.02057049855012802,-0.002105868061308403,0.002105868061308403,0,0,0,-1
gmsc,mlp,41,age,relative_minus_10,-0.1,47.0,51.7,0.04009590259851887,0.03944762152606386,-0.0006482810724550078,0.0006482810724550078,0,0,0,-1
gmsc,mlp,42,age,relative_minus_10,-0.1,37.0,40.7,0.02298812229422112,0.02387320036448131,0.000885078070260191,0.000885078070260191,0,0,0,-1
gmsc,mlp,43,age,relative_minus_10,-0.1,25.0,27.5,0.04219806536296886,0.03526719466590671,-0.00693087069706215,0.00693087069706215,0,0,0,-1
gmsc,mlp,44,age,relative_minus_10,-0.1,48.0,52.8,0.01680383752969732,0.014334161977968813,-0.002469675551728506,0.002469675551728506,0,0,0,-1
gmsc,mlp,45,age,relative_minus_10,-0.1,75.0,82.5,0.0359226511464687,0.05074668017123758,0.014824029024768884,0.014824029024768884,0,0,0,-1
gmsc,mlp,46,age,relative_minus_10,-0.1,67.0,73.7,0.008419834692001592,0.006471001360322044,-0.001948833331679548,0.001948833331679548,0,0,0,-1
gmsc,mlp,47,age,relative_minus_10,-0.1,75.0,82.5,0.01526822945269322,0.018743043306077293,0.0034748138533840737,0.0034748138533840737,0,0,0,-1
gmsc,mlp,48,age,relative_minus_10,-0.1,53.0,58.3,0.011940522095800142,0.009812363208901997,-0.002128158886898145,0.002128158886898145,0,0,0,-1
gmsc,mlp,49,age,relative_minus_10,-0.1,72.0,79.2,0.029003393714220643,0.02162346890535305,-0.007379924808867594,0.007379924808867594,0,0,0,-1
gmsc,mlp,50,age,relative_minus_10,-0.1,57.0,62.7,0.03157652357546811,0.02200571647772256,-0.009570807097745552,0.009570807097745552,0,0,0,-1
gmsc,mlp,51,age,relative_minus_10,-0.1,53.0,58.3,0.016133909190219866,0.012579264909487083,-0.0035546442807327834,0.0035546442807327834,0,0,0,-1
gmsc,mlp,52,age,relative_minus_10,-0.1,59.0,64.9,0.008942513898120756,0.007214647301933967,-0.001727866596186789,0.001727866596186789,0,0,0,-1
gmsc,mlp,53,age,relative_minus_10,-0.1,34.0,37.4,0.29379437931569313,0.2960654339850852,0.002271054669392092,0.002271054669392092,0,0,0,-1
gmsc,mlp,54,age,relative_minus_10,-0.1,34.0,37.4,0.3498543595427822,0.34514547548027497,-0.004708884062507246,0.004708884062507246,0,0,0,-1
gmsc,mlp,55,age,relative_minus_10,-0.1,63.0,69.3,0.007600943545173095,0.004973940344444474,-0.0026270032007286205,0.0026270032007286205,0,0,0,-1
gmsc,mlp,56,age,relative_minus_10,-0.1,45.0,49.5,0.025320893704546973,0.024459693851156625,-0.000861199853390348,0.000861199853390348,0,0,0,-1
gmsc,mlp,57,age,relative_minus_10,-0.1,25.0,27.5,0.05069033380470405,0.049766568517004145,-0.0009237652876999056,0.0009237652876999056,0,0,0,-1
gmsc,mlp,58,age,relative_minus_10,-0.1,65.0,71.5,0.16009590625064055,0.15681764164131667,-0.003278264609323872,0.003278264609323872,0,0,0,-1
gmsc,mlp,59,age,relative_minus_10,-0.1,45.0,49.5,0.025457114256866867,0.024578475225342622,-0.0008786390315242455,0.0008786390315242455,0,0,0,-1
gmsc,mlp,60,age,relative_minus_10,-0.1,41.0,45.1,0.037076780618332694,0.035007007349439616,-0.0020697732688930784,0.0020697732688930784,0,0,0,-1
gmsc,mlp,61,age,relative_minus_10,-0.1,40.0,44.0,0.04860926951599663,0.04332387403492091,-0.005285395481075719,0.005285395481075719,0,0,0,-1
gmsc,mlp,62,age,relative_minus_10,-0.1,44.0,48.4,0.022160573410907457,0.021453811601410733,-0.0007067618094967233,0.0007067618094967233,0,0,0,-1
gmsc,mlp,63,age,relative_minus_10,-0.1,47.0,51.7,0.010545360475655359,0.009387819542833216,-0.0011575409328221428,0.0011575409328221428,0,0,0,-1
gmsc,mlp,64,age,relative_minus_10,-0.1,53.0,58.3,0.05188426446215026,0.03956177864091779,-0.012322485821232472,0.012322485821232472,0,0,0,-1
gmsc,mlp,65,age,relative_minus_10,-0.1,50.0,55.0,0.19320558451418393,0.2016682826605035,0.008462698146319558,0.008462698146319558,0,0,0,-1
gmsc,mlp,66,age,relative_minus_10,-0.1,58.0,63.8,0.017380461870616856,0.012956522490579452,-0.004423939380037404,0.004423939380037404,0,0,0,-1
gmsc,mlp,67,age,relative_minus_10,-0.1,37.0,40.7,0.045289289381342065,0.042770887944597206,-0.002518401436744859,0.002518401436744859,0,0,0,-1
gmsc,mlp,68,age,relative_minus_10,-0.1,48.0,52.8,0.012814695328681581,0.011825531610239883,-0.000989163718441698,0.000989163718441698,0,0,0,-1
gmsc,mlp,69,age,relative_minus_10,-0.1,49.0,53.9,0.09362660727989738,0.0857354306477744,-0.007891176632122979,0.007891176632122979,0,0,0,-1
gmsc,mlp,70,age,relative_minus_10,-0.1,43.0,47.3,0.09827269814207695,0.10805550543039052,0.009782807288313572,0.009782807288313572,0,0,0,-1
gmsc,mlp,71,age,relative_minus_10,-0.1,37.0,40.7,0.07244781616495638,0.06930123998956318,-0.003146576175393198,0.003146576175393198,0,0,0,-1
gmsc,mlp,72,age,relative_minus_10,-0.1,53.0,58.3,0.03217968676284227,0.02563011863913115,-0.006549568123711116,0.006549568123711116,0,0,0,-1
gmsc,mlp,73,age,relative_minus_10,-0.1,33.0,36.3,0.044640504763767554,0.04106273441189718,-0.003577770351870374,0.003577770351870374,0,0,0,-1
gmsc,mlp,74,age,relative_minus_10,-0.1,30.0,33.0,0.03482378444402007,0.036385999127183516,0.0015622146831634487,0.0015622146831634487,0,0,0,-1
gmsc,mlp,75,age,relative_minus_10,-0.1,25.0,27.5,0.04920214568663398,0.04656260481276718,-0.002639540873866801,0.002639540873866801,0,0,0,-1
gmsc,mlp,76,age,relative_minus_10,-0.1,65.0,71.5,0.02205212445347039,0.01646665936212539,-0.005585465091344999,0.005585465091344999,0,0,0,-1
gmsc,mlp,77,age,relative_minus_10,-0.1,87.0,95.7,0.009856180676789783,0.011074574921142217,0.0012183942443524335,0.0012183942443524335,0,0,0,-1
gmsc,mlp,78,age,relative_minus_10,-0.1,55.0,60.5,0.010129649250511236,0.008564973088182696,-0.0015646761623285405,0.0015646761623285405,0,0,0,-1
gmsc,mlp,79,age,relative_minus_10,-0.1,30.0,33.0,0.025575449411528527,0.025093743214186497,-0.00048170619734203,0.00048170619734203,0,0,0,-1
gmsc,mlp,80,age,relative_minus_10,-0.1,71.0,78.1,0.005666248820127979,0.0038990667692400597,-0.0017671820508879193,0.0017671820508879193,0,0,0,-1
gmsc,mlp,81,age,relative_minus_10,-0.1,30.0,33.0,0.04332063353337088,0.0409896467337455,-0.00233098679962538,0.00233098679962538,0,0,0,-1
gmsc,mlp,82,age,relative_minus_10,-0.1,51.0,56.1,0.01937427089536237,0.015724192203727894,-0.0036500786916344764,0.0036500786916344764,0,0,0,-1
gmsc,mlp,83,age,relative_minus_10,-0.1,75.0,82.5,0.014956252536287561,0.015402851117703552,0.0004465985814159912,0.0004465985814159912,0,0,0,-1
gmsc,mlp,84,age,relative_minus_10,-0.1,50.0,55.0,0.034404191335380946,0.030853686671466686,-0.00355050466391426,0.00355050466391426,0,0,0,-1
gmsc,mlp,85,age,relative_minus_10,-0.1,67.0,73.7,0.016073637508889543,0.015372938845362736,-0.0007006986635268077,0.0007006986635268077,0,0,0,-1
gmsc,mlp,86,age,relative_minus_10,-0.1,36.0,39.6,0.03951246267546877,0.041332260672578613,0.001819797997109844,0.001819797997109844,0,0,0,-1
gmsc,mlp,87,age,relative_minus_10,-0.1,33.0,36.3,0.023170727869934838,0.023936775635743535,0.0007660477658086966,0.0007660477658086966,0,0,0,-1
gmsc,mlp,88,age,relative_minus_10,-0.1,41.0,45.1,0.014049767208401245,0.013077087272492665,-0.0009726799359085804,0.0009726799359085804,0,0,0,-1
gmsc,mlp,89,age,relative_minus_10,-0.1,42.0,46.2,0.031436900478850546,0.029357300283801298,-0.0020796001950492485,0.0020796001950492485,0,0,0,-1
gmsc,mlp,90,age,relative_minus_10,-0.1,75.0,82.5,0.005417127218637603,0.005778136730992857,0.0003610095123552544,0.0003610095123552544,0,0,0,-1
gmsc,mlp,91,age,relative_minus_10,-0.1,47.0,51.7,0.025606851072255785,0.021590462503274184,-0.004016388568981601,0.004016388568981601,0,0,0,-1
gmsc,mlp,92,age,relative_minus_10,-0.1,57.0,62.7,0.06791010130064887,0.04777487948380863,-0.020135221816840236,0.020135221816840236,0,0,0,-1
gmsc,mlp,93,age,relative_minus_10,-0.1,59.0,64.9,0.012557321048589615,0.008800379739620822,-0.003756941308968793,0.003756941308968793,0,0,0,-1
gmsc,mlp,94,age,relative_minus_10,-0.1,88.0,96.8,0.01479561435417343,0.017184379471289604,0.0023887651171161737,0.0023887651171161737,0,0,0,-1
gmsc,mlp,95,age,relative_minus_10,-0.1,35.0,38.5,0.02165723032387087,0.01863563770310864,-0.00302159262076223,0.00302159262076223,0,0,0,-1
gmsc,mlp,96,age,relative_minus_10,-0.1,53.0,58.3,0.025618448582325936,0.01874855621790789,-0.006869892364418047,0.006869892364418047,0,0,0,-1
gmsc,mlp,97,age,relative_minus_10,-0.1,51.0,56.1,0.017705870709505835,0.014669486229056984,-0.0030363844804488505,0.0030363844804488505,0,0,0,-1
gmsc,mlp,98,age,relative_minus_10,-0.1,49.0,53.9,0.021717560701058864,0.02084995951159022,-0.0008676011894686447,0.0008676011894686447,0,0,0,-1
gmsc,mlp,99,age,relative_minus_10,-0.1,52.0,57.2,0.2986561163043243,0.29573258962902516,-0.0029235266752991595,0.0029235266752991595,0,0,0,-1
gmsc,mlp,0,age,relative_plus_10,0.1,78.0,85.8,0.02211686465599193,0.030891863307498466,0.008774998651506535,0.008774998651506535,0,0,0,-1
gmsc,mlp,1,age,relative_plus_10,0.1,51.0,56.1,0.01569449495491033,0.011819861205755438,-0.0038746337491548932,0.0038746337491548932,0,0,0,-1
gmsc,mlp,2,age,relative_plus_10,0.1,60.0,66.0,0.016575068310977385,0.010857056758700223,-0.005718011552277162,0.005718011552277162,0,0,0,-1
gmsc,mlp,3,age,relative_plus_10,0.1,57.0,62.7,0.034126022539606525,0.026256251556860205,-0.00786977098274632,0.00786977098274632,0,0,0,-1
gmsc,mlp,4,age,relative_plus_10,0.1,48.0,52.8,0.026106102898580053,0.024455869571614986,-0.001650233326965067,0.001650233326965067,0,0,0,-1
gmsc,mlp,5,age,relative_plus_10,0.1,47.0,51.7,0.021830131699538843,0.020452235175210023,-0.00137789652432882,0.00137789652432882,0,0,0,-1
gmsc,mlp,6,age,relative_plus_10,0.1,48.0,52.8,0.03217662260521963,0.02736496818348043,-0.004811654421739205,0.004811654421739205,0,0,0,-1
gmsc,mlp,7,age,relative_plus_10,0.1,44.0,48.4,0.046315106403102796,0.04505609261996088,-0.0012590137831419157,0.0012590137831419157,0,0,0,-1
gmsc,mlp,8,age,relative_plus_10,0.1,48.0,52.8,0.05673708325740244,0.050882944072001446,-0.005854139185400994,0.005854139185400994,0,0,0,-1
gmsc,mlp,9,age,relative_plus_10,0.1,41.0,45.1,0.07183380465082981,0.0785193441318676,0.006685539481037797,0.006685539481037797,0,0,0,-1
gmsc,mlp,10,age,relative_plus_10,0.1,45.0,49.5,0.029425463415082575,0.026761015463087803,-0.0026644479519947716,0.0026644479519947716,0,0,0,-1
gmsc,mlp,11,age,relative_plus_10,0.1,58.0,63.8,0.012965465127209348,0.010742244907275478,-0.0022232202199338694,0.0022232202199338694,0,0,0,-1
gmsc,mlp,12,age,relative_plus_10,0.1,67.0,73.7,0.007076920292949544,0.005506013928302059,-0.0015709063646474853,0.0015709063646474853,0,0,0,-1
gmsc,mlp,13,age,relative_plus_10,0.1,40.0,44.0,0.35361463292929435,0.34813067877343784,-0.0054839541558565075,0.0054839541558565075,0,0,0,-1
gmsc,mlp,14,age,relative_plus_10,0.1,44.0,48.4,0.03041379302018182,0.022636351321146556,-0.007777441699035263,0.007777441699035263,0,0,0,-1
gmsc,mlp,15,age,relative_plus_10,0.1,56.0,61.6,0.028531846223265274,0.02631047712469845,-0.002221369098566822,0.002221369098566822,0,0,0,-1
gmsc,mlp,16,age,relative_plus_10,0.1,31.0,34.1,0.11002930362193034,0.11074980216245436,0.0007204985405240283,0.0007204985405240283,0,0,0,-1
gmsc,mlp,17,age,relative_plus_10,0.1,48.0,52.8,0.013790889882417817,0.012825879306874455,-0.0009650105755433618,0.0009650105755433618,0,0,0,-1
gmsc,mlp,18,age,relative_plus_10,0.1,34.0,37.4,0.02753715371688414,0.02811988235208811,0.0005827286352039704,0.0005827286352039704,0,0,0,-1
gmsc,mlp,19,age,relative_plus_10,0.1,73.0,80.3,0.052926506156008635,0.06195187263010543,0.009025366474096796,0.009025366474096796,0,0,0,-1
gmsc,mlp,20,age,relative_plus_10,0.1,50.0,55.0,0.008830310596060332,0.007750954917433624,-0.0010793556786267084,0.0010793556786267084,0,0,0,-1
gmsc,mlp,21,age,relative_plus_10,0.1,78.0,85.8,0.014797349397540089,0.016665204089753565,0.0018678546922134762,0.0018678546922134762,0,0,0,-1
gmsc,mlp,22,age,relative_plus_10,0.1,55.0,60.5,0.04562370697875247,0.03126920447643027,-0.014354502502322196,0.014354502502322196,0,0,0,-1
gmsc,mlp,23,age,relative_plus_10,0.1,46.0,50.6,0.01573080665121102,0.013695907894719606,-0.002034898756491413,0.002034898756491413,0,0,0,-1
gmsc,mlp,24,age,relative_plus_10,0.1,78.0,85.8,0.011506289508992087,0.012873956345853307,0.0013676668368612192,0.0013676668368612192,0,0,0,-1
gmsc,mlp,25,age,relative_plus_10,0.1,56.0,61.6,0.03731802443216143,0.02726572979966601,-0.01005229463249542,0.01005229463249542,0,0,0,-1
gmsc,mlp,26,age,relative_plus_10,0.1,52.0,57.2,0.029333059161415907,0.021637097679080834,-0.007695961482335072,0.007695961482335072,0,0,0,-1
gmsc,mlp,27,age,relative_plus_10,0.1,58.0,63.8,0.035095010256273325,0.025955205981528947,-0.009139804274744378,0.009139804274744378,0,0,0,-1
gmsc,mlp,28,age,relative_plus_10,0.1,41.0,45.1,0.09263198005026192,0.0890112429615969,-0.0036207370886650186,0.0036207370886650186,0,0,0,-1
gmsc,mlp,29,age,relative_plus_10,0.1,85.0,93.5,0.006344097366443652,0.007879832971676924,0.0015357356052332722,0.0015357356052332722,0,0,0,-1
gmsc,mlp,30,age,relative_plus_10,0.1,34.0,37.4,0.046242861401163154,0.039809797823776825,-0.006433063577386329,0.006433063577386329,0,0,0,-1
gmsc,mlp,31,age,relative_plus_10,0.1,47.0,51.7,0.0255021185573372,0.021927653095685957,-0.003574465461651244,0.003574465461651244,0,0,0,-1
gmsc,mlp,32,age,relative_plus_10,0.1,55.0,60.5,0.026376707227492684,0.020407829978920985,-0.005968877248571699,0.005968877248571699,0,0,0,-1
gmsc,mlp,33,age,relative_plus_10,0.1,65.0,71.5,0.015498282720832536,0.00923559469969719,-0.006262688021135346,0.006262688021135346,0,0,0,-1
gmsc,mlp,34,age,relative_plus_10,0.1,36.0,39.6,0.08535157193754099,0.0766089436745641,-0.008742628262976893,0.008742628262976893,0,0,0,-1
gmsc,mlp,35,age,relative_plus_10,0.1,36.0,39.6,0.19910001606794017,0.18999899400647377,-0.009101022061466402,0.009101022061466402,0,0,0,-1
gmsc,mlp,36,age,relative_plus_10,0.1,68.0,74.8,0.010761647197797914,0.008951776035411047,-0.0018098711623868672,0.0018098711623868672,0,0,0,-1
gmsc,mlp,37,age,relative_plus_10,0.1,38.0,41.8,0.01757909301258303,0.01802432268655714,0.000445229673974111,0.000445229673974111,0,0,0,-1
gmsc,mlp,38,age,relative_plus_10,0.1,80.0,88.0,0.009145988810159647,0.010546222403704616,0.0014002335935449691,0.0014002335935449691,0,0,0,-1
gmsc,mlp,39,age,relative_plus_10,0.1,39.0,42.9,0.051173952814171794,0.04427151000663549,-0.006902442807536303,0.006902442807536303,0,0,0,-1
gmsc,mlp,40,age,relative_plus_10,0.1,45.0,49.5,0.022676366611436422,0.02057049855012802,-0.002105868061308403,0.002105868061308403,0,0,0,-1
gmsc,mlp,41,age,relative_plus_10,0.1,47.0,51.7,0.04009590259851887,0.03944762152606386,-0.0006482810724550078,0.0006482810724550078,0,0,0,-1
gmsc,mlp,42,age,relative_plus_10,0.1,37.0,40.7,0.02298812229422112,0.02387320036448131,0.000885078070260191,0.000885078070260191,0,0,0,-1
gmsc,mlp,43,age,relative_plus_10,0.1,25.0,27.5,0.04219806536296886,0.03526719466590671,-0.00693087069706215,0.00693087069706215,0,0,0,-1
gmsc,mlp,44,age,relative_plus_10,0.1,48.0,52.8,0.01680383752969732,0.014334161977968813,-0.002469675551728506,0.002469675551728506,0,0,0,-1
gmsc,mlp,45,age,relative_plus_10,0.1,75.0,82.5,0.0359226511464687,0.05074668017123758,0.014824029024768884,0.014824029024768884,0,0,0,-1
gmsc,mlp,46,age,relative_plus_10,0.1,67.0,73.7,0.008419834692001592,0.006471001360322044,-0.001948833331679548,0.001948833331679548,0,0,0,-1
gmsc,mlp,47,age,relative_plus_10,0.1,75.0,82.5,0.01526822945269322,0.018743043306077293,0.0034748138533840737,0.0034748138533840737,0,0,0,-1
gmsc,mlp,48,age,relative_plus_10,0.1,53.0,58.3,0.011940522095800142,0.009812363208901997,-0.002128158886898145,0.002128158886898145,0,0,0,-1
gmsc,mlp,49,age,relative_plus_10,0.1,72.0,79.2,0.029003393714220643,0.02162346890535305,-0.007379924808867594,0.007379924808867594,0,0,0,-1
gmsc,mlp,50,age,relative_plus_10,0.1,57.0,62.7,0.03157652357546811,0.02200571647772256,-0.009570807097745552,0.009570807097745552,0,0,0,-1
gmsc,mlp,51,age,relative_plus_10,0.1,53.0,58.3,0.016133909190219866,0.012579264909487083,-0.0035546442807327834,0.0035546442807327834,0,0,0,-1
gmsc,mlp,52,age,relative_plus_10,0.1,59.0,64.9,0.008942513898120756,0.007214647301933967,-0.001727866596186789,0.001727866596186789,0,0,0,-1
gmsc,mlp,53,age,relative_plus_10,0.1,34.0,37.4,0.29379437931569313,0.2960654339850852,0.002271054669392092,0.002271054669392092,0,0,0,-1
gmsc,mlp,54,age,relative_plus_10,0.1,34.0,37.4,0.3498543595427822,0.34514547548027497,-0.004708884062507246,0.004708884062507246,0,0,0,-1
gmsc,mlp,55,age,relative_plus_10,0.1,63.0,69.3,0.007600943545173095,0.004973940344444474,-0.0026270032007286205,0.0026270032007286205,0,0,0,-1
gmsc,mlp,56,age,relative_plus_10,0.1,45.0,49.5,0.025320893704546973,0.024459693851156625,-0.000861199853390348,0.000861199853390348,0,0,0,-1
gmsc,mlp,57,age,relative_plus_10,0.1,25.0,27.5,0.05069033380470405,0.049766568517004145,-0.0009237652876999056,0.0009237652876999056,0,0,0,-1
gmsc,mlp,58,age,relative_plus_10,0.1,65.0,71.5,0.16009590625064055,0.15681764164131667,-0.003278264609323872,0.003278264609323872,0,0,0,-1
gmsc,mlp,59,age,relative_plus_10,0.1,45.0,49.5,0.025457114256866867,0.024578475225342622,-0.0008786390315242455,0.0008786390315242455,0,0,0,-1
gmsc,mlp,60,age,relative_plus_10,0.1,41.0,45.1,0.037076780618332694,0.035007007349439616,-0.0020697732688930784,0.0020697732688930784,0,0,0,-1
gmsc,mlp,61,age,relative_plus_10,0.1,40.0,44.0,0.04860926951599663,0.04332387403492091,-0.005285395481075719,0.005285395481075719,0,0,0,-1
gmsc,mlp,62,age,relative_plus_10,0.1,44.0,48.4,0.022160573410907457,0.021453811601410733,-0.0007067618094967233,0.0007067618094967233,0,0,0,-1
gmsc,mlp,63,age,relative_plus_10,0.1,47.0,51.7,0.010545360475655359,0.009387819542833216,-0.0011575409328221428,0.0011575409328221428,0,0,0,-1
gmsc,mlp,64,age,relative_plus_10,0.1,53.0,58.3,0.05188426446215026,0.03956177864091779,-0.012322485821232472,0.012322485821232472,0,0,0,-1
gmsc,mlp,65,age,relative_plus_10,0.1,50.0,55.0,0.19320558451418393,0.2016682826605035,0.008462698146319558,0.008462698146319558,0,0,0,-1
gmsc,mlp,66,age,relative_plus_10,0.1,58.0,63.8,0.017380461870616856,0.012956522490579452,-0.004423939380037404,0.004423939380037404,0,0,0,-1
gmsc,mlp,67,age,relative_plus_10,0.1,37.0,40.7,0.045289289381342065,0.042770887944597206,-0.002518401436744859,0.002518401436744859,0,0,0,-1
gmsc,mlp,68,age,relative_plus_10,0.1,48.0,52.8,0.012814695328681581,0.011825531610239883,-0.000989163718441698,0.000989163718441698,0,0,0,-1
gmsc,mlp,69,age,relative_plus_10,0.1,49.0,53.9,0.09362660727989738,0.0857354306477744,-0.007891176632122979,0.007891176632122979,0,0,0,-1
gmsc,mlp,70,age,relative_plus_10,0.1,43.0,47.3,0.09827269814207695,0.10805550543039052,0.009782807288313572,0.009782807288313572,0,0,0,-1
gmsc,mlp,71,age,relative_plus_10,0.1,37.0,40.7,0.07244781616495638,0.06930123998956318,-0.003146576175393198,0.003146576175393198,0,0,0,-1
gmsc,mlp,72,age,relative_plus_10,0.1,53.0,58.3,0.03217968676284227,0.02563011863913115,-0.006549568123711116,0.006549568123711116,0,0,0,-1
gmsc,mlp,73,age,relative_plus_10,0.1,33.0,36.3,0.044640504763767554,0.04106273441189718,-0.003577770351870374,0.003577770351870374,0,0,0,-1
gmsc,mlp,74,age,relative_plus_10,0.1,30.0,33.0,0.03482378444402007,0.036385999127183516,0.0015622146831634487,0.0015622146831634487,0,0,0,-1
gmsc,mlp,75,age,relative_plus_10,0.1,25.0,27.5,0.04920214568663398,0.04656260481276718,-0.002639540873866801,0.002639540873866801,0,0,0,-1
gmsc,mlp,76,age,relative_plus_10,0.1,65.0,71.5,0.02205212445347039,0.01646665936212539,-0.005585465091344999,0.005585465091344999,0,0,0,-1
gmsc,mlp,77,age,relative_plus_10,0.1,87.0,95.7,0.009856180676789783,0.011074574921142217,0.0012183942443524335,0.0012183942443524335,0,0,0,-1
gmsc,mlp,78,age,relative_plus_10,0.1,55.0,60.5,0.010129649250511236,0.008564973088182696,-0.0015646761623285405,0.0015646761623285405,0,0,0,-1
gmsc,mlp,79,age,relative_plus_10,0.1,30.0,33.0,0.025575449411528527,0.025093743214186497,-0.00048170619734203,0.00048170619734203,0,0,0,-1
gmsc,mlp,80,age,relative_plus_10,0.1,71.0,78.1,0.005666248820127979,0.0038990667692400597,-0.0017671820508879193,0.0017671820508879193,0,0,0,-1
gmsc,mlp,81,age,relative_plus_10,0.1,30.0,33.0,0.04332063353337088,0.0409896467337455,-0.00233098679962538,0.00233098679962538,0,0,0,-1
gmsc,mlp,82,age,relative_plus_10,0.1,51.0,56.1,0.01937427089536237,0.015724192203727894,-0.0036500786916344764,0.0036500786916344764,0,0,0,-1
gmsc,mlp,83,age,relative_plus_10,0.1,75.0,82.5,0.014956252536287561,0.015402851117703552,0.0004465985814159912,0.0004465985814159912,0,0,0,-1
gmsc,mlp,84,age,relative_plus_10,0.1,50.0,55.0,0.034404191335380946,0.030853686671466686,-0.00355050466391426,0.00355050466391426,0,0,0,-1
gmsc,mlp,85,age,relative_plus_10,0.1,67.0,73.7,0.016073637508889543,0.015372938845362736,-0.0007006986635268077,0.0007006986635268077,0,0,0,-1
gmsc,mlp,86,age,relative_plus_10,0.1,36.0,39.6,0.03951246267546877,0.041332260672578613,0.001819797997109844,0.001819797997109844,0,0,0,-1
gmsc,mlp,87,age,relative_plus_10,0.1,33.0,36.3,0.023170727869934838,0.023936775635743535,0.0007660477658086966,0.0007660477658086966,0,0,0,-1
gmsc,mlp,88,age,relative_plus_10,0.1,41.0,45.1,0.014049767208401245,0.013077087272492665,-0.0009726799359085804,0.0009726799359085804,0,0,0,-1
gmsc,mlp,89,age,relative_plus_10,0.1,42.0,46.2,0.031436900478850546,0.029357300283801298,-0.0020796001950492485,0.0020796001950492485,0,0,0,-1
gmsc,mlp,90,age,relative_plus_10,0.1,75.0,82.5,0.005417127218637603,0.005778136730992857,0.0003610095123552544,0.0003610095123552544,0,0,0,-1
gmsc,mlp,91,age,relative_plus_10,0.1,47.0,51.7,0.025606851072255785,0.021590462503274184,-0.004016388568981601,0.004016388568981601,0,0,0,-1
gmsc,mlp,92,age,relative_plus_10,0.1,57.0,62.7,0.06791010130064887,0.04777487948380863,-0.020135221816840236,0.020135221816840236,0,0,0,-1
gmsc,mlp,93,age,relative_plus_10,0.1,59.0,64.9,0.012557321048589615,0.008800379739620822,-0.003756941308968793,0.003756941308968793,0,0,0,-1
gmsc,mlp,94,age,relative_plus_10,0.1,88.0,96.8,0.01479561435417343,0.017184379471289604,0.0023887651171161737,0.0023887651171161737,0,0,0,-1
gmsc,mlp,95,age,relative_plus_10,0.1,35.0,38.5,0.02165723032387087,0.01863563770310864,-0.00302159262076223,0.00302159262076223,0,0,0,-1
gmsc,mlp,96,age,relative_plus_10,0.1,53.0,58.3,0.025618448582325936,0.01874855621790789,-0.006869892364418047,0.006869892364418047,0,0,0,-1
gmsc,mlp,97,age,relative_plus_10,0.1,51.0,56.1,0.017705870709505835,0.014669486229056984,-0.0030363844804488505,0.0030363844804488505,0,0,0,-1
gmsc,mlp,98,age,relative_plus_10,0.1,49.0,53.9,0.021717560701058864,0.02084995951159022,-0.0008676011894686447,0.0008676011894686447,0,0,0,-1
gmsc,mlp,99,age,relative_plus_10,0.1,52.0,57.2,0.2986561163043243,0.29573258962902516,-0.0029235266752991595,0.0029235266752991595,0,0,0,-1
gmsc,mlp,0,NumberOfTime30-59DaysPastDueNotWorse,relative_minus_5,-0.05,0.0,0.05,0.02211686465599193,0.024461433988088713,0.002344569332096782,0.002344569332096782,0,0,0,-1
gmsc,mlp,1,NumberOfTime30-59DaysPastDueNotWorse,relative_minus_5,-0.05,0.0,0.05,0.01569449495491033,0.01756055963549519,0.00186606468058486,0.00186606468058486,0,0,0,-1
gmsc,mlp,2,NumberOfTime30-59DaysPastDueNotWorse,relative_minus_5,-0.05,0.0,0.05,0.016575068310977385,0.018397461123550337,0.0018223928125729524,0.0018223928125729524,0,0,0,-1
gmsc,mlp,3,NumberOfTime30-59DaysPastDueNotWorse,relative_minus_5,-0.05,0.0,0.05,0.034126022539606525,0.03670886668931212,0.002582844149705596,0.002582844149705596,0,0,0,-1
gmsc,mlp,4,NumberOfTime30-59DaysPastDueNotWorse,relative_minus_5,-0.05,0.0,0.05,0.026106102898580053,0.028606594770678156,0.0025004918720981026,0.0025004918720981026,0,0,0,-1
gmsc,mlp,5,NumberOfTime30-59DaysPastDueNotWorse,relative_minus_5,-0.05,0.0,0.05,0.021830131699538843,0.023639759088374773,0.0018096273888359299,0.0018096273888359299,0,0,0,-1
gmsc,mlp,6,NumberOfTime30-59DaysPastDueNotWorse,relative_minus_5,-0.05,0.0,0.05,0.03217662260521963,0.03575014764331185,0.003573525038092218,0.003573525038092218,0,0,0,-1
gmsc,mlp,7,NumberOfTime30-59DaysPastDueNotWorse,relative_minus_5,-0.05,0.0,0.05,0.046315106403102796,0.050113693692735176,0.0037985872896323797,0.0037985872896323797,0,0,0,-1
gmsc,mlp,8,NumberOfTime30-59DaysPastDueNotWorse,relative_minus_5,-0.05,0.0,0.05,0.05673708325740244,0.06046767153184904,0.0037305882744465974,0.0037305882744465974,0,0,0,-1
gmsc,mlp,9,NumberOfTime30-59DaysPastDueNotWorse,relative_minus_5,-0.05,1.0,1.05,0.07183380465082981,0.07449138144082888,0.002657576789999075,0.002657576789999075,0,0,0,-1
gmsc,mlp,10,NumberOfTime30-59DaysPastDueNotWorse,relative_minus_5,-0.05,0.0,0.05,0.029425463415082575,0.03177869042170703,0.002353227006624454,0.002353227006624454,0,0,0,-1
gmsc,mlp,11,NumberOfTime30-59DaysPastDueNotWorse,relative_minus_5,-0.05,0.0,0.05,0.012965465127209348,0.013792785115197735,0.0008273199879883873,0.0008273199879883873,0,0,0,-1
gmsc,mlp,12,NumberOfTime30-59DaysPastDueNotWorse,relative_minus_5,-0.05,0.0,0.05,0.007076920292949544,0.007863329243460882,0.0007864089505113378,0.0007864089505113378,0,0,0,-1
gmsc,mlp,13,NumberOfTime30-59DaysPastDueNotWorse,relative_minus_5,-0.05,0.0,0.05,0.35361463292929435,0.35147658129682374,-0.0021380516324706056,0.0021380516324706056,0,0,0,-1
gmsc,mlp,14,NumberOfTime30-59DaysPastDueNotWorse,relative_minus_5,-0.05,0.0,0.05,0.03041379302018182,0.033784924116998044,0.0033711310968162246,0.0033711310968162246,0,0,0,-1
gmsc,mlp,15,NumberOfTime30-59DaysPastDueNotWorse,relative_minus_5,-0.05,1.0,1.05,0.028531846223265274,0.03033047161949523,0.0017986253962299567,0.0017986253962299567,0,0,0,-1
gmsc,mlp,16,NumberOfTime30-59DaysPastDueNotWorse,relative_minus_5,-0.05,1.0,1.05,0.11002930362193034,0.11447403328744458,0.004444729665514249,0.004444729665514249,0,0,0,-1
gmsc,mlp,17,NumberOfTime30-59DaysPastDueNotWorse,relative_minus_5,-0.05,0.0,0.05,0.013790889882417817,0.015058072332818594,0.0012671824504007778,0.0012671824504007778,0,0,0,-1
gmsc,mlp,18,NumberOfTime30-59DaysPastDueNotWorse,relative_minus_5,-0.05,0.0,0.05,0.02753715371688414,0.029360220848461283,0.0018230671315771427,0.0018230671315771427,0,0,0,-1
gmsc,mlp,19,NumberOfTime30-59DaysPastDueNotWorse,relative_minus_5,-0.05,1.0,1.05,0.052926506156008635,0.058313531541061094,0.005387025385052459,0.005387025385052459,0,0,0,-1
gmsc,mlp,20,NumberOfTime30-59DaysPastDueNotWorse,relative_minus_5,-0.05,0.0,0.05,0.008830310596060332,0.009692205896886737,0.0008618953008264051,0.0008618953008264051,0,0,0,-1
gmsc,mlp,21,NumberOfTime30-59DaysPastDueNotWorse,relative_minus_5,-0.05,0.0,0.05,0.014797349397540089,0.015798698145664206,0.0010013487481241173,0.0010013487481241173,0,0,0,-1
gmsc,mlp,22,NumberOfTime30-59DaysPastDueNotWorse,relative_minus_5,-0.05,0.0,0.05,0.04562370697875247,0.050145723725270194,0.004522016746517726,0.004522016746517726,0,0,0,-1
gmsc,mlp,23,NumberOfTime30-59DaysPastDueNotWorse,relative_minus_5,-0.05,0.0,0.05,0.01573080665121102,0.01720244781471845,0.0014716411635074325,0.0014716411635074325,0,0,0,-1
gmsc,mlp,24,NumberOfTime30-59DaysPastDueNotWorse,relative_minus_5,-0.05,0.0,0.05,0.011506289508992087,0.012804314841206966,0.0012980253322148784,0.0012980253322148784,0,0,0,-1
gmsc,mlp,25,NumberOfTime30-59DaysPastDueNotWorse,relative_minus_5,-0.05,0.0,0.05,0.03731802443216143,0.04060551957685798,0.003287495144696548,0.003287495144696548,0,0,0,-1
gmsc,mlp,26,NumberOfTime30-59DaysPastDueNotWorse,relative_minus_5,-0.05,0.0,0.05,0.029333059161415907,0.03220332237019272,0.0028702632087768166,0.0028702632087768166,0,0,0,-1
gmsc,mlp,27,NumberOfTime30-59DaysPastDueNotWorse,relative_minus_5,-0.05,0.0,0.05,0.035095010256273325,0.03828480586757492,0.003189795611301595,0.003189795611301595,0,0,0,-1
gmsc,mlp,28,NumberOfTime30-59DaysPastDueNotWorse,relative_minus_5,-0.05,0.0,0.05,0.09263198005026192,0.09873822993323689,0.006106249882974965,0.006106249882974965,0,0,0,-1
gmsc,mlp,29,NumberOfTime30-59DaysPastDueNotWorse,relative_minus_5,-0.05,0.0,0.05,0.006344097366443652,0.007044025430330933,0.0006999280638872807,0.0006999280638872807,0,0,0,-1
gmsc,mlp,30,NumberOfTime30-59DaysPastDueNotWorse,relative_minus_5,-0.05,0.0,0.05,0.046242861401163154,0.04839235439282927,0.002149492991666113,0.002149492991666113,0,0,0,-1
gmsc,mlp,31,NumberOfTime30-59DaysPastDueNotWorse,relative_minus_5,-0.05,0.0,0.05,0.0255021185573372,0.028020075406284737,0.0025179568489475355,0.0025179568489475355,0,0,0,-1
gmsc,mlp,32,NumberOfTime30-59DaysPastDueNotWorse,relative_minus_5,-0.05,0.0,0.05,0.026376707227492684,0.028850669973415677,0.002473962745922993,0.002473962745922993,0,0,0,-1
gmsc,mlp,33,NumberOfTime30-59DaysPastDueNotWorse,relative_minus_5,-0.05,0.0,0.05,0.015498282720832536,0.017135054942779986,0.0016367722219474499,0.0016367722219474499,0,0,0,-1
gmsc,mlp,34,NumberOfTime30-59DaysPastDueNotWorse,relative_minus_5,-0.05,1.0,1.05,0.08535157193754099,0.0880769284808985,0.00272535654335751,0.00272535654335751,0,0,0,-1
gmsc,mlp,35,NumberOfTime30-59DaysPastDueNotWorse,relative_minus_5,-0.05,2.0,2.1,0.19910001606794017,0.20939663451234994,0.010296618444409766,0.010296618444409766,0,0,0,-1
gmsc,mlp,36,NumberOfTime30-59DaysPastDueNotWorse,relative_minus_5,-0.05,0.0,0.05,0.010761647197797914,0.01190940823854643,0.0011477610407485163,0.0011477610407485163,0,0,0,-1
gmsc,mlp,37,NumberOfTime30-59DaysPastDueNotWorse,relative_minus_5,-0.05,0.0,0.05,0.01757909301258303,0.01900349279654081,0.0014243997839577804,0.0014243997839577804,0,0,0,-1
gmsc,mlp,38,NumberOfTime30-59DaysPastDueNotWorse,relative_minus_5,-0.05,0.0,0.05,0.009145988810159647,0.010149058302402739,0.0010030694922430923,0.0010030694922430923,0,0,0,-1
gmsc,mlp,39,NumberOfTime30-59DaysPastDueNotWorse,relative_minus_5,-0.05,0.0,0.05,0.051173952814171794,0.05382379131346613,0.0026498384992943366,0.0026498384992943366,0,0,0,-1
gmsc,mlp,40,NumberOfTime30-59DaysPastDueNotWorse,relative_minus_5,-0.05,0.0,0.05,0.022676366611436422,0.02475044963249907,0.002074083021062649,0.002074083021062649,0,0,0,-1
gmsc,mlp,41,NumberOfTime30-59DaysPastDueNotWorse,relative_minus_5,-0.05,0.0,0.05,0.04009590259851887,0.04249414473079331,0.002398242132274443,0.002398242132274443,0,0,0,-1
gmsc,mlp,42,NumberOfTime30-59DaysPastDueNotWorse,relative_minus_5,-0.05,0.0,0.05,0.02298812229422112,0.024611765890816584,0.001623643596595465,0.001623643596595465,0,0,0,-1
gmsc,mlp,43,NumberOfTime30-59DaysPastDueNotWorse,relative_minus_5,-0.05,0.0,0.05,0.04219806536296886,0.045719708377026054,0.003521643014057191,0.003521643014057191,0,0,0,-1
gmsc,mlp,44,NumberOfTime30-59DaysPastDueNotWorse,relative_minus_5,-0.05,0.0,0.05,0.01680383752969732,0.01853442927195494,0.00173059174225762,0.00173059174225762,0,0,0,-1
gmsc,mlp,45,NumberOfTime30-59DaysPastDueNotWorse,relative_minus_5,-0.05,0.0,0.05,0.0359226511464687,0.03847456871485251,0.002551917568383813,0.002551917568383813,0,0,0,-1
gmsc,mlp,46,NumberOfTime30-59DaysPastDueNotWorse,relative_minus_5,-0.05,0.0,0.05,0.008419834692001592,0.009457871561214335,0.0010380368692127426,0.0010380368692127426,0,0,0,-1
gmsc,mlp,47,NumberOfTime30-59DaysPastDueNotWorse,relative_minus_5,-0.05,0.0,0.05,0.01526822945269322,0.016962147715674492,0.001693918262981273,0.001693918262981273,0,0,0,-1
gmsc,mlp,48,NumberOfTime30-59DaysPastDueNotWorse,relative_minus_5,-0.05,0.0,0.05,0.011940522095800142,0.013275615766855898,0.001335093671055755,0.001335093671055755,0,0,0,-1
gmsc,mlp,49,NumberOfTime30-59DaysPastDueNotWorse,relative_minus_5,-0.05,0.0,0.05,0.029003393714220643,0.03166582841659704,0.0026624347023763983,0.0026624347023763983,0,0,0,-1
gmsc,mlp,50,NumberOfTime30-59DaysPastDueNotWorse,relative_minus_5,-0.05,0.0,0.05,0.03157652357546811,0.03443733878686618,0.0028608152113980684,0.0028608152113980684,0,0,0,-1
gmsc,mlp,51,NumberOfTime30-59DaysPastDueNotWorse,relative_minus_5,-0.05,0.0,0.05,0.016133909190219866,0.01706936153066662,0.0009354523404467539,0.0009354523404467539,0,0,0,-1
gmsc,mlp,52,NumberOfTime30-59DaysPastDueNotWorse,relative_minus_5,-0.05,0.0,0.05,0.008942513898120756,0.009923138822796235,0.0009806249246754797,0.0009806249246754797,0,0,0,-1
gmsc,mlp,53,NumberOfTime30-59DaysPastDueNotWorse,relative_minus_5,-0.05,2.0,2.1,0.29379437931569313,0.2996862565358481,0.00589187722015494,0.00589187722015494,0,0,0,-1
gmsc,mlp,54,NumberOfTime30-59DaysPastDueNotWorse,relative_minus_5,-0.05,3.0,3.15,0.3498543595427822,0.35167832439678276,0.0018239648540005482,0.0018239648540005482,0,0,0,-1
gmsc,mlp,55,NumberOfTime30-59DaysPastDueNotWorse,relative_minus_5,-0.05,0.0,0.05,0.007600943545173095,0.00833504017923623,0.0007340966340631354,0.0007340966340631354,0,0,0,-1
gmsc,mlp,56,NumberOfTime30-59DaysPastDueNotWorse,relative_minus_5,-0.05,0.0,0.05,0.025320893704546973,0.027402929460091374,0.002082035755544401,0.002082035755544401,0,0,0,-1
gmsc,mlp,57,NumberOfTime30-59DaysPastDueNotWorse,relative_minus_5,-0.05,0.0,0.05,0.05069033380470405,0.05374533078244761,0.003054996977743557,0.003054996977743557,0,0,0,-1
gmsc,mlp,58,NumberOfTime30-59DaysPastDueNotWorse,relative_minus_5,-0.05,0.0,0.05,0.16009590625064055,0.1648094301282341,0.004713523877593551,0.004713523877593551,0,0,0,-1
gmsc,mlp,59,NumberOfTime30-59DaysPastDueNotWorse,relative_minus_5,-0.05,0.0,0.05,0.025457114256866867,0.027270185593913667,0.0018130713370467996,0.0018130713370467996,0,0,0,-1
gmsc,mlp,60,NumberOfTime30-59DaysPastDueNotWorse,relative_minus_5,-0.05,0.0,0.05,0.037076780618332694,0.0397339617420987,0.002657181123766006,0.002657181123766006,0,0,0,-1
gmsc,mlp,61,NumberOfTime30-59DaysPastDueNotWorse,relative_minus_5,-0.05,0.0,0.05,0.04860926951599663,0.051255826352914494,0.0026465568369178627,0.0026465568369178627,0,0,0,-1
gmsc,mlp,62,NumberOfTime30-59DaysPastDueNotWorse,relative_minus_5,-0.05,0.0,0.05,0.022160573410907457,0.02408807425452926,0.001927500843621803,0.001927500843621803,0,0,0,-1
gmsc,mlp,63,NumberOfTime30-59DaysPastDueNotWorse,relative_minus_5,-0.05,0.0,0.05,0.010545360475655359,0.0114153347925095,0.0008699743168541409,0.0008699743168541409,0,0,0,-1
gmsc,mlp,64,NumberOfTime30-59DaysPastDueNotWorse,relative_minus_5,-0.05,0.0,0.05,0.05188426446215026,0.05486203202953259,0.002977767567382328,0.002977767567382328,0,0,0,-1
gmsc,mlp,65,NumberOfTime30-59DaysPastDueNotWorse,relative_minus_5,-0.05,2.0,2.1,0.19320558451418393,0.20927859044668065,0.01607300593249672,0.01607300593249672,0,0,0,-1
gmsc,mlp,66,NumberOfTime30-59DaysPastDueNotWorse,relative_minus_5,-0.05,0.0,0.05,0.017380461870616856,0.019061435711891696,0.0016809738412748403,0.0016809738412748403,0,0,0,-1
gmsc,mlp,67,NumberOfTime30-59DaysPastDueNotWorse,relative_minus_5,-0.05,0.0,0.05,0.045289289381342065,0.04819609802253392,0.0029068086411918534,0.0029068086411918534,0,0,0,-1
gmsc,mlp,68,NumberOfTime30-59DaysPastDueNotWorse,relative_minus_5,-0.05,0.0,0.05,0.012814695328681581,0.013889372035633878,0.0010746767069522972,0.0010746767069522972,0,0,0,-1
gmsc,mlp,69,NumberOfTime30-59DaysPastDueNotWorse,relative_minus_5,-0.05,0.0,0.05,0.09362660727989738,0.09655136465149398,0.0029247573715966008,0.0029247573715966008,0,0,0,-1
gmsc,mlp,70,NumberOfTime30-59DaysPastDueNotWorse,relative_minus_5,-0.05,1.0,1.05,0.09827269814207695,0.10355014042593451,0.005277442283857556,0.005277442283857556,0,0,0,-1
gmsc,mlp,71,NumberOfTime30-59DaysPastDueNotWorse,relative_minus_5,-0.05,0.0,0.05,0.07244781616495638,0.07616835894619493,0.0037205427812385533,0.0037205427812385533,0,0,0,-1
gmsc,mlp,72,NumberOfTime30-59DaysPastDueNotWorse,relative_minus_5,-0.05,0.0,0.05,0.03217968676284227,0.03495177699209578,0.00277209022925351,0.00277209022925351,0,0,0,-1
gmsc,mlp,73,NumberOfTime30-59DaysPastDueNotWorse,relative_minus_5,-0.05,0.0,0.05,0.044640504763767554,0.04720954748156173,0.002569042717794179,0.002569042717794179,0,0,0,-1
gmsc,mlp,74,NumberOfTime30-59DaysPastDueNotWorse,relative_minus_5,-0.05,0.0,0.05,0.03482378444402007,0.037600043876540645,0.002776259432520578,0.002776259432520578,0,0,0,-1
gmsc,mlp,75,NumberOfTime30-59DaysPastDueNotWorse,relative_minus_5,-0.05,0.0,0.05,0.04920214568663398,0.053238693276814436,0.0040365475901804546,0.0040365475901804546,0,0,0,-1
gmsc,mlp,76,NumberOfTime30-59DaysPastDueNotWorse,relative_minus_5,-0.05,0.0,0.05,0.02205212445347039,0.023398687944710363,0.0013465634912399743,0.0013465634912399743,0,0,0,-1
gmsc,mlp,77,NumberOfTime30-59DaysPastDueNotWorse,relative_minus_5,-0.05,0.0,0.05,0.009856180676789783,0.010977390960242398,0.0011212102834526148,0.0011212102834526148,0,0,0,-1
gmsc,mlp,78,NumberOfTime30-59DaysPastDueNotWorse,relative_minus_5,-0.05,0.0,0.05,0.010129649250511236,0.01123501944159261,0.0011053701910813743,0.0011053701910813743,0,0,0,-1
gmsc,mlp,79,NumberOfTime30-59DaysPastDueNotWorse,relative_minus_5,-0.05,0.0,0.05,0.025575449411528527,0.027346509945425503,0.0017710605338969766,0.0017710605338969766,0,0,0,-1
gmsc,mlp,80,NumberOfTime30-59DaysPastDueNotWorse,relative_minus_5,-0.05,0.0,0.05,0.005666248820127979,0.006212255342409344,0.0005460065222813648,0.0005460065222813648,0,0,0,-1
gmsc,mlp,81,NumberOfTime30-59DaysPastDueNotWorse,relative_minus_5,-0.05,0.0,0.05,0.04332063353337088,0.04576425252170412,0.002443618988333243,0.002443618988333243,0,0,0,-1
gmsc,mlp,82,NumberOfTime30-59DaysPastDueNotWorse,relative_minus_5,-0.05,0.0,0.05,0.01937427089536237,0.020969422753302446,0.0015951518579400761,0.0015951518579400761,0,0,0,-1
gmsc,mlp,83,NumberOfTime30-59DaysPastDueNotWorse,relative_minus_5,-0.05,0.0,0.05,0.014956252536287561,0.01654368494893897,0.0015874324126514076,0.0015874324126514076,0,0,0,-1
gmsc,mlp,84,NumberOfTime30-59DaysPastDueNotWorse,relative_minus_5,-0.05,0.0,0.05,0.034404191335380946,0.03661253232960759,0.0022083409942266416,0.0022083409942266416,0,0,0,-1
gmsc,mlp,85,NumberOfTime30-59DaysPastDueNotWorse,relative_minus_5,-0.05,0.0,0.05,0.016073637508889543,0.017612891315804385,0.0015392538069148413,0.0015392538069148413,0,0,0,-1
gmsc,mlp,86,NumberOfTime30-59DaysPastDueNotWorse,relative_minus_5,-0.05,0.0,0.05,0.03951246267546877,0.04250627446474982,0.0029938117892810492,0.0029938117892810492,0,0,0,-1
gmsc,mlp,87,NumberOfTime30-59DaysPastDueNotWorse,relative_minus_5,-0.05,0.0,0.05,0.023170727869934838,0.025128013538010117,0.0019572856680752787,0.0019572856680752787,0,0,0,-1
gmsc,mlp,88,NumberOfTime30-59DaysPastDueNotWorse,relative_minus_5,-0.05,0.0,0.05,0.014049767208401245,0.01545932076248485,0.0014095535540836045,0.0014095535540836045,0,0,0,-1
gmsc,mlp,89,NumberOfTime30-59DaysPastDueNotWorse,relative_minus_5,-0.05,0.0,0.05,0.031436900478850546,0.03339803240777113,0.001961131928920584,0.001961131928920584,0,0,0,-1
gmsc,mlp,90,NumberOfTime30-59DaysPastDueNotWorse,relative_minus_5,-0.05,0.0,0.05,0.005417127218637603,0.006004853964615676,0.0005877267459780729,0.0005877267459780729,0,0,0,-1
gmsc,mlp,91,NumberOfTime30-59DaysPastDueNotWorse,relative_minus_5,-0.05,0.0,0.05,0.025606851072255785,0.026816178662318026,0.0012093275900622417,0.0012093275900622417,0,0,0,-1
gmsc,mlp,92,NumberOfTime30-59DaysPastDueNotWorse,relative_minus_5,-0.05,0.0,0.05,0.06791010130064887,0.07381439109326181,0.005904289792612941,0.005904289792612941,0,0,0,-1
gmsc,mlp,93,NumberOfTime30-59DaysPastDueNotWorse,relative_minus_5,-0.05,0.0,0.05,0.012557321048589615,0.01359952190235141,0.0010422008537617957,0.0010422008537617957,0,0,0,-1
gmsc,mlp,94,NumberOfTime30-59DaysPastDueNotWorse,relative_minus_5,-0.05,0.0,0.05,0.01479561435417343,0.01634724635577947,0.0015516320016060407,0.0015516320016060407,0,0,0,-1
gmsc,mlp,95,NumberOfTime30-59DaysPastDueNotWorse,relative_minus_5,-0.05,0.0,0.05,0.02165723032387087,0.023453955766074955,0.0017967254422040849,0.0017967254422040849,0,0,0,-1
gmsc,mlp,96,NumberOfTime30-59DaysPastDueNotWorse,relative_minus_5,-0.05,0.0,0.05,0.025618448582325936,0.027962562856444752,0.0023441142741188158,0.0023441142741188158,0,0,0,-1
gmsc,mlp,97,NumberOfTime30-59DaysPastDueNotWorse,relative_minus_5,-0.05,0.0,0.05,0.017705870709505835,0.019148590834195008,0.0014427201246891737,0.0014427201246891737,0,0,0,-1
gmsc,mlp,98,NumberOfTime30-59DaysPastDueNotWorse,relative_minus_5,-0.05,0.0,0.05,0.021717560701058864,0.023352464336132445,0.0016349036350735806,0.0016349036350735806,0,0,0,-1
gmsc,mlp,99,NumberOfTime30-59DaysPastDueNotWorse,relative_minus_5,-0.05,2.0,2.1,0.2986561163043243,0.3127358444183913,0.014079728114066992,0.014079728114066992,0,0,0,-1
gmsc,mlp,0,NumberOfTime30-59DaysPastDueNotWorse,relative_plus_5,0.05,0.0,0.05,0.02211686465599193,0.024461433988088713,0.002344569332096782,0.002344569332096782,0,0,0,-1
gmsc,mlp,1,NumberOfTime30-59DaysPastDueNotWorse,relative_plus_5,0.05,0.0,0.05,0.01569449495491033,0.01756055963549519,0.00186606468058486,0.00186606468058486,0,0,0,-1
gmsc,mlp,2,NumberOfTime30-59DaysPastDueNotWorse,relative_plus_5,0.05,0.0,0.05,0.016575068310977385,0.018397461123550337,0.0018223928125729524,0.0018223928125729524,0,0,0,-1
gmsc,mlp,3,NumberOfTime30-59DaysPastDueNotWorse,relative_plus_5,0.05,0.0,0.05,0.034126022539606525,0.03670886668931212,0.002582844149705596,0.002582844149705596,0,0,0,-1
gmsc,mlp,4,NumberOfTime30-59DaysPastDueNotWorse,relative_plus_5,0.05,0.0,0.05,0.026106102898580053,0.028606594770678156,0.0025004918720981026,0.0025004918720981026,0,0,0,-1
gmsc,mlp,5,NumberOfTime30-59DaysPastDueNotWorse,relative_plus_5,0.05,0.0,0.05,0.021830131699538843,0.023639759088374773,0.0018096273888359299,0.0018096273888359299,0,0,0,-1
gmsc,mlp,6,NumberOfTime30-59DaysPastDueNotWorse,relative_plus_5,0.05,0.0,0.05,0.03217662260521963,0.03575014764331185,0.003573525038092218,0.003573525038092218,0,0,0,-1
gmsc,mlp,7,NumberOfTime30-59DaysPastDueNotWorse,relative_plus_5,0.05,0.0,0.05,0.046315106403102796,0.050113693692735176,0.0037985872896323797,0.0037985872896323797,0,0,0,-1
gmsc,mlp,8,NumberOfTime30-59DaysPastDueNotWorse,relative_plus_5,0.05,0.0,0.05,0.05673708325740244,0.06046767153184904,0.0037305882744465974,0.0037305882744465974,0,0,0,-1
gmsc,mlp,9,NumberOfTime30-59DaysPastDueNotWorse,relative_plus_5,0.05,1.0,1.05,0.07183380465082981,0.07449138144082888,0.002657576789999075,0.002657576789999075,0,0,0,-1
gmsc,mlp,10,NumberOfTime30-59DaysPastDueNotWorse,relative_plus_5,0.05,0.0,0.05,0.029425463415082575,0.03177869042170703,0.002353227006624454,0.002353227006624454,0,0,0,-1
gmsc,mlp,11,NumberOfTime30-59DaysPastDueNotWorse,relative_plus_5,0.05,0.0,0.05,0.012965465127209348,0.013792785115197735,0.0008273199879883873,0.0008273199879883873,0,0,0,-1
gmsc,mlp,12,NumberOfTime30-59DaysPastDueNotWorse,relative_plus_5,0.05,0.0,0.05,0.007076920292949544,0.007863329243460882,0.0007864089505113378,0.0007864089505113378,0,0,0,-1
gmsc,mlp,13,NumberOfTime30-59DaysPastDueNotWorse,relative_plus_5,0.05,0.0,0.05,0.35361463292929435,0.35147658129682374,-0.0021380516324706056,0.0021380516324706056,0,0,0,-1
gmsc,mlp,14,NumberOfTime30-59DaysPastDueNotWorse,relative_plus_5,0.05,0.0,0.05,0.03041379302018182,0.033784924116998044,0.0033711310968162246,0.0033711310968162246,0,0,0,-1
gmsc,mlp,15,NumberOfTime30-59DaysPastDueNotWorse,relative_plus_5,0.05,1.0,1.05,0.028531846223265274,0.03033047161949523,0.0017986253962299567,0.0017986253962299567,0,0,0,-1
gmsc,mlp,16,NumberOfTime30-59DaysPastDueNotWorse,relative_plus_5,0.05,1.0,1.05,0.11002930362193034,0.11447403328744458,0.004444729665514249,0.004444729665514249,0,0,0,-1
gmsc,mlp,17,NumberOfTime30-59DaysPastDueNotWorse,relative_plus_5,0.05,0.0,0.05,0.013790889882417817,0.015058072332818594,0.0012671824504007778,0.0012671824504007778,0,0,0,-1
gmsc,mlp,18,NumberOfTime30-59DaysPastDueNotWorse,relative_plus_5,0.05,0.0,0.05,0.02753715371688414,0.029360220848461283,0.0018230671315771427,0.0018230671315771427,0,0,0,-1
gmsc,mlp,19,NumberOfTime30-59DaysPastDueNotWorse,relative_plus_5,0.05,1.0,1.05,0.052926506156008635,0.058313531541061094,0.005387025385052459,0.005387025385052459,0,0,0,-1
gmsc,mlp,20,NumberOfTime30-59DaysPastDueNotWorse,relative_plus_5,0.05,0.0,0.05,0.008830310596060332,0.009692205896886737,0.0008618953008264051,0.0008618953008264051,0,0,0,-1
gmsc,mlp,21,NumberOfTime30-59DaysPastDueNotWorse,relative_plus_5,0.05,0.0,0.05,0.014797349397540089,0.015798698145664206,0.0010013487481241173,0.0010013487481241173,0,0,0,-1
gmsc,mlp,22,NumberOfTime30-59DaysPastDueNotWorse,relative_plus_5,0.05,0.0,0.05,0.04562370697875247,0.050145723725270194,0.004522016746517726,0.004522016746517726,0,0,0,-1
gmsc,mlp,23,NumberOfTime30-59DaysPastDueNotWorse,relative_plus_5,0.05,0.0,0.05,0.01573080665121102,0.01720244781471845,0.0014716411635074325,0.0014716411635074325,0,0,0,-1
gmsc,mlp,24,NumberOfTime30-59DaysPastDueNotWorse,relative_plus_5,0.05,0.0,0.05,0.011506289508992087,0.012804314841206966,0.0012980253322148784,0.0012980253322148784,0,0,0,-1
gmsc,mlp,25,NumberOfTime30-59DaysPastDueNotWorse,relative_plus_5,0.05,0.0,0.05,0.03731802443216143,0.04060551957685798,0.003287495144696548,0.003287495144696548,0,0,0,-1
gmsc,mlp,26,NumberOfTime30-59DaysPastDueNotWorse,relative_plus_5,0.05,0.0,0.05,0.029333059161415907,0.03220332237019272,0.0028702632087768166,0.0028702632087768166,0,0,0,-1
gmsc,mlp,27,NumberOfTime30-59DaysPastDueNotWorse,relative_plus_5,0.05,0.0,0.05,0.035095010256273325,0.03828480586757492,0.003189795611301595,0.003189795611301595,0,0,0,-1
gmsc,mlp,28,NumberOfTime30-59DaysPastDueNotWorse,relative_plus_5,0.05,0.0,0.05,0.09263198005026192,0.09873822993323689,0.006106249882974965,0.006106249882974965,0,0,0,-1
gmsc,mlp,29,NumberOfTime30-59DaysPastDueNotWorse,relative_plus_5,0.05,0.0,0.05,0.006344097366443652,0.007044025430330933,0.0006999280638872807,0.0006999280638872807,0,0,0,-1
gmsc,mlp,30,NumberOfTime30-59DaysPastDueNotWorse,relative_plus_5,0.05,0.0,0.05,0.046242861401163154,0.04839235439282927,0.002149492991666113,0.002149492991666113,0,0,0,-1
gmsc,mlp,31,NumberOfTime30-59DaysPastDueNotWorse,relative_plus_5,0.05,0.0,0.05,0.0255021185573372,0.028020075406284737,0.0025179568489475355,0.0025179568489475355,0,0,0,-1
gmsc,mlp,32,NumberOfTime30-59DaysPastDueNotWorse,relative_plus_5,0.05,0.0,0.05,0.026376707227492684,0.028850669973415677,0.002473962745922993,0.002473962745922993,0,0,0,-1
gmsc,mlp,33,NumberOfTime30-59DaysPastDueNotWorse,relative_plus_5,0.05,0.0,0.05,0.015498282720832536,0.017135054942779986,0.0016367722219474499,0.0016367722219474499,0,0,0,-1
gmsc,mlp,34,NumberOfTime30-59DaysPastDueNotWorse,relative_plus_5,0.05,1.0,1.05,0.08535157193754099,0.0880769284808985,0.00272535654335751,0.00272535654335751,0,0,0,-1
gmsc,mlp,35,NumberOfTime30-59DaysPastDueNotWorse,relative_plus_5,0.05,2.0,2.1,0.19910001606794017,0.20939663451234994,0.010296618444409766,0.010296618444409766,0,0,0,-1
gmsc,mlp,36,NumberOfTime30-59DaysPastDueNotWorse,relative_plus_5,0.05,0.0,0.05,0.010761647197797914,0.01190940823854643,0.0011477610407485163,0.0011477610407485163,0,0,0,-1
gmsc,mlp,37,NumberOfTime30-59DaysPastDueNotWorse,relative_plus_5,0.05,0.0,0.05,0.01757909301258303,0.01900349279654081,0.0014243997839577804,0.0014243997839577804,0,0,0,-1
gmsc,mlp,38,NumberOfTime30-59DaysPastDueNotWorse,relative_plus_5,0.05,0.0,0.05,0.009145988810159647,0.010149058302402739,0.0010030694922430923,0.0010030694922430923,0,0,0,-1
gmsc,mlp,39,NumberOfTime30-59DaysPastDueNotWorse,relative_plus_5,0.05,0.0,0.05,0.051173952814171794,0.05382379131346613,0.0026498384992943366,0.0026498384992943366,0,0,0,-1
gmsc,mlp,40,NumberOfTime30-59DaysPastDueNotWorse,relative_plus_5,0.05,0.0,0.05,0.022676366611436422,0.02475044963249907,0.002074083021062649,0.002074083021062649,0,0,0,-1
gmsc,mlp,41,NumberOfTime30-59DaysPastDueNotWorse,relative_plus_5,0.05,0.0,0.05,0.04009590259851887,0.04249414473079331,0.002398242132274443,0.002398242132274443,0,0,0,-1
gmsc,mlp,42,NumberOfTime30-59DaysPastDueNotWorse,relative_plus_5,0.05,0.0,0.05,0.02298812229422112,0.024611765890816584,0.001623643596595465,0.001623643596595465,0,0,0,-1
gmsc,mlp,43,NumberOfTime30-59DaysPastDueNotWorse,relative_plus_5,0.05,0.0,0.05,0.04219806536296886,0.045719708377026054,0.003521643014057191,0.003521643014057191,0,0,0,-1
gmsc,mlp,44,NumberOfTime30-59DaysPastDueNotWorse,relative_plus_5,0.05,0.0,0.05,0.01680383752969732,0.01853442927195494,0.00173059174225762,0.00173059174225762,0,0,0,-1
gmsc,mlp,45,NumberOfTime30-59DaysPastDueNotWorse,relative_plus_5,0.05,0.0,0.05,0.0359226511464687,0.03847456871485251,0.002551917568383813,0.002551917568383813,0,0,0,-1
gmsc,mlp,46,NumberOfTime30-59DaysPastDueNotWorse,relative_plus_5,0.05,0.0,0.05,0.008419834692001592,0.009457871561214335,0.0010380368692127426,0.0010380368692127426,0,0,0,-1
gmsc,mlp,47,NumberOfTime30-59DaysPastDueNotWorse,relative_plus_5,0.05,0.0,0.05,0.01526822945269322,0.016962147715674492,0.001693918262981273,0.001693918262981273,0,0,0,-1
gmsc,mlp,48,NumberOfTime30-59DaysPastDueNotWorse,relative_plus_5,0.05,0.0,0.05,0.011940522095800142,0.013275615766855898,0.001335093671055755,0.001335093671055755,0,0,0,-1
gmsc,mlp,49,NumberOfTime30-59DaysPastDueNotWorse,relative_plus_5,0.05,0.0,0.05,0.029003393714220643,0.03166582841659704,0.0026624347023763983,0.0026624347023763983,0,0,0,-1
gmsc,mlp,50,NumberOfTime30-59DaysPastDueNotWorse,relative_plus_5,0.05,0.0,0.05,0.03157652357546811,0.03443733878686618,0.0028608152113980684,0.0028608152113980684,0,0,0,-1
gmsc,mlp,51,NumberOfTime30-59DaysPastDueNotWorse,relative_plus_5,0.05,0.0,0.05,0.016133909190219866,0.01706936153066662,0.0009354523404467539,0.0009354523404467539,0,0,0,-1
gmsc,mlp,52,NumberOfTime30-59DaysPastDueNotWorse,relative_plus_5,0.05,0.0,0.05,0.008942513898120756,0.009923138822796235,0.0009806249246754797,0.0009806249246754797,0,0,0,-1
gmsc,mlp,53,NumberOfTime30-59DaysPastDueNotWorse,relative_plus_5,0.05,2.0,2.1,0.29379437931569313,0.2996862565358481,0.00589187722015494,0.00589187722015494,0,0,0,-1
gmsc,mlp,54,NumberOfTime30-59DaysPastDueNotWorse,relative_plus_5,0.05,3.0,3.15,0.3498543595427822,0.35167832439678276,0.0018239648540005482,0.0018239648540005482,0,0,0,-1
gmsc,mlp,55,NumberOfTime30-59DaysPastDueNotWorse,relative_plus_5,0.05,0.0,0.05,0.007600943545173095,0.00833504017923623,0.0007340966340631354,0.0007340966340631354,0,0,0,-1
gmsc,mlp,56,NumberOfTime30-59DaysPastDueNotWorse,relative_plus_5,0.05,0.0,0.05,0.025320893704546973,0.027402929460091374,0.002082035755544401,0.002082035755544401,0,0,0,-1
gmsc,mlp,57,NumberOfTime30-59DaysPastDueNotWorse,relative_plus_5,0.05,0.0,0.05,0.05069033380470405,0.05374533078244761,0.003054996977743557,0.003054996977743557,0,0,0,-1
gmsc,mlp,58,NumberOfTime30-59DaysPastDueNotWorse,relative_plus_5,0.05,0.0,0.05,0.16009590625064055,0.1648094301282341,0.004713523877593551,0.004713523877593551,0,0,0,-1
gmsc,mlp,59,NumberOfTime30-59DaysPastDueNotWorse,relative_plus_5,0.05,0.0,0.05,0.025457114256866867,0.027270185593913667,0.0018130713370467996,0.0018130713370467996,0,0,0,-1
gmsc,mlp,60,NumberOfTime30-59DaysPastDueNotWorse,relative_plus_5,0.05,0.0,0.05,0.037076780618332694,0.0397339617420987,0.002657181123766006,0.002657181123766006,0,0,0,-1
gmsc,mlp,61,NumberOfTime30-59DaysPastDueNotWorse,relative_plus_5,0.05,0.0,0.05,0.04860926951599663,0.051255826352914494,0.0026465568369178627,0.0026465568369178627,0,0,0,-1
gmsc,mlp,62,NumberOfTime30-59DaysPastDueNotWorse,relative_plus_5,0.05,0.0,0.05,0.022160573410907457,0.02408807425452926,0.001927500843621803,0.001927500843621803,0,0,0,-1
gmsc,mlp,63,NumberOfTime30-59DaysPastDueNotWorse,relative_plus_5,0.05,0.0,0.05,0.010545360475655359,0.0114153347925095,0.0008699743168541409,0.0008699743168541409,0,0,0,-1
gmsc,mlp,64,NumberOfTime30-59DaysPastDueNotWorse,relative_plus_5,0.05,0.0,0.05,0.05188426446215026,0.05486203202953259,0.002977767567382328,0.002977767567382328,0,0,0,-1
gmsc,mlp,65,NumberOfTime30-59DaysPastDueNotWorse,relative_plus_5,0.05,2.0,2.1,0.19320558451418393,0.20927859044668065,0.01607300593249672,0.01607300593249672,0,0,0,-1
gmsc,mlp,66,NumberOfTime30-59DaysPastDueNotWorse,relative_plus_5,0.05,0.0,0.05,0.017380461870616856,0.019061435711891696,0.0016809738412748403,0.0016809738412748403,0,0,0,-1
gmsc,mlp,67,NumberOfTime30-59DaysPastDueNotWorse,relative_plus_5,0.05,0.0,0.05,0.045289289381342065,0.04819609802253392,0.0029068086411918534,0.0029068086411918534,0,0,0,-1
gmsc,mlp,68,NumberOfTime30-59DaysPastDueNotWorse,relative_plus_5,0.05,0.0,0.05,0.012814695328681581,0.013889372035633878,0.0010746767069522972,0.0010746767069522972,0,0,0,-1
gmsc,mlp,69,NumberOfTime30-59DaysPastDueNotWorse,relative_plus_5,0.05,0.0,0.05,0.09362660727989738,0.09655136465149398,0.0029247573715966008,0.0029247573715966008,0,0,0,-1
gmsc,mlp,70,NumberOfTime30-59DaysPastDueNotWorse,relative_plus_5,0.05,1.0,1.05,0.09827269814207695,0.10355014042593451,0.005277442283857556,0.005277442283857556,0,0,0,-1
gmsc,mlp,71,NumberOfTime30-59DaysPastDueNotWorse,relative_plus_5,0.05,0.0,0.05,0.07244781616495638,0.07616835894619493,0.0037205427812385533,0.0037205427812385533,0,0,0,-1
gmsc,mlp,72,NumberOfTime30-59DaysPastDueNotWorse,relative_plus_5,0.05,0.0,0.05,0.03217968676284227,0.03495177699209578,0.00277209022925351,0.00277209022925351,0,0,0,-1
gmsc,mlp,73,NumberOfTime30-59DaysPastDueNotWorse,relative_plus_5,0.05,0.0,0.05,0.044640504763767554,0.04720954748156173,0.002569042717794179,0.002569042717794179,0,0,0,-1
gmsc,mlp,74,NumberOfTime30-59DaysPastDueNotWorse,relative_plus_5,0.05,0.0,0.05,0.03482378444402007,0.037600043876540645,0.002776259432520578,0.002776259432520578,0,0,0,-1
gmsc,mlp,75,NumberOfTime30-59DaysPastDueNotWorse,relative_plus_5,0.05,0.0,0.05,0.04920214568663398,0.053238693276814436,0.0040365475901804546,0.0040365475901804546,0,0,0,-1
gmsc,mlp,76,NumberOfTime30-59DaysPastDueNotWorse,relative_plus_5,0.05,0.0,0.05,0.02205212445347039,0.023398687944710363,0.0013465634912399743,0.0013465634912399743,0,0,0,-1
gmsc,mlp,77,NumberOfTime30-59DaysPastDueNotWorse,relative_plus_5,0.05,0.0,0.05,0.009856180676789783,0.010977390960242398,0.0011212102834526148,0.0011212102834526148,0,0,0,-1
gmsc,mlp,78,NumberOfTime30-59DaysPastDueNotWorse,relative_plus_5,0.05,0.0,0.05,0.010129649250511236,0.01123501944159261,0.0011053701910813743,0.0011053701910813743,0,0,0,-1
gmsc,mlp,79,NumberOfTime30-59DaysPastDueNotWorse,relative_plus_5,0.05,0.0,0.05,0.025575449411528527,0.027346509945425503,0.0017710605338969766,0.0017710605338969766,0,0,0,-1
gmsc,mlp,80,NumberOfTime30-59DaysPastDueNotWorse,relative_plus_5,0.05,0.0,0.05,0.005666248820127979,0.006212255342409344,0.0005460065222813648,0.0005460065222813648,0,0,0,-1
gmsc,mlp,81,NumberOfTime30-59DaysPastDueNotWorse,relative_plus_5,0.05,0.0,0.05,0.04332063353337088,0.04576425252170412,0.002443618988333243,0.002443618988333243,0,0,0,-1
gmsc,mlp,82,NumberOfTime30-59DaysPastDueNotWorse,relative_plus_5,0.05,0.0,0.05,0.01937427089536237,0.020969422753302446,0.0015951518579400761,0.0015951518579400761,0,0,0,-1
gmsc,mlp,83,NumberOfTime30-59DaysPastDueNotWorse,relative_plus_5,0.05,0.0,0.05,0.014956252536287561,0.01654368494893897,0.0015874324126514076,0.0015874324126514076,0,0,0,-1
gmsc,mlp,84,NumberOfTime30-59DaysPastDueNotWorse,relative_plus_5,0.05,0.0,0.05,0.034404191335380946,0.03661253232960759,0.0022083409942266416,0.0022083409942266416,0,0,0,-1
gmsc,mlp,85,NumberOfTime30-59DaysPastDueNotWorse,relative_plus_5,0.05,0.0,0.05,0.016073637508889543,0.017612891315804385,0.0015392538069148413,0.0015392538069148413,0,0,0,-1
gmsc,mlp,86,NumberOfTime30-59DaysPastDueNotWorse,relative_plus_5,0.05,0.0,0.05,0.03951246267546877,0.04250627446474982,0.0029938117892810492,0.0029938117892810492,0,0,0,-1
gmsc,mlp,87,NumberOfTime30-59DaysPastDueNotWorse,relative_plus_5,0.05,0.0,0.05,0.023170727869934838,0.025128013538010117,0.0019572856680752787,0.0019572856680752787,0,0,0,-1
gmsc,mlp,88,NumberOfTime30-59DaysPastDueNotWorse,relative_plus_5,0.05,0.0,0.05,0.014049767208401245,0.01545932076248485,0.0014095535540836045,0.0014095535540836045,0,0,0,-1
gmsc,mlp,89,NumberOfTime30-59DaysPastDueNotWorse,relative_plus_5,0.05,0.0,0.05,0.031436900478850546,0.03339803240777113,0.001961131928920584,0.001961131928920584,0,0,0,-1
gmsc,mlp,90,NumberOfTime30-59DaysPastDueNotWorse,relative_plus_5,0.05,0.0,0.05,0.005417127218637603,0.006004853964615676,0.0005877267459780729,0.0005877267459780729,0,0,0,-1
gmsc,mlp,91,NumberOfTime30-59DaysPastDueNotWorse,relative_plus_5,0.05,0.0,0.05,0.025606851072255785,0.026816178662318026,0.0012093275900622417,0.0012093275900622417,0,0,0,-1
gmsc,mlp,92,NumberOfTime30-59DaysPastDueNotWorse,relative_plus_5,0.05,0.0,0.05,0.06791010130064887,0.07381439109326181,0.005904289792612941,0.005904289792612941,0,0,0,-1
gmsc,mlp,93,NumberOfTime30-59DaysPastDueNotWorse,relative_plus_5,0.05,0.0,0.05,0.012557321048589615,0.01359952190235141,0.0010422008537617957,0.0010422008537617957,0,0,0,-1
gmsc,mlp,94,NumberOfTime30-59DaysPastDueNotWorse,relative_plus_5,0.05,0.0,0.05,0.01479561435417343,0.01634724635577947,0.0015516320016060407,0.0015516320016060407,0,0,0,-1
gmsc,mlp,95,NumberOfTime30-59DaysPastDueNotWorse,relative_plus_5,0.05,0.0,0.05,0.02165723032387087,0.023453955766074955,0.0017967254422040849,0.0017967254422040849,0,0,0,-1
gmsc,mlp,96,NumberOfTime30-59DaysPastDueNotWorse,relative_plus_5,0.05,0.0,0.05,0.025618448582325936,0.027962562856444752,0.0023441142741188158,0.0023441142741188158,0,0,0,-1
gmsc,mlp,97,NumberOfTime30-59DaysPastDueNotWorse,relative_plus_5,0.05,0.0,0.05,0.017705870709505835,0.019148590834195008,0.0014427201246891737,0.0014427201246891737,0,0,0,-1
gmsc,mlp,98,NumberOfTime30-59DaysPastDueNotWorse,relative_plus_5,0.05,0.0,0.05,0.021717560701058864,0.023352464336132445,0.0016349036350735806,0.0016349036350735806,0,0,0,-1
gmsc,mlp,99,NumberOfTime30-59DaysPastDueNotWorse,relative_plus_5,0.05,2.0,2.1,0.2986561163043243,0.3127358444183913,0.014079728114066992,0.014079728114066992,0,0,0,-1
gmsc,mlp,0,NumberOfTime30-59DaysPastDueNotWorse,relative_minus_10,-0.1,0.0,0.1,0.02211686465599193,0.02704767235877994,0.004930807702788011,0.004930807702788011,0,0,0,-1
gmsc,mlp,1,NumberOfTime30-59DaysPastDueNotWorse,relative_minus_10,-0.1,0.0,0.1,0.01569449495491033,0.019645366924252162,0.003950871969341831,0.003950871969341831,0,0,0,-1
gmsc,mlp,2,NumberOfTime30-59DaysPastDueNotWorse,relative_minus_10,-0.1,0.0,0.1,0.016575068310977385,0.020416062398140797,0.0038409940871634123,0.0038409940871634123,0,0,0,-1
gmsc,mlp,3,NumberOfTime30-59DaysPastDueNotWorse,relative_minus_10,-0.1,0.0,0.1,0.034126022539606525,0.03880834152389831,0.004682318984291785,0.004682318984291785,0,0,0,-1
gmsc,mlp,4,NumberOfTime30-59DaysPastDueNotWorse,relative_minus_10,-0.1,0.0,0.1,0.026106102898580053,0.03091047883976068,0.004804375941180626,0.004804375941180626,0,0,0,-1
gmsc,mlp,5,NumberOfTime30-59DaysPastDueNotWorse,relative_minus_10,-0.1,0.0,0.1,0.021830131699538843,0.025510171390612308,0.0036800396910734653,0.0036800396910734653,0,0,0,-1
gmsc,mlp,6,NumberOfTime30-59DaysPastDueNotWorse,relative_minus_10,-0.1,0.0,0.1,0.03217662260521963,0.03922701043580957,0.007050387830589935,0.007050387830589935,0,0,0,-1
gmsc,mlp,7,NumberOfTime30-59DaysPastDueNotWorse,relative_minus_10,-0.1,0.0,0.1,0.046315106403102796,0.05428092081843535,0.007965814415332555,0.007965814415332555,0,0,0,-1
gmsc,mlp,8,NumberOfTime30-59DaysPastDueNotWorse,relative_minus_10,-0.1,0.0,0.1,0.05673708325740244,0.06442680009481357,0.007689716837411126,0.007689716837411126,0,0,0,-1
gmsc,mlp,9,NumberOfTime30-59DaysPastDueNotWorse,relative_minus_10,-0.1,1.0,1.1,0.07183380465082981,0.0766373597375191,0.004803555086689296,0.004803555086689296,0,0,0,-1
gmsc,mlp,10,NumberOfTime30-59DaysPastDueNotWorse,relative_minus_10,-0.1,0.0,0.1,0.029425463415082575,0.033981092352099715,0.00455562893701714,0.00455562893701714,0,0,0,-1
gmsc,mlp,11,NumberOfTime30-59DaysPastDueNotWorse,relative_minus_10,-0.1,0.0,0.1,0.012965465127209348,0.014672111258869119,0.0017066461316597708,0.0017066461316597708,0,0,0,-1
gmsc,mlp,12,NumberOfTime30-59DaysPastDueNotWorse,relative_minus_10,-0.1,0.0,0.1,0.007076920292949544,0.00873635745759633,0.0016594371646467864,0.0016594371646467864,0,0,0,-1
gmsc,mlp,13,NumberOfTime30-59DaysPastDueNotWorse,relative_minus_10,-0.1,0.0,0.1,0.35361463292929435,0.34934447027214727,-0.004270162657147081,0.004270162657147081,0,0,0,-1
gmsc,mlp,14,NumberOfTime30-59DaysPastDueNotWorse,relative_minus_10,-0.1,0.0,0.1,0.03041379302018182,0.03751526093012118,0.007101467909939364,0.007101467909939364,0,0,0,-1
gmsc,mlp,15,NumberOfTime30-59DaysPastDueNotWorse,relative_minus_10,-0.1,1.0,1.1,0.028531846223265274,0.03223871825172089,0.003706872028455613,0.003706872028455613,0,0,0,-1
gmsc,mlp,16,NumberOfTime30-59DaysPastDueNotWorse,relative_minus_10,-0.1,1.0,1.1,0.11002930362193034,0.11880568391721241,0.008776380295282077,0.008776380295282077,0,0,0,-1
gmsc,mlp,17,NumberOfTime30-59DaysPastDueNotWorse,relative_minus_10,-0.1,0.0,0.1,0.013790889882417817,0.016305073709530712,0.0025141838271128952,0.0025141838271128952,0,0,0,-1
gmsc,mlp,18,NumberOfTime30-59DaysPastDueNotWorse,relative_minus_10,-0.1,0.0,0.1,0.02753715371688414,0.03130009743168903,0.00376294371480489,0.00376294371480489,0,0,0,-1
gmsc,mlp,19,NumberOfTime30-59DaysPastDueNotWorse,relative_minus_10,-0.1,1.0,1.1,0.052926506156008635,0.06417946300426221,0.011252956848253573,0.011252956848253573,0,0,0,-1
gmsc,mlp,20,NumberOfTime30-59DaysPastDueNotWorse,relative_minus_10,-0.1,0.0,0.1,0.008830310596060332,0.010637324887482518,0.0018070142914221859,0.0018070142914221859,0,0,0,-1
gmsc,mlp,21,NumberOfTime30-59DaysPastDueNotWorse,relative_minus_10,-0.1,0.0,0.1,0.014797349397540089,0.01686664889779981,0.0020692995002597227,0.0020692995002597227,0,0,0,-1
gmsc,mlp,22,NumberOfTime30-59DaysPastDueNotWorse,relative_minus_10,-0.1,0.0,0.1,0.04562370697875247,0.05509007059627302,0.009466363617520554,0.009466363617520554,0,0,0,-1
gmsc,mlp,23,NumberOfTime30-59DaysPastDueNotWorse,relative_minus_10,-0.1,0.0,0.1,0.01573080665121102,0.018809132352602724,0.003078325701391705,0.003078325701391705,0,0,0,-1
gmsc,mlp,24,NumberOfTime30-59DaysPastDueNotWorse,relative_minus_10,-0.1,0.0,0.1,0.011506289508992087,0.01433888847015898,0.002832598961166893,0.002832598961166893,0,0,0,-1
gmsc,mlp,25,NumberOfTime30-59DaysPastDueNotWorse,relative_minus_10,-0.1,0.0,0.1,0.03731802443216143,0.04414379298434182,0.006825768552180388,0.006825768552180388,0,0,0,-1
gmsc,mlp,26,NumberOfTime30-59DaysPastDueNotWorse,relative_minus_10,-0.1,0.0,0.1,0.029333059161415907,0.03534421645146404,0.006011157290048131,0.006011157290048131,0,0,0,-1
gmsc,mlp,27,NumberOfTime30-59DaysPastDueNotWorse,relative_minus_10,-0.1,0.0,0.1,0.035095010256273325,0.04175197785981696,0.006656967603543638,0.006656967603543638,0,0,0,-1
gmsc,mlp,28,NumberOfTime30-59DaysPastDueNotWorse,relative_minus_10,-0.1,0.0,0.1,0.09263198005026192,0.10520033221164064,0.01256835216137872,0.01256835216137872,0,0,0,-1
gmsc,mlp,29,NumberOfTime30-59DaysPastDueNotWorse,relative_minus_10,-0.1,0.0,0.1,0.006344097366443652,0.0078205670004465,0.001476469634002847,0.001476469634002847,0,0,0,-1
gmsc,mlp,30,NumberOfTime30-59DaysPastDueNotWorse,relative_minus_10,-0.1,0.0,0.1,0.046242861401163154,0.050636457016615934,0.004393595615452779,0.004393595615452779,0,0,0,-1
gmsc,mlp,31,NumberOfTime30-59DaysPastDueNotWorse,relative_minus_10,-0.1,0.0,0.1,0.0255021185573372,0.030778791042520726,0.005276672485183525,0.005276672485183525,0,0,0,-1
gmsc,mlp,32,NumberOfTime30-59DaysPastDueNotWorse,relative_minus_10,-0.1,0.0,0.1,0.026376707227492684,0.03162808479913556,0.0052513775716428734,0.0052513775716428734,0,0,0,-1
gmsc,mlp,33,NumberOfTime30-59DaysPastDueNotWorse,relative_minus_10,-0.1,0.0,0.1,0.015498282720832536,0.01894136079474949,0.003443078073916953,0.003443078073916953,0,0,0,-1
gmsc,mlp,34,NumberOfTime30-59DaysPastDueNotWorse,relative_minus_10,-0.1,1.0,1.1,0.08535157193754099,0.09021606889499859,0.004864496957457595,0.004864496957457595,0,0,0,-1
gmsc,mlp,35,NumberOfTime30-59DaysPastDueNotWorse,relative_minus_10,-0.1,2.0,2.2,0.19910001606794017,0.22089567631434603,0.021795660246405862,0.021795660246405862,0,0,0,-1
gmsc,mlp,36,NumberOfTime30-59DaysPastDueNotWorse,relative_minus_10,-0.1,0.0,0.1,0.010761647197797914,0.01317795065069332,0.002416303452895405,0.002416303452895405,0,0,0,-1
gmsc,mlp,37,NumberOfTime30-59DaysPastDueNotWorse,relative_minus_10,-0.1,0.0,0.1,0.01757909301258303,0.020249512336791464,0.0026704193242084347,0.0026704193242084347,0,0,0,-1
gmsc,mlp,38,NumberOfTime30-59DaysPastDueNotWorse,relative_minus_10,-0.1,0.0,0.1,0.009145988810159647,0.011260887352673266,0.0021148985425136196,0.0021148985425136196,0,0,0,-1
gmsc,mlp,39,NumberOfTime30-59DaysPastDueNotWorse,relative_minus_10,-0.1,0.0,0.1,0.051173952814171794,0.05660265569979533,0.005428702885623533,0.005428702885623533,0,0,0,-1
gmsc,mlp,40,NumberOfTime30-59DaysPastDueNotWorse,relative_minus_10,-0.1,0.0,0.1,0.022676366611436422,0.027008995039199415,0.004332628427762993,0.004332628427762993,0,0,0,-1
gmsc,mlp,41,NumberOfTime30-59DaysPastDueNotWorse,relative_minus_10,-0.1,0.0,0.1,0.04009590259851887,0.04502910306171293,0.004933200463194058,0.004933200463194058,0,0,0,-1
gmsc,mlp,42,NumberOfTime30-59DaysPastDueNotWorse,relative_minus_10,-0.1,0.0,0.1,0.02298812229422112,0.026346994410266552,0.0033588721160454325,0.0033588721160454325,0,0,0,-1
gmsc,mlp,43,NumberOfTime30-59DaysPastDueNotWorse,relative_minus_10,-0.1,0.0,0.1,0.04219806536296886,0.049520055299475826,0.007321989936506963,0.007321989936506963,0,0,0,-1
gmsc,mlp,44,NumberOfTime30-59DaysPastDueNotWorse,relative_minus_10,-0.1,0.0,0.1,0.01680383752969732,0.020439545801600144,0.0036357082719028246,0.0036357082719028246,0,0,0,-1
gmsc,mlp,45,NumberOfTime30-59DaysPastDueNotWorse,relative_minus_10,-0.1,0.0,0.1,0.0359226511464687,0.04120002524645098,0.005277374099982281,0.005277374099982281,0,0,0,-1
gmsc,mlp,46,NumberOfTime30-59DaysPastDueNotWorse,relative_minus_10,-0.1,0.0,0.1,0.008419834692001592,0.010622511554464944,0.0022026768624633514,0.0022026768624633514,0,0,0,-1
gmsc,mlp,47,NumberOfTime30-59DaysPastDueNotWorse,relative_minus_10,-0.1,0.0,0.1,0.01526822945269322,0.01881991913318274,0.003551689680489521,0.003551689680489521,0,0,0,-1
gmsc,mlp,48,NumberOfTime30-59DaysPastDueNotWorse,relative_minus_10,-0.1,0.0,0.1,0.011940522095800142,0.01485218874830286,0.002911666652502717,0.002911666652502717,0,0,0,-1
gmsc,mlp,49,NumberOfTime30-59DaysPastDueNotWorse,relative_minus_10,-0.1,0.0,0.1,0.029003393714220643,0.03456396765626905,0.005560573942048404,0.005560573942048404,0,0,0,-1
gmsc,mlp,50,NumberOfTime30-59DaysPastDueNotWorse,relative_minus_10,-0.1,0.0,0.1,0.03157652357546811,0.03754729310787848,0.0059707695324103666,0.0059707695324103666,0,0,0,-1
gmsc,mlp,51,NumberOfTime30-59DaysPastDueNotWorse,relative_minus_10,-0.1,0.0,0.1,0.016133909190219866,0.018058056384012235,0.0019241471937923686,0.0019241471937923686,0,0,0,-1
gmsc,mlp,52,NumberOfTime30-59DaysPastDueNotWorse,relative_minus_10,-0.1,0.0,0.1,0.008942513898120756,0.011009233354196851,0.002066719456076095,0.002066719456076095,0,0,0,-1
gmsc,mlp,53,NumberOfTime30-59DaysPastDueNotWorse,relative_minus_10,-0.1,2.0,2.2,0.29379437931569313,0.30664404681138674,0.012849667495693606,0.012849667495693606,0,0,0,-1
gmsc,mlp,54,NumberOfTime30-59DaysPastDueNotWorse,relative_minus_10,-0.1,3.0,3.3,0.3498543595427822,0.3535066279870618,0.0036522684442795716,0.0036522684442795716,0,0,0,-1
gmsc,mlp,55,NumberOfTime30-59DaysPastDueNotWorse,relative_minus_10,-0.1,0.0,0.1,0.007600943545173095,0.009139382691100116,0.0015384391459270213,0.0015384391459270213,0,0,0,-1
gmsc,mlp,56,NumberOfTime30-59DaysPastDueNotWorse,relative_minus_10,-0.1,0.0,0.1,0.025320893704546973,0.02939933499155508,0.004078441287008107,0.004078441287008107,0,0,0,-1
gmsc,mlp,57,NumberOfTime30-59DaysPastDueNotWorse,relative_minus_10,-0.1,0.0,0.1,0.05069033380470405,0.056972190634371735,0.006281856829667684,0.006281856829667684,0,0,0,-1
gmsc,mlp,58,NumberOfTime30-59DaysPastDueNotWorse,relative_minus_10,-0.1,0.0,0.1,0.16009590625064055,0.1696337008945471,0.009537794643906555,0.009537794643906555,0,0,0,-1
gmsc,mlp,59,NumberOfTime30-59DaysPastDueNotWorse,relative_minus_10,-0.1,0.0,0.1,0.025457114256866867,0.029208514824987573,0.003751400568120705,0.003751400568120705,0,0,0,-1
gmsc,mlp,60,NumberOfTime30-59DaysPastDueNotWorse,relative_minus_10,-0.1,0.0,0.1,0.037076780618332694,0.04257315556396992,0.0054963749456372266,0.0054963749456372266,0,0,0,-1
gmsc,mlp,61,NumberOfTime30-59DaysPastDueNotWorse,relative_minus_10,-0.1,0.0,0.1,0.04860926951599663,0.05403829196151318,0.005429022445516546,0.005429022445516546,0,0,0,-1
gmsc,mlp,62,NumberOfTime30-59DaysPastDueNotWorse,relative_minus_10,-0.1,0.0,0.1,0.022160573410907457,0.026215871042912443,0.004055297632004986,0.004055297632004986,0,0,0,-1
gmsc,mlp,63,NumberOfTime30-59DaysPastDueNotWorse,relative_minus_10,-0.1,0.0,0.1,0.010545360475655359,0.012356184239750963,0.001810823764095604,0.001810823764095604,0,0,0,-1
gmsc,mlp,64,NumberOfTime30-59DaysPastDueNotWorse,relative_minus_10,-0.1,0.0,0.1,0.05188426446215026,0.05800024634914108,0.006115981886990821,0.006115981886990821,0,0,0,-1
gmsc,mlp,65,NumberOfTime30-59DaysPastDueNotWorse,relative_minus_10,-0.1,2.0,2.2,0.19320558451418393,0.22559922120412235,0.032393636689938415,0.032393636689938415,0,0,0,-1
gmsc,mlp,66,NumberOfTime30-59DaysPastDueNotWorse,relative_minus_10,-0.1,0.0,0.1,0.017380461870616856,0.020901528886498884,0.0035210670158820276,0.0035210670158820276,0,0,0,-1
gmsc,mlp,67,NumberOfTime30-59DaysPastDueNotWorse,relative_minus_10,-0.1,0.0,0.1,0.045289289381342065,0.051247481122440375,0.005958191741098309,0.005958191741098309,0,0,0,-1
gmsc,mlp,68,NumberOfTime30-59DaysPastDueNotWorse,relative_minus_10,-0.1,0.0,0.1,0.012814695328681581,0.015052799929420106,0.0022381046007385243,0.0022381046007385243,0,0,0,-1
gmsc,mlp,69,NumberOfTime30-59DaysPastDueNotWorse,relative_minus_10,-0.1,0.0,0.1,0.09362660727989738,0.09955745145238089,0.005930844172483504,0.005930844172483504,0,0,0,-1
gmsc,mlp,70,NumberOfTime30-59DaysPastDueNotWorse,relative_minus_10,-0.1,1.0,1.1,0.09827269814207695,0.10869241755245408,0.010419719410377129,0.010419719410377129,0,0,0,-1
gmsc,mlp,71,NumberOfTime30-59DaysPastDueNotWorse,relative_minus_10,-0.1,0.0,0.1,0.07244781616495638,0.07976949346029574,0.007321677295339363,0.007321677295339363,0,0,0,-1
gmsc,mlp,72,NumberOfTime30-59DaysPastDueNotWorse,relative_minus_10,-0.1,0.0,0.1,0.03217968676284227,0.03795487967166005,0.005775192908817783,0.005775192908817783,0,0,0,-1
gmsc,mlp,73,NumberOfTime30-59DaysPastDueNotWorse,relative_minus_10,-0.1,0.0,0.1,0.044640504763767554,0.04954880161249406,0.004908296848726505,0.004908296848726505,0,0,0,-1
gmsc,mlp,74,NumberOfTime30-59DaysPastDueNotWorse,relative_minus_10,-0.1,0.0,0.1,0.03482378444402007,0.04067669850177865,0.005852914057758583,0.005852914057758583,0,0,0,-1
gmsc,mlp,75,NumberOfTime30-59DaysPastDueNotWorse,relative_minus_10,-0.1,0.0,0.1,0.04920214568663398,0.05758811769850956,0.008385972011875575,0.008385972011875575,0,0,0,-1
gmsc,mlp,76,NumberOfTime30-59DaysPastDueNotWorse,relative_minus_10,-0.1,0.0,0.1,0.02205212445347039,0.02482538901979882,0.0027732645663284296,0.0027732645663284296,0,0,0,-1
gmsc,mlp,77,NumberOfTime30-59DaysPastDueNotWorse,relative_minus_10,-0.1,0.0,0.1,0.009856180676789783,0.012224572134834482,0.0023683914580446986,0.0023683914580446986,0,0,0,-1
gmsc,mlp,78,NumberOfTime30-59DaysPastDueNotWorse,relative_minus_10,-0.1,0.0,0.1,0.010129649250511236,0.012454756784392472,0.002325107533881236,0.002325107533881236,0,0,0,-1
gmsc,mlp,79,NumberOfTime30-59DaysPastDueNotWorse,relative_minus_10,-0.1,0.0,0.1,0.025575449411528527,0.02923644759187842,0.0036609981803498934,0.0036609981803498934,0,0,0,-1
gmsc,mlp,80,NumberOfTime30-59DaysPastDueNotWorse,relative_minus_10,-0.1,0.0,0.1,0.005666248820127979,0.0068105153377594875,0.0011442665176315085,0.0011442665176315085,0,0,0,-1
gmsc,mlp,81,NumberOfTime30-59DaysPastDueNotWorse,relative_minus_10,-0.1,0.0,0.1,0.04332063353337088,0.048551401616041136,0.005230768082670256,0.005230768082670256,0,0,0,-1
gmsc,mlp,82,NumberOfTime30-59DaysPastDueNotWorse,relative_minus_10,-0.1,0.0,0.1,0.01937427089536237,0.022692869834616495,0.003318598939254125,0.003318598939254125,0,0,0,-1
gmsc,mlp,83,NumberOfTime30-59DaysPastDueNotWorse,relative_minus_10,-0.1,0.0,0.1,0.014956252536287561,0.018296475332409738,0.003340222796122177,0.003340222796122177,0,0,0,-1
gmsc,mlp,84,NumberOfTime30-59DaysPastDueNotWorse,relative_minus_10,-0.1,0.0,0.1,0.034404191335380946,0.038956903754440185,0.004552712419059239,0.004552712419059239,0,0,0,-1
gmsc,mlp,85,NumberOfTime30-59DaysPastDueNotWorse,relative_minus_10,-0.1,0.0,0.1,0.016073637508889543,0.0192966572644824,0.0032230197555928562,0.0032230197555928562,0,0,0,-1
gmsc,mlp,86,NumberOfTime30-59DaysPastDueNotWorse,relative_minus_10,-0.1,0.0,0.1,0.03951246267546877,0.04562332785154942,0.00611086517608065,0.00611086517608065,0,0,0,-1
gmsc,mlp,87,NumberOfTime30-59DaysPastDueNotWorse,relative_minus_10,-0.1,0.0,0.1,0.023170727869934838,0.027254729673953874,0.004084001804019036,0.004084001804019036,0,0,0,-1
gmsc,mlp,88,NumberOfTime30-59DaysPastDueNotWorse,relative_minus_10,-0.1,0.0,0.1,0.014049767208401245,0.01691308558648079,0.0028633183780795435,0.0028633183780795435,0,0,0,-1
gmsc,mlp,89,NumberOfTime30-59DaysPastDueNotWorse,relative_minus_10,-0.1,0.0,0.1,0.031436900478850546,0.035539097402189995,0.004102196923339449,0.004102196923339449,0,0,0,-1
gmsc,mlp,90,NumberOfTime30-59DaysPastDueNotWorse,relative_minus_10,-0.1,0.0,0.1,0.005417127218637603,0.00665591891293583,0.001238791694298227,0.001238791694298227,0,0,0,-1
gmsc,mlp,91,NumberOfTime30-59DaysPastDueNotWorse,relative_minus_10,-0.1,0.0,0.1,0.025606851072255785,0.028080972904460526,0.002474121832204742,0.002474121832204742,0,0,0,-1
gmsc,mlp,92,NumberOfTime30-59DaysPastDueNotWorse,relative_minus_10,-0.1,0.0,0.1,0.06791010130064887,0.0815899025935585,0.013679801292909632,0.013679801292909632,0,0,0,-1
gmsc,mlp,93,NumberOfTime30-59DaysPastDueNotWorse,relative_minus_10,-0.1,0.0,0.1,0.012557321048589615,0.014726930664412117,0.002169609615822502,0.002169609615822502,0,0,0,-1
gmsc,mlp,94,NumberOfTime30-59DaysPastDueNotWorse,relative_minus_10,-0.1,0.0,0.1,0.01479561435417343,0.018040435099499805,0.0032448207453263742,0.0032448207453263742,0,0,0,-1
gmsc,mlp,95,NumberOfTime30-59DaysPastDueNotWorse,relative_minus_10,-0.1,0.0,0.1,0.02165723032387087,0.02543686716008122,0.0037796368362103504,0.0037796368362103504,0,0,0,-1
gmsc,mlp,96,NumberOfTime30-59DaysPastDueNotWorse,relative_minus_10,-0.1,0.0,0.1,0.025618448582325936,0.03051444889593198,0.004896000313606045,0.004896000313606045,0,0,0,-1
gmsc,mlp,97,NumberOfTime30-59DaysPastDueNotWorse,relative_minus_10,-0.1,0.0,0.1,0.017705870709505835,0.020706389476819048,0.0030005187673132136,0.0030005187673132136,0,0,0,-1
gmsc,mlp,98,NumberOfTime30-59DaysPastDueNotWorse,relative_minus_10,-0.1,0.0,0.1,0.021717560701058864,0.025150138944441406,0.003432578243382542,0.003432578243382542,0,0,0,-1
gmsc,mlp,99,NumberOfTime30-59DaysPastDueNotWorse,relative_minus_10,-0.1,2.0,2.2,0.2986561163043243,0.32656058851189557,0.02790447220757125,0.02790447220757125,0,0,0,-1
gmsc,mlp,0,NumberOfTime30-59DaysPastDueNotWorse,relative_plus_10,0.1,0.0,0.1,0.02211686465599193,0.02704767235877994,0.004930807702788011,0.004930807702788011,0,0,0,-1
gmsc,mlp,1,NumberOfTime30-59DaysPastDueNotWorse,relative_plus_10,0.1,0.0,0.1,0.01569449495491033,0.019645366924252162,0.003950871969341831,0.003950871969341831,0,0,0,-1
gmsc,mlp,2,NumberOfTime30-59DaysPastDueNotWorse,relative_plus_10,0.1,0.0,0.1,0.016575068310977385,0.020416062398140797,0.0038409940871634123,0.0038409940871634123,0,0,0,-1
gmsc,mlp,3,NumberOfTime30-59DaysPastDueNotWorse,relative_plus_10,0.1,0.0,0.1,0.034126022539606525,0.03880834152389831,0.004682318984291785,0.004682318984291785,0,0,0,-1
gmsc,mlp,4,NumberOfTime30-59DaysPastDueNotWorse,relative_plus_10,0.1,0.0,0.1,0.026106102898580053,0.03091047883976068,0.004804375941180626,0.004804375941180626,0,0,0,-1
gmsc,mlp,5,NumberOfTime30-59DaysPastDueNotWorse,relative_plus_10,0.1,0.0,0.1,0.021830131699538843,0.025510171390612308,0.0036800396910734653,0.0036800396910734653,0,0,0,-1
gmsc,mlp,6,NumberOfTime30-59DaysPastDueNotWorse,relative_plus_10,0.1,0.0,0.1,0.03217662260521963,0.03922701043580957,0.007050387830589935,0.007050387830589935,0,0,0,-1
gmsc,mlp,7,NumberOfTime30-59DaysPastDueNotWorse,relative_plus_10,0.1,0.0,0.1,0.046315106403102796,0.05428092081843535,0.007965814415332555,0.007965814415332555,0,0,0,-1
gmsc,mlp,8,NumberOfTime30-59DaysPastDueNotWorse,relative_plus_10,0.1,0.0,0.1,0.05673708325740244,0.06442680009481357,0.007689716837411126,0.007689716837411126,0,0,0,-1
gmsc,mlp,9,NumberOfTime30-59DaysPastDueNotWorse,relative_plus_10,0.1,1.0,1.1,0.07183380465082981,0.0766373597375191,0.004803555086689296,0.004803555086689296,0,0,0,-1
gmsc,mlp,10,NumberOfTime30-59DaysPastDueNotWorse,relative_plus_10,0.1,0.0,0.1,0.029425463415082575,0.033981092352099715,0.00455562893701714,0.00455562893701714,0,0,0,-1
gmsc,mlp,11,NumberOfTime30-59DaysPastDueNotWorse,relative_plus_10,0.1,0.0,0.1,0.012965465127209348,0.014672111258869119,0.0017066461316597708,0.0017066461316597708,0,0,0,-1
gmsc,mlp,12,NumberOfTime30-59DaysPastDueNotWorse,relative_plus_10,0.1,0.0,0.1,0.007076920292949544,0.00873635745759633,0.0016594371646467864,0.0016594371646467864,0,0,0,-1
gmsc,mlp,13,NumberOfTime30-59DaysPastDueNotWorse,relative_plus_10,0.1,0.0,0.1,0.35361463292929435,0.34934447027214727,-0.004270162657147081,0.004270162657147081,0,0,0,-1
gmsc,mlp,14,NumberOfTime30-59DaysPastDueNotWorse,relative_plus_10,0.1,0.0,0.1,0.03041379302018182,0.03751526093012118,0.007101467909939364,0.007101467909939364,0,0,0,-1
gmsc,mlp,15,NumberOfTime30-59DaysPastDueNotWorse,relative_plus_10,0.1,1.0,1.1,0.028531846223265274,0.03223871825172089,0.003706872028455613,0.003706872028455613,0,0,0,-1
gmsc,mlp,16,NumberOfTime30-59DaysPastDueNotWorse,relative_plus_10,0.1,1.0,1.1,0.11002930362193034,0.11880568391721241,0.008776380295282077,0.008776380295282077,0,0,0,-1
gmsc,mlp,17,NumberOfTime30-59DaysPastDueNotWorse,relative_plus_10,0.1,0.0,0.1,0.013790889882417817,0.016305073709530712,0.0025141838271128952,0.0025141838271128952,0,0,0,-1
gmsc,mlp,18,NumberOfTime30-59DaysPastDueNotWorse,relative_plus_10,0.1,0.0,0.1,0.02753715371688414,0.03130009743168903,0.00376294371480489,0.00376294371480489,0,0,0,-1
gmsc,mlp,19,NumberOfTime30-59DaysPastDueNotWorse,relative_plus_10,0.1,1.0,1.1,0.052926506156008635,0.06417946300426221,0.011252956848253573,0.011252956848253573,0,0,0,-1
gmsc,mlp,20,NumberOfTime30-59DaysPastDueNotWorse,relative_plus_10,0.1,0.0,0.1,0.008830310596060332,0.010637324887482518,0.0018070142914221859,0.0018070142914221859,0,0,0,-1
gmsc,mlp,21,NumberOfTime30-59DaysPastDueNotWorse,relative_plus_10,0.1,0.0,0.1,0.014797349397540089,0.01686664889779981,0.0020692995002597227,0.0020692995002597227,0,0,0,-1
gmsc,mlp,22,NumberOfTime30-59DaysPastDueNotWorse,relative_plus_10,0.1,0.0,0.1,0.04562370697875247,0.05509007059627302,0.009466363617520554,0.009466363617520554,0,0,0,-1
gmsc,mlp,23,NumberOfTime30-59DaysPastDueNotWorse,relative_plus_10,0.1,0.0,0.1,0.01573080665121102,0.018809132352602724,0.003078325701391705,0.003078325701391705,0,0,0,-1
gmsc,mlp,24,NumberOfTime30-59DaysPastDueNotWorse,relative_plus_10,0.1,0.0,0.1,0.011506289508992087,0.01433888847015898,0.002832598961166893,0.002832598961166893,0,0,0,-1
gmsc,mlp,25,NumberOfTime30-59DaysPastDueNotWorse,relative_plus_10,0.1,0.0,0.1,0.03731802443216143,0.04414379298434182,0.006825768552180388,0.006825768552180388,0,0,0,-1
gmsc,mlp,26,NumberOfTime30-59DaysPastDueNotWorse,relative_plus_10,0.1,0.0,0.1,0.029333059161415907,0.03534421645146404,0.006011157290048131,0.006011157290048131,0,0,0,-1
gmsc,mlp,27,NumberOfTime30-59DaysPastDueNotWorse,relative_plus_10,0.1,0.0,0.1,0.035095010256273325,0.04175197785981696,0.006656967603543638,0.006656967603543638,0,0,0,-1
gmsc,mlp,28,NumberOfTime30-59DaysPastDueNotWorse,relative_plus_10,0.1,0.0,0.1,0.09263198005026192,0.10520033221164064,0.01256835216137872,0.01256835216137872,0,0,0,-1
gmsc,mlp,29,NumberOfTime30-59DaysPastDueNotWorse,relative_plus_10,0.1,0.0,0.1,0.006344097366443652,0.0078205670004465,0.001476469634002847,0.001476469634002847,0,0,0,-1
gmsc,mlp,30,NumberOfTime30-59DaysPastDueNotWorse,relative_plus_10,0.1,0.0,0.1,0.046242861401163154,0.050636457016615934,0.004393595615452779,0.004393595615452779,0,0,0,-1
gmsc,mlp,31,NumberOfTime30-59DaysPastDueNotWorse,relative_plus_10,0.1,0.0,0.1,0.0255021185573372,0.030778791042520726,0.005276672485183525,0.005276672485183525,0,0,0,-1
gmsc,mlp,32,NumberOfTime30-59DaysPastDueNotWorse,relative_plus_10,0.1,0.0,0.1,0.026376707227492684,0.03162808479913556,0.0052513775716428734,0.0052513775716428734,0,0,0,-1
gmsc,mlp,33,NumberOfTime30-59DaysPastDueNotWorse,relative_plus_10,0.1,0.0,0.1,0.015498282720832536,0.01894136079474949,0.003443078073916953,0.003443078073916953,0,0,0,-1
gmsc,mlp,34,NumberOfTime30-59DaysPastDueNotWorse,relative_plus_10,0.1,1.0,1.1,0.08535157193754099,0.09021606889499859,0.004864496957457595,0.004864496957457595,0,0,0,-1
gmsc,mlp,35,NumberOfTime30-59DaysPastDueNotWorse,relative_plus_10,0.1,2.0,2.2,0.19910001606794017,0.22089567631434603,0.021795660246405862,0.021795660246405862,0,0,0,-1
gmsc,mlp,36,NumberOfTime30-59DaysPastDueNotWorse,relative_plus_10,0.1,0.0,0.1,0.010761647197797914,0.01317795065069332,0.002416303452895405,0.002416303452895405,0,0,0,-1
gmsc,mlp,37,NumberOfTime30-59DaysPastDueNotWorse,relative_plus_10,0.1,0.0,0.1,0.01757909301258303,0.020249512336791464,0.0026704193242084347,0.0026704193242084347,0,0,0,-1
gmsc,mlp,38,NumberOfTime30-59DaysPastDueNotWorse,relative_plus_10,0.1,0.0,0.1,0.009145988810159647,0.011260887352673266,0.0021148985425136196,0.0021148985425136196,0,0,0,-1
gmsc,mlp,39,NumberOfTime30-59DaysPastDueNotWorse,relative_plus_10,0.1,0.0,0.1,0.051173952814171794,0.05660265569979533,0.005428702885623533,0.005428702885623533,0,0,0,-1
gmsc,mlp,40,NumberOfTime30-59DaysPastDueNotWorse,relative_plus_10,0.1,0.0,0.1,0.022676366611436422,0.027008995039199415,0.004332628427762993,0.004332628427762993,0,0,0,-1
gmsc,mlp,41,NumberOfTime30-59DaysPastDueNotWorse,relative_plus_10,0.1,0.0,0.1,0.04009590259851887,0.04502910306171293,0.004933200463194058,0.004933200463194058,0,0,0,-1
gmsc,mlp,42,NumberOfTime30-59DaysPastDueNotWorse,relative_plus_10,0.1,0.0,0.1,0.02298812229422112,0.026346994410266552,0.0033588721160454325,0.0033588721160454325,0,0,0,-1
gmsc,mlp,43,NumberOfTime30-59DaysPastDueNotWorse,relative_plus_10,0.1,0.0,0.1,0.04219806536296886,0.049520055299475826,0.007321989936506963,0.007321989936506963,0,0,0,-1
gmsc,mlp,44,NumberOfTime30-59DaysPastDueNotWorse,relative_plus_10,0.1,0.0,0.1,0.01680383752969732,0.020439545801600144,0.0036357082719028246,0.0036357082719028246,0,0,0,-1
gmsc,mlp,45,NumberOfTime30-59DaysPastDueNotWorse,relative_plus_10,0.1,0.0,0.1,0.0359226511464687,0.04120002524645098,0.005277374099982281,0.005277374099982281,0,0,0,-1
gmsc,mlp,46,NumberOfTime30-59DaysPastDueNotWorse,relative_plus_10,0.1,0.0,0.1,0.008419834692001592,0.010622511554464944,0.0022026768624633514,0.0022026768624633514,0,0,0,-1
gmsc,mlp,47,NumberOfTime30-59DaysPastDueNotWorse,relative_plus_10,0.1,0.0,0.1,0.01526822945269322,0.01881991913318274,0.003551689680489521,0.003551689680489521,0,0,0,-1
gmsc,mlp,48,NumberOfTime30-59DaysPastDueNotWorse,relative_plus_10,0.1,0.0,0.1,0.011940522095800142,0.01485218874830286,0.002911666652502717,0.002911666652502717,0,0,0,-1
gmsc,mlp,49,NumberOfTime30-59DaysPastDueNotWorse,relative_plus_10,0.1,0.0,0.1,0.029003393714220643,0.03456396765626905,0.005560573942048404,0.005560573942048404,0,0,0,-1
gmsc,mlp,50,NumberOfTime30-59DaysPastDueNotWorse,relative_plus_10,0.1,0.0,0.1,0.03157652357546811,0.03754729310787848,0.0059707695324103666,0.0059707695324103666,0,0,0,-1
gmsc,mlp,51,NumberOfTime30-59DaysPastDueNotWorse,relative_plus_10,0.1,0.0,0.1,0.016133909190219866,0.018058056384012235,0.0019241471937923686,0.0019241471937923686,0,0,0,-1
gmsc,mlp,52,NumberOfTime30-59DaysPastDueNotWorse,relative_plus_10,0.1,0.0,0.1,0.008942513898120756,0.011009233354196851,0.002066719456076095,0.002066719456076095,0,0,0,-1
gmsc,mlp,53,NumberOfTime30-59DaysPastDueNotWorse,relative_plus_10,0.1,2.0,2.2,0.29379437931569313,0.30664404681138674,0.012849667495693606,0.012849667495693606,0,0,0,-1
gmsc,mlp,54,NumberOfTime30-59DaysPastDueNotWorse,relative_plus_10,0.1,3.0,3.3,0.3498543595427822,0.3535066279870618,0.0036522684442795716,0.0036522684442795716,0,0,0,-1
gmsc,mlp,55,NumberOfTime30-59DaysPastDueNotWorse,relative_plus_10,0.1,0.0,0.1,0.007600943545173095,0.009139382691100116,0.0015384391459270213,0.0015384391459270213,0,0,0,-1
gmsc,mlp,56,NumberOfTime30-59DaysPastDueNotWorse,relative_plus_10,0.1,0.0,0.1,0.025320893704546973,0.02939933499155508,0.004078441287008107,0.004078441287008107,0,0,0,-1
gmsc,mlp,57,NumberOfTime30-59DaysPastDueNotWorse,relative_plus_10,0.1,0.0,0.1,0.05069033380470405,0.056972190634371735,0.006281856829667684,0.006281856829667684,0,0,0,-1
gmsc,mlp,58,NumberOfTime30-59DaysPastDueNotWorse,relative_plus_10,0.1,0.0,0.1,0.16009590625064055,0.1696337008945471,0.009537794643906555,0.009537794643906555,0,0,0,-1
gmsc,mlp,59,NumberOfTime30-59DaysPastDueNotWorse,relative_plus_10,0.1,0.0,0.1,0.025457114256866867,0.029208514824987573,0.003751400568120705,0.003751400568120705,0,0,0,-1
gmsc,mlp,60,NumberOfTime30-59DaysPastDueNotWorse,relative_plus_10,0.1,0.0,0.1,0.037076780618332694,0.04257315556396992,0.0054963749456372266,0.0054963749456372266,0,0,0,-1
gmsc,mlp,61,NumberOfTime30-59DaysPastDueNotWorse,relative_plus_10,0.1,0.0,0.1,0.04860926951599663,0.05403829196151318,0.005429022445516546,0.005429022445516546,0,0,0,-1
gmsc,mlp,62,NumberOfTime30-59DaysPastDueNotWorse,relative_plus_10,0.1,0.0,0.1,0.022160573410907457,0.026215871042912443,0.004055297632004986,0.004055297632004986,0,0,0,-1
gmsc,mlp,63,NumberOfTime30-59DaysPastDueNotWorse,relative_plus_10,0.1,0.0,0.1,0.010545360475655359,0.012356184239750963,0.001810823764095604,0.001810823764095604,0,0,0,-1
gmsc,mlp,64,NumberOfTime30-59DaysPastDueNotWorse,relative_plus_10,0.1,0.0,0.1,0.05188426446215026,0.05800024634914108,0.006115981886990821,0.006115981886990821,0,0,0,-1
gmsc,mlp,65,NumberOfTime30-59DaysPastDueNotWorse,relative_plus_10,0.1,2.0,2.2,0.19320558451418393,0.22559922120412235,0.032393636689938415,0.032393636689938415,0,0,0,-1
gmsc,mlp,66,NumberOfTime30-59DaysPastDueNotWorse,relative_plus_10,0.1,0.0,0.1,0.017380461870616856,0.020901528886498884,0.0035210670158820276,0.0035210670158820276,0,0,0,-1
gmsc,mlp,67,NumberOfTime30-59DaysPastDueNotWorse,relative_plus_10,0.1,0.0,0.1,0.045289289381342065,0.051247481122440375,0.005958191741098309,0.005958191741098309,0,0,0,-1
gmsc,mlp,68,NumberOfTime30-59DaysPastDueNotWorse,relative_plus_10,0.1,0.0,0.1,0.012814695328681581,0.015052799929420106,0.0022381046007385243,0.0022381046007385243,0,0,0,-1
gmsc,mlp,69,NumberOfTime30-59DaysPastDueNotWorse,relative_plus_10,0.1,0.0,0.1,0.09362660727989738,0.09955745145238089,0.005930844172483504,0.005930844172483504,0,0,0,-1
gmsc,mlp,70,NumberOfTime30-59DaysPastDueNotWorse,relative_plus_10,0.1,1.0,1.1,0.09827269814207695,0.10869241755245408,0.010419719410377129,0.010419719410377129,0,0,0,-1
gmsc,mlp,71,NumberOfTime30-59DaysPastDueNotWorse,relative_plus_10,0.1,0.0,0.1,0.07244781616495638,0.07976949346029574,0.007321677295339363,0.007321677295339363,0,0,0,-1
gmsc,mlp,72,NumberOfTime30-59DaysPastDueNotWorse,relative_plus_10,0.1,0.0,0.1,0.03217968676284227,0.03795487967166005,0.005775192908817783,0.005775192908817783,0,0,0,-1
gmsc,mlp,73,NumberOfTime30-59DaysPastDueNotWorse,relative_plus_10,0.1,0.0,0.1,0.044640504763767554,0.04954880161249406,0.004908296848726505,0.004908296848726505,0,0,0,-1
gmsc,mlp,74,NumberOfTime30-59DaysPastDueNotWorse,relative_plus_10,0.1,0.0,0.1,0.03482378444402007,0.04067669850177865,0.005852914057758583,0.005852914057758583,0,0,0,-1
gmsc,mlp,75,NumberOfTime30-59DaysPastDueNotWorse,relative_plus_10,0.1,0.0,0.1,0.04920214568663398,0.05758811769850956,0.008385972011875575,0.008385972011875575,0,0,0,-1
gmsc,mlp,76,NumberOfTime30-59DaysPastDueNotWorse,relative_plus_10,0.1,0.0,0.1,0.02205212445347039,0.02482538901979882,0.0027732645663284296,0.0027732645663284296,0,0,0,-1
gmsc,mlp,77,NumberOfTime30-59DaysPastDueNotWorse,relative_plus_10,0.1,0.0,0.1,0.009856180676789783,0.012224572134834482,0.0023683914580446986,0.0023683914580446986,0,0,0,-1
gmsc,mlp,78,NumberOfTime30-59DaysPastDueNotWorse,relative_plus_10,0.1,0.0,0.1,0.010129649250511236,0.012454756784392472,0.002325107533881236,0.002325107533881236,0,0,0,-1
gmsc,mlp,79,NumberOfTime30-59DaysPastDueNotWorse,relative_plus_10,0.1,0.0,0.1,0.025575449411528527,0.02923644759187842,0.0036609981803498934,0.0036609981803498934,0,0,0,-1
gmsc,mlp,80,NumberOfTime30-59DaysPastDueNotWorse,relative_plus_10,0.1,0.0,0.1,0.005666248820127979,0.0068105153377594875,0.0011442665176315085,0.0011442665176315085,0,0,0,-1
gmsc,mlp,81,NumberOfTime30-59DaysPastDueNotWorse,relative_plus_10,0.1,0.0,0.1,0.04332063353337088,0.048551401616041136,0.005230768082670256,0.005230768082670256,0,0,0,-1
gmsc,mlp,82,NumberOfTime30-59DaysPastDueNotWorse,relative_plus_10,0.1,0.0,0.1,0.01937427089536237,0.022692869834616495,0.003318598939254125,0.003318598939254125,0,0,0,-1
gmsc,mlp,83,NumberOfTime30-59DaysPastDueNotWorse,relative_plus_10,0.1,0.0,0.1,0.014956252536287561,0.018296475332409738,0.003340222796122177,0.003340222796122177,0,0,0,-1
gmsc,mlp,84,NumberOfTime30-59DaysPastDueNotWorse,relative_plus_10,0.1,0.0,0.1,0.034404191335380946,0.038956903754440185,0.004552712419059239,0.004552712419059239,0,0,0,-1
gmsc,mlp,85,NumberOfTime30-59DaysPastDueNotWorse,relative_plus_10,0.1,0.0,0.1,0.016073637508889543,0.0192966572644824,0.0032230197555928562,0.0032230197555928562,0,0,0,-1
gmsc,mlp,86,NumberOfTime30-59DaysPastDueNotWorse,relative_plus_10,0.1,0.0,0.1,0.03951246267546877,0.04562332785154942,0.00611086517608065,0.00611086517608065,0,0,0,-1
gmsc,mlp,87,NumberOfTime30-59DaysPastDueNotWorse,relative_plus_10,0.1,0.0,0.1,0.023170727869934838,0.027254729673953874,0.004084001804019036,0.004084001804019036,0,0,0,-1
gmsc,mlp,88,NumberOfTime30-59DaysPastDueNotWorse,relative_plus_10,0.1,0.0,0.1,0.014049767208401245,0.01691308558648079,0.0028633183780795435,0.0028633183780795435,0,0,0,-1
gmsc,mlp,89,NumberOfTime30-59DaysPastDueNotWorse,relative_plus_10,0.1,0.0,0.1,0.031436900478850546,0.035539097402189995,0.004102196923339449,0.004102196923339449,0,0,0,-1
gmsc,mlp,90,NumberOfTime30-59DaysPastDueNotWorse,relative_plus_10,0.1,0.0,0.1,0.005417127218637603,0.00665591891293583,0.001238791694298227,0.001238791694298227,0,0,0,-1
gmsc,mlp,91,NumberOfTime30-59DaysPastDueNotWorse,relative_plus_10,0.1,0.0,0.1,0.025606851072255785,0.028080972904460526,0.002474121832204742,0.002474121832204742,0,0,0,-1
gmsc,mlp,92,NumberOfTime30-59DaysPastDueNotWorse,relative_plus_10,0.1,0.0,0.1,0.06791010130064887,0.0815899025935585,0.013679801292909632,0.013679801292909632,0,0,0,-1
gmsc,mlp,93,NumberOfTime30-59DaysPastDueNotWorse,relative_plus_10,0.1,0.0,0.1,0.012557321048589615,0.014726930664412117,0.002169609615822502,0.002169609615822502,0,0,0,-1
gmsc,mlp,94,NumberOfTime30-59DaysPastDueNotWorse,relative_plus_10,0.1,0.0,0.1,0.01479561435417343,0.018040435099499805,0.0032448207453263742,0.0032448207453263742,0,0,0,-1
gmsc,mlp,95,NumberOfTime30-59DaysPastDueNotWorse,relative_plus_10,0.1,0.0,0.1,0.02165723032387087,0.02543686716008122,0.0037796368362103504,0.0037796368362103504,0,0,0,-1
gmsc,mlp,96,NumberOfTime30-59DaysPastDueNotWorse,relative_plus_10,0.1,0.0,0.1,0.025618448582325936,0.03051444889593198,0.004896000313606045,0.004896000313606045,0,0,0,-1
gmsc,mlp,97,NumberOfTime30-59DaysPastDueNotWorse,relative_plus_10,0.1,0.0,0.1,0.017705870709505835,0.020706389476819048,0.0030005187673132136,0.0030005187673132136,0,0,0,-1
gmsc,mlp,98,NumberOfTime30-59DaysPastDueNotWorse,relative_plus_10,0.1,0.0,0.1,0.021717560701058864,0.025150138944441406,0.003432578243382542,0.003432578243382542,0,0,0,-1
gmsc,mlp,99,NumberOfTime30-59DaysPastDueNotWorse,relative_plus_10,0.1,2.0,2.2,0.2986561163043243,0.32656058851189557,0.02790447220757125,0.02790447220757125,0,0,0,-1
gmsc,mlp,0,DebtRatio,relative_minus_5,-0.05,0.20606616,0.216369468,0.02211686465599193,0.02211675569736394,-1.0895862799162326e-07,1.0895862799162326e-07,0,0,0,-1
gmsc,mlp,1,DebtRatio,relative_minus_5,-0.05,0.19957148,0.20955005399999999,0.01569449495491033,0.015694451735512274,-4.321939805693176e-08,4.321939805693176e-08,0,0,0,-1
gmsc,mlp,2,DebtRatio,relative_minus_5,-0.05,55.0,57.75,0.016575068310977385,0.016548715201281552,-2.6353109695832072e-05,2.6353109695832072e-05,0,0,0,-1
gmsc,mlp,3,DebtRatio,relative_minus_5,-0.05,1.2865958,1.35092559,0.034126022539606525,0.03412453161284218,-1.4909267643456459e-06,1.4909267643456459e-06,0,0,0,-1
gmsc,mlp,4,DebtRatio,relative_minus_5,-0.05,0.520637,0.54666885,0.026106102898580053,0.02610545153111537,-6.513674646844991e-07,6.513674646844991e-07,0,0,0,-1
gmsc,mlp,5,DebtRatio,relative_minus_5,-0.05,0.23819813,0.2501080365,0.021830131699538843,0.021829942744140733,-1.8895539810950823e-07,1.8895539810950823e-07,0,0,0,-1
gmsc,mlp,6,DebtRatio,relative_minus_5,-0.05,0.121203355,0.12726352275,0.03217662260521963,0.0321765596044673,-6.30007523302889e-08,6.30007523302889e-08,0,0,0,-1
gmsc,mlp,7,DebtRatio,relative_minus_5,-0.05,0.018074095,0.01897779975,0.046315106403102796,0.04631510959309096,3.189988162510815e-09,3.189988162510815e-09,0,0,0,-1
gmsc,mlp,8,DebtRatio,relative_minus_5,-0.05,0.53478074,0.561519777,0.05673708325740244,0.0567374268098583,3.4355245585870886e-07,3.4355245585870886e-07,0,0,0,-1
gmsc,mlp,9,DebtRatio,relative_minus_5,-0.05,0.40325078,0.42341331899999995,0.07183380465082981,0.07183308325362327,-7.213972065406304e-07,7.213972065406304e-07,0,0,0,-1
gmsc,mlp,10,DebtRatio,relative_minus_5,-0.05,1.031025,1.08257625,0.029425463415082575,0.029424305335074997,-1.158080007578055e-06,1.158080007578055e-06,0,0,0,-1
gmsc,mlp,11,DebtRatio,relative_minus_5,-0.05,0.43150038,0.45307539900000005,0.012965465127209348,0.012965382796541063,-8.233066828462754e-08,8.233066828462754e-08,0,0,0,-1
gmsc,mlp,12,DebtRatio,relative_minus_5,-0.05,2565.0,2693.25,0.007076920292949544,0.007155200716750262,7.828042380071763e-05,7.828042380071763e-05,0,0,0,-1
gmsc,mlp,13,DebtRatio,relative_minus_5,-0.05,44.0,46.2,0.35361463292929435,0.35378111568537557,0.00016648275608122098,0.00016648275608122098,0,0,0,-1
gmsc,mlp,14,DebtRatio,relative_minus_5,-0.05,941.0,988.05,0.03041379302018182,0.030027244855248283,-0.000386548164933536,0.000386548164933536,0,0,0,-1
gmsc,mlp,15,DebtRatio,relative_minus_5,-0.05,0.28925687,0.3037197135,0.028531846223265274,0.02853188642096709,4.019770181648563e-08,4.019770181648563e-08,0,0,0,-1
gmsc,mlp,16,DebtRatio,relative_minus_5,-0.05,0.040159974,0.0421679727,0.11002930362193034,0.11002928785843173,-1.576349860366033e-08,1.576349860366033e-08,0,0,0,-1
gmsc,mlp,17,DebtRatio,relative_minus_5,-0.05,2092.0,2196.6,0.013790889882417817,0.013656908061883752,-0.00013398182053406434,0.00013398182053406434,0,0,0,-1
gmsc,mlp,18,DebtRatio,relative_minus_5,-0.05,0.3357388,0.35252574000000003,0.02753715371688414,0.027537070566805454,-8.315007868700541e-08,8.315007868700541e-08,0,0,0,-1
gmsc,mlp,19,DebtRatio,relative_minus_5,-0.05,0.20742264,0.217793772,0.052926506156008635,0.05292618263102853,-3.23524980104517e-07,3.23524980104517e-07,0,0,0,-1
gmsc,mlp,20,DebtRatio,relative_minus_5,-0.05,0.10735282,0.11272046100000001,0.008830310596060332,0.008830298254033425,-1.2342026907419257e-08,1.2342026907419257e-08,0,0,0,-1
gmsc,mlp,21,DebtRatio,relative_minus_5,-0.05,223.0,234.15,0.014797349397540089,0.014700772616181027,-9.657678135906178e-05,9.657678135906178e-05,0,0,0,-1
gmsc,mlp,22,DebtRatio,relative_minus_5,-0.05,0.26601106,0.279311613,0.04562370697875247,0.04562360985968071,-9.711907175691259e-08,9.711907175691259e-08,0,0,0,-1
gmsc,mlp,23,DebtRatio,relative_minus_5,-0.05,0.2999674,0.31496577,0.01573080665121102,0.015730682474933737,-1.2417627728161795e-07,1.2417627728161795e-07,0,0,0,-1
gmsc,mlp,24,DebtRatio,relative_minus_5,-0.05,0.012362637,0.01298076885,0.011506289508992087,0.011506284691571599,-4.8174204885648164e-09,4.8174204885648164e-09,0,0,0,-1
gmsc,mlp,25,DebtRatio,relative_minus_5,-0.05,0.402445,0.42256725,0.03731802443216143,0.03731748073233386,-5.43699827569577e-07,5.43699827569577e-07,0,0,0,-1
gmsc,mlp,26,DebtRatio,relative_minus_5,-0.05,0.0,0.0208549685,0.029333059161415907,0.029332821931969268,-2.3722944663892576e-07,2.3722944663892576e-07,0,0,0,-1
gmsc,mlp,27,DebtRatio,relative_minus_5,-0.05,0.17137648,0.179945304,0.035095010256273325,0.035094891381317876,-1.1887495544871118e-07,1.1887495544871118e-07,0,0,0,-1
gmsc,mlp,28,DebtRatio,relative_minus_5,-0.05,0.0,0.0208549685,0.09263198005026192,0.0926315561026129,-4.239476490280891e-07,4.239476490280891e-07,0,0,0,-1
gmsc,mlp,29,DebtRatio,relative_minus_5,-0.05,0.058094192,0.0609989016,0.006344097366443652,0.0063440845340270325,-1.2832416619763809e-08,1.2832416619763809e-08,0,0,0,-1
gmsc,mlp,30,DebtRatio,relative_minus_5,-0.05,0.44399184,0.466191432,0.046242861401163154,0.046242502458841664,-3.5894232149058514e-07,3.5894232149058514e-07,0,0,0,-1
gmsc,mlp,31,DebtRatio,relative_minus_5,-0.05,482.0,506.1,0.0255021185573372,0.02529526900293583,-0.00020684955440137057,0.00020684955440137057,0,0,0,-1
gmsc,mlp,32,DebtRatio,relative_minus_5,-0.05,0.4293059,0.450771195,0.026376707227492684,0.026376404178112905,-3.0304937977815305e-07,3.0304937977815305e-07,0,0,0,-1
gmsc,mlp,33,DebtRatio,relative_minus_5,-0.05,0.008748633,0.00918606465,0.015498282720832536,0.015498279240143594,-3.4806889419314313e-09,3.4806889419314313e-09,0,0,0,-1
gmsc,mlp,34,DebtRatio,relative_minus_5,-0.05,0.470006,0.49350629999999995,0.08535157193754099,0.08535033987185994,-1.2320656810477226e-06,1.2320656810477226e-06,0,0,0,-1
gmsc,mlp,35,DebtRatio,relative_minus_5,-0.05,0.8031548,0.8433125399999999,0.19910001606794017,0.19909760773484697,-2.4083330932012093e-06,2.4083330932012093e-06,0,0,0,-1
gmsc,mlp,36,DebtRatio,relative_minus_5,-0.05,0.1687678,0.17720618999999999,0.010761647197797914,0.0107616012953456,-4.590245231486656e-08,4.590245231486656e-08,0,0,0,-1
gmsc,mlp,37,DebtRatio,relative_minus_5,-0.05,2965.0,3113.25,0.01757909301258303,0.018009407318641688,0.00043031430605865867,0.00043031430605865867,0,0,0,-1
gmsc,mlp,38,DebtRatio,relative_minus_5,-0.05,0.521364,0.5474322,0.009145988810159647,0.009145885037311865,-1.0377284778186058e-07,1.0377284778186058e-07,0,0,0,-1
gmsc,mlp,39,DebtRatio,relative_minus_5,-0.05,1.2837993,1.347989265,0.051173952814171794,0.05117164054828548,-2.3122658863172774e-06,2.3122658863172774e-06,0,0,0,-1
gmsc,mlp,40,DebtRatio,relative_minus_5,-0.05,0.32549995,0.3417749475,0.022676366611436422,0.022676269167536522,-9.744389990046232e-08,9.744389990046232e-08,0,0,0,-1
gmsc,mlp,41,DebtRatio,relative_minus_5,-0.05,1.5599782,1.63797711,0.04009590259851887,0.04009333283859211,-2.5697599267612836e-06,2.5697599267612836e-06,0,0,0,-1
gmsc,mlp,42,DebtRatio,relative_minus_5,-0.05,0.19,0.1995,0.02298812229422112,0.022988020221627048,-1.0207259407146729e-07,1.0207259407146729e-07,0,0,0,-1
gmsc,mlp,43,DebtRatio,relative_minus_5,-0.05,171.0,179.55,0.04219806536296886,0.04222790714318983,2.9841780220966896e-05,2.9841780220966896e-05,0,0,0,-1
gmsc,mlp,44,DebtRatio,relative_minus_5,-0.05,0.20451674,0.214742577,0.01680383752969732,0.01680375077145619,-8.675824112944208e-08,8.675824112944208e-08,0,0,0,-1
gmsc,mlp,45,DebtRatio,relative_minus_5,-0.05,0.41645184,0.43727443200000005,0.0359226511464687,0.035921892836432635,-7.583100360628037e-07,7.583100360628037e-07,0,0,0,-1
gmsc,mlp,46,DebtRatio,relative_minus_5,-0.05,486.0,510.3,0.008419834692001592,0.008370994926609036,-4.88397653925568e-05,4.88397653925568e-05,0,0,0,-1
gmsc,mlp,47,DebtRatio,relative_minus_5,-0.05,0.24237882,0.254497761,0.01526822945269322,0.015268026315943133,-2.0313675008591658e-07,2.0313675008591658e-07,0,0,0,-1
gmsc,mlp,48,DebtRatio,relative_minus_5,-0.05,1071.0,1124.55,0.011940522095800142,0.011730391290932615,-0.00021013080486752787,0.00021013080486752787,0,0,0,-1
gmsc,mlp,49,DebtRatio,relative_minus_5,-0.05,0.005664778,0.005948016899999999,0.029003393714220643,0.02900339015975739,-3.554463254978879e-09,3.554463254978879e-09,0,0,0,-1
gmsc,mlp,50,DebtRatio,relative_minus_5,-0.05,0.16283266,0.170974293,0.03157652357546811,0.03157633416336097,-1.8941210714468193e-07,1.8941210714468193e-07,0,0,0,-1
gmsc,mlp,51,DebtRatio,relative_minus_5,-0.05,2000.0,2100.0,0.016133909190219866,0.016205970660829263,7.206147060939694e-05,7.206147060939694e-05,0,0,0,-1
gmsc,mlp,52,DebtRatio,relative_minus_5,-0.05,1240.0,1302.0,0.008942513898120756,0.008927222760590412,-1.5291137530343626e-05,1.5291137530343626e-05,0,0,0,-1
gmsc,mlp,53,DebtRatio,relative_minus_5,-0.05,0.021596858,0.0226767009,0.29379437931569313,0.29379440903510035,2.9719407212969173e-08,2.9719407212969173e-08,0,0,0,-1
gmsc,mlp,54,DebtRatio,relative_minus_5,-0.05,1.5316092,1.6081896599999999,0.3498543595427822,0.3498498664333847,-4.493109397485373e-06,4.493109397485373e-06,0,0,0,-1
gmsc,mlp,55,DebtRatio,relative_minus_5,-0.05,1844.0,1936.2,0.007600943545173095,0.007467696904754407,-0.00013324664041868776,0.00013324664041868776,0,0,0,-1
gmsc,mlp,56,DebtRatio,relative_minus_5,-0.05,0.33847472,0.35539845600000003,0.025320893704546973,0.025320654834703527,-2.388698434468983e-07,2.388698434468983e-07,0,0,0,-1
gmsc,mlp,57,DebtRatio,relative_minus_5,-0.05,0.38452163,0.4037477115,0.05069033380470405,0.05069020732675546,-1.2647794859349526e-07,1.2647794859349526e-07,0,0,0,-1
gmsc,mlp,58,DebtRatio,relative_minus_5,-0.05,0.13751946,0.14439543300000002,0.16009590625064055,0.1600961804029037,2.74152263141092e-07,2.74152263141092e-07,0,0,0,-1
gmsc,mlp,59,DebtRatio,relative_minus_5,-0.05,0.74480665,0.7820469825,0.025457114256866867,0.02545676473286511,-3.49524001758833e-07,3.49524001758833e-07,0,0,0,-1
gmsc,mlp,60,DebtRatio,relative_minus_5,-0.05,0.078658074,0.0825909777,0.037076780618332694,0.0370767459854217,-3.463291099736754e-08,3.463291099736754e-08,0,0,0,-1
gmsc,mlp,61,DebtRatio,relative_minus_5,-0.05,0.6623037,0.695418885,0.04860926951599663,0.04860838463943213,-8.848765645011469e-07,8.848765645011469e-07,0,0,0,-1
gmsc,mlp,62,DebtRatio,relative_minus_5,-0.05,0.5309469,0.557494245,0.022160573410907457,0.02216023272257665,-3.4068833080699856e-07,3.4068833080699856e-07,0,0,0,-1
gmsc,mlp,63,DebtRatio,relative_minus_5,-0.05,0.24462043,0.2568514515,0.010545360475655359,0.010545318257674387,-4.221798097225893e-08,4.221798097225893e-08,0,0,0,-1
gmsc,mlp,64,DebtRatio,relative_minus_5,-0.05,0.4177469,0.438634245,0.05188426446215026,0.05188357229287238,-6.921692778799615e-07,6.921692778799615e-07,0,0,0,-1
gmsc,mlp,65,DebtRatio,relative_minus_5,-0.05,0.20786196,0.218255058,0.19320558451418393,0.193204121225734,-1.4632884499377052e-06,1.4632884499377052e-06,0,0,0,-1
gmsc,mlp,66,DebtRatio,relative_minus_5,-0.05,0.3109459,0.326493195,0.017380461870616856,0.01738029337556546,-1.684950513974881e-07,1.684950513974881e-07,0,0,0,-1
gmsc,mlp,67,DebtRatio,relative_minus_5,-0.05,0.3151282,0.33088461,0.045289289381342065,0.04528930125539966,1.1874057591343412e-08,1.1874057591343412e-08,0,0,0,-1
gmsc,mlp,68,DebtRatio,relative_minus_5,-0.05,0.34570906,0.362994513,0.012814695328681581,0.01281457624817192,-1.1908050966125128e-07,1.1908050966125128e-07,0,0,0,-1
gmsc,mlp,69,DebtRatio,relative_minus_5,-0.05,0.96340734,1.011577707,0.09362660727989738,0.09362462373825081,-1.9835416465718847e-06,1.9835416465718847e-06,0,0,0,-1
gmsc,mlp,70,DebtRatio,relative_minus_5,-0.05,0.069360115,0.07282812075,0.09827269814207695,0.09827272760138112,2.945930416275999e-08,2.945930416275999e-08,0,0,0,-1
gmsc,mlp,71,DebtRatio,relative_minus_5,-0.05,69.0,72.45,0.07244781616495638,0.07239842611047564,-4.9390054480735746e-05,4.9390054480735746e-05,0,0,0,-1
gmsc,mlp,72,DebtRatio,relative_minus_5,-0.05,0.72570974,0.761995227,0.03217968676284227,0.03217910996297618,-5.767998660852203e-07,5.767998660852203e-07,0,0,0,-1
gmsc,mlp,73,DebtRatio,relative_minus_5,-0.05,0.3235353,0.339712065,0.044640504763767554,0.044639959918124715,-5.448456428386317e-07,5.448456428386317e-07,0,0,0,-1
gmsc,mlp,74,DebtRatio,relative_minus_5,-0.05,0.024987506,0.0262368813,0.03482378444402007,0.034823767384200316,-1.7059819751308325e-08,1.7059819751308325e-08,0,0,0,-1
gmsc,mlp,75,DebtRatio,relative_minus_5,-0.05,57.0,59.85,0.04920214568663398,0.049183288862821785,-1.8856823812196666e-05,1.8856823812196666e-05,0,0,0,-1
gmsc,mlp,76,DebtRatio,relative_minus_5,-0.05,0.066019416,0.0693203868,0.02205212445347039,0.02205211811937319,-6.334097198135158e-09,6.334097198135158e-09,0,0,0,-1
gmsc,mlp,77,DebtRatio,relative_minus_5,-0.05,26.0,27.3,0.009856180676789783,0.009850229592300742,-5.951084489041331e-06,5.951084489041331e-06,0,0,0,-1
gmsc,mlp,78,DebtRatio,relative_minus_5,-0.05,1569.0,1647.45,0.010129649250511236,0.010140236074016422,1.0586823505185847e-05,1.0586823505185847e-05,0,0,0,-1
gmsc,mlp,79,DebtRatio,relative_minus_5,-0.05,0.39635402,0.416171721,0.025575449411528527,0.025575069484835414,-3.799266931128753e-07,3.799266931128753e-07,0,0,0,-1
gmsc,mlp,80,DebtRatio,relative_minus_5,-0.05,2316.0,2431.8,0.005666248820127979,0.005789110433045842,0.00012286161291786332,0.00012286161291786332,0,0,0,-1
gmsc,mlp,81,DebtRatio,relative_minus_5,-0.05,0.30566496,0.320948208,0.04332063353337088,0.043320214268354675,-4.192650162049283e-07,4.192650162049283e-07,0,0,0,-1
gmsc,mlp,82,DebtRatio,relative_minus_5,-0.05,0.41855487,0.4394826135,0.01937427089536237,0.019374140575153034,-1.3032020933570476e-07,1.3032020933570476e-07,0,0,0,-1
gmsc,mlp,83,DebtRatio,relative_minus_5,-0.05,0.20540665,0.2156769825,0.014956252536287561,0.014956130173429786,-1.223628577750463e-07,1.223628577750463e-07,0,0,0,-1
gmsc,mlp,84,DebtRatio,relative_minus_5,-0.05,0.5669721,0.595320705,0.034404191335380946,0.03440344993183474,-7.414035462088853e-07,7.414035462088853e-07,0,0,0,-1
gmsc,mlp,85,DebtRatio,relative_minus_5,-0.05,0.47793037,0.5018268885,0.016073637508889543,0.016073451578356282,-1.859305332613248e-07,1.859305332613248e-07,0,0,0,-1
gmsc,mlp,86,DebtRatio,relative_minus_5,-0.05,0.035787743,0.03757713015,0.03951246267546877,0.039512419579491045,-4.309597772395035e-08,4.309597772395035e-08,0,0,0,-1
gmsc,mlp,87,DebtRatio,relative_minus_5,-0.05,445.0,467.25,0.023170727869934838,0.023159378095240463,-1.1349774694375397e-05,1.1349774694375397e-05,0,0,0,-1
gmsc,mlp,88,DebtRatio,relative_minus_5,-0.05,1352.0,1419.6,0.014049767208401245,0.013880730873309733,-0.0001690363350915127,0.0001690363350915127,0,0,0,-1
gmsc,mlp,89,DebtRatio,relative_minus_5,-0.05,0.3882579,0.407670795,0.031436900478850546,0.031436705210264815,-1.9526858573148953e-07,1.9526858573148953e-07,0,0,0,-1
gmsc,mlp,90,DebtRatio,relative_minus_5,-0.05,830.0,871.5,0.005417127218637603,0.0053928503335312,-2.4276885106402392e-05,2.4276885106402392e-05,0,0,0,-1
gmsc,mlp,91,DebtRatio,relative_minus_5,-0.05,0.31826663,0.3341799615,0.025606851072255785,0.025606706284076918,-1.4478817886645623e-07,1.4478817886645623e-07,0,0,0,-1
gmsc,mlp,92,DebtRatio,relative_minus_5,-0.05,9.0,9.45,0.06791010130064887,0.06789224384263222,-1.785745801664851e-05,1.785745801664851e-05,0,0,0,-1
gmsc,mlp,93,DebtRatio,relative_minus_5,-0.05,2079.0,2182.95,0.012557321048589615,0.012430131621003331,-0.00012718942758628386,0.00012718942758628386,0,0,0,-1
gmsc,mlp,94,DebtRatio,relative_minus_5,-0.05,0.024174053,0.02538275565,0.01479561435417343,0.01479560145819855,-1.2895974879981176e-08,1.2895974879981176e-08,0,0,0,-1
gmsc,mlp,95,DebtRatio,relative_minus_5,-0.05,0.69365734,0.728340207,0.02165723032387087,0.02165670130576666,-5.29018104211687e-07,5.29018104211687e-07,0,0,0,-1
gmsc,mlp,96,DebtRatio,relative_minus_5,-0.05,0.19048095,0.2000049975,0.025618448582325936,0.02561848173052663,3.314820069474922e-08,3.314820069474922e-08,0,0,0,-1
gmsc,mlp,97,DebtRatio,relative_minus_5,-0.05,847.0,889.35,0.017705870709505835,0.017348148329931506,-0.0003577223795743281,0.0003577223795743281,0,0,0,-1
gmsc,mlp,98,DebtRatio,relative_minus_5,-0.05,0.80673593,0.8470727265,0.021717560701058864,0.021716929093284567,-6.316077742971049e-07,6.316077742971049e-07,0,0,0,-1
gmsc,mlp,99,DebtRatio,relative_minus_5,-0.05,0.61044824,0.640970652,0.2986561163043243,0.2986581126126165,1.9963082921736763e-06,1.9963082921736763e-06,0,0,0,-1
gmsc,mlp,0,DebtRatio,relative_plus_5,0.05,0.20606616,0.216369468,0.02211686465599193,0.02211675569736394,-1.0895862799162326e-07,1.0895862799162326e-07,0,0,0,-1
gmsc,mlp,1,DebtRatio,relative_plus_5,0.05,0.19957148,0.20955005399999999,0.01569449495491033,0.015694451735512274,-4.321939805693176e-08,4.321939805693176e-08,0,0,0,-1
gmsc,mlp,2,DebtRatio,relative_plus_5,0.05,55.0,57.75,0.016575068310977385,0.016548715201281552,-2.6353109695832072e-05,2.6353109695832072e-05,0,0,0,-1
gmsc,mlp,3,DebtRatio,relative_plus_5,0.05,1.2865958,1.35092559,0.034126022539606525,0.03412453161284218,-1.4909267643456459e-06,1.4909267643456459e-06,0,0,0,-1
gmsc,mlp,4,DebtRatio,relative_plus_5,0.05,0.520637,0.54666885,0.026106102898580053,0.02610545153111537,-6.513674646844991e-07,6.513674646844991e-07,0,0,0,-1
gmsc,mlp,5,DebtRatio,relative_plus_5,0.05,0.23819813,0.2501080365,0.021830131699538843,0.021829942744140733,-1.8895539810950823e-07,1.8895539810950823e-07,0,0,0,-1
gmsc,mlp,6,DebtRatio,relative_plus_5,0.05,0.121203355,0.12726352275,0.03217662260521963,0.0321765596044673,-6.30007523302889e-08,6.30007523302889e-08,0,0,0,-1
gmsc,mlp,7,DebtRatio,relative_plus_5,0.05,0.018074095,0.01897779975,0.046315106403102796,0.04631510959309096,3.189988162510815e-09,3.189988162510815e-09,0,0,0,-1
gmsc,mlp,8,DebtRatio,relative_plus_5,0.05,0.53478074,0.561519777,0.05673708325740244,0.0567374268098583,3.4355245585870886e-07,3.4355245585870886e-07,0,0,0,-1
gmsc,mlp,9,DebtRatio,relative_plus_5,0.05,0.40325078,0.42341331899999995,0.07183380465082981,0.07183308325362327,-7.213972065406304e-07,7.213972065406304e-07,0,0,0,-1
gmsc,mlp,10,DebtRatio,relative_plus_5,0.05,1.031025,1.08257625,0.029425463415082575,0.029424305335074997,-1.158080007578055e-06,1.158080007578055e-06,0,0,0,-1
gmsc,mlp,11,DebtRatio,relative_plus_5,0.05,0.43150038,0.45307539900000005,0.012965465127209348,0.012965382796541063,-8.233066828462754e-08,8.233066828462754e-08,0,0,0,-1
gmsc,mlp,12,DebtRatio,relative_plus_5,0.05,2565.0,2693.25,0.007076920292949544,0.007155200716750262,7.828042380071763e-05,7.828042380071763e-05,0,0,0,-1
gmsc,mlp,13,DebtRatio,relative_plus_5,0.05,44.0,46.2,0.35361463292929435,0.35378111568537557,0.00016648275608122098,0.00016648275608122098,0,0,0,-1
gmsc,mlp,14,DebtRatio,relative_plus_5,0.05,941.0,988.05,0.03041379302018182,0.030027244855248283,-0.000386548164933536,0.000386548164933536,0,0,0,-1
gmsc,mlp,15,DebtRatio,relative_plus_5,0.05,0.28925687,0.3037197135,0.028531846223265274,0.02853188642096709,4.019770181648563e-08,4.019770181648563e-08,0,0,0,-1
gmsc,mlp,16,DebtRatio,relative_plus_5,0.05,0.040159974,0.0421679727,0.11002930362193034,0.11002928785843173,-1.576349860366033e-08,1.576349860366033e-08,0,0,0,-1
gmsc,mlp,17,DebtRatio,relative_plus_5,0.05,2092.0,2196.6,0.013790889882417817,0.013656908061883752,-0.00013398182053406434,0.00013398182053406434,0,0,0,-1
gmsc,mlp,18,DebtRatio,relative_plus_5,0.05,0.3357388,0.35252574000000003,0.02753715371688414,0.027537070566805454,-8.315007868700541e-08,8.315007868700541e-08,0,0,0,-1
gmsc,mlp,19,DebtRatio,relative_plus_5,0.05,0.20742264,0.217793772,0.052926506156008635,0.05292618263102853,-3.23524980104517e-07,3.23524980104517e-07,0,0,0,-1
gmsc,mlp,20,DebtRatio,relative_plus_5,0.05,0.10735282,0.11272046100000001,0.008830310596060332,0.008830298254033425,-1.2342026907419257e-08,1.2342026907419257e-08,0,0,0,-1
gmsc,mlp,21,DebtRatio,relative_plus_5,0.05,223.0,234.15,0.014797349397540089,0.014700772616181027,-9.657678135906178e-05,9.657678135906178e-05,0,0,0,-1
gmsc,mlp,22,DebtRatio,relative_plus_5,0.05,0.26601106,0.279311613,0.04562370697875247,0.04562360985968071,-9.711907175691259e-08,9.711907175691259e-08,0,0,0,-1
gmsc,mlp,23,DebtRatio,relative_plus_5,0.05,0.2999674,0.31496577,0.01573080665121102,0.015730682474933737,-1.2417627728161795e-07,1.2417627728161795e-07,0,0,0,-1
gmsc,mlp,24,DebtRatio,relative_plus_5,0.05,0.012362637,0.01298076885,0.011506289508992087,0.011506284691571599,-4.8174204885648164e-09,4.8174204885648164e-09,0,0,0,-1
gmsc,mlp,25,DebtRatio,relative_plus_5,0.05,0.402445,0.42256725,0.03731802443216143,0.03731748073233386,-5.43699827569577e-07,5.43699827569577e-07,0,0,0,-1
gmsc,mlp,26,DebtRatio,relative_plus_5,0.05,0.0,0.0208549685,0.029333059161415907,0.029332821931969268,-2.3722944663892576e-07,2.3722944663892576e-07,0,0,0,-1
gmsc,mlp,27,DebtRatio,relative_plus_5,0.05,0.17137648,0.179945304,0.035095010256273325,0.035094891381317876,-1.1887495544871118e-07,1.1887495544871118e-07,0,0,0,-1
gmsc,mlp,28,DebtRatio,relative_plus_5,0.05,0.0,0.0208549685,0.09263198005026192,0.0926315561026129,-4.239476490280891e-07,4.239476490280891e-07,0,0,0,-1
gmsc,mlp,29,DebtRatio,relative_plus_5,0.05,0.058094192,0.0609989016,0.006344097366443652,0.0063440845340270325,-1.2832416619763809e-08,1.2832416619763809e-08,0,0,0,-1
gmsc,mlp,30,DebtRatio,relative_plus_5,0.05,0.44399184,0.466191432,0.046242861401163154,0.046242502458841664,-3.5894232149058514e-07,3.5894232149058514e-07,0,0,0,-1
gmsc,mlp,31,DebtRatio,relative_plus_5,0.05,482.0,506.1,0.0255021185573372,0.02529526900293583,-0.00020684955440137057,0.00020684955440137057,0,0,0,-1
gmsc,mlp,32,DebtRatio,relative_plus_5,0.05,0.4293059,0.450771195,0.026376707227492684,0.026376404178112905,-3.0304937977815305e-07,3.0304937977815305e-07,0,0,0,-1
gmsc,mlp,33,DebtRatio,relative_plus_5,0.05,0.008748633,0.00918606465,0.015498282720832536,0.015498279240143594,-3.4806889419314313e-09,3.4806889419314313e-09,0,0,0,-1
gmsc,mlp,34,DebtRatio,relative_plus_5,0.05,0.470006,0.49350629999999995,0.08535157193754099,0.08535033987185994,-1.2320656810477226e-06,1.2320656810477226e-06,0,0,0,-1
gmsc,mlp,35,DebtRatio,relative_plus_5,0.05,0.8031548,0.8433125399999999,0.19910001606794017,0.19909760773484697,-2.4083330932012093e-06,2.4083330932012093e-06,0,0,0,-1
gmsc,mlp,36,DebtRatio,relative_plus_5,0.05,0.1687678,0.17720618999999999,0.010761647197797914,0.0107616012953456,-4.590245231486656e-08,4.590245231486656e-08,0,0,0,-1
gmsc,mlp,37,DebtRatio,relative_plus_5,0.05,2965.0,3113.25,0.01757909301258303,0.018009407318641688,0.00043031430605865867,0.00043031430605865867,0,0,0,-1
gmsc,mlp,38,DebtRatio,relative_plus_5,0.05,0.521364,0.5474322,0.009145988810159647,0.009145885037311865,-1.0377284778186058e-07,1.0377284778186058e-07,0,0,0,-1
gmsc,mlp,39,DebtRatio,relative_plus_5,0.05,1.2837993,1.347989265,0.051173952814171794,0.05117164054828548,-2.3122658863172774e-06,2.3122658863172774e-06,0,0,0,-1
gmsc,mlp,40,DebtRatio,relative_plus_5,0.05,0.32549995,0.3417749475,0.022676366611436422,0.022676269167536522,-9.744389990046232e-08,9.744389990046232e-08,0,0,0,-1
gmsc,mlp,41,DebtRatio,relative_plus_5,0.05,1.5599782,1.63797711,0.04009590259851887,0.04009333283859211,-2.5697599267612836e-06,2.5697599267612836e-06,0,0,0,-1
gmsc,mlp,42,DebtRatio,relative_plus_5,0.05,0.19,0.1995,0.02298812229422112,0.022988020221627048,-1.0207259407146729e-07,1.0207259407146729e-07,0,0,0,-1
gmsc,mlp,43,DebtRatio,relative_plus_5,0.05,171.0,179.55,0.04219806536296886,0.04222790714318983,2.9841780220966896e-05,2.9841780220966896e-05,0,0,0,-1
gmsc,mlp,44,DebtRatio,relative_plus_5,0.05,0.20451674,0.214742577,0.01680383752969732,0.01680375077145619,-8.675824112944208e-08,8.675824112944208e-08,0,0,0,-1
gmsc,mlp,45,DebtRatio,relative_plus_5,0.05,0.41645184,0.43727443200000005,0.0359226511464687,0.035921892836432635,-7.583100360628037e-07,7.583100360628037e-07,0,0,0,-1
gmsc,mlp,46,DebtRatio,relative_plus_5,0.05,486.0,510.3,0.008419834692001592,0.008370994926609036,-4.88397653925568e-05,4.88397653925568e-05,0,0,0,-1
gmsc,mlp,47,DebtRatio,relative_plus_5,0.05,0.24237882,0.254497761,0.01526822945269322,0.015268026315943133,-2.0313675008591658e-07,2.0313675008591658e-07,0,0,0,-1
gmsc,mlp,48,DebtRatio,relative_plus_5,0.05,1071.0,1124.55,0.011940522095800142,0.011730391290932615,-0.00021013080486752787,0.00021013080486752787,0,0,0,-1
gmsc,mlp,49,DebtRatio,relative_plus_5,0.05,0.005664778,0.005948016899999999,0.029003393714220643,0.02900339015975739,-3.554463254978879e-09,3.554463254978879e-09,0,0,0,-1
gmsc,mlp,50,DebtRatio,relative_plus_5,0.05,0.16283266,0.170974293,0.03157652357546811,0.03157633416336097,-1.8941210714468193e-07,1.8941210714468193e-07,0,0,0,-1
gmsc,mlp,51,DebtRatio,relative_plus_5,0.05,2000.0,2100.0,0.016133909190219866,0.016205970660829263,7.206147060939694e-05,7.206147060939694e-05,0,0,0,-1
gmsc,mlp,52,DebtRatio,relative_plus_5,0.05,1240.0,1302.0,0.008942513898120756,0.008927222760590412,-1.5291137530343626e-05,1.5291137530343626e-05,0,0,0,-1
gmsc,mlp,53,DebtRatio,relative_plus_5,0.05,0.021596858,0.0226767009,0.29379437931569313,0.29379440903510035,2.9719407212969173e-08,2.9719407212969173e-08,0,0,0,-1
gmsc,mlp,54,DebtRatio,relative_plus_5,0.05,1.5316092,1.6081896599999999,0.3498543595427822,0.3498498664333847,-4.493109397485373e-06,4.493109397485373e-06,0,0,0,-1
gmsc,mlp,55,DebtRatio,relative_plus_5,0.05,1844.0,1936.2,0.007600943545173095,0.007467696904754407,-0.00013324664041868776,0.00013324664041868776,0,0,0,-1
gmsc,mlp,56,DebtRatio,relative_plus_5,0.05,0.33847472,0.35539845600000003,0.025320893704546973,0.025320654834703527,-2.388698434468983e-07,2.388698434468983e-07,0,0,0,-1
gmsc,mlp,57,DebtRatio,relative_plus_5,0.05,0.38452163,0.4037477115,0.05069033380470405,0.05069020732675546,-1.2647794859349526e-07,1.2647794859349526e-07,0,0,0,-1
gmsc,mlp,58,DebtRatio,relative_plus_5,0.05,0.13751946,0.14439543300000002,0.16009590625064055,0.1600961804029037,2.74152263141092e-07,2.74152263141092e-07,0,0,0,-1
gmsc,mlp,59,DebtRatio,relative_plus_5,0.05,0.74480665,0.7820469825,0.025457114256866867,0.02545676473286511,-3.49524001758833e-07,3.49524001758833e-07,0,0,0,-1
gmsc,mlp,60,DebtRatio,relative_plus_5,0.05,0.078658074,0.0825909777,0.037076780618332694,0.0370767459854217,-3.463291099736754e-08,3.463291099736754e-08,0,0,0,-1
gmsc,mlp,61,DebtRatio,relative_plus_5,0.05,0.6623037,0.695418885,0.04860926951599663,0.04860838463943213,-8.848765645011469e-07,8.848765645011469e-07,0,0,0,-1
gmsc,mlp,62,DebtRatio,relative_plus_5,0.05,0.5309469,0.557494245,0.022160573410907457,0.02216023272257665,-3.4068833080699856e-07,3.4068833080699856e-07,0,0,0,-1
gmsc,mlp,63,DebtRatio,relative_plus_5,0.05,0.24462043,0.2568514515,0.010545360475655359,0.010545318257674387,-4.221798097225893e-08,4.221798097225893e-08,0,0,0,-1
gmsc,mlp,64,DebtRatio,relative_plus_5,0.05,0.4177469,0.438634245,0.05188426446215026,0.05188357229287238,-6.921692778799615e-07,6.921692778799615e-07,0,0,0,-1
gmsc,mlp,65,DebtRatio,relative_plus_5,0.05,0.20786196,0.218255058,0.19320558451418393,0.193204121225734,-1.4632884499377052e-06,1.4632884499377052e-06,0,0,0,-1
gmsc,mlp,66,DebtRatio,relative_plus_5,0.05,0.3109459,0.326493195,0.017380461870616856,0.01738029337556546,-1.684950513974881e-07,1.684950513974881e-07,0,0,0,-1
gmsc,mlp,67,DebtRatio,relative_plus_5,0.05,0.3151282,0.33088461,0.045289289381342065,0.04528930125539966,1.1874057591343412e-08,1.1874057591343412e-08,0,0,0,-1
gmsc,mlp,68,DebtRatio,relative_plus_5,0.05,0.34570906,0.362994513,0.012814695328681581,0.01281457624817192,-1.1908050966125128e-07,1.1908050966125128e-07,0,0,0,-1
gmsc,mlp,69,DebtRatio,relative_plus_5,0.05,0.96340734,1.011577707,0.09362660727989738,0.09362462373825081,-1.9835416465718847e-06,1.9835416465718847e-06,0,0,0,-1
gmsc,mlp,70,DebtRatio,relative_plus_5,0.05,0.069360115,0.07282812075,0.09827269814207695,0.09827272760138112,2.945930416275999e-08,2.945930416275999e-08,0,0,0,-1
gmsc,mlp,71,DebtRatio,relative_plus_5,0.05,69.0,72.45,0.07244781616495638,0.07239842611047564,-4.9390054480735746e-05,4.9390054480735746e-05,0,0,0,-1
gmsc,mlp,72,DebtRatio,relative_plus_5,0.05,0.72570974,0.761995227,0.03217968676284227,0.03217910996297618,-5.767998660852203e-07,5.767998660852203e-07,0,0,0,-1
gmsc,mlp,73,DebtRatio,relative_plus_5,0.05,0.3235353,0.339712065,0.044640504763767554,0.044639959918124715,-5.448456428386317e-07,5.448456428386317e-07,0,0,0,-1
gmsc,mlp,74,DebtRatio,relative_plus_5,0.05,0.024987506,0.0262368813,0.03482378444402007,0.034823767384200316,-1.7059819751308325e-08,1.7059819751308325e-08,0,0,0,-1
gmsc,mlp,75,DebtRatio,relative_plus_5,0.05,57.0,59.85,0.04920214568663398,0.049183288862821785,-1.8856823812196666e-05,1.8856823812196666e-05,0,0,0,-1
gmsc,mlp,76,DebtRatio,relative_plus_5,0.05,0.066019416,0.0693203868,0.02205212445347039,0.02205211811937319,-6.334097198135158e-09,6.334097198135158e-09,0,0,0,-1
gmsc,mlp,77,DebtRatio,relative_plus_5,0.05,26.0,27.3,0.009856180676789783,0.009850229592300742,-5.951084489041331e-06,5.951084489041331e-06,0,0,0,-1
gmsc,mlp,78,DebtRatio,relative_plus_5,0.05,1569.0,1647.45,0.010129649250511236,0.010140236074016422,1.0586823505185847e-05,1.0586823505185847e-05,0,0,0,-1
gmsc,mlp,79,DebtRatio,relative_plus_5,0.05,0.39635402,0.416171721,0.025575449411528527,0.025575069484835414,-3.799266931128753e-07,3.799266931128753e-07,0,0,0,-1
gmsc,mlp,80,DebtRatio,relative_plus_5,0.05,2316.0,2431.8,0.005666248820127979,0.005789110433045842,0.00012286161291786332,0.00012286161291786332,0,0,0,-1
gmsc,mlp,81,DebtRatio,relative_plus_5,0.05,0.30566496,0.320948208,0.04332063353337088,0.043320214268354675,-4.192650162049283e-07,4.192650162049283e-07,0,0,0,-1
gmsc,mlp,82,DebtRatio,relative_plus_5,0.05,0.41855487,0.4394826135,0.01937427089536237,0.019374140575153034,-1.3032020933570476e-07,1.3032020933570476e-07,0,0,0,-1
gmsc,mlp,83,DebtRatio,relative_plus_5,0.05,0.20540665,0.2156769825,0.014956252536287561,0.014956130173429786,-1.223628577750463e-07,1.223628577750463e-07,0,0,0,-1
gmsc,mlp,84,DebtRatio,relative_plus_5,0.05,0.5669721,0.595320705,0.034404191335380946,0.03440344993183474,-7.414035462088853e-07,7.414035462088853e-07,0,0,0,-1
gmsc,mlp,85,DebtRatio,relative_plus_5,0.05,0.47793037,0.5018268885,0.016073637508889543,0.016073451578356282,-1.859305332613248e-07,1.859305332613248e-07,0,0,0,-1
gmsc,mlp,86,DebtRatio,relative_plus_5,0.05,0.035787743,0.03757713015,0.03951246267546877,0.039512419579491045,-4.309597772395035e-08,4.309597772395035e-08,0,0,0,-1
gmsc,mlp,87,DebtRatio,relative_plus_5,0.05,445.0,467.25,0.023170727869934838,0.023159378095240463,-1.1349774694375397e-05,1.1349774694375397e-05,0,0,0,-1
gmsc,mlp,88,DebtRatio,relative_plus_5,0.05,1352.0,1419.6,0.014049767208401245,0.013880730873309733,-0.0001690363350915127,0.0001690363350915127,0,0,0,-1
gmsc,mlp,89,DebtRatio,relative_plus_5,0.05,0.3882579,0.407670795,0.031436900478850546,0.031436705210264815,-1.9526858573148953e-07,1.9526858573148953e-07,0,0,0,-1
gmsc,mlp,90,DebtRatio,relative_plus_5,0.05,830.0,871.5,0.005417127218637603,0.0053928503335312,-2.4276885106402392e-05,2.4276885106402392e-05,0,0,0,-1
gmsc,mlp,91,DebtRatio,relative_plus_5,0.05,0.31826663,0.3341799615,0.025606851072255785,0.025606706284076918,-1.4478817886645623e-07,1.4478817886645623e-07,0,0,0,-1
gmsc,mlp,92,DebtRatio,relative_plus_5,0.05,9.0,9.45,0.06791010130064887,0.06789224384263222,-1.785745801664851e-05,1.785745801664851e-05,0,0,0,-1
gmsc,mlp,93,DebtRatio,relative_plus_5,0.05,2079.0,2182.95,0.012557321048589615,0.012430131621003331,-0.00012718942758628386,0.00012718942758628386,0,0,0,-1
gmsc,mlp,94,DebtRatio,relative_plus_5,0.05,0.024174053,0.02538275565,0.01479561435417343,0.01479560145819855,-1.2895974879981176e-08,1.2895974879981176e-08,0,0,0,-1
gmsc,mlp,95,DebtRatio,relative_plus_5,0.05,0.69365734,0.728340207,0.02165723032387087,0.02165670130576666,-5.29018104211687e-07,5.29018104211687e-07,0,0,0,-1
gmsc,mlp,96,DebtRatio,relative_plus_5,0.05,0.19048095,0.2000049975,0.025618448582325936,0.02561848173052663,3.314820069474922e-08,3.314820069474922e-08,0,0,0,-1
gmsc,mlp,97,DebtRatio,relative_plus_5,0.05,847.0,889.35,0.017705870709505835,0.017348148329931506,-0.0003577223795743281,0.0003577223795743281,0,0,0,-1
gmsc,mlp,98,DebtRatio,relative_plus_5,0.05,0.80673593,0.8470727265,0.021717560701058864,0.021716929093284567,-6.316077742971049e-07,6.316077742971049e-07,0,0,0,-1
gmsc,mlp,99,DebtRatio,relative_plus_5,0.05,0.61044824,0.640970652,0.2986561163043243,0.2986581126126165,1.9963082921736763e-06,1.9963082921736763e-06,0,0,0,-1
gmsc,mlp,0,DebtRatio,relative_minus_10,-0.1,0.20606616,0.226672776,0.02211686465599193,0.022116646739260587,-2.1791673134388678e-07,2.1791673134388678e-07,0,0,0,-1
gmsc,mlp,1,DebtRatio,relative_minus_10,-0.1,0.19957148,0.219528628,0.01569449495491033,0.01569440851623131,-8.643867902002889e-08,8.643867902002889e-08,0,0,0,-1
gmsc,mlp,2,DebtRatio,relative_minus_10,-0.1,55.0,60.5,0.016575068310977385,0.016522403287096754,-5.266502388063046e-05,5.266502388063046e-05,0,0,0,-1
gmsc,mlp,3,DebtRatio,relative_minus_10,-0.1,1.2865958,1.41525538,0.034126022539606525,0.034123040748913556,-2.9817906929685556e-06,2.9817906929685556e-06,0,0,0,-1
gmsc,mlp,4,DebtRatio,relative_minus_10,-0.1,0.520637,0.5727007000000001,0.026106102898580053,0.02610480017946717,-1.3027191128819893e-06,1.3027191128819893e-06,0,0,0,-1
gmsc,mlp,5,DebtRatio,relative_minus_10,-0.1,0.23819813,0.26201794300000003,0.021830131699538843,0.021829753790341647,-3.779091971960191e-07,3.779091971960191e-07,0,0,0,-1
gmsc,mlp,6,DebtRatio,relative_minus_10,-0.1,0.121203355,0.1333236905,0.03217662260521963,0.032176496603834225,-1.2600138540874717e-07,1.2600138540874717e-07,0,0,0,-1
gmsc,mlp,7,DebtRatio,relative_minus_10,-0.1,0.018074095,0.019881504499999997,0.046315106403102796,0.046315112783079336,6.379976540127341e-09,6.379976540127341e-09,0,0,0,-1
gmsc,mlp,8,DebtRatio,relative_minus_10,-0.1,0.53478074,0.588258814,0.05673708325740244,0.05673777036426924,6.871068667993474e-07,6.871068667993474e-07,0,0,0,-1
gmsc,mlp,9,DebtRatio,relative_minus_10,-0.1,0.40325078,0.443575858,0.07183380465082981,0.07183236186310071,-1.4427877290945634e-06,1.4427877290945634e-06,0,0,0,-1
gmsc,mlp,10,DebtRatio,relative_minus_10,-0.1,1.031025,1.1341275000000002,0.029425463415082575,0.02942314729926358,-2.31611581899549e-06,2.31611581899549e-06,0,0,0,-1
gmsc,mlp,11,DebtRatio,relative_minus_10,-0.1,0.43150038,0.474650418,0.012965465127209348,0.012965300466388687,-1.646608206607586e-07,1.646608206607586e-07,0,0,0,-1
gmsc,mlp,12,DebtRatio,relative_minus_10,-0.1,2565.0,2821.5,0.007076920292949544,0.007278387318509233,0.00020146702555968836,0.00020146702555968836,0,0,0,-1
gmsc,mlp,13,DebtRatio,relative_minus_10,-0.1,44.0,48.4,0.35361463292929435,0.3539476339023913,0.0003330009730969641,0.0003330009730969641,0,0,0,-1
gmsc,mlp,14,DebtRatio,relative_minus_10,-0.1,941.0,1035.1,0.03041379302018182,0.029626843779875355,-0.0007869492403064643,0.0007869492403064643,0,0,0,-1
gmsc,mlp,15,DebtRatio,relative_minus_10,-0.1,0.28925687,0.318182557,0.028531846223265274,0.02853192661872388,8.039545860635822e-08,8.039545860635822e-08,0,0,0,-1
gmsc,mlp,16,DebtRatio,relative_minus_10,-0.1,0.040159974,0.0441759714,0.11002930362193034,0.11002927209493511,-3.1526995222797005e-08,3.1526995222797005e-08,0,0,0,-1
gmsc,mlp,17,DebtRatio,relative_minus_10,-0.1,2092.0,2301.2,0.013790889882417817,0.013526708946904597,-0.00026418093551322,0.00026418093551322,0,0,0,-1
gmsc,mlp,18,DebtRatio,relative_minus_10,-0.1,0.3357388,0.36931268,0.02753715371688414,0.02753698741697074,-1.6629991339903172e-07,1.6629991339903172e-07,0,0,0,-1
gmsc,mlp,19,DebtRatio,relative_minus_10,-0.1,0.20742264,0.228164904,0.052926506156008635,0.052925859107915564,-6.470480930706457e-07,6.470480930706457e-07,0,0,0,-1
gmsc,mlp,20,DebtRatio,relative_minus_10,-0.1,0.10735282,0.118088102,0.008830310596060332,0.008830285912023615,-2.4684036717403934e-08,2.4684036717403934e-08,0,0,0,-1
gmsc,mlp,21,DebtRatio,relative_minus_10,-0.1,223.0,245.3,0.014797349397540089,0.014604816811475317,-0.00019253258606477183,0.00019253258606477183,0,0,0,-1
gmsc,mlp,22,DebtRatio,relative_minus_10,-0.1,0.26601106,0.292612166,0.04562370697875247,0.04562351274080581,-1.9423794665740512e-07,1.9423794665740512e-07,0,0,0,-1
gmsc,mlp,23,DebtRatio,relative_minus_10,-0.1,0.2999674,0.32996414,0.01573080665121102,0.01573055829962101,-2.48351590008411e-07,2.48351590008411e-07,0,0,0,-1
gmsc,mlp,24,DebtRatio,relative_minus_10,-0.1,0.012362637,0.0135989007,0.011506289508992087,0.011506279874153114,-9.634838973524018e-09,9.634838973524018e-09,0,0,0,-1
gmsc,mlp,25,DebtRatio,relative_minus_10,-0.1,0.402445,0.4426895,0.03731802443216143,0.03731693704012061,-1.0873920408202564e-06,1.0873920408202564e-06,0,0,0,-1
gmsc,mlp,26,DebtRatio,relative_minus_10,-0.1,0.0,0.041709937,0.029333059161415907,0.02933258470438322,-4.7445703268630957e-07,4.7445703268630957e-07,0,0,0,-1
gmsc,mlp,27,DebtRatio,relative_minus_10,-0.1,0.17137648,0.188514128,0.035095010256273325,0.035094772506750437,-2.3774952288835305e-07,2.3774952288835305e-07,0,0,0,-1
gmsc,mlp,28,DebtRatio,relative_minus_10,-0.1,0.0,0.041709937,0.09263198005026192,0.09263113215670593,-8.478935559913525e-07,8.478935559913525e-07,0,0,0,-1
gmsc,mlp,29,DebtRatio,relative_minus_10,-0.1,0.058094192,0.0639036112,0.006344097366443652,0.006344071701636204,-2.566480744852634e-08,2.566480744852634e-08,0,0,0,-1
gmsc,mlp,30,DebtRatio,relative_minus_10,-0.1,0.44399184,0.488391024,0.046242861401163154,0.046242143519171226,-7.17881991928182e-07,7.17881991928182e-07,0,0,0,-1
gmsc,mlp,31,DebtRatio,relative_minus_10,-0.1,482.0,530.2,0.0255021185573372,0.025090054023441298,-0.00041206453389590336,0.00041206453389590336,0,0,0,-1
gmsc,mlp,32,DebtRatio,relative_minus_10,-0.1,0.4293059,0.47223649,0.026376707227492684,0.026376101132120664,-6.060953720195272e-07,6.060953720195272e-07,0,0,0,-1
gmsc,mlp,33,DebtRatio,relative_minus_10,-0.1,0.008748633,0.009623496300000001,0.015498282720832536,0.01549827575945539,-6.961377146605385e-09,6.961377146605385e-09,0,0,0,-1
gmsc,mlp,34,DebtRatio,relative_minus_10,-0.1,0.470006,0.5170066,0.08535157193754099,0.08534910782230432,-2.464115236675002e-06,2.464115236675002e-06,0,0,0,-1
gmsc,mlp,35,DebtRatio,relative_minus_10,-0.1,0.8031548,0.8834702799999999,0.19910001606794017,0.19909519942364343,-4.816644296745665e-06,4.816644296745665e-06,0,0,0,-1
gmsc,mlp,36,DebtRatio,relative_minus_10,-0.1,0.1687678,0.18564458,0.010761647197797914,0.01076155539308695,-9.180471096520426e-08,9.180471096520426e-08,0,0,0,-1
gmsc,mlp,37,DebtRatio,relative_minus_10,-0.1,2965.0,3261.5,0.01757909301258303,0.01855857990219824,0.0009794868896152095,0.0009794868896152095,0,0,0,-1
gmsc,mlp,38,DebtRatio,relative_minus_10,-0.1,0.521364,0.5735004,0.009145988810159647,0.00914578126563065,-2.0754452899687803e-07,2.0754452899687803e-07,0,0,0,-1
gmsc,mlp,39,DebtRatio,relative_minus_10,-0.1,1.2837993,1.41217923,0.051173952814171794,0.0511693283812431,-4.624432928694577e-06,4.624432928694577e-06,0,0,0,-1
gmsc,mlp,40,DebtRatio,relative_minus_10,-0.1,0.32549995,0.358049945,0.022676366611436422,0.022676171724045614,-1.9488739080864015e-07,1.9488739080864015e-07,0,0,0,-1
gmsc,mlp,41,DebtRatio,relative_minus_10,-0.1,1.5599782,1.71597602,0.04009590259851887,0.04009076323648349,-5.139362035382067e-06,5.139362035382067e-06,0,0,0,-1
gmsc,mlp,42,DebtRatio,relative_minus_10,-0.1,0.19,0.20900000000000002,0.02298812229422112,0.022987918149475556,-2.0414474556293416e-07,2.0414474556293416e-07,0,0,0,-1
gmsc,mlp,43,DebtRatio,relative_minus_10,-0.1,171.0,188.1,0.04219806536296886,0.042257769095946994,5.970373297813081e-05,5.970373297813081e-05,0,0,0,-1
gmsc,mlp,44,DebtRatio,relative_minus_10,-0.1,0.20451674,0.224968414,0.01680383752969732,0.016803664013655323,-1.735160419964743e-07,1.735160419964743e-07,0,0,0,-1
gmsc,mlp,45,DebtRatio,relative_minus_10,-0.1,0.41645184,0.458097024,0.0359226511464687,0.03592113454180766,-1.5166046610365358e-06,1.5166046610365358e-06,0,0,0,-1
gmsc,mlp,46,DebtRatio,relative_minus_10,-0.1,486.0,534.6,0.008419834692001592,0.008322436081508539,-9.739861049305396e-05,9.739861049305396e-05,0,0,0,-1
gmsc,mlp,47,DebtRatio,relative_minus_10,-0.1,0.24237882,0.266616702,0.01526822945269322,0.015267823181853784,-4.062708394356185e-07,4.062708394356185e-07,0,0,0,-1
gmsc,mlp,48,DebtRatio,relative_minus_10,-0.1,1071.0,1178.1,0.011940522095800142,0.011523915264945497,-0.0004166068308546454,0.0004166068308546454,0,0,0,-1
gmsc,mlp,49,DebtRatio,relative_minus_10,-0.1,0.005664778,0.0062312558,0.029003393714220643,0.02900338660529455,-7.108926093624124e-09,7.108926093624124e-09,0,0,0,-1
gmsc,mlp,50,DebtRatio,relative_minus_10,-0.1,0.16283266,0.17911592599999998,0.03157652357546811,0.031576144752353,-3.7882311511305833e-07,3.7882311511305833e-07,0,0,0,-1
gmsc,mlp,51,DebtRatio,relative_minus_10,-0.1,2000.0,2200.0,0.016133909190219866,0.016248709160413287,0.00011479997019342089,0.00011479997019342089,0,0,0,-1
gmsc,mlp,52,DebtRatio,relative_minus_10,-0.1,1240.0,1364.0,0.008942513898120756,0.008936264216995655,-6.2496811251006035e-06,6.2496811251006035e-06,0,0,0,-1
gmsc,mlp,53,DebtRatio,relative_minus_10,-0.1,0.021596858,0.023756543800000002,0.29379437931569313,0.29379443875450933,5.9438816202295186e-08,5.9438816202295186e-08,0,0,0,-1
gmsc,mlp,54,DebtRatio,relative_minus_10,-0.1,1.5316092,1.6847701199999998,0.3498543595427822,0.34984537335064064,-8.986192141569038e-06,8.986192141569038e-06,0,0,0,-1
gmsc,mlp,55,DebtRatio,relative_minus_10,-0.1,1844.0,2028.4,0.007600943545173095,0.0073359911300039755,-0.0002649524151691193,0.0002649524151691193,0,0,0,-1
gmsc,mlp,56,DebtRatio,relative_minus_10,-0.1,0.33847472,0.372322192,0.025320893704546973,0.02532041596705496,-4.77737492014102e-07,4.77737492014102e-07,0,0,0,-1
gmsc,mlp,57,DebtRatio,relative_minus_10,-0.1,0.38452163,0.422973793,0.05069033380470405,0.050690080849105625,-2.529555984259746e-07,2.529555984259746e-07,0,0,0,-1
gmsc,mlp,58,DebtRatio,relative_minus_10,-0.1,0.13751946,0.151271406,0.16009590625064055,0.1600964545555468,5.483049062560141e-07,5.483049062560141e-07,0,0,0,-1
gmsc,mlp,59,DebtRatio,relative_minus_10,-0.1,0.74480665,0.819287315,0.025457114256866867,0.025456415213536924,-6.990433299436383e-07,6.990433299436383e-07,0,0,0,-1
gmsc,mlp,60,DebtRatio,relative_minus_10,-0.1,0.078658074,0.08652388139999999,0.037076780618332694,0.037076711352541813,-6.926579088073481e-08,6.926579088073481e-08,0,0,0,-1
gmsc,mlp,61,DebtRatio,relative_minus_10,-0.1,0.6623037,0.72853407,0.04860926951599663,0.04860749977815274,-1.7697378438888411e-06,1.7697378438888411e-06,0,0,0,-1
gmsc,mlp,62,DebtRatio,relative_minus_10,-0.1,0.5309469,0.58404159,0.022160573410907457,0.022159892039364748,-6.813715427086975e-07,6.813715427086975e-07,0,0,0,-1
gmsc,mlp,63,DebtRatio,relative_minus_10,-0.1,0.24462043,0.269082473,0.010545360475655359,0.01054527603986061,-8.44357947483998e-08,8.44357947483998e-08,0,0,0,-1
gmsc,mlp,64,DebtRatio,relative_minus_10,-0.1,0.4177469,0.45952159,0.05188426446215026,0.0518828801323232,-1.3843298270616033e-06,1.3843298270616033e-06,0,0,0,-1
gmsc,mlp,65,DebtRatio,relative_minus_10,-0.1,0.20786196,0.22864815600000002,0.19320558451418393,0.19320265794571279,-2.9265684711454742e-06,2.9265684711454742e-06,0,0,0,-1
gmsc,mlp,66,DebtRatio,relative_minus_10,-0.1,0.3109459,0.34204049,0.017380461870616856,0.017380124882118667,-3.369884981896387e-07,3.369884981896387e-07,0,0,0,-1
gmsc,mlp,67,DebtRatio,relative_minus_10,-0.1,0.3151282,0.34664102,0.045289289381342065,0.0452893131294602,2.3748118131716733e-08,2.3748118131716733e-08,0,0,0,-1
gmsc,mlp,68,DebtRatio,relative_minus_10,-0.1,0.34570906,0.380279966,0.012814695328681581,0.012814457168754447,-2.3815992713366319e-07,2.3815992713366319e-07,0,0,0,-1
gmsc,mlp,69,DebtRatio,relative_minus_10,-0.1,0.96340734,1.059748074,0.09362660727989738,0.09362264023428625,-3.9670456111334795e-06,3.9670456111334795e-06,0,0,0,-1
gmsc,mlp,70,DebtRatio,relative_minus_10,-0.1,0.069360115,0.0762961265,0.09827269814207695,0.09827275706069322,5.891861626361461e-08,5.891861626361461e-08,0,0,0,-1
gmsc,mlp,71,DebtRatio,relative_minus_10,-0.1,69.0,75.9,0.07244781616495638,0.07234906710049241,-9.874906446397103e-05,9.874906446397103e-05,0,0,0,-1
gmsc,mlp,72,DebtRatio,relative_minus_10,-0.1,0.72570974,0.798280714,0.03217968676284227,0.0321785331731051,-1.1535897371656167e-06,1.1535897371656167e-06,0,0,0,-1
gmsc,mlp,73,DebtRatio,relative_minus_10,-0.1,0.3235353,0.35588883000000004,0.044640504763767554,0.044639415078821125,-1.0896849464286928e-06,1.0896849464286928e-06,0,0,0,-1
gmsc,mlp,74,DebtRatio,relative_minus_10,-0.1,0.024987506,0.0274862566,0.03482378444402007,0.03482375032438861,-3.4119631460438615e-08,3.4119631460438615e-08,0,0,0,-1
gmsc,mlp,75,DebtRatio,relative_minus_10,-0.1,57.0,62.7,0.04920214568663398,0.04916443889223237,-3.77067944016124e-05,3.77067944016124e-05,0,0,0,-1
gmsc,mlp,76,DebtRatio,relative_minus_10,-0.1,0.066019416,0.07262135759999999,0.02205212445347039,0.022052111785277776,-1.2668192612974583e-08,1.2668192612974583e-08,0,0,0,-1
gmsc,mlp,77,DebtRatio,relative_minus_10,-0.1,26.0,28.6,0.009856180676789783,0.00984428206530502,-1.1898611484763635e-05,1.1898611484763635e-05,0,0,0,-1
gmsc,mlp,78,DebtRatio,relative_minus_10,-0.1,1569.0,1725.9,0.010129649250511236,0.010165854163531475,3.6204913020239024e-05,3.6204913020239024e-05,0,0,0,-1
gmsc,mlp,79,DebtRatio,relative_minus_10,-0.1,0.39635402,0.43598942199999996,0.025575449411528527,0.025574689563638033,-7.598478904934092e-07,7.598478904934092e-07,0,0,0,-1
gmsc,mlp,80,DebtRatio,relative_minus_10,-0.1,2316.0,2547.6,0.005666248820127979,0.005914620215252411,0.00024837139512443214,0.00024837139512443214,0,0,0,-1
gmsc,mlp,81,DebtRatio,relative_minus_10,-0.1,0.30566496,0.336231456,0.04332063353337088,0.043319795007212496,-8.385261583837567e-07,8.385261583837567e-07,0,0,0,-1
gmsc,mlp,82,DebtRatio,relative_minus_10,-0.1,0.41855487,0.46041035700000005,0.01937427089536237,0.01937401025580296,-2.6063955941083017e-07,2.6063955941083017e-07,0,0,0,-1
gmsc,mlp,83,DebtRatio,relative_minus_10,-0.1,0.20540665,0.22594731499999998,0.014956252536287561,0.014956007811557906,-2.447247296546995e-07,2.447247296546995e-07,0,0,0,-1
gmsc,mlp,84,DebtRatio,relative_minus_10,-0.1,0.5669721,0.6236693099999999,0.034404191335380946,0.034402708543696384,-1.4827916845622235e-06,1.4827916845622235e-06,0,0,0,-1
gmsc,mlp,85,DebtRatio,relative_minus_10,-0.1,0.47793037,0.525723407,0.016073637508889543,0.016073265649938624,-3.718589509198178e-07,3.718589509198178e-07,0,0,0,-1
gmsc,mlp,86,DebtRatio,relative_minus_10,-0.1,0.035787743,0.039366517299999994,0.03951246267546877,0.03951237648355839,-8.61919103797848e-08,8.61919103797848e-08,0,0,0,-1
gmsc,mlp,87,DebtRatio,relative_minus_10,-0.1,445.0,489.5,0.023170727869934838,0.023148033748290348,-2.2694121644489806e-05,2.2694121644489806e-05,0,0,0,-1
gmsc,mlp,88,DebtRatio,relative_minus_10,-0.1,1352.0,1487.2,0.014049767208401245,0.013718678805489489,-0.00033108840291175626,0.00033108840291175626,0,0,0,-1
gmsc,mlp,89,DebtRatio,relative_minus_10,-0.1,0.3882579,0.42708369,0.031436900478850546,0.03143650994285264,-3.905359979086698e-07,3.905359979086698e-07,0,0,0,-1
gmsc,mlp,90,DebtRatio,relative_minus_10,-0.1,830.0,913.0,0.005417127218637603,0.005368681658139709,-4.8445560497894016e-05,4.8445560497894016e-05,0,0,0,-1
gmsc,mlp,91,DebtRatio,relative_minus_10,-0.1,0.31826663,0.35009329299999997,0.025606851072255785,0.025606561496695192,-2.895755605927808e-07,2.895755605927808e-07,0,0,0,-1
gmsc,mlp,92,DebtRatio,relative_minus_10,-0.1,9.0,9.9,0.06791010130064887,0.06787439073842234,-3.571056222652358e-05,3.571056222652358e-05,0,0,0,-1
gmsc,mlp,93,DebtRatio,relative_minus_10,-0.1,2079.0,2286.9,0.012557321048589615,0.012300230659219029,-0.00025709038937058587,0.00025709038937058587,0,0,0,-1
gmsc,mlp,94,DebtRatio,relative_minus_10,-0.1,0.024174053,0.026591458300000002,0.01479561435417343,0.014795588562234807,-2.5791938623037636e-08,2.5791938623037636e-08,0,0,0,-1
gmsc,mlp,95,DebtRatio,relative_minus_10,-0.1,0.69365734,0.763023074,0.02165723032387087,0.021656172300298638,-1.0580235722326692e-06,1.0580235722326692e-06,0,0,0,-1
gmsc,mlp,96,DebtRatio,relative_minus_10,-0.1,0.19048095,0.20952904500000002,0.025618448582325936,0.025618514878769066,6.629644313041472e-08,6.629644313041472e-08,0,0,0,-1
gmsc,mlp,97,DebtRatio,relative_minus_10,-0.1,847.0,931.7,0.017705870709505835,0.017021758149452233,-0.0006841125600536013,0.0006841125600536013,0,0,0,-1
gmsc,mlp,98,DebtRatio,relative_minus_10,-0.1,0.80673593,0.887409523,0.021717560701058864,0.021716297503471423,-1.263197587440812e-06,1.263197587440812e-06,0,0,0,-1
gmsc,mlp,99,DebtRatio,relative_minus_10,-0.1,0.61044824,0.671493064,0.2986561163043243,0.29866010892857026,3.9926242459409345e-06,3.9926242459409345e-06,0,0,0,-1
gmsc,mlp,0,DebtRatio,relative_plus_10,0.1,0.20606616,0.226672776,0.02211686465599193,0.022116646739260587,-2.1791673134388678e-07,2.1791673134388678e-07,0,0,0,-1
gmsc,mlp,1,DebtRatio,relative_plus_10,0.1,0.19957148,0.219528628,0.01569449495491033,0.01569440851623131,-8.643867902002889e-08,8.643867902002889e-08,0,0,0,-1
gmsc,mlp,2,DebtRatio,relative_plus_10,0.1,55.0,60.5,0.016575068310977385,0.016522403287096754,-5.266502388063046e-05,5.266502388063046e-05,0,0,0,-1
gmsc,mlp,3,DebtRatio,relative_plus_10,0.1,1.2865958,1.41525538,0.034126022539606525,0.034123040748913556,-2.9817906929685556e-06,2.9817906929685556e-06,0,0,0,-1
gmsc,mlp,4,DebtRatio,relative_plus_10,0.1,0.520637,0.5727007000000001,0.026106102898580053,0.02610480017946717,-1.3027191128819893e-06,1.3027191128819893e-06,0,0,0,-1
gmsc,mlp,5,DebtRatio,relative_plus_10,0.1,0.23819813,0.26201794300000003,0.021830131699538843,0.021829753790341647,-3.779091971960191e-07,3.779091971960191e-07,0,0,0,-1
gmsc,mlp,6,DebtRatio,relative_plus_10,0.1,0.121203355,0.1333236905,0.03217662260521963,0.032176496603834225,-1.2600138540874717e-07,1.2600138540874717e-07,0,0,0,-1
gmsc,mlp,7,DebtRatio,relative_plus_10,0.1,0.018074095,0.019881504499999997,0.046315106403102796,0.046315112783079336,6.379976540127341e-09,6.379976540127341e-09,0,0,0,-1
gmsc,mlp,8,DebtRatio,relative_plus_10,0.1,0.53478074,0.588258814,0.05673708325740244,0.05673777036426924,6.871068667993474e-07,6.871068667993474e-07,0,0,0,-1
gmsc,mlp,9,DebtRatio,relative_plus_10,0.1,0.40325078,0.443575858,0.07183380465082981,0.07183236186310071,-1.4427877290945634e-06,1.4427877290945634e-06,0,0,0,-1
gmsc,mlp,10,DebtRatio,relative_plus_10,0.1,1.031025,1.1341275000000002,0.029425463415082575,0.02942314729926358,-2.31611581899549e-06,2.31611581899549e-06,0,0,0,-1
gmsc,mlp,11,DebtRatio,relative_plus_10,0.1,0.43150038,0.474650418,0.012965465127209348,0.012965300466388687,-1.646608206607586e-07,1.646608206607586e-07,0,0,0,-1
gmsc,mlp,12,DebtRatio,relative_plus_10,0.1,2565.0,2821.5,0.007076920292949544,0.007278387318509233,0.00020146702555968836,0.00020146702555968836,0,0,0,-1
gmsc,mlp,13,DebtRatio,relative_plus_10,0.1,44.0,48.4,0.35361463292929435,0.3539476339023913,0.0003330009730969641,0.0003330009730969641,0,0,0,-1
gmsc,mlp,14,DebtRatio,relative_plus_10,0.1,941.0,1035.1,0.03041379302018182,0.029626843779875355,-0.0007869492403064643,0.0007869492403064643,0,0,0,-1
gmsc,mlp,15,DebtRatio,relative_plus_10,0.1,0.28925687,0.318182557,0.028531846223265274,0.02853192661872388,8.039545860635822e-08,8.039545860635822e-08,0,0,0,-1
gmsc,mlp,16,DebtRatio,relative_plus_10,0.1,0.040159974,0.0441759714,0.11002930362193034,0.11002927209493511,-3.1526995222797005e-08,3.1526995222797005e-08,0,0,0,-1
gmsc,mlp,17,DebtRatio,relative_plus_10,0.1,2092.0,2301.2,0.013790889882417817,0.013526708946904597,-0.00026418093551322,0.00026418093551322,0,0,0,-1
gmsc,mlp,18,DebtRatio,relative_plus_10,0.1,0.3357388,0.36931268,0.02753715371688414,0.02753698741697074,-1.6629991339903172e-07,1.6629991339903172e-07,0,0,0,-1
gmsc,mlp,19,DebtRatio,relative_plus_10,0.1,0.20742264,0.228164904,0.052926506156008635,0.052925859107915564,-6.470480930706457e-07,6.470480930706457e-07,0,0,0,-1
gmsc,mlp,20,DebtRatio,relative_plus_10,0.1,0.10735282,0.118088102,0.008830310596060332,0.008830285912023615,-2.4684036717403934e-08,2.4684036717403934e-08,0,0,0,-1
gmsc,mlp,21,DebtRatio,relative_plus_10,0.1,223.0,245.3,0.014797349397540089,0.014604816811475317,-0.00019253258606477183,0.00019253258606477183,0,0,0,-1
gmsc,mlp,22,DebtRatio,relative_plus_10,0.1,0.26601106,0.292612166,0.04562370697875247,0.04562351274080581,-1.9423794665740512e-07,1.9423794665740512e-07,0,0,0,-1
gmsc,mlp,23,DebtRatio,relative_plus_10,0.1,0.2999674,0.32996414,0.01573080665121102,0.01573055829962101,-2.48351590008411e-07,2.48351590008411e-07,0,0,0,-1
gmsc,mlp,24,DebtRatio,relative_plus_10,0.1,0.012362637,0.0135989007,0.011506289508992087,0.011506279874153114,-9.634838973524018e-09,9.634838973524018e-09,0,0,0,-1
gmsc,mlp,25,DebtRatio,relative_plus_10,0.1,0.402445,0.4426895,0.03731802443216143,0.03731693704012061,-1.0873920408202564e-06,1.0873920408202564e-06,0,0,0,-1
gmsc,mlp,26,DebtRatio,relative_plus_10,0.1,0.0,0.041709937,0.029333059161415907,0.02933258470438322,-4.7445703268630957e-07,4.7445703268630957e-07,0,0,0,-1
gmsc,mlp,27,DebtRatio,relative_plus_10,0.1,0.17137648,0.188514128,0.035095010256273325,0.035094772506750437,-2.3774952288835305e-07,2.3774952288835305e-07,0,0,0,-1
gmsc,mlp,28,DebtRatio,relative_plus_10,0.1,0.0,0.041709937,0.09263198005026192,0.09263113215670593,-8.478935559913525e-07,8.478935559913525e-07,0,0,0,-1
gmsc,mlp,29,DebtRatio,relative_plus_10,0.1,0.058094192,0.0639036112,0.006344097366443652,0.006344071701636204,-2.566480744852634e-08,2.566480744852634e-08,0,0,0,-1
gmsc,mlp,30,DebtRatio,relative_plus_10,0.1,0.44399184,0.488391024,0.046242861401163154,0.046242143519171226,-7.17881991928182e-07,7.17881991928182e-07,0,0,0,-1
gmsc,mlp,31,DebtRatio,relative_plus_10,0.1,482.0,530.2,0.0255021185573372,0.025090054023441298,-0.00041206453389590336,0.00041206453389590336,0,0,0,-1
gmsc,mlp,32,DebtRatio,relative_plus_10,0.1,0.4293059,0.47223649,0.026376707227492684,0.026376101132120664,-6.060953720195272e-07,6.060953720195272e-07,0,0,0,-1
gmsc,mlp,33,DebtRatio,relative_plus_10,0.1,0.008748633,0.009623496300000001,0.015498282720832536,0.01549827575945539,-6.961377146605385e-09,6.961377146605385e-09,0,0,0,-1
gmsc,mlp,34,DebtRatio,relative_plus_10,0.1,0.470006,0.5170066,0.08535157193754099,0.08534910782230432,-2.464115236675002e-06,2.464115236675002e-06,0,0,0,-1
gmsc,mlp,35,DebtRatio,relative_plus_10,0.1,0.8031548,0.8834702799999999,0.19910001606794017,0.19909519942364343,-4.816644296745665e-06,4.816644296745665e-06,0,0,0,-1
gmsc,mlp,36,DebtRatio,relative_plus_10,0.1,0.1687678,0.18564458,0.010761647197797914,0.01076155539308695,-9.180471096520426e-08,9.180471096520426e-08,0,0,0,-1
gmsc,mlp,37,DebtRatio,relative_plus_10,0.1,2965.0,3261.5,0.01757909301258303,0.01855857990219824,0.0009794868896152095,0.0009794868896152095,0,0,0,-1
gmsc,mlp,38,DebtRatio,relative_plus_10,0.1,0.521364,0.5735004,0.009145988810159647,0.00914578126563065,-2.0754452899687803e-07,2.0754452899687803e-07,0,0,0,-1
gmsc,mlp,39,DebtRatio,relative_plus_10,0.1,1.2837993,1.41217923,0.051173952814171794,0.0511693283812431,-4.624432928694577e-06,4.624432928694577e-06,0,0,0,-1
gmsc,mlp,40,DebtRatio,relative_plus_10,0.1,0.32549995,0.358049945,0.022676366611436422,0.022676171724045614,-1.9488739080864015e-07,1.9488739080864015e-07,0,0,0,-1
gmsc,mlp,41,DebtRatio,relative_plus_10,0.1,1.5599782,1.71597602,0.04009590259851887,0.04009076323648349,-5.139362035382067e-06,5.139362035382067e-06,0,0,0,-1
gmsc,mlp,42,DebtRatio,relative_plus_10,0.1,0.19,0.20900000000000002,0.02298812229422112,0.022987918149475556,-2.0414474556293416e-07,2.0414474556293416e-07,0,0,0,-1
gmsc,mlp,43,DebtRatio,relative_plus_10,0.1,171.0,188.1,0.04219806536296886,0.042257769095946994,5.970373297813081e-05,5.970373297813081e-05,0,0,0,-1
gmsc,mlp,44,DebtRatio,relative_plus_10,0.1,0.20451674,0.224968414,0.01680383752969732,0.016803664013655323,-1.735160419964743e-07,1.735160419964743e-07,0,0,0,-1
gmsc,mlp,45,DebtRatio,relative_plus_10,0.1,0.41645184,0.458097024,0.0359226511464687,0.03592113454180766,-1.5166046610365358e-06,1.5166046610365358e-06,0,0,0,-1
gmsc,mlp,46,DebtRatio,relative_plus_10,0.1,486.0,534.6,0.008419834692001592,0.008322436081508539,-9.739861049305396e-05,9.739861049305396e-05,0,0,0,-1
gmsc,mlp,47,DebtRatio,relative_plus_10,0.1,0.24237882,0.266616702,0.01526822945269322,0.015267823181853784,-4.062708394356185e-07,4.062708394356185e-07,0,0,0,-1
gmsc,mlp,48,DebtRatio,relative_plus_10,0.1,1071.0,1178.1,0.011940522095800142,0.011523915264945497,-0.0004166068308546454,0.0004166068308546454,0,0,0,-1
gmsc,mlp,49,DebtRatio,relative_plus_10,0.1,0.005664778,0.0062312558,0.029003393714220643,0.02900338660529455,-7.108926093624124e-09,7.108926093624124e-09,0,0,0,-1
gmsc,mlp,50,DebtRatio,relative_plus_10,0.1,0.16283266,0.17911592599999998,0.03157652357546811,0.031576144752353,-3.7882311511305833e-07,3.7882311511305833e-07,0,0,0,-1
gmsc,mlp,51,DebtRatio,relative_plus_10,0.1,2000.0,2200.0,0.016133909190219866,0.016248709160413287,0.00011479997019342089,0.00011479997019342089,0,0,0,-1
gmsc,mlp,52,DebtRatio,relative_plus_10,0.1,1240.0,1364.0,0.008942513898120756,0.008936264216995655,-6.2496811251006035e-06,6.2496811251006035e-06,0,0,0,-1
gmsc,mlp,53,DebtRatio,relative_plus_10,0.1,0.021596858,0.023756543800000002,0.29379437931569313,0.29379443875450933,5.9438816202295186e-08,5.9438816202295186e-08,0,0,0,-1
gmsc,mlp,54,DebtRatio,relative_plus_10,0.1,1.5316092,1.6847701199999998,0.3498543595427822,0.34984537335064064,-8.986192141569038e-06,8.986192141569038e-06,0,0,0,-1
gmsc,mlp,55,DebtRatio,relative_plus_10,0.1,1844.0,2028.4,0.007600943545173095,0.0073359911300039755,-0.0002649524151691193,0.0002649524151691193,0,0,0,-1
gmsc,mlp,56,DebtRatio,relative_plus_10,0.1,0.33847472,0.372322192,0.025320893704546973,0.02532041596705496,-4.77737492014102e-07,4.77737492014102e-07,0,0,0,-1
gmsc,mlp,57,DebtRatio,relative_plus_10,0.1,0.38452163,0.422973793,0.05069033380470405,0.050690080849105625,-2.529555984259746e-07,2.529555984259746e-07,0,0,0,-1
gmsc,mlp,58,DebtRatio,relative_plus_10,0.1,0.13751946,0.151271406,0.16009590625064055,0.1600964545555468,5.483049062560141e-07,5.483049062560141e-07,0,0,0,-1
gmsc,mlp,59,DebtRatio,relative_plus_10,0.1,0.74480665,0.819287315,0.025457114256866867,0.025456415213536924,-6.990433299436383e-07,6.990433299436383e-07,0,0,0,-1
gmsc,mlp,60,DebtRatio,relative_plus_10,0.1,0.078658074,0.08652388139999999,0.037076780618332694,0.037076711352541813,-6.926579088073481e-08,6.926579088073481e-08,0,0,0,-1
gmsc,mlp,61,DebtRatio,relative_plus_10,0.1,0.6623037,0.72853407,0.04860926951599663,0.04860749977815274,-1.7697378438888411e-06,1.7697378438888411e-06,0,0,0,-1
gmsc,mlp,62,DebtRatio,relative_plus_10,0.1,0.5309469,0.58404159,0.022160573410907457,0.022159892039364748,-6.813715427086975e-07,6.813715427086975e-07,0,0,0,-1
gmsc,mlp,63,DebtRatio,relative_plus_10,0.1,0.24462043,0.269082473,0.010545360475655359,0.01054527603986061,-8.44357947483998e-08,8.44357947483998e-08,0,0,0,-1
gmsc,mlp,64,DebtRatio,relative_plus_10,0.1,0.4177469,0.45952159,0.05188426446215026,0.0518828801323232,-1.3843298270616033e-06,1.3843298270616033e-06,0,0,0,-1
gmsc,mlp,65,DebtRatio,relative_plus_10,0.1,0.20786196,0.22864815600000002,0.19320558451418393,0.19320265794571279,-2.9265684711454742e-06,2.9265684711454742e-06,0,0,0,-1
gmsc,mlp,66,DebtRatio,relative_plus_10,0.1,0.3109459,0.34204049,0.017380461870616856,0.017380124882118667,-3.369884981896387e-07,3.369884981896387e-07,0,0,0,-1
gmsc,mlp,67,DebtRatio,relative_plus_10,0.1,0.3151282,0.34664102,0.045289289381342065,0.0452893131294602,2.3748118131716733e-08,2.3748118131716733e-08,0,0,0,-1
gmsc,mlp,68,DebtRatio,relative_plus_10,0.1,0.34570906,0.380279966,0.012814695328681581,0.012814457168754447,-2.3815992713366319e-07,2.3815992713366319e-07,0,0,0,-1
gmsc,mlp,69,DebtRatio,relative_plus_10,0.1,0.96340734,1.059748074,0.09362660727989738,0.09362264023428625,-3.9670456111334795e-06,3.9670456111334795e-06,0,0,0,-1
gmsc,mlp,70,DebtRatio,relative_plus_10,0.1,0.069360115,0.0762961265,0.09827269814207695,0.09827275706069322,5.891861626361461e-08,5.891861626361461e-08,0,0,0,-1
gmsc,mlp,71,DebtRatio,relative_plus_10,0.1,69.0,75.9,0.07244781616495638,0.07234906710049241,-9.874906446397103e-05,9.874906446397103e-05,0,0,0,-1
gmsc,mlp,72,DebtRatio,relative_plus_10,0.1,0.72570974,0.798280714,0.03217968676284227,0.0321785331731051,-1.1535897371656167e-06,1.1535897371656167e-06,0,0,0,-1
gmsc,mlp,73,DebtRatio,relative_plus_10,0.1,0.3235353,0.35588883000000004,0.044640504763767554,0.044639415078821125,-1.0896849464286928e-06,1.0896849464286928e-06,0,0,0,-1
gmsc,mlp,74,DebtRatio,relative_plus_10,0.1,0.024987506,0.0274862566,0.03482378444402007,0.03482375032438861,-3.4119631460438615e-08,3.4119631460438615e-08,0,0,0,-1
gmsc,mlp,75,DebtRatio,relative_plus_10,0.1,57.0,62.7,0.04920214568663398,0.04916443889223237,-3.77067944016124e-05,3.77067944016124e-05,0,0,0,-1
gmsc,mlp,76,DebtRatio,relative_plus_10,0.1,0.066019416,0.07262135759999999,0.02205212445347039,0.022052111785277776,-1.2668192612974583e-08,1.2668192612974583e-08,0,0,0,-1
gmsc,mlp,77,DebtRatio,relative_plus_10,0.1,26.0,28.6,0.009856180676789783,0.00984428206530502,-1.1898611484763635e-05,1.1898611484763635e-05,0,0,0,-1
gmsc,mlp,78,DebtRatio,relative_plus_10,0.1,1569.0,1725.9,0.010129649250511236,0.010165854163531475,3.6204913020239024e-05,3.6204913020239024e-05,0,0,0,-1
gmsc,mlp,79,DebtRatio,relative_plus_10,0.1,0.39635402,0.43598942199999996,0.025575449411528527,0.025574689563638033,-7.598478904934092e-07,7.598478904934092e-07,0,0,0,-1
gmsc,mlp,80,DebtRatio,relative_plus_10,0.1,2316.0,2547.6,0.005666248820127979,0.005914620215252411,0.00024837139512443214,0.00024837139512443214,0,0,0,-1
gmsc,mlp,81,DebtRatio,relative_plus_10,0.1,0.30566496,0.336231456,0.04332063353337088,0.043319795007212496,-8.385261583837567e-07,8.385261583837567e-07,0,0,0,-1
gmsc,mlp,82,DebtRatio,relative_plus_10,0.1,0.41855487,0.46041035700000005,0.01937427089536237,0.01937401025580296,-2.6063955941083017e-07,2.6063955941083017e-07,0,0,0,-1
gmsc,mlp,83,DebtRatio,relative_plus_10,0.1,0.20540665,0.22594731499999998,0.014956252536287561,0.014956007811557906,-2.447247296546995e-07,2.447247296546995e-07,0,0,0,-1
gmsc,mlp,84,DebtRatio,relative_plus_10,0.1,0.5669721,0.6236693099999999,0.034404191335380946,0.034402708543696384,-1.4827916845622235e-06,1.4827916845622235e-06,0,0,0,-1
gmsc,mlp,85,DebtRatio,relative_plus_10,0.1,0.47793037,0.525723407,0.016073637508889543,0.016073265649938624,-3.718589509198178e-07,3.718589509198178e-07,0,0,0,-1
gmsc,mlp,86,DebtRatio,relative_plus_10,0.1,0.035787743,0.039366517299999994,0.03951246267546877,0.03951237648355839,-8.61919103797848e-08,8.61919103797848e-08,0,0,0,-1
gmsc,mlp,87,DebtRatio,relative_plus_10,0.1,445.0,489.5,0.023170727869934838,0.023148033748290348,-2.2694121644489806e-05,2.2694121644489806e-05,0,0,0,-1
gmsc,mlp,88,DebtRatio,relative_plus_10,0.1,1352.0,1487.2,0.014049767208401245,0.013718678805489489,-0.00033108840291175626,0.00033108840291175626,0,0,0,-1
gmsc,mlp,89,DebtRatio,relative_plus_10,0.1,0.3882579,0.42708369,0.031436900478850546,0.03143650994285264,-3.905359979086698e-07,3.905359979086698e-07,0,0,0,-1
gmsc,mlp,90,DebtRatio,relative_plus_10,0.1,830.0,913.0,0.005417127218637603,0.005368681658139709,-4.8445560497894016e-05,4.8445560497894016e-05,0,0,0,-1
gmsc,mlp,91,DebtRatio,relative_plus_10,0.1,0.31826663,0.35009329299999997,0.025606851072255785,0.025606561496695192,-2.895755605927808e-07,2.895755605927808e-07,0,0,0,-1
gmsc,mlp,92,DebtRatio,relative_plus_10,0.1,9.0,9.9,0.06791010130064887,0.06787439073842234,-3.571056222652358e-05,3.571056222652358e-05,0,0,0,-1
gmsc,mlp,93,DebtRatio,relative_plus_10,0.1,2079.0,2286.9,0.012557321048589615,0.012300230659219029,-0.00025709038937058587,0.00025709038937058587,0,0,0,-1
gmsc,mlp,94,DebtRatio,relative_plus_10,0.1,0.024174053,0.026591458300000002,0.01479561435417343,0.014795588562234807,-2.5791938623037636e-08,2.5791938623037636e-08,0,0,0,-1
gmsc,mlp,95,DebtRatio,relative_plus_10,0.1,0.69365734,0.763023074,0.02165723032387087,0.021656172300298638,-1.0580235722326692e-06,1.0580235722326692e-06,0,0,0,-1
gmsc,mlp,96,DebtRatio,relative_plus_10,0.1,0.19048095,0.20952904500000002,0.025618448582325936,0.025618514878769066,6.629644313041472e-08,6.629644313041472e-08,0,0,0,-1
gmsc,mlp,97,DebtRatio,relative_plus_10,0.1,847.0,931.7,0.017705870709505835,0.017021758149452233,-0.0006841125600536013,0.0006841125600536013,0,0,0,-1
gmsc,mlp,98,DebtRatio,relative_plus_10,0.1,0.80673593,0.887409523,0.021717560701058864,0.021716297503471423,-1.263197587440812e-06,1.263197587440812e-06,0,0,0,-1
gmsc,mlp,99,DebtRatio,relative_plus_10,0.1,0.61044824,0.671493064,0.2986561163043243,0.29866010892857026,3.9926242459409345e-06,3.9926242459409345e-06,0,0,0,-1
gmsc,mlp,0,MonthlyIncome,relative_minus_5,-0.05,12000.0,12600.0,0.02211686465599193,0.020403123677619647,-0.0017137409783722843,0.0017137409783722843,0,0,0,-1
gmsc,mlp,1,MonthlyIncome,relative_minus_5,-0.05,9800.0,10290.0,0.01569449495491033,0.015426092062164222,-0.00026840289274610886,0.00026840289274610886,0,0,0,-1
gmsc,mlp,2,MonthlyIncome,relative_minus_5,-0.05,5400.0,5670.0,0.016575068310977385,0.016141978887271386,-0.00043308942370599846,0.00043308942370599846,0,0,0,-1
gmsc,mlp,3,MonthlyIncome,relative_minus_5,-0.05,2916.0,3061.8,0.034126022539606525,0.03365493174964523,-0.00047109078996129816,0.00047109078996129816,0,0,0,-1
gmsc,mlp,4,MonthlyIncome,relative_minus_5,-0.05,3076.0,3229.8,0.026106102898580053,0.025577013571917676,-0.0005290893266623777,0.0005290893266623777,0,0,0,-1
gmsc,mlp,5,MonthlyIncome,relative_minus_5,-0.05,6015.0,6315.75,0.021830131699538843,0.020968472710272742,-0.0008616589892661008,0.0008616589892661008,0,0,0,-1
gmsc,mlp,6,MonthlyIncome,relative_minus_5,-0.05,6913.0,7258.65,0.03217662260521963,0.031211910737848424,-0.0009647118673712096,0.0009647118673712096,0,0,0,-1
gmsc,mlp,7,MonthlyIncome,relative_minus_5,-0.05,13333.0,13999.65,0.046315106403102796,0.04759122875203595,0.0012761223489331508,0.0012761223489331508,0,0,0,-1
gmsc,mlp,8,MonthlyIncome,relative_minus_5,-0.05,7000.0,7350.0,0.05673708325740244,0.056922818353898355,0.0001857350964959148,0.0001857350964959148,0,0,0,-1
gmsc,mlp,9,MonthlyIncome,relative_minus_5,-0.05,3875.0,4068.75,0.07183380465082981,0.07103038573541146,-0.0008034189154183524,0.0008034189154183524,0,0,0,-1
gmsc,mlp,10,MonthlyIncome,relative_minus_5,-0.05,5833.0,6124.65,0.029425463415082575,0.028852909519720218,-0.0005725538953623571,0.0005725538953623571,0,0,0,-1
gmsc,mlp,11,MonthlyIncome,relative_minus_5,-0.05,10583.0,11112.15,0.012965465127209348,0.012494795106913877,-0.0004706700202954713,0.0004706700202954713,0,0,0,-1
gmsc,mlp,12,MonthlyIncome,relative_minus_5,-0.05,5400.0,5670.0,0.007076920292949544,0.007017056795506926,-5.9863497442618624e-05,5.9863497442618624e-05,0,0,0,-1
gmsc,mlp,13,MonthlyIncome,relative_minus_5,-0.05,5400.0,5670.0,0.35361463292929435,0.35500344478644824,0.0013888118571538932,0.0013888118571538932,0,0,0,-1
gmsc,mlp,14,MonthlyIncome,relative_minus_5,-0.05,5400.0,5670.0,0.03041379302018182,0.029419238870982724,-0.0009945541491990957,0.0009945541491990957,0,0,0,-1
gmsc,mlp,15,MonthlyIncome,relative_minus_5,-0.05,12500.0,13125.0,0.028531846223265274,0.028264063678305116,-0.000267782544960158,0.000267782544960158,0,0,0,-1
gmsc,mlp,16,MonthlyIncome,relative_minus_5,-0.05,6000.0,6300.0,0.11002930362193034,0.11042088557741891,0.0003915819554885791,0.0003915819554885791,0,0,0,-1
gmsc,mlp,17,MonthlyIncome,relative_minus_5,-0.05,5400.0,5670.0,0.013790889882417817,0.01385918823403567,6.829835161785425e-05,6.829835161785425e-05,0,0,0,-1
gmsc,mlp,18,MonthlyIncome,relative_minus_5,-0.05,11362.0,11930.1,0.02753715371688414,0.027678100407317125,0.00014094669043298452,0.00014094669043298452,0,0,0,-1
gmsc,mlp,19,MonthlyIncome,relative_minus_5,-0.05,11666.0,12249.3,0.052926506156008635,0.05074365083866099,-0.0021828553173476456,0.0021828553173476456,0,0,0,-1
gmsc,mlp,20,MonthlyIncome,relative_minus_5,-0.05,12416.0,13036.8,0.008830310596060332,0.008545453757598825,-0.0002848568384615068,0.0002848568384615068,0,0,0,-1
gmsc,mlp,21,MonthlyIncome,relative_minus_5,-0.05,0.0,270.0,0.014797349397540089,0.01501706275615149,0.00021971335861140084,0.00021971335861140084,0,0,0,-1
gmsc,mlp,22,MonthlyIncome,relative_minus_5,-0.05,8134.0,8540.7,0.04562370697875247,0.04585172930530471,0.00022802232655224491,0.00022802232655224491,0,0,0,-1
gmsc,mlp,23,MonthlyIncome,relative_minus_5,-0.05,9200.0,9660.0,0.01573080665121102,0.01500377842962221,-0.0007270282215888092,0.0007270282215888092,0,0,0,-1
gmsc,mlp,24,MonthlyIncome,relative_minus_5,-0.05,2183.0,2292.15,0.011506289508992087,0.011307295054073256,-0.00019899445491883098,0.00019899445491883098,0,0,0,-1
gmsc,mlp,25,MonthlyIncome,relative_minus_5,-0.05,2044.0,2146.2,0.03731802443216143,0.03682006274509845,-0.000497961687062981,0.000497961687062981,0,0,0,-1
gmsc,mlp,26,MonthlyIncome,relative_minus_5,-0.05,5400.0,5670.0,0.029333059161415907,0.028924705540486154,-0.00040835362092975225,0.00040835362092975225,0,0,0,-1
gmsc,mlp,27,MonthlyIncome,relative_minus_5,-0.05,3290.0,3454.5,0.035095010256273325,0.034533044937596395,-0.0005619653186769297,0.0005619653186769297,0,0,0,-1
gmsc,mlp,28,MonthlyIncome,relative_minus_5,-0.05,8333.0,8749.65,0.09263198005026192,0.09168560028640238,-0.0009463797638595423,0.0009463797638595423,0,0,0,-1
gmsc,mlp,29,MonthlyIncome,relative_minus_5,-0.05,10000.0,10500.0,0.006344097366443652,0.006069278165893367,-0.0002748192005502855,0.0002748192005502855,0,0,0,-1
gmsc,mlp,30,MonthlyIncome,relative_minus_5,-0.05,2945.0,3092.25,0.046242861401163154,0.04571664089307339,-0.0005262205080897656,0.0005262205080897656,0,0,0,-1
gmsc,mlp,31,MonthlyIncome,relative_minus_5,-0.05,5400.0,5670.0,0.0255021185573372,0.024825762696442433,-0.0006763558608947687,0.0006763558608947687,0,0,0,-1
gmsc,mlp,32,MonthlyIncome,relative_minus_5,-0.05,3500.0,3675.0,0.026376707227492684,0.026160239416624865,-0.00021646781086781877,0.00021646781086781877,0,0,0,-1
gmsc,mlp,33,MonthlyIncome,relative_minus_5,-0.05,6400.0,6720.0,0.015498282720832536,0.014902528465664694,-0.0005957542551678421,0.0005957542551678421,0,0,0,-1
gmsc,mlp,34,MonthlyIncome,relative_minus_5,-0.05,6667.0,7000.35,0.08535157193754099,0.08389217188125876,-0.0014594000562822285,0.0014594000562822285,0,0,0,-1
gmsc,mlp,35,MonthlyIncome,relative_minus_5,-0.05,4500.0,4725.0,0.19910001606794017,0.1945765834626476,-0.00452343260529256,0.00452343260529256,0,0,0,-1
gmsc,mlp,36,MonthlyIncome,relative_minus_5,-0.05,4917.0,5162.85,0.010761647197797914,0.010458188934352013,-0.00030345826344590175,0.00030345826344590175,0,0,0,-1
gmsc,mlp,37,MonthlyIncome,relative_minus_5,-0.05,5400.0,5670.0,0.01757909301258303,0.017946174066182895,0.00036708105359986587,0.00036708105359986587,0,0,0,-1
gmsc,mlp,38,MonthlyIncome,relative_minus_5,-0.05,19237.0,20198.85,0.009145988810159647,0.008576614523506073,-0.0005693742866535734,0.0005693742866535734,0,0,0,-1
gmsc,mlp,39,MonthlyIncome,relative_minus_5,-0.05,2610.0,2740.5,0.051173952814171794,0.05033884476617716,-0.0008351080479946371,0.0008351080479946371,0,0,0,-1
gmsc,mlp,40,MonthlyIncome,relative_minus_5,-0.05,8850.0,9292.5,0.022676366611436422,0.021686641818035438,-0.0009897247934009847,0.0009897247934009847,0,0,0,-1
gmsc,mlp,41,MonthlyIncome,relative_minus_5,-0.05,1833.0,1924.65,0.04009590259851887,0.03983894036778259,-0.0002569622307362768,0.0002569622307362768,0,0,0,-1
gmsc,mlp,42,MonthlyIncome,relative_minus_5,-0.05,4799.0,5038.95,0.02298812229422112,0.022682407449124697,-0.000305714845096422,0.000305714845096422,0,0,0,-1
gmsc,mlp,43,MonthlyIncome,relative_minus_5,-0.05,5400.0,5670.0,0.04219806536296886,0.04171848112950245,-0.00047958423346641105,0.00047958423346641105,0,0,0,-1
gmsc,mlp,44,MonthlyIncome,relative_minus_5,-0.05,6331.0,6647.55,0.01680383752969732,0.016262145304927696,-0.0005416922247696229,0.0005416922247696229,0,0,0,-1
gmsc,mlp,45,MonthlyIncome,relative_minus_5,-0.05,4266.0,4479.3,0.0359226511464687,0.03611944242242221,0.00019679127595351176,0.00019679127595351176,0,0,0,-1
gmsc,mlp,46,MonthlyIncome,relative_minus_5,-0.05,5400.0,5670.0,0.008419834692001592,0.008286756389049871,-0.00013307830295172102,0.00013307830295172102,0,0,0,-1
gmsc,mlp,47,MonthlyIncome,relative_minus_5,-0.05,2000.0,2100.0,0.01526822945269322,0.015139635173985335,-0.00012859427870788413,0.00012859427870788413,0,0,0,-1
gmsc,mlp,48,MonthlyIncome,relative_minus_5,-0.05,5400.0,5670.0,0.011940522095800142,0.011873902983747624,-6.66191120525187e-05,6.66191120525187e-05,0,0,0,-1
gmsc,mlp,49,MonthlyIncome,relative_minus_5,-0.05,3000.0,3150.0,0.029003393714220643,0.029153210612039175,0.00014981689781853186,0.00014981689781853186,0,0,0,-1
gmsc,mlp,50,MonthlyIncome,relative_minus_5,-0.05,2216.0,2326.8,0.03157652357546811,0.031040759428231052,-0.0005357641472370604,0.0005357641472370604,0,0,0,-1
gmsc,mlp,51,MonthlyIncome,relative_minus_5,-0.05,5400.0,5670.0,0.016133909190219866,0.016068233122794606,-6.567606742526044e-05,6.567606742526044e-05,0,0,0,-1
gmsc,mlp,52,MonthlyIncome,relative_minus_5,-0.05,5400.0,5670.0,0.008942513898120756,0.008851676142353071,-9.083775576768441e-05,9.083775576768441e-05,0,0,0,-1
gmsc,mlp,53,MonthlyIncome,relative_minus_5,-0.05,4583.0,4812.15,0.29379437931569313,0.2944138791422367,0.0006194998265435792,0.0006194998265435792,0,0,0,-1
gmsc,mlp,54,MonthlyIncome,relative_minus_5,-0.05,695.0,729.75,0.3498543595427822,0.34952238352190573,-0.0003319760208764788,0.0003319760208764788,0,0,0,-1
gmsc,mlp,55,MonthlyIncome,relative_minus_5,-0.05,5400.0,5670.0,0.007600943545173095,0.007527767823428668,-7.317572174442722e-05,7.317572174442722e-05,0,0,0,-1
gmsc,mlp,56,MonthlyIncome,relative_minus_5,-0.05,3500.0,3675.0,0.025320893704546973,0.024989653043874925,-0.0003312406606720483,0.0003312406606720483,0,0,0,-1
gmsc,mlp,57,MonthlyIncome,relative_minus_5,-0.05,1640.0,1722.0,0.05069033380470405,0.050720815437478334,3.048163277428323e-05,3.048163277428323e-05,0,0,0,-1
gmsc,mlp,58,MonthlyIncome,relative_minus_5,-0.05,3853.0,4045.65,0.16009590625064055,0.1609359552671371,0.0008400490164965635,0.0008400490164965635,0,0,0,-1
gmsc,mlp,59,MonthlyIncome,relative_minus_5,-0.05,5920.0,6216.0,0.025457114256866867,0.024878295171431714,-0.0005788190854351533,0.0005788190854351533,0,0,0,-1
gmsc,mlp,60,MonthlyIncome,relative_minus_5,-0.05,5275.0,5538.75,0.037076780618332694,0.03622169390108445,-0.0008550867172482449,0.0008550867172482449,0,0,0,-1
gmsc,mlp,61,MonthlyIncome,relative_minus_5,-0.05,5347.0,5614.35,0.04860926951599663,0.047621697707718506,-0.0009875718082781246,0.0009875718082781246,0,0,0,-1
gmsc,mlp,62,MonthlyIncome,relative_minus_5,-0.05,10000.0,10500.0,0.022160573410907457,0.021708889725524785,-0.0004516836853826721,0.0004516836853826721,0,0,0,-1
gmsc,mlp,63,MonthlyIncome,relative_minus_5,-0.05,12500.0,13125.0,0.010545360475655359,0.010122742861938799,-0.00042261761371656034,0.00042261761371656034,0,0,0,-1
gmsc,mlp,64,MonthlyIncome,relative_minus_5,-0.05,12959.0,13606.95,0.05188426446215026,0.050292807631315044,-0.001591456830835218,0.001591456830835218,0,0,0,-1
gmsc,mlp,65,MonthlyIncome,relative_minus_5,-0.05,8750.0,9187.5,0.19320558451418393,0.1825738853419313,-0.010631699172252623,0.010631699172252623,0,0,0,-1
gmsc,mlp,66,MonthlyIncome,relative_minus_5,-0.05,3900.0,4095.0,0.017380461870616856,0.016991183684565245,-0.00038927818605161146,0.00038927818605161146,0,0,0,-1
gmsc,mlp,67,MonthlyIncome,relative_minus_5,-0.05,3899.0,4093.95,0.045289289381342065,0.04432919802347123,-0.0009600913578708334,0.0009600913578708334,0,0,0,-1
gmsc,mlp,68,MonthlyIncome,relative_minus_5,-0.05,11500.0,12075.0,0.012814695328681581,0.012464675730724906,-0.0003500195979566755,0.0003500195979566755,0,0,0,-1
gmsc,mlp,69,MonthlyIncome,relative_minus_5,-0.05,5000.0,5250.0,0.09362660727989738,0.0928885952801984,-0.000738011999698987,0.000738011999698987,0,0,0,-1
gmsc,mlp,70,MonthlyIncome,relative_minus_5,-0.05,4281.0,4495.05,0.09827269814207695,0.09681015137265049,-0.0014625467694264621,0.0014625467694264621,0,0,0,-1
gmsc,mlp,71,MonthlyIncome,relative_minus_5,-0.05,0.0,270.0,0.07244781616495638,0.07227174007730973,-0.00017607608764665106,0.00017607608764665106,0,0,0,-1
gmsc,mlp,72,MonthlyIncome,relative_minus_5,-0.05,2500.0,2625.0,0.03217968676284227,0.03176427885770414,-0.0004154079051381307,0.0004154079051381307,0,0,0,-1
gmsc,mlp,73,MonthlyIncome,relative_minus_5,-0.05,5000.0,5250.0,0.044640504763767554,0.04384505544354145,-0.0007954493202261062,0.0007954493202261062,0,0,0,-1
gmsc,mlp,74,MonthlyIncome,relative_minus_5,-0.05,2000.0,2100.0,0.03482378444402007,0.03463497468218746,-0.000188809761832609,0.000188809761832609,0,0,0,-1
gmsc,mlp,75,MonthlyIncome,relative_minus_5,-0.05,5400.0,5670.0,0.04920214568663398,0.04887939534012961,-0.00032275034650437046,0.00032275034650437046,0,0,0,-1
gmsc,mlp,76,MonthlyIncome,relative_minus_5,-0.05,9784.0,10273.2,0.02205212445347039,0.021562625701162564,-0.0004894987523078251,0.0004894987523078251,0,0,0,-1
gmsc,mlp,77,MonthlyIncome,relative_minus_5,-0.05,5400.0,5670.0,0.009856180676789783,0.009555667147489972,-0.0003005135292998111,0.0003005135292998111,0,0,0,-1
gmsc,mlp,78,MonthlyIncome,relative_minus_5,-0.05,5400.0,5670.0,0.010129649250511236,0.010036840247401344,-9.28090031098918e-05,9.28090031098918e-05,0,0,0,-1
gmsc,mlp,79,MonthlyIncome,relative_minus_5,-0.05,3400.0,3570.0,0.025575449411528527,0.02514691894109052,-0.0004285304704380079,0.0004285304704380079,0,0,0,-1
gmsc,mlp,80,MonthlyIncome,relative_minus_5,-0.05,5400.0,5670.0,0.005666248820127979,0.005650063047167386,-1.618577296059326e-05,1.618577296059326e-05,0,0,0,-1
gmsc,mlp,81,MonthlyIncome,relative_minus_5,-0.05,3300.0,3465.0,0.04332063353337088,0.042796753513468185,-0.000523880019902695,0.000523880019902695,0,0,0,-1
gmsc,mlp,82,MonthlyIncome,relative_minus_5,-0.05,7943.0,8340.15,0.01937427089536237,0.018739468821039402,-0.0006348020743229682,0.0006348020743229682,0,0,0,-1
gmsc,mlp,83,MonthlyIncome,relative_minus_5,-0.05,4327.0,4543.35,0.014956252536287561,0.014543290853136133,-0.00041296168315142767,0.00041296168315142767,0,0,0,-1
gmsc,mlp,84,MonthlyIncome,relative_minus_5,-0.05,4583.0,4812.15,0.034404191335380946,0.033138441793633525,-0.0012657495417474213,0.0012657495417474213,0,0,0,-1
gmsc,mlp,85,MonthlyIncome,relative_minus_5,-0.05,4077.0,4280.85,0.016073637508889543,0.01576878321055238,-0.00030485429833716424,0.00030485429833716424,0,0,0,-1
gmsc,mlp,86,MonthlyIncome,relative_minus_5,-0.05,2430.0,2551.5,0.03951246267546877,0.03897126160829651,-0.0005412010671722589,0.0005412010671722589,0,0,0,-1
gmsc,mlp,87,MonthlyIncome,relative_minus_5,-0.05,5400.0,5670.0,0.023170727869934838,0.022963436939944133,-0.00020729092999070484,0.00020729092999070484,0,0,0,-1
gmsc,mlp,88,MonthlyIncome,relative_minus_5,-0.05,5400.0,5670.0,0.014049767208401245,0.01411366600458297,6.389879618172445e-05,6.389879618172445e-05,0,0,0,-1
gmsc,mlp,89,MonthlyIncome,relative_minus_5,-0.05,6250.0,6562.5,0.031436900478850546,0.030572787148422646,-0.0008641133304279,0.0008641133304279,0,0,0,-1
gmsc,mlp,90,MonthlyIncome,relative_minus_5,-0.05,5400.0,5670.0,0.005417127218637603,0.00539611731617352,-2.1009902464082415e-05,2.1009902464082415e-05,0,0,0,-1
gmsc,mlp,91,MonthlyIncome,relative_minus_5,-0.05,9645.0,10127.25,0.025606851072255785,0.024961266889043696,-0.000645584183212089,0.000645584183212089,0,0,0,-1
gmsc,mlp,92,MonthlyIncome,relative_minus_5,-0.05,5400.0,5670.0,0.06791010130064887,0.06776098042791626,-0.000149120872732611,0.000149120872732611,0,0,0,-1
gmsc,mlp,93,MonthlyIncome,relative_minus_5,-0.05,5400.0,5670.0,0.012557321048589615,0.012414631898353791,-0.00014268915023582344,0.00014268915023582344,0,0,0,-1
gmsc,mlp,94,MonthlyIncome,relative_minus_5,-0.05,2481.0,2605.05,0.01479561435417343,0.014607241167132131,-0.00018837318704129948,0.00018837318704129948,0,0,0,-1
gmsc,mlp,95,MonthlyIncome,relative_minus_5,-0.05,9916.0,10411.8,0.02165723032387087,0.02075667004838267,-0.0009005602754881999,0.0009005602754881999,0,0,0,-1
gmsc,mlp,96,MonthlyIncome,relative_minus_5,-0.05,10000.0,10500.0,0.025618448582325936,0.025789248130397784,0.00017079954807184758,0.00017079954807184758,0,0,0,-1
gmsc,mlp,97,MonthlyIncome,relative_minus_5,-0.05,5400.0,5670.0,0.017705870709505835,0.01738466712781645,-0.00032120358168938323,0.00032120358168938323,0,0,0,-1
gmsc,mlp,98,MonthlyIncome,relative_minus_5,-0.05,6353.0,6670.65,0.021717560701058864,0.020925401068251154,-0.0007921596328077096,0.0007921596328077096,0,0,0,-1
gmsc,mlp,99,MonthlyIncome,relative_minus_5,-0.05,3100.0,3255.0,0.2986561163043243,0.2965887544187722,-0.0020673618855521214,0.0020673618855521214,0,0,0,-1
gmsc,mlp,0,MonthlyIncome,relative_plus_5,0.05,12000.0,12600.0,0.02211686465599193,0.020403123677619647,-0.0017137409783722843,0.0017137409783722843,0,0,0,-1
gmsc,mlp,1,MonthlyIncome,relative_plus_5,0.05,9800.0,10290.0,0.01569449495491033,0.015426092062164222,-0.00026840289274610886,0.00026840289274610886,0,0,0,-1
gmsc,mlp,2,MonthlyIncome,relative_plus_5,0.05,5400.0,5670.0,0.016575068310977385,0.016141978887271386,-0.00043308942370599846,0.00043308942370599846,0,0,0,-1
gmsc,mlp,3,MonthlyIncome,relative_plus_5,0.05,2916.0,3061.8,0.034126022539606525,0.03365493174964523,-0.00047109078996129816,0.00047109078996129816,0,0,0,-1
gmsc,mlp,4,MonthlyIncome,relative_plus_5,0.05,3076.0,3229.8,0.026106102898580053,0.025577013571917676,-0.0005290893266623777,0.0005290893266623777,0,0,0,-1
gmsc,mlp,5,MonthlyIncome,relative_plus_5,0.05,6015.0,6315.75,0.021830131699538843,0.020968472710272742,-0.0008616589892661008,0.0008616589892661008,0,0,0,-1
gmsc,mlp,6,MonthlyIncome,relative_plus_5,0.05,6913.0,7258.65,0.03217662260521963,0.031211910737848424,-0.0009647118673712096,0.0009647118673712096,0,0,0,-1
gmsc,mlp,7,MonthlyIncome,relative_plus_5,0.05,13333.0,13999.65,0.046315106403102796,0.04759122875203595,0.0012761223489331508,0.0012761223489331508,0,0,0,-1
gmsc,mlp,8,MonthlyIncome,relative_plus_5,0.05,7000.0,7350.0,0.05673708325740244,0.056922818353898355,0.0001857350964959148,0.0001857350964959148,0,0,0,-1
gmsc,mlp,9,MonthlyIncome,relative_plus_5,0.05,3875.0,4068.75,0.07183380465082981,0.07103038573541146,-0.0008034189154183524,0.0008034189154183524,0,0,0,-1
gmsc,mlp,10,MonthlyIncome,relative_plus_5,0.05,5833.0,6124.65,0.029425463415082575,0.028852909519720218,-0.0005725538953623571,0.0005725538953623571,0,0,0,-1
gmsc,mlp,11,MonthlyIncome,relative_plus_5,0.05,10583.0,11112.15,0.012965465127209348,0.012494795106913877,-0.0004706700202954713,0.0004706700202954713,0,0,0,-1
gmsc,mlp,12,MonthlyIncome,relative_plus_5,0.05,5400.0,5670.0,0.007076920292949544,0.007017056795506926,-5.9863497442618624e-05,5.9863497442618624e-05,0,0,0,-1
gmsc,mlp,13,MonthlyIncome,relative_plus_5,0.05,5400.0,5670.0,0.35361463292929435,0.35500344478644824,0.0013888118571538932,0.0013888118571538932,0,0,0,-1
gmsc,mlp,14,MonthlyIncome,relative_plus_5,0.05,5400.0,5670.0,0.03041379302018182,0.029419238870982724,-0.0009945541491990957,0.0009945541491990957,0,0,0,-1
gmsc,mlp,15,MonthlyIncome,relative_plus_5,0.05,12500.0,13125.0,0.028531846223265274,0.028264063678305116,-0.000267782544960158,0.000267782544960158,0,0,0,-1
gmsc,mlp,16,MonthlyIncome,relative_plus_5,0.05,6000.0,6300.0,0.11002930362193034,0.11042088557741891,0.0003915819554885791,0.0003915819554885791,0,0,0,-1
gmsc,mlp,17,MonthlyIncome,relative_plus_5,0.05,5400.0,5670.0,0.013790889882417817,0.01385918823403567,6.829835161785425e-05,6.829835161785425e-05,0,0,0,-1
gmsc,mlp,18,MonthlyIncome,relative_plus_5,0.05,11362.0,11930.1,0.02753715371688414,0.027678100407317125,0.00014094669043298452,0.00014094669043298452,0,0,0,-1
gmsc,mlp,19,MonthlyIncome,relative_plus_5,0.05,11666.0,12249.3,0.052926506156008635,0.05074365083866099,-0.0021828553173476456,0.0021828553173476456,0,0,0,-1
gmsc,mlp,20,MonthlyIncome,relative_plus_5,0.05,12416.0,13036.8,0.008830310596060332,0.008545453757598825,-0.0002848568384615068,0.0002848568384615068,0,0,0,-1
gmsc,mlp,21,MonthlyIncome,relative_plus_5,0.05,0.0,270.0,0.014797349397540089,0.01501706275615149,0.00021971335861140084,0.00021971335861140084,0,0,0,-1
gmsc,mlp,22,MonthlyIncome,relative_plus_5,0.05,8134.0,8540.7,0.04562370697875247,0.04585172930530471,0.00022802232655224491,0.00022802232655224491,0,0,0,-1
gmsc,mlp,23,MonthlyIncome,relative_plus_5,0.05,9200.0,9660.0,0.01573080665121102,0.01500377842962221,-0.0007270282215888092,0.0007270282215888092,0,0,0,-1
gmsc,mlp,24,MonthlyIncome,relative_plus_5,0.05,2183.0,2292.15,0.011506289508992087,0.011307295054073256,-0.00019899445491883098,0.00019899445491883098,0,0,0,-1
gmsc,mlp,25,MonthlyIncome,relative_plus_5,0.05,2044.0,2146.2,0.03731802443216143,0.03682006274509845,-0.000497961687062981,0.000497961687062981,0,0,0,-1
gmsc,mlp,26,MonthlyIncome,relative_plus_5,0.05,5400.0,5670.0,0.029333059161415907,0.028924705540486154,-0.00040835362092975225,0.00040835362092975225,0,0,0,-1
gmsc,mlp,27,MonthlyIncome,relative_plus_5,0.05,3290.0,3454.5,0.035095010256273325,0.034533044937596395,-0.0005619653186769297,0.0005619653186769297,0,0,0,-1
gmsc,mlp,28,MonthlyIncome,relative_plus_5,0.05,8333.0,8749.65,0.09263198005026192,0.09168560028640238,-0.0009463797638595423,0.0009463797638595423,0,0,0,-1
gmsc,mlp,29,MonthlyIncome,relative_plus_5,0.05,10000.0,10500.0,0.006344097366443652,0.006069278165893367,-0.0002748192005502855,0.0002748192005502855,0,0,0,-1
gmsc,mlp,30,MonthlyIncome,relative_plus_5,0.05,2945.0,3092.25,0.046242861401163154,0.04571664089307339,-0.0005262205080897656,0.0005262205080897656,0,0,0,-1
gmsc,mlp,31,MonthlyIncome,relative_plus_5,0.05,5400.0,5670.0,0.0255021185573372,0.024825762696442433,-0.0006763558608947687,0.0006763558608947687,0,0,0,-1
gmsc,mlp,32,MonthlyIncome,relative_plus_5,0.05,3500.0,3675.0,0.026376707227492684,0.026160239416624865,-0.00021646781086781877,0.00021646781086781877,0,0,0,-1
gmsc,mlp,33,MonthlyIncome,relative_plus_5,0.05,6400.0,6720.0,0.015498282720832536,0.014902528465664694,-0.0005957542551678421,0.0005957542551678421,0,0,0,-1
gmsc,mlp,34,MonthlyIncome,relative_plus_5,0.05,6667.0,7000.35,0.08535157193754099,0.08389217188125876,-0.0014594000562822285,0.0014594000562822285,0,0,0,-1
gmsc,mlp,35,MonthlyIncome,relative_plus_5,0.05,4500.0,4725.0,0.19910001606794017,0.1945765834626476,-0.00452343260529256,0.00452343260529256,0,0,0,-1
gmsc,mlp,36,MonthlyIncome,relative_plus_5,0.05,4917.0,5162.85,0.010761647197797914,0.010458188934352013,-0.00030345826344590175,0.00030345826344590175,0,0,0,-1
gmsc,mlp,37,MonthlyIncome,relative_plus_5,0.05,5400.0,5670.0,0.01757909301258303,0.017946174066182895,0.00036708105359986587,0.00036708105359986587,0,0,0,-1
gmsc,mlp,38,MonthlyIncome,relative_plus_5,0.05,19237.0,20198.85,0.009145988810159647,0.008576614523506073,-0.0005693742866535734,0.0005693742866535734,0,0,0,-1
gmsc,mlp,39,MonthlyIncome,relative_plus_5,0.05,2610.0,2740.5,0.051173952814171794,0.05033884476617716,-0.0008351080479946371,0.0008351080479946371,0,0,0,-1
gmsc,mlp,40,MonthlyIncome,relative_plus_5,0.05,8850.0,9292.5,0.022676366611436422,0.021686641818035438,-0.0009897247934009847,0.0009897247934009847,0,0,0,-1
gmsc,mlp,41,MonthlyIncome,relative_plus_5,0.05,1833.0,1924.65,0.04009590259851887,0.03983894036778259,-0.0002569622307362768,0.0002569622307362768,0,0,0,-1
gmsc,mlp,42,MonthlyIncome,relative_plus_5,0.05,4799.0,5038.95,0.02298812229422112,0.022682407449124697,-0.000305714845096422,0.000305714845096422,0,0,0,-1
gmsc,mlp,43,MonthlyIncome,relative_plus_5,0.05,5400.0,5670.0,0.04219806536296886,0.04171848112950245,-0.00047958423346641105,0.00047958423346641105,0,0,0,-1
gmsc,mlp,44,MonthlyIncome,relative_plus_5,0.05,6331.0,6647.55,0.01680383752969732,0.016262145304927696,-0.0005416922247696229,0.0005416922247696229,0,0,0,-1
gmsc,mlp,45,MonthlyIncome,relative_plus_5,0.05,4266.0,4479.3,0.0359226511464687,0.03611944242242221,0.00019679127595351176,0.00019679127595351176,0,0,0,-1
gmsc,mlp,46,MonthlyIncome,relative_plus_5,0.05,5400.0,5670.0,0.008419834692001592,0.008286756389049871,-0.00013307830295172102,0.00013307830295172102,0,0,0,-1
gmsc,mlp,47,MonthlyIncome,relative_plus_5,0.05,2000.0,2100.0,0.01526822945269322,0.015139635173985335,-0.00012859427870788413,0.00012859427870788413,0,0,0,-1
gmsc,mlp,48,MonthlyIncome,relative_plus_5,0.05,5400.0,5670.0,0.011940522095800142,0.011873902983747624,-6.66191120525187e-05,6.66191120525187e-05,0,0,0,-1
gmsc,mlp,49,MonthlyIncome,relative_plus_5,0.05,3000.0,3150.0,0.029003393714220643,0.029153210612039175,0.00014981689781853186,0.00014981689781853186,0,0,0,-1
gmsc,mlp,50,MonthlyIncome,relative_plus_5,0.05,2216.0,2326.8,0.03157652357546811,0.031040759428231052,-0.0005357641472370604,0.0005357641472370604,0,0,0,-1
gmsc,mlp,51,MonthlyIncome,relative_plus_5,0.05,5400.0,5670.0,0.016133909190219866,0.016068233122794606,-6.567606742526044e-05,6.567606742526044e-05,0,0,0,-1
gmsc,mlp,52,MonthlyIncome,relative_plus_5,0.05,5400.0,5670.0,0.008942513898120756,0.008851676142353071,-9.083775576768441e-05,9.083775576768441e-05,0,0,0,-1
gmsc,mlp,53,MonthlyIncome,relative_plus_5,0.05,4583.0,4812.15,0.29379437931569313,0.2944138791422367,0.0006194998265435792,0.0006194998265435792,0,0,0,-1
gmsc,mlp,54,MonthlyIncome,relative_plus_5,0.05,695.0,729.75,0.3498543595427822,0.34952238352190573,-0.0003319760208764788,0.0003319760208764788,0,0,0,-1
gmsc,mlp,55,MonthlyIncome,relative_plus_5,0.05,5400.0,5670.0,0.007600943545173095,0.007527767823428668,-7.317572174442722e-05,7.317572174442722e-05,0,0,0,-1
gmsc,mlp,56,MonthlyIncome,relative_plus_5,0.05,3500.0,3675.0,0.025320893704546973,0.024989653043874925,-0.0003312406606720483,0.0003312406606720483,0,0,0,-1
gmsc,mlp,57,MonthlyIncome,relative_plus_5,0.05,1640.0,1722.0,0.05069033380470405,0.050720815437478334,3.048163277428323e-05,3.048163277428323e-05,0,0,0,-1
gmsc,mlp,58,MonthlyIncome,relative_plus_5,0.05,3853.0,4045.65,0.16009590625064055,0.1609359552671371,0.0008400490164965635,0.0008400490164965635,0,0,0,-1
gmsc,mlp,59,MonthlyIncome,relative_plus_5,0.05,5920.0,6216.0,0.025457114256866867,0.024878295171431714,-0.0005788190854351533,0.0005788190854351533,0,0,0,-1
gmsc,mlp,60,MonthlyIncome,relative_plus_5,0.05,5275.0,5538.75,0.037076780618332694,0.03622169390108445,-0.0008550867172482449,0.0008550867172482449,0,0,0,-1
gmsc,mlp,61,MonthlyIncome,relative_plus_5,0.05,5347.0,5614.35,0.04860926951599663,0.047621697707718506,-0.0009875718082781246,0.0009875718082781246,0,0,0,-1
gmsc,mlp,62,MonthlyIncome,relative_plus_5,0.05,10000.0,10500.0,0.022160573410907457,0.021708889725524785,-0.0004516836853826721,0.0004516836853826721,0,0,0,-1
gmsc,mlp,63,MonthlyIncome,relative_plus_5,0.05,12500.0,13125.0,0.010545360475655359,0.010122742861938799,-0.00042261761371656034,0.00042261761371656034,0,0,0,-1
gmsc,mlp,64,MonthlyIncome,relative_plus_5,0.05,12959.0,13606.95,0.05188426446215026,0.050292807631315044,-0.001591456830835218,0.001591456830835218,0,0,0,-1
gmsc,mlp,65,MonthlyIncome,relative_plus_5,0.05,8750.0,9187.5,0.19320558451418393,0.1825738853419313,-0.010631699172252623,0.010631699172252623,0,0,0,-1
gmsc,mlp,66,MonthlyIncome,relative_plus_5,0.05,3900.0,4095.0,0.017380461870616856,0.016991183684565245,-0.00038927818605161146,0.00038927818605161146,0,0,0,-1
gmsc,mlp,67,MonthlyIncome,relative_plus_5,0.05,3899.0,4093.95,0.045289289381342065,0.04432919802347123,-0.0009600913578708334,0.0009600913578708334,0,0,0,-1
gmsc,mlp,68,MonthlyIncome,relative_plus_5,0.05,11500.0,12075.0,0.012814695328681581,0.012464675730724906,-0.0003500195979566755,0.0003500195979566755,0,0,0,-1
gmsc,mlp,69,MonthlyIncome,relative_plus_5,0.05,5000.0,5250.0,0.09362660727989738,0.0928885952801984,-0.000738011999698987,0.000738011999698987,0,0,0,-1
gmsc,mlp,70,MonthlyIncome,relative_plus_5,0.05,4281.0,4495.05,0.09827269814207695,0.09681015137265049,-0.0014625467694264621,0.0014625467694264621,0,0,0,-1
gmsc,mlp,71,MonthlyIncome,relative_plus_5,0.05,0.0,270.0,0.07244781616495638,0.07227174007730973,-0.00017607608764665106,0.00017607608764665106,0,0,0,-1
gmsc,mlp,72,MonthlyIncome,relative_plus_5,0.05,2500.0,2625.0,0.03217968676284227,0.03176427885770414,-0.0004154079051381307,0.0004154079051381307,0,0,0,-1
gmsc,mlp,73,MonthlyIncome,relative_plus_5,0.05,5000.0,5250.0,0.044640504763767554,0.04384505544354145,-0.0007954493202261062,0.0007954493202261062,0,0,0,-1
gmsc,mlp,74,MonthlyIncome,relative_plus_5,0.05,2000.0,2100.0,0.03482378444402007,0.03463497468218746,-0.000188809761832609,0.000188809761832609,0,0,0,-1
gmsc,mlp,75,MonthlyIncome,relative_plus_5,0.05,5400.0,5670.0,0.04920214568663398,0.04887939534012961,-0.00032275034650437046,0.00032275034650437046,0,0,0,-1
gmsc,mlp,76,MonthlyIncome,relative_plus_5,0.05,9784.0,10273.2,0.02205212445347039,0.021562625701162564,-0.0004894987523078251,0.0004894987523078251,0,0,0,-1
gmsc,mlp,77,MonthlyIncome,relative_plus_5,0.05,5400.0,5670.0,0.009856180676789783,0.009555667147489972,-0.0003005135292998111,0.0003005135292998111,0,0,0,-1
gmsc,mlp,78,MonthlyIncome,relative_plus_5,0.05,5400.0,5670.0,0.010129649250511236,0.010036840247401344,-9.28090031098918e-05,9.28090031098918e-05,0,0,0,-1
gmsc,mlp,79,MonthlyIncome,relative_plus_5,0.05,3400.0,3570.0,0.025575449411528527,0.02514691894109052,-0.0004285304704380079,0.0004285304704380079,0,0,0,-1
gmsc,mlp,80,MonthlyIncome,relative_plus_5,0.05,5400.0,5670.0,0.005666248820127979,0.005650063047167386,-1.618577296059326e-05,1.618577296059326e-05,0,0,0,-1
gmsc,mlp,81,MonthlyIncome,relative_plus_5,0.05,3300.0,3465.0,0.04332063353337088,0.042796753513468185,-0.000523880019902695,0.000523880019902695,0,0,0,-1
gmsc,mlp,82,MonthlyIncome,relative_plus_5,0.05,7943.0,8340.15,0.01937427089536237,0.018739468821039402,-0.0006348020743229682,0.0006348020743229682,0,0,0,-1
gmsc,mlp,83,MonthlyIncome,relative_plus_5,0.05,4327.0,4543.35,0.014956252536287561,0.014543290853136133,-0.00041296168315142767,0.00041296168315142767,0,0,0,-1
gmsc,mlp,84,MonthlyIncome,relative_plus_5,0.05,4583.0,4812.15,0.034404191335380946,0.033138441793633525,-0.0012657495417474213,0.0012657495417474213,0,0,0,-1
gmsc,mlp,85,MonthlyIncome,relative_plus_5,0.05,4077.0,4280.85,0.016073637508889543,0.01576878321055238,-0.00030485429833716424,0.00030485429833716424,0,0,0,-1
gmsc,mlp,86,MonthlyIncome,relative_plus_5,0.05,2430.0,2551.5,0.03951246267546877,0.03897126160829651,-0.0005412010671722589,0.0005412010671722589,0,0,0,-1
gmsc,mlp,87,MonthlyIncome,relative_plus_5,0.05,5400.0,5670.0,0.023170727869934838,0.022963436939944133,-0.00020729092999070484,0.00020729092999070484,0,0,0,-1
gmsc,mlp,88,MonthlyIncome,relative_plus_5,0.05,5400.0,5670.0,0.014049767208401245,0.01411366600458297,6.389879618172445e-05,6.389879618172445e-05,0,0,0,-1
gmsc,mlp,89,MonthlyIncome,relative_plus_5,0.05,6250.0,6562.5,0.031436900478850546,0.030572787148422646,-0.0008641133304279,0.0008641133304279,0,0,0,-1
gmsc,mlp,90,MonthlyIncome,relative_plus_5,0.05,5400.0,5670.0,0.005417127218637603,0.00539611731617352,-2.1009902464082415e-05,2.1009902464082415e-05,0,0,0,-1
gmsc,mlp,91,MonthlyIncome,relative_plus_5,0.05,9645.0,10127.25,0.025606851072255785,0.024961266889043696,-0.000645584183212089,0.000645584183212089,0,0,0,-1
gmsc,mlp,92,MonthlyIncome,relative_plus_5,0.05,5400.0,5670.0,0.06791010130064887,0.06776098042791626,-0.000149120872732611,0.000149120872732611,0,0,0,-1
gmsc,mlp,93,MonthlyIncome,relative_plus_5,0.05,5400.0,5670.0,0.012557321048589615,0.012414631898353791,-0.00014268915023582344,0.00014268915023582344,0,0,0,-1
gmsc,mlp,94,MonthlyIncome,relative_plus_5,0.05,2481.0,2605.05,0.01479561435417343,0.014607241167132131,-0.00018837318704129948,0.00018837318704129948,0,0,0,-1
gmsc,mlp,95,MonthlyIncome,relative_plus_5,0.05,9916.0,10411.8,0.02165723032387087,0.02075667004838267,-0.0009005602754881999,0.0009005602754881999,0,0,0,-1
gmsc,mlp,96,MonthlyIncome,relative_plus_5,0.05,10000.0,10500.0,0.025618448582325936,0.025789248130397784,0.00017079954807184758,0.00017079954807184758,0,0,0,-1
gmsc,mlp,97,MonthlyIncome,relative_plus_5,0.05,5400.0,5670.0,0.017705870709505835,0.01738466712781645,-0.00032120358168938323,0.00032120358168938323,0,0,0,-1
gmsc,mlp,98,MonthlyIncome,relative_plus_5,0.05,6353.0,6670.65,0.021717560701058864,0.020925401068251154,-0.0007921596328077096,0.0007921596328077096,0,0,0,-1
gmsc,mlp,99,MonthlyIncome,relative_plus_5,0.05,3100.0,3255.0,0.2986561163043243,0.2965887544187722,-0.0020673618855521214,0.0020673618855521214,0,0,0,-1
gmsc,mlp,0,MonthlyIncome,relative_minus_10,-0.1,12000.0,13200.0,0.02211686465599193,0.01881961755024887,-0.00329724710574306,0.00329724710574306,0,0,0,-1
gmsc,mlp,1,MonthlyIncome,relative_minus_10,-0.1,9800.0,10780.0,0.01569449495491033,0.015171005246087117,-0.0005234897088232139,0.0005234897088232139,0,0,0,-1
gmsc,mlp,2,MonthlyIncome,relative_minus_10,-0.1,5400.0,5940.0,0.016575068310977385,0.015732907591558924,-0.0008421607194184604,0.0008421607194184604,0,0,0,-1
gmsc,mlp,3,MonthlyIncome,relative_minus_10,-0.1,2916.0,3207.6,0.034126022539606525,0.03319738345694778,-0.0009286390826587429,0.0009286390826587429,0,0,0,-1
gmsc,mlp,4,MonthlyIncome,relative_minus_10,-0.1,3076.0,3383.6,0.026106102898580053,0.02505837133314292,-0.0010477315654371343,0.0010477315654371343,0,0,0,-1
gmsc,mlp,5,MonthlyIncome,relative_minus_10,-0.1,6015.0,6616.5,0.021830131699538843,0.02014012407153678,-0.0016900076280020639,0.0016900076280020639,0,0,0,-1
gmsc,mlp,6,MonthlyIncome,relative_minus_10,-0.1,6913.0,7604.3,0.03217662260521963,0.030258064842665165,-0.0019185577625544688,0.0019185577625544688,0,0,0,-1
gmsc,mlp,7,MonthlyIncome,relative_minus_10,-0.1,13333.0,14666.3,0.046315106403102796,0.04888039205623974,0.002565285653136941,0.002565285653136941,0,0,0,-1
gmsc,mlp,8,MonthlyIncome,relative_minus_10,-0.1,7000.0,7700.0,0.05673708325740244,0.057109124662344926,0.00037204140494248583,0.00037204140494248583,0,0,0,-1
gmsc,mlp,9,MonthlyIncome,relative_minus_10,-0.1,3875.0,4262.5,0.07183380465082981,0.07023527262651076,-0.0015985320243190465,0.0015985320243190465,0,0,0,-1
gmsc,mlp,10,MonthlyIncome,relative_minus_10,-0.1,5833.0,6416.3,0.029425463415082575,0.02834418835555781,-0.0010812750595247632,0.0010812750595247632,0,0,0,-1
gmsc,mlp,11,MonthlyIncome,relative_minus_10,-0.1,10583.0,11641.3,0.012965465127209348,0.0120410028291669,-0.0009244622980424475,0.0009244622980424475,0,0,0,-1
gmsc,mlp,12,MonthlyIncome,relative_minus_10,-0.1,5400.0,5940.0,0.007076920292949544,0.006957696133563308,-0.00011922415938623622,0.00011922415938623622,0,0,0,-1
gmsc,mlp,13,MonthlyIncome,relative_minus_10,-0.1,5400.0,5940.0,0.35361463292929435,0.35639470372886883,0.0027800707995744856,0.0027800707995744856,0,0,0,-1
gmsc,mlp,14,MonthlyIncome,relative_minus_10,-0.1,5400.0,5940.0,0.03041379302018182,0.028438362177825638,-0.0019754308423561816,0.0019754308423561816,0,0,0,-1
gmsc,mlp,15,MonthlyIncome,relative_minus_10,-0.1,12500.0,13750.0,0.028531846223265274,0.027998721943042534,-0.0005331242802227402,0.0005331242802227402,0,0,0,-1
gmsc,mlp,16,MonthlyIncome,relative_minus_10,-0.1,6000.0,6600.0,0.11002930362193034,0.11081368760713116,0.0007843839852008233,0.0007843839852008233,0,0,0,-1
gmsc,mlp,17,MonthlyIncome,relative_minus_10,-0.1,5400.0,5940.0,0.013790889882417817,0.01393039246386745,0.00013950258144963291,0.00013950258144963291,0,0,0,-1
gmsc,mlp,18,MonthlyIncome,relative_minus_10,-0.1,11362.0,12498.2,0.02753715371688414,0.027819747883810694,0.00028259416692655304,0.00028259416692655304,0,0,0,-1
gmsc,mlp,19,MonthlyIncome,relative_minus_10,-0.1,11666.0,12832.6,0.052926506156008635,0.04886931819724155,-0.004057187958767083,0.004057187958767083,0,0,0,-1
gmsc,mlp,20,MonthlyIncome,relative_minus_10,-0.1,12416.0,13657.6,0.008830310596060332,0.008425776508778425,-0.0004045340872819072,0.0004045340872819072,0,0,0,-1
gmsc,mlp,21,MonthlyIncome,relative_minus_10,-0.1,0.0,540.0,0.014797349397540089,0.015243899762250308,0.00044655036471021904,0.00044655036471021904,0,0,0,-1
gmsc,mlp,22,MonthlyIncome,relative_minus_10,-0.1,8134.0,8947.4,0.04562370697875247,0.0460808362370385,0.000457129258286032,0.000457129258286032,0,0,0,-1
gmsc,mlp,23,MonthlyIncome,relative_minus_10,-0.1,9200.0,10120.0,0.01573080665121102,0.014309862647604154,-0.0014209440036068652,0.0014209440036068652,0,0,0,-1
gmsc,mlp,24,MonthlyIncome,relative_minus_10,-0.1,2183.0,2401.3,0.011506289508992087,0.011111703404307038,-0.0003945861046850494,0.0003945861046850494,0,0,0,-1
gmsc,mlp,25,MonthlyIncome,relative_minus_10,-0.1,2044.0,2248.4,0.03731802443216143,0.0363284949767626,-0.0009895294553988326,0.0009895294553988326,0,0,0,-1
gmsc,mlp,26,MonthlyIncome,relative_minus_10,-0.1,5400.0,5940.0,0.029333059161415907,0.028513572637001553,-0.0008194865244143534,0.0008194865244143534,0,0,0,-1
gmsc,mlp,27,MonthlyIncome,relative_minus_10,-0.1,3290.0,3619.0,0.035095010256273325,0.03397976130148731,-0.0011152489547860134,0.0011152489547860134,0,0,0,-1
gmsc,mlp,28,MonthlyIncome,relative_minus_10,-0.1,8333.0,9166.3,0.09263198005026192,0.09074792227127783,-0.001884057778984094,0.001884057778984094,0,0,0,-1
gmsc,mlp,29,MonthlyIncome,relative_minus_10,-0.1,10000.0,11000.0,0.006344097366443652,0.005806294261215272,-0.0005378031052283806,0.0005378031052283806,0,0,0,-1
gmsc,mlp,30,MonthlyIncome,relative_minus_10,-0.1,2945.0,3239.5,0.046242861401163154,0.045196124747739076,-0.0010467366534240782,0.0010467366534240782,0,0,0,-1
gmsc,mlp,31,MonthlyIncome,relative_minus_10,-0.1,5400.0,5940.0,0.0255021185573372,0.024166899994544955,-0.001335218562792246,0.001335218562792246,0,0,0,-1
gmsc,mlp,32,MonthlyIncome,relative_minus_10,-0.1,3500.0,3850.0,0.026376707227492684,0.02594550076830115,-0.00043120645919153197,0.00043120645919153197,0,0,0,-1
gmsc,mlp,33,MonthlyIncome,relative_minus_10,-0.1,6400.0,7040.0,0.015498282720832536,0.014399641946524523,-0.0010986407743080132,0.0010986407743080132,0,0,0,-1
gmsc,mlp,34,MonthlyIncome,relative_minus_10,-0.1,6667.0,7333.7,0.08535157193754099,0.08237547124483324,-0.0029761006927077477,0.0029761006927077477,0,0,0,-1
gmsc,mlp,35,MonthlyIncome,relative_minus_10,-0.1,4500.0,4950.0,0.19910001606794017,0.19013152327980215,-0.008968492788138022,0.008968492788138022,0,0,0,-1
gmsc,mlp,36,MonthlyIncome,relative_minus_10,-0.1,4917.0,5408.7,0.010761647197797914,0.010163199712575465,-0.0005984474852224492,0.0005984474852224492,0,0,0,-1
gmsc,mlp,37,MonthlyIncome,relative_minus_10,-0.1,5400.0,5940.0,0.01757909301258303,0.01831960503026148,0.0007405120176784512,0.0007405120176784512,0,0,0,-1
gmsc,mlp,38,MonthlyIncome,relative_minus_10,-0.1,19237.0,21160.7,0.009145988810159647,0.00810503845962102,-0.0010409503505386265,0.0010409503505386265,0,0,0,-1
gmsc,mlp,39,MonthlyIncome,relative_minus_10,-0.1,2610.0,2871.0,0.051173952814171794,0.04951665363625613,-0.0016572991779156623,0.0016572991779156623,0,0,0,-1
gmsc,mlp,40,MonthlyIncome,relative_minus_10,-0.1,8850.0,9735.0,0.022676366611436422,0.02057880287820349,-0.002097563733232933,0.002097563733232933,0,0,0,-1
gmsc,mlp,41,MonthlyIncome,relative_minus_10,-0.1,1833.0,2016.3,0.04009590259851887,0.03954339420959165,-0.000552508388927217,0.000552508388927217,0,0,0,-1
gmsc,mlp,42,MonthlyIncome,relative_minus_10,-0.1,4799.0,5278.9,0.02298812229422112,0.02238066511717827,-0.0006074571770428479,0.0006074571770428479,0,0,0,-1
gmsc,mlp,43,MonthlyIncome,relative_minus_10,-0.1,5400.0,5940.0,0.04219806536296886,0.041219776111778475,-0.0009782892511903882,0.0009782892511903882,0,0,0,-1
gmsc,mlp,44,MonthlyIncome,relative_minus_10,-0.1,6331.0,6964.1,0.01680383752969732,0.015734170546896943,-0.0010696669828003762,0.0010696669828003762,0,0,0,-1
gmsc,mlp,45,MonthlyIncome,relative_minus_10,-0.1,4266.0,4692.6,0.0359226511464687,0.03631727114820559,0.00039462000173689366,0.00039462000173689366,0,0,0,-1
gmsc,mlp,46,MonthlyIncome,relative_minus_10,-0.1,5400.0,5940.0,0.008419834692001592,0.008155764133112132,-0.0002640705588894607,0.0002640705588894607,0,0,0,-1
gmsc,mlp,47,MonthlyIncome,relative_minus_10,-0.1,2000.0,2200.0,0.01526822945269322,0.0150121074493239,-0.0002561220033693197,0.0002561220033693197,0,0,0,-1
gmsc,mlp,48,MonthlyIncome,relative_minus_10,-0.1,5400.0,5940.0,0.011940522095800142,0.01189238795270979,-4.813414309035209e-05,4.813414309035209e-05,0,0,0,-1
gmsc,mlp,49,MonthlyIncome,relative_minus_10,-0.1,3000.0,3300.0,0.029003393714220643,0.02915283006328195,0.00014943634906130696,0.00014943634906130696,0,0,0,-1
gmsc,mlp,50,MonthlyIncome,relative_minus_10,-0.1,2216.0,2437.6,0.03157652357546811,0.030477422463081338,-0.0010991011123867751,0.0010991011123867751,0,0,0,-1
gmsc,mlp,51,MonthlyIncome,relative_minus_10,-0.1,5400.0,5940.0,0.016133909190219866,0.016002820053516213,-0.00013108913670365277,0.00013108913670365277,0,0,0,-1
gmsc,mlp,52,MonthlyIncome,relative_minus_10,-0.1,5400.0,5940.0,0.008942513898120756,0.008785653598076558,-0.0001568603000441978,0.0001568603000441978,0,0,0,-1
gmsc,mlp,53,MonthlyIncome,relative_minus_10,-0.1,4583.0,5041.3,0.29379437931569313,0.2950341395239276,0.0012397602082344639,0.0012397602082344639,0,0,0,-1
gmsc,mlp,54,MonthlyIncome,relative_minus_10,-0.1,695.0,764.5,0.3498543595427822,0.3491905533210562,-0.0006638062217260154,0.0006638062217260154,0,0,0,-1
gmsc,mlp,55,MonthlyIncome,relative_minus_10,-0.1,5400.0,5940.0,0.007600943545173095,0.007455349082428567,-0.00014559446274452822,0.00014559446274452822,0,0,0,-1
gmsc,mlp,56,MonthlyIncome,relative_minus_10,-0.1,3500.0,3850.0,0.025320893704546973,0.024752399774623422,-0.0005684939299235511,0.0005684939299235511,0,0,0,-1
gmsc,mlp,57,MonthlyIncome,relative_minus_10,-0.1,1640.0,1804.0,0.05069033380470405,0.05075131441986126,6.098061515721204e-05,6.098061515721204e-05,0,0,0,-1
gmsc,mlp,58,MonthlyIncome,relative_minus_10,-0.1,3853.0,4238.3,0.16009590625064055,0.16177956312627362,0.0016836568756330716,0.0016836568756330716,0,0,0,-1
gmsc,mlp,59,MonthlyIncome,relative_minus_10,-0.1,5920.0,6512.0,0.025457114256866867,0.02431065235029573,-0.001146461906571139,0.001146461906571139,0,0,0,-1
gmsc,mlp,60,MonthlyIncome,relative_minus_10,-0.1,5275.0,5802.5,0.037076780618332694,0.03539990257078408,-0.0016768780475486175,0.0016768780475486175,0,0,0,-1
gmsc,mlp,61,MonthlyIncome,relative_minus_10,-0.1,5347.0,5881.7,0.04860926951599663,0.04677694902697424,-0.0018323204890223904,0.0018323204890223904,0,0,0,-1
gmsc,mlp,62,MonthlyIncome,relative_minus_10,-0.1,10000.0,11000.0,0.022160573410907457,0.021453143607623352,-0.0007074298032841049,0.0007074298032841049,0,0,0,-1
gmsc,mlp,63,MonthlyIncome,relative_minus_10,-0.1,12500.0,13750.0,0.010545360475655359,0.009746244855348892,-0.0007991156203064672,0.0007991156203064672,0,0,0,-1
gmsc,mlp,64,MonthlyIncome,relative_minus_10,-0.1,12959.0,14254.9,0.05188426446215026,0.04823077181858548,-0.003653492643564779,0.003653492643564779,0,0,0,-1
gmsc,mlp,65,MonthlyIncome,relative_minus_10,-0.1,8750.0,9625.0,0.19320558451418393,0.17334914932469805,-0.019856435189485877,0.019856435189485877,0,0,0,-1
gmsc,mlp,66,MonthlyIncome,relative_minus_10,-0.1,3900.0,4290.0,0.017380461870616856,0.016586916443024808,-0.0007935454275920482,0.0007935454275920482,0,0,0,-1
gmsc,mlp,67,MonthlyIncome,relative_minus_10,-0.1,3899.0,4288.9,0.045289289381342065,0.04338853474001044,-0.0019007546413316243,0.0019007546413316243,0,0,0,-1
gmsc,mlp,68,MonthlyIncome,relative_minus_10,-0.1,11500.0,12650.0,0.012814695328681581,0.01241290888367254,-0.00040178644500904123,0.00040178644500904123,0,0,0,-1
gmsc,mlp,69,MonthlyIncome,relative_minus_10,-0.1,5000.0,5500.0,0.09362660727989738,0.09215580917802378,-0.0014707981018736022,0.0014707981018736022,0,0,0,-1
gmsc,mlp,70,MonthlyIncome,relative_minus_10,-0.1,4281.0,4709.1,0.09827269814207695,0.09536706898114002,-0.0029056291609369372,0.0029056291609369372,0,0,0,-1
gmsc,mlp,71,MonthlyIncome,relative_minus_10,-0.1,0.0,540.0,0.07244781616495638,0.07209605866032923,-0.0003517575046271537,0.0003517575046271537,0,0,0,-1
gmsc,mlp,72,MonthlyIncome,relative_minus_10,-0.1,2500.0,2750.0,0.03217968676284227,0.03135537212249688,-0.0008243146403453874,0.0008243146403453874,0,0,0,-1
gmsc,mlp,73,MonthlyIncome,relative_minus_10,-0.1,5000.0,5500.0,0.044640504763767554,0.04306314133487112,-0.0015773634288964306,0.0015773634288964306,0,0,0,-1
gmsc,mlp,74,MonthlyIncome,relative_minus_10,-0.1,2000.0,2200.0,0.03482378444402007,0.03444715208498735,-0.000376632359032715,0.000376632359032715,0,0,0,-1
gmsc,mlp,75,MonthlyIncome,relative_minus_10,-0.1,5400.0,5940.0,0.04920214568663398,0.04855865400729198,-0.0006434916793420023,0.0006434916793420023,0,0,0,-1
gmsc,mlp,76,MonthlyIncome,relative_minus_10,-0.1,9784.0,10762.4,0.02205212445347039,0.021039538086748265,-0.0010125863667221242,0.0010125863667221242,0,0,0,-1
gmsc,mlp,77,MonthlyIncome,relative_minus_10,-0.1,5400.0,5940.0,0.009856180676789783,0.009264230502881075,-0.0005919501739087077,0.0005919501739087077,0,0,0,-1
gmsc,mlp,78,MonthlyIncome,relative_minus_10,-0.1,5400.0,5940.0,0.010129649250511236,0.009966414440186987,-0.00016323481032424862,0.00016323481032424862,0,0,0,-1
gmsc,mlp,79,MonthlyIncome,relative_minus_10,-0.1,3400.0,3740.0,0.025575449411528527,0.02472531318635609,-0.0008501362251724376,0.0008501362251724376,0,0,0,-1
gmsc,mlp,80,MonthlyIncome,relative_minus_10,-0.1,5400.0,5940.0,0.005666248820127979,0.005634652598087252,-3.1596222040727005e-05,3.1596222040727005e-05,0,0,0,-1
gmsc,mlp,81,MonthlyIncome,relative_minus_10,-0.1,3300.0,3630.0,0.04332063353337088,0.0423318592372125,-0.0009887742961583804,0.0009887742961583804,0,0,0,-1
gmsc,mlp,82,MonthlyIncome,relative_minus_10,-0.1,7943.0,8737.3,0.01937427089536237,0.018159746757747047,-0.0012145241376153235,0.0012145241376153235,0,0,0,-1
gmsc,mlp,83,MonthlyIncome,relative_minus_10,-0.1,4327.0,4759.7,0.014956252536287561,0.014141567885610341,-0.00081468465067722,0.00081468465067722,0,0,0,-1
gmsc,mlp,84,MonthlyIncome,relative_minus_10,-0.1,4583.0,5041.3,0.034404191335380946,0.03194903707105718,-0.0024551542643237653,0.0024551542643237653,0,0,0,-1
gmsc,mlp,85,MonthlyIncome,relative_minus_10,-0.1,4077.0,4484.7,0.016073637508889543,0.015469619905929922,-0.0006040176029596216,0.0006040176029596216,0,0,0,-1
gmsc,mlp,86,MonthlyIncome,relative_minus_10,-0.1,2430.0,2673.0,0.03951246267546877,0.03843717670757518,-0.001075285967893587,0.001075285967893587,0,0,0,-1
gmsc,mlp,87,MonthlyIncome,relative_minus_10,-0.1,5400.0,5940.0,0.023170727869934838,0.022757957279546506,-0.0004127705903883318,0.0004127705903883318,0,0,0,-1
gmsc,mlp,88,MonthlyIncome,relative_minus_10,-0.1,5400.0,5940.0,0.014049767208401245,0.014182996160250889,0.00013322895184964337,0.00013322895184964337,0,0,0,-1
gmsc,mlp,89,MonthlyIncome,relative_minus_10,-0.1,6250.0,6875.0,0.031436900478850546,0.029731696789617644,-0.0017052036892329023,0.0017052036892329023,0,0,0,-1
gmsc,mlp,90,MonthlyIncome,relative_minus_10,-0.1,5400.0,5940.0,0.005417127218637603,0.0053751884585818335,-4.1938760055769235e-05,4.1938760055769235e-05,0,0,0,-1
gmsc,mlp,91,MonthlyIncome,relative_minus_10,-0.1,9645.0,10609.5,0.025606851072255785,0.024331552347816546,-0.0012752987244392389,0.0012752987244392389,0,0,0,-1
gmsc,mlp,92,MonthlyIncome,relative_minus_10,-0.1,5400.0,5940.0,0.06791010130064887,0.06761216325078816,-0.0002979380498607104,0.0002979380498607104,0,0,0,-1
gmsc,mlp,93,MonthlyIncome,relative_minus_10,-0.1,5400.0,5940.0,0.012557321048589615,0.012273543975315191,-0.00028377707327442367,0.00028377707327442367,0,0,0,-1
gmsc,mlp,94,MonthlyIncome,relative_minus_10,-0.1,2481.0,2729.1,0.01479561435417343,0.014421231183276232,-0.00037438317089719814,0.00037438317089719814,0,0,0,-1
gmsc,mlp,95,MonthlyIncome,relative_minus_10,-0.1,9916.0,10907.6,0.02165723032387087,0.0199567422920922,-0.00170048803177867,0.00170048803177867,0,0,0,-1
gmsc,mlp,96,MonthlyIncome,relative_minus_10,-0.1,10000.0,11000.0,0.025618448582325936,0.025930587300403336,0.0003121387180773996,0.0003121387180773996,0,0,0,-1
gmsc,mlp,97,MonthlyIncome,relative_minus_10,-0.1,5400.0,5940.0,0.017705870709505835,0.01703013606873987,-0.0006757346407659653,0.0006757346407659653,0,0,0,-1
gmsc,mlp,98,MonthlyIncome,relative_minus_10,-0.1,6353.0,6988.3,0.021717560701058864,0.020333110711624938,-0.0013844499894339266,0.0013844499894339266,0,0,0,-1
gmsc,mlp,99,MonthlyIncome,relative_minus_10,-0.1,3100.0,3410.0,0.2986561163043243,0.2945296934617868,-0.004126422842537503,0.004126422842537503,0,0,0,-1
gmsc,mlp,0,MonthlyIncome,relative_plus_10,0.1,12000.0,13200.0,0.02211686465599193,0.01881961755024887,-0.00329724710574306,0.00329724710574306,0,0,0,-1
gmsc,mlp,1,MonthlyIncome,relative_plus_10,0.1,9800.0,10780.0,0.01569449495491033,0.015171005246087117,-0.0005234897088232139,0.0005234897088232139,0,0,0,-1
gmsc,mlp,2,MonthlyIncome,relative_plus_10,0.1,5400.0,5940.0,0.016575068310977385,0.015732907591558924,-0.0008421607194184604,0.0008421607194184604,0,0,0,-1
gmsc,mlp,3,MonthlyIncome,relative_plus_10,0.1,2916.0,3207.6,0.034126022539606525,0.03319738345694778,-0.0009286390826587429,0.0009286390826587429,0,0,0,-1
gmsc,mlp,4,MonthlyIncome,relative_plus_10,0.1,3076.0,3383.6,0.026106102898580053,0.02505837133314292,-0.0010477315654371343,0.0010477315654371343,0,0,0,-1
gmsc,mlp,5,MonthlyIncome,relative_plus_10,0.1,6015.0,6616.5,0.021830131699538843,0.02014012407153678,-0.0016900076280020639,0.0016900076280020639,0,0,0,-1
gmsc,mlp,6,MonthlyIncome,relative_plus_10,0.1,6913.0,7604.3,0.03217662260521963,0.030258064842665165,-0.0019185577625544688,0.0019185577625544688,0,0,0,-1
gmsc,mlp,7,MonthlyIncome,relative_plus_10,0.1,13333.0,14666.3,0.046315106403102796,0.04888039205623974,0.002565285653136941,0.002565285653136941,0,0,0,-1
gmsc,mlp,8,MonthlyIncome,relative_plus_10,0.1,7000.0,7700.0,0.05673708325740244,0.057109124662344926,0.00037204140494248583,0.00037204140494248583,0,0,0,-1
gmsc,mlp,9,MonthlyIncome,relative_plus_10,0.1,3875.0,4262.5,0.07183380465082981,0.07023527262651076,-0.0015985320243190465,0.0015985320243190465,0,0,0,-1
gmsc,mlp,10,MonthlyIncome,relative_plus_10,0.1,5833.0,6416.3,0.029425463415082575,0.02834418835555781,-0.0010812750595247632,0.0010812750595247632,0,0,0,-1
gmsc,mlp,11,MonthlyIncome,relative_plus_10,0.1,10583.0,11641.3,0.012965465127209348,0.0120410028291669,-0.0009244622980424475,0.0009244622980424475,0,0,0,-1
gmsc,mlp,12,MonthlyIncome,relative_plus_10,0.1,5400.0,5940.0,0.007076920292949544,0.006957696133563308,-0.00011922415938623622,0.00011922415938623622,0,0,0,-1
gmsc,mlp,13,MonthlyIncome,relative_plus_10,0.1,5400.0,5940.0,0.35361463292929435,0.35639470372886883,0.0027800707995744856,0.0027800707995744856,0,0,0,-1
gmsc,mlp,14,MonthlyIncome,relative_plus_10,0.1,5400.0,5940.0,0.03041379302018182,0.028438362177825638,-0.0019754308423561816,0.0019754308423561816,0,0,0,-1
gmsc,mlp,15,MonthlyIncome,relative_plus_10,0.1,12500.0,13750.0,0.028531846223265274,0.027998721943042534,-0.0005331242802227402,0.0005331242802227402,0,0,0,-1
gmsc,mlp,16,MonthlyIncome,relative_plus_10,0.1,6000.0,6600.0,0.11002930362193034,0.11081368760713116,0.0007843839852008233,0.0007843839852008233,0,0,0,-1
gmsc,mlp,17,MonthlyIncome,relative_plus_10,0.1,5400.0,5940.0,0.013790889882417817,0.01393039246386745,0.00013950258144963291,0.00013950258144963291,0,0,0,-1
gmsc,mlp,18,MonthlyIncome,relative_plus_10,0.1,11362.0,12498.2,0.02753715371688414,0.027819747883810694,0.00028259416692655304,0.00028259416692655304,0,0,0,-1
gmsc,mlp,19,MonthlyIncome,relative_plus_10,0.1,11666.0,12832.6,0.052926506156008635,0.04886931819724155,-0.004057187958767083,0.004057187958767083,0,0,0,-1
gmsc,mlp,20,MonthlyIncome,relative_plus_10,0.1,12416.0,13657.6,0.008830310596060332,0.008425776508778425,-0.0004045340872819072,0.0004045340872819072,0,0,0,-1
gmsc,mlp,21,MonthlyIncome,relative_plus_10,0.1,0.0,540.0,0.014797349397540089,0.015243899762250308,0.00044655036471021904,0.00044655036471021904,0,0,0,-1
gmsc,mlp,22,MonthlyIncome,relative_plus_10,0.1,8134.0,8947.4,0.04562370697875247,0.0460808362370385,0.000457129258286032,0.000457129258286032,0,0,0,-1
gmsc,mlp,23,MonthlyIncome,relative_plus_10,0.1,9200.0,10120.0,0.01573080665121102,0.014309862647604154,-0.0014209440036068652,0.0014209440036068652,0,0,0,-1
gmsc,mlp,24,MonthlyIncome,relative_plus_10,0.1,2183.0,2401.3,0.011506289508992087,0.011111703404307038,-0.0003945861046850494,0.0003945861046850494,0,0,0,-1
gmsc,mlp,25,MonthlyIncome,relative_plus_10,0.1,2044.0,2248.4,0.03731802443216143,0.0363284949767626,-0.0009895294553988326,0.0009895294553988326,0,0,0,-1
gmsc,mlp,26,MonthlyIncome,relative_plus_10,0.1,5400.0,5940.0,0.029333059161415907,0.028513572637001553,-0.0008194865244143534,0.0008194865244143534,0,0,0,-1
gmsc,mlp,27,MonthlyIncome,relative_plus_10,0.1,3290.0,3619.0,0.035095010256273325,0.03397976130148731,-0.0011152489547860134,0.0011152489547860134,0,0,0,-1
gmsc,mlp,28,MonthlyIncome,relative_plus_10,0.1,8333.0,9166.3,0.09263198005026192,0.09074792227127783,-0.001884057778984094,0.001884057778984094,0,0,0,-1
gmsc,mlp,29,MonthlyIncome,relative_plus_10,0.1,10000.0,11000.0,0.006344097366443652,0.005806294261215272,-0.0005378031052283806,0.0005378031052283806,0,0,0,-1
gmsc,mlp,30,MonthlyIncome,relative_plus_10,0.1,2945.0,3239.5,0.046242861401163154,0.045196124747739076,-0.0010467366534240782,0.0010467366534240782,0,0,0,-1
gmsc,mlp,31,MonthlyIncome,relative_plus_10,0.1,5400.0,5940.0,0.0255021185573372,0.024166899994544955,-0.001335218562792246,0.001335218562792246,0,0,0,-1
gmsc,mlp,32,MonthlyIncome,relative_plus_10,0.1,3500.0,3850.0,0.026376707227492684,0.02594550076830115,-0.00043120645919153197,0.00043120645919153197,0,0,0,-1
gmsc,mlp,33,MonthlyIncome,relative_plus_10,0.1,6400.0,7040.0,0.015498282720832536,0.014399641946524523,-0.0010986407743080132,0.0010986407743080132,0,0,0,-1
gmsc,mlp,34,MonthlyIncome,relative_plus_10,0.1,6667.0,7333.7,0.08535157193754099,0.08237547124483324,-0.0029761006927077477,0.0029761006927077477,0,0,0,-1
gmsc,mlp,35,MonthlyIncome,relative_plus_10,0.1,4500.0,4950.0,0.19910001606794017,0.19013152327980215,-0.008968492788138022,0.008968492788138022,0,0,0,-1
gmsc,mlp,36,MonthlyIncome,relative_plus_10,0.1,4917.0,5408.7,0.010761647197797914,0.010163199712575465,-0.0005984474852224492,0.0005984474852224492,0,0,0,-1
gmsc,mlp,37,MonthlyIncome,relative_plus_10,0.1,5400.0,5940.0,0.01757909301258303,0.01831960503026148,0.0007405120176784512,0.0007405120176784512,0,0,0,-1
gmsc,mlp,38,MonthlyIncome,relative_plus_10,0.1,19237.0,21160.7,0.009145988810159647,0.00810503845962102,-0.0010409503505386265,0.0010409503505386265,0,0,0,-1
gmsc,mlp,39,MonthlyIncome,relative_plus_10,0.1,2610.0,2871.0,0.051173952814171794,0.04951665363625613,-0.0016572991779156623,0.0016572991779156623,0,0,0,-1
gmsc,mlp,40,MonthlyIncome,relative_plus_10,0.1,8850.0,9735.0,0.022676366611436422,0.02057880287820349,-0.002097563733232933,0.002097563733232933,0,0,0,-1
gmsc,mlp,41,MonthlyIncome,relative_plus_10,0.1,1833.0,2016.3,0.04009590259851887,0.03954339420959165,-0.000552508388927217,0.000552508388927217,0,0,0,-1
gmsc,mlp,42,MonthlyIncome,relative_plus_10,0.1,4799.0,5278.9,0.02298812229422112,0.02238066511717827,-0.0006074571770428479,0.0006074571770428479,0,0,0,-1
gmsc,mlp,43,MonthlyIncome,relative_plus_10,0.1,5400.0,5940.0,0.04219806536296886,0.041219776111778475,-0.0009782892511903882,0.0009782892511903882,0,0,0,-1
gmsc,mlp,44,MonthlyIncome,relative_plus_10,0.1,6331.0,6964.1,0.01680383752969732,0.015734170546896943,-0.0010696669828003762,0.0010696669828003762,0,0,0,-1
gmsc,mlp,45,MonthlyIncome,relative_plus_10,0.1,4266.0,4692.6,0.0359226511464687,0.03631727114820559,0.00039462000173689366,0.00039462000173689366,0,0,0,-1
gmsc,mlp,46,MonthlyIncome,relative_plus_10,0.1,5400.0,5940.0,0.008419834692001592,0.008155764133112132,-0.0002640705588894607,0.0002640705588894607,0,0,0,-1
gmsc,mlp,47,MonthlyIncome,relative_plus_10,0.1,2000.0,2200.0,0.01526822945269322,0.0150121074493239,-0.0002561220033693197,0.0002561220033693197,0,0,0,-1
gmsc,mlp,48,MonthlyIncome,relative_plus_10,0.1,5400.0,5940.0,0.011940522095800142,0.01189238795270979,-4.813414309035209e-05,4.813414309035209e-05,0,0,0,-1
gmsc,mlp,49,MonthlyIncome,relative_plus_10,0.1,3000.0,3300.0,0.029003393714220643,0.02915283006328195,0.00014943634906130696,0.00014943634906130696,0,0,0,-1
gmsc,mlp,50,MonthlyIncome,relative_plus_10,0.1,2216.0,2437.6,0.03157652357546811,0.030477422463081338,-0.0010991011123867751,0.0010991011123867751,0,0,0,-1
gmsc,mlp,51,MonthlyIncome,relative_plus_10,0.1,5400.0,5940.0,0.016133909190219866,0.016002820053516213,-0.00013108913670365277,0.00013108913670365277,0,0,0,-1
gmsc,mlp,52,MonthlyIncome,relative_plus_10,0.1,5400.0,5940.0,0.008942513898120756,0.008785653598076558,-0.0001568603000441978,0.0001568603000441978,0,0,0,-1
gmsc,mlp,53,MonthlyIncome,relative_plus_10,0.1,4583.0,5041.3,0.29379437931569313,0.2950341395239276,0.0012397602082344639,0.0012397602082344639,0,0,0,-1
gmsc,mlp,54,MonthlyIncome,relative_plus_10,0.1,695.0,764.5,0.3498543595427822,0.3491905533210562,-0.0006638062217260154,0.0006638062217260154,0,0,0,-1
gmsc,mlp,55,MonthlyIncome,relative_plus_10,0.1,5400.0,5940.0,0.007600943545173095,0.007455349082428567,-0.00014559446274452822,0.00014559446274452822,0,0,0,-1
gmsc,mlp,56,MonthlyIncome,relative_plus_10,0.1,3500.0,3850.0,0.025320893704546973,0.024752399774623422,-0.0005684939299235511,0.0005684939299235511,0,0,0,-1
gmsc,mlp,57,MonthlyIncome,relative_plus_10,0.1,1640.0,1804.0,0.05069033380470405,0.05075131441986126,6.098061515721204e-05,6.098061515721204e-05,0,0,0,-1
gmsc,mlp,58,MonthlyIncome,relative_plus_10,0.1,3853.0,4238.3,0.16009590625064055,0.16177956312627362,0.0016836568756330716,0.0016836568756330716,0,0,0,-1
gmsc,mlp,59,MonthlyIncome,relative_plus_10,0.1,5920.0,6512.0,0.025457114256866867,0.02431065235029573,-0.001146461906571139,0.001146461906571139,0,0,0,-1
gmsc,mlp,60,MonthlyIncome,relative_plus_10,0.1,5275.0,5802.5,0.037076780618332694,0.03539990257078408,-0.0016768780475486175,0.0016768780475486175,0,0,0,-1
gmsc,mlp,61,MonthlyIncome,relative_plus_10,0.1,5347.0,5881.7,0.04860926951599663,0.04677694902697424,-0.0018323204890223904,0.0018323204890223904,0,0,0,-1
gmsc,mlp,62,MonthlyIncome,relative_plus_10,0.1,10000.0,11000.0,0.022160573410907457,0.021453143607623352,-0.0007074298032841049,0.0007074298032841049,0,0,0,-1
gmsc,mlp,63,MonthlyIncome,relative_plus_10,0.1,12500.0,13750.0,0.010545360475655359,0.009746244855348892,-0.0007991156203064672,0.0007991156203064672,0,0,0,-1
gmsc,mlp,64,MonthlyIncome,relative_plus_10,0.1,12959.0,14254.9,0.05188426446215026,0.04823077181858548,-0.003653492643564779,0.003653492643564779,0,0,0,-1
gmsc,mlp,65,MonthlyIncome,relative_plus_10,0.1,8750.0,9625.0,0.19320558451418393,0.17334914932469805,-0.019856435189485877,0.019856435189485877,0,0,0,-1
gmsc,mlp,66,MonthlyIncome,relative_plus_10,0.1,3900.0,4290.0,0.017380461870616856,0.016586916443024808,-0.0007935454275920482,0.0007935454275920482,0,0,0,-1
gmsc,mlp,67,MonthlyIncome,relative_plus_10,0.1,3899.0,4288.9,0.045289289381342065,0.04338853474001044,-0.0019007546413316243,0.0019007546413316243,0,0,0,-1
gmsc,mlp,68,MonthlyIncome,relative_plus_10,0.1,11500.0,12650.0,0.012814695328681581,0.01241290888367254,-0.00040178644500904123,0.00040178644500904123,0,0,0,-1
gmsc,mlp,69,MonthlyIncome,relative_plus_10,0.1,5000.0,5500.0,0.09362660727989738,0.09215580917802378,-0.0014707981018736022,0.0014707981018736022,0,0,0,-1
gmsc,mlp,70,MonthlyIncome,relative_plus_10,0.1,4281.0,4709.1,0.09827269814207695,0.09536706898114002,-0.0029056291609369372,0.0029056291609369372,0,0,0,-1
gmsc,mlp,71,MonthlyIncome,relative_plus_10,0.1,0.0,540.0,0.07244781616495638,0.07209605866032923,-0.0003517575046271537,0.0003517575046271537,0,0,0,-1
gmsc,mlp,72,MonthlyIncome,relative_plus_10,0.1,2500.0,2750.0,0.03217968676284227,0.03135537212249688,-0.0008243146403453874,0.0008243146403453874,0,0,0,-1
gmsc,mlp,73,MonthlyIncome,relative_plus_10,0.1,5000.0,5500.0,0.044640504763767554,0.04306314133487112,-0.0015773634288964306,0.0015773634288964306,0,0,0,-1
gmsc,mlp,74,MonthlyIncome,relative_plus_10,0.1,2000.0,2200.0,0.03482378444402007,0.03444715208498735,-0.000376632359032715,0.000376632359032715,0,0,0,-1
gmsc,mlp,75,MonthlyIncome,relative_plus_10,0.1,5400.0,5940.0,0.04920214568663398,0.04855865400729198,-0.0006434916793420023,0.0006434916793420023,0,0,0,-1
gmsc,mlp,76,MonthlyIncome,relative_plus_10,0.1,9784.0,10762.4,0.02205212445347039,0.021039538086748265,-0.0010125863667221242,0.0010125863667221242,0,0,0,-1
gmsc,mlp,77,MonthlyIncome,relative_plus_10,0.1,5400.0,5940.0,0.009856180676789783,0.009264230502881075,-0.0005919501739087077,0.0005919501739087077,0,0,0,-1
gmsc,mlp,78,MonthlyIncome,relative_plus_10,0.1,5400.0,5940.0,0.010129649250511236,0.009966414440186987,-0.00016323481032424862,0.00016323481032424862,0,0,0,-1
gmsc,mlp,79,MonthlyIncome,relative_plus_10,0.1,3400.0,3740.0,0.025575449411528527,0.02472531318635609,-0.0008501362251724376,0.0008501362251724376,0,0,0,-1
gmsc,mlp,80,MonthlyIncome,relative_plus_10,0.1,5400.0,5940.0,0.005666248820127979,0.005634652598087252,-3.1596222040727005e-05,3.1596222040727005e-05,0,0,0,-1
gmsc,mlp,81,MonthlyIncome,relative_plus_10,0.1,3300.0,3630.0,0.04332063353337088,0.0423318592372125,-0.0009887742961583804,0.0009887742961583804,0,0,0,-1
gmsc,mlp,82,MonthlyIncome,relative_plus_10,0.1,7943.0,8737.3,0.01937427089536237,0.018159746757747047,-0.0012145241376153235,0.0012145241376153235,0,0,0,-1
gmsc,mlp,83,MonthlyIncome,relative_plus_10,0.1,4327.0,4759.7,0.014956252536287561,0.014141567885610341,-0.00081468465067722,0.00081468465067722,0,0,0,-1
gmsc,mlp,84,MonthlyIncome,relative_plus_10,0.1,4583.0,5041.3,0.034404191335380946,0.03194903707105718,-0.0024551542643237653,0.0024551542643237653,0,0,0,-1
gmsc,mlp,85,MonthlyIncome,relative_plus_10,0.1,4077.0,4484.7,0.016073637508889543,0.015469619905929922,-0.0006040176029596216,0.0006040176029596216,0,0,0,-1
gmsc,mlp,86,MonthlyIncome,relative_plus_10,0.1,2430.0,2673.0,0.03951246267546877,0.03843717670757518,-0.001075285967893587,0.001075285967893587,0,0,0,-1
gmsc,mlp,87,MonthlyIncome,relative_plus_10,0.1,5400.0,5940.0,0.023170727869934838,0.022757957279546506,-0.0004127705903883318,0.0004127705903883318,0,0,0,-1
gmsc,mlp,88,MonthlyIncome,relative_plus_10,0.1,5400.0,5940.0,0.014049767208401245,0.014182996160250889,0.00013322895184964337,0.00013322895184964337,0,0,0,-1
gmsc,mlp,89,MonthlyIncome,relative_plus_10,0.1,6250.0,6875.0,0.031436900478850546,0.029731696789617644,-0.0017052036892329023,0.0017052036892329023,0,0,0,-1
gmsc,mlp,90,MonthlyIncome,relative_plus_10,0.1,5400.0,5940.0,0.005417127218637603,0.0053751884585818335,-4.1938760055769235e-05,4.1938760055769235e-05,0,0,0,-1
gmsc,mlp,91,MonthlyIncome,relative_plus_10,0.1,9645.0,10609.5,0.025606851072255785,0.024331552347816546,-0.0012752987244392389,0.0012752987244392389,0,0,0,-1
gmsc,mlp,92,MonthlyIncome,relative_plus_10,0.1,5400.0,5940.0,0.06791010130064887,0.06761216325078816,-0.0002979380498607104,0.0002979380498607104,0,0,0,-1
gmsc,mlp,93,MonthlyIncome,relative_plus_10,0.1,5400.0,5940.0,0.012557321048589615,0.012273543975315191,-0.00028377707327442367,0.00028377707327442367,0,0,0,-1
gmsc,mlp,94,MonthlyIncome,relative_plus_10,0.1,2481.0,2729.1,0.01479561435417343,0.014421231183276232,-0.00037438317089719814,0.00037438317089719814,0,0,0,-1
gmsc,mlp,95,MonthlyIncome,relative_plus_10,0.1,9916.0,10907.6,0.02165723032387087,0.0199567422920922,-0.00170048803177867,0.00170048803177867,0,0,0,-1
gmsc,mlp,96,MonthlyIncome,relative_plus_10,0.1,10000.0,11000.0,0.025618448582325936,0.025930587300403336,0.0003121387180773996,0.0003121387180773996,0,0,0,-1
gmsc,mlp,97,MonthlyIncome,relative_plus_10,0.1,5400.0,5940.0,0.017705870709505835,0.01703013606873987,-0.0006757346407659653,0.0006757346407659653,0,0,0,-1
gmsc,mlp,98,MonthlyIncome,relative_plus_10,0.1,6353.0,6988.3,0.021717560701058864,0.020333110711624938,-0.0013844499894339266,0.0013844499894339266,0,0,0,-1
gmsc,mlp,99,MonthlyIncome,relative_plus_10,0.1,3100.0,3410.0,0.2986561163043243,0.2945296934617868,-0.004126422842537503,0.004126422842537503,0,0,0,-1
gmsc,mlp,0,NumberOfOpenCreditLinesAndLoans,relative_minus_5,-0.05,17.0,17.85,0.02211686465599193,0.023880244724468234,0.001763380068476303,0.001763380068476303,0,0,0,-1
gmsc,mlp,1,NumberOfOpenCreditLinesAndLoans,relative_minus_5,-0.05,5.0,5.25,0.01569449495491033,0.015606339497315767,-8.815545759456415e-05,8.815545759456415e-05,0,0,0,-1
gmsc,mlp,2,NumberOfOpenCreditLinesAndLoans,relative_minus_5,-0.05,5.0,5.25,0.016575068310977385,0.016283972471006356,-0.0002910958399710284,0.0002910958399710284,0,0,0,-1
gmsc,mlp,3,NumberOfOpenCreditLinesAndLoans,relative_minus_5,-0.05,13.0,13.65,0.034126022539606525,0.035347115530931374,0.0012210929913248486,0.0012210929913248486,0,0,0,-1
gmsc,mlp,4,NumberOfOpenCreditLinesAndLoans,relative_minus_5,-0.05,4.0,4.2,0.026106102898580053,0.025907249451519634,-0.00019885344706041877,0.00019885344706041877,0,0,0,-1
gmsc,mlp,5,NumberOfOpenCreditLinesAndLoans,relative_minus_5,-0.05,8.0,8.4,0.021830131699538843,0.02227630990927606,0.00044617820973721564,0.00044617820973721564,0,0,0,-1
gmsc,mlp,6,NumberOfOpenCreditLinesAndLoans,relative_minus_5,-0.05,5.0,5.25,0.03217662260521963,0.03246147665014616,0.0002848540449265288,0.0002848540449265288,0,0,0,-1
gmsc,mlp,7,NumberOfOpenCreditLinesAndLoans,relative_minus_5,-0.05,3.0,3.15,0.046315106403102796,0.04459512403587671,-0.0017199823672260847,0.0017199823672260847,0,0,0,-1
gmsc,mlp,8,NumberOfOpenCreditLinesAndLoans,relative_minus_5,-0.05,2.0,2.1,0.05673708325740244,0.05287885525245001,-0.0038582280049524326,0.0038582280049524326,0,0,0,-1
gmsc,mlp,9,NumberOfOpenCreditLinesAndLoans,relative_minus_5,-0.05,6.0,6.3,0.07183380465082981,0.07202339333881214,0.0001895886879823283,0.0001895886879823283,0,0,0,-1
gmsc,mlp,10,NumberOfOpenCreditLinesAndLoans,relative_minus_5,-0.05,9.0,9.45,0.029425463415082575,0.029929640471507313,0.0005041770564247379,0.0005041770564247379,0,0,0,-1
gmsc,mlp,11,NumberOfOpenCreditLinesAndLoans,relative_minus_5,-0.05,14.0,14.7,0.012965465127209348,0.013044821100855756,7.935597364640799e-05,7.935597364640799e-05,0,0,0,-1
gmsc,mlp,12,NumberOfOpenCreditLinesAndLoans,relative_minus_5,-0.05,6.0,6.3,0.007076920292949544,0.007108199901242711,3.1279608293166214e-05,3.1279608293166214e-05,0,0,0,-1
gmsc,mlp,13,NumberOfOpenCreditLinesAndLoans,relative_minus_5,-0.05,0.0,0.35000000000000003,0.35361463292929435,0.33806964981588994,-0.01554498311340441,0.01554498311340441,0,0,0,-1
gmsc,mlp,14,NumberOfOpenCreditLinesAndLoans,relative_minus_5,-0.05,4.0,4.2,0.03041379302018182,0.02925272754549673,-0.0011610654746850892,0.0011610654746850892,0,0,0,-1
gmsc,mlp,15,NumberOfOpenCreditLinesAndLoans,relative_minus_5,-0.05,17.0,17.85,0.028531846223265274,0.02840203077250431,-0.00012981545076096515,0.00012981545076096515,0,0,0,-1
gmsc,mlp,16,NumberOfOpenCreditLinesAndLoans,relative_minus_5,-0.05,4.0,4.2,0.11002930362193034,0.1093684426185619,-0.0006608610033684292,0.0006608610033684292,0,0,0,-1
gmsc,mlp,17,NumberOfOpenCreditLinesAndLoans,relative_minus_5,-0.05,10.0,10.5,0.013790889882417817,0.013989620848907197,0.00019873096648938098,0.00019873096648938098,0,0,0,-1
gmsc,mlp,18,NumberOfOpenCreditLinesAndLoans,relative_minus_5,-0.05,3.0,3.15,0.02753715371688414,0.02636520351831861,-0.00117195019856553,0.00117195019856553,0,0,0,-1
gmsc,mlp,19,NumberOfOpenCreditLinesAndLoans,relative_minus_5,-0.05,7.0,7.35,0.052926506156008635,0.053399292647254855,0.00047278649124622013,0.00047278649124622013,0,0,0,-1
gmsc,mlp,20,NumberOfOpenCreditLinesAndLoans,relative_minus_5,-0.05,6.0,6.3,0.008830310596060332,0.008852365241384722,2.205464532438993e-05,2.205464532438993e-05,0,0,0,-1
gmsc,mlp,21,NumberOfOpenCreditLinesAndLoans,relative_minus_5,-0.05,19.0,19.95,0.014797349397540089,0.014507408039682765,-0.0002899413578573238,0.0002899413578573238,0,0,0,-1
gmsc,mlp,22,NumberOfOpenCreditLinesAndLoans,relative_minus_5,-0.05,2.0,2.1,0.04562370697875247,0.042448392647543416,-0.0031753143312090518,0.0031753143312090518,0,0,0,-1
gmsc,mlp,23,NumberOfOpenCreditLinesAndLoans,relative_minus_5,-0.05,8.0,8.4,0.01573080665121102,0.01657421219735778,0.0008434055461467617,0.0008434055461467617,0,0,0,-1
gmsc,mlp,24,NumberOfOpenCreditLinesAndLoans,relative_minus_5,-0.05,4.0,4.2,0.011506289508992087,0.011508420744280117,2.1312352880293456e-06,2.1312352880293456e-06,0,0,0,-1
gmsc,mlp,25,NumberOfOpenCreditLinesAndLoans,relative_minus_5,-0.05,7.0,7.35,0.03731802443216143,0.038134516534964434,0.0008164921028030042,0.0008164921028030042,0,0,0,-1
gmsc,mlp,26,NumberOfOpenCreditLinesAndLoans,relative_minus_5,-0.05,5.0,5.25,0.029333059161415907,0.028977856171743234,-0.0003552029896726726,0.0003552029896726726,0,0,0,-1
gmsc,mlp,27,NumberOfOpenCreditLinesAndLoans,relative_minus_5,-0.05,10.0,10.5,0.035095010256273325,0.035748445478552805,0.0006534352222794804,0.0006534352222794804,0,0,0,-1
gmsc,mlp,28,NumberOfOpenCreditLinesAndLoans,relative_minus_5,-0.05,1.0,1.05,0.09263198005026192,0.08986323927083507,-0.002768740779426848,0.002768740779426848,0,0,0,-1
gmsc,mlp,29,NumberOfOpenCreditLinesAndLoans,relative_minus_5,-0.05,9.0,9.45,0.006344097366443652,0.006647404287088617,0.0003033069206449645,0.0003033069206449645,0,0,0,-1
gmsc,mlp,30,NumberOfOpenCreditLinesAndLoans,relative_minus_5,-0.05,13.0,13.65,0.046242861401163154,0.04899663044218393,0.0027537690410207732,0.0027537690410207732,0,0,0,-1
gmsc,mlp,31,NumberOfOpenCreditLinesAndLoans,relative_minus_5,-0.05,6.0,6.3,0.0255021185573372,0.025246249992353115,-0.00025586856498408667,0.00025586856498408667,0,0,0,-1
gmsc,mlp,32,NumberOfOpenCreditLinesAndLoans,relative_minus_5,-0.05,3.0,3.15,0.026376707227492684,0.025059810883621685,-0.001316896343870999,0.001316896343870999,0,0,0,-1
gmsc,mlp,33,NumberOfOpenCreditLinesAndLoans,relative_minus_5,-0.05,9.0,9.45,0.015498282720832536,0.015865424475395185,0.0003671417545626481,0.0003671417545626481,0,0,0,-1
gmsc,mlp,34,NumberOfOpenCreditLinesAndLoans,relative_minus_5,-0.05,10.0,10.5,0.08535157193754099,0.08460870023984594,-0.0007428716976950467,0.0007428716976950467,0,0,0,-1
gmsc,mlp,35,NumberOfOpenCreditLinesAndLoans,relative_minus_5,-0.05,12.0,12.6,0.19910001606794017,0.21426471777606979,0.015164701708129613,0.015164701708129613,0,0,0,-1
gmsc,mlp,36,NumberOfOpenCreditLinesAndLoans,relative_minus_5,-0.05,4.0,4.2,0.010761647197797914,0.010428842875711296,-0.0003328043220866186,0.0003328043220866186,0,0,0,-1
gmsc,mlp,37,NumberOfOpenCreditLinesAndLoans,relative_minus_5,-0.05,3.0,3.15,0.01757909301258303,0.016818734587490856,-0.0007603584250921724,0.0007603584250921724,0,0,0,-1
gmsc,mlp,38,NumberOfOpenCreditLinesAndLoans,relative_minus_5,-0.05,7.0,7.35,0.009145988810159647,0.00925178977593295,0.00010580096577330299,0.00010580096577330299,0,0,0,-1
gmsc,mlp,39,NumberOfOpenCreditLinesAndLoans,relative_minus_5,-0.05,14.0,14.7,0.051173952814171794,0.05495688521028199,0.003782932396110196,0.003782932396110196,0,0,0,-1
gmsc,mlp,40,NumberOfOpenCreditLinesAndLoans,relative_minus_5,-0.05,3.0,3.15,0.022676366611436422,0.021460833464077216,-0.001215533147359206,0.001215533147359206,0,0,0,-1
gmsc,mlp,41,NumberOfOpenCreditLinesAndLoans,relative_minus_5,-0.05,15.0,15.75,0.04009590259851887,0.03962576790025787,-0.0004701346982610016,0.0004701346982610016,0,0,0,-1
gmsc,mlp,42,NumberOfOpenCreditLinesAndLoans,relative_minus_5,-0.05,7.0,7.35,0.02298812229422112,0.023452870170899955,0.00046474787667883516,0.00046474787667883516,0,0,0,-1
gmsc,mlp,43,NumberOfOpenCreditLinesAndLoans,relative_minus_5,-0.05,8.0,8.4,0.04219806536296886,0.043795441968154276,0.0015973766051854132,0.0015973766051854132,0,0,0,-1
gmsc,mlp,44,NumberOfOpenCreditLinesAndLoans,relative_minus_5,-0.05,7.0,7.35,0.01680383752969732,0.017241702070038292,0.00043786454034097297,0.00043786454034097297,0,0,0,-1
gmsc,mlp,45,NumberOfOpenCreditLinesAndLoans,relative_minus_5,-0.05,9.0,9.45,0.0359226511464687,0.03826673992872626,0.0023440887822575585,0.0023440887822575585,0,0,0,-1
gmsc,mlp,46,NumberOfOpenCreditLinesAndLoans,relative_minus_5,-0.05,4.0,4.2,0.008419834692001592,0.008159444233657304,-0.00026039045834428884,0.00026039045834428884,0,0,0,-1
gmsc,mlp,47,NumberOfOpenCreditLinesAndLoans,relative_minus_5,-0.05,7.0,7.35,0.01526822945269322,0.015668769050856516,0.0004005395981632968,0.0004005395981632968,0,0,0,-1
gmsc,mlp,48,NumberOfOpenCreditLinesAndLoans,relative_minus_5,-0.05,4.0,4.2,0.011940522095800142,0.011494184577671453,-0.00044633751812868903,0.00044633751812868903,0,0,0,-1
gmsc,mlp,49,NumberOfOpenCreditLinesAndLoans,relative_minus_5,-0.05,1.0,1.05,0.029003393714220643,0.02827925602009132,-0.0007241376941293232,0.0007241376941293232,0,0,0,-1
gmsc,mlp,50,NumberOfOpenCreditLinesAndLoans,relative_minus_5,-0.05,6.0,6.3,0.03157652357546811,0.031921463490475914,0.00034493991500780113,0.00034493991500780113,0,0,0,-1
gmsc,mlp,51,NumberOfOpenCreditLinesAndLoans,relative_minus_5,-0.05,21.0,22.05,0.016133909190219866,0.01678436099480007,0.0006504518045802044,0.0006504518045802044,0,0,0,-1
gmsc,mlp,52,NumberOfOpenCreditLinesAndLoans,relative_minus_5,-0.05,6.0,6.3,0.008942513898120756,0.009002105644670681,5.959174654992551e-05,5.959174654992551e-05,0,0,0,-1
gmsc,mlp,53,NumberOfOpenCreditLinesAndLoans,relative_minus_5,-0.05,3.0,3.15,0.29379437931569313,0.2939045141137293,0.00011013479803617665,0.00011013479803617665,0,0,0,-1
gmsc,mlp,54,NumberOfOpenCreditLinesAndLoans,relative_minus_5,-0.05,8.0,8.4,0.3498543595427822,0.34102071072813867,-0.008833648814643547,0.008833648814643547,0,0,0,-1
gmsc,mlp,55,NumberOfOpenCreditLinesAndLoans,relative_minus_5,-0.05,12.0,12.6,0.007600943545173095,0.007829663242547736,0.00022871969737464116,0.00022871969737464116,0,0,0,-1
gmsc,mlp,56,NumberOfOpenCreditLinesAndLoans,relative_minus_5,-0.05,6.0,6.3,0.025320893704546973,0.025526939744504287,0.00020604603995731316,0.00020604603995731316,0,0,0,-1
gmsc,mlp,57,NumberOfOpenCreditLinesAndLoans,relative_minus_5,-0.05,2.0,2.1,0.05069033380470405,0.049307661206956045,-0.0013826725977480053,0.0013826725977480053,0,0,0,-1
gmsc,mlp,58,NumberOfOpenCreditLinesAndLoans,relative_minus_5,-0.05,3.0,3.15,0.16009590625064055,0.156632179920163,-0.0034637263304775345,0.0034637263304775345,0,0,0,-1
gmsc,mlp,59,NumberOfOpenCreditLinesAndLoans,relative_minus_5,-0.05,10.0,10.5,0.025457114256866867,0.026175026543793185,0.0007179122869263171,0.0007179122869263171,0,0,0,-1
gmsc,mlp,60,NumberOfOpenCreditLinesAndLoans,relative_minus_5,-0.05,4.0,4.2,0.037076780618332694,0.03662812106434841,-0.0004486595539842861,0.0004486595539842861,0,0,0,-1
gmsc,mlp,61,NumberOfOpenCreditLinesAndLoans,relative_minus_5,-0.05,12.0,12.6,0.04860926951599663,0.05141973696299426,0.0028104674469976304,0.0028104674469976304,0,0,0,-1
gmsc,mlp,62,NumberOfOpenCreditLinesAndLoans,relative_minus_5,-0.05,7.0,7.35,0.022160573410907457,0.022453189900151858,0.00029261648924440095,0.00029261648924440095,0,0,0,-1
gmsc,mlp,63,NumberOfOpenCreditLinesAndLoans,relative_minus_5,-0.05,5.0,5.25,0.010545360475655359,0.010250295645419695,-0.00029506483023566434,0.00029506483023566434,0,0,0,-1
gmsc,mlp,64,NumberOfOpenCreditLinesAndLoans,relative_minus_5,-0.05,9.0,9.45,0.05188426446215026,0.05261428747912002,0.0007300230169697552,0.0007300230169697552,0,0,0,-1
gmsc,mlp,65,NumberOfOpenCreditLinesAndLoans,relative_minus_5,-0.05,4.0,4.2,0.19320558451418393,0.18477799831666122,-0.008427586197522707,0.008427586197522707,0,0,0,-1
gmsc,mlp,66,NumberOfOpenCreditLinesAndLoans,relative_minus_5,-0.05,6.0,6.3,0.017380461870616856,0.017458933101972923,7.847123135606635e-05,7.847123135606635e-05,0,0,0,-1
gmsc,mlp,67,NumberOfOpenCreditLinesAndLoans,relative_minus_5,-0.05,3.0,3.15,0.045289289381342065,0.04341897336794062,-0.0018703160134014435,0.0018703160134014435,0,0,0,-1
gmsc,mlp,68,NumberOfOpenCreditLinesAndLoans,relative_minus_5,-0.05,4.0,4.2,0.012814695328681581,0.012293855653897038,-0.0005208396747845428,0.0005208396747845428,0,0,0,-1
gmsc,mlp,69,NumberOfOpenCreditLinesAndLoans,relative_minus_5,-0.05,10.0,10.5,0.09362660727989738,0.09220128568759886,-0.001425321592298523,0.001425321592298523,0,0,0,-1
gmsc,mlp,70,NumberOfOpenCreditLinesAndLoans,relative_minus_5,-0.05,14.0,14.7,0.09827269814207695,0.09401568826195707,-0.004257009880119886,0.004257009880119886,0,0,0,-1
gmsc,mlp,71,NumberOfOpenCreditLinesAndLoans,relative_minus_5,-0.05,6.0,6.3,0.07244781616495638,0.07116063626979463,-0.0012871798951617497,0.0012871798951617497,0,0,0,-1
gmsc,mlp,72,NumberOfOpenCreditLinesAndLoans,relative_minus_5,-0.05,11.0,11.55,0.03217968676284227,0.03342380751532072,0.0012441207524784559,0.0012441207524784559,0,0,0,-1
gmsc,mlp,73,NumberOfOpenCreditLinesAndLoans,relative_minus_5,-0.05,9.0,9.45,0.044640504763767554,0.047230543364899825,0.002590038601132272,0.002590038601132272,0,0,0,-1
gmsc,mlp,74,NumberOfOpenCreditLinesAndLoans,relative_minus_5,-0.05,3.0,3.15,0.03482378444402007,0.03440077883732615,-0.00042300560669391446,0.00042300560669391446,0,0,0,-1
gmsc,mlp,75,NumberOfOpenCreditLinesAndLoans,relative_minus_5,-0.05,2.0,2.1,0.04920214568663398,0.04704555090067113,-0.002156594785962848,0.002156594785962848,0,0,0,-1
gmsc,mlp,76,NumberOfOpenCreditLinesAndLoans,relative_minus_5,-0.05,18.0,18.9,0.02205212445347039,0.02187940603993721,-0.0001727184135331787,0.0001727184135331787,0,0,0,-1
gmsc,mlp,77,NumberOfOpenCreditLinesAndLoans,relative_minus_5,-0.05,8.0,8.4,0.009856180676789783,0.009858424718948301,2.2440421585182002e-06,2.2440421585182002e-06,0,0,0,-1
gmsc,mlp,78,NumberOfOpenCreditLinesAndLoans,relative_minus_5,-0.05,6.0,6.3,0.010129649250511236,0.010207580179115317,7.793092860408114e-05,7.793092860408114e-05,0,0,0,-1
gmsc,mlp,79,NumberOfOpenCreditLinesAndLoans,relative_minus_5,-0.05,5.0,5.25,0.025575449411528527,0.025625201538466834,4.975212693830722e-05,4.975212693830722e-05,0,0,0,-1
gmsc,mlp,80,NumberOfOpenCreditLinesAndLoans,relative_minus_5,-0.05,8.0,8.4,0.005666248820127979,0.005529055399514667,-0.00013719342061331227,0.00013719342061331227,0,0,0,-1
gmsc,mlp,81,NumberOfOpenCreditLinesAndLoans,relative_minus_5,-0.05,7.0,7.35,0.04332063353337088,0.04529902133342794,0.0019783878000570604,0.0019783878000570604,0,0,0,-1
gmsc,mlp,82,NumberOfOpenCreditLinesAndLoans,relative_minus_5,-0.05,10.0,10.5,0.01937427089536237,0.020191216588301735,0.0008169456929393651,0.0008169456929393651,0,0,0,-1
gmsc,mlp,83,NumberOfOpenCreditLinesAndLoans,relative_minus_5,-0.05,14.0,14.7,0.014956252536287561,0.015744102274052874,0.0007878497377653126,0.0007878497377653126,0,0,0,-1
gmsc,mlp,84,NumberOfOpenCreditLinesAndLoans,relative_minus_5,-0.05,10.0,10.5,0.034404191335380946,0.03567613389801443,0.0012719425626334865,0.0012719425626334865,0,0,0,-1
gmsc,mlp,85,NumberOfOpenCreditLinesAndLoans,relative_minus_5,-0.05,6.0,6.3,0.016073637508889543,0.016068084351513766,-5.5531573757774955e-06,5.5531573757774955e-06,0,0,0,-1
gmsc,mlp,86,NumberOfOpenCreditLinesAndLoans,relative_minus_5,-0.05,8.0,8.4,0.03951246267546877,0.04039852474146045,0.0008860620659916774,0.0008860620659916774,0,0,0,-1
gmsc,mlp,87,NumberOfOpenCreditLinesAndLoans,relative_minus_5,-0.05,5.0,5.25,0.023170727869934838,0.023481860956155804,0.000311133086220966,0.000311133086220966,0,0,0,-1
gmsc,mlp,88,NumberOfOpenCreditLinesAndLoans,relative_minus_5,-0.05,6.0,6.3,0.014049767208401245,0.014290330781368564,0.00024056357296731862,0.00024056357296731862,0,0,0,-1
gmsc,mlp,89,NumberOfOpenCreditLinesAndLoans,relative_minus_5,-0.05,3.0,3.15,0.031436900478850546,0.029876848208066787,-0.0015600522707837593,0.0015600522707837593,0,0,0,-1
gmsc,mlp,90,NumberOfOpenCreditLinesAndLoans,relative_minus_5,-0.05,7.0,7.35,0.005417127218637603,0.005336431898418839,-8.069532021876338e-05,8.069532021876338e-05,0,0,0,-1
gmsc,mlp,91,NumberOfOpenCreditLinesAndLoans,relative_minus_5,-0.05,20.0,21.0,0.025606851072255785,0.02690794770695939,0.0013010966347036038,0.0013010966347036038,0,0,0,-1
gmsc,mlp,92,NumberOfOpenCreditLinesAndLoans,relative_minus_5,-0.05,1.0,1.05,0.06791010130064887,0.06566453259544487,-0.0022455687052039958,0.0022455687052039958,0,0,0,-1
gmsc,mlp,93,NumberOfOpenCreditLinesAndLoans,relative_minus_5,-0.05,15.0,15.75,0.012557321048589615,0.012577552227154567,2.0231178564951782e-05,2.0231178564951782e-05,0,0,0,-1
gmsc,mlp,94,NumberOfOpenCreditLinesAndLoans,relative_minus_5,-0.05,10.0,10.5,0.01479561435417343,0.015181265215895324,0.00038565086172189303,0.00038565086172189303,0,0,0,-1
gmsc,mlp,95,NumberOfOpenCreditLinesAndLoans,relative_minus_5,-0.05,8.0,8.4,0.02165723032387087,0.022908605219316078,0.001251374895445207,0.001251374895445207,0,0,0,-1
gmsc,mlp,96,NumberOfOpenCreditLinesAndLoans,relative_minus_5,-0.05,3.0,3.15,0.025618448582325936,0.023244619948872683,-0.002373828633453253,0.002373828633453253,0,0,0,-1
gmsc,mlp,97,NumberOfOpenCreditLinesAndLoans,relative_minus_5,-0.05,11.0,11.55,0.017705870709505835,0.018665036149108923,0.000959165439603088,0.000959165439603088,0,0,0,-1
gmsc,mlp,98,NumberOfOpenCreditLinesAndLoans,relative_minus_5,-0.05,9.0,9.45,0.021717560701058864,0.023070432544052624,0.0013528718429937601,0.0013528718429937601,0,0,0,-1
gmsc,mlp,99,NumberOfOpenCreditLinesAndLoans,relative_minus_5,-0.05,19.0,19.95,0.2986561163043243,0.280421876937651,-0.018234239366673288,0.018234239366673288,0,0,0,-1
gmsc,mlp,0,NumberOfOpenCreditLinesAndLoans,relative_plus_5,0.05,17.0,17.85,0.02211686465599193,0.023880244724468234,0.001763380068476303,0.001763380068476303,0,0,0,-1
gmsc,mlp,1,NumberOfOpenCreditLinesAndLoans,relative_plus_5,0.05,5.0,5.25,0.01569449495491033,0.015606339497315767,-8.815545759456415e-05,8.815545759456415e-05,0,0,0,-1
gmsc,mlp,2,NumberOfOpenCreditLinesAndLoans,relative_plus_5,0.05,5.0,5.25,0.016575068310977385,0.016283972471006356,-0.0002910958399710284,0.0002910958399710284,0,0,0,-1
gmsc,mlp,3,NumberOfOpenCreditLinesAndLoans,relative_plus_5,0.05,13.0,13.65,0.034126022539606525,0.035347115530931374,0.0012210929913248486,0.0012210929913248486,0,0,0,-1
gmsc,mlp,4,NumberOfOpenCreditLinesAndLoans,relative_plus_5,0.05,4.0,4.2,0.026106102898580053,0.025907249451519634,-0.00019885344706041877,0.00019885344706041877,0,0,0,-1
gmsc,mlp,5,NumberOfOpenCreditLinesAndLoans,relative_plus_5,0.05,8.0,8.4,0.021830131699538843,0.02227630990927606,0.00044617820973721564,0.00044617820973721564,0,0,0,-1
gmsc,mlp,6,NumberOfOpenCreditLinesAndLoans,relative_plus_5,0.05,5.0,5.25,0.03217662260521963,0.03246147665014616,0.0002848540449265288,0.0002848540449265288,0,0,0,-1
gmsc,mlp,7,NumberOfOpenCreditLinesAndLoans,relative_plus_5,0.05,3.0,3.15,0.046315106403102796,0.04459512403587671,-0.0017199823672260847,0.0017199823672260847,0,0,0,-1
gmsc,mlp,8,NumberOfOpenCreditLinesAndLoans,relative_plus_5,0.05,2.0,2.1,0.05673708325740244,0.05287885525245001,-0.0038582280049524326,0.0038582280049524326,0,0,0,-1
gmsc,mlp,9,NumberOfOpenCreditLinesAndLoans,relative_plus_5,0.05,6.0,6.3,0.07183380465082981,0.07202339333881214,0.0001895886879823283,0.0001895886879823283,0,0,0,-1
gmsc,mlp,10,NumberOfOpenCreditLinesAndLoans,relative_plus_5,0.05,9.0,9.45,0.029425463415082575,0.029929640471507313,0.0005041770564247379,0.0005041770564247379,0,0,0,-1
gmsc,mlp,11,NumberOfOpenCreditLinesAndLoans,relative_plus_5,0.05,14.0,14.7,0.012965465127209348,0.013044821100855756,7.935597364640799e-05,7.935597364640799e-05,0,0,0,-1
gmsc,mlp,12,NumberOfOpenCreditLinesAndLoans,relative_plus_5,0.05,6.0,6.3,0.007076920292949544,0.007108199901242711,3.1279608293166214e-05,3.1279608293166214e-05,0,0,0,-1
gmsc,mlp,13,NumberOfOpenCreditLinesAndLoans,relative_plus_5,0.05,0.0,0.35000000000000003,0.35361463292929435,0.33806964981588994,-0.01554498311340441,0.01554498311340441,0,0,0,-1
gmsc,mlp,14,NumberOfOpenCreditLinesAndLoans,relative_plus_5,0.05,4.0,4.2,0.03041379302018182,0.02925272754549673,-0.0011610654746850892,0.0011610654746850892,0,0,0,-1
gmsc,mlp,15,NumberOfOpenCreditLinesAndLoans,relative_plus_5,0.05,17.0,17.85,0.028531846223265274,0.02840203077250431,-0.00012981545076096515,0.00012981545076096515,0,0,0,-1
gmsc,mlp,16,NumberOfOpenCreditLinesAndLoans,relative_plus_5,0.05,4.0,4.2,0.11002930362193034,0.1093684426185619,-0.0006608610033684292,0.0006608610033684292,0,0,0,-1
gmsc,mlp,17,NumberOfOpenCreditLinesAndLoans,relative_plus_5,0.05,10.0,10.5,0.013790889882417817,0.013989620848907197,0.00019873096648938098,0.00019873096648938098,0,0,0,-1
gmsc,mlp,18,NumberOfOpenCreditLinesAndLoans,relative_plus_5,0.05,3.0,3.15,0.02753715371688414,0.02636520351831861,-0.00117195019856553,0.00117195019856553,0,0,0,-1
gmsc,mlp,19,NumberOfOpenCreditLinesAndLoans,relative_plus_5,0.05,7.0,7.35,0.052926506156008635,0.053399292647254855,0.00047278649124622013,0.00047278649124622013,0,0,0,-1
gmsc,mlp,20,NumberOfOpenCreditLinesAndLoans,relative_plus_5,0.05,6.0,6.3,0.008830310596060332,0.008852365241384722,2.205464532438993e-05,2.205464532438993e-05,0,0,0,-1
gmsc,mlp,21,NumberOfOpenCreditLinesAndLoans,relative_plus_5,0.05,19.0,19.95,0.014797349397540089,0.014507408039682765,-0.0002899413578573238,0.0002899413578573238,0,0,0,-1
gmsc,mlp,22,NumberOfOpenCreditLinesAndLoans,relative_plus_5,0.05,2.0,2.1,0.04562370697875247,0.042448392647543416,-0.0031753143312090518,0.0031753143312090518,0,0,0,-1
gmsc,mlp,23,NumberOfOpenCreditLinesAndLoans,relative_plus_5,0.05,8.0,8.4,0.01573080665121102,0.01657421219735778,0.0008434055461467617,0.0008434055461467617,0,0,0,-1
gmsc,mlp,24,NumberOfOpenCreditLinesAndLoans,relative_plus_5,0.05,4.0,4.2,0.011506289508992087,0.011508420744280117,2.1312352880293456e-06,2.1312352880293456e-06,0,0,0,-1
gmsc,mlp,25,NumberOfOpenCreditLinesAndLoans,relative_plus_5,0.05,7.0,7.35,0.03731802443216143,0.038134516534964434,0.0008164921028030042,0.0008164921028030042,0,0,0,-1
gmsc,mlp,26,NumberOfOpenCreditLinesAndLoans,relative_plus_5,0.05,5.0,5.25,0.029333059161415907,0.028977856171743234,-0.0003552029896726726,0.0003552029896726726,0,0,0,-1
gmsc,mlp,27,NumberOfOpenCreditLinesAndLoans,relative_plus_5,0.05,10.0,10.5,0.035095010256273325,0.035748445478552805,0.0006534352222794804,0.0006534352222794804,0,0,0,-1
gmsc,mlp,28,NumberOfOpenCreditLinesAndLoans,relative_plus_5,0.05,1.0,1.05,0.09263198005026192,0.08986323927083507,-0.002768740779426848,0.002768740779426848,0,0,0,-1
gmsc,mlp,29,NumberOfOpenCreditLinesAndLoans,relative_plus_5,0.05,9.0,9.45,0.006344097366443652,0.006647404287088617,0.0003033069206449645,0.0003033069206449645,0,0,0,-1
gmsc,mlp,30,NumberOfOpenCreditLinesAndLoans,relative_plus_5,0.05,13.0,13.65,0.046242861401163154,0.04899663044218393,0.0027537690410207732,0.0027537690410207732,0,0,0,-1
gmsc,mlp,31,NumberOfOpenCreditLinesAndLoans,relative_plus_5,0.05,6.0,6.3,0.0255021185573372,0.025246249992353115,-0.00025586856498408667,0.00025586856498408667,0,0,0,-1
gmsc,mlp,32,NumberOfOpenCreditLinesAndLoans,relative_plus_5,0.05,3.0,3.15,0.026376707227492684,0.025059810883621685,-0.001316896343870999,0.001316896343870999,0,0,0,-1
gmsc,mlp,33,NumberOfOpenCreditLinesAndLoans,relative_plus_5,0.05,9.0,9.45,0.015498282720832536,0.015865424475395185,0.0003671417545626481,0.0003671417545626481,0,0,0,-1
gmsc,mlp,34,NumberOfOpenCreditLinesAndLoans,relative_plus_5,0.05,10.0,10.5,0.08535157193754099,0.08460870023984594,-0.0007428716976950467,0.0007428716976950467,0,0,0,-1
gmsc,mlp,35,NumberOfOpenCreditLinesAndLoans,relative_plus_5,0.05,12.0,12.6,0.19910001606794017,0.21426471777606979,0.015164701708129613,0.015164701708129613,0,0,0,-1
gmsc,mlp,36,NumberOfOpenCreditLinesAndLoans,relative_plus_5,0.05,4.0,4.2,0.010761647197797914,0.010428842875711296,-0.0003328043220866186,0.0003328043220866186,0,0,0,-1
gmsc,mlp,37,NumberOfOpenCreditLinesAndLoans,relative_plus_5,0.05,3.0,3.15,0.01757909301258303,0.016818734587490856,-0.0007603584250921724,0.0007603584250921724,0,0,0,-1
gmsc,mlp,38,NumberOfOpenCreditLinesAndLoans,relative_plus_5,0.05,7.0,7.35,0.009145988810159647,0.00925178977593295,0.00010580096577330299,0.00010580096577330299,0,0,0,-1
gmsc,mlp,39,NumberOfOpenCreditLinesAndLoans,relative_plus_5,0.05,14.0,14.7,0.051173952814171794,0.05495688521028199,0.003782932396110196,0.003782932396110196,0,0,0,-1
gmsc,mlp,40,NumberOfOpenCreditLinesAndLoans,relative_plus_5,0.05,3.0,3.15,0.022676366611436422,0.021460833464077216,-0.001215533147359206,0.001215533147359206,0,0,0,-1
gmsc,mlp,41,NumberOfOpenCreditLinesAndLoans,relative_plus_5,0.05,15.0,15.75,0.04009590259851887,0.03962576790025787,-0.0004701346982610016,0.0004701346982610016,0,0,0,-1
gmsc,mlp,42,NumberOfOpenCreditLinesAndLoans,relative_plus_5,0.05,7.0,7.35,0.02298812229422112,0.023452870170899955,0.00046474787667883516,0.00046474787667883516,0,0,0,-1
gmsc,mlp,43,NumberOfOpenCreditLinesAndLoans,relative_plus_5,0.05,8.0,8.4,0.04219806536296886,0.043795441968154276,0.0015973766051854132,0.0015973766051854132,0,0,0,-1
gmsc,mlp,44,NumberOfOpenCreditLinesAndLoans,relative_plus_5,0.05,7.0,7.35,0.01680383752969732,0.017241702070038292,0.00043786454034097297,0.00043786454034097297,0,0,0,-1
gmsc,mlp,45,NumberOfOpenCreditLinesAndLoans,relative_plus_5,0.05,9.0,9.45,0.0359226511464687,0.03826673992872626,0.0023440887822575585,0.0023440887822575585,0,0,0,-1
gmsc,mlp,46,NumberOfOpenCreditLinesAndLoans,relative_plus_5,0.05,4.0,4.2,0.008419834692001592,0.008159444233657304,-0.00026039045834428884,0.00026039045834428884,0,0,0,-1
gmsc,mlp,47,NumberOfOpenCreditLinesAndLoans,relative_plus_5,0.05,7.0,7.35,0.01526822945269322,0.015668769050856516,0.0004005395981632968,0.0004005395981632968,0,0,0,-1
gmsc,mlp,48,NumberOfOpenCreditLinesAndLoans,relative_plus_5,0.05,4.0,4.2,0.011940522095800142,0.011494184577671453,-0.00044633751812868903,0.00044633751812868903,0,0,0,-1
gmsc,mlp,49,NumberOfOpenCreditLinesAndLoans,relative_plus_5,0.05,1.0,1.05,0.029003393714220643,0.02827925602009132,-0.0007241376941293232,0.0007241376941293232,0,0,0,-1
gmsc,mlp,50,NumberOfOpenCreditLinesAndLoans,relative_plus_5,0.05,6.0,6.3,0.03157652357546811,0.031921463490475914,0.00034493991500780113,0.00034493991500780113,0,0,0,-1
gmsc,mlp,51,NumberOfOpenCreditLinesAndLoans,relative_plus_5,0.05,21.0,22.05,0.016133909190219866,0.01678436099480007,0.0006504518045802044,0.0006504518045802044,0,0,0,-1
gmsc,mlp,52,NumberOfOpenCreditLinesAndLoans,relative_plus_5,0.05,6.0,6.3,0.008942513898120756,0.009002105644670681,5.959174654992551e-05,5.959174654992551e-05,0,0,0,-1
gmsc,mlp,53,NumberOfOpenCreditLinesAndLoans,relative_plus_5,0.05,3.0,3.15,0.29379437931569313,0.2939045141137293,0.00011013479803617665,0.00011013479803617665,0,0,0,-1
gmsc,mlp,54,NumberOfOpenCreditLinesAndLoans,relative_plus_5,0.05,8.0,8.4,0.3498543595427822,0.34102071072813867,-0.008833648814643547,0.008833648814643547,0,0,0,-1
gmsc,mlp,55,NumberOfOpenCreditLinesAndLoans,relative_plus_5,0.05,12.0,12.6,0.007600943545173095,0.007829663242547736,0.00022871969737464116,0.00022871969737464116,0,0,0,-1
gmsc,mlp,56,NumberOfOpenCreditLinesAndLoans,relative_plus_5,0.05,6.0,6.3,0.025320893704546973,0.025526939744504287,0.00020604603995731316,0.00020604603995731316,0,0,0,-1
gmsc,mlp,57,NumberOfOpenCreditLinesAndLoans,relative_plus_5,0.05,2.0,2.1,0.05069033380470405,0.049307661206956045,-0.0013826725977480053,0.0013826725977480053,0,0,0,-1
gmsc,mlp,58,NumberOfOpenCreditLinesAndLoans,relative_plus_5,0.05,3.0,3.15,0.16009590625064055,0.156632179920163,-0.0034637263304775345,0.0034637263304775345,0,0,0,-1
gmsc,mlp,59,NumberOfOpenCreditLinesAndLoans,relative_plus_5,0.05,10.0,10.5,0.025457114256866867,0.026175026543793185,0.0007179122869263171,0.0007179122869263171,0,0,0,-1
gmsc,mlp,60,NumberOfOpenCreditLinesAndLoans,relative_plus_5,0.05,4.0,4.2,0.037076780618332694,0.03662812106434841,-0.0004486595539842861,0.0004486595539842861,0,0,0,-1
gmsc,mlp,61,NumberOfOpenCreditLinesAndLoans,relative_plus_5,0.05,12.0,12.6,0.04860926951599663,0.05141973696299426,0.0028104674469976304,0.0028104674469976304,0,0,0,-1
gmsc,mlp,62,NumberOfOpenCreditLinesAndLoans,relative_plus_5,0.05,7.0,7.35,0.022160573410907457,0.022453189900151858,0.00029261648924440095,0.00029261648924440095,0,0,0,-1
gmsc,mlp,63,NumberOfOpenCreditLinesAndLoans,relative_plus_5,0.05,5.0,5.25,0.010545360475655359,0.010250295645419695,-0.00029506483023566434,0.00029506483023566434,0,0,0,-1
gmsc,mlp,64,NumberOfOpenCreditLinesAndLoans,relative_plus_5,0.05,9.0,9.45,0.05188426446215026,0.05261428747912002,0.0007300230169697552,0.0007300230169697552,0,0,0,-1
gmsc,mlp,65,NumberOfOpenCreditLinesAndLoans,relative_plus_5,0.05,4.0,4.2,0.19320558451418393,0.18477799831666122,-0.008427586197522707,0.008427586197522707,0,0,0,-1
gmsc,mlp,66,NumberOfOpenCreditLinesAndLoans,relative_plus_5,0.05,6.0,6.3,0.017380461870616856,0.017458933101972923,7.847123135606635e-05,7.847123135606635e-05,0,0,0,-1
gmsc,mlp,67,NumberOfOpenCreditLinesAndLoans,relative_plus_5,0.05,3.0,3.15,0.045289289381342065,0.04341897336794062,-0.0018703160134014435,0.0018703160134014435,0,0,0,-1
gmsc,mlp,68,NumberOfOpenCreditLinesAndLoans,relative_plus_5,0.05,4.0,4.2,0.012814695328681581,0.012293855653897038,-0.0005208396747845428,0.0005208396747845428,0,0,0,-1
gmsc,mlp,69,NumberOfOpenCreditLinesAndLoans,relative_plus_5,0.05,10.0,10.5,0.09362660727989738,0.09220128568759886,-0.001425321592298523,0.001425321592298523,0,0,0,-1
gmsc,mlp,70,NumberOfOpenCreditLinesAndLoans,relative_plus_5,0.05,14.0,14.7,0.09827269814207695,0.09401568826195707,-0.004257009880119886,0.004257009880119886,0,0,0,-1
gmsc,mlp,71,NumberOfOpenCreditLinesAndLoans,relative_plus_5,0.05,6.0,6.3,0.07244781616495638,0.07116063626979463,-0.0012871798951617497,0.0012871798951617497,0,0,0,-1
gmsc,mlp,72,NumberOfOpenCreditLinesAndLoans,relative_plus_5,0.05,11.0,11.55,0.03217968676284227,0.03342380751532072,0.0012441207524784559,0.0012441207524784559,0,0,0,-1
gmsc,mlp,73,NumberOfOpenCreditLinesAndLoans,relative_plus_5,0.05,9.0,9.45,0.044640504763767554,0.047230543364899825,0.002590038601132272,0.002590038601132272,0,0,0,-1
gmsc,mlp,74,NumberOfOpenCreditLinesAndLoans,relative_plus_5,0.05,3.0,3.15,0.03482378444402007,0.03440077883732615,-0.00042300560669391446,0.00042300560669391446,0,0,0,-1
gmsc,mlp,75,NumberOfOpenCreditLinesAndLoans,relative_plus_5,0.05,2.0,2.1,0.04920214568663398,0.04704555090067113,-0.002156594785962848,0.002156594785962848,0,0,0,-1
gmsc,mlp,76,NumberOfOpenCreditLinesAndLoans,relative_plus_5,0.05,18.0,18.9,0.02205212445347039,0.02187940603993721,-0.0001727184135331787,0.0001727184135331787,0,0,0,-1
gmsc,mlp,77,NumberOfOpenCreditLinesAndLoans,relative_plus_5,0.05,8.0,8.4,0.009856180676789783,0.009858424718948301,2.2440421585182002e-06,2.2440421585182002e-06,0,0,0,-1
gmsc,mlp,78,NumberOfOpenCreditLinesAndLoans,relative_plus_5,0.05,6.0,6.3,0.010129649250511236,0.010207580179115317,7.793092860408114e-05,7.793092860408114e-05,0,0,0,-1
gmsc,mlp,79,NumberOfOpenCreditLinesAndLoans,relative_plus_5,0.05,5.0,5.25,0.025575449411528527,0.025625201538466834,4.975212693830722e-05,4.975212693830722e-05,0,0,0,-1
gmsc,mlp,80,NumberOfOpenCreditLinesAndLoans,relative_plus_5,0.05,8.0,8.4,0.005666248820127979,0.005529055399514667,-0.00013719342061331227,0.00013719342061331227,0,0,0,-1
gmsc,mlp,81,NumberOfOpenCreditLinesAndLoans,relative_plus_5,0.05,7.0,7.35,0.04332063353337088,0.04529902133342794,0.0019783878000570604,0.0019783878000570604,0,0,0,-1
gmsc,mlp,82,NumberOfOpenCreditLinesAndLoans,relative_plus_5,0.05,10.0,10.5,0.01937427089536237,0.020191216588301735,0.0008169456929393651,0.0008169456929393651,0,0,0,-1
gmsc,mlp,83,NumberOfOpenCreditLinesAndLoans,relative_plus_5,0.05,14.0,14.7,0.014956252536287561,0.015744102274052874,0.0007878497377653126,0.0007878497377653126,0,0,0,-1
gmsc,mlp,84,NumberOfOpenCreditLinesAndLoans,relative_plus_5,0.05,10.0,10.5,0.034404191335380946,0.03567613389801443,0.0012719425626334865,0.0012719425626334865,0,0,0,-1
gmsc,mlp,85,NumberOfOpenCreditLinesAndLoans,relative_plus_5,0.05,6.0,6.3,0.016073637508889543,0.016068084351513766,-5.5531573757774955e-06,5.5531573757774955e-06,0,0,0,-1
gmsc,mlp,86,NumberOfOpenCreditLinesAndLoans,relative_plus_5,0.05,8.0,8.4,0.03951246267546877,0.04039852474146045,0.0008860620659916774,0.0008860620659916774,0,0,0,-1
gmsc,mlp,87,NumberOfOpenCreditLinesAndLoans,relative_plus_5,0.05,5.0,5.25,0.023170727869934838,0.023481860956155804,0.000311133086220966,0.000311133086220966,0,0,0,-1
gmsc,mlp,88,NumberOfOpenCreditLinesAndLoans,relative_plus_5,0.05,6.0,6.3,0.014049767208401245,0.014290330781368564,0.00024056357296731862,0.00024056357296731862,0,0,0,-1
gmsc,mlp,89,NumberOfOpenCreditLinesAndLoans,relative_plus_5,0.05,3.0,3.15,0.031436900478850546,0.029876848208066787,-0.0015600522707837593,0.0015600522707837593,0,0,0,-1
gmsc,mlp,90,NumberOfOpenCreditLinesAndLoans,relative_plus_5,0.05,7.0,7.35,0.005417127218637603,0.005336431898418839,-8.069532021876338e-05,8.069532021876338e-05,0,0,0,-1
gmsc,mlp,91,NumberOfOpenCreditLinesAndLoans,relative_plus_5,0.05,20.0,21.0,0.025606851072255785,0.02690794770695939,0.0013010966347036038,0.0013010966347036038,0,0,0,-1
gmsc,mlp,92,NumberOfOpenCreditLinesAndLoans,relative_plus_5,0.05,1.0,1.05,0.06791010130064887,0.06566453259544487,-0.0022455687052039958,0.0022455687052039958,0,0,0,-1
gmsc,mlp,93,NumberOfOpenCreditLinesAndLoans,relative_plus_5,0.05,15.0,15.75,0.012557321048589615,0.012577552227154567,2.0231178564951782e-05,2.0231178564951782e-05,0,0,0,-1
gmsc,mlp,94,NumberOfOpenCreditLinesAndLoans,relative_plus_5,0.05,10.0,10.5,0.01479561435417343,0.015181265215895324,0.00038565086172189303,0.00038565086172189303,0,0,0,-1
gmsc,mlp,95,NumberOfOpenCreditLinesAndLoans,relative_plus_5,0.05,8.0,8.4,0.02165723032387087,0.022908605219316078,0.001251374895445207,0.001251374895445207,0,0,0,-1
gmsc,mlp,96,NumberOfOpenCreditLinesAndLoans,relative_plus_5,0.05,3.0,3.15,0.025618448582325936,0.023244619948872683,-0.002373828633453253,0.002373828633453253,0,0,0,-1
gmsc,mlp,97,NumberOfOpenCreditLinesAndLoans,relative_plus_5,0.05,11.0,11.55,0.017705870709505835,0.018665036149108923,0.000959165439603088,0.000959165439603088,0,0,0,-1
gmsc,mlp,98,NumberOfOpenCreditLinesAndLoans,relative_plus_5,0.05,9.0,9.45,0.021717560701058864,0.023070432544052624,0.0013528718429937601,0.0013528718429937601,0,0,0,-1
gmsc,mlp,99,NumberOfOpenCreditLinesAndLoans,relative_plus_5,0.05,19.0,19.95,0.2986561163043243,0.280421876937651,-0.018234239366673288,0.018234239366673288,0,0,0,-1
gmsc,mlp,0,NumberOfOpenCreditLinesAndLoans,relative_minus_10,-0.1,17.0,18.7,0.02211686465599193,0.026087782422984956,0.0039709177669930255,0.0039709177669930255,0,0,0,-1
gmsc,mlp,1,NumberOfOpenCreditLinesAndLoans,relative_minus_10,-0.1,5.0,5.5,0.01569449495491033,0.015523550897299256,-0.0001709440576110749,0.0001709440576110749,0,0,0,-1
gmsc,mlp,2,NumberOfOpenCreditLinesAndLoans,relative_minus_10,-0.1,5.0,5.5,0.016575068310977385,0.016417076681667232,-0.0001579916293101523,0.0001579916293101523,0,0,0,-1
gmsc,mlp,3,NumberOfOpenCreditLinesAndLoans,relative_minus_10,-0.1,13.0,14.3,0.034126022539606525,0.03556148310315107,0.0014354605635445439,0.0014354605635445439,0,0,0,-1
gmsc,mlp,4,NumberOfOpenCreditLinesAndLoans,relative_minus_10,-0.1,4.0,4.4,0.026106102898580053,0.025647077055946297,-0.00045902584263375623,0.00045902584263375623,0,0,0,-1
gmsc,mlp,5,NumberOfOpenCreditLinesAndLoans,relative_minus_10,-0.1,8.0,8.8,0.021830131699538843,0.022707355645789337,0.0008772239462504945,0.0008772239462504945,0,0,0,-1
gmsc,mlp,6,NumberOfOpenCreditLinesAndLoans,relative_minus_10,-0.1,5.0,5.5,0.03217662260521963,0.0326270266153479,0.00045040401012826775,0.00045040401012826775,0,0,0,-1
gmsc,mlp,7,NumberOfOpenCreditLinesAndLoans,relative_minus_10,-0.1,3.0,3.3,0.046315106403102796,0.04290871613670844,-0.003406390266394353,0.003406390266394353,0,0,0,-1
gmsc,mlp,8,NumberOfOpenCreditLinesAndLoans,relative_minus_10,-0.1,2.0,2.2,0.05673708325740244,0.04926928982676115,-0.007467793430641287,0.007467793430641287,0,0,0,-1
gmsc,mlp,9,NumberOfOpenCreditLinesAndLoans,relative_minus_10,-0.1,6.0,6.6,0.07183380465082981,0.07221344347187302,0.00037963882104320723,0.00037963882104320723,0,0,0,-1
gmsc,mlp,10,NumberOfOpenCreditLinesAndLoans,relative_minus_10,-0.1,9.0,9.9,0.029425463415082575,0.030570495736494663,0.0011450323214120886,0.0011450323214120886,0,0,0,-1
gmsc,mlp,11,NumberOfOpenCreditLinesAndLoans,relative_minus_10,-0.1,14.0,15.4,0.012965465127209348,0.013060675555758032,9.521042854868447e-05,9.521042854868447e-05,0,0,0,-1
gmsc,mlp,12,NumberOfOpenCreditLinesAndLoans,relative_minus_10,-0.1,6.0,6.6,0.007076920292949544,0.0071798402118857085,0.00010291991893616407,0.00010291991893616407,0,0,0,-1
gmsc,mlp,13,NumberOfOpenCreditLinesAndLoans,relative_minus_10,-0.1,0.0,0.7000000000000001,0.35361463292929435,0.3228666919139672,-0.03074794101532713,0.03074794101532713,0,0,0,-1
gmsc,mlp,14,NumberOfOpenCreditLinesAndLoans,relative_minus_10,-0.1,4.0,4.4,0.03041379302018182,0.028134700296861624,-0.0022790927233201953,0.0022790927233201953,0,0,0,-1
gmsc,mlp,15,NumberOfOpenCreditLinesAndLoans,relative_minus_10,-0.1,17.0,18.7,0.028531846223265274,0.028304320257324992,-0.00022752596594028188,0.00022752596594028188,0,0,0,-1
gmsc,mlp,16,NumberOfOpenCreditLinesAndLoans,relative_minus_10,-0.1,4.0,4.4,0.11002930362193034,0.10919460296255781,-0.0008347006593725226,0.0008347006593725226,0,0,0,-1
gmsc,mlp,17,NumberOfOpenCreditLinesAndLoans,relative_minus_10,-0.1,10.0,11.0,0.013790889882417817,0.014127455847922396,0.00033656596550457954,0.00033656596550457954,0,0,0,-1
gmsc,mlp,18,NumberOfOpenCreditLinesAndLoans,relative_minus_10,-0.1,3.0,3.3,0.02753715371688414,0.025241835563658162,-0.002295318153225978,0.002295318153225978,0,0,0,-1
gmsc,mlp,19,NumberOfOpenCreditLinesAndLoans,relative_minus_10,-0.1,7.0,7.7,0.052926506156008635,0.05441042797569902,0.0014839218196903842,0.0014839218196903842,0,0,0,-1
gmsc,mlp,20,NumberOfOpenCreditLinesAndLoans,relative_minus_10,-0.1,6.0,6.6,0.008830310596060332,0.008874474477349915,4.416388128958282e-05,4.416388128958282e-05,0,0,0,-1
gmsc,mlp,21,NumberOfOpenCreditLinesAndLoans,relative_minus_10,-0.1,19.0,20.9,0.014797349397540089,0.01422672033981307,-0.0005706290577270189,0.0005706290577270189,0,0,0,-1
gmsc,mlp,22,NumberOfOpenCreditLinesAndLoans,relative_minus_10,-0.1,2.0,2.2,0.04562370697875247,0.03948493041099707,-0.006138776567755397,0.006138776567755397,0,0,0,-1
gmsc,mlp,23,NumberOfOpenCreditLinesAndLoans,relative_minus_10,-0.1,8.0,8.8,0.01573080665121102,0.01746203460593973,0.0017312279547287111,0.0017312279547287111,0,0,0,-1
gmsc,mlp,24,NumberOfOpenCreditLinesAndLoans,relative_minus_10,-0.1,4.0,4.4,0.011506289508992087,0.011585276235456035,7.898672646394767e-05,7.898672646394767e-05,0,0,0,-1
gmsc,mlp,25,NumberOfOpenCreditLinesAndLoans,relative_minus_10,-0.1,7.0,7.7,0.03731802443216143,0.03890687053589629,0.001588846103734859,0.001588846103734859,0,0,0,-1
gmsc,mlp,26,NumberOfOpenCreditLinesAndLoans,relative_minus_10,-0.1,5.0,5.5,0.029333059161415907,0.028626827591321725,-0.0007062315700941818,0.0007062315700941818,0,0,0,-1
gmsc,mlp,27,NumberOfOpenCreditLinesAndLoans,relative_minus_10,-0.1,10.0,11.0,0.035095010256273325,0.035781394444785314,0.000686384188511989,0.000686384188511989,0,0,0,-1
gmsc,mlp,28,NumberOfOpenCreditLinesAndLoans,relative_minus_10,-0.1,1.0,1.1,0.09263198005026192,0.08716930497890195,-0.005462675071359974,0.005462675071359974,0,0,0,-1
gmsc,mlp,29,NumberOfOpenCreditLinesAndLoans,relative_minus_10,-0.1,9.0,9.9,0.006344097366443652,0.006949583842700508,0.0006054864762568557,0.0006054864762568557,0,0,0,-1
gmsc,mlp,30,NumberOfOpenCreditLinesAndLoans,relative_minus_10,-0.1,13.0,14.3,0.046242861401163154,0.05168827859565658,0.005445417194493422,0.005445417194493422,0,0,0,-1
gmsc,mlp,31,NumberOfOpenCreditLinesAndLoans,relative_minus_10,-0.1,6.0,6.6,0.0255021185573372,0.024921410214856853,-0.0005807083424803489,0.0005807083424803489,0,0,0,-1
gmsc,mlp,32,NumberOfOpenCreditLinesAndLoans,relative_minus_10,-0.1,3.0,3.3,0.026376707227492684,0.024473582390552386,-0.0019031248369402974,0.0019031248369402974,0,0,0,-1
gmsc,mlp,33,NumberOfOpenCreditLinesAndLoans,relative_minus_10,-0.1,9.0,9.9,0.015498282720832536,0.016281724648090957,0.0007834419272584204,0.0007834419272584204,0,0,0,-1
gmsc,mlp,34,NumberOfOpenCreditLinesAndLoans,relative_minus_10,-0.1,10.0,11.0,0.08535157193754099,0.08361282500470932,-0.0017387469328316724,0.0017387469328316724,0,0,0,-1
gmsc,mlp,35,NumberOfOpenCreditLinesAndLoans,relative_minus_10,-0.1,12.0,13.2,0.19910001606794017,0.2286272313579098,0.029527215289969627,0.029527215289969627,0,0,0,-1
gmsc,mlp,36,NumberOfOpenCreditLinesAndLoans,relative_minus_10,-0.1,4.0,4.4,0.010761647197797914,0.010106225394459096,-0.0006554218033388189,0.0006554218033388189,0,0,0,-1
gmsc,mlp,37,NumberOfOpenCreditLinesAndLoans,relative_minus_10,-0.1,3.0,3.3,0.01757909301258303,0.016090725709791552,-0.0014883673027914768,0.0014883673027914768,0,0,0,-1
gmsc,mlp,38,NumberOfOpenCreditLinesAndLoans,relative_minus_10,-0.1,7.0,7.7,0.009145988810159647,0.009358803089175366,0.00021281427901571892,0.00021281427901571892,0,0,0,-1
gmsc,mlp,39,NumberOfOpenCreditLinesAndLoans,relative_minus_10,-0.1,14.0,15.4,0.051173952814171794,0.05927903107437021,0.008105078260198413,0.008105078260198413,0,0,0,-1
gmsc,mlp,40,NumberOfOpenCreditLinesAndLoans,relative_minus_10,-0.1,3.0,3.3,0.022676366611436422,0.02036047657956687,-0.002315890031869553,0.002315890031869553,0,0,0,-1
gmsc,mlp,41,NumberOfOpenCreditLinesAndLoans,relative_minus_10,-0.1,15.0,16.5,0.04009590259851887,0.03949983910220508,-0.0005960634963137895,0.0005960634963137895,0,0,0,-1
gmsc,mlp,42,NumberOfOpenCreditLinesAndLoans,relative_minus_10,-0.1,7.0,7.7,0.02298812229422112,0.024200250020680204,0.0012121277264590842,0.0012121277264590842,0,0,0,-1
gmsc,mlp,43,NumberOfOpenCreditLinesAndLoans,relative_minus_10,-0.1,8.0,8.8,0.04219806536296886,0.04554920772698381,0.0033511423640149446,0.0033511423640149446,0,0,0,-1
gmsc,mlp,44,NumberOfOpenCreditLinesAndLoans,relative_minus_10,-0.1,7.0,7.7,0.01680383752969732,0.017840204278737778,0.0010363667490404585,0.0010363667490404585,0,0,0,-1
gmsc,mlp,45,NumberOfOpenCreditLinesAndLoans,relative_minus_10,-0.1,9.0,9.9,0.0359226511464687,0.04043046825916688,0.004507817112698181,0.004507817112698181,0,0,0,-1
gmsc,mlp,46,NumberOfOpenCreditLinesAndLoans,relative_minus_10,-0.1,4.0,4.4,0.008419834692001592,0.007907898030804357,-0.0005119366611972351,0.0005119366611972351,0,0,0,-1
gmsc,mlp,47,NumberOfOpenCreditLinesAndLoans,relative_minus_10,-0.1,7.0,7.7,0.01526822945269322,0.016407001682427702,0.0011387722297344829,0.0011387722297344829,0,0,0,-1
gmsc,mlp,48,NumberOfOpenCreditLinesAndLoans,relative_minus_10,-0.1,4.0,4.4,0.011940522095800142,0.011409421284810886,-0.0005311008109892563,0.0005311008109892563,0,0,0,-1
gmsc,mlp,49,NumberOfOpenCreditLinesAndLoans,relative_minus_10,-0.1,1.0,1.1,0.029003393714220643,0.02757268472174525,-0.0014307089924753928,0.0014307089924753928,0,0,0,-1
gmsc,mlp,50,NumberOfOpenCreditLinesAndLoans,relative_minus_10,-0.1,6.0,6.6,0.03157652357546811,0.032598365666287626,0.0010218420908195136,0.0010218420908195136,0,0,0,-1
gmsc,mlp,51,NumberOfOpenCreditLinesAndLoans,relative_minus_10,-0.1,21.0,23.1,0.016133909190219866,0.017438920955223362,0.0013050117650034963,0.0013050117650034963,0,0,0,-1
gmsc,mlp,52,NumberOfOpenCreditLinesAndLoans,relative_minus_10,-0.1,6.0,6.6,0.008942513898120756,0.009081495279800459,0.0001389813816797033,0.0001389813816797033,0,0,0,-1
gmsc,mlp,53,NumberOfOpenCreditLinesAndLoans,relative_minus_10,-0.1,3.0,3.3,0.29379437931569313,0.29356613753014865,-0.0002282417855444807,0.0002282417855444807,0,0,0,-1
gmsc,mlp,54,NumberOfOpenCreditLinesAndLoans,relative_minus_10,-0.1,8.0,8.8,0.3498543595427822,0.3374744759199395,-0.012379883622842702,0.012379883622842702,0,0,0,-1
gmsc,mlp,55,NumberOfOpenCreditLinesAndLoans,relative_minus_10,-0.1,12.0,13.2,0.007600943545173095,0.008044198044940394,0.0004432544997672993,0.0004432544997672993,0,0,0,-1
gmsc,mlp,56,NumberOfOpenCreditLinesAndLoans,relative_minus_10,-0.1,6.0,6.6,0.025320893704546973,0.02615995176168279,0.0008390580571358171,0.0008390580571358171,0,0,0,-1
gmsc,mlp,57,NumberOfOpenCreditLinesAndLoans,relative_minus_10,-0.1,2.0,2.2,0.05069033380470405,0.04774878932238325,-0.0029415444823207987,0.0029415444823207987,0,0,0,-1
gmsc,mlp,58,NumberOfOpenCreditLinesAndLoans,relative_minus_10,-0.1,3.0,3.3,0.16009590625064055,0.1532297207930474,-0.006866185457593155,0.006866185457593155,0,0,0,-1
gmsc,mlp,59,NumberOfOpenCreditLinesAndLoans,relative_minus_10,-0.1,10.0,11.0,0.025457114256866867,0.026821450523890653,0.0013643362670237857,0.0013643362670237857,0,0,0,-1
gmsc,mlp,60,NumberOfOpenCreditLinesAndLoans,relative_minus_10,-0.1,4.0,4.4,0.037076780618332694,0.036184686643792194,-0.0008920939745405004,0.0008920939745405004,0,0,0,-1
gmsc,mlp,61,NumberOfOpenCreditLinesAndLoans,relative_minus_10,-0.1,12.0,13.2,0.04860926951599663,0.05438341017067624,0.005774140654679606,0.005774140654679606,0,0,0,-1
gmsc,mlp,62,NumberOfOpenCreditLinesAndLoans,relative_minus_10,-0.1,7.0,7.7,0.022160573410907457,0.022714628557868537,0.0005540551469610799,0.0005540551469610799,0,0,0,-1
gmsc,mlp,63,NumberOfOpenCreditLinesAndLoans,relative_minus_10,-0.1,5.0,5.5,0.010545360475655359,0.009962211991933605,-0.000583148483721754,0.000583148483721754,0,0,0,-1
gmsc,mlp,64,NumberOfOpenCreditLinesAndLoans,relative_minus_10,-0.1,9.0,9.9,0.05188426446215026,0.053066287440438335,0.0011820229782880734,0.0011820229782880734,0,0,0,-1
gmsc,mlp,65,NumberOfOpenCreditLinesAndLoans,relative_minus_10,-0.1,4.0,4.4,0.19320558451418393,0.17785580698256453,-0.015349777531619396,0.015349777531619396,0,0,0,-1
gmsc,mlp,66,NumberOfOpenCreditLinesAndLoans,relative_minus_10,-0.1,6.0,6.6,0.017380461870616856,0.0175377523005588,0.00015729042994194406,0.00015729042994194406,0,0,0,-1
gmsc,mlp,67,NumberOfOpenCreditLinesAndLoans,relative_minus_10,-0.1,3.0,3.3,0.045289289381342065,0.041651529903823585,-0.0036377594775184804,0.0036377594775184804,0,0,0,-1
gmsc,mlp,68,NumberOfOpenCreditLinesAndLoans,relative_minus_10,-0.1,4.0,4.4,0.012814695328681581,0.011878057622081363,-0.0009366377066002182,0.0009366377066002182,0,0,0,-1
gmsc,mlp,69,NumberOfOpenCreditLinesAndLoans,relative_minus_10,-0.1,10.0,11.0,0.09362660727989738,0.09079548881220185,-0.0028311184676955287,0.0028311184676955287,0,0,0,-1
gmsc,mlp,70,NumberOfOpenCreditLinesAndLoans,relative_minus_10,-0.1,14.0,15.4,0.09827269814207695,0.09084266655107547,-0.0074300315910014875,0.0074300315910014875,0,0,0,-1
gmsc,mlp,71,NumberOfOpenCreditLinesAndLoans,relative_minus_10,-0.1,6.0,6.6,0.07244781616495638,0.06994330963270125,-0.0025045065322551324,0.0025045065322551324,0,0,0,-1
gmsc,mlp,72,NumberOfOpenCreditLinesAndLoans,relative_minus_10,-0.1,11.0,12.1,0.03217968676284227,0.034758060692366664,0.002578373929524397,0.002578373929524397,0,0,0,-1
gmsc,mlp,73,NumberOfOpenCreditLinesAndLoans,relative_minus_10,-0.1,9.0,9.9,0.044640504763767554,0.0490098664697029,0.004369361705935347,0.004369361705935347,0,0,0,-1
gmsc,mlp,74,NumberOfOpenCreditLinesAndLoans,relative_minus_10,-0.1,3.0,3.3,0.03482378444402007,0.034203276342956876,-0.0006205081010631913,0.0006205081010631913,0,0,0,-1
gmsc,mlp,75,NumberOfOpenCreditLinesAndLoans,relative_minus_10,-0.1,2.0,2.2,0.04920214568663398,0.04511292640495078,-0.004089219281683203,0.004089219281683203,0,0,0,-1
gmsc,mlp,76,NumberOfOpenCreditLinesAndLoans,relative_minus_10,-0.1,18.0,19.8,0.02205212445347039,0.0214841903531406,-0.0005679341003297887,0.0005679341003297887,0,0,0,-1
gmsc,mlp,77,NumberOfOpenCreditLinesAndLoans,relative_minus_10,-0.1,8.0,8.8,0.009856180676789783,0.009896770545785017,4.058986899523401e-05,4.058986899523401e-05,0,0,0,-1
gmsc,mlp,78,NumberOfOpenCreditLinesAndLoans,relative_minus_10,-0.1,6.0,6.6,0.010129649250511236,0.010284947513786266,0.00015529826327503014,0.00015529826327503014,0,0,0,-1
gmsc,mlp,79,NumberOfOpenCreditLinesAndLoans,relative_minus_10,-0.1,5.0,5.5,0.025575449411528527,0.025772078717350138,0.00019662930582161134,0.00019662930582161134,0,0,0,-1
gmsc,mlp,80,NumberOfOpenCreditLinesAndLoans,relative_minus_10,-0.1,8.0,8.8,0.005666248820127979,0.005395711219247359,-0.00027053760088061995,0.00027053760088061995,0,0,0,-1
gmsc,mlp,81,NumberOfOpenCreditLinesAndLoans,relative_minus_10,-0.1,7.0,7.7,0.04332063353337088,0.04776598067284077,0.004445347139469889,0.004445347139469889,0,0,0,-1
gmsc,mlp,82,NumberOfOpenCreditLinesAndLoans,relative_minus_10,-0.1,10.0,11.0,0.01937427089536237,0.021148518742167152,0.0017742478468047822,0.0017742478468047822,0,0,0,-1
gmsc,mlp,83,NumberOfOpenCreditLinesAndLoans,relative_minus_10,-0.1,14.0,15.4,0.014956252536287561,0.016286637134915374,0.0013303845986278127,0.0013303845986278127,0,0,0,-1
gmsc,mlp,84,NumberOfOpenCreditLinesAndLoans,relative_minus_10,-0.1,10.0,11.0,0.034404191335380946,0.03706254750287373,0.002658356167492784,0.002658356167492784,0,0,0,-1
gmsc,mlp,85,NumberOfOpenCreditLinesAndLoans,relative_minus_10,-0.1,6.0,6.6,0.016073637508889543,0.01606253308133592,-1.1104427553622342e-05,1.1104427553622342e-05,0,0,0,-1
gmsc,mlp,86,NumberOfOpenCreditLinesAndLoans,relative_minus_10,-0.1,8.0,8.8,0.03951246267546877,0.040627797353453045,0.0011153346779842754,0.0011153346779842754,0,0,0,-1
gmsc,mlp,87,NumberOfOpenCreditLinesAndLoans,relative_minus_10,-0.1,5.0,5.5,0.023170727869934838,0.02391483401154965,0.0007441061416148115,0.0007441061416148115,0,0,0,-1
gmsc,mlp,88,NumberOfOpenCreditLinesAndLoans,relative_minus_10,-0.1,6.0,6.6,0.014049767208401245,0.014568253670932054,0.0005184864625308091,0.0005184864625308091,0,0,0,-1
gmsc,mlp,89,NumberOfOpenCreditLinesAndLoans,relative_minus_10,-0.1,3.0,3.3,0.031436900478850546,0.02839194396440558,-0.0030449565144449672,0.0030449565144449672,0,0,0,-1
gmsc,mlp,90,NumberOfOpenCreditLinesAndLoans,relative_minus_10,-0.1,7.0,7.7,0.005417127218637603,0.0054686560304384015,5.1528811800798796e-05,5.1528811800798796e-05,0,0,0,-1
gmsc,mlp,91,NumberOfOpenCreditLinesAndLoans,relative_minus_10,-0.1,20.0,22.0,0.025606851072255785,0.028273235452775766,0.002666384380519981,0.002666384380519981,0,0,0,-1
gmsc,mlp,92,NumberOfOpenCreditLinesAndLoans,relative_minus_10,-0.1,1.0,1.1,0.06791010130064887,0.06348815992515468,-0.00442194137549419,0.00442194137549419,0,0,0,-1
gmsc,mlp,93,NumberOfOpenCreditLinesAndLoans,relative_minus_10,-0.1,15.0,16.5,0.012557321048589615,0.012900685188096391,0.00034336413950677644,0.00034336413950677644,0,0,0,-1
gmsc,mlp,94,NumberOfOpenCreditLinesAndLoans,relative_minus_10,-0.1,10.0,11.0,0.01479561435417343,0.01572055823398126,0.00092494387980783,0.00092494387980783,0,0,0,-1
gmsc,mlp,95,NumberOfOpenCreditLinesAndLoans,relative_minus_10,-0.1,8.0,8.8,0.02165723032387087,0.024213479484120382,0.0025562491602495116,0.0025562491602495116,0,0,0,-1
gmsc,mlp,96,NumberOfOpenCreditLinesAndLoans,relative_minus_10,-0.1,3.0,3.3,0.025618448582325936,0.021077322633867124,-0.0045411259484588115,0.0045411259484588115,0,0,0,-1
gmsc,mlp,97,NumberOfOpenCreditLinesAndLoans,relative_minus_10,-0.1,11.0,12.1,0.017705870709505835,0.01937663826121699,0.001670767551711156,0.001670767551711156,0,0,0,-1
gmsc,mlp,98,NumberOfOpenCreditLinesAndLoans,relative_minus_10,-0.1,9.0,9.9,0.021717560701058864,0.024505469006097465,0.0027879083050386007,0.0027879083050386007,0,0,0,-1
gmsc,mlp,99,NumberOfOpenCreditLinesAndLoans,relative_minus_10,-0.1,19.0,20.9,0.2986561163043243,0.27077778741833114,-0.027878328885993175,0.027878328885993175,0,0,0,-1
gmsc,mlp,0,NumberOfOpenCreditLinesAndLoans,relative_plus_10,0.1,17.0,18.7,0.02211686465599193,0.026087782422984956,0.0039709177669930255,0.0039709177669930255,0,0,0,-1
gmsc,mlp,1,NumberOfOpenCreditLinesAndLoans,relative_plus_10,0.1,5.0,5.5,0.01569449495491033,0.015523550897299256,-0.0001709440576110749,0.0001709440576110749,0,0,0,-1
gmsc,mlp,2,NumberOfOpenCreditLinesAndLoans,relative_plus_10,0.1,5.0,5.5,0.016575068310977385,0.016417076681667232,-0.0001579916293101523,0.0001579916293101523,0,0,0,-1
gmsc,mlp,3,NumberOfOpenCreditLinesAndLoans,relative_plus_10,0.1,13.0,14.3,0.034126022539606525,0.03556148310315107,0.0014354605635445439,0.0014354605635445439,0,0,0,-1
gmsc,mlp,4,NumberOfOpenCreditLinesAndLoans,relative_plus_10,0.1,4.0,4.4,0.026106102898580053,0.025647077055946297,-0.00045902584263375623,0.00045902584263375623,0,0,0,-1
gmsc,mlp,5,NumberOfOpenCreditLinesAndLoans,relative_plus_10,0.1,8.0,8.8,0.021830131699538843,0.022707355645789337,0.0008772239462504945,0.0008772239462504945,0,0,0,-1
gmsc,mlp,6,NumberOfOpenCreditLinesAndLoans,relative_plus_10,0.1,5.0,5.5,0.03217662260521963,0.0326270266153479,0.00045040401012826775,0.00045040401012826775,0,0,0,-1
gmsc,mlp,7,NumberOfOpenCreditLinesAndLoans,relative_plus_10,0.1,3.0,3.3,0.046315106403102796,0.04290871613670844,-0.003406390266394353,0.003406390266394353,0,0,0,-1
gmsc,mlp,8,NumberOfOpenCreditLinesAndLoans,relative_plus_10,0.1,2.0,2.2,0.05673708325740244,0.04926928982676115,-0.007467793430641287,0.007467793430641287,0,0,0,-1
gmsc,mlp,9,NumberOfOpenCreditLinesAndLoans,relative_plus_10,0.1,6.0,6.6,0.07183380465082981,0.07221344347187302,0.00037963882104320723,0.00037963882104320723,0,0,0,-1
gmsc,mlp,10,NumberOfOpenCreditLinesAndLoans,relative_plus_10,0.1,9.0,9.9,0.029425463415082575,0.030570495736494663,0.0011450323214120886,0.0011450323214120886,0,0,0,-1
gmsc,mlp,11,NumberOfOpenCreditLinesAndLoans,relative_plus_10,0.1,14.0,15.4,0.012965465127209348,0.013060675555758032,9.521042854868447e-05,9.521042854868447e-05,0,0,0,-1
gmsc,mlp,12,NumberOfOpenCreditLinesAndLoans,relative_plus_10,0.1,6.0,6.6,0.007076920292949544,0.0071798402118857085,0.00010291991893616407,0.00010291991893616407,0,0,0,-1
gmsc,mlp,13,NumberOfOpenCreditLinesAndLoans,relative_plus_10,0.1,0.0,0.7000000000000001,0.35361463292929435,0.3228666919139672,-0.03074794101532713,0.03074794101532713,0,0,0,-1
gmsc,mlp,14,NumberOfOpenCreditLinesAndLoans,relative_plus_10,0.1,4.0,4.4,0.03041379302018182,0.028134700296861624,-0.0022790927233201953,0.0022790927233201953,0,0,0,-1
gmsc,mlp,15,NumberOfOpenCreditLinesAndLoans,relative_plus_10,0.1,17.0,18.7,0.028531846223265274,0.028304320257324992,-0.00022752596594028188,0.00022752596594028188,0,0,0,-1
gmsc,mlp,16,NumberOfOpenCreditLinesAndLoans,relative_plus_10,0.1,4.0,4.4,0.11002930362193034,0.10919460296255781,-0.0008347006593725226,0.0008347006593725226,0,0,0,-1
gmsc,mlp,17,NumberOfOpenCreditLinesAndLoans,relative_plus_10,0.1,10.0,11.0,0.013790889882417817,0.014127455847922396,0.00033656596550457954,0.00033656596550457954,0,0,0,-1
gmsc,mlp,18,NumberOfOpenCreditLinesAndLoans,relative_plus_10,0.1,3.0,3.3,0.02753715371688414,0.025241835563658162,-0.002295318153225978,0.002295318153225978,0,0,0,-1
gmsc,mlp,19,NumberOfOpenCreditLinesAndLoans,relative_plus_10,0.1,7.0,7.7,0.052926506156008635,0.05441042797569902,0.0014839218196903842,0.0014839218196903842,0,0,0,-1
gmsc,mlp,20,NumberOfOpenCreditLinesAndLoans,relative_plus_10,0.1,6.0,6.6,0.008830310596060332,0.008874474477349915,4.416388128958282e-05,4.416388128958282e-05,0,0,0,-1
gmsc,mlp,21,NumberOfOpenCreditLinesAndLoans,relative_plus_10,0.1,19.0,20.9,0.014797349397540089,0.01422672033981307,-0.0005706290577270189,0.0005706290577270189,0,0,0,-1
gmsc,mlp,22,NumberOfOpenCreditLinesAndLoans,relative_plus_10,0.1,2.0,2.2,0.04562370697875247,0.03948493041099707,-0.006138776567755397,0.006138776567755397,0,0,0,-1
gmsc,mlp,23,NumberOfOpenCreditLinesAndLoans,relative_plus_10,0.1,8.0,8.8,0.01573080665121102,0.01746203460593973,0.0017312279547287111,0.0017312279547287111,0,0,0,-1
gmsc,mlp,24,NumberOfOpenCreditLinesAndLoans,relative_plus_10,0.1,4.0,4.4,0.011506289508992087,0.011585276235456035,7.898672646394767e-05,7.898672646394767e-05,0,0,0,-1
gmsc,mlp,25,NumberOfOpenCreditLinesAndLoans,relative_plus_10,0.1,7.0,7.7,0.03731802443216143,0.03890687053589629,0.001588846103734859,0.001588846103734859,0,0,0,-1
gmsc,mlp,26,NumberOfOpenCreditLinesAndLoans,relative_plus_10,0.1,5.0,5.5,0.029333059161415907,0.028626827591321725,-0.0007062315700941818,0.0007062315700941818,0,0,0,-1
gmsc,mlp,27,NumberOfOpenCreditLinesAndLoans,relative_plus_10,0.1,10.0,11.0,0.035095010256273325,0.035781394444785314,0.000686384188511989,0.000686384188511989,0,0,0,-1
gmsc,mlp,28,NumberOfOpenCreditLinesAndLoans,relative_plus_10,0.1,1.0,1.1,0.09263198005026192,0.08716930497890195,-0.005462675071359974,0.005462675071359974,0,0,0,-1
gmsc,mlp,29,NumberOfOpenCreditLinesAndLoans,relative_plus_10,0.1,9.0,9.9,0.006344097366443652,0.006949583842700508,0.0006054864762568557,0.0006054864762568557,0,0,0,-1
gmsc,mlp,30,NumberOfOpenCreditLinesAndLoans,relative_plus_10,0.1,13.0,14.3,0.046242861401163154,0.05168827859565658,0.005445417194493422,0.005445417194493422,0,0,0,-1
gmsc,mlp,31,NumberOfOpenCreditLinesAndLoans,relative_plus_10,0.1,6.0,6.6,0.0255021185573372,0.024921410214856853,-0.0005807083424803489,0.0005807083424803489,0,0,0,-1
gmsc,mlp,32,NumberOfOpenCreditLinesAndLoans,relative_plus_10,0.1,3.0,3.3,0.026376707227492684,0.024473582390552386,-0.0019031248369402974,0.0019031248369402974,0,0,0,-1
gmsc,mlp,33,NumberOfOpenCreditLinesAndLoans,relative_plus_10,0.1,9.0,9.9,0.015498282720832536,0.016281724648090957,0.0007834419272584204,0.0007834419272584204,0,0,0,-1
gmsc,mlp,34,NumberOfOpenCreditLinesAndLoans,relative_plus_10,0.1,10.0,11.0,0.08535157193754099,0.08361282500470932,-0.0017387469328316724,0.0017387469328316724,0,0,0,-1
gmsc,mlp,35,NumberOfOpenCreditLinesAndLoans,relative_plus_10,0.1,12.0,13.2,0.19910001606794017,0.2286272313579098,0.029527215289969627,0.029527215289969627,0,0,0,-1
gmsc,mlp,36,NumberOfOpenCreditLinesAndLoans,relative_plus_10,0.1,4.0,4.4,0.010761647197797914,0.010106225394459096,-0.0006554218033388189,0.0006554218033388189,0,0,0,-1
gmsc,mlp,37,NumberOfOpenCreditLinesAndLoans,relative_plus_10,0.1,3.0,3.3,0.01757909301258303,0.016090725709791552,-0.0014883673027914768,0.0014883673027914768,0,0,0,-1
gmsc,mlp,38,NumberOfOpenCreditLinesAndLoans,relative_plus_10,0.1,7.0,7.7,0.009145988810159647,0.009358803089175366,0.00021281427901571892,0.00021281427901571892,0,0,0,-1
gmsc,mlp,39,NumberOfOpenCreditLinesAndLoans,relative_plus_10,0.1,14.0,15.4,0.051173952814171794,0.05927903107437021,0.008105078260198413,0.008105078260198413,0,0,0,-1
gmsc,mlp,40,NumberOfOpenCreditLinesAndLoans,relative_plus_10,0.1,3.0,3.3,0.022676366611436422,0.02036047657956687,-0.002315890031869553,0.002315890031869553,0,0,0,-1
gmsc,mlp,41,NumberOfOpenCreditLinesAndLoans,relative_plus_10,0.1,15.0,16.5,0.04009590259851887,0.03949983910220508,-0.0005960634963137895,0.0005960634963137895,0,0,0,-1
gmsc,mlp,42,NumberOfOpenCreditLinesAndLoans,relative_plus_10,0.1,7.0,7.7,0.02298812229422112,0.024200250020680204,0.0012121277264590842,0.0012121277264590842,0,0,0,-1
gmsc,mlp,43,NumberOfOpenCreditLinesAndLoans,relative_plus_10,0.1,8.0,8.8,0.04219806536296886,0.04554920772698381,0.0033511423640149446,0.0033511423640149446,0,0,0,-1
gmsc,mlp,44,NumberOfOpenCreditLinesAndLoans,relative_plus_10,0.1,7.0,7.7,0.01680383752969732,0.017840204278737778,0.0010363667490404585,0.0010363667490404585,0,0,0,-1
gmsc,mlp,45,NumberOfOpenCreditLinesAndLoans,relative_plus_10,0.1,9.0,9.9,0.0359226511464687,0.04043046825916688,0.004507817112698181,0.004507817112698181,0,0,0,-1
gmsc,mlp,46,NumberOfOpenCreditLinesAndLoans,relative_plus_10,0.1,4.0,4.4,0.008419834692001592,0.007907898030804357,-0.0005119366611972351,0.0005119366611972351,0,0,0,-1
gmsc,mlp,47,NumberOfOpenCreditLinesAndLoans,relative_plus_10,0.1,7.0,7.7,0.01526822945269322,0.016407001682427702,0.0011387722297344829,0.0011387722297344829,0,0,0,-1
gmsc,mlp,48,NumberOfOpenCreditLinesAndLoans,relative_plus_10,0.1,4.0,4.4,0.011940522095800142,0.011409421284810886,-0.0005311008109892563,0.0005311008109892563,0,0,0,-1
gmsc,mlp,49,NumberOfOpenCreditLinesAndLoans,relative_plus_10,0.1,1.0,1.1,0.029003393714220643,0.02757268472174525,-0.0014307089924753928,0.0014307089924753928,0,0,0,-1
gmsc,mlp,50,NumberOfOpenCreditLinesAndLoans,relative_plus_10,0.1,6.0,6.6,0.03157652357546811,0.032598365666287626,0.0010218420908195136,0.0010218420908195136,0,0,0,-1
gmsc,mlp,51,NumberOfOpenCreditLinesAndLoans,relative_plus_10,0.1,21.0,23.1,0.016133909190219866,0.017438920955223362,0.0013050117650034963,0.0013050117650034963,0,0,0,-1
gmsc,mlp,52,NumberOfOpenCreditLinesAndLoans,relative_plus_10,0.1,6.0,6.6,0.008942513898120756,0.009081495279800459,0.0001389813816797033,0.0001389813816797033,0,0,0,-1
gmsc,mlp,53,NumberOfOpenCreditLinesAndLoans,relative_plus_10,0.1,3.0,3.3,0.29379437931569313,0.29356613753014865,-0.0002282417855444807,0.0002282417855444807,0,0,0,-1
gmsc,mlp,54,NumberOfOpenCreditLinesAndLoans,relative_plus_10,0.1,8.0,8.8,0.3498543595427822,0.3374744759199395,-0.012379883622842702,0.012379883622842702,0,0,0,-1
gmsc,mlp,55,NumberOfOpenCreditLinesAndLoans,relative_plus_10,0.1,12.0,13.2,0.007600943545173095,0.008044198044940394,0.0004432544997672993,0.0004432544997672993,0,0,0,-1
gmsc,mlp,56,NumberOfOpenCreditLinesAndLoans,relative_plus_10,0.1,6.0,6.6,0.025320893704546973,0.02615995176168279,0.0008390580571358171,0.0008390580571358171,0,0,0,-1
gmsc,mlp,57,NumberOfOpenCreditLinesAndLoans,relative_plus_10,0.1,2.0,2.2,0.05069033380470405,0.04774878932238325,-0.0029415444823207987,0.0029415444823207987,0,0,0,-1
gmsc,mlp,58,NumberOfOpenCreditLinesAndLoans,relative_plus_10,0.1,3.0,3.3,0.16009590625064055,0.1532297207930474,-0.006866185457593155,0.006866185457593155,0,0,0,-1
gmsc,mlp,59,NumberOfOpenCreditLinesAndLoans,relative_plus_10,0.1,10.0,11.0,0.025457114256866867,0.026821450523890653,0.0013643362670237857,0.0013643362670237857,0,0,0,-1
gmsc,mlp,60,NumberOfOpenCreditLinesAndLoans,relative_plus_10,0.1,4.0,4.4,0.037076780618332694,0.036184686643792194,-0.0008920939745405004,0.0008920939745405004,0,0,0,-1
gmsc,mlp,61,NumberOfOpenCreditLinesAndLoans,relative_plus_10,0.1,12.0,13.2,0.04860926951599663,0.05438341017067624,0.005774140654679606,0.005774140654679606,0,0,0,-1
gmsc,mlp,62,NumberOfOpenCreditLinesAndLoans,relative_plus_10,0.1,7.0,7.7,0.022160573410907457,0.022714628557868537,0.0005540551469610799,0.0005540551469610799,0,0,0,-1
gmsc,mlp,63,NumberOfOpenCreditLinesAndLoans,relative_plus_10,0.1,5.0,5.5,0.010545360475655359,0.009962211991933605,-0.000583148483721754,0.000583148483721754,0,0,0,-1
gmsc,mlp,64,NumberOfOpenCreditLinesAndLoans,relative_plus_10,0.1,9.0,9.9,0.05188426446215026,0.053066287440438335,0.0011820229782880734,0.0011820229782880734,0,0,0,-1
gmsc,mlp,65,NumberOfOpenCreditLinesAndLoans,relative_plus_10,0.1,4.0,4.4,0.19320558451418393,0.17785580698256453,-0.015349777531619396,0.015349777531619396,0,0,0,-1
gmsc,mlp,66,NumberOfOpenCreditLinesAndLoans,relative_plus_10,0.1,6.0,6.6,0.017380461870616856,0.0175377523005588,0.00015729042994194406,0.00015729042994194406,0,0,0,-1
gmsc,mlp,67,NumberOfOpenCreditLinesAndLoans,relative_plus_10,0.1,3.0,3.3,0.045289289381342065,0.041651529903823585,-0.0036377594775184804,0.0036377594775184804,0,0,0,-1
gmsc,mlp,68,NumberOfOpenCreditLinesAndLoans,relative_plus_10,0.1,4.0,4.4,0.012814695328681581,0.011878057622081363,-0.0009366377066002182,0.0009366377066002182,0,0,0,-1
gmsc,mlp,69,NumberOfOpenCreditLinesAndLoans,relative_plus_10,0.1,10.0,11.0,0.09362660727989738,0.09079548881220185,-0.0028311184676955287,0.0028311184676955287,0,0,0,-1
gmsc,mlp,70,NumberOfOpenCreditLinesAndLoans,relative_plus_10,0.1,14.0,15.4,0.09827269814207695,0.09084266655107547,-0.0074300315910014875,0.0074300315910014875,0,0,0,-1
gmsc,mlp,71,NumberOfOpenCreditLinesAndLoans,relative_plus_10,0.1,6.0,6.6,0.07244781616495638,0.06994330963270125,-0.0025045065322551324,0.0025045065322551324,0,0,0,-1
gmsc,mlp,72,NumberOfOpenCreditLinesAndLoans,relative_plus_10,0.1,11.0,12.1,0.03217968676284227,0.034758060692366664,0.002578373929524397,0.002578373929524397,0,0,0,-1
gmsc,mlp,73,NumberOfOpenCreditLinesAndLoans,relative_plus_10,0.1,9.0,9.9,0.044640504763767554,0.0490098664697029,0.004369361705935347,0.004369361705935347,0,0,0,-1
gmsc,mlp,74,NumberOfOpenCreditLinesAndLoans,relative_plus_10,0.1,3.0,3.3,0.03482378444402007,0.034203276342956876,-0.0006205081010631913,0.0006205081010631913,0,0,0,-1
gmsc,mlp,75,NumberOfOpenCreditLinesAndLoans,relative_plus_10,0.1,2.0,2.2,0.04920214568663398,0.04511292640495078,-0.004089219281683203,0.004089219281683203,0,0,0,-1
gmsc,mlp,76,NumberOfOpenCreditLinesAndLoans,relative_plus_10,0.1,18.0,19.8,0.02205212445347039,0.0214841903531406,-0.0005679341003297887,0.0005679341003297887,0,0,0,-1
gmsc,mlp,77,NumberOfOpenCreditLinesAndLoans,relative_plus_10,0.1,8.0,8.8,0.009856180676789783,0.009896770545785017,4.058986899523401e-05,4.058986899523401e-05,0,0,0,-1
gmsc,mlp,78,NumberOfOpenCreditLinesAndLoans,relative_plus_10,0.1,6.0,6.6,0.010129649250511236,0.010284947513786266,0.00015529826327503014,0.00015529826327503014,0,0,0,-1
gmsc,mlp,79,NumberOfOpenCreditLinesAndLoans,relative_plus_10,0.1,5.0,5.5,0.025575449411528527,0.025772078717350138,0.00019662930582161134,0.00019662930582161134,0,0,0,-1
gmsc,mlp,80,NumberOfOpenCreditLinesAndLoans,relative_plus_10,0.1,8.0,8.8,0.005666248820127979,0.005395711219247359,-0.00027053760088061995,0.00027053760088061995,0,0,0,-1
gmsc,mlp,81,NumberOfOpenCreditLinesAndLoans,relative_plus_10,0.1,7.0,7.7,0.04332063353337088,0.04776598067284077,0.004445347139469889,0.004445347139469889,0,0,0,-1
gmsc,mlp,82,NumberOfOpenCreditLinesAndLoans,relative_plus_10,0.1,10.0,11.0,0.01937427089536237,0.021148518742167152,0.0017742478468047822,0.0017742478468047822,0,0,0,-1
gmsc,mlp,83,NumberOfOpenCreditLinesAndLoans,relative_plus_10,0.1,14.0,15.4,0.014956252536287561,0.016286637134915374,0.0013303845986278127,0.0013303845986278127,0,0,0,-1
gmsc,mlp,84,NumberOfOpenCreditLinesAndLoans,relative_plus_10,0.1,10.0,11.0,0.034404191335380946,0.03706254750287373,0.002658356167492784,0.002658356167492784,0,0,0,-1
gmsc,mlp,85,NumberOfOpenCreditLinesAndLoans,relative_plus_10,0.1,6.0,6.6,0.016073637508889543,0.01606253308133592,-1.1104427553622342e-05,1.1104427553622342e-05,0,0,0,-1
gmsc,mlp,86,NumberOfOpenCreditLinesAndLoans,relative_plus_10,0.1,8.0,8.8,0.03951246267546877,0.040627797353453045,0.0011153346779842754,0.0011153346779842754,0,0,0,-1
gmsc,mlp,87,NumberOfOpenCreditLinesAndLoans,relative_plus_10,0.1,5.0,5.5,0.023170727869934838,0.02391483401154965,0.0007441061416148115,0.0007441061416148115,0,0,0,-1
gmsc,mlp,88,NumberOfOpenCreditLinesAndLoans,relative_plus_10,0.1,6.0,6.6,0.014049767208401245,0.014568253670932054,0.0005184864625308091,0.0005184864625308091,0,0,0,-1
gmsc,mlp,89,NumberOfOpenCreditLinesAndLoans,relative_plus_10,0.1,3.0,3.3,0.031436900478850546,0.02839194396440558,-0.0030449565144449672,0.0030449565144449672,0,0,0,-1
gmsc,mlp,90,NumberOfOpenCreditLinesAndLoans,relative_plus_10,0.1,7.0,7.7,0.005417127218637603,0.0054686560304384015,5.1528811800798796e-05,5.1528811800798796e-05,0,0,0,-1
gmsc,mlp,91,NumberOfOpenCreditLinesAndLoans,relative_plus_10,0.1,20.0,22.0,0.025606851072255785,0.028273235452775766,0.002666384380519981,0.002666384380519981,0,0,0,-1
gmsc,mlp,92,NumberOfOpenCreditLinesAndLoans,relative_plus_10,0.1,1.0,1.1,0.06791010130064887,0.06348815992515468,-0.00442194137549419,0.00442194137549419,0,0,0,-1
gmsc,mlp,93,NumberOfOpenCreditLinesAndLoans,relative_plus_10,0.1,15.0,16.5,0.012557321048589615,0.012900685188096391,0.00034336413950677644,0.00034336413950677644,0,0,0,-1
gmsc,mlp,94,NumberOfOpenCreditLinesAndLoans,relative_plus_10,0.1,10.0,11.0,0.01479561435417343,0.01572055823398126,0.00092494387980783,0.00092494387980783,0,0,0,-1
gmsc,mlp,95,NumberOfOpenCreditLinesAndLoans,relative_plus_10,0.1,8.0,8.8,0.02165723032387087,0.024213479484120382,0.0025562491602495116,0.0025562491602495116,0,0,0,-1
gmsc,mlp,96,NumberOfOpenCreditLinesAndLoans,relative_plus_10,0.1,3.0,3.3,0.025618448582325936,0.021077322633867124,-0.0045411259484588115,0.0045411259484588115,0,0,0,-1
gmsc,mlp,97,NumberOfOpenCreditLinesAndLoans,relative_plus_10,0.1,11.0,12.1,0.017705870709505835,0.01937663826121699,0.001670767551711156,0.001670767551711156,0,0,0,-1
gmsc,mlp,98,NumberOfOpenCreditLinesAndLoans,relative_plus_10,0.1,9.0,9.9,0.021717560701058864,0.024505469006097465,0.0027879083050386007,0.0027879083050386007,0,0,0,-1
gmsc,mlp,99,NumberOfOpenCreditLinesAndLoans,relative_plus_10,0.1,19.0,20.9,0.2986561163043243,0.27077778741833114,-0.027878328885993175,0.027878328885993175,0,0,0,-1
gmsc,mlp,0,NumberOfTimes90DaysLate,relative_minus_5,-0.05,0.0,0.05,0.02211686465599193,0.02665577184771704,0.00453890719172511,0.00453890719172511,0,0,0,-1
gmsc,mlp,1,NumberOfTimes90DaysLate,relative_minus_5,-0.05,0.0,0.05,0.01569449495491033,0.01828359698023455,0.002589102025324218,0.002589102025324218,0,0,0,-1
gmsc,mlp,2,NumberOfTimes90DaysLate,relative_minus_5,-0.05,0.0,0.05,0.016575068310977385,0.019166077217080524,0.0025910089061031392,0.0025910089061031392,0,0,0,-1
gmsc,mlp,3,NumberOfTimes90DaysLate,relative_minus_5,-0.05,0.0,0.05,0.034126022539606525,0.03851572657681684,0.0043897040372103124,0.0043897040372103124,0,0,0,-1
gmsc,mlp,4,NumberOfTimes90DaysLate,relative_minus_5,-0.05,0.0,0.05,0.026106102898580053,0.02977191760412998,0.0036658147055499274,0.0036658147055499274,0,0,0,-1
gmsc,mlp,5,NumberOfTimes90DaysLate,relative_minus_5,-0.05,0.0,0.05,0.021830131699538843,0.024711350456310344,0.002881218756771501,0.002881218756771501,0,0,0,-1
gmsc,mlp,6,NumberOfTimes90DaysLate,relative_minus_5,-0.05,0.0,0.05,0.03217662260521963,0.03657848730365082,0.004401864698431186,0.004401864698431186,0,0,0,-1
gmsc,mlp,7,NumberOfTimes90DaysLate,relative_minus_5,-0.05,0.0,0.05,0.046315106403102796,0.05284531403964823,0.006530207636545431,0.006530207636545431,0,0,0,-1
gmsc,mlp,8,NumberOfTimes90DaysLate,relative_minus_5,-0.05,0.0,0.05,0.05673708325740244,0.06603974907874467,0.009302665821342232,0.009302665821342232,0,0,0,-1
gmsc,mlp,9,NumberOfTimes90DaysLate,relative_minus_5,-0.05,0.0,0.05,0.07183380465082981,0.07848846608893607,0.006654661438106266,0.006654661438106266,0,0,0,-1
gmsc,mlp,10,NumberOfTimes90DaysLate,relative_minus_5,-0.05,0.0,0.05,0.029425463415082575,0.03315819467250886,0.003732731257426288,0.003732731257426288,0,0,0,-1
gmsc,mlp,11,NumberOfTimes90DaysLate,relative_minus_5,-0.05,0.0,0.05,0.012965465127209348,0.01449195271930789,0.001526487592098542,0.001526487592098542,0,0,0,-1
gmsc,mlp,12,NumberOfTimes90DaysLate,relative_minus_5,-0.05,0.0,0.05,0.007076920292949544,0.008195992186350256,0.0011190718934007112,0.0011190718934007112,0,0,0,-1
gmsc,mlp,13,NumberOfTimes90DaysLate,relative_minus_5,-0.05,1.0,1.05,0.35361463292929435,0.35706602368285706,0.003451390753562711,0.003451390753562711,0,0,0,-1
gmsc,mlp,14,NumberOfTimes90DaysLate,relative_minus_5,-0.05,0.0,0.05,0.03041379302018182,0.035542044108349456,0.005128251088167637,0.005128251088167637,0,0,0,-1
gmsc,mlp,15,NumberOfTimes90DaysLate,relative_minus_5,-0.05,0.0,0.05,0.028531846223265274,0.031542462254476794,0.00301061603121152,0.00301061603121152,0,0,0,-1
gmsc,mlp,16,NumberOfTimes90DaysLate,relative_minus_5,-0.05,0.0,0.05,0.11002930362193034,0.11709503987737475,0.007065736255444419,0.007065736255444419,0,0,0,-1
gmsc,mlp,17,NumberOfTimes90DaysLate,relative_minus_5,-0.05,0.0,0.05,0.013790889882417817,0.01573615990000206,0.001945270017584242,0.001945270017584242,0,0,0,-1
gmsc,mlp,18,NumberOfTimes90DaysLate,relative_minus_5,-0.05,0.0,0.05,0.02753715371688414,0.0313270053304565,0.00378985161357236,0.00378985161357236,0,0,0,-1
gmsc,mlp,19,NumberOfTimes90DaysLate,relative_minus_5,-0.05,0.0,0.05,0.052926506156008635,0.062019122206711415,0.00909261605070278,0.00909261605070278,0,0,0,-1
gmsc,mlp,20,NumberOfTimes90DaysLate,relative_minus_5,-0.05,0.0,0.05,0.008830310596060332,0.010005671272574497,0.0011753606765141644,0.0011753606765141644,0,0,0,-1
gmsc,mlp,21,NumberOfTimes90DaysLate,relative_minus_5,-0.05,0.0,0.05,0.014797349397540089,0.017489291299342482,0.002691941901802393,0.002691941901802393,0,0,0,-1
gmsc,mlp,22,NumberOfTimes90DaysLate,relative_minus_5,-0.05,0.0,0.05,0.04562370697875247,0.05528906364245934,0.009665356663706874,0.009665356663706874,0,0,0,-1
gmsc,mlp,23,NumberOfTimes90DaysLate,relative_minus_5,-0.05,0.0,0.05,0.01573080665121102,0.017694484588848692,0.001963677937637673,0.001963677937637673,0,0,0,-1
gmsc,mlp,24,NumberOfTimes90DaysLate,relative_minus_5,-0.05,0.0,0.05,0.011506289508992087,0.013653243134619115,0.0021469536256270277,0.0021469536256270277,0,0,0,-1
gmsc,mlp,25,NumberOfTimes90DaysLate,relative_minus_5,-0.05,0.0,0.05,0.03731802443216143,0.042388053736054386,0.005070029303892956,0.005070029303892956,0,0,0,-1
gmsc,mlp,26,NumberOfTimes90DaysLate,relative_minus_5,-0.05,0.0,0.05,0.029333059161415907,0.03393848175972673,0.004605422598310826,0.004605422598310826,0,0,0,-1
gmsc,mlp,27,NumberOfTimes90DaysLate,relative_minus_5,-0.05,0.0,0.05,0.035095010256273325,0.039904380513901785,0.0048093702576284605,0.0048093702576284605,0,0,0,-1
gmsc,mlp,28,NumberOfTimes90DaysLate,relative_minus_5,-0.05,0.0,0.05,0.09263198005026192,0.10636793711571721,0.013735957065455287,0.013735957065455287,0,0,0,-1
gmsc,mlp,29,NumberOfTimes90DaysLate,relative_minus_5,-0.05,0.0,0.05,0.006344097366443652,0.007657016456794914,0.0013129190903512621,0.0013129190903512621,0,0,0,-1
gmsc,mlp,30,NumberOfTimes90DaysLate,relative_minus_5,-0.05,0.0,0.05,0.046242861401163154,0.050729407085524446,0.004486545684361291,0.004486545684361291,0,0,0,-1
gmsc,mlp,31,NumberOfTimes90DaysLate,relative_minus_5,-0.05,0.0,0.05,0.0255021185573372,0.02875677048628753,0.003254651928950327,0.003254651928950327,0,0,0,-1
gmsc,mlp,32,NumberOfTimes90DaysLate,relative_minus_5,-0.05,0.0,0.05,0.026376707227492684,0.031766906398443324,0.005390199170950641,0.005390199170950641,0,0,0,-1
gmsc,mlp,33,NumberOfTimes90DaysLate,relative_minus_5,-0.05,0.0,0.05,0.015498282720832536,0.017723621637939543,0.002225338917107007,0.002225338917107007,0,0,0,-1
gmsc,mlp,34,NumberOfTimes90DaysLate,relative_minus_5,-0.05,0.0,0.05,0.08535157193754099,0.09174695503225037,0.006395383094709384,0.006395383094709384,0,0,0,-1
gmsc,mlp,35,NumberOfTimes90DaysLate,relative_minus_5,-0.05,0.0,0.05,0.19910001606794017,0.20903873254279515,0.009938716474854975,0.009938716474854975,0,0,0,-1
gmsc,mlp,36,NumberOfTimes90DaysLate,relative_minus_5,-0.05,0.0,0.05,0.010761647197797914,0.012573713656851143,0.0018120664590532288,0.0018120664590532288,0,0,0,-1
gmsc,mlp,37,NumberOfTimes90DaysLate,relative_minus_5,-0.05,0.0,0.05,0.01757909301258303,0.020412646294458447,0.002833553281875418,0.002833553281875418,0,0,0,-1
gmsc,mlp,38,NumberOfTimes90DaysLate,relative_minus_5,-0.05,0.0,0.05,0.009145988810159647,0.010937190485172998,0.0017912016750133517,0.0017912016750133517,0,0,0,-1
gmsc,mlp,39,NumberOfTimes90DaysLate,relative_minus_5,-0.05,0.0,0.05,0.051173952814171794,0.05649714758901436,0.005323194774842568,0.005323194774842568,0,0,0,-1
gmsc,mlp,40,NumberOfTimes90DaysLate,relative_minus_5,-0.05,0.0,0.05,0.022676366611436422,0.026884355969879956,0.004207989358443534,0.004207989358443534,0,0,0,-1
gmsc,mlp,41,NumberOfTimes90DaysLate,relative_minus_5,-0.05,0.0,0.05,0.04009590259851887,0.04465554218573898,0.00455963958722011,0.00455963958722011,0,0,0,-1
gmsc,mlp,42,NumberOfTimes90DaysLate,relative_minus_5,-0.05,0.0,0.05,0.02298812229422112,0.02594793116330774,0.00295980886908662,0.00295980886908662,0,0,0,-1
gmsc,mlp,43,NumberOfTimes90DaysLate,relative_minus_5,-0.05,0.0,0.05,0.04219806536296886,0.04738538709610667,0.005187321733137809,0.005187321733137809,0,0,0,-1
gmsc,mlp,44,NumberOfTimes90DaysLate,relative_minus_5,-0.05,0.0,0.05,0.01680383752969732,0.01900738840691191,0.002203550877214591,0.002203550877214591,0,0,0,-1
gmsc,mlp,45,NumberOfTimes90DaysLate,relative_minus_5,-0.05,0.0,0.05,0.0359226511464687,0.04228306224180167,0.006360411095332974,0.006360411095332974,0,0,0,-1
gmsc,mlp,46,NumberOfTimes90DaysLate,relative_minus_5,-0.05,0.0,0.05,0.008419834692001592,0.009844796414672514,0.001424961722670922,0.001424961722670922,0,0,0,-1
gmsc,mlp,47,NumberOfTimes90DaysLate,relative_minus_5,-0.05,0.0,0.05,0.01526822945269322,0.018681556560875827,0.0034133271081826077,0.0034133271081826077,0,0,0,-1
gmsc,mlp,48,NumberOfTimes90DaysLate,relative_minus_5,-0.05,0.0,0.05,0.011940522095800142,0.014394487579684888,0.0024539654838847454,0.0024539654838847454,0,0,0,-1
gmsc,mlp,49,NumberOfTimes90DaysLate,relative_minus_5,-0.05,0.0,0.05,0.029003393714220643,0.034176997626458566,0.005173603912237923,0.005173603912237923,0,0,0,-1
gmsc,mlp,50,NumberOfTimes90DaysLate,relative_minus_5,-0.05,0.0,0.05,0.03157652357546811,0.035872446123236174,0.004295922547768061,0.004295922547768061,0,0,0,-1
gmsc,mlp,51,NumberOfTimes90DaysLate,relative_minus_5,-0.05,0.0,0.05,0.016133909190219866,0.017775861727600203,0.0016419525373803368,0.0016419525373803368,0,0,0,-1
gmsc,mlp,52,NumberOfTimes90DaysLate,relative_minus_5,-0.05,0.0,0.05,0.008942513898120756,0.010367456334805071,0.0014249424366843157,0.0014249424366843157,0,0,0,-1
gmsc,mlp,53,NumberOfTimes90DaysLate,relative_minus_5,-0.05,0.0,0.05,0.29379437931569313,0.303183305145882,0.009388925830188855,0.009388925830188855,0,0,0,-1
gmsc,mlp,54,NumberOfTimes90DaysLate,relative_minus_5,-0.05,0.0,0.05,0.3498543595427822,0.3618603895814528,0.012006030038670568,0.012006030038670568,0,0,0,-1
gmsc,mlp,55,NumberOfTimes90DaysLate,relative_minus_5,-0.05,0.0,0.05,0.007600943545173095,0.0087192615536298,0.001118318008456706,0.001118318008456706,0,0,0,-1
gmsc,mlp,56,NumberOfTimes90DaysLate,relative_minus_5,-0.05,0.0,0.05,0.025320893704546973,0.028807471261244652,0.0034865775566976787,0.0034865775566976787,0,0,0,-1
gmsc,mlp,57,NumberOfTimes90DaysLate,relative_minus_5,-0.05,0.0,0.05,0.05069033380470405,0.05737515937652309,0.006684825571819042,0.006684825571819042,0,0,0,-1
gmsc,mlp,58,NumberOfTimes90DaysLate,relative_minus_5,-0.05,1.0,1.05,0.16009590625064055,0.16802585957683758,0.007929953326197031,0.007929953326197031,0,0,0,-1
gmsc,mlp,59,NumberOfTimes90DaysLate,relative_minus_5,-0.05,0.0,0.05,0.025457114256866867,0.02846118477519818,0.003004070518331313,0.003004070518331313,0,0,0,-1
gmsc,mlp,60,NumberOfTimes90DaysLate,relative_minus_5,-0.05,0.0,0.05,0.037076780618332694,0.041165170829755224,0.0040883902114225296,0.0040883902114225296,0,0,0,-1
gmsc,mlp,61,NumberOfTimes90DaysLate,relative_minus_5,-0.05,0.0,0.05,0.04860926951599663,0.05355231356073255,0.004943044044735917,0.004943044044735917,0,0,0,-1
gmsc,mlp,62,NumberOfTimes90DaysLate,relative_minus_5,-0.05,0.0,0.05,0.022160573410907457,0.02519414673614994,0.0030335733252424835,0.0030335733252424835,0,0,0,-1
gmsc,mlp,63,NumberOfTimes90DaysLate,relative_minus_5,-0.05,0.0,0.05,0.010545360475655359,0.011998287967807452,0.001452927492152093,0.001452927492152093,0,0,0,-1
gmsc,mlp,64,NumberOfTimes90DaysLate,relative_minus_5,-0.05,0.0,0.05,0.05188426446215026,0.05764020955472976,0.005755945092579498,0.005755945092579498,0,0,0,-1
gmsc,mlp,65,NumberOfTimes90DaysLate,relative_minus_5,-0.05,0.0,0.05,0.19320558451418393,0.21524121116046355,0.022035626646279616,0.022035626646279616,0,0,0,-1
gmsc,mlp,66,NumberOfTimes90DaysLate,relative_minus_5,-0.05,0.0,0.05,0.017380461870616856,0.020017267690979158,0.0026368058203623014,0.0026368058203623014,0,0,0,-1
gmsc,mlp,67,NumberOfTimes90DaysLate,relative_minus_5,-0.05,0.0,0.05,0.045289289381342065,0.051397950603876544,0.006108661222534478,0.006108661222534478,0,0,0,-1
gmsc,mlp,68,NumberOfTimes90DaysLate,relative_minus_5,-0.05,0.0,0.05,0.012814695328681581,0.014568576401080837,0.0017538810723992555,0.0017538810723992555,0,0,0,-1
gmsc,mlp,69,NumberOfTimes90DaysLate,relative_minus_5,-0.05,0.0,0.05,0.09362660727989738,0.0996888575544225,0.006062250274525116,0.006062250274525116,0,0,0,-1
gmsc,mlp,70,NumberOfTimes90DaysLate,relative_minus_5,-0.05,0.0,0.05,0.09827269814207695,0.10588910215616451,0.007616404014087558,0.007616404014087558,0,0,0,-1
gmsc,mlp,71,NumberOfTimes90DaysLate,relative_minus_5,-0.05,0.0,0.05,0.07244781616495638,0.07860203344755329,0.006154217282596908,0.006154217282596908,0,0,0,-1
gmsc,mlp,72,NumberOfTimes90DaysLate,relative_minus_5,-0.05,0.0,0.05,0.03217968676284227,0.036765895201381356,0.004586208438539088,0.004586208438539088,0,0,0,-1
gmsc,mlp,73,NumberOfTimes90DaysLate,relative_minus_5,-0.05,0.0,0.05,0.044640504763767554,0.04951591083977251,0.004875406076004958,0.004875406076004958,0,0,0,-1
gmsc,mlp,74,NumberOfTimes90DaysLate,relative_minus_5,-0.05,0.0,0.05,0.03482378444402007,0.03962872340637423,0.004804938962354163,0.004804938962354163,0,0,0,-1
gmsc,mlp,75,NumberOfTimes90DaysLate,relative_minus_5,-0.05,0.0,0.05,0.04920214568663398,0.05692949801113099,0.0077273523244970055,0.0077273523244970055,0,0,0,-1
gmsc,mlp,76,NumberOfTimes90DaysLate,relative_minus_5,-0.05,0.0,0.05,0.02205212445347039,0.024415902268045006,0.002363777814574617,0.002363777814574617,0,0,0,-1
gmsc,mlp,77,NumberOfTimes90DaysLate,relative_minus_5,-0.05,0.0,0.05,0.009856180676789783,0.011795561502303485,0.0019393808255137018,0.0019393808255137018,0,0,0,-1
gmsc,mlp,78,NumberOfTimes90DaysLate,relative_minus_5,-0.05,0.0,0.05,0.010129649250511236,0.011776515807234114,0.0016468665567228782,0.0016468665567228782,0,0,0,-1
gmsc,mlp,79,NumberOfTimes90DaysLate,relative_minus_5,-0.05,0.0,0.05,0.025575449411528527,0.028923616766460315,0.003348167354931788,0.003348167354931788,0,0,0,-1
gmsc,mlp,80,NumberOfTimes90DaysLate,relative_minus_5,-0.05,0.0,0.05,0.005666248820127979,0.006553373918517226,0.0008871250983892472,0.0008871250983892472,0,0,0,-1
gmsc,mlp,81,NumberOfTimes90DaysLate,relative_minus_5,-0.05,0.0,0.05,0.04332063353337088,0.048163011597329816,0.004842378063958937,0.004842378063958937,0,0,0,-1
gmsc,mlp,82,NumberOfTimes90DaysLate,relative_minus_5,-0.05,0.0,0.05,0.01937427089536237,0.02213024451577715,0.0027559736204147804,0.0027559736204147804,0,0,0,-1
gmsc,mlp,83,NumberOfTimes90DaysLate,relative_minus_5,-0.05,0.0,0.05,0.014956252536287561,0.017896904494977738,0.0029406519586901766,0.0029406519586901766,0,0,0,-1
gmsc,mlp,84,NumberOfTimes90DaysLate,relative_minus_5,-0.05,0.0,0.05,0.034404191335380946,0.03814515463869298,0.003740963303312035,0.003740963303312035,0,0,0,-1
gmsc,mlp,85,NumberOfTimes90DaysLate,relative_minus_5,-0.05,0.0,0.05,0.016073637508889543,0.018584172527447707,0.002510535018558163,0.002510535018558163,0,0,0,-1
gmsc,mlp,86,NumberOfTimes90DaysLate,relative_minus_5,-0.05,0.0,0.05,0.03951246267546877,0.04419675844738451,0.004684295771915738,0.004684295771915738,0,0,0,-1
gmsc,mlp,87,NumberOfTimes90DaysLate,relative_minus_5,-0.05,0.0,0.05,0.023170727869934838,0.026084972915943472,0.0029142450460086337,0.0029142450460086337,0,0,0,-1
gmsc,mlp,88,NumberOfTimes90DaysLate,relative_minus_5,-0.05,0.0,0.05,0.014049767208401245,0.016044172242624975,0.001994405034223729,0.001994405034223729,0,0,0,-1
gmsc,mlp,89,NumberOfTimes90DaysLate,relative_minus_5,-0.05,0.0,0.05,0.031436900478850546,0.03550897496413371,0.004072074485283163,0.004072074485283163,0,0,0,-1
gmsc,mlp,90,NumberOfTimes90DaysLate,relative_minus_5,-0.05,0.0,0.05,0.005417127218637603,0.0064622948559985675,0.0010451676373609648,0.0010451676373609648,0,0,0,-1
gmsc,mlp,91,NumberOfTimes90DaysLate,relative_minus_5,-0.05,0.0,0.05,0.025606851072255785,0.028089588157923492,0.002482737085667708,0.002482737085667708,0,0,0,-1
gmsc,mlp,92,NumberOfTimes90DaysLate,relative_minus_5,-0.05,0.0,0.05,0.06791010130064887,0.08009896547459999,0.012188864173951125,0.012188864173951125,0,0,0,-1
gmsc,mlp,93,NumberOfTimes90DaysLate,relative_minus_5,-0.05,0.0,0.05,0.012557321048589615,0.014284160687893184,0.0017268396393035693,0.0017268396393035693,0,0,0,-1
gmsc,mlp,94,NumberOfTimes90DaysLate,relative_minus_5,-0.05,0.0,0.05,0.01479561435417343,0.01772522087338694,0.0029296065192135085,0.0029296065192135085,0,0,0,-1
gmsc,mlp,95,NumberOfTimes90DaysLate,relative_minus_5,-0.05,0.0,0.05,0.02165723032387087,0.02435410837300372,0.0026968780491328503,0.0026968780491328503,0,0,0,-1
gmsc,mlp,96,NumberOfTimes90DaysLate,relative_minus_5,-0.05,0.0,0.05,0.025618448582325936,0.031200128197348694,0.0055816796150227575,0.0055816796150227575,0,0,0,-1
gmsc,mlp,97,NumberOfTimes90DaysLate,relative_minus_5,-0.05,0.0,0.05,0.017705870709505835,0.020081516371570948,0.0023756456620651137,0.0023756456620651137,0,0,0,-1
gmsc,mlp,98,NumberOfTimes90DaysLate,relative_minus_5,-0.05,0.0,0.05,0.021717560701058864,0.0242266386956988,0.002509077994639935,0.002509077994639935,0,0,0,-1
gmsc,mlp,99,NumberOfTimes90DaysLate,relative_minus_5,-0.05,0.0,0.05,0.2986561163043243,0.30993311546053326,0.011276999156208944,0.011276999156208944,0,0,0,-1
gmsc,mlp,0,NumberOfTimes90DaysLate,relative_plus_5,0.05,0.0,0.05,0.02211686465599193,0.02665577184771704,0.00453890719172511,0.00453890719172511,0,0,0,-1
gmsc,mlp,1,NumberOfTimes90DaysLate,relative_plus_5,0.05,0.0,0.05,0.01569449495491033,0.01828359698023455,0.002589102025324218,0.002589102025324218,0,0,0,-1
gmsc,mlp,2,NumberOfTimes90DaysLate,relative_plus_5,0.05,0.0,0.05,0.016575068310977385,0.019166077217080524,0.0025910089061031392,0.0025910089061031392,0,0,0,-1
gmsc,mlp,3,NumberOfTimes90DaysLate,relative_plus_5,0.05,0.0,0.05,0.034126022539606525,0.03851572657681684,0.0043897040372103124,0.0043897040372103124,0,0,0,-1
gmsc,mlp,4,NumberOfTimes90DaysLate,relative_plus_5,0.05,0.0,0.05,0.026106102898580053,0.02977191760412998,0.0036658147055499274,0.0036658147055499274,0,0,0,-1
gmsc,mlp,5,NumberOfTimes90DaysLate,relative_plus_5,0.05,0.0,0.05,0.021830131699538843,0.024711350456310344,0.002881218756771501,0.002881218756771501,0,0,0,-1
gmsc,mlp,6,NumberOfTimes90DaysLate,relative_plus_5,0.05,0.0,0.05,0.03217662260521963,0.03657848730365082,0.004401864698431186,0.004401864698431186,0,0,0,-1
gmsc,mlp,7,NumberOfTimes90DaysLate,relative_plus_5,0.05,0.0,0.05,0.046315106403102796,0.05284531403964823,0.006530207636545431,0.006530207636545431,0,0,0,-1
gmsc,mlp,8,NumberOfTimes90DaysLate,relative_plus_5,0.05,0.0,0.05,0.05673708325740244,0.06603974907874467,0.009302665821342232,0.009302665821342232,0,0,0,-1
gmsc,mlp,9,NumberOfTimes90DaysLate,relative_plus_5,0.05,0.0,0.05,0.07183380465082981,0.07848846608893607,0.006654661438106266,0.006654661438106266,0,0,0,-1
gmsc,mlp,10,NumberOfTimes90DaysLate,relative_plus_5,0.05,0.0,0.05,0.029425463415082575,0.03315819467250886,0.003732731257426288,0.003732731257426288,0,0,0,-1
gmsc,mlp,11,NumberOfTimes90DaysLate,relative_plus_5,0.05,0.0,0.05,0.012965465127209348,0.01449195271930789,0.001526487592098542,0.001526487592098542,0,0,0,-1
gmsc,mlp,12,NumberOfTimes90DaysLate,relative_plus_5,0.05,0.0,0.05,0.007076920292949544,0.008195992186350256,0.0011190718934007112,0.0011190718934007112,0,0,0,-1
gmsc,mlp,13,NumberOfTimes90DaysLate,relative_plus_5,0.05,1.0,1.05,0.35361463292929435,0.35706602368285706,0.003451390753562711,0.003451390753562711,0,0,0,-1
gmsc,mlp,14,NumberOfTimes90DaysLate,relative_plus_5,0.05,0.0,0.05,0.03041379302018182,0.035542044108349456,0.005128251088167637,0.005128251088167637,0,0,0,-1
gmsc,mlp,15,NumberOfTimes90DaysLate,relative_plus_5,0.05,0.0,0.05,0.028531846223265274,0.031542462254476794,0.00301061603121152,0.00301061603121152,0,0,0,-1
gmsc,mlp,16,NumberOfTimes90DaysLate,relative_plus_5,0.05,0.0,0.05,0.11002930362193034,0.11709503987737475,0.007065736255444419,0.007065736255444419,0,0,0,-1
gmsc,mlp,17,NumberOfTimes90DaysLate,relative_plus_5,0.05,0.0,0.05,0.013790889882417817,0.01573615990000206,0.001945270017584242,0.001945270017584242,0,0,0,-1
gmsc,mlp,18,NumberOfTimes90DaysLate,relative_plus_5,0.05,0.0,0.05,0.02753715371688414,0.0313270053304565,0.00378985161357236,0.00378985161357236,0,0,0,-1
gmsc,mlp,19,NumberOfTimes90DaysLate,relative_plus_5,0.05,0.0,0.05,0.052926506156008635,0.062019122206711415,0.00909261605070278,0.00909261605070278,0,0,0,-1
gmsc,mlp,20,NumberOfTimes90DaysLate,relative_plus_5,0.05,0.0,0.05,0.008830310596060332,0.010005671272574497,0.0011753606765141644,0.0011753606765141644,0,0,0,-1
gmsc,mlp,21,NumberOfTimes90DaysLate,relative_plus_5,0.05,0.0,0.05,0.014797349397540089,0.017489291299342482,0.002691941901802393,0.002691941901802393,0,0,0,-1
gmsc,mlp,22,NumberOfTimes90DaysLate,relative_plus_5,0.05,0.0,0.05,0.04562370697875247,0.05528906364245934,0.009665356663706874,0.009665356663706874,0,0,0,-1
gmsc,mlp,23,NumberOfTimes90DaysLate,relative_plus_5,0.05,0.0,0.05,0.01573080665121102,0.017694484588848692,0.001963677937637673,0.001963677937637673,0,0,0,-1
gmsc,mlp,24,NumberOfTimes90DaysLate,relative_plus_5,0.05,0.0,0.05,0.011506289508992087,0.013653243134619115,0.0021469536256270277,0.0021469536256270277,0,0,0,-1
gmsc,mlp,25,NumberOfTimes90DaysLate,relative_plus_5,0.05,0.0,0.05,0.03731802443216143,0.042388053736054386,0.005070029303892956,0.005070029303892956,0,0,0,-1
gmsc,mlp,26,NumberOfTimes90DaysLate,relative_plus_5,0.05,0.0,0.05,0.029333059161415907,0.03393848175972673,0.004605422598310826,0.004605422598310826,0,0,0,-1
gmsc,mlp,27,NumberOfTimes90DaysLate,relative_plus_5,0.05,0.0,0.05,0.035095010256273325,0.039904380513901785,0.0048093702576284605,0.0048093702576284605,0,0,0,-1
gmsc,mlp,28,NumberOfTimes90DaysLate,relative_plus_5,0.05,0.0,0.05,0.09263198005026192,0.10636793711571721,0.013735957065455287,0.013735957065455287,0,0,0,-1
gmsc,mlp,29,NumberOfTimes90DaysLate,relative_plus_5,0.05,0.0,0.05,0.006344097366443652,0.007657016456794914,0.0013129190903512621,0.0013129190903512621,0,0,0,-1
gmsc,mlp,30,NumberOfTimes90DaysLate,relative_plus_5,0.05,0.0,0.05,0.046242861401163154,0.050729407085524446,0.004486545684361291,0.004486545684361291,0,0,0,-1
gmsc,mlp,31,NumberOfTimes90DaysLate,relative_plus_5,0.05,0.0,0.05,0.0255021185573372,0.02875677048628753,0.003254651928950327,0.003254651928950327,0,0,0,-1
gmsc,mlp,32,NumberOfTimes90DaysLate,relative_plus_5,0.05,0.0,0.05,0.026376707227492684,0.031766906398443324,0.005390199170950641,0.005390199170950641,0,0,0,-1
gmsc,mlp,33,NumberOfTimes90DaysLate,relative_plus_5,0.05,0.0,0.05,0.015498282720832536,0.017723621637939543,0.002225338917107007,0.002225338917107007,0,0,0,-1
gmsc,mlp,34,NumberOfTimes90DaysLate,relative_plus_5,0.05,0.0,0.05,0.08535157193754099,0.09174695503225037,0.006395383094709384,0.006395383094709384,0,0,0,-1
gmsc,mlp,35,NumberOfTimes90DaysLate,relative_plus_5,0.05,0.0,0.05,0.19910001606794017,0.20903873254279515,0.009938716474854975,0.009938716474854975,0,0,0,-1
gmsc,mlp,36,NumberOfTimes90DaysLate,relative_plus_5,0.05,0.0,0.05,0.010761647197797914,0.012573713656851143,0.0018120664590532288,0.0018120664590532288,0,0,0,-1
gmsc,mlp,37,NumberOfTimes90DaysLate,relative_plus_5,0.05,0.0,0.05,0.01757909301258303,0.020412646294458447,0.002833553281875418,0.002833553281875418,0,0,0,-1
gmsc,mlp,38,NumberOfTimes90DaysLate,relative_plus_5,0.05,0.0,0.05,0.009145988810159647,0.010937190485172998,0.0017912016750133517,0.0017912016750133517,0,0,0,-1
gmsc,mlp,39,NumberOfTimes90DaysLate,relative_plus_5,0.05,0.0,0.05,0.051173952814171794,0.05649714758901436,0.005323194774842568,0.005323194774842568,0,0,0,-1
gmsc,mlp,40,NumberOfTimes90DaysLate,relative_plus_5,0.05,0.0,0.05,0.022676366611436422,0.026884355969879956,0.004207989358443534,0.004207989358443534,0,0,0,-1
gmsc,mlp,41,NumberOfTimes90DaysLate,relative_plus_5,0.05,0.0,0.05,0.04009590259851887,0.04465554218573898,0.00455963958722011,0.00455963958722011,0,0,0,-1
gmsc,mlp,42,NumberOfTimes90DaysLate,relative_plus_5,0.05,0.0,0.05,0.02298812229422112,0.02594793116330774,0.00295980886908662,0.00295980886908662,0,0,0,-1
gmsc,mlp,43,NumberOfTimes90DaysLate,relative_plus_5,0.05,0.0,0.05,0.04219806536296886,0.04738538709610667,0.005187321733137809,0.005187321733137809,0,0,0,-1
gmsc,mlp,44,NumberOfTimes90DaysLate,relative_plus_5,0.05,0.0,0.05,0.01680383752969732,0.01900738840691191,0.002203550877214591,0.002203550877214591,0,0,0,-1
gmsc,mlp,45,NumberOfTimes90DaysLate,relative_plus_5,0.05,0.0,0.05,0.0359226511464687,0.04228306224180167,0.006360411095332974,0.006360411095332974,0,0,0,-1
gmsc,mlp,46,NumberOfTimes90DaysLate,relative_plus_5,0.05,0.0,0.05,0.008419834692001592,0.009844796414672514,0.001424961722670922,0.001424961722670922,0,0,0,-1
gmsc,mlp,47,NumberOfTimes90DaysLate,relative_plus_5,0.05,0.0,0.05,0.01526822945269322,0.018681556560875827,0.0034133271081826077,0.0034133271081826077,0,0,0,-1
gmsc,mlp,48,NumberOfTimes90DaysLate,relative_plus_5,0.05,0.0,0.05,0.011940522095800142,0.014394487579684888,0.0024539654838847454,0.0024539654838847454,0,0,0,-1
gmsc,mlp,49,NumberOfTimes90DaysLate,relative_plus_5,0.05,0.0,0.05,0.029003393714220643,0.034176997626458566,0.005173603912237923,0.005173603912237923,0,0,0,-1
gmsc,mlp,50,NumberOfTimes90DaysLate,relative_plus_5,0.05,0.0,0.05,0.03157652357546811,0.035872446123236174,0.004295922547768061,0.004295922547768061,0,0,0,-1
gmsc,mlp,51,NumberOfTimes90DaysLate,relative_plus_5,0.05,0.0,0.05,0.016133909190219866,0.017775861727600203,0.0016419525373803368,0.0016419525373803368,0,0,0,-1
gmsc,mlp,52,NumberOfTimes90DaysLate,relative_plus_5,0.05,0.0,0.05,0.008942513898120756,0.010367456334805071,0.0014249424366843157,0.0014249424366843157,0,0,0,-1
gmsc,mlp,53,NumberOfTimes90DaysLate,relative_plus_5,0.05,0.0,0.05,0.29379437931569313,0.303183305145882,0.009388925830188855,0.009388925830188855,0,0,0,-1
gmsc,mlp,54,NumberOfTimes90DaysLate,relative_plus_5,0.05,0.0,0.05,0.3498543595427822,0.3618603895814528,0.012006030038670568,0.012006030038670568,0,0,0,-1
gmsc,mlp,55,NumberOfTimes90DaysLate,relative_plus_5,0.05,0.0,0.05,0.007600943545173095,0.0087192615536298,0.001118318008456706,0.001118318008456706,0,0,0,-1
gmsc,mlp,56,NumberOfTimes90DaysLate,relative_plus_5,0.05,0.0,0.05,0.025320893704546973,0.028807471261244652,0.0034865775566976787,0.0034865775566976787,0,0,0,-1
gmsc,mlp,57,NumberOfTimes90DaysLate,relative_plus_5,0.05,0.0,0.05,0.05069033380470405,0.05737515937652309,0.006684825571819042,0.006684825571819042,0,0,0,-1
gmsc,mlp,58,NumberOfTimes90DaysLate,relative_plus_5,0.05,1.0,1.05,0.16009590625064055,0.16802585957683758,0.007929953326197031,0.007929953326197031,0,0,0,-1
gmsc,mlp,59,NumberOfTimes90DaysLate,relative_plus_5,0.05,0.0,0.05,0.025457114256866867,0.02846118477519818,0.003004070518331313,0.003004070518331313,0,0,0,-1
gmsc,mlp,60,NumberOfTimes90DaysLate,relative_plus_5,0.05,0.0,0.05,0.037076780618332694,0.041165170829755224,0.0040883902114225296,0.0040883902114225296,0,0,0,-1
gmsc,mlp,61,NumberOfTimes90DaysLate,relative_plus_5,0.05,0.0,0.05,0.04860926951599663,0.05355231356073255,0.004943044044735917,0.004943044044735917,0,0,0,-1
gmsc,mlp,62,NumberOfTimes90DaysLate,relative_plus_5,0.05,0.0,0.05,0.022160573410907457,0.02519414673614994,0.0030335733252424835,0.0030335733252424835,0,0,0,-1
gmsc,mlp,63,NumberOfTimes90DaysLate,relative_plus_5,0.05,0.0,0.05,0.010545360475655359,0.011998287967807452,0.001452927492152093,0.001452927492152093,0,0,0,-1
gmsc,mlp,64,NumberOfTimes90DaysLate,relative_plus_5,0.05,0.0,0.05,0.05188426446215026,0.05764020955472976,0.005755945092579498,0.005755945092579498,0,0,0,-1
gmsc,mlp,65,NumberOfTimes90DaysLate,relative_plus_5,0.05,0.0,0.05,0.19320558451418393,0.21524121116046355,0.022035626646279616,0.022035626646279616,0,0,0,-1
gmsc,mlp,66,NumberOfTimes90DaysLate,relative_plus_5,0.05,0.0,0.05,0.017380461870616856,0.020017267690979158,0.0026368058203623014,0.0026368058203623014,0,0,0,-1
gmsc,mlp,67,NumberOfTimes90DaysLate,relative_plus_5,0.05,0.0,0.05,0.045289289381342065,0.051397950603876544,0.006108661222534478,0.006108661222534478,0,0,0,-1
gmsc,mlp,68,NumberOfTimes90DaysLate,relative_plus_5,0.05,0.0,0.05,0.012814695328681581,0.014568576401080837,0.0017538810723992555,0.0017538810723992555,0,0,0,-1
gmsc,mlp,69,NumberOfTimes90DaysLate,relative_plus_5,0.05,0.0,0.05,0.09362660727989738,0.0996888575544225,0.006062250274525116,0.006062250274525116,0,0,0,-1
gmsc,mlp,70,NumberOfTimes90DaysLate,relative_plus_5,0.05,0.0,0.05,0.09827269814207695,0.10588910215616451,0.007616404014087558,0.007616404014087558,0,0,0,-1
gmsc,mlp,71,NumberOfTimes90DaysLate,relative_plus_5,0.05,0.0,0.05,0.07244781616495638,0.07860203344755329,0.006154217282596908,0.006154217282596908,0,0,0,-1
gmsc,mlp,72,NumberOfTimes90DaysLate,relative_plus_5,0.05,0.0,0.05,0.03217968676284227,0.036765895201381356,0.004586208438539088,0.004586208438539088,0,0,0,-1
gmsc,mlp,73,NumberOfTimes90DaysLate,relative_plus_5,0.05,0.0,0.05,0.044640504763767554,0.04951591083977251,0.004875406076004958,0.004875406076004958,0,0,0,-1
gmsc,mlp,74,NumberOfTimes90DaysLate,relative_plus_5,0.05,0.0,0.05,0.03482378444402007,0.03962872340637423,0.004804938962354163,0.004804938962354163,0,0,0,-1
gmsc,mlp,75,NumberOfTimes90DaysLate,relative_plus_5,0.05,0.0,0.05,0.04920214568663398,0.05692949801113099,0.0077273523244970055,0.0077273523244970055,0,0,0,-1
gmsc,mlp,76,NumberOfTimes90DaysLate,relative_plus_5,0.05,0.0,0.05,0.02205212445347039,0.024415902268045006,0.002363777814574617,0.002363777814574617,0,0,0,-1
gmsc,mlp,77,NumberOfTimes90DaysLate,relative_plus_5,0.05,0.0,0.05,0.009856180676789783,0.011795561502303485,0.0019393808255137018,0.0019393808255137018,0,0,0,-1
gmsc,mlp,78,NumberOfTimes90DaysLate,relative_plus_5,0.05,0.0,0.05,0.010129649250511236,0.011776515807234114,0.0016468665567228782,0.0016468665567228782,0,0,0,-1
gmsc,mlp,79,NumberOfTimes90DaysLate,relative_plus_5,0.05,0.0,0.05,0.025575449411528527,0.028923616766460315,0.003348167354931788,0.003348167354931788,0,0,0,-1
gmsc,mlp,80,NumberOfTimes90DaysLate,relative_plus_5,0.05,0.0,0.05,0.005666248820127979,0.006553373918517226,0.0008871250983892472,0.0008871250983892472,0,0,0,-1
gmsc,mlp,81,NumberOfTimes90DaysLate,relative_plus_5,0.05,0.0,0.05,0.04332063353337088,0.048163011597329816,0.004842378063958937,0.004842378063958937,0,0,0,-1
gmsc,mlp,82,NumberOfTimes90DaysLate,relative_plus_5,0.05,0.0,0.05,0.01937427089536237,0.02213024451577715,0.0027559736204147804,0.0027559736204147804,0,0,0,-1
gmsc,mlp,83,NumberOfTimes90DaysLate,relative_plus_5,0.05,0.0,0.05,0.014956252536287561,0.017896904494977738,0.0029406519586901766,0.0029406519586901766,0,0,0,-1
gmsc,mlp,84,NumberOfTimes90DaysLate,relative_plus_5,0.05,0.0,0.05,0.034404191335380946,0.03814515463869298,0.003740963303312035,0.003740963303312035,0,0,0,-1
gmsc,mlp,85,NumberOfTimes90DaysLate,relative_plus_5,0.05,0.0,0.05,0.016073637508889543,0.018584172527447707,0.002510535018558163,0.002510535018558163,0,0,0,-1
gmsc,mlp,86,NumberOfTimes90DaysLate,relative_plus_5,0.05,0.0,0.05,0.03951246267546877,0.04419675844738451,0.004684295771915738,0.004684295771915738,0,0,0,-1
gmsc,mlp,87,NumberOfTimes90DaysLate,relative_plus_5,0.05,0.0,0.05,0.023170727869934838,0.026084972915943472,0.0029142450460086337,0.0029142450460086337,0,0,0,-1
gmsc,mlp,88,NumberOfTimes90DaysLate,relative_plus_5,0.05,0.0,0.05,0.014049767208401245,0.016044172242624975,0.001994405034223729,0.001994405034223729,0,0,0,-1
gmsc,mlp,89,NumberOfTimes90DaysLate,relative_plus_5,0.05,0.0,0.05,0.031436900478850546,0.03550897496413371,0.004072074485283163,0.004072074485283163,0,0,0,-1
gmsc,mlp,90,NumberOfTimes90DaysLate,relative_plus_5,0.05,0.0,0.05,0.005417127218637603,0.0064622948559985675,0.0010451676373609648,0.0010451676373609648,0,0,0,-1
gmsc,mlp,91,NumberOfTimes90DaysLate,relative_plus_5,0.05,0.0,0.05,0.025606851072255785,0.028089588157923492,0.002482737085667708,0.002482737085667708,0,0,0,-1
gmsc,mlp,92,NumberOfTimes90DaysLate,relative_plus_5,0.05,0.0,0.05,0.06791010130064887,0.08009896547459999,0.012188864173951125,0.012188864173951125,0,0,0,-1
gmsc,mlp,93,NumberOfTimes90DaysLate,relative_plus_5,0.05,0.0,0.05,0.012557321048589615,0.014284160687893184,0.0017268396393035693,0.0017268396393035693,0,0,0,-1
gmsc,mlp,94,NumberOfTimes90DaysLate,relative_plus_5,0.05,0.0,0.05,0.01479561435417343,0.01772522087338694,0.0029296065192135085,0.0029296065192135085,0,0,0,-1
gmsc,mlp,95,NumberOfTimes90DaysLate,relative_plus_5,0.05,0.0,0.05,0.02165723032387087,0.02435410837300372,0.0026968780491328503,0.0026968780491328503,0,0,0,-1
gmsc,mlp,96,NumberOfTimes90DaysLate,relative_plus_5,0.05,0.0,0.05,0.025618448582325936,0.031200128197348694,0.0055816796150227575,0.0055816796150227575,0,0,0,-1
gmsc,mlp,97,NumberOfTimes90DaysLate,relative_plus_5,0.05,0.0,0.05,0.017705870709505835,0.020081516371570948,0.0023756456620651137,0.0023756456620651137,0,0,0,-1
gmsc,mlp,98,NumberOfTimes90DaysLate,relative_plus_5,0.05,0.0,0.05,0.021717560701058864,0.0242266386956988,0.002509077994639935,0.002509077994639935,0,0,0,-1
gmsc,mlp,99,NumberOfTimes90DaysLate,relative_plus_5,0.05,0.0,0.05,0.2986561163043243,0.30993311546053326,0.011276999156208944,0.011276999156208944,0,0,0,-1
gmsc,mlp,0,NumberOfTimes90DaysLate,relative_minus_10,-0.1,0.0,0.1,0.02211686465599193,0.03209559789371646,0.009978733237724528,0.009978733237724528,0,0,0,-1
gmsc,mlp,1,NumberOfTimes90DaysLate,relative_minus_10,-0.1,0.0,0.1,0.01569449495491033,0.021290581412404128,0.0055960864574937964,0.0055960864574937964,0,0,0,-1
gmsc,mlp,2,NumberOfTimes90DaysLate,relative_minus_10,-0.1,0.0,0.1,0.016575068310977385,0.022152987978748775,0.005577919667771391,0.005577919667771391,0,0,0,-1
gmsc,mlp,3,NumberOfTimes90DaysLate,relative_minus_10,-0.1,0.0,0.1,0.034126022539606525,0.04233812458861285,0.008212102049006326,0.008212102049006326,0,0,0,-1
gmsc,mlp,4,NumberOfTimes90DaysLate,relative_minus_10,-0.1,0.0,0.1,0.026106102898580053,0.03395554179841598,0.007849438899835925,0.007849438899835925,0,0,0,-1
gmsc,mlp,5,NumberOfTimes90DaysLate,relative_minus_10,-0.1,0.0,0.1,0.021830131699538843,0.027784055754873218,0.005953924055334375,0.005953924055334375,0,0,0,-1
gmsc,mlp,6,NumberOfTimes90DaysLate,relative_minus_10,-0.1,0.0,0.1,0.03217662260521963,0.0415566841719089,0.009380061566689267,0.009380061566689267,0,0,0,-1
gmsc,mlp,7,NumberOfTimes90DaysLate,relative_minus_10,-0.1,0.0,0.1,0.046315106403102796,0.06121653335821445,0.014901426955111652,0.014901426955111652,0,0,0,-1
gmsc,mlp,8,NumberOfTimes90DaysLate,relative_minus_10,-0.1,0.0,0.1,0.05673708325740244,0.07674359295093806,0.020006509693535623,0.020006509693535623,0,0,0,-1
gmsc,mlp,9,NumberOfTimes90DaysLate,relative_minus_10,-0.1,0.0,0.1,0.07183380465082981,0.08479705916746091,0.012963254516631106,0.012963254516631106,0,0,0,-1
gmsc,mlp,10,NumberOfTimes90DaysLate,relative_minus_10,-0.1,0.0,0.1,0.029425463415082575,0.03703774783156794,0.0076122844164853674,0.0076122844164853674,0,0,0,-1
gmsc,mlp,11,NumberOfTimes90DaysLate,relative_minus_10,-0.1,0.0,0.1,0.012965465127209348,0.016195212307491633,0.0032297471802822855,0.0032297471802822855,0,0,0,-1
gmsc,mlp,12,NumberOfTimes90DaysLate,relative_minus_10,-0.1,0.0,0.1,0.007076920292949544,0.009490331313684887,0.002413411020735342,0.002413411020735342,0,0,0,-1
gmsc,mlp,13,NumberOfTimes90DaysLate,relative_minus_10,-0.1,1.0,1.1,0.35361463292929435,0.36053231179791734,0.0069176788686229895,0.0069176788686229895,0,0,0,-1
gmsc,mlp,14,NumberOfTimes90DaysLate,relative_minus_10,-0.1,0.0,0.1,0.03041379302018182,0.04149799109916003,0.011084198078978213,0.011084198078978213,0,0,0,-1
gmsc,mlp,15,NumberOfTimes90DaysLate,relative_minus_10,-0.1,0.0,0.1,0.028531846223265274,0.034892180428121845,0.006360334204856571,0.006360334204856571,0,0,0,-1
gmsc,mlp,16,NumberOfTimes90DaysLate,relative_minus_10,-0.1,0.0,0.1,0.11002930362193034,0.12293093426268432,0.012901630640753989,0.012901630640753989,0,0,0,-1
gmsc,mlp,17,NumberOfTimes90DaysLate,relative_minus_10,-0.1,0.0,0.1,0.013790889882417817,0.017950825026938556,0.004159935144520739,0.004159935144520739,0,0,0,-1
gmsc,mlp,18,NumberOfTimes90DaysLate,relative_minus_10,-0.1,0.0,0.1,0.02753715371688414,0.03561933765799374,0.008082183941109596,0.008082183941109596,0,0,0,-1
gmsc,mlp,19,NumberOfTimes90DaysLate,relative_minus_10,-0.1,0.0,0.1,0.052926506156008635,0.07097734646735766,0.01805084031134903,0.01805084031134903,0,0,0,-1
gmsc,mlp,20,NumberOfTimes90DaysLate,relative_minus_10,-0.1,0.0,0.1,0.008830310596060332,0.011334647224860998,0.0025043366288006654,0.0025043366288006654,0,0,0,-1
gmsc,mlp,21,NumberOfTimes90DaysLate,relative_minus_10,-0.1,0.0,0.1,0.014797349397540089,0.02066595678723565,0.005868607389695562,0.005868607389695562,0,0,0,-1
gmsc,mlp,22,NumberOfTimes90DaysLate,relative_minus_10,-0.1,0.0,0.1,0.04562370697875247,0.0668585765815224,0.021234869602769935,0.021234869602769935,0,0,0,-1
gmsc,mlp,23,NumberOfTimes90DaysLate,relative_minus_10,-0.1,0.0,0.1,0.01573080665121102,0.01989833305577817,0.004167526404567152,0.004167526404567152,0,0,0,-1
gmsc,mlp,24,NumberOfTimes90DaysLate,relative_minus_10,-0.1,0.0,0.1,0.011506289508992087,0.016431986133873172,0.004925696624881085,0.004925696624881085,0,0,0,-1
gmsc,mlp,25,NumberOfTimes90DaysLate,relative_minus_10,-0.1,0.0,0.1,0.03731802443216143,0.04811247230945473,0.0107944478772933,0.0107944478772933,0,0,0,-1
gmsc,mlp,26,NumberOfTimes90DaysLate,relative_minus_10,-0.1,0.0,0.1,0.029333059161415907,0.03899193391213866,0.009658874750722756,0.009658874750722756,0,0,0,-1
gmsc,mlp,27,NumberOfTimes90DaysLate,relative_minus_10,-0.1,0.0,0.1,0.035095010256273325,0.045341849703928176,0.010246839447654851,0.010246839447654851,0,0,0,-1
gmsc,mlp,28,NumberOfTimes90DaysLate,relative_minus_10,-0.1,0.0,0.1,0.09263198005026192,0.12142419591772619,0.028792215867464263,0.028792215867464263,0,0,0,-1
gmsc,mlp,29,NumberOfTimes90DaysLate,relative_minus_10,-0.1,0.0,0.1,0.006344097366443652,0.009239119446052041,0.002895022079608389,0.002895022079608389,0,0,0,-1
gmsc,mlp,30,NumberOfTimes90DaysLate,relative_minus_10,-0.1,0.0,0.1,0.046242861401163154,0.05563431804650298,0.009391456645339823,0.009391456645339823,0,0,0,-1
gmsc,mlp,31,NumberOfTimes90DaysLate,relative_minus_10,-0.1,0.0,0.1,0.0255021185573372,0.032412974592657864,0.006910856035320663,0.006910856035320663,0,0,0,-1
gmsc,mlp,32,NumberOfTimes90DaysLate,relative_minus_10,-0.1,0.0,0.1,0.026376707227492684,0.038822470195950406,0.012445762968457723,0.012445762968457723,0,0,0,-1
gmsc,mlp,33,NumberOfTimes90DaysLate,relative_minus_10,-0.1,0.0,0.1,0.015498282720832536,0.020261912261983154,0.0047636295411506175,0.0047636295411506175,0,0,0,-1
gmsc,mlp,34,NumberOfTimes90DaysLate,relative_minus_10,-0.1,0.0,0.1,0.08535157193754099,0.09773551903244976,0.012383947094908768,0.012383947094908768,0,0,0,-1
gmsc,mlp,35,NumberOfTimes90DaysLate,relative_minus_10,-0.1,0.0,0.1,0.19910001606794017,0.21933770172656222,0.02023768565862205,0.02023768565862205,0,0,0,-1
gmsc,mlp,36,NumberOfTimes90DaysLate,relative_minus_10,-0.1,0.0,0.1,0.010761647197797914,0.014686369443688778,0.0039247222458908635,0.0039247222458908635,0,0,0,-1
gmsc,mlp,37,NumberOfTimes90DaysLate,relative_minus_10,-0.1,0.0,0.1,0.01757909301258303,0.023437039302005677,0.005857946289422648,0.005857946289422648,0,0,0,-1
gmsc,mlp,38,NumberOfTimes90DaysLate,relative_minus_10,-0.1,0.0,0.1,0.009145988810159647,0.013309744791825907,0.00416375598166626,0.00416375598166626,0,0,0,-1
gmsc,mlp,39,NumberOfTimes90DaysLate,relative_minus_10,-0.1,0.0,0.1,0.051173952814171794,0.062337689665129196,0.011163736850957402,0.011163736850957402,0,0,0,-1
gmsc,mlp,40,NumberOfTimes90DaysLate,relative_minus_10,-0.1,0.0,0.1,0.022676366611436422,0.03132560230209684,0.00864923569066042,0.00864923569066042,0,0,0,-1
gmsc,mlp,41,NumberOfTimes90DaysLate,relative_minus_10,-0.1,0.0,0.1,0.04009590259851887,0.04965694294284781,0.00956104034432894,0.00956104034432894,0,0,0,-1
gmsc,mlp,42,NumberOfTimes90DaysLate,relative_minus_10,-0.1,0.0,0.1,0.02298812229422112,0.02927740702039784,0.006289284726176722,0.006289284726176722,0,0,0,-1
gmsc,mlp,43,NumberOfTimes90DaysLate,relative_minus_10,-0.1,0.0,0.1,0.04219806536296886,0.05314854377616443,0.010950478413195568,0.010950478413195568,0,0,0,-1
gmsc,mlp,44,NumberOfTimes90DaysLate,relative_minus_10,-0.1,0.0,0.1,0.01680383752969732,0.021488877507723946,0.004685039978026627,0.004685039978026627,0,0,0,-1
gmsc,mlp,45,NumberOfTimes90DaysLate,relative_minus_10,-0.1,0.0,0.1,0.0359226511464687,0.04971156881755628,0.013788917671087579,0.013788917671087579,0,0,0,-1
gmsc,mlp,46,NumberOfTimes90DaysLate,relative_minus_10,-0.1,0.0,0.1,0.008419834692001592,0.011508117932692248,0.0030882832406906556,0.0030882832406906556,0,0,0,-1
gmsc,mlp,47,NumberOfTimes90DaysLate,relative_minus_10,-0.1,0.0,0.1,0.01526822945269322,0.02273038998517779,0.007462160532484571,0.007462160532484571,0,0,0,-1
gmsc,mlp,48,NumberOfTimes90DaysLate,relative_minus_10,-0.1,0.0,0.1,0.011940522095800142,0.01734392890167578,0.005403406805875638,0.005403406805875638,0,0,0,-1
gmsc,mlp,49,NumberOfTimes90DaysLate,relative_minus_10,-0.1,0.0,0.1,0.029003393714220643,0.039915132706243445,0.010911738992022801,0.010911738992022801,0,0,0,-1
gmsc,mlp,50,NumberOfTimes90DaysLate,relative_minus_10,-0.1,0.0,0.1,0.03157652357546811,0.04072824046467142,0.009151716889203305,0.009151716889203305,0,0,0,-1
gmsc,mlp,51,NumberOfTimes90DaysLate,relative_minus_10,-0.1,0.0,0.1,0.016133909190219866,0.019557362929063946,0.0034234537388440796,0.0034234537388440796,0,0,0,-1
gmsc,mlp,52,NumberOfTimes90DaysLate,relative_minus_10,-0.1,0.0,0.1,0.008942513898120756,0.012016702738350095,0.0030741888402293395,0.0030741888402293395,0,0,0,-1
gmsc,mlp,53,NumberOfTimes90DaysLate,relative_minus_10,-0.1,0.0,0.1,0.29379437931569313,0.31456447031802276,0.020770091002329627,0.020770091002329627,0,0,0,-1
gmsc,mlp,54,NumberOfTimes90DaysLate,relative_minus_10,-0.1,0.0,0.1,0.3498543595427822,0.3740413938105727,0.024187034267790508,0.024187034267790508,0,0,0,-1
gmsc,mlp,55,NumberOfTimes90DaysLate,relative_minus_10,-0.1,0.0,0.1,0.007600943545173095,0.010000305939182092,0.0023993623940089977,0.0023993623940089977,0,0,0,-1
gmsc,mlp,56,NumberOfTimes90DaysLate,relative_minus_10,-0.1,0.0,0.1,0.025320893704546973,0.03248035203776964,0.007159458333222665,0.007159458333222665,0,0,0,-1
gmsc,mlp,57,NumberOfTimes90DaysLate,relative_minus_10,-0.1,0.0,0.1,0.05069033380470405,0.0655739332928362,0.01488359948813215,0.01488359948813215,0,0,0,-1
gmsc,mlp,58,NumberOfTimes90DaysLate,relative_minus_10,-0.1,1.0,1.1,0.16009590625064055,0.17626617060889405,0.0161702643582535,0.0161702643582535,0,0,0,-1
gmsc,mlp,59,NumberOfTimes90DaysLate,relative_minus_10,-0.1,0.0,0.1,0.025457114256866867,0.03180818066228824,0.006351066405421369,0.006351066405421369,0,0,0,-1
gmsc,mlp,60,NumberOfTimes90DaysLate,relative_minus_10,-0.1,0.0,0.1,0.037076780618332694,0.045682992737145545,0.00860621211881285,0.00860621211881285,0,0,0,-1
gmsc,mlp,61,NumberOfTimes90DaysLate,relative_minus_10,-0.1,0.0,0.1,0.04860926951599663,0.05917813817885523,0.010568868662858596,0.010568868662858596,0,0,0,-1
gmsc,mlp,62,NumberOfTimes90DaysLate,relative_minus_10,-0.1,0.0,0.1,0.022160573410907457,0.028660021560969338,0.006499448150061881,0.006499448150061881,0,0,0,-1
gmsc,mlp,63,NumberOfTimes90DaysLate,relative_minus_10,-0.1,0.0,0.1,0.010545360475655359,0.013621873766765338,0.0030765132911099793,0.0030765132911099793,0,0,0,-1
gmsc,mlp,64,NumberOfTimes90DaysLate,relative_minus_10,-0.1,0.0,0.1,0.05188426446215026,0.06399161041657196,0.0121073459544217,0.0121073459544217,0,0,0,-1
gmsc,mlp,65,NumberOfTimes90DaysLate,relative_minus_10,-0.1,0.0,0.1,0.19320558451418393,0.23890120595391484,0.04569562143973091,0.04569562143973091,0,0,0,-1
gmsc,mlp,66,NumberOfTimes90DaysLate,relative_minus_10,-0.1,0.0,0.1,0.017380461870616856,0.023011803848417205,0.005631341977800349,0.005631341977800349,0,0,0,-1
gmsc,mlp,67,NumberOfTimes90DaysLate,relative_minus_10,-0.1,0.0,0.1,0.045289289381342065,0.058810738606016266,0.0135214492246742,0.0135214492246742,0,0,0,-1
gmsc,mlp,68,NumberOfTimes90DaysLate,relative_minus_10,-0.1,0.0,0.1,0.012814695328681581,0.01655662515621106,0.0037419298275294787,0.0037419298275294787,0,0,0,-1
gmsc,mlp,69,NumberOfTimes90DaysLate,relative_minus_10,-0.1,0.0,0.1,0.09362660727989738,0.10609768577464679,0.012471078494749405,0.012471078494749405,0,0,0,-1
gmsc,mlp,70,NumberOfTimes90DaysLate,relative_minus_10,-0.1,0.0,0.1,0.09827269814207695,0.11349277229785999,0.01522007415578304,0.01522007415578304,0,0,0,-1
gmsc,mlp,71,NumberOfTimes90DaysLate,relative_minus_10,-0.1,0.0,0.1,0.07244781616495638,0.08491978842860488,0.012471972263648504,0.012471972263648504,0,0,0,-1
gmsc,mlp,72,NumberOfTimes90DaysLate,relative_minus_10,-0.1,0.0,0.1,0.03217968676284227,0.0419773747329104,0.00979768797006813,0.00979768797006813,0,0,0,-1
gmsc,mlp,73,NumberOfTimes90DaysLate,relative_minus_10,-0.1,0.0,0.1,0.044640504763767554,0.05483248287826337,0.010191978114495813,0.010191978114495813,0,0,0,-1
gmsc,mlp,74,NumberOfTimes90DaysLate,relative_minus_10,-0.1,0.0,0.1,0.03482378444402007,0.04507067564432945,0.010246891200309381,0.010246891200309381,0,0,0,-1
gmsc,mlp,75,NumberOfTimes90DaysLate,relative_minus_10,-0.1,0.0,0.1,0.04920214568663398,0.06578648508247632,0.01658433939584234,0.01658433939584234,0,0,0,-1
gmsc,mlp,76,NumberOfTimes90DaysLate,relative_minus_10,-0.1,0.0,0.1,0.02205212445347039,0.027179933454094668,0.005127809000624279,0.005127809000624279,0,0,0,-1
gmsc,mlp,77,NumberOfTimes90DaysLate,relative_minus_10,-0.1,0.0,0.1,0.009856180676789783,0.014111111870714394,0.004254931193924611,0.004254931193924611,0,0,0,-1
gmsc,mlp,78,NumberOfTimes90DaysLate,relative_minus_10,-0.1,0.0,0.1,0.010129649250511236,0.01366533982366974,0.0035356905731585044,0.0035356905731585044,0,0,0,-1
gmsc,mlp,79,NumberOfTimes90DaysLate,relative_minus_10,-0.1,0.0,0.1,0.025575449411528527,0.032739245927728026,0.0071637965161995,0.0071637965161995,0,0,0,-1
gmsc,mlp,80,NumberOfTimes90DaysLate,relative_minus_10,-0.1,0.0,0.1,0.005666248820127979,0.007579095985154042,0.0019128471650260628,0.0019128471650260628,0,0,0,-1
gmsc,mlp,81,NumberOfTimes90DaysLate,relative_minus_10,-0.1,0.0,0.1,0.04332063353337088,0.053558858067222756,0.010238224533851877,0.010238224533851877,0,0,0,-1
gmsc,mlp,82,NumberOfTimes90DaysLate,relative_minus_10,-0.1,0.0,0.1,0.01937427089536237,0.02526815133797264,0.0058938804426102685,0.0058938804426102685,0,0,0,-1
gmsc,mlp,83,NumberOfTimes90DaysLate,relative_minus_10,-0.1,0.0,0.1,0.014956252536287561,0.02140317549523253,0.006446922958944968,0.006446922958944968,0,0,0,-1
gmsc,mlp,84,NumberOfTimes90DaysLate,relative_minus_10,-0.1,0.0,0.1,0.034404191335380946,0.04227112124015206,0.007866929904771114,0.007866929904771114,0,0,0,-1
gmsc,mlp,85,NumberOfTimes90DaysLate,relative_minus_10,-0.1,0.0,0.1,0.016073637508889543,0.02147826737616205,0.005404629867272508,0.005404629867272508,0,0,0,-1
gmsc,mlp,86,NumberOfTimes90DaysLate,relative_minus_10,-0.1,0.0,0.1,0.03951246267546877,0.049407821950445276,0.009895359274976506,0.009895359274976506,0,0,0,-1
gmsc,mlp,87,NumberOfTimes90DaysLate,relative_minus_10,-0.1,0.0,0.1,0.023170727869934838,0.029356804752763956,0.0061860768828291175,0.0061860768828291175,0,0,0,-1
gmsc,mlp,88,NumberOfTimes90DaysLate,relative_minus_10,-0.1,0.0,0.1,0.014049767208401245,0.01832082767684683,0.0042710604684455845,0.0042710604684455845,0,0,0,-1
gmsc,mlp,89,NumberOfTimes90DaysLate,relative_minus_10,-0.1,0.0,0.1,0.031436900478850546,0.04008668158179282,0.008649781102942275,0.008649781102942275,0,0,0,-1
gmsc,mlp,90,NumberOfTimes90DaysLate,relative_minus_10,-0.1,0.0,0.1,0.005417127218637603,0.0077075519408179236,0.002290424722180321,0.002290424722180321,0,0,0,-1
gmsc,mlp,91,NumberOfTimes90DaysLate,relative_minus_10,-0.1,0.0,0.1,0.025606851072255785,0.030812745720126794,0.005205894647871009,0.005205894647871009,0,0,0,-1
gmsc,mlp,92,NumberOfTimes90DaysLate,relative_minus_10,-0.1,0.0,0.1,0.06791010130064887,0.09425432575597018,0.026344224455321308,0.026344224455321308,0,0,0,-1
gmsc,mlp,93,NumberOfTimes90DaysLate,relative_minus_10,-0.1,0.0,0.1,0.012557321048589615,0.01624456274253615,0.0036872416939465365,0.0036872416939465365,0,0,0,-1
gmsc,mlp,94,NumberOfTimes90DaysLate,relative_minus_10,-0.1,0.0,0.1,0.01479561435417343,0.021027646559554768,0.006232032205381337,0.006232032205381337,0,0,0,-1
gmsc,mlp,95,NumberOfTimes90DaysLate,relative_minus_10,-0.1,0.0,0.1,0.02165723032387087,0.027377418895119746,0.005720188571248876,0.005720188571248876,0,0,0,-1
gmsc,mlp,96,NumberOfTimes90DaysLate,relative_minus_10,-0.1,0.0,0.1,0.025618448582325936,0.03795056341969857,0.012332114837372631,0.012332114837372631,0,0,0,-1
gmsc,mlp,97,NumberOfTimes90DaysLate,relative_minus_10,-0.1,0.0,0.1,0.017705870709505835,0.022768520773801038,0.005062650064295203,0.005062650064295203,0,0,0,-1
gmsc,mlp,98,NumberOfTimes90DaysLate,relative_minus_10,-0.1,0.0,0.1,0.021717560701058864,0.027017590334569703,0.005300029633510839,0.005300029633510839,0,0,0,-1
gmsc,mlp,99,NumberOfTimes90DaysLate,relative_minus_10,-0.1,0.0,0.1,0.2986561163043243,0.32091926496542,0.02226314866109569,0.02226314866109569,0,0,0,-1
gmsc,mlp,0,NumberOfTimes90DaysLate,relative_plus_10,0.1,0.0,0.1,0.02211686465599193,0.03209559789371646,0.009978733237724528,0.009978733237724528,0,0,0,-1
gmsc,mlp,1,NumberOfTimes90DaysLate,relative_plus_10,0.1,0.0,0.1,0.01569449495491033,0.021290581412404128,0.0055960864574937964,0.0055960864574937964,0,0,0,-1
gmsc,mlp,2,NumberOfTimes90DaysLate,relative_plus_10,0.1,0.0,0.1,0.016575068310977385,0.022152987978748775,0.005577919667771391,0.005577919667771391,0,0,0,-1
gmsc,mlp,3,NumberOfTimes90DaysLate,relative_plus_10,0.1,0.0,0.1,0.034126022539606525,0.04233812458861285,0.008212102049006326,0.008212102049006326,0,0,0,-1
gmsc,mlp,4,NumberOfTimes90DaysLate,relative_plus_10,0.1,0.0,0.1,0.026106102898580053,0.03395554179841598,0.007849438899835925,0.007849438899835925,0,0,0,-1
gmsc,mlp,5,NumberOfTimes90DaysLate,relative_plus_10,0.1,0.0,0.1,0.021830131699538843,0.027784055754873218,0.005953924055334375,0.005953924055334375,0,0,0,-1
gmsc,mlp,6,NumberOfTimes90DaysLate,relative_plus_10,0.1,0.0,0.1,0.03217662260521963,0.0415566841719089,0.009380061566689267,0.009380061566689267,0,0,0,-1
gmsc,mlp,7,NumberOfTimes90DaysLate,relative_plus_10,0.1,0.0,0.1,0.046315106403102796,0.06121653335821445,0.014901426955111652,0.014901426955111652,0,0,0,-1
gmsc,mlp,8,NumberOfTimes90DaysLate,relative_plus_10,0.1,0.0,0.1,0.05673708325740244,0.07674359295093806,0.020006509693535623,0.020006509693535623,0,0,0,-1
gmsc,mlp,9,NumberOfTimes90DaysLate,relative_plus_10,0.1,0.0,0.1,0.07183380465082981,0.08479705916746091,0.012963254516631106,0.012963254516631106,0,0,0,-1
gmsc,mlp,10,NumberOfTimes90DaysLate,relative_plus_10,0.1,0.0,0.1,0.029425463415082575,0.03703774783156794,0.0076122844164853674,0.0076122844164853674,0,0,0,-1
gmsc,mlp,11,NumberOfTimes90DaysLate,relative_plus_10,0.1,0.0,0.1,0.012965465127209348,0.016195212307491633,0.0032297471802822855,0.0032297471802822855,0,0,0,-1
gmsc,mlp,12,NumberOfTimes90DaysLate,relative_plus_10,0.1,0.0,0.1,0.007076920292949544,0.009490331313684887,0.002413411020735342,0.002413411020735342,0,0,0,-1
gmsc,mlp,13,NumberOfTimes90DaysLate,relative_plus_10,0.1,1.0,1.1,0.35361463292929435,0.36053231179791734,0.0069176788686229895,0.0069176788686229895,0,0,0,-1
gmsc,mlp,14,NumberOfTimes90DaysLate,relative_plus_10,0.1,0.0,0.1,0.03041379302018182,0.04149799109916003,0.011084198078978213,0.011084198078978213,0,0,0,-1
gmsc,mlp,15,NumberOfTimes90DaysLate,relative_plus_10,0.1,0.0,0.1,0.028531846223265274,0.034892180428121845,0.006360334204856571,0.006360334204856571,0,0,0,-1
gmsc,mlp,16,NumberOfTimes90DaysLate,relative_plus_10,0.1,0.0,0.1,0.11002930362193034,0.12293093426268432,0.012901630640753989,0.012901630640753989,0,0,0,-1
gmsc,mlp,17,NumberOfTimes90DaysLate,relative_plus_10,0.1,0.0,0.1,0.013790889882417817,0.017950825026938556,0.004159935144520739,0.004159935144520739,0,0,0,-1
gmsc,mlp,18,NumberOfTimes90DaysLate,relative_plus_10,0.1,0.0,0.1,0.02753715371688414,0.03561933765799374,0.008082183941109596,0.008082183941109596,0,0,0,-1
gmsc,mlp,19,NumberOfTimes90DaysLate,relative_plus_10,0.1,0.0,0.1,0.052926506156008635,0.07097734646735766,0.01805084031134903,0.01805084031134903,0,0,0,-1
gmsc,mlp,20,NumberOfTimes90DaysLate,relative_plus_10,0.1,0.0,0.1,0.008830310596060332,0.011334647224860998,0.0025043366288006654,0.0025043366288006654,0,0,0,-1
gmsc,mlp,21,NumberOfTimes90DaysLate,relative_plus_10,0.1,0.0,0.1,0.014797349397540089,0.02066595678723565,0.005868607389695562,0.005868607389695562,0,0,0,-1
gmsc,mlp,22,NumberOfTimes90DaysLate,relative_plus_10,0.1,0.0,0.1,0.04562370697875247,0.0668585765815224,0.021234869602769935,0.021234869602769935,0,0,0,-1
gmsc,mlp,23,NumberOfTimes90DaysLate,relative_plus_10,0.1,0.0,0.1,0.01573080665121102,0.01989833305577817,0.004167526404567152,0.004167526404567152,0,0,0,-1
gmsc,mlp,24,NumberOfTimes90DaysLate,relative_plus_10,0.1,0.0,0.1,0.011506289508992087,0.016431986133873172,0.004925696624881085,0.004925696624881085,0,0,0,-1
gmsc,mlp,25,NumberOfTimes90DaysLate,relative_plus_10,0.1,0.0,0.1,0.03731802443216143,0.04811247230945473,0.0107944478772933,0.0107944478772933,0,0,0,-1
gmsc,mlp,26,NumberOfTimes90DaysLate,relative_plus_10,0.1,0.0,0.1,0.029333059161415907,0.03899193391213866,0.009658874750722756,0.009658874750722756,0,0,0,-1
gmsc,mlp,27,NumberOfTimes90DaysLate,relative_plus_10,0.1,0.0,0.1,0.035095010256273325,0.045341849703928176,0.010246839447654851,0.010246839447654851,0,0,0,-1
gmsc,mlp,28,NumberOfTimes90DaysLate,relative_plus_10,0.1,0.0,0.1,0.09263198005026192,0.12142419591772619,0.028792215867464263,0.028792215867464263,0,0,0,-1
gmsc,mlp,29,NumberOfTimes90DaysLate,relative_plus_10,0.1,0.0,0.1,0.006344097366443652,0.009239119446052041,0.002895022079608389,0.002895022079608389,0,0,0,-1
gmsc,mlp,30,NumberOfTimes90DaysLate,relative_plus_10,0.1,0.0,0.1,0.046242861401163154,0.05563431804650298,0.009391456645339823,0.009391456645339823,0,0,0,-1
gmsc,mlp,31,NumberOfTimes90DaysLate,relative_plus_10,0.1,0.0,0.1,0.0255021185573372,0.032412974592657864,0.006910856035320663,0.006910856035320663,0,0,0,-1
gmsc,mlp,32,NumberOfTimes90DaysLate,relative_plus_10,0.1,0.0,0.1,0.026376707227492684,0.038822470195950406,0.012445762968457723,0.012445762968457723,0,0,0,-1
gmsc,mlp,33,NumberOfTimes90DaysLate,relative_plus_10,0.1,0.0,0.1,0.015498282720832536,0.020261912261983154,0.0047636295411506175,0.0047636295411506175,0,0,0,-1
gmsc,mlp,34,NumberOfTimes90DaysLate,relative_plus_10,0.1,0.0,0.1,0.08535157193754099,0.09773551903244976,0.012383947094908768,0.012383947094908768,0,0,0,-1
gmsc,mlp,35,NumberOfTimes90DaysLate,relative_plus_10,0.1,0.0,0.1,0.19910001606794017,0.21933770172656222,0.02023768565862205,0.02023768565862205,0,0,0,-1
gmsc,mlp,36,NumberOfTimes90DaysLate,relative_plus_10,0.1,0.0,0.1,0.010761647197797914,0.014686369443688778,0.0039247222458908635,0.0039247222458908635,0,0,0,-1
gmsc,mlp,37,NumberOfTimes90DaysLate,relative_plus_10,0.1,0.0,0.1,0.01757909301258303,0.023437039302005677,0.005857946289422648,0.005857946289422648,0,0,0,-1
gmsc,mlp,38,NumberOfTimes90DaysLate,relative_plus_10,0.1,0.0,0.1,0.009145988810159647,0.013309744791825907,0.00416375598166626,0.00416375598166626,0,0,0,-1
gmsc,mlp,39,NumberOfTimes90DaysLate,relative_plus_10,0.1,0.0,0.1,0.051173952814171794,0.062337689665129196,0.011163736850957402,0.011163736850957402,0,0,0,-1
gmsc,mlp,40,NumberOfTimes90DaysLate,relative_plus_10,0.1,0.0,0.1,0.022676366611436422,0.03132560230209684,0.00864923569066042,0.00864923569066042,0,0,0,-1
gmsc,mlp,41,NumberOfTimes90DaysLate,relative_plus_10,0.1,0.0,0.1,0.04009590259851887,0.04965694294284781,0.00956104034432894,0.00956104034432894,0,0,0,-1
gmsc,mlp,42,NumberOfTimes90DaysLate,relative_plus_10,0.1,0.0,0.1,0.02298812229422112,0.02927740702039784,0.006289284726176722,0.006289284726176722,0,0,0,-1
gmsc,mlp,43,NumberOfTimes90DaysLate,relative_plus_10,0.1,0.0,0.1,0.04219806536296886,0.05314854377616443,0.010950478413195568,0.010950478413195568,0,0,0,-1
gmsc,mlp,44,NumberOfTimes90DaysLate,relative_plus_10,0.1,0.0,0.1,0.01680383752969732,0.021488877507723946,0.004685039978026627,0.004685039978026627,0,0,0,-1
gmsc,mlp,45,NumberOfTimes90DaysLate,relative_plus_10,0.1,0.0,0.1,0.0359226511464687,0.04971156881755628,0.013788917671087579,0.013788917671087579,0,0,0,-1
gmsc,mlp,46,NumberOfTimes90DaysLate,relative_plus_10,0.1,0.0,0.1,0.008419834692001592,0.011508117932692248,0.0030882832406906556,0.0030882832406906556,0,0,0,-1
gmsc,mlp,47,NumberOfTimes90DaysLate,relative_plus_10,0.1,0.0,0.1,0.01526822945269322,0.02273038998517779,0.007462160532484571,0.007462160532484571,0,0,0,-1
gmsc,mlp,48,NumberOfTimes90DaysLate,relative_plus_10,0.1,0.0,0.1,0.011940522095800142,0.01734392890167578,0.005403406805875638,0.005403406805875638,0,0,0,-1
gmsc,mlp,49,NumberOfTimes90DaysLate,relative_plus_10,0.1,0.0,0.1,0.029003393714220643,0.039915132706243445,0.010911738992022801,0.010911738992022801,0,0,0,-1
gmsc,mlp,50,NumberOfTimes90DaysLate,relative_plus_10,0.1,0.0,0.1,0.03157652357546811,0.04072824046467142,0.009151716889203305,0.009151716889203305,0,0,0,-1
gmsc,mlp,51,NumberOfTimes90DaysLate,relative_plus_10,0.1,0.0,0.1,0.016133909190219866,0.019557362929063946,0.0034234537388440796,0.0034234537388440796,0,0,0,-1
gmsc,mlp,52,NumberOfTimes90DaysLate,relative_plus_10,0.1,0.0,0.1,0.008942513898120756,0.012016702738350095,0.0030741888402293395,0.0030741888402293395,0,0,0,-1
gmsc,mlp,53,NumberOfTimes90DaysLate,relative_plus_10,0.1,0.0,0.1,0.29379437931569313,0.31456447031802276,0.020770091002329627,0.020770091002329627,0,0,0,-1
gmsc,mlp,54,NumberOfTimes90DaysLate,relative_plus_10,0.1,0.0,0.1,0.3498543595427822,0.3740413938105727,0.024187034267790508,0.024187034267790508,0,0,0,-1
gmsc,mlp,55,NumberOfTimes90DaysLate,relative_plus_10,0.1,0.0,0.1,0.007600943545173095,0.010000305939182092,0.0023993623940089977,0.0023993623940089977,0,0,0,-1
gmsc,mlp,56,NumberOfTimes90DaysLate,relative_plus_10,0.1,0.0,0.1,0.025320893704546973,0.03248035203776964,0.007159458333222665,0.007159458333222665,0,0,0,-1
gmsc,mlp,57,NumberOfTimes90DaysLate,relative_plus_10,0.1,0.0,0.1,0.05069033380470405,0.0655739332928362,0.01488359948813215,0.01488359948813215,0,0,0,-1
gmsc,mlp,58,NumberOfTimes90DaysLate,relative_plus_10,0.1,1.0,1.1,0.16009590625064055,0.17626617060889405,0.0161702643582535,0.0161702643582535,0,0,0,-1
gmsc,mlp,59,NumberOfTimes90DaysLate,relative_plus_10,0.1,0.0,0.1,0.025457114256866867,0.03180818066228824,0.006351066405421369,0.006351066405421369,0,0,0,-1
gmsc,mlp,60,NumberOfTimes90DaysLate,relative_plus_10,0.1,0.0,0.1,0.037076780618332694,0.045682992737145545,0.00860621211881285,0.00860621211881285,0,0,0,-1
gmsc,mlp,61,NumberOfTimes90DaysLate,relative_plus_10,0.1,0.0,0.1,0.04860926951599663,0.05917813817885523,0.010568868662858596,0.010568868662858596,0,0,0,-1
gmsc,mlp,62,NumberOfTimes90DaysLate,relative_plus_10,0.1,0.0,0.1,0.022160573410907457,0.028660021560969338,0.006499448150061881,0.006499448150061881,0,0,0,-1
gmsc,mlp,63,NumberOfTimes90DaysLate,relative_plus_10,0.1,0.0,0.1,0.010545360475655359,0.013621873766765338,0.0030765132911099793,0.0030765132911099793,0,0,0,-1
gmsc,mlp,64,NumberOfTimes90DaysLate,relative_plus_10,0.1,0.0,0.1,0.05188426446215026,0.06399161041657196,0.0121073459544217,0.0121073459544217,0,0,0,-1
gmsc,mlp,65,NumberOfTimes90DaysLate,relative_plus_10,0.1,0.0,0.1,0.19320558451418393,0.23890120595391484,0.04569562143973091,0.04569562143973091,0,0,0,-1
gmsc,mlp,66,NumberOfTimes90DaysLate,relative_plus_10,0.1,0.0,0.1,0.017380461870616856,0.023011803848417205,0.005631341977800349,0.005631341977800349,0,0,0,-1
gmsc,mlp,67,NumberOfTimes90DaysLate,relative_plus_10,0.1,0.0,0.1,0.045289289381342065,0.058810738606016266,0.0135214492246742,0.0135214492246742,0,0,0,-1
gmsc,mlp,68,NumberOfTimes90DaysLate,relative_plus_10,0.1,0.0,0.1,0.012814695328681581,0.01655662515621106,0.0037419298275294787,0.0037419298275294787,0,0,0,-1
gmsc,mlp,69,NumberOfTimes90DaysLate,relative_plus_10,0.1,0.0,0.1,0.09362660727989738,0.10609768577464679,0.012471078494749405,0.012471078494749405,0,0,0,-1
gmsc,mlp,70,NumberOfTimes90DaysLate,relative_plus_10,0.1,0.0,0.1,0.09827269814207695,0.11349277229785999,0.01522007415578304,0.01522007415578304,0,0,0,-1
gmsc,mlp,71,NumberOfTimes90DaysLate,relative_plus_10,0.1,0.0,0.1,0.07244781616495638,0.08491978842860488,0.012471972263648504,0.012471972263648504,0,0,0,-1
gmsc,mlp,72,NumberOfTimes90DaysLate,relative_plus_10,0.1,0.0,0.1,0.03217968676284227,0.0419773747329104,0.00979768797006813,0.00979768797006813,0,0,0,-1
gmsc,mlp,73,NumberOfTimes90DaysLate,relative_plus_10,0.1,0.0,0.1,0.044640504763767554,0.05483248287826337,0.010191978114495813,0.010191978114495813,0,0,0,-1
gmsc,mlp,74,NumberOfTimes90DaysLate,relative_plus_10,0.1,0.0,0.1,0.03482378444402007,0.04507067564432945,0.010246891200309381,0.010246891200309381,0,0,0,-1
gmsc,mlp,75,NumberOfTimes90DaysLate,relative_plus_10,0.1,0.0,0.1,0.04920214568663398,0.06578648508247632,0.01658433939584234,0.01658433939584234,0,0,0,-1
gmsc,mlp,76,NumberOfTimes90DaysLate,relative_plus_10,0.1,0.0,0.1,0.02205212445347039,0.027179933454094668,0.005127809000624279,0.005127809000624279,0,0,0,-1
gmsc,mlp,77,NumberOfTimes90DaysLate,relative_plus_10,0.1,0.0,0.1,0.009856180676789783,0.014111111870714394,0.004254931193924611,0.004254931193924611,0,0,0,-1
gmsc,mlp,78,NumberOfTimes90DaysLate,relative_plus_10,0.1,0.0,0.1,0.010129649250511236,0.01366533982366974,0.0035356905731585044,0.0035356905731585044,0,0,0,-1
gmsc,mlp,79,NumberOfTimes90DaysLate,relative_plus_10,0.1,0.0,0.1,0.025575449411528527,0.032739245927728026,0.0071637965161995,0.0071637965161995,0,0,0,-1
gmsc,mlp,80,NumberOfTimes90DaysLate,relative_plus_10,0.1,0.0,0.1,0.005666248820127979,0.007579095985154042,0.0019128471650260628,0.0019128471650260628,0,0,0,-1
gmsc,mlp,81,NumberOfTimes90DaysLate,relative_plus_10,0.1,0.0,0.1,0.04332063353337088,0.053558858067222756,0.010238224533851877,0.010238224533851877,0,0,0,-1
gmsc,mlp,82,NumberOfTimes90DaysLate,relative_plus_10,0.1,0.0,0.1,0.01937427089536237,0.02526815133797264,0.0058938804426102685,0.0058938804426102685,0,0,0,-1
gmsc,mlp,83,NumberOfTimes90DaysLate,relative_plus_10,0.1,0.0,0.1,0.014956252536287561,0.02140317549523253,0.006446922958944968,0.006446922958944968,0,0,0,-1
gmsc,mlp,84,NumberOfTimes90DaysLate,relative_plus_10,0.1,0.0,0.1,0.034404191335380946,0.04227112124015206,0.007866929904771114,0.007866929904771114,0,0,0,-1
gmsc,mlp,85,NumberOfTimes90DaysLate,relative_plus_10,0.1,0.0,0.1,0.016073637508889543,0.02147826737616205,0.005404629867272508,0.005404629867272508,0,0,0,-1
gmsc,mlp,86,NumberOfTimes90DaysLate,relative_plus_10,0.1,0.0,0.1,0.03951246267546877,0.049407821950445276,0.009895359274976506,0.009895359274976506,0,0,0,-1
gmsc,mlp,87,NumberOfTimes90DaysLate,relative_plus_10,0.1,0.0,0.1,0.023170727869934838,0.029356804752763956,0.0061860768828291175,0.0061860768828291175,0,0,0,-1
gmsc,mlp,88,NumberOfTimes90DaysLate,relative_plus_10,0.1,0.0,0.1,0.014049767208401245,0.01832082767684683,0.0042710604684455845,0.0042710604684455845,0,0,0,-1
gmsc,mlp,89,NumberOfTimes90DaysLate,relative_plus_10,0.1,0.0,0.1,0.031436900478850546,0.04008668158179282,0.008649781102942275,0.008649781102942275,0,0,0,-1
gmsc,mlp,90,NumberOfTimes90DaysLate,relative_plus_10,0.1,0.0,0.1,0.005417127218637603,0.0077075519408179236,0.002290424722180321,0.002290424722180321,0,0,0,-1
gmsc,mlp,91,NumberOfTimes90DaysLate,relative_plus_10,0.1,0.0,0.1,0.025606851072255785,0.030812745720126794,0.005205894647871009,0.005205894647871009,0,0,0,-1
gmsc,mlp,92,NumberOfTimes90DaysLate,relative_plus_10,0.1,0.0,0.1,0.06791010130064887,0.09425432575597018,0.026344224455321308,0.026344224455321308,0,0,0,-1
gmsc,mlp,93,NumberOfTimes90DaysLate,relative_plus_10,0.1,0.0,0.1,0.012557321048589615,0.01624456274253615,0.0036872416939465365,0.0036872416939465365,0,0,0,-1
gmsc,mlp,94,NumberOfTimes90DaysLate,relative_plus_10,0.1,0.0,0.1,0.01479561435417343,0.021027646559554768,0.006232032205381337,0.006232032205381337,0,0,0,-1
gmsc,mlp,95,NumberOfTimes90DaysLate,relative_plus_10,0.1,0.0,0.1,0.02165723032387087,0.027377418895119746,0.005720188571248876,0.005720188571248876,0,0,0,-1
gmsc,mlp,96,NumberOfTimes90DaysLate,relative_plus_10,0.1,0.0,0.1,0.025618448582325936,0.03795056341969857,0.012332114837372631,0.012332114837372631,0,0,0,-1
gmsc,mlp,97,NumberOfTimes90DaysLate,relative_plus_10,0.1,0.0,0.1,0.017705870709505835,0.022768520773801038,0.005062650064295203,0.005062650064295203,0,0,0,-1
gmsc,mlp,98,NumberOfTimes90DaysLate,relative_plus_10,0.1,0.0,0.1,0.021717560701058864,0.027017590334569703,0.005300029633510839,0.005300029633510839,0,0,0,-1
gmsc,mlp,99,NumberOfTimes90DaysLate,relative_plus_10,0.1,0.0,0.1,0.2986561163043243,0.32091926496542,0.02226314866109569,0.02226314866109569,0,0,0,-1
gmsc,mlp,0,NumberRealEstateLoansOrLines,relative_minus_5,-0.05,2.0,2.1,0.02211686465599193,0.023944030826929724,0.0018271661709377933,0.0018271661709377933,0,0,0,-1
gmsc,mlp,1,NumberRealEstateLoansOrLines,relative_minus_5,-0.05,1.0,1.05,0.01569449495491033,0.01560761931216098,-8.687564274935042e-05,8.687564274935042e-05,0,0,0,-1
gmsc,mlp,2,NumberRealEstateLoansOrLines,relative_minus_5,-0.05,0.0,0.05,0.016575068310977385,0.016250412211274486,-0.00032465609970289827,0.00032465609970289827,0,0,0,-1
gmsc,mlp,3,NumberRealEstateLoansOrLines,relative_minus_5,-0.05,2.0,2.1,0.034126022539606525,0.03448496840475486,0.0003589458651483343,0.0003589458651483343,0,0,0,-1
gmsc,mlp,4,NumberRealEstateLoansOrLines,relative_minus_5,-0.05,1.0,1.05,0.026106102898580053,0.02584101379079814,-0.00026508910778191147,0.00026508910778191147,0,0,0,-1
gmsc,mlp,5,NumberRealEstateLoansOrLines,relative_minus_5,-0.05,1.0,1.05,0.021830131699538843,0.0217779620556485,-5.2169643890341566e-05,5.2169643890341566e-05,0,0,0,-1
gmsc,mlp,6,NumberRealEstateLoansOrLines,relative_minus_5,-0.05,0.0,0.05,0.03217662260521963,0.03120400094554738,-0.0009726216596722542,0.0009726216596722542,0,0,0,-1
gmsc,mlp,7,NumberRealEstateLoansOrLines,relative_minus_5,-0.05,0.0,0.05,0.046315106403102796,0.0450579628838424,-0.0012571435192603939,0.0012571435192603939,0,0,0,-1
gmsc,mlp,8,NumberRealEstateLoansOrLines,relative_minus_5,-0.05,1.0,1.05,0.05673708325740244,0.057684635642257794,0.0009475523848553533,0.0009475523848553533,0,0,0,-1
gmsc,mlp,9,NumberRealEstateLoansOrLines,relative_minus_5,-0.05,1.0,1.05,0.07183380465082981,0.0713437702020852,-0.0004900344487446112,0.0004900344487446112,0,0,0,-1
gmsc,mlp,10,NumberRealEstateLoansOrLines,relative_minus_5,-0.05,2.0,2.1,0.029425463415082575,0.030014882174585707,0.0005894187595031318,0.0005894187595031318,0,0,0,-1
gmsc,mlp,11,NumberRealEstateLoansOrLines,relative_minus_5,-0.05,1.0,1.05,0.012965465127209348,0.013098195470016918,0.00013273034280756983,0.00013273034280756983,0,0,0,-1
gmsc,mlp,12,NumberRealEstateLoansOrLines,relative_minus_5,-0.05,1.0,1.05,0.007076920292949544,0.0070432655569913835,-3.365473595816088e-05,3.365473595816088e-05,0,0,0,-1
gmsc,mlp,13,NumberRealEstateLoansOrLines,relative_minus_5,-0.05,0.0,0.05,0.35361463292929435,0.35789331621380654,0.004278683284512197,0.004278683284512197,0,0,0,-1
gmsc,mlp,14,NumberRealEstateLoansOrLines,relative_minus_5,-0.05,0.0,0.05,0.03041379302018182,0.029431455647858238,-0.0009823373723235815,0.0009823373723235815,0,0,0,-1
gmsc,mlp,15,NumberRealEstateLoansOrLines,relative_minus_5,-0.05,1.0,1.05,0.028531846223265274,0.028894830533507516,0.00036298431024224184,0.00036298431024224184,0,0,0,-1
gmsc,mlp,16,NumberRealEstateLoansOrLines,relative_minus_5,-0.05,0.0,0.05,0.11002930362193034,0.10879092877033274,-0.0012383748515975984,0.0012383748515975984,0,0,0,-1
gmsc,mlp,17,NumberRealEstateLoansOrLines,relative_minus_5,-0.05,1.0,1.05,0.013790889882417817,0.013706368482456786,-8.452139996103017e-05,8.452139996103017e-05,0,0,0,-1
gmsc,mlp,18,NumberRealEstateLoansOrLines,relative_minus_5,-0.05,2.0,2.1,0.02753715371688414,0.02825812145387381,0.0007209677369896701,0.0007209677369896701,0,0,0,-1
gmsc,mlp,19,NumberRealEstateLoansOrLines,relative_minus_5,-0.05,2.0,2.1,0.052926506156008635,0.05459357115973197,0.0016670650037233364,0.0016670650037233364,0,0,0,-1
gmsc,mlp,20,NumberRealEstateLoansOrLines,relative_minus_5,-0.05,1.0,1.05,0.008830310596060332,0.008793697094889608,-3.661350117072429e-05,3.661350117072429e-05,0,0,0,-1
gmsc,mlp,21,NumberRealEstateLoansOrLines,relative_minus_5,-0.05,0.0,0.05,0.014797349397540089,0.014842293407726305,4.494401018621634e-05,4.494401018621634e-05,0,0,0,-1
gmsc,mlp,22,NumberRealEstateLoansOrLines,relative_minus_5,-0.05,1.0,1.05,0.04562370697875247,0.045568740988496996,-5.496599025547194e-05,5.496599025547194e-05,0,0,0,-1
gmsc,mlp,23,NumberRealEstateLoansOrLines,relative_minus_5,-0.05,2.0,2.1,0.01573080665121102,0.016256064847213144,0.0005252581960021249,0.0005252581960021249,0,0,0,-1
gmsc,mlp,24,NumberRealEstateLoansOrLines,relative_minus_5,-0.05,0.0,0.05,0.011506289508992087,0.011376074180856711,-0.000130215328135376,0.000130215328135376,0,0,0,-1
gmsc,mlp,25,NumberRealEstateLoansOrLines,relative_minus_5,-0.05,0.0,0.05,0.03731802443216143,0.03648584567031505,-0.0008321787618463805,0.0008321787618463805,0,0,0,-1
gmsc,mlp,26,NumberRealEstateLoansOrLines,relative_minus_5,-0.05,0.0,0.05,0.029333059161415907,0.028801776299031974,-0.0005312828623839326,0.0005312828623839326,0,0,0,-1
gmsc,mlp,27,NumberRealEstateLoansOrLines,relative_minus_5,-0.05,0.0,0.05,0.035095010256273325,0.03439660383052178,-0.0006984064257515438,0.0006984064257515438,0,0,0,-1
gmsc,mlp,28,NumberRealEstateLoansOrLines,relative_minus_5,-0.05,0.0,0.05,0.09263198005026192,0.09224289953958162,-0.0003890805106803036,0.0003890805106803036,0,0,0,-1
gmsc,mlp,29,NumberRealEstateLoansOrLines,relative_minus_5,-0.05,0.0,0.05,0.006344097366443652,0.0063107343783710395,-3.3362988072612766e-05,3.3362988072612766e-05,0,0,0,-1
gmsc,mlp,30,NumberRealEstateLoansOrLines,relative_minus_5,-0.05,1.0,1.05,0.046242861401163154,0.047355957421294934,0.001113096020131779,0.001113096020131779,0,0,0,-1
gmsc,mlp,31,NumberRealEstateLoansOrLines,relative_minus_5,-0.05,0.0,0.05,0.0255021185573372,0.02486566934710494,-0.0006364492102322629,0.0006364492102322629,0,0,0,-1
gmsc,mlp,32,NumberRealEstateLoansOrLines,relative_minus_5,-0.05,1.0,1.05,0.026376707227492684,0.0266341524053475,0.0002574451778548162,0.0002574451778548162,0,0,0,-1
gmsc,mlp,33,NumberRealEstateLoansOrLines,relative_minus_5,-0.05,0.0,0.05,0.015498282720832536,0.015224507748704602,-0.00027377497212793464,0.00027377497212793464,0,0,0,-1
gmsc,mlp,34,NumberRealEstateLoansOrLines,relative_minus_5,-0.05,2.0,2.1,0.08535157193754099,0.08816032946852159,0.0028087575309806018,0.0028087575309806018,0,0,0,-1
gmsc,mlp,35,NumberRealEstateLoansOrLines,relative_minus_5,-0.05,2.0,2.1,0.19910001606794017,0.2103783027855154,0.01127828671757522,0.01127828671757522,0,0,0,-1
gmsc,mlp,36,NumberRealEstateLoansOrLines,relative_minus_5,-0.05,1.0,1.05,0.010761647197797914,0.010826631512686875,6.498431488896096e-05,6.498431488896096e-05,0,0,0,-1
gmsc,mlp,37,NumberRealEstateLoansOrLines,relative_minus_5,-0.05,1.0,1.05,0.01757909301258303,0.017539463291294462,-3.962972128856643e-05,3.962972128856643e-05,0,0,0,-1
gmsc,mlp,38,NumberRealEstateLoansOrLines,relative_minus_5,-0.05,3.0,3.15,0.009145988810159647,0.009823838917615055,0.0006778501074554081,0.0006778501074554081,0,0,0,-1
gmsc,mlp,39,NumberRealEstateLoansOrLines,relative_minus_5,-0.05,1.0,1.05,0.051173952814171794,0.05154691508252784,0.00037296226835604324,0.00037296226835604324,0,0,0,-1
gmsc,mlp,40,NumberRealEstateLoansOrLines,relative_minus_5,-0.05,1.0,1.05,0.022676366611436422,0.022256789286327835,-0.0004195773251085867,0.0004195773251085867,0,0,0,-1
gmsc,mlp,41,NumberRealEstateLoansOrLines,relative_minus_5,-0.05,1.0,1.05,0.04009590259851887,0.041224578358267615,0.0011286757597487457,0.0011286757597487457,0,0,0,-1
gmsc,mlp,42,NumberRealEstateLoansOrLines,relative_minus_5,-0.05,1.0,1.05,0.02298812229422112,0.023249480998978746,0.000261358704757627,0.000261358704757627,0,0,0,-1
gmsc,mlp,43,NumberRealEstateLoansOrLines,relative_minus_5,-0.05,0.0,0.05,0.04219806536296886,0.04140272863889512,-0.0007953367240737461,0.0007953367240737461,0,0,0,-1
gmsc,mlp,44,NumberRealEstateLoansOrLines,relative_minus_5,-0.05,1.0,1.05,0.01680383752969732,0.016373946007506805,-0.00042989152219051474,0.00042989152219051474,0,0,0,-1
gmsc,mlp,45,NumberRealEstateLoansOrLines,relative_minus_5,-0.05,3.0,3.15,0.0359226511464687,0.03610033546105793,0.000177684314589234,0.000177684314589234,0,0,0,-1
gmsc,mlp,46,NumberRealEstateLoansOrLines,relative_minus_5,-0.05,1.0,1.05,0.008419834692001592,0.008402243845955424,-1.7590846046168507e-05,1.7590846046168507e-05,0,0,0,-1
gmsc,mlp,47,NumberRealEstateLoansOrLines,relative_minus_5,-0.05,1.0,1.05,0.01526822945269322,0.015280356288752663,1.2126836059443355e-05,1.2126836059443355e-05,0,0,0,-1
gmsc,mlp,48,NumberRealEstateLoansOrLines,relative_minus_5,-0.05,1.0,1.05,0.011940522095800142,0.01181263559763427,-0.00012788649816587207,0.00012788649816587207,0,0,0,-1
gmsc,mlp,49,NumberRealEstateLoansOrLines,relative_minus_5,-0.05,0.0,0.05,0.029003393714220643,0.028746335963024908,-0.0002570577511957356,0.0002570577511957356,0,0,0,-1
gmsc,mlp,50,NumberRealEstateLoansOrLines,relative_minus_5,-0.05,0.0,0.05,0.03157652357546811,0.030805780353263663,-0.0007707432222044501,0.0007707432222044501,0,0,0,-1
gmsc,mlp,51,NumberRealEstateLoansOrLines,relative_minus_5,-0.05,2.0,2.1,0.016133909190219866,0.015881393288404003,-0.00025251590181586334,0.00025251590181586334,0,0,0,-1
gmsc,mlp,52,NumberRealEstateLoansOrLines,relative_minus_5,-0.05,1.0,1.05,0.008942513898120756,0.008886191120964755,-5.6322777156000287e-05,5.6322777156000287e-05,0,0,0,-1
gmsc,mlp,53,NumberRealEstateLoansOrLines,relative_minus_5,-0.05,0.0,0.05,0.29379437931569313,0.2976742713709096,0.003879892055216494,0.003879892055216494,0,0,0,-1
gmsc,mlp,54,NumberRealEstateLoansOrLines,relative_minus_5,-0.05,0.0,0.05,0.3498543595427822,0.3539591048990905,0.004104745356308281,0.004104745356308281,0,0,0,-1
gmsc,mlp,55,NumberRealEstateLoansOrLines,relative_minus_5,-0.05,1.0,1.05,0.007600943545173095,0.007558344014965327,-4.259953020776738e-05,4.259953020776738e-05,0,0,0,-1
gmsc,mlp,56,NumberRealEstateLoansOrLines,relative_minus_5,-0.05,1.0,1.05,0.025320893704546973,0.02548996773252762,0.00016907402798064727,0.00016907402798064727,0,0,0,-1
gmsc,mlp,57,NumberRealEstateLoansOrLines,relative_minus_5,-0.05,0.0,0.05,0.05069033380470405,0.049621135616362555,-0.0010691981883414955,0.0010691981883414955,0,0,0,-1
gmsc,mlp,58,NumberRealEstateLoansOrLines,relative_minus_5,-0.05,0.0,0.05,0.16009590625064055,0.1605711483247764,0.00047524207413585096,0.00047524207413585096,0,0,0,-1
gmsc,mlp,59,NumberRealEstateLoansOrLines,relative_minus_5,-0.05,1.0,1.05,0.025457114256866867,0.025522700367318723,6.558611045185542e-05,6.558611045185542e-05,0,0,0,-1
gmsc,mlp,60,NumberRealEstateLoansOrLines,relative_minus_5,-0.05,0.0,0.05,0.037076780618332694,0.036277671086532425,-0.0007991095318002697,0.0007991095318002697,0,0,0,-1
gmsc,mlp,61,NumberRealEstateLoansOrLines,relative_minus_5,-0.05,2.0,2.1,0.04860926951599663,0.051293511010649606,0.0026842414946529752,0.0026842414946529752,0,0,0,-1
gmsc,mlp,62,NumberRealEstateLoansOrLines,relative_minus_5,-0.05,2.0,2.1,0.022160573410907457,0.023161065858261054,0.0010004924473535973,0.0010004924473535973,0,0,0,-1
gmsc,mlp,63,NumberRealEstateLoansOrLines,relative_minus_5,-0.05,1.0,1.05,0.010545360475655359,0.010475426725270203,-6.993375038515624e-05,6.993375038515624e-05,0,0,0,-1
gmsc,mlp,64,NumberRealEstateLoansOrLines,relative_minus_5,-0.05,4.0,4.2,0.05188426446215026,0.058099003544278924,0.006214739082128662,0.006214739082128662,0,0,0,-1
gmsc,mlp,65,NumberRealEstateLoansOrLines,relative_minus_5,-0.05,1.0,1.05,0.19320558451418393,0.1908088085493447,-0.002396775964839226,0.002396775964839226,0,0,0,-1
gmsc,mlp,66,NumberRealEstateLoansOrLines,relative_minus_5,-0.05,1.0,1.05,0.017380461870616856,0.017360879634867637,-1.9582235749219384e-05,1.9582235749219384e-05,0,0,0,-1
gmsc,mlp,67,NumberRealEstateLoansOrLines,relative_minus_5,-0.05,1.0,1.05,0.045289289381342065,0.044650416575229855,-0.0006388728061122104,0.0006388728061122104,0,0,0,-1
gmsc,mlp,68,NumberRealEstateLoansOrLines,relative_minus_5,-0.05,1.0,1.05,0.012814695328681581,0.012820931551511981,6.236222830399707e-06,6.236222830399707e-06,0,0,0,-1
gmsc,mlp,69,NumberRealEstateLoansOrLines,relative_minus_5,-0.05,4.0,4.2,0.09362660727989738,0.09863558387930682,0.005008976599409437,0.005008976599409437,0,0,0,-1
gmsc,mlp,70,NumberRealEstateLoansOrLines,relative_minus_5,-0.05,0.0,0.05,0.09827269814207695,0.09655426477027793,-0.0017184333717990274,0.0017184333717990274,0,0,0,-1
gmsc,mlp,71,NumberRealEstateLoansOrLines,relative_minus_5,-0.05,0.0,0.05,0.07244781616495638,0.07147135872366496,-0.0009764574412914201,0.0009764574412914201,0,0,0,-1
gmsc,mlp,72,NumberRealEstateLoansOrLines,relative_minus_5,-0.05,1.0,1.05,0.03217968676284227,0.03173750548670962,-0.00044218127613264435,0.00044218127613264435,0,0,0,-1
gmsc,mlp,73,NumberRealEstateLoansOrLines,relative_minus_5,-0.05,2.0,2.1,0.044640504763767554,0.04636919151958549,0.0017286867558179361,0.0017286867558179361,0,0,0,-1
gmsc,mlp,74,NumberRealEstateLoansOrLines,relative_minus_5,-0.05,0.0,0.05,0.03482378444402007,0.034067296235094316,-0.0007564882089257513,0.0007564882089257513,0,0,0,-1
gmsc,mlp,75,NumberRealEstateLoansOrLines,relative_minus_5,-0.05,0.0,0.05,0.04920214568663398,0.04811924384963042,-0.001082901837003561,0.001082901837003561,0,0,0,-1
gmsc,mlp,76,NumberRealEstateLoansOrLines,relative_minus_5,-0.05,0.0,0.05,0.02205212445347039,0.02151857998956676,-0.0005335444639036277,0.0005335444639036277,0,0,0,-1
gmsc,mlp,77,NumberRealEstateLoansOrLines,relative_minus_5,-0.05,0.0,0.05,0.009856180676789783,0.009919707403756917,6.352672696713357e-05,6.352672696713357e-05,0,0,0,-1
gmsc,mlp,78,NumberRealEstateLoansOrLines,relative_minus_5,-0.05,1.0,1.05,0.010129649250511236,0.010121669633145232,-7.979617366003777e-06,7.979617366003777e-06,0,0,0,-1
gmsc,mlp,79,NumberRealEstateLoansOrLines,relative_minus_5,-0.05,1.0,1.05,0.025575449411528527,0.02598920913278942,0.0004137597212608944,0.0004137597212608944,0,0,0,-1
gmsc,mlp,80,NumberRealEstateLoansOrLines,relative_minus_5,-0.05,1.0,1.05,0.005666248820127979,0.005666793297798912,5.444776709330815e-07,5.444776709330815e-07,0,0,0,-1
gmsc,mlp,81,NumberRealEstateLoansOrLines,relative_minus_5,-0.05,2.0,2.1,0.04332063353337088,0.04524108944433218,0.001920455910961301,0.001920455910961301,0,0,0,-1
gmsc,mlp,82,NumberRealEstateLoansOrLines,relative_minus_5,-0.05,1.0,1.05,0.01937427089536237,0.0194133151529705,3.904425760813124e-05,3.904425760813124e-05,0,0,0,-1
gmsc,mlp,83,NumberRealEstateLoansOrLines,relative_minus_5,-0.05,1.0,1.05,0.014956252536287561,0.015304056659643878,0.00034780412335631665,0.00034780412335631665,0,0,0,-1
gmsc,mlp,84,NumberRealEstateLoansOrLines,relative_minus_5,-0.05,2.0,2.1,0.034404191335380946,0.03589633893664647,0.0014921476012655227,0.0014921476012655227,0,0,0,-1
gmsc,mlp,85,NumberRealEstateLoansOrLines,relative_minus_5,-0.05,2.0,2.1,0.016073637508889543,0.016968886936545687,0.0008952494276561439,0.0008952494276561439,0,0,0,-1
gmsc,mlp,86,NumberRealEstateLoansOrLines,relative_minus_5,-0.05,0.0,0.05,0.03951246267546877,0.03864546560191937,-0.000866997073549397,0.000866997073549397,0,0,0,-1
gmsc,mlp,87,NumberRealEstateLoansOrLines,relative_minus_5,-0.05,0.0,0.05,0.023170727869934838,0.02265845507574873,-0.0005122727941861069,0.0005122727941861069,0,0,0,-1
gmsc,mlp,88,NumberRealEstateLoansOrLines,relative_minus_5,-0.05,1.0,1.05,0.014049767208401245,0.01394351310958164,-0.00010625409881960535,0.00010625409881960535,0,0,0,-1
gmsc,mlp,89,NumberRealEstateLoansOrLines,relative_minus_5,-0.05,1.0,1.05,0.031436900478850546,0.03129966421928202,-0.0001372362595685253,0.0001372362595685253,0,0,0,-1
gmsc,mlp,90,NumberRealEstateLoansOrLines,relative_minus_5,-0.05,0.0,0.05,0.005417127218637603,0.005399721953593574,-1.740526504402911e-05,1.740526504402911e-05,0,0,0,-1
gmsc,mlp,91,NumberRealEstateLoansOrLines,relative_minus_5,-0.05,1.0,1.05,0.025606851072255785,0.026258622534029892,0.0006517714617741074,0.0006517714617741074,0,0,0,-1
gmsc,mlp,92,NumberRealEstateLoansOrLines,relative_minus_5,-0.05,0.0,0.05,0.06791010130064887,0.06775499278450564,-0.0001551085161432264,0.0001551085161432264,0,0,0,-1
gmsc,mlp,93,NumberRealEstateLoansOrLines,relative_minus_5,-0.05,2.0,2.1,0.012557321048589615,0.012603301970609026,4.5980922019411494e-05,4.5980922019411494e-05,0,0,0,-1
gmsc,mlp,94,NumberRealEstateLoansOrLines,relative_minus_5,-0.05,0.0,0.05,0.01479561435417343,0.015003937950693354,0.00020832359651992358,0.00020832359651992358,0,0,0,-1
gmsc,mlp,95,NumberRealEstateLoansOrLines,relative_minus_5,-0.05,2.0,2.1,0.02165723032387087,0.0223911377778981,0.0007339074540272279,0.0007339074540272279,0,0,0,-1
gmsc,mlp,96,NumberRealEstateLoansOrLines,relative_minus_5,-0.05,1.0,1.05,0.025618448582325936,0.025777612914411108,0.0001591643320851717,0.0001591643320851717,0,0,0,-1
gmsc,mlp,97,NumberRealEstateLoansOrLines,relative_minus_5,-0.05,1.0,1.05,0.017705870709505835,0.017682477704551842,-2.3393004953992103e-05,2.3393004953992103e-05,0,0,0,-1
gmsc,mlp,98,NumberRealEstateLoansOrLines,relative_minus_5,-0.05,2.0,2.1,0.021717560701058864,0.022715921940916126,0.0009983612398572622,0.0009983612398572622,0,0,0,-1
gmsc,mlp,99,NumberRealEstateLoansOrLines,relative_minus_5,-0.05,0.0,0.05,0.2986561163043243,0.2954775792046012,-0.0031785370997231,0.0031785370997231,0,0,0,-1
gmsc,mlp,0,NumberRealEstateLoansOrLines,relative_plus_5,0.05,2.0,2.1,0.02211686465599193,0.023944030826929724,0.0018271661709377933,0.0018271661709377933,0,0,0,-1
gmsc,mlp,1,NumberRealEstateLoansOrLines,relative_plus_5,0.05,1.0,1.05,0.01569449495491033,0.01560761931216098,-8.687564274935042e-05,8.687564274935042e-05,0,0,0,-1
gmsc,mlp,2,NumberRealEstateLoansOrLines,relative_plus_5,0.05,0.0,0.05,0.016575068310977385,0.016250412211274486,-0.00032465609970289827,0.00032465609970289827,0,0,0,-1
gmsc,mlp,3,NumberRealEstateLoansOrLines,relative_plus_5,0.05,2.0,2.1,0.034126022539606525,0.03448496840475486,0.0003589458651483343,0.0003589458651483343,0,0,0,-1
gmsc,mlp,4,NumberRealEstateLoansOrLines,relative_plus_5,0.05,1.0,1.05,0.026106102898580053,0.02584101379079814,-0.00026508910778191147,0.00026508910778191147,0,0,0,-1
gmsc,mlp,5,NumberRealEstateLoansOrLines,relative_plus_5,0.05,1.0,1.05,0.021830131699538843,0.0217779620556485,-5.2169643890341566e-05,5.2169643890341566e-05,0,0,0,-1
gmsc,mlp,6,NumberRealEstateLoansOrLines,relative_plus_5,0.05,0.0,0.05,0.03217662260521963,0.03120400094554738,-0.0009726216596722542,0.0009726216596722542,0,0,0,-1
gmsc,mlp,7,NumberRealEstateLoansOrLines,relative_plus_5,0.05,0.0,0.05,0.046315106403102796,0.0450579628838424,-0.0012571435192603939,0.0012571435192603939,0,0,0,-1
gmsc,mlp,8,NumberRealEstateLoansOrLines,relative_plus_5,0.05,1.0,1.05,0.05673708325740244,0.057684635642257794,0.0009475523848553533,0.0009475523848553533,0,0,0,-1
gmsc,mlp,9,NumberRealEstateLoansOrLines,relative_plus_5,0.05,1.0,1.05,0.07183380465082981,0.0713437702020852,-0.0004900344487446112,0.0004900344487446112,0,0,0,-1
gmsc,mlp,10,NumberRealEstateLoansOrLines,relative_plus_5,0.05,2.0,2.1,0.029425463415082575,0.030014882174585707,0.0005894187595031318,0.0005894187595031318,0,0,0,-1
gmsc,mlp,11,NumberRealEstateLoansOrLines,relative_plus_5,0.05,1.0,1.05,0.012965465127209348,0.013098195470016918,0.00013273034280756983,0.00013273034280756983,0,0,0,-1
gmsc,mlp,12,NumberRealEstateLoansOrLines,relative_plus_5,0.05,1.0,1.05,0.007076920292949544,0.0070432655569913835,-3.365473595816088e-05,3.365473595816088e-05,0,0,0,-1
gmsc,mlp,13,NumberRealEstateLoansOrLines,relative_plus_5,0.05,0.0,0.05,0.35361463292929435,0.35789331621380654,0.004278683284512197,0.004278683284512197,0,0,0,-1
gmsc,mlp,14,NumberRealEstateLoansOrLines,relative_plus_5,0.05,0.0,0.05,0.03041379302018182,0.029431455647858238,-0.0009823373723235815,0.0009823373723235815,0,0,0,-1
gmsc,mlp,15,NumberRealEstateLoansOrLines,relative_plus_5,0.05,1.0,1.05,0.028531846223265274,0.028894830533507516,0.00036298431024224184,0.00036298431024224184,0,0,0,-1
gmsc,mlp,16,NumberRealEstateLoansOrLines,relative_plus_5,0.05,0.0,0.05,0.11002930362193034,0.10879092877033274,-0.0012383748515975984,0.0012383748515975984,0,0,0,-1
gmsc,mlp,17,NumberRealEstateLoansOrLines,relative_plus_5,0.05,1.0,1.05,0.013790889882417817,0.013706368482456786,-8.452139996103017e-05,8.452139996103017e-05,0,0,0,-1
gmsc,mlp,18,NumberRealEstateLoansOrLines,relative_plus_5,0.05,2.0,2.1,0.02753715371688414,0.02825812145387381,0.0007209677369896701,0.0007209677369896701,0,0,0,-1
gmsc,mlp,19,NumberRealEstateLoansOrLines,relative_plus_5,0.05,2.0,2.1,0.052926506156008635,0.05459357115973197,0.0016670650037233364,0.0016670650037233364,0,0,0,-1
gmsc,mlp,20,NumberRealEstateLoansOrLines,relative_plus_5,0.05,1.0,1.05,0.008830310596060332,0.008793697094889608,-3.661350117072429e-05,3.661350117072429e-05,0,0,0,-1
gmsc,mlp,21,NumberRealEstateLoansOrLines,relative_plus_5,0.05,0.0,0.05,0.014797349397540089,0.014842293407726305,4.494401018621634e-05,4.494401018621634e-05,0,0,0,-1
gmsc,mlp,22,NumberRealEstateLoansOrLines,relative_plus_5,0.05,1.0,1.05,0.04562370697875247,0.045568740988496996,-5.496599025547194e-05,5.496599025547194e-05,0,0,0,-1
gmsc,mlp,23,NumberRealEstateLoansOrLines,relative_plus_5,0.05,2.0,2.1,0.01573080665121102,0.016256064847213144,0.0005252581960021249,0.0005252581960021249,0,0,0,-1
gmsc,mlp,24,NumberRealEstateLoansOrLines,relative_plus_5,0.05,0.0,0.05,0.011506289508992087,0.011376074180856711,-0.000130215328135376,0.000130215328135376,0,0,0,-1
gmsc,mlp,25,NumberRealEstateLoansOrLines,relative_plus_5,0.05,0.0,0.05,0.03731802443216143,0.03648584567031505,-0.0008321787618463805,0.0008321787618463805,0,0,0,-1
gmsc,mlp,26,NumberRealEstateLoansOrLines,relative_plus_5,0.05,0.0,0.05,0.029333059161415907,0.028801776299031974,-0.0005312828623839326,0.0005312828623839326,0,0,0,-1
gmsc,mlp,27,NumberRealEstateLoansOrLines,relative_plus_5,0.05,0.0,0.05,0.035095010256273325,0.03439660383052178,-0.0006984064257515438,0.0006984064257515438,0,0,0,-1
gmsc,mlp,28,NumberRealEstateLoansOrLines,relative_plus_5,0.05,0.0,0.05,0.09263198005026192,0.09224289953958162,-0.0003890805106803036,0.0003890805106803036,0,0,0,-1
gmsc,mlp,29,NumberRealEstateLoansOrLines,relative_plus_5,0.05,0.0,0.05,0.006344097366443652,0.0063107343783710395,-3.3362988072612766e-05,3.3362988072612766e-05,0,0,0,-1
gmsc,mlp,30,NumberRealEstateLoansOrLines,relative_plus_5,0.05,1.0,1.05,0.046242861401163154,0.047355957421294934,0.001113096020131779,0.001113096020131779,0,0,0,-1
gmsc,mlp,31,NumberRealEstateLoansOrLines,relative_plus_5,0.05,0.0,0.05,0.0255021185573372,0.02486566934710494,-0.0006364492102322629,0.0006364492102322629,0,0,0,-1
gmsc,mlp,32,NumberRealEstateLoansOrLines,relative_plus_5,0.05,1.0,1.05,0.026376707227492684,0.0266341524053475,0.0002574451778548162,0.0002574451778548162,0,0,0,-1
gmsc,mlp,33,NumberRealEstateLoansOrLines,relative_plus_5,0.05,0.0,0.05,0.015498282720832536,0.015224507748704602,-0.00027377497212793464,0.00027377497212793464,0,0,0,-1
gmsc,mlp,34,NumberRealEstateLoansOrLines,relative_plus_5,0.05,2.0,2.1,0.08535157193754099,0.08816032946852159,0.0028087575309806018,0.0028087575309806018,0,0,0,-1
gmsc,mlp,35,NumberRealEstateLoansOrLines,relative_plus_5,0.05,2.0,2.1,0.19910001606794017,0.2103783027855154,0.01127828671757522,0.01127828671757522,0,0,0,-1
gmsc,mlp,36,NumberRealEstateLoansOrLines,relative_plus_5,0.05,1.0,1.05,0.010761647197797914,0.010826631512686875,6.498431488896096e-05,6.498431488896096e-05,0,0,0,-1
gmsc,mlp,37,NumberRealEstateLoansOrLines,relative_plus_5,0.05,1.0,1.05,0.01757909301258303,0.017539463291294462,-3.962972128856643e-05,3.962972128856643e-05,0,0,0,-1
gmsc,mlp,38,NumberRealEstateLoansOrLines,relative_plus_5,0.05,3.0,3.15,0.009145988810159647,0.009823838917615055,0.0006778501074554081,0.0006778501074554081,0,0,0,-1
gmsc,mlp,39,NumberRealEstateLoansOrLines,relative_plus_5,0.05,1.0,1.05,0.051173952814171794,0.05154691508252784,0.00037296226835604324,0.00037296226835604324,0,0,0,-1
gmsc,mlp,40,NumberRealEstateLoansOrLines,relative_plus_5,0.05,1.0,1.05,0.022676366611436422,0.022256789286327835,-0.0004195773251085867,0.0004195773251085867,0,0,0,-1
gmsc,mlp,41,NumberRealEstateLoansOrLines,relative_plus_5,0.05,1.0,1.05,0.04009590259851887,0.041224578358267615,0.0011286757597487457,0.0011286757597487457,0,0,0,-1
gmsc,mlp,42,NumberRealEstateLoansOrLines,relative_plus_5,0.05,1.0,1.05,0.02298812229422112,0.023249480998978746,0.000261358704757627,0.000261358704757627,0,0,0,-1
gmsc,mlp,43,NumberRealEstateLoansOrLines,relative_plus_5,0.05,0.0,0.05,0.04219806536296886,0.04140272863889512,-0.0007953367240737461,0.0007953367240737461,0,0,0,-1
gmsc,mlp,44,NumberRealEstateLoansOrLines,relative_plus_5,0.05,1.0,1.05,0.01680383752969732,0.016373946007506805,-0.00042989152219051474,0.00042989152219051474,0,0,0,-1
gmsc,mlp,45,NumberRealEstateLoansOrLines,relative_plus_5,0.05,3.0,3.15,0.0359226511464687,0.03610033546105793,0.000177684314589234,0.000177684314589234,0,0,0,-1
gmsc,mlp,46,NumberRealEstateLoansOrLines,relative_plus_5,0.05,1.0,1.05,0.008419834692001592,0.008402243845955424,-1.7590846046168507e-05,1.7590846046168507e-05,0,0,0,-1
gmsc,mlp,47,NumberRealEstateLoansOrLines,relative_plus_5,0.05,1.0,1.05,0.01526822945269322,0.015280356288752663,1.2126836059443355e-05,1.2126836059443355e-05,0,0,0,-1
gmsc,mlp,48,NumberRealEstateLoansOrLines,relative_plus_5,0.05,1.0,1.05,0.011940522095800142,0.01181263559763427,-0.00012788649816587207,0.00012788649816587207,0,0,0,-1
gmsc,mlp,49,NumberRealEstateLoansOrLines,relative_plus_5,0.05,0.0,0.05,0.029003393714220643,0.028746335963024908,-0.0002570577511957356,0.0002570577511957356,0,0,0,-1
gmsc,mlp,50,NumberRealEstateLoansOrLines,relative_plus_5,0.05,0.0,0.05,0.03157652357546811,0.030805780353263663,-0.0007707432222044501,0.0007707432222044501,0,0,0,-1
gmsc,mlp,51,NumberRealEstateLoansOrLines,relative_plus_5,0.05,2.0,2.1,0.016133909190219866,0.015881393288404003,-0.00025251590181586334,0.00025251590181586334,0,0,0,-1
gmsc,mlp,52,NumberRealEstateLoansOrLines,relative_plus_5,0.05,1.0,1.05,0.008942513898120756,0.008886191120964755,-5.6322777156000287e-05,5.6322777156000287e-05,0,0,0,-1
gmsc,mlp,53,NumberRealEstateLoansOrLines,relative_plus_5,0.05,0.0,0.05,0.29379437931569313,0.2976742713709096,0.003879892055216494,0.003879892055216494,0,0,0,-1
gmsc,mlp,54,NumberRealEstateLoansOrLines,relative_plus_5,0.05,0.0,0.05,0.3498543595427822,0.3539591048990905,0.004104745356308281,0.004104745356308281,0,0,0,-1
gmsc,mlp,55,NumberRealEstateLoansOrLines,relative_plus_5,0.05,1.0,1.05,0.007600943545173095,0.007558344014965327,-4.259953020776738e-05,4.259953020776738e-05,0,0,0,-1
gmsc,mlp,56,NumberRealEstateLoansOrLines,relative_plus_5,0.05,1.0,1.05,0.025320893704546973,0.02548996773252762,0.00016907402798064727,0.00016907402798064727,0,0,0,-1
gmsc,mlp,57,NumberRealEstateLoansOrLines,relative_plus_5,0.05,0.0,0.05,0.05069033380470405,0.049621135616362555,-0.0010691981883414955,0.0010691981883414955,0,0,0,-1
gmsc,mlp,58,NumberRealEstateLoansOrLines,relative_plus_5,0.05,0.0,0.05,0.16009590625064055,0.1605711483247764,0.00047524207413585096,0.00047524207413585096,0,0,0,-1
gmsc,mlp,59,NumberRealEstateLoansOrLines,relative_plus_5,0.05,1.0,1.05,0.025457114256866867,0.025522700367318723,6.558611045185542e-05,6.558611045185542e-05,0,0,0,-1
gmsc,mlp,60,NumberRealEstateLoansOrLines,relative_plus_5,0.05,0.0,0.05,0.037076780618332694,0.036277671086532425,-0.0007991095318002697,0.0007991095318002697,0,0,0,-1
gmsc,mlp,61,NumberRealEstateLoansOrLines,relative_plus_5,0.05,2.0,2.1,0.04860926951599663,0.051293511010649606,0.0026842414946529752,0.0026842414946529752,0,0,0,-1
gmsc,mlp,62,NumberRealEstateLoansOrLines,relative_plus_5,0.05,2.0,2.1,0.022160573410907457,0.023161065858261054,0.0010004924473535973,0.0010004924473535973,0,0,0,-1
gmsc,mlp,63,NumberRealEstateLoansOrLines,relative_plus_5,0.05,1.0,1.05,0.010545360475655359,0.010475426725270203,-6.993375038515624e-05,6.993375038515624e-05,0,0,0,-1
gmsc,mlp,64,NumberRealEstateLoansOrLines,relative_plus_5,0.05,4.0,4.2,0.05188426446215026,0.058099003544278924,0.006214739082128662,0.006214739082128662,0,0,0,-1
gmsc,mlp,65,NumberRealEstateLoansOrLines,relative_plus_5,0.05,1.0,1.05,0.19320558451418393,0.1908088085493447,-0.002396775964839226,0.002396775964839226,0,0,0,-1
gmsc,mlp,66,NumberRealEstateLoansOrLines,relative_plus_5,0.05,1.0,1.05,0.017380461870616856,0.017360879634867637,-1.9582235749219384e-05,1.9582235749219384e-05,0,0,0,-1
gmsc,mlp,67,NumberRealEstateLoansOrLines,relative_plus_5,0.05,1.0,1.05,0.045289289381342065,0.044650416575229855,-0.0006388728061122104,0.0006388728061122104,0,0,0,-1
gmsc,mlp,68,NumberRealEstateLoansOrLines,relative_plus_5,0.05,1.0,1.05,0.012814695328681581,0.012820931551511981,6.236222830399707e-06,6.236222830399707e-06,0,0,0,-1
gmsc,mlp,69,NumberRealEstateLoansOrLines,relative_plus_5,0.05,4.0,4.2,0.09362660727989738,0.09863558387930682,0.005008976599409437,0.005008976599409437,0,0,0,-1
gmsc,mlp,70,NumberRealEstateLoansOrLines,relative_plus_5,0.05,0.0,0.05,0.09827269814207695,0.09655426477027793,-0.0017184333717990274,0.0017184333717990274,0,0,0,-1
gmsc,mlp,71,NumberRealEstateLoansOrLines,relative_plus_5,0.05,0.0,0.05,0.07244781616495638,0.07147135872366496,-0.0009764574412914201,0.0009764574412914201,0,0,0,-1
gmsc,mlp,72,NumberRealEstateLoansOrLines,relative_plus_5,0.05,1.0,1.05,0.03217968676284227,0.03173750548670962,-0.00044218127613264435,0.00044218127613264435,0,0,0,-1
gmsc,mlp,73,NumberRealEstateLoansOrLines,relative_plus_5,0.05,2.0,2.1,0.044640504763767554,0.04636919151958549,0.0017286867558179361,0.0017286867558179361,0,0,0,-1
gmsc,mlp,74,NumberRealEstateLoansOrLines,relative_plus_5,0.05,0.0,0.05,0.03482378444402007,0.034067296235094316,-0.0007564882089257513,0.0007564882089257513,0,0,0,-1
gmsc,mlp,75,NumberRealEstateLoansOrLines,relative_plus_5,0.05,0.0,0.05,0.04920214568663398,0.04811924384963042,-0.001082901837003561,0.001082901837003561,0,0,0,-1
gmsc,mlp,76,NumberRealEstateLoansOrLines,relative_plus_5,0.05,0.0,0.05,0.02205212445347039,0.02151857998956676,-0.0005335444639036277,0.0005335444639036277,0,0,0,-1
gmsc,mlp,77,NumberRealEstateLoansOrLines,relative_plus_5,0.05,0.0,0.05,0.009856180676789783,0.009919707403756917,6.352672696713357e-05,6.352672696713357e-05,0,0,0,-1
gmsc,mlp,78,NumberRealEstateLoansOrLines,relative_plus_5,0.05,1.0,1.05,0.010129649250511236,0.010121669633145232,-7.979617366003777e-06,7.979617366003777e-06,0,0,0,-1
gmsc,mlp,79,NumberRealEstateLoansOrLines,relative_plus_5,0.05,1.0,1.05,0.025575449411528527,0.02598920913278942,0.0004137597212608944,0.0004137597212608944,0,0,0,-1
gmsc,mlp,80,NumberRealEstateLoansOrLines,relative_plus_5,0.05,1.0,1.05,0.005666248820127979,0.005666793297798912,5.444776709330815e-07,5.444776709330815e-07,0,0,0,-1
gmsc,mlp,81,NumberRealEstateLoansOrLines,relative_plus_5,0.05,2.0,2.1,0.04332063353337088,0.04524108944433218,0.001920455910961301,0.001920455910961301,0,0,0,-1
gmsc,mlp,82,NumberRealEstateLoansOrLines,relative_plus_5,0.05,1.0,1.05,0.01937427089536237,0.0194133151529705,3.904425760813124e-05,3.904425760813124e-05,0,0,0,-1
gmsc,mlp,83,NumberRealEstateLoansOrLines,relative_plus_5,0.05,1.0,1.05,0.014956252536287561,0.015304056659643878,0.00034780412335631665,0.00034780412335631665,0,0,0,-1
gmsc,mlp,84,NumberRealEstateLoansOrLines,relative_plus_5,0.05,2.0,2.1,0.034404191335380946,0.03589633893664647,0.0014921476012655227,0.0014921476012655227,0,0,0,-1
gmsc,mlp,85,NumberRealEstateLoansOrLines,relative_plus_5,0.05,2.0,2.1,0.016073637508889543,0.016968886936545687,0.0008952494276561439,0.0008952494276561439,0,0,0,-1
gmsc,mlp,86,NumberRealEstateLoansOrLines,relative_plus_5,0.05,0.0,0.05,0.03951246267546877,0.03864546560191937,-0.000866997073549397,0.000866997073549397,0,0,0,-1
gmsc,mlp,87,NumberRealEstateLoansOrLines,relative_plus_5,0.05,0.0,0.05,0.023170727869934838,0.02265845507574873,-0.0005122727941861069,0.0005122727941861069,0,0,0,-1
gmsc,mlp,88,NumberRealEstateLoansOrLines,relative_plus_5,0.05,1.0,1.05,0.014049767208401245,0.01394351310958164,-0.00010625409881960535,0.00010625409881960535,0,0,0,-1
gmsc,mlp,89,NumberRealEstateLoansOrLines,relative_plus_5,0.05,1.0,1.05,0.031436900478850546,0.03129966421928202,-0.0001372362595685253,0.0001372362595685253,0,0,0,-1
gmsc,mlp,90,NumberRealEstateLoansOrLines,relative_plus_5,0.05,0.0,0.05,0.005417127218637603,0.005399721953593574,-1.740526504402911e-05,1.740526504402911e-05,0,0,0,-1
gmsc,mlp,91,NumberRealEstateLoansOrLines,relative_plus_5,0.05,1.0,1.05,0.025606851072255785,0.026258622534029892,0.0006517714617741074,0.0006517714617741074,0,0,0,-1
gmsc,mlp,92,NumberRealEstateLoansOrLines,relative_plus_5,0.05,0.0,0.05,0.06791010130064887,0.06775499278450564,-0.0001551085161432264,0.0001551085161432264,0,0,0,-1
gmsc,mlp,93,NumberRealEstateLoansOrLines,relative_plus_5,0.05,2.0,2.1,0.012557321048589615,0.012603301970609026,4.5980922019411494e-05,4.5980922019411494e-05,0,0,0,-1
gmsc,mlp,94,NumberRealEstateLoansOrLines,relative_plus_5,0.05,0.0,0.05,0.01479561435417343,0.015003937950693354,0.00020832359651992358,0.00020832359651992358,0,0,0,-1
gmsc,mlp,95,NumberRealEstateLoansOrLines,relative_plus_5,0.05,2.0,2.1,0.02165723032387087,0.0223911377778981,0.0007339074540272279,0.0007339074540272279,0,0,0,-1
gmsc,mlp,96,NumberRealEstateLoansOrLines,relative_plus_5,0.05,1.0,1.05,0.025618448582325936,0.025777612914411108,0.0001591643320851717,0.0001591643320851717,0,0,0,-1
gmsc,mlp,97,NumberRealEstateLoansOrLines,relative_plus_5,0.05,1.0,1.05,0.017705870709505835,0.017682477704551842,-2.3393004953992103e-05,2.3393004953992103e-05,0,0,0,-1
gmsc,mlp,98,NumberRealEstateLoansOrLines,relative_plus_5,0.05,2.0,2.1,0.021717560701058864,0.022715921940916126,0.0009983612398572622,0.0009983612398572622,0,0,0,-1
gmsc,mlp,99,NumberRealEstateLoansOrLines,relative_plus_5,0.05,0.0,0.05,0.2986561163043243,0.2954775792046012,-0.0031785370997231,0.0031785370997231,0,0,0,-1
gmsc,mlp,0,NumberRealEstateLoansOrLines,relative_minus_10,-0.1,2.0,2.2,0.02211686465599193,0.025918145969688392,0.0038012813136964613,0.0038012813136964613,0,0,0,-1
gmsc,mlp,1,NumberRealEstateLoansOrLines,relative_minus_10,-0.1,1.0,1.1,0.01569449495491033,0.015572580063911816,-0.0001219148909985153,0.0001219148909985153,0,0,0,-1
gmsc,mlp,2,NumberRealEstateLoansOrLines,relative_minus_10,-0.1,0.0,0.1,0.016575068310977385,0.015932012135309592,-0.0006430561756677923,0.0006430561756677923,0,0,0,-1
gmsc,mlp,3,NumberRealEstateLoansOrLines,relative_minus_10,-0.1,2.0,2.2,0.034126022539606525,0.03437394849620596,0.0002479259565994346,0.0002479259565994346,0,0,0,-1
gmsc,mlp,4,NumberRealEstateLoansOrLines,relative_minus_10,-0.1,1.0,1.1,0.026106102898580053,0.025926157487868716,-0.00017994541071133727,0.00017994541071133727,0,0,0,-1
gmsc,mlp,5,NumberRealEstateLoansOrLines,relative_minus_10,-0.1,1.0,1.1,0.021830131699538843,0.02172111102356453,-0.00010902067597431259,0.00010902067597431259,0,0,0,-1
gmsc,mlp,6,NumberRealEstateLoansOrLines,relative_minus_10,-0.1,0.0,0.1,0.03217662260521963,0.0301955269106679,-0.0019810956945517343,0.0019810956945517343,0,0,0,-1
gmsc,mlp,7,NumberRealEstateLoansOrLines,relative_minus_10,-0.1,0.0,0.1,0.046315106403102796,0.04385984509859482,-0.0024552613045079746,0.0024552613045079746,0,0,0,-1
gmsc,mlp,8,NumberRealEstateLoansOrLines,relative_minus_10,-0.1,1.0,1.1,0.05673708325740244,0.05866250186060246,0.0019254186032000228,0.0019254186032000228,0,0,0,-1
gmsc,mlp,9,NumberRealEstateLoansOrLines,relative_minus_10,-0.1,1.0,1.1,0.07183380465082981,0.07163145076216615,-0.0002023538886636589,0.0002023538886636589,0,0,0,-1
gmsc,mlp,10,NumberRealEstateLoansOrLines,relative_minus_10,-0.1,2.0,2.2,0.029425463415082575,0.030509702498803467,0.001084239083720892,0.001084239083720892,0,0,0,-1
gmsc,mlp,11,NumberRealEstateLoansOrLines,relative_minus_10,-0.1,1.0,1.1,0.012965465127209348,0.013232266386738792,0.0002668012595294436,0.0002668012595294436,0,0,0,-1
gmsc,mlp,12,NumberRealEstateLoansOrLines,relative_minus_10,-0.1,1.0,1.1,0.007076920292949544,0.007009769738339533,-6.715055461001176e-05,6.715055461001176e-05,0,0,0,-1
gmsc,mlp,13,NumberRealEstateLoansOrLines,relative_minus_10,-0.1,0.0,0.1,0.35361463292929435,0.36219476138484696,0.008580128455552616,0.008580128455552616,0,0,0,-1
gmsc,mlp,14,NumberRealEstateLoansOrLines,relative_minus_10,-0.1,0.0,0.1,0.03041379302018182,0.028519910012277768,-0.0018938830079040514,0.0018938830079040514,0,0,0,-1
gmsc,mlp,15,NumberRealEstateLoansOrLines,relative_minus_10,-0.1,1.0,1.1,0.028531846223265274,0.029294895428364026,0.0007630492050987522,0.0007630492050987522,0,0,0,-1
gmsc,mlp,16,NumberRealEstateLoansOrLines,relative_minus_10,-0.1,0.0,0.1,0.11002930362193034,0.10772174587889996,-0.002307557743030375,0.002307557743030375,0,0,0,-1
gmsc,mlp,17,NumberRealEstateLoansOrLines,relative_minus_10,-0.1,1.0,1.1,0.013790889882417817,0.013622357940747242,-0.0001685319416705744,0.0001685319416705744,0,0,0,-1
gmsc,mlp,18,NumberRealEstateLoansOrLines,relative_minus_10,-0.1,2.0,2.2,0.02753715371688414,0.028997402447968362,0.0014602487310842217,0.0014602487310842217,0,0,0,-1
gmsc,mlp,19,NumberRealEstateLoansOrLines,relative_minus_10,-0.1,2.0,2.2,0.052926506156008635,0.05667266207618774,0.0037461559201791075,0.0037461559201791075,0,0,0,-1
gmsc,mlp,20,NumberRealEstateLoansOrLines,relative_minus_10,-0.1,1.0,1.1,0.008830310596060332,0.008757234064573774,-7.307653148655793e-05,7.307653148655793e-05,0,0,0,-1
gmsc,mlp,21,NumberRealEstateLoansOrLines,relative_minus_10,-0.1,0.0,0.1,0.014797349397540089,0.014891194497294792,9.384509975470315e-05,9.384509975470315e-05,0,0,0,-1
gmsc,mlp,22,NumberRealEstateLoansOrLines,relative_minus_10,-0.1,1.0,1.1,0.04562370697875247,0.0455745830187434,-4.912396000907038e-05,4.912396000907038e-05,0,0,0,-1
gmsc,mlp,23,NumberRealEstateLoansOrLines,relative_minus_10,-0.1,2.0,2.2,0.01573080665121102,0.01681833086732771,0.00108752421611669,0.00108752421611669,0,0,0,-1
gmsc,mlp,24,NumberRealEstateLoansOrLines,relative_minus_10,-0.1,0.0,0.1,0.011506289508992087,0.011247315716979903,-0.00025897379201218415,0.00025897379201218415,0,0,0,-1
gmsc,mlp,25,NumberRealEstateLoansOrLines,relative_minus_10,-0.1,0.0,0.1,0.03731802443216143,0.03566190930074861,-0.0016561151314128178,0.0016561151314128178,0,0,0,-1
gmsc,mlp,26,NumberRealEstateLoansOrLines,relative_minus_10,-0.1,0.0,0.1,0.029333059161415907,0.02827160704070892,-0.001061452120706987,0.001061452120706987,0,0,0,-1
gmsc,mlp,27,NumberRealEstateLoansOrLines,relative_minus_10,-0.1,0.0,0.1,0.035095010256273325,0.03368885467386994,-0.0014061555824033817,0.0014061555824033817,0,0,0,-1
gmsc,mlp,28,NumberRealEstateLoansOrLines,relative_minus_10,-0.1,0.0,0.1,0.09263198005026192,0.09185528783776375,-0.0007766922124981673,0.0007766922124981673,0,0,0,-1
gmsc,mlp,29,NumberRealEstateLoansOrLines,relative_minus_10,-0.1,0.0,0.1,0.006344097366443652,0.006327839117163408,-1.6258249280243914e-05,1.6258249280243914e-05,0,0,0,-1
gmsc,mlp,30,NumberRealEstateLoansOrLines,relative_minus_10,-0.1,1.0,1.1,0.046242861401163154,0.048501916852521185,0.00225905545135803,0.00225905545135803,0,0,0,-1
gmsc,mlp,31,NumberRealEstateLoansOrLines,relative_minus_10,-0.1,0.0,0.1,0.0255021185573372,0.02424470864801218,-0.0012574099093250225,0.0012574099093250225,0,0,0,-1
gmsc,mlp,32,NumberRealEstateLoansOrLines,relative_minus_10,-0.1,1.0,1.1,0.026376707227492684,0.02696164858509632,0.0005849413576036362,0.0005849413576036362,0,0,0,-1
gmsc,mlp,33,NumberRealEstateLoansOrLines,relative_minus_10,-0.1,0.0,0.1,0.015498282720832536,0.014955495506423961,-0.0005427872144085754,0.0005427872144085754,0,0,0,-1
gmsc,mlp,34,NumberRealEstateLoansOrLines,relative_minus_10,-0.1,2.0,2.2,0.08535157193754099,0.09075819597011786,0.0054066240325768705,0.0054066240325768705,0,0,0,-1
gmsc,mlp,35,NumberRealEstateLoansOrLines,relative_minus_10,-0.1,2.0,2.2,0.19910001606794017,0.2245344124765322,0.02543439640859202,0.02543439640859202,0,0,0,-1
gmsc,mlp,36,NumberRealEstateLoansOrLines,relative_minus_10,-0.1,1.0,1.1,0.010761647197797914,0.010892003915404024,0.00013035671760610983,0.00013035671760610983,0,0,0,-1
gmsc,mlp,37,NumberRealEstateLoansOrLines,relative_minus_10,-0.1,1.0,1.1,0.01757909301258303,0.017499921318511243,-7.917169407178556e-05,7.917169407178556e-05,0,0,0,-1
gmsc,mlp,38,NumberRealEstateLoansOrLines,relative_minus_10,-0.1,3.0,3.3,0.009145988810159647,0.010551392547033736,0.001405403736874089,0.001405403736874089,0,0,0,-1
gmsc,mlp,39,NumberRealEstateLoansOrLines,relative_minus_10,-0.1,1.0,1.1,0.051173952814171794,0.05282850666808573,0.0016545538539139357,0.0016545538539139357,0,0,0,-1
gmsc,mlp,40,NumberRealEstateLoansOrLines,relative_minus_10,-0.1,1.0,1.1,0.022676366611436422,0.0218555845333915,-0.0008207820780449238,0.0008207820780449238,0,0,0,-1
gmsc,mlp,41,NumberRealEstateLoansOrLines,relative_minus_10,-0.1,1.0,1.1,0.04009590259851887,0.04238362282633982,0.0022877202278209496,0.0022877202278209496,0,0,0,-1
gmsc,mlp,42,NumberRealEstateLoansOrLines,relative_minus_10,-0.1,1.0,1.1,0.02298812229422112,0.0235137396533043,0.0005256173590831789,0.0005256173590831789,0,0,0,-1
gmsc,mlp,43,NumberRealEstateLoansOrLines,relative_minus_10,-0.1,0.0,0.1,0.04219806536296886,0.040575122187892464,-0.0016229431750763995,0.0016229431750763995,0,0,0,-1
gmsc,mlp,44,NumberRealEstateLoansOrLines,relative_minus_10,-0.1,1.0,1.1,0.01680383752969732,0.016174082024673877,-0.0006297555050234424,0.0006297555050234424,0,0,0,-1
gmsc,mlp,45,NumberRealEstateLoansOrLines,relative_minus_10,-0.1,3.0,3.3,0.0359226511464687,0.03633382610979748,0.00041117496332878506,0.00041117496332878506,0,0,0,-1
gmsc,mlp,46,NumberRealEstateLoansOrLines,relative_minus_10,-0.1,1.0,1.1,0.008419834692001592,0.00841520968705904,-4.625004942552732e-06,4.625004942552732e-06,0,0,0,-1
gmsc,mlp,47,NumberRealEstateLoansOrLines,relative_minus_10,-0.1,1.0,1.1,0.01526822945269322,0.01527439646370673,6.167011013510915e-06,6.167011013510915e-06,0,0,0,-1
gmsc,mlp,48,NumberRealEstateLoansOrLines,relative_minus_10,-0.1,1.0,1.1,0.011940522095800142,0.011832041981171375,-0.00010848011462876762,0.00010848011462876762,0,0,0,-1
gmsc,mlp,49,NumberRealEstateLoansOrLines,relative_minus_10,-0.1,0.0,0.1,0.029003393714220643,0.028491489669312954,-0.0005119040449076892,0.0005119040449076892,0,0,0,-1
gmsc,mlp,50,NumberRealEstateLoansOrLines,relative_minus_10,-0.1,0.0,0.1,0.03157652357546811,0.03005326618026015,-0.0015232573952079637,0.0015232573952079637,0,0,0,-1
gmsc,mlp,51,NumberRealEstateLoansOrLines,relative_minus_10,-0.1,2.0,2.2,0.016133909190219866,0.0161062346724975,-2.7674517722366815e-05,2.7674517722366815e-05,0,0,0,-1
gmsc,mlp,52,NumberRealEstateLoansOrLines,relative_minus_10,-0.1,1.0,1.1,0.008942513898120756,0.008953119673102337,1.0605774981580982e-05,1.0605774981580982e-05,0,0,0,-1
gmsc,mlp,53,NumberRealEstateLoansOrLines,relative_minus_10,-0.1,0.0,0.1,0.29379437931569313,0.3025567161004705,0.008762336784777391,0.008762336784777391,0,0,0,-1
gmsc,mlp,54,NumberRealEstateLoansOrLines,relative_minus_10,-0.1,0.0,0.1,0.3498543595427822,0.35808548475268387,0.008231125209901657,0.008231125209901657,0,0,0,-1
gmsc,mlp,55,NumberRealEstateLoansOrLines,relative_minus_10,-0.1,1.0,1.1,0.007600943545173095,0.007544631726058983,-5.631181911411147e-05,5.631181911411147e-05,0,0,0,-1
gmsc,mlp,56,NumberRealEstateLoansOrLines,relative_minus_10,-0.1,1.0,1.1,0.025320893704546973,0.025669439114991855,0.00034854541044488166,0.00034854541044488166,0,0,0,-1
gmsc,mlp,57,NumberRealEstateLoansOrLines,relative_minus_10,-0.1,0.0,0.1,0.05069033380470405,0.04835978920966172,-0.0023305445950423317,0.0023305445950423317,0,0,0,-1
gmsc,mlp,58,NumberRealEstateLoansOrLines,relative_minus_10,-0.1,0.0,0.1,0.16009590625064055,0.16104753064308494,0.0009516243924443946,0.0009516243924443946,0,0,0,-1
gmsc,mlp,59,NumberRealEstateLoansOrLines,relative_minus_10,-0.1,1.0,1.1,0.025457114256866867,0.025590530737149807,0.0001334164802829392,0.0001334164802829392,0,0,0,-1
gmsc,mlp,60,NumberRealEstateLoansOrLines,relative_minus_10,-0.1,0.0,0.1,0.037076780618332694,0.03550949195185476,-0.0015672886664779354,0.0015672886664779354,0,0,0,-1
gmsc,mlp,61,NumberRealEstateLoansOrLines,relative_minus_10,-0.1,2.0,2.2,0.04860926951599663,0.05407654748006077,0.005467277964064141,0.005467277964064141,0,0,0,-1
gmsc,mlp,62,NumberRealEstateLoansOrLines,relative_minus_10,-0.1,2.0,2.2,0.022160573410907457,0.02441793418736107,0.002257360776453613,0.002257360776453613,0,0,0,-1
gmsc,mlp,63,NumberRealEstateLoansOrLines,relative_minus_10,-0.1,1.0,1.1,0.010545360475655359,0.010472781226113647,-7.257924954171165e-05,7.257924954171165e-05,0,0,0,-1
gmsc,mlp,64,NumberRealEstateLoansOrLines,relative_minus_10,-0.1,4.0,4.4,0.05188426446215026,0.06381662438776091,0.011932359925610647,0.011932359925610647,0,0,0,-1
gmsc,mlp,65,NumberRealEstateLoansOrLines,relative_minus_10,-0.1,1.0,1.1,0.19320558451418393,0.18843482096313904,-0.004770763551044888,0.004770763551044888,0,0,0,-1
gmsc,mlp,66,NumberRealEstateLoansOrLines,relative_minus_10,-0.1,1.0,1.1,0.017380461870616856,0.017363748691377155,-1.6713179239701004e-05,1.6713179239701004e-05,0,0,0,-1
gmsc,mlp,67,NumberRealEstateLoansOrLines,relative_minus_10,-0.1,1.0,1.1,0.045289289381342065,0.04411244838171305,-0.001176840999629017,0.001176840999629017,0,0,0,-1
gmsc,mlp,68,NumberRealEstateLoansOrLines,relative_minus_10,-0.1,1.0,1.1,0.012814695328681581,0.01282717076974288,1.2475441061298234e-05,1.2475441061298234e-05,0,0,0,-1
gmsc,mlp,69,NumberRealEstateLoansOrLines,relative_minus_10,-0.1,4.0,4.4,0.09362660727989738,0.10352460082172363,0.009897993541826244,0.009897993541826244,0,0,0,-1
gmsc,mlp,70,NumberRealEstateLoansOrLines,relative_minus_10,-0.1,0.0,0.1,0.09827269814207695,0.09484299969626893,-0.0034296984458080243,0.0034296984458080243,0,0,0,-1
gmsc,mlp,71,NumberRealEstateLoansOrLines,relative_minus_10,-0.1,0.0,0.1,0.07244781616495638,0.0704437471017059,-0.0020040690632504854,0.0020040690632504854,0,0,0,-1
gmsc,mlp,72,NumberRealEstateLoansOrLines,relative_minus_10,-0.1,1.0,1.1,0.03217968676284227,0.03181890750165155,-0.0003607792611907204,0.0003607792611907204,0,0,0,-1
gmsc,mlp,73,NumberRealEstateLoansOrLines,relative_minus_10,-0.1,2.0,2.2,0.044640504763767554,0.04833003852637982,0.003689533762612267,0.003689533762612267,0,0,0,-1
gmsc,mlp,74,NumberRealEstateLoansOrLines,relative_minus_10,-0.1,0.0,0.1,0.03482378444402007,0.03350100672823722,-0.0013227777157828469,0.0013227777157828469,0,0,0,-1
gmsc,mlp,75,NumberRealEstateLoansOrLines,relative_minus_10,-0.1,0.0,0.1,0.04920214568663398,0.0470589962215496,-0.0021431494650843846,0.0021431494650843846,0,0,0,-1
gmsc,mlp,76,NumberRealEstateLoansOrLines,relative_minus_10,-0.1,0.0,0.1,0.02205212445347039,0.021038086504013582,-0.0010140379494568072,0.0010140379494568072,0,0,0,-1
gmsc,mlp,77,NumberRealEstateLoansOrLines,relative_minus_10,-0.1,0.0,0.1,0.009856180676789783,0.009983639455431726,0.00012745877864194302,0.00012745877864194302,0,0,0,-1
gmsc,mlp,78,NumberRealEstateLoansOrLines,relative_minus_10,-0.1,1.0,1.1,0.010129649250511236,0.010212575256667031,8.292600615579515e-05,8.292600615579515e-05,0,0,0,-1
gmsc,mlp,79,NumberRealEstateLoansOrLines,relative_minus_10,-0.1,1.0,1.1,0.025575449411528527,0.02653459165295761,0.0009591422414290847,0.0009591422414290847,0,0,0,-1
gmsc,mlp,80,NumberRealEstateLoansOrLines,relative_minus_10,-0.1,1.0,1.1,0.005666248820127979,0.005667337827491262,1.0890073632828512e-06,1.0890073632828512e-06,0,0,0,-1
gmsc,mlp,81,NumberRealEstateLoansOrLines,relative_minus_10,-0.1,2.0,2.2,0.04332063353337088,0.0472754734151743,0.003954839881803424,0.003954839881803424,0,0,0,-1
gmsc,mlp,82,NumberRealEstateLoansOrLines,relative_minus_10,-0.1,1.0,1.1,0.01937427089536237,0.0194524365341944,7.816563883203051e-05,7.816563883203051e-05,0,0,0,-1
gmsc,mlp,83,NumberRealEstateLoansOrLines,relative_minus_10,-0.1,1.0,1.1,0.014956252536287561,0.015659820304482503,0.0007035677681949421,0.0007035677681949421,0,0,0,-1
gmsc,mlp,84,NumberRealEstateLoansOrLines,relative_minus_10,-0.1,2.0,2.2,0.034404191335380946,0.03736770018391985,0.0029635088485389025,0.0029635088485389025,0,0,0,-1
gmsc,mlp,85,NumberRealEstateLoansOrLines,relative_minus_10,-0.1,2.0,2.2,0.016073637508889543,0.018010816170743075,0.0019371786618535315,0.0019371786618535315,0,0,0,-1
gmsc,mlp,86,NumberRealEstateLoansOrLines,relative_minus_10,-0.1,0.0,0.1,0.03951246267546877,0.03775612695544149,-0.0017563357200272786,0.0017563357200272786,0,0,0,-1
gmsc,mlp,87,NumberRealEstateLoansOrLines,relative_minus_10,-0.1,0.0,0.1,0.023170727869934838,0.02219638202818516,-0.0009743458417496784,0.0009743458417496784,0,0,0,-1
gmsc,mlp,88,NumberRealEstateLoansOrLines,relative_minus_10,-0.1,1.0,1.1,0.014049767208401245,0.013904122182753144,-0.0001456450256481015,0.0001456450256481015,0,0,0,-1
gmsc,mlp,89,NumberRealEstateLoansOrLines,relative_minus_10,-0.1,1.0,1.1,0.031436900478850546,0.03138470530279212,-5.219517605842966e-05,5.219517605842966e-05,0,0,0,-1
gmsc,mlp,90,NumberRealEstateLoansOrLines,relative_minus_10,-0.1,0.0,0.1,0.005417127218637603,0.005382372309140426,-3.475490949717691e-05,3.475490949717691e-05,0,0,0,-1
gmsc,mlp,91,NumberRealEstateLoansOrLines,relative_minus_10,-0.1,1.0,1.1,0.025606851072255785,0.026926525103998976,0.0013196740317431913,0.0013196740317431913,0,0,0,-1
gmsc,mlp,92,NumberRealEstateLoansOrLines,relative_minus_10,-0.1,0.0,0.1,0.06791010130064887,0.06806833519922455,0.00015823389857567982,0.00015823389857567982,0,0,0,-1
gmsc,mlp,93,NumberRealEstateLoansOrLines,relative_minus_10,-0.1,2.0,2.2,0.012557321048589615,0.012649449103322613,9.2128054732998e-05,9.2128054732998e-05,0,0,0,-1
gmsc,mlp,94,NumberRealEstateLoansOrLines,relative_minus_10,-0.1,0.0,0.1,0.01479561435417343,0.01521514946286772,0.0004195351086942901,0.0004195351086942901,0,0,0,-1
gmsc,mlp,95,NumberRealEstateLoansOrLines,relative_minus_10,-0.1,2.0,2.2,0.02165723032387087,0.023438429416395234,0.0017811990925243638,0.0017811990925243638,0,0,0,-1
gmsc,mlp,96,NumberRealEstateLoansOrLines,relative_minus_10,-0.1,1.0,1.1,0.025618448582325936,0.025937739791914164,0.00031929120958822804,0.00031929120958822804,0,0,0,-1
gmsc,mlp,97,NumberRealEstateLoansOrLines,relative_minus_10,-0.1,1.0,1.1,0.017705870709505835,0.017643303718813577,-6.256699069225741e-05,6.256699069225741e-05,0,0,0,-1
gmsc,mlp,98,NumberRealEstateLoansOrLines,relative_minus_10,-0.1,2.0,2.2,0.021717560701058864,0.02375906344895322,0.0020415027478943547,0.0020415027478943547,0,0,0,-1
gmsc,mlp,99,NumberRealEstateLoansOrLines,relative_minus_10,-0.1,0.0,0.1,0.2986561163043243,0.2919548050620089,-0.006701311242315433,0.006701311242315433,0,0,0,-1
gmsc,mlp,0,NumberRealEstateLoansOrLines,relative_plus_10,0.1,2.0,2.2,0.02211686465599193,0.025918145969688392,0.0038012813136964613,0.0038012813136964613,0,0,0,-1
gmsc,mlp,1,NumberRealEstateLoansOrLines,relative_plus_10,0.1,1.0,1.1,0.01569449495491033,0.015572580063911816,-0.0001219148909985153,0.0001219148909985153,0,0,0,-1
gmsc,mlp,2,NumberRealEstateLoansOrLines,relative_plus_10,0.1,0.0,0.1,0.016575068310977385,0.015932012135309592,-0.0006430561756677923,0.0006430561756677923,0,0,0,-1
gmsc,mlp,3,NumberRealEstateLoansOrLines,relative_plus_10,0.1,2.0,2.2,0.034126022539606525,0.03437394849620596,0.0002479259565994346,0.0002479259565994346,0,0,0,-1
gmsc,mlp,4,NumberRealEstateLoansOrLines,relative_plus_10,0.1,1.0,1.1,0.026106102898580053,0.025926157487868716,-0.00017994541071133727,0.00017994541071133727,0,0,0,-1
gmsc,mlp,5,NumberRealEstateLoansOrLines,relative_plus_10,0.1,1.0,1.1,0.021830131699538843,0.02172111102356453,-0.00010902067597431259,0.00010902067597431259,0,0,0,-1
gmsc,mlp,6,NumberRealEstateLoansOrLines,relative_plus_10,0.1,0.0,0.1,0.03217662260521963,0.0301955269106679,-0.0019810956945517343,0.0019810956945517343,0,0,0,-1
gmsc,mlp,7,NumberRealEstateLoansOrLines,relative_plus_10,0.1,0.0,0.1,0.046315106403102796,0.04385984509859482,-0.0024552613045079746,0.0024552613045079746,0,0,0,-1
gmsc,mlp,8,NumberRealEstateLoansOrLines,relative_plus_10,0.1,1.0,1.1,0.05673708325740244,0.05866250186060246,0.0019254186032000228,0.0019254186032000228,0,0,0,-1
gmsc,mlp,9,NumberRealEstateLoansOrLines,relative_plus_10,0.1,1.0,1.1,0.07183380465082981,0.07163145076216615,-0.0002023538886636589,0.0002023538886636589,0,0,0,-1
gmsc,mlp,10,NumberRealEstateLoansOrLines,relative_plus_10,0.1,2.0,2.2,0.029425463415082575,0.030509702498803467,0.001084239083720892,0.001084239083720892,0,0,0,-1
gmsc,mlp,11,NumberRealEstateLoansOrLines,relative_plus_10,0.1,1.0,1.1,0.012965465127209348,0.013232266386738792,0.0002668012595294436,0.0002668012595294436,0,0,0,-1
gmsc,mlp,12,NumberRealEstateLoansOrLines,relative_plus_10,0.1,1.0,1.1,0.007076920292949544,0.007009769738339533,-6.715055461001176e-05,6.715055461001176e-05,0,0,0,-1
gmsc,mlp,13,NumberRealEstateLoansOrLines,relative_plus_10,0.1,0.0,0.1,0.35361463292929435,0.36219476138484696,0.008580128455552616,0.008580128455552616,0,0,0,-1
gmsc,mlp,14,NumberRealEstateLoansOrLines,relative_plus_10,0.1,0.0,0.1,0.03041379302018182,0.028519910012277768,-0.0018938830079040514,0.0018938830079040514,0,0,0,-1
gmsc,mlp,15,NumberRealEstateLoansOrLines,relative_plus_10,0.1,1.0,1.1,0.028531846223265274,0.029294895428364026,0.0007630492050987522,0.0007630492050987522,0,0,0,-1
gmsc,mlp,16,NumberRealEstateLoansOrLines,relative_plus_10,0.1,0.0,0.1,0.11002930362193034,0.10772174587889996,-0.002307557743030375,0.002307557743030375,0,0,0,-1
gmsc,mlp,17,NumberRealEstateLoansOrLines,relative_plus_10,0.1,1.0,1.1,0.013790889882417817,0.013622357940747242,-0.0001685319416705744,0.0001685319416705744,0,0,0,-1
gmsc,mlp,18,NumberRealEstateLoansOrLines,relative_plus_10,0.1,2.0,2.2,0.02753715371688414,0.028997402447968362,0.0014602487310842217,0.0014602487310842217,0,0,0,-1
gmsc,mlp,19,NumberRealEstateLoansOrLines,relative_plus_10,0.1,2.0,2.2,0.052926506156008635,0.05667266207618774,0.0037461559201791075,0.0037461559201791075,0,0,0,-1
gmsc,mlp,20,NumberRealEstateLoansOrLines,relative_plus_10,0.1,1.0,1.1,0.008830310596060332,0.008757234064573774,-7.307653148655793e-05,7.307653148655793e-05,0,0,0,-1
gmsc,mlp,21,NumberRealEstateLoansOrLines,relative_plus_10,0.1,0.0,0.1,0.014797349397540089,0.014891194497294792,9.384509975470315e-05,9.384509975470315e-05,0,0,0,-1
gmsc,mlp,22,NumberRealEstateLoansOrLines,relative_plus_10,0.1,1.0,1.1,0.04562370697875247,0.0455745830187434,-4.912396000907038e-05,4.912396000907038e-05,0,0,0,-1
gmsc,mlp,23,NumberRealEstateLoansOrLines,relative_plus_10,0.1,2.0,2.2,0.01573080665121102,0.01681833086732771,0.00108752421611669,0.00108752421611669,0,0,0,-1
gmsc,mlp,24,NumberRealEstateLoansOrLines,relative_plus_10,0.1,0.0,0.1,0.011506289508992087,0.011247315716979903,-0.00025897379201218415,0.00025897379201218415,0,0,0,-1
gmsc,mlp,25,NumberRealEstateLoansOrLines,relative_plus_10,0.1,0.0,0.1,0.03731802443216143,0.03566190930074861,-0.0016561151314128178,0.0016561151314128178,0,0,0,-1
gmsc,mlp,26,NumberRealEstateLoansOrLines,relative_plus_10,0.1,0.0,0.1,0.029333059161415907,0.02827160704070892,-0.001061452120706987,0.001061452120706987,0,0,0,-1
gmsc,mlp,27,NumberRealEstateLoansOrLines,relative_plus_10,0.1,0.0,0.1,0.035095010256273325,0.03368885467386994,-0.0014061555824033817,0.0014061555824033817,0,0,0,-1
gmsc,mlp,28,NumberRealEstateLoansOrLines,relative_plus_10,0.1,0.0,0.1,0.09263198005026192,0.09185528783776375,-0.0007766922124981673,0.0007766922124981673,0,0,0,-1
gmsc,mlp,29,NumberRealEstateLoansOrLines,relative_plus_10,0.1,0.0,0.1,0.006344097366443652,0.006327839117163408,-1.6258249280243914e-05,1.6258249280243914e-05,0,0,0,-1
gmsc,mlp,30,NumberRealEstateLoansOrLines,relative_plus_10,0.1,1.0,1.1,0.046242861401163154,0.048501916852521185,0.00225905545135803,0.00225905545135803,0,0,0,-1
gmsc,mlp,31,NumberRealEstateLoansOrLines,relative_plus_10,0.1,0.0,0.1,0.0255021185573372,0.02424470864801218,-0.0012574099093250225,0.0012574099093250225,0,0,0,-1
gmsc,mlp,32,NumberRealEstateLoansOrLines,relative_plus_10,0.1,1.0,1.1,0.026376707227492684,0.02696164858509632,0.0005849413576036362,0.0005849413576036362,0,0,0,-1
gmsc,mlp,33,NumberRealEstateLoansOrLines,relative_plus_10,0.1,0.0,0.1,0.015498282720832536,0.014955495506423961,-0.0005427872144085754,0.0005427872144085754,0,0,0,-1
gmsc,mlp,34,NumberRealEstateLoansOrLines,relative_plus_10,0.1,2.0,2.2,0.08535157193754099,0.09075819597011786,0.0054066240325768705,0.0054066240325768705,0,0,0,-1
gmsc,mlp,35,NumberRealEstateLoansOrLines,relative_plus_10,0.1,2.0,2.2,0.19910001606794017,0.2245344124765322,0.02543439640859202,0.02543439640859202,0,0,0,-1
gmsc,mlp,36,NumberRealEstateLoansOrLines,relative_plus_10,0.1,1.0,1.1,0.010761647197797914,0.010892003915404024,0.00013035671760610983,0.00013035671760610983,0,0,0,-1
gmsc,mlp,37,NumberRealEstateLoansOrLines,relative_plus_10,0.1,1.0,1.1,0.01757909301258303,0.017499921318511243,-7.917169407178556e-05,7.917169407178556e-05,0,0,0,-1
gmsc,mlp,38,NumberRealEstateLoansOrLines,relative_plus_10,0.1,3.0,3.3,0.009145988810159647,0.010551392547033736,0.001405403736874089,0.001405403736874089,0,0,0,-1
gmsc,mlp,39,NumberRealEstateLoansOrLines,relative_plus_10,0.1,1.0,1.1,0.051173952814171794,0.05282850666808573,0.0016545538539139357,0.0016545538539139357,0,0,0,-1
gmsc,mlp,40,NumberRealEstateLoansOrLines,relative_plus_10,0.1,1.0,1.1,0.022676366611436422,0.0218555845333915,-0.0008207820780449238,0.0008207820780449238,0,0,0,-1
gmsc,mlp,41,NumberRealEstateLoansOrLines,relative_plus_10,0.1,1.0,1.1,0.04009590259851887,0.04238362282633982,0.0022877202278209496,0.0022877202278209496,0,0,0,-1
gmsc,mlp,42,NumberRealEstateLoansOrLines,relative_plus_10,0.1,1.0,1.1,0.02298812229422112,0.0235137396533043,0.0005256173590831789,0.0005256173590831789,0,0,0,-1
gmsc,mlp,43,NumberRealEstateLoansOrLines,relative_plus_10,0.1,0.0,0.1,0.04219806536296886,0.040575122187892464,-0.0016229431750763995,0.0016229431750763995,0,0,0,-1
gmsc,mlp,44,NumberRealEstateLoansOrLines,relative_plus_10,0.1,1.0,1.1,0.01680383752969732,0.016174082024673877,-0.0006297555050234424,0.0006297555050234424,0,0,0,-1
gmsc,mlp,45,NumberRealEstateLoansOrLines,relative_plus_10,0.1,3.0,3.3,0.0359226511464687,0.03633382610979748,0.00041117496332878506,0.00041117496332878506,0,0,0,-1
gmsc,mlp,46,NumberRealEstateLoansOrLines,relative_plus_10,0.1,1.0,1.1,0.008419834692001592,0.00841520968705904,-4.625004942552732e-06,4.625004942552732e-06,0,0,0,-1
gmsc,mlp,47,NumberRealEstateLoansOrLines,relative_plus_10,0.1,1.0,1.1,0.01526822945269322,0.01527439646370673,6.167011013510915e-06,6.167011013510915e-06,0,0,0,-1
gmsc,mlp,48,NumberRealEstateLoansOrLines,relative_plus_10,0.1,1.0,1.1,0.011940522095800142,0.011832041981171375,-0.00010848011462876762,0.00010848011462876762,0,0,0,-1
gmsc,mlp,49,NumberRealEstateLoansOrLines,relative_plus_10,0.1,0.0,0.1,0.029003393714220643,0.028491489669312954,-0.0005119040449076892,0.0005119040449076892,0,0,0,-1
gmsc,mlp,50,NumberRealEstateLoansOrLines,relative_plus_10,0.1,0.0,0.1,0.03157652357546811,0.03005326618026015,-0.0015232573952079637,0.0015232573952079637,0,0,0,-1
gmsc,mlp,51,NumberRealEstateLoansOrLines,relative_plus_10,0.1,2.0,2.2,0.016133909190219866,0.0161062346724975,-2.7674517722366815e-05,2.7674517722366815e-05,0,0,0,-1
gmsc,mlp,52,NumberRealEstateLoansOrLines,relative_plus_10,0.1,1.0,1.1,0.008942513898120756,0.008953119673102337,1.0605774981580982e-05,1.0605774981580982e-05,0,0,0,-1
gmsc,mlp,53,NumberRealEstateLoansOrLines,relative_plus_10,0.1,0.0,0.1,0.29379437931569313,0.3025567161004705,0.008762336784777391,0.008762336784777391,0,0,0,-1
gmsc,mlp,54,NumberRealEstateLoansOrLines,relative_plus_10,0.1,0.0,0.1,0.3498543595427822,0.35808548475268387,0.008231125209901657,0.008231125209901657,0,0,0,-1
gmsc,mlp,55,NumberRealEstateLoansOrLines,relative_plus_10,0.1,1.0,1.1,0.007600943545173095,0.007544631726058983,-5.631181911411147e-05,5.631181911411147e-05,0,0,0,-1
gmsc,mlp,56,NumberRealEstateLoansOrLines,relative_plus_10,0.1,1.0,1.1,0.025320893704546973,0.025669439114991855,0.00034854541044488166,0.00034854541044488166,0,0,0,-1
gmsc,mlp,57,NumberRealEstateLoansOrLines,relative_plus_10,0.1,0.0,0.1,0.05069033380470405,0.04835978920966172,-0.0023305445950423317,0.0023305445950423317,0,0,0,-1
gmsc,mlp,58,NumberRealEstateLoansOrLines,relative_plus_10,0.1,0.0,0.1,0.16009590625064055,0.16104753064308494,0.0009516243924443946,0.0009516243924443946,0,0,0,-1
gmsc,mlp,59,NumberRealEstateLoansOrLines,relative_plus_10,0.1,1.0,1.1,0.025457114256866867,0.025590530737149807,0.0001334164802829392,0.0001334164802829392,0,0,0,-1
gmsc,mlp,60,NumberRealEstateLoansOrLines,relative_plus_10,0.1,0.0,0.1,0.037076780618332694,0.03550949195185476,-0.0015672886664779354,0.0015672886664779354,0,0,0,-1
gmsc,mlp,61,NumberRealEstateLoansOrLines,relative_plus_10,0.1,2.0,2.2,0.04860926951599663,0.05407654748006077,0.005467277964064141,0.005467277964064141,0,0,0,-1
gmsc,mlp,62,NumberRealEstateLoansOrLines,relative_plus_10,0.1,2.0,2.2,0.022160573410907457,0.02441793418736107,0.002257360776453613,0.002257360776453613,0,0,0,-1
gmsc,mlp,63,NumberRealEstateLoansOrLines,relative_plus_10,0.1,1.0,1.1,0.010545360475655359,0.010472781226113647,-7.257924954171165e-05,7.257924954171165e-05,0,0,0,-1
gmsc,mlp,64,NumberRealEstateLoansOrLines,relative_plus_10,0.1,4.0,4.4,0.05188426446215026,0.06381662438776091,0.011932359925610647,0.011932359925610647,0,0,0,-1
gmsc,mlp,65,NumberRealEstateLoansOrLines,relative_plus_10,0.1,1.0,1.1,0.19320558451418393,0.18843482096313904,-0.004770763551044888,0.004770763551044888,0,0,0,-1
gmsc,mlp,66,NumberRealEstateLoansOrLines,relative_plus_10,0.1,1.0,1.1,0.017380461870616856,0.017363748691377155,-1.6713179239701004e-05,1.6713179239701004e-05,0,0,0,-1
gmsc,mlp,67,NumberRealEstateLoansOrLines,relative_plus_10,0.1,1.0,1.1,0.045289289381342065,0.04411244838171305,-0.001176840999629017,0.001176840999629017,0,0,0,-1
gmsc,mlp,68,NumberRealEstateLoansOrLines,relative_plus_10,0.1,1.0,1.1,0.012814695328681581,0.01282717076974288,1.2475441061298234e-05,1.2475441061298234e-05,0,0,0,-1
gmsc,mlp,69,NumberRealEstateLoansOrLines,relative_plus_10,0.1,4.0,4.4,0.09362660727989738,0.10352460082172363,0.009897993541826244,0.009897993541826244,0,0,0,-1
gmsc,mlp,70,NumberRealEstateLoansOrLines,relative_plus_10,0.1,0.0,0.1,0.09827269814207695,0.09484299969626893,-0.0034296984458080243,0.0034296984458080243,0,0,0,-1
gmsc,mlp,71,NumberRealEstateLoansOrLines,relative_plus_10,0.1,0.0,0.1,0.07244781616495638,0.0704437471017059,-0.0020040690632504854,0.0020040690632504854,0,0,0,-1
gmsc,mlp,72,NumberRealEstateLoansOrLines,relative_plus_10,0.1,1.0,1.1,0.03217968676284227,0.03181890750165155,-0.0003607792611907204,0.0003607792611907204,0,0,0,-1
gmsc,mlp,73,NumberRealEstateLoansOrLines,relative_plus_10,0.1,2.0,2.2,0.044640504763767554,0.04833003852637982,0.003689533762612267,0.003689533762612267,0,0,0,-1
gmsc,mlp,74,NumberRealEstateLoansOrLines,relative_plus_10,0.1,0.0,0.1,0.03482378444402007,0.03350100672823722,-0.0013227777157828469,0.0013227777157828469,0,0,0,-1
gmsc,mlp,75,NumberRealEstateLoansOrLines,relative_plus_10,0.1,0.0,0.1,0.04920214568663398,0.0470589962215496,-0.0021431494650843846,0.0021431494650843846,0,0,0,-1
gmsc,mlp,76,NumberRealEstateLoansOrLines,relative_plus_10,0.1,0.0,0.1,0.02205212445347039,0.021038086504013582,-0.0010140379494568072,0.0010140379494568072,0,0,0,-1
gmsc,mlp,77,NumberRealEstateLoansOrLines,relative_plus_10,0.1,0.0,0.1,0.009856180676789783,0.009983639455431726,0.00012745877864194302,0.00012745877864194302,0,0,0,-1
gmsc,mlp,78,NumberRealEstateLoansOrLines,relative_plus_10,0.1,1.0,1.1,0.010129649250511236,0.010212575256667031,8.292600615579515e-05,8.292600615579515e-05,0,0,0,-1
gmsc,mlp,79,NumberRealEstateLoansOrLines,relative_plus_10,0.1,1.0,1.1,0.025575449411528527,0.02653459165295761,0.0009591422414290847,0.0009591422414290847,0,0,0,-1
gmsc,mlp,80,NumberRealEstateLoansOrLines,relative_plus_10,0.1,1.0,1.1,0.005666248820127979,0.005667337827491262,1.0890073632828512e-06,1.0890073632828512e-06,0,0,0,-1
gmsc,mlp,81,NumberRealEstateLoansOrLines,relative_plus_10,0.1,2.0,2.2,0.04332063353337088,0.0472754734151743,0.003954839881803424,0.003954839881803424,0,0,0,-1
gmsc,mlp,82,NumberRealEstateLoansOrLines,relative_plus_10,0.1,1.0,1.1,0.01937427089536237,0.0194524365341944,7.816563883203051e-05,7.816563883203051e-05,0,0,0,-1
gmsc,mlp,83,NumberRealEstateLoansOrLines,relative_plus_10,0.1,1.0,1.1,0.014956252536287561,0.015659820304482503,0.0007035677681949421,0.0007035677681949421,0,0,0,-1
gmsc,mlp,84,NumberRealEstateLoansOrLines,relative_plus_10,0.1,2.0,2.2,0.034404191335380946,0.03736770018391985,0.0029635088485389025,0.0029635088485389025,0,0,0,-1
gmsc,mlp,85,NumberRealEstateLoansOrLines,relative_plus_10,0.1,2.0,2.2,0.016073637508889543,0.018010816170743075,0.0019371786618535315,0.0019371786618535315,0,0,0,-1
gmsc,mlp,86,NumberRealEstateLoansOrLines,relative_plus_10,0.1,0.0,0.1,0.03951246267546877,0.03775612695544149,-0.0017563357200272786,0.0017563357200272786,0,0,0,-1
gmsc,mlp,87,NumberRealEstateLoansOrLines,relative_plus_10,0.1,0.0,0.1,0.023170727869934838,0.02219638202818516,-0.0009743458417496784,0.0009743458417496784,0,0,0,-1
gmsc,mlp,88,NumberRealEstateLoansOrLines,relative_plus_10,0.1,1.0,1.1,0.014049767208401245,0.013904122182753144,-0.0001456450256481015,0.0001456450256481015,0,0,0,-1
gmsc,mlp,89,NumberRealEstateLoansOrLines,relative_plus_10,0.1,1.0,1.1,0.031436900478850546,0.03138470530279212,-5.219517605842966e-05,5.219517605842966e-05,0,0,0,-1
gmsc,mlp,90,NumberRealEstateLoansOrLines,relative_plus_10,0.1,0.0,0.1,0.005417127218637603,0.005382372309140426,-3.475490949717691e-05,3.475490949717691e-05,0,0,0,-1
gmsc,mlp,91,NumberRealEstateLoansOrLines,relative_plus_10,0.1,1.0,1.1,0.025606851072255785,0.026926525103998976,0.0013196740317431913,0.0013196740317431913,0,0,0,-1
gmsc,mlp,92,NumberRealEstateLoansOrLines,relative_plus_10,0.1,0.0,0.1,0.06791010130064887,0.06806833519922455,0.00015823389857567982,0.00015823389857567982,0,0,0,-1
gmsc,mlp,93,NumberRealEstateLoansOrLines,relative_plus_10,0.1,2.0,2.2,0.012557321048589615,0.012649449103322613,9.2128054732998e-05,9.2128054732998e-05,0,0,0,-1
gmsc,mlp,94,NumberRealEstateLoansOrLines,relative_plus_10,0.1,0.0,0.1,0.01479561435417343,0.01521514946286772,0.0004195351086942901,0.0004195351086942901,0,0,0,-1
gmsc,mlp,95,NumberRealEstateLoansOrLines,relative_plus_10,0.1,2.0,2.2,0.02165723032387087,0.023438429416395234,0.0017811990925243638,0.0017811990925243638,0,0,0,-1
gmsc,mlp,96,NumberRealEstateLoansOrLines,relative_plus_10,0.1,1.0,1.1,0.025618448582325936,0.025937739791914164,0.00031929120958822804,0.00031929120958822804,0,0,0,-1
gmsc,mlp,97,NumberRealEstateLoansOrLines,relative_plus_10,0.1,1.0,1.1,0.017705870709505835,0.017643303718813577,-6.256699069225741e-05,6.256699069225741e-05,0,0,0,-1
gmsc,mlp,98,NumberRealEstateLoansOrLines,relative_plus_10,0.1,2.0,2.2,0.021717560701058864,0.02375906344895322,0.0020415027478943547,0.0020415027478943547,0,0,0,-1
gmsc,mlp,99,NumberRealEstateLoansOrLines,relative_plus_10,0.1,0.0,0.1,0.2986561163043243,0.2919548050620089,-0.006701311242315433,0.006701311242315433,0,0,0,-1
gmsc,mlp,0,NumberOfTime60-89DaysPastDueNotWorse,relative_minus_5,-0.05,0.0,0.05,0.02211686465599193,0.0255553946812902,0.003438530025298269,0.003438530025298269,0,0,0,-1
gmsc,mlp,1,NumberOfTime60-89DaysPastDueNotWorse,relative_minus_5,-0.05,0.0,0.05,0.01569449495491033,0.017974415256386007,0.0022799203014756755,0.0022799203014756755,0,0,0,-1
gmsc,mlp,2,NumberOfTime60-89DaysPastDueNotWorse,relative_minus_5,-0.05,0.0,0.05,0.016575068310977385,0.018869114352684863,0.0022940460417074787,0.0022940460417074787,0,0,0,-1
gmsc,mlp,3,NumberOfTime60-89DaysPastDueNotWorse,relative_minus_5,-0.05,0.0,0.05,0.034126022539606525,0.038071635398421975,0.00394561285881545,0.00394561285881545,0,0,0,-1
gmsc,mlp,4,NumberOfTime60-89DaysPastDueNotWorse,relative_minus_5,-0.05,0.0,0.05,0.026106102898580053,0.029225643552385192,0.003119540653805139,0.003119540653805139,0,0,0,-1
gmsc,mlp,5,NumberOfTime60-89DaysPastDueNotWorse,relative_minus_5,-0.05,0.0,0.05,0.021830131699538843,0.024155932805134284,0.002325801105595441,0.002325801105595441,0,0,0,-1
gmsc,mlp,6,NumberOfTime60-89DaysPastDueNotWorse,relative_minus_5,-0.05,0.0,0.05,0.03217662260521963,0.03615784021561944,0.003981217610399809,0.003981217610399809,0,0,0,-1
gmsc,mlp,7,NumberOfTime60-89DaysPastDueNotWorse,relative_minus_5,-0.05,0.0,0.05,0.046315106403102796,0.05274899256441756,0.006433886161314767,0.006433886161314767,0,0,0,-1
gmsc,mlp,8,NumberOfTime60-89DaysPastDueNotWorse,relative_minus_5,-0.05,0.0,0.05,0.05673708325740244,0.0653171478943454,0.008580064636942955,0.008580064636942955,0,0,0,-1
gmsc,mlp,9,NumberOfTime60-89DaysPastDueNotWorse,relative_minus_5,-0.05,0.0,0.05,0.07183380465082981,0.07764586430305633,0.005812059652226517,0.005812059652226517,0,0,0,-1
gmsc,mlp,10,NumberOfTime60-89DaysPastDueNotWorse,relative_minus_5,-0.05,0.0,0.05,0.029425463415082575,0.032798180768821156,0.003372717353738581,0.003372717353738581,0,0,0,-1
gmsc,mlp,11,NumberOfTime60-89DaysPastDueNotWorse,relative_minus_5,-0.05,0.0,0.05,0.012965465127209348,0.014147487559931542,0.0011820224327221945,0.0011820224327221945,0,0,0,-1
gmsc,mlp,12,NumberOfTime60-89DaysPastDueNotWorse,relative_minus_5,-0.05,0.0,0.05,0.007076920292949544,0.008165030028329662,0.0010881097353801173,0.0010881097353801173,0,0,0,-1
gmsc,mlp,13,NumberOfTime60-89DaysPastDueNotWorse,relative_minus_5,-0.05,0.0,0.05,0.35361463292929435,0.3589367960211779,0.005322163091883547,0.005322163091883547,0,0,0,-1
gmsc,mlp,14,NumberOfTime60-89DaysPastDueNotWorse,relative_minus_5,-0.05,0.0,0.05,0.03041379302018182,0.034497589927396606,0.004083796907214787,0.004083796907214787,0,0,0,-1
gmsc,mlp,15,NumberOfTime60-89DaysPastDueNotWorse,relative_minus_5,-0.05,0.0,0.05,0.028531846223265274,0.030747678991410246,0.002215832768144972,0.002215832768144972,0,0,0,-1
gmsc,mlp,16,NumberOfTime60-89DaysPastDueNotWorse,relative_minus_5,-0.05,0.0,0.05,0.11002930362193034,0.11700597420578428,0.006976670583853942,0.006976670583853942,0,0,0,-1
gmsc,mlp,17,NumberOfTime60-89DaysPastDueNotWorse,relative_minus_5,-0.05,0.0,0.05,0.013790889882417817,0.015658224996147753,0.0018673351137299364,0.0018673351137299364,0,0,0,-1
gmsc,mlp,18,NumberOfTime60-89DaysPastDueNotWorse,relative_minus_5,-0.05,0.0,0.05,0.02753715371688414,0.030749102990769692,0.003211949273885552,0.003211949273885552,0,0,0,-1
gmsc,mlp,19,NumberOfTime60-89DaysPastDueNotWorse,relative_minus_5,-0.05,0.0,0.05,0.052926506156008635,0.0609551670547057,0.008028660898697068,0.008028660898697068,0,0,0,-1
gmsc,mlp,20,NumberOfTime60-89DaysPastDueNotWorse,relative_minus_5,-0.05,0.0,0.05,0.008830310596060332,0.009861058510652257,0.001030747914591925,0.001030747914591925,0,0,0,-1
gmsc,mlp,21,NumberOfTime60-89DaysPastDueNotWorse,relative_minus_5,-0.05,0.0,0.05,0.014797349397540089,0.016943566069350467,0.0021462166718103776,0.0021462166718103776,0,0,0,-1
gmsc,mlp,22,NumberOfTime60-89DaysPastDueNotWorse,relative_minus_5,-0.05,0.0,0.05,0.04562370697875247,0.05427606146919819,0.00865235449044572,0.00865235449044572,0,0,0,-1
gmsc,mlp,23,NumberOfTime60-89DaysPastDueNotWorse,relative_minus_5,-0.05,0.0,0.05,0.01573080665121102,0.017427959924701322,0.0016971532734903032,0.0016971532734903032,0,0,0,-1
gmsc,mlp,24,NumberOfTime60-89DaysPastDueNotWorse,relative_minus_5,-0.05,0.0,0.05,0.011506289508992087,0.013076642609297582,0.0015703531003054948,0.0015703531003054948,0,0,0,-1
gmsc,mlp,25,NumberOfTime60-89DaysPastDueNotWorse,relative_minus_5,-0.05,0.0,0.05,0.03731802443216143,0.04141191602889627,0.0040938915967348374,0.0040938915967348374,0,0,0,-1
gmsc,mlp,26,NumberOfTime60-89DaysPastDueNotWorse,relative_minus_5,-0.05,0.0,0.05,0.029333059161415907,0.033051747411454904,0.0037186882500389977,0.0037186882500389977,0,0,0,-1
gmsc,mlp,27,NumberOfTime60-89DaysPastDueNotWorse,relative_minus_5,-0.05,0.0,0.05,0.035095010256273325,0.03905336295688982,0.003958352700616494,0.003958352700616494,0,0,0,-1
gmsc,mlp,28,NumberOfTime60-89DaysPastDueNotWorse,relative_minus_5,-0.05,0.0,0.05,0.09263198005026192,0.1039983252329012,0.011366345182639279,0.011366345182639279,0,0,0,-1
gmsc,mlp,29,NumberOfTime60-89DaysPastDueNotWorse,relative_minus_5,-0.05,0.0,0.05,0.006344097366443652,0.007372866087975387,0.0010287687215317348,0.0010287687215317348,0,0,0,-1
gmsc,mlp,30,NumberOfTime60-89DaysPastDueNotWorse,relative_minus_5,-0.05,0.0,0.05,0.046242861401163154,0.049611322573172904,0.00336846117200975,0.00336846117200975,0,0,0,-1
gmsc,mlp,31,NumberOfTime60-89DaysPastDueNotWorse,relative_minus_5,-0.05,0.0,0.05,0.0255021185573372,0.028243310144448502,0.002741191587111301,0.002741191587111301,0,0,0,-1
gmsc,mlp,32,NumberOfTime60-89DaysPastDueNotWorse,relative_minus_5,-0.05,0.0,0.05,0.026376707227492684,0.031241903970754492,0.0048651967432618085,0.0048651967432618085,0,0,0,-1
gmsc,mlp,33,NumberOfTime60-89DaysPastDueNotWorse,relative_minus_5,-0.05,0.0,0.05,0.015498282720832536,0.017423310120448905,0.0019250273996163688,0.0019250273996163688,0,0,0,-1
gmsc,mlp,34,NumberOfTime60-89DaysPastDueNotWorse,relative_minus_5,-0.05,0.0,0.05,0.08535157193754099,0.09047304140904905,0.005121469471508058,0.005121469471508058,0,0,0,-1
gmsc,mlp,35,NumberOfTime60-89DaysPastDueNotWorse,relative_minus_5,-0.05,0.0,0.05,0.19910001606794017,0.20633066540901546,0.007230649341075285,0.007230649341075285,0,0,0,-1
gmsc,mlp,36,NumberOfTime60-89DaysPastDueNotWorse,relative_minus_5,-0.05,0.0,0.05,0.010761647197797914,0.012338842943637572,0.0015771957458396574,0.0015771957458396574,0,0,0,-1
gmsc,mlp,37,NumberOfTime60-89DaysPastDueNotWorse,relative_minus_5,-0.05,0.0,0.05,0.01757909301258303,0.020376096560603907,0.002797003548020878,0.002797003548020878,0,0,0,-1
gmsc,mlp,38,NumberOfTime60-89DaysPastDueNotWorse,relative_minus_5,-0.05,0.0,0.05,0.009145988810159647,0.0106142488921206,0.0014682600819609527,0.0014682600819609527,0,0,0,-1
gmsc,mlp,39,NumberOfTime60-89DaysPastDueNotWorse,relative_minus_5,-0.05,0.0,0.05,0.051173952814171794,0.05488835133710712,0.0037143985229353277,0.0037143985229353277,0,0,0,-1
gmsc,mlp,40,NumberOfTime60-89DaysPastDueNotWorse,relative_minus_5,-0.05,0.0,0.05,0.022676366611436422,0.026027676314584573,0.003351309703148151,0.003351309703148151,0,0,0,-1
gmsc,mlp,41,NumberOfTime60-89DaysPastDueNotWorse,relative_minus_5,-0.05,0.0,0.05,0.04009590259851887,0.04368290619455335,0.003587003596034484,0.003587003596034484,0,0,0,-1
gmsc,mlp,42,NumberOfTime60-89DaysPastDueNotWorse,relative_minus_5,-0.05,0.0,0.05,0.02298812229422112,0.025479941940944252,0.0024918196467231327,0.0024918196467231327,0,0,0,-1
gmsc,mlp,43,NumberOfTime60-89DaysPastDueNotWorse,relative_minus_5,-0.05,0.0,0.05,0.04219806536296886,0.04642073346503851,0.00422266810206965,0.00422266810206965,0,0,0,-1
gmsc,mlp,44,NumberOfTime60-89DaysPastDueNotWorse,relative_minus_5,-0.05,0.0,0.05,0.01680383752969732,0.01866099951945937,0.0018571619897620496,0.0018571619897620496,0,0,0,-1
gmsc,mlp,45,NumberOfTime60-89DaysPastDueNotWorse,relative_minus_5,-0.05,0.0,0.05,0.0359226511464687,0.041115699625933956,0.005193048479465258,0.005193048479465258,0,0,0,-1
gmsc,mlp,46,NumberOfTime60-89DaysPastDueNotWorse,relative_minus_5,-0.05,0.0,0.05,0.008419834692001592,0.009732288427819738,0.0013124537358181459,0.0013124537358181459,0,0,0,-1
gmsc,mlp,47,NumberOfTime60-89DaysPastDueNotWorse,relative_minus_5,-0.05,0.0,0.05,0.01526822945269322,0.017787106272652634,0.0025188768199594144,0.0025188768199594144,0,0,0,-1
gmsc,mlp,48,NumberOfTime60-89DaysPastDueNotWorse,relative_minus_5,-0.05,0.0,0.05,0.011940522095800142,0.014129360393467799,0.0021888382976676564,0.0021888382976676564,0,0,0,-1
gmsc,mlp,49,NumberOfTime60-89DaysPastDueNotWorse,relative_minus_5,-0.05,0.0,0.05,0.029003393714220643,0.033954140685921806,0.004950746971701163,0.004950746971701163,0,0,0,-1
gmsc,mlp,50,NumberOfTime60-89DaysPastDueNotWorse,relative_minus_5,-0.05,0.0,0.05,0.03157652357546811,0.0349971029159712,0.003420579340503084,0.003420579340503084,0,0,0,-1
gmsc,mlp,51,NumberOfTime60-89DaysPastDueNotWorse,relative_minus_5,-0.05,0.0,0.05,0.016133909190219866,0.017828595025084878,0.0016946858348650118,0.0016946858348650118,0,0,0,-1
gmsc,mlp,52,NumberOfTime60-89DaysPastDueNotWorse,relative_minus_5,-0.05,0.0,0.05,0.008942513898120756,0.010223872241619586,0.0012813583434988299,0.0012813583434988299,0,0,0,-1
gmsc,mlp,53,NumberOfTime60-89DaysPastDueNotWorse,relative_minus_5,-0.05,1.0,1.05,0.29379437931569313,0.2973362368913682,0.0035418575756750448,0.0035418575756750448,0,0,0,-1
gmsc,mlp,54,NumberOfTime60-89DaysPastDueNotWorse,relative_minus_5,-0.05,2.0,2.1,0.3498543595427822,0.3575565425004928,0.007702182957710579,0.007702182957710579,0,0,0,-1
gmsc,mlp,55,NumberOfTime60-89DaysPastDueNotWorse,relative_minus_5,-0.05,0.0,0.05,0.007600943545173095,0.008680388874898495,0.0010794453297253998,0.0010794453297253998,0,0,0,-1
gmsc,mlp,56,NumberOfTime60-89DaysPastDueNotWorse,relative_minus_5,-0.05,0.0,0.05,0.025320893704546973,0.02826183276780532,0.0029409390632583465,0.0029409390632583465,0,0,0,-1
gmsc,mlp,57,NumberOfTime60-89DaysPastDueNotWorse,relative_minus_5,-0.05,0.0,0.05,0.05069033380470405,0.05614069274203548,0.00545035893733143,0.00545035893733143,0,0,0,-1
gmsc,mlp,58,NumberOfTime60-89DaysPastDueNotWorse,relative_minus_5,-0.05,0.0,0.05,0.16009590625064055,0.1696613202544807,0.009565414003840145,0.009565414003840145,0,0,0,-1
gmsc,mlp,59,NumberOfTime60-89DaysPastDueNotWorse,relative_minus_5,-0.05,0.0,0.05,0.025457114256866867,0.027847868588791846,0.002390754331924979,0.002390754331924979,0,0,0,-1
gmsc,mlp,60,NumberOfTime60-89DaysPastDueNotWorse,relative_minus_5,-0.05,0.0,0.05,0.037076780618332694,0.04032762341393945,0.003250842795606758,0.003250842795606758,0,0,0,-1
gmsc,mlp,61,NumberOfTime60-89DaysPastDueNotWorse,relative_minus_5,-0.05,0.0,0.05,0.04860926951599663,0.05213942027367775,0.003530150757681122,0.003530150757681122,0,0,0,-1
gmsc,mlp,62,NumberOfTime60-89DaysPastDueNotWorse,relative_minus_5,-0.05,0.0,0.05,0.022160573410907457,0.024776138627577337,0.00261556521666988,0.00261556521666988,0,0,0,-1
gmsc,mlp,63,NumberOfTime60-89DaysPastDueNotWorse,relative_minus_5,-0.05,0.0,0.05,0.010545360475655359,0.011805558761262026,0.0012601982856066674,0.0012601982856066674,0,0,0,-1
gmsc,mlp,64,NumberOfTime60-89DaysPastDueNotWorse,relative_minus_5,-0.05,0.0,0.05,0.05188426446215026,0.05719954910294256,0.005315284640792298,0.005315284640792298,0,0,0,-1
gmsc,mlp,65,NumberOfTime60-89DaysPastDueNotWorse,relative_minus_5,-0.05,0.0,0.05,0.19320558451418393,0.2085553972497326,0.015349812735548668,0.015349812735548668,0,0,0,-1
gmsc,mlp,66,NumberOfTime60-89DaysPastDueNotWorse,relative_minus_5,-0.05,0.0,0.05,0.017380461870616856,0.019747005243395375,0.0023665433727785186,0.0023665433727785186,0,0,0,-1
gmsc,mlp,67,NumberOfTime60-89DaysPastDueNotWorse,relative_minus_5,-0.05,0.0,0.05,0.045289289381342065,0.04960524027181091,0.0043159508904688434,0.0043159508904688434,0,0,0,-1
gmsc,mlp,68,NumberOfTime60-89DaysPastDueNotWorse,relative_minus_5,-0.05,0.0,0.05,0.012814695328681581,0.014303162860249751,0.00148846753156817,0.00148846753156817,0,0,0,-1
gmsc,mlp,69,NumberOfTime60-89DaysPastDueNotWorse,relative_minus_5,-0.05,0.0,0.05,0.09362660727989738,0.09920175132961127,0.00557514404971389,0.00557514404971389,0,0,0,-1
gmsc,mlp,70,NumberOfTime60-89DaysPastDueNotWorse,relative_minus_5,-0.05,0.0,0.05,0.09827269814207695,0.10427294753898471,0.006000249396907756,0.006000249396907756,0,0,0,-1
gmsc,mlp,71,NumberOfTime60-89DaysPastDueNotWorse,relative_minus_5,-0.05,0.0,0.05,0.07244781616495638,0.07777940922760053,0.005331593062644149,0.005331593062644149,0,0,0,-1
gmsc,mlp,72,NumberOfTime60-89DaysPastDueNotWorse,relative_minus_5,-0.05,0.0,0.05,0.03217968676284227,0.03594707900654719,0.0037673922437049256,0.0037673922437049256,0,0,0,-1
gmsc,mlp,73,NumberOfTime60-89DaysPastDueNotWorse,relative_minus_5,-0.05,0.0,0.05,0.044640504763767554,0.04870870017620882,0.004068195412441265,0.004068195412441265,0,0,0,-1
gmsc,mlp,74,NumberOfTime60-89DaysPastDueNotWorse,relative_minus_5,-0.05,0.0,0.05,0.03482378444402007,0.0388950607832108,0.00407127633919073,0.00407127633919073,0,0,0,-1
gmsc,mlp,75,NumberOfTime60-89DaysPastDueNotWorse,relative_minus_5,-0.05,0.0,0.05,0.04920214568663398,0.055640563192927005,0.006438417506293023,0.006438417506293023,0,0,0,-1
gmsc,mlp,76,NumberOfTime60-89DaysPastDueNotWorse,relative_minus_5,-0.05,0.0,0.05,0.02205212445347039,0.024136989678302065,0.002084865224831676,0.002084865224831676,0,0,0,-1
gmsc,mlp,77,NumberOfTime60-89DaysPastDueNotWorse,relative_minus_5,-0.05,0.0,0.05,0.009856180676789783,0.01129885448626958,0.0014426738094797976,0.0014426738094797976,0,0,0,-1
gmsc,mlp,78,NumberOfTime60-89DaysPastDueNotWorse,relative_minus_5,-0.05,0.0,0.05,0.010129649250511236,0.011615581579375825,0.001485932328864589,0.001485932328864589,0,0,0,-1
gmsc,mlp,79,NumberOfTime60-89DaysPastDueNotWorse,relative_minus_5,-0.05,0.0,0.05,0.025575449411528527,0.028292235819926657,0.00271678640839813,0.00271678640839813,0,0,0,-1
gmsc,mlp,80,NumberOfTime60-89DaysPastDueNotWorse,relative_minus_5,-0.05,0.0,0.05,0.005666248820127979,0.00649986302724985,0.0008336142071218708,0.0008336142071218708,0,0,0,-1
gmsc,mlp,81,NumberOfTime60-89DaysPastDueNotWorse,relative_minus_5,-0.05,0.0,0.05,0.04332063353337088,0.04742148036849953,0.004100846835128652,0.004100846835128652,0,0,0,-1
gmsc,mlp,82,NumberOfTime60-89DaysPastDueNotWorse,relative_minus_5,-0.05,0.0,0.05,0.01937427089536237,0.021536048445620466,0.002161777550258096,0.002161777550258096,0,0,0,-1
gmsc,mlp,83,NumberOfTime60-89DaysPastDueNotWorse,relative_minus_5,-0.05,0.0,0.05,0.014956252536287561,0.017129458555799747,0.0021732060195121857,0.0021732060195121857,0,0,0,-1
gmsc,mlp,84,NumberOfTime60-89DaysPastDueNotWorse,relative_minus_5,-0.05,0.0,0.05,0.034404191335380946,0.03738464819662164,0.002980456861240696,0.002980456861240696,0,0,0,-1
gmsc,mlp,85,NumberOfTime60-89DaysPastDueNotWorse,relative_minus_5,-0.05,0.0,0.05,0.016073637508889543,0.018286565026558534,0.002212927517668991,0.002212927517668991,0,0,0,-1
gmsc,mlp,86,NumberOfTime60-89DaysPastDueNotWorse,relative_minus_5,-0.05,0.0,0.05,0.03951246267546877,0.043300740232103445,0.0037882775566346755,0.0037882775566346755,0,0,0,-1
gmsc,mlp,87,NumberOfTime60-89DaysPastDueNotWorse,relative_minus_5,-0.05,0.0,0.05,0.023170727869934838,0.025661011051976046,0.002490283182041208,0.002490283182041208,0,0,0,-1
gmsc,mlp,88,NumberOfTime60-89DaysPastDueNotWorse,relative_minus_5,-0.05,0.0,0.05,0.014049767208401245,0.015900080894162737,0.001850313685761492,0.001850313685761492,0,0,0,-1
gmsc,mlp,89,NumberOfTime60-89DaysPastDueNotWorse,relative_minus_5,-0.05,0.0,0.05,0.031436900478850546,0.0348012536674038,0.003364353188553257,0.003364353188553257,0,0,0,-1
gmsc,mlp,90,NumberOfTime60-89DaysPastDueNotWorse,relative_minus_5,-0.05,0.0,0.05,0.005417127218637603,0.00632417847944377,0.0009070512608061673,0.0009070512608061673,0,0,0,-1
gmsc,mlp,91,NumberOfTime60-89DaysPastDueNotWorse,relative_minus_5,-0.05,0.0,0.05,0.025606851072255785,0.02734268667588292,0.001735835603627136,0.001735835603627136,0,0,0,-1
gmsc,mlp,92,NumberOfTime60-89DaysPastDueNotWorse,relative_minus_5,-0.05,0.0,0.05,0.06791010130064887,0.07977676843741699,0.011866667136768122,0.011866667136768122,0,0,0,-1
gmsc,mlp,93,NumberOfTime60-89DaysPastDueNotWorse,relative_minus_5,-0.05,0.0,0.05,0.012557321048589615,0.014069257823839857,0.0015119367752502427,0.0015119367752502427,0,0,0,-1
gmsc,mlp,94,NumberOfTime60-89DaysPastDueNotWorse,relative_minus_5,-0.05,0.0,0.05,0.01479561435417343,0.016915621239958517,0.0021200068857850866,0.0021200068857850866,0,0,0,-1
gmsc,mlp,95,NumberOfTime60-89DaysPastDueNotWorse,relative_minus_5,-0.05,0.0,0.05,0.02165723032387087,0.02369600948489725,0.0020387791610263807,0.0020387791610263807,0,0,0,-1
gmsc,mlp,96,NumberOfTime60-89DaysPastDueNotWorse,relative_minus_5,-0.05,0.0,0.05,0.025618448582325936,0.03020580838728885,0.004587359804962915,0.004587359804962915,0,0,0,-1
gmsc,mlp,97,NumberOfTime60-89DaysPastDueNotWorse,relative_minus_5,-0.05,0.0,0.05,0.017705870709505835,0.019840945571884972,0.0021350748623791375,0.0021350748623791375,0,0,0,-1
gmsc,mlp,98,NumberOfTime60-89DaysPastDueNotWorse,relative_minus_5,-0.05,0.0,0.05,0.021717560701058864,0.023767382332409062,0.002049821631350198,0.002049821631350198,0,0,0,-1
gmsc,mlp,99,NumberOfTime60-89DaysPastDueNotWorse,relative_minus_5,-0.05,1.0,1.05,0.2986561163043243,0.30577706646719605,0.007120950162871731,0.007120950162871731,0,0,0,-1
gmsc,mlp,0,NumberOfTime60-89DaysPastDueNotWorse,relative_plus_5,0.05,0.0,0.05,0.02211686465599193,0.0255553946812902,0.003438530025298269,0.003438530025298269,0,0,0,-1
gmsc,mlp,1,NumberOfTime60-89DaysPastDueNotWorse,relative_plus_5,0.05,0.0,0.05,0.01569449495491033,0.017974415256386007,0.0022799203014756755,0.0022799203014756755,0,0,0,-1
gmsc,mlp,2,NumberOfTime60-89DaysPastDueNotWorse,relative_plus_5,0.05,0.0,0.05,0.016575068310977385,0.018869114352684863,0.0022940460417074787,0.0022940460417074787,0,0,0,-1
gmsc,mlp,3,NumberOfTime60-89DaysPastDueNotWorse,relative_plus_5,0.05,0.0,0.05,0.034126022539606525,0.038071635398421975,0.00394561285881545,0.00394561285881545,0,0,0,-1
gmsc,mlp,4,NumberOfTime60-89DaysPastDueNotWorse,relative_plus_5,0.05,0.0,0.05,0.026106102898580053,0.029225643552385192,0.003119540653805139,0.003119540653805139,0,0,0,-1
gmsc,mlp,5,NumberOfTime60-89DaysPastDueNotWorse,relative_plus_5,0.05,0.0,0.05,0.021830131699538843,0.024155932805134284,0.002325801105595441,0.002325801105595441,0,0,0,-1
gmsc,mlp,6,NumberOfTime60-89DaysPastDueNotWorse,relative_plus_5,0.05,0.0,0.05,0.03217662260521963,0.03615784021561944,0.003981217610399809,0.003981217610399809,0,0,0,-1
gmsc,mlp,7,NumberOfTime60-89DaysPastDueNotWorse,relative_plus_5,0.05,0.0,0.05,0.046315106403102796,0.05274899256441756,0.006433886161314767,0.006433886161314767,0,0,0,-1
gmsc,mlp,8,NumberOfTime60-89DaysPastDueNotWorse,relative_plus_5,0.05,0.0,0.05,0.05673708325740244,0.0653171478943454,0.008580064636942955,0.008580064636942955,0,0,0,-1
gmsc,mlp,9,NumberOfTime60-89DaysPastDueNotWorse,relative_plus_5,0.05,0.0,0.05,0.07183380465082981,0.07764586430305633,0.005812059652226517,0.005812059652226517,0,0,0,-1
gmsc,mlp,10,NumberOfTime60-89DaysPastDueNotWorse,relative_plus_5,0.05,0.0,0.05,0.029425463415082575,0.032798180768821156,0.003372717353738581,0.003372717353738581,0,0,0,-1
gmsc,mlp,11,NumberOfTime60-89DaysPastDueNotWorse,relative_plus_5,0.05,0.0,0.05,0.012965465127209348,0.014147487559931542,0.0011820224327221945,0.0011820224327221945,0,0,0,-1
gmsc,mlp,12,NumberOfTime60-89DaysPastDueNotWorse,relative_plus_5,0.05,0.0,0.05,0.007076920292949544,0.008165030028329662,0.0010881097353801173,0.0010881097353801173,0,0,0,-1
gmsc,mlp,13,NumberOfTime60-89DaysPastDueNotWorse,relative_plus_5,0.05,0.0,0.05,0.35361463292929435,0.3589367960211779,0.005322163091883547,0.005322163091883547,0,0,0,-1
gmsc,mlp,14,NumberOfTime60-89DaysPastDueNotWorse,relative_plus_5,0.05,0.0,0.05,0.03041379302018182,0.034497589927396606,0.004083796907214787,0.004083796907214787,0,0,0,-1
gmsc,mlp,15,NumberOfTime60-89DaysPastDueNotWorse,relative_plus_5,0.05,0.0,0.05,0.028531846223265274,0.030747678991410246,0.002215832768144972,0.002215832768144972,0,0,0,-1
gmsc,mlp,16,NumberOfTime60-89DaysPastDueNotWorse,relative_plus_5,0.05,0.0,0.05,0.11002930362193034,0.11700597420578428,0.006976670583853942,0.006976670583853942,0,0,0,-1
gmsc,mlp,17,NumberOfTime60-89DaysPastDueNotWorse,relative_plus_5,0.05,0.0,0.05,0.013790889882417817,0.015658224996147753,0.0018673351137299364,0.0018673351137299364,0,0,0,-1
gmsc,mlp,18,NumberOfTime60-89DaysPastDueNotWorse,relative_plus_5,0.05,0.0,0.05,0.02753715371688414,0.030749102990769692,0.003211949273885552,0.003211949273885552,0,0,0,-1
gmsc,mlp,19,NumberOfTime60-89DaysPastDueNotWorse,relative_plus_5,0.05,0.0,0.05,0.052926506156008635,0.0609551670547057,0.008028660898697068,0.008028660898697068,0,0,0,-1
gmsc,mlp,20,NumberOfTime60-89DaysPastDueNotWorse,relative_plus_5,0.05,0.0,0.05,0.008830310596060332,0.009861058510652257,0.001030747914591925,0.001030747914591925,0,0,0,-1
gmsc,mlp,21,NumberOfTime60-89DaysPastDueNotWorse,relative_plus_5,0.05,0.0,0.05,0.014797349397540089,0.016943566069350467,0.0021462166718103776,0.0021462166718103776,0,0,0,-1
gmsc,mlp,22,NumberOfTime60-89DaysPastDueNotWorse,relative_plus_5,0.05,0.0,0.05,0.04562370697875247,0.05427606146919819,0.00865235449044572,0.00865235449044572,0,0,0,-1
gmsc,mlp,23,NumberOfTime60-89DaysPastDueNotWorse,relative_plus_5,0.05,0.0,0.05,0.01573080665121102,0.017427959924701322,0.0016971532734903032,0.0016971532734903032,0,0,0,-1
gmsc,mlp,24,NumberOfTime60-89DaysPastDueNotWorse,relative_plus_5,0.05,0.0,0.05,0.011506289508992087,0.013076642609297582,0.0015703531003054948,0.0015703531003054948,0,0,0,-1
gmsc,mlp,25,NumberOfTime60-89DaysPastDueNotWorse,relative_plus_5,0.05,0.0,0.05,0.03731802443216143,0.04141191602889627,0.0040938915967348374,0.0040938915967348374,0,0,0,-1
gmsc,mlp,26,NumberOfTime60-89DaysPastDueNotWorse,relative_plus_5,0.05,0.0,0.05,0.029333059161415907,0.033051747411454904,0.0037186882500389977,0.0037186882500389977,0,0,0,-1
gmsc,mlp,27,NumberOfTime60-89DaysPastDueNotWorse,relative_plus_5,0.05,0.0,0.05,0.035095010256273325,0.03905336295688982,0.003958352700616494,0.003958352700616494,0,0,0,-1
gmsc,mlp,28,NumberOfTime60-89DaysPastDueNotWorse,relative_plus_5,0.05,0.0,0.05,0.09263198005026192,0.1039983252329012,0.011366345182639279,0.011366345182639279,0,0,0,-1
gmsc,mlp,29,NumberOfTime60-89DaysPastDueNotWorse,relative_plus_5,0.05,0.0,0.05,0.006344097366443652,0.007372866087975387,0.0010287687215317348,0.0010287687215317348,0,0,0,-1
gmsc,mlp,30,NumberOfTime60-89DaysPastDueNotWorse,relative_plus_5,0.05,0.0,0.05,0.046242861401163154,0.049611322573172904,0.00336846117200975,0.00336846117200975,0,0,0,-1
gmsc,mlp,31,NumberOfTime60-89DaysPastDueNotWorse,relative_plus_5,0.05,0.0,0.05,0.0255021185573372,0.028243310144448502,0.002741191587111301,0.002741191587111301,0,0,0,-1
gmsc,mlp,32,NumberOfTime60-89DaysPastDueNotWorse,relative_plus_5,0.05,0.0,0.05,0.026376707227492684,0.031241903970754492,0.0048651967432618085,0.0048651967432618085,0,0,0,-1
gmsc,mlp,33,NumberOfTime60-89DaysPastDueNotWorse,relative_plus_5,0.05,0.0,0.05,0.015498282720832536,0.017423310120448905,0.0019250273996163688,0.0019250273996163688,0,0,0,-1
gmsc,mlp,34,NumberOfTime60-89DaysPastDueNotWorse,relative_plus_5,0.05,0.0,0.05,0.08535157193754099,0.09047304140904905,0.005121469471508058,0.005121469471508058,0,0,0,-1
gmsc,mlp,35,NumberOfTime60-89DaysPastDueNotWorse,relative_plus_5,0.05,0.0,0.05,0.19910001606794017,0.20633066540901546,0.007230649341075285,0.007230649341075285,0,0,0,-1
gmsc,mlp,36,NumberOfTime60-89DaysPastDueNotWorse,relative_plus_5,0.05,0.0,0.05,0.010761647197797914,0.012338842943637572,0.0015771957458396574,0.0015771957458396574,0,0,0,-1
gmsc,mlp,37,NumberOfTime60-89DaysPastDueNotWorse,relative_plus_5,0.05,0.0,0.05,0.01757909301258303,0.020376096560603907,0.002797003548020878,0.002797003548020878,0,0,0,-1
gmsc,mlp,38,NumberOfTime60-89DaysPastDueNotWorse,relative_plus_5,0.05,0.0,0.05,0.009145988810159647,0.0106142488921206,0.0014682600819609527,0.0014682600819609527,0,0,0,-1
gmsc,mlp,39,NumberOfTime60-89DaysPastDueNotWorse,relative_plus_5,0.05,0.0,0.05,0.051173952814171794,0.05488835133710712,0.0037143985229353277,0.0037143985229353277,0,0,0,-1
gmsc,mlp,40,NumberOfTime60-89DaysPastDueNotWorse,relative_plus_5,0.05,0.0,0.05,0.022676366611436422,0.026027676314584573,0.003351309703148151,0.003351309703148151,0,0,0,-1
gmsc,mlp,41,NumberOfTime60-89DaysPastDueNotWorse,relative_plus_5,0.05,0.0,0.05,0.04009590259851887,0.04368290619455335,0.003587003596034484,0.003587003596034484,0,0,0,-1
gmsc,mlp,42,NumberOfTime60-89DaysPastDueNotWorse,relative_plus_5,0.05,0.0,0.05,0.02298812229422112,0.025479941940944252,0.0024918196467231327,0.0024918196467231327,0,0,0,-1
gmsc,mlp,43,NumberOfTime60-89DaysPastDueNotWorse,relative_plus_5,0.05,0.0,0.05,0.04219806536296886,0.04642073346503851,0.00422266810206965,0.00422266810206965,0,0,0,-1
gmsc,mlp,44,NumberOfTime60-89DaysPastDueNotWorse,relative_plus_5,0.05,0.0,0.05,0.01680383752969732,0.01866099951945937,0.0018571619897620496,0.0018571619897620496,0,0,0,-1
gmsc,mlp,45,NumberOfTime60-89DaysPastDueNotWorse,relative_plus_5,0.05,0.0,0.05,0.0359226511464687,0.041115699625933956,0.005193048479465258,0.005193048479465258,0,0,0,-1
gmsc,mlp,46,NumberOfTime60-89DaysPastDueNotWorse,relative_plus_5,0.05,0.0,0.05,0.008419834692001592,0.009732288427819738,0.0013124537358181459,0.0013124537358181459,0,0,0,-1
gmsc,mlp,47,NumberOfTime60-89DaysPastDueNotWorse,relative_plus_5,0.05,0.0,0.05,0.01526822945269322,0.017787106272652634,0.0025188768199594144,0.0025188768199594144,0,0,0,-1
gmsc,mlp,48,NumberOfTime60-89DaysPastDueNotWorse,relative_plus_5,0.05,0.0,0.05,0.011940522095800142,0.014129360393467799,0.0021888382976676564,0.0021888382976676564,0,0,0,-1
gmsc,mlp,49,NumberOfTime60-89DaysPastDueNotWorse,relative_plus_5,0.05,0.0,0.05,0.029003393714220643,0.033954140685921806,0.004950746971701163,0.004950746971701163,0,0,0,-1
gmsc,mlp,50,NumberOfTime60-89DaysPastDueNotWorse,relative_plus_5,0.05,0.0,0.05,0.03157652357546811,0.0349971029159712,0.003420579340503084,0.003420579340503084,0,0,0,-1
gmsc,mlp,51,NumberOfTime60-89DaysPastDueNotWorse,relative_plus_5,0.05,0.0,0.05,0.016133909190219866,0.017828595025084878,0.0016946858348650118,0.0016946858348650118,0,0,0,-1
gmsc,mlp,52,NumberOfTime60-89DaysPastDueNotWorse,relative_plus_5,0.05,0.0,0.05,0.008942513898120756,0.010223872241619586,0.0012813583434988299,0.0012813583434988299,0,0,0,-1
gmsc,mlp,53,NumberOfTime60-89DaysPastDueNotWorse,relative_plus_5,0.05,1.0,1.05,0.29379437931569313,0.2973362368913682,0.0035418575756750448,0.0035418575756750448,0,0,0,-1
gmsc,mlp,54,NumberOfTime60-89DaysPastDueNotWorse,relative_plus_5,0.05,2.0,2.1,0.3498543595427822,0.3575565425004928,0.007702182957710579,0.007702182957710579,0,0,0,-1
gmsc,mlp,55,NumberOfTime60-89DaysPastDueNotWorse,relative_plus_5,0.05,0.0,0.05,0.007600943545173095,0.008680388874898495,0.0010794453297253998,0.0010794453297253998,0,0,0,-1
gmsc,mlp,56,NumberOfTime60-89DaysPastDueNotWorse,relative_plus_5,0.05,0.0,0.05,0.025320893704546973,0.02826183276780532,0.0029409390632583465,0.0029409390632583465,0,0,0,-1
gmsc,mlp,57,NumberOfTime60-89DaysPastDueNotWorse,relative_plus_5,0.05,0.0,0.05,0.05069033380470405,0.05614069274203548,0.00545035893733143,0.00545035893733143,0,0,0,-1
gmsc,mlp,58,NumberOfTime60-89DaysPastDueNotWorse,relative_plus_5,0.05,0.0,0.05,0.16009590625064055,0.1696613202544807,0.009565414003840145,0.009565414003840145,0,0,0,-1
gmsc,mlp,59,NumberOfTime60-89DaysPastDueNotWorse,relative_plus_5,0.05,0.0,0.05,0.025457114256866867,0.027847868588791846,0.002390754331924979,0.002390754331924979,0,0,0,-1
gmsc,mlp,60,NumberOfTime60-89DaysPastDueNotWorse,relative_plus_5,0.05,0.0,0.05,0.037076780618332694,0.04032762341393945,0.003250842795606758,0.003250842795606758,0,0,0,-1
gmsc,mlp,61,NumberOfTime60-89DaysPastDueNotWorse,relative_plus_5,0.05,0.0,0.05,0.04860926951599663,0.05213942027367775,0.003530150757681122,0.003530150757681122,0,0,0,-1
gmsc,mlp,62,NumberOfTime60-89DaysPastDueNotWorse,relative_plus_5,0.05,0.0,0.05,0.022160573410907457,0.024776138627577337,0.00261556521666988,0.00261556521666988,0,0,0,-1
gmsc,mlp,63,NumberOfTime60-89DaysPastDueNotWorse,relative_plus_5,0.05,0.0,0.05,0.010545360475655359,0.011805558761262026,0.0012601982856066674,0.0012601982856066674,0,0,0,-1
gmsc,mlp,64,NumberOfTime60-89DaysPastDueNotWorse,relative_plus_5,0.05,0.0,0.05,0.05188426446215026,0.05719954910294256,0.005315284640792298,0.005315284640792298,0,0,0,-1
gmsc,mlp,65,NumberOfTime60-89DaysPastDueNotWorse,relative_plus_5,0.05,0.0,0.05,0.19320558451418393,0.2085553972497326,0.015349812735548668,0.015349812735548668,0,0,0,-1
gmsc,mlp,66,NumberOfTime60-89DaysPastDueNotWorse,relative_plus_5,0.05,0.0,0.05,0.017380461870616856,0.019747005243395375,0.0023665433727785186,0.0023665433727785186,0,0,0,-1
gmsc,mlp,67,NumberOfTime60-89DaysPastDueNotWorse,relative_plus_5,0.05,0.0,0.05,0.045289289381342065,0.04960524027181091,0.0043159508904688434,0.0043159508904688434,0,0,0,-1
gmsc,mlp,68,NumberOfTime60-89DaysPastDueNotWorse,relative_plus_5,0.05,0.0,0.05,0.012814695328681581,0.014303162860249751,0.00148846753156817,0.00148846753156817,0,0,0,-1
gmsc,mlp,69,NumberOfTime60-89DaysPastDueNotWorse,relative_plus_5,0.05,0.0,0.05,0.09362660727989738,0.09920175132961127,0.00557514404971389,0.00557514404971389,0,0,0,-1
gmsc,mlp,70,NumberOfTime60-89DaysPastDueNotWorse,relative_plus_5,0.05,0.0,0.05,0.09827269814207695,0.10427294753898471,0.006000249396907756,0.006000249396907756,0,0,0,-1
gmsc,mlp,71,NumberOfTime60-89DaysPastDueNotWorse,relative_plus_5,0.05,0.0,0.05,0.07244781616495638,0.07777940922760053,0.005331593062644149,0.005331593062644149,0,0,0,-1
gmsc,mlp,72,NumberOfTime60-89DaysPastDueNotWorse,relative_plus_5,0.05,0.0,0.05,0.03217968676284227,0.03594707900654719,0.0037673922437049256,0.0037673922437049256,0,0,0,-1
gmsc,mlp,73,NumberOfTime60-89DaysPastDueNotWorse,relative_plus_5,0.05,0.0,0.05,0.044640504763767554,0.04870870017620882,0.004068195412441265,0.004068195412441265,0,0,0,-1
gmsc,mlp,74,NumberOfTime60-89DaysPastDueNotWorse,relative_plus_5,0.05,0.0,0.05,0.03482378444402007,0.0388950607832108,0.00407127633919073,0.00407127633919073,0,0,0,-1
gmsc,mlp,75,NumberOfTime60-89DaysPastDueNotWorse,relative_plus_5,0.05,0.0,0.05,0.04920214568663398,0.055640563192927005,0.006438417506293023,0.006438417506293023,0,0,0,-1
gmsc,mlp,76,NumberOfTime60-89DaysPastDueNotWorse,relative_plus_5,0.05,0.0,0.05,0.02205212445347039,0.024136989678302065,0.002084865224831676,0.002084865224831676,0,0,0,-1
gmsc,mlp,77,NumberOfTime60-89DaysPastDueNotWorse,relative_plus_5,0.05,0.0,0.05,0.009856180676789783,0.01129885448626958,0.0014426738094797976,0.0014426738094797976,0,0,0,-1
gmsc,mlp,78,NumberOfTime60-89DaysPastDueNotWorse,relative_plus_5,0.05,0.0,0.05,0.010129649250511236,0.011615581579375825,0.001485932328864589,0.001485932328864589,0,0,0,-1
gmsc,mlp,79,NumberOfTime60-89DaysPastDueNotWorse,relative_plus_5,0.05,0.0,0.05,0.025575449411528527,0.028292235819926657,0.00271678640839813,0.00271678640839813,0,0,0,-1
gmsc,mlp,80,NumberOfTime60-89DaysPastDueNotWorse,relative_plus_5,0.05,0.0,0.05,0.005666248820127979,0.00649986302724985,0.0008336142071218708,0.0008336142071218708,0,0,0,-1
gmsc,mlp,81,NumberOfTime60-89DaysPastDueNotWorse,relative_plus_5,0.05,0.0,0.05,0.04332063353337088,0.04742148036849953,0.004100846835128652,0.004100846835128652,0,0,0,-1
gmsc,mlp,82,NumberOfTime60-89DaysPastDueNotWorse,relative_plus_5,0.05,0.0,0.05,0.01937427089536237,0.021536048445620466,0.002161777550258096,0.002161777550258096,0,0,0,-1
gmsc,mlp,83,NumberOfTime60-89DaysPastDueNotWorse,relative_plus_5,0.05,0.0,0.05,0.014956252536287561,0.017129458555799747,0.0021732060195121857,0.0021732060195121857,0,0,0,-1
gmsc,mlp,84,NumberOfTime60-89DaysPastDueNotWorse,relative_plus_5,0.05,0.0,0.05,0.034404191335380946,0.03738464819662164,0.002980456861240696,0.002980456861240696,0,0,0,-1
gmsc,mlp,85,NumberOfTime60-89DaysPastDueNotWorse,relative_plus_5,0.05,0.0,0.05,0.016073637508889543,0.018286565026558534,0.002212927517668991,0.002212927517668991,0,0,0,-1
gmsc,mlp,86,NumberOfTime60-89DaysPastDueNotWorse,relative_plus_5,0.05,0.0,0.05,0.03951246267546877,0.043300740232103445,0.0037882775566346755,0.0037882775566346755,0,0,0,-1
gmsc,mlp,87,NumberOfTime60-89DaysPastDueNotWorse,relative_plus_5,0.05,0.0,0.05,0.023170727869934838,0.025661011051976046,0.002490283182041208,0.002490283182041208,0,0,0,-1
gmsc,mlp,88,NumberOfTime60-89DaysPastDueNotWorse,relative_plus_5,0.05,0.0,0.05,0.014049767208401245,0.015900080894162737,0.001850313685761492,0.001850313685761492,0,0,0,-1
gmsc,mlp,89,NumberOfTime60-89DaysPastDueNotWorse,relative_plus_5,0.05,0.0,0.05,0.031436900478850546,0.0348012536674038,0.003364353188553257,0.003364353188553257,0,0,0,-1
gmsc,mlp,90,NumberOfTime60-89DaysPastDueNotWorse,relative_plus_5,0.05,0.0,0.05,0.005417127218637603,0.00632417847944377,0.0009070512608061673,0.0009070512608061673,0,0,0,-1
gmsc,mlp,91,NumberOfTime60-89DaysPastDueNotWorse,relative_plus_5,0.05,0.0,0.05,0.025606851072255785,0.02734268667588292,0.001735835603627136,0.001735835603627136,0,0,0,-1
gmsc,mlp,92,NumberOfTime60-89DaysPastDueNotWorse,relative_plus_5,0.05,0.0,0.05,0.06791010130064887,0.07977676843741699,0.011866667136768122,0.011866667136768122,0,0,0,-1
gmsc,mlp,93,NumberOfTime60-89DaysPastDueNotWorse,relative_plus_5,0.05,0.0,0.05,0.012557321048589615,0.014069257823839857,0.0015119367752502427,0.0015119367752502427,0,0,0,-1
gmsc,mlp,94,NumberOfTime60-89DaysPastDueNotWorse,relative_plus_5,0.05,0.0,0.05,0.01479561435417343,0.016915621239958517,0.0021200068857850866,0.0021200068857850866,0,0,0,-1
gmsc,mlp,95,NumberOfTime60-89DaysPastDueNotWorse,relative_plus_5,0.05,0.0,0.05,0.02165723032387087,0.02369600948489725,0.0020387791610263807,0.0020387791610263807,0,0,0,-1
gmsc,mlp,96,NumberOfTime60-89DaysPastDueNotWorse,relative_plus_5,0.05,0.0,0.05,0.025618448582325936,0.03020580838728885,0.004587359804962915,0.004587359804962915,0,0,0,-1
gmsc,mlp,97,NumberOfTime60-89DaysPastDueNotWorse,relative_plus_5,0.05,0.0,0.05,0.017705870709505835,0.019840945571884972,0.0021350748623791375,0.0021350748623791375,0,0,0,-1
gmsc,mlp,98,NumberOfTime60-89DaysPastDueNotWorse,relative_plus_5,0.05,0.0,0.05,0.021717560701058864,0.023767382332409062,0.002049821631350198,0.002049821631350198,0,0,0,-1
gmsc,mlp,99,NumberOfTime60-89DaysPastDueNotWorse,relative_plus_5,0.05,1.0,1.05,0.2986561163043243,0.30577706646719605,0.007120950162871731,0.007120950162871731,0,0,0,-1
gmsc,mlp,0,NumberOfTime60-89DaysPastDueNotWorse,relative_minus_10,-0.1,0.0,0.1,0.02211686465599193,0.02951238234528381,0.007395517689291878,0.007395517689291878,0,0,0,-1
gmsc,mlp,1,NumberOfTime60-89DaysPastDueNotWorse,relative_minus_10,-0.1,0.0,0.1,0.01569449495491033,0.020578612486315855,0.004884117531405524,0.004884117531405524,0,0,0,-1
gmsc,mlp,2,NumberOfTime60-89DaysPastDueNotWorse,relative_minus_10,-0.1,0.0,0.1,0.016575068310977385,0.021473731293720388,0.004898662982743003,0.004898662982743003,0,0,0,-1
gmsc,mlp,3,NumberOfTime60-89DaysPastDueNotWorse,relative_minus_10,-0.1,0.0,0.1,0.034126022539606525,0.04206837576333591,0.007942353223729388,0.007942353223729388,0,0,0,-1
gmsc,mlp,4,NumberOfTime60-89DaysPastDueNotWorse,relative_minus_10,-0.1,0.0,0.1,0.026106102898580053,0.03304253185966533,0.006936428961085279,0.006936428961085279,0,0,0,-1
gmsc,mlp,5,NumberOfTime60-89DaysPastDueNotWorse,relative_minus_10,-0.1,0.0,0.1,0.021830131699538843,0.026640182918956055,0.004810051219417213,0.004810051219417213,0,0,0,-1
gmsc,mlp,6,NumberOfTime60-89DaysPastDueNotWorse,relative_minus_10,-0.1,0.0,0.1,0.03217662260521963,0.04041524334727772,0.008238620742058084,0.008238620742058084,0,0,0,-1
gmsc,mlp,7,NumberOfTime60-89DaysPastDueNotWorse,relative_minus_10,-0.1,0.0,0.1,0.046315106403102796,0.060020395820837076,0.01370528941773428,0.01370528941773428,0,0,0,-1
gmsc,mlp,8,NumberOfTime60-89DaysPastDueNotWorse,relative_minus_10,-0.1,0.0,0.1,0.05673708325740244,0.07509143947635771,0.018354356218955273,0.018354356218955273,0,0,0,-1
gmsc,mlp,9,NumberOfTime60-89DaysPastDueNotWorse,relative_minus_10,-0.1,0.0,0.1,0.07183380465082981,0.08323836017291468,0.011404555522084872,0.011404555522084872,0,0,0,-1
gmsc,mlp,10,NumberOfTime60-89DaysPastDueNotWorse,relative_minus_10,-0.1,0.0,0.1,0.029425463415082575,0.03627985251143494,0.0068543890963523625,0.0068543890963523625,0,0,0,-1
gmsc,mlp,11,NumberOfTime60-89DaysPastDueNotWorse,relative_minus_10,-0.1,0.0,0.1,0.012965465127209348,0.015435586209900765,0.0024701210826914167,0.0024701210826914167,0,0,0,-1
gmsc,mlp,12,NumberOfTime60-89DaysPastDueNotWorse,relative_minus_10,-0.1,0.0,0.1,0.007076920292949544,0.009411617465109923,0.002334697172160379,0.002334697172160379,0,0,0,-1
gmsc,mlp,13,NumberOfTime60-89DaysPastDueNotWorse,relative_minus_10,-0.1,0.0,0.1,0.35361463292929435,0.3642939169487423,0.010679284019447954,0.010679284019447954,0,0,0,-1
gmsc,mlp,14,NumberOfTime60-89DaysPastDueNotWorse,relative_minus_10,-0.1,0.0,0.1,0.03041379302018182,0.03910761930314891,0.008693826282967092,0.008693826282967092,0,0,0,-1
gmsc,mlp,15,NumberOfTime60-89DaysPastDueNotWorse,relative_minus_10,-0.1,0.0,0.1,0.028531846223265274,0.033129728598651334,0.00459788237538606,0.00459788237538606,0,0,0,-1
gmsc,mlp,16,NumberOfTime60-89DaysPastDueNotWorse,relative_minus_10,-0.1,0.0,0.1,0.11002930362193034,0.12275873694470181,0.012729433322771475,0.012729433322771475,0,0,0,-1
gmsc,mlp,17,NumberOfTime60-89DaysPastDueNotWorse,relative_minus_10,-0.1,0.0,0.1,0.013790889882417817,0.017773847018805633,0.0039829571363878165,0.0039829571363878165,0,0,0,-1
gmsc,mlp,18,NumberOfTime60-89DaysPastDueNotWorse,relative_minus_10,-0.1,0.0,0.1,0.02753715371688414,0.03432247304188891,0.006785319325004768,0.006785319325004768,0,0,0,-1
gmsc,mlp,19,NumberOfTime60-89DaysPastDueNotWorse,relative_minus_10,-0.1,0.0,0.1,0.052926506156008635,0.06936528831623055,0.016438782160221918,0.016438782160221918,0,0,0,-1
gmsc,mlp,20,NumberOfTime60-89DaysPastDueNotWorse,relative_minus_10,-0.1,0.0,0.1,0.008830310596060332,0.011010787373548167,0.002180476777487835,0.002180476777487835,0,0,0,-1
gmsc,mlp,21,NumberOfTime60-89DaysPastDueNotWorse,relative_minus_10,-0.1,0.0,0.1,0.014797349397540089,0.019399900475867607,0.004602551078327518,0.004602551078327518,0,0,0,-1
gmsc,mlp,22,NumberOfTime60-89DaysPastDueNotWorse,relative_minus_10,-0.1,0.0,0.1,0.04562370697875247,0.06445847538580063,0.01883476840704816,0.01883476840704816,0,0,0,-1
gmsc,mlp,23,NumberOfTime60-89DaysPastDueNotWorse,relative_minus_10,-0.1,0.0,0.1,0.01573080665121102,0.01930462318491624,0.0035738165337052194,0.0035738165337052194,0,0,0,-1
gmsc,mlp,24,NumberOfTime60-89DaysPastDueNotWorse,relative_minus_10,-0.1,0.0,0.1,0.011506289508992087,0.014977533761160466,0.0034712442521683783,0.0034712442521683783,0,0,0,-1
gmsc,mlp,25,NumberOfTime60-89DaysPastDueNotWorse,relative_minus_10,-0.1,0.0,0.1,0.03731802443216143,0.045933490040184266,0.008615465608022836,0.008615465608022836,0,0,0,-1
gmsc,mlp,26,NumberOfTime60-89DaysPastDueNotWorse,relative_minus_10,-0.1,0.0,0.1,0.029333059161415907,0.03722379213219319,0.007890732970777286,0.007890732970777286,0,0,0,-1
gmsc,mlp,27,NumberOfTime60-89DaysPastDueNotWorse,relative_minus_10,-0.1,0.0,0.1,0.035095010256273325,0.04343807795733394,0.008343067701060615,0.008343067701060615,0,0,0,-1
gmsc,mlp,28,NumberOfTime60-89DaysPastDueNotWorse,relative_minus_10,-0.1,0.0,0.1,0.09263198005026192,0.11626202417335343,0.023630044123091512,0.023630044123091512,0,0,0,-1
gmsc,mlp,29,NumberOfTime60-89DaysPastDueNotWorse,relative_minus_10,-0.1,0.0,0.1,0.006344097366443652,0.00856702321610539,0.0022229258496617383,0.0022229258496617383,0,0,0,-1
gmsc,mlp,30,NumberOfTime60-89DaysPastDueNotWorse,relative_minus_10,-0.1,0.0,0.1,0.046242861401163154,0.05321957786929839,0.006976716468135233,0.006976716468135233,0,0,0,-1
gmsc,mlp,31,NumberOfTime60-89DaysPastDueNotWorse,relative_minus_10,-0.1,0.0,0.1,0.0255021185573372,0.03126969442274025,0.005767575865403052,0.005767575865403052,0,0,0,-1
gmsc,mlp,32,NumberOfTime60-89DaysPastDueNotWorse,relative_minus_10,-0.1,0.0,0.1,0.026376707227492684,0.03764169261734925,0.011264985389856569,0.011264985389856569,0,0,0,-1
gmsc,mlp,33,NumberOfTime60-89DaysPastDueNotWorse,relative_minus_10,-0.1,0.0,0.1,0.015498282720832536,0.019582687351346398,0.004084404630513861,0.004084404630513861,0,0,0,-1
gmsc,mlp,34,NumberOfTime60-89DaysPastDueNotWorse,relative_minus_10,-0.1,0.0,0.1,0.08535157193754099,0.09517374812035763,0.009822176182816639,0.009822176182816639,0,0,0,-1
gmsc,mlp,35,NumberOfTime60-89DaysPastDueNotWorse,relative_minus_10,-0.1,0.0,0.1,0.19910001606794017,0.21375382384216768,0.014653807774227506,0.014653807774227506,0,0,0,-1
gmsc,mlp,36,NumberOfTime60-89DaysPastDueNotWorse,relative_minus_10,-0.1,0.0,0.1,0.010761647197797914,0.014143883001591277,0.0033822358037933625,0.0033822358037933625,0,0,0,-1
gmsc,mlp,37,NumberOfTime60-89DaysPastDueNotWorse,relative_minus_10,-0.1,0.0,0.1,0.01757909301258303,0.02342581243564672,0.005846719423063692,0.005846719423063692,0,0,0,-1
gmsc,mlp,38,NumberOfTime60-89DaysPastDueNotWorse,relative_minus_10,-0.1,0.0,0.1,0.009145988810159647,0.01246644411216054,0.003320455302000893,0.003320455302000893,0,0,0,-1
gmsc,mlp,39,NumberOfTime60-89DaysPastDueNotWorse,relative_minus_10,-0.1,0.0,0.1,0.051173952814171794,0.0588556313276702,0.007681678513498408,0.007681678513498408,0,0,0,-1
gmsc,mlp,40,NumberOfTime60-89DaysPastDueNotWorse,relative_minus_10,-0.1,0.0,0.1,0.022676366611436422,0.029376425729847194,0.006700059118410772,0.006700059118410772,0,0,0,-1
gmsc,mlp,41,NumberOfTime60-89DaysPastDueNotWorse,relative_minus_10,-0.1,0.0,0.1,0.04009590259851887,0.047527031173602796,0.007431128575083927,0.007431128575083927,0,0,0,-1
gmsc,mlp,42,NumberOfTime60-89DaysPastDueNotWorse,relative_minus_10,-0.1,0.0,0.1,0.02298812229422112,0.028234059232889405,0.005245936938668285,0.005245936938668285,0,0,0,-1
gmsc,mlp,43,NumberOfTime60-89DaysPastDueNotWorse,relative_minus_10,-0.1,0.0,0.1,0.04219806536296886,0.05103671559105768,0.008838650228088815,0.008838650228088815,0,0,0,-1
gmsc,mlp,44,NumberOfTime60-89DaysPastDueNotWorse,relative_minus_10,-0.1,0.0,0.1,0.01680383752969732,0.02071908990513618,0.0039152523754388616,0.0039152523754388616,0,0,0,-1
gmsc,mlp,45,NumberOfTime60-89DaysPastDueNotWorse,relative_minus_10,-0.1,0.0,0.1,0.0359226511464687,0.04702284910358516,0.011100197957116462,0.011100197957116462,0,0,0,-1
gmsc,mlp,46,NumberOfTime60-89DaysPastDueNotWorse,relative_minus_10,-0.1,0.0,0.1,0.008419834692001592,0.011247002304419442,0.0028271676124178493,0.0028271676124178493,0,0,0,-1
gmsc,mlp,47,NumberOfTime60-89DaysPastDueNotWorse,relative_minus_10,-0.1,0.0,0.1,0.01526822945269322,0.020712794211743036,0.005444564759049817,0.005444564759049817,0,0,0,-1
gmsc,mlp,48,NumberOfTime60-89DaysPastDueNotWorse,relative_minus_10,-0.1,0.0,0.1,0.011940522095800142,0.016712651704524083,0.004772129608723941,0.004772129608723941,0,0,0,-1
gmsc,mlp,49,NumberOfTime60-89DaysPastDueNotWorse,relative_minus_10,-0.1,0.0,0.1,0.029003393714220643,0.03951299622740691,0.010509602513186264,0.010509602513186264,0,0,0,-1
gmsc,mlp,50,NumberOfTime60-89DaysPastDueNotWorse,relative_minus_10,-0.1,0.0,0.1,0.03157652357546811,0.03877338664938833,0.007196863073920215,0.007196863073920215,0,0,0,-1
gmsc,mlp,51,NumberOfTime60-89DaysPastDueNotWorse,relative_minus_10,-0.1,0.0,0.1,0.016133909190219866,0.019697724715244277,0.003563815525024411,0.003563815525024411,0,0,0,-1
gmsc,mlp,52,NumberOfTime60-89DaysPastDueNotWorse,relative_minus_10,-0.1,0.0,0.1,0.008942513898120756,0.011709197832614088,0.0027666839344933324,0.0027666839344933324,0,0,0,-1
gmsc,mlp,53,NumberOfTime60-89DaysPastDueNotWorse,relative_minus_10,-0.1,1.0,1.1,0.29379437931569313,0.3007925785254184,0.006998199209725275,0.006998199209725275,0,0,0,-1
gmsc,mlp,54,NumberOfTime60-89DaysPastDueNotWorse,relative_minus_10,-0.1,2.0,2.2,0.3498543595427822,0.365333008377636,0.015478648834853781,0.015478648834853781,0,0,0,-1
gmsc,mlp,55,NumberOfTime60-89DaysPastDueNotWorse,relative_minus_10,-0.1,0.0,0.1,0.007600943545173095,0.009910034984940953,0.0023090914397678585,0.0023090914397678585,0,0,0,-1
gmsc,mlp,56,NumberOfTime60-89DaysPastDueNotWorse,relative_minus_10,-0.1,0.0,0.1,0.025320893704546973,0.03127408056534266,0.005953186860795684,0.005953186860795684,0,0,0,-1
gmsc,mlp,57,NumberOfTime60-89DaysPastDueNotWorse,relative_minus_10,-0.1,0.0,0.1,0.05069033380470405,0.06280405027809453,0.012113716473390483,0.012113716473390483,0,0,0,-1
gmsc,mlp,58,NumberOfTime60-89DaysPastDueNotWorse,relative_minus_10,-0.1,0.0,0.1,0.16009590625064055,0.17949715262125354,0.019401246370612996,0.019401246370612996,0,0,0,-1
gmsc,mlp,59,NumberOfTime60-89DaysPastDueNotWorse,relative_minus_10,-0.1,0.0,0.1,0.025457114256866867,0.030456129140765256,0.004999014883898388,0.004999014883898388,0,0,0,-1
gmsc,mlp,60,NumberOfTime60-89DaysPastDueNotWorse,relative_minus_10,-0.1,0.0,0.1,0.037076780618332694,0.043850515832337636,0.006773735214004942,0.006773735214004942,0,0,0,-1
gmsc,mlp,61,NumberOfTime60-89DaysPastDueNotWorse,relative_minus_10,-0.1,0.0,0.1,0.04860926951599663,0.05591087491708701,0.007301605401090379,0.007301605401090379,0,0,0,-1
gmsc,mlp,62,NumberOfTime60-89DaysPastDueNotWorse,relative_minus_10,-0.1,0.0,0.1,0.022160573410907457,0.027691671007106504,0.005531097596199047,0.005531097596199047,0,0,0,-1
gmsc,mlp,63,NumberOfTime60-89DaysPastDueNotWorse,relative_minus_10,-0.1,0.0,0.1,0.010545360475655359,0.0132143428034469,0.0026689823277915407,0.0026689823277915407,0,0,0,-1
gmsc,mlp,64,NumberOfTime60-89DaysPastDueNotWorse,relative_minus_10,-0.1,0.0,0.1,0.05188426446215026,0.06302316256117253,0.01113889809902227,0.01113889809902227,0,0,0,-1
gmsc,mlp,65,NumberOfTime60-89DaysPastDueNotWorse,relative_minus_10,-0.1,0.0,0.1,0.19320558451418393,0.2246468003682611,0.031441215854077165,0.031441215854077165,0,0,0,-1
gmsc,mlp,66,NumberOfTime60-89DaysPastDueNotWorse,relative_minus_10,-0.1,0.0,0.1,0.017380461870616856,0.022394115897622528,0.005013654027005671,0.005013654027005671,0,0,0,-1
gmsc,mlp,67,NumberOfTime60-89DaysPastDueNotWorse,relative_minus_10,-0.1,0.0,0.1,0.045289289381342065,0.05453310726989187,0.009243817888549805,0.009243817888549805,0,0,0,-1
gmsc,mlp,68,NumberOfTime60-89DaysPastDueNotWorse,relative_minus_10,-0.1,0.0,0.1,0.012814695328681581,0.015961112219688465,0.0031464168910068837,0.0031464168910068837,0,0,0,-1
gmsc,mlp,69,NumberOfTime60-89DaysPastDueNotWorse,relative_minus_10,-0.1,0.0,0.1,0.09362660727989738,0.1050703916053994,0.011443784325502013,0.011443784325502013,0,0,0,-1
gmsc,mlp,70,NumberOfTime60-89DaysPastDueNotWorse,relative_minus_10,-0.1,0.0,0.1,0.09827269814207695,0.11059462206666591,0.01232192392458896,0.01232192392458896,0,0,0,-1
gmsc,mlp,71,NumberOfTime60-89DaysPastDueNotWorse,relative_minus_10,-0.1,0.0,0.1,0.07244781616495638,0.08315650246847683,0.010708686303520454,0.010708686303520454,0,0,0,-1
gmsc,mlp,72,NumberOfTime60-89DaysPastDueNotWorse,relative_minus_10,-0.1,0.0,0.1,0.03217968676284227,0.040137241837021366,0.007957555074179098,0.007957555074179098,0,0,0,-1
gmsc,mlp,73,NumberOfTime60-89DaysPastDueNotWorse,relative_minus_10,-0.1,0.0,0.1,0.044640504763767554,0.053006728548433496,0.008366223784665942,0.008366223784665942,0,0,0,-1
gmsc,mlp,74,NumberOfTime60-89DaysPastDueNotWorse,relative_minus_10,-0.1,0.0,0.1,0.03482378444402007,0.043420900282942466,0.0085971158389224,0.0085971158389224,0,0,0,-1
gmsc,mlp,75,NumberOfTime60-89DaysPastDueNotWorse,relative_minus_10,-0.1,0.0,0.1,0.04920214568663398,0.06286578328408346,0.013663637597449478,0.013663637597449478,0,0,0,-1
gmsc,mlp,76,NumberOfTime60-89DaysPastDueNotWorse,relative_minus_10,-0.1,0.0,0.1,0.02205212445347039,0.02650226503059186,0.00445014057712147,0.00445014057712147,0,0,0,-1
gmsc,mlp,77,NumberOfTime60-89DaysPastDueNotWorse,relative_minus_10,-0.1,0.0,0.1,0.009856180676789783,0.012949934238556695,0.003093753561766912,0.003093753561766912,0,0,0,-1
gmsc,mlp,78,NumberOfTime60-89DaysPastDueNotWorse,relative_minus_10,-0.1,0.0,0.1,0.010129649250511236,0.013306037463376351,0.003176388212865115,0.003176388212865115,0,0,0,-1
gmsc,mlp,79,NumberOfTime60-89DaysPastDueNotWorse,relative_minus_10,-0.1,0.0,0.1,0.025575449411528527,0.0312882576761069,0.005712808264578373,0.005712808264578373,0,0,0,-1
gmsc,mlp,80,NumberOfTime60-89DaysPastDueNotWorse,relative_minus_10,-0.1,0.0,0.1,0.005666248820127979,0.007455950604022927,0.0017897017838949484,0.0017897017838949484,0,0,0,-1
gmsc,mlp,81,NumberOfTime60-89DaysPastDueNotWorse,relative_minus_10,-0.1,0.0,0.1,0.04332063353337088,0.05188946883564589,0.008568835302275007,0.008568835302275007,0,0,0,-1
gmsc,mlp,82,NumberOfTime60-89DaysPastDueNotWorse,relative_minus_10,-0.1,0.0,0.1,0.01937427089536237,0.02397865168407352,0.00460438078871115,0.00460438078871115,0,0,0,-1
gmsc,mlp,83,NumberOfTime60-89DaysPastDueNotWorse,relative_minus_10,-0.1,0.0,0.1,0.014956252536287561,0.019612153418337573,0.004655900882050012,0.004655900882050012,0,0,0,-1
gmsc,mlp,84,NumberOfTime60-89DaysPastDueNotWorse,relative_minus_10,-0.1,0.0,0.1,0.034404191335380946,0.04061244421498688,0.006208252879605934,0.006208252879605934,0,0,0,-1
gmsc,mlp,85,NumberOfTime60-89DaysPastDueNotWorse,relative_minus_10,-0.1,0.0,0.1,0.016073637508889543,0.020797716078006213,0.00472407856911667,0.00472407856911667,0,0,0,-1
gmsc,mlp,86,NumberOfTime60-89DaysPastDueNotWorse,relative_minus_10,-0.1,0.0,0.1,0.03951246267546877,0.04743428382399648,0.007921821148527713,0.007921821148527713,0,0,0,-1
gmsc,mlp,87,NumberOfTime60-89DaysPastDueNotWorse,relative_minus_10,-0.1,0.0,0.1,0.023170727869934838,0.028413158397505127,0.005242430527570289,0.005242430527570289,0,0,0,-1
gmsc,mlp,88,NumberOfTime60-89DaysPastDueNotWorse,relative_minus_10,-0.1,0.0,0.1,0.014049767208401245,0.017996132249530065,0.003946365041128819,0.003946365041128819,0,0,0,-1
gmsc,mlp,89,NumberOfTime60-89DaysPastDueNotWorse,relative_minus_10,-0.1,0.0,0.1,0.031436900478850546,0.03851134129465144,0.007074440815800893,0.007074440815800893,0,0,0,-1
gmsc,mlp,90,NumberOfTime60-89DaysPastDueNotWorse,relative_minus_10,-0.1,0.0,0.1,0.005417127218637603,0.007381980389367924,0.0019648531707303213,0.0019648531707303213,0,0,0,-1
gmsc,mlp,91,NumberOfTime60-89DaysPastDueNotWorse,relative_minus_10,-0.1,0.0,0.1,0.025606851072255785,0.029192665657611545,0.00358581458535576,0.00358581458535576,0,0,0,-1
gmsc,mlp,92,NumberOfTime60-89DaysPastDueNotWorse,relative_minus_10,-0.1,0.0,0.1,0.06791010130064887,0.09311084827681157,0.025200746976162702,0.025200746976162702,0,0,0,-1
gmsc,mlp,93,NumberOfTime60-89DaysPastDueNotWorse,relative_minus_10,-0.1,0.0,0.1,0.012557321048589615,0.01576033052077498,0.003203009472185367,0.003203009472185367,0,0,0,-1
gmsc,mlp,94,NumberOfTime60-89DaysPastDueNotWorse,relative_minus_10,-0.1,0.0,0.1,0.01479561435417343,0.0193434990789923,0.004547884724818868,0.004547884724818868,0,0,0,-1
gmsc,mlp,95,NumberOfTime60-89DaysPastDueNotWorse,relative_minus_10,-0.1,0.0,0.1,0.02165723032387087,0.025921631048249967,0.004264400724379096,0.004264400724379096,0,0,0,-1
gmsc,mlp,96,NumberOfTime60-89DaysPastDueNotWorse,relative_minus_10,-0.1,0.0,0.1,0.025618448582325936,0.0355846034619202,0.009966154879594267,0.009966154879594267,0,0,0,-1
gmsc,mlp,97,NumberOfTime60-89DaysPastDueNotWorse,relative_minus_10,-0.1,0.0,0.1,0.017705870709505835,0.02222765406406235,0.004521783354556514,0.004521783354556514,0,0,0,-1
gmsc,mlp,98,NumberOfTime60-89DaysPastDueNotWorse,relative_minus_10,-0.1,0.0,0.1,0.021717560701058864,0.02600553421842489,0.0042879735173660255,0.0042879735173660255,0,0,0,-1
gmsc,mlp,99,NumberOfTime60-89DaysPastDueNotWorse,relative_minus_10,-0.1,1.0,1.1,0.2986561163043243,0.3124779251546323,0.013821808850307982,0.013821808850307982,0,0,0,-1
gmsc,mlp,0,NumberOfTime60-89DaysPastDueNotWorse,relative_plus_10,0.1,0.0,0.1,0.02211686465599193,0.02951238234528381,0.007395517689291878,0.007395517689291878,0,0,0,-1
gmsc,mlp,1,NumberOfTime60-89DaysPastDueNotWorse,relative_plus_10,0.1,0.0,0.1,0.01569449495491033,0.020578612486315855,0.004884117531405524,0.004884117531405524,0,0,0,-1
gmsc,mlp,2,NumberOfTime60-89DaysPastDueNotWorse,relative_plus_10,0.1,0.0,0.1,0.016575068310977385,0.021473731293720388,0.004898662982743003,0.004898662982743003,0,0,0,-1
gmsc,mlp,3,NumberOfTime60-89DaysPastDueNotWorse,relative_plus_10,0.1,0.0,0.1,0.034126022539606525,0.04206837576333591,0.007942353223729388,0.007942353223729388,0,0,0,-1
gmsc,mlp,4,NumberOfTime60-89DaysPastDueNotWorse,relative_plus_10,0.1,0.0,0.1,0.026106102898580053,0.03304253185966533,0.006936428961085279,0.006936428961085279,0,0,0,-1
gmsc,mlp,5,NumberOfTime60-89DaysPastDueNotWorse,relative_plus_10,0.1,0.0,0.1,0.021830131699538843,0.026640182918956055,0.004810051219417213,0.004810051219417213,0,0,0,-1
gmsc,mlp,6,NumberOfTime60-89DaysPastDueNotWorse,relative_plus_10,0.1,0.0,0.1,0.03217662260521963,0.04041524334727772,0.008238620742058084,0.008238620742058084,0,0,0,-1
gmsc,mlp,7,NumberOfTime60-89DaysPastDueNotWorse,relative_plus_10,0.1,0.0,0.1,0.046315106403102796,0.060020395820837076,0.01370528941773428,0.01370528941773428,0,0,0,-1
gmsc,mlp,8,NumberOfTime60-89DaysPastDueNotWorse,relative_plus_10,0.1,0.0,0.1,0.05673708325740244,0.07509143947635771,0.018354356218955273,0.018354356218955273,0,0,0,-1
gmsc,mlp,9,NumberOfTime60-89DaysPastDueNotWorse,relative_plus_10,0.1,0.0,0.1,0.07183380465082981,0.08323836017291468,0.011404555522084872,0.011404555522084872,0,0,0,-1
gmsc,mlp,10,NumberOfTime60-89DaysPastDueNotWorse,relative_plus_10,0.1,0.0,0.1,0.029425463415082575,0.03627985251143494,0.0068543890963523625,0.0068543890963523625,0,0,0,-1
gmsc,mlp,11,NumberOfTime60-89DaysPastDueNotWorse,relative_plus_10,0.1,0.0,0.1,0.012965465127209348,0.015435586209900765,0.0024701210826914167,0.0024701210826914167,0,0,0,-1
gmsc,mlp,12,NumberOfTime60-89DaysPastDueNotWorse,relative_plus_10,0.1,0.0,0.1,0.007076920292949544,0.009411617465109923,0.002334697172160379,0.002334697172160379,0,0,0,-1
gmsc,mlp,13,NumberOfTime60-89DaysPastDueNotWorse,relative_plus_10,0.1,0.0,0.1,0.35361463292929435,0.3642939169487423,0.010679284019447954,0.010679284019447954,0,0,0,-1
gmsc,mlp,14,NumberOfTime60-89DaysPastDueNotWorse,relative_plus_10,0.1,0.0,0.1,0.03041379302018182,0.03910761930314891,0.008693826282967092,0.008693826282967092,0,0,0,-1
gmsc,mlp,15,NumberOfTime60-89DaysPastDueNotWorse,relative_plus_10,0.1,0.0,0.1,0.028531846223265274,0.033129728598651334,0.00459788237538606,0.00459788237538606,0,0,0,-1
gmsc,mlp,16,NumberOfTime60-89DaysPastDueNotWorse,relative_plus_10,0.1,0.0,0.1,0.11002930362193034,0.12275873694470181,0.012729433322771475,0.012729433322771475,0,0,0,-1
gmsc,mlp,17,NumberOfTime60-89DaysPastDueNotWorse,relative_plus_10,0.1,0.0,0.1,0.013790889882417817,0.017773847018805633,0.0039829571363878165,0.0039829571363878165,0,0,0,-1
gmsc,mlp,18,NumberOfTime60-89DaysPastDueNotWorse,relative_plus_10,0.1,0.0,0.1,0.02753715371688414,0.03432247304188891,0.006785319325004768,0.006785319325004768,0,0,0,-1
gmsc,mlp,19,NumberOfTime60-89DaysPastDueNotWorse,relative_plus_10,0.1,0.0,0.1,0.052926506156008635,0.06936528831623055,0.016438782160221918,0.016438782160221918,0,0,0,-1
gmsc,mlp,20,NumberOfTime60-89DaysPastDueNotWorse,relative_plus_10,0.1,0.0,0.1,0.008830310596060332,0.011010787373548167,0.002180476777487835,0.002180476777487835,0,0,0,-1
gmsc,mlp,21,NumberOfTime60-89DaysPastDueNotWorse,relative_plus_10,0.1,0.0,0.1,0.014797349397540089,0.019399900475867607,0.004602551078327518,0.004602551078327518,0,0,0,-1
gmsc,mlp,22,NumberOfTime60-89DaysPastDueNotWorse,relative_plus_10,0.1,0.0,0.1,0.04562370697875247,0.06445847538580063,0.01883476840704816,0.01883476840704816,0,0,0,-1
gmsc,mlp,23,NumberOfTime60-89DaysPastDueNotWorse,relative_plus_10,0.1,0.0,0.1,0.01573080665121102,0.01930462318491624,0.0035738165337052194,0.0035738165337052194,0,0,0,-1
gmsc,mlp,24,NumberOfTime60-89DaysPastDueNotWorse,relative_plus_10,0.1,0.0,0.1,0.011506289508992087,0.014977533761160466,0.0034712442521683783,0.0034712442521683783,0,0,0,-1
gmsc,mlp,25,NumberOfTime60-89DaysPastDueNotWorse,relative_plus_10,0.1,0.0,0.1,0.03731802443216143,0.045933490040184266,0.008615465608022836,0.008615465608022836,0,0,0,-1
gmsc,mlp,26,NumberOfTime60-89DaysPastDueNotWorse,relative_plus_10,0.1,0.0,0.1,0.029333059161415907,0.03722379213219319,0.007890732970777286,0.007890732970777286,0,0,0,-1
gmsc,mlp,27,NumberOfTime60-89DaysPastDueNotWorse,relative_plus_10,0.1,0.0,0.1,0.035095010256273325,0.04343807795733394,0.008343067701060615,0.008343067701060615,0,0,0,-1
gmsc,mlp,28,NumberOfTime60-89DaysPastDueNotWorse,relative_plus_10,0.1,0.0,0.1,0.09263198005026192,0.11626202417335343,0.023630044123091512,0.023630044123091512,0,0,0,-1
gmsc,mlp,29,NumberOfTime60-89DaysPastDueNotWorse,relative_plus_10,0.1,0.0,0.1,0.006344097366443652,0.00856702321610539,0.0022229258496617383,0.0022229258496617383,0,0,0,-1
gmsc,mlp,30,NumberOfTime60-89DaysPastDueNotWorse,relative_plus_10,0.1,0.0,0.1,0.046242861401163154,0.05321957786929839,0.006976716468135233,0.006976716468135233,0,0,0,-1
gmsc,mlp,31,NumberOfTime60-89DaysPastDueNotWorse,relative_plus_10,0.1,0.0,0.1,0.0255021185573372,0.03126969442274025,0.005767575865403052,0.005767575865403052,0,0,0,-1
gmsc,mlp,32,NumberOfTime60-89DaysPastDueNotWorse,relative_plus_10,0.1,0.0,0.1,0.026376707227492684,0.03764169261734925,0.011264985389856569,0.011264985389856569,0,0,0,-1
gmsc,mlp,33,NumberOfTime60-89DaysPastDueNotWorse,relative_plus_10,0.1,0.0,0.1,0.015498282720832536,0.019582687351346398,0.004084404630513861,0.004084404630513861,0,0,0,-1
gmsc,mlp,34,NumberOfTime60-89DaysPastDueNotWorse,relative_plus_10,0.1,0.0,0.1,0.08535157193754099,0.09517374812035763,0.009822176182816639,0.009822176182816639,0,0,0,-1
gmsc,mlp,35,NumberOfTime60-89DaysPastDueNotWorse,relative_plus_10,0.1,0.0,0.1,0.19910001606794017,0.21375382384216768,0.014653807774227506,0.014653807774227506,0,0,0,-1
gmsc,mlp,36,NumberOfTime60-89DaysPastDueNotWorse,relative_plus_10,0.1,0.0,0.1,0.010761647197797914,0.014143883001591277,0.0033822358037933625,0.0033822358037933625,0,0,0,-1
gmsc,mlp,37,NumberOfTime60-89DaysPastDueNotWorse,relative_plus_10,0.1,0.0,0.1,0.01757909301258303,0.02342581243564672,0.005846719423063692,0.005846719423063692,0,0,0,-1
gmsc,mlp,38,NumberOfTime60-89DaysPastDueNotWorse,relative_plus_10,0.1,0.0,0.1,0.009145988810159647,0.01246644411216054,0.003320455302000893,0.003320455302000893,0,0,0,-1
gmsc,mlp,39,NumberOfTime60-89DaysPastDueNotWorse,relative_plus_10,0.1,0.0,0.1,0.051173952814171794,0.0588556313276702,0.007681678513498408,0.007681678513498408,0,0,0,-1
gmsc,mlp,40,NumberOfTime60-89DaysPastDueNotWorse,relative_plus_10,0.1,0.0,0.1,0.022676366611436422,0.029376425729847194,0.006700059118410772,0.006700059118410772,0,0,0,-1
gmsc,mlp,41,NumberOfTime60-89DaysPastDueNotWorse,relative_plus_10,0.1,0.0,0.1,0.04009590259851887,0.047527031173602796,0.007431128575083927,0.007431128575083927,0,0,0,-1
gmsc,mlp,42,NumberOfTime60-89DaysPastDueNotWorse,relative_plus_10,0.1,0.0,0.1,0.02298812229422112,0.028234059232889405,0.005245936938668285,0.005245936938668285,0,0,0,-1
gmsc,mlp,43,NumberOfTime60-89DaysPastDueNotWorse,relative_plus_10,0.1,0.0,0.1,0.04219806536296886,0.05103671559105768,0.008838650228088815,0.008838650228088815,0,0,0,-1
gmsc,mlp,44,NumberOfTime60-89DaysPastDueNotWorse,relative_plus_10,0.1,0.0,0.1,0.01680383752969732,0.02071908990513618,0.0039152523754388616,0.0039152523754388616,0,0,0,-1
gmsc,mlp,45,NumberOfTime60-89DaysPastDueNotWorse,relative_plus_10,0.1,0.0,0.1,0.0359226511464687,0.04702284910358516,0.011100197957116462,0.011100197957116462,0,0,0,-1
gmsc,mlp,46,NumberOfTime60-89DaysPastDueNotWorse,relative_plus_10,0.1,0.0,0.1,0.008419834692001592,0.011247002304419442,0.0028271676124178493,0.0028271676124178493,0,0,0,-1
gmsc,mlp,47,NumberOfTime60-89DaysPastDueNotWorse,relative_plus_10,0.1,0.0,0.1,0.01526822945269322,0.020712794211743036,0.005444564759049817,0.005444564759049817,0,0,0,-1
gmsc,mlp,48,NumberOfTime60-89DaysPastDueNotWorse,relative_plus_10,0.1,0.0,0.1,0.011940522095800142,0.016712651704524083,0.004772129608723941,0.004772129608723941,0,0,0,-1
gmsc,mlp,49,NumberOfTime60-89DaysPastDueNotWorse,relative_plus_10,0.1,0.0,0.1,0.029003393714220643,0.03951299622740691,0.010509602513186264,0.010509602513186264,0,0,0,-1
gmsc,mlp,50,NumberOfTime60-89DaysPastDueNotWorse,relative_plus_10,0.1,0.0,0.1,0.03157652357546811,0.03877338664938833,0.007196863073920215,0.007196863073920215,0,0,0,-1
gmsc,mlp,51,NumberOfTime60-89DaysPastDueNotWorse,relative_plus_10,0.1,0.0,0.1,0.016133909190219866,0.019697724715244277,0.003563815525024411,0.003563815525024411,0,0,0,-1
gmsc,mlp,52,NumberOfTime60-89DaysPastDueNotWorse,relative_plus_10,0.1,0.0,0.1,0.008942513898120756,0.011709197832614088,0.0027666839344933324,0.0027666839344933324,0,0,0,-1
gmsc,mlp,53,NumberOfTime60-89DaysPastDueNotWorse,relative_plus_10,0.1,1.0,1.1,0.29379437931569313,0.3007925785254184,0.006998199209725275,0.006998199209725275,0,0,0,-1
gmsc,mlp,54,NumberOfTime60-89DaysPastDueNotWorse,relative_plus_10,0.1,2.0,2.2,0.3498543595427822,0.365333008377636,0.015478648834853781,0.015478648834853781,0,0,0,-1
gmsc,mlp,55,NumberOfTime60-89DaysPastDueNotWorse,relative_plus_10,0.1,0.0,0.1,0.007600943545173095,0.009910034984940953,0.0023090914397678585,0.0023090914397678585,0,0,0,-1
gmsc,mlp,56,NumberOfTime60-89DaysPastDueNotWorse,relative_plus_10,0.1,0.0,0.1,0.025320893704546973,0.03127408056534266,0.005953186860795684,0.005953186860795684,0,0,0,-1
gmsc,mlp,57,NumberOfTime60-89DaysPastDueNotWorse,relative_plus_10,0.1,0.0,0.1,0.05069033380470405,0.06280405027809453,0.012113716473390483,0.012113716473390483,0,0,0,-1
gmsc,mlp,58,NumberOfTime60-89DaysPastDueNotWorse,relative_plus_10,0.1,0.0,0.1,0.16009590625064055,0.17949715262125354,0.019401246370612996,0.019401246370612996,0,0,0,-1
gmsc,mlp,59,NumberOfTime60-89DaysPastDueNotWorse,relative_plus_10,0.1,0.0,0.1,0.025457114256866867,0.030456129140765256,0.004999014883898388,0.004999014883898388,0,0,0,-1
gmsc,mlp,60,NumberOfTime60-89DaysPastDueNotWorse,relative_plus_10,0.1,0.0,0.1,0.037076780618332694,0.043850515832337636,0.006773735214004942,0.006773735214004942,0,0,0,-1
gmsc,mlp,61,NumberOfTime60-89DaysPastDueNotWorse,relative_plus_10,0.1,0.0,0.1,0.04860926951599663,0.05591087491708701,0.007301605401090379,0.007301605401090379,0,0,0,-1
gmsc,mlp,62,NumberOfTime60-89DaysPastDueNotWorse,relative_plus_10,0.1,0.0,0.1,0.022160573410907457,0.027691671007106504,0.005531097596199047,0.005531097596199047,0,0,0,-1
gmsc,mlp,63,NumberOfTime60-89DaysPastDueNotWorse,relative_plus_10,0.1,0.0,0.1,0.010545360475655359,0.0132143428034469,0.0026689823277915407,0.0026689823277915407,0,0,0,-1
gmsc,mlp,64,NumberOfTime60-89DaysPastDueNotWorse,relative_plus_10,0.1,0.0,0.1,0.05188426446215026,0.06302316256117253,0.01113889809902227,0.01113889809902227,0,0,0,-1
gmsc,mlp,65,NumberOfTime60-89DaysPastDueNotWorse,relative_plus_10,0.1,0.0,0.1,0.19320558451418393,0.2246468003682611,0.031441215854077165,0.031441215854077165,0,0,0,-1
gmsc,mlp,66,NumberOfTime60-89DaysPastDueNotWorse,relative_plus_10,0.1,0.0,0.1,0.017380461870616856,0.022394115897622528,0.005013654027005671,0.005013654027005671,0,0,0,-1
gmsc,mlp,67,NumberOfTime60-89DaysPastDueNotWorse,relative_plus_10,0.1,0.0,0.1,0.045289289381342065,0.05453310726989187,0.009243817888549805,0.009243817888549805,0,0,0,-1
gmsc,mlp,68,NumberOfTime60-89DaysPastDueNotWorse,relative_plus_10,0.1,0.0,0.1,0.012814695328681581,0.015961112219688465,0.0031464168910068837,0.0031464168910068837,0,0,0,-1
gmsc,mlp,69,NumberOfTime60-89DaysPastDueNotWorse,relative_plus_10,0.1,0.0,0.1,0.09362660727989738,0.1050703916053994,0.011443784325502013,0.011443784325502013,0,0,0,-1
gmsc,mlp,70,NumberOfTime60-89DaysPastDueNotWorse,relative_plus_10,0.1,0.0,0.1,0.09827269814207695,0.11059462206666591,0.01232192392458896,0.01232192392458896,0,0,0,-1
gmsc,mlp,71,NumberOfTime60-89DaysPastDueNotWorse,relative_plus_10,0.1,0.0,0.1,0.07244781616495638,0.08315650246847683,0.010708686303520454,0.010708686303520454,0,0,0,-1
gmsc,mlp,72,NumberOfTime60-89DaysPastDueNotWorse,relative_plus_10,0.1,0.0,0.1,0.03217968676284227,0.040137241837021366,0.007957555074179098,0.007957555074179098,0,0,0,-1
gmsc,mlp,73,NumberOfTime60-89DaysPastDueNotWorse,relative_plus_10,0.1,0.0,0.1,0.044640504763767554,0.053006728548433496,0.008366223784665942,0.008366223784665942,0,0,0,-1
gmsc,mlp,74,NumberOfTime60-89DaysPastDueNotWorse,relative_plus_10,0.1,0.0,0.1,0.03482378444402007,0.043420900282942466,0.0085971158389224,0.0085971158389224,0,0,0,-1
gmsc,mlp,75,NumberOfTime60-89DaysPastDueNotWorse,relative_plus_10,0.1,0.0,0.1,0.04920214568663398,0.06286578328408346,0.013663637597449478,0.013663637597449478,0,0,0,-1
gmsc,mlp,76,NumberOfTime60-89DaysPastDueNotWorse,relative_plus_10,0.1,0.0,0.1,0.02205212445347039,0.02650226503059186,0.00445014057712147,0.00445014057712147,0,0,0,-1
gmsc,mlp,77,NumberOfTime60-89DaysPastDueNotWorse,relative_plus_10,0.1,0.0,0.1,0.009856180676789783,0.012949934238556695,0.003093753561766912,0.003093753561766912,0,0,0,-1
gmsc,mlp,78,NumberOfTime60-89DaysPastDueNotWorse,relative_plus_10,0.1,0.0,0.1,0.010129649250511236,0.013306037463376351,0.003176388212865115,0.003176388212865115,0,0,0,-1
gmsc,mlp,79,NumberOfTime60-89DaysPastDueNotWorse,relative_plus_10,0.1,0.0,0.1,0.025575449411528527,0.0312882576761069,0.005712808264578373,0.005712808264578373,0,0,0,-1
gmsc,mlp,80,NumberOfTime60-89DaysPastDueNotWorse,relative_plus_10,0.1,0.0,0.1,0.005666248820127979,0.007455950604022927,0.0017897017838949484,0.0017897017838949484,0,0,0,-1
gmsc,mlp,81,NumberOfTime60-89DaysPastDueNotWorse,relative_plus_10,0.1,0.0,0.1,0.04332063353337088,0.05188946883564589,0.008568835302275007,0.008568835302275007,0,0,0,-1
gmsc,mlp,82,NumberOfTime60-89DaysPastDueNotWorse,relative_plus_10,0.1,0.0,0.1,0.01937427089536237,0.02397865168407352,0.00460438078871115,0.00460438078871115,0,0,0,-1
gmsc,mlp,83,NumberOfTime60-89DaysPastDueNotWorse,relative_plus_10,0.1,0.0,0.1,0.014956252536287561,0.019612153418337573,0.004655900882050012,0.004655900882050012,0,0,0,-1
gmsc,mlp,84,NumberOfTime60-89DaysPastDueNotWorse,relative_plus_10,0.1,0.0,0.1,0.034404191335380946,0.04061244421498688,0.006208252879605934,0.006208252879605934,0,0,0,-1
gmsc,mlp,85,NumberOfTime60-89DaysPastDueNotWorse,relative_plus_10,0.1,0.0,0.1,0.016073637508889543,0.020797716078006213,0.00472407856911667,0.00472407856911667,0,0,0,-1
gmsc,mlp,86,NumberOfTime60-89DaysPastDueNotWorse,relative_plus_10,0.1,0.0,0.1,0.03951246267546877,0.04743428382399648,0.007921821148527713,0.007921821148527713,0,0,0,-1
gmsc,mlp,87,NumberOfTime60-89DaysPastDueNotWorse,relative_plus_10,0.1,0.0,0.1,0.023170727869934838,0.028413158397505127,0.005242430527570289,0.005242430527570289,0,0,0,-1
gmsc,mlp,88,NumberOfTime60-89DaysPastDueNotWorse,relative_plus_10,0.1,0.0,0.1,0.014049767208401245,0.017996132249530065,0.003946365041128819,0.003946365041128819,0,0,0,-1
gmsc,mlp,89,NumberOfTime60-89DaysPastDueNotWorse,relative_plus_10,0.1,0.0,0.1,0.031436900478850546,0.03851134129465144,0.007074440815800893,0.007074440815800893,0,0,0,-1
gmsc,mlp,90,NumberOfTime60-89DaysPastDueNotWorse,relative_plus_10,0.1,0.0,0.1,0.005417127218637603,0.007381980389367924,0.0019648531707303213,0.0019648531707303213,0,0,0,-1
gmsc,mlp,91,NumberOfTime60-89DaysPastDueNotWorse,relative_plus_10,0.1,0.0,0.1,0.025606851072255785,0.029192665657611545,0.00358581458535576,0.00358581458535576,0,0,0,-1
gmsc,mlp,92,NumberOfTime60-89DaysPastDueNotWorse,relative_plus_10,0.1,0.0,0.1,0.06791010130064887,0.09311084827681157,0.025200746976162702,0.025200746976162702,0,0,0,-1
gmsc,mlp,93,NumberOfTime60-89DaysPastDueNotWorse,relative_plus_10,0.1,0.0,0.1,0.012557321048589615,0.01576033052077498,0.003203009472185367,0.003203009472185367,0,0,0,-1
gmsc,mlp,94,NumberOfTime60-89DaysPastDueNotWorse,relative_plus_10,0.1,0.0,0.1,0.01479561435417343,0.0193434990789923,0.004547884724818868,0.004547884724818868,0,0,0,-1
gmsc,mlp,95,NumberOfTime60-89DaysPastDueNotWorse,relative_plus_10,0.1,0.0,0.1,0.02165723032387087,0.025921631048249967,0.004264400724379096,0.004264400724379096,0,0,0,-1
gmsc,mlp,96,NumberOfTime60-89DaysPastDueNotWorse,relative_plus_10,0.1,0.0,0.1,0.025618448582325936,0.0355846034619202,0.009966154879594267,0.009966154879594267,0,0,0,-1
gmsc,mlp,97,NumberOfTime60-89DaysPastDueNotWorse,relative_plus_10,0.1,0.0,0.1,0.017705870709505835,0.02222765406406235,0.004521783354556514,0.004521783354556514,0,0,0,-1
gmsc,mlp,98,NumberOfTime60-89DaysPastDueNotWorse,relative_plus_10,0.1,0.0,0.1,0.021717560701058864,0.02600553421842489,0.0042879735173660255,0.0042879735173660255,0,0,0,-1
gmsc,mlp,99,NumberOfTime60-89DaysPastDueNotWorse,relative_plus_10,0.1,1.0,1.1,0.2986561163043243,0.3124779251546323,0.013821808850307982,0.013821808850307982,0,0,0,-1
gmsc,mlp,0,NumberOfDependents,relative_minus_5,-0.05,0.0,0.05,0.02211686465599193,0.021619929210721766,-0.0004969354452701649,0.0004969354452701649,0,0,0,-1
gmsc,mlp,1,NumberOfDependents,relative_minus_5,-0.05,0.0,0.05,0.01569449495491033,0.01575639830674934,6.190335183900789e-05,6.190335183900789e-05,0,0,0,-1
gmsc,mlp,2,NumberOfDependents,relative_minus_5,-0.05,0.0,0.05,0.016575068310977385,0.016749710402400312,0.00017464209142292741,0.00017464209142292741,0,0,0,-1
gmsc,mlp,3,NumberOfDependents,relative_minus_5,-0.05,0.0,0.05,0.034126022539606525,0.03492109735090006,0.0007950748112935321,0.0007950748112935321,0,0,0,-1
gmsc,mlp,4,NumberOfDependents,relative_minus_5,-0.05,0.0,0.05,0.026106102898580053,0.026760536405362138,0.0006544335067820845,0.0006544335067820845,0,0,0,-1
gmsc,mlp,5,NumberOfDependents,relative_minus_5,-0.05,1.0,1.05,0.021830131699538843,0.021756505151840033,-7.362654769881016e-05,7.362654769881016e-05,0,0,0,-1
gmsc,mlp,6,NumberOfDependents,relative_minus_5,-0.05,1.0,1.05,0.03217662260521963,0.03214222027292123,-3.440233229839995e-05,3.440233229839995e-05,0,0,0,-1
gmsc,mlp,7,NumberOfDependents,relative_minus_5,-0.05,0.0,0.05,0.046315106403102796,0.045810512992452854,-0.0005045934106499422,0.0005045934106499422,0,0,0,-1
gmsc,mlp,8,NumberOfDependents,relative_minus_5,-0.05,0.0,0.05,0.05673708325740244,0.05675942244966008,2.2339192257636586e-05,2.2339192257636586e-05,0,0,0,-1
gmsc,mlp,9,NumberOfDependents,relative_minus_5,-0.05,0.0,0.05,0.07183380465082981,0.07250947090174305,0.00067566625091324,0.00067566625091324,0,0,0,-1
gmsc,mlp,10,NumberOfDependents,relative_minus_5,-0.05,0.0,0.05,0.029425463415082575,0.029557073696101516,0.0001316102810189415,0.0001316102810189415,0,0,0,-1
gmsc,mlp,11,NumberOfDependents,relative_minus_5,-0.05,2.0,2.1,0.012965465127209348,0.012580216102562757,-0.000385249024646591,0.000385249024646591,0,0,0,-1
gmsc,mlp,12,NumberOfDependents,relative_minus_5,-0.05,0.0,0.05,0.007076920292949544,0.0071944344476173655,0.00011751415466782107,0.00011751415466782107,0,0,0,-1
gmsc,mlp,13,NumberOfDependents,relative_minus_5,-0.05,0.0,0.05,0.35361463292929435,0.35487917602247765,0.0012645430931833013,0.0012645430931833013,0,0,0,-1
gmsc,mlp,14,NumberOfDependents,relative_minus_5,-0.05,3.0,3.15,0.03041379302018182,0.031663158558118694,0.0012493655379368744,0.0012493655379368744,0,0,0,-1
gmsc,mlp,15,NumberOfDependents,relative_minus_5,-0.05,3.0,3.15,0.028531846223265274,0.028387338823068438,-0.00014450740019683606,0.00014450740019683606,0,0,0,-1
gmsc,mlp,16,NumberOfDependents,relative_minus_5,-0.05,0.0,0.05,0.11002930362193034,0.11091359468250361,0.0008842910605732779,0.0008842910605732779,0,0,0,-1
gmsc,mlp,17,NumberOfDependents,relative_minus_5,-0.05,0.0,0.05,0.013790889882417817,0.013878179597438327,8.728971502051062e-05,8.728971502051062e-05,0,0,0,-1
gmsc,mlp,18,NumberOfDependents,relative_minus_5,-0.05,1.0,1.05,0.02753715371688414,0.027202140895272415,-0.0003350128216117257,0.0003350128216117257,0,0,0,-1
gmsc,mlp,19,NumberOfDependents,relative_minus_5,-0.05,0.0,0.05,0.052926506156008635,0.05225361990510163,-0.000672886250907008,0.000672886250907008,0,0,0,-1
gmsc,mlp,20,NumberOfDependents,relative_minus_5,-0.05,2.0,2.1,0.008830310596060332,0.00871813057296177,-0.00011218002309856291,0.00011218002309856291,0,0,0,-1
gmsc,mlp,21,NumberOfDependents,relative_minus_5,-0.05,0.0,0.05,0.014797349397540089,0.015115676350100539,0.00031832695256044964,0.00031832695256044964,0,0,0,-1
gmsc,mlp,22,NumberOfDependents,relative_minus_5,-0.05,0.0,0.05,0.04562370697875247,0.04528528441965703,-0.00033842255909543456,0.00033842255909543456,0,0,0,-1
gmsc,mlp,23,NumberOfDependents,relative_minus_5,-0.05,3.0,3.15,0.01573080665121102,0.015874916106741046,0.0001441094555300268,0.0001441094555300268,0,0,0,-1
gmsc,mlp,24,NumberOfDependents,relative_minus_5,-0.05,1.0,1.05,0.011506289508992087,0.011715744338218903,0.00020945482922681523,0.00020945482922681523,0,0,0,-1
gmsc,mlp,25,NumberOfDependents,relative_minus_5,-0.05,0.0,0.05,0.03731802443216143,0.0387159438296755,0.0013979193975140677,0.0013979193975140677,0,0,0,-1
gmsc,mlp,26,NumberOfDependents,relative_minus_5,-0.05,0.0,0.05,0.029333059161415907,0.02956160076480849,0.00022854160339258467,0.00022854160339258467,0,0,0,-1
gmsc,mlp,27,NumberOfDependents,relative_minus_5,-0.05,0.0,0.05,0.035095010256273325,0.03592140991345795,0.0008263996571846247,0.0008263996571846247,0,0,0,-1
gmsc,mlp,28,NumberOfDependents,relative_minus_5,-0.05,2.0,2.1,0.09263198005026192,0.09193796044608407,-0.0006940196041778507,0.0006940196041778507,0,0,0,-1
gmsc,mlp,29,NumberOfDependents,relative_minus_5,-0.05,0.0,0.05,0.006344097366443652,0.006219753391265863,-0.00012434397517778906,0.00012434397517778906,0,0,0,-1
gmsc,mlp,30,NumberOfDependents,relative_minus_5,-0.05,0.0,0.05,0.046242861401163154,0.04685610089091578,0.0006132394897526289,0.0006132394897526289,0,0,0,-1
gmsc,mlp,31,NumberOfDependents,relative_minus_5,-0.05,2.0,2.1,0.0255021185573372,0.02520709914360496,-0.00029501941373223997,0.00029501941373223997,0,0,0,-1
gmsc,mlp,32,NumberOfDependents,relative_minus_5,-0.05,0.0,0.05,0.026376707227492684,0.027681616977342817,0.0013049097498501333,0.0013049097498501333,0,0,0,-1
gmsc,mlp,33,NumberOfDependents,relative_minus_5,-0.05,0.0,0.05,0.015498282720832536,0.015961016018822865,0.0004627332979903285,0.0004627332979903285,0,0,0,-1
gmsc,mlp,34,NumberOfDependents,relative_minus_5,-0.05,0.0,0.05,0.08535157193754099,0.08621288087915437,0.0008613089416133757,0.0008613089416133757,0,0,0,-1
gmsc,mlp,35,NumberOfDependents,relative_minus_5,-0.05,0.0,0.05,0.19910001606794017,0.1978341412070786,-0.0012658748608615766,0.0012658748608615766,0,0,0,-1
gmsc,mlp,36,NumberOfDependents,relative_minus_5,-0.05,0.0,0.05,0.010761647197797914,0.010628797494640449,-0.0001328497031574654,0.0001328497031574654,0,0,0,-1
gmsc,mlp,37,NumberOfDependents,relative_minus_5,-0.05,0.0,0.05,0.01757909301258303,0.017824047786409263,0.00024495477382623435,0.00024495477382623435,0,0,0,-1
gmsc,mlp,38,NumberOfDependents,relative_minus_5,-0.05,0.0,0.05,0.009145988810159647,0.009027746861900431,-0.00011824194825921577,0.00011824194825921577,0,0,0,-1
gmsc,mlp,39,NumberOfDependents,relative_minus_5,-0.05,3.0,3.15,0.051173952814171794,0.05120595487433466,3.2002060162864e-05,3.2002060162864e-05,0,0,0,-1
gmsc,mlp,40,NumberOfDependents,relative_minus_5,-0.05,3.0,3.15,0.022676366611436422,0.02299832157192906,0.0003219549604926361,0.0003219549604926361,0,0,0,-1
gmsc,mlp,41,NumberOfDependents,relative_minus_5,-0.05,0.0,0.05,0.04009590259851887,0.040493466944303315,0.00039756434578444577,0.00039756434578444577,0,0,0,-1
gmsc,mlp,42,NumberOfDependents,relative_minus_5,-0.05,0.0,0.05,0.02298812229422112,0.023082292733033215,9.417043881209536e-05,9.417043881209536e-05,0,0,0,-1
gmsc,mlp,43,NumberOfDependents,relative_minus_5,-0.05,0.0,0.05,0.04219806536296886,0.04386792273570737,0.0016698573727385035,0.0016698573727385035,0,0,0,-1
gmsc,mlp,44,NumberOfDependents,relative_minus_5,-0.05,2.0,2.1,0.01680383752969732,0.016539537934529235,-0.00026429959516808404,0.00026429959516808404,0,0,0,-1
gmsc,mlp,45,NumberOfDependents,relative_minus_5,-0.05,0.0,0.05,0.0359226511464687,0.036978105572598965,0.0010554544261302673,0.0010554544261302673,0,0,0,-1
gmsc,mlp,46,NumberOfDependents,relative_minus_5,-0.05,0.0,0.05,0.008419834692001592,0.008348746889218382,-7.108780278321063e-05,7.108780278321063e-05,0,0,0,-1
gmsc,mlp,47,NumberOfDependents,relative_minus_5,-0.05,0.0,0.05,0.01526822945269322,0.015391834593805168,0.0001236051411119491,0.0001236051411119491,0,0,0,-1
gmsc,mlp,48,NumberOfDependents,relative_minus_5,-0.05,0.0,0.05,0.011940522095800142,0.012145273142323285,0.00020475104652314252,0.00020475104652314252,0,0,0,-1
gmsc,mlp,49,NumberOfDependents,relative_minus_5,-0.05,0.0,0.05,0.029003393714220643,0.02888661692333762,-0.00011677679088302473,0.00011677679088302473,0,0,0,-1
gmsc,mlp,50,NumberOfDependents,relative_minus_5,-0.05,0.0,0.05,0.03157652357546811,0.03286819621571455,0.0012916726402464399,0.0012916726402464399,0,0,0,-1
gmsc,mlp,51,NumberOfDependents,relative_minus_5,-0.05,0.0,0.05,0.016133909190219866,0.016710583739143067,0.0005766745489232013,0.0005766745489232013,0,0,0,-1
gmsc,mlp,52,NumberOfDependents,relative_minus_5,-0.05,0.0,0.05,0.008942513898120756,0.009107731879194905,0.0001652179810741495,0.0001652179810741495,0,0,0,-1
gmsc,mlp,53,NumberOfDependents,relative_minus_5,-0.05,0.0,0.05,0.29379437931569313,0.29802575132357734,0.004231372007884204,0.004231372007884204,0,0,0,-1
gmsc,mlp,54,NumberOfDependents,relative_minus_5,-0.05,0.0,0.05,0.3498543595427822,0.35542159947883756,0.005567239936055346,0.005567239936055346,0,0,0,-1
gmsc,mlp,55,NumberOfDependents,relative_minus_5,-0.05,0.0,0.05,0.007600943545173095,0.00774183942409121,0.00014089587891811563,0.00014089587891811563,0,0,0,-1
gmsc,mlp,56,NumberOfDependents,relative_minus_5,-0.05,0.0,0.05,0.025320893704546973,0.02536998053146896,4.9086826921986015e-05,4.9086826921986015e-05,0,0,0,-1
gmsc,mlp,57,NumberOfDependents,relative_minus_5,-0.05,0.0,0.05,0.05069033380470405,0.05271749795572842,0.0020271641510243715,0.0020271641510243715,0,0,0,-1
gmsc,mlp,58,NumberOfDependents,relative_minus_5,-0.05,0.0,0.05,0.16009590625064055,0.16050871006213888,0.0004128038114983301,0.0004128038114983301,0,0,0,-1
gmsc,mlp,59,NumberOfDependents,relative_minus_5,-0.05,1.0,1.05,0.025457114256866867,0.024967301170296663,-0.0004898130865702045,0.0004898130865702045,0,0,0,-1
gmsc,mlp,60,NumberOfDependents,relative_minus_5,-0.05,2.0,2.1,0.037076780618332694,0.03722940966971123,0.00015262905137853472,0.00015262905137853472,0,0,0,-1
gmsc,mlp,61,NumberOfDependents,relative_minus_5,-0.05,1.0,1.05,0.04860926951599663,0.04835318432684169,-0.0002560851891549379,0.0002560851891549379,0,0,0,-1
gmsc,mlp,62,NumberOfDependents,relative_minus_5,-0.05,0.0,0.05,0.022160573410907457,0.022150994903745936,-9.578507161520783e-06,9.578507161520783e-06,0,0,0,-1
gmsc,mlp,63,NumberOfDependents,relative_minus_5,-0.05,2.0,2.1,0.010545360475655359,0.010446565212409066,-9.87952632462933e-05,9.87952632462933e-05,0,0,0,-1
gmsc,mlp,64,NumberOfDependents,relative_minus_5,-0.05,0.0,0.05,0.05188426446215026,0.05218178962595499,0.0002975251638047266,0.0002975251638047266,0,0,0,-1
gmsc,mlp,65,NumberOfDependents,relative_minus_5,-0.05,3.0,3.15,0.19320558451418393,0.19599686121872215,0.0027912767045382147,0.0027912767045382147,0,0,0,-1
gmsc,mlp,66,NumberOfDependents,relative_minus_5,-0.05,0.0,0.05,0.017380461870616856,0.017554376871122584,0.00017391500050572758,0.00017391500050572758,0,0,0,-1
gmsc,mlp,67,NumberOfDependents,relative_minus_5,-0.05,3.0,3.15,0.045289289381342065,0.046447172911786024,0.001157883530443958,0.001157883530443958,0,0,0,-1
gmsc,mlp,68,NumberOfDependents,relative_minus_5,-0.05,2.0,2.1,0.012814695328681581,0.012627026658688985,-0.00018766866999259633,0.00018766866999259633,0,0,0,-1
gmsc,mlp,69,NumberOfDependents,relative_minus_5,-0.05,2.0,2.1,0.09362660727989738,0.09437279278577068,0.000746185505873298,0.000746185505873298,0,0,0,-1
gmsc,mlp,70,NumberOfDependents,relative_minus_5,-0.05,0.0,0.05,0.09827269814207695,0.09864003970119191,0.0003673415591149559,0.0003673415591149559,0,0,0,-1
gmsc,mlp,71,NumberOfDependents,relative_minus_5,-0.05,4.0,4.2,0.07244781616495638,0.07180178684015993,-0.000646029324796446,0.000646029324796446,0,0,0,-1
gmsc,mlp,72,NumberOfDependents,relative_minus_5,-0.05,0.0,0.05,0.03217968676284227,0.03300428891163334,0.0008246021487910704,0.0008246021487910704,0,0,0,-1
gmsc,mlp,73,NumberOfDependents,relative_minus_5,-0.05,0.0,0.05,0.044640504763767554,0.04501274029693525,0.00037223553316769603,0.00037223553316769603,0,0,0,-1
gmsc,mlp,74,NumberOfDependents,relative_minus_5,-0.05,0.0,0.05,0.03482378444402007,0.03595978105759587,0.0011359966135758015,0.0011359966135758015,0,0,0,-1
gmsc,mlp,75,NumberOfDependents,relative_minus_5,-0.05,0.0,0.05,0.04920214568663398,0.05058316459582692,0.001381018909192941,0.001381018909192941,0,0,0,-1
gmsc,mlp,76,NumberOfDependents,relative_minus_5,-0.05,1.0,1.05,0.02205212445347039,0.021707767451287552,-0.00034435700218283724,0.00034435700218283724,0,0,0,-1
gmsc,mlp,77,NumberOfDependents,relative_minus_5,-0.05,0.0,0.05,0.009856180676789783,0.009689895603003382,-0.000166285073786401,0.000166285073786401,0,0,0,-1
gmsc,mlp,78,NumberOfDependents,relative_minus_5,-0.05,0.0,0.05,0.010129649250511236,0.01028335445796688,0.00015370520745564345,0.00015370520745564345,0,0,0,-1
gmsc,mlp,79,NumberOfDependents,relative_minus_5,-0.05,0.0,0.05,0.025575449411528527,0.026130117481881047,0.0005546680703525202,0.0005546680703525202,0,0,0,-1
gmsc,mlp,80,NumberOfDependents,relative_minus_5,-0.05,0.0,0.05,0.005666248820127979,0.0057936716786130054,0.00012742285848502642,0.00012742285848502642,0,0,0,-1
gmsc,mlp,81,NumberOfDependents,relative_minus_5,-0.05,0.0,0.05,0.04332063353337088,0.04363908675844781,0.0003184532250769326,0.0003184532250769326,0,0,0,-1
gmsc,mlp,82,NumberOfDependents,relative_minus_5,-0.05,0.0,0.05,0.01937427089536237,0.019778981269093925,0.0004047103737315552,0.0004047103737315552,0,0,0,-1
gmsc,mlp,83,NumberOfDependents,relative_minus_5,-0.05,1.0,1.05,0.014956252536287561,0.01476628293219225,-0.00018996960409531014,0.00018996960409531014,0,0,0,-1
gmsc,mlp,84,NumberOfDependents,relative_minus_5,-0.05,3.0,3.15,0.034404191335380946,0.033584255743605594,-0.0008199355917753517,0.0008199355917753517,0,0,0,-1
gmsc,mlp,85,NumberOfDependents,relative_minus_5,-0.05,0.0,0.05,0.016073637508889543,0.015975214930764994,-9.842257812454902e-05,9.842257812454902e-05,0,0,0,-1
gmsc,mlp,86,NumberOfDependents,relative_minus_5,-0.05,0.0,0.05,0.03951246267546877,0.040552914123676086,0.0010404514482073163,0.0010404514482073163,0,0,0,-1
gmsc,mlp,87,NumberOfDependents,relative_minus_5,-0.05,0.0,0.05,0.023170727869934838,0.023636873988945224,0.0004661461190103855,0.0004661461190103855,0,0,0,-1
gmsc,mlp,88,NumberOfDependents,relative_minus_5,-0.05,0.0,0.05,0.014049767208401245,0.014342329991294846,0.0002925627828936003,0.0002925627828936003,0,0,0,-1
gmsc,mlp,89,NumberOfDependents,relative_minus_5,-0.05,2.0,2.1,0.031436900478850546,0.031500834142512785,6.39336636622384e-05,6.39336636622384e-05,0,0,0,-1
gmsc,mlp,90,NumberOfDependents,relative_minus_5,-0.05,0.0,0.05,0.005417127218637603,0.005473256493380009,5.612927474240616e-05,5.612927474240616e-05,0,0,0,-1
gmsc,mlp,91,NumberOfDependents,relative_minus_5,-0.05,1.0,1.05,0.025606851072255785,0.02517940146869602,-0.00042744960355976455,0.00042744960355976455,0,0,0,-1
gmsc,mlp,92,NumberOfDependents,relative_minus_5,-0.05,0.0,0.05,0.06791010130064887,0.06905973161320354,0.0011496303125546753,0.0011496303125546753,0,0,0,-1
gmsc,mlp,93,NumberOfDependents,relative_minus_5,-0.05,1.0,1.05,0.012557321048589615,0.01254518952767832,-1.2131520911295296e-05,1.2131520911295296e-05,0,0,0,-1
gmsc,mlp,94,NumberOfDependents,relative_minus_5,-0.05,0.0,0.05,0.01479561435417343,0.014607575527174557,-0.00018803882699887364,0.00018803882699887364,0,0,0,-1
gmsc,mlp,95,NumberOfDependents,relative_minus_5,-0.05,2.0,2.1,0.02165723032387087,0.02185809491895974,0.00020086459508886906,0.00020086459508886906,0,0,0,-1
gmsc,mlp,96,NumberOfDependents,relative_minus_5,-0.05,0.0,0.05,0.025618448582325936,0.025126204347398953,-0.0004922442349269834,0.0004922442349269834,0,0,0,-1
gmsc,mlp,97,NumberOfDependents,relative_minus_5,-0.05,0.0,0.05,0.017705870709505835,0.01783848244120583,0.00013261173169999696,0.00013261173169999696,0,0,0,-1
gmsc,mlp,98,NumberOfDependents,relative_minus_5,-0.05,4.0,4.2,0.021717560701058864,0.021551470586731424,-0.00016609011432744056,0.00016609011432744056,0,0,0,-1
gmsc,mlp,99,NumberOfDependents,relative_minus_5,-0.05,0.0,0.05,0.2986561163043243,0.29502239063937713,-0.003633725664947185,0.003633725664947185,0,0,0,-1
gmsc,mlp,0,NumberOfDependents,relative_plus_5,0.05,0.0,0.05,0.02211686465599193,0.021619929210721766,-0.0004969354452701649,0.0004969354452701649,0,0,0,-1
gmsc,mlp,1,NumberOfDependents,relative_plus_5,0.05,0.0,0.05,0.01569449495491033,0.01575639830674934,6.190335183900789e-05,6.190335183900789e-05,0,0,0,-1
gmsc,mlp,2,NumberOfDependents,relative_plus_5,0.05,0.0,0.05,0.016575068310977385,0.016749710402400312,0.00017464209142292741,0.00017464209142292741,0,0,0,-1
gmsc,mlp,3,NumberOfDependents,relative_plus_5,0.05,0.0,0.05,0.034126022539606525,0.03492109735090006,0.0007950748112935321,0.0007950748112935321,0,0,0,-1
gmsc,mlp,4,NumberOfDependents,relative_plus_5,0.05,0.0,0.05,0.026106102898580053,0.026760536405362138,0.0006544335067820845,0.0006544335067820845,0,0,0,-1
gmsc,mlp,5,NumberOfDependents,relative_plus_5,0.05,1.0,1.05,0.021830131699538843,0.021756505151840033,-7.362654769881016e-05,7.362654769881016e-05,0,0,0,-1
gmsc,mlp,6,NumberOfDependents,relative_plus_5,0.05,1.0,1.05,0.03217662260521963,0.03214222027292123,-3.440233229839995e-05,3.440233229839995e-05,0,0,0,-1
gmsc,mlp,7,NumberOfDependents,relative_plus_5,0.05,0.0,0.05,0.046315106403102796,0.045810512992452854,-0.0005045934106499422,0.0005045934106499422,0,0,0,-1
gmsc,mlp,8,NumberOfDependents,relative_plus_5,0.05,0.0,0.05,0.05673708325740244,0.05675942244966008,2.2339192257636586e-05,2.2339192257636586e-05,0,0,0,-1
gmsc,mlp,9,NumberOfDependents,relative_plus_5,0.05,0.0,0.05,0.07183380465082981,0.07250947090174305,0.00067566625091324,0.00067566625091324,0,0,0,-1
gmsc,mlp,10,NumberOfDependents,relative_plus_5,0.05,0.0,0.05,0.029425463415082575,0.029557073696101516,0.0001316102810189415,0.0001316102810189415,0,0,0,-1
gmsc,mlp,11,NumberOfDependents,relative_plus_5,0.05,2.0,2.1,0.012965465127209348,0.012580216102562757,-0.000385249024646591,0.000385249024646591,0,0,0,-1
gmsc,mlp,12,NumberOfDependents,relative_plus_5,0.05,0.0,0.05,0.007076920292949544,0.0071944344476173655,0.00011751415466782107,0.00011751415466782107,0,0,0,-1
gmsc,mlp,13,NumberOfDependents,relative_plus_5,0.05,0.0,0.05,0.35361463292929435,0.35487917602247765,0.0012645430931833013,0.0012645430931833013,0,0,0,-1
gmsc,mlp,14,NumberOfDependents,relative_plus_5,0.05,3.0,3.15,0.03041379302018182,0.031663158558118694,0.0012493655379368744,0.0012493655379368744,0,0,0,-1
gmsc,mlp,15,NumberOfDependents,relative_plus_5,0.05,3.0,3.15,0.028531846223265274,0.028387338823068438,-0.00014450740019683606,0.00014450740019683606,0,0,0,-1
gmsc,mlp,16,NumberOfDependents,relative_plus_5,0.05,0.0,0.05,0.11002930362193034,0.11091359468250361,0.0008842910605732779,0.0008842910605732779,0,0,0,-1
gmsc,mlp,17,NumberOfDependents,relative_plus_5,0.05,0.0,0.05,0.013790889882417817,0.013878179597438327,8.728971502051062e-05,8.728971502051062e-05,0,0,0,-1
gmsc,mlp,18,NumberOfDependents,relative_plus_5,0.05,1.0,1.05,0.02753715371688414,0.027202140895272415,-0.0003350128216117257,0.0003350128216117257,0,0,0,-1
gmsc,mlp,19,NumberOfDependents,relative_plus_5,0.05,0.0,0.05,0.052926506156008635,0.05225361990510163,-0.000672886250907008,0.000672886250907008,0,0,0,-1
gmsc,mlp,20,NumberOfDependents,relative_plus_5,0.05,2.0,2.1,0.008830310596060332,0.00871813057296177,-0.00011218002309856291,0.00011218002309856291,0,0,0,-1
gmsc,mlp,21,NumberOfDependents,relative_plus_5,0.05,0.0,0.05,0.014797349397540089,0.015115676350100539,0.00031832695256044964,0.00031832695256044964,0,0,0,-1
gmsc,mlp,22,NumberOfDependents,relative_plus_5,0.05,0.0,0.05,0.04562370697875247,0.04528528441965703,-0.00033842255909543456,0.00033842255909543456,0,0,0,-1
gmsc,mlp,23,NumberOfDependents,relative_plus_5,0.05,3.0,3.15,0.01573080665121102,0.015874916106741046,0.0001441094555300268,0.0001441094555300268,0,0,0,-1
gmsc,mlp,24,NumberOfDependents,relative_plus_5,0.05,1.0,1.05,0.011506289508992087,0.011715744338218903,0.00020945482922681523,0.00020945482922681523,0,0,0,-1
gmsc,mlp,25,NumberOfDependents,relative_plus_5,0.05,0.0,0.05,0.03731802443216143,0.0387159438296755,0.0013979193975140677,0.0013979193975140677,0,0,0,-1
gmsc,mlp,26,NumberOfDependents,relative_plus_5,0.05,0.0,0.05,0.029333059161415907,0.02956160076480849,0.00022854160339258467,0.00022854160339258467,0,0,0,-1
gmsc,mlp,27,NumberOfDependents,relative_plus_5,0.05,0.0,0.05,0.035095010256273325,0.03592140991345795,0.0008263996571846247,0.0008263996571846247,0,0,0,-1
gmsc,mlp,28,NumberOfDependents,relative_plus_5,0.05,2.0,2.1,0.09263198005026192,0.09193796044608407,-0.0006940196041778507,0.0006940196041778507,0,0,0,-1
gmsc,mlp,29,NumberOfDependents,relative_plus_5,0.05,0.0,0.05,0.006344097366443652,0.006219753391265863,-0.00012434397517778906,0.00012434397517778906,0,0,0,-1
gmsc,mlp,30,NumberOfDependents,relative_plus_5,0.05,0.0,0.05,0.046242861401163154,0.04685610089091578,0.0006132394897526289,0.0006132394897526289,0,0,0,-1
gmsc,mlp,31,NumberOfDependents,relative_plus_5,0.05,2.0,2.1,0.0255021185573372,0.02520709914360496,-0.00029501941373223997,0.00029501941373223997,0,0,0,-1
gmsc,mlp,32,NumberOfDependents,relative_plus_5,0.05,0.0,0.05,0.026376707227492684,0.027681616977342817,0.0013049097498501333,0.0013049097498501333,0,0,0,-1
gmsc,mlp,33,NumberOfDependents,relative_plus_5,0.05,0.0,0.05,0.015498282720832536,0.015961016018822865,0.0004627332979903285,0.0004627332979903285,0,0,0,-1
gmsc,mlp,34,NumberOfDependents,relative_plus_5,0.05,0.0,0.05,0.08535157193754099,0.08621288087915437,0.0008613089416133757,0.0008613089416133757,0,0,0,-1
gmsc,mlp,35,NumberOfDependents,relative_plus_5,0.05,0.0,0.05,0.19910001606794017,0.1978341412070786,-0.0012658748608615766,0.0012658748608615766,0,0,0,-1
gmsc,mlp,36,NumberOfDependents,relative_plus_5,0.05,0.0,0.05,0.010761647197797914,0.010628797494640449,-0.0001328497031574654,0.0001328497031574654,0,0,0,-1
gmsc,mlp,37,NumberOfDependents,relative_plus_5,0.05,0.0,0.05,0.01757909301258303,0.017824047786409263,0.00024495477382623435,0.00024495477382623435,0,0,0,-1
gmsc,mlp,38,NumberOfDependents,relative_plus_5,0.05,0.0,0.05,0.009145988810159647,0.009027746861900431,-0.00011824194825921577,0.00011824194825921577,0,0,0,-1
gmsc,mlp,39,NumberOfDependents,relative_plus_5,0.05,3.0,3.15,0.051173952814171794,0.05120595487433466,3.2002060162864e-05,3.2002060162864e-05,0,0,0,-1
gmsc,mlp,40,NumberOfDependents,relative_plus_5,0.05,3.0,3.15,0.022676366611436422,0.02299832157192906,0.0003219549604926361,0.0003219549604926361,0,0,0,-1
gmsc,mlp,41,NumberOfDependents,relative_plus_5,0.05,0.0,0.05,0.04009590259851887,0.040493466944303315,0.00039756434578444577,0.00039756434578444577,0,0,0,-1
gmsc,mlp,42,NumberOfDependents,relative_plus_5,0.05,0.0,0.05,0.02298812229422112,0.023082292733033215,9.417043881209536e-05,9.417043881209536e-05,0,0,0,-1
gmsc,mlp,43,NumberOfDependents,relative_plus_5,0.05,0.0,0.05,0.04219806536296886,0.04386792273570737,0.0016698573727385035,0.0016698573727385035,0,0,0,-1
gmsc,mlp,44,NumberOfDependents,relative_plus_5,0.05,2.0,2.1,0.01680383752969732,0.016539537934529235,-0.00026429959516808404,0.00026429959516808404,0,0,0,-1
gmsc,mlp,45,NumberOfDependents,relative_plus_5,0.05,0.0,0.05,0.0359226511464687,0.036978105572598965,0.0010554544261302673,0.0010554544261302673,0,0,0,-1
gmsc,mlp,46,NumberOfDependents,relative_plus_5,0.05,0.0,0.05,0.008419834692001592,0.008348746889218382,-7.108780278321063e-05,7.108780278321063e-05,0,0,0,-1
gmsc,mlp,47,NumberOfDependents,relative_plus_5,0.05,0.0,0.05,0.01526822945269322,0.015391834593805168,0.0001236051411119491,0.0001236051411119491,0,0,0,-1
gmsc,mlp,48,NumberOfDependents,relative_plus_5,0.05,0.0,0.05,0.011940522095800142,0.012145273142323285,0.00020475104652314252,0.00020475104652314252,0,0,0,-1
gmsc,mlp,49,NumberOfDependents,relative_plus_5,0.05,0.0,0.05,0.029003393714220643,0.02888661692333762,-0.00011677679088302473,0.00011677679088302473,0,0,0,-1
gmsc,mlp,50,NumberOfDependents,relative_plus_5,0.05,0.0,0.05,0.03157652357546811,0.03286819621571455,0.0012916726402464399,0.0012916726402464399,0,0,0,-1
gmsc,mlp,51,NumberOfDependents,relative_plus_5,0.05,0.0,0.05,0.016133909190219866,0.016710583739143067,0.0005766745489232013,0.0005766745489232013,0,0,0,-1
gmsc,mlp,52,NumberOfDependents,relative_plus_5,0.05,0.0,0.05,0.008942513898120756,0.009107731879194905,0.0001652179810741495,0.0001652179810741495,0,0,0,-1
gmsc,mlp,53,NumberOfDependents,relative_plus_5,0.05,0.0,0.05,0.29379437931569313,0.29802575132357734,0.004231372007884204,0.004231372007884204,0,0,0,-1
gmsc,mlp,54,NumberOfDependents,relative_plus_5,0.05,0.0,0.05,0.3498543595427822,0.35542159947883756,0.005567239936055346,0.005567239936055346,0,0,0,-1
gmsc,mlp,55,NumberOfDependents,relative_plus_5,0.05,0.0,0.05,0.007600943545173095,0.00774183942409121,0.00014089587891811563,0.00014089587891811563,0,0,0,-1
gmsc,mlp,56,NumberOfDependents,relative_plus_5,0.05,0.0,0.05,0.025320893704546973,0.02536998053146896,4.9086826921986015e-05,4.9086826921986015e-05,0,0,0,-1
gmsc,mlp,57,NumberOfDependents,relative_plus_5,0.05,0.0,0.05,0.05069033380470405,0.05271749795572842,0.0020271641510243715,0.0020271641510243715,0,0,0,-1
gmsc,mlp,58,NumberOfDependents,relative_plus_5,0.05,0.0,0.05,0.16009590625064055,0.16050871006213888,0.0004128038114983301,0.0004128038114983301,0,0,0,-1
gmsc,mlp,59,NumberOfDependents,relative_plus_5,0.05,1.0,1.05,0.025457114256866867,0.024967301170296663,-0.0004898130865702045,0.0004898130865702045,0,0,0,-1
gmsc,mlp,60,NumberOfDependents,relative_plus_5,0.05,2.0,2.1,0.037076780618332694,0.03722940966971123,0.00015262905137853472,0.00015262905137853472,0,0,0,-1
gmsc,mlp,61,NumberOfDependents,relative_plus_5,0.05,1.0,1.05,0.04860926951599663,0.04835318432684169,-0.0002560851891549379,0.0002560851891549379,0,0,0,-1
gmsc,mlp,62,NumberOfDependents,relative_plus_5,0.05,0.0,0.05,0.022160573410907457,0.022150994903745936,-9.578507161520783e-06,9.578507161520783e-06,0,0,0,-1
gmsc,mlp,63,NumberOfDependents,relative_plus_5,0.05,2.0,2.1,0.010545360475655359,0.010446565212409066,-9.87952632462933e-05,9.87952632462933e-05,0,0,0,-1
gmsc,mlp,64,NumberOfDependents,relative_plus_5,0.05,0.0,0.05,0.05188426446215026,0.05218178962595499,0.0002975251638047266,0.0002975251638047266,0,0,0,-1
gmsc,mlp,65,NumberOfDependents,relative_plus_5,0.05,3.0,3.15,0.19320558451418393,0.19599686121872215,0.0027912767045382147,0.0027912767045382147,0,0,0,-1
gmsc,mlp,66,NumberOfDependents,relative_plus_5,0.05,0.0,0.05,0.017380461870616856,0.017554376871122584,0.00017391500050572758,0.00017391500050572758,0,0,0,-1
gmsc,mlp,67,NumberOfDependents,relative_plus_5,0.05,3.0,3.15,0.045289289381342065,0.046447172911786024,0.001157883530443958,0.001157883530443958,0,0,0,-1
gmsc,mlp,68,NumberOfDependents,relative_plus_5,0.05,2.0,2.1,0.012814695328681581,0.012627026658688985,-0.00018766866999259633,0.00018766866999259633,0,0,0,-1
gmsc,mlp,69,NumberOfDependents,relative_plus_5,0.05,2.0,2.1,0.09362660727989738,0.09437279278577068,0.000746185505873298,0.000746185505873298,0,0,0,-1
gmsc,mlp,70,NumberOfDependents,relative_plus_5,0.05,0.0,0.05,0.09827269814207695,0.09864003970119191,0.0003673415591149559,0.0003673415591149559,0,0,0,-1
gmsc,mlp,71,NumberOfDependents,relative_plus_5,0.05,4.0,4.2,0.07244781616495638,0.07180178684015993,-0.000646029324796446,0.000646029324796446,0,0,0,-1
gmsc,mlp,72,NumberOfDependents,relative_plus_5,0.05,0.0,0.05,0.03217968676284227,0.03300428891163334,0.0008246021487910704,0.0008246021487910704,0,0,0,-1
gmsc,mlp,73,NumberOfDependents,relative_plus_5,0.05,0.0,0.05,0.044640504763767554,0.04501274029693525,0.00037223553316769603,0.00037223553316769603,0,0,0,-1
gmsc,mlp,74,NumberOfDependents,relative_plus_5,0.05,0.0,0.05,0.03482378444402007,0.03595978105759587,0.0011359966135758015,0.0011359966135758015,0,0,0,-1
gmsc,mlp,75,NumberOfDependents,relative_plus_5,0.05,0.0,0.05,0.04920214568663398,0.05058316459582692,0.001381018909192941,0.001381018909192941,0,0,0,-1
gmsc,mlp,76,NumberOfDependents,relative_plus_5,0.05,1.0,1.05,0.02205212445347039,0.021707767451287552,-0.00034435700218283724,0.00034435700218283724,0,0,0,-1
gmsc,mlp,77,NumberOfDependents,relative_plus_5,0.05,0.0,0.05,0.009856180676789783,0.009689895603003382,-0.000166285073786401,0.000166285073786401,0,0,0,-1
gmsc,mlp,78,NumberOfDependents,relative_plus_5,0.05,0.0,0.05,0.010129649250511236,0.01028335445796688,0.00015370520745564345,0.00015370520745564345,0,0,0,-1
gmsc,mlp,79,NumberOfDependents,relative_plus_5,0.05,0.0,0.05,0.025575449411528527,0.026130117481881047,0.0005546680703525202,0.0005546680703525202,0,0,0,-1
gmsc,mlp,80,NumberOfDependents,relative_plus_5,0.05,0.0,0.05,0.005666248820127979,0.0057936716786130054,0.00012742285848502642,0.00012742285848502642,0,0,0,-1
gmsc,mlp,81,NumberOfDependents,relative_plus_5,0.05,0.0,0.05,0.04332063353337088,0.04363908675844781,0.0003184532250769326,0.0003184532250769326,0,0,0,-1
gmsc,mlp,82,NumberOfDependents,relative_plus_5,0.05,0.0,0.05,0.01937427089536237,0.019778981269093925,0.0004047103737315552,0.0004047103737315552,0,0,0,-1
gmsc,mlp,83,NumberOfDependents,relative_plus_5,0.05,1.0,1.05,0.014956252536287561,0.01476628293219225,-0.00018996960409531014,0.00018996960409531014,0,0,0,-1
gmsc,mlp,84,NumberOfDependents,relative_plus_5,0.05,3.0,3.15,0.034404191335380946,0.033584255743605594,-0.0008199355917753517,0.0008199355917753517,0,0,0,-1
gmsc,mlp,85,NumberOfDependents,relative_plus_5,0.05,0.0,0.05,0.016073637508889543,0.015975214930764994,-9.842257812454902e-05,9.842257812454902e-05,0,0,0,-1
gmsc,mlp,86,NumberOfDependents,relative_plus_5,0.05,0.0,0.05,0.03951246267546877,0.040552914123676086,0.0010404514482073163,0.0010404514482073163,0,0,0,-1
gmsc,mlp,87,NumberOfDependents,relative_plus_5,0.05,0.0,0.05,0.023170727869934838,0.023636873988945224,0.0004661461190103855,0.0004661461190103855,0,0,0,-1
gmsc,mlp,88,NumberOfDependents,relative_plus_5,0.05,0.0,0.05,0.014049767208401245,0.014342329991294846,0.0002925627828936003,0.0002925627828936003,0,0,0,-1
gmsc,mlp,89,NumberOfDependents,relative_plus_5,0.05,2.0,2.1,0.031436900478850546,0.031500834142512785,6.39336636622384e-05,6.39336636622384e-05,0,0,0,-1
gmsc,mlp,90,NumberOfDependents,relative_plus_5,0.05,0.0,0.05,0.005417127218637603,0.005473256493380009,5.612927474240616e-05,5.612927474240616e-05,0,0,0,-1
gmsc,mlp,91,NumberOfDependents,relative_plus_5,0.05,1.0,1.05,0.025606851072255785,0.02517940146869602,-0.00042744960355976455,0.00042744960355976455,0,0,0,-1
gmsc,mlp,92,NumberOfDependents,relative_plus_5,0.05,0.0,0.05,0.06791010130064887,0.06905973161320354,0.0011496303125546753,0.0011496303125546753,0,0,0,-1
gmsc,mlp,93,NumberOfDependents,relative_plus_5,0.05,1.0,1.05,0.012557321048589615,0.01254518952767832,-1.2131520911295296e-05,1.2131520911295296e-05,0,0,0,-1
gmsc,mlp,94,NumberOfDependents,relative_plus_5,0.05,0.0,0.05,0.01479561435417343,0.014607575527174557,-0.00018803882699887364,0.00018803882699887364,0,0,0,-1
gmsc,mlp,95,NumberOfDependents,relative_plus_5,0.05,2.0,2.1,0.02165723032387087,0.02185809491895974,0.00020086459508886906,0.00020086459508886906,0,0,0,-1
gmsc,mlp,96,NumberOfDependents,relative_plus_5,0.05,0.0,0.05,0.025618448582325936,0.025126204347398953,-0.0004922442349269834,0.0004922442349269834,0,0,0,-1
gmsc,mlp,97,NumberOfDependents,relative_plus_5,0.05,0.0,0.05,0.017705870709505835,0.01783848244120583,0.00013261173169999696,0.00013261173169999696,0,0,0,-1
gmsc,mlp,98,NumberOfDependents,relative_plus_5,0.05,4.0,4.2,0.021717560701058864,0.021551470586731424,-0.00016609011432744056,0.00016609011432744056,0,0,0,-1
gmsc,mlp,99,NumberOfDependents,relative_plus_5,0.05,0.0,0.05,0.2986561163043243,0.29502239063937713,-0.003633725664947185,0.003633725664947185,0,0,0,-1
gmsc,mlp,0,NumberOfDependents,relative_minus_10,-0.1,0.0,0.1,0.02211686465599193,0.021133917912795647,-0.0009829467431962842,0.0009829467431962842,0,0,0,-1
gmsc,mlp,1,NumberOfDependents,relative_minus_10,-0.1,0.0,0.1,0.01569449495491033,0.01574800346553365,5.3508510623318656e-05,5.3508510623318656e-05,0,0,0,-1
gmsc,mlp,2,NumberOfDependents,relative_minus_10,-0.1,0.0,0.1,0.016575068310977385,0.016926930984205547,0.0003518626732281621,0.0003518626732281621,0,0,0,-1
gmsc,mlp,3,NumberOfDependents,relative_minus_10,-0.1,0.0,0.1,0.034126022539606525,0.03573401065496323,0.001607988115356708,0.001607988115356708,0,0,0,-1
gmsc,mlp,4,NumberOfDependents,relative_minus_10,-0.1,0.0,0.1,0.026106102898580053,0.027357528551103325,0.001251425652523272,0.001251425652523272,0,0,0,-1
gmsc,mlp,5,NumberOfDependents,relative_minus_10,-0.1,1.0,1.1,0.021830131699538843,0.02158660062501207,-0.00024353107452677186,0.00024353107452677186,0,0,0,-1
gmsc,mlp,6,NumberOfDependents,relative_minus_10,-0.1,1.0,1.1,0.03217662260521963,0.032139207378968,-3.741522625163446e-05,3.741522625163446e-05,0,0,0,-1
gmsc,mlp,7,NumberOfDependents,relative_minus_10,-0.1,0.0,0.1,0.046315106403102796,0.04531115582910885,-0.001003950573993946,0.001003950573993946,0,0,0,-1
gmsc,mlp,8,NumberOfDependents,relative_minus_10,-0.1,0.0,0.1,0.05673708325740244,0.05658963572670667,-0.00014744753069576705,0.00014744753069576705,0,0,0,-1
gmsc,mlp,9,NumberOfDependents,relative_minus_10,-0.1,0.0,0.1,0.07183380465082981,0.07246914767145221,0.0006353430206224031,0.0006353430206224031,0,0,0,-1
gmsc,mlp,10,NumberOfDependents,relative_minus_10,-0.1,0.0,0.1,0.029425463415082575,0.02959610633079458,0.00017064291571200485,0.00017064291571200485,0,0,0,-1
gmsc,mlp,11,NumberOfDependents,relative_minus_10,-0.1,2.0,2.2,0.012965465127209348,0.012173066309592348,-0.0007923988176169999,0.0007923988176169999,0,0,0,-1
gmsc,mlp,12,NumberOfDependents,relative_minus_10,-0.1,0.0,0.1,0.007076920292949544,0.007313885582559344,0.00023696528960979926,0.00023696528960979926,0,0,0,-1
gmsc,mlp,13,NumberOfDependents,relative_minus_10,-0.1,0.0,0.1,0.35361463292929435,0.3561457496120248,0.0025311166827304277,0.0025311166827304277,0,0,0,-1
gmsc,mlp,14,NumberOfDependents,relative_minus_10,-0.1,3.0,3.3,0.03041379302018182,0.03298902670267402,0.0025752336824922013,0.0025752336824922013,0,0,0,-1
gmsc,mlp,15,NumberOfDependents,relative_minus_10,-0.1,3.0,3.3,0.028531846223265274,0.028325080231094934,-0.00020676599217034006,0.00020676599217034006,0,0,0,-1
gmsc,mlp,16,NumberOfDependents,relative_minus_10,-0.1,0.0,0.1,0.11002930362193034,0.11180409985373045,0.001774796231800116,0.001774796231800116,0,0,0,-1
gmsc,mlp,17,NumberOfDependents,relative_minus_10,-0.1,0.0,0.1,0.013790889882417817,0.013968593357240044,0.00017770347482222795,0.00017770347482222795,0,0,0,-1
gmsc,mlp,18,NumberOfDependents,relative_minus_10,-0.1,1.0,1.1,0.02753715371688414,0.02687109116851947,-0.0006660625483646716,0.0006660625483646716,0,0,0,-1
gmsc,mlp,19,NumberOfDependents,relative_minus_10,-0.1,0.0,0.1,0.052926506156008635,0.05172445061851699,-0.001202055537491642,0.001202055537491642,0,0,0,-1
gmsc,mlp,20,NumberOfDependents,relative_minus_10,-0.1,2.0,2.2,0.008830310596060332,0.008607363305881792,-0.0002229472901785403,0.0002229472901785403,0,0,0,-1
gmsc,mlp,21,NumberOfDependents,relative_minus_10,-0.1,0.0,0.1,0.014797349397540089,0.015440743963000023,0.0006433945654599343,0.0006433945654599343,0,0,0,-1
gmsc,mlp,22,NumberOfDependents,relative_minus_10,-0.1,0.0,0.1,0.04562370697875247,0.04494925394365066,-0.0006744530351018088,0.0006744530351018088,0,0,0,-1
gmsc,mlp,23,NumberOfDependents,relative_minus_10,-0.1,3.0,3.3,0.01573080665121102,0.016020324256969417,0.00028951760575839786,0.00028951760575839786,0,0,0,-1
gmsc,mlp,24,NumberOfDependents,relative_minus_10,-0.1,1.0,1.1,0.011506289508992087,0.011986244372031423,0.00047995486303933563,0.00047995486303933563,0,0,0,-1
gmsc,mlp,25,NumberOfDependents,relative_minus_10,-0.1,0.0,0.1,0.03731802443216143,0.040164044028692,0.002846019596530573,0.002846019596530573,0,0,0,-1
gmsc,mlp,26,NumberOfDependents,relative_minus_10,-0.1,0.0,0.1,0.029333059161415907,0.029778123159747382,0.00044506399833147553,0.00044506399833147553,0,0,0,-1
gmsc,mlp,27,NumberOfDependents,relative_minus_10,-0.1,0.0,0.1,0.035095010256273325,0.03676652772830414,0.0016715174720308146,0.0016715174720308146,0,0,0,-1
gmsc,mlp,28,NumberOfDependents,relative_minus_10,-0.1,2.0,2.2,0.09263198005026192,0.0925841401370162,-4.783991324572301e-05,4.783991324572301e-05,0,0,0,-1
gmsc,mlp,29,NumberOfDependents,relative_minus_10,-0.1,0.0,0.1,0.006344097366443652,0.006097831595346516,-0.0002462657710971365,0.0002462657710971365,0,0,0,-1
gmsc,mlp,30,NumberOfDependents,relative_minus_10,-0.1,0.0,0.1,0.046242861401163154,0.047484352510136885,0.0012414911089737302,0.0012414911089737302,0,0,0,-1
gmsc,mlp,31,NumberOfDependents,relative_minus_10,-0.1,2.0,2.2,0.0255021185573372,0.02485006825629612,-0.0006520503010410822,0.0006520503010410822,0,0,0,-1
gmsc,mlp,32,NumberOfDependents,relative_minus_10,-0.1,0.0,0.1,0.026376707227492684,0.028483423372426053,0.002106716144933369,0.002106716144933369,0,0,0,-1
gmsc,mlp,33,NumberOfDependents,relative_minus_10,-0.1,0.0,0.1,0.015498282720832536,0.016420824258097436,0.0009225415372648999,0.0009225415372648999,0,0,0,-1
gmsc,mlp,34,NumberOfDependents,relative_minus_10,-0.1,0.0,0.1,0.08535157193754099,0.0861218071552888,0.0007702352177478139,0.0007702352177478139,0,0,0,-1
gmsc,mlp,35,NumberOfDependents,relative_minus_10,-0.1,0.0,0.1,0.19910001606794017,0.19577638022468535,-0.0033236358432548185,0.0033236358432548185,0,0,0,-1
gmsc,mlp,36,NumberOfDependents,relative_minus_10,-0.1,0.0,0.1,0.010761647197797914,0.010497570382867678,-0.0002640768149302364,0.0002640768149302364,0,0,0,-1
gmsc,mlp,37,NumberOfDependents,relative_minus_10,-0.1,0.0,0.1,0.01757909301258303,0.018078835965898245,0.0004997429533152159,0.0004997429533152159,0,0,0,-1
gmsc,mlp,38,NumberOfDependents,relative_minus_10,-0.1,0.0,0.1,0.009145988810159647,0.008911019831519785,-0.00023496897863986219,0.00023496897863986219,0,0,0,-1
gmsc,mlp,39,NumberOfDependents,relative_minus_10,-0.1,3.0,3.3,0.051173952814171794,0.05131628650777697,0.00014233369360517473,0.00014233369360517473,0,0,0,-1
gmsc,mlp,40,NumberOfDependents,relative_minus_10,-0.1,3.0,3.3,0.022676366611436422,0.023582763945023687,0.0009063973335872652,0.0009063973335872652,0,0,0,-1
gmsc,mlp,41,NumberOfDependents,relative_minus_10,-0.1,0.0,0.1,0.04009590259851887,0.04089489931543924,0.0007989967169203735,0.0007989967169203735,0,0,0,-1
gmsc,mlp,42,NumberOfDependents,relative_minus_10,-0.1,0.0,0.1,0.02298812229422112,0.023176839788149745,0.00018871749392862514,0.00018871749392862514,0,0,0,-1
gmsc,mlp,43,NumberOfDependents,relative_minus_10,-0.1,0.0,0.1,0.04219806536296886,0.045575426241255663,0.0033773608782868003,0.0033773608782868003,0,0,0,-1
gmsc,mlp,44,NumberOfDependents,relative_minus_10,-0.1,2.0,2.2,0.01680383752969732,0.016306372126083827,-0.0004974654036134923,0.0004974654036134923,0,0,0,-1
gmsc,mlp,45,NumberOfDependents,relative_minus_10,-0.1,0.0,0.1,0.0359226511464687,0.038063346278536046,0.002140695132067348,0.002140695132067348,0,0,0,-1
gmsc,mlp,46,NumberOfDependents,relative_minus_10,-0.1,0.0,0.1,0.008419834692001592,0.008278254262790179,-0.00014158042921141346,0.00014158042921141346,0,0,0,-1
gmsc,mlp,47,NumberOfDependents,relative_minus_10,-0.1,0.0,0.1,0.01526822945269322,0.015401615254370062,0.00013338580167684272,0.00013338580167684272,0,0,0,-1
gmsc,mlp,48,NumberOfDependents,relative_minus_10,-0.1,0.0,0.1,0.011940522095800142,0.012335080443646165,0.00039455834784602253,0.00039455834784602253,0,0,0,-1
gmsc,mlp,49,NumberOfDependents,relative_minus_10,-0.1,0.0,0.1,0.029003393714220643,0.02877029638129065,-0.00023309733292999416,0.00023309733292999416,0,0,0,-1
gmsc,mlp,50,NumberOfDependents,relative_minus_10,-0.1,0.0,0.1,0.03157652357546811,0.03407774633455937,0.0025012227590912595,0.0025012227590912595,0,0,0,-1
gmsc,mlp,51,NumberOfDependents,relative_minus_10,-0.1,0.0,0.1,0.016133909190219866,0.017307507780878664,0.0011735985906587976,0.0011735985906587976,0,0,0,-1
gmsc,mlp,52,NumberOfDependents,relative_minus_10,-0.1,0.0,0.1,0.008942513898120756,0.009275973785170437,0.00033345988704968146,0.00033345988704968146,0,0,0,-1
gmsc,mlp,53,NumberOfDependents,relative_minus_10,-0.1,0.0,0.1,0.29379437931569313,0.3041013138274862,0.010306934511793042,0.010306934511793042,0,0,0,-1
gmsc,mlp,54,NumberOfDependents,relative_minus_10,-0.1,0.0,0.1,0.3498543595427822,0.3610282357814537,0.011173876238671498,0.011173876238671498,0,0,0,-1
gmsc,mlp,55,NumberOfDependents,relative_minus_10,-0.1,0.0,0.1,0.007600943545173095,0.007885326285682968,0.0002843827405098736,0.0002843827405098736,0,0,0,-1
gmsc,mlp,56,NumberOfDependents,relative_minus_10,-0.1,0.0,0.1,0.025320893704546973,0.025540247648302566,0.00021935394375559303,0.00021935394375559303,0,0,0,-1
gmsc,mlp,57,NumberOfDependents,relative_minus_10,-0.1,0.0,0.1,0.05069033380470405,0.05481988677702759,0.004129552972323543,0.004129552972323543,0,0,0,-1
gmsc,mlp,58,NumberOfDependents,relative_minus_10,-0.1,0.0,0.1,0.16009590625064055,0.16096252501686395,0.0008666187662234037,0.0008666187662234037,0,0,0,-1
gmsc,mlp,59,NumberOfDependents,relative_minus_10,-0.1,1.0,1.1,0.025457114256866867,0.024661487738813388,-0.0007956265180534793,0.0007956265180534793,0,0,0,-1
gmsc,mlp,60,NumberOfDependents,relative_minus_10,-0.1,2.0,2.2,0.037076780618332694,0.03738264263661863,0.00030586201828593923,0.00030586201828593923,0,0,0,-1
gmsc,mlp,61,NumberOfDependents,relative_minus_10,-0.1,1.0,1.1,0.04860926951599663,0.04813259419643785,-0.00047667531955877807,0.00047667531955877807,0,0,0,-1
gmsc,mlp,62,NumberOfDependents,relative_minus_10,-0.1,0.0,0.1,0.022160573410907457,0.022141420442974978,-1.915296793247867e-05,1.915296793247867e-05,0,0,0,-1
gmsc,mlp,63,NumberOfDependents,relative_minus_10,-0.1,2.0,2.2,0.010545360475655359,0.010348685841905361,-0.00019667463374999777,0.00019667463374999777,0,0,0,-1
gmsc,mlp,64,NumberOfDependents,relative_minus_10,-0.1,0.0,0.1,0.05188426446215026,0.05197749613958807,9.323167743780642e-05,9.323167743780642e-05,0,0,0,-1
gmsc,mlp,65,NumberOfDependents,relative_minus_10,-0.1,3.0,3.3,0.19320558451418393,0.2009322291353006,0.007726644621116663,0.007726644621116663,0,0,0,-1
gmsc,mlp,66,NumberOfDependents,relative_minus_10,-0.1,0.0,0.1,0.017380461870616856,0.01770488085617569,0.0003244189855588324,0.0003244189855588324,0,0,0,-1
gmsc,mlp,67,NumberOfDependents,relative_minus_10,-0.1,3.0,3.3,0.045289289381342065,0.048167845890408054,0.002878556509065988,0.002878556509065988,0,0,0,-1
gmsc,mlp,68,NumberOfDependents,relative_minus_10,-0.1,2.0,2.2,0.012814695328681581,0.012442071719811045,-0.00037262360887053633,0.00037262360887053633,0,0,0,-1
gmsc,mlp,69,NumberOfDependents,relative_minus_10,-0.1,2.0,2.2,0.09362660727989738,0.09475810213493174,0.0011314948550343595,0.0011314948550343595,0,0,0,-1
gmsc,mlp,70,NumberOfDependents,relative_minus_10,-0.1,0.0,0.1,0.09827269814207695,0.09900860360983751,0.0007359054677605614,0.0007359054677605614,0,0,0,-1
gmsc,mlp,71,NumberOfDependents,relative_minus_10,-0.1,4.0,4.4,0.07244781616495638,0.0709587171834727,-0.0014890989814836803,0.0014890989814836803,0,0,0,-1
gmsc,mlp,72,NumberOfDependents,relative_minus_10,-0.1,0.0,0.1,0.03217968676284227,0.03384928240130197,0.0016695956384597047,0.0016695956384597047,0,0,0,-1
gmsc,mlp,73,NumberOfDependents,relative_minus_10,-0.1,0.0,0.1,0.044640504763767554,0.045387932259796974,0.0007474274960294208,0.0007474274960294208,0,0,0,-1
gmsc,mlp,74,NumberOfDependents,relative_minus_10,-0.1,0.0,0.1,0.03482378444402007,0.03736175282398231,0.0025379683799622438,0.0025379683799622438,0,0,0,-1
gmsc,mlp,75,NumberOfDependents,relative_minus_10,-0.1,0.0,0.1,0.04920214568663398,0.05215450622647353,0.002952360539839549,0.002952360539839549,0,0,0,-1
gmsc,mlp,76,NumberOfDependents,relative_minus_10,-0.1,1.0,1.1,0.02205212445347039,0.02136867029027448,-0.0006834541631959082,0.0006834541631959082,0,0,0,-1
gmsc,mlp,77,NumberOfDependents,relative_minus_10,-0.1,0.0,0.1,0.009856180676789783,0.009526388957597913,-0.0003297917191918704,0.0003297917191918704,0,0,0,-1
gmsc,mlp,78,NumberOfDependents,relative_minus_10,-0.1,0.0,0.1,0.010129649250511236,0.010461086101642366,0.00033143685113113004,0.00033143685113113004,0,0,0,-1
gmsc,mlp,79,NumberOfDependents,relative_minus_10,-0.1,0.0,0.1,0.025575449411528527,0.0266964063193945,0.0011209569078659727,0.0011209569078659727,0,0,0,-1
gmsc,mlp,80,NumberOfDependents,relative_minus_10,-0.1,0.0,0.1,0.005666248820127979,0.005931659637766364,0.00026541081763838473,0.00026541081763838473,0,0,0,-1
gmsc,mlp,81,NumberOfDependents,relative_minus_10,-0.1,0.0,0.1,0.04332063353337088,0.044210964412327476,0.0008903308789565967,0.0008903308789565967,0,0,0,-1
gmsc,mlp,82,NumberOfDependents,relative_minus_10,-0.1,0.0,0.1,0.01937427089536237,0.020191461073952973,0.000817190178590603,0.000817190178590603,0,0,0,-1
gmsc,mlp,83,NumberOfDependents,relative_minus_10,-0.1,1.0,1.1,0.014956252536287561,0.014480309691795878,-0.0004759428444916832,0.0004759428444916832,0,0,0,-1
gmsc,mlp,84,NumberOfDependents,relative_minus_10,-0.1,3.0,3.3,0.034404191335380946,0.032911783068700746,-0.0014924082666801994,0.0014924082666801994,0,0,0,-1
gmsc,mlp,85,NumberOfDependents,relative_minus_10,-0.1,0.0,0.1,0.016073637508889543,0.01587738529166905,-0.00019625221722049252,0.00019625221722049252,0,0,0,-1
gmsc,mlp,86,NumberOfDependents,relative_minus_10,-0.1,0.0,0.1,0.03951246267546877,0.04157502831999386,0.0020625656445250884,0.0020625656445250884,0,0,0,-1
gmsc,mlp,87,NumberOfDependents,relative_minus_10,-0.1,0.0,0.1,0.023170727869934838,0.02417350006926313,0.0010027721993282925,0.0010027721993282925,0,0,0,-1
gmsc,mlp,88,NumberOfDependents,relative_minus_10,-0.1,0.0,0.1,0.014049767208401245,0.014640894437091599,0.0005911272286903534,0.0005911272286903534,0,0,0,-1
gmsc,mlp,89,NumberOfDependents,relative_minus_10,-0.1,2.0,2.2,0.031436900478850546,0.031287042386429174,-0.00014985809242137188,0.00014985809242137188,0,0,0,-1
gmsc,mlp,90,NumberOfDependents,relative_minus_10,-0.1,0.0,0.1,0.005417127218637603,0.005441799266742401,2.467204810479868e-05,2.467204810479868e-05,0,0,0,-1
gmsc,mlp,91,NumberOfDependents,relative_minus_10,-0.1,1.0,1.1,0.025606851072255785,0.024758905883071017,-0.0008479451891847678,0.0008479451891847678,0,0,0,-1
gmsc,mlp,92,NumberOfDependents,relative_minus_10,-0.1,0.0,0.1,0.06791010130064887,0.06970240527372842,0.0017923039730795565,0.0017923039730795565,0,0,0,-1
gmsc,mlp,93,NumberOfDependents,relative_minus_10,-0.1,1.0,1.1,0.012557321048589615,0.012541626932694127,-1.5694115895487776e-05,1.5694115895487776e-05,0,0,0,-1
gmsc,mlp,94,NumberOfDependents,relative_minus_10,-0.1,0.0,0.1,0.01479561435417343,0.01442189151989278,-0.0003737228342806497,0.0003737228342806497,0,0,0,-1
gmsc,mlp,95,NumberOfDependents,relative_minus_10,-0.1,2.0,2.2,0.02165723032387087,0.02206078046735049,0.0004035501434796196,0.0004035501434796196,0,0,0,-1
gmsc,mlp,96,NumberOfDependents,relative_minus_10,-0.1,0.0,0.1,0.025618448582325936,0.024643179103314306,-0.0009752694790116298,0.0009752694790116298,0,0,0,-1
gmsc,mlp,97,NumberOfDependents,relative_minus_10,-0.1,0.0,0.1,0.017705870709505835,0.017974876850996073,0.0002690061414902384,0.0002690061414902384,0,0,0,-1
gmsc,mlp,98,NumberOfDependents,relative_minus_10,-0.1,4.0,4.4,0.021717560701058864,0.021547787765108888,-0.00016977293594997583,0.00016977293594997583,0,0,0,-1
gmsc,mlp,99,NumberOfDependents,relative_minus_10,-0.1,0.0,0.1,0.2986561163043243,0.29198562689114677,-0.006670489413177549,0.006670489413177549,0,0,0,-1
gmsc,mlp,0,NumberOfDependents,relative_plus_10,0.1,0.0,0.1,0.02211686465599193,0.021133917912795647,-0.0009829467431962842,0.0009829467431962842,0,0,0,-1
gmsc,mlp,1,NumberOfDependents,relative_plus_10,0.1,0.0,0.1,0.01569449495491033,0.01574800346553365,5.3508510623318656e-05,5.3508510623318656e-05,0,0,0,-1
gmsc,mlp,2,NumberOfDependents,relative_plus_10,0.1,0.0,0.1,0.016575068310977385,0.016926930984205547,0.0003518626732281621,0.0003518626732281621,0,0,0,-1
gmsc,mlp,3,NumberOfDependents,relative_plus_10,0.1,0.0,0.1,0.034126022539606525,0.03573401065496323,0.001607988115356708,0.001607988115356708,0,0,0,-1
gmsc,mlp,4,NumberOfDependents,relative_plus_10,0.1,0.0,0.1,0.026106102898580053,0.027357528551103325,0.001251425652523272,0.001251425652523272,0,0,0,-1
gmsc,mlp,5,NumberOfDependents,relative_plus_10,0.1,1.0,1.1,0.021830131699538843,0.02158660062501207,-0.00024353107452677186,0.00024353107452677186,0,0,0,-1
gmsc,mlp,6,NumberOfDependents,relative_plus_10,0.1,1.0,1.1,0.03217662260521963,0.032139207378968,-3.741522625163446e-05,3.741522625163446e-05,0,0,0,-1
gmsc,mlp,7,NumberOfDependents,relative_plus_10,0.1,0.0,0.1,0.046315106403102796,0.04531115582910885,-0.001003950573993946,0.001003950573993946,0,0,0,-1
gmsc,mlp,8,NumberOfDependents,relative_plus_10,0.1,0.0,0.1,0.05673708325740244,0.05658963572670667,-0.00014744753069576705,0.00014744753069576705,0,0,0,-1
gmsc,mlp,9,NumberOfDependents,relative_plus_10,0.1,0.0,0.1,0.07183380465082981,0.07246914767145221,0.0006353430206224031,0.0006353430206224031,0,0,0,-1
gmsc,mlp,10,NumberOfDependents,relative_plus_10,0.1,0.0,0.1,0.029425463415082575,0.02959610633079458,0.00017064291571200485,0.00017064291571200485,0,0,0,-1
gmsc,mlp,11,NumberOfDependents,relative_plus_10,0.1,2.0,2.2,0.012965465127209348,0.012173066309592348,-0.0007923988176169999,0.0007923988176169999,0,0,0,-1
gmsc,mlp,12,NumberOfDependents,relative_plus_10,0.1,0.0,0.1,0.007076920292949544,0.007313885582559344,0.00023696528960979926,0.00023696528960979926,0,0,0,-1
gmsc,mlp,13,NumberOfDependents,relative_plus_10,0.1,0.0,0.1,0.35361463292929435,0.3561457496120248,0.0025311166827304277,0.0025311166827304277,0,0,0,-1
gmsc,mlp,14,NumberOfDependents,relative_plus_10,0.1,3.0,3.3,0.03041379302018182,0.03298902670267402,0.0025752336824922013,0.0025752336824922013,0,0,0,-1
gmsc,mlp,15,NumberOfDependents,relative_plus_10,0.1,3.0,3.3,0.028531846223265274,0.028325080231094934,-0.00020676599217034006,0.00020676599217034006,0,0,0,-1
gmsc,mlp,16,NumberOfDependents,relative_plus_10,0.1,0.0,0.1,0.11002930362193034,0.11180409985373045,0.001774796231800116,0.001774796231800116,0,0,0,-1
gmsc,mlp,17,NumberOfDependents,relative_plus_10,0.1,0.0,0.1,0.013790889882417817,0.013968593357240044,0.00017770347482222795,0.00017770347482222795,0,0,0,-1
gmsc,mlp,18,NumberOfDependents,relative_plus_10,0.1,1.0,1.1,0.02753715371688414,0.02687109116851947,-0.0006660625483646716,0.0006660625483646716,0,0,0,-1
gmsc,mlp,19,NumberOfDependents,relative_plus_10,0.1,0.0,0.1,0.052926506156008635,0.05172445061851699,-0.001202055537491642,0.001202055537491642,0,0,0,-1
gmsc,mlp,20,NumberOfDependents,relative_plus_10,0.1,2.0,2.2,0.008830310596060332,0.008607363305881792,-0.0002229472901785403,0.0002229472901785403,0,0,0,-1
gmsc,mlp,21,NumberOfDependents,relative_plus_10,0.1,0.0,0.1,0.014797349397540089,0.015440743963000023,0.0006433945654599343,0.0006433945654599343,0,0,0,-1
gmsc,mlp,22,NumberOfDependents,relative_plus_10,0.1,0.0,0.1,0.04562370697875247,0.04494925394365066,-0.0006744530351018088,0.0006744530351018088,0,0,0,-1
gmsc,mlp,23,NumberOfDependents,relative_plus_10,0.1,3.0,3.3,0.01573080665121102,0.016020324256969417,0.00028951760575839786,0.00028951760575839786,0,0,0,-1
gmsc,mlp,24,NumberOfDependents,relative_plus_10,0.1,1.0,1.1,0.011506289508992087,0.011986244372031423,0.00047995486303933563,0.00047995486303933563,0,0,0,-1
gmsc,mlp,25,NumberOfDependents,relative_plus_10,0.1,0.0,0.1,0.03731802443216143,0.040164044028692,0.002846019596530573,0.002846019596530573,0,0,0,-1
gmsc,mlp,26,NumberOfDependents,relative_plus_10,0.1,0.0,0.1,0.029333059161415907,0.029778123159747382,0.00044506399833147553,0.00044506399833147553,0,0,0,-1
gmsc,mlp,27,NumberOfDependents,relative_plus_10,0.1,0.0,0.1,0.035095010256273325,0.03676652772830414,0.0016715174720308146,0.0016715174720308146,0,0,0,-1
gmsc,mlp,28,NumberOfDependents,relative_plus_10,0.1,2.0,2.2,0.09263198005026192,0.0925841401370162,-4.783991324572301e-05,4.783991324572301e-05,0,0,0,-1
gmsc,mlp,29,NumberOfDependents,relative_plus_10,0.1,0.0,0.1,0.006344097366443652,0.006097831595346516,-0.0002462657710971365,0.0002462657710971365,0,0,0,-1
gmsc,mlp,30,NumberOfDependents,relative_plus_10,0.1,0.0,0.1,0.046242861401163154,0.047484352510136885,0.0012414911089737302,0.0012414911089737302,0,0,0,-1
gmsc,mlp,31,NumberOfDependents,relative_plus_10,0.1,2.0,2.2,0.0255021185573372,0.02485006825629612,-0.0006520503010410822,0.0006520503010410822,0,0,0,-1
gmsc,mlp,32,NumberOfDependents,relative_plus_10,0.1,0.0,0.1,0.026376707227492684,0.028483423372426053,0.002106716144933369,0.002106716144933369,0,0,0,-1
gmsc,mlp,33,NumberOfDependents,relative_plus_10,0.1,0.0,0.1,0.015498282720832536,0.016420824258097436,0.0009225415372648999,0.0009225415372648999,0,0,0,-1
gmsc,mlp,34,NumberOfDependents,relative_plus_10,0.1,0.0,0.1,0.08535157193754099,0.0861218071552888,0.0007702352177478139,0.0007702352177478139,0,0,0,-1
gmsc,mlp,35,NumberOfDependents,relative_plus_10,0.1,0.0,0.1,0.19910001606794017,0.19577638022468535,-0.0033236358432548185,0.0033236358432548185,0,0,0,-1
gmsc,mlp,36,NumberOfDependents,relative_plus_10,0.1,0.0,0.1,0.010761647197797914,0.010497570382867678,-0.0002640768149302364,0.0002640768149302364,0,0,0,-1
gmsc,mlp,37,NumberOfDependents,relative_plus_10,0.1,0.0,0.1,0.01757909301258303,0.018078835965898245,0.0004997429533152159,0.0004997429533152159,0,0,0,-1
gmsc,mlp,38,NumberOfDependents,relative_plus_10,0.1,0.0,0.1,0.009145988810159647,0.008911019831519785,-0.00023496897863986219,0.00023496897863986219,0,0,0,-1
gmsc,mlp,39,NumberOfDependents,relative_plus_10,0.1,3.0,3.3,0.051173952814171794,0.05131628650777697,0.00014233369360517473,0.00014233369360517473,0,0,0,-1
gmsc,mlp,40,NumberOfDependents,relative_plus_10,0.1,3.0,3.3,0.022676366611436422,0.023582763945023687,0.0009063973335872652,0.0009063973335872652,0,0,0,-1
gmsc,mlp,41,NumberOfDependents,relative_plus_10,0.1,0.0,0.1,0.04009590259851887,0.04089489931543924,0.0007989967169203735,0.0007989967169203735,0,0,0,-1
gmsc,mlp,42,NumberOfDependents,relative_plus_10,0.1,0.0,0.1,0.02298812229422112,0.023176839788149745,0.00018871749392862514,0.00018871749392862514,0,0,0,-1
gmsc,mlp,43,NumberOfDependents,relative_plus_10,0.1,0.0,0.1,0.04219806536296886,0.045575426241255663,0.0033773608782868003,0.0033773608782868003,0,0,0,-1
gmsc,mlp,44,NumberOfDependents,relative_plus_10,0.1,2.0,2.2,0.01680383752969732,0.016306372126083827,-0.0004974654036134923,0.0004974654036134923,0,0,0,-1
gmsc,mlp,45,NumberOfDependents,relative_plus_10,0.1,0.0,0.1,0.0359226511464687,0.038063346278536046,0.002140695132067348,0.002140695132067348,0,0,0,-1
gmsc,mlp,46,NumberOfDependents,relative_plus_10,0.1,0.0,0.1,0.008419834692001592,0.008278254262790179,-0.00014158042921141346,0.00014158042921141346,0,0,0,-1
gmsc,mlp,47,NumberOfDependents,relative_plus_10,0.1,0.0,0.1,0.01526822945269322,0.015401615254370062,0.00013338580167684272,0.00013338580167684272,0,0,0,-1
gmsc,mlp,48,NumberOfDependents,relative_plus_10,0.1,0.0,0.1,0.011940522095800142,0.012335080443646165,0.00039455834784602253,0.00039455834784602253,0,0,0,-1
gmsc,mlp,49,NumberOfDependents,relative_plus_10,0.1,0.0,0.1,0.029003393714220643,0.02877029638129065,-0.00023309733292999416,0.00023309733292999416,0,0,0,-1
gmsc,mlp,50,NumberOfDependents,relative_plus_10,0.1,0.0,0.1,0.03157652357546811,0.03407774633455937,0.0025012227590912595,0.0025012227590912595,0,0,0,-1
gmsc,mlp,51,NumberOfDependents,relative_plus_10,0.1,0.0,0.1,0.016133909190219866,0.017307507780878664,0.0011735985906587976,0.0011735985906587976,0,0,0,-1
gmsc,mlp,52,NumberOfDependents,relative_plus_10,0.1,0.0,0.1,0.008942513898120756,0.009275973785170437,0.00033345988704968146,0.00033345988704968146,0,0,0,-1
gmsc,mlp,53,NumberOfDependents,relative_plus_10,0.1,0.0,0.1,0.29379437931569313,0.3041013138274862,0.010306934511793042,0.010306934511793042,0,0,0,-1
gmsc,mlp,54,NumberOfDependents,relative_plus_10,0.1,0.0,0.1,0.3498543595427822,0.3610282357814537,0.011173876238671498,0.011173876238671498,0,0,0,-1
gmsc,mlp,55,NumberOfDependents,relative_plus_10,0.1,0.0,0.1,0.007600943545173095,0.007885326285682968,0.0002843827405098736,0.0002843827405098736,0,0,0,-1
gmsc,mlp,56,NumberOfDependents,relative_plus_10,0.1,0.0,0.1,0.025320893704546973,0.025540247648302566,0.00021935394375559303,0.00021935394375559303,0,0,0,-1
gmsc,mlp,57,NumberOfDependents,relative_plus_10,0.1,0.0,0.1,0.05069033380470405,0.05481988677702759,0.004129552972323543,0.004129552972323543,0,0,0,-1
gmsc,mlp,58,NumberOfDependents,relative_plus_10,0.1,0.0,0.1,0.16009590625064055,0.16096252501686395,0.0008666187662234037,0.0008666187662234037,0,0,0,-1
gmsc,mlp,59,NumberOfDependents,relative_plus_10,0.1,1.0,1.1,0.025457114256866867,0.024661487738813388,-0.0007956265180534793,0.0007956265180534793,0,0,0,-1
gmsc,mlp,60,NumberOfDependents,relative_plus_10,0.1,2.0,2.2,0.037076780618332694,0.03738264263661863,0.00030586201828593923,0.00030586201828593923,0,0,0,-1
gmsc,mlp,61,NumberOfDependents,relative_plus_10,0.1,1.0,1.1,0.04860926951599663,0.04813259419643785,-0.00047667531955877807,0.00047667531955877807,0,0,0,-1
gmsc,mlp,62,NumberOfDependents,relative_plus_10,0.1,0.0,0.1,0.022160573410907457,0.022141420442974978,-1.915296793247867e-05,1.915296793247867e-05,0,0,0,-1
gmsc,mlp,63,NumberOfDependents,relative_plus_10,0.1,2.0,2.2,0.010545360475655359,0.010348685841905361,-0.00019667463374999777,0.00019667463374999777,0,0,0,-1
gmsc,mlp,64,NumberOfDependents,relative_plus_10,0.1,0.0,0.1,0.05188426446215026,0.05197749613958807,9.323167743780642e-05,9.323167743780642e-05,0,0,0,-1
gmsc,mlp,65,NumberOfDependents,relative_plus_10,0.1,3.0,3.3,0.19320558451418393,0.2009322291353006,0.007726644621116663,0.007726644621116663,0,0,0,-1
gmsc,mlp,66,NumberOfDependents,relative_plus_10,0.1,0.0,0.1,0.017380461870616856,0.01770488085617569,0.0003244189855588324,0.0003244189855588324,0,0,0,-1
gmsc,mlp,67,NumberOfDependents,relative_plus_10,0.1,3.0,3.3,0.045289289381342065,0.048167845890408054,0.002878556509065988,0.002878556509065988,0,0,0,-1
gmsc,mlp,68,NumberOfDependents,relative_plus_10,0.1,2.0,2.2,0.012814695328681581,0.012442071719811045,-0.00037262360887053633,0.00037262360887053633,0,0,0,-1
gmsc,mlp,69,NumberOfDependents,relative_plus_10,0.1,2.0,2.2,0.09362660727989738,0.09475810213493174,0.0011314948550343595,0.0011314948550343595,0,0,0,-1
gmsc,mlp,70,NumberOfDependents,relative_plus_10,0.1,0.0,0.1,0.09827269814207695,0.09900860360983751,0.0007359054677605614,0.0007359054677605614,0,0,0,-1
gmsc,mlp,71,NumberOfDependents,relative_plus_10,0.1,4.0,4.4,0.07244781616495638,0.0709587171834727,-0.0014890989814836803,0.0014890989814836803,0,0,0,-1
gmsc,mlp,72,NumberOfDependents,relative_plus_10,0.1,0.0,0.1,0.03217968676284227,0.03384928240130197,0.0016695956384597047,0.0016695956384597047,0,0,0,-1
gmsc,mlp,73,NumberOfDependents,relative_plus_10,0.1,0.0,0.1,0.044640504763767554,0.045387932259796974,0.0007474274960294208,0.0007474274960294208,0,0,0,-1
gmsc,mlp,74,NumberOfDependents,relative_plus_10,0.1,0.0,0.1,0.03482378444402007,0.03736175282398231,0.0025379683799622438,0.0025379683799622438,0,0,0,-1
gmsc,mlp,75,NumberOfDependents,relative_plus_10,0.1,0.0,0.1,0.04920214568663398,0.05215450622647353,0.002952360539839549,0.002952360539839549,0,0,0,-1
gmsc,mlp,76,NumberOfDependents,relative_plus_10,0.1,1.0,1.1,0.02205212445347039,0.02136867029027448,-0.0006834541631959082,0.0006834541631959082,0,0,0,-1
gmsc,mlp,77,NumberOfDependents,relative_plus_10,0.1,0.0,0.1,0.009856180676789783,0.009526388957597913,-0.0003297917191918704,0.0003297917191918704,0,0,0,-1
gmsc,mlp,78,NumberOfDependents,relative_plus_10,0.1,0.0,0.1,0.010129649250511236,0.010461086101642366,0.00033143685113113004,0.00033143685113113004,0,0,0,-1
gmsc,mlp,79,NumberOfDependents,relative_plus_10,0.1,0.0,0.1,0.025575449411528527,0.0266964063193945,0.0011209569078659727,0.0011209569078659727,0,0,0,-1
gmsc,mlp,80,NumberOfDependents,relative_plus_10,0.1,0.0,0.1,0.005666248820127979,0.005931659637766364,0.00026541081763838473,0.00026541081763838473,0,0,0,-1
gmsc,mlp,81,NumberOfDependents,relative_plus_10,0.1,0.0,0.1,0.04332063353337088,0.044210964412327476,0.0008903308789565967,0.0008903308789565967,0,0,0,-1
gmsc,mlp,82,NumberOfDependents,relative_plus_10,0.1,0.0,0.1,0.01937427089536237,0.020191461073952973,0.000817190178590603,0.000817190178590603,0,0,0,-1
gmsc,mlp,83,NumberOfDependents,relative_plus_10,0.1,1.0,1.1,0.014956252536287561,0.014480309691795878,-0.0004759428444916832,0.0004759428444916832,0,0,0,-1
gmsc,mlp,84,NumberOfDependents,relative_plus_10,0.1,3.0,3.3,0.034404191335380946,0.032911783068700746,-0.0014924082666801994,0.0014924082666801994,0,0,0,-1
gmsc,mlp,85,NumberOfDependents,relative_plus_10,0.1,0.0,0.1,0.016073637508889543,0.01587738529166905,-0.00019625221722049252,0.00019625221722049252,0,0,0,-1
gmsc,mlp,86,NumberOfDependents,relative_plus_10,0.1,0.0,0.1,0.03951246267546877,0.04157502831999386,0.0020625656445250884,0.0020625656445250884,0,0,0,-1
gmsc,mlp,87,NumberOfDependents,relative_plus_10,0.1,0.0,0.1,0.023170727869934838,0.02417350006926313,0.0010027721993282925,0.0010027721993282925,0,0,0,-1
gmsc,mlp,88,NumberOfDependents,relative_plus_10,0.1,0.0,0.1,0.014049767208401245,0.014640894437091599,0.0005911272286903534,0.0005911272286903534,0,0,0,-1
gmsc,mlp,89,NumberOfDependents,relative_plus_10,0.1,2.0,2.2,0.031436900478850546,0.031287042386429174,-0.00014985809242137188,0.00014985809242137188,0,0,0,-1
gmsc,mlp,90,NumberOfDependents,relative_plus_10,0.1,0.0,0.1,0.005417127218637603,0.005441799266742401,2.467204810479868e-05,2.467204810479868e-05,0,0,0,-1
gmsc,mlp,91,NumberOfDependents,relative_plus_10,0.1,1.0,1.1,0.025606851072255785,0.024758905883071017,-0.0008479451891847678,0.0008479451891847678,0,0,0,-1
gmsc,mlp,92,NumberOfDependents,relative_plus_10,0.1,0.0,0.1,0.06791010130064887,0.06970240527372842,0.0017923039730795565,0.0017923039730795565,0,0,0,-1
gmsc,mlp,93,NumberOfDependents,relative_plus_10,0.1,1.0,1.1,0.012557321048589615,0.012541626932694127,-1.5694115895487776e-05,1.5694115895487776e-05,0,0,0,-1
gmsc,mlp,94,NumberOfDependents,relative_plus_10,0.1,0.0,0.1,0.01479561435417343,0.01442189151989278,-0.0003737228342806497,0.0003737228342806497,0,0,0,-1
gmsc,mlp,95,NumberOfDependents,relative_plus_10,0.1,2.0,2.2,0.02165723032387087,0.02206078046735049,0.0004035501434796196,0.0004035501434796196,0,0,0,-1
gmsc,mlp,96,NumberOfDependents,relative_plus_10,0.1,0.0,0.1,0.025618448582325936,0.024643179103314306,-0.0009752694790116298,0.0009752694790116298,0,0,0,-1
gmsc,mlp,97,NumberOfDependents,relative_plus_10,0.1,0.0,0.1,0.017705870709505835,0.017974876850996073,0.0002690061414902384,0.0002690061414902384,0,0,0,-1
gmsc,mlp,98,NumberOfDependents,relative_plus_10,0.1,4.0,4.4,0.021717560701058864,0.021547787765108888,-0.00016977293594997583,0.00016977293594997583,0,0,0,-1
gmsc,mlp,99,NumberOfDependents,relative_plus_10,0.1,0.0,0.1,0.2986561163043243,0.29198562689114677,-0.006670489413177549,0.006670489413177549,0,0,0,-1
