dataset,model,instance_id,feature,perturbation,magnitude,original_value,perturbed_value,original_probability,perturbed_probability,probability_change,absolute_probability_change,original_prediction,perturbed_prediction,prediction_changed,true_label
gmsc,lightgbm,0,RevolvingUtilizationOfUnsecuredLines,relative_minus_5,-0.05,0.030896358,0.0324411759,0.09051292759777842,0.09051292759777842,0.0,0.0,0,0,0,-1
gmsc,lightgbm,1,RevolvingUtilizationOfUnsecuredLines,relative_minus_5,-0.05,0.02948292,0.030957066,0.07432795724364831,0.07432795724364831,0.0,0.0,0,0,0,-1
gmsc,lightgbm,2,RevolvingUtilizationOfUnsecuredLines,relative_minus_5,-0.05,0.021382323,0.022451439150000002,0.056660675741342766,0.056660675741342766,0.0,0.0,0,0,0,-1
gmsc,lightgbm,3,RevolvingUtilizationOfUnsecuredLines,relative_minus_5,-0.05,0.15189621,0.1594910205,0.286464202572455,0.29109181795231415,0.0046276153798591735,0.0046276153798591735,0,0,0,-1
gmsc,lightgbm,4,RevolvingUtilizationOfUnsecuredLines,relative_minus_5,-0.05,0.011665889,0.012249183450000001,0.10238192900656183,0.10238192900656183,0.0,0.0,0,0,0,-1
gmsc,lightgbm,5,RevolvingUtilizationOfUnsecuredLines,relative_minus_5,-0.05,0.23322007,0.2448810735,0.18604525641874214,0.18604525641874214,0.0,0.0,0,0,0,-1
gmsc,lightgbm,6,RevolvingUtilizationOfUnsecuredLines,relative_minus_5,-0.05,0.39567325,0.4154569125,0.23797486099678064,0.275925553700158,0.03795069270337734,0.03795069270337734,0,0,0,-1
gmsc,lightgbm,7,RevolvingUtilizationOfUnsecuredLines,relative_minus_5,-0.05,0.2807908,0.29483034,0.1952165672674782,0.2003474303463824,0.005130863078904174,0.005130863078904174,0,0,0,-1
gmsc,lightgbm,8,RevolvingUtilizationOfUnsecuredLines,relative_minus_5,-0.05,0.0,0.00455047435,0.1354653526779545,0.07153734980704926,-0.06392800287090525,0.06392800287090525,0,0,0,-1
gmsc,lightgbm,9,RevolvingUtilizationOfUnsecuredLines,relative_minus_5,-0.05,0.12197734,0.128076207,0.4085309008746626,0.4085309008746626,0.0,0.0,0,0,0,-1
gmsc,lightgbm,10,RevolvingUtilizationOfUnsecuredLines,relative_minus_5,-0.05,0.3846793,0.403913265,0.4151340630771105,0.4485279974378582,0.033393934360747723,0.033393934360747723,0,0,0,-1
gmsc,lightgbm,11,RevolvingUtilizationOfUnsecuredLines,relative_minus_5,-0.05,0.43613514,0.457941897,0.2344419755121663,0.2344419755121663,0.0,0.0,0,0,0,-1
gmsc,lightgbm,12,RevolvingUtilizationOfUnsecuredLines,relative_minus_5,-0.05,0.09578084,0.100569882,0.04156783494420435,0.04156783494420435,0.0,0.0,0,0,0,-1
gmsc,lightgbm,13,RevolvingUtilizationOfUnsecuredLines,relative_minus_5,-0.05,0.9999999,1.049999895,0.8781305200687587,0.9230790938124996,0.04494857374374095,0.04494857374374095,1,1,0,-1
gmsc,lightgbm,14,RevolvingUtilizationOfUnsecuredLines,relative_minus_5,-0.05,0.47141215,0.4949827575,0.30318348670534856,0.32006822542358143,0.016884738718232872,0.016884738718232872,0,0,0,-1
gmsc,lightgbm,15,RevolvingUtilizationOfUnsecuredLines,relative_minus_5,-0.05,0.03738817,0.0392575785,0.27986218783007943,0.26109764767386334,-0.018764540156216092,0.018764540156216092,0,0,0,-1
gmsc,lightgbm,16,RevolvingUtilizationOfUnsecuredLines,relative_minus_5,-0.05,0.36518577,0.38344505850000005,0.4795715640243079,0.4795715640243079,0.0,0.0,0,0,0,-1
gmsc,lightgbm,17,RevolvingUtilizationOfUnsecuredLines,relative_minus_5,-0.05,0.044219106,0.0464300613,0.10036173784291944,0.08191845077001962,-0.018443287072899814,0.018443287072899814,0,0,0,-1
gmsc,lightgbm,18,RevolvingUtilizationOfUnsecuredLines,relative_minus_5,-0.05,0.9999999,1.049999895,0.4332396231850946,0.5757748428454028,0.1425352196603082,0.1425352196603082,0,1,1,-1
gmsc,lightgbm,19,RevolvingUtilizationOfUnsecuredLines,relative_minus_5,-0.05,0.050904956,0.0534502038,0.20706517488791176,0.189354171220936,-0.017711003666975755,0.017711003666975755,0,0,0,-1
gmsc,lightgbm,20,RevolvingUtilizationOfUnsecuredLines,relative_minus_5,-0.05,0.028527671,0.02995405455,0.05708612745116283,0.05708612745116283,0.0,0.0,0,0,0,-1
gmsc,lightgbm,21,RevolvingUtilizationOfUnsecuredLines,relative_minus_5,-0.05,0.06357361,0.0667522905,0.0755556455268635,0.10735684089570605,0.031801195368842544,0.031801195368842544,0,0,0,-1
gmsc,lightgbm,22,RevolvingUtilizationOfUnsecuredLines,relative_minus_5,-0.05,0.002599913,0.00272990865,0.05695935088858043,0.05695935088858043,0.0,0.0,0,0,0,-1
gmsc,lightgbm,23,RevolvingUtilizationOfUnsecuredLines,relative_minus_5,-0.05,0.03161417,0.0331948785,0.08889571164479391,0.08889571164479391,0.0,0.0,0,0,0,-1
gmsc,lightgbm,24,RevolvingUtilizationOfUnsecuredLines,relative_minus_5,-0.05,0.025913903,0.02720959815,0.03569402945373115,0.03569402945373115,0.0,0.0,0,0,0,-1
gmsc,lightgbm,25,RevolvingUtilizationOfUnsecuredLines,relative_minus_5,-0.05,0.8536293,0.8963107650000001,0.485195355176274,0.508502879501418,0.023307524325144047,0.023307524325144047,0,1,1,-1
gmsc,lightgbm,26,RevolvingUtilizationOfUnsecuredLines,relative_minus_5,-0.05,0.9999999,1.049999895,0.4690330102001808,0.6454709508243567,0.1764379406241759,0.1764379406241759,0,1,1,-1
gmsc,lightgbm,27,RevolvingUtilizationOfUnsecuredLines,relative_minus_5,-0.05,0.063485205,0.06665946525000001,0.15310886136230434,0.19442267614447345,0.04131381478216911,0.04131381478216911,0,0,0,-1
gmsc,lightgbm,28,RevolvingUtilizationOfUnsecuredLines,relative_minus_5,-0.05,0.0,0.00455047435,0.24706706865061875,0.13542590808765603,-0.11164116056296272,0.11164116056296272,0,0,0,-1
gmsc,lightgbm,29,RevolvingUtilizationOfUnsecuredLines,relative_minus_5,-0.05,0.015614713,0.01639544865,0.07280429517617616,0.07280429517617616,0.0,0.0,0,0,0,-1
gmsc,lightgbm,30,RevolvingUtilizationOfUnsecuredLines,relative_minus_5,-0.05,0.09734902,0.10221647099999999,0.2669688028729123,0.2669688028729123,0.0,0.0,0,0,0,-1
gmsc,lightgbm,31,RevolvingUtilizationOfUnsecuredLines,relative_minus_5,-0.05,0.09229909,0.0969140445,0.16812286485697317,0.16938478535317866,0.001261920496205493,0.001261920496205493,0,0,0,-1
gmsc,lightgbm,32,RevolvingUtilizationOfUnsecuredLines,relative_minus_5,-0.05,0.22324374,0.234405927,0.1358222660255187,0.18769426421521138,0.05187199818969268,0.05187199818969268,0,0,0,-1
gmsc,lightgbm,33,RevolvingUtilizationOfUnsecuredLines,relative_minus_5,-0.05,0.023850212,0.025042722599999998,0.0907121359558535,0.09215639840593688,0.001444262450083375,0.001444262450083375,0,0,0,-1
gmsc,lightgbm,34,RevolvingUtilizationOfUnsecuredLines,relative_minus_5,-0.05,0.57284,0.6014820000000001,0.5887765630991544,0.5887765630991544,0.0,0.0,1,1,0,-1
gmsc,lightgbm,35,RevolvingUtilizationOfUnsecuredLines,relative_minus_5,-0.05,0.2748278,0.28856919000000003,0.7686376306323768,0.7686376306323768,0.0,0.0,1,1,0,-1
gmsc,lightgbm,36,RevolvingUtilizationOfUnsecuredLines,relative_minus_5,-0.05,0.74517345,0.7824321225,0.20383228110756807,0.20383228110756807,0.0,0.0,0,0,0,-1
gmsc,lightgbm,37,RevolvingUtilizationOfUnsecuredLines,relative_minus_5,-0.05,0.72366506,0.759848313,0.36583164209666225,0.35696648384235735,-0.008865158254304895,0.008865158254304895,0,0,0,-1
gmsc,lightgbm,38,RevolvingUtilizationOfUnsecuredLines,relative_minus_5,-0.05,0.45712107,0.4799771235,0.25782269826496373,0.25782269826496373,0.0,0.0,0,0,0,-1
gmsc,lightgbm,39,RevolvingUtilizationOfUnsecuredLines,relative_minus_5,-0.05,0.06888933,0.07233379649999999,0.35851671570275906,0.35851671570275906,0.0,0.0,0,0,0,-1
gmsc,lightgbm,40,RevolvingUtilizationOfUnsecuredLines,relative_minus_5,-0.05,0.0,0.00455047435,0.15809809532716768,0.0713370533249051,-0.08676104200226258,0.08676104200226258,0,0,0,-1
gmsc,lightgbm,41,RevolvingUtilizationOfUnsecuredLines,relative_minus_5,-0.05,0.011121044,0.0116770962,0.17767130123412736,0.17767130123412736,0.0,0.0,0,0,0,-1
gmsc,lightgbm,42,RevolvingUtilizationOfUnsecuredLines,relative_minus_5,-0.05,0.07121731,0.0747781755,0.13142576347451704,0.13142576347451704,0.0,0.0,0,0,0,-1
gmsc,lightgbm,43,RevolvingUtilizationOfUnsecuredLines,relative_minus_5,-0.05,0.4177215,0.438607575,0.5220123045323535,0.5326737079541052,0.010661403421751703,0.010661403421751703,1,1,0,-1
gmsc,lightgbm,44,RevolvingUtilizationOfUnsecuredLines,relative_minus_5,-0.05,0.10908173,0.1145358165,0.10248475676544401,0.10248475676544401,0.0,0.0,0,0,0,-1
gmsc,lightgbm,45,RevolvingUtilizationOfUnsecuredLines,relative_minus_5,-0.05,0.040165327,0.042173593350000003,0.134509615497707,0.134509615497707,0.0,0.0,0,0,0,-1
gmsc,lightgbm,46,RevolvingUtilizationOfUnsecuredLines,relative_minus_5,-0.05,0.52790403,0.5542992314999999,0.24542503658751236,0.24542503658751236,0.0,0.0,0,0,0,-1
gmsc,lightgbm,47,RevolvingUtilizationOfUnsecuredLines,relative_minus_5,-0.05,0.06679555,0.0701353275,0.06429004529354826,0.06429004529354826,0.0,0.0,0,0,0,-1
gmsc,lightgbm,48,RevolvingUtilizationOfUnsecuredLines,relative_minus_5,-0.05,0.10128987,0.10635436350000001,0.08494795229441349,0.08494795229441349,0.0,0.0,0,0,0,-1
gmsc,lightgbm,49,RevolvingUtilizationOfUnsecuredLines,relative_minus_5,-0.05,0.026742943,0.02808009015,0.032964158323007746,0.03214571921094686,-0.0008184391120608855,0.0008184391120608855,0,0,0,-1
gmsc,lightgbm,50,RevolvingUtilizationOfUnsecuredLines,relative_minus_5,-0.05,0.14541522,0.15268598100000003,0.15598569074603788,0.15598569074603788,0.0,0.0,0,0,0,-1
gmsc,lightgbm,51,RevolvingUtilizationOfUnsecuredLines,relative_minus_5,-0.05,0.2929907,0.307640235,0.2427114365476945,0.2728032642665641,0.03009182771886959,0.03009182771886959,0,0,0,-1
gmsc,lightgbm,52,RevolvingUtilizationOfUnsecuredLines,relative_minus_5,-0.05,0.017210783,0.01807132215,0.04278071258564872,0.04278071258564872,0.0,0.0,0,0,0,-1
gmsc,lightgbm,53,RevolvingUtilizationOfUnsecuredLines,relative_minus_5,-0.05,0.7669077,0.8052530849999999,0.8459631804707949,0.8549103235652683,0.00894714309447342,0.00894714309447342,1,1,0,-1
gmsc,lightgbm,54,RevolvingUtilizationOfUnsecuredLines,relative_minus_5,-0.05,1.0356027,1.087382835,0.9585025696211499,0.9585025696211499,0.0,0.0,1,1,0,-1
gmsc,lightgbm,55,RevolvingUtilizationOfUnsecuredLines,relative_minus_5,-0.05,0.011375782,0.011944571099999999,0.05240087287788092,0.05240087287788092,0.0,0.0,0,0,0,-1
gmsc,lightgbm,56,RevolvingUtilizationOfUnsecuredLines,relative_minus_5,-0.05,0.0,0.00455047435,0.16633030838518062,0.0844530142412214,-0.08187729414395922,0.08187729414395922,0,0,0,-1
gmsc,lightgbm,57,RevolvingUtilizationOfUnsecuredLines,relative_minus_5,-0.05,0.9999999,1.049999895,0.5855679032449771,0.7024180505080351,0.11685014726305798,0.11685014726305798,1,1,0,-1
gmsc,lightgbm,58,RevolvingUtilizationOfUnsecuredLines,relative_minus_5,-0.05,0.5012159,0.5262766950000001,0.7120052536243187,0.7120052536243187,0.0,0.0,1,1,0,-1
gmsc,lightgbm,59,RevolvingUtilizationOfUnsecuredLines,relative_minus_5,-0.05,0.8254279,0.866699295,0.6081127081916137,0.6366054760000934,0.028492767808479758,0.028492767808479758,1,1,0,-1
gmsc,lightgbm,60,RevolvingUtilizationOfUnsecuredLines,relative_minus_5,-0.05,0.0,0.00455047435,0.19907747746451288,0.10622193994922902,-0.09285553751528386,0.09285553751528386,0,0,0,-1
gmsc,lightgbm,61,RevolvingUtilizationOfUnsecuredLines,relative_minus_5,-0.05,0.28095686,0.295004703,0.3321226038071093,0.33933454947838854,0.007211945671279252,0.007211945671279252,0,0,0,-1
gmsc,lightgbm,62,RevolvingUtilizationOfUnsecuredLines,relative_minus_5,-0.05,0.9999999,1.049999895,0.49700932793678176,0.6471764657009358,0.15016713776415402,0.15016713776415402,0,1,1,-1
gmsc,lightgbm,63,RevolvingUtilizationOfUnsecuredLines,relative_minus_5,-0.05,0.0717633,0.075351465,0.07983838287755414,0.07983838287755414,0.0,0.0,0,0,0,-1
gmsc,lightgbm,64,RevolvingUtilizationOfUnsecuredLines,relative_minus_5,-0.05,0.0,0.00455047435,0.27572869286326523,0.17699587423890042,-0.09873281862436481,0.09873281862436481,0,0,0,-1
gmsc,lightgbm,65,RevolvingUtilizationOfUnsecuredLines,relative_minus_5,-0.05,0.00931117,0.0097767285,0.3901193599625518,0.3901193599625518,0.0,0.0,0,0,0,-1
gmsc,lightgbm,66,RevolvingUtilizationOfUnsecuredLines,relative_minus_5,-0.05,0.27445123,0.2881737915,0.14251343003654435,0.14251343003654435,0.0,0.0,0,0,0,-1
gmsc,lightgbm,67,RevolvingUtilizationOfUnsecuredLines,relative_minus_5,-0.05,0.69228846,0.7269028829999999,0.42152422623564395,0.4607850549503268,0.03926082871468284,0.03926082871468284,0,0,0,-1
gmsc,lightgbm,68,RevolvingUtilizationOfUnsecuredLines,relative_minus_5,-0.05,0.07034841,0.07386583050000001,0.1212328971978392,0.1212328971978392,0.0,0.0,0,0,0,-1
gmsc,lightgbm,69,RevolvingUtilizationOfUnsecuredLines,relative_minus_5,-0.05,0.21850161,0.2294266905,0.5620282234727743,0.6290119837117683,0.066983760238994,0.066983760238994,1,1,0,-1
gmsc,lightgbm,70,RevolvingUtilizationOfUnsecuredLines,relative_minus_5,-0.05,0.023867318,0.0250606839,0.4264114501848385,0.43066903543360735,0.004257585248768847,0.004257585248768847,0,0,0,-1
gmsc,lightgbm,71,RevolvingUtilizationOfUnsecuredLines,relative_minus_5,-0.05,0.050140366,0.0526473843,0.11528535367529104,0.11528535367529104,0.0,0.0,0,0,0,-1
gmsc,lightgbm,72,RevolvingUtilizationOfUnsecuredLines,relative_minus_5,-0.05,0.06126258,0.064325709,0.18694209170398213,0.18694209170398213,0.0,0.0,0,0,0,-1
gmsc,lightgbm,73,RevolvingUtilizationOfUnsecuredLines,relative_minus_5,-0.05,0.44115546,0.463213233,0.4189962251498132,0.4189962251498132,0.0,0.0,0,0,0,-1
gmsc,lightgbm,74,RevolvingUtilizationOfUnsecuredLines,relative_minus_5,-0.05,0.18675703,0.19609488149999998,0.210992213581658,0.210992213581658,0.0,0.0,0,0,0,-1
gmsc,lightgbm,75,RevolvingUtilizationOfUnsecuredLines,relative_minus_5,-0.05,0.5988024,0.62874252,0.5342256118004257,0.5646148092712575,0.030389197470831797,0.030389197470831797,1,1,0,-1
gmsc,lightgbm,76,RevolvingUtilizationOfUnsecuredLines,relative_minus_5,-0.05,0.018871846,0.0198154383,0.14869088239886066,0.14869088239886066,0.0,0.0,0,0,0,-1
gmsc,lightgbm,77,RevolvingUtilizationOfUnsecuredLines,relative_minus_5,-0.05,0.0223315,0.023448075000000002,0.06703174942227336,0.06703174942227336,0.0,0.0,0,0,0,-1
gmsc,lightgbm,78,RevolvingUtilizationOfUnsecuredLines,relative_minus_5,-0.05,0.053710874,0.0563964177,0.06266917697987844,0.06266917697987844,0.0,0.0,0,0,0,-1
gmsc,lightgbm,79,RevolvingUtilizationOfUnsecuredLines,relative_minus_5,-0.05,0.4251497,0.44640718500000004,0.3139529328389652,0.3139529328389652,0.0,0.0,0,0,0,-1
gmsc,lightgbm,80,RevolvingUtilizationOfUnsecuredLines,relative_minus_5,-0.05,0.51730984,0.543175332,0.13302830629350945,0.13302830629350945,0.0,0.0,0,0,0,-1
gmsc,lightgbm,81,RevolvingUtilizationOfUnsecuredLines,relative_minus_5,-0.05,0.089719884,0.0942058782,0.1610671025822026,0.1610671025822026,0.0,0.0,0,0,0,-1
gmsc,lightgbm,82,RevolvingUtilizationOfUnsecuredLines,relative_minus_5,-0.05,0.5517315,0.579318075,0.39361810976909195,0.39361810976909195,0.0,0.0,0,0,0,-1
gmsc,lightgbm,83,RevolvingUtilizationOfUnsecuredLines,relative_minus_5,-0.05,0.04207145,0.0441750225,0.07356231072502029,0.07993280029921293,0.006370489574192645,0.006370489574192645,0,0,0,-1
gmsc,lightgbm,84,RevolvingUtilizationOfUnsecuredLines,relative_minus_5,-0.05,0.9999999,1.049999895,0.6471402060773409,0.7664452591545756,0.11930505307723471,0.11930505307723471,1,1,0,-1
gmsc,lightgbm,85,RevolvingUtilizationOfUnsecuredLines,relative_minus_5,-0.05,0.009346499,0.00981382395,0.06895634900657907,0.06895634900657907,0.0,0.0,0,0,0,-1
gmsc,lightgbm,86,RevolvingUtilizationOfUnsecuredLines,relative_minus_5,-0.05,0.005071066,0.0053246193,0.11410528051242601,0.11410528051242601,0.0,0.0,0,0,0,-1
gmsc,lightgbm,87,RevolvingUtilizationOfUnsecuredLines,relative_minus_5,-0.05,0.012843349,0.01348551645,0.1006092467906027,0.1006092467906027,0.0,0.0,0,0,0,-1
gmsc,lightgbm,88,RevolvingUtilizationOfUnsecuredLines,relative_minus_5,-0.05,0.1560879,0.163892295,0.126512958826711,0.126512958826711,0.0,0.0,0,0,0,-1
gmsc,lightgbm,89,RevolvingUtilizationOfUnsecuredLines,relative_minus_5,-0.05,0.604072,0.6342756,0.3522704795855978,0.380770725273576,0.02850024568797821,0.02850024568797821,0,0,0,-1
gmsc,lightgbm,90,RevolvingUtilizationOfUnsecuredLines,relative_minus_5,-0.05,0.03815551,0.0400632855,0.04106193866788959,0.04106193866788959,0.0,0.0,0,0,0,-1
gmsc,lightgbm,91,RevolvingUtilizationOfUnsecuredLines,relative_minus_5,-0.05,0.037672102,0.0395557071,0.15372114734573783,0.14174948827968914,-0.01197165906604869,0.01197165906604869,0,0,0,-1
gmsc,lightgbm,92,RevolvingUtilizationOfUnsecuredLines,relative_minus_5,-0.05,0.007924802,0.0083210421,0.06485095205727061,0.06394841200355536,-0.0009025400537152478,0.0009025400537152478,0,0,0,-1
gmsc,lightgbm,93,RevolvingUtilizationOfUnsecuredLines,relative_minus_5,-0.05,0.01435026,0.015067773,0.09924642147480602,0.09924642147480602,0.0,0.0,0,0,0,-1
gmsc,lightgbm,94,RevolvingUtilizationOfUnsecuredLines,relative_minus_5,-0.05,0.03742409,0.0392952945,0.16680920152776404,0.16680920152776404,0.0,0.0,0,0,0,-1
gmsc,lightgbm,95,RevolvingUtilizationOfUnsecuredLines,relative_minus_5,-0.05,0.052285843,0.05490013515,0.21924410434064803,0.21924410434064803,0.0,0.0,0,0,0,-1
gmsc,lightgbm,96,RevolvingUtilizationOfUnsecuredLines,relative_minus_5,-0.05,0.13591728,0.14271314400000001,0.1131618927406001,0.12238370213255066,0.009221809391950567,0.009221809391950567,0,0,0,-1
gmsc,lightgbm,97,RevolvingUtilizationOfUnsecuredLines,relative_minus_5,-0.05,0.010577377,0.01110624585,0.10806143941846993,0.10806143941846993,0.0,0.0,0,0,0,-1
gmsc,lightgbm,98,RevolvingUtilizationOfUnsecuredLines,relative_minus_5,-0.05,0.29667103,0.3115045815,0.4053784379973068,0.4286513248592158,0.023272886861909037,0.023272886861909037,0,0,0,-1
gmsc,lightgbm,99,RevolvingUtilizationOfUnsecuredLines,relative_minus_5,-0.05,0.8326131,0.874243755,0.9052932427250325,0.9172420530167397,0.011948810291707135,0.011948810291707135,1,1,0,-1
gmsc,lightgbm,0,RevolvingUtilizationOfUnsecuredLines,relative_plus_5,0.05,0.030896358,0.0324411759,0.09051292759777842,0.09051292759777842,0.0,0.0,0,0,0,-1
gmsc,lightgbm,1,RevolvingUtilizationOfUnsecuredLines,relative_plus_5,0.05,0.02948292,0.030957066,0.07432795724364831,0.07432795724364831,0.0,0.0,0,0,0,-1
gmsc,lightgbm,2,RevolvingUtilizationOfUnsecuredLines,relative_plus_5,0.05,0.021382323,0.022451439150000002,0.056660675741342766,0.056660675741342766,0.0,0.0,0,0,0,-1
gmsc,lightgbm,3,RevolvingUtilizationOfUnsecuredLines,relative_plus_5,0.05,0.15189621,0.1594910205,0.286464202572455,0.29109181795231415,0.0046276153798591735,0.0046276153798591735,0,0,0,-1
gmsc,lightgbm,4,RevolvingUtilizationOfUnsecuredLines,relative_plus_5,0.05,0.011665889,0.012249183450000001,0.10238192900656183,0.10238192900656183,0.0,0.0,0,0,0,-1
gmsc,lightgbm,5,RevolvingUtilizationOfUnsecuredLines,relative_plus_5,0.05,0.23322007,0.2448810735,0.18604525641874214,0.18604525641874214,0.0,0.0,0,0,0,-1
gmsc,lightgbm,6,RevolvingUtilizationOfUnsecuredLines,relative_plus_5,0.05,0.39567325,0.4154569125,0.23797486099678064,0.275925553700158,0.03795069270337734,0.03795069270337734,0,0,0,-1
gmsc,lightgbm,7,RevolvingUtilizationOfUnsecuredLines,relative_plus_5,0.05,0.2807908,0.29483034,0.1952165672674782,0.2003474303463824,0.005130863078904174,0.005130863078904174,0,0,0,-1
gmsc,lightgbm,8,RevolvingUtilizationOfUnsecuredLines,relative_plus_5,0.05,0.0,0.00455047435,0.1354653526779545,0.07153734980704926,-0.06392800287090525,0.06392800287090525,0,0,0,-1
gmsc,lightgbm,9,RevolvingUtilizationOfUnsecuredLines,relative_plus_5,0.05,0.12197734,0.128076207,0.4085309008746626,0.4085309008746626,0.0,0.0,0,0,0,-1
gmsc,lightgbm,10,RevolvingUtilizationOfUnsecuredLines,relative_plus_5,0.05,0.3846793,0.403913265,0.4151340630771105,0.4485279974378582,0.033393934360747723,0.033393934360747723,0,0,0,-1
gmsc,lightgbm,11,RevolvingUtilizationOfUnsecuredLines,relative_plus_5,0.05,0.43613514,0.457941897,0.2344419755121663,0.2344419755121663,0.0,0.0,0,0,0,-1
gmsc,lightgbm,12,RevolvingUtilizationOfUnsecuredLines,relative_plus_5,0.05,0.09578084,0.100569882,0.04156783494420435,0.04156783494420435,0.0,0.0,0,0,0,-1
gmsc,lightgbm,13,RevolvingUtilizationOfUnsecuredLines,relative_plus_5,0.05,0.9999999,1.049999895,0.8781305200687587,0.9230790938124996,0.04494857374374095,0.04494857374374095,1,1,0,-1
gmsc,lightgbm,14,RevolvingUtilizationOfUnsecuredLines,relative_plus_5,0.05,0.47141215,0.4949827575,0.30318348670534856,0.32006822542358143,0.016884738718232872,0.016884738718232872,0,0,0,-1
gmsc,lightgbm,15,RevolvingUtilizationOfUnsecuredLines,relative_plus_5,0.05,0.03738817,0.0392575785,0.27986218783007943,0.26109764767386334,-0.018764540156216092,0.018764540156216092,0,0,0,-1
gmsc,lightgbm,16,RevolvingUtilizationOfUnsecuredLines,relative_plus_5,0.05,0.36518577,0.38344505850000005,0.4795715640243079,0.4795715640243079,0.0,0.0,0,0,0,-1
gmsc,lightgbm,17,RevolvingUtilizationOfUnsecuredLines,relative_plus_5,0.05,0.044219106,0.0464300613,0.10036173784291944,0.08191845077001962,-0.018443287072899814,0.018443287072899814,0,0,0,-1
gmsc,lightgbm,18,RevolvingUtilizationOfUnsecuredLines,relative_plus_5,0.05,0.9999999,1.049999895,0.4332396231850946,0.5757748428454028,0.1425352196603082,0.1425352196603082,0,1,1,-1
gmsc,lightgbm,19,RevolvingUtilizationOfUnsecuredLines,relative_plus_5,0.05,0.050904956,0.0534502038,0.20706517488791176,0.189354171220936,-0.017711003666975755,0.017711003666975755,0,0,0,-1
gmsc,lightgbm,20,RevolvingUtilizationOfUnsecuredLines,relative_plus_5,0.05,0.028527671,0.02995405455,0.05708612745116283,0.05708612745116283,0.0,0.0,0,0,0,-1
gmsc,lightgbm,21,RevolvingUtilizationOfUnsecuredLines,relative_plus_5,0.05,0.06357361,0.0667522905,0.0755556455268635,0.10735684089570605,0.031801195368842544,0.031801195368842544,0,0,0,-1
gmsc,lightgbm,22,RevolvingUtilizationOfUnsecuredLines,relative_plus_5,0.05,0.002599913,0.00272990865,0.05695935088858043,0.05695935088858043,0.0,0.0,0,0,0,-1
gmsc,lightgbm,23,RevolvingUtilizationOfUnsecuredLines,relative_plus_5,0.05,0.03161417,0.0331948785,0.08889571164479391,0.08889571164479391,0.0,0.0,0,0,0,-1
gmsc,lightgbm,24,RevolvingUtilizationOfUnsecuredLines,relative_plus_5,0.05,0.025913903,0.02720959815,0.03569402945373115,0.03569402945373115,0.0,0.0,0,0,0,-1
gmsc,lightgbm,25,RevolvingUtilizationOfUnsecuredLines,relative_plus_5,0.05,0.8536293,0.8963107650000001,0.485195355176274,0.508502879501418,0.023307524325144047,0.023307524325144047,0,1,1,-1
gmsc,lightgbm,26,RevolvingUtilizationOfUnsecuredLines,relative_plus_5,0.05,0.9999999,1.049999895,0.4690330102001808,0.6454709508243567,0.1764379406241759,0.1764379406241759,0,1,1,-1
gmsc,lightgbm,27,RevolvingUtilizationOfUnsecuredLines,relative_plus_5,0.05,0.063485205,0.06665946525000001,0.15310886136230434,0.19442267614447345,0.04131381478216911,0.04131381478216911,0,0,0,-1
gmsc,lightgbm,28,RevolvingUtilizationOfUnsecuredLines,relative_plus_5,0.05,0.0,0.00455047435,0.24706706865061875,0.13542590808765603,-0.11164116056296272,0.11164116056296272,0,0,0,-1
gmsc,lightgbm,29,RevolvingUtilizationOfUnsecuredLines,relative_plus_5,0.05,0.015614713,0.01639544865,0.07280429517617616,0.07280429517617616,0.0,0.0,0,0,0,-1
gmsc,lightgbm,30,RevolvingUtilizationOfUnsecuredLines,relative_plus_5,0.05,0.09734902,0.10221647099999999,0.2669688028729123,0.2669688028729123,0.0,0.0,0,0,0,-1
gmsc,lightgbm,31,RevolvingUtilizationOfUnsecuredLines,relative_plus_5,0.05,0.09229909,0.0969140445,0.16812286485697317,0.16938478535317866,0.001261920496205493,0.001261920496205493,0,0,0,-1
gmsc,lightgbm,32,RevolvingUtilizationOfUnsecuredLines,relative_plus_5,0.05,0.22324374,0.234405927,0.1358222660255187,0.18769426421521138,0.05187199818969268,0.05187199818969268,0,0,0,-1
gmsc,lightgbm,33,RevolvingUtilizationOfUnsecuredLines,relative_plus_5,0.05,0.023850212,0.025042722599999998,0.0907121359558535,0.09215639840593688,0.001444262450083375,0.001444262450083375,0,0,0,-1
gmsc,lightgbm,34,RevolvingUtilizationOfUnsecuredLines,relative_plus_5,0.05,0.57284,0.6014820000000001,0.5887765630991544,0.5887765630991544,0.0,0.0,1,1,0,-1
gmsc,lightgbm,35,RevolvingUtilizationOfUnsecuredLines,relative_plus_5,0.05,0.2748278,0.28856919000000003,0.7686376306323768,0.7686376306323768,0.0,0.0,1,1,0,-1
gmsc,lightgbm,36,RevolvingUtilizationOfUnsecuredLines,relative_plus_5,0.05,0.74517345,0.7824321225,0.20383228110756807,0.20383228110756807,0.0,0.0,0,0,0,-1
gmsc,lightgbm,37,RevolvingUtilizationOfUnsecuredLines,relative_plus_5,0.05,0.72366506,0.759848313,0.36583164209666225,0.35696648384235735,-0.008865158254304895,0.008865158254304895,0,0,0,-1
gmsc,lightgbm,38,RevolvingUtilizationOfUnsecuredLines,relative_plus_5,0.05,0.45712107,0.4799771235,0.25782269826496373,0.25782269826496373,0.0,0.0,0,0,0,-1
gmsc,lightgbm,39,RevolvingUtilizationOfUnsecuredLines,relative_plus_5,0.05,0.06888933,0.07233379649999999,0.35851671570275906,0.35851671570275906,0.0,0.0,0,0,0,-1
gmsc,lightgbm,40,RevolvingUtilizationOfUnsecuredLines,relative_plus_5,0.05,0.0,0.00455047435,0.15809809532716768,0.0713370533249051,-0.08676104200226258,0.08676104200226258,0,0,0,-1
gmsc,lightgbm,41,RevolvingUtilizationOfUnsecuredLines,relative_plus_5,0.05,0.011121044,0.0116770962,0.17767130123412736,0.17767130123412736,0.0,0.0,0,0,0,-1
gmsc,lightgbm,42,RevolvingUtilizationOfUnsecuredLines,relative_plus_5,0.05,0.07121731,0.0747781755,0.13142576347451704,0.13142576347451704,0.0,0.0,0,0,0,-1
gmsc,lightgbm,43,RevolvingUtilizationOfUnsecuredLines,relative_plus_5,0.05,0.4177215,0.438607575,0.5220123045323535,0.5326737079541052,0.010661403421751703,0.010661403421751703,1,1,0,-1
gmsc,lightgbm,44,RevolvingUtilizationOfUnsecuredLines,relative_plus_5,0.05,0.10908173,0.1145358165,0.10248475676544401,0.10248475676544401,0.0,0.0,0,0,0,-1
gmsc,lightgbm,45,RevolvingUtilizationOfUnsecuredLines,relative_plus_5,0.05,0.040165327,0.042173593350000003,0.134509615497707,0.134509615497707,0.0,0.0,0,0,0,-1
gmsc,lightgbm,46,RevolvingUtilizationOfUnsecuredLines,relative_plus_5,0.05,0.52790403,0.5542992314999999,0.24542503658751236,0.24542503658751236,0.0,0.0,0,0,0,-1
gmsc,lightgbm,47,RevolvingUtilizationOfUnsecuredLines,relative_plus_5,0.05,0.06679555,0.0701353275,0.06429004529354826,0.06429004529354826,0.0,0.0,0,0,0,-1
gmsc,lightgbm,48,RevolvingUtilizationOfUnsecuredLines,relative_plus_5,0.05,0.10128987,0.10635436350000001,0.08494795229441349,0.08494795229441349,0.0,0.0,0,0,0,-1
gmsc,lightgbm,49,RevolvingUtilizationOfUnsecuredLines,relative_plus_5,0.05,0.026742943,0.02808009015,0.032964158323007746,0.03214571921094686,-0.0008184391120608855,0.0008184391120608855,0,0,0,-1
gmsc,lightgbm,50,RevolvingUtilizationOfUnsecuredLines,relative_plus_5,0.05,0.14541522,0.15268598100000003,0.15598569074603788,0.15598569074603788,0.0,0.0,0,0,0,-1
gmsc,lightgbm,51,RevolvingUtilizationOfUnsecuredLines,relative_plus_5,0.05,0.2929907,0.307640235,0.2427114365476945,0.2728032642665641,0.03009182771886959,0.03009182771886959,0,0,0,-1
gmsc,lightgbm,52,RevolvingUtilizationOfUnsecuredLines,relative_plus_5,0.05,0.017210783,0.01807132215,0.04278071258564872,0.04278071258564872,0.0,0.0,0,0,0,-1
gmsc,lightgbm,53,RevolvingUtilizationOfUnsecuredLines,relative_plus_5,0.05,0.7669077,0.8052530849999999,0.8459631804707949,0.8549103235652683,0.00894714309447342,0.00894714309447342,1,1,0,-1
gmsc,lightgbm,54,RevolvingUtilizationOfUnsecuredLines,relative_plus_5,0.05,1.0356027,1.087382835,0.9585025696211499,0.9585025696211499,0.0,0.0,1,1,0,-1
gmsc,lightgbm,55,RevolvingUtilizationOfUnsecuredLines,relative_plus_5,0.05,0.011375782,0.011944571099999999,0.05240087287788092,0.05240087287788092,0.0,0.0,0,0,0,-1
gmsc,lightgbm,56,RevolvingUtilizationOfUnsecuredLines,relative_plus_5,0.05,0.0,0.00455047435,0.16633030838518062,0.0844530142412214,-0.08187729414395922,0.08187729414395922,0,0,0,-1
gmsc,lightgbm,57,RevolvingUtilizationOfUnsecuredLines,relative_plus_5,0.05,0.9999999,1.049999895,0.5855679032449771,0.7024180505080351,0.11685014726305798,0.11685014726305798,1,1,0,-1
gmsc,lightgbm,58,RevolvingUtilizationOfUnsecuredLines,relative_plus_5,0.05,0.5012159,0.5262766950000001,0.7120052536243187,0.7120052536243187,0.0,0.0,1,1,0,-1
gmsc,lightgbm,59,RevolvingUtilizationOfUnsecuredLines,relative_plus_5,0.05,0.8254279,0.866699295,0.6081127081916137,0.6366054760000934,0.028492767808479758,0.028492767808479758,1,1,0,-1
gmsc,lightgbm,60,RevolvingUtilizationOfUnsecuredLines,relative_plus_5,0.05,0.0,0.00455047435,0.19907747746451288,0.10622193994922902,-0.09285553751528386,0.09285553751528386,0,0,0,-1
gmsc,lightgbm,61,RevolvingUtilizationOfUnsecuredLines,relative_plus_5,0.05,0.28095686,0.295004703,0.3321226038071093,0.33933454947838854,0.007211945671279252,0.007211945671279252,0,0,0,-1
gmsc,lightgbm,62,RevolvingUtilizationOfUnsecuredLines,relative_plus_5,0.05,0.9999999,1.049999895,0.49700932793678176,0.6471764657009358,0.15016713776415402,0.15016713776415402,0,1,1,-1
gmsc,lightgbm,63,RevolvingUtilizationOfUnsecuredLines,relative_plus_5,0.05,0.0717633,0.075351465,0.07983838287755414,0.07983838287755414,0.0,0.0,0,0,0,-1
gmsc,lightgbm,64,RevolvingUtilizationOfUnsecuredLines,relative_plus_5,0.05,0.0,0.00455047435,0.27572869286326523,0.17699587423890042,-0.09873281862436481,0.09873281862436481,0,0,0,-1
gmsc,lightgbm,65,RevolvingUtilizationOfUnsecuredLines,relative_plus_5,0.05,0.00931117,0.0097767285,0.3901193599625518,0.3901193599625518,0.0,0.0,0,0,0,-1
gmsc,lightgbm,66,RevolvingUtilizationOfUnsecuredLines,relative_plus_5,0.05,0.27445123,0.2881737915,0.14251343003654435,0.14251343003654435,0.0,0.0,0,0,0,-1
gmsc,lightgbm,67,RevolvingUtilizationOfUnsecuredLines,relative_plus_5,0.05,0.69228846,0.7269028829999999,0.42152422623564395,0.4607850549503268,0.03926082871468284,0.03926082871468284,0,0,0,-1
gmsc,lightgbm,68,RevolvingUtilizationOfUnsecuredLines,relative_plus_5,0.05,0.07034841,0.07386583050000001,0.1212328971978392,0.1212328971978392,0.0,0.0,0,0,0,-1
gmsc,lightgbm,69,RevolvingUtilizationOfUnsecuredLines,relative_plus_5,0.05,0.21850161,0.2294266905,0.5620282234727743,0.6290119837117683,0.066983760238994,0.066983760238994,1,1,0,-1
gmsc,lightgbm,70,RevolvingUtilizationOfUnsecuredLines,relative_plus_5,0.05,0.023867318,0.0250606839,0.4264114501848385,0.43066903543360735,0.004257585248768847,0.004257585248768847,0,0,0,-1
gmsc,lightgbm,71,RevolvingUtilizationOfUnsecuredLines,relative_plus_5,0.05,0.050140366,0.0526473843,0.11528535367529104,0.11528535367529104,0.0,0.0,0,0,0,-1
gmsc,lightgbm,72,RevolvingUtilizationOfUnsecuredLines,relative_plus_5,0.05,0.06126258,0.064325709,0.18694209170398213,0.18694209170398213,0.0,0.0,0,0,0,-1
gmsc,lightgbm,73,RevolvingUtilizationOfUnsecuredLines,relative_plus_5,0.05,0.44115546,0.463213233,0.4189962251498132,0.4189962251498132,0.0,0.0,0,0,0,-1
gmsc,lightgbm,74,RevolvingUtilizationOfUnsecuredLines,relative_plus_5,0.05,0.18675703,0.19609488149999998,0.210992213581658,0.210992213581658,0.0,0.0,0,0,0,-1
gmsc,lightgbm,75,RevolvingUtilizationOfUnsecuredLines,relative_plus_5,0.05,0.5988024,0.62874252,0.5342256118004257,0.5646148092712575,0.030389197470831797,0.030389197470831797,1,1,0,-1
gmsc,lightgbm,76,RevolvingUtilizationOfUnsecuredLines,relative_plus_5,0.05,0.018871846,0.0198154383,0.14869088239886066,0.14869088239886066,0.0,0.0,0,0,0,-1
gmsc,lightgbm,77,RevolvingUtilizationOfUnsecuredLines,relative_plus_5,0.05,0.0223315,0.023448075000000002,0.06703174942227336,0.06703174942227336,0.0,0.0,0,0,0,-1
gmsc,lightgbm,78,RevolvingUtilizationOfUnsecuredLines,relative_plus_5,0.05,0.053710874,0.0563964177,0.06266917697987844,0.06266917697987844,0.0,0.0,0,0,0,-1
gmsc,lightgbm,79,RevolvingUtilizationOfUnsecuredLines,relative_plus_5,0.05,0.4251497,0.44640718500000004,0.3139529328389652,0.3139529328389652,0.0,0.0,0,0,0,-1
gmsc,lightgbm,80,RevolvingUtilizationOfUnsecuredLines,relative_plus_5,0.05,0.51730984,0.543175332,0.13302830629350945,0.13302830629350945,0.0,0.0,0,0,0,-1
gmsc,lightgbm,81,RevolvingUtilizationOfUnsecuredLines,relative_plus_5,0.05,0.089719884,0.0942058782,0.1610671025822026,0.1610671025822026,0.0,0.0,0,0,0,-1
gmsc,lightgbm,82,RevolvingUtilizationOfUnsecuredLines,relative_plus_5,0.05,0.5517315,0.579318075,0.39361810976909195,0.39361810976909195,0.0,0.0,0,0,0,-1
gmsc,lightgbm,83,RevolvingUtilizationOfUnsecuredLines,relative_plus_5,0.05,0.04207145,0.0441750225,0.07356231072502029,0.07993280029921293,0.006370489574192645,0.006370489574192645,0,0,0,-1
gmsc,lightgbm,84,RevolvingUtilizationOfUnsecuredLines,relative_plus_5,0.05,0.9999999,1.049999895,0.6471402060773409,0.7664452591545756,0.11930505307723471,0.11930505307723471,1,1,0,-1
gmsc,lightgbm,85,RevolvingUtilizationOfUnsecuredLines,relative_plus_5,0.05,0.009346499,0.00981382395,0.06895634900657907,0.06895634900657907,0.0,0.0,0,0,0,-1
gmsc,lightgbm,86,RevolvingUtilizationOfUnsecuredLines,relative_plus_5,0.05,0.005071066,0.0053246193,0.11410528051242601,0.11410528051242601,0.0,0.0,0,0,0,-1
gmsc,lightgbm,87,RevolvingUtilizationOfUnsecuredLines,relative_plus_5,0.05,0.012843349,0.01348551645,0.1006092467906027,0.1006092467906027,0.0,0.0,0,0,0,-1
gmsc,lightgbm,88,RevolvingUtilizationOfUnsecuredLines,relative_plus_5,0.05,0.1560879,0.163892295,0.126512958826711,0.126512958826711,0.0,0.0,0,0,0,-1
gmsc,lightgbm,89,RevolvingUtilizationOfUnsecuredLines,relative_plus_5,0.05,0.604072,0.6342756,0.3522704795855978,0.380770725273576,0.02850024568797821,0.02850024568797821,0,0,0,-1
gmsc,lightgbm,90,RevolvingUtilizationOfUnsecuredLines,relative_plus_5,0.05,0.03815551,0.0400632855,0.04106193866788959,0.04106193866788959,0.0,0.0,0,0,0,-1
gmsc,lightgbm,91,RevolvingUtilizationOfUnsecuredLines,relative_plus_5,0.05,0.037672102,0.0395557071,0.15372114734573783,0.14174948827968914,-0.01197165906604869,0.01197165906604869,0,0,0,-1
gmsc,lightgbm,92,RevolvingUtilizationOfUnsecuredLines,relative_plus_5,0.05,0.007924802,0.0083210421,0.06485095205727061,0.06394841200355536,-0.0009025400537152478,0.0009025400537152478,0,0,0,-1
gmsc,lightgbm,93,RevolvingUtilizationOfUnsecuredLines,relative_plus_5,0.05,0.01435026,0.015067773,0.09924642147480602,0.09924642147480602,0.0,0.0,0,0,0,-1
gmsc,lightgbm,94,RevolvingUtilizationOfUnsecuredLines,relative_plus_5,0.05,0.03742409,0.0392952945,0.16680920152776404,0.16680920152776404,0.0,0.0,0,0,0,-1
gmsc,lightgbm,95,RevolvingUtilizationOfUnsecuredLines,relative_plus_5,0.05,0.052285843,0.05490013515,0.21924410434064803,0.21924410434064803,0.0,0.0,0,0,0,-1
gmsc,lightgbm,96,RevolvingUtilizationOfUnsecuredLines,relative_plus_5,0.05,0.13591728,0.14271314400000001,0.1131618927406001,0.12238370213255066,0.009221809391950567,0.009221809391950567,0,0,0,-1
gmsc,lightgbm,97,RevolvingUtilizationOfUnsecuredLines,relative_plus_5,0.05,0.010577377,0.01110624585,0.10806143941846993,0.10806143941846993,0.0,0.0,0,0,0,-1
gmsc,lightgbm,98,RevolvingUtilizationOfUnsecuredLines,relative_plus_5,0.05,0.29667103,0.3115045815,0.4053784379973068,0.4286513248592158,0.023272886861909037,0.023272886861909037,0,0,0,-1
gmsc,lightgbm,99,RevolvingUtilizationOfUnsecuredLines,relative_plus_5,0.05,0.8326131,0.874243755,0.9052932427250325,0.9172420530167397,0.011948810291707135,0.011948810291707135,1,1,0,-1
gmsc,lightgbm,0,RevolvingUtilizationOfUnsecuredLines,relative_minus_10,-0.1,0.030896358,0.033985993799999996,0.09051292759777842,0.08867295084821253,-0.0018399767495658886,0.0018399767495658886,0,0,0,-1
gmsc,lightgbm,1,RevolvingUtilizationOfUnsecuredLines,relative_minus_10,-0.1,0.02948292,0.032431212,0.07432795724364831,0.07432795724364831,0.0,0.0,0,0,0,-1
gmsc,lightgbm,2,RevolvingUtilizationOfUnsecuredLines,relative_minus_10,-0.1,0.021382323,0.023520555300000003,0.056660675741342766,0.056660675741342766,0.0,0.0,0,0,0,-1
gmsc,lightgbm,3,RevolvingUtilizationOfUnsecuredLines,relative_minus_10,-0.1,0.15189621,0.16708583100000002,0.286464202572455,0.29109181795231415,0.0046276153798591735,0.0046276153798591735,0,0,0,-1
gmsc,lightgbm,4,RevolvingUtilizationOfUnsecuredLines,relative_minus_10,-0.1,0.011665889,0.0128324779,0.10238192900656183,0.10238192900656183,0.0,0.0,0,0,0,-1
gmsc,lightgbm,5,RevolvingUtilizationOfUnsecuredLines,relative_minus_10,-0.1,0.23322007,0.256542077,0.18604525641874214,0.17046326427649983,-0.015581992142242318,0.015581992142242318,0,0,0,-1
gmsc,lightgbm,6,RevolvingUtilizationOfUnsecuredLines,relative_minus_10,-0.1,0.39567325,0.43524057499999996,0.23797486099678064,0.275925553700158,0.03795069270337734,0.03795069270337734,0,0,0,-1
gmsc,lightgbm,7,RevolvingUtilizationOfUnsecuredLines,relative_minus_10,-0.1,0.2807908,0.30886988,0.1952165672674782,0.23526177409722246,0.040045206829744245,0.040045206829744245,0,0,0,-1
gmsc,lightgbm,8,RevolvingUtilizationOfUnsecuredLines,relative_minus_10,-0.1,0.0,0.0091009487,0.1354653526779545,0.085552204474009,-0.049913148203945504,0.049913148203945504,0,0,0,-1
gmsc,lightgbm,9,RevolvingUtilizationOfUnsecuredLines,relative_minus_10,-0.1,0.12197734,0.134175074,0.4085309008746626,0.4195264025715899,0.010995501696927312,0.010995501696927312,0,0,0,-1
gmsc,lightgbm,10,RevolvingUtilizationOfUnsecuredLines,relative_minus_10,-0.1,0.3846793,0.42314723,0.4151340630771105,0.4641292921772363,0.048995229100125826,0.048995229100125826,0,0,0,-1
gmsc,lightgbm,11,RevolvingUtilizationOfUnsecuredLines,relative_minus_10,-0.1,0.43613514,0.479748654,0.2344419755121663,0.2344419755121663,0.0,0.0,0,0,0,-1
gmsc,lightgbm,12,RevolvingUtilizationOfUnsecuredLines,relative_minus_10,-0.1,0.09578084,0.105358924,0.04156783494420435,0.04156783494420435,0.0,0.0,0,0,0,-1
gmsc,lightgbm,13,RevolvingUtilizationOfUnsecuredLines,relative_minus_10,-0.1,0.9999999,1.09999989,0.8781305200687587,0.9230790938124996,0.04494857374374095,0.04494857374374095,1,1,0,-1
gmsc,lightgbm,14,RevolvingUtilizationOfUnsecuredLines,relative_minus_10,-0.1,0.47141215,0.5185533649999999,0.30318348670534856,0.39229117141515985,0.08910768470981129,0.08910768470981129,0,0,0,-1
gmsc,lightgbm,15,RevolvingUtilizationOfUnsecuredLines,relative_minus_10,-0.1,0.03738817,0.041126987,0.27986218783007943,0.26109764767386334,-0.018764540156216092,0.018764540156216092,0,0,0,-1
gmsc,lightgbm,16,RevolvingUtilizationOfUnsecuredLines,relative_minus_10,-0.1,0.36518577,0.401704347,0.4795715640243079,0.5055843691855909,0.026012805161283015,0.026012805161283015,0,1,1,-1
gmsc,lightgbm,17,RevolvingUtilizationOfUnsecuredLines,relative_minus_10,-0.1,0.044219106,0.0486410166,0.10036173784291944,0.09049741307177857,-0.009864324771140867,0.009864324771140867,0,0,0,-1
gmsc,lightgbm,18,RevolvingUtilizationOfUnsecuredLines,relative_minus_10,-0.1,0.9999999,1.09999989,0.4332396231850946,0.5757748428454028,0.1425352196603082,0.1425352196603082,0,1,1,-1
gmsc,lightgbm,19,RevolvingUtilizationOfUnsecuredLines,relative_minus_10,-0.1,0.050904956,0.0559954516,0.20706517488791176,0.189354171220936,-0.017711003666975755,0.017711003666975755,0,0,0,-1
gmsc,lightgbm,20,RevolvingUtilizationOfUnsecuredLines,relative_minus_10,-0.1,0.028527671,0.031380438100000005,0.05708612745116283,0.05708612745116283,0.0,0.0,0,0,0,-1
gmsc,lightgbm,21,RevolvingUtilizationOfUnsecuredLines,relative_minus_10,-0.1,0.06357361,0.06993097100000001,0.0755556455268635,0.10735684089570605,0.031801195368842544,0.031801195368842544,0,0,0,-1
gmsc,lightgbm,22,RevolvingUtilizationOfUnsecuredLines,relative_minus_10,-0.1,0.002599913,0.0028599043,0.05695935088858043,0.05695935088858043,0.0,0.0,0,0,0,-1
gmsc,lightgbm,23,RevolvingUtilizationOfUnsecuredLines,relative_minus_10,-0.1,0.03161417,0.034775587,0.08889571164479391,0.08889571164479391,0.0,0.0,0,0,0,-1
gmsc,lightgbm,24,RevolvingUtilizationOfUnsecuredLines,relative_minus_10,-0.1,0.025913903,0.028505293299999998,0.03569402945373115,0.03394663497604967,-0.001747394477681484,0.001747394477681484,0,0,0,-1
gmsc,lightgbm,25,RevolvingUtilizationOfUnsecuredLines,relative_minus_10,-0.1,0.8536293,0.93899223,0.485195355176274,0.508502879501418,0.023307524325144047,0.023307524325144047,0,1,1,-1
gmsc,lightgbm,26,RevolvingUtilizationOfUnsecuredLines,relative_minus_10,-0.1,0.9999999,1.09999989,0.4690330102001808,0.6454709508243567,0.1764379406241759,0.1764379406241759,0,1,1,-1
gmsc,lightgbm,27,RevolvingUtilizationOfUnsecuredLines,relative_minus_10,-0.1,0.063485205,0.0698337255,0.15310886136230434,0.19442267614447345,0.04131381478216911,0.04131381478216911,0,0,0,-1
gmsc,lightgbm,28,RevolvingUtilizationOfUnsecuredLines,relative_minus_10,-0.1,0.0,0.0091009487,0.24706706865061875,0.1642960174561795,-0.08277105119443925,0.08277105119443925,0,0,0,-1
gmsc,lightgbm,29,RevolvingUtilizationOfUnsecuredLines,relative_minus_10,-0.1,0.015614713,0.0171761843,0.07280429517617616,0.07280429517617616,0.0,0.0,0,0,0,-1
gmsc,lightgbm,30,RevolvingUtilizationOfUnsecuredLines,relative_minus_10,-0.1,0.09734902,0.107083922,0.2669688028729123,0.2669688028729123,0.0,0.0,0,0,0,-1
gmsc,lightgbm,31,RevolvingUtilizationOfUnsecuredLines,relative_minus_10,-0.1,0.09229909,0.101528999,0.16812286485697317,0.16938478535317866,0.001261920496205493,0.001261920496205493,0,0,0,-1
gmsc,lightgbm,32,RevolvingUtilizationOfUnsecuredLines,relative_minus_10,-0.1,0.22324374,0.245568114,0.1358222660255187,0.18769426421521138,0.05187199818969268,0.05187199818969268,0,0,0,-1
gmsc,lightgbm,33,RevolvingUtilizationOfUnsecuredLines,relative_minus_10,-0.1,0.023850212,0.0262352332,0.0907121359558535,0.09215639840593688,0.001444262450083375,0.001444262450083375,0,0,0,-1
gmsc,lightgbm,34,RevolvingUtilizationOfUnsecuredLines,relative_minus_10,-0.1,0.57284,0.630124,0.5887765630991544,0.6088537002067888,0.02007713710763437,0.02007713710763437,1,1,0,-1
gmsc,lightgbm,35,RevolvingUtilizationOfUnsecuredLines,relative_minus_10,-0.1,0.2748278,0.30231058,0.7686376306323768,0.7746126397210783,0.005975009088701522,0.005975009088701522,1,1,0,-1
gmsc,lightgbm,36,RevolvingUtilizationOfUnsecuredLines,relative_minus_10,-0.1,0.74517345,0.819690795,0.20383228110756807,0.21088567398886404,0.007053392881295972,0.007053392881295972,0,0,0,-1
gmsc,lightgbm,37,RevolvingUtilizationOfUnsecuredLines,relative_minus_10,-0.1,0.72366506,0.7960315659999999,0.36583164209666225,0.35696648384235735,-0.008865158254304895,0.008865158254304895,0,0,0,-1
gmsc,lightgbm,38,RevolvingUtilizationOfUnsecuredLines,relative_minus_10,-0.1,0.45712107,0.5028331770000001,0.25782269826496373,0.3115871469299377,0.053764448664973985,0.053764448664973985,0,0,0,-1
gmsc,lightgbm,39,RevolvingUtilizationOfUnsecuredLines,relative_minus_10,-0.1,0.06888933,0.075778263,0.35851671570275906,0.24789265073508718,-0.11062406496767188,0.11062406496767188,0,0,0,-1
gmsc,lightgbm,40,RevolvingUtilizationOfUnsecuredLines,relative_minus_10,-0.1,0.0,0.0091009487,0.15809809532716768,0.080953949563524,-0.07714414576364367,0.07714414576364367,0,0,0,-1
gmsc,lightgbm,41,RevolvingUtilizationOfUnsecuredLines,relative_minus_10,-0.1,0.011121044,0.0122331484,0.17767130123412736,0.17767130123412736,0.0,0.0,0,0,0,-1
gmsc,lightgbm,42,RevolvingUtilizationOfUnsecuredLines,relative_minus_10,-0.1,0.07121731,0.07833904100000001,0.13142576347451704,0.1252111159941153,-0.006214647480401736,0.006214647480401736,0,0,0,-1
gmsc,lightgbm,43,RevolvingUtilizationOfUnsecuredLines,relative_minus_10,-0.1,0.4177215,0.45949365000000003,0.5220123045323535,0.5326737079541052,0.010661403421751703,0.010661403421751703,1,1,0,-1
gmsc,lightgbm,44,RevolvingUtilizationOfUnsecuredLines,relative_minus_10,-0.1,0.10908173,0.11998990300000001,0.10248475676544401,0.10248475676544401,0.0,0.0,0,0,0,-1
gmsc,lightgbm,45,RevolvingUtilizationOfUnsecuredLines,relative_minus_10,-0.1,0.040165327,0.0441818597,0.134509615497707,0.1535156843445175,0.019006068846810498,0.019006068846810498,0,0,0,-1
gmsc,lightgbm,46,RevolvingUtilizationOfUnsecuredLines,relative_minus_10,-0.1,0.52790403,0.580694433,0.24542503658751236,0.24542503658751236,0.0,0.0,0,0,0,-1
gmsc,lightgbm,47,RevolvingUtilizationOfUnsecuredLines,relative_minus_10,-0.1,0.06679555,0.073475105,0.06429004529354826,0.06429004529354826,0.0,0.0,0,0,0,-1
gmsc,lightgbm,48,RevolvingUtilizationOfUnsecuredLines,relative_minus_10,-0.1,0.10128987,0.11141885700000001,0.08494795229441349,0.08494795229441349,0.0,0.0,0,0,0,-1
gmsc,lightgbm,49,RevolvingUtilizationOfUnsecuredLines,relative_minus_10,-0.1,0.026742943,0.029417237300000003,0.032964158323007746,0.03214571921094686,-0.0008184391120608855,0.0008184391120608855,0,0,0,-1
gmsc,lightgbm,50,RevolvingUtilizationOfUnsecuredLines,relative_minus_10,-0.1,0.14541522,0.159956742,0.15598569074603788,0.1589751353089876,0.0029894445629497224,0.0029894445629497224,0,0,0,-1
gmsc,lightgbm,51,RevolvingUtilizationOfUnsecuredLines,relative_minus_10,-0.1,0.2929907,0.32228977,0.2427114365476945,0.29220521118538545,0.049493774637690946,0.049493774637690946,0,0,0,-1
gmsc,lightgbm,52,RevolvingUtilizationOfUnsecuredLines,relative_minus_10,-0.1,0.017210783,0.018931861300000002,0.04278071258564872,0.04278071258564872,0.0,0.0,0,0,0,-1
gmsc,lightgbm,53,RevolvingUtilizationOfUnsecuredLines,relative_minus_10,-0.1,0.7669077,0.84359847,0.8459631804707949,0.8579590179369566,0.01199583746616173,0.01199583746616173,1,1,0,-1
gmsc,lightgbm,54,RevolvingUtilizationOfUnsecuredLines,relative_minus_10,-0.1,1.0356027,1.13916297,0.9585025696211499,0.9585025696211499,0.0,0.0,1,1,0,-1
gmsc,lightgbm,55,RevolvingUtilizationOfUnsecuredLines,relative_minus_10,-0.1,0.011375782,0.012513360199999999,0.05240087287788092,0.05240087287788092,0.0,0.0,0,0,0,-1
gmsc,lightgbm,56,RevolvingUtilizationOfUnsecuredLines,relative_minus_10,-0.1,0.0,0.0091009487,0.16633030838518062,0.10032606529329201,-0.06600424309188861,0.06600424309188861,0,0,0,-1
gmsc,lightgbm,57,RevolvingUtilizationOfUnsecuredLines,relative_minus_10,-0.1,0.9999999,1.09999989,0.5855679032449771,0.7024180505080351,0.11685014726305798,0.11685014726305798,1,1,0,-1
gmsc,lightgbm,58,RevolvingUtilizationOfUnsecuredLines,relative_minus_10,-0.1,0.5012159,0.5513374900000001,0.7120052536243187,0.7120052536243187,0.0,0.0,1,1,0,-1
gmsc,lightgbm,59,RevolvingUtilizationOfUnsecuredLines,relative_minus_10,-0.1,0.8254279,0.90797069,0.6081127081916137,0.6366054760000934,0.028492767808479758,0.028492767808479758,1,1,0,-1
gmsc,lightgbm,60,RevolvingUtilizationOfUnsecuredLines,relative_minus_10,-0.1,0.0,0.0091009487,0.19907747746451288,0.11888795769082235,-0.08018951977369053,0.08018951977369053,0,0,0,-1
gmsc,lightgbm,61,RevolvingUtilizationOfUnsecuredLines,relative_minus_10,-0.1,0.28095686,0.309052546,0.3321226038071093,0.38675537781235214,0.05463277400524286,0.05463277400524286,0,0,0,-1
gmsc,lightgbm,62,RevolvingUtilizationOfUnsecuredLines,relative_minus_10,-0.1,0.9999999,1.09999989,0.49700932793678176,0.6471764657009358,0.15016713776415402,0.15016713776415402,0,1,1,-1
gmsc,lightgbm,63,RevolvingUtilizationOfUnsecuredLines,relative_minus_10,-0.1,0.0717633,0.07893963,0.07983838287755414,0.06895372073404629,-0.010884662143507848,0.010884662143507848,0,0,0,-1
gmsc,lightgbm,64,RevolvingUtilizationOfUnsecuredLines,relative_minus_10,-0.1,0.0,0.0091009487,0.27572869286326523,0.22740340100880507,-0.04832529185446016,0.04832529185446016,0,0,0,-1
gmsc,lightgbm,65,RevolvingUtilizationOfUnsecuredLines,relative_minus_10,-0.1,0.00931117,0.010242287000000001,0.3901193599625518,0.4041390170246546,0.014019657062102786,0.014019657062102786,0,0,0,-1
gmsc,lightgbm,66,RevolvingUtilizationOfUnsecuredLines,relative_minus_10,-0.1,0.27445123,0.301896353,0.14251343003654435,0.17009499625038885,0.0275815662138445,0.0275815662138445,0,0,0,-1
gmsc,lightgbm,67,RevolvingUtilizationOfUnsecuredLines,relative_minus_10,-0.1,0.69228846,0.761517306,0.42152422623564395,0.4607850549503268,0.03926082871468284,0.03926082871468284,0,0,0,-1
gmsc,lightgbm,68,RevolvingUtilizationOfUnsecuredLines,relative_minus_10,-0.1,0.07034841,0.077383251,0.1212328971978392,0.06852491662361944,-0.05270798057421976,0.05270798057421976,0,0,0,-1
gmsc,lightgbm,69,RevolvingUtilizationOfUnsecuredLines,relative_minus_10,-0.1,0.21850161,0.24035177100000002,0.5620282234727743,0.6290119837117683,0.066983760238994,0.066983760238994,1,1,0,-1
gmsc,lightgbm,70,RevolvingUtilizationOfUnsecuredLines,relative_minus_10,-0.1,0.023867318,0.0262540498,0.4264114501848385,0.43066903543360735,0.004257585248768847,0.004257585248768847,0,0,0,-1
gmsc,lightgbm,71,RevolvingUtilizationOfUnsecuredLines,relative_minus_10,-0.1,0.050140366,0.0551544026,0.11528535367529104,0.11528535367529104,0.0,0.0,0,0,0,-1
gmsc,lightgbm,72,RevolvingUtilizationOfUnsecuredLines,relative_minus_10,-0.1,0.06126258,0.06738883799999999,0.18694209170398213,0.23924337689988476,0.05230128519590263,0.05230128519590263,0,0,0,-1
gmsc,lightgbm,73,RevolvingUtilizationOfUnsecuredLines,relative_minus_10,-0.1,0.44115546,0.485271006,0.4189962251498132,0.4189962251498132,0.0,0.0,0,0,0,-1
gmsc,lightgbm,74,RevolvingUtilizationOfUnsecuredLines,relative_minus_10,-0.1,0.18675703,0.20543273299999998,0.210992213581658,0.210992213581658,0.0,0.0,0,0,0,-1
gmsc,lightgbm,75,RevolvingUtilizationOfUnsecuredLines,relative_minus_10,-0.1,0.5988024,0.65868264,0.5342256118004257,0.5604277074008218,0.026202095600396103,0.026202095600396103,1,1,0,-1
gmsc,lightgbm,76,RevolvingUtilizationOfUnsecuredLines,relative_minus_10,-0.1,0.018871846,0.020759030600000002,0.14869088239886066,0.14869088239886066,0.0,0.0,0,0,0,-1
gmsc,lightgbm,77,RevolvingUtilizationOfUnsecuredLines,relative_minus_10,-0.1,0.0223315,0.02456465,0.06703174942227336,0.06703174942227336,0.0,0.0,0,0,0,-1
gmsc,lightgbm,78,RevolvingUtilizationOfUnsecuredLines,relative_minus_10,-0.1,0.053710874,0.0590819614,0.06266917697987844,0.06266917697987844,0.0,0.0,0,0,0,-1
gmsc,lightgbm,79,RevolvingUtilizationOfUnsecuredLines,relative_minus_10,-0.1,0.4251497,0.46766467,0.3139529328389652,0.3139529328389652,0.0,0.0,0,0,0,-1
gmsc,lightgbm,80,RevolvingUtilizationOfUnsecuredLines,relative_minus_10,-0.1,0.51730984,0.569040824,0.13302830629350945,0.13435128102996452,0.0013229747364550681,0.0013229747364550681,0,0,0,-1
gmsc,lightgbm,81,RevolvingUtilizationOfUnsecuredLines,relative_minus_10,-0.1,0.089719884,0.0986918724,0.1610671025822026,0.1610671025822026,0.0,0.0,0,0,0,-1
gmsc,lightgbm,82,RevolvingUtilizationOfUnsecuredLines,relative_minus_10,-0.1,0.5517315,0.60690465,0.39361810976909195,0.39361810976909195,0.0,0.0,0,0,0,-1
gmsc,lightgbm,83,RevolvingUtilizationOfUnsecuredLines,relative_minus_10,-0.1,0.04207145,0.046278595000000006,0.07356231072502029,0.07239334237012411,-0.0011689683548961743,0.0011689683548961743,0,0,0,-1
gmsc,lightgbm,84,RevolvingUtilizationOfUnsecuredLines,relative_minus_10,-0.1,0.9999999,1.09999989,0.6471402060773409,0.7664452591545756,0.11930505307723471,0.11930505307723471,1,1,0,-1
gmsc,lightgbm,85,RevolvingUtilizationOfUnsecuredLines,relative_minus_10,-0.1,0.009346499,0.010281148899999999,0.06895634900657907,0.06895634900657907,0.0,0.0,0,0,0,-1
gmsc,lightgbm,86,RevolvingUtilizationOfUnsecuredLines,relative_minus_10,-0.1,0.005071066,0.0055781726,0.11410528051242601,0.11410528051242601,0.0,0.0,0,0,0,-1
gmsc,lightgbm,87,RevolvingUtilizationOfUnsecuredLines,relative_minus_10,-0.1,0.012843349,0.0141276839,0.1006092467906027,0.1006092467906027,0.0,0.0,0,0,0,-1
gmsc,lightgbm,88,RevolvingUtilizationOfUnsecuredLines,relative_minus_10,-0.1,0.1560879,0.17169669,0.126512958826711,0.126512958826711,0.0,0.0,0,0,0,-1
gmsc,lightgbm,89,RevolvingUtilizationOfUnsecuredLines,relative_minus_10,-0.1,0.604072,0.6644792,0.3522704795855978,0.380770725273576,0.02850024568797821,0.02850024568797821,0,0,0,-1
gmsc,lightgbm,90,RevolvingUtilizationOfUnsecuredLines,relative_minus_10,-0.1,0.03815551,0.041971061,0.04106193866788959,0.04106193866788959,0.0,0.0,0,0,0,-1
gmsc,lightgbm,91,RevolvingUtilizationOfUnsecuredLines,relative_minus_10,-0.1,0.037672102,0.0414393122,0.15372114734573783,0.14174948827968914,-0.01197165906604869,0.01197165906604869,0,0,0,-1
gmsc,lightgbm,92,RevolvingUtilizationOfUnsecuredLines,relative_minus_10,-0.1,0.007924802,0.008717282199999999,0.06485095205727061,0.06394841200355536,-0.0009025400537152478,0.0009025400537152478,0,0,0,-1
gmsc,lightgbm,93,RevolvingUtilizationOfUnsecuredLines,relative_minus_10,-0.1,0.01435026,0.015785286,0.09924642147480602,0.09924642147480602,0.0,0.0,0,0,0,-1
gmsc,lightgbm,94,RevolvingUtilizationOfUnsecuredLines,relative_minus_10,-0.1,0.03742409,0.041166499,0.16680920152776404,0.16680920152776404,0.0,0.0,0,0,0,-1
gmsc,lightgbm,95,RevolvingUtilizationOfUnsecuredLines,relative_minus_10,-0.1,0.052285843,0.0575144273,0.21924410434064803,0.21924410434064803,0.0,0.0,0,0,0,-1
gmsc,lightgbm,96,RevolvingUtilizationOfUnsecuredLines,relative_minus_10,-0.1,0.13591728,0.149509008,0.1131618927406001,0.12238370213255066,0.009221809391950567,0.009221809391950567,0,0,0,-1
gmsc,lightgbm,97,RevolvingUtilizationOfUnsecuredLines,relative_minus_10,-0.1,0.010577377,0.011635114700000001,0.10806143941846993,0.10806143941846993,0.0,0.0,0,0,0,-1
gmsc,lightgbm,98,RevolvingUtilizationOfUnsecuredLines,relative_minus_10,-0.1,0.29667103,0.32633813300000003,0.4053784379973068,0.4286513248592158,0.023272886861909037,0.023272886861909037,0,0,0,-1
gmsc,lightgbm,99,RevolvingUtilizationOfUnsecuredLines,relative_minus_10,-0.1,0.8326131,0.91587441,0.9052932427250325,0.9330950198284154,0.02780177710338283,0.02780177710338283,1,1,0,-1
gmsc,lightgbm,0,RevolvingUtilizationOfUnsecuredLines,relative_plus_10,0.1,0.030896358,0.033985993799999996,0.09051292759777842,0.08867295084821253,-0.0018399767495658886,0.0018399767495658886,0,0,0,-1
gmsc,lightgbm,1,RevolvingUtilizationOfUnsecuredLines,relative_plus_10,0.1,0.02948292,0.032431212,0.07432795724364831,0.07432795724364831,0.0,0.0,0,0,0,-1
gmsc,lightgbm,2,RevolvingUtilizationOfUnsecuredLines,relative_plus_10,0.1,0.021382323,0.023520555300000003,0.056660675741342766,0.056660675741342766,0.0,0.0,0,0,0,-1
gmsc,lightgbm,3,RevolvingUtilizationOfUnsecuredLines,relative_plus_10,0.1,0.15189621,0.16708583100000002,0.286464202572455,0.29109181795231415,0.0046276153798591735,0.0046276153798591735,0,0,0,-1
gmsc,lightgbm,4,RevolvingUtilizationOfUnsecuredLines,relative_plus_10,0.1,0.011665889,0.0128324779,0.10238192900656183,0.10238192900656183,0.0,0.0,0,0,0,-1
gmsc,lightgbm,5,RevolvingUtilizationOfUnsecuredLines,relative_plus_10,0.1,0.23322007,0.256542077,0.18604525641874214,0.17046326427649983,-0.015581992142242318,0.015581992142242318,0,0,0,-1
gmsc,lightgbm,6,RevolvingUtilizationOfUnsecuredLines,relative_plus_10,0.1,0.39567325,0.43524057499999996,0.23797486099678064,0.275925553700158,0.03795069270337734,0.03795069270337734,0,0,0,-1
gmsc,lightgbm,7,RevolvingUtilizationOfUnsecuredLines,relative_plus_10,0.1,0.2807908,0.30886988,0.1952165672674782,0.23526177409722246,0.040045206829744245,0.040045206829744245,0,0,0,-1
gmsc,lightgbm,8,RevolvingUtilizationOfUnsecuredLines,relative_plus_10,0.1,0.0,0.0091009487,0.1354653526779545,0.085552204474009,-0.049913148203945504,0.049913148203945504,0,0,0,-1
gmsc,lightgbm,9,RevolvingUtilizationOfUnsecuredLines,relative_plus_10,0.1,0.12197734,0.134175074,0.4085309008746626,0.4195264025715899,0.010995501696927312,0.010995501696927312,0,0,0,-1
gmsc,lightgbm,10,RevolvingUtilizationOfUnsecuredLines,relative_plus_10,0.1,0.3846793,0.42314723,0.4151340630771105,0.4641292921772363,0.048995229100125826,0.048995229100125826,0,0,0,-1
gmsc,lightgbm,11,RevolvingUtilizationOfUnsecuredLines,relative_plus_10,0.1,0.43613514,0.479748654,0.2344419755121663,0.2344419755121663,0.0,0.0,0,0,0,-1
gmsc,lightgbm,12,RevolvingUtilizationOfUnsecuredLines,relative_plus_10,0.1,0.09578084,0.105358924,0.04156783494420435,0.04156783494420435,0.0,0.0,0,0,0,-1
gmsc,lightgbm,13,RevolvingUtilizationOfUnsecuredLines,relative_plus_10,0.1,0.9999999,1.09999989,0.8781305200687587,0.9230790938124996,0.04494857374374095,0.04494857374374095,1,1,0,-1
gmsc,lightgbm,14,RevolvingUtilizationOfUnsecuredLines,relative_plus_10,0.1,0.47141215,0.5185533649999999,0.30318348670534856,0.39229117141515985,0.08910768470981129,0.08910768470981129,0,0,0,-1
gmsc,lightgbm,15,RevolvingUtilizationOfUnsecuredLines,relative_plus_10,0.1,0.03738817,0.041126987,0.27986218783007943,0.26109764767386334,-0.018764540156216092,0.018764540156216092,0,0,0,-1
gmsc,lightgbm,16,RevolvingUtilizationOfUnsecuredLines,relative_plus_10,0.1,0.36518577,0.401704347,0.4795715640243079,0.5055843691855909,0.026012805161283015,0.026012805161283015,0,1,1,-1
gmsc,lightgbm,17,RevolvingUtilizationOfUnsecuredLines,relative_plus_10,0.1,0.044219106,0.0486410166,0.10036173784291944,0.09049741307177857,-0.009864324771140867,0.009864324771140867,0,0,0,-1
gmsc,lightgbm,18,RevolvingUtilizationOfUnsecuredLines,relative_plus_10,0.1,0.9999999,1.09999989,0.4332396231850946,0.5757748428454028,0.1425352196603082,0.1425352196603082,0,1,1,-1
gmsc,lightgbm,19,RevolvingUtilizationOfUnsecuredLines,relative_plus_10,0.1,0.050904956,0.0559954516,0.20706517488791176,0.189354171220936,-0.017711003666975755,0.017711003666975755,0,0,0,-1
gmsc,lightgbm,20,RevolvingUtilizationOfUnsecuredLines,relative_plus_10,0.1,0.028527671,0.031380438100000005,0.05708612745116283,0.05708612745116283,0.0,0.0,0,0,0,-1
gmsc,lightgbm,21,RevolvingUtilizationOfUnsecuredLines,relative_plus_10,0.1,0.06357361,0.06993097100000001,0.0755556455268635,0.10735684089570605,0.031801195368842544,0.031801195368842544,0,0,0,-1
gmsc,lightgbm,22,RevolvingUtilizationOfUnsecuredLines,relative_plus_10,0.1,0.002599913,0.0028599043,0.05695935088858043,0.05695935088858043,0.0,0.0,0,0,0,-1
gmsc,lightgbm,23,RevolvingUtilizationOfUnsecuredLines,relative_plus_10,0.1,0.03161417,0.034775587,0.08889571164479391,0.08889571164479391,0.0,0.0,0,0,0,-1
gmsc,lightgbm,24,RevolvingUtilizationOfUnsecuredLines,relative_plus_10,0.1,0.025913903,0.028505293299999998,0.03569402945373115,0.03394663497604967,-0.001747394477681484,0.001747394477681484,0,0,0,-1
gmsc,lightgbm,25,RevolvingUtilizationOfUnsecuredLines,relative_plus_10,0.1,0.8536293,0.93899223,0.485195355176274,0.508502879501418,0.023307524325144047,0.023307524325144047,0,1,1,-1
gmsc,lightgbm,26,RevolvingUtilizationOfUnsecuredLines,relative_plus_10,0.1,0.9999999,1.09999989,0.4690330102001808,0.6454709508243567,0.1764379406241759,0.1764379406241759,0,1,1,-1
gmsc,lightgbm,27,RevolvingUtilizationOfUnsecuredLines,relative_plus_10,0.1,0.063485205,0.0698337255,0.15310886136230434,0.19442267614447345,0.04131381478216911,0.04131381478216911,0,0,0,-1
gmsc,lightgbm,28,RevolvingUtilizationOfUnsecuredLines,relative_plus_10,0.1,0.0,0.0091009487,0.24706706865061875,0.1642960174561795,-0.08277105119443925,0.08277105119443925,0,0,0,-1
gmsc,lightgbm,29,RevolvingUtilizationOfUnsecuredLines,relative_plus_10,0.1,0.015614713,0.0171761843,0.07280429517617616,0.07280429517617616,0.0,0.0,0,0,0,-1
gmsc,lightgbm,30,RevolvingUtilizationOfUnsecuredLines,relative_plus_10,0.1,0.09734902,0.107083922,0.2669688028729123,0.2669688028729123,0.0,0.0,0,0,0,-1
gmsc,lightgbm,31,RevolvingUtilizationOfUnsecuredLines,relative_plus_10,0.1,0.09229909,0.101528999,0.16812286485697317,0.16938478535317866,0.001261920496205493,0.001261920496205493,0,0,0,-1
gmsc,lightgbm,32,RevolvingUtilizationOfUnsecuredLines,relative_plus_10,0.1,0.22324374,0.245568114,0.1358222660255187,0.18769426421521138,0.05187199818969268,0.05187199818969268,0,0,0,-1
gmsc,lightgbm,33,RevolvingUtilizationOfUnsecuredLines,relative_plus_10,0.1,0.023850212,0.0262352332,0.0907121359558535,0.09215639840593688,0.001444262450083375,0.001444262450083375,0,0,0,-1
gmsc,lightgbm,34,RevolvingUtilizationOfUnsecuredLines,relative_plus_10,0.1,0.57284,0.630124,0.5887765630991544,0.6088537002067888,0.02007713710763437,0.02007713710763437,1,1,0,-1
gmsc,lightgbm,35,RevolvingUtilizationOfUnsecuredLines,relative_plus_10,0.1,0.2748278,0.30231058,0.7686376306323768,0.7746126397210783,0.005975009088701522,0.005975009088701522,1,1,0,-1
gmsc,lightgbm,36,RevolvingUtilizationOfUnsecuredLines,relative_plus_10,0.1,0.74517345,0.819690795,0.20383228110756807,0.21088567398886404,0.007053392881295972,0.007053392881295972,0,0,0,-1
gmsc,lightgbm,37,RevolvingUtilizationOfUnsecuredLines,relative_plus_10,0.1,0.72366506,0.7960315659999999,0.36583164209666225,0.35696648384235735,-0.008865158254304895,0.008865158254304895,0,0,0,-1
gmsc,lightgbm,38,RevolvingUtilizationOfUnsecuredLines,relative_plus_10,0.1,0.45712107,0.5028331770000001,0.25782269826496373,0.3115871469299377,0.053764448664973985,0.053764448664973985,0,0,0,-1
gmsc,lightgbm,39,RevolvingUtilizationOfUnsecuredLines,relative_plus_10,0.1,0.06888933,0.075778263,0.35851671570275906,0.24789265073508718,-0.11062406496767188,0.11062406496767188,0,0,0,-1
gmsc,lightgbm,40,RevolvingUtilizationOfUnsecuredLines,relative_plus_10,0.1,0.0,0.0091009487,0.15809809532716768,0.080953949563524,-0.07714414576364367,0.07714414576364367,0,0,0,-1
gmsc,lightgbm,41,RevolvingUtilizationOfUnsecuredLines,relative_plus_10,0.1,0.011121044,0.0122331484,0.17767130123412736,0.17767130123412736,0.0,0.0,0,0,0,-1
gmsc,lightgbm,42,RevolvingUtilizationOfUnsecuredLines,relative_plus_10,0.1,0.07121731,0.07833904100000001,0.13142576347451704,0.1252111159941153,-0.006214647480401736,0.006214647480401736,0,0,0,-1
gmsc,lightgbm,43,RevolvingUtilizationOfUnsecuredLines,relative_plus_10,0.1,0.4177215,0.45949365000000003,0.5220123045323535,0.5326737079541052,0.010661403421751703,0.010661403421751703,1,1,0,-1
gmsc,lightgbm,44,RevolvingUtilizationOfUnsecuredLines,relative_plus_10,0.1,0.10908173,0.11998990300000001,0.10248475676544401,0.10248475676544401,0.0,0.0,0,0,0,-1
gmsc,lightgbm,45,RevolvingUtilizationOfUnsecuredLines,relative_plus_10,0.1,0.040165327,0.0441818597,0.134509615497707,0.1535156843445175,0.019006068846810498,0.019006068846810498,0,0,0,-1
gmsc,lightgbm,46,RevolvingUtilizationOfUnsecuredLines,relative_plus_10,0.1,0.52790403,0.580694433,0.24542503658751236,0.24542503658751236,0.0,0.0,0,0,0,-1
gmsc,lightgbm,47,RevolvingUtilizationOfUnsecuredLines,relative_plus_10,0.1,0.06679555,0.073475105,0.06429004529354826,0.06429004529354826,0.0,0.0,0,0,0,-1
gmsc,lightgbm,48,RevolvingUtilizationOfUnsecuredLines,relative_plus_10,0.1,0.10128987,0.11141885700000001,0.08494795229441349,0.08494795229441349,0.0,0.0,0,0,0,-1
gmsc,lightgbm,49,RevolvingUtilizationOfUnsecuredLines,relative_plus_10,0.1,0.026742943,0.029417237300000003,0.032964158323007746,0.03214571921094686,-0.0008184391120608855,0.0008184391120608855,0,0,0,-1
gmsc,lightgbm,50,RevolvingUtilizationOfUnsecuredLines,relative_plus_10,0.1,0.14541522,0.159956742,0.15598569074603788,0.1589751353089876,0.0029894445629497224,0.0029894445629497224,0,0,0,-1
gmsc,lightgbm,51,RevolvingUtilizationOfUnsecuredLines,relative_plus_10,0.1,0.2929907,0.32228977,0.2427114365476945,0.29220521118538545,0.049493774637690946,0.049493774637690946,0,0,0,-1
gmsc,lightgbm,52,RevolvingUtilizationOfUnsecuredLines,relative_plus_10,0.1,0.017210783,0.018931861300000002,0.04278071258564872,0.04278071258564872,0.0,0.0,0,0,0,-1
gmsc,lightgbm,53,RevolvingUtilizationOfUnsecuredLines,relative_plus_10,0.1,0.7669077,0.84359847,0.8459631804707949,0.8579590179369566,0.01199583746616173,0.01199583746616173,1,1,0,-1
gmsc,lightgbm,54,RevolvingUtilizationOfUnsecuredLines,relative_plus_10,0.1,1.0356027,1.13916297,0.9585025696211499,0.9585025696211499,0.0,0.0,1,1,0,-1
gmsc,lightgbm,55,RevolvingUtilizationOfUnsecuredLines,relative_plus_10,0.1,0.011375782,0.012513360199999999,0.05240087287788092,0.05240087287788092,0.0,0.0,0,0,0,-1
gmsc,lightgbm,56,RevolvingUtilizationOfUnsecuredLines,relative_plus_10,0.1,0.0,0.0091009487,0.16633030838518062,0.10032606529329201,-0.06600424309188861,0.06600424309188861,0,0,0,-1
gmsc,lightgbm,57,RevolvingUtilizationOfUnsecuredLines,relative_plus_10,0.1,0.9999999,1.09999989,0.5855679032449771,0.7024180505080351,0.11685014726305798,0.11685014726305798,1,1,0,-1
gmsc,lightgbm,58,RevolvingUtilizationOfUnsecuredLines,relative_plus_10,0.1,0.5012159,0.5513374900000001,0.7120052536243187,0.7120052536243187,0.0,0.0,1,1,0,-1
gmsc,lightgbm,59,RevolvingUtilizationOfUnsecuredLines,relative_plus_10,0.1,0.8254279,0.90797069,0.6081127081916137,0.6366054760000934,0.028492767808479758,0.028492767808479758,1,1,0,-1
gmsc,lightgbm,60,RevolvingUtilizationOfUnsecuredLines,relative_plus_10,0.1,0.0,0.0091009487,0.19907747746451288,0.11888795769082235,-0.08018951977369053,0.08018951977369053,0,0,0,-1
gmsc,lightgbm,61,RevolvingUtilizationOfUnsecuredLines,relative_plus_10,0.1,0.28095686,0.309052546,0.3321226038071093,0.38675537781235214,0.05463277400524286,0.05463277400524286,0,0,0,-1
gmsc,lightgbm,62,RevolvingUtilizationOfUnsecuredLines,relative_plus_10,0.1,0.9999999,1.09999989,0.49700932793678176,0.6471764657009358,0.15016713776415402,0.15016713776415402,0,1,1,-1
gmsc,lightgbm,63,RevolvingUtilizationOfUnsecuredLines,relative_plus_10,0.1,0.0717633,0.07893963,0.07983838287755414,0.06895372073404629,-0.010884662143507848,0.010884662143507848,0,0,0,-1
gmsc,lightgbm,64,RevolvingUtilizationOfUnsecuredLines,relative_plus_10,0.1,0.0,0.0091009487,0.27572869286326523,0.22740340100880507,-0.04832529185446016,0.04832529185446016,0,0,0,-1
gmsc,lightgbm,65,RevolvingUtilizationOfUnsecuredLines,relative_plus_10,0.1,0.00931117,0.010242287000000001,0.3901193599625518,0.4041390170246546,0.014019657062102786,0.014019657062102786,0,0,0,-1
gmsc,lightgbm,66,RevolvingUtilizationOfUnsecuredLines,relative_plus_10,0.1,0.27445123,0.301896353,0.14251343003654435,0.17009499625038885,0.0275815662138445,0.0275815662138445,0,0,0,-1
gmsc,lightgbm,67,RevolvingUtilizationOfUnsecuredLines,relative_plus_10,0.1,0.69228846,0.761517306,0.42152422623564395,0.4607850549503268,0.03926082871468284,0.03926082871468284,0,0,0,-1
gmsc,lightgbm,68,RevolvingUtilizationOfUnsecuredLines,relative_plus_10,0.1,0.07034841,0.077383251,0.1212328971978392,0.06852491662361944,-0.05270798057421976,0.05270798057421976,0,0,0,-1
gmsc,lightgbm,69,RevolvingUtilizationOfUnsecuredLines,relative_plus_10,0.1,0.21850161,0.24035177100000002,0.5620282234727743,0.6290119837117683,0.066983760238994,0.066983760238994,1,1,0,-1
gmsc,lightgbm,70,RevolvingUtilizationOfUnsecuredLines,relative_plus_10,0.1,0.023867318,0.0262540498,0.4264114501848385,0.43066903543360735,0.004257585248768847,0.004257585248768847,0,0,0,-1
gmsc,lightgbm,71,RevolvingUtilizationOfUnsecuredLines,relative_plus_10,0.1,0.050140366,0.0551544026,0.11528535367529104,0.11528535367529104,0.0,0.0,0,0,0,-1
gmsc,lightgbm,72,RevolvingUtilizationOfUnsecuredLines,relative_plus_10,0.1,0.06126258,0.06738883799999999,0.18694209170398213,0.23924337689988476,0.05230128519590263,0.05230128519590263,0,0,0,-1
gmsc,lightgbm,73,RevolvingUtilizationOfUnsecuredLines,relative_plus_10,0.1,0.44115546,0.485271006,0.4189962251498132,0.4189962251498132,0.0,0.0,0,0,0,-1
gmsc,lightgbm,74,RevolvingUtilizationOfUnsecuredLines,relative_plus_10,0.1,0.18675703,0.20543273299999998,0.210992213581658,0.210992213581658,0.0,0.0,0,0,0,-1
gmsc,lightgbm,75,RevolvingUtilizationOfUnsecuredLines,relative_plus_10,0.1,0.5988024,0.65868264,0.5342256118004257,0.5604277074008218,0.026202095600396103,0.026202095600396103,1,1,0,-1
gmsc,lightgbm,76,RevolvingUtilizationOfUnsecuredLines,relative_plus_10,0.1,0.018871846,0.020759030600000002,0.14869088239886066,0.14869088239886066,0.0,0.0,0,0,0,-1
gmsc,lightgbm,77,RevolvingUtilizationOfUnsecuredLines,relative_plus_10,0.1,0.0223315,0.02456465,0.06703174942227336,0.06703174942227336,0.0,0.0,0,0,0,-1
gmsc,lightgbm,78,RevolvingUtilizationOfUnsecuredLines,relative_plus_10,0.1,0.053710874,0.0590819614,0.06266917697987844,0.06266917697987844,0.0,0.0,0,0,0,-1
gmsc,lightgbm,79,RevolvingUtilizationOfUnsecuredLines,relative_plus_10,0.1,0.4251497,0.46766467,0.3139529328389652,0.3139529328389652,0.0,0.0,0,0,0,-1
gmsc,lightgbm,80,RevolvingUtilizationOfUnsecuredLines,relative_plus_10,0.1,0.51730984,0.569040824,0.13302830629350945,0.13435128102996452,0.0013229747364550681,0.0013229747364550681,0,0,0,-1
gmsc,lightgbm,81,RevolvingUtilizationOfUnsecuredLines,relative_plus_10,0.1,0.089719884,0.0986918724,0.1610671025822026,0.1610671025822026,0.0,0.0,0,0,0,-1
gmsc,lightgbm,82,RevolvingUtilizationOfUnsecuredLines,relative_plus_10,0.1,0.5517315,0.60690465,0.39361810976909195,0.39361810976909195,0.0,0.0,0,0,0,-1
gmsc,lightgbm,83,RevolvingUtilizationOfUnsecuredLines,relative_plus_10,0.1,0.04207145,0.046278595000000006,0.07356231072502029,0.07239334237012411,-0.0011689683548961743,0.0011689683548961743,0,0,0,-1
gmsc,lightgbm,84,RevolvingUtilizationOfUnsecuredLines,relative_plus_10,0.1,0.9999999,1.09999989,0.6471402060773409,0.7664452591545756,0.11930505307723471,0.11930505307723471,1,1,0,-1
gmsc,lightgbm,85,RevolvingUtilizationOfUnsecuredLines,relative_plus_10,0.1,0.009346499,0.010281148899999999,0.06895634900657907,0.06895634900657907,0.0,0.0,0,0,0,-1
gmsc,lightgbm,86,RevolvingUtilizationOfUnsecuredLines,relative_plus_10,0.1,0.005071066,0.0055781726,0.11410528051242601,0.11410528051242601,0.0,0.0,0,0,0,-1
gmsc,lightgbm,87,RevolvingUtilizationOfUnsecuredLines,relative_plus_10,0.1,0.012843349,0.0141276839,0.1006092467906027,0.1006092467906027,0.0,0.0,0,0,0,-1
gmsc,lightgbm,88,RevolvingUtilizationOfUnsecuredLines,relative_plus_10,0.1,0.1560879,0.17169669,0.126512958826711,0.126512958826711,0.0,0.0,0,0,0,-1
gmsc,lightgbm,89,RevolvingUtilizationOfUnsecuredLines,relative_plus_10,0.1,0.604072,0.6644792,0.3522704795855978,0.380770725273576,0.02850024568797821,0.02850024568797821,0,0,0,-1
gmsc,lightgbm,90,RevolvingUtilizationOfUnsecuredLines,relative_plus_10,0.1,0.03815551,0.041971061,0.04106193866788959,0.04106193866788959,0.0,0.0,0,0,0,-1
gmsc,lightgbm,91,RevolvingUtilizationOfUnsecuredLines,relative_plus_10,0.1,0.037672102,0.0414393122,0.15372114734573783,0.14174948827968914,-0.01197165906604869,0.01197165906604869,0,0,0,-1
gmsc,lightgbm,92,RevolvingUtilizationOfUnsecuredLines,relative_plus_10,0.1,0.007924802,0.008717282199999999,0.06485095205727061,0.06394841200355536,-0.0009025400537152478,0.0009025400537152478,0,0,0,-1
gmsc,lightgbm,93,RevolvingUtilizationOfUnsecuredLines,relative_plus_10,0.1,0.01435026,0.015785286,0.09924642147480602,0.09924642147480602,0.0,0.0,0,0,0,-1
gmsc,lightgbm,94,RevolvingUtilizationOfUnsecuredLines,relative_plus_10,0.1,0.03742409,0.041166499,0.16680920152776404,0.16680920152776404,0.0,0.0,0,0,0,-1
gmsc,lightgbm,95,RevolvingUtilizationOfUnsecuredLines,relative_plus_10,0.1,0.052285843,0.0575144273,0.21924410434064803,0.21924410434064803,0.0,0.0,0,0,0,-1
gmsc,lightgbm,96,RevolvingUtilizationOfUnsecuredLines,relative_plus_10,0.1,0.13591728,0.149509008,0.1131618927406001,0.12238370213255066,0.009221809391950567,0.009221809391950567,0,0,0,-1
gmsc,lightgbm,97,RevolvingUtilizationOfUnsecuredLines,relative_plus_10,0.1,0.010577377,0.011635114700000001,0.10806143941846993,0.10806143941846993,0.0,0.0,0,0,0,-1
gmsc,lightgbm,98,RevolvingUtilizationOfUnsecuredLines,relative_plus_10,0.1,0.29667103,0.32633813300000003,0.4053784379973068,0.4286513248592158,0.023272886861909037,0.023272886861909037,0,0,0,-1
gmsc,lightgbm,99,RevolvingUtilizationOfUnsecuredLines,relative_plus_10,0.1,0.8326131,0.91587441,0.9052932427250325,0.9330950198284154,0.02780177710338283,0.02780177710338283,1,1,0,-1
gmsc,lightgbm,0,age,relative_minus_5,-0.05,78.0,81.9,0.09051292759777842,0.07035595259019504,-0.020156975007583372,0.020156975007583372,0,0,0,-1
gmsc,lightgbm,1,age,relative_minus_5,-0.05,51.0,53.55,0.07432795724364831,0.07150104205926634,-0.0028269151843819673,0.0028269151843819673,0,0,0,-1
gmsc,lightgbm,2,age,relative_minus_5,-0.05,60.0,63.0,0.056660675741342766,0.056660675741342766,0.0,0.0,0,0,0,-1
gmsc,lightgbm,3,age,relative_minus_5,-0.05,57.0,59.85,0.286464202572455,0.2751600853377851,-0.011304117234669897,0.011304117234669897,0,0,0,-1
gmsc,lightgbm,4,age,relative_minus_5,-0.05,48.0,50.4,0.10238192900656183,0.10130180610595585,-0.0010801229006059815,0.0010801229006059815,0,0,0,-1
gmsc,lightgbm,5,age,relative_minus_5,-0.05,47.0,49.35,0.18604525641874214,0.1802720473424395,-0.005773209076302632,0.005773209076302632,0,0,0,-1
gmsc,lightgbm,6,age,relative_minus_5,-0.05,48.0,50.4,0.23797486099678064,0.23541727619216393,-0.0025575848046167082,0.0025575848046167082,0,0,0,-1
gmsc,lightgbm,7,age,relative_minus_5,-0.05,44.0,46.2,0.1952165672674782,0.19659214088347354,0.0013755736159953291,0.0013755736159953291,0,0,0,-1
gmsc,lightgbm,8,age,relative_minus_5,-0.05,48.0,50.4,0.1354653526779545,0.12931144967425895,-0.00615390300369556,0.00615390300369556,0,0,0,-1
gmsc,lightgbm,9,age,relative_minus_5,-0.05,41.0,43.05,0.4085309008746626,0.4051940509833665,-0.0033368498912960676,0.0033368498912960676,0,0,0,-1
gmsc,lightgbm,10,age,relative_minus_5,-0.05,45.0,47.25,0.4151340630771105,0.42267168737737554,0.007537624300265056,0.007537624300265056,0,0,0,-1
gmsc,lightgbm,11,age,relative_minus_5,-0.05,58.0,60.9,0.2344419755121663,0.2344419755121663,0.0,0.0,0,0,0,-1
gmsc,lightgbm,12,age,relative_minus_5,-0.05,67.0,70.35,0.04156783494420435,0.03264275348260308,-0.008925081461601272,0.008925081461601272,0,0,0,-1
gmsc,lightgbm,13,age,relative_minus_5,-0.05,40.0,42.0,0.8781305200687587,0.8818052031472567,0.0036746830784980533,0.0036746830784980533,1,1,0,-1
gmsc,lightgbm,14,age,relative_minus_5,-0.05,44.0,46.2,0.30318348670534856,0.30526033845312506,0.002076851747776498,0.002076851747776498,0,0,0,-1
gmsc,lightgbm,15,age,relative_minus_5,-0.05,56.0,58.8,0.27986218783007943,0.25846478267418166,-0.021397405155897775,0.021397405155897775,0,0,0,-1
gmsc,lightgbm,16,age,relative_minus_5,-0.05,31.0,32.55,0.4795715640243079,0.4890591664673705,0.009487602443062626,0.009487602443062626,0,0,0,-1
gmsc,lightgbm,17,age,relative_minus_5,-0.05,48.0,50.4,0.10036173784291944,0.0972898964667632,-0.003071841376156237,0.003071841376156237,0,0,0,-1
gmsc,lightgbm,18,age,relative_minus_5,-0.05,34.0,35.7,0.4332396231850946,0.4113592864190542,-0.021880336766040398,0.021880336766040398,0,0,0,-1
gmsc,lightgbm,19,age,relative_minus_5,-0.05,73.0,76.65,0.20706517488791176,0.20004661915804656,-0.007018555729865206,0.007018555729865206,0,0,0,-1
gmsc,lightgbm,20,age,relative_minus_5,-0.05,50.0,52.5,0.05708612745116283,0.05708612745116283,0.0,0.0,0,0,0,-1
gmsc,lightgbm,21,age,relative_minus_5,-0.05,78.0,81.9,0.0755556455268635,0.17007740796312065,0.09452176243625715,0.09452176243625715,0,0,0,-1
gmsc,lightgbm,22,age,relative_minus_5,-0.05,55.0,57.75,0.05695935088858043,0.04794658032344502,-0.009012770565135407,0.009012770565135407,0,0,0,-1
gmsc,lightgbm,23,age,relative_minus_5,-0.05,46.0,48.3,0.08889571164479391,0.09010550049830794,0.0012097888535140267,0.0012097888535140267,0,0,0,-1
gmsc,lightgbm,24,age,relative_minus_5,-0.05,78.0,81.9,0.03569402945373115,0.03101752188374063,-0.004676507569990523,0.004676507569990523,0,0,0,-1
gmsc,lightgbm,25,age,relative_minus_5,-0.05,56.0,58.8,0.485195355176274,0.4650449257537146,-0.0201504294225594,0.0201504294225594,0,0,0,-1
gmsc,lightgbm,26,age,relative_minus_5,-0.05,52.0,54.6,0.4690330102001808,0.40024343937774437,-0.06878957082243642,0.06878957082243642,0,0,0,-1
gmsc,lightgbm,27,age,relative_minus_5,-0.05,58.0,60.9,0.15310886136230434,0.15310886136230434,0.0,0.0,0,0,0,-1
gmsc,lightgbm,28,age,relative_minus_5,-0.05,41.0,43.05,0.24706706865061875,0.24281400238228915,-0.004253066268329608,0.004253066268329608,0,0,0,-1
gmsc,lightgbm,29,age,relative_minus_5,-0.05,85.0,89.25,0.07280429517617616,0.07361480020300683,0.0008105050268306657,0.0008105050268306657,0,0,0,-1
gmsc,lightgbm,30,age,relative_minus_5,-0.05,34.0,35.7,0.2669688028729123,0.25789872302727723,-0.00907007984563507,0.00907007984563507,0,0,0,-1
gmsc,lightgbm,31,age,relative_minus_5,-0.05,47.0,49.35,0.16812286485697317,0.157491903463818,-0.01063096139315517,0.01063096139315517,0,0,0,-1
gmsc,lightgbm,32,age,relative_minus_5,-0.05,55.0,57.75,0.1358222660255187,0.11559168071641236,-0.020230585309106333,0.020230585309106333,0,0,0,-1
gmsc,lightgbm,33,age,relative_minus_5,-0.05,65.0,68.25,0.0907121359558535,0.05033704478134877,-0.04037509117450474,0.04037509117450474,0,0,0,-1
gmsc,lightgbm,34,age,relative_minus_5,-0.05,36.0,37.8,0.5887765630991544,0.5887765630991544,0.0,0.0,1,1,0,-1
gmsc,lightgbm,35,age,relative_minus_5,-0.05,36.0,37.8,0.7686376306323768,0.7582372672744624,-0.010400363357914388,0.010400363357914388,1,1,0,-1
gmsc,lightgbm,36,age,relative_minus_5,-0.05,68.0,71.4,0.20383228110756807,0.21549932050712065,0.011667039399552576,0.011667039399552576,0,0,0,-1
gmsc,lightgbm,37,age,relative_minus_5,-0.05,38.0,39.9,0.36583164209666225,0.3619432794093078,-0.0038883626873544297,0.0038883626873544297,0,0,0,-1
gmsc,lightgbm,38,age,relative_minus_5,-0.05,80.0,84.0,0.25782269826496373,0.19704553395387905,-0.06077716431108468,0.06077716431108468,0,0,0,-1
gmsc,lightgbm,39,age,relative_minus_5,-0.05,39.0,40.95,0.35851671570275906,0.32072888911174985,-0.03778782659100921,0.03778782659100921,0,0,0,-1
gmsc,lightgbm,40,age,relative_minus_5,-0.05,45.0,47.25,0.15809809532716768,0.15402433488878572,-0.0040737604383819515,0.0040737604383819515,0,0,0,-1
gmsc,lightgbm,41,age,relative_minus_5,-0.05,47.0,49.35,0.17767130123412736,0.17245357982787876,-0.005217721406248599,0.005217721406248599,0,0,0,-1
gmsc,lightgbm,42,age,relative_minus_5,-0.05,37.0,38.85,0.13142576347451704,0.13142576347451704,0.0,0.0,0,0,0,-1
gmsc,lightgbm,43,age,relative_minus_5,-0.05,25.0,26.25,0.5220123045323535,0.507969541250055,-0.014042763282298476,0.014042763282298476,1,1,0,-1
gmsc,lightgbm,44,age,relative_minus_5,-0.05,48.0,50.4,0.10248475676544401,0.09765984762929857,-0.004824909136145444,0.004824909136145444,0,0,0,-1
gmsc,lightgbm,45,age,relative_minus_5,-0.05,75.0,78.75,0.134509615497707,0.13299401145788706,-0.0015156040398199566,0.0015156040398199566,0,0,0,-1
gmsc,lightgbm,46,age,relative_minus_5,-0.05,67.0,70.35,0.24542503658751236,0.21918093787998402,-0.026244098707528335,0.026244098707528335,0,0,0,-1
gmsc,lightgbm,47,age,relative_minus_5,-0.05,75.0,78.75,0.06429004529354826,0.06040386378394252,-0.003886181509605742,0.003886181509605742,0,0,0,-1
gmsc,lightgbm,48,age,relative_minus_5,-0.05,53.0,55.65,0.08494795229441349,0.05822070391407551,-0.02672724838033798,0.02672724838033798,0,0,0,-1
gmsc,lightgbm,49,age,relative_minus_5,-0.05,72.0,75.6,0.032964158323007746,0.03064012416500835,-0.0023240341579993974,0.0023240341579993974,0,0,0,-1
gmsc,lightgbm,50,age,relative_minus_5,-0.05,57.0,59.85,0.15598569074603788,0.14902208733960826,-0.006963603406429625,0.006963603406429625,0,0,0,-1
gmsc,lightgbm,51,age,relative_minus_5,-0.05,53.0,55.65,0.2427114365476945,0.17001067167664222,-0.07270076487105229,0.07270076487105229,0,0,0,-1
gmsc,lightgbm,52,age,relative_minus_5,-0.05,59.0,61.95,0.04278071258564872,0.04278071258564872,0.0,0.0,0,0,0,-1
gmsc,lightgbm,53,age,relative_minus_5,-0.05,34.0,35.7,0.8459631804707949,0.843581873565545,-0.002381306905249847,0.002381306905249847,1,1,0,-1
gmsc,lightgbm,54,age,relative_minus_5,-0.05,34.0,35.7,0.9585025696211499,0.9585138792651806,1.1309644030732535e-05,1.1309644030732535e-05,1,1,0,-1
gmsc,lightgbm,55,age,relative_minus_5,-0.05,63.0,66.15,0.05240087287788092,0.05364682369181335,0.001245950813932431,0.001245950813932431,0,0,0,-1
gmsc,lightgbm,56,age,relative_minus_5,-0.05,45.0,47.25,0.16633030838518062,0.16834148308343752,0.002011174698256901,0.002011174698256901,0,0,0,-1
gmsc,lightgbm,57,age,relative_minus_5,-0.05,25.0,26.25,0.5855679032449771,0.5866841738474162,0.001116270602439129,0.001116270602439129,1,1,0,-1
gmsc,lightgbm,58,age,relative_minus_5,-0.05,65.0,68.25,0.7120052536243187,0.6447073964706161,-0.06729785715370251,0.06729785715370251,1,1,0,-1
gmsc,lightgbm,59,age,relative_minus_5,-0.05,45.0,47.25,0.6081127081916137,0.6151211638418567,0.007008455650242995,0.007008455650242995,1,1,0,-1
gmsc,lightgbm,60,age,relative_minus_5,-0.05,41.0,43.05,0.19907747746451288,0.19543608581398228,-0.0036413916505305954,0.0036413916505305954,0,0,0,-1
gmsc,lightgbm,61,age,relative_minus_5,-0.05,40.0,42.0,0.3321226038071093,0.320867962069869,-0.011254641737240278,0.011254641737240278,0,0,0,-1
gmsc,lightgbm,62,age,relative_minus_5,-0.05,44.0,46.2,0.49700932793678176,0.4971056774737886,9.634953700682347e-05,9.634953700682347e-05,0,0,0,-1
gmsc,lightgbm,63,age,relative_minus_5,-0.05,47.0,49.35,0.07983838287755414,0.07549351156996288,-0.004344871307591258,0.004344871307591258,0,0,0,-1
gmsc,lightgbm,64,age,relative_minus_5,-0.05,53.0,55.65,0.27572869286326523,0.278902168344162,0.003173475480896748,0.003173475480896748,0,0,0,-1
gmsc,lightgbm,65,age,relative_minus_5,-0.05,50.0,52.5,0.3901193599625518,0.3863860743841831,-0.003733285578368717,0.003733285578368717,0,0,0,-1
gmsc,lightgbm,66,age,relative_minus_5,-0.05,58.0,60.9,0.14251343003654435,0.14251343003654435,0.0,0.0,0,0,0,-1
gmsc,lightgbm,67,age,relative_minus_5,-0.05,37.0,38.85,0.42152422623564395,0.42152422623564395,0.0,0.0,0,0,0,-1
gmsc,lightgbm,68,age,relative_minus_5,-0.05,48.0,50.4,0.1212328971978392,0.1156390626537227,-0.005593834544116494,0.005593834544116494,0,0,0,-1
gmsc,lightgbm,69,age,relative_minus_5,-0.05,49.0,51.45,0.5620282234727743,0.5620282234727743,0.0,0.0,1,1,0,-1
gmsc,lightgbm,70,age,relative_minus_5,-0.05,43.0,45.15,0.4264114501848385,0.3973773884731702,-0.02903406171166828,0.02903406171166828,0,0,0,-1
gmsc,lightgbm,71,age,relative_minus_5,-0.05,37.0,38.85,0.11528535367529104,0.11528535367529104,0.0,0.0,0,0,0,-1
gmsc,lightgbm,72,age,relative_minus_5,-0.05,53.0,55.65,0.18694209170398213,0.1645927231398621,-0.022349368564120037,0.022349368564120037,0,0,0,-1
gmsc,lightgbm,73,age,relative_minus_5,-0.05,33.0,34.65,0.4189962251498132,0.4189962251498132,0.0,0.0,0,0,0,-1
gmsc,lightgbm,74,age,relative_minus_5,-0.05,30.0,31.5,0.210992213581658,0.210992213581658,0.0,0.0,0,0,0,-1
gmsc,lightgbm,75,age,relative_minus_5,-0.05,25.0,26.25,0.5342256118004257,0.5257293093754377,-0.008496302424988,0.008496302424988,1,1,0,-1
gmsc,lightgbm,76,age,relative_minus_5,-0.05,65.0,68.25,0.14869088239886066,0.10944395475691074,-0.039246927641949925,0.039246927641949925,0,0,0,-1
gmsc,lightgbm,77,age,relative_minus_5,-0.05,87.0,91.35,0.06703174942227336,0.03180990033293687,-0.03522184908933649,0.03522184908933649,0,0,0,-1
gmsc,lightgbm,78,age,relative_minus_5,-0.05,55.0,57.75,0.06266917697987844,0.04726515718833543,-0.015404019791543003,0.015404019791543003,0,0,0,-1
gmsc,lightgbm,79,age,relative_minus_5,-0.05,30.0,31.5,0.3139529328389652,0.3139529328389652,0.0,0.0,0,0,0,-1
gmsc,lightgbm,80,age,relative_minus_5,-0.05,71.0,74.55,0.13302830629350945,0.14850982484916803,0.015481518555658574,0.015481518555658574,0,0,0,-1
gmsc,lightgbm,81,age,relative_minus_5,-0.05,30.0,31.5,0.1610671025822026,0.1610671025822026,0.0,0.0,0,0,0,-1
gmsc,lightgbm,82,age,relative_minus_5,-0.05,51.0,53.55,0.39361810976909195,0.3551105977831571,-0.03850751198593483,0.03850751198593483,0,0,0,-1
gmsc,lightgbm,83,age,relative_minus_5,-0.05,75.0,78.75,0.07356231072502029,0.07267577284935176,-0.0008865378756685305,0.0008865378756685305,0,0,0,-1
gmsc,lightgbm,84,age,relative_minus_5,-0.05,50.0,52.5,0.6471402060773409,0.6471402060773409,0.0,0.0,1,1,0,-1
gmsc,lightgbm,85,age,relative_minus_5,-0.05,67.0,70.35,0.06895634900657907,0.054132043199431684,-0.014824305807147387,0.014824305807147387,0,0,0,-1
gmsc,lightgbm,86,age,relative_minus_5,-0.05,36.0,37.8,0.11410528051242601,0.11410528051242601,0.0,0.0,0,0,0,-1
gmsc,lightgbm,87,age,relative_minus_5,-0.05,33.0,34.65,0.1006092467906027,0.09789418945504873,-0.0027150573355539664,0.0027150573355539664,0,0,0,-1
gmsc,lightgbm,88,age,relative_minus_5,-0.05,41.0,43.05,0.126512958826711,0.12499282058561056,-0.0015201382411004216,0.0015201382411004216,0,0,0,-1
gmsc,lightgbm,89,age,relative_minus_5,-0.05,42.0,44.1,0.3522704795855978,0.3404350936228433,-0.011835385962754519,0.011835385962754519,0,0,0,-1
gmsc,lightgbm,90,age,relative_minus_5,-0.05,75.0,78.75,0.04106193866788959,0.04269842643211366,0.0016364877642240719,0.0016364877642240719,0,0,0,-1
gmsc,lightgbm,91,age,relative_minus_5,-0.05,47.0,49.35,0.15372114734573783,0.14536025987655715,-0.008360887469180678,0.008360887469180678,0,0,0,-1
gmsc,lightgbm,92,age,relative_minus_5,-0.05,57.0,59.85,0.06485095205727061,0.05828974709450678,-0.006561204962763828,0.006561204962763828,0,0,0,-1
gmsc,lightgbm,93,age,relative_minus_5,-0.05,59.0,61.95,0.09924642147480602,0.09924642147480602,0.0,0.0,0,0,0,-1
gmsc,lightgbm,94,age,relative_minus_5,-0.05,88.0,92.4,0.16680920152776404,0.07957844071075583,-0.08723076081700822,0.08723076081700822,0,0,0,-1
gmsc,lightgbm,95,age,relative_minus_5,-0.05,35.0,36.75,0.21924410434064803,0.1980048092593482,-0.02123929508129982,0.02123929508129982,0,0,0,-1
gmsc,lightgbm,96,age,relative_minus_5,-0.05,53.0,55.65,0.1131618927406001,0.08715300242013298,-0.026008890320467118,0.026008890320467118,0,0,0,-1
gmsc,lightgbm,97,age,relative_minus_5,-0.05,51.0,53.55,0.10806143941846993,0.10361759340464181,-0.0044438460138281205,0.0044438460138281205,0,0,0,-1
gmsc,lightgbm,98,age,relative_minus_5,-0.05,49.0,51.45,0.4053784379973068,0.4053784379973068,0.0,0.0,0,0,0,-1
gmsc,lightgbm,99,age,relative_minus_5,-0.05,52.0,54.6,0.9052932427250325,0.9075946731448816,0.002301430419849093,0.002301430419849093,1,1,0,-1
gmsc,lightgbm,0,age,relative_plus_5,0.05,78.0,81.9,0.09051292759777842,0.07035595259019504,-0.020156975007583372,0.020156975007583372,0,0,0,-1
gmsc,lightgbm,1,age,relative_plus_5,0.05,51.0,53.55,0.07432795724364831,0.07150104205926634,-0.0028269151843819673,0.0028269151843819673,0,0,0,-1
gmsc,lightgbm,2,age,relative_plus_5,0.05,60.0,63.0,0.056660675741342766,0.056660675741342766,0.0,0.0,0,0,0,-1
gmsc,lightgbm,3,age,relative_plus_5,0.05,57.0,59.85,0.286464202572455,0.2751600853377851,-0.011304117234669897,0.011304117234669897,0,0,0,-1
gmsc,lightgbm,4,age,relative_plus_5,0.05,48.0,50.4,0.10238192900656183,0.10130180610595585,-0.0010801229006059815,0.0010801229006059815,0,0,0,-1
gmsc,lightgbm,5,age,relative_plus_5,0.05,47.0,49.35,0.18604525641874214,0.1802720473424395,-0.005773209076302632,0.005773209076302632,0,0,0,-1
gmsc,lightgbm,6,age,relative_plus_5,0.05,48.0,50.4,0.23797486099678064,0.23541727619216393,-0.0025575848046167082,0.0025575848046167082,0,0,0,-1
gmsc,lightgbm,7,age,relative_plus_5,0.05,44.0,46.2,0.1952165672674782,0.19659214088347354,0.0013755736159953291,0.0013755736159953291,0,0,0,-1
gmsc,lightgbm,8,age,relative_plus_5,0.05,48.0,50.4,0.1354653526779545,0.12931144967425895,-0.00615390300369556,0.00615390300369556,0,0,0,-1
gmsc,lightgbm,9,age,relative_plus_5,0.05,41.0,43.05,0.4085309008746626,0.4051940509833665,-0.0033368498912960676,0.0033368498912960676,0,0,0,-1
gmsc,lightgbm,10,age,relative_plus_5,0.05,45.0,47.25,0.4151340630771105,0.42267168737737554,0.007537624300265056,0.007537624300265056,0,0,0,-1
gmsc,lightgbm,11,age,relative_plus_5,0.05,58.0,60.9,0.2344419755121663,0.2344419755121663,0.0,0.0,0,0,0,-1
gmsc,lightgbm,12,age,relative_plus_5,0.05,67.0,70.35,0.04156783494420435,0.03264275348260308,-0.008925081461601272,0.008925081461601272,0,0,0,-1
gmsc,lightgbm,13,age,relative_plus_5,0.05,40.0,42.0,0.8781305200687587,0.8818052031472567,0.0036746830784980533,0.0036746830784980533,1,1,0,-1
gmsc,lightgbm,14,age,relative_plus_5,0.05,44.0,46.2,0.30318348670534856,0.30526033845312506,0.002076851747776498,0.002076851747776498,0,0,0,-1
gmsc,lightgbm,15,age,relative_plus_5,0.05,56.0,58.8,0.27986218783007943,0.25846478267418166,-0.021397405155897775,0.021397405155897775,0,0,0,-1
gmsc,lightgbm,16,age,relative_plus_5,0.05,31.0,32.55,0.4795715640243079,0.4890591664673705,0.009487602443062626,0.009487602443062626,0,0,0,-1
gmsc,lightgbm,17,age,relative_plus_5,0.05,48.0,50.4,0.10036173784291944,0.0972898964667632,-0.003071841376156237,0.003071841376156237,0,0,0,-1
gmsc,lightgbm,18,age,relative_plus_5,0.05,34.0,35.7,0.4332396231850946,0.4113592864190542,-0.021880336766040398,0.021880336766040398,0,0,0,-1
gmsc,lightgbm,19,age,relative_plus_5,0.05,73.0,76.65,0.20706517488791176,0.20004661915804656,-0.007018555729865206,0.007018555729865206,0,0,0,-1
gmsc,lightgbm,20,age,relative_plus_5,0.05,50.0,52.5,0.05708612745116283,0.05708612745116283,0.0,0.0,0,0,0,-1
gmsc,lightgbm,21,age,relative_plus_5,0.05,78.0,81.9,0.0755556455268635,0.17007740796312065,0.09452176243625715,0.09452176243625715,0,0,0,-1
gmsc,lightgbm,22,age,relative_plus_5,0.05,55.0,57.75,0.05695935088858043,0.04794658032344502,-0.009012770565135407,0.009012770565135407,0,0,0,-1
gmsc,lightgbm,23,age,relative_plus_5,0.05,46.0,48.3,0.08889571164479391,0.09010550049830794,0.0012097888535140267,0.0012097888535140267,0,0,0,-1
gmsc,lightgbm,24,age,relative_plus_5,0.05,78.0,81.9,0.03569402945373115,0.03101752188374063,-0.004676507569990523,0.004676507569990523,0,0,0,-1
gmsc,lightgbm,25,age,relative_plus_5,0.05,56.0,58.8,0.485195355176274,0.4650449257537146,-0.0201504294225594,0.0201504294225594,0,0,0,-1
gmsc,lightgbm,26,age,relative_plus_5,0.05,52.0,54.6,0.4690330102001808,0.40024343937774437,-0.06878957082243642,0.06878957082243642,0,0,0,-1
gmsc,lightgbm,27,age,relative_plus_5,0.05,58.0,60.9,0.15310886136230434,0.15310886136230434,0.0,0.0,0,0,0,-1
gmsc,lightgbm,28,age,relative_plus_5,0.05,41.0,43.05,0.24706706865061875,0.24281400238228915,-0.004253066268329608,0.004253066268329608,0,0,0,-1
gmsc,lightgbm,29,age,relative_plus_5,0.05,85.0,89.25,0.07280429517617616,0.07361480020300683,0.0008105050268306657,0.0008105050268306657,0,0,0,-1
gmsc,lightgbm,30,age,relative_plus_5,0.05,34.0,35.7,0.2669688028729123,0.25789872302727723,-0.00907007984563507,0.00907007984563507,0,0,0,-1
gmsc,lightgbm,31,age,relative_plus_5,0.05,47.0,49.35,0.16812286485697317,0.157491903463818,-0.01063096139315517,0.01063096139315517,0,0,0,-1
gmsc,lightgbm,32,age,relative_plus_5,0.05,55.0,57.75,0.1358222660255187,0.11559168071641236,-0.020230585309106333,0.020230585309106333,0,0,0,-1
gmsc,lightgbm,33,age,relative_plus_5,0.05,65.0,68.25,0.0907121359558535,0.05033704478134877,-0.04037509117450474,0.04037509117450474,0,0,0,-1
gmsc,lightgbm,34,age,relative_plus_5,0.05,36.0,37.8,0.5887765630991544,0.5887765630991544,0.0,0.0,1,1,0,-1
gmsc,lightgbm,35,age,relative_plus_5,0.05,36.0,37.8,0.7686376306323768,0.7582372672744624,-0.010400363357914388,0.010400363357914388,1,1,0,-1
gmsc,lightgbm,36,age,relative_plus_5,0.05,68.0,71.4,0.20383228110756807,0.21549932050712065,0.011667039399552576,0.011667039399552576,0,0,0,-1
gmsc,lightgbm,37,age,relative_plus_5,0.05,38.0,39.9,0.36583164209666225,0.3619432794093078,-0.0038883626873544297,0.0038883626873544297,0,0,0,-1
gmsc,lightgbm,38,age,relative_plus_5,0.05,80.0,84.0,0.25782269826496373,0.19704553395387905,-0.06077716431108468,0.06077716431108468,0,0,0,-1
gmsc,lightgbm,39,age,relative_plus_5,0.05,39.0,40.95,0.35851671570275906,0.32072888911174985,-0.03778782659100921,0.03778782659100921,0,0,0,-1
gmsc,lightgbm,40,age,relative_plus_5,0.05,45.0,47.25,0.15809809532716768,0.15402433488878572,-0.0040737604383819515,0.0040737604383819515,0,0,0,-1
gmsc,lightgbm,41,age,relative_plus_5,0.05,47.0,49.35,0.17767130123412736,0.17245357982787876,-0.005217721406248599,0.005217721406248599,0,0,0,-1
gmsc,lightgbm,42,age,relative_plus_5,0.05,37.0,38.85,0.13142576347451704,0.13142576347451704,0.0,0.0,0,0,0,-1
gmsc,lightgbm,43,age,relative_plus_5,0.05,25.0,26.25,0.5220123045323535,0.507969541250055,-0.014042763282298476,0.014042763282298476,1,1,0,-1
gmsc,lightgbm,44,age,relative_plus_5,0.05,48.0,50.4,0.10248475676544401,0.09765984762929857,-0.004824909136145444,0.004824909136145444,0,0,0,-1
gmsc,lightgbm,45,age,relative_plus_5,0.05,75.0,78.75,0.134509615497707,0.13299401145788706,-0.0015156040398199566,0.0015156040398199566,0,0,0,-1
gmsc,lightgbm,46,age,relative_plus_5,0.05,67.0,70.35,0.24542503658751236,0.21918093787998402,-0.026244098707528335,0.026244098707528335,0,0,0,-1
gmsc,lightgbm,47,age,relative_plus_5,0.05,75.0,78.75,0.06429004529354826,0.06040386378394252,-0.003886181509605742,0.003886181509605742,0,0,0,-1
gmsc,lightgbm,48,age,relative_plus_5,0.05,53.0,55.65,0.08494795229441349,0.05822070391407551,-0.02672724838033798,0.02672724838033798,0,0,0,-1
gmsc,lightgbm,49,age,relative_plus_5,0.05,72.0,75.6,0.032964158323007746,0.03064012416500835,-0.0023240341579993974,0.0023240341579993974,0,0,0,-1
gmsc,lightgbm,50,age,relative_plus_5,0.05,57.0,59.85,0.15598569074603788,0.14902208733960826,-0.006963603406429625,0.006963603406429625,0,0,0,-1
gmsc,lightgbm,51,age,relative_plus_5,0.05,53.0,55.65,0.2427114365476945,0.17001067167664222,-0.07270076487105229,0.07270076487105229,0,0,0,-1
gmsc,lightgbm,52,age,relative_plus_5,0.05,59.0,61.95,0.04278071258564872,0.04278071258564872,0.0,0.0,0,0,0,-1
gmsc,lightgbm,53,age,relative_plus_5,0.05,34.0,35.7,0.8459631804707949,0.843581873565545,-0.002381306905249847,0.002381306905249847,1,1,0,-1
gmsc,lightgbm,54,age,relative_plus_5,0.05,34.0,35.7,0.9585025696211499,0.9585138792651806,1.1309644030732535e-05,1.1309644030732535e-05,1,1,0,-1
gmsc,lightgbm,55,age,relative_plus_5,0.05,63.0,66.15,0.05240087287788092,0.05364682369181335,0.001245950813932431,0.001245950813932431,0,0,0,-1
gmsc,lightgbm,56,age,relative_plus_5,0.05,45.0,47.25,0.16633030838518062,0.16834148308343752,0.002011174698256901,0.002011174698256901,0,0,0,-1
gmsc,lightgbm,57,age,relative_plus_5,0.05,25.0,26.25,0.5855679032449771,0.5866841738474162,0.001116270602439129,0.001116270602439129,1,1,0,-1
gmsc,lightgbm,58,age,relative_plus_5,0.05,65.0,68.25,0.7120052536243187,0.6447073964706161,-0.06729785715370251,0.06729785715370251,1,1,0,-1
gmsc,lightgbm,59,age,relative_plus_5,0.05,45.0,47.25,0.6081127081916137,0.6151211638418567,0.007008455650242995,0.007008455650242995,1,1,0,-1
gmsc,lightgbm,60,age,relative_plus_5,0.05,41.0,43.05,0.19907747746451288,0.19543608581398228,-0.0036413916505305954,0.0036413916505305954,0,0,0,-1
gmsc,lightgbm,61,age,relative_plus_5,0.05,40.0,42.0,0.3321226038071093,0.320867962069869,-0.011254641737240278,0.011254641737240278,0,0,0,-1
gmsc,lightgbm,62,age,relative_plus_5,0.05,44.0,46.2,0.49700932793678176,0.4971056774737886,9.634953700682347e-05,9.634953700682347e-05,0,0,0,-1
gmsc,lightgbm,63,age,relative_plus_5,0.05,47.0,49.35,0.07983838287755414,0.07549351156996288,-0.004344871307591258,0.004344871307591258,0,0,0,-1
gmsc,lightgbm,64,age,relative_plus_5,0.05,53.0,55.65,0.27572869286326523,0.278902168344162,0.003173475480896748,0.003173475480896748,0,0,0,-1
gmsc,lightgbm,65,age,relative_plus_5,0.05,50.0,52.5,0.3901193599625518,0.3863860743841831,-0.003733285578368717,0.003733285578368717,0,0,0,-1
gmsc,lightgbm,66,age,relative_plus_5,0.05,58.0,60.9,0.14251343003654435,0.14251343003654435,0.0,0.0,0,0,0,-1
gmsc,lightgbm,67,age,relative_plus_5,0.05,37.0,38.85,0.42152422623564395,0.42152422623564395,0.0,0.0,0,0,0,-1
gmsc,lightgbm,68,age,relative_plus_5,0.05,48.0,50.4,0.1212328971978392,0.1156390626537227,-0.005593834544116494,0.005593834544116494,0,0,0,-1
gmsc,lightgbm,69,age,relative_plus_5,0.05,49.0,51.45,0.5620282234727743,0.5620282234727743,0.0,0.0,1,1,0,-1
gmsc,lightgbm,70,age,relative_plus_5,0.05,43.0,45.15,0.4264114501848385,0.3973773884731702,-0.02903406171166828,0.02903406171166828,0,0,0,-1
gmsc,lightgbm,71,age,relative_plus_5,0.05,37.0,38.85,0.11528535367529104,0.11528535367529104,0.0,0.0,0,0,0,-1
gmsc,lightgbm,72,age,relative_plus_5,0.05,53.0,55.65,0.18694209170398213,0.1645927231398621,-0.022349368564120037,0.022349368564120037,0,0,0,-1
gmsc,lightgbm,73,age,relative_plus_5,0.05,33.0,34.65,0.4189962251498132,0.4189962251498132,0.0,0.0,0,0,0,-1
gmsc,lightgbm,74,age,relative_plus_5,0.05,30.0,31.5,0.210992213581658,0.210992213581658,0.0,0.0,0,0,0,-1
gmsc,lightgbm,75,age,relative_plus_5,0.05,25.0,26.25,0.5342256118004257,0.5257293093754377,-0.008496302424988,0.008496302424988,1,1,0,-1
gmsc,lightgbm,76,age,relative_plus_5,0.05,65.0,68.25,0.14869088239886066,0.10944395475691074,-0.039246927641949925,0.039246927641949925,0,0,0,-1
gmsc,lightgbm,77,age,relative_plus_5,0.05,87.0,91.35,0.06703174942227336,0.03180990033293687,-0.03522184908933649,0.03522184908933649,0,0,0,-1
gmsc,lightgbm,78,age,relative_plus_5,0.05,55.0,57.75,0.06266917697987844,0.04726515718833543,-0.015404019791543003,0.015404019791543003,0,0,0,-1
gmsc,lightgbm,79,age,relative_plus_5,0.05,30.0,31.5,0.3139529328389652,0.3139529328389652,0.0,0.0,0,0,0,-1
gmsc,lightgbm,80,age,relative_plus_5,0.05,71.0,74.55,0.13302830629350945,0.14850982484916803,0.015481518555658574,0.015481518555658574,0,0,0,-1
gmsc,lightgbm,81,age,relative_plus_5,0.05,30.0,31.5,0.1610671025822026,0.1610671025822026,0.0,0.0,0,0,0,-1
gmsc,lightgbm,82,age,relative_plus_5,0.05,51.0,53.55,0.39361810976909195,0.3551105977831571,-0.03850751198593483,0.03850751198593483,0,0,0,-1
gmsc,lightgbm,83,age,relative_plus_5,0.05,75.0,78.75,0.07356231072502029,0.07267577284935176,-0.0008865378756685305,0.0008865378756685305,0,0,0,-1
gmsc,lightgbm,84,age,relative_plus_5,0.05,50.0,52.5,0.6471402060773409,0.6471402060773409,0.0,0.0,1,1,0,-1
gmsc,lightgbm,85,age,relative_plus_5,0.05,67.0,70.35,0.06895634900657907,0.054132043199431684,-0.014824305807147387,0.014824305807147387,0,0,0,-1
gmsc,lightgbm,86,age,relative_plus_5,0.05,36.0,37.8,0.11410528051242601,0.11410528051242601,0.0,0.0,0,0,0,-1
gmsc,lightgbm,87,age,relative_plus_5,0.05,33.0,34.65,0.1006092467906027,0.09789418945504873,-0.0027150573355539664,0.0027150573355539664,0,0,0,-1
gmsc,lightgbm,88,age,relative_plus_5,0.05,41.0,43.05,0.126512958826711,0.12499282058561056,-0.0015201382411004216,0.0015201382411004216,0,0,0,-1
gmsc,lightgbm,89,age,relative_plus_5,0.05,42.0,44.1,0.3522704795855978,0.3404350936228433,-0.011835385962754519,0.011835385962754519,0,0,0,-1
gmsc,lightgbm,90,age,relative_plus_5,0.05,75.0,78.75,0.04106193866788959,0.04269842643211366,0.0016364877642240719,0.0016364877642240719,0,0,0,-1
gmsc,lightgbm,91,age,relative_plus_5,0.05,47.0,49.35,0.15372114734573783,0.14536025987655715,-0.008360887469180678,0.008360887469180678,0,0,0,-1
gmsc,lightgbm,92,age,relative_plus_5,0.05,57.0,59.85,0.06485095205727061,0.05828974709450678,-0.006561204962763828,0.006561204962763828,0,0,0,-1
gmsc,lightgbm,93,age,relative_plus_5,0.05,59.0,61.95,0.09924642147480602,0.09924642147480602,0.0,0.0,0,0,0,-1
gmsc,lightgbm,94,age,relative_plus_5,0.05,88.0,92.4,0.16680920152776404,0.07957844071075583,-0.08723076081700822,0.08723076081700822,0,0,0,-1
gmsc,lightgbm,95,age,relative_plus_5,0.05,35.0,36.75,0.21924410434064803,0.1980048092593482,-0.02123929508129982,0.02123929508129982,0,0,0,-1
gmsc,lightgbm,96,age,relative_plus_5,0.05,53.0,55.65,0.1131618927406001,0.08715300242013298,-0.026008890320467118,0.026008890320467118,0,0,0,-1
gmsc,lightgbm,97,age,relative_plus_5,0.05,51.0,53.55,0.10806143941846993,0.10361759340464181,-0.0044438460138281205,0.0044438460138281205,0,0,0,-1
gmsc,lightgbm,98,age,relative_plus_5,0.05,49.0,51.45,0.4053784379973068,0.4053784379973068,0.0,0.0,0,0,0,-1
gmsc,lightgbm,99,age,relative_plus_5,0.05,52.0,54.6,0.9052932427250325,0.9075946731448816,0.002301430419849093,0.002301430419849093,1,1,0,-1
gmsc,lightgbm,0,age,relative_minus_10,-0.1,78.0,85.8,0.09051292759777842,0.08701882021321648,-0.003494107384561934,0.003494107384561934,0,0,0,-1
gmsc,lightgbm,1,age,relative_minus_10,-0.1,51.0,56.1,0.07432795724364831,0.058110362619246125,-0.016217594624402185,0.016217594624402185,0,0,0,-1
gmsc,lightgbm,2,age,relative_minus_10,-0.1,60.0,66.0,0.056660675741342766,0.05088393866640564,-0.005776737074937123,0.005776737074937123,0,0,0,-1
gmsc,lightgbm,3,age,relative_minus_10,-0.1,57.0,62.7,0.286464202572455,0.2751600853377851,-0.011304117234669897,0.011304117234669897,0,0,0,-1
gmsc,lightgbm,4,age,relative_minus_10,-0.1,48.0,52.8,0.10238192900656183,0.10215763120579469,-0.00022429780076714534,0.00022429780076714534,0,0,0,-1
gmsc,lightgbm,5,age,relative_minus_10,-0.1,47.0,51.7,0.18604525641874214,0.1802720473424395,-0.005773209076302632,0.005773209076302632,0,0,0,-1
gmsc,lightgbm,6,age,relative_minus_10,-0.1,48.0,52.8,0.23797486099678064,0.2296778214135065,-0.00829703958327413,0.00829703958327413,0,0,0,-1
gmsc,lightgbm,7,age,relative_minus_10,-0.1,44.0,48.4,0.1952165672674782,0.19547576983359166,0.00025920256611344783,0.00025920256611344783,0,0,0,-1
gmsc,lightgbm,8,age,relative_minus_10,-0.1,48.0,52.8,0.1354653526779545,0.1334760434772066,-0.001989309200747913,0.001989309200747913,0,0,0,-1
gmsc,lightgbm,9,age,relative_minus_10,-0.1,41.0,45.1,0.4085309008746626,0.3936192200526412,-0.014911680822021378,0.014911680822021378,0,0,0,-1
gmsc,lightgbm,10,age,relative_minus_10,-0.1,45.0,49.5,0.4151340630771105,0.4132839690153254,-0.0018500940617851014,0.0018500940617851014,0,0,0,-1
gmsc,lightgbm,11,age,relative_minus_10,-0.1,58.0,63.8,0.2344419755121663,0.23221849741762948,-0.0022234780945368238,0.0022234780945368238,0,0,0,-1
gmsc,lightgbm,12,age,relative_minus_10,-0.1,67.0,73.7,0.04156783494420435,0.03237894649222169,-0.009188888451982659,0.009188888451982659,0,0,0,-1
gmsc,lightgbm,13,age,relative_minus_10,-0.1,40.0,44.0,0.8781305200687587,0.8784928332579114,0.0003623131891526965,0.0003623131891526965,1,1,0,-1
gmsc,lightgbm,14,age,relative_minus_10,-0.1,44.0,48.4,0.30318348670534856,0.30472932687491766,0.0015458401695691015,0.0015458401695691015,0,0,0,-1
gmsc,lightgbm,15,age,relative_minus_10,-0.1,56.0,61.6,0.27986218783007943,0.25846478267418166,-0.021397405155897775,0.021397405155897775,0,0,0,-1
gmsc,lightgbm,16,age,relative_minus_10,-0.1,31.0,34.1,0.4795715640243079,0.4890591664673705,0.009487602443062626,0.009487602443062626,0,0,0,-1
gmsc,lightgbm,17,age,relative_minus_10,-0.1,48.0,52.8,0.10036173784291944,0.09811552821757696,-0.0022462096253424713,0.0022462096253424713,0,0,0,-1
gmsc,lightgbm,18,age,relative_minus_10,-0.1,34.0,37.4,0.4332396231850946,0.4171401633322439,-0.016099459852850717,0.016099459852850717,0,0,0,-1
gmsc,lightgbm,19,age,relative_minus_10,-0.1,73.0,80.3,0.20706517488791176,0.18264391329808466,-0.024421261589827103,0.024421261589827103,0,0,0,-1
gmsc,lightgbm,20,age,relative_minus_10,-0.1,50.0,55.0,0.05708612745116283,0.04925541777585433,-0.007830709675308502,0.007830709675308502,0,0,0,-1
gmsc,lightgbm,21,age,relative_minus_10,-0.1,78.0,85.8,0.0755556455268635,0.12979181330722903,0.054236167780365524,0.054236167780365524,0,0,0,-1
gmsc,lightgbm,22,age,relative_minus_10,-0.1,55.0,60.5,0.05695935088858043,0.04917344435683883,-0.007785906531741597,0.007785906531741597,0,0,0,-1
gmsc,lightgbm,23,age,relative_minus_10,-0.1,46.0,50.6,0.08889571164479391,0.08823285406525776,-0.000662857579536158,0.000662857579536158,0,0,0,-1
gmsc,lightgbm,24,age,relative_minus_10,-0.1,78.0,85.8,0.03569402945373115,0.028415832541986034,-0.007278196911745118,0.007278196911745118,0,0,0,-1
gmsc,lightgbm,25,age,relative_minus_10,-0.1,56.0,61.6,0.485195355176274,0.449957078489179,-0.035238276687095005,0.035238276687095005,0,0,0,-1
gmsc,lightgbm,26,age,relative_minus_10,-0.1,52.0,57.2,0.4690330102001808,0.3682294188475405,-0.10080359135264028,0.10080359135264028,0,0,0,-1
gmsc,lightgbm,27,age,relative_minus_10,-0.1,58.0,63.8,0.15310886136230434,0.13195732814607972,-0.02115153321622462,0.02115153321622462,0,0,0,-1
gmsc,lightgbm,28,age,relative_minus_10,-0.1,41.0,45.1,0.24706706865061875,0.21308304846940462,-0.03398402018121413,0.03398402018121413,0,0,0,-1
gmsc,lightgbm,29,age,relative_minus_10,-0.1,85.0,93.5,0.07280429517617616,0.04113945829954247,-0.03166483687663369,0.03166483687663369,0,0,0,-1
gmsc,lightgbm,30,age,relative_minus_10,-0.1,34.0,37.4,0.2669688028729123,0.25789872302727723,-0.00907007984563507,0.00907007984563507,0,0,0,-1
gmsc,lightgbm,31,age,relative_minus_10,-0.1,47.0,51.7,0.16812286485697317,0.157491903463818,-0.01063096139315517,0.01063096139315517,0,0,0,-1
gmsc,lightgbm,32,age,relative_minus_10,-0.1,55.0,60.5,0.1358222660255187,0.11559168071641236,-0.020230585309106333,0.020230585309106333,0,0,0,-1
gmsc,lightgbm,33,age,relative_minus_10,-0.1,65.0,71.5,0.0907121359558535,0.058632500766851205,-0.0320796351890023,0.0320796351890023,0,0,0,-1
gmsc,lightgbm,34,age,relative_minus_10,-0.1,36.0,39.6,0.5887765630991544,0.5839181917486119,-0.004858371350542456,0.004858371350542456,1,1,0,-1
gmsc,lightgbm,35,age,relative_minus_10,-0.1,36.0,39.6,0.7686376306323768,0.7326040338663886,-0.03603359676598816,0.03603359676598816,1,1,0,-1
gmsc,lightgbm,36,age,relative_minus_10,-0.1,68.0,74.8,0.20383228110756807,0.24129444013914675,0.03746215903157868,0.03746215903157868,0,0,0,-1
gmsc,lightgbm,37,age,relative_minus_10,-0.1,38.0,41.8,0.36583164209666225,0.3640635873762119,-0.0017680547204503294,0.0017680547204503294,0,0,0,-1
gmsc,lightgbm,38,age,relative_minus_10,-0.1,80.0,88.0,0.25782269826496373,0.22272401369196773,-0.035098684572996,0.035098684572996,0,0,0,-1
gmsc,lightgbm,39,age,relative_minus_10,-0.1,39.0,42.9,0.35851671570275906,0.31573953600919097,-0.04277717969356809,0.04277717969356809,0,0,0,-1
gmsc,lightgbm,40,age,relative_minus_10,-0.1,45.0,49.5,0.15809809532716768,0.14008572061586938,-0.018012374711298296,0.018012374711298296,0,0,0,-1
gmsc,lightgbm,41,age,relative_minus_10,-0.1,47.0,51.7,0.17767130123412736,0.17379426915564322,-0.0038770320784841383,0.0038770320784841383,0,0,0,-1
gmsc,lightgbm,42,age,relative_minus_10,-0.1,37.0,40.7,0.13142576347451704,0.12952001530468768,-0.0019057481698293577,0.0019057481698293577,0,0,0,-1
gmsc,lightgbm,43,age,relative_minus_10,-0.1,25.0,27.5,0.5220123045323535,0.5042814721888634,-0.017730832343490044,0.017730832343490044,1,1,0,-1
gmsc,lightgbm,44,age,relative_minus_10,-0.1,48.0,52.8,0.10248475676544401,0.09765984762929857,-0.004824909136145444,0.004824909136145444,0,0,0,-1
gmsc,lightgbm,45,age,relative_minus_10,-0.1,75.0,82.5,0.134509615497707,0.1761970114319912,0.041687395934284194,0.041687395934284194,0,0,0,-1
gmsc,lightgbm,46,age,relative_minus_10,-0.1,67.0,73.7,0.24542503658751236,0.2431412626329986,-0.0022837739545137625,0.0022837739545137625,0,0,0,-1
gmsc,lightgbm,47,age,relative_minus_10,-0.1,75.0,82.5,0.06429004529354826,0.05198069945664517,-0.012309345836903088,0.012309345836903088,0,0,0,-1
gmsc,lightgbm,48,age,relative_minus_10,-0.1,53.0,58.3,0.08494795229441349,0.05184173238405433,-0.033106219910359155,0.033106219910359155,0,0,0,-1
gmsc,lightgbm,49,age,relative_minus_10,-0.1,72.0,79.2,0.032964158323007746,0.030016688010394067,-0.0029474703126136786,0.0029474703126136786,0,0,0,-1
gmsc,lightgbm,50,age,relative_minus_10,-0.1,57.0,62.7,0.15598569074603788,0.14902208733960826,-0.006963603406429625,0.006963603406429625,0,0,0,-1
gmsc,lightgbm,51,age,relative_minus_10,-0.1,53.0,58.3,0.2427114365476945,0.1518350840489533,-0.09087635249874121,0.09087635249874121,0,0,0,-1
gmsc,lightgbm,52,age,relative_minus_10,-0.1,59.0,64.9,0.04278071258564872,0.04118021531572032,-0.0016004972699284054,0.0016004972699284054,0,0,0,-1
gmsc,lightgbm,53,age,relative_minus_10,-0.1,34.0,37.4,0.8459631804707949,0.843581873565545,-0.002381306905249847,0.002381306905249847,1,1,0,-1
gmsc,lightgbm,54,age,relative_minus_10,-0.1,34.0,37.4,0.9585025696211499,0.9585138792651806,1.1309644030732535e-05,1.1309644030732535e-05,1,1,0,-1
gmsc,lightgbm,55,age,relative_minus_10,-0.1,63.0,69.3,0.05240087287788092,0.03894631397066726,-0.013454558907213664,0.013454558907213664,0,0,0,-1
gmsc,lightgbm,56,age,relative_minus_10,-0.1,45.0,49.5,0.16633030838518062,0.15843323074483703,-0.007897077640343586,0.007897077640343586,0,0,0,-1
gmsc,lightgbm,57,age,relative_minus_10,-0.1,25.0,27.5,0.5855679032449771,0.5872320815775144,0.0016641783325372916,0.0016641783325372916,1,1,0,-1
gmsc,lightgbm,58,age,relative_minus_10,-0.1,65.0,71.5,0.7120052536243187,0.6653607672283482,-0.04664448639597041,0.04664448639597041,1,1,0,-1
gmsc,lightgbm,59,age,relative_minus_10,-0.1,45.0,49.5,0.6081127081916137,0.6059453181596461,-0.002167390031967531,0.002167390031967531,1,1,0,-1
gmsc,lightgbm,60,age,relative_minus_10,-0.1,41.0,45.1,0.19907747746451288,0.1776000020194382,-0.021477475445074667,0.021477475445074667,0,0,0,-1
gmsc,lightgbm,61,age,relative_minus_10,-0.1,40.0,44.0,0.3321226038071093,0.30441271241263684,-0.02770989139447244,0.02770989139447244,0,0,0,-1
gmsc,lightgbm,62,age,relative_minus_10,-0.1,44.0,48.4,0.49700932793678176,0.4953349356305809,-0.001674392306200867,0.001674392306200867,0,0,0,-1
gmsc,lightgbm,63,age,relative_minus_10,-0.1,47.0,51.7,0.07983838287755414,0.07549351156996288,-0.004344871307591258,0.004344871307591258,0,0,0,-1
gmsc,lightgbm,64,age,relative_minus_10,-0.1,53.0,58.3,0.27572869286326523,0.2610986947592592,-0.014629998104006059,0.014629998104006059,0,0,0,-1
gmsc,lightgbm,65,age,relative_minus_10,-0.1,50.0,55.0,0.3901193599625518,0.3852410155522112,-0.004878344410340629,0.004878344410340629,0,0,0,-1
gmsc,lightgbm,66,age,relative_minus_10,-0.1,58.0,63.8,0.14251343003654435,0.12222618547794546,-0.020287244558598885,0.020287244558598885,0,0,0,-1
gmsc,lightgbm,67,age,relative_minus_10,-0.1,37.0,40.7,0.42152422623564395,0.41520424481218254,-0.006319981423461407,0.006319981423461407,0,0,0,-1
gmsc,lightgbm,68,age,relative_minus_10,-0.1,48.0,52.8,0.1212328971978392,0.1156390626537227,-0.005593834544116494,0.005593834544116494,0,0,0,-1
gmsc,lightgbm,69,age,relative_minus_10,-0.1,49.0,53.9,0.5620282234727743,0.5323212232754483,-0.029707000197325972,0.029707000197325972,1,1,0,-1
gmsc,lightgbm,70,age,relative_minus_10,-0.1,43.0,47.3,0.4264114501848385,0.4059835743444401,-0.020427875840398402,0.020427875840398402,0,0,0,-1
gmsc,lightgbm,71,age,relative_minus_10,-0.1,37.0,40.7,0.11528535367529104,0.11472271130634222,-0.000562642368948818,0.000562642368948818,0,0,0,-1
gmsc,lightgbm,72,age,relative_minus_10,-0.1,53.0,58.3,0.18694209170398213,0.15703932918022728,-0.029902762523754844,0.029902762523754844,0,0,0,-1
gmsc,lightgbm,73,age,relative_minus_10,-0.1,33.0,36.3,0.4189962251498132,0.40031820058764706,-0.018678024562166162,0.018678024562166162,0,0,0,-1
gmsc,lightgbm,74,age,relative_minus_10,-0.1,30.0,33.0,0.210992213581658,0.21661188105235296,0.00561966747069495,0.00561966747069495,0,0,0,-1
gmsc,lightgbm,75,age,relative_minus_10,-0.1,25.0,27.5,0.5342256118004257,0.5220491071088166,-0.012176504691609136,0.012176504691609136,1,1,0,-1
gmsc,lightgbm,76,age,relative_minus_10,-0.1,65.0,71.5,0.14869088239886066,0.12822943554693264,-0.020461446851928022,0.020461446851928022,0,0,0,-1
gmsc,lightgbm,77,age,relative_minus_10,-0.1,87.0,95.7,0.06703174942227336,0.023138184519688902,-0.043893564902584455,0.043893564902584455,0,0,0,-1
gmsc,lightgbm,78,age,relative_minus_10,-0.1,55.0,60.5,0.06266917697987844,0.048774502903390124,-0.013894674076488311,0.013894674076488311,0,0,0,-1
gmsc,lightgbm,79,age,relative_minus_10,-0.1,30.0,33.0,0.3139529328389652,0.32119853566166806,0.007245602822702868,0.007245602822702868,0,0,0,-1
gmsc,lightgbm,80,age,relative_minus_10,-0.1,71.0,78.1,0.13302830629350945,0.14850982484916803,0.015481518555658574,0.015481518555658574,0,0,0,-1
gmsc,lightgbm,81,age,relative_minus_10,-0.1,30.0,33.0,0.1610671025822026,0.1680794758023121,0.007012373220109502,0.007012373220109502,0,0,0,-1
gmsc,lightgbm,82,age,relative_minus_10,-0.1,51.0,56.1,0.39361810976909195,0.3075436644529446,-0.08607444531614733,0.08607444531614733,0,0,0,-1
gmsc,lightgbm,83,age,relative_minus_10,-0.1,75.0,82.5,0.07356231072502029,0.10140094626836811,0.027838635543347826,0.027838635543347826,0,0,0,-1
gmsc,lightgbm,84,age,relative_minus_10,-0.1,50.0,55.0,0.6471402060773409,0.581547424678033,-0.06559278139930791,0.06559278139930791,1,1,0,-1
gmsc,lightgbm,85,age,relative_minus_10,-0.1,67.0,73.7,0.06895634900657907,0.06081891124945761,-0.00813743775712146,0.00813743775712146,0,0,0,-1
gmsc,lightgbm,86,age,relative_minus_10,-0.1,36.0,39.6,0.11410528051242601,0.1124181823472267,-0.0016870981651993106,0.0016870981651993106,0,0,0,-1
gmsc,lightgbm,87,age,relative_minus_10,-0.1,33.0,36.3,0.1006092467906027,0.09668669058382841,-0.003922556206774286,0.003922556206774286,0,0,0,-1
gmsc,lightgbm,88,age,relative_minus_10,-0.1,41.0,45.1,0.126512958826711,0.11431878974226267,-0.012194169084448314,0.012194169084448314,0,0,0,-1
gmsc,lightgbm,89,age,relative_minus_10,-0.1,42.0,46.2,0.3522704795855978,0.3475978920937151,-0.004672587491882707,0.004672587491882707,0,0,0,-1
gmsc,lightgbm,90,age,relative_minus_10,-0.1,75.0,82.5,0.04106193866788959,0.0543265320964099,0.013264593428520308,0.013264593428520308,0,0,0,-1
gmsc,lightgbm,91,age,relative_minus_10,-0.1,47.0,51.7,0.15372114734573783,0.14536025987655715,-0.008360887469180678,0.008360887469180678,0,0,0,-1
gmsc,lightgbm,92,age,relative_minus_10,-0.1,57.0,62.7,0.06485095205727061,0.05828974709450678,-0.006561204962763828,0.006561204962763828,0,0,0,-1
gmsc,lightgbm,93,age,relative_minus_10,-0.1,59.0,64.9,0.09924642147480602,0.10844146523874128,0.009195043763935262,0.009195043763935262,0,0,0,-1
gmsc,lightgbm,94,age,relative_minus_10,-0.1,88.0,96.8,0.16680920152776404,0.07957844071075583,-0.08723076081700822,0.08723076081700822,0,0,0,-1
gmsc,lightgbm,95,age,relative_minus_10,-0.1,35.0,38.5,0.21924410434064803,0.19340917110714598,-0.025834933233502055,0.025834933233502055,0,0,0,-1
gmsc,lightgbm,96,age,relative_minus_10,-0.1,53.0,58.3,0.1131618927406001,0.08152185964300053,-0.031640033097599565,0.031640033097599565,0,0,0,-1
gmsc,lightgbm,97,age,relative_minus_10,-0.1,51.0,56.1,0.10806143941846993,0.0783009434431533,-0.02976049597531663,0.02976049597531663,0,0,0,-1
gmsc,lightgbm,98,age,relative_minus_10,-0.1,49.0,53.9,0.4053784379973068,0.365655419576299,-0.03972301842100778,0.03972301842100778,0,0,0,-1
gmsc,lightgbm,99,age,relative_minus_10,-0.1,52.0,57.2,0.9052932427250325,0.9075547181704408,0.002261475445408223,0.002261475445408223,1,1,0,-1
gmsc,lightgbm,0,age,relative_plus_10,0.1,78.0,85.8,0.09051292759777842,0.08701882021321648,-0.003494107384561934,0.003494107384561934,0,0,0,-1
gmsc,lightgbm,1,age,relative_plus_10,0.1,51.0,56.1,0.07432795724364831,0.058110362619246125,-0.016217594624402185,0.016217594624402185,0,0,0,-1
gmsc,lightgbm,2,age,relative_plus_10,0.1,60.0,66.0,0.056660675741342766,0.05088393866640564,-0.005776737074937123,0.005776737074937123,0,0,0,-1
gmsc,lightgbm,3,age,relative_plus_10,0.1,57.0,62.7,0.286464202572455,0.2751600853377851,-0.011304117234669897,0.011304117234669897,0,0,0,-1
gmsc,lightgbm,4,age,relative_plus_10,0.1,48.0,52.8,0.10238192900656183,0.10215763120579469,-0.00022429780076714534,0.00022429780076714534,0,0,0,-1
gmsc,lightgbm,5,age,relative_plus_10,0.1,47.0,51.7,0.18604525641874214,0.1802720473424395,-0.005773209076302632,0.005773209076302632,0,0,0,-1
gmsc,lightgbm,6,age,relative_plus_10,0.1,48.0,52.8,0.23797486099678064,0.2296778214135065,-0.00829703958327413,0.00829703958327413,0,0,0,-1
gmsc,lightgbm,7,age,relative_plus_10,0.1,44.0,48.4,0.1952165672674782,0.19547576983359166,0.00025920256611344783,0.00025920256611344783,0,0,0,-1
gmsc,lightgbm,8,age,relative_plus_10,0.1,48.0,52.8,0.1354653526779545,0.1334760434772066,-0.001989309200747913,0.001989309200747913,0,0,0,-1
gmsc,lightgbm,9,age,relative_plus_10,0.1,41.0,45.1,0.4085309008746626,0.3936192200526412,-0.014911680822021378,0.014911680822021378,0,0,0,-1
gmsc,lightgbm,10,age,relative_plus_10,0.1,45.0,49.5,0.4151340630771105,0.4132839690153254,-0.0018500940617851014,0.0018500940617851014,0,0,0,-1
gmsc,lightgbm,11,age,relative_plus_10,0.1,58.0,63.8,0.2344419755121663,0.23221849741762948,-0.0022234780945368238,0.0022234780945368238,0,0,0,-1
gmsc,lightgbm,12,age,relative_plus_10,0.1,67.0,73.7,0.04156783494420435,0.03237894649222169,-0.009188888451982659,0.009188888451982659,0,0,0,-1
gmsc,lightgbm,13,age,relative_plus_10,0.1,40.0,44.0,0.8781305200687587,0.8784928332579114,0.0003623131891526965,0.0003623131891526965,1,1,0,-1
gmsc,lightgbm,14,age,relative_plus_10,0.1,44.0,48.4,0.30318348670534856,0.30472932687491766,0.0015458401695691015,0.0015458401695691015,0,0,0,-1
gmsc,lightgbm,15,age,relative_plus_10,0.1,56.0,61.6,0.27986218783007943,0.25846478267418166,-0.021397405155897775,0.021397405155897775,0,0,0,-1
gmsc,lightgbm,16,age,relative_plus_10,0.1,31.0,34.1,0.4795715640243079,0.4890591664673705,0.009487602443062626,0.009487602443062626,0,0,0,-1
gmsc,lightgbm,17,age,relative_plus_10,0.1,48.0,52.8,0.10036173784291944,0.09811552821757696,-0.0022462096253424713,0.0022462096253424713,0,0,0,-1
gmsc,lightgbm,18,age,relative_plus_10,0.1,34.0,37.4,0.4332396231850946,0.4171401633322439,-0.016099459852850717,0.016099459852850717,0,0,0,-1
gmsc,lightgbm,19,age,relative_plus_10,0.1,73.0,80.3,0.20706517488791176,0.18264391329808466,-0.024421261589827103,0.024421261589827103,0,0,0,-1
gmsc,lightgbm,20,age,relative_plus_10,0.1,50.0,55.0,0.05708612745116283,0.04925541777585433,-0.007830709675308502,0.007830709675308502,0,0,0,-1
gmsc,lightgbm,21,age,relative_plus_10,0.1,78.0,85.8,0.0755556455268635,0.12979181330722903,0.054236167780365524,0.054236167780365524,0,0,0,-1
gmsc,lightgbm,22,age,relative_plus_10,0.1,55.0,60.5,0.05695935088858043,0.04917344435683883,-0.007785906531741597,0.007785906531741597,0,0,0,-1
gmsc,lightgbm,23,age,relative_plus_10,0.1,46.0,50.6,0.08889571164479391,0.08823285406525776,-0.000662857579536158,0.000662857579536158,0,0,0,-1
gmsc,lightgbm,24,age,relative_plus_10,0.1,78.0,85.8,0.03569402945373115,0.028415832541986034,-0.007278196911745118,0.007278196911745118,0,0,0,-1
gmsc,lightgbm,25,age,relative_plus_10,0.1,56.0,61.6,0.485195355176274,0.449957078489179,-0.035238276687095005,0.035238276687095005,0,0,0,-1
gmsc,lightgbm,26,age,relative_plus_10,0.1,52.0,57.2,0.4690330102001808,0.3682294188475405,-0.10080359135264028,0.10080359135264028,0,0,0,-1
gmsc,lightgbm,27,age,relative_plus_10,0.1,58.0,63.8,0.15310886136230434,0.13195732814607972,-0.02115153321622462,0.02115153321622462,0,0,0,-1
gmsc,lightgbm,28,age,relative_plus_10,0.1,41.0,45.1,0.24706706865061875,0.21308304846940462,-0.03398402018121413,0.03398402018121413,0,0,0,-1
gmsc,lightgbm,29,age,relative_plus_10,0.1,85.0,93.5,0.07280429517617616,0.04113945829954247,-0.03166483687663369,0.03166483687663369,0,0,0,-1
gmsc,lightgbm,30,age,relative_plus_10,0.1,34.0,37.4,0.2669688028729123,0.25789872302727723,-0.00907007984563507,0.00907007984563507,0,0,0,-1
gmsc,lightgbm,31,age,relative_plus_10,0.1,47.0,51.7,0.16812286485697317,0.157491903463818,-0.01063096139315517,0.01063096139315517,0,0,0,-1
gmsc,lightgbm,32,age,relative_plus_10,0.1,55.0,60.5,0.1358222660255187,0.11559168071641236,-0.020230585309106333,0.020230585309106333,0,0,0,-1
gmsc,lightgbm,33,age,relative_plus_10,0.1,65.0,71.5,0.0907121359558535,0.058632500766851205,-0.0320796351890023,0.0320796351890023,0,0,0,-1
gmsc,lightgbm,34,age,relative_plus_10,0.1,36.0,39.6,0.5887765630991544,0.5839181917486119,-0.004858371350542456,0.004858371350542456,1,1,0,-1
gmsc,lightgbm,35,age,relative_plus_10,0.1,36.0,39.6,0.7686376306323768,0.7326040338663886,-0.03603359676598816,0.03603359676598816,1,1,0,-1
gmsc,lightgbm,36,age,relative_plus_10,0.1,68.0,74.8,0.20383228110756807,0.24129444013914675,0.03746215903157868,0.03746215903157868,0,0,0,-1
gmsc,lightgbm,37,age,relative_plus_10,0.1,38.0,41.8,0.36583164209666225,0.3640635873762119,-0.0017680547204503294,0.0017680547204503294,0,0,0,-1
gmsc,lightgbm,38,age,relative_plus_10,0.1,80.0,88.0,0.25782269826496373,0.22272401369196773,-0.035098684572996,0.035098684572996,0,0,0,-1
gmsc,lightgbm,39,age,relative_plus_10,0.1,39.0,42.9,0.35851671570275906,0.31573953600919097,-0.04277717969356809,0.04277717969356809,0,0,0,-1
gmsc,lightgbm,40,age,relative_plus_10,0.1,45.0,49.5,0.15809809532716768,0.14008572061586938,-0.018012374711298296,0.018012374711298296,0,0,0,-1
gmsc,lightgbm,41,age,relative_plus_10,0.1,47.0,51.7,0.17767130123412736,0.17379426915564322,-0.0038770320784841383,0.0038770320784841383,0,0,0,-1
gmsc,lightgbm,42,age,relative_plus_10,0.1,37.0,40.7,0.13142576347451704,0.12952001530468768,-0.0019057481698293577,0.0019057481698293577,0,0,0,-1
gmsc,lightgbm,43,age,relative_plus_10,0.1,25.0,27.5,0.5220123045323535,0.5042814721888634,-0.017730832343490044,0.017730832343490044,1,1,0,-1
gmsc,lightgbm,44,age,relative_plus_10,0.1,48.0,52.8,0.10248475676544401,0.09765984762929857,-0.004824909136145444,0.004824909136145444,0,0,0,-1
gmsc,lightgbm,45,age,relative_plus_10,0.1,75.0,82.5,0.134509615497707,0.1761970114319912,0.041687395934284194,0.041687395934284194,0,0,0,-1
gmsc,lightgbm,46,age,relative_plus_10,0.1,67.0,73.7,0.24542503658751236,0.2431412626329986,-0.0022837739545137625,0.0022837739545137625,0,0,0,-1
gmsc,lightgbm,47,age,relative_plus_10,0.1,75.0,82.5,0.06429004529354826,0.05198069945664517,-0.012309345836903088,0.012309345836903088,0,0,0,-1
gmsc,lightgbm,48,age,relative_plus_10,0.1,53.0,58.3,0.08494795229441349,0.05184173238405433,-0.033106219910359155,0.033106219910359155,0,0,0,-1
gmsc,lightgbm,49,age,relative_plus_10,0.1,72.0,79.2,0.032964158323007746,0.030016688010394067,-0.0029474703126136786,0.0029474703126136786,0,0,0,-1
gmsc,lightgbm,50,age,relative_plus_10,0.1,57.0,62.7,0.15598569074603788,0.14902208733960826,-0.006963603406429625,0.006963603406429625,0,0,0,-1
gmsc,lightgbm,51,age,relative_plus_10,0.1,53.0,58.3,0.2427114365476945,0.1518350840489533,-0.09087635249874121,0.09087635249874121,0,0,0,-1
gmsc,lightgbm,52,age,relative_plus_10,0.1,59.0,64.9,0.04278071258564872,0.04118021531572032,-0.0016004972699284054,0.0016004972699284054,0,0,0,-1
gmsc,lightgbm,53,age,relative_plus_10,0.1,34.0,37.4,0.8459631804707949,0.843581873565545,-0.002381306905249847,0.002381306905249847,1,1,0,-1
gmsc,lightgbm,54,age,relative_plus_10,0.1,34.0,37.4,0.9585025696211499,0.9585138792651806,1.1309644030732535e-05,1.1309644030732535e-05,1,1,0,-1
gmsc,lightgbm,55,age,relative_plus_10,0.1,63.0,69.3,0.05240087287788092,0.03894631397066726,-0.013454558907213664,0.013454558907213664,0,0,0,-1
gmsc,lightgbm,56,age,relative_plus_10,0.1,45.0,49.5,0.16633030838518062,0.15843323074483703,-0.007897077640343586,0.007897077640343586,0,0,0,-1
gmsc,lightgbm,57,age,relative_plus_10,0.1,25.0,27.5,0.5855679032449771,0.5872320815775144,0.0016641783325372916,0.0016641783325372916,1,1,0,-1
gmsc,lightgbm,58,age,relative_plus_10,0.1,65.0,71.5,0.7120052536243187,0.6653607672283482,-0.04664448639597041,0.04664448639597041,1,1,0,-1
gmsc,lightgbm,59,age,relative_plus_10,0.1,45.0,49.5,0.6081127081916137,0.6059453181596461,-0.002167390031967531,0.002167390031967531,1,1,0,-1
gmsc,lightgbm,60,age,relative_plus_10,0.1,41.0,45.1,0.19907747746451288,0.1776000020194382,-0.021477475445074667,0.021477475445074667,0,0,0,-1
gmsc,lightgbm,61,age,relative_plus_10,0.1,40.0,44.0,0.3321226038071093,0.30441271241263684,-0.02770989139447244,0.02770989139447244,0,0,0,-1
gmsc,lightgbm,62,age,relative_plus_10,0.1,44.0,48.4,0.49700932793678176,0.4953349356305809,-0.001674392306200867,0.001674392306200867,0,0,0,-1
gmsc,lightgbm,63,age,relative_plus_10,0.1,47.0,51.7,0.07983838287755414,0.07549351156996288,-0.004344871307591258,0.004344871307591258,0,0,0,-1
gmsc,lightgbm,64,age,relative_plus_10,0.1,53.0,58.3,0.27572869286326523,0.2610986947592592,-0.014629998104006059,0.014629998104006059,0,0,0,-1
gmsc,lightgbm,65,age,relative_plus_10,0.1,50.0,55.0,0.3901193599625518,0.3852410155522112,-0.004878344410340629,0.004878344410340629,0,0,0,-1
gmsc,lightgbm,66,age,relative_plus_10,0.1,58.0,63.8,0.14251343003654435,0.12222618547794546,-0.020287244558598885,0.020287244558598885,0,0,0,-1
gmsc,lightgbm,67,age,relative_plus_10,0.1,37.0,40.7,0.42152422623564395,0.41520424481218254,-0.006319981423461407,0.006319981423461407,0,0,0,-1
gmsc,lightgbm,68,age,relative_plus_10,0.1,48.0,52.8,0.1212328971978392,0.1156390626537227,-0.005593834544116494,0.005593834544116494,0,0,0,-1
gmsc,lightgbm,69,age,relative_plus_10,0.1,49.0,53.9,0.5620282234727743,0.5323212232754483,-0.029707000197325972,0.029707000197325972,1,1,0,-1
gmsc,lightgbm,70,age,relative_plus_10,0.1,43.0,47.3,0.4264114501848385,0.4059835743444401,-0.020427875840398402,0.020427875840398402,0,0,0,-1
gmsc,lightgbm,71,age,relative_plus_10,0.1,37.0,40.7,0.11528535367529104,0.11472271130634222,-0.000562642368948818,0.000562642368948818,0,0,0,-1
gmsc,lightgbm,72,age,relative_plus_10,0.1,53.0,58.3,0.18694209170398213,0.15703932918022728,-0.029902762523754844,0.029902762523754844,0,0,0,-1
gmsc,lightgbm,73,age,relative_plus_10,0.1,33.0,36.3,0.4189962251498132,0.40031820058764706,-0.018678024562166162,0.018678024562166162,0,0,0,-1
gmsc,lightgbm,74,age,relative_plus_10,0.1,30.0,33.0,0.210992213581658,0.21661188105235296,0.00561966747069495,0.00561966747069495,0,0,0,-1
gmsc,lightgbm,75,age,relative_plus_10,0.1,25.0,27.5,0.5342256118004257,0.5220491071088166,-0.012176504691609136,0.012176504691609136,1,1,0,-1
gmsc,lightgbm,76,age,relative_plus_10,0.1,65.0,71.5,0.14869088239886066,0.12822943554693264,-0.020461446851928022,0.020461446851928022,0,0,0,-1
gmsc,lightgbm,77,age,relative_plus_10,0.1,87.0,95.7,0.06703174942227336,0.023138184519688902,-0.043893564902584455,0.043893564902584455,0,0,0,-1
gmsc,lightgbm,78,age,relative_plus_10,0.1,55.0,60.5,0.06266917697987844,0.048774502903390124,-0.013894674076488311,0.013894674076488311,0,0,0,-1
gmsc,lightgbm,79,age,relative_plus_10,0.1,30.0,33.0,0.3139529328389652,0.32119853566166806,0.007245602822702868,0.007245602822702868,0,0,0,-1
gmsc,lightgbm,80,age,relative_plus_10,0.1,71.0,78.1,0.13302830629350945,0.14850982484916803,0.015481518555658574,0.015481518555658574,0,0,0,-1
gmsc,lightgbm,81,age,relative_plus_10,0.1,30.0,33.0,0.1610671025822026,0.1680794758023121,0.007012373220109502,0.007012373220109502,0,0,0,-1
gmsc,lightgbm,82,age,relative_plus_10,0.1,51.0,56.1,0.39361810976909195,0.3075436644529446,-0.08607444531614733,0.08607444531614733,0,0,0,-1
gmsc,lightgbm,83,age,relative_plus_10,0.1,75.0,82.5,0.07356231072502029,0.10140094626836811,0.027838635543347826,0.027838635543347826,0,0,0,-1
gmsc,lightgbm,84,age,relative_plus_10,0.1,50.0,55.0,0.6471402060773409,0.581547424678033,-0.06559278139930791,0.06559278139930791,1,1,0,-1
gmsc,lightgbm,85,age,relative_plus_10,0.1,67.0,73.7,0.06895634900657907,0.06081891124945761,-0.00813743775712146,0.00813743775712146,0,0,0,-1
gmsc,lightgbm,86,age,relative_plus_10,0.1,36.0,39.6,0.11410528051242601,0.1124181823472267,-0.0016870981651993106,0.0016870981651993106,0,0,0,-1
gmsc,lightgbm,87,age,relative_plus_10,0.1,33.0,36.3,0.1006092467906027,0.09668669058382841,-0.003922556206774286,0.003922556206774286,0,0,0,-1
gmsc,lightgbm,88,age,relative_plus_10,0.1,41.0,45.1,0.126512958826711,0.11431878974226267,-0.012194169084448314,0.012194169084448314,0,0,0,-1
gmsc,lightgbm,89,age,relative_plus_10,0.1,42.0,46.2,0.3522704795855978,0.3475978920937151,-0.004672587491882707,0.004672587491882707,0,0,0,-1
gmsc,lightgbm,90,age,relative_plus_10,0.1,75.0,82.5,0.04106193866788959,0.0543265320964099,0.013264593428520308,0.013264593428520308,0,0,0,-1
gmsc,lightgbm,91,age,relative_plus_10,0.1,47.0,51.7,0.15372114734573783,0.14536025987655715,-0.008360887469180678,0.008360887469180678,0,0,0,-1
gmsc,lightgbm,92,age,relative_plus_10,0.1,57.0,62.7,0.06485095205727061,0.05828974709450678,-0.006561204962763828,0.006561204962763828,0,0,0,-1
gmsc,lightgbm,93,age,relative_plus_10,0.1,59.0,64.9,0.09924642147480602,0.10844146523874128,0.009195043763935262,0.009195043763935262,0,0,0,-1
gmsc,lightgbm,94,age,relative_plus_10,0.1,88.0,96.8,0.16680920152776404,0.07957844071075583,-0.08723076081700822,0.08723076081700822,0,0,0,-1
gmsc,lightgbm,95,age,relative_plus_10,0.1,35.0,38.5,0.21924410434064803,0.19340917110714598,-0.025834933233502055,0.025834933233502055,0,0,0,-1
gmsc,lightgbm,96,age,relative_plus_10,0.1,53.0,58.3,0.1131618927406001,0.08152185964300053,-0.031640033097599565,0.031640033097599565,0,0,0,-1
gmsc,lightgbm,97,age,relative_plus_10,0.1,51.0,56.1,0.10806143941846993,0.0783009434431533,-0.02976049597531663,0.02976049597531663,0,0,0,-1
gmsc,lightgbm,98,age,relative_plus_10,0.1,49.0,53.9,0.4053784379973068,0.365655419576299,-0.03972301842100778,0.03972301842100778,0,0,0,-1
gmsc,lightgbm,99,age,relative_plus_10,0.1,52.0,57.2,0.9052932427250325,0.9075547181704408,0.002261475445408223,0.002261475445408223,1,1,0,-1
gmsc,lightgbm,0,NumberOfTime30-59DaysPastDueNotWorse,relative_minus_5,-0.05,0.0,0.05,0.09051292759777842,0.2605912884058572,0.1700783608080788,0.1700783608080788,0,0,0,-1
gmsc,lightgbm,1,NumberOfTime30-59DaysPastDueNotWorse,relative_minus_5,-0.05,0.0,0.05,0.07432795724364831,0.2423344284062161,0.16800647116256778,0.16800647116256778,0,0,0,-1
gmsc,lightgbm,2,NumberOfTime30-59DaysPastDueNotWorse,relative_minus_5,-0.05,0.0,0.05,0.056660675741342766,0.2411525090199342,0.18449183327859145,0.18449183327859145,0,0,0,-1
gmsc,lightgbm,3,NumberOfTime30-59DaysPastDueNotWorse,relative_minus_5,-0.05,0.0,0.05,0.286464202572455,0.5380928801055965,0.25162867753314155,0.25162867753314155,0,1,1,-1
gmsc,lightgbm,4,NumberOfTime30-59DaysPastDueNotWorse,relative_minus_5,-0.05,0.0,0.05,0.10238192900656183,0.31464715060955906,0.2122652216029972,0.2122652216029972,0,0,0,-1
gmsc,lightgbm,5,NumberOfTime30-59DaysPastDueNotWorse,relative_minus_5,-0.05,0.0,0.05,0.18604525641874214,0.40611289513469107,0.22006763871594892,0.22006763871594892,0,0,0,-1
gmsc,lightgbm,6,NumberOfTime30-59DaysPastDueNotWorse,relative_minus_5,-0.05,0.0,0.05,0.23797486099678064,0.45941548697287543,0.2214406259760948,0.2214406259760948,0,0,0,-1
gmsc,lightgbm,7,NumberOfTime30-59DaysPastDueNotWorse,relative_minus_5,-0.05,0.0,0.05,0.1952165672674782,0.38713785956478186,0.19192129229730365,0.19192129229730365,0,0,0,-1
gmsc,lightgbm,8,NumberOfTime30-59DaysPastDueNotWorse,relative_minus_5,-0.05,0.0,0.05,0.1354653526779545,0.3627870139301249,0.2273216612521704,0.2273216612521704,0,0,0,-1
gmsc,lightgbm,9,NumberOfTime30-59DaysPastDueNotWorse,relative_minus_5,-0.05,1.0,1.05,0.4085309008746626,0.4085309008746626,0.0,0.0,0,0,0,-1
gmsc,lightgbm,10,NumberOfTime30-59DaysPastDueNotWorse,relative_minus_5,-0.05,0.0,0.05,0.4151340630771105,0.5936398730572574,0.17850580998014692,0.17850580998014692,0,1,1,-1
gmsc,lightgbm,11,NumberOfTime30-59DaysPastDueNotWorse,relative_minus_5,-0.05,0.0,0.05,0.2344419755121663,0.41979904622088526,0.18535707070871896,0.18535707070871896,0,0,0,-1
gmsc,lightgbm,12,NumberOfTime30-59DaysPastDueNotWorse,relative_minus_5,-0.05,0.0,0.05,0.04156783494420435,0.20884507180983602,0.16727723686563167,0.16727723686563167,0,0,0,-1
gmsc,lightgbm,13,NumberOfTime30-59DaysPastDueNotWorse,relative_minus_5,-0.05,0.0,0.05,0.8781305200687587,0.8976651830033999,0.019534662934641234,0.019534662934641234,1,1,0,-1
gmsc,lightgbm,14,NumberOfTime30-59DaysPastDueNotWorse,relative_minus_5,-0.05,0.0,0.05,0.30318348670534856,0.519555872594264,0.2163723858889154,0.2163723858889154,0,1,1,-1
gmsc,lightgbm,15,NumberOfTime30-59DaysPastDueNotWorse,relative_minus_5,-0.05,1.0,1.05,0.27986218783007943,0.27986218783007943,0.0,0.0,0,0,0,-1
gmsc,lightgbm,16,NumberOfTime30-59DaysPastDueNotWorse,relative_minus_5,-0.05,1.0,1.05,0.4795715640243079,0.4795715640243079,0.0,0.0,0,0,0,-1
gmsc,lightgbm,17,NumberOfTime30-59DaysPastDueNotWorse,relative_minus_5,-0.05,0.0,0.05,0.10036173784291944,0.2880974463987395,0.18773570855582009,0.18773570855582009,0,0,0,-1
gmsc,lightgbm,18,NumberOfTime30-59DaysPastDueNotWorse,relative_minus_5,-0.05,0.0,0.05,0.4332396231850946,0.6371577245443543,0.20391810135925964,0.20391810135925964,0,1,1,-1
gmsc,lightgbm,19,NumberOfTime30-59DaysPastDueNotWorse,relative_minus_5,-0.05,1.0,1.05,0.20706517488791176,0.20706517488791176,0.0,0.0,0,0,0,-1
gmsc,lightgbm,20,NumberOfTime30-59DaysPastDueNotWorse,relative_minus_5,-0.05,0.0,0.05,0.05708612745116283,0.21864856340205827,0.16156243595089542,0.16156243595089542,0,0,0,-1
gmsc,lightgbm,21,NumberOfTime30-59DaysPastDueNotWorse,relative_minus_5,-0.05,0.0,0.05,0.0755556455268635,0.18721896361797266,0.11166331809110916,0.11166331809110916,0,0,0,-1
gmsc,lightgbm,22,NumberOfTime30-59DaysPastDueNotWorse,relative_minus_5,-0.05,0.0,0.05,0.05695935088858043,0.21695904234952904,0.1599996914609486,0.1599996914609486,0,0,0,-1
gmsc,lightgbm,23,NumberOfTime30-59DaysPastDueNotWorse,relative_minus_5,-0.05,0.0,0.05,0.08889571164479391,0.2756302097409632,0.18673449809616927,0.18673449809616927,0,0,0,-1
gmsc,lightgbm,24,NumberOfTime30-59DaysPastDueNotWorse,relative_minus_5,-0.05,0.0,0.05,0.03569402945373115,0.17097529311521167,0.13528126366148052,0.13528126366148052,0,0,0,-1
gmsc,lightgbm,25,NumberOfTime30-59DaysPastDueNotWorse,relative_minus_5,-0.05,0.0,0.05,0.485195355176274,0.7457266070755209,0.26053125189924686,0.26053125189924686,0,1,1,-1
gmsc,lightgbm,26,NumberOfTime30-59DaysPastDueNotWorse,relative_minus_5,-0.05,0.0,0.05,0.4690330102001808,0.6273085965338965,0.1582755863337157,0.1582755863337157,0,1,1,-1
gmsc,lightgbm,27,NumberOfTime30-59DaysPastDueNotWorse,relative_minus_5,-0.05,0.0,0.05,0.15310886136230434,0.40746039783409677,0.2543515364717924,0.2543515364717924,0,0,0,-1
gmsc,lightgbm,28,NumberOfTime30-59DaysPastDueNotWorse,relative_minus_5,-0.05,0.0,0.05,0.24706706865061875,0.4837563265471357,0.23668925789651693,0.23668925789651693,0,0,0,-1
gmsc,lightgbm,29,NumberOfTime30-59DaysPastDueNotWorse,relative_minus_5,-0.05,0.0,0.05,0.07280429517617616,0.2534601058963273,0.18065581072015113,0.18065581072015113,0,0,0,-1
gmsc,lightgbm,30,NumberOfTime30-59DaysPastDueNotWorse,relative_minus_5,-0.05,0.0,0.05,0.2669688028729123,0.4944621978893207,0.22749339501640842,0.22749339501640842,0,0,0,-1
gmsc,lightgbm,31,NumberOfTime30-59DaysPastDueNotWorse,relative_minus_5,-0.05,0.0,0.05,0.16812286485697317,0.4597431279385028,0.29162026308152966,0.29162026308152966,0,0,0,-1
gmsc,lightgbm,32,NumberOfTime30-59DaysPastDueNotWorse,relative_minus_5,-0.05,0.0,0.05,0.1358222660255187,0.39083789474820096,0.25501562872268224,0.25501562872268224,0,0,0,-1
gmsc,lightgbm,33,NumberOfTime30-59DaysPastDueNotWorse,relative_minus_5,-0.05,0.0,0.05,0.0907121359558535,0.26656044731553163,0.17584831135967813,0.17584831135967813,0,0,0,-1
gmsc,lightgbm,34,NumberOfTime30-59DaysPastDueNotWorse,relative_minus_5,-0.05,1.0,1.05,0.5887765630991544,0.5887765630991544,0.0,0.0,1,1,0,-1
gmsc,lightgbm,35,NumberOfTime30-59DaysPastDueNotWorse,relative_minus_5,-0.05,2.0,2.1,0.7686376306323768,0.7686376306323768,0.0,0.0,1,1,0,-1
gmsc,lightgbm,36,NumberOfTime30-59DaysPastDueNotWorse,relative_minus_5,-0.05,0.0,0.05,0.20383228110756807,0.48180301557961847,0.2779707344720504,0.2779707344720504,0,0,0,-1
gmsc,lightgbm,37,NumberOfTime30-59DaysPastDueNotWorse,relative_minus_5,-0.05,0.0,0.05,0.36583164209666225,0.584124510562738,0.2182928684660757,0.2182928684660757,0,1,1,-1
gmsc,lightgbm,38,NumberOfTime30-59DaysPastDueNotWorse,relative_minus_5,-0.05,0.0,0.05,0.25782269826496373,0.5194895996270896,0.2616669013621259,0.2616669013621259,0,1,1,-1
gmsc,lightgbm,39,NumberOfTime30-59DaysPastDueNotWorse,relative_minus_5,-0.05,0.0,0.05,0.35851671570275906,0.5865991634537069,0.22808244775094783,0.22808244775094783,0,1,1,-1
gmsc,lightgbm,40,NumberOfTime30-59DaysPastDueNotWorse,relative_minus_5,-0.05,0.0,0.05,0.15809809532716768,0.4095648714307899,0.2514667761036222,0.2514667761036222,0,0,0,-1
gmsc,lightgbm,41,NumberOfTime30-59DaysPastDueNotWorse,relative_minus_5,-0.05,0.0,0.05,0.17767130123412736,0.3683600101490107,0.19068870891488335,0.19068870891488335,0,0,0,-1
gmsc,lightgbm,42,NumberOfTime30-59DaysPastDueNotWorse,relative_minus_5,-0.05,0.0,0.05,0.13142576347451704,0.3783381151431174,0.24691235166860034,0.24691235166860034,0,0,0,-1
gmsc,lightgbm,43,NumberOfTime30-59DaysPastDueNotWorse,relative_minus_5,-0.05,0.0,0.05,0.5220123045323535,0.7250540647088184,0.2030417601764649,0.2030417601764649,1,1,0,-1
gmsc,lightgbm,44,NumberOfTime30-59DaysPastDueNotWorse,relative_minus_5,-0.05,0.0,0.05,0.10248475676544401,0.3163472978135229,0.2138625410480789,0.2138625410480789,0,0,0,-1
gmsc,lightgbm,45,NumberOfTime30-59DaysPastDueNotWorse,relative_minus_5,-0.05,0.0,0.05,0.134509615497707,0.3048874121867986,0.1703777966890916,0.1703777966890916,0,0,0,-1
gmsc,lightgbm,46,NumberOfTime30-59DaysPastDueNotWorse,relative_minus_5,-0.05,0.0,0.05,0.24542503658751236,0.547128447098596,0.3017034105110836,0.3017034105110836,0,1,1,-1
gmsc,lightgbm,47,NumberOfTime30-59DaysPastDueNotWorse,relative_minus_5,-0.05,0.0,0.05,0.06429004529354826,0.30398860954616547,0.2396985642526172,0.2396985642526172,0,0,0,-1
gmsc,lightgbm,48,NumberOfTime30-59DaysPastDueNotWorse,relative_minus_5,-0.05,0.0,0.05,0.08494795229441349,0.30389387135378604,0.21894591905937255,0.21894591905937255,0,0,0,-1
gmsc,lightgbm,49,NumberOfTime30-59DaysPastDueNotWorse,relative_minus_5,-0.05,0.0,0.05,0.032964158323007746,0.1534423152019908,0.12047815687898306,0.12047815687898306,0,0,0,-1
gmsc,lightgbm,50,NumberOfTime30-59DaysPastDueNotWorse,relative_minus_5,-0.05,0.0,0.05,0.15598569074603788,0.4671579729246729,0.311172282178635,0.311172282178635,0,0,0,-1
gmsc,lightgbm,51,NumberOfTime30-59DaysPastDueNotWorse,relative_minus_5,-0.05,0.0,0.05,0.2427114365476945,0.43885639517576536,0.19614495862807085,0.19614495862807085,0,0,0,-1
gmsc,lightgbm,52,NumberOfTime30-59DaysPastDueNotWorse,relative_minus_5,-0.05,0.0,0.05,0.04278071258564872,0.2039047299832998,0.1611240173976511,0.1611240173976511,0,0,0,-1
gmsc,lightgbm,53,NumberOfTime30-59DaysPastDueNotWorse,relative_minus_5,-0.05,2.0,2.1,0.8459631804707949,0.8459631804707949,0.0,0.0,1,1,0,-1
gmsc,lightgbm,54,NumberOfTime30-59DaysPastDueNotWorse,relative_minus_5,-0.05,3.0,3.15,0.9585025696211499,0.9585025696211499,0.0,0.0,1,1,0,-1
gmsc,lightgbm,55,NumberOfTime30-59DaysPastDueNotWorse,relative_minus_5,-0.05,0.0,0.05,0.05240087287788092,0.18873186046994772,0.1363309875920668,0.1363309875920668,0,0,0,-1
gmsc,lightgbm,56,NumberOfTime30-59DaysPastDueNotWorse,relative_minus_5,-0.05,0.0,0.05,0.16633030838518062,0.4403382036311663,0.2740078952459857,0.2740078952459857,0,0,0,-1
gmsc,lightgbm,57,NumberOfTime30-59DaysPastDueNotWorse,relative_minus_5,-0.05,0.0,0.05,0.5855679032449771,0.7609162505441286,0.1753483472991515,0.1753483472991515,1,1,0,-1
gmsc,lightgbm,58,NumberOfTime30-59DaysPastDueNotWorse,relative_minus_5,-0.05,0.0,0.05,0.7120052536243187,0.8297225499779313,0.11771729635361261,0.11771729635361261,1,1,0,-1
gmsc,lightgbm,59,NumberOfTime30-59DaysPastDueNotWorse,relative_minus_5,-0.05,0.0,0.05,0.6081127081916137,0.743123310538506,0.13501060234689233,0.13501060234689233,1,1,0,-1
gmsc,lightgbm,60,NumberOfTime30-59DaysPastDueNotWorse,relative_minus_5,-0.05,0.0,0.05,0.19907747746451288,0.49859868575343685,0.299521208288924,0.299521208288924,0,0,0,-1
gmsc,lightgbm,61,NumberOfTime30-59DaysPastDueNotWorse,relative_minus_5,-0.05,0.0,0.05,0.3321226038071093,0.5031003422371657,0.17097773843005643,0.17097773843005643,0,1,1,-1
gmsc,lightgbm,62,NumberOfTime30-59DaysPastDueNotWorse,relative_minus_5,-0.05,0.0,0.05,0.49700932793678176,0.6868402922458208,0.189830964309039,0.189830964309039,0,1,1,-1
gmsc,lightgbm,63,NumberOfTime30-59DaysPastDueNotWorse,relative_minus_5,-0.05,0.0,0.05,0.07983838287755414,0.2574247729629777,0.1775863900854236,0.1775863900854236,0,0,0,-1
gmsc,lightgbm,64,NumberOfTime30-59DaysPastDueNotWorse,relative_minus_5,-0.05,0.0,0.05,0.27572869286326523,0.46675621962973407,0.19102752676646884,0.19102752676646884,0,0,0,-1
gmsc,lightgbm,65,NumberOfTime30-59DaysPastDueNotWorse,relative_minus_5,-0.05,2.0,2.1,0.3901193599625518,0.3901193599625518,0.0,0.0,0,0,0,-1
gmsc,lightgbm,66,NumberOfTime30-59DaysPastDueNotWorse,relative_minus_5,-0.05,0.0,0.05,0.14251343003654435,0.37580206409506584,0.2332886340585215,0.2332886340585215,0,0,0,-1
gmsc,lightgbm,67,NumberOfTime30-59DaysPastDueNotWorse,relative_minus_5,-0.05,0.0,0.05,0.42152422623564395,0.6330819356960528,0.2115577094604088,0.2115577094604088,0,1,1,-1
gmsc,lightgbm,68,NumberOfTime30-59DaysPastDueNotWorse,relative_minus_5,-0.05,0.0,0.05,0.1212328971978392,0.35108111132603204,0.22984821412819284,0.22984821412819284,0,0,0,-1
gmsc,lightgbm,69,NumberOfTime30-59DaysPastDueNotWorse,relative_minus_5,-0.05,0.0,0.05,0.5620282234727743,0.7115816438146255,0.14955342034185126,0.14955342034185126,1,1,0,-1
gmsc,lightgbm,70,NumberOfTime30-59DaysPastDueNotWorse,relative_minus_5,-0.05,1.0,1.05,0.4264114501848385,0.4264114501848385,0.0,0.0,0,0,0,-1
gmsc,lightgbm,71,NumberOfTime30-59DaysPastDueNotWorse,relative_minus_5,-0.05,0.0,0.05,0.11528535367529104,0.2812986463760733,0.1660132927007823,0.1660132927007823,0,0,0,-1
gmsc,lightgbm,72,NumberOfTime30-59DaysPastDueNotWorse,relative_minus_5,-0.05,0.0,0.05,0.18694209170398213,0.3902408247046105,0.2032987330006284,0.2032987330006284,0,0,0,-1
gmsc,lightgbm,73,NumberOfTime30-59DaysPastDueNotWorse,relative_minus_5,-0.05,0.0,0.05,0.4189962251498132,0.5839031566807203,0.16490693153090713,0.16490693153090713,0,1,1,-1
gmsc,lightgbm,74,NumberOfTime30-59DaysPastDueNotWorse,relative_minus_5,-0.05,0.0,0.05,0.210992213581658,0.47430759692294894,0.2633153833412909,0.2633153833412909,0,0,0,-1
gmsc,lightgbm,75,NumberOfTime30-59DaysPastDueNotWorse,relative_minus_5,-0.05,0.0,0.05,0.5342256118004257,0.7272218191364981,0.19299620733607237,0.19299620733607237,1,1,0,-1
gmsc,lightgbm,76,NumberOfTime30-59DaysPastDueNotWorse,relative_minus_5,-0.05,0.0,0.05,0.14869088239886066,0.39593382022601026,0.2472429378271496,0.2472429378271496,0,0,0,-1
gmsc,lightgbm,77,NumberOfTime30-59DaysPastDueNotWorse,relative_minus_5,-0.05,0.0,0.05,0.06703174942227336,0.33845796725814,0.2714262178358666,0.2714262178358666,0,0,0,-1
gmsc,lightgbm,78,NumberOfTime30-59DaysPastDueNotWorse,relative_minus_5,-0.05,0.0,0.05,0.06266917697987844,0.2711677727227341,0.20849859574285567,0.20849859574285567,0,0,0,-1
gmsc,lightgbm,79,NumberOfTime30-59DaysPastDueNotWorse,relative_minus_5,-0.05,0.0,0.05,0.3139529328389652,0.5443153401337321,0.23036240729476687,0.23036240729476687,0,1,1,-1
gmsc,lightgbm,80,NumberOfTime30-59DaysPastDueNotWorse,relative_minus_5,-0.05,0.0,0.05,0.13302830629350945,0.3893507355629911,0.2563224292694817,0.2563224292694817,0,0,0,-1
gmsc,lightgbm,81,NumberOfTime30-59DaysPastDueNotWorse,relative_minus_5,-0.05,0.0,0.05,0.1610671025822026,0.4439825309317946,0.28291542834959194,0.28291542834959194,0,0,0,-1
gmsc,lightgbm,82,NumberOfTime30-59DaysPastDueNotWorse,relative_minus_5,-0.05,0.0,0.05,0.39361810976909195,0.5650051045001723,0.17138699473108032,0.17138699473108032,0,1,1,-1
gmsc,lightgbm,83,NumberOfTime30-59DaysPastDueNotWorse,relative_minus_5,-0.05,0.0,0.05,0.07356231072502029,0.24605212843334542,0.17248981770832514,0.17248981770832514,0,0,0,-1
gmsc,lightgbm,84,NumberOfTime30-59DaysPastDueNotWorse,relative_minus_5,-0.05,0.0,0.05,0.6471402060773409,0.7869239360658802,0.13978372998853927,0.13978372998853927,1,1,0,-1
gmsc,lightgbm,85,NumberOfTime30-59DaysPastDueNotWorse,relative_minus_5,-0.05,0.0,0.05,0.06895634900657907,0.28920828319177017,0.2202519341851911,0.2202519341851911,0,0,0,-1
gmsc,lightgbm,86,NumberOfTime30-59DaysPastDueNotWorse,relative_minus_5,-0.05,0.0,0.05,0.11410528051242601,0.3323880853312656,0.2182828048188396,0.2182828048188396,0,0,0,-1
gmsc,lightgbm,87,NumberOfTime30-59DaysPastDueNotWorse,relative_minus_5,-0.05,0.0,0.05,0.1006092467906027,0.3162390738784405,0.21562982708783784,0.21562982708783784,0,0,0,-1
gmsc,lightgbm,88,NumberOfTime30-59DaysPastDueNotWorse,relative_minus_5,-0.05,0.0,0.05,0.126512958826711,0.3596501458568323,0.23313718703012132,0.23313718703012132,0,0,0,-1
gmsc,lightgbm,89,NumberOfTime30-59DaysPastDueNotWorse,relative_minus_5,-0.05,0.0,0.05,0.3522704795855978,0.5701466898879363,0.21787621030233845,0.21787621030233845,0,1,1,-1
gmsc,lightgbm,90,NumberOfTime30-59DaysPastDueNotWorse,relative_minus_5,-0.05,0.0,0.05,0.04106193866788959,0.22452672099719148,0.18346478232930188,0.18346478232930188,0,0,0,-1
gmsc,lightgbm,91,NumberOfTime30-59DaysPastDueNotWorse,relative_minus_5,-0.05,0.0,0.05,0.15372114734573783,0.3369729181365682,0.18325177079083038,0.18325177079083038,0,0,0,-1
gmsc,lightgbm,92,NumberOfTime30-59DaysPastDueNotWorse,relative_minus_5,-0.05,0.0,0.05,0.06485095205727061,0.26902410354617823,0.20417315148890763,0.20417315148890763,0,0,0,-1
gmsc,lightgbm,93,NumberOfTime30-59DaysPastDueNotWorse,relative_minus_5,-0.05,0.0,0.05,0.09924642147480602,0.2840231012676054,0.18477667979279938,0.18477667979279938,0,0,0,-1
gmsc,lightgbm,94,NumberOfTime30-59DaysPastDueNotWorse,relative_minus_5,-0.05,0.0,0.05,0.16680920152776404,0.4729560056266616,0.3061468040988976,0.3061468040988976,0,0,0,-1
gmsc,lightgbm,95,NumberOfTime30-59DaysPastDueNotWorse,relative_minus_5,-0.05,0.0,0.05,0.21924410434064803,0.4843798487703962,0.2651357444297482,0.2651357444297482,0,0,0,-1
gmsc,lightgbm,96,NumberOfTime30-59DaysPastDueNotWorse,relative_minus_5,-0.05,0.0,0.05,0.1131618927406001,0.30974865931155976,0.19658676657095966,0.19658676657095966,0,0,0,-1
gmsc,lightgbm,97,NumberOfTime30-59DaysPastDueNotWorse,relative_minus_5,-0.05,0.0,0.05,0.10806143941846993,0.2728372336206863,0.16477579420221636,0.16477579420221636,0,0,0,-1
gmsc,lightgbm,98,NumberOfTime30-59DaysPastDueNotWorse,relative_minus_5,-0.05,0.0,0.05,0.4053784379973068,0.5835251448244085,0.17814670682710176,0.17814670682710176,0,1,1,-1
gmsc,lightgbm,99,NumberOfTime30-59DaysPastDueNotWorse,relative_minus_5,-0.05,2.0,2.1,0.9052932427250325,0.9052932427250325,0.0,0.0,1,1,0,-1
gmsc,lightgbm,0,NumberOfTime30-59DaysPastDueNotWorse,relative_plus_5,0.05,0.0,0.05,0.09051292759777842,0.2605912884058572,0.1700783608080788,0.1700783608080788,0,0,0,-1
gmsc,lightgbm,1,NumberOfTime30-59DaysPastDueNotWorse,relative_plus_5,0.05,0.0,0.05,0.07432795724364831,0.2423344284062161,0.16800647116256778,0.16800647116256778,0,0,0,-1
gmsc,lightgbm,2,NumberOfTime30-59DaysPastDueNotWorse,relative_plus_5,0.05,0.0,0.05,0.056660675741342766,0.2411525090199342,0.18449183327859145,0.18449183327859145,0,0,0,-1
gmsc,lightgbm,3,NumberOfTime30-59DaysPastDueNotWorse,relative_plus_5,0.05,0.0,0.05,0.286464202572455,0.5380928801055965,0.25162867753314155,0.25162867753314155,0,1,1,-1
gmsc,lightgbm,4,NumberOfTime30-59DaysPastDueNotWorse,relative_plus_5,0.05,0.0,0.05,0.10238192900656183,0.31464715060955906,0.2122652216029972,0.2122652216029972,0,0,0,-1
gmsc,lightgbm,5,NumberOfTime30-59DaysPastDueNotWorse,relative_plus_5,0.05,0.0,0.05,0.18604525641874214,0.40611289513469107,0.22006763871594892,0.22006763871594892,0,0,0,-1
gmsc,lightgbm,6,NumberOfTime30-59DaysPastDueNotWorse,relative_plus_5,0.05,0.0,0.05,0.23797486099678064,0.45941548697287543,0.2214406259760948,0.2214406259760948,0,0,0,-1
gmsc,lightgbm,7,NumberOfTime30-59DaysPastDueNotWorse,relative_plus_5,0.05,0.0,0.05,0.1952165672674782,0.38713785956478186,0.19192129229730365,0.19192129229730365,0,0,0,-1
gmsc,lightgbm,8,NumberOfTime30-59DaysPastDueNotWorse,relative_plus_5,0.05,0.0,0.05,0.1354653526779545,0.3627870139301249,0.2273216612521704,0.2273216612521704,0,0,0,-1
gmsc,lightgbm,9,NumberOfTime30-59DaysPastDueNotWorse,relative_plus_5,0.05,1.0,1.05,0.4085309008746626,0.4085309008746626,0.0,0.0,0,0,0,-1
gmsc,lightgbm,10,NumberOfTime30-59DaysPastDueNotWorse,relative_plus_5,0.05,0.0,0.05,0.4151340630771105,0.5936398730572574,0.17850580998014692,0.17850580998014692,0,1,1,-1
gmsc,lightgbm,11,NumberOfTime30-59DaysPastDueNotWorse,relative_plus_5,0.05,0.0,0.05,0.2344419755121663,0.41979904622088526,0.18535707070871896,0.18535707070871896,0,0,0,-1
gmsc,lightgbm,12,NumberOfTime30-59DaysPastDueNotWorse,relative_plus_5,0.05,0.0,0.05,0.04156783494420435,0.20884507180983602,0.16727723686563167,0.16727723686563167,0,0,0,-1
gmsc,lightgbm,13,NumberOfTime30-59DaysPastDueNotWorse,relative_plus_5,0.05,0.0,0.05,0.8781305200687587,0.8976651830033999,0.019534662934641234,0.019534662934641234,1,1,0,-1
gmsc,lightgbm,14,NumberOfTime30-59DaysPastDueNotWorse,relative_plus_5,0.05,0.0,0.05,0.30318348670534856,0.519555872594264,0.2163723858889154,0.2163723858889154,0,1,1,-1
gmsc,lightgbm,15,NumberOfTime30-59DaysPastDueNotWorse,relative_plus_5,0.05,1.0,1.05,0.27986218783007943,0.27986218783007943,0.0,0.0,0,0,0,-1
gmsc,lightgbm,16,NumberOfTime30-59DaysPastDueNotWorse,relative_plus_5,0.05,1.0,1.05,0.4795715640243079,0.4795715640243079,0.0,0.0,0,0,0,-1
gmsc,lightgbm,17,NumberOfTime30-59DaysPastDueNotWorse,relative_plus_5,0.05,0.0,0.05,0.10036173784291944,0.2880974463987395,0.18773570855582009,0.18773570855582009,0,0,0,-1
gmsc,lightgbm,18,NumberOfTime30-59DaysPastDueNotWorse,relative_plus_5,0.05,0.0,0.05,0.4332396231850946,0.6371577245443543,0.20391810135925964,0.20391810135925964,0,1,1,-1
gmsc,lightgbm,19,NumberOfTime30-59DaysPastDueNotWorse,relative_plus_5,0.05,1.0,1.05,0.20706517488791176,0.20706517488791176,0.0,0.0,0,0,0,-1
gmsc,lightgbm,20,NumberOfTime30-59DaysPastDueNotWorse,relative_plus_5,0.05,0.0,0.05,0.05708612745116283,0.21864856340205827,0.16156243595089542,0.16156243595089542,0,0,0,-1
gmsc,lightgbm,21,NumberOfTime30-59DaysPastDueNotWorse,relative_plus_5,0.05,0.0,0.05,0.0755556455268635,0.18721896361797266,0.11166331809110916,0.11166331809110916,0,0,0,-1
gmsc,lightgbm,22,NumberOfTime30-59DaysPastDueNotWorse,relative_plus_5,0.05,0.0,0.05,0.05695935088858043,0.21695904234952904,0.1599996914609486,0.1599996914609486,0,0,0,-1
gmsc,lightgbm,23,NumberOfTime30-59DaysPastDueNotWorse,relative_plus_5,0.05,0.0,0.05,0.08889571164479391,0.2756302097409632,0.18673449809616927,0.18673449809616927,0,0,0,-1
gmsc,lightgbm,24,NumberOfTime30-59DaysPastDueNotWorse,relative_plus_5,0.05,0.0,0.05,0.03569402945373115,0.17097529311521167,0.13528126366148052,0.13528126366148052,0,0,0,-1
gmsc,lightgbm,25,NumberOfTime30-59DaysPastDueNotWorse,relative_plus_5,0.05,0.0,0.05,0.485195355176274,0.7457266070755209,0.26053125189924686,0.26053125189924686,0,1,1,-1
gmsc,lightgbm,26,NumberOfTime30-59DaysPastDueNotWorse,relative_plus_5,0.05,0.0,0.05,0.4690330102001808,0.6273085965338965,0.1582755863337157,0.1582755863337157,0,1,1,-1
gmsc,lightgbm,27,NumberOfTime30-59DaysPastDueNotWorse,relative_plus_5,0.05,0.0,0.05,0.15310886136230434,0.40746039783409677,0.2543515364717924,0.2543515364717924,0,0,0,-1
gmsc,lightgbm,28,NumberOfTime30-59DaysPastDueNotWorse,relative_plus_5,0.05,0.0,0.05,0.24706706865061875,0.4837563265471357,0.23668925789651693,0.23668925789651693,0,0,0,-1
gmsc,lightgbm,29,NumberOfTime30-59DaysPastDueNotWorse,relative_plus_5,0.05,0.0,0.05,0.07280429517617616,0.2534601058963273,0.18065581072015113,0.18065581072015113,0,0,0,-1
gmsc,lightgbm,30,NumberOfTime30-59DaysPastDueNotWorse,relative_plus_5,0.05,0.0,0.05,0.2669688028729123,0.4944621978893207,0.22749339501640842,0.22749339501640842,0,0,0,-1
gmsc,lightgbm,31,NumberOfTime30-59DaysPastDueNotWorse,relative_plus_5,0.05,0.0,0.05,0.16812286485697317,0.4597431279385028,0.29162026308152966,0.29162026308152966,0,0,0,-1
gmsc,lightgbm,32,NumberOfTime30-59DaysPastDueNotWorse,relative_plus_5,0.05,0.0,0.05,0.1358222660255187,0.39083789474820096,0.25501562872268224,0.25501562872268224,0,0,0,-1
gmsc,lightgbm,33,NumberOfTime30-59DaysPastDueNotWorse,relative_plus_5,0.05,0.0,0.05,0.0907121359558535,0.26656044731553163,0.17584831135967813,0.17584831135967813,0,0,0,-1
gmsc,lightgbm,34,NumberOfTime30-59DaysPastDueNotWorse,relative_plus_5,0.05,1.0,1.05,0.5887765630991544,0.5887765630991544,0.0,0.0,1,1,0,-1
gmsc,lightgbm,35,NumberOfTime30-59DaysPastDueNotWorse,relative_plus_5,0.05,2.0,2.1,0.7686376306323768,0.7686376306323768,0.0,0.0,1,1,0,-1
gmsc,lightgbm,36,NumberOfTime30-59DaysPastDueNotWorse,relative_plus_5,0.05,0.0,0.05,0.20383228110756807,0.48180301557961847,0.2779707344720504,0.2779707344720504,0,0,0,-1
gmsc,lightgbm,37,NumberOfTime30-59DaysPastDueNotWorse,relative_plus_5,0.05,0.0,0.05,0.36583164209666225,0.584124510562738,0.2182928684660757,0.2182928684660757,0,1,1,-1
gmsc,lightgbm,38,NumberOfTime30-59DaysPastDueNotWorse,relative_plus_5,0.05,0.0,0.05,0.25782269826496373,0.5194895996270896,0.2616669013621259,0.2616669013621259,0,1,1,-1
gmsc,lightgbm,39,NumberOfTime30-59DaysPastDueNotWorse,relative_plus_5,0.05,0.0,0.05,0.35851671570275906,0.5865991634537069,0.22808244775094783,0.22808244775094783,0,1,1,-1
gmsc,lightgbm,40,NumberOfTime30-59DaysPastDueNotWorse,relative_plus_5,0.05,0.0,0.05,0.15809809532716768,0.4095648714307899,0.2514667761036222,0.2514667761036222,0,0,0,-1
gmsc,lightgbm,41,NumberOfTime30-59DaysPastDueNotWorse,relative_plus_5,0.05,0.0,0.05,0.17767130123412736,0.3683600101490107,0.19068870891488335,0.19068870891488335,0,0,0,-1
gmsc,lightgbm,42,NumberOfTime30-59DaysPastDueNotWorse,relative_plus_5,0.05,0.0,0.05,0.13142576347451704,0.3783381151431174,0.24691235166860034,0.24691235166860034,0,0,0,-1
gmsc,lightgbm,43,NumberOfTime30-59DaysPastDueNotWorse,relative_plus_5,0.05,0.0,0.05,0.5220123045323535,0.7250540647088184,0.2030417601764649,0.2030417601764649,1,1,0,-1
gmsc,lightgbm,44,NumberOfTime30-59DaysPastDueNotWorse,relative_plus_5,0.05,0.0,0.05,0.10248475676544401,0.3163472978135229,0.2138625410480789,0.2138625410480789,0,0,0,-1
gmsc,lightgbm,45,NumberOfTime30-59DaysPastDueNotWorse,relative_plus_5,0.05,0.0,0.05,0.134509615497707,0.3048874121867986,0.1703777966890916,0.1703777966890916,0,0,0,-1
gmsc,lightgbm,46,NumberOfTime30-59DaysPastDueNotWorse,relative_plus_5,0.05,0.0,0.05,0.24542503658751236,0.547128447098596,0.3017034105110836,0.3017034105110836,0,1,1,-1
gmsc,lightgbm,47,NumberOfTime30-59DaysPastDueNotWorse,relative_plus_5,0.05,0.0,0.05,0.06429004529354826,0.30398860954616547,0.2396985642526172,0.2396985642526172,0,0,0,-1
gmsc,lightgbm,48,NumberOfTime30-59DaysPastDueNotWorse,relative_plus_5,0.05,0.0,0.05,0.08494795229441349,0.30389387135378604,0.21894591905937255,0.21894591905937255,0,0,0,-1
gmsc,lightgbm,49,NumberOfTime30-59DaysPastDueNotWorse,relative_plus_5,0.05,0.0,0.05,0.032964158323007746,0.1534423152019908,0.12047815687898306,0.12047815687898306,0,0,0,-1
gmsc,lightgbm,50,NumberOfTime30-59DaysPastDueNotWorse,relative_plus_5,0.05,0.0,0.05,0.15598569074603788,0.4671579729246729,0.311172282178635,0.311172282178635,0,0,0,-1
gmsc,lightgbm,51,NumberOfTime30-59DaysPastDueNotWorse,relative_plus_5,0.05,0.0,0.05,0.2427114365476945,0.43885639517576536,0.19614495862807085,0.19614495862807085,0,0,0,-1
gmsc,lightgbm,52,NumberOfTime30-59DaysPastDueNotWorse,relative_plus_5,0.05,0.0,0.05,0.04278071258564872,0.2039047299832998,0.1611240173976511,0.1611240173976511,0,0,0,-1
gmsc,lightgbm,53,NumberOfTime30-59DaysPastDueNotWorse,relative_plus_5,0.05,2.0,2.1,0.8459631804707949,0.8459631804707949,0.0,0.0,1,1,0,-1
gmsc,lightgbm,54,NumberOfTime30-59DaysPastDueNotWorse,relative_plus_5,0.05,3.0,3.15,0.9585025696211499,0.9585025696211499,0.0,0.0,1,1,0,-1
gmsc,lightgbm,55,NumberOfTime30-59DaysPastDueNotWorse,relative_plus_5,0.05,0.0,0.05,0.05240087287788092,0.18873186046994772,0.1363309875920668,0.1363309875920668,0,0,0,-1
gmsc,lightgbm,56,NumberOfTime30-59DaysPastDueNotWorse,relative_plus_5,0.05,0.0,0.05,0.16633030838518062,0.4403382036311663,0.2740078952459857,0.2740078952459857,0,0,0,-1
gmsc,lightgbm,57,NumberOfTime30-59DaysPastDueNotWorse,relative_plus_5,0.05,0.0,0.05,0.5855679032449771,0.7609162505441286,0.1753483472991515,0.1753483472991515,1,1,0,-1
gmsc,lightgbm,58,NumberOfTime30-59DaysPastDueNotWorse,relative_plus_5,0.05,0.0,0.05,0.7120052536243187,0.8297225499779313,0.11771729635361261,0.11771729635361261,1,1,0,-1
gmsc,lightgbm,59,NumberOfTime30-59DaysPastDueNotWorse,relative_plus_5,0.05,0.0,0.05,0.6081127081916137,0.743123310538506,0.13501060234689233,0.13501060234689233,1,1,0,-1
gmsc,lightgbm,60,NumberOfTime30-59DaysPastDueNotWorse,relative_plus_5,0.05,0.0,0.05,0.19907747746451288,0.49859868575343685,0.299521208288924,0.299521208288924,0,0,0,-1
gmsc,lightgbm,61,NumberOfTime30-59DaysPastDueNotWorse,relative_plus_5,0.05,0.0,0.05,0.3321226038071093,0.5031003422371657,0.17097773843005643,0.17097773843005643,0,1,1,-1
gmsc,lightgbm,62,NumberOfTime30-59DaysPastDueNotWorse,relative_plus_5,0.05,0.0,0.05,0.49700932793678176,0.6868402922458208,0.189830964309039,0.189830964309039,0,1,1,-1
gmsc,lightgbm,63,NumberOfTime30-59DaysPastDueNotWorse,relative_plus_5,0.05,0.0,0.05,0.07983838287755414,0.2574247729629777,0.1775863900854236,0.1775863900854236,0,0,0,-1
gmsc,lightgbm,64,NumberOfTime30-59DaysPastDueNotWorse,relative_plus_5,0.05,0.0,0.05,0.27572869286326523,0.46675621962973407,0.19102752676646884,0.19102752676646884,0,0,0,-1
gmsc,lightgbm,65,NumberOfTime30-59DaysPastDueNotWorse,relative_plus_5,0.05,2.0,2.1,0.3901193599625518,0.3901193599625518,0.0,0.0,0,0,0,-1
gmsc,lightgbm,66,NumberOfTime30-59DaysPastDueNotWorse,relative_plus_5,0.05,0.0,0.05,0.14251343003654435,0.37580206409506584,0.2332886340585215,0.2332886340585215,0,0,0,-1
gmsc,lightgbm,67,NumberOfTime30-59DaysPastDueNotWorse,relative_plus_5,0.05,0.0,0.05,0.42152422623564395,0.6330819356960528,0.2115577094604088,0.2115577094604088,0,1,1,-1
gmsc,lightgbm,68,NumberOfTime30-59DaysPastDueNotWorse,relative_plus_5,0.05,0.0,0.05,0.1212328971978392,0.35108111132603204,0.22984821412819284,0.22984821412819284,0,0,0,-1
gmsc,lightgbm,69,NumberOfTime30-59DaysPastDueNotWorse,relative_plus_5,0.05,0.0,0.05,0.5620282234727743,0.7115816438146255,0.14955342034185126,0.14955342034185126,1,1,0,-1
gmsc,lightgbm,70,NumberOfTime30-59DaysPastDueNotWorse,relative_plus_5,0.05,1.0,1.05,0.4264114501848385,0.4264114501848385,0.0,0.0,0,0,0,-1
gmsc,lightgbm,71,NumberOfTime30-59DaysPastDueNotWorse,relative_plus_5,0.05,0.0,0.05,0.11528535367529104,0.2812986463760733,0.1660132927007823,0.1660132927007823,0,0,0,-1
gmsc,lightgbm,72,NumberOfTime30-59DaysPastDueNotWorse,relative_plus_5,0.05,0.0,0.05,0.18694209170398213,0.3902408247046105,0.2032987330006284,0.2032987330006284,0,0,0,-1
gmsc,lightgbm,73,NumberOfTime30-59DaysPastDueNotWorse,relative_plus_5,0.05,0.0,0.05,0.4189962251498132,0.5839031566807203,0.16490693153090713,0.16490693153090713,0,1,1,-1
gmsc,lightgbm,74,NumberOfTime30-59DaysPastDueNotWorse,relative_plus_5,0.05,0.0,0.05,0.210992213581658,0.47430759692294894,0.2633153833412909,0.2633153833412909,0,0,0,-1
gmsc,lightgbm,75,NumberOfTime30-59DaysPastDueNotWorse,relative_plus_5,0.05,0.0,0.05,0.5342256118004257,0.7272218191364981,0.19299620733607237,0.19299620733607237,1,1,0,-1
gmsc,lightgbm,76,NumberOfTime30-59DaysPastDueNotWorse,relative_plus_5,0.05,0.0,0.05,0.14869088239886066,0.39593382022601026,0.2472429378271496,0.2472429378271496,0,0,0,-1
gmsc,lightgbm,77,NumberOfTime30-59DaysPastDueNotWorse,relative_plus_5,0.05,0.0,0.05,0.06703174942227336,0.33845796725814,0.2714262178358666,0.2714262178358666,0,0,0,-1
gmsc,lightgbm,78,NumberOfTime30-59DaysPastDueNotWorse,relative_plus_5,0.05,0.0,0.05,0.06266917697987844,0.2711677727227341,0.20849859574285567,0.20849859574285567,0,0,0,-1
gmsc,lightgbm,79,NumberOfTime30-59DaysPastDueNotWorse,relative_plus_5,0.05,0.0,0.05,0.3139529328389652,0.5443153401337321,0.23036240729476687,0.23036240729476687,0,1,1,-1
gmsc,lightgbm,80,NumberOfTime30-59DaysPastDueNotWorse,relative_plus_5,0.05,0.0,0.05,0.13302830629350945,0.3893507355629911,0.2563224292694817,0.2563224292694817,0,0,0,-1
gmsc,lightgbm,81,NumberOfTime30-59DaysPastDueNotWorse,relative_plus_5,0.05,0.0,0.05,0.1610671025822026,0.4439825309317946,0.28291542834959194,0.28291542834959194,0,0,0,-1
gmsc,lightgbm,82,NumberOfTime30-59DaysPastDueNotWorse,relative_plus_5,0.05,0.0,0.05,0.39361810976909195,0.5650051045001723,0.17138699473108032,0.17138699473108032,0,1,1,-1
gmsc,lightgbm,83,NumberOfTime30-59DaysPastDueNotWorse,relative_plus_5,0.05,0.0,0.05,0.07356231072502029,0.24605212843334542,0.17248981770832514,0.17248981770832514,0,0,0,-1
gmsc,lightgbm,84,NumberOfTime30-59DaysPastDueNotWorse,relative_plus_5,0.05,0.0,0.05,0.6471402060773409,0.7869239360658802,0.13978372998853927,0.13978372998853927,1,1,0,-1
gmsc,lightgbm,85,NumberOfTime30-59DaysPastDueNotWorse,relative_plus_5,0.05,0.0,0.05,0.06895634900657907,0.28920828319177017,0.2202519341851911,0.2202519341851911,0,0,0,-1
gmsc,lightgbm,86,NumberOfTime30-59DaysPastDueNotWorse,relative_plus_5,0.05,0.0,0.05,0.11410528051242601,0.3323880853312656,0.2182828048188396,0.2182828048188396,0,0,0,-1
gmsc,lightgbm,87,NumberOfTime30-59DaysPastDueNotWorse,relative_plus_5,0.05,0.0,0.05,0.1006092467906027,0.3162390738784405,0.21562982708783784,0.21562982708783784,0,0,0,-1
gmsc,lightgbm,88,NumberOfTime30-59DaysPastDueNotWorse,relative_plus_5,0.05,0.0,0.05,0.126512958826711,0.3596501458568323,0.23313718703012132,0.23313718703012132,0,0,0,-1
gmsc,lightgbm,89,NumberOfTime30-59DaysPastDueNotWorse,relative_plus_5,0.05,0.0,0.05,0.3522704795855978,0.5701466898879363,0.21787621030233845,0.21787621030233845,0,1,1,-1
gmsc,lightgbm,90,NumberOfTime30-59DaysPastDueNotWorse,relative_plus_5,0.05,0.0,0.05,0.04106193866788959,0.22452672099719148,0.18346478232930188,0.18346478232930188,0,0,0,-1
gmsc,lightgbm,91,NumberOfTime30-59DaysPastDueNotWorse,relative_plus_5,0.05,0.0,0.05,0.15372114734573783,0.3369729181365682,0.18325177079083038,0.18325177079083038,0,0,0,-1
gmsc,lightgbm,92,NumberOfTime30-59DaysPastDueNotWorse,relative_plus_5,0.05,0.0,0.05,0.06485095205727061,0.26902410354617823,0.20417315148890763,0.20417315148890763,0,0,0,-1
gmsc,lightgbm,93,NumberOfTime30-59DaysPastDueNotWorse,relative_plus_5,0.05,0.0,0.05,0.09924642147480602,0.2840231012676054,0.18477667979279938,0.18477667979279938,0,0,0,-1
gmsc,lightgbm,94,NumberOfTime30-59DaysPastDueNotWorse,relative_plus_5,0.05,0.0,0.05,0.16680920152776404,0.4729560056266616,0.3061468040988976,0.3061468040988976,0,0,0,-1
gmsc,lightgbm,95,NumberOfTime30-59DaysPastDueNotWorse,relative_plus_5,0.05,0.0,0.05,0.21924410434064803,0.4843798487703962,0.2651357444297482,0.2651357444297482,0,0,0,-1
gmsc,lightgbm,96,NumberOfTime30-59DaysPastDueNotWorse,relative_plus_5,0.05,0.0,0.05,0.1131618927406001,0.30974865931155976,0.19658676657095966,0.19658676657095966,0,0,0,-1
gmsc,lightgbm,97,NumberOfTime30-59DaysPastDueNotWorse,relative_plus_5,0.05,0.0,0.05,0.10806143941846993,0.2728372336206863,0.16477579420221636,0.16477579420221636,0,0,0,-1
gmsc,lightgbm,98,NumberOfTime30-59DaysPastDueNotWorse,relative_plus_5,0.05,0.0,0.05,0.4053784379973068,0.5835251448244085,0.17814670682710176,0.17814670682710176,0,1,1,-1
gmsc,lightgbm,99,NumberOfTime30-59DaysPastDueNotWorse,relative_plus_5,0.05,2.0,2.1,0.9052932427250325,0.9052932427250325,0.0,0.0,1,1,0,-1
gmsc,lightgbm,0,NumberOfTime30-59DaysPastDueNotWorse,relative_minus_10,-0.1,0.0,0.1,0.09051292759777842,0.2605912884058572,0.1700783608080788,0.1700783608080788,0,0,0,-1
gmsc,lightgbm,1,NumberOfTime30-59DaysPastDueNotWorse,relative_minus_10,-0.1,0.0,0.1,0.07432795724364831,0.2423344284062161,0.16800647116256778,0.16800647116256778,0,0,0,-1
gmsc,lightgbm,2,NumberOfTime30-59DaysPastDueNotWorse,relative_minus_10,-0.1,0.0,0.1,0.056660675741342766,0.2411525090199342,0.18449183327859145,0.18449183327859145,0,0,0,-1
gmsc,lightgbm,3,NumberOfTime30-59DaysPastDueNotWorse,relative_minus_10,-0.1,0.0,0.1,0.286464202572455,0.5380928801055965,0.25162867753314155,0.25162867753314155,0,1,1,-1
gmsc,lightgbm,4,NumberOfTime30-59DaysPastDueNotWorse,relative_minus_10,-0.1,0.0,0.1,0.10238192900656183,0.31464715060955906,0.2122652216029972,0.2122652216029972,0,0,0,-1
gmsc,lightgbm,5,NumberOfTime30-59DaysPastDueNotWorse,relative_minus_10,-0.1,0.0,0.1,0.18604525641874214,0.40611289513469107,0.22006763871594892,0.22006763871594892,0,0,0,-1
gmsc,lightgbm,6,NumberOfTime30-59DaysPastDueNotWorse,relative_minus_10,-0.1,0.0,0.1,0.23797486099678064,0.45941548697287543,0.2214406259760948,0.2214406259760948,0,0,0,-1
gmsc,lightgbm,7,NumberOfTime30-59DaysPastDueNotWorse,relative_minus_10,-0.1,0.0,0.1,0.1952165672674782,0.38713785956478186,0.19192129229730365,0.19192129229730365,0,0,0,-1
gmsc,lightgbm,8,NumberOfTime30-59DaysPastDueNotWorse,relative_minus_10,-0.1,0.0,0.1,0.1354653526779545,0.3627870139301249,0.2273216612521704,0.2273216612521704,0,0,0,-1
gmsc,lightgbm,9,NumberOfTime30-59DaysPastDueNotWorse,relative_minus_10,-0.1,1.0,1.1,0.4085309008746626,0.4085309008746626,0.0,0.0,0,0,0,-1
gmsc,lightgbm,10,NumberOfTime30-59DaysPastDueNotWorse,relative_minus_10,-0.1,0.0,0.1,0.4151340630771105,0.5936398730572574,0.17850580998014692,0.17850580998014692,0,1,1,-1
gmsc,lightgbm,11,NumberOfTime30-59DaysPastDueNotWorse,relative_minus_10,-0.1,0.0,0.1,0.2344419755121663,0.41979904622088526,0.18535707070871896,0.18535707070871896,0,0,0,-1
gmsc,lightgbm,12,NumberOfTime30-59DaysPastDueNotWorse,relative_minus_10,-0.1,0.0,0.1,0.04156783494420435,0.20884507180983602,0.16727723686563167,0.16727723686563167,0,0,0,-1
gmsc,lightgbm,13,NumberOfTime30-59DaysPastDueNotWorse,relative_minus_10,-0.1,0.0,0.1,0.8781305200687587,0.8976651830033999,0.019534662934641234,0.019534662934641234,1,1,0,-1
gmsc,lightgbm,14,NumberOfTime30-59DaysPastDueNotWorse,relative_minus_10,-0.1,0.0,0.1,0.30318348670534856,0.519555872594264,0.2163723858889154,0.2163723858889154,0,1,1,-1
gmsc,lightgbm,15,NumberOfTime30-59DaysPastDueNotWorse,relative_minus_10,-0.1,1.0,1.1,0.27986218783007943,0.27986218783007943,0.0,0.0,0,0,0,-1
gmsc,lightgbm,16,NumberOfTime30-59DaysPastDueNotWorse,relative_minus_10,-0.1,1.0,1.1,0.4795715640243079,0.4795715640243079,0.0,0.0,0,0,0,-1
gmsc,lightgbm,17,NumberOfTime30-59DaysPastDueNotWorse,relative_minus_10,-0.1,0.0,0.1,0.10036173784291944,0.2880974463987395,0.18773570855582009,0.18773570855582009,0,0,0,-1
gmsc,lightgbm,18,NumberOfTime30-59DaysPastDueNotWorse,relative_minus_10,-0.1,0.0,0.1,0.4332396231850946,0.6371577245443543,0.20391810135925964,0.20391810135925964,0,1,1,-1
gmsc,lightgbm,19,NumberOfTime30-59DaysPastDueNotWorse,relative_minus_10,-0.1,1.0,1.1,0.20706517488791176,0.20706517488791176,0.0,0.0,0,0,0,-1
gmsc,lightgbm,20,NumberOfTime30-59DaysPastDueNotWorse,relative_minus_10,-0.1,0.0,0.1,0.05708612745116283,0.21864856340205827,0.16156243595089542,0.16156243595089542,0,0,0,-1
gmsc,lightgbm,21,NumberOfTime30-59DaysPastDueNotWorse,relative_minus_10,-0.1,0.0,0.1,0.0755556455268635,0.18721896361797266,0.11166331809110916,0.11166331809110916,0,0,0,-1
gmsc,lightgbm,22,NumberOfTime30-59DaysPastDueNotWorse,relative_minus_10,-0.1,0.0,0.1,0.05695935088858043,0.21695904234952904,0.1599996914609486,0.1599996914609486,0,0,0,-1
gmsc,lightgbm,23,NumberOfTime30-59DaysPastDueNotWorse,relative_minus_10,-0.1,0.0,0.1,0.08889571164479391,0.2756302097409632,0.18673449809616927,0.18673449809616927,0,0,0,-1
gmsc,lightgbm,24,NumberOfTime30-59DaysPastDueNotWorse,relative_minus_10,-0.1,0.0,0.1,0.03569402945373115,0.17097529311521167,0.13528126366148052,0.13528126366148052,0,0,0,-1
gmsc,lightgbm,25,NumberOfTime30-59DaysPastDueNotWorse,relative_minus_10,-0.1,0.0,0.1,0.485195355176274,0.7457266070755209,0.26053125189924686,0.26053125189924686,0,1,1,-1
gmsc,lightgbm,26,NumberOfTime30-59DaysPastDueNotWorse,relative_minus_10,-0.1,0.0,0.1,0.4690330102001808,0.6273085965338965,0.1582755863337157,0.1582755863337157,0,1,1,-1
gmsc,lightgbm,27,NumberOfTime30-59DaysPastDueNotWorse,relative_minus_10,-0.1,0.0,0.1,0.15310886136230434,0.40746039783409677,0.2543515364717924,0.2543515364717924,0,0,0,-1
gmsc,lightgbm,28,NumberOfTime30-59DaysPastDueNotWorse,relative_minus_10,-0.1,0.0,0.1,0.24706706865061875,0.4837563265471357,0.23668925789651693,0.23668925789651693,0,0,0,-1
gmsc,lightgbm,29,NumberOfTime30-59DaysPastDueNotWorse,relative_minus_10,-0.1,0.0,0.1,0.07280429517617616,0.2534601058963273,0.18065581072015113,0.18065581072015113,0,0,0,-1
gmsc,lightgbm,30,NumberOfTime30-59DaysPastDueNotWorse,relative_minus_10,-0.1,0.0,0.1,0.2669688028729123,0.4944621978893207,0.22749339501640842,0.22749339501640842,0,0,0,-1
gmsc,lightgbm,31,NumberOfTime30-59DaysPastDueNotWorse,relative_minus_10,-0.1,0.0,0.1,0.16812286485697317,0.4597431279385028,0.29162026308152966,0.29162026308152966,0,0,0,-1
gmsc,lightgbm,32,NumberOfTime30-59DaysPastDueNotWorse,relative_minus_10,-0.1,0.0,0.1,0.1358222660255187,0.39083789474820096,0.25501562872268224,0.25501562872268224,0,0,0,-1
gmsc,lightgbm,33,NumberOfTime30-59DaysPastDueNotWorse,relative_minus_10,-0.1,0.0,0.1,0.0907121359558535,0.26656044731553163,0.17584831135967813,0.17584831135967813,0,0,0,-1
gmsc,lightgbm,34,NumberOfTime30-59DaysPastDueNotWorse,relative_minus_10,-0.1,1.0,1.1,0.5887765630991544,0.5887765630991544,0.0,0.0,1,1,0,-1
gmsc,lightgbm,35,NumberOfTime30-59DaysPastDueNotWorse,relative_minus_10,-0.1,2.0,2.2,0.7686376306323768,0.7686376306323768,0.0,0.0,1,1,0,-1
gmsc,lightgbm,36,NumberOfTime30-59DaysPastDueNotWorse,relative_minus_10,-0.1,0.0,0.1,0.20383228110756807,0.48180301557961847,0.2779707344720504,0.2779707344720504,0,0,0,-1
gmsc,lightgbm,37,NumberOfTime30-59DaysPastDueNotWorse,relative_minus_10,-0.1,0.0,0.1,0.36583164209666225,0.584124510562738,0.2182928684660757,0.2182928684660757,0,1,1,-1
gmsc,lightgbm,38,NumberOfTime30-59DaysPastDueNotWorse,relative_minus_10,-0.1,0.0,0.1,0.25782269826496373,0.5194895996270896,0.2616669013621259,0.2616669013621259,0,1,1,-1
gmsc,lightgbm,39,NumberOfTime30-59DaysPastDueNotWorse,relative_minus_10,-0.1,0.0,0.1,0.35851671570275906,0.5865991634537069,0.22808244775094783,0.22808244775094783,0,1,1,-1
gmsc,lightgbm,40,NumberOfTime30-59DaysPastDueNotWorse,relative_minus_10,-0.1,0.0,0.1,0.15809809532716768,0.4095648714307899,0.2514667761036222,0.2514667761036222,0,0,0,-1
gmsc,lightgbm,41,NumberOfTime30-59DaysPastDueNotWorse,relative_minus_10,-0.1,0.0,0.1,0.17767130123412736,0.3683600101490107,0.19068870891488335,0.19068870891488335,0,0,0,-1
gmsc,lightgbm,42,NumberOfTime30-59DaysPastDueNotWorse,relative_minus_10,-0.1,0.0,0.1,0.13142576347451704,0.3783381151431174,0.24691235166860034,0.24691235166860034,0,0,0,-1
gmsc,lightgbm,43,NumberOfTime30-59DaysPastDueNotWorse,relative_minus_10,-0.1,0.0,0.1,0.5220123045323535,0.7250540647088184,0.2030417601764649,0.2030417601764649,1,1,0,-1
gmsc,lightgbm,44,NumberOfTime30-59DaysPastDueNotWorse,relative_minus_10,-0.1,0.0,0.1,0.10248475676544401,0.3163472978135229,0.2138625410480789,0.2138625410480789,0,0,0,-1
gmsc,lightgbm,45,NumberOfTime30-59DaysPastDueNotWorse,relative_minus_10,-0.1,0.0,0.1,0.134509615497707,0.3048874121867986,0.1703777966890916,0.1703777966890916,0,0,0,-1
gmsc,lightgbm,46,NumberOfTime30-59DaysPastDueNotWorse,relative_minus_10,-0.1,0.0,0.1,0.24542503658751236,0.547128447098596,0.3017034105110836,0.3017034105110836,0,1,1,-1
gmsc,lightgbm,47,NumberOfTime30-59DaysPastDueNotWorse,relative_minus_10,-0.1,0.0,0.1,0.06429004529354826,0.30398860954616547,0.2396985642526172,0.2396985642526172,0,0,0,-1
gmsc,lightgbm,48,NumberOfTime30-59DaysPastDueNotWorse,relative_minus_10,-0.1,0.0,0.1,0.08494795229441349,0.30389387135378604,0.21894591905937255,0.21894591905937255,0,0,0,-1
gmsc,lightgbm,49,NumberOfTime30-59DaysPastDueNotWorse,relative_minus_10,-0.1,0.0,0.1,0.032964158323007746,0.1534423152019908,0.12047815687898306,0.12047815687898306,0,0,0,-1
gmsc,lightgbm,50,NumberOfTime30-59DaysPastDueNotWorse,relative_minus_10,-0.1,0.0,0.1,0.15598569074603788,0.4671579729246729,0.311172282178635,0.311172282178635,0,0,0,-1
gmsc,lightgbm,51,NumberOfTime30-59DaysPastDueNotWorse,relative_minus_10,-0.1,0.0,0.1,0.2427114365476945,0.43885639517576536,0.19614495862807085,0.19614495862807085,0,0,0,-1
gmsc,lightgbm,52,NumberOfTime30-59DaysPastDueNotWorse,relative_minus_10,-0.1,0.0,0.1,0.04278071258564872,0.2039047299832998,0.1611240173976511,0.1611240173976511,0,0,0,-1
gmsc,lightgbm,53,NumberOfTime30-59DaysPastDueNotWorse,relative_minus_10,-0.1,2.0,2.2,0.8459631804707949,0.8459631804707949,0.0,0.0,1,1,0,-1
gmsc,lightgbm,54,NumberOfTime30-59DaysPastDueNotWorse,relative_minus_10,-0.1,3.0,3.3,0.9585025696211499,0.9585025696211499,0.0,0.0,1,1,0,-1
gmsc,lightgbm,55,NumberOfTime30-59DaysPastDueNotWorse,relative_minus_10,-0.1,0.0,0.1,0.05240087287788092,0.18873186046994772,0.1363309875920668,0.1363309875920668,0,0,0,-1
gmsc,lightgbm,56,NumberOfTime30-59DaysPastDueNotWorse,relative_minus_10,-0.1,0.0,0.1,0.16633030838518062,0.4403382036311663,0.2740078952459857,0.2740078952459857,0,0,0,-1
gmsc,lightgbm,57,NumberOfTime30-59DaysPastDueNotWorse,relative_minus_10,-0.1,0.0,0.1,0.5855679032449771,0.7609162505441286,0.1753483472991515,0.1753483472991515,1,1,0,-1
gmsc,lightgbm,58,NumberOfTime30-59DaysPastDueNotWorse,relative_minus_10,-0.1,0.0,0.1,0.7120052536243187,0.8297225499779313,0.11771729635361261,0.11771729635361261,1,1,0,-1
gmsc,lightgbm,59,NumberOfTime30-59DaysPastDueNotWorse,relative_minus_10,-0.1,0.0,0.1,0.6081127081916137,0.743123310538506,0.13501060234689233,0.13501060234689233,1,1,0,-1
gmsc,lightgbm,60,NumberOfTime30-59DaysPastDueNotWorse,relative_minus_10,-0.1,0.0,0.1,0.19907747746451288,0.49859868575343685,0.299521208288924,0.299521208288924,0,0,0,-1
gmsc,lightgbm,61,NumberOfTime30-59DaysPastDueNotWorse,relative_minus_10,-0.1,0.0,0.1,0.3321226038071093,0.5031003422371657,0.17097773843005643,0.17097773843005643,0,1,1,-1
gmsc,lightgbm,62,NumberOfTime30-59DaysPastDueNotWorse,relative_minus_10,-0.1,0.0,0.1,0.49700932793678176,0.6868402922458208,0.189830964309039,0.189830964309039,0,1,1,-1
gmsc,lightgbm,63,NumberOfTime30-59DaysPastDueNotWorse,relative_minus_10,-0.1,0.0,0.1,0.07983838287755414,0.2574247729629777,0.1775863900854236,0.1775863900854236,0,0,0,-1
gmsc,lightgbm,64,NumberOfTime30-59DaysPastDueNotWorse,relative_minus_10,-0.1,0.0,0.1,0.27572869286326523,0.46675621962973407,0.19102752676646884,0.19102752676646884,0,0,0,-1
gmsc,lightgbm,65,NumberOfTime30-59DaysPastDueNotWorse,relative_minus_10,-0.1,2.0,2.2,0.3901193599625518,0.3901193599625518,0.0,0.0,0,0,0,-1
gmsc,lightgbm,66,NumberOfTime30-59DaysPastDueNotWorse,relative_minus_10,-0.1,0.0,0.1,0.14251343003654435,0.37580206409506584,0.2332886340585215,0.2332886340585215,0,0,0,-1
gmsc,lightgbm,67,NumberOfTime30-59DaysPastDueNotWorse,relative_minus_10,-0.1,0.0,0.1,0.42152422623564395,0.6330819356960528,0.2115577094604088,0.2115577094604088,0,1,1,-1
gmsc,lightgbm,68,NumberOfTime30-59DaysPastDueNotWorse,relative_minus_10,-0.1,0.0,0.1,0.1212328971978392,0.35108111132603204,0.22984821412819284,0.22984821412819284,0,0,0,-1
gmsc,lightgbm,69,NumberOfTime30-59DaysPastDueNotWorse,relative_minus_10,-0.1,0.0,0.1,0.5620282234727743,0.7115816438146255,0.14955342034185126,0.14955342034185126,1,1,0,-1
gmsc,lightgbm,70,NumberOfTime30-59DaysPastDueNotWorse,relative_minus_10,-0.1,1.0,1.1,0.4264114501848385,0.4264114501848385,0.0,0.0,0,0,0,-1
gmsc,lightgbm,71,NumberOfTime30-59DaysPastDueNotWorse,relative_minus_10,-0.1,0.0,0.1,0.11528535367529104,0.2812986463760733,0.1660132927007823,0.1660132927007823,0,0,0,-1
gmsc,lightgbm,72,NumberOfTime30-59DaysPastDueNotWorse,relative_minus_10,-0.1,0.0,0.1,0.18694209170398213,0.3902408247046105,0.2032987330006284,0.2032987330006284,0,0,0,-1
gmsc,lightgbm,73,NumberOfTime30-59DaysPastDueNotWorse,relative_minus_10,-0.1,0.0,0.1,0.4189962251498132,0.5839031566807203,0.16490693153090713,0.16490693153090713,0,1,1,-1
gmsc,lightgbm,74,NumberOfTime30-59DaysPastDueNotWorse,relative_minus_10,-0.1,0.0,0.1,0.210992213581658,0.47430759692294894,0.2633153833412909,0.2633153833412909,0,0,0,-1
gmsc,lightgbm,75,NumberOfTime30-59DaysPastDueNotWorse,relative_minus_10,-0.1,0.0,0.1,0.5342256118004257,0.7272218191364981,0.19299620733607237,0.19299620733607237,1,1,0,-1
gmsc,lightgbm,76,NumberOfTime30-59DaysPastDueNotWorse,relative_minus_10,-0.1,0.0,0.1,0.14869088239886066,0.39593382022601026,0.2472429378271496,0.2472429378271496,0,0,0,-1
gmsc,lightgbm,77,NumberOfTime30-59DaysPastDueNotWorse,relative_minus_10,-0.1,0.0,0.1,0.06703174942227336,0.33845796725814,0.2714262178358666,0.2714262178358666,0,0,0,-1
gmsc,lightgbm,78,NumberOfTime30-59DaysPastDueNotWorse,relative_minus_10,-0.1,0.0,0.1,0.06266917697987844,0.2711677727227341,0.20849859574285567,0.20849859574285567,0,0,0,-1
gmsc,lightgbm,79,NumberOfTime30-59DaysPastDueNotWorse,relative_minus_10,-0.1,0.0,0.1,0.3139529328389652,0.5443153401337321,0.23036240729476687,0.23036240729476687,0,1,1,-1
gmsc,lightgbm,80,NumberOfTime30-59DaysPastDueNotWorse,relative_minus_10,-0.1,0.0,0.1,0.13302830629350945,0.3893507355629911,0.2563224292694817,0.2563224292694817,0,0,0,-1
gmsc,lightgbm,81,NumberOfTime30-59DaysPastDueNotWorse,relative_minus_10,-0.1,0.0,0.1,0.1610671025822026,0.4439825309317946,0.28291542834959194,0.28291542834959194,0,0,0,-1
gmsc,lightgbm,82,NumberOfTime30-59DaysPastDueNotWorse,relative_minus_10,-0.1,0.0,0.1,0.39361810976909195,0.5650051045001723,0.17138699473108032,0.17138699473108032,0,1,1,-1
gmsc,lightgbm,83,NumberOfTime30-59DaysPastDueNotWorse,relative_minus_10,-0.1,0.0,0.1,0.07356231072502029,0.24605212843334542,0.17248981770832514,0.17248981770832514,0,0,0,-1
gmsc,lightgbm,84,NumberOfTime30-59DaysPastDueNotWorse,relative_minus_10,-0.1,0.0,0.1,0.6471402060773409,0.7869239360658802,0.13978372998853927,0.13978372998853927,1,1,0,-1
gmsc,lightgbm,85,NumberOfTime30-59DaysPastDueNotWorse,relative_minus_10,-0.1,0.0,0.1,0.06895634900657907,0.28920828319177017,0.2202519341851911,0.2202519341851911,0,0,0,-1
gmsc,lightgbm,86,NumberOfTime30-59DaysPastDueNotWorse,relative_minus_10,-0.1,0.0,0.1,0.11410528051242601,0.3323880853312656,0.2182828048188396,0.2182828048188396,0,0,0,-1
gmsc,lightgbm,87,NumberOfTime30-59DaysPastDueNotWorse,relative_minus_10,-0.1,0.0,0.1,0.1006092467906027,0.3162390738784405,0.21562982708783784,0.21562982708783784,0,0,0,-1
gmsc,lightgbm,88,NumberOfTime30-59DaysPastDueNotWorse,relative_minus_10,-0.1,0.0,0.1,0.126512958826711,0.3596501458568323,0.23313718703012132,0.23313718703012132,0,0,0,-1
gmsc,lightgbm,89,NumberOfTime30-59DaysPastDueNotWorse,relative_minus_10,-0.1,0.0,0.1,0.3522704795855978,0.5701466898879363,0.21787621030233845,0.21787621030233845,0,1,1,-1
gmsc,lightgbm,90,NumberOfTime30-59DaysPastDueNotWorse,relative_minus_10,-0.1,0.0,0.1,0.04106193866788959,0.22452672099719148,0.18346478232930188,0.18346478232930188,0,0,0,-1
gmsc,lightgbm,91,NumberOfTime30-59DaysPastDueNotWorse,relative_minus_10,-0.1,0.0,0.1,0.15372114734573783,0.3369729181365682,0.18325177079083038,0.18325177079083038,0,0,0,-1
gmsc,lightgbm,92,NumberOfTime30-59DaysPastDueNotWorse,relative_minus_10,-0.1,0.0,0.1,0.06485095205727061,0.26902410354617823,0.20417315148890763,0.20417315148890763,0,0,0,-1
gmsc,lightgbm,93,NumberOfTime30-59DaysPastDueNotWorse,relative_minus_10,-0.1,0.0,0.1,0.09924642147480602,0.2840231012676054,0.18477667979279938,0.18477667979279938,0,0,0,-1
gmsc,lightgbm,94,NumberOfTime30-59DaysPastDueNotWorse,relative_minus_10,-0.1,0.0,0.1,0.16680920152776404,0.4729560056266616,0.3061468040988976,0.3061468040988976,0,0,0,-1
gmsc,lightgbm,95,NumberOfTime30-59DaysPastDueNotWorse,relative_minus_10,-0.1,0.0,0.1,0.21924410434064803,0.4843798487703962,0.2651357444297482,0.2651357444297482,0,0,0,-1
gmsc,lightgbm,96,NumberOfTime30-59DaysPastDueNotWorse,relative_minus_10,-0.1,0.0,0.1,0.1131618927406001,0.30974865931155976,0.19658676657095966,0.19658676657095966,0,0,0,-1
gmsc,lightgbm,97,NumberOfTime30-59DaysPastDueNotWorse,relative_minus_10,-0.1,0.0,0.1,0.10806143941846993,0.2728372336206863,0.16477579420221636,0.16477579420221636,0,0,0,-1
gmsc,lightgbm,98,NumberOfTime30-59DaysPastDueNotWorse,relative_minus_10,-0.1,0.0,0.1,0.4053784379973068,0.5835251448244085,0.17814670682710176,0.17814670682710176,0,1,1,-1
gmsc,lightgbm,99,NumberOfTime30-59DaysPastDueNotWorse,relative_minus_10,-0.1,2.0,2.2,0.9052932427250325,0.9052932427250325,0.0,0.0,1,1,0,-1
gmsc,lightgbm,0,NumberOfTime30-59DaysPastDueNotWorse,relative_plus_10,0.1,0.0,0.1,0.09051292759777842,0.2605912884058572,0.1700783608080788,0.1700783608080788,0,0,0,-1
gmsc,lightgbm,1,NumberOfTime30-59DaysPastDueNotWorse,relative_plus_10,0.1,0.0,0.1,0.07432795724364831,0.2423344284062161,0.16800647116256778,0.16800647116256778,0,0,0,-1
gmsc,lightgbm,2,NumberOfTime30-59DaysPastDueNotWorse,relative_plus_10,0.1,0.0,0.1,0.056660675741342766,0.2411525090199342,0.18449183327859145,0.18449183327859145,0,0,0,-1
gmsc,lightgbm,3,NumberOfTime30-59DaysPastDueNotWorse,relative_plus_10,0.1,0.0,0.1,0.286464202572455,0.5380928801055965,0.25162867753314155,0.25162867753314155,0,1,1,-1
gmsc,lightgbm,4,NumberOfTime30-59DaysPastDueNotWorse,relative_plus_10,0.1,0.0,0.1,0.10238192900656183,0.31464715060955906,0.2122652216029972,0.2122652216029972,0,0,0,-1
gmsc,lightgbm,5,NumberOfTime30-59DaysPastDueNotWorse,relative_plus_10,0.1,0.0,0.1,0.18604525641874214,0.40611289513469107,0.22006763871594892,0.22006763871594892,0,0,0,-1
gmsc,lightgbm,6,NumberOfTime30-59DaysPastDueNotWorse,relative_plus_10,0.1,0.0,0.1,0.23797486099678064,0.45941548697287543,0.2214406259760948,0.2214406259760948,0,0,0,-1
gmsc,lightgbm,7,NumberOfTime30-59DaysPastDueNotWorse,relative_plus_10,0.1,0.0,0.1,0.1952165672674782,0.38713785956478186,0.19192129229730365,0.19192129229730365,0,0,0,-1
gmsc,lightgbm,8,NumberOfTime30-59DaysPastDueNotWorse,relative_plus_10,0.1,0.0,0.1,0.1354653526779545,0.3627870139301249,0.2273216612521704,0.2273216612521704,0,0,0,-1
gmsc,lightgbm,9,NumberOfTime30-59DaysPastDueNotWorse,relative_plus_10,0.1,1.0,1.1,0.4085309008746626,0.4085309008746626,0.0,0.0,0,0,0,-1
gmsc,lightgbm,10,NumberOfTime30-59DaysPastDueNotWorse,relative_plus_10,0.1,0.0,0.1,0.4151340630771105,0.5936398730572574,0.17850580998014692,0.17850580998014692,0,1,1,-1
gmsc,lightgbm,11,NumberOfTime30-59DaysPastDueNotWorse,relative_plus_10,0.1,0.0,0.1,0.2344419755121663,0.41979904622088526,0.18535707070871896,0.18535707070871896,0,0,0,-1
gmsc,lightgbm,12,NumberOfTime30-59DaysPastDueNotWorse,relative_plus_10,0.1,0.0,0.1,0.04156783494420435,0.20884507180983602,0.16727723686563167,0.16727723686563167,0,0,0,-1
gmsc,lightgbm,13,NumberOfTime30-59DaysPastDueNotWorse,relative_plus_10,0.1,0.0,0.1,0.8781305200687587,0.8976651830033999,0.019534662934641234,0.019534662934641234,1,1,0,-1
gmsc,lightgbm,14,NumberOfTime30-59DaysPastDueNotWorse,relative_plus_10,0.1,0.0,0.1,0.30318348670534856,0.519555872594264,0.2163723858889154,0.2163723858889154,0,1,1,-1
gmsc,lightgbm,15,NumberOfTime30-59DaysPastDueNotWorse,relative_plus_10,0.1,1.0,1.1,0.27986218783007943,0.27986218783007943,0.0,0.0,0,0,0,-1
gmsc,lightgbm,16,NumberOfTime30-59DaysPastDueNotWorse,relative_plus_10,0.1,1.0,1.1,0.4795715640243079,0.4795715640243079,0.0,0.0,0,0,0,-1
gmsc,lightgbm,17,NumberOfTime30-59DaysPastDueNotWorse,relative_plus_10,0.1,0.0,0.1,0.10036173784291944,0.2880974463987395,0.18773570855582009,0.18773570855582009,0,0,0,-1
gmsc,lightgbm,18,NumberOfTime30-59DaysPastDueNotWorse,relative_plus_10,0.1,0.0,0.1,0.4332396231850946,0.6371577245443543,0.20391810135925964,0.20391810135925964,0,1,1,-1
gmsc,lightgbm,19,NumberOfTime30-59DaysPastDueNotWorse,relative_plus_10,0.1,1.0,1.1,0.20706517488791176,0.20706517488791176,0.0,0.0,0,0,0,-1
gmsc,lightgbm,20,NumberOfTime30-59DaysPastDueNotWorse,relative_plus_10,0.1,0.0,0.1,0.05708612745116283,0.21864856340205827,0.16156243595089542,0.16156243595089542,0,0,0,-1
gmsc,lightgbm,21,NumberOfTime30-59DaysPastDueNotWorse,relative_plus_10,0.1,0.0,0.1,0.0755556455268635,0.18721896361797266,0.11166331809110916,0.11166331809110916,0,0,0,-1
gmsc,lightgbm,22,NumberOfTime30-59DaysPastDueNotWorse,relative_plus_10,0.1,0.0,0.1,0.05695935088858043,0.21695904234952904,0.1599996914609486,0.1599996914609486,0,0,0,-1
gmsc,lightgbm,23,NumberOfTime30-59DaysPastDueNotWorse,relative_plus_10,0.1,0.0,0.1,0.08889571164479391,0.2756302097409632,0.18673449809616927,0.18673449809616927,0,0,0,-1
gmsc,lightgbm,24,NumberOfTime30-59DaysPastDueNotWorse,relative_plus_10,0.1,0.0,0.1,0.03569402945373115,0.17097529311521167,0.13528126366148052,0.13528126366148052,0,0,0,-1
gmsc,lightgbm,25,NumberOfTime30-59DaysPastDueNotWorse,relative_plus_10,0.1,0.0,0.1,0.485195355176274,0.7457266070755209,0.26053125189924686,0.26053125189924686,0,1,1,-1
gmsc,lightgbm,26,NumberOfTime30-59DaysPastDueNotWorse,relative_plus_10,0.1,0.0,0.1,0.4690330102001808,0.6273085965338965,0.1582755863337157,0.1582755863337157,0,1,1,-1
gmsc,lightgbm,27,NumberOfTime30-59DaysPastDueNotWorse,relative_plus_10,0.1,0.0,0.1,0.15310886136230434,0.40746039783409677,0.2543515364717924,0.2543515364717924,0,0,0,-1
gmsc,lightgbm,28,NumberOfTime30-59DaysPastDueNotWorse,relative_plus_10,0.1,0.0,0.1,0.24706706865061875,0.4837563265471357,0.23668925789651693,0.23668925789651693,0,0,0,-1
gmsc,lightgbm,29,NumberOfTime30-59DaysPastDueNotWorse,relative_plus_10,0.1,0.0,0.1,0.07280429517617616,0.2534601058963273,0.18065581072015113,0.18065581072015113,0,0,0,-1
gmsc,lightgbm,30,NumberOfTime30-59DaysPastDueNotWorse,relative_plus_10,0.1,0.0,0.1,0.2669688028729123,0.4944621978893207,0.22749339501640842,0.22749339501640842,0,0,0,-1
gmsc,lightgbm,31,NumberOfTime30-59DaysPastDueNotWorse,relative_plus_10,0.1,0.0,0.1,0.16812286485697317,0.4597431279385028,0.29162026308152966,0.29162026308152966,0,0,0,-1
gmsc,lightgbm,32,NumberOfTime30-59DaysPastDueNotWorse,relative_plus_10,0.1,0.0,0.1,0.1358222660255187,0.39083789474820096,0.25501562872268224,0.25501562872268224,0,0,0,-1
gmsc,lightgbm,33,NumberOfTime30-59DaysPastDueNotWorse,relative_plus_10,0.1,0.0,0.1,0.0907121359558535,0.26656044731553163,0.17584831135967813,0.17584831135967813,0,0,0,-1
gmsc,lightgbm,34,NumberOfTime30-59DaysPastDueNotWorse,relative_plus_10,0.1,1.0,1.1,0.5887765630991544,0.5887765630991544,0.0,0.0,1,1,0,-1
gmsc,lightgbm,35,NumberOfTime30-59DaysPastDueNotWorse,relative_plus_10,0.1,2.0,2.2,0.7686376306323768,0.7686376306323768,0.0,0.0,1,1,0,-1
gmsc,lightgbm,36,NumberOfTime30-59DaysPastDueNotWorse,relative_plus_10,0.1,0.0,0.1,0.20383228110756807,0.48180301557961847,0.2779707344720504,0.2779707344720504,0,0,0,-1
gmsc,lightgbm,37,NumberOfTime30-59DaysPastDueNotWorse,relative_plus_10,0.1,0.0,0.1,0.36583164209666225,0.584124510562738,0.2182928684660757,0.2182928684660757,0,1,1,-1
gmsc,lightgbm,38,NumberOfTime30-59DaysPastDueNotWorse,relative_plus_10,0.1,0.0,0.1,0.25782269826496373,0.5194895996270896,0.2616669013621259,0.2616669013621259,0,1,1,-1
gmsc,lightgbm,39,NumberOfTime30-59DaysPastDueNotWorse,relative_plus_10,0.1,0.0,0.1,0.35851671570275906,0.5865991634537069,0.22808244775094783,0.22808244775094783,0,1,1,-1
gmsc,lightgbm,40,NumberOfTime30-59DaysPastDueNotWorse,relative_plus_10,0.1,0.0,0.1,0.15809809532716768,0.4095648714307899,0.2514667761036222,0.2514667761036222,0,0,0,-1
gmsc,lightgbm,41,NumberOfTime30-59DaysPastDueNotWorse,relative_plus_10,0.1,0.0,0.1,0.17767130123412736,0.3683600101490107,0.19068870891488335,0.19068870891488335,0,0,0,-1
gmsc,lightgbm,42,NumberOfTime30-59DaysPastDueNotWorse,relative_plus_10,0.1,0.0,0.1,0.13142576347451704,0.3783381151431174,0.24691235166860034,0.24691235166860034,0,0,0,-1
gmsc,lightgbm,43,NumberOfTime30-59DaysPastDueNotWorse,relative_plus_10,0.1,0.0,0.1,0.5220123045323535,0.7250540647088184,0.2030417601764649,0.2030417601764649,1,1,0,-1
gmsc,lightgbm,44,NumberOfTime30-59DaysPastDueNotWorse,relative_plus_10,0.1,0.0,0.1,0.10248475676544401,0.3163472978135229,0.2138625410480789,0.2138625410480789,0,0,0,-1
gmsc,lightgbm,45,NumberOfTime30-59DaysPastDueNotWorse,relative_plus_10,0.1,0.0,0.1,0.134509615497707,0.3048874121867986,0.1703777966890916,0.1703777966890916,0,0,0,-1
gmsc,lightgbm,46,NumberOfTime30-59DaysPastDueNotWorse,relative_plus_10,0.1,0.0,0.1,0.24542503658751236,0.547128447098596,0.3017034105110836,0.3017034105110836,0,1,1,-1
gmsc,lightgbm,47,NumberOfTime30-59DaysPastDueNotWorse,relative_plus_10,0.1,0.0,0.1,0.06429004529354826,0.30398860954616547,0.2396985642526172,0.2396985642526172,0,0,0,-1
gmsc,lightgbm,48,NumberOfTime30-59DaysPastDueNotWorse,relative_plus_10,0.1,0.0,0.1,0.08494795229441349,0.30389387135378604,0.21894591905937255,0.21894591905937255,0,0,0,-1
gmsc,lightgbm,49,NumberOfTime30-59DaysPastDueNotWorse,relative_plus_10,0.1,0.0,0.1,0.032964158323007746,0.1534423152019908,0.12047815687898306,0.12047815687898306,0,0,0,-1
gmsc,lightgbm,50,NumberOfTime30-59DaysPastDueNotWorse,relative_plus_10,0.1,0.0,0.1,0.15598569074603788,0.4671579729246729,0.311172282178635,0.311172282178635,0,0,0,-1
gmsc,lightgbm,51,NumberOfTime30-59DaysPastDueNotWorse,relative_plus_10,0.1,0.0,0.1,0.2427114365476945,0.43885639517576536,0.19614495862807085,0.19614495862807085,0,0,0,-1
gmsc,lightgbm,52,NumberOfTime30-59DaysPastDueNotWorse,relative_plus_10,0.1,0.0,0.1,0.04278071258564872,0.2039047299832998,0.1611240173976511,0.1611240173976511,0,0,0,-1
gmsc,lightgbm,53,NumberOfTime30-59DaysPastDueNotWorse,relative_plus_10,0.1,2.0,2.2,0.8459631804707949,0.8459631804707949,0.0,0.0,1,1,0,-1
gmsc,lightgbm,54,NumberOfTime30-59DaysPastDueNotWorse,relative_plus_10,0.1,3.0,3.3,0.9585025696211499,0.9585025696211499,0.0,0.0,1,1,0,-1
gmsc,lightgbm,55,NumberOfTime30-59DaysPastDueNotWorse,relative_plus_10,0.1,0.0,0.1,0.05240087287788092,0.18873186046994772,0.1363309875920668,0.1363309875920668,0,0,0,-1
gmsc,lightgbm,56,NumberOfTime30-59DaysPastDueNotWorse,relative_plus_10,0.1,0.0,0.1,0.16633030838518062,0.4403382036311663,0.2740078952459857,0.2740078952459857,0,0,0,-1
gmsc,lightgbm,57,NumberOfTime30-59DaysPastDueNotWorse,relative_plus_10,0.1,0.0,0.1,0.5855679032449771,0.7609162505441286,0.1753483472991515,0.1753483472991515,1,1,0,-1
gmsc,lightgbm,58,NumberOfTime30-59DaysPastDueNotWorse,relative_plus_10,0.1,0.0,0.1,0.7120052536243187,0.8297225499779313,0.11771729635361261,0.11771729635361261,1,1,0,-1
gmsc,lightgbm,59,NumberOfTime30-59DaysPastDueNotWorse,relative_plus_10,0.1,0.0,0.1,0.6081127081916137,0.743123310538506,0.13501060234689233,0.13501060234689233,1,1,0,-1
gmsc,lightgbm,60,NumberOfTime30-59DaysPastDueNotWorse,relative_plus_10,0.1,0.0,0.1,0.19907747746451288,0.49859868575343685,0.299521208288924,0.299521208288924,0,0,0,-1
gmsc,lightgbm,61,NumberOfTime30-59DaysPastDueNotWorse,relative_plus_10,0.1,0.0,0.1,0.3321226038071093,0.5031003422371657,0.17097773843005643,0.17097773843005643,0,1,1,-1
gmsc,lightgbm,62,NumberOfTime30-59DaysPastDueNotWorse,relative_plus_10,0.1,0.0,0.1,0.49700932793678176,0.6868402922458208,0.189830964309039,0.189830964309039,0,1,1,-1
gmsc,lightgbm,63,NumberOfTime30-59DaysPastDueNotWorse,relative_plus_10,0.1,0.0,0.1,0.07983838287755414,0.2574247729629777,0.1775863900854236,0.1775863900854236,0,0,0,-1
gmsc,lightgbm,64,NumberOfTime30-59DaysPastDueNotWorse,relative_plus_10,0.1,0.0,0.1,0.27572869286326523,0.46675621962973407,0.19102752676646884,0.19102752676646884,0,0,0,-1
gmsc,lightgbm,65,NumberOfTime30-59DaysPastDueNotWorse,relative_plus_10,0.1,2.0,2.2,0.3901193599625518,0.3901193599625518,0.0,0.0,0,0,0,-1
gmsc,lightgbm,66,NumberOfTime30-59DaysPastDueNotWorse,relative_plus_10,0.1,0.0,0.1,0.14251343003654435,0.37580206409506584,0.2332886340585215,0.2332886340585215,0,0,0,-1
gmsc,lightgbm,67,NumberOfTime30-59DaysPastDueNotWorse,relative_plus_10,0.1,0.0,0.1,0.42152422623564395,0.6330819356960528,0.2115577094604088,0.2115577094604088,0,1,1,-1
gmsc,lightgbm,68,NumberOfTime30-59DaysPastDueNotWorse,relative_plus_10,0.1,0.0,0.1,0.1212328971978392,0.35108111132603204,0.22984821412819284,0.22984821412819284,0,0,0,-1
gmsc,lightgbm,69,NumberOfTime30-59DaysPastDueNotWorse,relative_plus_10,0.1,0.0,0.1,0.5620282234727743,0.7115816438146255,0.14955342034185126,0.14955342034185126,1,1,0,-1
gmsc,lightgbm,70,NumberOfTime30-59DaysPastDueNotWorse,relative_plus_10,0.1,1.0,1.1,0.4264114501848385,0.4264114501848385,0.0,0.0,0,0,0,-1
gmsc,lightgbm,71,NumberOfTime30-59DaysPastDueNotWorse,relative_plus_10,0.1,0.0,0.1,0.11528535367529104,0.2812986463760733,0.1660132927007823,0.1660132927007823,0,0,0,-1
gmsc,lightgbm,72,NumberOfTime30-59DaysPastDueNotWorse,relative_plus_10,0.1,0.0,0.1,0.18694209170398213,0.3902408247046105,0.2032987330006284,0.2032987330006284,0,0,0,-1
gmsc,lightgbm,73,NumberOfTime30-59DaysPastDueNotWorse,relative_plus_10,0.1,0.0,0.1,0.4189962251498132,0.5839031566807203,0.16490693153090713,0.16490693153090713,0,1,1,-1
gmsc,lightgbm,74,NumberOfTime30-59DaysPastDueNotWorse,relative_plus_10,0.1,0.0,0.1,0.210992213581658,0.47430759692294894,0.2633153833412909,0.2633153833412909,0,0,0,-1
gmsc,lightgbm,75,NumberOfTime30-59DaysPastDueNotWorse,relative_plus_10,0.1,0.0,0.1,0.5342256118004257,0.7272218191364981,0.19299620733607237,0.19299620733607237,1,1,0,-1
gmsc,lightgbm,76,NumberOfTime30-59DaysPastDueNotWorse,relative_plus_10,0.1,0.0,0.1,0.14869088239886066,0.39593382022601026,0.2472429378271496,0.2472429378271496,0,0,0,-1
gmsc,lightgbm,77,NumberOfTime30-59DaysPastDueNotWorse,relative_plus_10,0.1,0.0,0.1,0.06703174942227336,0.33845796725814,0.2714262178358666,0.2714262178358666,0,0,0,-1
gmsc,lightgbm,78,NumberOfTime30-59DaysPastDueNotWorse,relative_plus_10,0.1,0.0,0.1,0.06266917697987844,0.2711677727227341,0.20849859574285567,0.20849859574285567,0,0,0,-1
gmsc,lightgbm,79,NumberOfTime30-59DaysPastDueNotWorse,relative_plus_10,0.1,0.0,0.1,0.3139529328389652,0.5443153401337321,0.23036240729476687,0.23036240729476687,0,1,1,-1
gmsc,lightgbm,80,NumberOfTime30-59DaysPastDueNotWorse,relative_plus_10,0.1,0.0,0.1,0.13302830629350945,0.3893507355629911,0.2563224292694817,0.2563224292694817,0,0,0,-1
gmsc,lightgbm,81,NumberOfTime30-59DaysPastDueNotWorse,relative_plus_10,0.1,0.0,0.1,0.1610671025822026,0.4439825309317946,0.28291542834959194,0.28291542834959194,0,0,0,-1
gmsc,lightgbm,82,NumberOfTime30-59DaysPastDueNotWorse,relative_plus_10,0.1,0.0,0.1,0.39361810976909195,0.5650051045001723,0.17138699473108032,0.17138699473108032,0,1,1,-1
gmsc,lightgbm,83,NumberOfTime30-59DaysPastDueNotWorse,relative_plus_10,0.1,0.0,0.1,0.07356231072502029,0.24605212843334542,0.17248981770832514,0.17248981770832514,0,0,0,-1
gmsc,lightgbm,84,NumberOfTime30-59DaysPastDueNotWorse,relative_plus_10,0.1,0.0,0.1,0.6471402060773409,0.7869239360658802,0.13978372998853927,0.13978372998853927,1,1,0,-1
gmsc,lightgbm,85,NumberOfTime30-59DaysPastDueNotWorse,relative_plus_10,0.1,0.0,0.1,0.06895634900657907,0.28920828319177017,0.2202519341851911,0.2202519341851911,0,0,0,-1
gmsc,lightgbm,86,NumberOfTime30-59DaysPastDueNotWorse,relative_plus_10,0.1,0.0,0.1,0.11410528051242601,0.3323880853312656,0.2182828048188396,0.2182828048188396,0,0,0,-1
gmsc,lightgbm,87,NumberOfTime30-59DaysPastDueNotWorse,relative_plus_10,0.1,0.0,0.1,0.1006092467906027,0.3162390738784405,0.21562982708783784,0.21562982708783784,0,0,0,-1
gmsc,lightgbm,88,NumberOfTime30-59DaysPastDueNotWorse,relative_plus_10,0.1,0.0,0.1,0.126512958826711,0.3596501458568323,0.23313718703012132,0.23313718703012132,0,0,0,-1
gmsc,lightgbm,89,NumberOfTime30-59DaysPastDueNotWorse,relative_plus_10,0.1,0.0,0.1,0.3522704795855978,0.5701466898879363,0.21787621030233845,0.21787621030233845,0,1,1,-1
gmsc,lightgbm,90,NumberOfTime30-59DaysPastDueNotWorse,relative_plus_10,0.1,0.0,0.1,0.04106193866788959,0.22452672099719148,0.18346478232930188,0.18346478232930188,0,0,0,-1
gmsc,lightgbm,91,NumberOfTime30-59DaysPastDueNotWorse,relative_plus_10,0.1,0.0,0.1,0.15372114734573783,0.3369729181365682,0.18325177079083038,0.18325177079083038,0,0,0,-1
gmsc,lightgbm,92,NumberOfTime30-59DaysPastDueNotWorse,relative_plus_10,0.1,0.0,0.1,0.06485095205727061,0.26902410354617823,0.20417315148890763,0.20417315148890763,0,0,0,-1
gmsc,lightgbm,93,NumberOfTime30-59DaysPastDueNotWorse,relative_plus_10,0.1,0.0,0.1,0.09924642147480602,0.2840231012676054,0.18477667979279938,0.18477667979279938,0,0,0,-1
gmsc,lightgbm,94,NumberOfTime30-59DaysPastDueNotWorse,relative_plus_10,0.1,0.0,0.1,0.16680920152776404,0.4729560056266616,0.3061468040988976,0.3061468040988976,0,0,0,-1
gmsc,lightgbm,95,NumberOfTime30-59DaysPastDueNotWorse,relative_plus_10,0.1,0.0,0.1,0.21924410434064803,0.4843798487703962,0.2651357444297482,0.2651357444297482,0,0,0,-1
gmsc,lightgbm,96,NumberOfTime30-59DaysPastDueNotWorse,relative_plus_10,0.1,0.0,0.1,0.1131618927406001,0.30974865931155976,0.19658676657095966,0.19658676657095966,0,0,0,-1
gmsc,lightgbm,97,NumberOfTime30-59DaysPastDueNotWorse,relative_plus_10,0.1,0.0,0.1,0.10806143941846993,0.2728372336206863,0.16477579420221636,0.16477579420221636,0,0,0,-1
gmsc,lightgbm,98,NumberOfTime30-59DaysPastDueNotWorse,relative_plus_10,0.1,0.0,0.1,0.4053784379973068,0.5835251448244085,0.17814670682710176,0.17814670682710176,0,1,1,-1
gmsc,lightgbm,99,NumberOfTime30-59DaysPastDueNotWorse,relative_plus_10,0.1,2.0,2.2,0.9052932427250325,0.9052932427250325,0.0,0.0,1,1,0,-1
gmsc,lightgbm,0,DebtRatio,relative_minus_5,-0.05,0.20606616,0.216369468,0.09051292759777842,0.0955553854655706,0.0050424578677921855,0.0050424578677921855,0,0,0,-1
gmsc,lightgbm,1,DebtRatio,relative_minus_5,-0.05,0.19957148,0.20955005399999999,0.07432795724364831,0.07616329737773612,0.001835340134087815,0.001835340134087815,0,0,0,-1
gmsc,lightgbm,2,DebtRatio,relative_minus_5,-0.05,55.0,57.75,0.056660675741342766,0.056660675741342766,0.0,0.0,0,0,0,-1
gmsc,lightgbm,3,DebtRatio,relative_minus_5,-0.05,1.2865958,1.35092559,0.286464202572455,0.29496707614605583,0.008502873573600855,0.008502873573600855,0,0,0,-1
gmsc,lightgbm,4,DebtRatio,relative_minus_5,-0.05,0.520637,0.54666885,0.10238192900656183,0.10238192900656183,0.0,0.0,0,0,0,-1
gmsc,lightgbm,5,DebtRatio,relative_minus_5,-0.05,0.23819813,0.2501080365,0.18604525641874214,0.17236660727888728,-0.013678649139854865,0.013678649139854865,0,0,0,-1
gmsc,lightgbm,6,DebtRatio,relative_minus_5,-0.05,0.121203355,0.12726352275,0.23797486099678064,0.23797486099678064,0.0,0.0,0,0,0,-1
gmsc,lightgbm,7,DebtRatio,relative_minus_5,-0.05,0.018074095,0.01897779975,0.1952165672674782,0.1952165672674782,0.0,0.0,0,0,0,-1
gmsc,lightgbm,8,DebtRatio,relative_minus_5,-0.05,0.53478074,0.561519777,0.1354653526779545,0.1354653526779545,0.0,0.0,0,0,0,-1
gmsc,lightgbm,9,DebtRatio,relative_minus_5,-0.05,0.40325078,0.42341331899999995,0.4085309008746626,0.4085309008746626,0.0,0.0,0,0,0,-1
gmsc,lightgbm,10,DebtRatio,relative_minus_5,-0.05,1.031025,1.08257625,0.4151340630771105,0.42084237711055195,0.005708314033441464,0.005708314033441464,0,0,0,-1
gmsc,lightgbm,11,DebtRatio,relative_minus_5,-0.05,0.43150038,0.45307539900000005,0.2344419755121663,0.2344419755121663,0.0,0.0,0,0,0,-1
gmsc,lightgbm,12,DebtRatio,relative_minus_5,-0.05,2565.0,2693.25,0.04156783494420435,0.04156783494420435,0.0,0.0,0,0,0,-1
gmsc,lightgbm,13,DebtRatio,relative_minus_5,-0.05,44.0,46.2,0.8781305200687587,0.8781305200687587,0.0,0.0,1,1,0,-1
gmsc,lightgbm,14,DebtRatio,relative_minus_5,-0.05,941.0,988.05,0.30318348670534856,0.30318348670534856,0.0,0.0,0,0,0,-1
gmsc,lightgbm,15,DebtRatio,relative_minus_5,-0.05,0.28925687,0.3037197135,0.27986218783007943,0.2796895128521742,-0.00017267497790524056,0.00017267497790524056,0,0,0,-1
gmsc,lightgbm,16,DebtRatio,relative_minus_5,-0.05,0.040159974,0.0421679727,0.4795715640243079,0.4795715640243079,0.0,0.0,0,0,0,-1
gmsc,lightgbm,17,DebtRatio,relative_minus_5,-0.05,2092.0,2196.6,0.10036173784291944,0.10036173784291944,0.0,0.0,0,0,0,-1
gmsc,lightgbm,18,DebtRatio,relative_minus_5,-0.05,0.3357388,0.35252574000000003,0.4332396231850946,0.4497451444002305,0.016505521215135877,0.016505521215135877,0,0,0,-1
gmsc,lightgbm,19,DebtRatio,relative_minus_5,-0.05,0.20742264,0.217793772,0.20706517488791176,0.20962846930966184,0.002563294421750073,0.002563294421750073,0,0,0,-1
gmsc,lightgbm,20,DebtRatio,relative_minus_5,-0.05,0.10735282,0.11272046100000001,0.05708612745116283,0.05050735591911603,-0.0065787715320468,0.0065787715320468,0,0,0,-1
gmsc,lightgbm,21,DebtRatio,relative_minus_5,-0.05,223.0,234.15,0.0755556455268635,0.0755556455268635,0.0,0.0,0,0,0,-1
gmsc,lightgbm,22,DebtRatio,relative_minus_5,-0.05,0.26601106,0.279311613,0.05695935088858043,0.05695935088858043,0.0,0.0,0,0,0,-1
gmsc,lightgbm,23,DebtRatio,relative_minus_5,-0.05,0.2999674,0.31496577,0.08889571164479391,0.09357183367976893,0.004676122034975014,0.004676122034975014,0,0,0,-1
gmsc,lightgbm,24,DebtRatio,relative_minus_5,-0.05,0.012362637,0.01298076885,0.03569402945373115,0.03569402945373115,0.0,0.0,0,0,0,-1
gmsc,lightgbm,25,DebtRatio,relative_minus_5,-0.05,0.402445,0.42256725,0.485195355176274,0.4870176900771158,0.0018223349008418266,0.0018223349008418266,0,0,0,-1
gmsc,lightgbm,26,DebtRatio,relative_minus_5,-0.05,0.0,0.0208549685,0.4690330102001808,0.5438637641830185,0.07483075398283773,0.07483075398283773,0,1,1,-1
gmsc,lightgbm,27,DebtRatio,relative_minus_5,-0.05,0.17137648,0.179945304,0.15310886136230434,0.15310886136230434,0.0,0.0,0,0,0,-1
gmsc,lightgbm,28,DebtRatio,relative_minus_5,-0.05,0.0,0.0208549685,0.24706706865061875,0.2661499716481053,0.019082902997486523,0.019082902997486523,0,0,0,-1
gmsc,lightgbm,29,DebtRatio,relative_minus_5,-0.05,0.058094192,0.0609989016,0.07280429517617616,0.07280429517617616,0.0,0.0,0,0,0,-1
gmsc,lightgbm,30,DebtRatio,relative_minus_5,-0.05,0.44399184,0.466191432,0.2669688028729123,0.2669688028729123,0.0,0.0,0,0,0,-1
gmsc,lightgbm,31,DebtRatio,relative_minus_5,-0.05,482.0,506.1,0.16812286485697317,0.16812286485697317,0.0,0.0,0,0,0,-1
gmsc,lightgbm,32,DebtRatio,relative_minus_5,-0.05,0.4293059,0.450771195,0.1358222660255187,0.1358222660255187,0.0,0.0,0,0,0,-1
gmsc,lightgbm,33,DebtRatio,relative_minus_5,-0.05,0.008748633,0.00918606465,0.0907121359558535,0.0907121359558535,0.0,0.0,0,0,0,-1
gmsc,lightgbm,34,DebtRatio,relative_minus_5,-0.05,0.470006,0.49350629999999995,0.5887765630991544,0.5887765630991544,0.0,0.0,1,1,0,-1
gmsc,lightgbm,35,DebtRatio,relative_minus_5,-0.05,0.8031548,0.8433125399999999,0.7686376306323768,0.7686376306323768,0.0,0.0,1,1,0,-1
gmsc,lightgbm,36,DebtRatio,relative_minus_5,-0.05,0.1687678,0.17720618999999999,0.20383228110756807,0.20383228110756807,0.0,0.0,0,0,0,-1
gmsc,lightgbm,37,DebtRatio,relative_minus_5,-0.05,2965.0,3113.25,0.36583164209666225,0.36583164209666225,0.0,0.0,0,0,0,-1
gmsc,lightgbm,38,DebtRatio,relative_minus_5,-0.05,0.521364,0.5474322,0.25782269826496373,0.2606897117153332,0.0028670134503694933,0.0028670134503694933,0,0,0,-1
gmsc,lightgbm,39,DebtRatio,relative_minus_5,-0.05,1.2837993,1.347989265,0.35851671570275906,0.3680550950476916,0.009538379344932568,0.009538379344932568,0,0,0,-1
gmsc,lightgbm,40,DebtRatio,relative_minus_5,-0.05,0.32549995,0.3417749475,0.15809809532716768,0.12429264395317159,-0.033805451373996084,0.033805451373996084,0,0,0,-1
gmsc,lightgbm,41,DebtRatio,relative_minus_5,-0.05,1.5599782,1.63797711,0.17767130123412736,0.17767130123412736,0.0,0.0,0,0,0,-1
gmsc,lightgbm,42,DebtRatio,relative_minus_5,-0.05,0.19,0.1995,0.13142576347451704,0.13142576347451704,0.0,0.0,0,0,0,-1
gmsc,lightgbm,43,DebtRatio,relative_minus_5,-0.05,171.0,179.55,0.5220123045323535,0.5220123045323535,0.0,0.0,1,1,0,-1
gmsc,lightgbm,44,DebtRatio,relative_minus_5,-0.05,0.20451674,0.214742577,0.10248475676544401,0.1052466139312273,0.0027618571657832963,0.0027618571657832963,0,0,0,-1
gmsc,lightgbm,45,DebtRatio,relative_minus_5,-0.05,0.41645184,0.43727443200000005,0.134509615497707,0.14238536427453793,0.007875748776830921,0.007875748776830921,0,0,0,-1
gmsc,lightgbm,46,DebtRatio,relative_minus_5,-0.05,486.0,510.3,0.24542503658751236,0.24542503658751236,0.0,0.0,0,0,0,-1
gmsc,lightgbm,47,DebtRatio,relative_minus_5,-0.05,0.24237882,0.254497761,0.06429004529354826,0.06704351570568005,0.002753470412131795,0.002753470412131795,0,0,0,-1
gmsc,lightgbm,48,DebtRatio,relative_minus_5,-0.05,1071.0,1124.55,0.08494795229441349,0.08466857259639674,-0.0002793796980167518,0.0002793796980167518,0,0,0,-1
gmsc,lightgbm,49,DebtRatio,relative_minus_5,-0.05,0.005664778,0.005948016899999999,0.032964158323007746,0.032964158323007746,0.0,0.0,0,0,0,-1
gmsc,lightgbm,50,DebtRatio,relative_minus_5,-0.05,0.16283266,0.170974293,0.15598569074603788,0.15598569074603788,0.0,0.0,0,0,0,-1
gmsc,lightgbm,51,DebtRatio,relative_minus_5,-0.05,2000.0,2100.0,0.2427114365476945,0.2427114365476945,0.0,0.0,0,0,0,-1
gmsc,lightgbm,52,DebtRatio,relative_minus_5,-0.05,1240.0,1302.0,0.04278071258564872,0.04278071258564872,0.0,0.0,0,0,0,-1
gmsc,lightgbm,53,DebtRatio,relative_minus_5,-0.05,0.021596858,0.0226767009,0.8459631804707949,0.8459631804707949,0.0,0.0,1,1,0,-1
gmsc,lightgbm,54,DebtRatio,relative_minus_5,-0.05,1.5316092,1.6081896599999999,0.9585025696211499,0.9585025696211499,0.0,0.0,1,1,0,-1
gmsc,lightgbm,55,DebtRatio,relative_minus_5,-0.05,1844.0,1936.2,0.05240087287788092,0.052588670101363505,0.0001877972234825831,0.0001877972234825831,0,0,0,-1
gmsc,lightgbm,56,DebtRatio,relative_minus_5,-0.05,0.33847472,0.35539845600000003,0.16633030838518062,0.16633030838518062,0.0,0.0,0,0,0,-1
gmsc,lightgbm,57,DebtRatio,relative_minus_5,-0.05,0.38452163,0.4037477115,0.5855679032449771,0.5893069568818067,0.0037390536368295813,0.0037390536368295813,1,1,0,-1
gmsc,lightgbm,58,DebtRatio,relative_minus_5,-0.05,0.13751946,0.14439543300000002,0.7120052536243187,0.7120052536243187,0.0,0.0,1,1,0,-1
gmsc,lightgbm,59,DebtRatio,relative_minus_5,-0.05,0.74480665,0.7820469825,0.6081127081916137,0.6081127081916137,0.0,0.0,1,1,0,-1
gmsc,lightgbm,60,DebtRatio,relative_minus_5,-0.05,0.078658074,0.0825909777,0.19907747746451288,0.2098763959787956,0.010798918514282718,0.010798918514282718,0,0,0,-1
gmsc,lightgbm,61,DebtRatio,relative_minus_5,-0.05,0.6623037,0.695418885,0.3321226038071093,0.3546368864631032,0.022514282655993922,0.022514282655993922,0,0,0,-1
gmsc,lightgbm,62,DebtRatio,relative_minus_5,-0.05,0.5309469,0.557494245,0.49700932793678176,0.49700932793678176,0.0,0.0,0,0,0,-1
gmsc,lightgbm,63,DebtRatio,relative_minus_5,-0.05,0.24462043,0.2568514515,0.07983838287755414,0.08141472508844201,0.001576342210887871,0.001576342210887871,0,0,0,-1
gmsc,lightgbm,64,DebtRatio,relative_minus_5,-0.05,0.4177469,0.438634245,0.27572869286326523,0.2867702857641145,0.011041592900849273,0.011041592900849273,0,0,0,-1
gmsc,lightgbm,65,DebtRatio,relative_minus_5,-0.05,0.20786196,0.218255058,0.3901193599625518,0.39616058997367704,0.00604123001112522,0.00604123001112522,0,0,0,-1
gmsc,lightgbm,66,DebtRatio,relative_minus_5,-0.05,0.3109459,0.326493195,0.14251343003654435,0.1501652161555589,0.007651786119014542,0.007651786119014542,0,0,0,-1
gmsc,lightgbm,67,DebtRatio,relative_minus_5,-0.05,0.3151282,0.33088461,0.42152422623564395,0.4365302514231212,0.015006025187477234,0.015006025187477234,0,0,0,-1
gmsc,lightgbm,68,DebtRatio,relative_minus_5,-0.05,0.34570906,0.362994513,0.1212328971978392,0.10751680501642172,-0.013716092181417477,0.013716092181417477,0,0,0,-1
gmsc,lightgbm,69,DebtRatio,relative_minus_5,-0.05,0.96340734,1.011577707,0.5620282234727743,0.5758388622440319,0.013810638771257655,0.013810638771257655,1,1,0,-1
gmsc,lightgbm,70,DebtRatio,relative_minus_5,-0.05,0.069360115,0.07282812075,0.4264114501848385,0.4264114501848385,0.0,0.0,0,0,0,-1
gmsc,lightgbm,71,DebtRatio,relative_minus_5,-0.05,69.0,72.45,0.11528535367529104,0.11528535367529104,0.0,0.0,0,0,0,-1
gmsc,lightgbm,72,DebtRatio,relative_minus_5,-0.05,0.72570974,0.761995227,0.18694209170398213,0.18694209170398213,0.0,0.0,0,0,0,-1
gmsc,lightgbm,73,DebtRatio,relative_minus_5,-0.05,0.3235353,0.339712065,0.4189962251498132,0.4189962251498132,0.0,0.0,0,0,0,-1
gmsc,lightgbm,74,DebtRatio,relative_minus_5,-0.05,0.024987506,0.0262368813,0.210992213581658,0.210992213581658,0.0,0.0,0,0,0,-1
gmsc,lightgbm,75,DebtRatio,relative_minus_5,-0.05,57.0,59.85,0.5342256118004257,0.5342256118004257,0.0,0.0,1,1,0,-1
gmsc,lightgbm,76,DebtRatio,relative_minus_5,-0.05,0.066019416,0.0693203868,0.14869088239886066,0.14869088239886066,0.0,0.0,0,0,0,-1
gmsc,lightgbm,77,DebtRatio,relative_minus_5,-0.05,26.0,27.3,0.06703174942227336,0.06703174942227336,0.0,0.0,0,0,0,-1
gmsc,lightgbm,78,DebtRatio,relative_minus_5,-0.05,1569.0,1647.45,0.06266917697987844,0.06266917697987844,0.0,0.0,0,0,0,-1
gmsc,lightgbm,79,DebtRatio,relative_minus_5,-0.05,0.39635402,0.416171721,0.3139529328389652,0.3155263014380305,0.0015733685990653168,0.0015733685990653168,0,0,0,-1
gmsc,lightgbm,80,DebtRatio,relative_minus_5,-0.05,2316.0,2431.8,0.13302830629350945,0.1271052189176105,-0.005923087375898944,0.005923087375898944,0,0,0,-1
gmsc,lightgbm,81,DebtRatio,relative_minus_5,-0.05,0.30566496,0.320948208,0.1610671025822026,0.17170436978377496,0.010637267201572348,0.010637267201572348,0,0,0,-1
gmsc,lightgbm,82,DebtRatio,relative_minus_5,-0.05,0.41855487,0.4394826135,0.39361810976909195,0.39959863112113825,0.005980521352046297,0.005980521352046297,0,0,0,-1
gmsc,lightgbm,83,DebtRatio,relative_minus_5,-0.05,0.20540665,0.2156769825,0.07356231072502029,0.07774117121925095,0.004178860494230663,0.004178860494230663,0,0,0,-1
gmsc,lightgbm,84,DebtRatio,relative_minus_5,-0.05,0.5669721,0.595320705,0.6471402060773409,0.6711603885714331,0.024020182494092213,0.024020182494092213,1,1,0,-1
gmsc,lightgbm,85,DebtRatio,relative_minus_5,-0.05,0.47793037,0.5018268885,0.06895634900657907,0.06895634900657907,0.0,0.0,0,0,0,-1
gmsc,lightgbm,86,DebtRatio,relative_minus_5,-0.05,0.035787743,0.03757713015,0.11410528051242601,0.11410528051242601,0.0,0.0,0,0,0,-1
gmsc,lightgbm,87,DebtRatio,relative_minus_5,-0.05,445.0,467.25,0.1006092467906027,0.1006092467906027,0.0,0.0,0,0,0,-1
gmsc,lightgbm,88,DebtRatio,relative_minus_5,-0.05,1352.0,1419.6,0.126512958826711,0.126512958826711,0.0,0.0,0,0,0,-1
gmsc,lightgbm,89,DebtRatio,relative_minus_5,-0.05,0.3882579,0.407670795,0.3522704795855978,0.3522704795855978,0.0,0.0,0,0,0,-1
gmsc,lightgbm,90,DebtRatio,relative_minus_5,-0.05,830.0,871.5,0.04106193866788959,0.04106193866788959,0.0,0.0,0,0,0,-1
gmsc,lightgbm,91,DebtRatio,relative_minus_5,-0.05,0.31826663,0.3341799615,0.15372114734573783,0.15372114734573783,0.0,0.0,0,0,0,-1
gmsc,lightgbm,92,DebtRatio,relative_minus_5,-0.05,9.0,9.45,0.06485095205727061,0.06485095205727061,0.0,0.0,0,0,0,-1
gmsc,lightgbm,93,DebtRatio,relative_minus_5,-0.05,2079.0,2182.95,0.09924642147480602,0.09924642147480602,0.0,0.0,0,0,0,-1
gmsc,lightgbm,94,DebtRatio,relative_minus_5,-0.05,0.024174053,0.02538275565,0.16680920152776404,0.16680920152776404,0.0,0.0,0,0,0,-1
gmsc,lightgbm,95,DebtRatio,relative_minus_5,-0.05,0.69365734,0.728340207,0.21924410434064803,0.22997818647017376,0.01073408212952573,0.01073408212952573,0,0,0,-1
gmsc,lightgbm,96,DebtRatio,relative_minus_5,-0.05,0.19048095,0.2000049975,0.1131618927406001,0.1131618927406001,0.0,0.0,0,0,0,-1
gmsc,lightgbm,97,DebtRatio,relative_minus_5,-0.05,847.0,889.35,0.10806143941846993,0.10806143941846993,0.0,0.0,0,0,0,-1
gmsc,lightgbm,98,DebtRatio,relative_minus_5,-0.05,0.80673593,0.8470727265,0.4053784379973068,0.4053784379973068,0.0,0.0,0,0,0,-1
gmsc,lightgbm,99,DebtRatio,relative_minus_5,-0.05,0.61044824,0.640970652,0.9052932427250325,0.9052932427250325,0.0,0.0,1,1,0,-1
gmsc,lightgbm,0,DebtRatio,relative_plus_5,0.05,0.20606616,0.216369468,0.09051292759777842,0.0955553854655706,0.0050424578677921855,0.0050424578677921855,0,0,0,-1
gmsc,lightgbm,1,DebtRatio,relative_plus_5,0.05,0.19957148,0.20955005399999999,0.07432795724364831,0.07616329737773612,0.001835340134087815,0.001835340134087815,0,0,0,-1
gmsc,lightgbm,2,DebtRatio,relative_plus_5,0.05,55.0,57.75,0.056660675741342766,0.056660675741342766,0.0,0.0,0,0,0,-1
gmsc,lightgbm,3,DebtRatio,relative_plus_5,0.05,1.2865958,1.35092559,0.286464202572455,0.29496707614605583,0.008502873573600855,0.008502873573600855,0,0,0,-1
gmsc,lightgbm,4,DebtRatio,relative_plus_5,0.05,0.520637,0.54666885,0.10238192900656183,0.10238192900656183,0.0,0.0,0,0,0,-1
gmsc,lightgbm,5,DebtRatio,relative_plus_5,0.05,0.23819813,0.2501080365,0.18604525641874214,0.17236660727888728,-0.013678649139854865,0.013678649139854865,0,0,0,-1
gmsc,lightgbm,6,DebtRatio,relative_plus_5,0.05,0.121203355,0.12726352275,0.23797486099678064,0.23797486099678064,0.0,0.0,0,0,0,-1
gmsc,lightgbm,7,DebtRatio,relative_plus_5,0.05,0.018074095,0.01897779975,0.1952165672674782,0.1952165672674782,0.0,0.0,0,0,0,-1
gmsc,lightgbm,8,DebtRatio,relative_plus_5,0.05,0.53478074,0.561519777,0.1354653526779545,0.1354653526779545,0.0,0.0,0,0,0,-1
gmsc,lightgbm,9,DebtRatio,relative_plus_5,0.05,0.40325078,0.42341331899999995,0.4085309008746626,0.4085309008746626,0.0,0.0,0,0,0,-1
gmsc,lightgbm,10,DebtRatio,relative_plus_5,0.05,1.031025,1.08257625,0.4151340630771105,0.42084237711055195,0.005708314033441464,0.005708314033441464,0,0,0,-1
gmsc,lightgbm,11,DebtRatio,relative_plus_5,0.05,0.43150038,0.45307539900000005,0.2344419755121663,0.2344419755121663,0.0,0.0,0,0,0,-1
gmsc,lightgbm,12,DebtRatio,relative_plus_5,0.05,2565.0,2693.25,0.04156783494420435,0.04156783494420435,0.0,0.0,0,0,0,-1
gmsc,lightgbm,13,DebtRatio,relative_plus_5,0.05,44.0,46.2,0.8781305200687587,0.8781305200687587,0.0,0.0,1,1,0,-1
gmsc,lightgbm,14,DebtRatio,relative_plus_5,0.05,941.0,988.05,0.30318348670534856,0.30318348670534856,0.0,0.0,0,0,0,-1
gmsc,lightgbm,15,DebtRatio,relative_plus_5,0.05,0.28925687,0.3037197135,0.27986218783007943,0.2796895128521742,-0.00017267497790524056,0.00017267497790524056,0,0,0,-1
gmsc,lightgbm,16,DebtRatio,relative_plus_5,0.05,0.040159974,0.0421679727,0.4795715640243079,0.4795715640243079,0.0,0.0,0,0,0,-1
gmsc,lightgbm,17,DebtRatio,relative_plus_5,0.05,2092.0,2196.6,0.10036173784291944,0.10036173784291944,0.0,0.0,0,0,0,-1
gmsc,lightgbm,18,DebtRatio,relative_plus_5,0.05,0.3357388,0.35252574000000003,0.4332396231850946,0.4497451444002305,0.016505521215135877,0.016505521215135877,0,0,0,-1
gmsc,lightgbm,19,DebtRatio,relative_plus_5,0.05,0.20742264,0.217793772,0.20706517488791176,0.20962846930966184,0.002563294421750073,0.002563294421750073,0,0,0,-1
gmsc,lightgbm,20,DebtRatio,relative_plus_5,0.05,0.10735282,0.11272046100000001,0.05708612745116283,0.05050735591911603,-0.0065787715320468,0.0065787715320468,0,0,0,-1
gmsc,lightgbm,21,DebtRatio,relative_plus_5,0.05,223.0,234.15,0.0755556455268635,0.0755556455268635,0.0,0.0,0,0,0,-1
gmsc,lightgbm,22,DebtRatio,relative_plus_5,0.05,0.26601106,0.279311613,0.05695935088858043,0.05695935088858043,0.0,0.0,0,0,0,-1
gmsc,lightgbm,23,DebtRatio,relative_plus_5,0.05,0.2999674,0.31496577,0.08889571164479391,0.09357183367976893,0.004676122034975014,0.004676122034975014,0,0,0,-1
gmsc,lightgbm,24,DebtRatio,relative_plus_5,0.05,0.012362637,0.01298076885,0.03569402945373115,0.03569402945373115,0.0,0.0,0,0,0,-1
gmsc,lightgbm,25,DebtRatio,relative_plus_5,0.05,0.402445,0.42256725,0.485195355176274,0.4870176900771158,0.0018223349008418266,0.0018223349008418266,0,0,0,-1
gmsc,lightgbm,26,DebtRatio,relative_plus_5,0.05,0.0,0.0208549685,0.4690330102001808,0.5438637641830185,0.07483075398283773,0.07483075398283773,0,1,1,-1
gmsc,lightgbm,27,DebtRatio,relative_plus_5,0.05,0.17137648,0.179945304,0.15310886136230434,0.15310886136230434,0.0,0.0,0,0,0,-1
gmsc,lightgbm,28,DebtRatio,relative_plus_5,0.05,0.0,0.0208549685,0.24706706865061875,0.2661499716481053,0.019082902997486523,0.019082902997486523,0,0,0,-1
gmsc,lightgbm,29,DebtRatio,relative_plus_5,0.05,0.058094192,0.0609989016,0.07280429517617616,0.07280429517617616,0.0,0.0,0,0,0,-1
gmsc,lightgbm,30,DebtRatio,relative_plus_5,0.05,0.44399184,0.466191432,0.2669688028729123,0.2669688028729123,0.0,0.0,0,0,0,-1
gmsc,lightgbm,31,DebtRatio,relative_plus_5,0.05,482.0,506.1,0.16812286485697317,0.16812286485697317,0.0,0.0,0,0,0,-1
gmsc,lightgbm,32,DebtRatio,relative_plus_5,0.05,0.4293059,0.450771195,0.1358222660255187,0.1358222660255187,0.0,0.0,0,0,0,-1
gmsc,lightgbm,33,DebtRatio,relative_plus_5,0.05,0.008748633,0.00918606465,0.0907121359558535,0.0907121359558535,0.0,0.0,0,0,0,-1
gmsc,lightgbm,34,DebtRatio,relative_plus_5,0.05,0.470006,0.49350629999999995,0.5887765630991544,0.5887765630991544,0.0,0.0,1,1,0,-1
gmsc,lightgbm,35,DebtRatio,relative_plus_5,0.05,0.8031548,0.8433125399999999,0.7686376306323768,0.7686376306323768,0.0,0.0,1,1,0,-1
gmsc,lightgbm,36,DebtRatio,relative_plus_5,0.05,0.1687678,0.17720618999999999,0.20383228110756807,0.20383228110756807,0.0,0.0,0,0,0,-1
gmsc,lightgbm,37,DebtRatio,relative_plus_5,0.05,2965.0,3113.25,0.36583164209666225,0.36583164209666225,0.0,0.0,0,0,0,-1
gmsc,lightgbm,38,DebtRatio,relative_plus_5,0.05,0.521364,0.5474322,0.25782269826496373,0.2606897117153332,0.0028670134503694933,0.0028670134503694933,0,0,0,-1
gmsc,lightgbm,39,DebtRatio,relative_plus_5,0.05,1.2837993,1.347989265,0.35851671570275906,0.3680550950476916,0.009538379344932568,0.009538379344932568,0,0,0,-1
gmsc,lightgbm,40,DebtRatio,relative_plus_5,0.05,0.32549995,0.3417749475,0.15809809532716768,0.12429264395317159,-0.033805451373996084,0.033805451373996084,0,0,0,-1
gmsc,lightgbm,41,DebtRatio,relative_plus_5,0.05,1.5599782,1.63797711,0.17767130123412736,0.17767130123412736,0.0,0.0,0,0,0,-1
gmsc,lightgbm,42,DebtRatio,relative_plus_5,0.05,0.19,0.1995,0.13142576347451704,0.13142576347451704,0.0,0.0,0,0,0,-1
gmsc,lightgbm,43,DebtRatio,relative_plus_5,0.05,171.0,179.55,0.5220123045323535,0.5220123045323535,0.0,0.0,1,1,0,-1
gmsc,lightgbm,44,DebtRatio,relative_plus_5,0.05,0.20451674,0.214742577,0.10248475676544401,0.1052466139312273,0.0027618571657832963,0.0027618571657832963,0,0,0,-1
gmsc,lightgbm,45,DebtRatio,relative_plus_5,0.05,0.41645184,0.43727443200000005,0.134509615497707,0.14238536427453793,0.007875748776830921,0.007875748776830921,0,0,0,-1
gmsc,lightgbm,46,DebtRatio,relative_plus_5,0.05,486.0,510.3,0.24542503658751236,0.24542503658751236,0.0,0.0,0,0,0,-1
gmsc,lightgbm,47,DebtRatio,relative_plus_5,0.05,0.24237882,0.254497761,0.06429004529354826,0.06704351570568005,0.002753470412131795,0.002753470412131795,0,0,0,-1
gmsc,lightgbm,48,DebtRatio,relative_plus_5,0.05,1071.0,1124.55,0.08494795229441349,0.08466857259639674,-0.0002793796980167518,0.0002793796980167518,0,0,0,-1
gmsc,lightgbm,49,DebtRatio,relative_plus_5,0.05,0.005664778,0.005948016899999999,0.032964158323007746,0.032964158323007746,0.0,0.0,0,0,0,-1
gmsc,lightgbm,50,DebtRatio,relative_plus_5,0.05,0.16283266,0.170974293,0.15598569074603788,0.15598569074603788,0.0,0.0,0,0,0,-1
gmsc,lightgbm,51,DebtRatio,relative_plus_5,0.05,2000.0,2100.0,0.2427114365476945,0.2427114365476945,0.0,0.0,0,0,0,-1
gmsc,lightgbm,52,DebtRatio,relative_plus_5,0.05,1240.0,1302.0,0.04278071258564872,0.04278071258564872,0.0,0.0,0,0,0,-1
gmsc,lightgbm,53,DebtRatio,relative_plus_5,0.05,0.021596858,0.0226767009,0.8459631804707949,0.8459631804707949,0.0,0.0,1,1,0,-1
gmsc,lightgbm,54,DebtRatio,relative_plus_5,0.05,1.5316092,1.6081896599999999,0.9585025696211499,0.9585025696211499,0.0,0.0,1,1,0,-1
gmsc,lightgbm,55,DebtRatio,relative_plus_5,0.05,1844.0,1936.2,0.05240087287788092,0.052588670101363505,0.0001877972234825831,0.0001877972234825831,0,0,0,-1
gmsc,lightgbm,56,DebtRatio,relative_plus_5,0.05,0.33847472,0.35539845600000003,0.16633030838518062,0.16633030838518062,0.0,0.0,0,0,0,-1
gmsc,lightgbm,57,DebtRatio,relative_plus_5,0.05,0.38452163,0.4037477115,0.5855679032449771,0.5893069568818067,0.0037390536368295813,0.0037390536368295813,1,1,0,-1
gmsc,lightgbm,58,DebtRatio,relative_plus_5,0.05,0.13751946,0.14439543300000002,0.7120052536243187,0.7120052536243187,0.0,0.0,1,1,0,-1
gmsc,lightgbm,59,DebtRatio,relative_plus_5,0.05,0.74480665,0.7820469825,0.6081127081916137,0.6081127081916137,0.0,0.0,1,1,0,-1
gmsc,lightgbm,60,DebtRatio,relative_plus_5,0.05,0.078658074,0.0825909777,0.19907747746451288,0.2098763959787956,0.010798918514282718,0.010798918514282718,0,0,0,-1
gmsc,lightgbm,61,DebtRatio,relative_plus_5,0.05,0.6623037,0.695418885,0.3321226038071093,0.3546368864631032,0.022514282655993922,0.022514282655993922,0,0,0,-1
gmsc,lightgbm,62,DebtRatio,relative_plus_5,0.05,0.5309469,0.557494245,0.49700932793678176,0.49700932793678176,0.0,0.0,0,0,0,-1
gmsc,lightgbm,63,DebtRatio,relative_plus_5,0.05,0.24462043,0.2568514515,0.07983838287755414,0.08141472508844201,0.001576342210887871,0.001576342210887871,0,0,0,-1
gmsc,lightgbm,64,DebtRatio,relative_plus_5,0.05,0.4177469,0.438634245,0.27572869286326523,0.2867702857641145,0.011041592900849273,0.011041592900849273,0,0,0,-1
gmsc,lightgbm,65,DebtRatio,relative_plus_5,0.05,0.20786196,0.218255058,0.3901193599625518,0.39616058997367704,0.00604123001112522,0.00604123001112522,0,0,0,-1
gmsc,lightgbm,66,DebtRatio,relative_plus_5,0.05,0.3109459,0.326493195,0.14251343003654435,0.1501652161555589,0.007651786119014542,0.007651786119014542,0,0,0,-1
gmsc,lightgbm,67,DebtRatio,relative_plus_5,0.05,0.3151282,0.33088461,0.42152422623564395,0.4365302514231212,0.015006025187477234,0.015006025187477234,0,0,0,-1
gmsc,lightgbm,68,DebtRatio,relative_plus_5,0.05,0.34570906,0.362994513,0.1212328971978392,0.10751680501642172,-0.013716092181417477,0.013716092181417477,0,0,0,-1
gmsc,lightgbm,69,DebtRatio,relative_plus_5,0.05,0.96340734,1.011577707,0.5620282234727743,0.5758388622440319,0.013810638771257655,0.013810638771257655,1,1,0,-1
gmsc,lightgbm,70,DebtRatio,relative_plus_5,0.05,0.069360115,0.07282812075,0.4264114501848385,0.4264114501848385,0.0,0.0,0,0,0,-1
gmsc,lightgbm,71,DebtRatio,relative_plus_5,0.05,69.0,72.45,0.11528535367529104,0.11528535367529104,0.0,0.0,0,0,0,-1
gmsc,lightgbm,72,DebtRatio,relative_plus_5,0.05,0.72570974,0.761995227,0.18694209170398213,0.18694209170398213,0.0,0.0,0,0,0,-1
gmsc,lightgbm,73,DebtRatio,relative_plus_5,0.05,0.3235353,0.339712065,0.4189962251498132,0.4189962251498132,0.0,0.0,0,0,0,-1
gmsc,lightgbm,74,DebtRatio,relative_plus_5,0.05,0.024987506,0.0262368813,0.210992213581658,0.210992213581658,0.0,0.0,0,0,0,-1
gmsc,lightgbm,75,DebtRatio,relative_plus_5,0.05,57.0,59.85,0.5342256118004257,0.5342256118004257,0.0,0.0,1,1,0,-1
gmsc,lightgbm,76,DebtRatio,relative_plus_5,0.05,0.066019416,0.0693203868,0.14869088239886066,0.14869088239886066,0.0,0.0,0,0,0,-1
gmsc,lightgbm,77,DebtRatio,relative_plus_5,0.05,26.0,27.3,0.06703174942227336,0.06703174942227336,0.0,0.0,0,0,0,-1
gmsc,lightgbm,78,DebtRatio,relative_plus_5,0.05,1569.0,1647.45,0.06266917697987844,0.06266917697987844,0.0,0.0,0,0,0,-1
gmsc,lightgbm,79,DebtRatio,relative_plus_5,0.05,0.39635402,0.416171721,0.3139529328389652,0.3155263014380305,0.0015733685990653168,0.0015733685990653168,0,0,0,-1
gmsc,lightgbm,80,DebtRatio,relative_plus_5,0.05,2316.0,2431.8,0.13302830629350945,0.1271052189176105,-0.005923087375898944,0.005923087375898944,0,0,0,-1
gmsc,lightgbm,81,DebtRatio,relative_plus_5,0.05,0.30566496,0.320948208,0.1610671025822026,0.17170436978377496,0.010637267201572348,0.010637267201572348,0,0,0,-1
gmsc,lightgbm,82,DebtRatio,relative_plus_5,0.05,0.41855487,0.4394826135,0.39361810976909195,0.39959863112113825,0.005980521352046297,0.005980521352046297,0,0,0,-1
gmsc,lightgbm,83,DebtRatio,relative_plus_5,0.05,0.20540665,0.2156769825,0.07356231072502029,0.07774117121925095,0.004178860494230663,0.004178860494230663,0,0,0,-1
gmsc,lightgbm,84,DebtRatio,relative_plus_5,0.05,0.5669721,0.595320705,0.6471402060773409,0.6711603885714331,0.024020182494092213,0.024020182494092213,1,1,0,-1
gmsc,lightgbm,85,DebtRatio,relative_plus_5,0.05,0.47793037,0.5018268885,0.06895634900657907,0.06895634900657907,0.0,0.0,0,0,0,-1
gmsc,lightgbm,86,DebtRatio,relative_plus_5,0.05,0.035787743,0.03757713015,0.11410528051242601,0.11410528051242601,0.0,0.0,0,0,0,-1
gmsc,lightgbm,87,DebtRatio,relative_plus_5,0.05,445.0,467.25,0.1006092467906027,0.1006092467906027,0.0,0.0,0,0,0,-1
gmsc,lightgbm,88,DebtRatio,relative_plus_5,0.05,1352.0,1419.6,0.126512958826711,0.126512958826711,0.0,0.0,0,0,0,-1
gmsc,lightgbm,89,DebtRatio,relative_plus_5,0.05,0.3882579,0.407670795,0.3522704795855978,0.3522704795855978,0.0,0.0,0,0,0,-1
gmsc,lightgbm,90,DebtRatio,relative_plus_5,0.05,830.0,871.5,0.04106193866788959,0.04106193866788959,0.0,0.0,0,0,0,-1
gmsc,lightgbm,91,DebtRatio,relative_plus_5,0.05,0.31826663,0.3341799615,0.15372114734573783,0.15372114734573783,0.0,0.0,0,0,0,-1
gmsc,lightgbm,92,DebtRatio,relative_plus_5,0.05,9.0,9.45,0.06485095205727061,0.06485095205727061,0.0,0.0,0,0,0,-1
gmsc,lightgbm,93,DebtRatio,relative_plus_5,0.05,2079.0,2182.95,0.09924642147480602,0.09924642147480602,0.0,0.0,0,0,0,-1
gmsc,lightgbm,94,DebtRatio,relative_plus_5,0.05,0.024174053,0.02538275565,0.16680920152776404,0.16680920152776404,0.0,0.0,0,0,0,-1
gmsc,lightgbm,95,DebtRatio,relative_plus_5,0.05,0.69365734,0.728340207,0.21924410434064803,0.22997818647017376,0.01073408212952573,0.01073408212952573,0,0,0,-1
gmsc,lightgbm,96,DebtRatio,relative_plus_5,0.05,0.19048095,0.2000049975,0.1131618927406001,0.1131618927406001,0.0,0.0,0,0,0,-1
gmsc,lightgbm,97,DebtRatio,relative_plus_5,0.05,847.0,889.35,0.10806143941846993,0.10806143941846993,0.0,0.0,0,0,0,-1
gmsc,lightgbm,98,DebtRatio,relative_plus_5,0.05,0.80673593,0.8470727265,0.4053784379973068,0.4053784379973068,0.0,0.0,0,0,0,-1
gmsc,lightgbm,99,DebtRatio,relative_plus_5,0.05,0.61044824,0.640970652,0.9052932427250325,0.9052932427250325,0.0,0.0,1,1,0,-1
gmsc,lightgbm,0,DebtRatio,relative_minus_10,-0.1,0.20606616,0.226672776,0.09051292759777842,0.0955553854655706,0.0050424578677921855,0.0050424578677921855,0,0,0,-1
gmsc,lightgbm,1,DebtRatio,relative_minus_10,-0.1,0.19957148,0.219528628,0.07432795724364831,0.07796424016706474,0.0036362829234164312,0.0036362829234164312,0,0,0,-1
gmsc,lightgbm,2,DebtRatio,relative_minus_10,-0.1,55.0,60.5,0.056660675741342766,0.056660675741342766,0.0,0.0,0,0,0,-1
gmsc,lightgbm,3,DebtRatio,relative_minus_10,-0.1,1.2865958,1.41525538,0.286464202572455,0.29496707614605583,0.008502873573600855,0.008502873573600855,0,0,0,-1
gmsc,lightgbm,4,DebtRatio,relative_minus_10,-0.1,0.520637,0.5727007000000001,0.10238192900656183,0.10817424680010387,0.005792317793542043,0.005792317793542043,0,0,0,-1
gmsc,lightgbm,5,DebtRatio,relative_minus_10,-0.1,0.23819813,0.26201794300000003,0.18604525641874214,0.19067205995731495,0.00462680353857281,0.00462680353857281,0,0,0,-1
gmsc,lightgbm,6,DebtRatio,relative_minus_10,-0.1,0.121203355,0.1333236905,0.23797486099678064,0.24359624280424313,0.005621381807462494,0.005621381807462494,0,0,0,-1
gmsc,lightgbm,7,DebtRatio,relative_minus_10,-0.1,0.018074095,0.019881504499999997,0.1952165672674782,0.1952165672674782,0.0,0.0,0,0,0,-1
gmsc,lightgbm,8,DebtRatio,relative_minus_10,-0.1,0.53478074,0.588258814,0.1354653526779545,0.15844036041062892,0.022975007732674413,0.022975007732674413,0,0,0,-1
gmsc,lightgbm,9,DebtRatio,relative_minus_10,-0.1,0.40325078,0.443575858,0.4085309008746626,0.40896758277504547,0.0004366819003828737,0.0004366819003828737,0,0,0,-1
gmsc,lightgbm,10,DebtRatio,relative_minus_10,-0.1,1.031025,1.1341275000000002,0.4151340630771105,0.42084237711055195,0.005708314033441464,0.005708314033441464,0,0,0,-1
gmsc,lightgbm,11,DebtRatio,relative_minus_10,-0.1,0.43150038,0.474650418,0.2344419755121663,0.23741324295739255,0.0029712674452262444,0.0029712674452262444,0,0,0,-1
gmsc,lightgbm,12,DebtRatio,relative_minus_10,-0.1,2565.0,2821.5,0.04156783494420435,0.04185136893542373,0.0002835339912193799,0.0002835339912193799,0,0,0,-1
gmsc,lightgbm,13,DebtRatio,relative_minus_10,-0.1,44.0,48.4,0.8781305200687587,0.8781305200687587,0.0,0.0,1,1,0,-1
gmsc,lightgbm,14,DebtRatio,relative_minus_10,-0.1,941.0,1035.1,0.30318348670534856,0.27170390289587665,-0.03147958380947191,0.03147958380947191,0,0,0,-1
gmsc,lightgbm,15,DebtRatio,relative_minus_10,-0.1,0.28925687,0.318182557,0.27986218783007943,0.29378221867812515,0.013920030848045717,0.013920030848045717,0,0,0,-1
gmsc,lightgbm,16,DebtRatio,relative_minus_10,-0.1,0.040159974,0.0441759714,0.4795715640243079,0.4795715640243079,0.0,0.0,0,0,0,-1
gmsc,lightgbm,17,DebtRatio,relative_minus_10,-0.1,2092.0,2301.2,0.10036173784291944,0.10036173784291944,0.0,0.0,0,0,0,-1
gmsc,lightgbm,18,DebtRatio,relative_minus_10,-0.1,0.3357388,0.36931268,0.4332396231850946,0.4497451444002305,0.016505521215135877,0.016505521215135877,0,0,0,-1
gmsc,lightgbm,19,DebtRatio,relative_minus_10,-0.1,0.20742264,0.228164904,0.20706517488791176,0.20962846930966184,0.002563294421750073,0.002563294421750073,0,0,0,-1
gmsc,lightgbm,20,DebtRatio,relative_minus_10,-0.1,0.10735282,0.118088102,0.05708612745116283,0.05050735591911603,-0.0065787715320468,0.0065787715320468,0,0,0,-1
gmsc,lightgbm,21,DebtRatio,relative_minus_10,-0.1,223.0,245.3,0.0755556455268635,0.0755556455268635,0.0,0.0,0,0,0,-1
gmsc,lightgbm,22,DebtRatio,relative_minus_10,-0.1,0.26601106,0.292612166,0.05695935088858043,0.05695935088858043,0.0,0.0,0,0,0,-1
gmsc,lightgbm,23,DebtRatio,relative_minus_10,-0.1,0.2999674,0.32996414,0.08889571164479391,0.09959231609078541,0.010696604445991492,0.010696604445991492,0,0,0,-1
gmsc,lightgbm,24,DebtRatio,relative_minus_10,-0.1,0.012362637,0.0135989007,0.03569402945373115,0.03569402945373115,0.0,0.0,0,0,0,-1
gmsc,lightgbm,25,DebtRatio,relative_minus_10,-0.1,0.402445,0.4426895,0.485195355176274,0.4841159771423986,-0.0010793780338753667,0.0010793780338753667,0,0,0,-1
gmsc,lightgbm,26,DebtRatio,relative_minus_10,-0.1,0.0,0.041709937,0.4690330102001808,0.5388275324297382,0.06979452222955745,0.06979452222955745,0,1,1,-1
gmsc,lightgbm,27,DebtRatio,relative_minus_10,-0.1,0.17137648,0.188514128,0.15310886136230434,0.15310886136230434,0.0,0.0,0,0,0,-1
gmsc,lightgbm,28,DebtRatio,relative_minus_10,-0.1,0.0,0.041709937,0.24706706865061875,0.26220709573596324,0.015140027085344482,0.015140027085344482,0,0,0,-1
gmsc,lightgbm,29,DebtRatio,relative_minus_10,-0.1,0.058094192,0.0639036112,0.07280429517617616,0.07280429517617616,0.0,0.0,0,0,0,-1
gmsc,lightgbm,30,DebtRatio,relative_minus_10,-0.1,0.44399184,0.488391024,0.2669688028729123,0.27020680727886837,0.003238004405956063,0.003238004405956063,0,0,0,-1
gmsc,lightgbm,31,DebtRatio,relative_minus_10,-0.1,482.0,530.2,0.16812286485697317,0.16812286485697317,0.0,0.0,0,0,0,-1
gmsc,lightgbm,32,DebtRatio,relative_minus_10,-0.1,0.4293059,0.47223649,0.1358222660255187,0.1358222660255187,0.0,0.0,0,0,0,-1
gmsc,lightgbm,33,DebtRatio,relative_minus_10,-0.1,0.008748633,0.009623496300000001,0.0907121359558535,0.0907121359558535,0.0,0.0,0,0,0,-1
gmsc,lightgbm,34,DebtRatio,relative_minus_10,-0.1,0.470006,0.5170066,0.5887765630991544,0.6045320911778358,0.015755528078681413,0.015755528078681413,1,1,0,-1
gmsc,lightgbm,35,DebtRatio,relative_minus_10,-0.1,0.8031548,0.8834702799999999,0.7686376306323768,0.7686376306323768,0.0,0.0,1,1,0,-1
gmsc,lightgbm,36,DebtRatio,relative_minus_10,-0.1,0.1687678,0.18564458,0.20383228110756807,0.20383228110756807,0.0,0.0,0,0,0,-1
gmsc,lightgbm,37,DebtRatio,relative_minus_10,-0.1,2965.0,3261.5,0.36583164209666225,0.36583164209666225,0.0,0.0,0,0,0,-1
gmsc,lightgbm,38,DebtRatio,relative_minus_10,-0.1,0.521364,0.5735004,0.25782269826496373,0.2831135293961671,0.02529083113120334,0.02529083113120334,0,0,0,-1
gmsc,lightgbm,39,DebtRatio,relative_minus_10,-0.1,1.2837993,1.41217923,0.35851671570275906,0.3680550950476916,0.009538379344932568,0.009538379344932568,0,0,0,-1
gmsc,lightgbm,40,DebtRatio,relative_minus_10,-0.1,0.32549995,0.358049945,0.15809809532716768,0.12429264395317159,-0.033805451373996084,0.033805451373996084,0,0,0,-1
gmsc,lightgbm,41,DebtRatio,relative_minus_10,-0.1,1.5599782,1.71597602,0.17767130123412736,0.17767130123412736,0.0,0.0,0,0,0,-1
gmsc,lightgbm,42,DebtRatio,relative_minus_10,-0.1,0.19,0.20900000000000002,0.13142576347451704,0.1351789550111854,0.0037531915366683655,0.0037531915366683655,0,0,0,-1
gmsc,lightgbm,43,DebtRatio,relative_minus_10,-0.1,171.0,188.1,0.5220123045323535,0.5220123045323535,0.0,0.0,1,1,0,-1
gmsc,lightgbm,44,DebtRatio,relative_minus_10,-0.1,0.20451674,0.224968414,0.10248475676544401,0.10737741780793844,0.004892661042494431,0.004892661042494431,0,0,0,-1
gmsc,lightgbm,45,DebtRatio,relative_minus_10,-0.1,0.41645184,0.458097024,0.134509615497707,0.14553558735037536,0.011025971852668348,0.011025971852668348,0,0,0,-1
gmsc,lightgbm,46,DebtRatio,relative_minus_10,-0.1,486.0,534.6,0.24542503658751236,0.24542503658751236,0.0,0.0,0,0,0,-1
gmsc,lightgbm,47,DebtRatio,relative_minus_10,-0.1,0.24237882,0.266616702,0.06429004529354826,0.08802158204345628,0.023731536749908022,0.023731536749908022,0,0,0,-1
gmsc,lightgbm,48,DebtRatio,relative_minus_10,-0.1,1071.0,1178.1,0.08494795229441349,0.07263772021082707,-0.01231023208358642,0.01231023208358642,0,0,0,-1
gmsc,lightgbm,49,DebtRatio,relative_minus_10,-0.1,0.005664778,0.0062312558,0.032964158323007746,0.032964158323007746,0.0,0.0,0,0,0,-1
gmsc,lightgbm,50,DebtRatio,relative_minus_10,-0.1,0.16283266,0.17911592599999998,0.15598569074603788,0.15598569074603788,0.0,0.0,0,0,0,-1
gmsc,lightgbm,51,DebtRatio,relative_minus_10,-0.1,2000.0,2200.0,0.2427114365476945,0.2427114365476945,0.0,0.0,0,0,0,-1
gmsc,lightgbm,52,DebtRatio,relative_minus_10,-0.1,1240.0,1364.0,0.04278071258564872,0.04278071258564872,0.0,0.0,0,0,0,-1
gmsc,lightgbm,53,DebtRatio,relative_minus_10,-0.1,0.021596858,0.023756543800000002,0.8459631804707949,0.8487425202492875,0.002779339778492651,0.002779339778492651,1,1,0,-1
gmsc,lightgbm,54,DebtRatio,relative_minus_10,-0.1,1.5316092,1.6847701199999998,0.9585025696211499,0.9585025696211499,0.0,0.0,1,1,0,-1
gmsc,lightgbm,55,DebtRatio,relative_minus_10,-0.1,1844.0,2028.4,0.05240087287788092,0.05174374928370978,-0.0006571235941711384,0.0006571235941711384,0,0,0,-1
gmsc,lightgbm,56,DebtRatio,relative_minus_10,-0.1,0.33847472,0.372322192,0.16633030838518062,0.16633030838518062,0.0,0.0,0,0,0,-1
gmsc,lightgbm,57,DebtRatio,relative_minus_10,-0.1,0.38452163,0.422973793,0.5855679032449771,0.5910713618156215,0.005503458570644382,0.005503458570644382,1,1,0,-1
gmsc,lightgbm,58,DebtRatio,relative_minus_10,-0.1,0.13751946,0.151271406,0.7120052536243187,0.7120052536243187,0.0,0.0,1,1,0,-1
gmsc,lightgbm,59,DebtRatio,relative_minus_10,-0.1,0.74480665,0.819287315,0.6081127081916137,0.6081127081916137,0.0,0.0,1,1,0,-1
gmsc,lightgbm,60,DebtRatio,relative_minus_10,-0.1,0.078658074,0.08652388139999999,0.19907747746451288,0.2098763959787956,0.010798918514282718,0.010798918514282718,0,0,0,-1
gmsc,lightgbm,61,DebtRatio,relative_minus_10,-0.1,0.6623037,0.72853407,0.3321226038071093,0.3710375309631758,0.03891492715606654,0.03891492715606654,0,0,0,-1
gmsc,lightgbm,62,DebtRatio,relative_minus_10,-0.1,0.5309469,0.58404159,0.49700932793678176,0.5505521402245628,0.053542812287781016,0.053542812287781016,0,1,1,-1
gmsc,lightgbm,63,DebtRatio,relative_minus_10,-0.1,0.24462043,0.269082473,0.07983838287755414,0.11635017518311193,0.03651179230555779,0.03651179230555779,0,0,0,-1
gmsc,lightgbm,64,DebtRatio,relative_minus_10,-0.1,0.4177469,0.45952159,0.27572869286326523,0.2920272217248817,0.01629852886161648,0.01629852886161648,0,0,0,-1
gmsc,lightgbm,65,DebtRatio,relative_minus_10,-0.1,0.20786196,0.22864815600000002,0.3901193599625518,0.39616058997367704,0.00604123001112522,0.00604123001112522,0,0,0,-1
gmsc,lightgbm,66,DebtRatio,relative_minus_10,-0.1,0.3109459,0.34204049,0.14251343003654435,0.1501652161555589,0.007651786119014542,0.007651786119014542,0,0,0,-1
gmsc,lightgbm,67,DebtRatio,relative_minus_10,-0.1,0.3151282,0.34664102,0.42152422623564395,0.4365302514231212,0.015006025187477234,0.015006025187477234,0,0,0,-1
gmsc,lightgbm,68,DebtRatio,relative_minus_10,-0.1,0.34570906,0.380279966,0.1212328971978392,0.10885847882564616,-0.012374418372193038,0.012374418372193038,0,0,0,-1
gmsc,lightgbm,69,DebtRatio,relative_minus_10,-0.1,0.96340734,1.059748074,0.5620282234727743,0.5758388622440319,0.013810638771257655,0.013810638771257655,1,1,0,-1
gmsc,lightgbm,70,DebtRatio,relative_minus_10,-0.1,0.069360115,0.0762961265,0.4264114501848385,0.4205834639445264,-0.005827986240312111,0.005827986240312111,0,0,0,-1
gmsc,lightgbm,71,DebtRatio,relative_minus_10,-0.1,69.0,75.9,0.11528535367529104,0.11528535367529104,0.0,0.0,0,0,0,-1
gmsc,lightgbm,72,DebtRatio,relative_minus_10,-0.1,0.72570974,0.798280714,0.18694209170398213,0.18694209170398213,0.0,0.0,0,0,0,-1
gmsc,lightgbm,73,DebtRatio,relative_minus_10,-0.1,0.3235353,0.35588883000000004,0.4189962251498132,0.4189962251498132,0.0,0.0,0,0,0,-1
gmsc,lightgbm,74,DebtRatio,relative_minus_10,-0.1,0.024987506,0.0274862566,0.210992213581658,0.210992213581658,0.0,0.0,0,0,0,-1
gmsc,lightgbm,75,DebtRatio,relative_minus_10,-0.1,57.0,62.7,0.5342256118004257,0.5342256118004257,0.0,0.0,1,1,0,-1
gmsc,lightgbm,76,DebtRatio,relative_minus_10,-0.1,0.066019416,0.07262135759999999,0.14869088239886066,0.14869088239886066,0.0,0.0,0,0,0,-1
gmsc,lightgbm,77,DebtRatio,relative_minus_10,-0.1,26.0,28.6,0.06703174942227336,0.06703174942227336,0.0,0.0,0,0,0,-1
gmsc,lightgbm,78,DebtRatio,relative_minus_10,-0.1,1569.0,1725.9,0.06266917697987844,0.05861085382266027,-0.004058323157218165,0.004058323157218165,0,0,0,-1
gmsc,lightgbm,79,DebtRatio,relative_minus_10,-0.1,0.39635402,0.43598942199999996,0.3139529328389652,0.3209483162198242,0.006995383380859033,0.006995383380859033,0,0,0,-1
gmsc,lightgbm,80,DebtRatio,relative_minus_10,-0.1,2316.0,2547.6,0.13302830629350945,0.1271052189176105,-0.005923087375898944,0.005923087375898944,0,0,0,-1
gmsc,lightgbm,81,DebtRatio,relative_minus_10,-0.1,0.30566496,0.336231456,0.1610671025822026,0.17170436978377496,0.010637267201572348,0.010637267201572348,0,0,0,-1
gmsc,lightgbm,82,DebtRatio,relative_minus_10,-0.1,0.41855487,0.46041035700000005,0.39361810976909195,0.39959863112113825,0.005980521352046297,0.005980521352046297,0,0,0,-1
gmsc,lightgbm,83,DebtRatio,relative_minus_10,-0.1,0.20540665,0.22594731499999998,0.07356231072502029,0.07774117121925095,0.004178860494230663,0.004178860494230663,0,0,0,-1
gmsc,lightgbm,84,DebtRatio,relative_minus_10,-0.1,0.5669721,0.6236693099999999,0.6471402060773409,0.6711603885714331,0.024020182494092213,0.024020182494092213,1,1,0,-1
gmsc,lightgbm,85,DebtRatio,relative_minus_10,-0.1,0.47793037,0.525723407,0.06895634900657907,0.06921885028151914,0.00026250127494006903,0.00026250127494006903,0,0,0,-1
gmsc,lightgbm,86,DebtRatio,relative_minus_10,-0.1,0.035787743,0.039366517299999994,0.11410528051242601,0.11207088095497177,-0.0020343995574542417,0.0020343995574542417,0,0,0,-1
gmsc,lightgbm,87,DebtRatio,relative_minus_10,-0.1,445.0,489.5,0.1006092467906027,0.1006092467906027,0.0,0.0,0,0,0,-1
gmsc,lightgbm,88,DebtRatio,relative_minus_10,-0.1,1352.0,1487.2,0.126512958826711,0.126512958826711,0.0,0.0,0,0,0,-1
gmsc,lightgbm,89,DebtRatio,relative_minus_10,-0.1,0.3882579,0.42708369,0.3522704795855978,0.3596720328241807,0.007401553238582881,0.007401553238582881,0,0,0,-1
gmsc,lightgbm,90,DebtRatio,relative_minus_10,-0.1,830.0,913.0,0.04106193866788959,0.04106193866788959,0.0,0.0,0,0,0,-1
gmsc,lightgbm,91,DebtRatio,relative_minus_10,-0.1,0.31826663,0.35009329299999997,0.15372114734573783,0.1573342918876873,0.00361314454194947,0.00361314454194947,0,0,0,-1
gmsc,lightgbm,92,DebtRatio,relative_minus_10,-0.1,9.0,9.9,0.06485095205727061,0.06485095205727061,0.0,0.0,0,0,0,-1
gmsc,lightgbm,93,DebtRatio,relative_minus_10,-0.1,2079.0,2286.9,0.09924642147480602,0.09924642147480602,0.0,0.0,0,0,0,-1
gmsc,lightgbm,94,DebtRatio,relative_minus_10,-0.1,0.024174053,0.026591458300000002,0.16680920152776404,0.16680920152776404,0.0,0.0,0,0,0,-1
gmsc,lightgbm,95,DebtRatio,relative_minus_10,-0.1,0.69365734,0.763023074,0.21924410434064803,0.22997818647017376,0.01073408212952573,0.01073408212952573,0,0,0,-1
gmsc,lightgbm,96,DebtRatio,relative_minus_10,-0.1,0.19048095,0.20952904500000002,0.1131618927406001,0.11583614340666826,0.002674250666068162,0.002674250666068162,0,0,0,-1
gmsc,lightgbm,97,DebtRatio,relative_minus_10,-0.1,847.0,931.7,0.10806143941846993,0.10806143941846993,0.0,0.0,0,0,0,-1
gmsc,lightgbm,98,DebtRatio,relative_minus_10,-0.1,0.80673593,0.887409523,0.4053784379973068,0.4053784379973068,0.0,0.0,0,0,0,-1
gmsc,lightgbm,99,DebtRatio,relative_minus_10,-0.1,0.61044824,0.671493064,0.9052932427250325,0.9065439321424787,0.0012506894174462158,0.0012506894174462158,1,1,0,-1
gmsc,lightgbm,0,DebtRatio,relative_plus_10,0.1,0.20606616,0.226672776,0.09051292759777842,0.0955553854655706,0.0050424578677921855,0.0050424578677921855,0,0,0,-1
gmsc,lightgbm,1,DebtRatio,relative_plus_10,0.1,0.19957148,0.219528628,0.07432795724364831,0.07796424016706474,0.0036362829234164312,0.0036362829234164312,0,0,0,-1
gmsc,lightgbm,2,DebtRatio,relative_plus_10,0.1,55.0,60.5,0.056660675741342766,0.056660675741342766,0.0,0.0,0,0,0,-1
gmsc,lightgbm,3,DebtRatio,relative_plus_10,0.1,1.2865958,1.41525538,0.286464202572455,0.29496707614605583,0.008502873573600855,0.008502873573600855,0,0,0,-1
gmsc,lightgbm,4,DebtRatio,relative_plus_10,0.1,0.520637,0.5727007000000001,0.10238192900656183,0.10817424680010387,0.005792317793542043,0.005792317793542043,0,0,0,-1
gmsc,lightgbm,5,DebtRatio,relative_plus_10,0.1,0.23819813,0.26201794300000003,0.18604525641874214,0.19067205995731495,0.00462680353857281,0.00462680353857281,0,0,0,-1
gmsc,lightgbm,6,DebtRatio,relative_plus_10,0.1,0.121203355,0.1333236905,0.23797486099678064,0.24359624280424313,0.005621381807462494,0.005621381807462494,0,0,0,-1
gmsc,lightgbm,7,DebtRatio,relative_plus_10,0.1,0.018074095,0.019881504499999997,0.1952165672674782,0.1952165672674782,0.0,0.0,0,0,0,-1
gmsc,lightgbm,8,DebtRatio,relative_plus_10,0.1,0.53478074,0.588258814,0.1354653526779545,0.15844036041062892,0.022975007732674413,0.022975007732674413,0,0,0,-1
gmsc,lightgbm,9,DebtRatio,relative_plus_10,0.1,0.40325078,0.443575858,0.4085309008746626,0.40896758277504547,0.0004366819003828737,0.0004366819003828737,0,0,0,-1
gmsc,lightgbm,10,DebtRatio,relative_plus_10,0.1,1.031025,1.1341275000000002,0.4151340630771105,0.42084237711055195,0.005708314033441464,0.005708314033441464,0,0,0,-1
gmsc,lightgbm,11,DebtRatio,relative_plus_10,0.1,0.43150038,0.474650418,0.2344419755121663,0.23741324295739255,0.0029712674452262444,0.0029712674452262444,0,0,0,-1
gmsc,lightgbm,12,DebtRatio,relative_plus_10,0.1,2565.0,2821.5,0.04156783494420435,0.04185136893542373,0.0002835339912193799,0.0002835339912193799,0,0,0,-1
gmsc,lightgbm,13,DebtRatio,relative_plus_10,0.1,44.0,48.4,0.8781305200687587,0.8781305200687587,0.0,0.0,1,1,0,-1
gmsc,lightgbm,14,DebtRatio,relative_plus_10,0.1,941.0,1035.1,0.30318348670534856,0.27170390289587665,-0.03147958380947191,0.03147958380947191,0,0,0,-1
gmsc,lightgbm,15,DebtRatio,relative_plus_10,0.1,0.28925687,0.318182557,0.27986218783007943,0.29378221867812515,0.013920030848045717,0.013920030848045717,0,0,0,-1
gmsc,lightgbm,16,DebtRatio,relative_plus_10,0.1,0.040159974,0.0441759714,0.4795715640243079,0.4795715640243079,0.0,0.0,0,0,0,-1
gmsc,lightgbm,17,DebtRatio,relative_plus_10,0.1,2092.0,2301.2,0.10036173784291944,0.10036173784291944,0.0,0.0,0,0,0,-1
gmsc,lightgbm,18,DebtRatio,relative_plus_10,0.1,0.3357388,0.36931268,0.4332396231850946,0.4497451444002305,0.016505521215135877,0.016505521215135877,0,0,0,-1
gmsc,lightgbm,19,DebtRatio,relative_plus_10,0.1,0.20742264,0.228164904,0.20706517488791176,0.20962846930966184,0.002563294421750073,0.002563294421750073,0,0,0,-1
gmsc,lightgbm,20,DebtRatio,relative_plus_10,0.1,0.10735282,0.118088102,0.05708612745116283,0.05050735591911603,-0.0065787715320468,0.0065787715320468,0,0,0,-1
gmsc,lightgbm,21,DebtRatio,relative_plus_10,0.1,223.0,245.3,0.0755556455268635,0.0755556455268635,0.0,0.0,0,0,0,-1
gmsc,lightgbm,22,DebtRatio,relative_plus_10,0.1,0.26601106,0.292612166,0.05695935088858043,0.05695935088858043,0.0,0.0,0,0,0,-1
gmsc,lightgbm,23,DebtRatio,relative_plus_10,0.1,0.2999674,0.32996414,0.08889571164479391,0.09959231609078541,0.010696604445991492,0.010696604445991492,0,0,0,-1
gmsc,lightgbm,24,DebtRatio,relative_plus_10,0.1,0.012362637,0.0135989007,0.03569402945373115,0.03569402945373115,0.0,0.0,0,0,0,-1
gmsc,lightgbm,25,DebtRatio,relative_plus_10,0.1,0.402445,0.4426895,0.485195355176274,0.4841159771423986,-0.0010793780338753667,0.0010793780338753667,0,0,0,-1
gmsc,lightgbm,26,DebtRatio,relative_plus_10,0.1,0.0,0.041709937,0.4690330102001808,0.5388275324297382,0.06979452222955745,0.06979452222955745,0,1,1,-1
gmsc,lightgbm,27,DebtRatio,relative_plus_10,0.1,0.17137648,0.188514128,0.15310886136230434,0.15310886136230434,0.0,0.0,0,0,0,-1
gmsc,lightgbm,28,DebtRatio,relative_plus_10,0.1,0.0,0.041709937,0.24706706865061875,0.26220709573596324,0.015140027085344482,0.015140027085344482,0,0,0,-1
gmsc,lightgbm,29,DebtRatio,relative_plus_10,0.1,0.058094192,0.0639036112,0.07280429517617616,0.07280429517617616,0.0,0.0,0,0,0,-1
gmsc,lightgbm,30,DebtRatio,relative_plus_10,0.1,0.44399184,0.488391024,0.2669688028729123,0.27020680727886837,0.003238004405956063,0.003238004405956063,0,0,0,-1
gmsc,lightgbm,31,DebtRatio,relative_plus_10,0.1,482.0,530.2,0.16812286485697317,0.16812286485697317,0.0,0.0,0,0,0,-1
gmsc,lightgbm,32,DebtRatio,relative_plus_10,0.1,0.4293059,0.47223649,0.1358222660255187,0.1358222660255187,0.0,0.0,0,0,0,-1
gmsc,lightgbm,33,DebtRatio,relative_plus_10,0.1,0.008748633,0.009623496300000001,0.0907121359558535,0.0907121359558535,0.0,0.0,0,0,0,-1
gmsc,lightgbm,34,DebtRatio,relative_plus_10,0.1,0.470006,0.5170066,0.5887765630991544,0.6045320911778358,0.015755528078681413,0.015755528078681413,1,1,0,-1
gmsc,lightgbm,35,DebtRatio,relative_plus_10,0.1,0.8031548,0.8834702799999999,0.7686376306323768,0.7686376306323768,0.0,0.0,1,1,0,-1
gmsc,lightgbm,36,DebtRatio,relative_plus_10,0.1,0.1687678,0.18564458,0.20383228110756807,0.20383228110756807,0.0,0.0,0,0,0,-1
gmsc,lightgbm,37,DebtRatio,relative_plus_10,0.1,2965.0,3261.5,0.36583164209666225,0.36583164209666225,0.0,0.0,0,0,0,-1
gmsc,lightgbm,38,DebtRatio,relative_plus_10,0.1,0.521364,0.5735004,0.25782269826496373,0.2831135293961671,0.02529083113120334,0.02529083113120334,0,0,0,-1
gmsc,lightgbm,39,DebtRatio,relative_plus_10,0.1,1.2837993,1.41217923,0.35851671570275906,0.3680550950476916,0.009538379344932568,0.009538379344932568,0,0,0,-1
gmsc,lightgbm,40,DebtRatio,relative_plus_10,0.1,0.32549995,0.358049945,0.15809809532716768,0.12429264395317159,-0.033805451373996084,0.033805451373996084,0,0,0,-1
gmsc,lightgbm,41,DebtRatio,relative_plus_10,0.1,1.5599782,1.71597602,0.17767130123412736,0.17767130123412736,0.0,0.0,0,0,0,-1
gmsc,lightgbm,42,DebtRatio,relative_plus_10,0.1,0.19,0.20900000000000002,0.13142576347451704,0.1351789550111854,0.0037531915366683655,0.0037531915366683655,0,0,0,-1
gmsc,lightgbm,43,DebtRatio,relative_plus_10,0.1,171.0,188.1,0.5220123045323535,0.5220123045323535,0.0,0.0,1,1,0,-1
gmsc,lightgbm,44,DebtRatio,relative_plus_10,0.1,0.20451674,0.224968414,0.10248475676544401,0.10737741780793844,0.004892661042494431,0.004892661042494431,0,0,0,-1
gmsc,lightgbm,45,DebtRatio,relative_plus_10,0.1,0.41645184,0.458097024,0.134509615497707,0.14553558735037536,0.011025971852668348,0.011025971852668348,0,0,0,-1
gmsc,lightgbm,46,DebtRatio,relative_plus_10,0.1,486.0,534.6,0.24542503658751236,0.24542503658751236,0.0,0.0,0,0,0,-1
gmsc,lightgbm,47,DebtRatio,relative_plus_10,0.1,0.24237882,0.266616702,0.06429004529354826,0.08802158204345628,0.023731536749908022,0.023731536749908022,0,0,0,-1
gmsc,lightgbm,48,DebtRatio,relative_plus_10,0.1,1071.0,1178.1,0.08494795229441349,0.07263772021082707,-0.01231023208358642,0.01231023208358642,0,0,0,-1
gmsc,lightgbm,49,DebtRatio,relative_plus_10,0.1,0.005664778,0.0062312558,0.032964158323007746,0.032964158323007746,0.0,0.0,0,0,0,-1
gmsc,lightgbm,50,DebtRatio,relative_plus_10,0.1,0.16283266,0.17911592599999998,0.15598569074603788,0.15598569074603788,0.0,0.0,0,0,0,-1
gmsc,lightgbm,51,DebtRatio,relative_plus_10,0.1,2000.0,2200.0,0.2427114365476945,0.2427114365476945,0.0,0.0,0,0,0,-1
gmsc,lightgbm,52,DebtRatio,relative_plus_10,0.1,1240.0,1364.0,0.04278071258564872,0.04278071258564872,0.0,0.0,0,0,0,-1
gmsc,lightgbm,53,DebtRatio,relative_plus_10,0.1,0.021596858,0.023756543800000002,0.8459631804707949,0.8487425202492875,0.002779339778492651,0.002779339778492651,1,1,0,-1
gmsc,lightgbm,54,DebtRatio,relative_plus_10,0.1,1.5316092,1.6847701199999998,0.9585025696211499,0.9585025696211499,0.0,0.0,1,1,0,-1
gmsc,lightgbm,55,DebtRatio,relative_plus_10,0.1,1844.0,2028.4,0.05240087287788092,0.05174374928370978,-0.0006571235941711384,0.0006571235941711384,0,0,0,-1
gmsc,lightgbm,56,DebtRatio,relative_plus_10,0.1,0.33847472,0.372322192,0.16633030838518062,0.16633030838518062,0.0,0.0,0,0,0,-1
gmsc,lightgbm,57,DebtRatio,relative_plus_10,0.1,0.38452163,0.422973793,0.5855679032449771,0.5910713618156215,0.005503458570644382,0.005503458570644382,1,1,0,-1
gmsc,lightgbm,58,DebtRatio,relative_plus_10,0.1,0.13751946,0.151271406,0.7120052536243187,0.7120052536243187,0.0,0.0,1,1,0,-1
gmsc,lightgbm,59,DebtRatio,relative_plus_10,0.1,0.74480665,0.819287315,0.6081127081916137,0.6081127081916137,0.0,0.0,1,1,0,-1
gmsc,lightgbm,60,DebtRatio,relative_plus_10,0.1,0.078658074,0.08652388139999999,0.19907747746451288,0.2098763959787956,0.010798918514282718,0.010798918514282718,0,0,0,-1
gmsc,lightgbm,61,DebtRatio,relative_plus_10,0.1,0.6623037,0.72853407,0.3321226038071093,0.3710375309631758,0.03891492715606654,0.03891492715606654,0,0,0,-1
gmsc,lightgbm,62,DebtRatio,relative_plus_10,0.1,0.5309469,0.58404159,0.49700932793678176,0.5505521402245628,0.053542812287781016,0.053542812287781016,0,1,1,-1
gmsc,lightgbm,63,DebtRatio,relative_plus_10,0.1,0.24462043,0.269082473,0.07983838287755414,0.11635017518311193,0.03651179230555779,0.03651179230555779,0,0,0,-1
gmsc,lightgbm,64,DebtRatio,relative_plus_10,0.1,0.4177469,0.45952159,0.27572869286326523,0.2920272217248817,0.01629852886161648,0.01629852886161648,0,0,0,-1
gmsc,lightgbm,65,DebtRatio,relative_plus_10,0.1,0.20786196,0.22864815600000002,0.3901193599625518,0.39616058997367704,0.00604123001112522,0.00604123001112522,0,0,0,-1
gmsc,lightgbm,66,DebtRatio,relative_plus_10,0.1,0.3109459,0.34204049,0.14251343003654435,0.1501652161555589,0.007651786119014542,0.007651786119014542,0,0,0,-1
gmsc,lightgbm,67,DebtRatio,relative_plus_10,0.1,0.3151282,0.34664102,0.42152422623564395,0.4365302514231212,0.015006025187477234,0.015006025187477234,0,0,0,-1
gmsc,lightgbm,68,DebtRatio,relative_plus_10,0.1,0.34570906,0.380279966,0.1212328971978392,0.10885847882564616,-0.012374418372193038,0.012374418372193038,0,0,0,-1
gmsc,lightgbm,69,DebtRatio,relative_plus_10,0.1,0.96340734,1.059748074,0.5620282234727743,0.5758388622440319,0.013810638771257655,0.013810638771257655,1,1,0,-1
gmsc,lightgbm,70,DebtRatio,relative_plus_10,0.1,0.069360115,0.0762961265,0.4264114501848385,0.4205834639445264,-0.005827986240312111,0.005827986240312111,0,0,0,-1
gmsc,lightgbm,71,DebtRatio,relative_plus_10,0.1,69.0,75.9,0.11528535367529104,0.11528535367529104,0.0,0.0,0,0,0,-1
gmsc,lightgbm,72,DebtRatio,relative_plus_10,0.1,0.72570974,0.798280714,0.18694209170398213,0.18694209170398213,0.0,0.0,0,0,0,-1
gmsc,lightgbm,73,DebtRatio,relative_plus_10,0.1,0.3235353,0.35588883000000004,0.4189962251498132,0.4189962251498132,0.0,0.0,0,0,0,-1
gmsc,lightgbm,74,DebtRatio,relative_plus_10,0.1,0.024987506,0.0274862566,0.210992213581658,0.210992213581658,0.0,0.0,0,0,0,-1
gmsc,lightgbm,75,DebtRatio,relative_plus_10,0.1,57.0,62.7,0.5342256118004257,0.5342256118004257,0.0,0.0,1,1,0,-1
gmsc,lightgbm,76,DebtRatio,relative_plus_10,0.1,0.066019416,0.07262135759999999,0.14869088239886066,0.14869088239886066,0.0,0.0,0,0,0,-1
gmsc,lightgbm,77,DebtRatio,relative_plus_10,0.1,26.0,28.6,0.06703174942227336,0.06703174942227336,0.0,0.0,0,0,0,-1
gmsc,lightgbm,78,DebtRatio,relative_plus_10,0.1,1569.0,1725.9,0.06266917697987844,0.05861085382266027,-0.004058323157218165,0.004058323157218165,0,0,0,-1
gmsc,lightgbm,79,DebtRatio,relative_plus_10,0.1,0.39635402,0.43598942199999996,0.3139529328389652,0.3209483162198242,0.006995383380859033,0.006995383380859033,0,0,0,-1
gmsc,lightgbm,80,DebtRatio,relative_plus_10,0.1,2316.0,2547.6,0.13302830629350945,0.1271052189176105,-0.005923087375898944,0.005923087375898944,0,0,0,-1
gmsc,lightgbm,81,DebtRatio,relative_plus_10,0.1,0.30566496,0.336231456,0.1610671025822026,0.17170436978377496,0.010637267201572348,0.010637267201572348,0,0,0,-1
gmsc,lightgbm,82,DebtRatio,relative_plus_10,0.1,0.41855487,0.46041035700000005,0.39361810976909195,0.39959863112113825,0.005980521352046297,0.005980521352046297,0,0,0,-1
gmsc,lightgbm,83,DebtRatio,relative_plus_10,0.1,0.20540665,0.22594731499999998,0.07356231072502029,0.07774117121925095,0.004178860494230663,0.004178860494230663,0,0,0,-1
gmsc,lightgbm,84,DebtRatio,relative_plus_10,0.1,0.5669721,0.6236693099999999,0.6471402060773409,0.6711603885714331,0.024020182494092213,0.024020182494092213,1,1,0,-1
gmsc,lightgbm,85,DebtRatio,relative_plus_10,0.1,0.47793037,0.525723407,0.06895634900657907,0.06921885028151914,0.00026250127494006903,0.00026250127494006903,0,0,0,-1
gmsc,lightgbm,86,DebtRatio,relative_plus_10,0.1,0.035787743,0.039366517299999994,0.11410528051242601,0.11207088095497177,-0.0020343995574542417,0.0020343995574542417,0,0,0,-1
gmsc,lightgbm,87,DebtRatio,relative_plus_10,0.1,445.0,489.5,0.1006092467906027,0.1006092467906027,0.0,0.0,0,0,0,-1
gmsc,lightgbm,88,DebtRatio,relative_plus_10,0.1,1352.0,1487.2,0.126512958826711,0.126512958826711,0.0,0.0,0,0,0,-1
gmsc,lightgbm,89,DebtRatio,relative_plus_10,0.1,0.3882579,0.42708369,0.3522704795855978,0.3596720328241807,0.007401553238582881,0.007401553238582881,0,0,0,-1
gmsc,lightgbm,90,DebtRatio,relative_plus_10,0.1,830.0,913.0,0.04106193866788959,0.04106193866788959,0.0,0.0,0,0,0,-1
gmsc,lightgbm,91,DebtRatio,relative_plus_10,0.1,0.31826663,0.35009329299999997,0.15372114734573783,0.1573342918876873,0.00361314454194947,0.00361314454194947,0,0,0,-1
gmsc,lightgbm,92,DebtRatio,relative_plus_10,0.1,9.0,9.9,0.06485095205727061,0.06485095205727061,0.0,0.0,0,0,0,-1
gmsc,lightgbm,93,DebtRatio,relative_plus_10,0.1,2079.0,2286.9,0.09924642147480602,0.09924642147480602,0.0,0.0,0,0,0,-1
gmsc,lightgbm,94,DebtRatio,relative_plus_10,0.1,0.024174053,0.026591458300000002,0.16680920152776404,0.16680920152776404,0.0,0.0,0,0,0,-1
gmsc,lightgbm,95,DebtRatio,relative_plus_10,0.1,0.69365734,0.763023074,0.21924410434064803,0.22997818647017376,0.01073408212952573,0.01073408212952573,0,0,0,-1
gmsc,lightgbm,96,DebtRatio,relative_plus_10,0.1,0.19048095,0.20952904500000002,0.1131618927406001,0.11583614340666826,0.002674250666068162,0.002674250666068162,0,0,0,-1
gmsc,lightgbm,97,DebtRatio,relative_plus_10,0.1,847.0,931.7,0.10806143941846993,0.10806143941846993,0.0,0.0,0,0,0,-1
gmsc,lightgbm,98,DebtRatio,relative_plus_10,0.1,0.80673593,0.887409523,0.4053784379973068,0.4053784379973068,0.0,0.0,0,0,0,-1
gmsc,lightgbm,99,DebtRatio,relative_plus_10,0.1,0.61044824,0.671493064,0.9052932427250325,0.9065439321424787,0.0012506894174462158,0.0012506894174462158,1,1,0,-1
gmsc,lightgbm,0,MonthlyIncome,relative_minus_5,-0.05,12000.0,12600.0,0.09051292759777842,0.09051292759777842,0.0,0.0,0,0,0,-1
gmsc,lightgbm,1,MonthlyIncome,relative_minus_5,-0.05,9800.0,10290.0,0.07432795724364831,0.05284134399321902,-0.02148661325042929,0.02148661325042929,0,0,0,-1
gmsc,lightgbm,2,MonthlyIncome,relative_minus_5,-0.05,5400.0,5670.0,0.056660675741342766,0.08401708505918976,0.02735640931784699,0.02735640931784699,0,0,0,-1
gmsc,lightgbm,3,MonthlyIncome,relative_minus_5,-0.05,2916.0,3061.8,0.286464202572455,0.2936369283722478,0.007172725799792834,0.007172725799792834,0,0,0,-1
gmsc,lightgbm,4,MonthlyIncome,relative_minus_5,-0.05,3076.0,3229.8,0.10238192900656183,0.10138708809056161,-0.000994840916000217,0.000994840916000217,0,0,0,-1
gmsc,lightgbm,5,MonthlyIncome,relative_minus_5,-0.05,6015.0,6315.75,0.18604525641874214,0.18604525641874214,0.0,0.0,0,0,0,-1
gmsc,lightgbm,6,MonthlyIncome,relative_minus_5,-0.05,6913.0,7258.65,0.23797486099678064,0.23797486099678064,0.0,0.0,0,0,0,-1
gmsc,lightgbm,7,MonthlyIncome,relative_minus_5,-0.05,13333.0,13999.65,0.1952165672674782,0.20390612319197174,0.008689555924493525,0.008689555924493525,0,0,0,-1
gmsc,lightgbm,8,MonthlyIncome,relative_minus_5,-0.05,7000.0,7350.0,0.1354653526779545,0.1354653526779545,0.0,0.0,0,0,0,-1
gmsc,lightgbm,9,MonthlyIncome,relative_minus_5,-0.05,3875.0,4068.75,0.4085309008746626,0.4085309008746626,0.0,0.0,0,0,0,-1
gmsc,lightgbm,10,MonthlyIncome,relative_minus_5,-0.05,5833.0,6124.65,0.4151340630771105,0.4151340630771105,0.0,0.0,0,0,0,-1
gmsc,lightgbm,11,MonthlyIncome,relative_minus_5,-0.05,10583.0,11112.15,0.2344419755121663,0.23704264128030686,0.002600665768140553,0.002600665768140553,0,0,0,-1
gmsc,lightgbm,12,MonthlyIncome,relative_minus_5,-0.05,5400.0,5670.0,0.04156783494420435,0.06462499823176318,0.02305716328755883,0.02305716328755883,0,0,0,-1
gmsc,lightgbm,13,MonthlyIncome,relative_minus_5,-0.05,5400.0,5670.0,0.8781305200687587,0.8899297956198252,0.011799275551066524,0.011799275551066524,1,1,0,-1
gmsc,lightgbm,14,MonthlyIncome,relative_minus_5,-0.05,5400.0,5670.0,0.30318348670534856,0.3322842976674298,0.029100810962081225,0.029100810962081225,0,0,0,-1
gmsc,lightgbm,15,MonthlyIncome,relative_minus_5,-0.05,12500.0,13125.0,0.27986218783007943,0.28580304678009916,0.005940858950019723,0.005940858950019723,0,0,0,-1
gmsc,lightgbm,16,MonthlyIncome,relative_minus_5,-0.05,6000.0,6300.0,0.4795715640243079,0.4795715640243079,0.0,0.0,0,0,0,-1
gmsc,lightgbm,17,MonthlyIncome,relative_minus_5,-0.05,5400.0,5670.0,0.10036173784291944,0.11315623578242327,0.012794497939503838,0.012794497939503838,0,0,0,-1
gmsc,lightgbm,18,MonthlyIncome,relative_minus_5,-0.05,11362.0,11930.1,0.4332396231850946,0.4504617468855208,0.017222123700426195,0.017222123700426195,0,0,0,-1
gmsc,lightgbm,19,MonthlyIncome,relative_minus_5,-0.05,11666.0,12249.3,0.20706517488791176,0.2238297507671986,0.01676457587928684,0.01676457587928684,0,0,0,-1
gmsc,lightgbm,20,MonthlyIncome,relative_minus_5,-0.05,12416.0,13036.8,0.05708612745116283,0.06015925722462978,0.003073129773466951,0.003073129773466951,0,0,0,-1
gmsc,lightgbm,21,MonthlyIncome,relative_minus_5,-0.05,0.0,270.0,0.0755556455268635,0.0755556455268635,0.0,0.0,0,0,0,-1
gmsc,lightgbm,22,MonthlyIncome,relative_minus_5,-0.05,8134.0,8540.7,0.05695935088858043,0.05888522290724391,0.0019258720186634826,0.0019258720186634826,0,0,0,-1
gmsc,lightgbm,23,MonthlyIncome,relative_minus_5,-0.05,9200.0,9660.0,0.08889571164479391,0.08889571164479391,0.0,0.0,0,0,0,-1
gmsc,lightgbm,24,MonthlyIncome,relative_minus_5,-0.05,2183.0,2292.15,0.03569402945373115,0.03569402945373115,0.0,0.0,0,0,0,-1
gmsc,lightgbm,25,MonthlyIncome,relative_minus_5,-0.05,2044.0,2146.2,0.485195355176274,0.485195355176274,0.0,0.0,0,0,0,-1
gmsc,lightgbm,26,MonthlyIncome,relative_minus_5,-0.05,5400.0,5670.0,0.4690330102001808,0.49848135155516954,0.02944834135498875,0.02944834135498875,0,0,0,-1
gmsc,lightgbm,27,MonthlyIncome,relative_minus_5,-0.05,3290.0,3454.5,0.15310886136230434,0.13849367170554086,-0.014615189656763478,0.014615189656763478,0,0,0,-1
gmsc,lightgbm,28,MonthlyIncome,relative_minus_5,-0.05,8333.0,8749.65,0.24706706865061875,0.23212554736506866,-0.014941521285550097,0.014941521285550097,0,0,0,-1
gmsc,lightgbm,29,MonthlyIncome,relative_minus_5,-0.05,10000.0,10500.0,0.07280429517617616,0.05866960933723953,-0.01413468583893663,0.01413468583893663,0,0,0,-1
gmsc,lightgbm,30,MonthlyIncome,relative_minus_5,-0.05,2945.0,3092.25,0.2669688028729123,0.2669688028729123,0.0,0.0,0,0,0,-1
gmsc,lightgbm,31,MonthlyIncome,relative_minus_5,-0.05,5400.0,5670.0,0.16812286485697317,0.18775298091385742,0.01963011605688425,0.01963011605688425,0,0,0,-1
gmsc,lightgbm,32,MonthlyIncome,relative_minus_5,-0.05,3500.0,3675.0,0.1358222660255187,0.14125833550755798,0.005436069482039285,0.005436069482039285,0,0,0,-1
gmsc,lightgbm,33,MonthlyIncome,relative_minus_5,-0.05,6400.0,6720.0,0.0907121359558535,0.09007450353317256,-0.0006376324226809449,0.0006376324226809449,0,0,0,-1
gmsc,lightgbm,34,MonthlyIncome,relative_minus_5,-0.05,6667.0,7000.35,0.5887765630991544,0.5887765630991544,0.0,0.0,1,1,0,-1
gmsc,lightgbm,35,MonthlyIncome,relative_minus_5,-0.05,4500.0,4725.0,0.7686376306323768,0.7686376306323768,0.0,0.0,1,1,0,-1
gmsc,lightgbm,36,MonthlyIncome,relative_minus_5,-0.05,4917.0,5162.85,0.20383228110756807,0.20383228110756807,0.0,0.0,0,0,0,-1
gmsc,lightgbm,37,MonthlyIncome,relative_minus_5,-0.05,5400.0,5670.0,0.36583164209666225,0.39751529533756136,0.03168365324089911,0.03168365324089911,0,0,0,-1
gmsc,lightgbm,38,MonthlyIncome,relative_minus_5,-0.05,19237.0,20198.85,0.25782269826496373,0.2597529189794765,0.0019302207145127648,0.0019302207145127648,0,0,0,-1
gmsc,lightgbm,39,MonthlyIncome,relative_minus_5,-0.05,2610.0,2740.5,0.35851671570275906,0.37565434575981543,0.017137630057056374,0.017137630057056374,0,0,0,-1
gmsc,lightgbm,40,MonthlyIncome,relative_minus_5,-0.05,8850.0,9292.5,0.15809809532716768,0.18986447477471755,0.03176637944754987,0.03176637944754987,0,0,0,-1
gmsc,lightgbm,41,MonthlyIncome,relative_minus_5,-0.05,1833.0,1924.65,0.17767130123412736,0.23201845028432197,0.05434714905019461,0.05434714905019461,0,0,0,-1
gmsc,lightgbm,42,MonthlyIncome,relative_minus_5,-0.05,4799.0,5038.95,0.13142576347451704,0.12982938952673304,-0.0015963739477840022,0.0015963739477840022,0,0,0,-1
gmsc,lightgbm,43,MonthlyIncome,relative_minus_5,-0.05,5400.0,5670.0,0.5220123045323535,0.5506471435375313,0.028634839005177826,0.028634839005177826,1,1,0,-1
gmsc,lightgbm,44,MonthlyIncome,relative_minus_5,-0.05,6331.0,6647.55,0.10248475676544401,0.09941581664391953,-0.003068940121524477,0.003068940121524477,0,0,0,-1
gmsc,lightgbm,45,MonthlyIncome,relative_minus_5,-0.05,4266.0,4479.3,0.134509615497707,0.12629811229761254,-0.008211503200094478,0.008211503200094478,0,0,0,-1
gmsc,lightgbm,46,MonthlyIncome,relative_minus_5,-0.05,5400.0,5670.0,0.24542503658751236,0.3412930679902412,0.09586803140272881,0.09586803140272881,0,0,0,-1
gmsc,lightgbm,47,MonthlyIncome,relative_minus_5,-0.05,2000.0,2100.0,0.06429004529354826,0.06429004529354826,0.0,0.0,0,0,0,-1
gmsc,lightgbm,48,MonthlyIncome,relative_minus_5,-0.05,5400.0,5670.0,0.08494795229441349,0.0959870989231782,0.011039146628764707,0.011039146628764707,0,0,0,-1
gmsc,lightgbm,49,MonthlyIncome,relative_minus_5,-0.05,3000.0,3150.0,0.032964158323007746,0.032109522832291314,-0.0008546354907164322,0.0008546354907164322,0,0,0,-1
gmsc,lightgbm,50,MonthlyIncome,relative_minus_5,-0.05,2216.0,2326.8,0.15598569074603788,0.15598569074603788,0.0,0.0,0,0,0,-1
gmsc,lightgbm,51,MonthlyIncome,relative_minus_5,-0.05,5400.0,5670.0,0.2427114365476945,0.26824229989156445,0.025530863343869947,0.025530863343869947,0,0,0,-1
gmsc,lightgbm,52,MonthlyIncome,relative_minus_5,-0.05,5400.0,5670.0,0.04278071258564872,0.06388958627118965,0.02110887368554093,0.02110887368554093,0,0,0,-1
gmsc,lightgbm,53,MonthlyIncome,relative_minus_5,-0.05,4583.0,4812.15,0.8459631804707949,0.8459631804707949,0.0,0.0,1,1,0,-1
gmsc,lightgbm,54,MonthlyIncome,relative_minus_5,-0.05,695.0,729.75,0.9585025696211499,0.9585025696211499,0.0,0.0,1,1,0,-1
gmsc,lightgbm,55,MonthlyIncome,relative_minus_5,-0.05,5400.0,5670.0,0.05240087287788092,0.07787037562587613,0.025469502747995212,0.025469502747995212,0,0,0,-1
gmsc,lightgbm,56,MonthlyIncome,relative_minus_5,-0.05,3500.0,3675.0,0.16633030838518062,0.16444334027095192,-0.0018869681142286987,0.0018869681142286987,0,0,0,-1
gmsc,lightgbm,57,MonthlyIncome,relative_minus_5,-0.05,1640.0,1722.0,0.5855679032449771,0.5855679032449771,0.0,0.0,1,1,0,-1
gmsc,lightgbm,58,MonthlyIncome,relative_minus_5,-0.05,3853.0,4045.65,0.7120052536243187,0.7120052536243187,0.0,0.0,1,1,0,-1
gmsc,lightgbm,59,MonthlyIncome,relative_minus_5,-0.05,5920.0,6216.0,0.6081127081916137,0.6081127081916137,0.0,0.0,1,1,0,-1
gmsc,lightgbm,60,MonthlyIncome,relative_minus_5,-0.05,5275.0,5538.75,0.19907747746451288,0.18825224685806474,-0.010825230606448133,0.010825230606448133,0,0,0,-1
gmsc,lightgbm,61,MonthlyIncome,relative_minus_5,-0.05,5347.0,5614.35,0.3321226038071093,0.3320003502945013,-0.00012225351260797268,0.00012225351260797268,0,0,0,-1
gmsc,lightgbm,62,MonthlyIncome,relative_minus_5,-0.05,10000.0,10500.0,0.49700932793678176,0.4411017044933212,-0.05590762344346056,0.05590762344346056,0,0,0,-1
gmsc,lightgbm,63,MonthlyIncome,relative_minus_5,-0.05,12500.0,13125.0,0.07983838287755414,0.08848960506110586,0.008651222183551716,0.008651222183551716,0,0,0,-1
gmsc,lightgbm,64,MonthlyIncome,relative_minus_5,-0.05,12959.0,13606.95,0.27572869286326523,0.27572869286326523,0.0,0.0,0,0,0,-1
gmsc,lightgbm,65,MonthlyIncome,relative_minus_5,-0.05,8750.0,9187.5,0.3901193599625518,0.4103926051275403,0.020273245164988463,0.020273245164988463,0,0,0,-1
gmsc,lightgbm,66,MonthlyIncome,relative_minus_5,-0.05,3900.0,4095.0,0.14251343003654435,0.14251343003654435,0.0,0.0,0,0,0,-1
gmsc,lightgbm,67,MonthlyIncome,relative_minus_5,-0.05,3899.0,4093.95,0.42152422623564395,0.42152422623564395,0.0,0.0,0,0,0,-1
gmsc,lightgbm,68,MonthlyIncome,relative_minus_5,-0.05,11500.0,12075.0,0.1212328971978392,0.12098872789809588,-0.0002441692997433159,0.0002441692997433159,0,0,0,-1
gmsc,lightgbm,69,MonthlyIncome,relative_minus_5,-0.05,5000.0,5250.0,0.5620282234727743,0.5542171073592176,-0.007811116113556671,0.007811116113556671,1,1,0,-1
gmsc,lightgbm,70,MonthlyIncome,relative_minus_5,-0.05,4281.0,4495.05,0.4264114501848385,0.4264114501848385,0.0,0.0,0,0,0,-1
gmsc,lightgbm,71,MonthlyIncome,relative_minus_5,-0.05,0.0,270.0,0.11528535367529104,0.12291667523260467,0.007631321557313636,0.007631321557313636,0,0,0,-1
gmsc,lightgbm,72,MonthlyIncome,relative_minus_5,-0.05,2500.0,2625.0,0.18694209170398213,0.2030045276208653,0.016062435916883167,0.016062435916883167,0,0,0,-1
gmsc,lightgbm,73,MonthlyIncome,relative_minus_5,-0.05,5000.0,5250.0,0.4189962251498132,0.4113061393101816,-0.0076900858396316,0.0076900858396316,0,0,0,-1
gmsc,lightgbm,74,MonthlyIncome,relative_minus_5,-0.05,2000.0,2100.0,0.210992213581658,0.210992213581658,0.0,0.0,0,0,0,-1
gmsc,lightgbm,75,MonthlyIncome,relative_minus_5,-0.05,5400.0,5670.0,0.5342256118004257,0.5627416578785244,0.028516046078098656,0.028516046078098656,1,1,0,-1
gmsc,lightgbm,76,MonthlyIncome,relative_minus_5,-0.05,9784.0,10273.2,0.14869088239886066,0.12088566026269758,-0.027805222136163085,0.027805222136163085,0,0,0,-1
gmsc,lightgbm,77,MonthlyIncome,relative_minus_5,-0.05,5400.0,5670.0,0.06703174942227336,0.10269993079826435,0.035668181375990995,0.035668181375990995,0,0,0,-1
gmsc,lightgbm,78,MonthlyIncome,relative_minus_5,-0.05,5400.0,5670.0,0.06266917697987844,0.09154169493786568,0.028872517957987245,0.028872517957987245,0,0,0,-1
gmsc,lightgbm,79,MonthlyIncome,relative_minus_5,-0.05,3400.0,3570.0,0.3139529328389652,0.3014020391683206,-0.012550893670644603,0.012550893670644603,0,0,0,-1
gmsc,lightgbm,80,MonthlyIncome,relative_minus_5,-0.05,5400.0,5670.0,0.13302830629350945,0.19642047848826183,0.06339217219475238,0.06339217219475238,0,0,0,-1
gmsc,lightgbm,81,MonthlyIncome,relative_minus_5,-0.05,3300.0,3465.0,0.1610671025822026,0.14801751524539813,-0.013049587336804475,0.013049587336804475,0,0,0,-1
gmsc,lightgbm,82,MonthlyIncome,relative_minus_5,-0.05,7943.0,8340.15,0.39361810976909195,0.3892043766333421,-0.004413733135749831,0.004413733135749831,0,0,0,-1
gmsc,lightgbm,83,MonthlyIncome,relative_minus_5,-0.05,4327.0,4543.35,0.07356231072502029,0.0724089755727533,-0.0011533351522669821,0.0011533351522669821,0,0,0,-1
gmsc,lightgbm,84,MonthlyIncome,relative_minus_5,-0.05,4583.0,4812.15,0.6471402060773409,0.6471402060773409,0.0,0.0,1,1,0,-1
gmsc,lightgbm,85,MonthlyIncome,relative_minus_5,-0.05,4077.0,4280.85,0.06895634900657907,0.0663719875518857,-0.0025843614546933735,0.0025843614546933735,0,0,0,-1
gmsc,lightgbm,86,MonthlyIncome,relative_minus_5,-0.05,2430.0,2551.5,0.11410528051242601,0.10836145700898876,-0.005743823503437245,0.005743823503437245,0,0,0,-1
gmsc,lightgbm,87,MonthlyIncome,relative_minus_5,-0.05,5400.0,5670.0,0.1006092467906027,0.11152142267219879,0.010912175881596098,0.010912175881596098,0,0,0,-1
gmsc,lightgbm,88,MonthlyIncome,relative_minus_5,-0.05,5400.0,5670.0,0.126512958826711,0.1421146692843517,0.015601710457640722,0.015601710457640722,0,0,0,-1
gmsc,lightgbm,89,MonthlyIncome,relative_minus_5,-0.05,6250.0,6562.5,0.3522704795855978,0.3508331182066949,-0.001437361378902935,0.001437361378902935,0,0,0,-1
gmsc,lightgbm,90,MonthlyIncome,relative_minus_5,-0.05,5400.0,5670.0,0.04106193866788959,0.06385718397058378,0.022795245302694188,0.022795245302694188,0,0,0,-1
gmsc,lightgbm,91,MonthlyIncome,relative_minus_5,-0.05,9645.0,10127.25,0.15372114734573783,0.14770658132193246,-0.006014566023805373,0.006014566023805373,0,0,0,-1
gmsc,lightgbm,92,MonthlyIncome,relative_minus_5,-0.05,5400.0,5670.0,0.06485095205727061,0.06730314930988107,0.0024521972526104635,0.0024521972526104635,0,0,0,-1
gmsc,lightgbm,93,MonthlyIncome,relative_minus_5,-0.05,5400.0,5670.0,0.09924642147480602,0.1440245693149129,0.04477814784010688,0.04477814784010688,0,0,0,-1
gmsc,lightgbm,94,MonthlyIncome,relative_minus_5,-0.05,2481.0,2605.05,0.16680920152776404,0.16378262151168793,-0.0030265800160761136,0.0030265800160761136,0,0,0,-1
gmsc,lightgbm,95,MonthlyIncome,relative_minus_5,-0.05,9916.0,10411.8,0.21924410434064803,0.20744124941938658,-0.011802854921261458,0.011802854921261458,0,0,0,-1
gmsc,lightgbm,96,MonthlyIncome,relative_minus_5,-0.05,10000.0,10500.0,0.1131618927406001,0.08311040331249492,-0.030051489428105177,0.030051489428105177,0,0,0,-1
gmsc,lightgbm,97,MonthlyIncome,relative_minus_5,-0.05,5400.0,5670.0,0.10806143941846993,0.12170473378096655,0.013643294362496616,0.013643294362496616,0,0,0,-1
gmsc,lightgbm,98,MonthlyIncome,relative_minus_5,-0.05,6353.0,6670.65,0.4053784379973068,0.3648002787076524,-0.04057815928965436,0.04057815928965436,0,0,0,-1
gmsc,lightgbm,99,MonthlyIncome,relative_minus_5,-0.05,3100.0,3255.0,0.9052932427250325,0.9077890566783382,0.00249581395330567,0.00249581395330567,1,1,0,-1
gmsc,lightgbm,0,MonthlyIncome,relative_plus_5,0.05,12000.0,12600.0,0.09051292759777842,0.09051292759777842,0.0,0.0,0,0,0,-1
gmsc,lightgbm,1,MonthlyIncome,relative_plus_5,0.05,9800.0,10290.0,0.07432795724364831,0.05284134399321902,-0.02148661325042929,0.02148661325042929,0,0,0,-1
gmsc,lightgbm,2,MonthlyIncome,relative_plus_5,0.05,5400.0,5670.0,0.056660675741342766,0.08401708505918976,0.02735640931784699,0.02735640931784699,0,0,0,-1
gmsc,lightgbm,3,MonthlyIncome,relative_plus_5,0.05,2916.0,3061.8,0.286464202572455,0.2936369283722478,0.007172725799792834,0.007172725799792834,0,0,0,-1
gmsc,lightgbm,4,MonthlyIncome,relative_plus_5,0.05,3076.0,3229.8,0.10238192900656183,0.10138708809056161,-0.000994840916000217,0.000994840916000217,0,0,0,-1
gmsc,lightgbm,5,MonthlyIncome,relative_plus_5,0.05,6015.0,6315.75,0.18604525641874214,0.18604525641874214,0.0,0.0,0,0,0,-1
gmsc,lightgbm,6,MonthlyIncome,relative_plus_5,0.05,6913.0,7258.65,0.23797486099678064,0.23797486099678064,0.0,0.0,0,0,0,-1
gmsc,lightgbm,7,MonthlyIncome,relative_plus_5,0.05,13333.0,13999.65,0.1952165672674782,0.20390612319197174,0.008689555924493525,0.008689555924493525,0,0,0,-1
gmsc,lightgbm,8,MonthlyIncome,relative_plus_5,0.05,7000.0,7350.0,0.1354653526779545,0.1354653526779545,0.0,0.0,0,0,0,-1
gmsc,lightgbm,9,MonthlyIncome,relative_plus_5,0.05,3875.0,4068.75,0.4085309008746626,0.4085309008746626,0.0,0.0,0,0,0,-1
gmsc,lightgbm,10,MonthlyIncome,relative_plus_5,0.05,5833.0,6124.65,0.4151340630771105,0.4151340630771105,0.0,0.0,0,0,0,-1
gmsc,lightgbm,11,MonthlyIncome,relative_plus_5,0.05,10583.0,11112.15,0.2344419755121663,0.23704264128030686,0.002600665768140553,0.002600665768140553,0,0,0,-1
gmsc,lightgbm,12,MonthlyIncome,relative_plus_5,0.05,5400.0,5670.0,0.04156783494420435,0.06462499823176318,0.02305716328755883,0.02305716328755883,0,0,0,-1
gmsc,lightgbm,13,MonthlyIncome,relative_plus_5,0.05,5400.0,5670.0,0.8781305200687587,0.8899297956198252,0.011799275551066524,0.011799275551066524,1,1,0,-1
gmsc,lightgbm,14,MonthlyIncome,relative_plus_5,0.05,5400.0,5670.0,0.30318348670534856,0.3322842976674298,0.029100810962081225,0.029100810962081225,0,0,0,-1
gmsc,lightgbm,15,MonthlyIncome,relative_plus_5,0.05,12500.0,13125.0,0.27986218783007943,0.28580304678009916,0.005940858950019723,0.005940858950019723,0,0,0,-1
gmsc,lightgbm,16,MonthlyIncome,relative_plus_5,0.05,6000.0,6300.0,0.4795715640243079,0.4795715640243079,0.0,0.0,0,0,0,-1
gmsc,lightgbm,17,MonthlyIncome,relative_plus_5,0.05,5400.0,5670.0,0.10036173784291944,0.11315623578242327,0.012794497939503838,0.012794497939503838,0,0,0,-1
gmsc,lightgbm,18,MonthlyIncome,relative_plus_5,0.05,11362.0,11930.1,0.4332396231850946,0.4504617468855208,0.017222123700426195,0.017222123700426195,0,0,0,-1
gmsc,lightgbm,19,MonthlyIncome,relative_plus_5,0.05,11666.0,12249.3,0.20706517488791176,0.2238297507671986,0.01676457587928684,0.01676457587928684,0,0,0,-1
gmsc,lightgbm,20,MonthlyIncome,relative_plus_5,0.05,12416.0,13036.8,0.05708612745116283,0.06015925722462978,0.003073129773466951,0.003073129773466951,0,0,0,-1
gmsc,lightgbm,21,MonthlyIncome,relative_plus_5,0.05,0.0,270.0,0.0755556455268635,0.0755556455268635,0.0,0.0,0,0,0,-1
gmsc,lightgbm,22,MonthlyIncome,relative_plus_5,0.05,8134.0,8540.7,0.05695935088858043,0.05888522290724391,0.0019258720186634826,0.0019258720186634826,0,0,0,-1
gmsc,lightgbm,23,MonthlyIncome,relative_plus_5,0.05,9200.0,9660.0,0.08889571164479391,0.08889571164479391,0.0,0.0,0,0,0,-1
gmsc,lightgbm,24,MonthlyIncome,relative_plus_5,0.05,2183.0,2292.15,0.03569402945373115,0.03569402945373115,0.0,0.0,0,0,0,-1
gmsc,lightgbm,25,MonthlyIncome,relative_plus_5,0.05,2044.0,2146.2,0.485195355176274,0.485195355176274,0.0,0.0,0,0,0,-1
gmsc,lightgbm,26,MonthlyIncome,relative_plus_5,0.05,5400.0,5670.0,0.4690330102001808,0.49848135155516954,0.02944834135498875,0.02944834135498875,0,0,0,-1
gmsc,lightgbm,27,MonthlyIncome,relative_plus_5,0.05,3290.0,3454.5,0.15310886136230434,0.13849367170554086,-0.014615189656763478,0.014615189656763478,0,0,0,-1
gmsc,lightgbm,28,MonthlyIncome,relative_plus_5,0.05,8333.0,8749.65,0.24706706865061875,0.23212554736506866,-0.014941521285550097,0.014941521285550097,0,0,0,-1
gmsc,lightgbm,29,MonthlyIncome,relative_plus_5,0.05,10000.0,10500.0,0.07280429517617616,0.05866960933723953,-0.01413468583893663,0.01413468583893663,0,0,0,-1
gmsc,lightgbm,30,MonthlyIncome,relative_plus_5,0.05,2945.0,3092.25,0.2669688028729123,0.2669688028729123,0.0,0.0,0,0,0,-1
gmsc,lightgbm,31,MonthlyIncome,relative_plus_5,0.05,5400.0,5670.0,0.16812286485697317,0.18775298091385742,0.01963011605688425,0.01963011605688425,0,0,0,-1
gmsc,lightgbm,32,MonthlyIncome,relative_plus_5,0.05,3500.0,3675.0,0.1358222660255187,0.14125833550755798,0.005436069482039285,0.005436069482039285,0,0,0,-1
gmsc,lightgbm,33,MonthlyIncome,relative_plus_5,0.05,6400.0,6720.0,0.0907121359558535,0.09007450353317256,-0.0006376324226809449,0.0006376324226809449,0,0,0,-1
gmsc,lightgbm,34,MonthlyIncome,relative_plus_5,0.05,6667.0,7000.35,0.5887765630991544,0.5887765630991544,0.0,0.0,1,1,0,-1
gmsc,lightgbm,35,MonthlyIncome,relative_plus_5,0.05,4500.0,4725.0,0.7686376306323768,0.7686376306323768,0.0,0.0,1,1,0,-1
gmsc,lightgbm,36,MonthlyIncome,relative_plus_5,0.05,4917.0,5162.85,0.20383228110756807,0.20383228110756807,0.0,0.0,0,0,0,-1
gmsc,lightgbm,37,MonthlyIncome,relative_plus_5,0.05,5400.0,5670.0,0.36583164209666225,0.39751529533756136,0.03168365324089911,0.03168365324089911,0,0,0,-1
gmsc,lightgbm,38,MonthlyIncome,relative_plus_5,0.05,19237.0,20198.85,0.25782269826496373,0.2597529189794765,0.0019302207145127648,0.0019302207145127648,0,0,0,-1
gmsc,lightgbm,39,MonthlyIncome,relative_plus_5,0.05,2610.0,2740.5,0.35851671570275906,0.37565434575981543,0.017137630057056374,0.017137630057056374,0,0,0,-1
gmsc,lightgbm,40,MonthlyIncome,relative_plus_5,0.05,8850.0,9292.5,0.15809809532716768,0.18986447477471755,0.03176637944754987,0.03176637944754987,0,0,0,-1
gmsc,lightgbm,41,MonthlyIncome,relative_plus_5,0.05,1833.0,1924.65,0.17767130123412736,0.23201845028432197,0.05434714905019461,0.05434714905019461,0,0,0,-1
gmsc,lightgbm,42,MonthlyIncome,relative_plus_5,0.05,4799.0,5038.95,0.13142576347451704,0.12982938952673304,-0.0015963739477840022,0.0015963739477840022,0,0,0,-1
gmsc,lightgbm,43,MonthlyIncome,relative_plus_5,0.05,5400.0,5670.0,0.5220123045323535,0.5506471435375313,0.028634839005177826,0.028634839005177826,1,1,0,-1
gmsc,lightgbm,44,MonthlyIncome,relative_plus_5,0.05,6331.0,6647.55,0.10248475676544401,0.09941581664391953,-0.003068940121524477,0.003068940121524477,0,0,0,-1
gmsc,lightgbm,45,MonthlyIncome,relative_plus_5,0.05,4266.0,4479.3,0.134509615497707,0.12629811229761254,-0.008211503200094478,0.008211503200094478,0,0,0,-1
gmsc,lightgbm,46,MonthlyIncome,relative_plus_5,0.05,5400.0,5670.0,0.24542503658751236,0.3412930679902412,0.09586803140272881,0.09586803140272881,0,0,0,-1
gmsc,lightgbm,47,MonthlyIncome,relative_plus_5,0.05,2000.0,2100.0,0.06429004529354826,0.06429004529354826,0.0,0.0,0,0,0,-1
gmsc,lightgbm,48,MonthlyIncome,relative_plus_5,0.05,5400.0,5670.0,0.08494795229441349,0.0959870989231782,0.011039146628764707,0.011039146628764707,0,0,0,-1
gmsc,lightgbm,49,MonthlyIncome,relative_plus_5,0.05,3000.0,3150.0,0.032964158323007746,0.032109522832291314,-0.0008546354907164322,0.0008546354907164322,0,0,0,-1
gmsc,lightgbm,50,MonthlyIncome,relative_plus_5,0.05,2216.0,2326.8,0.15598569074603788,0.15598569074603788,0.0,0.0,0,0,0,-1
gmsc,lightgbm,51,MonthlyIncome,relative_plus_5,0.05,5400.0,5670.0,0.2427114365476945,0.26824229989156445,0.025530863343869947,0.025530863343869947,0,0,0,-1
gmsc,lightgbm,52,MonthlyIncome,relative_plus_5,0.05,5400.0,5670.0,0.04278071258564872,0.06388958627118965,0.02110887368554093,0.02110887368554093,0,0,0,-1
gmsc,lightgbm,53,MonthlyIncome,relative_plus_5,0.05,4583.0,4812.15,0.8459631804707949,0.8459631804707949,0.0,0.0,1,1,0,-1
gmsc,lightgbm,54,MonthlyIncome,relative_plus_5,0.05,695.0,729.75,0.9585025696211499,0.9585025696211499,0.0,0.0,1,1,0,-1
gmsc,lightgbm,55,MonthlyIncome,relative_plus_5,0.05,5400.0,5670.0,0.05240087287788092,0.07787037562587613,0.025469502747995212,0.025469502747995212,0,0,0,-1
gmsc,lightgbm,56,MonthlyIncome,relative_plus_5,0.05,3500.0,3675.0,0.16633030838518062,0.16444334027095192,-0.0018869681142286987,0.0018869681142286987,0,0,0,-1
gmsc,lightgbm,57,MonthlyIncome,relative_plus_5,0.05,1640.0,1722.0,0.5855679032449771,0.5855679032449771,0.0,0.0,1,1,0,-1
gmsc,lightgbm,58,MonthlyIncome,relative_plus_5,0.05,3853.0,4045.65,0.7120052536243187,0.7120052536243187,0.0,0.0,1,1,0,-1
gmsc,lightgbm,59,MonthlyIncome,relative_plus_5,0.05,5920.0,6216.0,0.6081127081916137,0.6081127081916137,0.0,0.0,1,1,0,-1
gmsc,lightgbm,60,MonthlyIncome,relative_plus_5,0.05,5275.0,5538.75,0.19907747746451288,0.18825224685806474,-0.010825230606448133,0.010825230606448133,0,0,0,-1
gmsc,lightgbm,61,MonthlyIncome,relative_plus_5,0.05,5347.0,5614.35,0.3321226038071093,0.3320003502945013,-0.00012225351260797268,0.00012225351260797268,0,0,0,-1
gmsc,lightgbm,62,MonthlyIncome,relative_plus_5,0.05,10000.0,10500.0,0.49700932793678176,0.4411017044933212,-0.05590762344346056,0.05590762344346056,0,0,0,-1
gmsc,lightgbm,63,MonthlyIncome,relative_plus_5,0.05,12500.0,13125.0,0.07983838287755414,0.08848960506110586,0.008651222183551716,0.008651222183551716,0,0,0,-1
gmsc,lightgbm,64,MonthlyIncome,relative_plus_5,0.05,12959.0,13606.95,0.27572869286326523,0.27572869286326523,0.0,0.0,0,0,0,-1
gmsc,lightgbm,65,MonthlyIncome,relative_plus_5,0.05,8750.0,9187.5,0.3901193599625518,0.4103926051275403,0.020273245164988463,0.020273245164988463,0,0,0,-1
gmsc,lightgbm,66,MonthlyIncome,relative_plus_5,0.05,3900.0,4095.0,0.14251343003654435,0.14251343003654435,0.0,0.0,0,0,0,-1
gmsc,lightgbm,67,MonthlyIncome,relative_plus_5,0.05,3899.0,4093.95,0.42152422623564395,0.42152422623564395,0.0,0.0,0,0,0,-1
gmsc,lightgbm,68,MonthlyIncome,relative_plus_5,0.05,11500.0,12075.0,0.1212328971978392,0.12098872789809588,-0.0002441692997433159,0.0002441692997433159,0,0,0,-1
gmsc,lightgbm,69,MonthlyIncome,relative_plus_5,0.05,5000.0,5250.0,0.5620282234727743,0.5542171073592176,-0.007811116113556671,0.007811116113556671,1,1,0,-1
gmsc,lightgbm,70,MonthlyIncome,relative_plus_5,0.05,4281.0,4495.05,0.4264114501848385,0.4264114501848385,0.0,0.0,0,0,0,-1
gmsc,lightgbm,71,MonthlyIncome,relative_plus_5,0.05,0.0,270.0,0.11528535367529104,0.12291667523260467,0.007631321557313636,0.007631321557313636,0,0,0,-1
gmsc,lightgbm,72,MonthlyIncome,relative_plus_5,0.05,2500.0,2625.0,0.18694209170398213,0.2030045276208653,0.016062435916883167,0.016062435916883167,0,0,0,-1
gmsc,lightgbm,73,MonthlyIncome,relative_plus_5,0.05,5000.0,5250.0,0.4189962251498132,0.4113061393101816,-0.0076900858396316,0.0076900858396316,0,0,0,-1
gmsc,lightgbm,74,MonthlyIncome,relative_plus_5,0.05,2000.0,2100.0,0.210992213581658,0.210992213581658,0.0,0.0,0,0,0,-1
gmsc,lightgbm,75,MonthlyIncome,relative_plus_5,0.05,5400.0,5670.0,0.5342256118004257,0.5627416578785244,0.028516046078098656,0.028516046078098656,1,1,0,-1
gmsc,lightgbm,76,MonthlyIncome,relative_plus_5,0.05,9784.0,10273.2,0.14869088239886066,0.12088566026269758,-0.027805222136163085,0.027805222136163085,0,0,0,-1
gmsc,lightgbm,77,MonthlyIncome,relative_plus_5,0.05,5400.0,5670.0,0.06703174942227336,0.10269993079826435,0.035668181375990995,0.035668181375990995,0,0,0,-1
gmsc,lightgbm,78,MonthlyIncome,relative_plus_5,0.05,5400.0,5670.0,0.06266917697987844,0.09154169493786568,0.028872517957987245,0.028872517957987245,0,0,0,-1
gmsc,lightgbm,79,MonthlyIncome,relative_plus_5,0.05,3400.0,3570.0,0.3139529328389652,0.3014020391683206,-0.012550893670644603,0.012550893670644603,0,0,0,-1
gmsc,lightgbm,80,MonthlyIncome,relative_plus_5,0.05,5400.0,5670.0,0.13302830629350945,0.19642047848826183,0.06339217219475238,0.06339217219475238,0,0,0,-1
gmsc,lightgbm,81,MonthlyIncome,relative_plus_5,0.05,3300.0,3465.0,0.1610671025822026,0.14801751524539813,-0.013049587336804475,0.013049587336804475,0,0,0,-1
gmsc,lightgbm,82,MonthlyIncome,relative_plus_5,0.05,7943.0,8340.15,0.39361810976909195,0.3892043766333421,-0.004413733135749831,0.004413733135749831,0,0,0,-1
gmsc,lightgbm,83,MonthlyIncome,relative_plus_5,0.05,4327.0,4543.35,0.07356231072502029,0.0724089755727533,-0.0011533351522669821,0.0011533351522669821,0,0,0,-1
gmsc,lightgbm,84,MonthlyIncome,relative_plus_5,0.05,4583.0,4812.15,0.6471402060773409,0.6471402060773409,0.0,0.0,1,1,0,-1
gmsc,lightgbm,85,MonthlyIncome,relative_plus_5,0.05,4077.0,4280.85,0.06895634900657907,0.0663719875518857,-0.0025843614546933735,0.0025843614546933735,0,0,0,-1
gmsc,lightgbm,86,MonthlyIncome,relative_plus_5,0.05,2430.0,2551.5,0.11410528051242601,0.10836145700898876,-0.005743823503437245,0.005743823503437245,0,0,0,-1
gmsc,lightgbm,87,MonthlyIncome,relative_plus_5,0.05,5400.0,5670.0,0.1006092467906027,0.11152142267219879,0.010912175881596098,0.010912175881596098,0,0,0,-1
gmsc,lightgbm,88,MonthlyIncome,relative_plus_5,0.05,5400.0,5670.0,0.126512958826711,0.1421146692843517,0.015601710457640722,0.015601710457640722,0,0,0,-1
gmsc,lightgbm,89,MonthlyIncome,relative_plus_5,0.05,6250.0,6562.5,0.3522704795855978,0.3508331182066949,-0.001437361378902935,0.001437361378902935,0,0,0,-1
gmsc,lightgbm,90,MonthlyIncome,relative_plus_5,0.05,5400.0,5670.0,0.04106193866788959,0.06385718397058378,0.022795245302694188,0.022795245302694188,0,0,0,-1
gmsc,lightgbm,91,MonthlyIncome,relative_plus_5,0.05,9645.0,10127.25,0.15372114734573783,0.14770658132193246,-0.006014566023805373,0.006014566023805373,0,0,0,-1
gmsc,lightgbm,92,MonthlyIncome,relative_plus_5,0.05,5400.0,5670.0,0.06485095205727061,0.06730314930988107,0.0024521972526104635,0.0024521972526104635,0,0,0,-1
gmsc,lightgbm,93,MonthlyIncome,relative_plus_5,0.05,5400.0,5670.0,0.09924642147480602,0.1440245693149129,0.04477814784010688,0.04477814784010688,0,0,0,-1
gmsc,lightgbm,94,MonthlyIncome,relative_plus_5,0.05,2481.0,2605.05,0.16680920152776404,0.16378262151168793,-0.0030265800160761136,0.0030265800160761136,0,0,0,-1
gmsc,lightgbm,95,MonthlyIncome,relative_plus_5,0.05,9916.0,10411.8,0.21924410434064803,0.20744124941938658,-0.011802854921261458,0.011802854921261458,0,0,0,-1
gmsc,lightgbm,96,MonthlyIncome,relative_plus_5,0.05,10000.0,10500.0,0.1131618927406001,0.08311040331249492,-0.030051489428105177,0.030051489428105177,0,0,0,-1
gmsc,lightgbm,97,MonthlyIncome,relative_plus_5,0.05,5400.0,5670.0,0.10806143941846993,0.12170473378096655,0.013643294362496616,0.013643294362496616,0,0,0,-1
gmsc,lightgbm,98,MonthlyIncome,relative_plus_5,0.05,6353.0,6670.65,0.4053784379973068,0.3648002787076524,-0.04057815928965436,0.04057815928965436,0,0,0,-1
gmsc,lightgbm,99,MonthlyIncome,relative_plus_5,0.05,3100.0,3255.0,0.9052932427250325,0.9077890566783382,0.00249581395330567,0.00249581395330567,1,1,0,-1
gmsc,lightgbm,0,MonthlyIncome,relative_minus_10,-0.1,12000.0,13200.0,0.09051292759777842,0.09971302052922681,0.009200092931448398,0.009200092931448398,0,0,0,-1
gmsc,lightgbm,1,MonthlyIncome,relative_minus_10,-0.1,9800.0,10780.0,0.07432795724364831,0.054210698491215153,-0.020117258752433156,0.020117258752433156,0,0,0,-1
gmsc,lightgbm,2,MonthlyIncome,relative_minus_10,-0.1,5400.0,5940.0,0.056660675741342766,0.08401708505918976,0.02735640931784699,0.02735640931784699,0,0,0,-1
gmsc,lightgbm,3,MonthlyIncome,relative_minus_10,-0.1,2916.0,3207.6,0.286464202572455,0.29092300402839866,0.004458801455943684,0.004458801455943684,0,0,0,-1
gmsc,lightgbm,4,MonthlyIncome,relative_minus_10,-0.1,3076.0,3383.6,0.10238192900656183,0.10138708809056161,-0.000994840916000217,0.000994840916000217,0,0,0,-1
gmsc,lightgbm,5,MonthlyIncome,relative_minus_10,-0.1,6015.0,6616.5,0.18604525641874214,0.18097863262394376,-0.005066623794798386,0.005066623794798386,0,0,0,-1
gmsc,lightgbm,6,MonthlyIncome,relative_minus_10,-0.1,6913.0,7604.3,0.23797486099678064,0.23797486099678064,0.0,0.0,0,0,0,-1
gmsc,lightgbm,7,MonthlyIncome,relative_minus_10,-0.1,13333.0,14666.3,0.1952165672674782,0.20390612319197174,0.008689555924493525,0.008689555924493525,0,0,0,-1
gmsc,lightgbm,8,MonthlyIncome,relative_minus_10,-0.1,7000.0,7700.0,0.1354653526779545,0.1354653526779545,0.0,0.0,0,0,0,-1
gmsc,lightgbm,9,MonthlyIncome,relative_minus_10,-0.1,3875.0,4262.5,0.4085309008746626,0.40881210073919105,0.0002811998645284586,0.0002811998645284586,0,0,0,-1
gmsc,lightgbm,10,MonthlyIncome,relative_minus_10,-0.1,5833.0,6416.3,0.4151340630771105,0.4115661129172616,-0.0035679501598488983,0.0035679501598488983,0,0,0,-1
gmsc,lightgbm,11,MonthlyIncome,relative_minus_10,-0.1,10583.0,11641.3,0.2344419755121663,0.23315543332665606,-0.0012865421855102477,0.0012865421855102477,0,0,0,-1
gmsc,lightgbm,12,MonthlyIncome,relative_minus_10,-0.1,5400.0,5940.0,0.04156783494420435,0.06462499823176318,0.02305716328755883,0.02305716328755883,0,0,0,-1
gmsc,lightgbm,13,MonthlyIncome,relative_minus_10,-0.1,5400.0,5940.0,0.8781305200687587,0.8899297956198252,0.011799275551066524,0.011799275551066524,1,1,0,-1
gmsc,lightgbm,14,MonthlyIncome,relative_minus_10,-0.1,5400.0,5940.0,0.30318348670534856,0.3322842976674298,0.029100810962081225,0.029100810962081225,0,0,0,-1
gmsc,lightgbm,15,MonthlyIncome,relative_minus_10,-0.1,12500.0,13750.0,0.27986218783007943,0.2873267538211041,0.007464565991024685,0.007464565991024685,0,0,0,-1
gmsc,lightgbm,16,MonthlyIncome,relative_minus_10,-0.1,6000.0,6600.0,0.4795715640243079,0.47113820788056376,-0.00843335614374413,0.00843335614374413,0,0,0,-1
gmsc,lightgbm,17,MonthlyIncome,relative_minus_10,-0.1,5400.0,5940.0,0.10036173784291944,0.11315623578242327,0.012794497939503838,0.012794497939503838,0,0,0,-1
gmsc,lightgbm,18,MonthlyIncome,relative_minus_10,-0.1,11362.0,12498.2,0.4332396231850946,0.46212878716010336,0.028889163975008736,0.028889163975008736,0,0,0,-1
gmsc,lightgbm,19,MonthlyIncome,relative_minus_10,-0.1,11666.0,12832.6,0.20706517488791176,0.22721961436249383,0.020154439474582064,0.020154439474582064,0,0,0,-1
gmsc,lightgbm,20,MonthlyIncome,relative_minus_10,-0.1,12416.0,13657.6,0.05708612745116283,0.06015925722462978,0.003073129773466951,0.003073129773466951,0,0,0,-1
gmsc,lightgbm,21,MonthlyIncome,relative_minus_10,-0.1,0.0,540.0,0.0755556455268635,0.08225848903841107,0.006702843511547568,0.006702843511547568,0,0,0,-1
gmsc,lightgbm,22,MonthlyIncome,relative_minus_10,-0.1,8134.0,8947.4,0.05695935088858043,0.054345586585674475,-0.002613764302905955,0.002613764302905955,0,0,0,-1
gmsc,lightgbm,23,MonthlyIncome,relative_minus_10,-0.1,9200.0,10120.0,0.08889571164479391,0.07523785365597743,-0.013657857988816482,0.013657857988816482,0,0,0,-1
gmsc,lightgbm,24,MonthlyIncome,relative_minus_10,-0.1,2183.0,2401.3,0.03569402945373115,0.03561021912203788,-8.381033169327368e-05,8.381033169327368e-05,0,0,0,-1
gmsc,lightgbm,25,MonthlyIncome,relative_minus_10,-0.1,2044.0,2248.4,0.485195355176274,0.485195355176274,0.0,0.0,0,0,0,-1
gmsc,lightgbm,26,MonthlyIncome,relative_minus_10,-0.1,5400.0,5940.0,0.4690330102001808,0.49848135155516954,0.02944834135498875,0.02944834135498875,0,0,0,-1
gmsc,lightgbm,27,MonthlyIncome,relative_minus_10,-0.1,3290.0,3619.0,0.15310886136230434,0.1424411907578476,-0.010667670604456725,0.010667670604456725,0,0,0,-1
gmsc,lightgbm,28,MonthlyIncome,relative_minus_10,-0.1,8333.0,9166.3,0.24706706865061875,0.2704633887187539,0.023396320068135162,0.023396320068135162,0,0,0,-1
gmsc,lightgbm,29,MonthlyIncome,relative_minus_10,-0.1,10000.0,11000.0,0.07280429517617616,0.06683246556522901,-0.005971829610947152,0.005971829610947152,0,0,0,-1
gmsc,lightgbm,30,MonthlyIncome,relative_minus_10,-0.1,2945.0,3239.5,0.2669688028729123,0.2622277448454241,-0.004741058027488199,0.004741058027488199,0,0,0,-1
gmsc,lightgbm,31,MonthlyIncome,relative_minus_10,-0.1,5400.0,5940.0,0.16812286485697317,0.18775298091385742,0.01963011605688425,0.01963011605688425,0,0,0,-1
gmsc,lightgbm,32,MonthlyIncome,relative_minus_10,-0.1,3500.0,3850.0,0.1358222660255187,0.13760450510635225,0.001782239080833553,0.001782239080833553,0,0,0,-1
gmsc,lightgbm,33,MonthlyIncome,relative_minus_10,-0.1,6400.0,7040.0,0.0907121359558535,0.09007450353317256,-0.0006376324226809449,0.0006376324226809449,0,0,0,-1
gmsc,lightgbm,34,MonthlyIncome,relative_minus_10,-0.1,6667.0,7333.7,0.5887765630991544,0.5887765630991544,0.0,0.0,1,1,0,-1
gmsc,lightgbm,35,MonthlyIncome,relative_minus_10,-0.1,4500.0,4950.0,0.7686376306323768,0.766809519351606,-0.0018281112807707611,0.0018281112807707611,1,1,0,-1
gmsc,lightgbm,36,MonthlyIncome,relative_minus_10,-0.1,4917.0,5408.7,0.20383228110756807,0.19497648413418509,-0.008855796973382984,0.008855796973382984,0,0,0,-1
gmsc,lightgbm,37,MonthlyIncome,relative_minus_10,-0.1,5400.0,5940.0,0.36583164209666225,0.39751529533756136,0.03168365324089911,0.03168365324089911,0,0,0,-1
gmsc,lightgbm,38,MonthlyIncome,relative_minus_10,-0.1,19237.0,21160.7,0.25782269826496373,0.2597529189794765,0.0019302207145127648,0.0019302207145127648,0,0,0,-1
gmsc,lightgbm,39,MonthlyIncome,relative_minus_10,-0.1,2610.0,2871.0,0.35851671570275906,0.3799197056518046,0.021402989949045548,0.021402989949045548,0,0,0,-1
gmsc,lightgbm,40,MonthlyIncome,relative_minus_10,-0.1,8850.0,9735.0,0.15809809532716768,0.18986447477471755,0.03176637944754987,0.03176637944754987,0,0,0,-1
gmsc,lightgbm,41,MonthlyIncome,relative_minus_10,-0.1,1833.0,2016.3,0.17767130123412736,0.23969214996836377,0.06202084873423641,0.06202084873423641,0,0,0,-1
gmsc,lightgbm,42,MonthlyIncome,relative_minus_10,-0.1,4799.0,5278.9,0.13142576347451704,0.12982938952673304,-0.0015963739477840022,0.0015963739477840022,0,0,0,-1
gmsc,lightgbm,43,MonthlyIncome,relative_minus_10,-0.1,5400.0,5940.0,0.5220123045323535,0.5506471435375313,0.028634839005177826,0.028634839005177826,1,1,0,-1
gmsc,lightgbm,44,MonthlyIncome,relative_minus_10,-0.1,6331.0,6964.1,0.10248475676544401,0.09832750801282371,-0.004157248752620302,0.004157248752620302,0,0,0,-1
gmsc,lightgbm,45,MonthlyIncome,relative_minus_10,-0.1,4266.0,4692.6,0.134509615497707,0.13069266956149772,-0.003816945936209293,0.003816945936209293,0,0,0,-1
gmsc,lightgbm,46,MonthlyIncome,relative_minus_10,-0.1,5400.0,5940.0,0.24542503658751236,0.3412930679902412,0.09586803140272881,0.09586803140272881,0,0,0,-1
gmsc,lightgbm,47,MonthlyIncome,relative_minus_10,-0.1,2000.0,2200.0,0.06429004529354826,0.06429004529354826,0.0,0.0,0,0,0,-1
gmsc,lightgbm,48,MonthlyIncome,relative_minus_10,-0.1,5400.0,5940.0,0.08494795229441349,0.0959870989231782,0.011039146628764707,0.011039146628764707,0,0,0,-1
gmsc,lightgbm,49,MonthlyIncome,relative_minus_10,-0.1,3000.0,3300.0,0.032964158323007746,0.03303781312244462,7.36547994368772e-05,7.36547994368772e-05,0,0,0,-1
gmsc,lightgbm,50,MonthlyIncome,relative_minus_10,-0.1,2216.0,2437.6,0.15598569074603788,0.14980397389582029,-0.0061817168502175945,0.0061817168502175945,0,0,0,-1
gmsc,lightgbm,51,MonthlyIncome,relative_minus_10,-0.1,5400.0,5940.0,0.2427114365476945,0.26824229989156445,0.025530863343869947,0.025530863343869947,0,0,0,-1
gmsc,lightgbm,52,MonthlyIncome,relative_minus_10,-0.1,5400.0,5940.0,0.04278071258564872,0.06388958627118965,0.02110887368554093,0.02110887368554093,0,0,0,-1
gmsc,lightgbm,53,MonthlyIncome,relative_minus_10,-0.1,4583.0,5041.3,0.8459631804707949,0.8435457989071753,-0.0024173815636195917,0.0024173815636195917,1,1,0,-1
gmsc,lightgbm,54,MonthlyIncome,relative_minus_10,-0.1,695.0,764.5,0.9585025696211499,0.9585025696211499,0.0,0.0,1,1,0,-1
gmsc,lightgbm,55,MonthlyIncome,relative_minus_10,-0.1,5400.0,5940.0,0.05240087287788092,0.07787037562587613,0.025469502747995212,0.025469502747995212,0,0,0,-1
gmsc,lightgbm,56,MonthlyIncome,relative_minus_10,-0.1,3500.0,3850.0,0.16633030838518062,0.16444334027095192,-0.0018869681142286987,0.0018869681142286987,0,0,0,-1
gmsc,lightgbm,57,MonthlyIncome,relative_minus_10,-0.1,1640.0,1804.0,0.5855679032449771,0.5836116351874141,-0.001956268057562993,0.001956268057562993,1,1,0,-1
gmsc,lightgbm,58,MonthlyIncome,relative_minus_10,-0.1,3853.0,4238.3,0.7120052536243187,0.7150880571299367,0.0030828035056180703,0.0030828035056180703,1,1,0,-1
gmsc,lightgbm,59,MonthlyIncome,relative_minus_10,-0.1,5920.0,6512.0,0.6081127081916137,0.6066090754248848,-0.001503632766728824,0.001503632766728824,1,1,0,-1
gmsc,lightgbm,60,MonthlyIncome,relative_minus_10,-0.1,5275.0,5802.5,0.19907747746451288,0.18825224685806474,-0.010825230606448133,0.010825230606448133,0,0,0,-1
gmsc,lightgbm,61,MonthlyIncome,relative_minus_10,-0.1,5347.0,5881.7,0.3321226038071093,0.3320003502945013,-0.00012225351260797268,0.00012225351260797268,0,0,0,-1
gmsc,lightgbm,62,MonthlyIncome,relative_minus_10,-0.1,10000.0,11000.0,0.49700932793678176,0.45619346681272327,-0.040815861124058495,0.040815861124058495,0,0,0,-1
gmsc,lightgbm,63,MonthlyIncome,relative_minus_10,-0.1,12500.0,13750.0,0.07983838287755414,0.08848960506110586,0.008651222183551716,0.008651222183551716,0,0,0,-1
gmsc,lightgbm,64,MonthlyIncome,relative_minus_10,-0.1,12959.0,14254.9,0.27572869286326523,0.27572869286326523,0.0,0.0,0,0,0,-1
gmsc,lightgbm,65,MonthlyIncome,relative_minus_10,-0.1,8750.0,9625.0,0.3901193599625518,0.4103926051275403,0.020273245164988463,0.020273245164988463,0,0,0,-1
gmsc,lightgbm,66,MonthlyIncome,relative_minus_10,-0.1,3900.0,4290.0,0.14251343003654435,0.14596027458821567,0.003446844551671324,0.003446844551671324,0,0,0,-1
gmsc,lightgbm,67,MonthlyIncome,relative_minus_10,-0.1,3899.0,4288.9,0.42152422623564395,0.4277837051527256,0.006259478917081673,0.006259478917081673,0,0,0,-1
gmsc,lightgbm,68,MonthlyIncome,relative_minus_10,-0.1,11500.0,12650.0,0.1212328971978392,0.1260801720294027,0.004847274831563497,0.004847274831563497,0,0,0,-1
gmsc,lightgbm,69,MonthlyIncome,relative_minus_10,-0.1,5000.0,5500.0,0.5620282234727743,0.5355089632543952,-0.026519260218379026,0.026519260218379026,1,1,0,-1
gmsc,lightgbm,70,MonthlyIncome,relative_minus_10,-0.1,4281.0,4709.1,0.4264114501848385,0.4218172370713652,-0.0045942131134733,0.0045942131134733,0,0,0,-1
gmsc,lightgbm,71,MonthlyIncome,relative_minus_10,-0.1,0.0,540.0,0.11528535367529104,0.13180111204909992,0.016515758373808878,0.016515758373808878,0,0,0,-1
gmsc,lightgbm,72,MonthlyIncome,relative_minus_10,-0.1,2500.0,2750.0,0.18694209170398213,0.21337255573181801,0.026430464027835887,0.026430464027835887,0,0,0,-1
gmsc,lightgbm,73,MonthlyIncome,relative_minus_10,-0.1,5000.0,5500.0,0.4189962251498132,0.3791077334367088,-0.039888491713104435,0.039888491713104435,0,0,0,-1
gmsc,lightgbm,74,MonthlyIncome,relative_minus_10,-0.1,2000.0,2200.0,0.210992213581658,0.210992213581658,0.0,0.0,0,0,0,-1
gmsc,lightgbm,75,MonthlyIncome,relative_minus_10,-0.1,5400.0,5940.0,0.5342256118004257,0.5627416578785244,0.028516046078098656,0.028516046078098656,1,1,0,-1
gmsc,lightgbm,76,MonthlyIncome,relative_minus_10,-0.1,9784.0,10762.4,0.14869088239886066,0.11677750337320116,-0.03191337902565951,0.03191337902565951,0,0,0,-1
gmsc,lightgbm,77,MonthlyIncome,relative_minus_10,-0.1,5400.0,5940.0,0.06703174942227336,0.11569375384960884,0.04866200442733548,0.04866200442733548,0,0,0,-1
gmsc,lightgbm,78,MonthlyIncome,relative_minus_10,-0.1,5400.0,5940.0,0.06266917697987844,0.09154169493786568,0.028872517957987245,0.028872517957987245,0,0,0,-1
gmsc,lightgbm,79,MonthlyIncome,relative_minus_10,-0.1,3400.0,3740.0,0.3139529328389652,0.3014020391683206,-0.012550893670644603,0.012550893670644603,0,0,0,-1
gmsc,lightgbm,80,MonthlyIncome,relative_minus_10,-0.1,5400.0,5940.0,0.13302830629350945,0.2098958557255966,0.07686754943208715,0.07686754943208715,0,0,0,-1
gmsc,lightgbm,81,MonthlyIncome,relative_minus_10,-0.1,3300.0,3630.0,0.1610671025822026,0.15326272419393505,-0.007804378388267558,0.007804378388267558,0,0,0,-1
gmsc,lightgbm,82,MonthlyIncome,relative_minus_10,-0.1,7943.0,8737.3,0.39361810976909195,0.3873140324715564,-0.006304077297535571,0.006304077297535571,0,0,0,-1
gmsc,lightgbm,83,MonthlyIncome,relative_minus_10,-0.1,4327.0,4759.7,0.07356231072502029,0.0724089755727533,-0.0011533351522669821,0.0011533351522669821,0,0,0,-1
gmsc,lightgbm,84,MonthlyIncome,relative_minus_10,-0.1,4583.0,5041.3,0.6471402060773409,0.6380545651416348,-0.009085640935706074,0.009085640935706074,1,1,0,-1
gmsc,lightgbm,85,MonthlyIncome,relative_minus_10,-0.1,4077.0,4484.7,0.06895634900657907,0.06332981563020368,-0.005626533376375392,0.005626533376375392,0,0,0,-1
gmsc,lightgbm,86,MonthlyIncome,relative_minus_10,-0.1,2430.0,2673.0,0.11410528051242601,0.11680086498942874,0.00269558447700273,0.00269558447700273,0,0,0,-1
gmsc,lightgbm,87,MonthlyIncome,relative_minus_10,-0.1,5400.0,5940.0,0.1006092467906027,0.11152142267219879,0.010912175881596098,0.010912175881596098,0,0,0,-1
gmsc,lightgbm,88,MonthlyIncome,relative_minus_10,-0.1,5400.0,5940.0,0.126512958826711,0.1421146692843517,0.015601710457640722,0.015601710457640722,0,0,0,-1
gmsc,lightgbm,89,MonthlyIncome,relative_minus_10,-0.1,6250.0,6875.0,0.3522704795855978,0.3480562293863531,-0.004214250199244707,0.004214250199244707,0,0,0,-1
gmsc,lightgbm,90,MonthlyIncome,relative_minus_10,-0.1,5400.0,5940.0,0.04106193866788959,0.0709799667966852,0.029918028128795605,0.029918028128795605,0,0,0,-1
gmsc,lightgbm,91,MonthlyIncome,relative_minus_10,-0.1,9645.0,10609.5,0.15372114734573783,0.1531870910443255,-0.0005340563014123167,0.0005340563014123167,0,0,0,-1
gmsc,lightgbm,92,MonthlyIncome,relative_minus_10,-0.1,5400.0,5940.0,0.06485095205727061,0.06730314930988107,0.0024521972526104635,0.0024521972526104635,0,0,0,-1
gmsc,lightgbm,93,MonthlyIncome,relative_minus_10,-0.1,5400.0,5940.0,0.09924642147480602,0.1440245693149129,0.04477814784010688,0.04477814784010688,0,0,0,-1
gmsc,lightgbm,94,MonthlyIncome,relative_minus_10,-0.1,2481.0,2729.1,0.16680920152776404,0.15140389348092054,-0.015405308046843508,0.015405308046843508,0,0,0,-1
gmsc,lightgbm,95,MonthlyIncome,relative_minus_10,-0.1,9916.0,10907.6,0.21924410434064803,0.21765186605519155,-0.0015922382854564876,0.0015922382854564876,0,0,0,-1
gmsc,lightgbm,96,MonthlyIncome,relative_minus_10,-0.1,10000.0,11000.0,0.1131618927406001,0.08497603018841182,-0.028185862552188273,0.028185862552188273,0,0,0,-1
gmsc,lightgbm,97,MonthlyIncome,relative_minus_10,-0.1,5400.0,5940.0,0.10806143941846993,0.12170473378096655,0.013643294362496616,0.013643294362496616,0,0,0,-1
gmsc,lightgbm,98,MonthlyIncome,relative_minus_10,-0.1,6353.0,6988.3,0.4053784379973068,0.3648002787076524,-0.04057815928965436,0.04057815928965436,0,0,0,-1
gmsc,lightgbm,99,MonthlyIncome,relative_minus_10,-0.1,3100.0,3410.0,0.9052932427250325,0.9105414702818482,0.005248227556815643,0.005248227556815643,1,1,0,-1
gmsc,lightgbm,0,MonthlyIncome,relative_plus_10,0.1,12000.0,13200.0,0.09051292759777842,0.09971302052922681,0.009200092931448398,0.009200092931448398,0,0,0,-1
gmsc,lightgbm,1,MonthlyIncome,relative_plus_10,0.1,9800.0,10780.0,0.07432795724364831,0.054210698491215153,-0.020117258752433156,0.020117258752433156,0,0,0,-1
gmsc,lightgbm,2,MonthlyIncome,relative_plus_10,0.1,5400.0,5940.0,0.056660675741342766,0.08401708505918976,0.02735640931784699,0.02735640931784699,0,0,0,-1
gmsc,lightgbm,3,MonthlyIncome,relative_plus_10,0.1,2916.0,3207.6,0.286464202572455,0.29092300402839866,0.004458801455943684,0.004458801455943684,0,0,0,-1
gmsc,lightgbm,4,MonthlyIncome,relative_plus_10,0.1,3076.0,3383.6,0.10238192900656183,0.10138708809056161,-0.000994840916000217,0.000994840916000217,0,0,0,-1
gmsc,lightgbm,5,MonthlyIncome,relative_plus_10,0.1,6015.0,6616.5,0.18604525641874214,0.18097863262394376,-0.005066623794798386,0.005066623794798386,0,0,0,-1
gmsc,lightgbm,6,MonthlyIncome,relative_plus_10,0.1,6913.0,7604.3,0.23797486099678064,0.23797486099678064,0.0,0.0,0,0,0,-1
gmsc,lightgbm,7,MonthlyIncome,relative_plus_10,0.1,13333.0,14666.3,0.1952165672674782,0.20390612319197174,0.008689555924493525,0.008689555924493525,0,0,0,-1
gmsc,lightgbm,8,MonthlyIncome,relative_plus_10,0.1,7000.0,7700.0,0.1354653526779545,0.1354653526779545,0.0,0.0,0,0,0,-1
gmsc,lightgbm,9,MonthlyIncome,relative_plus_10,0.1,3875.0,4262.5,0.4085309008746626,0.40881210073919105,0.0002811998645284586,0.0002811998645284586,0,0,0,-1
gmsc,lightgbm,10,MonthlyIncome,relative_plus_10,0.1,5833.0,6416.3,0.4151340630771105,0.4115661129172616,-0.0035679501598488983,0.0035679501598488983,0,0,0,-1
gmsc,lightgbm,11,MonthlyIncome,relative_plus_10,0.1,10583.0,11641.3,0.2344419755121663,0.23315543332665606,-0.0012865421855102477,0.0012865421855102477,0,0,0,-1
gmsc,lightgbm,12,MonthlyIncome,relative_plus_10,0.1,5400.0,5940.0,0.04156783494420435,0.06462499823176318,0.02305716328755883,0.02305716328755883,0,0,0,-1
gmsc,lightgbm,13,MonthlyIncome,relative_plus_10,0.1,5400.0,5940.0,0.8781305200687587,0.8899297956198252,0.011799275551066524,0.011799275551066524,1,1,0,-1
gmsc,lightgbm,14,MonthlyIncome,relative_plus_10,0.1,5400.0,5940.0,0.30318348670534856,0.3322842976674298,0.029100810962081225,0.029100810962081225,0,0,0,-1
gmsc,lightgbm,15,MonthlyIncome,relative_plus_10,0.1,12500.0,13750.0,0.27986218783007943,0.2873267538211041,0.007464565991024685,0.007464565991024685,0,0,0,-1
gmsc,lightgbm,16,MonthlyIncome,relative_plus_10,0.1,6000.0,6600.0,0.4795715640243079,0.47113820788056376,-0.00843335614374413,0.00843335614374413,0,0,0,-1
gmsc,lightgbm,17,MonthlyIncome,relative_plus_10,0.1,5400.0,5940.0,0.10036173784291944,0.11315623578242327,0.012794497939503838,0.012794497939503838,0,0,0,-1
gmsc,lightgbm,18,MonthlyIncome,relative_plus_10,0.1,11362.0,12498.2,0.4332396231850946,0.46212878716010336,0.028889163975008736,0.028889163975008736,0,0,0,-1
gmsc,lightgbm,19,MonthlyIncome,relative_plus_10,0.1,11666.0,12832.6,0.20706517488791176,0.22721961436249383,0.020154439474582064,0.020154439474582064,0,0,0,-1
gmsc,lightgbm,20,MonthlyIncome,relative_plus_10,0.1,12416.0,13657.6,0.05708612745116283,0.06015925722462978,0.003073129773466951,0.003073129773466951,0,0,0,-1
gmsc,lightgbm,21,MonthlyIncome,relative_plus_10,0.1,0.0,540.0,0.0755556455268635,0.08225848903841107,0.006702843511547568,0.006702843511547568,0,0,0,-1
gmsc,lightgbm,22,MonthlyIncome,relative_plus_10,0.1,8134.0,8947.4,0.05695935088858043,0.054345586585674475,-0.002613764302905955,0.002613764302905955,0,0,0,-1
gmsc,lightgbm,23,MonthlyIncome,relative_plus_10,0.1,9200.0,10120.0,0.08889571164479391,0.07523785365597743,-0.013657857988816482,0.013657857988816482,0,0,0,-1
gmsc,lightgbm,24,MonthlyIncome,relative_plus_10,0.1,2183.0,2401.3,0.03569402945373115,0.03561021912203788,-8.381033169327368e-05,8.381033169327368e-05,0,0,0,-1
gmsc,lightgbm,25,MonthlyIncome,relative_plus_10,0.1,2044.0,2248.4,0.485195355176274,0.485195355176274,0.0,0.0,0,0,0,-1
gmsc,lightgbm,26,MonthlyIncome,relative_plus_10,0.1,5400.0,5940.0,0.4690330102001808,0.49848135155516954,0.02944834135498875,0.02944834135498875,0,0,0,-1
gmsc,lightgbm,27,MonthlyIncome,relative_plus_10,0.1,3290.0,3619.0,0.15310886136230434,0.1424411907578476,-0.010667670604456725,0.010667670604456725,0,0,0,-1
gmsc,lightgbm,28,MonthlyIncome,relative_plus_10,0.1,8333.0,9166.3,0.24706706865061875,0.2704633887187539,0.023396320068135162,0.023396320068135162,0,0,0,-1
gmsc,lightgbm,29,MonthlyIncome,relative_plus_10,0.1,10000.0,11000.0,0.07280429517617616,0.06683246556522901,-0.005971829610947152,0.005971829610947152,0,0,0,-1
gmsc,lightgbm,30,MonthlyIncome,relative_plus_10,0.1,2945.0,3239.5,0.2669688028729123,0.2622277448454241,-0.004741058027488199,0.004741058027488199,0,0,0,-1
gmsc,lightgbm,31,MonthlyIncome,relative_plus_10,0.1,5400.0,5940.0,0.16812286485697317,0.18775298091385742,0.01963011605688425,0.01963011605688425,0,0,0,-1
gmsc,lightgbm,32,MonthlyIncome,relative_plus_10,0.1,3500.0,3850.0,0.1358222660255187,0.13760450510635225,0.001782239080833553,0.001782239080833553,0,0,0,-1
gmsc,lightgbm,33,MonthlyIncome,relative_plus_10,0.1,6400.0,7040.0,0.0907121359558535,0.09007450353317256,-0.0006376324226809449,0.0006376324226809449,0,0,0,-1
gmsc,lightgbm,34,MonthlyIncome,relative_plus_10,0.1,6667.0,7333.7,0.5887765630991544,0.5887765630991544,0.0,0.0,1,1,0,-1
gmsc,lightgbm,35,MonthlyIncome,relative_plus_10,0.1,4500.0,4950.0,0.7686376306323768,0.766809519351606,-0.0018281112807707611,0.0018281112807707611,1,1,0,-1
gmsc,lightgbm,36,MonthlyIncome,relative_plus_10,0.1,4917.0,5408.7,0.20383228110756807,0.19497648413418509,-0.008855796973382984,0.008855796973382984,0,0,0,-1
gmsc,lightgbm,37,MonthlyIncome,relative_plus_10,0.1,5400.0,5940.0,0.36583164209666225,0.39751529533756136,0.03168365324089911,0.03168365324089911,0,0,0,-1
gmsc,lightgbm,38,MonthlyIncome,relative_plus_10,0.1,19237.0,21160.7,0.25782269826496373,0.2597529189794765,0.0019302207145127648,0.0019302207145127648,0,0,0,-1
gmsc,lightgbm,39,MonthlyIncome,relative_plus_10,0.1,2610.0,2871.0,0.35851671570275906,0.3799197056518046,0.021402989949045548,0.021402989949045548,0,0,0,-1
gmsc,lightgbm,40,MonthlyIncome,relative_plus_10,0.1,8850.0,9735.0,0.15809809532716768,0.18986447477471755,0.03176637944754987,0.03176637944754987,0,0,0,-1
gmsc,lightgbm,41,MonthlyIncome,relative_plus_10,0.1,1833.0,2016.3,0.17767130123412736,0.23969214996836377,0.06202084873423641,0.06202084873423641,0,0,0,-1
gmsc,lightgbm,42,MonthlyIncome,relative_plus_10,0.1,4799.0,5278.9,0.13142576347451704,0.12982938952673304,-0.0015963739477840022,0.0015963739477840022,0,0,0,-1
gmsc,lightgbm,43,MonthlyIncome,relative_plus_10,0.1,5400.0,5940.0,0.5220123045323535,0.5506471435375313,0.028634839005177826,0.028634839005177826,1,1,0,-1
gmsc,lightgbm,44,MonthlyIncome,relative_plus_10,0.1,6331.0,6964.1,0.10248475676544401,0.09832750801282371,-0.004157248752620302,0.004157248752620302,0,0,0,-1
gmsc,lightgbm,45,MonthlyIncome,relative_plus_10,0.1,4266.0,4692.6,0.134509615497707,0.13069266956149772,-0.003816945936209293,0.003816945936209293,0,0,0,-1
gmsc,lightgbm,46,MonthlyIncome,relative_plus_10,0.1,5400.0,5940.0,0.24542503658751236,0.3412930679902412,0.09586803140272881,0.09586803140272881,0,0,0,-1
gmsc,lightgbm,47,MonthlyIncome,relative_plus_10,0.1,2000.0,2200.0,0.06429004529354826,0.06429004529354826,0.0,0.0,0,0,0,-1
gmsc,lightgbm,48,MonthlyIncome,relative_plus_10,0.1,5400.0,5940.0,0.08494795229441349,0.0959870989231782,0.011039146628764707,0.011039146628764707,0,0,0,-1
gmsc,lightgbm,49,MonthlyIncome,relative_plus_10,0.1,3000.0,3300.0,0.032964158323007746,0.03303781312244462,7.36547994368772e-05,7.36547994368772e-05,0,0,0,-1
gmsc,lightgbm,50,MonthlyIncome,relative_plus_10,0.1,2216.0,2437.6,0.15598569074603788,0.14980397389582029,-0.0061817168502175945,0.0061817168502175945,0,0,0,-1
gmsc,lightgbm,51,MonthlyIncome,relative_plus_10,0.1,5400.0,5940.0,0.2427114365476945,0.26824229989156445,0.025530863343869947,0.025530863343869947,0,0,0,-1
gmsc,lightgbm,52,MonthlyIncome,relative_plus_10,0.1,5400.0,5940.0,0.04278071258564872,0.06388958627118965,0.02110887368554093,0.02110887368554093,0,0,0,-1
gmsc,lightgbm,53,MonthlyIncome,relative_plus_10,0.1,4583.0,5041.3,0.8459631804707949,0.8435457989071753,-0.0024173815636195917,0.0024173815636195917,1,1,0,-1
gmsc,lightgbm,54,MonthlyIncome,relative_plus_10,0.1,695.0,764.5,0.9585025696211499,0.9585025696211499,0.0,0.0,1,1,0,-1
gmsc,lightgbm,55,MonthlyIncome,relative_plus_10,0.1,5400.0,5940.0,0.05240087287788092,0.07787037562587613,0.025469502747995212,0.025469502747995212,0,0,0,-1
gmsc,lightgbm,56,MonthlyIncome,relative_plus_10,0.1,3500.0,3850.0,0.16633030838518062,0.16444334027095192,-0.0018869681142286987,0.0018869681142286987,0,0,0,-1
gmsc,lightgbm,57,MonthlyIncome,relative_plus_10,0.1,1640.0,1804.0,0.5855679032449771,0.5836116351874141,-0.001956268057562993,0.001956268057562993,1,1,0,-1
gmsc,lightgbm,58,MonthlyIncome,relative_plus_10,0.1,3853.0,4238.3,0.7120052536243187,0.7150880571299367,0.0030828035056180703,0.0030828035056180703,1,1,0,-1
gmsc,lightgbm,59,MonthlyIncome,relative_plus_10,0.1,5920.0,6512.0,0.6081127081916137,0.6066090754248848,-0.001503632766728824,0.001503632766728824,1,1,0,-1
gmsc,lightgbm,60,MonthlyIncome,relative_plus_10,0.1,5275.0,5802.5,0.19907747746451288,0.18825224685806474,-0.010825230606448133,0.010825230606448133,0,0,0,-1
gmsc,lightgbm,61,MonthlyIncome,relative_plus_10,0.1,5347.0,5881.7,0.3321226038071093,0.3320003502945013,-0.00012225351260797268,0.00012225351260797268,0,0,0,-1
gmsc,lightgbm,62,MonthlyIncome,relative_plus_10,0.1,10000.0,11000.0,0.49700932793678176,0.45619346681272327,-0.040815861124058495,0.040815861124058495,0,0,0,-1
gmsc,lightgbm,63,MonthlyIncome,relative_plus_10,0.1,12500.0,13750.0,0.07983838287755414,0.08848960506110586,0.008651222183551716,0.008651222183551716,0,0,0,-1
gmsc,lightgbm,64,MonthlyIncome,relative_plus_10,0.1,12959.0,14254.9,0.27572869286326523,0.27572869286326523,0.0,0.0,0,0,0,-1
gmsc,lightgbm,65,MonthlyIncome,relative_plus_10,0.1,8750.0,9625.0,0.3901193599625518,0.4103926051275403,0.020273245164988463,0.020273245164988463,0,0,0,-1
gmsc,lightgbm,66,MonthlyIncome,relative_plus_10,0.1,3900.0,4290.0,0.14251343003654435,0.14596027458821567,0.003446844551671324,0.003446844551671324,0,0,0,-1
gmsc,lightgbm,67,MonthlyIncome,relative_plus_10,0.1,3899.0,4288.9,0.42152422623564395,0.4277837051527256,0.006259478917081673,0.006259478917081673,0,0,0,-1
gmsc,lightgbm,68,MonthlyIncome,relative_plus_10,0.1,11500.0,12650.0,0.1212328971978392,0.1260801720294027,0.004847274831563497,0.004847274831563497,0,0,0,-1
gmsc,lightgbm,69,MonthlyIncome,relative_plus_10,0.1,5000.0,5500.0,0.5620282234727743,0.5355089632543952,-0.026519260218379026,0.026519260218379026,1,1,0,-1
gmsc,lightgbm,70,MonthlyIncome,relative_plus_10,0.1,4281.0,4709.1,0.4264114501848385,0.4218172370713652,-0.0045942131134733,0.0045942131134733,0,0,0,-1
gmsc,lightgbm,71,MonthlyIncome,relative_plus_10,0.1,0.0,540.0,0.11528535367529104,0.13180111204909992,0.016515758373808878,0.016515758373808878,0,0,0,-1
gmsc,lightgbm,72,MonthlyIncome,relative_plus_10,0.1,2500.0,2750.0,0.18694209170398213,0.21337255573181801,0.026430464027835887,0.026430464027835887,0,0,0,-1
gmsc,lightgbm,73,MonthlyIncome,relative_plus_10,0.1,5000.0,5500.0,0.4189962251498132,0.3791077334367088,-0.039888491713104435,0.039888491713104435,0,0,0,-1
gmsc,lightgbm,74,MonthlyIncome,relative_plus_10,0.1,2000.0,2200.0,0.210992213581658,0.210992213581658,0.0,0.0,0,0,0,-1
gmsc,lightgbm,75,MonthlyIncome,relative_plus_10,0.1,5400.0,5940.0,0.5342256118004257,0.5627416578785244,0.028516046078098656,0.028516046078098656,1,1,0,-1
gmsc,lightgbm,76,MonthlyIncome,relative_plus_10,0.1,9784.0,10762.4,0.14869088239886066,0.11677750337320116,-0.03191337902565951,0.03191337902565951,0,0,0,-1
gmsc,lightgbm,77,MonthlyIncome,relative_plus_10,0.1,5400.0,5940.0,0.06703174942227336,0.11569375384960884,0.04866200442733548,0.04866200442733548,0,0,0,-1
gmsc,lightgbm,78,MonthlyIncome,relative_plus_10,0.1,5400.0,5940.0,0.06266917697987844,0.09154169493786568,0.028872517957987245,0.028872517957987245,0,0,0,-1
gmsc,lightgbm,79,MonthlyIncome,relative_plus_10,0.1,3400.0,3740.0,0.3139529328389652,0.3014020391683206,-0.012550893670644603,0.012550893670644603,0,0,0,-1
gmsc,lightgbm,80,MonthlyIncome,relative_plus_10,0.1,5400.0,5940.0,0.13302830629350945,0.2098958557255966,0.07686754943208715,0.07686754943208715,0,0,0,-1
gmsc,lightgbm,81,MonthlyIncome,relative_plus_10,0.1,3300.0,3630.0,0.1610671025822026,0.15326272419393505,-0.007804378388267558,0.007804378388267558,0,0,0,-1
gmsc,lightgbm,82,MonthlyIncome,relative_plus_10,0.1,7943.0,8737.3,0.39361810976909195,0.3873140324715564,-0.006304077297535571,0.006304077297535571,0,0,0,-1
gmsc,lightgbm,83,MonthlyIncome,relative_plus_10,0.1,4327.0,4759.7,0.07356231072502029,0.0724089755727533,-0.0011533351522669821,0.0011533351522669821,0,0,0,-1
gmsc,lightgbm,84,MonthlyIncome,relative_plus_10,0.1,4583.0,5041.3,0.6471402060773409,0.6380545651416348,-0.009085640935706074,0.009085640935706074,1,1,0,-1
gmsc,lightgbm,85,MonthlyIncome,relative_plus_10,0.1,4077.0,4484.7,0.06895634900657907,0.06332981563020368,-0.005626533376375392,0.005626533376375392,0,0,0,-1
gmsc,lightgbm,86,MonthlyIncome,relative_plus_10,0.1,2430.0,2673.0,0.11410528051242601,0.11680086498942874,0.00269558447700273,0.00269558447700273,0,0,0,-1
gmsc,lightgbm,87,MonthlyIncome,relative_plus_10,0.1,5400.0,5940.0,0.1006092467906027,0.11152142267219879,0.010912175881596098,0.010912175881596098,0,0,0,-1
gmsc,lightgbm,88,MonthlyIncome,relative_plus_10,0.1,5400.0,5940.0,0.126512958826711,0.1421146692843517,0.015601710457640722,0.015601710457640722,0,0,0,-1
gmsc,lightgbm,89,MonthlyIncome,relative_plus_10,0.1,6250.0,6875.0,0.3522704795855978,0.3480562293863531,-0.004214250199244707,0.004214250199244707,0,0,0,-1
gmsc,lightgbm,90,MonthlyIncome,relative_plus_10,0.1,5400.0,5940.0,0.04106193866788959,0.0709799667966852,0.029918028128795605,0.029918028128795605,0,0,0,-1
gmsc,lightgbm,91,MonthlyIncome,relative_plus_10,0.1,9645.0,10609.5,0.15372114734573783,0.1531870910443255,-0.0005340563014123167,0.0005340563014123167,0,0,0,-1
gmsc,lightgbm,92,MonthlyIncome,relative_plus_10,0.1,5400.0,5940.0,0.06485095205727061,0.06730314930988107,0.0024521972526104635,0.0024521972526104635,0,0,0,-1
gmsc,lightgbm,93,MonthlyIncome,relative_plus_10,0.1,5400.0,5940.0,0.09924642147480602,0.1440245693149129,0.04477814784010688,0.04477814784010688,0,0,0,-1
gmsc,lightgbm,94,MonthlyIncome,relative_plus_10,0.1,2481.0,2729.1,0.16680920152776404,0.15140389348092054,-0.015405308046843508,0.015405308046843508,0,0,0,-1
gmsc,lightgbm,95,MonthlyIncome,relative_plus_10,0.1,9916.0,10907.6,0.21924410434064803,0.21765186605519155,-0.0015922382854564876,0.0015922382854564876,0,0,0,-1
gmsc,lightgbm,96,MonthlyIncome,relative_plus_10,0.1,10000.0,11000.0,0.1131618927406001,0.08497603018841182,-0.028185862552188273,0.028185862552188273,0,0,0,-1
gmsc,lightgbm,97,MonthlyIncome,relative_plus_10,0.1,5400.0,5940.0,0.10806143941846993,0.12170473378096655,0.013643294362496616,0.013643294362496616,0,0,0,-1
gmsc,lightgbm,98,MonthlyIncome,relative_plus_10,0.1,6353.0,6988.3,0.4053784379973068,0.3648002787076524,-0.04057815928965436,0.04057815928965436,0,0,0,-1
gmsc,lightgbm,99,MonthlyIncome,relative_plus_10,0.1,3100.0,3410.0,0.9052932427250325,0.9105414702818482,0.005248227556815643,0.005248227556815643,1,1,0,-1
gmsc,lightgbm,0,NumberOfOpenCreditLinesAndLoans,relative_minus_5,-0.05,17.0,17.85,0.09051292759777842,0.08899964475515514,-0.0015132828426232814,0.0015132828426232814,0,0,0,-1
gmsc,lightgbm,1,NumberOfOpenCreditLinesAndLoans,relative_minus_5,-0.05,5.0,5.25,0.07432795724364831,0.07432795724364831,0.0,0.0,0,0,0,-1
gmsc,lightgbm,2,NumberOfOpenCreditLinesAndLoans,relative_minus_5,-0.05,5.0,5.25,0.056660675741342766,0.056660675741342766,0.0,0.0,0,0,0,-1
gmsc,lightgbm,3,NumberOfOpenCreditLinesAndLoans,relative_minus_5,-0.05,13.0,13.65,0.286464202572455,0.3096754347842534,0.023211232211798438,0.023211232211798438,0,0,0,-1
gmsc,lightgbm,4,NumberOfOpenCreditLinesAndLoans,relative_minus_5,-0.05,4.0,4.2,0.10238192900656183,0.10238192900656183,0.0,0.0,0,0,0,-1
gmsc,lightgbm,5,NumberOfOpenCreditLinesAndLoans,relative_minus_5,-0.05,8.0,8.4,0.18604525641874214,0.18604525641874214,0.0,0.0,0,0,0,-1
gmsc,lightgbm,6,NumberOfOpenCreditLinesAndLoans,relative_minus_5,-0.05,5.0,5.25,0.23797486099678064,0.23797486099678064,0.0,0.0,0,0,0,-1
gmsc,lightgbm,7,NumberOfOpenCreditLinesAndLoans,relative_minus_5,-0.05,3.0,3.15,0.1952165672674782,0.1952165672674782,0.0,0.0,0,0,0,-1
gmsc,lightgbm,8,NumberOfOpenCreditLinesAndLoans,relative_minus_5,-0.05,2.0,2.1,0.1354653526779545,0.1354653526779545,0.0,0.0,0,0,0,-1
gmsc,lightgbm,9,NumberOfOpenCreditLinesAndLoans,relative_minus_5,-0.05,6.0,6.3,0.4085309008746626,0.4085309008746626,0.0,0.0,0,0,0,-1
gmsc,lightgbm,10,NumberOfOpenCreditLinesAndLoans,relative_minus_5,-0.05,9.0,9.45,0.4151340630771105,0.4151340630771105,0.0,0.0,0,0,0,-1
gmsc,lightgbm,11,NumberOfOpenCreditLinesAndLoans,relative_minus_5,-0.05,14.0,14.7,0.2344419755121663,0.2716162982447368,0.037174322732570514,0.037174322732570514,0,0,0,-1
gmsc,lightgbm,12,NumberOfOpenCreditLinesAndLoans,relative_minus_5,-0.05,6.0,6.3,0.04156783494420435,0.04156783494420435,0.0,0.0,0,0,0,-1
gmsc,lightgbm,13,NumberOfOpenCreditLinesAndLoans,relative_minus_5,-0.05,0.0,0.35000000000000003,0.8781305200687587,0.8906788062010285,0.01254828613226977,0.01254828613226977,1,1,0,-1
gmsc,lightgbm,14,NumberOfOpenCreditLinesAndLoans,relative_minus_5,-0.05,4.0,4.2,0.30318348670534856,0.30318348670534856,0.0,0.0,0,0,0,-1
gmsc,lightgbm,15,NumberOfOpenCreditLinesAndLoans,relative_minus_5,-0.05,17.0,17.85,0.27986218783007943,0.27986218783007943,0.0,0.0,0,0,0,-1
gmsc,lightgbm,16,NumberOfOpenCreditLinesAndLoans,relative_minus_5,-0.05,4.0,4.2,0.4795715640243079,0.4795715640243079,0.0,0.0,0,0,0,-1
gmsc,lightgbm,17,NumberOfOpenCreditLinesAndLoans,relative_minus_5,-0.05,10.0,10.5,0.10036173784291944,0.10036173784291944,0.0,0.0,0,0,0,-1
gmsc,lightgbm,18,NumberOfOpenCreditLinesAndLoans,relative_minus_5,-0.05,3.0,3.15,0.4332396231850946,0.4332396231850946,0.0,0.0,0,0,0,-1
gmsc,lightgbm,19,NumberOfOpenCreditLinesAndLoans,relative_minus_5,-0.05,7.0,7.35,0.20706517488791176,0.20706517488791176,0.0,0.0,0,0,0,-1
gmsc,lightgbm,20,NumberOfOpenCreditLinesAndLoans,relative_minus_5,-0.05,6.0,6.3,0.05708612745116283,0.05708612745116283,0.0,0.0,0,0,0,-1
gmsc,lightgbm,21,NumberOfOpenCreditLinesAndLoans,relative_minus_5,-0.05,19.0,19.95,0.0755556455268635,0.0755556455268635,0.0,0.0,0,0,0,-1
gmsc,lightgbm,22,NumberOfOpenCreditLinesAndLoans,relative_minus_5,-0.05,2.0,2.1,0.05695935088858043,0.05695935088858043,0.0,0.0,0,0,0,-1
gmsc,lightgbm,23,NumberOfOpenCreditLinesAndLoans,relative_minus_5,-0.05,8.0,8.4,0.08889571164479391,0.08889571164479391,0.0,0.0,0,0,0,-1
gmsc,lightgbm,24,NumberOfOpenCreditLinesAndLoans,relative_minus_5,-0.05,4.0,4.2,0.03569402945373115,0.03569402945373115,0.0,0.0,0,0,0,-1
gmsc,lightgbm,25,NumberOfOpenCreditLinesAndLoans,relative_minus_5,-0.05,7.0,7.35,0.485195355176274,0.485195355176274,0.0,0.0,0,0,0,-1
gmsc,lightgbm,26,NumberOfOpenCreditLinesAndLoans,relative_minus_5,-0.05,5.0,5.25,0.4690330102001808,0.4690330102001808,0.0,0.0,0,0,0,-1
gmsc,lightgbm,27,NumberOfOpenCreditLinesAndLoans,relative_minus_5,-0.05,10.0,10.5,0.15310886136230434,0.15310886136230434,0.0,0.0,0,0,0,-1
gmsc,lightgbm,28,NumberOfOpenCreditLinesAndLoans,relative_minus_5,-0.05,1.0,1.05,0.24706706865061875,0.24706706865061875,0.0,0.0,0,0,0,-1
gmsc,lightgbm,29,NumberOfOpenCreditLinesAndLoans,relative_minus_5,-0.05,9.0,9.45,0.07280429517617616,0.07280429517617616,0.0,0.0,0,0,0,-1
gmsc,lightgbm,30,NumberOfOpenCreditLinesAndLoans,relative_minus_5,-0.05,13.0,13.65,0.2669688028729123,0.29127394695181213,0.024305144078899832,0.024305144078899832,0,0,0,-1
gmsc,lightgbm,31,NumberOfOpenCreditLinesAndLoans,relative_minus_5,-0.05,6.0,6.3,0.16812286485697317,0.16812286485697317,0.0,0.0,0,0,0,-1
gmsc,lightgbm,32,NumberOfOpenCreditLinesAndLoans,relative_minus_5,-0.05,3.0,3.15,0.1358222660255187,0.1358222660255187,0.0,0.0,0,0,0,-1
gmsc,lightgbm,33,NumberOfOpenCreditLinesAndLoans,relative_minus_5,-0.05,9.0,9.45,0.0907121359558535,0.0907121359558535,0.0,0.0,0,0,0,-1
gmsc,lightgbm,34,NumberOfOpenCreditLinesAndLoans,relative_minus_5,-0.05,10.0,10.5,0.5887765630991544,0.5887765630991544,0.0,0.0,1,1,0,-1
gmsc,lightgbm,35,NumberOfOpenCreditLinesAndLoans,relative_minus_5,-0.05,12.0,12.6,0.7686376306323768,0.76927486198738,0.0006372313550032649,0.0006372313550032649,1,1,0,-1
gmsc,lightgbm,36,NumberOfOpenCreditLinesAndLoans,relative_minus_5,-0.05,4.0,4.2,0.20383228110756807,0.20383228110756807,0.0,0.0,0,0,0,-1
gmsc,lightgbm,37,NumberOfOpenCreditLinesAndLoans,relative_minus_5,-0.05,3.0,3.15,0.36583164209666225,0.36583164209666225,0.0,0.0,0,0,0,-1
gmsc,lightgbm,38,NumberOfOpenCreditLinesAndLoans,relative_minus_5,-0.05,7.0,7.35,0.25782269826496373,0.25782269826496373,0.0,0.0,0,0,0,-1
gmsc,lightgbm,39,NumberOfOpenCreditLinesAndLoans,relative_minus_5,-0.05,14.0,14.7,0.35851671570275906,0.40270438253288326,0.044187666830124206,0.044187666830124206,0,0,0,-1
gmsc,lightgbm,40,NumberOfOpenCreditLinesAndLoans,relative_minus_5,-0.05,3.0,3.15,0.15809809532716768,0.15809809532716768,0.0,0.0,0,0,0,-1
gmsc,lightgbm,41,NumberOfOpenCreditLinesAndLoans,relative_minus_5,-0.05,15.0,15.75,0.17767130123412736,0.17767130123412736,0.0,0.0,0,0,0,-1
gmsc,lightgbm,42,NumberOfOpenCreditLinesAndLoans,relative_minus_5,-0.05,7.0,7.35,0.13142576347451704,0.13142576347451704,0.0,0.0,0,0,0,-1
gmsc,lightgbm,43,NumberOfOpenCreditLinesAndLoans,relative_minus_5,-0.05,8.0,8.4,0.5220123045323535,0.5220123045323535,0.0,0.0,1,1,0,-1
gmsc,lightgbm,44,NumberOfOpenCreditLinesAndLoans,relative_minus_5,-0.05,7.0,7.35,0.10248475676544401,0.10248475676544401,0.0,0.0,0,0,0,-1
gmsc,lightgbm,45,NumberOfOpenCreditLinesAndLoans,relative_minus_5,-0.05,9.0,9.45,0.134509615497707,0.134509615497707,0.0,0.0,0,0,0,-1
gmsc,lightgbm,46,NumberOfOpenCreditLinesAndLoans,relative_minus_5,-0.05,4.0,4.2,0.24542503658751236,0.24542503658751236,0.0,0.0,0,0,0,-1
gmsc,lightgbm,47,NumberOfOpenCreditLinesAndLoans,relative_minus_5,-0.05,7.0,7.35,0.06429004529354826,0.06429004529354826,0.0,0.0,0,0,0,-1
gmsc,lightgbm,48,NumberOfOpenCreditLinesAndLoans,relative_minus_5,-0.05,4.0,4.2,0.08494795229441349,0.08494795229441349,0.0,0.0,0,0,0,-1
gmsc,lightgbm,49,NumberOfOpenCreditLinesAndLoans,relative_minus_5,-0.05,1.0,1.05,0.032964158323007746,0.032964158323007746,0.0,0.0,0,0,0,-1
gmsc,lightgbm,50,NumberOfOpenCreditLinesAndLoans,relative_minus_5,-0.05,6.0,6.3,0.15598569074603788,0.15598569074603788,0.0,0.0,0,0,0,-1
gmsc,lightgbm,51,NumberOfOpenCreditLinesAndLoans,relative_minus_5,-0.05,21.0,22.05,0.2427114365476945,0.2427114365476945,0.0,0.0,0,0,0,-1
gmsc,lightgbm,52,NumberOfOpenCreditLinesAndLoans,relative_minus_5,-0.05,6.0,6.3,0.04278071258564872,0.04278071258564872,0.0,0.0,0,0,0,-1
gmsc,lightgbm,53,NumberOfOpenCreditLinesAndLoans,relative_minus_5,-0.05,3.0,3.15,0.8459631804707949,0.8459631804707949,0.0,0.0,1,1,0,-1
gmsc,lightgbm,54,NumberOfOpenCreditLinesAndLoans,relative_minus_5,-0.05,8.0,8.4,0.9585025696211499,0.9585025696211499,0.0,0.0,1,1,0,-1
gmsc,lightgbm,55,NumberOfOpenCreditLinesAndLoans,relative_minus_5,-0.05,12.0,12.6,0.05240087287788092,0.051374405413634215,-0.0010264674642467067,0.0010264674642467067,0,0,0,-1
gmsc,lightgbm,56,NumberOfOpenCreditLinesAndLoans,relative_minus_5,-0.05,6.0,6.3,0.16633030838518062,0.16633030838518062,0.0,0.0,0,0,0,-1
gmsc,lightgbm,57,NumberOfOpenCreditLinesAndLoans,relative_minus_5,-0.05,2.0,2.1,0.5855679032449771,0.5855679032449771,0.0,0.0,1,1,0,-1
gmsc,lightgbm,58,NumberOfOpenCreditLinesAndLoans,relative_minus_5,-0.05,3.0,3.15,0.7120052536243187,0.7120052536243187,0.0,0.0,1,1,0,-1
gmsc,lightgbm,59,NumberOfOpenCreditLinesAndLoans,relative_minus_5,-0.05,10.0,10.5,0.6081127081916137,0.6081127081916137,0.0,0.0,1,1,0,-1
gmsc,lightgbm,60,NumberOfOpenCreditLinesAndLoans,relative_minus_5,-0.05,4.0,4.2,0.19907747746451288,0.19907747746451288,0.0,0.0,0,0,0,-1
gmsc,lightgbm,61,NumberOfOpenCreditLinesAndLoans,relative_minus_5,-0.05,12.0,12.6,0.3321226038071093,0.32751053531908286,-0.004612068488026422,0.004612068488026422,0,0,0,-1
gmsc,lightgbm,62,NumberOfOpenCreditLinesAndLoans,relative_minus_5,-0.05,7.0,7.35,0.49700932793678176,0.49700932793678176,0.0,0.0,0,0,0,-1
gmsc,lightgbm,63,NumberOfOpenCreditLinesAndLoans,relative_minus_5,-0.05,5.0,5.25,0.07983838287755414,0.07983838287755414,0.0,0.0,0,0,0,-1
gmsc,lightgbm,64,NumberOfOpenCreditLinesAndLoans,relative_minus_5,-0.05,9.0,9.45,0.27572869286326523,0.27572869286326523,0.0,0.0,0,0,0,-1
gmsc,lightgbm,65,NumberOfOpenCreditLinesAndLoans,relative_minus_5,-0.05,4.0,4.2,0.3901193599625518,0.3901193599625518,0.0,0.0,0,0,0,-1
gmsc,lightgbm,66,NumberOfOpenCreditLinesAndLoans,relative_minus_5,-0.05,6.0,6.3,0.14251343003654435,0.14251343003654435,0.0,0.0,0,0,0,-1
gmsc,lightgbm,67,NumberOfOpenCreditLinesAndLoans,relative_minus_5,-0.05,3.0,3.15,0.42152422623564395,0.42152422623564395,0.0,0.0,0,0,0,-1
gmsc,lightgbm,68,NumberOfOpenCreditLinesAndLoans,relative_minus_5,-0.05,4.0,4.2,0.1212328971978392,0.1212328971978392,0.0,0.0,0,0,0,-1
gmsc,lightgbm,69,NumberOfOpenCreditLinesAndLoans,relative_minus_5,-0.05,10.0,10.5,0.5620282234727743,0.5620282234727743,0.0,0.0,1,1,0,-1
gmsc,lightgbm,70,NumberOfOpenCreditLinesAndLoans,relative_minus_5,-0.05,14.0,14.7,0.4264114501848385,0.4547035352050057,0.028292085020167224,0.028292085020167224,0,0,0,-1
gmsc,lightgbm,71,NumberOfOpenCreditLinesAndLoans,relative_minus_5,-0.05,6.0,6.3,0.11528535367529104,0.11528535367529104,0.0,0.0,0,0,0,-1
gmsc,lightgbm,72,NumberOfOpenCreditLinesAndLoans,relative_minus_5,-0.05,11.0,11.55,0.18694209170398213,0.18694209170398213,0.0,0.0,0,0,0,-1
gmsc,lightgbm,73,NumberOfOpenCreditLinesAndLoans,relative_minus_5,-0.05,9.0,9.45,0.4189962251498132,0.4189962251498132,0.0,0.0,0,0,0,-1
gmsc,lightgbm,74,NumberOfOpenCreditLinesAndLoans,relative_minus_5,-0.05,3.0,3.15,0.210992213581658,0.210992213581658,0.0,0.0,0,0,0,-1
gmsc,lightgbm,75,NumberOfOpenCreditLinesAndLoans,relative_minus_5,-0.05,2.0,2.1,0.5342256118004257,0.5342256118004257,0.0,0.0,1,1,0,-1
gmsc,lightgbm,76,NumberOfOpenCreditLinesAndLoans,relative_minus_5,-0.05,18.0,18.9,0.14869088239886066,0.14425069871562024,-0.004440183683240423,0.004440183683240423,0,0,0,-1
gmsc,lightgbm,77,NumberOfOpenCreditLinesAndLoans,relative_minus_5,-0.05,8.0,8.4,0.06703174942227336,0.06703174942227336,0.0,0.0,0,0,0,-1
gmsc,lightgbm,78,NumberOfOpenCreditLinesAndLoans,relative_minus_5,-0.05,6.0,6.3,0.06266917697987844,0.06266917697987844,0.0,0.0,0,0,0,-1
gmsc,lightgbm,79,NumberOfOpenCreditLinesAndLoans,relative_minus_5,-0.05,5.0,5.25,0.3139529328389652,0.3139529328389652,0.0,0.0,0,0,0,-1
gmsc,lightgbm,80,NumberOfOpenCreditLinesAndLoans,relative_minus_5,-0.05,8.0,8.4,0.13302830629350945,0.13302830629350945,0.0,0.0,0,0,0,-1
gmsc,lightgbm,81,NumberOfOpenCreditLinesAndLoans,relative_minus_5,-0.05,7.0,7.35,0.1610671025822026,0.1610671025822026,0.0,0.0,0,0,0,-1
gmsc,lightgbm,82,NumberOfOpenCreditLinesAndLoans,relative_minus_5,-0.05,10.0,10.5,0.39361810976909195,0.39361810976909195,0.0,0.0,0,0,0,-1
gmsc,lightgbm,83,NumberOfOpenCreditLinesAndLoans,relative_minus_5,-0.05,14.0,14.7,0.07356231072502029,0.07764525480237017,0.0040829440773498815,0.0040829440773498815,0,0,0,-1
gmsc,lightgbm,84,NumberOfOpenCreditLinesAndLoans,relative_minus_5,-0.05,10.0,10.5,0.6471402060773409,0.6471402060773409,0.0,0.0,1,1,0,-1
gmsc,lightgbm,85,NumberOfOpenCreditLinesAndLoans,relative_minus_5,-0.05,6.0,6.3,0.06895634900657907,0.06895634900657907,0.0,0.0,0,0,0,-1
gmsc,lightgbm,86,NumberOfOpenCreditLinesAndLoans,relative_minus_5,-0.05,8.0,8.4,0.11410528051242601,0.11410528051242601,0.0,0.0,0,0,0,-1
gmsc,lightgbm,87,NumberOfOpenCreditLinesAndLoans,relative_minus_5,-0.05,5.0,5.25,0.1006092467906027,0.1006092467906027,0.0,0.0,0,0,0,-1
gmsc,lightgbm,88,NumberOfOpenCreditLinesAndLoans,relative_minus_5,-0.05,6.0,6.3,0.126512958826711,0.126512958826711,0.0,0.0,0,0,0,-1
gmsc,lightgbm,89,NumberOfOpenCreditLinesAndLoans,relative_minus_5,-0.05,3.0,3.15,0.3522704795855978,0.3522704795855978,0.0,0.0,0,0,0,-1
gmsc,lightgbm,90,NumberOfOpenCreditLinesAndLoans,relative_minus_5,-0.05,7.0,7.35,0.04106193866788959,0.04106193866788959,0.0,0.0,0,0,0,-1
gmsc,lightgbm,91,NumberOfOpenCreditLinesAndLoans,relative_minus_5,-0.05,20.0,21.0,0.15372114734573783,0.15372114734573783,0.0,0.0,0,0,0,-1
gmsc,lightgbm,92,NumberOfOpenCreditLinesAndLoans,relative_minus_5,-0.05,1.0,1.05,0.06485095205727061,0.06485095205727061,0.0,0.0,0,0,0,-1
gmsc,lightgbm,93,NumberOfOpenCreditLinesAndLoans,relative_minus_5,-0.05,15.0,15.75,0.09924642147480602,0.09924642147480602,0.0,0.0,0,0,0,-1
gmsc,lightgbm,94,NumberOfOpenCreditLinesAndLoans,relative_minus_5,-0.05,10.0,10.5,0.16680920152776404,0.16680920152776404,0.0,0.0,0,0,0,-1
gmsc,lightgbm,95,NumberOfOpenCreditLinesAndLoans,relative_minus_5,-0.05,8.0,8.4,0.21924410434064803,0.21924410434064803,0.0,0.0,0,0,0,-1
gmsc,lightgbm,96,NumberOfOpenCreditLinesAndLoans,relative_minus_5,-0.05,3.0,3.15,0.1131618927406001,0.1131618927406001,0.0,0.0,0,0,0,-1
gmsc,lightgbm,97,NumberOfOpenCreditLinesAndLoans,relative_minus_5,-0.05,11.0,11.55,0.10806143941846993,0.10806143941846993,0.0,0.0,0,0,0,-1
gmsc,lightgbm,98,NumberOfOpenCreditLinesAndLoans,relative_minus_5,-0.05,9.0,9.45,0.4053784379973068,0.4053784379973068,0.0,0.0,0,0,0,-1
gmsc,lightgbm,99,NumberOfOpenCreditLinesAndLoans,relative_minus_5,-0.05,19.0,19.95,0.9052932427250325,0.9052932427250325,0.0,0.0,1,1,0,-1
gmsc,lightgbm,0,NumberOfOpenCreditLinesAndLoans,relative_plus_5,0.05,17.0,17.85,0.09051292759777842,0.08899964475515514,-0.0015132828426232814,0.0015132828426232814,0,0,0,-1
gmsc,lightgbm,1,NumberOfOpenCreditLinesAndLoans,relative_plus_5,0.05,5.0,5.25,0.07432795724364831,0.07432795724364831,0.0,0.0,0,0,0,-1
gmsc,lightgbm,2,NumberOfOpenCreditLinesAndLoans,relative_plus_5,0.05,5.0,5.25,0.056660675741342766,0.056660675741342766,0.0,0.0,0,0,0,-1
gmsc,lightgbm,3,NumberOfOpenCreditLinesAndLoans,relative_plus_5,0.05,13.0,13.65,0.286464202572455,0.3096754347842534,0.023211232211798438,0.023211232211798438,0,0,0,-1
gmsc,lightgbm,4,NumberOfOpenCreditLinesAndLoans,relative_plus_5,0.05,4.0,4.2,0.10238192900656183,0.10238192900656183,0.0,0.0,0,0,0,-1
gmsc,lightgbm,5,NumberOfOpenCreditLinesAndLoans,relative_plus_5,0.05,8.0,8.4,0.18604525641874214,0.18604525641874214,0.0,0.0,0,0,0,-1
gmsc,lightgbm,6,NumberOfOpenCreditLinesAndLoans,relative_plus_5,0.05,5.0,5.25,0.23797486099678064,0.23797486099678064,0.0,0.0,0,0,0,-1
gmsc,lightgbm,7,NumberOfOpenCreditLinesAndLoans,relative_plus_5,0.05,3.0,3.15,0.1952165672674782,0.1952165672674782,0.0,0.0,0,0,0,-1
gmsc,lightgbm,8,NumberOfOpenCreditLinesAndLoans,relative_plus_5,0.05,2.0,2.1,0.1354653526779545,0.1354653526779545,0.0,0.0,0,0,0,-1
gmsc,lightgbm,9,NumberOfOpenCreditLinesAndLoans,relative_plus_5,0.05,6.0,6.3,0.4085309008746626,0.4085309008746626,0.0,0.0,0,0,0,-1
gmsc,lightgbm,10,NumberOfOpenCreditLinesAndLoans,relative_plus_5,0.05,9.0,9.45,0.4151340630771105,0.4151340630771105,0.0,0.0,0,0,0,-1
gmsc,lightgbm,11,NumberOfOpenCreditLinesAndLoans,relative_plus_5,0.05,14.0,14.7,0.2344419755121663,0.2716162982447368,0.037174322732570514,0.037174322732570514,0,0,0,-1
gmsc,lightgbm,12,NumberOfOpenCreditLinesAndLoans,relative_plus_5,0.05,6.0,6.3,0.04156783494420435,0.04156783494420435,0.0,0.0,0,0,0,-1
gmsc,lightgbm,13,NumberOfOpenCreditLinesAndLoans,relative_plus_5,0.05,0.0,0.35000000000000003,0.8781305200687587,0.8906788062010285,0.01254828613226977,0.01254828613226977,1,1,0,-1
gmsc,lightgbm,14,NumberOfOpenCreditLinesAndLoans,relative_plus_5,0.05,4.0,4.2,0.30318348670534856,0.30318348670534856,0.0,0.0,0,0,0,-1
gmsc,lightgbm,15,NumberOfOpenCreditLinesAndLoans,relative_plus_5,0.05,17.0,17.85,0.27986218783007943,0.27986218783007943,0.0,0.0,0,0,0,-1
gmsc,lightgbm,16,NumberOfOpenCreditLinesAndLoans,relative_plus_5,0.05,4.0,4.2,0.4795715640243079,0.4795715640243079,0.0,0.0,0,0,0,-1
gmsc,lightgbm,17,NumberOfOpenCreditLinesAndLoans,relative_plus_5,0.05,10.0,10.5,0.10036173784291944,0.10036173784291944,0.0,0.0,0,0,0,-1
gmsc,lightgbm,18,NumberOfOpenCreditLinesAndLoans,relative_plus_5,0.05,3.0,3.15,0.4332396231850946,0.4332396231850946,0.0,0.0,0,0,0,-1
gmsc,lightgbm,19,NumberOfOpenCreditLinesAndLoans,relative_plus_5,0.05,7.0,7.35,0.20706517488791176,0.20706517488791176,0.0,0.0,0,0,0,-1
gmsc,lightgbm,20,NumberOfOpenCreditLinesAndLoans,relative_plus_5,0.05,6.0,6.3,0.05708612745116283,0.05708612745116283,0.0,0.0,0,0,0,-1
gmsc,lightgbm,21,NumberOfOpenCreditLinesAndLoans,relative_plus_5,0.05,19.0,19.95,0.0755556455268635,0.0755556455268635,0.0,0.0,0,0,0,-1
gmsc,lightgbm,22,NumberOfOpenCreditLinesAndLoans,relative_plus_5,0.05,2.0,2.1,0.05695935088858043,0.05695935088858043,0.0,0.0,0,0,0,-1
gmsc,lightgbm,23,NumberOfOpenCreditLinesAndLoans,relative_plus_5,0.05,8.0,8.4,0.08889571164479391,0.08889571164479391,0.0,0.0,0,0,0,-1
gmsc,lightgbm,24,NumberOfOpenCreditLinesAndLoans,relative_plus_5,0.05,4.0,4.2,0.03569402945373115,0.03569402945373115,0.0,0.0,0,0,0,-1
gmsc,lightgbm,25,NumberOfOpenCreditLinesAndLoans,relative_plus_5,0.05,7.0,7.35,0.485195355176274,0.485195355176274,0.0,0.0,0,0,0,-1
gmsc,lightgbm,26,NumberOfOpenCreditLinesAndLoans,relative_plus_5,0.05,5.0,5.25,0.4690330102001808,0.4690330102001808,0.0,0.0,0,0,0,-1
gmsc,lightgbm,27,NumberOfOpenCreditLinesAndLoans,relative_plus_5,0.05,10.0,10.5,0.15310886136230434,0.15310886136230434,0.0,0.0,0,0,0,-1
gmsc,lightgbm,28,NumberOfOpenCreditLinesAndLoans,relative_plus_5,0.05,1.0,1.05,0.24706706865061875,0.24706706865061875,0.0,0.0,0,0,0,-1
gmsc,lightgbm,29,NumberOfOpenCreditLinesAndLoans,relative_plus_5,0.05,9.0,9.45,0.07280429517617616,0.07280429517617616,0.0,0.0,0,0,0,-1
gmsc,lightgbm,30,NumberOfOpenCreditLinesAndLoans,relative_plus_5,0.05,13.0,13.65,0.2669688028729123,0.29127394695181213,0.024305144078899832,0.024305144078899832,0,0,0,-1
gmsc,lightgbm,31,NumberOfOpenCreditLinesAndLoans,relative_plus_5,0.05,6.0,6.3,0.16812286485697317,0.16812286485697317,0.0,0.0,0,0,0,-1
gmsc,lightgbm,32,NumberOfOpenCreditLinesAndLoans,relative_plus_5,0.05,3.0,3.15,0.1358222660255187,0.1358222660255187,0.0,0.0,0,0,0,-1
gmsc,lightgbm,33,NumberOfOpenCreditLinesAndLoans,relative_plus_5,0.05,9.0,9.45,0.0907121359558535,0.0907121359558535,0.0,0.0,0,0,0,-1
gmsc,lightgbm,34,NumberOfOpenCreditLinesAndLoans,relative_plus_5,0.05,10.0,10.5,0.5887765630991544,0.5887765630991544,0.0,0.0,1,1,0,-1
gmsc,lightgbm,35,NumberOfOpenCreditLinesAndLoans,relative_plus_5,0.05,12.0,12.6,0.7686376306323768,0.76927486198738,0.0006372313550032649,0.0006372313550032649,1,1,0,-1
gmsc,lightgbm,36,NumberOfOpenCreditLinesAndLoans,relative_plus_5,0.05,4.0,4.2,0.20383228110756807,0.20383228110756807,0.0,0.0,0,0,0,-1
gmsc,lightgbm,37,NumberOfOpenCreditLinesAndLoans,relative_plus_5,0.05,3.0,3.15,0.36583164209666225,0.36583164209666225,0.0,0.0,0,0,0,-1
gmsc,lightgbm,38,NumberOfOpenCreditLinesAndLoans,relative_plus_5,0.05,7.0,7.35,0.25782269826496373,0.25782269826496373,0.0,0.0,0,0,0,-1
gmsc,lightgbm,39,NumberOfOpenCreditLinesAndLoans,relative_plus_5,0.05,14.0,14.7,0.35851671570275906,0.40270438253288326,0.044187666830124206,0.044187666830124206,0,0,0,-1
gmsc,lightgbm,40,NumberOfOpenCreditLinesAndLoans,relative_plus_5,0.05,3.0,3.15,0.15809809532716768,0.15809809532716768,0.0,0.0,0,0,0,-1
gmsc,lightgbm,41,NumberOfOpenCreditLinesAndLoans,relative_plus_5,0.05,15.0,15.75,0.17767130123412736,0.17767130123412736,0.0,0.0,0,0,0,-1
gmsc,lightgbm,42,NumberOfOpenCreditLinesAndLoans,relative_plus_5,0.05,7.0,7.35,0.13142576347451704,0.13142576347451704,0.0,0.0,0,0,0,-1
gmsc,lightgbm,43,NumberOfOpenCreditLinesAndLoans,relative_plus_5,0.05,8.0,8.4,0.5220123045323535,0.5220123045323535,0.0,0.0,1,1,0,-1
gmsc,lightgbm,44,NumberOfOpenCreditLinesAndLoans,relative_plus_5,0.05,7.0,7.35,0.10248475676544401,0.10248475676544401,0.0,0.0,0,0,0,-1
gmsc,lightgbm,45,NumberOfOpenCreditLinesAndLoans,relative_plus_5,0.05,9.0,9.45,0.134509615497707,0.134509615497707,0.0,0.0,0,0,0,-1
gmsc,lightgbm,46,NumberOfOpenCreditLinesAndLoans,relative_plus_5,0.05,4.0,4.2,0.24542503658751236,0.24542503658751236,0.0,0.0,0,0,0,-1
gmsc,lightgbm,47,NumberOfOpenCreditLinesAndLoans,relative_plus_5,0.05,7.0,7.35,0.06429004529354826,0.06429004529354826,0.0,0.0,0,0,0,-1
gmsc,lightgbm,48,NumberOfOpenCreditLinesAndLoans,relative_plus_5,0.05,4.0,4.2,0.08494795229441349,0.08494795229441349,0.0,0.0,0,0,0,-1
gmsc,lightgbm,49,NumberOfOpenCreditLinesAndLoans,relative_plus_5,0.05,1.0,1.05,0.032964158323007746,0.032964158323007746,0.0,0.0,0,0,0,-1
gmsc,lightgbm,50,NumberOfOpenCreditLinesAndLoans,relative_plus_5,0.05,6.0,6.3,0.15598569074603788,0.15598569074603788,0.0,0.0,0,0,0,-1
gmsc,lightgbm,51,NumberOfOpenCreditLinesAndLoans,relative_plus_5,0.05,21.0,22.05,0.2427114365476945,0.2427114365476945,0.0,0.0,0,0,0,-1
gmsc,lightgbm,52,NumberOfOpenCreditLinesAndLoans,relative_plus_5,0.05,6.0,6.3,0.04278071258564872,0.04278071258564872,0.0,0.0,0,0,0,-1
gmsc,lightgbm,53,NumberOfOpenCreditLinesAndLoans,relative_plus_5,0.05,3.0,3.15,0.8459631804707949,0.8459631804707949,0.0,0.0,1,1,0,-1
gmsc,lightgbm,54,NumberOfOpenCreditLinesAndLoans,relative_plus_5,0.05,8.0,8.4,0.9585025696211499,0.9585025696211499,0.0,0.0,1,1,0,-1
gmsc,lightgbm,55,NumberOfOpenCreditLinesAndLoans,relative_plus_5,0.05,12.0,12.6,0.05240087287788092,0.051374405413634215,-0.0010264674642467067,0.0010264674642467067,0,0,0,-1
gmsc,lightgbm,56,NumberOfOpenCreditLinesAndLoans,relative_plus_5,0.05,6.0,6.3,0.16633030838518062,0.16633030838518062,0.0,0.0,0,0,0,-1
gmsc,lightgbm,57,NumberOfOpenCreditLinesAndLoans,relative_plus_5,0.05,2.0,2.1,0.5855679032449771,0.5855679032449771,0.0,0.0,1,1,0,-1
gmsc,lightgbm,58,NumberOfOpenCreditLinesAndLoans,relative_plus_5,0.05,3.0,3.15,0.7120052536243187,0.7120052536243187,0.0,0.0,1,1,0,-1
gmsc,lightgbm,59,NumberOfOpenCreditLinesAndLoans,relative_plus_5,0.05,10.0,10.5,0.6081127081916137,0.6081127081916137,0.0,0.0,1,1,0,-1
gmsc,lightgbm,60,NumberOfOpenCreditLinesAndLoans,relative_plus_5,0.05,4.0,4.2,0.19907747746451288,0.19907747746451288,0.0,0.0,0,0,0,-1
gmsc,lightgbm,61,NumberOfOpenCreditLinesAndLoans,relative_plus_5,0.05,12.0,12.6,0.3321226038071093,0.32751053531908286,-0.004612068488026422,0.004612068488026422,0,0,0,-1
gmsc,lightgbm,62,NumberOfOpenCreditLinesAndLoans,relative_plus_5,0.05,7.0,7.35,0.49700932793678176,0.49700932793678176,0.0,0.0,0,0,0,-1
gmsc,lightgbm,63,NumberOfOpenCreditLinesAndLoans,relative_plus_5,0.05,5.0,5.25,0.07983838287755414,0.07983838287755414,0.0,0.0,0,0,0,-1
gmsc,lightgbm,64,NumberOfOpenCreditLinesAndLoans,relative_plus_5,0.05,9.0,9.45,0.27572869286326523,0.27572869286326523,0.0,0.0,0,0,0,-1
gmsc,lightgbm,65,NumberOfOpenCreditLinesAndLoans,relative_plus_5,0.05,4.0,4.2,0.3901193599625518,0.3901193599625518,0.0,0.0,0,0,0,-1
gmsc,lightgbm,66,NumberOfOpenCreditLinesAndLoans,relative_plus_5,0.05,6.0,6.3,0.14251343003654435,0.14251343003654435,0.0,0.0,0,0,0,-1
gmsc,lightgbm,67,NumberOfOpenCreditLinesAndLoans,relative_plus_5,0.05,3.0,3.15,0.42152422623564395,0.42152422623564395,0.0,0.0,0,0,0,-1
gmsc,lightgbm,68,NumberOfOpenCreditLinesAndLoans,relative_plus_5,0.05,4.0,4.2,0.1212328971978392,0.1212328971978392,0.0,0.0,0,0,0,-1
gmsc,lightgbm,69,NumberOfOpenCreditLinesAndLoans,relative_plus_5,0.05,10.0,10.5,0.5620282234727743,0.5620282234727743,0.0,0.0,1,1,0,-1
gmsc,lightgbm,70,NumberOfOpenCreditLinesAndLoans,relative_plus_5,0.05,14.0,14.7,0.4264114501848385,0.4547035352050057,0.028292085020167224,0.028292085020167224,0,0,0,-1
gmsc,lightgbm,71,NumberOfOpenCreditLinesAndLoans,relative_plus_5,0.05,6.0,6.3,0.11528535367529104,0.11528535367529104,0.0,0.0,0,0,0,-1
gmsc,lightgbm,72,NumberOfOpenCreditLinesAndLoans,relative_plus_5,0.05,11.0,11.55,0.18694209170398213,0.18694209170398213,0.0,0.0,0,0,0,-1
gmsc,lightgbm,73,NumberOfOpenCreditLinesAndLoans,relative_plus_5,0.05,9.0,9.45,0.4189962251498132,0.4189962251498132,0.0,0.0,0,0,0,-1
gmsc,lightgbm,74,NumberOfOpenCreditLinesAndLoans,relative_plus_5,0.05,3.0,3.15,0.210992213581658,0.210992213581658,0.0,0.0,0,0,0,-1
gmsc,lightgbm,75,NumberOfOpenCreditLinesAndLoans,relative_plus_5,0.05,2.0,2.1,0.5342256118004257,0.5342256118004257,0.0,0.0,1,1,0,-1
gmsc,lightgbm,76,NumberOfOpenCreditLinesAndLoans,relative_plus_5,0.05,18.0,18.9,0.14869088239886066,0.14425069871562024,-0.004440183683240423,0.004440183683240423,0,0,0,-1
gmsc,lightgbm,77,NumberOfOpenCreditLinesAndLoans,relative_plus_5,0.05,8.0,8.4,0.06703174942227336,0.06703174942227336,0.0,0.0,0,0,0,-1
gmsc,lightgbm,78,NumberOfOpenCreditLinesAndLoans,relative_plus_5,0.05,6.0,6.3,0.06266917697987844,0.06266917697987844,0.0,0.0,0,0,0,-1
gmsc,lightgbm,79,NumberOfOpenCreditLinesAndLoans,relative_plus_5,0.05,5.0,5.25,0.3139529328389652,0.3139529328389652,0.0,0.0,0,0,0,-1
gmsc,lightgbm,80,NumberOfOpenCreditLinesAndLoans,relative_plus_5,0.05,8.0,8.4,0.13302830629350945,0.13302830629350945,0.0,0.0,0,0,0,-1
gmsc,lightgbm,81,NumberOfOpenCreditLinesAndLoans,relative_plus_5,0.05,7.0,7.35,0.1610671025822026,0.1610671025822026,0.0,0.0,0,0,0,-1
gmsc,lightgbm,82,NumberOfOpenCreditLinesAndLoans,relative_plus_5,0.05,10.0,10.5,0.39361810976909195,0.39361810976909195,0.0,0.0,0,0,0,-1
gmsc,lightgbm,83,NumberOfOpenCreditLinesAndLoans,relative_plus_5,0.05,14.0,14.7,0.07356231072502029,0.07764525480237017,0.0040829440773498815,0.0040829440773498815,0,0,0,-1
gmsc,lightgbm,84,NumberOfOpenCreditLinesAndLoans,relative_plus_5,0.05,10.0,10.5,0.6471402060773409,0.6471402060773409,0.0,0.0,1,1,0,-1
gmsc,lightgbm,85,NumberOfOpenCreditLinesAndLoans,relative_plus_5,0.05,6.0,6.3,0.06895634900657907,0.06895634900657907,0.0,0.0,0,0,0,-1
gmsc,lightgbm,86,NumberOfOpenCreditLinesAndLoans,relative_plus_5,0.05,8.0,8.4,0.11410528051242601,0.11410528051242601,0.0,0.0,0,0,0,-1
gmsc,lightgbm,87,NumberOfOpenCreditLinesAndLoans,relative_plus_5,0.05,5.0,5.25,0.1006092467906027,0.1006092467906027,0.0,0.0,0,0,0,-1
gmsc,lightgbm,88,NumberOfOpenCreditLinesAndLoans,relative_plus_5,0.05,6.0,6.3,0.126512958826711,0.126512958826711,0.0,0.0,0,0,0,-1
gmsc,lightgbm,89,NumberOfOpenCreditLinesAndLoans,relative_plus_5,0.05,3.0,3.15,0.3522704795855978,0.3522704795855978,0.0,0.0,0,0,0,-1
gmsc,lightgbm,90,NumberOfOpenCreditLinesAndLoans,relative_plus_5,0.05,7.0,7.35,0.04106193866788959,0.04106193866788959,0.0,0.0,0,0,0,-1
gmsc,lightgbm,91,NumberOfOpenCreditLinesAndLoans,relative_plus_5,0.05,20.0,21.0,0.15372114734573783,0.15372114734573783,0.0,0.0,0,0,0,-1
gmsc,lightgbm,92,NumberOfOpenCreditLinesAndLoans,relative_plus_5,0.05,1.0,1.05,0.06485095205727061,0.06485095205727061,0.0,0.0,0,0,0,-1
gmsc,lightgbm,93,NumberOfOpenCreditLinesAndLoans,relative_plus_5,0.05,15.0,15.75,0.09924642147480602,0.09924642147480602,0.0,0.0,0,0,0,-1
gmsc,lightgbm,94,NumberOfOpenCreditLinesAndLoans,relative_plus_5,0.05,10.0,10.5,0.16680920152776404,0.16680920152776404,0.0,0.0,0,0,0,-1
gmsc,lightgbm,95,NumberOfOpenCreditLinesAndLoans,relative_plus_5,0.05,8.0,8.4,0.21924410434064803,0.21924410434064803,0.0,0.0,0,0,0,-1
gmsc,lightgbm,96,NumberOfOpenCreditLinesAndLoans,relative_plus_5,0.05,3.0,3.15,0.1131618927406001,0.1131618927406001,0.0,0.0,0,0,0,-1
gmsc,lightgbm,97,NumberOfOpenCreditLinesAndLoans,relative_plus_5,0.05,11.0,11.55,0.10806143941846993,0.10806143941846993,0.0,0.0,0,0,0,-1
gmsc,lightgbm,98,NumberOfOpenCreditLinesAndLoans,relative_plus_5,0.05,9.0,9.45,0.4053784379973068,0.4053784379973068,0.0,0.0,0,0,0,-1
gmsc,lightgbm,99,NumberOfOpenCreditLinesAndLoans,relative_plus_5,0.05,19.0,19.95,0.9052932427250325,0.9052932427250325,0.0,0.0,1,1,0,-1
gmsc,lightgbm,0,NumberOfOpenCreditLinesAndLoans,relative_minus_10,-0.1,17.0,18.7,0.09051292759777842,0.08899964475515514,-0.0015132828426232814,0.0015132828426232814,0,0,0,-1
gmsc,lightgbm,1,NumberOfOpenCreditLinesAndLoans,relative_minus_10,-0.1,5.0,5.5,0.07432795724364831,0.07432795724364831,0.0,0.0,0,0,0,-1
gmsc,lightgbm,2,NumberOfOpenCreditLinesAndLoans,relative_minus_10,-0.1,5.0,5.5,0.056660675741342766,0.056660675741342766,0.0,0.0,0,0,0,-1
gmsc,lightgbm,3,NumberOfOpenCreditLinesAndLoans,relative_minus_10,-0.1,13.0,14.3,0.286464202572455,0.3096754347842534,0.023211232211798438,0.023211232211798438,0,0,0,-1
gmsc,lightgbm,4,NumberOfOpenCreditLinesAndLoans,relative_minus_10,-0.1,4.0,4.4,0.10238192900656183,0.10238192900656183,0.0,0.0,0,0,0,-1
gmsc,lightgbm,5,NumberOfOpenCreditLinesAndLoans,relative_minus_10,-0.1,8.0,8.8,0.18604525641874214,0.2140746962329606,0.02802943981421846,0.02802943981421846,0,0,0,-1
gmsc,lightgbm,6,NumberOfOpenCreditLinesAndLoans,relative_minus_10,-0.1,5.0,5.5,0.23797486099678064,0.23797486099678064,0.0,0.0,0,0,0,-1
gmsc,lightgbm,7,NumberOfOpenCreditLinesAndLoans,relative_minus_10,-0.1,3.0,3.3,0.1952165672674782,0.1952165672674782,0.0,0.0,0,0,0,-1
gmsc,lightgbm,8,NumberOfOpenCreditLinesAndLoans,relative_minus_10,-0.1,2.0,2.2,0.1354653526779545,0.1354653526779545,0.0,0.0,0,0,0,-1
gmsc,lightgbm,9,NumberOfOpenCreditLinesAndLoans,relative_minus_10,-0.1,6.0,6.6,0.4085309008746626,0.4085309008746626,0.0,0.0,0,0,0,-1
gmsc,lightgbm,10,NumberOfOpenCreditLinesAndLoans,relative_minus_10,-0.1,9.0,9.9,0.4151340630771105,0.4151340630771105,0.0,0.0,0,0,0,-1
gmsc,lightgbm,11,NumberOfOpenCreditLinesAndLoans,relative_minus_10,-0.1,14.0,15.4,0.2344419755121663,0.2716162982447368,0.037174322732570514,0.037174322732570514,0,0,0,-1
gmsc,lightgbm,12,NumberOfOpenCreditLinesAndLoans,relative_minus_10,-0.1,6.0,6.6,0.04156783494420435,0.0451244426050609,0.0035566076608565464,0.0035566076608565464,0,0,0,-1
gmsc,lightgbm,13,NumberOfOpenCreditLinesAndLoans,relative_minus_10,-0.1,0.0,0.7000000000000001,0.8781305200687587,0.8906788062010285,0.01254828613226977,0.01254828613226977,1,1,0,-1
gmsc,lightgbm,14,NumberOfOpenCreditLinesAndLoans,relative_minus_10,-0.1,4.0,4.4,0.30318348670534856,0.30318348670534856,0.0,0.0,0,0,0,-1
gmsc,lightgbm,15,NumberOfOpenCreditLinesAndLoans,relative_minus_10,-0.1,17.0,18.7,0.27986218783007943,0.27986218783007943,0.0,0.0,0,0,0,-1
gmsc,lightgbm,16,NumberOfOpenCreditLinesAndLoans,relative_minus_10,-0.1,4.0,4.4,0.4795715640243079,0.4795715640243079,0.0,0.0,0,0,0,-1
gmsc,lightgbm,17,NumberOfOpenCreditLinesAndLoans,relative_minus_10,-0.1,10.0,11.0,0.10036173784291944,0.10960896377610266,0.009247225933183223,0.009247225933183223,0,0,0,-1
gmsc,lightgbm,18,NumberOfOpenCreditLinesAndLoans,relative_minus_10,-0.1,3.0,3.3,0.4332396231850946,0.4332396231850946,0.0,0.0,0,0,0,-1
gmsc,lightgbm,19,NumberOfOpenCreditLinesAndLoans,relative_minus_10,-0.1,7.0,7.7,0.20706517488791176,0.20706517488791176,0.0,0.0,0,0,0,-1
gmsc,lightgbm,20,NumberOfOpenCreditLinesAndLoans,relative_minus_10,-0.1,6.0,6.6,0.05708612745116283,0.05779438188320564,0.0007082544320428097,0.0007082544320428097,0,0,0,-1
gmsc,lightgbm,21,NumberOfOpenCreditLinesAndLoans,relative_minus_10,-0.1,19.0,20.9,0.0755556455268635,0.0880259583838437,0.012470312856980192,0.012470312856980192,0,0,0,-1
gmsc,lightgbm,22,NumberOfOpenCreditLinesAndLoans,relative_minus_10,-0.1,2.0,2.2,0.05695935088858043,0.05695935088858043,0.0,0.0,0,0,0,-1
gmsc,lightgbm,23,NumberOfOpenCreditLinesAndLoans,relative_minus_10,-0.1,8.0,8.8,0.08889571164479391,0.10340126274526058,0.014505551100466668,0.014505551100466668,0,0,0,-1
gmsc,lightgbm,24,NumberOfOpenCreditLinesAndLoans,relative_minus_10,-0.1,4.0,4.4,0.03569402945373115,0.03569402945373115,0.0,0.0,0,0,0,-1
gmsc,lightgbm,25,NumberOfOpenCreditLinesAndLoans,relative_minus_10,-0.1,7.0,7.7,0.485195355176274,0.5156702436878055,0.03047488851153146,0.03047488851153146,0,1,1,-1
gmsc,lightgbm,26,NumberOfOpenCreditLinesAndLoans,relative_minus_10,-0.1,5.0,5.5,0.4690330102001808,0.4690330102001808,0.0,0.0,0,0,0,-1
gmsc,lightgbm,27,NumberOfOpenCreditLinesAndLoans,relative_minus_10,-0.1,10.0,11.0,0.15310886136230434,0.15310886136230434,0.0,0.0,0,0,0,-1
gmsc,lightgbm,28,NumberOfOpenCreditLinesAndLoans,relative_minus_10,-0.1,1.0,1.1,0.24706706865061875,0.24706706865061875,0.0,0.0,0,0,0,-1
gmsc,lightgbm,29,NumberOfOpenCreditLinesAndLoans,relative_minus_10,-0.1,9.0,9.9,0.07280429517617616,0.06973251895532365,-0.003071776220852515,0.003071776220852515,0,0,0,-1
gmsc,lightgbm,30,NumberOfOpenCreditLinesAndLoans,relative_minus_10,-0.1,13.0,14.3,0.2669688028729123,0.29127394695181213,0.024305144078899832,0.024305144078899832,0,0,0,-1
gmsc,lightgbm,31,NumberOfOpenCreditLinesAndLoans,relative_minus_10,-0.1,6.0,6.6,0.16812286485697317,0.16996041253508903,0.001837547678115864,0.001837547678115864,0,0,0,-1
gmsc,lightgbm,32,NumberOfOpenCreditLinesAndLoans,relative_minus_10,-0.1,3.0,3.3,0.1358222660255187,0.1358222660255187,0.0,0.0,0,0,0,-1
gmsc,lightgbm,33,NumberOfOpenCreditLinesAndLoans,relative_minus_10,-0.1,9.0,9.9,0.0907121359558535,0.08989980642995747,-0.0008123295258960356,0.0008123295258960356,0,0,0,-1
gmsc,lightgbm,34,NumberOfOpenCreditLinesAndLoans,relative_minus_10,-0.1,10.0,11.0,0.5887765630991544,0.5931575099801148,0.004380946880960468,0.004380946880960468,1,1,0,-1
gmsc,lightgbm,35,NumberOfOpenCreditLinesAndLoans,relative_minus_10,-0.1,12.0,13.2,0.7686376306323768,0.76927486198738,0.0006372313550032649,0.0006372313550032649,1,1,0,-1
gmsc,lightgbm,36,NumberOfOpenCreditLinesAndLoans,relative_minus_10,-0.1,4.0,4.4,0.20383228110756807,0.20383228110756807,0.0,0.0,0,0,0,-1
gmsc,lightgbm,37,NumberOfOpenCreditLinesAndLoans,relative_minus_10,-0.1,3.0,3.3,0.36583164209666225,0.36583164209666225,0.0,0.0,0,0,0,-1
gmsc,lightgbm,38,NumberOfOpenCreditLinesAndLoans,relative_minus_10,-0.1,7.0,7.7,0.25782269826496373,0.25782269826496373,0.0,0.0,0,0,0,-1
gmsc,lightgbm,39,NumberOfOpenCreditLinesAndLoans,relative_minus_10,-0.1,14.0,15.4,0.35851671570275906,0.40270438253288326,0.044187666830124206,0.044187666830124206,0,0,0,-1
gmsc,lightgbm,40,NumberOfOpenCreditLinesAndLoans,relative_minus_10,-0.1,3.0,3.3,0.15809809532716768,0.15809809532716768,0.0,0.0,0,0,0,-1
gmsc,lightgbm,41,NumberOfOpenCreditLinesAndLoans,relative_minus_10,-0.1,15.0,16.5,0.17767130123412736,0.17767130123412736,0.0,0.0,0,0,0,-1
gmsc,lightgbm,42,NumberOfOpenCreditLinesAndLoans,relative_minus_10,-0.1,7.0,7.7,0.13142576347451704,0.13142576347451704,0.0,0.0,0,0,0,-1
gmsc,lightgbm,43,NumberOfOpenCreditLinesAndLoans,relative_minus_10,-0.1,8.0,8.8,0.5220123045323535,0.5868404525177797,0.06482814798542624,0.06482814798542624,1,1,0,-1
gmsc,lightgbm,44,NumberOfOpenCreditLinesAndLoans,relative_minus_10,-0.1,7.0,7.7,0.10248475676544401,0.10248475676544401,0.0,0.0,0,0,0,-1
gmsc,lightgbm,45,NumberOfOpenCreditLinesAndLoans,relative_minus_10,-0.1,9.0,9.9,0.134509615497707,0.12808871202273328,-0.006420903474973733,0.006420903474973733,0,0,0,-1
gmsc,lightgbm,46,NumberOfOpenCreditLinesAndLoans,relative_minus_10,-0.1,4.0,4.4,0.24542503658751236,0.24542503658751236,0.0,0.0,0,0,0,-1
gmsc,lightgbm,47,NumberOfOpenCreditLinesAndLoans,relative_minus_10,-0.1,7.0,7.7,0.06429004529354826,0.06842729566913269,0.004137250375584434,0.004137250375584434,0,0,0,-1
gmsc,lightgbm,48,NumberOfOpenCreditLinesAndLoans,relative_minus_10,-0.1,4.0,4.4,0.08494795229441349,0.08494795229441349,0.0,0.0,0,0,0,-1
gmsc,lightgbm,49,NumberOfOpenCreditLinesAndLoans,relative_minus_10,-0.1,1.0,1.1,0.032964158323007746,0.032964158323007746,0.0,0.0,0,0,0,-1
gmsc,lightgbm,50,NumberOfOpenCreditLinesAndLoans,relative_minus_10,-0.1,6.0,6.6,0.15598569074603788,0.15956085206357146,0.003575161317533576,0.003575161317533576,0,0,0,-1
gmsc,lightgbm,51,NumberOfOpenCreditLinesAndLoans,relative_minus_10,-0.1,21.0,23.1,0.2427114365476945,0.2427114365476945,0.0,0.0,0,0,0,-1
gmsc,lightgbm,52,NumberOfOpenCreditLinesAndLoans,relative_minus_10,-0.1,6.0,6.6,0.04278071258564872,0.04331963705458047,0.0005389244689317507,0.0005389244689317507,0,0,0,-1
gmsc,lightgbm,53,NumberOfOpenCreditLinesAndLoans,relative_minus_10,-0.1,3.0,3.3,0.8459631804707949,0.8459631804707949,0.0,0.0,1,1,0,-1
gmsc,lightgbm,54,NumberOfOpenCreditLinesAndLoans,relative_minus_10,-0.1,8.0,8.8,0.9585025696211499,0.9624469679768477,0.00394439835569782,0.00394439835569782,1,1,0,-1
gmsc,lightgbm,55,NumberOfOpenCreditLinesAndLoans,relative_minus_10,-0.1,12.0,13.2,0.05240087287788092,0.051374405413634215,-0.0010264674642467067,0.0010264674642467067,0,0,0,-1
gmsc,lightgbm,56,NumberOfOpenCreditLinesAndLoans,relative_minus_10,-0.1,6.0,6.6,0.16633030838518062,0.1681522240969538,0.0018219157117731755,0.0018219157117731755,0,0,0,-1
gmsc,lightgbm,57,NumberOfOpenCreditLinesAndLoans,relative_minus_10,-0.1,2.0,2.2,0.5855679032449771,0.5855679032449771,0.0,0.0,1,1,0,-1
gmsc,lightgbm,58,NumberOfOpenCreditLinesAndLoans,relative_minus_10,-0.1,3.0,3.3,0.7120052536243187,0.7120052536243187,0.0,0.0,1,1,0,-1
gmsc,lightgbm,59,NumberOfOpenCreditLinesAndLoans,relative_minus_10,-0.1,10.0,11.0,0.6081127081916137,0.6264052401556958,0.018292531964082093,0.018292531964082093,1,1,0,-1
gmsc,lightgbm,60,NumberOfOpenCreditLinesAndLoans,relative_minus_10,-0.1,4.0,4.4,0.19907747746451288,0.19907747746451288,0.0,0.0,0,0,0,-1
gmsc,lightgbm,61,NumberOfOpenCreditLinesAndLoans,relative_minus_10,-0.1,12.0,13.2,0.3321226038071093,0.32751053531908286,-0.004612068488026422,0.004612068488026422,0,0,0,-1
gmsc,lightgbm,62,NumberOfOpenCreditLinesAndLoans,relative_minus_10,-0.1,7.0,7.7,0.49700932793678176,0.49700932793678176,0.0,0.0,0,0,0,-1
gmsc,lightgbm,63,NumberOfOpenCreditLinesAndLoans,relative_minus_10,-0.1,5.0,5.5,0.07983838287755414,0.07983838287755414,0.0,0.0,0,0,0,-1
gmsc,lightgbm,64,NumberOfOpenCreditLinesAndLoans,relative_minus_10,-0.1,9.0,9.9,0.27572869286326523,0.27572869286326523,0.0,0.0,0,0,0,-1
gmsc,lightgbm,65,NumberOfOpenCreditLinesAndLoans,relative_minus_10,-0.1,4.0,4.4,0.3901193599625518,0.3901193599625518,0.0,0.0,0,0,0,-1
gmsc,lightgbm,66,NumberOfOpenCreditLinesAndLoans,relative_minus_10,-0.1,6.0,6.6,0.14251343003654435,0.14251343003654435,0.0,0.0,0,0,0,-1
gmsc,lightgbm,67,NumberOfOpenCreditLinesAndLoans,relative_minus_10,-0.1,3.0,3.3,0.42152422623564395,0.42152422623564395,0.0,0.0,0,0,0,-1
gmsc,lightgbm,68,NumberOfOpenCreditLinesAndLoans,relative_minus_10,-0.1,4.0,4.4,0.1212328971978392,0.1212328971978392,0.0,0.0,0,0,0,-1
gmsc,lightgbm,69,NumberOfOpenCreditLinesAndLoans,relative_minus_10,-0.1,10.0,11.0,0.5620282234727743,0.575530912755639,0.013502689282864688,0.013502689282864688,1,1,0,-1
gmsc,lightgbm,70,NumberOfOpenCreditLinesAndLoans,relative_minus_10,-0.1,14.0,15.4,0.4264114501848385,0.4547035352050057,0.028292085020167224,0.028292085020167224,0,0,0,-1
gmsc,lightgbm,71,NumberOfOpenCreditLinesAndLoans,relative_minus_10,-0.1,6.0,6.6,0.11528535367529104,0.11528535367529104,0.0,0.0,0,0,0,-1
gmsc,lightgbm,72,NumberOfOpenCreditLinesAndLoans,relative_minus_10,-0.1,11.0,12.1,0.18694209170398213,0.18694209170398213,0.0,0.0,0,0,0,-1
gmsc,lightgbm,73,NumberOfOpenCreditLinesAndLoans,relative_minus_10,-0.1,9.0,9.9,0.4189962251498132,0.4189962251498132,0.0,0.0,0,0,0,-1
gmsc,lightgbm,74,NumberOfOpenCreditLinesAndLoans,relative_minus_10,-0.1,3.0,3.3,0.210992213581658,0.210992213581658,0.0,0.0,0,0,0,-1
gmsc,lightgbm,75,NumberOfOpenCreditLinesAndLoans,relative_minus_10,-0.1,2.0,2.2,0.5342256118004257,0.5342256118004257,0.0,0.0,1,1,0,-1
gmsc,lightgbm,76,NumberOfOpenCreditLinesAndLoans,relative_minus_10,-0.1,18.0,19.8,0.14869088239886066,0.14425069871562024,-0.004440183683240423,0.004440183683240423,0,0,0,-1
gmsc,lightgbm,77,NumberOfOpenCreditLinesAndLoans,relative_minus_10,-0.1,8.0,8.8,0.06703174942227336,0.11387854744330621,0.04684679802103285,0.04684679802103285,0,0,0,-1
gmsc,lightgbm,78,NumberOfOpenCreditLinesAndLoans,relative_minus_10,-0.1,6.0,6.6,0.06266917697987844,0.06344203849128435,0.0007728615114059173,0.0007728615114059173,0,0,0,-1
gmsc,lightgbm,79,NumberOfOpenCreditLinesAndLoans,relative_minus_10,-0.1,5.0,5.5,0.3139529328389652,0.3139529328389652,0.0,0.0,0,0,0,-1
gmsc,lightgbm,80,NumberOfOpenCreditLinesAndLoans,relative_minus_10,-0.1,8.0,8.8,0.13302830629350945,0.18371219295199498,0.05068388665848553,0.05068388665848553,0,0,0,-1
gmsc,lightgbm,81,NumberOfOpenCreditLinesAndLoans,relative_minus_10,-0.1,7.0,7.7,0.1610671025822026,0.16507382922736635,0.004006726645163744,0.004006726645163744,0,0,0,-1
gmsc,lightgbm,82,NumberOfOpenCreditLinesAndLoans,relative_minus_10,-0.1,10.0,11.0,0.39361810976909195,0.4068331361623592,0.01321502639326727,0.01321502639326727,0,0,0,-1
gmsc,lightgbm,83,NumberOfOpenCreditLinesAndLoans,relative_minus_10,-0.1,14.0,15.4,0.07356231072502029,0.07764525480237017,0.0040829440773498815,0.0040829440773498815,0,0,0,-1
gmsc,lightgbm,84,NumberOfOpenCreditLinesAndLoans,relative_minus_10,-0.1,10.0,11.0,0.6471402060773409,0.6603774570672463,0.013237250989905358,0.013237250989905358,1,1,0,-1
gmsc,lightgbm,85,NumberOfOpenCreditLinesAndLoans,relative_minus_10,-0.1,6.0,6.6,0.06895634900657907,0.06980097252242469,0.0008446235158456189,0.0008446235158456189,0,0,0,-1
gmsc,lightgbm,86,NumberOfOpenCreditLinesAndLoans,relative_minus_10,-0.1,8.0,8.8,0.11410528051242601,0.17363200509886847,0.05952672458644247,0.05952672458644247,0,0,0,-1
gmsc,lightgbm,87,NumberOfOpenCreditLinesAndLoans,relative_minus_10,-0.1,5.0,5.5,0.1006092467906027,0.1006092467906027,0.0,0.0,0,0,0,-1
gmsc,lightgbm,88,NumberOfOpenCreditLinesAndLoans,relative_minus_10,-0.1,6.0,6.6,0.126512958826711,0.126512958826711,0.0,0.0,0,0,0,-1
gmsc,lightgbm,89,NumberOfOpenCreditLinesAndLoans,relative_minus_10,-0.1,3.0,3.3,0.3522704795855978,0.3522704795855978,0.0,0.0,0,0,0,-1
gmsc,lightgbm,90,NumberOfOpenCreditLinesAndLoans,relative_minus_10,-0.1,7.0,7.7,0.04106193866788959,0.04106193866788959,0.0,0.0,0,0,0,-1
gmsc,lightgbm,91,NumberOfOpenCreditLinesAndLoans,relative_minus_10,-0.1,20.0,22.0,0.15372114734573783,0.15372114734573783,0.0,0.0,0,0,0,-1
gmsc,lightgbm,92,NumberOfOpenCreditLinesAndLoans,relative_minus_10,-0.1,1.0,1.1,0.06485095205727061,0.06485095205727061,0.0,0.0,0,0,0,-1
gmsc,lightgbm,93,NumberOfOpenCreditLinesAndLoans,relative_minus_10,-0.1,15.0,16.5,0.09924642147480602,0.09924642147480602,0.0,0.0,0,0,0,-1
gmsc,lightgbm,94,NumberOfOpenCreditLinesAndLoans,relative_minus_10,-0.1,10.0,11.0,0.16680920152776404,0.16680920152776404,0.0,0.0,0,0,0,-1
gmsc,lightgbm,95,NumberOfOpenCreditLinesAndLoans,relative_minus_10,-0.1,8.0,8.8,0.21924410434064803,0.28012563767052406,0.06088153332987603,0.06088153332987603,0,0,0,-1
gmsc,lightgbm,96,NumberOfOpenCreditLinesAndLoans,relative_minus_10,-0.1,3.0,3.3,0.1131618927406001,0.1131618927406001,0.0,0.0,0,0,0,-1
gmsc,lightgbm,97,NumberOfOpenCreditLinesAndLoans,relative_minus_10,-0.1,11.0,12.1,0.10806143941846993,0.10806143941846993,0.0,0.0,0,0,0,-1
gmsc,lightgbm,98,NumberOfOpenCreditLinesAndLoans,relative_minus_10,-0.1,9.0,9.9,0.4053784379973068,0.4053784379973068,0.0,0.0,0,0,0,-1
gmsc,lightgbm,99,NumberOfOpenCreditLinesAndLoans,relative_minus_10,-0.1,19.0,20.9,0.9052932427250325,0.9052932427250325,0.0,0.0,1,1,0,-1
gmsc,lightgbm,0,NumberOfOpenCreditLinesAndLoans,relative_plus_10,0.1,17.0,18.7,0.09051292759777842,0.08899964475515514,-0.0015132828426232814,0.0015132828426232814,0,0,0,-1
gmsc,lightgbm,1,NumberOfOpenCreditLinesAndLoans,relative_plus_10,0.1,5.0,5.5,0.07432795724364831,0.07432795724364831,0.0,0.0,0,0,0,-1
gmsc,lightgbm,2,NumberOfOpenCreditLinesAndLoans,relative_plus_10,0.1,5.0,5.5,0.056660675741342766,0.056660675741342766,0.0,0.0,0,0,0,-1
gmsc,lightgbm,3,NumberOfOpenCreditLinesAndLoans,relative_plus_10,0.1,13.0,14.3,0.286464202572455,0.3096754347842534,0.023211232211798438,0.023211232211798438,0,0,0,-1
gmsc,lightgbm,4,NumberOfOpenCreditLinesAndLoans,relative_plus_10,0.1,4.0,4.4,0.10238192900656183,0.10238192900656183,0.0,0.0,0,0,0,-1
gmsc,lightgbm,5,NumberOfOpenCreditLinesAndLoans,relative_plus_10,0.1,8.0,8.8,0.18604525641874214,0.2140746962329606,0.02802943981421846,0.02802943981421846,0,0,0,-1
gmsc,lightgbm,6,NumberOfOpenCreditLinesAndLoans,relative_plus_10,0.1,5.0,5.5,0.23797486099678064,0.23797486099678064,0.0,0.0,0,0,0,-1
gmsc,lightgbm,7,NumberOfOpenCreditLinesAndLoans,relative_plus_10,0.1,3.0,3.3,0.1952165672674782,0.1952165672674782,0.0,0.0,0,0,0,-1
gmsc,lightgbm,8,NumberOfOpenCreditLinesAndLoans,relative_plus_10,0.1,2.0,2.2,0.1354653526779545,0.1354653526779545,0.0,0.0,0,0,0,-1
gmsc,lightgbm,9,NumberOfOpenCreditLinesAndLoans,relative_plus_10,0.1,6.0,6.6,0.4085309008746626,0.4085309008746626,0.0,0.0,0,0,0,-1
gmsc,lightgbm,10,NumberOfOpenCreditLinesAndLoans,relative_plus_10,0.1,9.0,9.9,0.4151340630771105,0.4151340630771105,0.0,0.0,0,0,0,-1
gmsc,lightgbm,11,NumberOfOpenCreditLinesAndLoans,relative_plus_10,0.1,14.0,15.4,0.2344419755121663,0.2716162982447368,0.037174322732570514,0.037174322732570514,0,0,0,-1
gmsc,lightgbm,12,NumberOfOpenCreditLinesAndLoans,relative_plus_10,0.1,6.0,6.6,0.04156783494420435,0.0451244426050609,0.0035566076608565464,0.0035566076608565464,0,0,0,-1
gmsc,lightgbm,13,NumberOfOpenCreditLinesAndLoans,relative_plus_10,0.1,0.0,0.7000000000000001,0.8781305200687587,0.8906788062010285,0.01254828613226977,0.01254828613226977,1,1,0,-1
gmsc,lightgbm,14,NumberOfOpenCreditLinesAndLoans,relative_plus_10,0.1,4.0,4.4,0.30318348670534856,0.30318348670534856,0.0,0.0,0,0,0,-1
gmsc,lightgbm,15,NumberOfOpenCreditLinesAndLoans,relative_plus_10,0.1,17.0,18.7,0.27986218783007943,0.27986218783007943,0.0,0.0,0,0,0,-1
gmsc,lightgbm,16,NumberOfOpenCreditLinesAndLoans,relative_plus_10,0.1,4.0,4.4,0.4795715640243079,0.4795715640243079,0.0,0.0,0,0,0,-1
gmsc,lightgbm,17,NumberOfOpenCreditLinesAndLoans,relative_plus_10,0.1,10.0,11.0,0.10036173784291944,0.10960896377610266,0.009247225933183223,0.009247225933183223,0,0,0,-1
gmsc,lightgbm,18,NumberOfOpenCreditLinesAndLoans,relative_plus_10,0.1,3.0,3.3,0.4332396231850946,0.4332396231850946,0.0,0.0,0,0,0,-1
gmsc,lightgbm,19,NumberOfOpenCreditLinesAndLoans,relative_plus_10,0.1,7.0,7.7,0.20706517488791176,0.20706517488791176,0.0,0.0,0,0,0,-1
gmsc,lightgbm,20,NumberOfOpenCreditLinesAndLoans,relative_plus_10,0.1,6.0,6.6,0.05708612745116283,0.05779438188320564,0.0007082544320428097,0.0007082544320428097,0,0,0,-1
gmsc,lightgbm,21,NumberOfOpenCreditLinesAndLoans,relative_plus_10,0.1,19.0,20.9,0.0755556455268635,0.0880259583838437,0.012470312856980192,0.012470312856980192,0,0,0,-1
gmsc,lightgbm,22,NumberOfOpenCreditLinesAndLoans,relative_plus_10,0.1,2.0,2.2,0.05695935088858043,0.05695935088858043,0.0,0.0,0,0,0,-1
gmsc,lightgbm,23,NumberOfOpenCreditLinesAndLoans,relative_plus_10,0.1,8.0,8.8,0.08889571164479391,0.10340126274526058,0.014505551100466668,0.014505551100466668,0,0,0,-1
gmsc,lightgbm,24,NumberOfOpenCreditLinesAndLoans,relative_plus_10,0.1,4.0,4.4,0.03569402945373115,0.03569402945373115,0.0,0.0,0,0,0,-1
gmsc,lightgbm,25,NumberOfOpenCreditLinesAndLoans,relative_plus_10,0.1,7.0,7.7,0.485195355176274,0.5156702436878055,0.03047488851153146,0.03047488851153146,0,1,1,-1
gmsc,lightgbm,26,NumberOfOpenCreditLinesAndLoans,relative_plus_10,0.1,5.0,5.5,0.4690330102001808,0.4690330102001808,0.0,0.0,0,0,0,-1
gmsc,lightgbm,27,NumberOfOpenCreditLinesAndLoans,relative_plus_10,0.1,10.0,11.0,0.15310886136230434,0.15310886136230434,0.0,0.0,0,0,0,-1
gmsc,lightgbm,28,NumberOfOpenCreditLinesAndLoans,relative_plus_10,0.1,1.0,1.1,0.24706706865061875,0.24706706865061875,0.0,0.0,0,0,0,-1
gmsc,lightgbm,29,NumberOfOpenCreditLinesAndLoans,relative_plus_10,0.1,9.0,9.9,0.07280429517617616,0.06973251895532365,-0.003071776220852515,0.003071776220852515,0,0,0,-1
gmsc,lightgbm,30,NumberOfOpenCreditLinesAndLoans,relative_plus_10,0.1,13.0,14.3,0.2669688028729123,0.29127394695181213,0.024305144078899832,0.024305144078899832,0,0,0,-1
gmsc,lightgbm,31,NumberOfOpenCreditLinesAndLoans,relative_plus_10,0.1,6.0,6.6,0.16812286485697317,0.16996041253508903,0.001837547678115864,0.001837547678115864,0,0,0,-1
gmsc,lightgbm,32,NumberOfOpenCreditLinesAndLoans,relative_plus_10,0.1,3.0,3.3,0.1358222660255187,0.1358222660255187,0.0,0.0,0,0,0,-1
gmsc,lightgbm,33,NumberOfOpenCreditLinesAndLoans,relative_plus_10,0.1,9.0,9.9,0.0907121359558535,0.08989980642995747,-0.0008123295258960356,0.0008123295258960356,0,0,0,-1
gmsc,lightgbm,34,NumberOfOpenCreditLinesAndLoans,relative_plus_10,0.1,10.0,11.0,0.5887765630991544,0.5931575099801148,0.004380946880960468,0.004380946880960468,1,1,0,-1
gmsc,lightgbm,35,NumberOfOpenCreditLinesAndLoans,relative_plus_10,0.1,12.0,13.2,0.7686376306323768,0.76927486198738,0.0006372313550032649,0.0006372313550032649,1,1,0,-1
gmsc,lightgbm,36,NumberOfOpenCreditLinesAndLoans,relative_plus_10,0.1,4.0,4.4,0.20383228110756807,0.20383228110756807,0.0,0.0,0,0,0,-1
gmsc,lightgbm,37,NumberOfOpenCreditLinesAndLoans,relative_plus_10,0.1,3.0,3.3,0.36583164209666225,0.36583164209666225,0.0,0.0,0,0,0,-1
gmsc,lightgbm,38,NumberOfOpenCreditLinesAndLoans,relative_plus_10,0.1,7.0,7.7,0.25782269826496373,0.25782269826496373,0.0,0.0,0,0,0,-1
gmsc,lightgbm,39,NumberOfOpenCreditLinesAndLoans,relative_plus_10,0.1,14.0,15.4,0.35851671570275906,0.40270438253288326,0.044187666830124206,0.044187666830124206,0,0,0,-1
gmsc,lightgbm,40,NumberOfOpenCreditLinesAndLoans,relative_plus_10,0.1,3.0,3.3,0.15809809532716768,0.15809809532716768,0.0,0.0,0,0,0,-1
gmsc,lightgbm,41,NumberOfOpenCreditLinesAndLoans,relative_plus_10,0.1,15.0,16.5,0.17767130123412736,0.17767130123412736,0.0,0.0,0,0,0,-1
gmsc,lightgbm,42,NumberOfOpenCreditLinesAndLoans,relative_plus_10,0.1,7.0,7.7,0.13142576347451704,0.13142576347451704,0.0,0.0,0,0,0,-1
gmsc,lightgbm,43,NumberOfOpenCreditLinesAndLoans,relative_plus_10,0.1,8.0,8.8,0.5220123045323535,0.5868404525177797,0.06482814798542624,0.06482814798542624,1,1,0,-1
gmsc,lightgbm,44,NumberOfOpenCreditLinesAndLoans,relative_plus_10,0.1,7.0,7.7,0.10248475676544401,0.10248475676544401,0.0,0.0,0,0,0,-1
gmsc,lightgbm,45,NumberOfOpenCreditLinesAndLoans,relative_plus_10,0.1,9.0,9.9,0.134509615497707,0.12808871202273328,-0.006420903474973733,0.006420903474973733,0,0,0,-1
gmsc,lightgbm,46,NumberOfOpenCreditLinesAndLoans,relative_plus_10,0.1,4.0,4.4,0.24542503658751236,0.24542503658751236,0.0,0.0,0,0,0,-1
gmsc,lightgbm,47,NumberOfOpenCreditLinesAndLoans,relative_plus_10,0.1,7.0,7.7,0.06429004529354826,0.06842729566913269,0.004137250375584434,0.004137250375584434,0,0,0,-1
gmsc,lightgbm,48,NumberOfOpenCreditLinesAndLoans,relative_plus_10,0.1,4.0,4.4,0.08494795229441349,0.08494795229441349,0.0,0.0,0,0,0,-1
gmsc,lightgbm,49,NumberOfOpenCreditLinesAndLoans,relative_plus_10,0.1,1.0,1.1,0.032964158323007746,0.032964158323007746,0.0,0.0,0,0,0,-1
gmsc,lightgbm,50,NumberOfOpenCreditLinesAndLoans,relative_plus_10,0.1,6.0,6.6,0.15598569074603788,0.15956085206357146,0.003575161317533576,0.003575161317533576,0,0,0,-1
gmsc,lightgbm,51,NumberOfOpenCreditLinesAndLoans,relative_plus_10,0.1,21.0,23.1,0.2427114365476945,0.2427114365476945,0.0,0.0,0,0,0,-1
gmsc,lightgbm,52,NumberOfOpenCreditLinesAndLoans,relative_plus_10,0.1,6.0,6.6,0.04278071258564872,0.04331963705458047,0.0005389244689317507,0.0005389244689317507,0,0,0,-1
gmsc,lightgbm,53,NumberOfOpenCreditLinesAndLoans,relative_plus_10,0.1,3.0,3.3,0.8459631804707949,0.8459631804707949,0.0,0.0,1,1,0,-1
gmsc,lightgbm,54,NumberOfOpenCreditLinesAndLoans,relative_plus_10,0.1,8.0,8.8,0.9585025696211499,0.9624469679768477,0.00394439835569782,0.00394439835569782,1,1,0,-1
gmsc,lightgbm,55,NumberOfOpenCreditLinesAndLoans,relative_plus_10,0.1,12.0,13.2,0.05240087287788092,0.051374405413634215,-0.0010264674642467067,0.0010264674642467067,0,0,0,-1
gmsc,lightgbm,56,NumberOfOpenCreditLinesAndLoans,relative_plus_10,0.1,6.0,6.6,0.16633030838518062,0.1681522240969538,0.0018219157117731755,0.0018219157117731755,0,0,0,-1
gmsc,lightgbm,57,NumberOfOpenCreditLinesAndLoans,relative_plus_10,0.1,2.0,2.2,0.5855679032449771,0.5855679032449771,0.0,0.0,1,1,0,-1
gmsc,lightgbm,58,NumberOfOpenCreditLinesAndLoans,relative_plus_10,0.1,3.0,3.3,0.7120052536243187,0.7120052536243187,0.0,0.0,1,1,0,-1
gmsc,lightgbm,59,NumberOfOpenCreditLinesAndLoans,relative_plus_10,0.1,10.0,11.0,0.6081127081916137,0.6264052401556958,0.018292531964082093,0.018292531964082093,1,1,0,-1
gmsc,lightgbm,60,NumberOfOpenCreditLinesAndLoans,relative_plus_10,0.1,4.0,4.4,0.19907747746451288,0.19907747746451288,0.0,0.0,0,0,0,-1
gmsc,lightgbm,61,NumberOfOpenCreditLinesAndLoans,relative_plus_10,0.1,12.0,13.2,0.3321226038071093,0.32751053531908286,-0.004612068488026422,0.004612068488026422,0,0,0,-1
gmsc,lightgbm,62,NumberOfOpenCreditLinesAndLoans,relative_plus_10,0.1,7.0,7.7,0.49700932793678176,0.49700932793678176,0.0,0.0,0,0,0,-1
gmsc,lightgbm,63,NumberOfOpenCreditLinesAndLoans,relative_plus_10,0.1,5.0,5.5,0.07983838287755414,0.07983838287755414,0.0,0.0,0,0,0,-1
gmsc,lightgbm,64,NumberOfOpenCreditLinesAndLoans,relative_plus_10,0.1,9.0,9.9,0.27572869286326523,0.27572869286326523,0.0,0.0,0,0,0,-1
gmsc,lightgbm,65,NumberOfOpenCreditLinesAndLoans,relative_plus_10,0.1,4.0,4.4,0.3901193599625518,0.3901193599625518,0.0,0.0,0,0,0,-1
gmsc,lightgbm,66,NumberOfOpenCreditLinesAndLoans,relative_plus_10,0.1,6.0,6.6,0.14251343003654435,0.14251343003654435,0.0,0.0,0,0,0,-1
gmsc,lightgbm,67,NumberOfOpenCreditLinesAndLoans,relative_plus_10,0.1,3.0,3.3,0.42152422623564395,0.42152422623564395,0.0,0.0,0,0,0,-1
gmsc,lightgbm,68,NumberOfOpenCreditLinesAndLoans,relative_plus_10,0.1,4.0,4.4,0.1212328971978392,0.1212328971978392,0.0,0.0,0,0,0,-1
gmsc,lightgbm,69,NumberOfOpenCreditLinesAndLoans,relative_plus_10,0.1,10.0,11.0,0.5620282234727743,0.575530912755639,0.013502689282864688,0.013502689282864688,1,1,0,-1
gmsc,lightgbm,70,NumberOfOpenCreditLinesAndLoans,relative_plus_10,0.1,14.0,15.4,0.4264114501848385,0.4547035352050057,0.028292085020167224,0.028292085020167224,0,0,0,-1
gmsc,lightgbm,71,NumberOfOpenCreditLinesAndLoans,relative_plus_10,0.1,6.0,6.6,0.11528535367529104,0.11528535367529104,0.0,0.0,0,0,0,-1
gmsc,lightgbm,72,NumberOfOpenCreditLinesAndLoans,relative_plus_10,0.1,11.0,12.1,0.18694209170398213,0.18694209170398213,0.0,0.0,0,0,0,-1
gmsc,lightgbm,73,NumberOfOpenCreditLinesAndLoans,relative_plus_10,0.1,9.0,9.9,0.4189962251498132,0.4189962251498132,0.0,0.0,0,0,0,-1
gmsc,lightgbm,74,NumberOfOpenCreditLinesAndLoans,relative_plus_10,0.1,3.0,3.3,0.210992213581658,0.210992213581658,0.0,0.0,0,0,0,-1
gmsc,lightgbm,75,NumberOfOpenCreditLinesAndLoans,relative_plus_10,0.1,2.0,2.2,0.5342256118004257,0.5342256118004257,0.0,0.0,1,1,0,-1
gmsc,lightgbm,76,NumberOfOpenCreditLinesAndLoans,relative_plus_10,0.1,18.0,19.8,0.14869088239886066,0.14425069871562024,-0.004440183683240423,0.004440183683240423,0,0,0,-1
gmsc,lightgbm,77,NumberOfOpenCreditLinesAndLoans,relative_plus_10,0.1,8.0,8.8,0.06703174942227336,0.11387854744330621,0.04684679802103285,0.04684679802103285,0,0,0,-1
gmsc,lightgbm,78,NumberOfOpenCreditLinesAndLoans,relative_plus_10,0.1,6.0,6.6,0.06266917697987844,0.06344203849128435,0.0007728615114059173,0.0007728615114059173,0,0,0,-1
gmsc,lightgbm,79,NumberOfOpenCreditLinesAndLoans,relative_plus_10,0.1,5.0,5.5,0.3139529328389652,0.3139529328389652,0.0,0.0,0,0,0,-1
gmsc,lightgbm,80,NumberOfOpenCreditLinesAndLoans,relative_plus_10,0.1,8.0,8.8,0.13302830629350945,0.18371219295199498,0.05068388665848553,0.05068388665848553,0,0,0,-1
gmsc,lightgbm,81,NumberOfOpenCreditLinesAndLoans,relative_plus_10,0.1,7.0,7.7,0.1610671025822026,0.16507382922736635,0.004006726645163744,0.004006726645163744,0,0,0,-1
gmsc,lightgbm,82,NumberOfOpenCreditLinesAndLoans,relative_plus_10,0.1,10.0,11.0,0.39361810976909195,0.4068331361623592,0.01321502639326727,0.01321502639326727,0,0,0,-1
gmsc,lightgbm,83,NumberOfOpenCreditLinesAndLoans,relative_plus_10,0.1,14.0,15.4,0.07356231072502029,0.07764525480237017,0.0040829440773498815,0.0040829440773498815,0,0,0,-1
gmsc,lightgbm,84,NumberOfOpenCreditLinesAndLoans,relative_plus_10,0.1,10.0,11.0,0.6471402060773409,0.6603774570672463,0.013237250989905358,0.013237250989905358,1,1,0,-1
gmsc,lightgbm,85,NumberOfOpenCreditLinesAndLoans,relative_plus_10,0.1,6.0,6.6,0.06895634900657907,0.06980097252242469,0.0008446235158456189,0.0008446235158456189,0,0,0,-1
gmsc,lightgbm,86,NumberOfOpenCreditLinesAndLoans,relative_plus_10,0.1,8.0,8.8,0.11410528051242601,0.17363200509886847,0.05952672458644247,0.05952672458644247,0,0,0,-1
gmsc,lightgbm,87,NumberOfOpenCreditLinesAndLoans,relative_plus_10,0.1,5.0,5.5,0.1006092467906027,0.1006092467906027,0.0,0.0,0,0,0,-1
gmsc,lightgbm,88,NumberOfOpenCreditLinesAndLoans,relative_plus_10,0.1,6.0,6.6,0.126512958826711,0.126512958826711,0.0,0.0,0,0,0,-1
gmsc,lightgbm,89,NumberOfOpenCreditLinesAndLoans,relative_plus_10,0.1,3.0,3.3,0.3522704795855978,0.3522704795855978,0.0,0.0,0,0,0,-1
gmsc,lightgbm,90,NumberOfOpenCreditLinesAndLoans,relative_plus_10,0.1,7.0,7.7,0.04106193866788959,0.04106193866788959,0.0,0.0,0,0,0,-1
gmsc,lightgbm,91,NumberOfOpenCreditLinesAndLoans,relative_plus_10,0.1,20.0,22.0,0.15372114734573783,0.15372114734573783,0.0,0.0,0,0,0,-1
gmsc,lightgbm,92,NumberOfOpenCreditLinesAndLoans,relative_plus_10,0.1,1.0,1.1,0.06485095205727061,0.06485095205727061,0.0,0.0,0,0,0,-1
gmsc,lightgbm,93,NumberOfOpenCreditLinesAndLoans,relative_plus_10,0.1,15.0,16.5,0.09924642147480602,0.09924642147480602,0.0,0.0,0,0,0,-1
gmsc,lightgbm,94,NumberOfOpenCreditLinesAndLoans,relative_plus_10,0.1,10.0,11.0,0.16680920152776404,0.16680920152776404,0.0,0.0,0,0,0,-1
gmsc,lightgbm,95,NumberOfOpenCreditLinesAndLoans,relative_plus_10,0.1,8.0,8.8,0.21924410434064803,0.28012563767052406,0.06088153332987603,0.06088153332987603,0,0,0,-1
gmsc,lightgbm,96,NumberOfOpenCreditLinesAndLoans,relative_plus_10,0.1,3.0,3.3,0.1131618927406001,0.1131618927406001,0.0,0.0,0,0,0,-1
gmsc,lightgbm,97,NumberOfOpenCreditLinesAndLoans,relative_plus_10,0.1,11.0,12.1,0.10806143941846993,0.10806143941846993,0.0,0.0,0,0,0,-1
gmsc,lightgbm,98,NumberOfOpenCreditLinesAndLoans,relative_plus_10,0.1,9.0,9.9,0.4053784379973068,0.4053784379973068,0.0,0.0,0,0,0,-1
gmsc,lightgbm,99,NumberOfOpenCreditLinesAndLoans,relative_plus_10,0.1,19.0,20.9,0.9052932427250325,0.9052932427250325,0.0,0.0,1,1,0,-1
gmsc,lightgbm,0,NumberOfTimes90DaysLate,relative_minus_5,-0.05,0.0,0.05,0.09051292759777842,0.5651189715238366,0.4746060439260582,0.4746060439260582,0,1,1,-1
gmsc,lightgbm,1,NumberOfTimes90DaysLate,relative_minus_5,-0.05,0.0,0.05,0.07432795724364831,0.5270058815662858,0.4526779243226375,0.4526779243226375,0,1,1,-1
gmsc,lightgbm,2,NumberOfTimes90DaysLate,relative_minus_5,-0.05,0.0,0.05,0.056660675741342766,0.49781103219405953,0.4411503564527168,0.4411503564527168,0,0,0,-1
gmsc,lightgbm,3,NumberOfTimes90DaysLate,relative_minus_5,-0.05,0.0,0.05,0.286464202572455,0.7615625921680561,0.47509838959560113,0.47509838959560113,0,1,1,-1
gmsc,lightgbm,4,NumberOfTimes90DaysLate,relative_minus_5,-0.05,0.0,0.05,0.10238192900656183,0.5972795801929741,0.49489765118641227,0.49489765118641227,0,1,1,-1
gmsc,lightgbm,5,NumberOfTimes90DaysLate,relative_minus_5,-0.05,0.0,0.05,0.18604525641874214,0.6523868767491564,0.46634162033041426,0.46634162033041426,0,1,1,-1
gmsc,lightgbm,6,NumberOfTimes90DaysLate,relative_minus_5,-0.05,0.0,0.05,0.23797486099678064,0.6602806183162198,0.4223057573194391,0.4223057573194391,0,1,1,-1
gmsc,lightgbm,7,NumberOfTimes90DaysLate,relative_minus_5,-0.05,0.0,0.05,0.1952165672674782,0.6256870087873629,0.43047044151988473,0.43047044151988473,0,1,1,-1
gmsc,lightgbm,8,NumberOfTimes90DaysLate,relative_minus_5,-0.05,0.0,0.05,0.1354653526779545,0.6353270299923512,0.49986167731439674,0.49986167731439674,0,1,1,-1
gmsc,lightgbm,9,NumberOfTimes90DaysLate,relative_minus_5,-0.05,0.0,0.05,0.4085309008746626,0.7604958780616016,0.351964977186939,0.351964977186939,0,1,1,-1
gmsc,lightgbm,10,NumberOfTimes90DaysLate,relative_minus_5,-0.05,0.0,0.05,0.4151340630771105,0.825281006854424,0.4101469437773135,0.4101469437773135,0,1,1,-1
gmsc,lightgbm,11,NumberOfTimes90DaysLate,relative_minus_5,-0.05,0.0,0.05,0.2344419755121663,0.7122900770880338,0.47784810157586755,0.47784810157586755,0,1,1,-1
gmsc,lightgbm,12,NumberOfTimes90DaysLate,relative_minus_5,-0.05,0.0,0.05,0.04156783494420435,0.3327335446729807,0.29116570972877637,0.29116570972877637,0,0,0,-1
gmsc,lightgbm,13,NumberOfTimes90DaysLate,relative_minus_5,-0.05,1.0,1.05,0.8781305200687587,0.8781305200687587,0.0,0.0,1,1,0,-1
gmsc,lightgbm,14,NumberOfTimes90DaysLate,relative_minus_5,-0.05,0.0,0.05,0.30318348670534856,0.7530373800713077,0.44985389336595916,0.44985389336595916,0,1,1,-1
gmsc,lightgbm,15,NumberOfTimes90DaysLate,relative_minus_5,-0.05,0.0,0.05,0.27986218783007943,0.7133291798922656,0.4334669920621862,0.4334669920621862,0,1,1,-1
gmsc,lightgbm,16,NumberOfTimes90DaysLate,relative_minus_5,-0.05,0.0,0.05,0.4795715640243079,0.7962798910466292,0.3167083270223213,0.3167083270223213,0,1,1,-1
gmsc,lightgbm,17,NumberOfTimes90DaysLate,relative_minus_5,-0.05,0.0,0.05,0.10036173784291944,0.5521253213389703,0.45176358349605084,0.45176358349605084,0,1,1,-1
gmsc,lightgbm,18,NumberOfTimes90DaysLate,relative_minus_5,-0.05,0.0,0.05,0.4332396231850946,0.8249838089067658,0.3917441857216712,0.3917441857216712,0,1,1,-1
gmsc,lightgbm,19,NumberOfTimes90DaysLate,relative_minus_5,-0.05,0.0,0.05,0.20706517488791176,0.6591140289923083,0.45204885410439655,0.45204885410439655,0,1,1,-1
gmsc,lightgbm,20,NumberOfTimes90DaysLate,relative_minus_5,-0.05,0.0,0.05,0.05708612745116283,0.422557394906137,0.36547126745497416,0.36547126745497416,0,0,0,-1
gmsc,lightgbm,21,NumberOfTimes90DaysLate,relative_minus_5,-0.05,0.0,0.05,0.0755556455268635,0.46630761279085325,0.39075196726398975,0.39075196726398975,0,0,0,-1
gmsc,lightgbm,22,NumberOfTimes90DaysLate,relative_minus_5,-0.05,0.0,0.05,0.05695935088858043,0.45689603716486193,0.3999366862762815,0.3999366862762815,0,0,0,-1
gmsc,lightgbm,23,NumberOfTimes90DaysLate,relative_minus_5,-0.05,0.0,0.05,0.08889571164479391,0.5445537266760113,0.4556580150312174,0.4556580150312174,0,1,1,-1
gmsc,lightgbm,24,NumberOfTimes90DaysLate,relative_minus_5,-0.05,0.0,0.05,0.03569402945373115,0.33761369785607753,0.3019196684023464,0.3019196684023464,0,0,0,-1
gmsc,lightgbm,25,NumberOfTimes90DaysLate,relative_minus_5,-0.05,0.0,0.05,0.485195355176274,0.852862146439572,0.36766679126329804,0.36766679126329804,0,1,1,-1
gmsc,lightgbm,26,NumberOfTimes90DaysLate,relative_minus_5,-0.05,0.0,0.05,0.4690330102001808,0.8082613028758459,0.33922829267566507,0.33922829267566507,0,1,1,-1
gmsc,lightgbm,27,NumberOfTimes90DaysLate,relative_minus_5,-0.05,0.0,0.05,0.15310886136230434,0.6739636602991621,0.5208547989368577,0.5208547989368577,0,1,1,-1
gmsc,lightgbm,28,NumberOfTimes90DaysLate,relative_minus_5,-0.05,0.0,0.05,0.24706706865061875,0.7292159613321907,0.4821488926815719,0.4821488926815719,0,1,1,-1
gmsc,lightgbm,29,NumberOfTimes90DaysLate,relative_minus_5,-0.05,0.0,0.05,0.07280429517617616,0.4586773330055917,0.38587303782941557,0.38587303782941557,0,0,0,-1
gmsc,lightgbm,30,NumberOfTimes90DaysLate,relative_minus_5,-0.05,0.0,0.05,0.2669688028729123,0.7420481810653928,0.47507937819248053,0.47507937819248053,0,1,1,-1
gmsc,lightgbm,31,NumberOfTimes90DaysLate,relative_minus_5,-0.05,0.0,0.05,0.16812286485697317,0.6840903714072019,0.5159675065502287,0.5159675065502287,0,1,1,-1
gmsc,lightgbm,32,NumberOfTimes90DaysLate,relative_minus_5,-0.05,0.0,0.05,0.1358222660255187,0.5506738886683962,0.41485162264287745,0.41485162264287745,0,1,1,-1
gmsc,lightgbm,33,NumberOfTimes90DaysLate,relative_minus_5,-0.05,0.0,0.05,0.0907121359558535,0.5184292945395587,0.4277171585837052,0.4277171585837052,0,1,1,-1
gmsc,lightgbm,34,NumberOfTimes90DaysLate,relative_minus_5,-0.05,0.0,0.05,0.5887765630991544,0.8480385224201329,0.2592619593209785,0.2592619593209785,1,1,0,-1
gmsc,lightgbm,35,NumberOfTimes90DaysLate,relative_minus_5,-0.05,0.0,0.05,0.7686376306323768,0.9123233516584973,0.14368572102612054,0.14368572102612054,1,1,0,-1
gmsc,lightgbm,36,NumberOfTimes90DaysLate,relative_minus_5,-0.05,0.0,0.05,0.20383228110756807,0.6652701690493754,0.46143788794180735,0.46143788794180735,0,1,1,-1
gmsc,lightgbm,37,NumberOfTimes90DaysLate,relative_minus_5,-0.05,0.0,0.05,0.36583164209666225,0.602155198537022,0.2363235564403598,0.2363235564403598,0,1,1,-1
gmsc,lightgbm,38,NumberOfTimes90DaysLate,relative_minus_5,-0.05,0.0,0.05,0.25782269826496373,0.761192849925221,0.5033701516602572,0.5033701516602572,0,1,1,-1
gmsc,lightgbm,39,NumberOfTimes90DaysLate,relative_minus_5,-0.05,0.0,0.05,0.35851671570275906,0.8217616691972784,0.4632449534945194,0.4632449534945194,0,1,1,-1
gmsc,lightgbm,40,NumberOfTimes90DaysLate,relative_minus_5,-0.05,0.0,0.05,0.15809809532716768,0.6728059058879295,0.5147078105607619,0.5147078105607619,0,1,1,-1
gmsc,lightgbm,41,NumberOfTimes90DaysLate,relative_minus_5,-0.05,0.0,0.05,0.17767130123412736,0.6791178076857649,0.5014465064516376,0.5014465064516376,0,1,1,-1
gmsc,lightgbm,42,NumberOfTimes90DaysLate,relative_minus_5,-0.05,0.0,0.05,0.13142576347451704,0.6025470831039088,0.47112131962939174,0.47112131962939174,0,1,1,-1
gmsc,lightgbm,43,NumberOfTimes90DaysLate,relative_minus_5,-0.05,0.0,0.05,0.5220123045323535,0.8709820619891622,0.3489697574568087,0.3489697574568087,1,1,0,-1
gmsc,lightgbm,44,NumberOfTimes90DaysLate,relative_minus_5,-0.05,0.0,0.05,0.10248475676544401,0.5373667529564654,0.4348819961910214,0.4348819961910214,0,1,1,-1
gmsc,lightgbm,45,NumberOfTimes90DaysLate,relative_minus_5,-0.05,0.0,0.05,0.134509615497707,0.6423902753362097,0.5078806598385027,0.5078806598385027,0,1,1,-1
gmsc,lightgbm,46,NumberOfTimes90DaysLate,relative_minus_5,-0.05,0.0,0.05,0.24542503658751236,0.7316878586541641,0.4862628220666517,0.4862628220666517,0,1,1,-1
gmsc,lightgbm,47,NumberOfTimes90DaysLate,relative_minus_5,-0.05,0.0,0.05,0.06429004529354826,0.4738853057553992,0.40959526046185096,0.40959526046185096,0,0,0,-1
gmsc,lightgbm,48,NumberOfTimes90DaysLate,relative_minus_5,-0.05,0.0,0.05,0.08494795229441349,0.5128313699126216,0.4278834176182081,0.4278834176182081,0,1,1,-1
gmsc,lightgbm,49,NumberOfTimes90DaysLate,relative_minus_5,-0.05,0.0,0.05,0.032964158323007746,0.3077109036726496,0.27474674534964183,0.27474674534964183,0,0,0,-1
gmsc,lightgbm,50,NumberOfTimes90DaysLate,relative_minus_5,-0.05,0.0,0.05,0.15598569074603788,0.5803254276048865,0.4243397368588486,0.4243397368588486,0,1,1,-1
gmsc,lightgbm,51,NumberOfTimes90DaysLate,relative_minus_5,-0.05,0.0,0.05,0.2427114365476945,0.676244847576031,0.4335334110283365,0.4335334110283365,0,1,1,-1
gmsc,lightgbm,52,NumberOfTimes90DaysLate,relative_minus_5,-0.05,0.0,0.05,0.04278071258564872,0.4213096814230186,0.37852896883736986,0.37852896883736986,0,0,0,-1
gmsc,lightgbm,53,NumberOfTimes90DaysLate,relative_minus_5,-0.05,0.0,0.05,0.8459631804707949,0.9227665169586401,0.07680333648784521,0.07680333648784521,1,1,0,-1
gmsc,lightgbm,54,NumberOfTimes90DaysLate,relative_minus_5,-0.05,0.0,0.05,0.9585025696211499,0.9710908353279418,0.012588265706791946,0.012588265706791946,1,1,0,-1
gmsc,lightgbm,55,NumberOfTimes90DaysLate,relative_minus_5,-0.05,0.0,0.05,0.05240087287788092,0.42917343262493673,0.3767725597470558,0.3767725597470558,0,0,0,-1
gmsc,lightgbm,56,NumberOfTimes90DaysLate,relative_minus_5,-0.05,0.0,0.05,0.16633030838518062,0.6698769003708427,0.5035465919856621,0.5035465919856621,0,1,1,-1
gmsc,lightgbm,57,NumberOfTimes90DaysLate,relative_minus_5,-0.05,0.0,0.05,0.5855679032449771,0.871032086344532,0.2854641830995549,0.2854641830995549,1,1,0,-1
gmsc,lightgbm,58,NumberOfTimes90DaysLate,relative_minus_5,-0.05,1.0,1.05,0.7120052536243187,0.7120052536243187,0.0,0.0,1,1,0,-1
gmsc,lightgbm,59,NumberOfTimes90DaysLate,relative_minus_5,-0.05,0.0,0.05,0.6081127081916137,0.879661160992004,0.2715484528003903,0.2715484528003903,1,1,0,-1
gmsc,lightgbm,60,NumberOfTimes90DaysLate,relative_minus_5,-0.05,0.0,0.05,0.19907747746451288,0.7024187206655557,0.5033412432010428,0.5033412432010428,0,1,1,-1
gmsc,lightgbm,61,NumberOfTimes90DaysLate,relative_minus_5,-0.05,0.0,0.05,0.3321226038071093,0.7712647532097922,0.43914214940268287,0.43914214940268287,0,1,1,-1
gmsc,lightgbm,62,NumberOfTimes90DaysLate,relative_minus_5,-0.05,0.0,0.05,0.49700932793678176,0.8579809040435484,0.36097157610676667,0.36097157610676667,0,1,1,-1
gmsc,lightgbm,63,NumberOfTimes90DaysLate,relative_minus_5,-0.05,0.0,0.05,0.07983838287755414,0.5059728577108698,0.4261344748333156,0.4261344748333156,0,1,1,-1
gmsc,lightgbm,64,NumberOfTimes90DaysLate,relative_minus_5,-0.05,0.0,0.05,0.27572869286326523,0.7241282565540371,0.4483995636907719,0.4483995636907719,0,1,1,-1
gmsc,lightgbm,65,NumberOfTimes90DaysLate,relative_minus_5,-0.05,0.0,0.05,0.3901193599625518,0.7515638565235908,0.361444496561039,0.361444496561039,0,1,1,-1
gmsc,lightgbm,66,NumberOfTimes90DaysLate,relative_minus_5,-0.05,0.0,0.05,0.14251343003654435,0.621426868221542,0.47891343818499765,0.47891343818499765,0,1,1,-1
gmsc,lightgbm,67,NumberOfTimes90DaysLate,relative_minus_5,-0.05,0.0,0.05,0.42152422623564395,0.8189123003885042,0.3973880741528602,0.3973880741528602,0,1,1,-1
gmsc,lightgbm,68,NumberOfTimes90DaysLate,relative_minus_5,-0.05,0.0,0.05,0.1212328971978392,0.6139310552965234,0.49269815809868417,0.49269815809868417,0,1,1,-1
gmsc,lightgbm,69,NumberOfTimes90DaysLate,relative_minus_5,-0.05,0.0,0.05,0.5620282234727743,0.8487644802866675,0.28673625681389325,0.28673625681389325,1,1,0,-1
gmsc,lightgbm,70,NumberOfTimes90DaysLate,relative_minus_5,-0.05,0.0,0.05,0.4264114501848385,0.7885375450440746,0.3621260948592361,0.3621260948592361,0,1,1,-1
gmsc,lightgbm,71,NumberOfTimes90DaysLate,relative_minus_5,-0.05,0.0,0.05,0.11528535367529104,0.61365874727848,0.498373393603189,0.498373393603189,0,1,1,-1
gmsc,lightgbm,72,NumberOfTimes90DaysLate,relative_minus_5,-0.05,0.0,0.05,0.18694209170398213,0.7128830722315342,0.5259409805275521,0.5259409805275521,0,1,1,-1
gmsc,lightgbm,73,NumberOfTimes90DaysLate,relative_minus_5,-0.05,0.0,0.05,0.4189962251498132,0.8095164920789888,0.3905202669291756,0.3905202669291756,0,1,1,-1
gmsc,lightgbm,74,NumberOfTimes90DaysLate,relative_minus_5,-0.05,0.0,0.05,0.210992213581658,0.6088646249374835,0.3978724113558255,0.3978724113558255,0,1,1,-1
gmsc,lightgbm,75,NumberOfTimes90DaysLate,relative_minus_5,-0.05,0.0,0.05,0.5342256118004257,0.8585484768291133,0.32432286502868757,0.32432286502868757,1,1,0,-1
gmsc,lightgbm,76,NumberOfTimes90DaysLate,relative_minus_5,-0.05,0.0,0.05,0.14869088239886066,0.6120567836474652,0.46336590124860455,0.46336590124860455,0,1,1,-1
gmsc,lightgbm,77,NumberOfTimes90DaysLate,relative_minus_5,-0.05,0.0,0.05,0.06703174942227336,0.5174495233406607,0.4504177739183874,0.4504177739183874,0,1,1,-1
gmsc,lightgbm,78,NumberOfTimes90DaysLate,relative_minus_5,-0.05,0.0,0.05,0.06266917697987844,0.46817053298526246,0.405501356005384,0.405501356005384,0,0,0,-1
gmsc,lightgbm,79,NumberOfTimes90DaysLate,relative_minus_5,-0.05,0.0,0.05,0.3139529328389652,0.7538396647261747,0.4398867318872095,0.4398867318872095,0,1,1,-1
gmsc,lightgbm,80,NumberOfTimes90DaysLate,relative_minus_5,-0.05,0.0,0.05,0.13302830629350945,0.5616956146818785,0.428667308388369,0.428667308388369,0,1,1,-1
gmsc,lightgbm,81,NumberOfTimes90DaysLate,relative_minus_5,-0.05,0.0,0.05,0.1610671025822026,0.656204796146109,0.49513769356390647,0.49513769356390647,0,1,1,-1
gmsc,lightgbm,82,NumberOfTimes90DaysLate,relative_minus_5,-0.05,0.0,0.05,0.39361810976909195,0.7933392335950129,0.39972112382592095,0.39972112382592095,0,1,1,-1
gmsc,lightgbm,83,NumberOfTimes90DaysLate,relative_minus_5,-0.05,0.0,0.05,0.07356231072502029,0.5116545065126328,0.4380921957876125,0.4380921957876125,0,1,1,-1
gmsc,lightgbm,84,NumberOfTimes90DaysLate,relative_minus_5,-0.05,0.0,0.05,0.6471402060773409,0.9011318551856694,0.2539916491083285,0.2539916491083285,1,1,0,-1
gmsc,lightgbm,85,NumberOfTimes90DaysLate,relative_minus_5,-0.05,0.0,0.05,0.06895634900657907,0.5323376838128167,0.46338133480623755,0.46338133480623755,0,1,1,-1
gmsc,lightgbm,86,NumberOfTimes90DaysLate,relative_minus_5,-0.05,0.0,0.05,0.11410528051242601,0.5425033212932912,0.42839804078086513,0.42839804078086513,0,1,1,-1
gmsc,lightgbm,87,NumberOfTimes90DaysLate,relative_minus_5,-0.05,0.0,0.05,0.1006092467906027,0.5804825089189475,0.4798732621283448,0.4798732621283448,0,1,1,-1
gmsc,lightgbm,88,NumberOfTimes90DaysLate,relative_minus_5,-0.05,0.0,0.05,0.126512958826711,0.5328864735988156,0.4063735147721046,0.4063735147721046,0,1,1,-1
gmsc,lightgbm,89,NumberOfTimes90DaysLate,relative_minus_5,-0.05,0.0,0.05,0.3522704795855978,0.775622353563351,0.42335187397775315,0.42335187397775315,0,1,1,-1
gmsc,lightgbm,90,NumberOfTimes90DaysLate,relative_minus_5,-0.05,0.0,0.05,0.04106193866788959,0.395635577721746,0.3545736390538564,0.3545736390538564,0,0,0,-1
gmsc,lightgbm,91,NumberOfTimes90DaysLate,relative_minus_5,-0.05,0.0,0.05,0.15372114734573783,0.6074534950523371,0.4537323477065993,0.4537323477065993,0,1,1,-1
gmsc,lightgbm,92,NumberOfTimes90DaysLate,relative_minus_5,-0.05,0.0,0.05,0.06485095205727061,0.4811929264074484,0.4163419743501778,0.4163419743501778,0,0,0,-1
gmsc,lightgbm,93,NumberOfTimes90DaysLate,relative_minus_5,-0.05,0.0,0.05,0.09924642147480602,0.5867584578545709,0.4875120363797649,0.4875120363797649,0,1,1,-1
gmsc,lightgbm,94,NumberOfTimes90DaysLate,relative_minus_5,-0.05,0.0,0.05,0.16680920152776404,0.6747406665659552,0.5079314650381912,0.5079314650381912,0,1,1,-1
gmsc,lightgbm,95,NumberOfTimes90DaysLate,relative_minus_5,-0.05,0.0,0.05,0.21924410434064803,0.7664768185902036,0.5472327142495556,0.5472327142495556,0,1,1,-1
gmsc,lightgbm,96,NumberOfTimes90DaysLate,relative_minus_5,-0.05,0.0,0.05,0.1131618927406001,0.5177173674312372,0.40455547469063713,0.40455547469063713,0,1,1,-1
gmsc,lightgbm,97,NumberOfTimes90DaysLate,relative_minus_5,-0.05,0.0,0.05,0.10806143941846993,0.5868652340666821,0.4788037946482122,0.4788037946482122,0,1,1,-1
gmsc,lightgbm,98,NumberOfTimes90DaysLate,relative_minus_5,-0.05,0.0,0.05,0.4053784379973068,0.8304542426756039,0.4250758046782971,0.4250758046782971,0,1,1,-1
gmsc,lightgbm,99,NumberOfTimes90DaysLate,relative_minus_5,-0.05,0.0,0.05,0.9052932427250325,0.9456809514747073,0.04038770874967479,0.04038770874967479,1,1,0,-1
gmsc,lightgbm,0,NumberOfTimes90DaysLate,relative_plus_5,0.05,0.0,0.05,0.09051292759777842,0.5651189715238366,0.4746060439260582,0.4746060439260582,0,1,1,-1
gmsc,lightgbm,1,NumberOfTimes90DaysLate,relative_plus_5,0.05,0.0,0.05,0.07432795724364831,0.5270058815662858,0.4526779243226375,0.4526779243226375,0,1,1,-1
gmsc,lightgbm,2,NumberOfTimes90DaysLate,relative_plus_5,0.05,0.0,0.05,0.056660675741342766,0.49781103219405953,0.4411503564527168,0.4411503564527168,0,0,0,-1
gmsc,lightgbm,3,NumberOfTimes90DaysLate,relative_plus_5,0.05,0.0,0.05,0.286464202572455,0.7615625921680561,0.47509838959560113,0.47509838959560113,0,1,1,-1
gmsc,lightgbm,4,NumberOfTimes90DaysLate,relative_plus_5,0.05,0.0,0.05,0.10238192900656183,0.5972795801929741,0.49489765118641227,0.49489765118641227,0,1,1,-1
gmsc,lightgbm,5,NumberOfTimes90DaysLate,relative_plus_5,0.05,0.0,0.05,0.18604525641874214,0.6523868767491564,0.46634162033041426,0.46634162033041426,0,1,1,-1
gmsc,lightgbm,6,NumberOfTimes90DaysLate,relative_plus_5,0.05,0.0,0.05,0.23797486099678064,0.6602806183162198,0.4223057573194391,0.4223057573194391,0,1,1,-1
gmsc,lightgbm,7,NumberOfTimes90DaysLate,relative_plus_5,0.05,0.0,0.05,0.1952165672674782,0.6256870087873629,0.43047044151988473,0.43047044151988473,0,1,1,-1
gmsc,lightgbm,8,NumberOfTimes90DaysLate,relative_plus_5,0.05,0.0,0.05,0.1354653526779545,0.6353270299923512,0.49986167731439674,0.49986167731439674,0,1,1,-1
gmsc,lightgbm,9,NumberOfTimes90DaysLate,relative_plus_5,0.05,0.0,0.05,0.4085309008746626,0.7604958780616016,0.351964977186939,0.351964977186939,0,1,1,-1
gmsc,lightgbm,10,NumberOfTimes90DaysLate,relative_plus_5,0.05,0.0,0.05,0.4151340630771105,0.825281006854424,0.4101469437773135,0.4101469437773135,0,1,1,-1
gmsc,lightgbm,11,NumberOfTimes90DaysLate,relative_plus_5,0.05,0.0,0.05,0.2344419755121663,0.7122900770880338,0.47784810157586755,0.47784810157586755,0,1,1,-1
gmsc,lightgbm,12,NumberOfTimes90DaysLate,relative_plus_5,0.05,0.0,0.05,0.04156783494420435,0.3327335446729807,0.29116570972877637,0.29116570972877637,0,0,0,-1
gmsc,lightgbm,13,NumberOfTimes90DaysLate,relative_plus_5,0.05,1.0,1.05,0.8781305200687587,0.8781305200687587,0.0,0.0,1,1,0,-1
gmsc,lightgbm,14,NumberOfTimes90DaysLate,relative_plus_5,0.05,0.0,0.05,0.30318348670534856,0.7530373800713077,0.44985389336595916,0.44985389336595916,0,1,1,-1
gmsc,lightgbm,15,NumberOfTimes90DaysLate,relative_plus_5,0.05,0.0,0.05,0.27986218783007943,0.7133291798922656,0.4334669920621862,0.4334669920621862,0,1,1,-1
gmsc,lightgbm,16,NumberOfTimes90DaysLate,relative_plus_5,0.05,0.0,0.05,0.4795715640243079,0.7962798910466292,0.3167083270223213,0.3167083270223213,0,1,1,-1
gmsc,lightgbm,17,NumberOfTimes90DaysLate,relative_plus_5,0.05,0.0,0.05,0.10036173784291944,0.5521253213389703,0.45176358349605084,0.45176358349605084,0,1,1,-1
gmsc,lightgbm,18,NumberOfTimes90DaysLate,relative_plus_5,0.05,0.0,0.05,0.4332396231850946,0.8249838089067658,0.3917441857216712,0.3917441857216712,0,1,1,-1
gmsc,lightgbm,19,NumberOfTimes90DaysLate,relative_plus_5,0.05,0.0,0.05,0.20706517488791176,0.6591140289923083,0.45204885410439655,0.45204885410439655,0,1,1,-1
gmsc,lightgbm,20,NumberOfTimes90DaysLate,relative_plus_5,0.05,0.0,0.05,0.05708612745116283,0.422557394906137,0.36547126745497416,0.36547126745497416,0,0,0,-1
gmsc,lightgbm,21,NumberOfTimes90DaysLate,relative_plus_5,0.05,0.0,0.05,0.0755556455268635,0.46630761279085325,0.39075196726398975,0.39075196726398975,0,0,0,-1
gmsc,lightgbm,22,NumberOfTimes90DaysLate,relative_plus_5,0.05,0.0,0.05,0.05695935088858043,0.45689603716486193,0.3999366862762815,0.3999366862762815,0,0,0,-1
gmsc,lightgbm,23,NumberOfTimes90DaysLate,relative_plus_5,0.05,0.0,0.05,0.08889571164479391,0.5445537266760113,0.4556580150312174,0.4556580150312174,0,1,1,-1
gmsc,lightgbm,24,NumberOfTimes90DaysLate,relative_plus_5,0.05,0.0,0.05,0.03569402945373115,0.33761369785607753,0.3019196684023464,0.3019196684023464,0,0,0,-1
gmsc,lightgbm,25,NumberOfTimes90DaysLate,relative_plus_5,0.05,0.0,0.05,0.485195355176274,0.852862146439572,0.36766679126329804,0.36766679126329804,0,1,1,-1
gmsc,lightgbm,26,NumberOfTimes90DaysLate,relative_plus_5,0.05,0.0,0.05,0.4690330102001808,0.8082613028758459,0.33922829267566507,0.33922829267566507,0,1,1,-1
gmsc,lightgbm,27,NumberOfTimes90DaysLate,relative_plus_5,0.05,0.0,0.05,0.15310886136230434,0.6739636602991621,0.5208547989368577,0.5208547989368577,0,1,1,-1
gmsc,lightgbm,28,NumberOfTimes90DaysLate,relative_plus_5,0.05,0.0,0.05,0.24706706865061875,0.7292159613321907,0.4821488926815719,0.4821488926815719,0,1,1,-1
gmsc,lightgbm,29,NumberOfTimes90DaysLate,relative_plus_5,0.05,0.0,0.05,0.07280429517617616,0.4586773330055917,0.38587303782941557,0.38587303782941557,0,0,0,-1
gmsc,lightgbm,30,NumberOfTimes90DaysLate,relative_plus_5,0.05,0.0,0.05,0.2669688028729123,0.7420481810653928,0.47507937819248053,0.47507937819248053,0,1,1,-1
gmsc,lightgbm,31,NumberOfTimes90DaysLate,relative_plus_5,0.05,0.0,0.05,0.16812286485697317,0.6840903714072019,0.5159675065502287,0.5159675065502287,0,1,1,-1
gmsc,lightgbm,32,NumberOfTimes90DaysLate,relative_plus_5,0.05,0.0,0.05,0.1358222660255187,0.5506738886683962,0.41485162264287745,0.41485162264287745,0,1,1,-1
gmsc,lightgbm,33,NumberOfTimes90DaysLate,relative_plus_5,0.05,0.0,0.05,0.0907121359558535,0.5184292945395587,0.4277171585837052,0.4277171585837052,0,1,1,-1
gmsc,lightgbm,34,NumberOfTimes90DaysLate,relative_plus_5,0.05,0.0,0.05,0.5887765630991544,0.8480385224201329,0.2592619593209785,0.2592619593209785,1,1,0,-1
gmsc,lightgbm,35,NumberOfTimes90DaysLate,relative_plus_5,0.05,0.0,0.05,0.7686376306323768,0.9123233516584973,0.14368572102612054,0.14368572102612054,1,1,0,-1
gmsc,lightgbm,36,NumberOfTimes90DaysLate,relative_plus_5,0.05,0.0,0.05,0.20383228110756807,0.6652701690493754,0.46143788794180735,0.46143788794180735,0,1,1,-1
gmsc,lightgbm,37,NumberOfTimes90DaysLate,relative_plus_5,0.05,0.0,0.05,0.36583164209666225,0.602155198537022,0.2363235564403598,0.2363235564403598,0,1,1,-1
gmsc,lightgbm,38,NumberOfTimes90DaysLate,relative_plus_5,0.05,0.0,0.05,0.25782269826496373,0.761192849925221,0.5033701516602572,0.5033701516602572,0,1,1,-1
gmsc,lightgbm,39,NumberOfTimes90DaysLate,relative_plus_5,0.05,0.0,0.05,0.35851671570275906,0.8217616691972784,0.4632449534945194,0.4632449534945194,0,1,1,-1
gmsc,lightgbm,40,NumberOfTimes90DaysLate,relative_plus_5,0.05,0.0,0.05,0.15809809532716768,0.6728059058879295,0.5147078105607619,0.5147078105607619,0,1,1,-1
gmsc,lightgbm,41,NumberOfTimes90DaysLate,relative_plus_5,0.05,0.0,0.05,0.17767130123412736,0.6791178076857649,0.5014465064516376,0.5014465064516376,0,1,1,-1
gmsc,lightgbm,42,NumberOfTimes90DaysLate,relative_plus_5,0.05,0.0,0.05,0.13142576347451704,0.6025470831039088,0.47112131962939174,0.47112131962939174,0,1,1,-1
gmsc,lightgbm,43,NumberOfTimes90DaysLate,relative_plus_5,0.05,0.0,0.05,0.5220123045323535,0.8709820619891622,0.3489697574568087,0.3489697574568087,1,1,0,-1
gmsc,lightgbm,44,NumberOfTimes90DaysLate,relative_plus_5,0.05,0.0,0.05,0.10248475676544401,0.5373667529564654,0.4348819961910214,0.4348819961910214,0,1,1,-1
gmsc,lightgbm,45,NumberOfTimes90DaysLate,relative_plus_5,0.05,0.0,0.05,0.134509615497707,0.6423902753362097,0.5078806598385027,0.5078806598385027,0,1,1,-1
gmsc,lightgbm,46,NumberOfTimes90DaysLate,relative_plus_5,0.05,0.0,0.05,0.24542503658751236,0.7316878586541641,0.4862628220666517,0.4862628220666517,0,1,1,-1
gmsc,lightgbm,47,NumberOfTimes90DaysLate,relative_plus_5,0.05,0.0,0.05,0.06429004529354826,0.4738853057553992,0.40959526046185096,0.40959526046185096,0,0,0,-1
gmsc,lightgbm,48,NumberOfTimes90DaysLate,relative_plus_5,0.05,0.0,0.05,0.08494795229441349,0.5128313699126216,0.4278834176182081,0.4278834176182081,0,1,1,-1
gmsc,lightgbm,49,NumberOfTimes90DaysLate,relative_plus_5,0.05,0.0,0.05,0.032964158323007746,0.3077109036726496,0.27474674534964183,0.27474674534964183,0,0,0,-1
gmsc,lightgbm,50,NumberOfTimes90DaysLate,relative_plus_5,0.05,0.0,0.05,0.15598569074603788,0.5803254276048865,0.4243397368588486,0.4243397368588486,0,1,1,-1
gmsc,lightgbm,51,NumberOfTimes90DaysLate,relative_plus_5,0.05,0.0,0.05,0.2427114365476945,0.676244847576031,0.4335334110283365,0.4335334110283365,0,1,1,-1
gmsc,lightgbm,52,NumberOfTimes90DaysLate,relative_plus_5,0.05,0.0,0.05,0.04278071258564872,0.4213096814230186,0.37852896883736986,0.37852896883736986,0,0,0,-1
gmsc,lightgbm,53,NumberOfTimes90DaysLate,relative_plus_5,0.05,0.0,0.05,0.8459631804707949,0.9227665169586401,0.07680333648784521,0.07680333648784521,1,1,0,-1
gmsc,lightgbm,54,NumberOfTimes90DaysLate,relative_plus_5,0.05,0.0,0.05,0.9585025696211499,0.9710908353279418,0.012588265706791946,0.012588265706791946,1,1,0,-1
gmsc,lightgbm,55,NumberOfTimes90DaysLate,relative_plus_5,0.05,0.0,0.05,0.05240087287788092,0.42917343262493673,0.3767725597470558,0.3767725597470558,0,0,0,-1
gmsc,lightgbm,56,NumberOfTimes90DaysLate,relative_plus_5,0.05,0.0,0.05,0.16633030838518062,0.6698769003708427,0.5035465919856621,0.5035465919856621,0,1,1,-1
gmsc,lightgbm,57,NumberOfTimes90DaysLate,relative_plus_5,0.05,0.0,0.05,0.5855679032449771,0.871032086344532,0.2854641830995549,0.2854641830995549,1,1,0,-1
gmsc,lightgbm,58,NumberOfTimes90DaysLate,relative_plus_5,0.05,1.0,1.05,0.7120052536243187,0.7120052536243187,0.0,0.0,1,1,0,-1
gmsc,lightgbm,59,NumberOfTimes90DaysLate,relative_plus_5,0.05,0.0,0.05,0.6081127081916137,0.879661160992004,0.2715484528003903,0.2715484528003903,1,1,0,-1
gmsc,lightgbm,60,NumberOfTimes90DaysLate,relative_plus_5,0.05,0.0,0.05,0.19907747746451288,0.7024187206655557,0.5033412432010428,0.5033412432010428,0,1,1,-1
gmsc,lightgbm,61,NumberOfTimes90DaysLate,relative_plus_5,0.05,0.0,0.05,0.3321226038071093,0.7712647532097922,0.43914214940268287,0.43914214940268287,0,1,1,-1
gmsc,lightgbm,62,NumberOfTimes90DaysLate,relative_plus_5,0.05,0.0,0.05,0.49700932793678176,0.8579809040435484,0.36097157610676667,0.36097157610676667,0,1,1,-1
gmsc,lightgbm,63,NumberOfTimes90DaysLate,relative_plus_5,0.05,0.0,0.05,0.07983838287755414,0.5059728577108698,0.4261344748333156,0.4261344748333156,0,1,1,-1
gmsc,lightgbm,64,NumberOfTimes90DaysLate,relative_plus_5,0.05,0.0,0.05,0.27572869286326523,0.7241282565540371,0.4483995636907719,0.4483995636907719,0,1,1,-1
gmsc,lightgbm,65,NumberOfTimes90DaysLate,relative_plus_5,0.05,0.0,0.05,0.3901193599625518,0.7515638565235908,0.361444496561039,0.361444496561039,0,1,1,-1
gmsc,lightgbm,66,NumberOfTimes90DaysLate,relative_plus_5,0.05,0.0,0.05,0.14251343003654435,0.621426868221542,0.47891343818499765,0.47891343818499765,0,1,1,-1
gmsc,lightgbm,67,NumberOfTimes90DaysLate,relative_plus_5,0.05,0.0,0.05,0.42152422623564395,0.8189123003885042,0.3973880741528602,0.3973880741528602,0,1,1,-1
gmsc,lightgbm,68,NumberOfTimes90DaysLate,relative_plus_5,0.05,0.0,0.05,0.1212328971978392,0.6139310552965234,0.49269815809868417,0.49269815809868417,0,1,1,-1
gmsc,lightgbm,69,NumberOfTimes90DaysLate,relative_plus_5,0.05,0.0,0.05,0.5620282234727743,0.8487644802866675,0.28673625681389325,0.28673625681389325,1,1,0,-1
gmsc,lightgbm,70,NumberOfTimes90DaysLate,relative_plus_5,0.05,0.0,0.05,0.4264114501848385,0.7885375450440746,0.3621260948592361,0.3621260948592361,0,1,1,-1
gmsc,lightgbm,71,NumberOfTimes90DaysLate,relative_plus_5,0.05,0.0,0.05,0.11528535367529104,0.61365874727848,0.498373393603189,0.498373393603189,0,1,1,-1
gmsc,lightgbm,72,NumberOfTimes90DaysLate,relative_plus_5,0.05,0.0,0.05,0.18694209170398213,0.7128830722315342,0.5259409805275521,0.5259409805275521,0,1,1,-1
gmsc,lightgbm,73,NumberOfTimes90DaysLate,relative_plus_5,0.05,0.0,0.05,0.4189962251498132,0.8095164920789888,0.3905202669291756,0.3905202669291756,0,1,1,-1
gmsc,lightgbm,74,NumberOfTimes90DaysLate,relative_plus_5,0.05,0.0,0.05,0.210992213581658,0.6088646249374835,0.3978724113558255,0.3978724113558255,0,1,1,-1
gmsc,lightgbm,75,NumberOfTimes90DaysLate,relative_plus_5,0.05,0.0,0.05,0.5342256118004257,0.8585484768291133,0.32432286502868757,0.32432286502868757,1,1,0,-1
gmsc,lightgbm,76,NumberOfTimes90DaysLate,relative_plus_5,0.05,0.0,0.05,0.14869088239886066,0.6120567836474652,0.46336590124860455,0.46336590124860455,0,1,1,-1
gmsc,lightgbm,77,NumberOfTimes90DaysLate,relative_plus_5,0.05,0.0,0.05,0.06703174942227336,0.5174495233406607,0.4504177739183874,0.4504177739183874,0,1,1,-1
gmsc,lightgbm,78,NumberOfTimes90DaysLate,relative_plus_5,0.05,0.0,0.05,0.06266917697987844,0.46817053298526246,0.405501356005384,0.405501356005384,0,0,0,-1
gmsc,lightgbm,79,NumberOfTimes90DaysLate,relative_plus_5,0.05,0.0,0.05,0.3139529328389652,0.7538396647261747,0.4398867318872095,0.4398867318872095,0,1,1,-1
gmsc,lightgbm,80,NumberOfTimes90DaysLate,relative_plus_5,0.05,0.0,0.05,0.13302830629350945,0.5616956146818785,0.428667308388369,0.428667308388369,0,1,1,-1
gmsc,lightgbm,81,NumberOfTimes90DaysLate,relative_plus_5,0.05,0.0,0.05,0.1610671025822026,0.656204796146109,0.49513769356390647,0.49513769356390647,0,1,1,-1
gmsc,lightgbm,82,NumberOfTimes90DaysLate,relative_plus_5,0.05,0.0,0.05,0.39361810976909195,0.7933392335950129,0.39972112382592095,0.39972112382592095,0,1,1,-1
gmsc,lightgbm,83,NumberOfTimes90DaysLate,relative_plus_5,0.05,0.0,0.05,0.07356231072502029,0.5116545065126328,0.4380921957876125,0.4380921957876125,0,1,1,-1
gmsc,lightgbm,84,NumberOfTimes90DaysLate,relative_plus_5,0.05,0.0,0.05,0.6471402060773409,0.9011318551856694,0.2539916491083285,0.2539916491083285,1,1,0,-1
gmsc,lightgbm,85,NumberOfTimes90DaysLate,relative_plus_5,0.05,0.0,0.05,0.06895634900657907,0.5323376838128167,0.46338133480623755,0.46338133480623755,0,1,1,-1
gmsc,lightgbm,86,NumberOfTimes90DaysLate,relative_plus_5,0.05,0.0,0.05,0.11410528051242601,0.5425033212932912,0.42839804078086513,0.42839804078086513,0,1,1,-1
gmsc,lightgbm,87,NumberOfTimes90DaysLate,relative_plus_5,0.05,0.0,0.05,0.1006092467906027,0.5804825089189475,0.4798732621283448,0.4798732621283448,0,1,1,-1
gmsc,lightgbm,88,NumberOfTimes90DaysLate,relative_plus_5,0.05,0.0,0.05,0.126512958826711,0.5328864735988156,0.4063735147721046,0.4063735147721046,0,1,1,-1
gmsc,lightgbm,89,NumberOfTimes90DaysLate,relative_plus_5,0.05,0.0,0.05,0.3522704795855978,0.775622353563351,0.42335187397775315,0.42335187397775315,0,1,1,-1
gmsc,lightgbm,90,NumberOfTimes90DaysLate,relative_plus_5,0.05,0.0,0.05,0.04106193866788959,0.395635577721746,0.3545736390538564,0.3545736390538564,0,0,0,-1
gmsc,lightgbm,91,NumberOfTimes90DaysLate,relative_plus_5,0.05,0.0,0.05,0.15372114734573783,0.6074534950523371,0.4537323477065993,0.4537323477065993,0,1,1,-1
gmsc,lightgbm,92,NumberOfTimes90DaysLate,relative_plus_5,0.05,0.0,0.05,0.06485095205727061,0.4811929264074484,0.4163419743501778,0.4163419743501778,0,0,0,-1
gmsc,lightgbm,93,NumberOfTimes90DaysLate,relative_plus_5,0.05,0.0,0.05,0.09924642147480602,0.5867584578545709,0.4875120363797649,0.4875120363797649,0,1,1,-1
gmsc,lightgbm,94,NumberOfTimes90DaysLate,relative_plus_5,0.05,0.0,0.05,0.16680920152776404,0.6747406665659552,0.5079314650381912,0.5079314650381912,0,1,1,-1
gmsc,lightgbm,95,NumberOfTimes90DaysLate,relative_plus_5,0.05,0.0,0.05,0.21924410434064803,0.7664768185902036,0.5472327142495556,0.5472327142495556,0,1,1,-1
gmsc,lightgbm,96,NumberOfTimes90DaysLate,relative_plus_5,0.05,0.0,0.05,0.1131618927406001,0.5177173674312372,0.40455547469063713,0.40455547469063713,0,1,1,-1
gmsc,lightgbm,97,NumberOfTimes90DaysLate,relative_plus_5,0.05,0.0,0.05,0.10806143941846993,0.5868652340666821,0.4788037946482122,0.4788037946482122,0,1,1,-1
gmsc,lightgbm,98,NumberOfTimes90DaysLate,relative_plus_5,0.05,0.0,0.05,0.4053784379973068,0.8304542426756039,0.4250758046782971,0.4250758046782971,0,1,1,-1
gmsc,lightgbm,99,NumberOfTimes90DaysLate,relative_plus_5,0.05,0.0,0.05,0.9052932427250325,0.9456809514747073,0.04038770874967479,0.04038770874967479,1,1,0,-1
gmsc,lightgbm,0,NumberOfTimes90DaysLate,relative_minus_10,-0.1,0.0,0.1,0.09051292759777842,0.5651189715238366,0.4746060439260582,0.4746060439260582,0,1,1,-1
gmsc,lightgbm,1,NumberOfTimes90DaysLate,relative_minus_10,-0.1,0.0,0.1,0.07432795724364831,0.5270058815662858,0.4526779243226375,0.4526779243226375,0,1,1,-1
gmsc,lightgbm,2,NumberOfTimes90DaysLate,relative_minus_10,-0.1,0.0,0.1,0.056660675741342766,0.49781103219405953,0.4411503564527168,0.4411503564527168,0,0,0,-1
gmsc,lightgbm,3,NumberOfTimes90DaysLate,relative_minus_10,-0.1,0.0,0.1,0.286464202572455,0.7615625921680561,0.47509838959560113,0.47509838959560113,0,1,1,-1
gmsc,lightgbm,4,NumberOfTimes90DaysLate,relative_minus_10,-0.1,0.0,0.1,0.10238192900656183,0.5972795801929741,0.49489765118641227,0.49489765118641227,0,1,1,-1
gmsc,lightgbm,5,NumberOfTimes90DaysLate,relative_minus_10,-0.1,0.0,0.1,0.18604525641874214,0.6523868767491564,0.46634162033041426,0.46634162033041426,0,1,1,-1
gmsc,lightgbm,6,NumberOfTimes90DaysLate,relative_minus_10,-0.1,0.0,0.1,0.23797486099678064,0.6602806183162198,0.4223057573194391,0.4223057573194391,0,1,1,-1
gmsc,lightgbm,7,NumberOfTimes90DaysLate,relative_minus_10,-0.1,0.0,0.1,0.1952165672674782,0.6256870087873629,0.43047044151988473,0.43047044151988473,0,1,1,-1
gmsc,lightgbm,8,NumberOfTimes90DaysLate,relative_minus_10,-0.1,0.0,0.1,0.1354653526779545,0.6353270299923512,0.49986167731439674,0.49986167731439674,0,1,1,-1
gmsc,lightgbm,9,NumberOfTimes90DaysLate,relative_minus_10,-0.1,0.0,0.1,0.4085309008746626,0.7604958780616016,0.351964977186939,0.351964977186939,0,1,1,-1
gmsc,lightgbm,10,NumberOfTimes90DaysLate,relative_minus_10,-0.1,0.0,0.1,0.4151340630771105,0.825281006854424,0.4101469437773135,0.4101469437773135,0,1,1,-1
gmsc,lightgbm,11,NumberOfTimes90DaysLate,relative_minus_10,-0.1,0.0,0.1,0.2344419755121663,0.7122900770880338,0.47784810157586755,0.47784810157586755,0,1,1,-1
gmsc,lightgbm,12,NumberOfTimes90DaysLate,relative_minus_10,-0.1,0.0,0.1,0.04156783494420435,0.3327335446729807,0.29116570972877637,0.29116570972877637,0,0,0,-1
gmsc,lightgbm,13,NumberOfTimes90DaysLate,relative_minus_10,-0.1,1.0,1.1,0.8781305200687587,0.8781305200687587,0.0,0.0,1,1,0,-1
gmsc,lightgbm,14,NumberOfTimes90DaysLate,relative_minus_10,-0.1,0.0,0.1,0.30318348670534856,0.7530373800713077,0.44985389336595916,0.44985389336595916,0,1,1,-1
gmsc,lightgbm,15,NumberOfTimes90DaysLate,relative_minus_10,-0.1,0.0,0.1,0.27986218783007943,0.7133291798922656,0.4334669920621862,0.4334669920621862,0,1,1,-1
gmsc,lightgbm,16,NumberOfTimes90DaysLate,relative_minus_10,-0.1,0.0,0.1,0.4795715640243079,0.7962798910466292,0.3167083270223213,0.3167083270223213,0,1,1,-1
gmsc,lightgbm,17,NumberOfTimes90DaysLate,relative_minus_10,-0.1,0.0,0.1,0.10036173784291944,0.5521253213389703,0.45176358349605084,0.45176358349605084,0,1,1,-1
gmsc,lightgbm,18,NumberOfTimes90DaysLate,relative_minus_10,-0.1,0.0,0.1,0.4332396231850946,0.8249838089067658,0.3917441857216712,0.3917441857216712,0,1,1,-1
gmsc,lightgbm,19,NumberOfTimes90DaysLate,relative_minus_10,-0.1,0.0,0.1,0.20706517488791176,0.6591140289923083,0.45204885410439655,0.45204885410439655,0,1,1,-1
gmsc,lightgbm,20,NumberOfTimes90DaysLate,relative_minus_10,-0.1,0.0,0.1,0.05708612745116283,0.422557394906137,0.36547126745497416,0.36547126745497416,0,0,0,-1
gmsc,lightgbm,21,NumberOfTimes90DaysLate,relative_minus_10,-0.1,0.0,0.1,0.0755556455268635,0.46630761279085325,0.39075196726398975,0.39075196726398975,0,0,0,-1
gmsc,lightgbm,22,NumberOfTimes90DaysLate,relative_minus_10,-0.1,0.0,0.1,0.05695935088858043,0.45689603716486193,0.3999366862762815,0.3999366862762815,0,0,0,-1
gmsc,lightgbm,23,NumberOfTimes90DaysLate,relative_minus_10,-0.1,0.0,0.1,0.08889571164479391,0.5445537266760113,0.4556580150312174,0.4556580150312174,0,1,1,-1
gmsc,lightgbm,24,NumberOfTimes90DaysLate,relative_minus_10,-0.1,0.0,0.1,0.03569402945373115,0.33761369785607753,0.3019196684023464,0.3019196684023464,0,0,0,-1
gmsc,lightgbm,25,NumberOfTimes90DaysLate,relative_minus_10,-0.1,0.0,0.1,0.485195355176274,0.852862146439572,0.36766679126329804,0.36766679126329804,0,1,1,-1
gmsc,lightgbm,26,NumberOfTimes90DaysLate,relative_minus_10,-0.1,0.0,0.1,0.4690330102001808,0.8082613028758459,0.33922829267566507,0.33922829267566507,0,1,1,-1
gmsc,lightgbm,27,NumberOfTimes90DaysLate,relative_minus_10,-0.1,0.0,0.1,0.15310886136230434,0.6739636602991621,0.5208547989368577,0.5208547989368577,0,1,1,-1
gmsc,lightgbm,28,NumberOfTimes90DaysLate,relative_minus_10,-0.1,0.0,0.1,0.24706706865061875,0.7292159613321907,0.4821488926815719,0.4821488926815719,0,1,1,-1
gmsc,lightgbm,29,NumberOfTimes90DaysLate,relative_minus_10,-0.1,0.0,0.1,0.07280429517617616,0.4586773330055917,0.38587303782941557,0.38587303782941557,0,0,0,-1
gmsc,lightgbm,30,NumberOfTimes90DaysLate,relative_minus_10,-0.1,0.0,0.1,0.2669688028729123,0.7420481810653928,0.47507937819248053,0.47507937819248053,0,1,1,-1
gmsc,lightgbm,31,NumberOfTimes90DaysLate,relative_minus_10,-0.1,0.0,0.1,0.16812286485697317,0.6840903714072019,0.5159675065502287,0.5159675065502287,0,1,1,-1
gmsc,lightgbm,32,NumberOfTimes90DaysLate,relative_minus_10,-0.1,0.0,0.1,0.1358222660255187,0.5506738886683962,0.41485162264287745,0.41485162264287745,0,1,1,-1
gmsc,lightgbm,33,NumberOfTimes90DaysLate,relative_minus_10,-0.1,0.0,0.1,0.0907121359558535,0.5184292945395587,0.4277171585837052,0.4277171585837052,0,1,1,-1
gmsc,lightgbm,34,NumberOfTimes90DaysLate,relative_minus_10,-0.1,0.0,0.1,0.5887765630991544,0.8480385224201329,0.2592619593209785,0.2592619593209785,1,1,0,-1
gmsc,lightgbm,35,NumberOfTimes90DaysLate,relative_minus_10,-0.1,0.0,0.1,0.7686376306323768,0.9123233516584973,0.14368572102612054,0.14368572102612054,1,1,0,-1
gmsc,lightgbm,36,NumberOfTimes90DaysLate,relative_minus_10,-0.1,0.0,0.1,0.20383228110756807,0.6652701690493754,0.46143788794180735,0.46143788794180735,0,1,1,-1
gmsc,lightgbm,37,NumberOfTimes90DaysLate,relative_minus_10,-0.1,0.0,0.1,0.36583164209666225,0.602155198537022,0.2363235564403598,0.2363235564403598,0,1,1,-1
gmsc,lightgbm,38,NumberOfTimes90DaysLate,relative_minus_10,-0.1,0.0,0.1,0.25782269826496373,0.761192849925221,0.5033701516602572,0.5033701516602572,0,1,1,-1
gmsc,lightgbm,39,NumberOfTimes90DaysLate,relative_minus_10,-0.1,0.0,0.1,0.35851671570275906,0.8217616691972784,0.4632449534945194,0.4632449534945194,0,1,1,-1
gmsc,lightgbm,40,NumberOfTimes90DaysLate,relative_minus_10,-0.1,0.0,0.1,0.15809809532716768,0.6728059058879295,0.5147078105607619,0.5147078105607619,0,1,1,-1
gmsc,lightgbm,41,NumberOfTimes90DaysLate,relative_minus_10,-0.1,0.0,0.1,0.17767130123412736,0.6791178076857649,0.5014465064516376,0.5014465064516376,0,1,1,-1
gmsc,lightgbm,42,NumberOfTimes90DaysLate,relative_minus_10,-0.1,0.0,0.1,0.13142576347451704,0.6025470831039088,0.47112131962939174,0.47112131962939174,0,1,1,-1
gmsc,lightgbm,43,NumberOfTimes90DaysLate,relative_minus_10,-0.1,0.0,0.1,0.5220123045323535,0.8709820619891622,0.3489697574568087,0.3489697574568087,1,1,0,-1
gmsc,lightgbm,44,NumberOfTimes90DaysLate,relative_minus_10,-0.1,0.0,0.1,0.10248475676544401,0.5373667529564654,0.4348819961910214,0.4348819961910214,0,1,1,-1
gmsc,lightgbm,45,NumberOfTimes90DaysLate,relative_minus_10,-0.1,0.0,0.1,0.134509615497707,0.6423902753362097,0.5078806598385027,0.5078806598385027,0,1,1,-1
gmsc,lightgbm,46,NumberOfTimes90DaysLate,relative_minus_10,-0.1,0.0,0.1,0.24542503658751236,0.7316878586541641,0.4862628220666517,0.4862628220666517,0,1,1,-1
gmsc,lightgbm,47,NumberOfTimes90DaysLate,relative_minus_10,-0.1,0.0,0.1,0.06429004529354826,0.4738853057553992,0.40959526046185096,0.40959526046185096,0,0,0,-1
gmsc,lightgbm,48,NumberOfTimes90DaysLate,relative_minus_10,-0.1,0.0,0.1,0.08494795229441349,0.5128313699126216,0.4278834176182081,0.4278834176182081,0,1,1,-1
gmsc,lightgbm,49,NumberOfTimes90DaysLate,relative_minus_10,-0.1,0.0,0.1,0.032964158323007746,0.3077109036726496,0.27474674534964183,0.27474674534964183,0,0,0,-1
gmsc,lightgbm,50,NumberOfTimes90DaysLate,relative_minus_10,-0.1,0.0,0.1,0.15598569074603788,0.5803254276048865,0.4243397368588486,0.4243397368588486,0,1,1,-1
gmsc,lightgbm,51,NumberOfTimes90DaysLate,relative_minus_10,-0.1,0.0,0.1,0.2427114365476945,0.676244847576031,0.4335334110283365,0.4335334110283365,0,1,1,-1
gmsc,lightgbm,52,NumberOfTimes90DaysLate,relative_minus_10,-0.1,0.0,0.1,0.04278071258564872,0.4213096814230186,0.37852896883736986,0.37852896883736986,0,0,0,-1
gmsc,lightgbm,53,NumberOfTimes90DaysLate,relative_minus_10,-0.1,0.0,0.1,0.8459631804707949,0.9227665169586401,0.07680333648784521,0.07680333648784521,1,1,0,-1
gmsc,lightgbm,54,NumberOfTimes90DaysLate,relative_minus_10,-0.1,0.0,0.1,0.9585025696211499,0.9710908353279418,0.012588265706791946,0.012588265706791946,1,1,0,-1
gmsc,lightgbm,55,NumberOfTimes90DaysLate,relative_minus_10,-0.1,0.0,0.1,0.05240087287788092,0.42917343262493673,0.3767725597470558,0.3767725597470558,0,0,0,-1
gmsc,lightgbm,56,NumberOfTimes90DaysLate,relative_minus_10,-0.1,0.0,0.1,0.16633030838518062,0.6698769003708427,0.5035465919856621,0.5035465919856621,0,1,1,-1
gmsc,lightgbm,57,NumberOfTimes90DaysLate,relative_minus_10,-0.1,0.0,0.1,0.5855679032449771,0.871032086344532,0.2854641830995549,0.2854641830995549,1,1,0,-1
gmsc,lightgbm,58,NumberOfTimes90DaysLate,relative_minus_10,-0.1,1.0,1.1,0.7120052536243187,0.7120052536243187,0.0,0.0,1,1,0,-1
gmsc,lightgbm,59,NumberOfTimes90DaysLate,relative_minus_10,-0.1,0.0,0.1,0.6081127081916137,0.879661160992004,0.2715484528003903,0.2715484528003903,1,1,0,-1
gmsc,lightgbm,60,NumberOfTimes90DaysLate,relative_minus_10,-0.1,0.0,0.1,0.19907747746451288,0.7024187206655557,0.5033412432010428,0.5033412432010428,0,1,1,-1
gmsc,lightgbm,61,NumberOfTimes90DaysLate,relative_minus_10,-0.1,0.0,0.1,0.3321226038071093,0.7712647532097922,0.43914214940268287,0.43914214940268287,0,1,1,-1
gmsc,lightgbm,62,NumberOfTimes90DaysLate,relative_minus_10,-0.1,0.0,0.1,0.49700932793678176,0.8579809040435484,0.36097157610676667,0.36097157610676667,0,1,1,-1
gmsc,lightgbm,63,NumberOfTimes90DaysLate,relative_minus_10,-0.1,0.0,0.1,0.07983838287755414,0.5059728577108698,0.4261344748333156,0.4261344748333156,0,1,1,-1
gmsc,lightgbm,64,NumberOfTimes90DaysLate,relative_minus_10,-0.1,0.0,0.1,0.27572869286326523,0.7241282565540371,0.4483995636907719,0.4483995636907719,0,1,1,-1
gmsc,lightgbm,65,NumberOfTimes90DaysLate,relative_minus_10,-0.1,0.0,0.1,0.3901193599625518,0.7515638565235908,0.361444496561039,0.361444496561039,0,1,1,-1
gmsc,lightgbm,66,NumberOfTimes90DaysLate,relative_minus_10,-0.1,0.0,0.1,0.14251343003654435,0.621426868221542,0.47891343818499765,0.47891343818499765,0,1,1,-1
gmsc,lightgbm,67,NumberOfTimes90DaysLate,relative_minus_10,-0.1,0.0,0.1,0.42152422623564395,0.8189123003885042,0.3973880741528602,0.3973880741528602,0,1,1,-1
gmsc,lightgbm,68,NumberOfTimes90DaysLate,relative_minus_10,-0.1,0.0,0.1,0.1212328971978392,0.6139310552965234,0.49269815809868417,0.49269815809868417,0,1,1,-1
gmsc,lightgbm,69,NumberOfTimes90DaysLate,relative_minus_10,-0.1,0.0,0.1,0.5620282234727743,0.8487644802866675,0.28673625681389325,0.28673625681389325,1,1,0,-1
gmsc,lightgbm,70,NumberOfTimes90DaysLate,relative_minus_10,-0.1,0.0,0.1,0.4264114501848385,0.7885375450440746,0.3621260948592361,0.3621260948592361,0,1,1,-1
gmsc,lightgbm,71,NumberOfTimes90DaysLate,relative_minus_10,-0.1,0.0,0.1,0.11528535367529104,0.61365874727848,0.498373393603189,0.498373393603189,0,1,1,-1
gmsc,lightgbm,72,NumberOfTimes90DaysLate,relative_minus_10,-0.1,0.0,0.1,0.18694209170398213,0.7128830722315342,0.5259409805275521,0.5259409805275521,0,1,1,-1
gmsc,lightgbm,73,NumberOfTimes90DaysLate,relative_minus_10,-0.1,0.0,0.1,0.4189962251498132,0.8095164920789888,0.3905202669291756,0.3905202669291756,0,1,1,-1
gmsc,lightgbm,74,NumberOfTimes90DaysLate,relative_minus_10,-0.1,0.0,0.1,0.210992213581658,0.6088646249374835,0.3978724113558255,0.3978724113558255,0,1,1,-1
gmsc,lightgbm,75,NumberOfTimes90DaysLate,relative_minus_10,-0.1,0.0,0.1,0.5342256118004257,0.8585484768291133,0.32432286502868757,0.32432286502868757,1,1,0,-1
gmsc,lightgbm,76,NumberOfTimes90DaysLate,relative_minus_10,-0.1,0.0,0.1,0.14869088239886066,0.6120567836474652,0.46336590124860455,0.46336590124860455,0,1,1,-1
gmsc,lightgbm,77,NumberOfTimes90DaysLate,relative_minus_10,-0.1,0.0,0.1,0.06703174942227336,0.5174495233406607,0.4504177739183874,0.4504177739183874,0,1,1,-1
gmsc,lightgbm,78,NumberOfTimes90DaysLate,relative_minus_10,-0.1,0.0,0.1,0.06266917697987844,0.46817053298526246,0.405501356005384,0.405501356005384,0,0,0,-1
gmsc,lightgbm,79,NumberOfTimes90DaysLate,relative_minus_10,-0.1,0.0,0.1,0.3139529328389652,0.7538396647261747,0.4398867318872095,0.4398867318872095,0,1,1,-1
gmsc,lightgbm,80,NumberOfTimes90DaysLate,relative_minus_10,-0.1,0.0,0.1,0.13302830629350945,0.5616956146818785,0.428667308388369,0.428667308388369,0,1,1,-1
gmsc,lightgbm,81,NumberOfTimes90DaysLate,relative_minus_10,-0.1,0.0,0.1,0.1610671025822026,0.656204796146109,0.49513769356390647,0.49513769356390647,0,1,1,-1
gmsc,lightgbm,82,NumberOfTimes90DaysLate,relative_minus_10,-0.1,0.0,0.1,0.39361810976909195,0.7933392335950129,0.39972112382592095,0.39972112382592095,0,1,1,-1
gmsc,lightgbm,83,NumberOfTimes90DaysLate,relative_minus_10,-0.1,0.0,0.1,0.07356231072502029,0.5116545065126328,0.4380921957876125,0.4380921957876125,0,1,1,-1
gmsc,lightgbm,84,NumberOfTimes90DaysLate,relative_minus_10,-0.1,0.0,0.1,0.6471402060773409,0.9011318551856694,0.2539916491083285,0.2539916491083285,1,1,0,-1
gmsc,lightgbm,85,NumberOfTimes90DaysLate,relative_minus_10,-0.1,0.0,0.1,0.06895634900657907,0.5323376838128167,0.46338133480623755,0.46338133480623755,0,1,1,-1
gmsc,lightgbm,86,NumberOfTimes90DaysLate,relative_minus_10,-0.1,0.0,0.1,0.11410528051242601,0.5425033212932912,0.42839804078086513,0.42839804078086513,0,1,1,-1
gmsc,lightgbm,87,NumberOfTimes90DaysLate,relative_minus_10,-0.1,0.0,0.1,0.1006092467906027,0.5804825089189475,0.4798732621283448,0.4798732621283448,0,1,1,-1
gmsc,lightgbm,88,NumberOfTimes90DaysLate,relative_minus_10,-0.1,0.0,0.1,0.126512958826711,0.5328864735988156,0.4063735147721046,0.4063735147721046,0,1,1,-1
gmsc,lightgbm,89,NumberOfTimes90DaysLate,relative_minus_10,-0.1,0.0,0.1,0.3522704795855978,0.775622353563351,0.42335187397775315,0.42335187397775315,0,1,1,-1
gmsc,lightgbm,90,NumberOfTimes90DaysLate,relative_minus_10,-0.1,0.0,0.1,0.04106193866788959,0.395635577721746,0.3545736390538564,0.3545736390538564,0,0,0,-1
gmsc,lightgbm,91,NumberOfTimes90DaysLate,relative_minus_10,-0.1,0.0,0.1,0.15372114734573783,0.6074534950523371,0.4537323477065993,0.4537323477065993,0,1,1,-1
gmsc,lightgbm,92,NumberOfTimes90DaysLate,relative_minus_10,-0.1,0.0,0.1,0.06485095205727061,0.4811929264074484,0.4163419743501778,0.4163419743501778,0,0,0,-1
gmsc,lightgbm,93,NumberOfTimes90DaysLate,relative_minus_10,-0.1,0.0,0.1,0.09924642147480602,0.5867584578545709,0.4875120363797649,0.4875120363797649,0,1,1,-1
gmsc,lightgbm,94,NumberOfTimes90DaysLate,relative_minus_10,-0.1,0.0,0.1,0.16680920152776404,0.6747406665659552,0.5079314650381912,0.5079314650381912,0,1,1,-1
gmsc,lightgbm,95,NumberOfTimes90DaysLate,relative_minus_10,-0.1,0.0,0.1,0.21924410434064803,0.7664768185902036,0.5472327142495556,0.5472327142495556,0,1,1,-1
gmsc,lightgbm,96,NumberOfTimes90DaysLate,relative_minus_10,-0.1,0.0,0.1,0.1131618927406001,0.5177173674312372,0.40455547469063713,0.40455547469063713,0,1,1,-1
gmsc,lightgbm,97,NumberOfTimes90DaysLate,relative_minus_10,-0.1,0.0,0.1,0.10806143941846993,0.5868652340666821,0.4788037946482122,0.4788037946482122,0,1,1,-1
gmsc,lightgbm,98,NumberOfTimes90DaysLate,relative_minus_10,-0.1,0.0,0.1,0.4053784379973068,0.8304542426756039,0.4250758046782971,0.4250758046782971,0,1,1,-1
gmsc,lightgbm,99,NumberOfTimes90DaysLate,relative_minus_10,-0.1,0.0,0.1,0.9052932427250325,0.9456809514747073,0.04038770874967479,0.04038770874967479,1,1,0,-1
gmsc,lightgbm,0,NumberOfTimes90DaysLate,relative_plus_10,0.1,0.0,0.1,0.09051292759777842,0.5651189715238366,0.4746060439260582,0.4746060439260582,0,1,1,-1
gmsc,lightgbm,1,NumberOfTimes90DaysLate,relative_plus_10,0.1,0.0,0.1,0.07432795724364831,0.5270058815662858,0.4526779243226375,0.4526779243226375,0,1,1,-1
gmsc,lightgbm,2,NumberOfTimes90DaysLate,relative_plus_10,0.1,0.0,0.1,0.056660675741342766,0.49781103219405953,0.4411503564527168,0.4411503564527168,0,0,0,-1
gmsc,lightgbm,3,NumberOfTimes90DaysLate,relative_plus_10,0.1,0.0,0.1,0.286464202572455,0.7615625921680561,0.47509838959560113,0.47509838959560113,0,1,1,-1
gmsc,lightgbm,4,NumberOfTimes90DaysLate,relative_plus_10,0.1,0.0,0.1,0.10238192900656183,0.5972795801929741,0.49489765118641227,0.49489765118641227,0,1,1,-1
gmsc,lightgbm,5,NumberOfTimes90DaysLate,relative_plus_10,0.1,0.0,0.1,0.18604525641874214,0.6523868767491564,0.46634162033041426,0.46634162033041426,0,1,1,-1
gmsc,lightgbm,6,NumberOfTimes90DaysLate,relative_plus_10,0.1,0.0,0.1,0.23797486099678064,0.6602806183162198,0.4223057573194391,0.4223057573194391,0,1,1,-1
gmsc,lightgbm,7,NumberOfTimes90DaysLate,relative_plus_10,0.1,0.0,0.1,0.1952165672674782,0.6256870087873629,0.43047044151988473,0.43047044151988473,0,1,1,-1
gmsc,lightgbm,8,NumberOfTimes90DaysLate,relative_plus_10,0.1,0.0,0.1,0.1354653526779545,0.6353270299923512,0.49986167731439674,0.49986167731439674,0,1,1,-1
gmsc,lightgbm,9,NumberOfTimes90DaysLate,relative_plus_10,0.1,0.0,0.1,0.4085309008746626,0.7604958780616016,0.351964977186939,0.351964977186939,0,1,1,-1
gmsc,lightgbm,10,NumberOfTimes90DaysLate,relative_plus_10,0.1,0.0,0.1,0.4151340630771105,0.825281006854424,0.4101469437773135,0.4101469437773135,0,1,1,-1
gmsc,lightgbm,11,NumberOfTimes90DaysLate,relative_plus_10,0.1,0.0,0.1,0.2344419755121663,0.7122900770880338,0.47784810157586755,0.47784810157586755,0,1,1,-1
gmsc,lightgbm,12,NumberOfTimes90DaysLate,relative_plus_10,0.1,0.0,0.1,0.04156783494420435,0.3327335446729807,0.29116570972877637,0.29116570972877637,0,0,0,-1
gmsc,lightgbm,13,NumberOfTimes90DaysLate,relative_plus_10,0.1,1.0,1.1,0.8781305200687587,0.8781305200687587,0.0,0.0,1,1,0,-1
gmsc,lightgbm,14,NumberOfTimes90DaysLate,relative_plus_10,0.1,0.0,0.1,0.30318348670534856,0.7530373800713077,0.44985389336595916,0.44985389336595916,0,1,1,-1
gmsc,lightgbm,15,NumberOfTimes90DaysLate,relative_plus_10,0.1,0.0,0.1,0.27986218783007943,0.7133291798922656,0.4334669920621862,0.4334669920621862,0,1,1,-1
gmsc,lightgbm,16,NumberOfTimes90DaysLate,relative_plus_10,0.1,0.0,0.1,0.4795715640243079,0.7962798910466292,0.3167083270223213,0.3167083270223213,0,1,1,-1
gmsc,lightgbm,17,NumberOfTimes90DaysLate,relative_plus_10,0.1,0.0,0.1,0.10036173784291944,0.5521253213389703,0.45176358349605084,0.45176358349605084,0,1,1,-1
gmsc,lightgbm,18,NumberOfTimes90DaysLate,relative_plus_10,0.1,0.0,0.1,0.4332396231850946,0.8249838089067658,0.3917441857216712,0.3917441857216712,0,1,1,-1
gmsc,lightgbm,19,NumberOfTimes90DaysLate,relative_plus_10,0.1,0.0,0.1,0.20706517488791176,0.6591140289923083,0.45204885410439655,0.45204885410439655,0,1,1,-1
gmsc,lightgbm,20,NumberOfTimes90DaysLate,relative_plus_10,0.1,0.0,0.1,0.05708612745116283,0.422557394906137,0.36547126745497416,0.36547126745497416,0,0,0,-1
gmsc,lightgbm,21,NumberOfTimes90DaysLate,relative_plus_10,0.1,0.0,0.1,0.0755556455268635,0.46630761279085325,0.39075196726398975,0.39075196726398975,0,0,0,-1
gmsc,lightgbm,22,NumberOfTimes90DaysLate,relative_plus_10,0.1,0.0,0.1,0.05695935088858043,0.45689603716486193,0.3999366862762815,0.3999366862762815,0,0,0,-1
gmsc,lightgbm,23,NumberOfTimes90DaysLate,relative_plus_10,0.1,0.0,0.1,0.08889571164479391,0.5445537266760113,0.4556580150312174,0.4556580150312174,0,1,1,-1
gmsc,lightgbm,24,NumberOfTimes90DaysLate,relative_plus_10,0.1,0.0,0.1,0.03569402945373115,0.33761369785607753,0.3019196684023464,0.3019196684023464,0,0,0,-1
gmsc,lightgbm,25,NumberOfTimes90DaysLate,relative_plus_10,0.1,0.0,0.1,0.485195355176274,0.852862146439572,0.36766679126329804,0.36766679126329804,0,1,1,-1
gmsc,lightgbm,26,NumberOfTimes90DaysLate,relative_plus_10,0.1,0.0,0.1,0.4690330102001808,0.8082613028758459,0.33922829267566507,0.33922829267566507,0,1,1,-1
gmsc,lightgbm,27,NumberOfTimes90DaysLate,relative_plus_10,0.1,0.0,0.1,0.15310886136230434,0.6739636602991621,0.5208547989368577,0.5208547989368577,0,1,1,-1
gmsc,lightgbm,28,NumberOfTimes90DaysLate,relative_plus_10,0.1,0.0,0.1,0.24706706865061875,0.7292159613321907,0.4821488926815719,0.4821488926815719,0,1,1,-1
gmsc,lightgbm,29,NumberOfTimes90DaysLate,relative_plus_10,0.1,0.0,0.1,0.07280429517617616,0.4586773330055917,0.38587303782941557,0.38587303782941557,0,0,0,-1
gmsc,lightgbm,30,NumberOfTimes90DaysLate,relative_plus_10,0.1,0.0,0.1,0.2669688028729123,0.7420481810653928,0.47507937819248053,0.47507937819248053,0,1,1,-1
gmsc,lightgbm,31,NumberOfTimes90DaysLate,relative_plus_10,0.1,0.0,0.1,0.16812286485697317,0.6840903714072019,0.5159675065502287,0.5159675065502287,0,1,1,-1
gmsc,lightgbm,32,NumberOfTimes90DaysLate,relative_plus_10,0.1,0.0,0.1,0.1358222660255187,0.5506738886683962,0.41485162264287745,0.41485162264287745,0,1,1,-1
gmsc,lightgbm,33,NumberOfTimes90DaysLate,relative_plus_10,0.1,0.0,0.1,0.0907121359558535,0.5184292945395587,0.4277171585837052,0.4277171585837052,0,1,1,-1
gmsc,lightgbm,34,NumberOfTimes90DaysLate,relative_plus_10,0.1,0.0,0.1,0.5887765630991544,0.8480385224201329,0.2592619593209785,0.2592619593209785,1,1,0,-1
gmsc,lightgbm,35,NumberOfTimes90DaysLate,relative_plus_10,0.1,0.0,0.1,0.7686376306323768,0.9123233516584973,0.14368572102612054,0.14368572102612054,1,1,0,-1
gmsc,lightgbm,36,NumberOfTimes90DaysLate,relative_plus_10,0.1,0.0,0.1,0.20383228110756807,0.6652701690493754,0.46143788794180735,0.46143788794180735,0,1,1,-1
gmsc,lightgbm,37,NumberOfTimes90DaysLate,relative_plus_10,0.1,0.0,0.1,0.36583164209666225,0.602155198537022,0.2363235564403598,0.2363235564403598,0,1,1,-1
gmsc,lightgbm,38,NumberOfTimes90DaysLate,relative_plus_10,0.1,0.0,0.1,0.25782269826496373,0.761192849925221,0.5033701516602572,0.5033701516602572,0,1,1,-1
gmsc,lightgbm,39,NumberOfTimes90DaysLate,relative_plus_10,0.1,0.0,0.1,0.35851671570275906,0.8217616691972784,0.4632449534945194,0.4632449534945194,0,1,1,-1
gmsc,lightgbm,40,NumberOfTimes90DaysLate,relative_plus_10,0.1,0.0,0.1,0.15809809532716768,0.6728059058879295,0.5147078105607619,0.5147078105607619,0,1,1,-1
gmsc,lightgbm,41,NumberOfTimes90DaysLate,relative_plus_10,0.1,0.0,0.1,0.17767130123412736,0.6791178076857649,0.5014465064516376,0.5014465064516376,0,1,1,-1
gmsc,lightgbm,42,NumberOfTimes90DaysLate,relative_plus_10,0.1,0.0,0.1,0.13142576347451704,0.6025470831039088,0.47112131962939174,0.47112131962939174,0,1,1,-1
gmsc,lightgbm,43,NumberOfTimes90DaysLate,relative_plus_10,0.1,0.0,0.1,0.5220123045323535,0.8709820619891622,0.3489697574568087,0.3489697574568087,1,1,0,-1
gmsc,lightgbm,44,NumberOfTimes90DaysLate,relative_plus_10,0.1,0.0,0.1,0.10248475676544401,0.5373667529564654,0.4348819961910214,0.4348819961910214,0,1,1,-1
gmsc,lightgbm,45,NumberOfTimes90DaysLate,relative_plus_10,0.1,0.0,0.1,0.134509615497707,0.6423902753362097,0.5078806598385027,0.5078806598385027,0,1,1,-1
gmsc,lightgbm,46,NumberOfTimes90DaysLate,relative_plus_10,0.1,0.0,0.1,0.24542503658751236,0.7316878586541641,0.4862628220666517,0.4862628220666517,0,1,1,-1
gmsc,lightgbm,47,NumberOfTimes90DaysLate,relative_plus_10,0.1,0.0,0.1,0.06429004529354826,0.4738853057553992,0.40959526046185096,0.40959526046185096,0,0,0,-1
gmsc,lightgbm,48,NumberOfTimes90DaysLate,relative_plus_10,0.1,0.0,0.1,0.08494795229441349,0.5128313699126216,0.4278834176182081,0.4278834176182081,0,1,1,-1
gmsc,lightgbm,49,NumberOfTimes90DaysLate,relative_plus_10,0.1,0.0,0.1,0.032964158323007746,0.3077109036726496,0.27474674534964183,0.27474674534964183,0,0,0,-1
gmsc,lightgbm,50,NumberOfTimes90DaysLate,relative_plus_10,0.1,0.0,0.1,0.15598569074603788,0.5803254276048865,0.4243397368588486,0.4243397368588486,0,1,1,-1
gmsc,lightgbm,51,NumberOfTimes90DaysLate,relative_plus_10,0.1,0.0,0.1,0.2427114365476945,0.676244847576031,0.4335334110283365,0.4335334110283365,0,1,1,-1
gmsc,lightgbm,52,NumberOfTimes90DaysLate,relative_plus_10,0.1,0.0,0.1,0.04278071258564872,0.4213096814230186,0.37852896883736986,0.37852896883736986,0,0,0,-1
gmsc,lightgbm,53,NumberOfTimes90DaysLate,relative_plus_10,0.1,0.0,0.1,0.8459631804707949,0.9227665169586401,0.07680333648784521,0.07680333648784521,1,1,0,-1
gmsc,lightgbm,54,NumberOfTimes90DaysLate,relative_plus_10,0.1,0.0,0.1,0.9585025696211499,0.9710908353279418,0.012588265706791946,0.012588265706791946,1,1,0,-1
gmsc,lightgbm,55,NumberOfTimes90DaysLate,relative_plus_10,0.1,0.0,0.1,0.05240087287788092,0.42917343262493673,0.3767725597470558,0.3767725597470558,0,0,0,-1
gmsc,lightgbm,56,NumberOfTimes90DaysLate,relative_plus_10,0.1,0.0,0.1,0.16633030838518062,0.6698769003708427,0.5035465919856621,0.5035465919856621,0,1,1,-1
gmsc,lightgbm,57,NumberOfTimes90DaysLate,relative_plus_10,0.1,0.0,0.1,0.5855679032449771,0.871032086344532,0.2854641830995549,0.2854641830995549,1,1,0,-1
gmsc,lightgbm,58,NumberOfTimes90DaysLate,relative_plus_10,0.1,1.0,1.1,0.7120052536243187,0.7120052536243187,0.0,0.0,1,1,0,-1
gmsc,lightgbm,59,NumberOfTimes90DaysLate,relative_plus_10,0.1,0.0,0.1,0.6081127081916137,0.879661160992004,0.2715484528003903,0.2715484528003903,1,1,0,-1
gmsc,lightgbm,60,NumberOfTimes90DaysLate,relative_plus_10,0.1,0.0,0.1,0.19907747746451288,0.7024187206655557,0.5033412432010428,0.5033412432010428,0,1,1,-1
gmsc,lightgbm,61,NumberOfTimes90DaysLate,relative_plus_10,0.1,0.0,0.1,0.3321226038071093,0.7712647532097922,0.43914214940268287,0.43914214940268287,0,1,1,-1
gmsc,lightgbm,62,NumberOfTimes90DaysLate,relative_plus_10,0.1,0.0,0.1,0.49700932793678176,0.8579809040435484,0.36097157610676667,0.36097157610676667,0,1,1,-1
gmsc,lightgbm,63,NumberOfTimes90DaysLate,relative_plus_10,0.1,0.0,0.1,0.07983838287755414,0.5059728577108698,0.4261344748333156,0.4261344748333156,0,1,1,-1
gmsc,lightgbm,64,NumberOfTimes90DaysLate,relative_plus_10,0.1,0.0,0.1,0.27572869286326523,0.7241282565540371,0.4483995636907719,0.4483995636907719,0,1,1,-1
gmsc,lightgbm,65,NumberOfTimes90DaysLate,relative_plus_10,0.1,0.0,0.1,0.3901193599625518,0.7515638565235908,0.361444496561039,0.361444496561039,0,1,1,-1
gmsc,lightgbm,66,NumberOfTimes90DaysLate,relative_plus_10,0.1,0.0,0.1,0.14251343003654435,0.621426868221542,0.47891343818499765,0.47891343818499765,0,1,1,-1
gmsc,lightgbm,67,NumberOfTimes90DaysLate,relative_plus_10,0.1,0.0,0.1,0.42152422623564395,0.8189123003885042,0.3973880741528602,0.3973880741528602,0,1,1,-1
gmsc,lightgbm,68,NumberOfTimes90DaysLate,relative_plus_10,0.1,0.0,0.1,0.1212328971978392,0.6139310552965234,0.49269815809868417,0.49269815809868417,0,1,1,-1
gmsc,lightgbm,69,NumberOfTimes90DaysLate,relative_plus_10,0.1,0.0,0.1,0.5620282234727743,0.8487644802866675,0.28673625681389325,0.28673625681389325,1,1,0,-1
gmsc,lightgbm,70,NumberOfTimes90DaysLate,relative_plus_10,0.1,0.0,0.1,0.4264114501848385,0.7885375450440746,0.3621260948592361,0.3621260948592361,0,1,1,-1
gmsc,lightgbm,71,NumberOfTimes90DaysLate,relative_plus_10,0.1,0.0,0.1,0.11528535367529104,0.61365874727848,0.498373393603189,0.498373393603189,0,1,1,-1
gmsc,lightgbm,72,NumberOfTimes90DaysLate,relative_plus_10,0.1,0.0,0.1,0.18694209170398213,0.7128830722315342,0.5259409805275521,0.5259409805275521,0,1,1,-1
gmsc,lightgbm,73,NumberOfTimes90DaysLate,relative_plus_10,0.1,0.0,0.1,0.4189962251498132,0.8095164920789888,0.3905202669291756,0.3905202669291756,0,1,1,-1
gmsc,lightgbm,74,NumberOfTimes90DaysLate,relative_plus_10,0.1,0.0,0.1,0.210992213581658,0.6088646249374835,0.3978724113558255,0.3978724113558255,0,1,1,-1
gmsc,lightgbm,75,NumberOfTimes90DaysLate,relative_plus_10,0.1,0.0,0.1,0.5342256118004257,0.8585484768291133,0.32432286502868757,0.32432286502868757,1,1,0,-1
gmsc,lightgbm,76,NumberOfTimes90DaysLate,relative_plus_10,0.1,0.0,0.1,0.14869088239886066,0.6120567836474652,0.46336590124860455,0.46336590124860455,0,1,1,-1
gmsc,lightgbm,77,NumberOfTimes90DaysLate,relative_plus_10,0.1,0.0,0.1,0.06703174942227336,0.5174495233406607,0.4504177739183874,0.4504177739183874,0,1,1,-1
gmsc,lightgbm,78,NumberOfTimes90DaysLate,relative_plus_10,0.1,0.0,0.1,0.06266917697987844,0.46817053298526246,0.405501356005384,0.405501356005384,0,0,0,-1
gmsc,lightgbm,79,NumberOfTimes90DaysLate,relative_plus_10,0.1,0.0,0.1,0.3139529328389652,0.7538396647261747,0.4398867318872095,0.4398867318872095,0,1,1,-1
gmsc,lightgbm,80,NumberOfTimes90DaysLate,relative_plus_10,0.1,0.0,0.1,0.13302830629350945,0.5616956146818785,0.428667308388369,0.428667308388369,0,1,1,-1
gmsc,lightgbm,81,NumberOfTimes90DaysLate,relative_plus_10,0.1,0.0,0.1,0.1610671025822026,0.656204796146109,0.49513769356390647,0.49513769356390647,0,1,1,-1
gmsc,lightgbm,82,NumberOfTimes90DaysLate,relative_plus_10,0.1,0.0,0.1,0.39361810976909195,0.7933392335950129,0.39972112382592095,0.39972112382592095,0,1,1,-1
gmsc,lightgbm,83,NumberOfTimes90DaysLate,relative_plus_10,0.1,0.0,0.1,0.07356231072502029,0.5116545065126328,0.4380921957876125,0.4380921957876125,0,1,1,-1
gmsc,lightgbm,84,NumberOfTimes90DaysLate,relative_plus_10,0.1,0.0,0.1,0.6471402060773409,0.9011318551856694,0.2539916491083285,0.2539916491083285,1,1,0,-1
gmsc,lightgbm,85,NumberOfTimes90DaysLate,relative_plus_10,0.1,0.0,0.1,0.06895634900657907,0.5323376838128167,0.46338133480623755,0.46338133480623755,0,1,1,-1
gmsc,lightgbm,86,NumberOfTimes90DaysLate,relative_plus_10,0.1,0.0,0.1,0.11410528051242601,0.5425033212932912,0.42839804078086513,0.42839804078086513,0,1,1,-1
gmsc,lightgbm,87,NumberOfTimes90DaysLate,relative_plus_10,0.1,0.0,0.1,0.1006092467906027,0.5804825089189475,0.4798732621283448,0.4798732621283448,0,1,1,-1
gmsc,lightgbm,88,NumberOfTimes90DaysLate,relative_plus_10,0.1,0.0,0.1,0.126512958826711,0.5328864735988156,0.4063735147721046,0.4063735147721046,0,1,1,-1
gmsc,lightgbm,89,NumberOfTimes90DaysLate,relative_plus_10,0.1,0.0,0.1,0.3522704795855978,0.775622353563351,0.42335187397775315,0.42335187397775315,0,1,1,-1
gmsc,lightgbm,90,NumberOfTimes90DaysLate,relative_plus_10,0.1,0.0,0.1,0.04106193866788959,0.395635577721746,0.3545736390538564,0.3545736390538564,0,0,0,-1
gmsc,lightgbm,91,NumberOfTimes90DaysLate,relative_plus_10,0.1,0.0,0.1,0.15372114734573783,0.6074534950523371,0.4537323477065993,0.4537323477065993,0,1,1,-1
gmsc,lightgbm,92,NumberOfTimes90DaysLate,relative_plus_10,0.1,0.0,0.1,0.06485095205727061,0.4811929264074484,0.4163419743501778,0.4163419743501778,0,0,0,-1
gmsc,lightgbm,93,NumberOfTimes90DaysLate,relative_plus_10,0.1,0.0,0.1,0.09924642147480602,0.5867584578545709,0.4875120363797649,0.4875120363797649,0,1,1,-1
gmsc,lightgbm,94,NumberOfTimes90DaysLate,relative_plus_10,0.1,0.0,0.1,0.16680920152776404,0.6747406665659552,0.5079314650381912,0.5079314650381912,0,1,1,-1
gmsc,lightgbm,95,NumberOfTimes90DaysLate,relative_plus_10,0.1,0.0,0.1,0.21924410434064803,0.7664768185902036,0.5472327142495556,0.5472327142495556,0,1,1,-1
gmsc,lightgbm,96,NumberOfTimes90DaysLate,relative_plus_10,0.1,0.0,0.1,0.1131618927406001,0.5177173674312372,0.40455547469063713,0.40455547469063713,0,1,1,-1
gmsc,lightgbm,97,NumberOfTimes90DaysLate,relative_plus_10,0.1,0.0,0.1,0.10806143941846993,0.5868652340666821,0.4788037946482122,0.4788037946482122,0,1,1,-1
gmsc,lightgbm,98,NumberOfTimes90DaysLate,relative_plus_10,0.1,0.0,0.1,0.4053784379973068,0.8304542426756039,0.4250758046782971,0.4250758046782971,0,1,1,-1
gmsc,lightgbm,99,NumberOfTimes90DaysLate,relative_plus_10,0.1,0.0,0.1,0.9052932427250325,0.9456809514747073,0.04038770874967479,0.04038770874967479,1,1,0,-1
gmsc,lightgbm,0,NumberRealEstateLoansOrLines,relative_minus_5,-0.05,2.0,2.1,0.09051292759777842,0.09051292759777842,0.0,0.0,0,0,0,-1
gmsc,lightgbm,1,NumberRealEstateLoansOrLines,relative_minus_5,-0.05,1.0,1.05,0.07432795724364831,0.07432795724364831,0.0,0.0,0,0,0,-1
gmsc,lightgbm,2,NumberRealEstateLoansOrLines,relative_minus_5,-0.05,0.0,0.05,0.056660675741342766,0.05789877971125099,0.0012381039699082275,0.0012381039699082275,0,0,0,-1
gmsc,lightgbm,3,NumberRealEstateLoansOrLines,relative_minus_5,-0.05,2.0,2.1,0.286464202572455,0.286464202572455,0.0,0.0,0,0,0,-1
gmsc,lightgbm,4,NumberRealEstateLoansOrLines,relative_minus_5,-0.05,1.0,1.05,0.10238192900656183,0.10238192900656183,0.0,0.0,0,0,0,-1
gmsc,lightgbm,5,NumberRealEstateLoansOrLines,relative_minus_5,-0.05,1.0,1.05,0.18604525641874214,0.18604525641874214,0.0,0.0,0,0,0,-1
gmsc,lightgbm,6,NumberRealEstateLoansOrLines,relative_minus_5,-0.05,0.0,0.05,0.23797486099678064,0.17727757078523487,-0.06069729021154577,0.06069729021154577,0,0,0,-1
gmsc,lightgbm,7,NumberRealEstateLoansOrLines,relative_minus_5,-0.05,0.0,0.05,0.1952165672674782,0.27663364660727513,0.08141707933979692,0.08141707933979692,0,0,0,-1
gmsc,lightgbm,8,NumberRealEstateLoansOrLines,relative_minus_5,-0.05,1.0,1.05,0.1354653526779545,0.1354653526779545,0.0,0.0,0,0,0,-1
gmsc,lightgbm,9,NumberRealEstateLoansOrLines,relative_minus_5,-0.05,1.0,1.05,0.4085309008746626,0.4085309008746626,0.0,0.0,0,0,0,-1
gmsc,lightgbm,10,NumberRealEstateLoansOrLines,relative_minus_5,-0.05,2.0,2.1,0.4151340630771105,0.4151340630771105,0.0,0.0,0,0,0,-1
gmsc,lightgbm,11,NumberRealEstateLoansOrLines,relative_minus_5,-0.05,1.0,1.05,0.2344419755121663,0.2344419755121663,0.0,0.0,0,0,0,-1
gmsc,lightgbm,12,NumberRealEstateLoansOrLines,relative_minus_5,-0.05,1.0,1.05,0.04156783494420435,0.04156783494420435,0.0,0.0,0,0,0,-1
gmsc,lightgbm,13,NumberRealEstateLoansOrLines,relative_minus_5,-0.05,0.0,0.05,0.8781305200687587,0.8987342768399328,0.020603756771174098,0.020603756771174098,1,1,0,-1
gmsc,lightgbm,14,NumberRealEstateLoansOrLines,relative_minus_5,-0.05,0.0,0.05,0.30318348670534856,0.26468761030677557,-0.03849587639857299,0.03849587639857299,0,0,0,-1
gmsc,lightgbm,15,NumberRealEstateLoansOrLines,relative_minus_5,-0.05,1.0,1.05,0.27986218783007943,0.27986218783007943,0.0,0.0,0,0,0,-1
gmsc,lightgbm,16,NumberRealEstateLoansOrLines,relative_minus_5,-0.05,0.0,0.05,0.4795715640243079,0.43686977103025415,-0.042701792994053744,0.042701792994053744,0,0,0,-1
gmsc,lightgbm,17,NumberRealEstateLoansOrLines,relative_minus_5,-0.05,1.0,1.05,0.10036173784291944,0.10036173784291944,0.0,0.0,0,0,0,-1
gmsc,lightgbm,18,NumberRealEstateLoansOrLines,relative_minus_5,-0.05,2.0,2.1,0.4332396231850946,0.4332396231850946,0.0,0.0,0,0,0,-1
gmsc,lightgbm,19,NumberRealEstateLoansOrLines,relative_minus_5,-0.05,2.0,2.1,0.20706517488791176,0.20706517488791176,0.0,0.0,0,0,0,-1
gmsc,lightgbm,20,NumberRealEstateLoansOrLines,relative_minus_5,-0.05,1.0,1.05,0.05708612745116283,0.05708612745116283,0.0,0.0,0,0,0,-1
gmsc,lightgbm,21,NumberRealEstateLoansOrLines,relative_minus_5,-0.05,0.0,0.05,0.0755556455268635,0.06375518134081705,-0.011800464186046453,0.011800464186046453,0,0,0,-1
gmsc,lightgbm,22,NumberRealEstateLoansOrLines,relative_minus_5,-0.05,1.0,1.05,0.05695935088858043,0.05695935088858043,0.0,0.0,0,0,0,-1
gmsc,lightgbm,23,NumberRealEstateLoansOrLines,relative_minus_5,-0.05,2.0,2.1,0.08889571164479391,0.08889571164479391,0.0,0.0,0,0,0,-1
gmsc,lightgbm,24,NumberRealEstateLoansOrLines,relative_minus_5,-0.05,0.0,0.05,0.03569402945373115,0.040071177066432144,0.004377147612700992,0.004377147612700992,0,0,0,-1
gmsc,lightgbm,25,NumberRealEstateLoansOrLines,relative_minus_5,-0.05,0.0,0.05,0.485195355176274,0.4211375147053815,-0.06405784047089247,0.06405784047089247,0,0,0,-1
gmsc,lightgbm,26,NumberRealEstateLoansOrLines,relative_minus_5,-0.05,0.0,0.05,0.4690330102001808,0.5359906832314714,0.06695767303129058,0.06695767303129058,0,1,1,-1
gmsc,lightgbm,27,NumberRealEstateLoansOrLines,relative_minus_5,-0.05,0.0,0.05,0.15310886136230434,0.120939514391558,-0.03216934697074633,0.03216934697074633,0,0,0,-1
gmsc,lightgbm,28,NumberRealEstateLoansOrLines,relative_minus_5,-0.05,0.0,0.05,0.24706706865061875,0.333340275933804,0.08627320728318524,0.08627320728318524,0,0,0,-1
gmsc,lightgbm,29,NumberRealEstateLoansOrLines,relative_minus_5,-0.05,0.0,0.05,0.07280429517617616,0.04872649207432753,-0.02407780310184863,0.02407780310184863,0,0,0,-1
gmsc,lightgbm,30,NumberRealEstateLoansOrLines,relative_minus_5,-0.05,1.0,1.05,0.2669688028729123,0.2669688028729123,0.0,0.0,0,0,0,-1
gmsc,lightgbm,31,NumberRealEstateLoansOrLines,relative_minus_5,-0.05,0.0,0.05,0.16812286485697317,0.14960689934585691,-0.018515965511116256,0.018515965511116256,0,0,0,-1
gmsc,lightgbm,32,NumberRealEstateLoansOrLines,relative_minus_5,-0.05,1.0,1.05,0.1358222660255187,0.1358222660255187,0.0,0.0,0,0,0,-1
gmsc,lightgbm,33,NumberRealEstateLoansOrLines,relative_minus_5,-0.05,0.0,0.05,0.0907121359558535,0.092059808562785,0.0013476726069314993,0.0013476726069314993,0,0,0,-1
gmsc,lightgbm,34,NumberRealEstateLoansOrLines,relative_minus_5,-0.05,2.0,2.1,0.5887765630991544,0.5887765630991544,0.0,0.0,1,1,0,-1
gmsc,lightgbm,35,NumberRealEstateLoansOrLines,relative_minus_5,-0.05,2.0,2.1,0.7686376306323768,0.7686376306323768,0.0,0.0,1,1,0,-1
gmsc,lightgbm,36,NumberRealEstateLoansOrLines,relative_minus_5,-0.05,1.0,1.05,0.20383228110756807,0.20383228110756807,0.0,0.0,0,0,0,-1
gmsc,lightgbm,37,NumberRealEstateLoansOrLines,relative_minus_5,-0.05,1.0,1.05,0.36583164209666225,0.36583164209666225,0.0,0.0,0,0,0,-1
gmsc,lightgbm,38,NumberRealEstateLoansOrLines,relative_minus_5,-0.05,3.0,3.15,0.25782269826496373,0.25782269826496373,0.0,0.0,0,0,0,-1
gmsc,lightgbm,39,NumberRealEstateLoansOrLines,relative_minus_5,-0.05,1.0,1.05,0.35851671570275906,0.35851671570275906,0.0,0.0,0,0,0,-1
gmsc,lightgbm,40,NumberRealEstateLoansOrLines,relative_minus_5,-0.05,1.0,1.05,0.15809809532716768,0.15809809532716768,0.0,0.0,0,0,0,-1
gmsc,lightgbm,41,NumberRealEstateLoansOrLines,relative_minus_5,-0.05,1.0,1.05,0.17767130123412736,0.17767130123412736,0.0,0.0,0,0,0,-1
gmsc,lightgbm,42,NumberRealEstateLoansOrLines,relative_minus_5,-0.05,1.0,1.05,0.13142576347451704,0.13142576347451704,0.0,0.0,0,0,0,-1
gmsc,lightgbm,43,NumberRealEstateLoansOrLines,relative_minus_5,-0.05,0.0,0.05,0.5220123045323535,0.5540133349940384,0.0320010304616849,0.0320010304616849,1,1,0,-1
gmsc,lightgbm,44,NumberRealEstateLoansOrLines,relative_minus_5,-0.05,1.0,1.05,0.10248475676544401,0.10248475676544401,0.0,0.0,0,0,0,-1
gmsc,lightgbm,45,NumberRealEstateLoansOrLines,relative_minus_5,-0.05,3.0,3.15,0.134509615497707,0.134509615497707,0.0,0.0,0,0,0,-1
gmsc,lightgbm,46,NumberRealEstateLoansOrLines,relative_minus_5,-0.05,1.0,1.05,0.24542503658751236,0.24542503658751236,0.0,0.0,0,0,0,-1
gmsc,lightgbm,47,NumberRealEstateLoansOrLines,relative_minus_5,-0.05,1.0,1.05,0.06429004529354826,0.06429004529354826,0.0,0.0,0,0,0,-1
gmsc,lightgbm,48,NumberRealEstateLoansOrLines,relative_minus_5,-0.05,1.0,1.05,0.08494795229441349,0.08494795229441349,0.0,0.0,0,0,0,-1
gmsc,lightgbm,49,NumberRealEstateLoansOrLines,relative_minus_5,-0.05,0.0,0.05,0.032964158323007746,0.04396144739603269,0.010997289073024948,0.010997289073024948,0,0,0,-1
gmsc,lightgbm,50,NumberRealEstateLoansOrLines,relative_minus_5,-0.05,0.0,0.05,0.15598569074603788,0.11586100876706543,-0.040124681978972454,0.040124681978972454,0,0,0,-1
gmsc,lightgbm,51,NumberRealEstateLoansOrLines,relative_minus_5,-0.05,2.0,2.1,0.2427114365476945,0.2427114365476945,0.0,0.0,0,0,0,-1
gmsc,lightgbm,52,NumberRealEstateLoansOrLines,relative_minus_5,-0.05,1.0,1.05,0.04278071258564872,0.04278071258564872,0.0,0.0,0,0,0,-1
gmsc,lightgbm,53,NumberRealEstateLoansOrLines,relative_minus_5,-0.05,0.0,0.05,0.8459631804707949,0.9123778239953234,0.06641464352452853,0.06641464352452853,1,1,0,-1
gmsc,lightgbm,54,NumberRealEstateLoansOrLines,relative_minus_5,-0.05,0.0,0.05,0.9585025696211499,0.9481530235008188,-0.010349546120331121,0.010349546120331121,1,1,0,-1
gmsc,lightgbm,55,NumberRealEstateLoansOrLines,relative_minus_5,-0.05,1.0,1.05,0.05240087287788092,0.05240087287788092,0.0,0.0,0,0,0,-1
gmsc,lightgbm,56,NumberRealEstateLoansOrLines,relative_minus_5,-0.05,1.0,1.05,0.16633030838518062,0.16633030838518062,0.0,0.0,0,0,0,-1
gmsc,lightgbm,57,NumberRealEstateLoansOrLines,relative_minus_5,-0.05,0.0,0.05,0.5855679032449771,0.5521096317812301,-0.033458271463747025,0.033458271463747025,1,1,0,-1
gmsc,lightgbm,58,NumberRealEstateLoansOrLines,relative_minus_5,-0.05,0.0,0.05,0.7120052536243187,0.7158788143995306,0.0038735607752119483,0.0038735607752119483,1,1,0,-1
gmsc,lightgbm,59,NumberRealEstateLoansOrLines,relative_minus_5,-0.05,1.0,1.05,0.6081127081916137,0.6081127081916137,0.0,0.0,1,1,0,-1
gmsc,lightgbm,60,NumberRealEstateLoansOrLines,relative_minus_5,-0.05,0.0,0.05,0.19907747746451288,0.13821684580271118,-0.060860631661801695,0.060860631661801695,0,0,0,-1
gmsc,lightgbm,61,NumberRealEstateLoansOrLines,relative_minus_5,-0.05,2.0,2.1,0.3321226038071093,0.3321226038071093,0.0,0.0,0,0,0,-1
gmsc,lightgbm,62,NumberRealEstateLoansOrLines,relative_minus_5,-0.05,2.0,2.1,0.49700932793678176,0.49700932793678176,0.0,0.0,0,0,0,-1
gmsc,lightgbm,63,NumberRealEstateLoansOrLines,relative_minus_5,-0.05,1.0,1.05,0.07983838287755414,0.07983838287755414,0.0,0.0,0,0,0,-1
gmsc,lightgbm,64,NumberRealEstateLoansOrLines,relative_minus_5,-0.05,4.0,4.2,0.27572869286326523,0.27572869286326523,0.0,0.0,0,0,0,-1
gmsc,lightgbm,65,NumberRealEstateLoansOrLines,relative_minus_5,-0.05,1.0,1.05,0.3901193599625518,0.3901193599625518,0.0,0.0,0,0,0,-1
gmsc,lightgbm,66,NumberRealEstateLoansOrLines,relative_minus_5,-0.05,1.0,1.05,0.14251343003654435,0.14251343003654435,0.0,0.0,0,0,0,-1
gmsc,lightgbm,67,NumberRealEstateLoansOrLines,relative_minus_5,-0.05,1.0,1.05,0.42152422623564395,0.42152422623564395,0.0,0.0,0,0,0,-1
gmsc,lightgbm,68,NumberRealEstateLoansOrLines,relative_minus_5,-0.05,1.0,1.05,0.1212328971978392,0.1212328971978392,0.0,0.0,0,0,0,-1
gmsc,lightgbm,69,NumberRealEstateLoansOrLines,relative_minus_5,-0.05,4.0,4.2,0.5620282234727743,0.5620282234727743,0.0,0.0,1,1,0,-1
gmsc,lightgbm,70,NumberRealEstateLoansOrLines,relative_minus_5,-0.05,0.0,0.05,0.4264114501848385,0.34421341795563626,-0.08219803222920224,0.08219803222920224,0,0,0,-1
gmsc,lightgbm,71,NumberRealEstateLoansOrLines,relative_minus_5,-0.05,0.0,0.05,0.11528535367529104,0.09170417094456877,-0.023581182730722267,0.023581182730722267,0,0,0,-1
gmsc,lightgbm,72,NumberRealEstateLoansOrLines,relative_minus_5,-0.05,1.0,1.05,0.18694209170398213,0.18694209170398213,0.0,0.0,0,0,0,-1
gmsc,lightgbm,73,NumberRealEstateLoansOrLines,relative_minus_5,-0.05,2.0,2.1,0.4189962251498132,0.4189962251498132,0.0,0.0,0,0,0,-1
gmsc,lightgbm,74,NumberRealEstateLoansOrLines,relative_minus_5,-0.05,0.0,0.05,0.210992213581658,0.17298140051720268,-0.038010813064455334,0.038010813064455334,0,0,0,-1
gmsc,lightgbm,75,NumberRealEstateLoansOrLines,relative_minus_5,-0.05,0.0,0.05,0.5342256118004257,0.5680641244098484,0.03383851260942272,0.03383851260942272,1,1,0,-1
gmsc,lightgbm,76,NumberRealEstateLoansOrLines,relative_minus_5,-0.05,0.0,0.05,0.14869088239886066,0.10156525594700337,-0.04712562645185729,0.04712562645185729,0,0,0,-1
gmsc,lightgbm,77,NumberRealEstateLoansOrLines,relative_minus_5,-0.05,0.0,0.05,0.06703174942227336,0.05980023139402958,-0.007231518028243775,0.007231518028243775,0,0,0,-1
gmsc,lightgbm,78,NumberRealEstateLoansOrLines,relative_minus_5,-0.05,1.0,1.05,0.06266917697987844,0.06266917697987844,0.0,0.0,0,0,0,-1
gmsc,lightgbm,79,NumberRealEstateLoansOrLines,relative_minus_5,-0.05,1.0,1.05,0.3139529328389652,0.3139529328389652,0.0,0.0,0,0,0,-1
gmsc,lightgbm,80,NumberRealEstateLoansOrLines,relative_minus_5,-0.05,1.0,1.05,0.13302830629350945,0.13302830629350945,0.0,0.0,0,0,0,-1
gmsc,lightgbm,81,NumberRealEstateLoansOrLines,relative_minus_5,-0.05,2.0,2.1,0.1610671025822026,0.1610671025822026,0.0,0.0,0,0,0,-1
gmsc,lightgbm,82,NumberRealEstateLoansOrLines,relative_minus_5,-0.05,1.0,1.05,0.39361810976909195,0.39361810976909195,0.0,0.0,0,0,0,-1
gmsc,lightgbm,83,NumberRealEstateLoansOrLines,relative_minus_5,-0.05,1.0,1.05,0.07356231072502029,0.07356231072502029,0.0,0.0,0,0,0,-1
gmsc,lightgbm,84,NumberRealEstateLoansOrLines,relative_minus_5,-0.05,2.0,2.1,0.6471402060773409,0.6471402060773409,0.0,0.0,1,1,0,-1
gmsc,lightgbm,85,NumberRealEstateLoansOrLines,relative_minus_5,-0.05,2.0,2.1,0.06895634900657907,0.06895634900657907,0.0,0.0,0,0,0,-1
gmsc,lightgbm,86,NumberRealEstateLoansOrLines,relative_minus_5,-0.05,0.0,0.05,0.11410528051242601,0.07211426927507805,-0.041991011237347955,0.041991011237347955,0,0,0,-1
gmsc,lightgbm,87,NumberRealEstateLoansOrLines,relative_minus_5,-0.05,0.0,0.05,0.1006092467906027,0.1064772401639478,0.005867993373345107,0.005867993373345107,0,0,0,-1
gmsc,lightgbm,88,NumberRealEstateLoansOrLines,relative_minus_5,-0.05,1.0,1.05,0.126512958826711,0.126512958826711,0.0,0.0,0,0,0,-1
gmsc,lightgbm,89,NumberRealEstateLoansOrLines,relative_minus_5,-0.05,1.0,1.05,0.3522704795855978,0.3522704795855978,0.0,0.0,0,0,0,-1
gmsc,lightgbm,90,NumberRealEstateLoansOrLines,relative_minus_5,-0.05,0.0,0.05,0.04106193866788959,0.03424900815985483,-0.006812930508034762,0.006812930508034762,0,0,0,-1
gmsc,lightgbm,91,NumberRealEstateLoansOrLines,relative_minus_5,-0.05,1.0,1.05,0.15372114734573783,0.15372114734573783,0.0,0.0,0,0,0,-1
gmsc,lightgbm,92,NumberRealEstateLoansOrLines,relative_minus_5,-0.05,0.0,0.05,0.06485095205727061,0.06994311610958562,0.00509216405231501,0.00509216405231501,0,0,0,-1
gmsc,lightgbm,93,NumberRealEstateLoansOrLines,relative_minus_5,-0.05,2.0,2.1,0.09924642147480602,0.09924642147480602,0.0,0.0,0,0,0,-1
gmsc,lightgbm,94,NumberRealEstateLoansOrLines,relative_minus_5,-0.05,0.0,0.05,0.16680920152776404,0.1046275988081805,-0.06218160271958355,0.06218160271958355,0,0,0,-1
gmsc,lightgbm,95,NumberRealEstateLoansOrLines,relative_minus_5,-0.05,2.0,2.1,0.21924410434064803,0.21924410434064803,0.0,0.0,0,0,0,-1
gmsc,lightgbm,96,NumberRealEstateLoansOrLines,relative_minus_5,-0.05,1.0,1.05,0.1131618927406001,0.1131618927406001,0.0,0.0,0,0,0,-1
gmsc,lightgbm,97,NumberRealEstateLoansOrLines,relative_minus_5,-0.05,1.0,1.05,0.10806143941846993,0.10806143941846993,0.0,0.0,0,0,0,-1
gmsc,lightgbm,98,NumberRealEstateLoansOrLines,relative_minus_5,-0.05,2.0,2.1,0.4053784379973068,0.4053784379973068,0.0,0.0,0,0,0,-1
gmsc,lightgbm,99,NumberRealEstateLoansOrLines,relative_minus_5,-0.05,0.0,0.05,0.9052932427250325,0.8979431891812655,-0.0073500535437670544,0.0073500535437670544,1,1,0,-1
gmsc,lightgbm,0,NumberRealEstateLoansOrLines,relative_plus_5,0.05,2.0,2.1,0.09051292759777842,0.09051292759777842,0.0,0.0,0,0,0,-1
gmsc,lightgbm,1,NumberRealEstateLoansOrLines,relative_plus_5,0.05,1.0,1.05,0.07432795724364831,0.07432795724364831,0.0,0.0,0,0,0,-1
gmsc,lightgbm,2,NumberRealEstateLoansOrLines,relative_plus_5,0.05,0.0,0.05,0.056660675741342766,0.05789877971125099,0.0012381039699082275,0.0012381039699082275,0,0,0,-1
gmsc,lightgbm,3,NumberRealEstateLoansOrLines,relative_plus_5,0.05,2.0,2.1,0.286464202572455,0.286464202572455,0.0,0.0,0,0,0,-1
gmsc,lightgbm,4,NumberRealEstateLoansOrLines,relative_plus_5,0.05,1.0,1.05,0.10238192900656183,0.10238192900656183,0.0,0.0,0,0,0,-1
gmsc,lightgbm,5,NumberRealEstateLoansOrLines,relative_plus_5,0.05,1.0,1.05,0.18604525641874214,0.18604525641874214,0.0,0.0,0,0,0,-1
gmsc,lightgbm,6,NumberRealEstateLoansOrLines,relative_plus_5,0.05,0.0,0.05,0.23797486099678064,0.17727757078523487,-0.06069729021154577,0.06069729021154577,0,0,0,-1
gmsc,lightgbm,7,NumberRealEstateLoansOrLines,relative_plus_5,0.05,0.0,0.05,0.1952165672674782,0.27663364660727513,0.08141707933979692,0.08141707933979692,0,0,0,-1
gmsc,lightgbm,8,NumberRealEstateLoansOrLines,relative_plus_5,0.05,1.0,1.05,0.1354653526779545,0.1354653526779545,0.0,0.0,0,0,0,-1
gmsc,lightgbm,9,NumberRealEstateLoansOrLines,relative_plus_5,0.05,1.0,1.05,0.4085309008746626,0.4085309008746626,0.0,0.0,0,0,0,-1
gmsc,lightgbm,10,NumberRealEstateLoansOrLines,relative_plus_5,0.05,2.0,2.1,0.4151340630771105,0.4151340630771105,0.0,0.0,0,0,0,-1
gmsc,lightgbm,11,NumberRealEstateLoansOrLines,relative_plus_5,0.05,1.0,1.05,0.2344419755121663,0.2344419755121663,0.0,0.0,0,0,0,-1
gmsc,lightgbm,12,NumberRealEstateLoansOrLines,relative_plus_5,0.05,1.0,1.05,0.04156783494420435,0.04156783494420435,0.0,0.0,0,0,0,-1
gmsc,lightgbm,13,NumberRealEstateLoansOrLines,relative_plus_5,0.05,0.0,0.05,0.8781305200687587,0.8987342768399328,0.020603756771174098,0.020603756771174098,1,1,0,-1
gmsc,lightgbm,14,NumberRealEstateLoansOrLines,relative_plus_5,0.05,0.0,0.05,0.30318348670534856,0.26468761030677557,-0.03849587639857299,0.03849587639857299,0,0,0,-1
gmsc,lightgbm,15,NumberRealEstateLoansOrLines,relative_plus_5,0.05,1.0,1.05,0.27986218783007943,0.27986218783007943,0.0,0.0,0,0,0,-1
gmsc,lightgbm,16,NumberRealEstateLoansOrLines,relative_plus_5,0.05,0.0,0.05,0.4795715640243079,0.43686977103025415,-0.042701792994053744,0.042701792994053744,0,0,0,-1
gmsc,lightgbm,17,NumberRealEstateLoansOrLines,relative_plus_5,0.05,1.0,1.05,0.10036173784291944,0.10036173784291944,0.0,0.0,0,0,0,-1
gmsc,lightgbm,18,NumberRealEstateLoansOrLines,relative_plus_5,0.05,2.0,2.1,0.4332396231850946,0.4332396231850946,0.0,0.0,0,0,0,-1
gmsc,lightgbm,19,NumberRealEstateLoansOrLines,relative_plus_5,0.05,2.0,2.1,0.20706517488791176,0.20706517488791176,0.0,0.0,0,0,0,-1
gmsc,lightgbm,20,NumberRealEstateLoansOrLines,relative_plus_5,0.05,1.0,1.05,0.05708612745116283,0.05708612745116283,0.0,0.0,0,0,0,-1
gmsc,lightgbm,21,NumberRealEstateLoansOrLines,relative_plus_5,0.05,0.0,0.05,0.0755556455268635,0.06375518134081705,-0.011800464186046453,0.011800464186046453,0,0,0,-1
gmsc,lightgbm,22,NumberRealEstateLoansOrLines,relative_plus_5,0.05,1.0,1.05,0.05695935088858043,0.05695935088858043,0.0,0.0,0,0,0,-1
gmsc,lightgbm,23,NumberRealEstateLoansOrLines,relative_plus_5,0.05,2.0,2.1,0.08889571164479391,0.08889571164479391,0.0,0.0,0,0,0,-1
gmsc,lightgbm,24,NumberRealEstateLoansOrLines,relative_plus_5,0.05,0.0,0.05,0.03569402945373115,0.040071177066432144,0.004377147612700992,0.004377147612700992,0,0,0,-1
gmsc,lightgbm,25,NumberRealEstateLoansOrLines,relative_plus_5,0.05,0.0,0.05,0.485195355176274,0.4211375147053815,-0.06405784047089247,0.06405784047089247,0,0,0,-1
gmsc,lightgbm,26,NumberRealEstateLoansOrLines,relative_plus_5,0.05,0.0,0.05,0.4690330102001808,0.5359906832314714,0.06695767303129058,0.06695767303129058,0,1,1,-1
gmsc,lightgbm,27,NumberRealEstateLoansOrLines,relative_plus_5,0.05,0.0,0.05,0.15310886136230434,0.120939514391558,-0.03216934697074633,0.03216934697074633,0,0,0,-1
gmsc,lightgbm,28,NumberRealEstateLoansOrLines,relative_plus_5,0.05,0.0,0.05,0.24706706865061875,0.333340275933804,0.08627320728318524,0.08627320728318524,0,0,0,-1
gmsc,lightgbm,29,NumberRealEstateLoansOrLines,relative_plus_5,0.05,0.0,0.05,0.07280429517617616,0.04872649207432753,-0.02407780310184863,0.02407780310184863,0,0,0,-1
gmsc,lightgbm,30,NumberRealEstateLoansOrLines,relative_plus_5,0.05,1.0,1.05,0.2669688028729123,0.2669688028729123,0.0,0.0,0,0,0,-1
gmsc,lightgbm,31,NumberRealEstateLoansOrLines,relative_plus_5,0.05,0.0,0.05,0.16812286485697317,0.14960689934585691,-0.018515965511116256,0.018515965511116256,0,0,0,-1
gmsc,lightgbm,32,NumberRealEstateLoansOrLines,relative_plus_5,0.05,1.0,1.05,0.1358222660255187,0.1358222660255187,0.0,0.0,0,0,0,-1
gmsc,lightgbm,33,NumberRealEstateLoansOrLines,relative_plus_5,0.05,0.0,0.05,0.0907121359558535,0.092059808562785,0.0013476726069314993,0.0013476726069314993,0,0,0,-1
gmsc,lightgbm,34,NumberRealEstateLoansOrLines,relative_plus_5,0.05,2.0,2.1,0.5887765630991544,0.5887765630991544,0.0,0.0,1,1,0,-1
gmsc,lightgbm,35,NumberRealEstateLoansOrLines,relative_plus_5,0.05,2.0,2.1,0.7686376306323768,0.7686376306323768,0.0,0.0,1,1,0,-1
gmsc,lightgbm,36,NumberRealEstateLoansOrLines,relative_plus_5,0.05,1.0,1.05,0.20383228110756807,0.20383228110756807,0.0,0.0,0,0,0,-1
gmsc,lightgbm,37,NumberRealEstateLoansOrLines,relative_plus_5,0.05,1.0,1.05,0.36583164209666225,0.36583164209666225,0.0,0.0,0,0,0,-1
gmsc,lightgbm,38,NumberRealEstateLoansOrLines,relative_plus_5,0.05,3.0,3.15,0.25782269826496373,0.25782269826496373,0.0,0.0,0,0,0,-1
gmsc,lightgbm,39,NumberRealEstateLoansOrLines,relative_plus_5,0.05,1.0,1.05,0.35851671570275906,0.35851671570275906,0.0,0.0,0,0,0,-1
gmsc,lightgbm,40,NumberRealEstateLoansOrLines,relative_plus_5,0.05,1.0,1.05,0.15809809532716768,0.15809809532716768,0.0,0.0,0,0,0,-1
gmsc,lightgbm,41,NumberRealEstateLoansOrLines,relative_plus_5,0.05,1.0,1.05,0.17767130123412736,0.17767130123412736,0.0,0.0,0,0,0,-1
gmsc,lightgbm,42,NumberRealEstateLoansOrLines,relative_plus_5,0.05,1.0,1.05,0.13142576347451704,0.13142576347451704,0.0,0.0,0,0,0,-1
gmsc,lightgbm,43,NumberRealEstateLoansOrLines,relative_plus_5,0.05,0.0,0.05,0.5220123045323535,0.5540133349940384,0.0320010304616849,0.0320010304616849,1,1,0,-1
gmsc,lightgbm,44,NumberRealEstateLoansOrLines,relative_plus_5,0.05,1.0,1.05,0.10248475676544401,0.10248475676544401,0.0,0.0,0,0,0,-1
gmsc,lightgbm,45,NumberRealEstateLoansOrLines,relative_plus_5,0.05,3.0,3.15,0.134509615497707,0.134509615497707,0.0,0.0,0,0,0,-1
gmsc,lightgbm,46,NumberRealEstateLoansOrLines,relative_plus_5,0.05,1.0,1.05,0.24542503658751236,0.24542503658751236,0.0,0.0,0,0,0,-1
gmsc,lightgbm,47,NumberRealEstateLoansOrLines,relative_plus_5,0.05,1.0,1.05,0.06429004529354826,0.06429004529354826,0.0,0.0,0,0,0,-1
gmsc,lightgbm,48,NumberRealEstateLoansOrLines,relative_plus_5,0.05,1.0,1.05,0.08494795229441349,0.08494795229441349,0.0,0.0,0,0,0,-1
gmsc,lightgbm,49,NumberRealEstateLoansOrLines,relative_plus_5,0.05,0.0,0.05,0.032964158323007746,0.04396144739603269,0.010997289073024948,0.010997289073024948,0,0,0,-1
gmsc,lightgbm,50,NumberRealEstateLoansOrLines,relative_plus_5,0.05,0.0,0.05,0.15598569074603788,0.11586100876706543,-0.040124681978972454,0.040124681978972454,0,0,0,-1
gmsc,lightgbm,51,NumberRealEstateLoansOrLines,relative_plus_5,0.05,2.0,2.1,0.2427114365476945,0.2427114365476945,0.0,0.0,0,0,0,-1
gmsc,lightgbm,52,NumberRealEstateLoansOrLines,relative_plus_5,0.05,1.0,1.05,0.04278071258564872,0.04278071258564872,0.0,0.0,0,0,0,-1
gmsc,lightgbm,53,NumberRealEstateLoansOrLines,relative_plus_5,0.05,0.0,0.05,0.8459631804707949,0.9123778239953234,0.06641464352452853,0.06641464352452853,1,1,0,-1
gmsc,lightgbm,54,NumberRealEstateLoansOrLines,relative_plus_5,0.05,0.0,0.05,0.9585025696211499,0.9481530235008188,-0.010349546120331121,0.010349546120331121,1,1,0,-1
gmsc,lightgbm,55,NumberRealEstateLoansOrLines,relative_plus_5,0.05,1.0,1.05,0.05240087287788092,0.05240087287788092,0.0,0.0,0,0,0,-1
gmsc,lightgbm,56,NumberRealEstateLoansOrLines,relative_plus_5,0.05,1.0,1.05,0.16633030838518062,0.16633030838518062,0.0,0.0,0,0,0,-1
gmsc,lightgbm,57,NumberRealEstateLoansOrLines,relative_plus_5,0.05,0.0,0.05,0.5855679032449771,0.5521096317812301,-0.033458271463747025,0.033458271463747025,1,1,0,-1
gmsc,lightgbm,58,NumberRealEstateLoansOrLines,relative_plus_5,0.05,0.0,0.05,0.7120052536243187,0.7158788143995306,0.0038735607752119483,0.0038735607752119483,1,1,0,-1
gmsc,lightgbm,59,NumberRealEstateLoansOrLines,relative_plus_5,0.05,1.0,1.05,0.6081127081916137,0.6081127081916137,0.0,0.0,1,1,0,-1
gmsc,lightgbm,60,NumberRealEstateLoansOrLines,relative_plus_5,0.05,0.0,0.05,0.19907747746451288,0.13821684580271118,-0.060860631661801695,0.060860631661801695,0,0,0,-1
gmsc,lightgbm,61,NumberRealEstateLoansOrLines,relative_plus_5,0.05,2.0,2.1,0.3321226038071093,0.3321226038071093,0.0,0.0,0,0,0,-1
gmsc,lightgbm,62,NumberRealEstateLoansOrLines,relative_plus_5,0.05,2.0,2.1,0.49700932793678176,0.49700932793678176,0.0,0.0,0,0,0,-1
gmsc,lightgbm,63,NumberRealEstateLoansOrLines,relative_plus_5,0.05,1.0,1.05,0.07983838287755414,0.07983838287755414,0.0,0.0,0,0,0,-1
gmsc,lightgbm,64,NumberRealEstateLoansOrLines,relative_plus_5,0.05,4.0,4.2,0.27572869286326523,0.27572869286326523,0.0,0.0,0,0,0,-1
gmsc,lightgbm,65,NumberRealEstateLoansOrLines,relative_plus_5,0.05,1.0,1.05,0.3901193599625518,0.3901193599625518,0.0,0.0,0,0,0,-1
gmsc,lightgbm,66,NumberRealEstateLoansOrLines,relative_plus_5,0.05,1.0,1.05,0.14251343003654435,0.14251343003654435,0.0,0.0,0,0,0,-1
gmsc,lightgbm,67,NumberRealEstateLoansOrLines,relative_plus_5,0.05,1.0,1.05,0.42152422623564395,0.42152422623564395,0.0,0.0,0,0,0,-1
gmsc,lightgbm,68,NumberRealEstateLoansOrLines,relative_plus_5,0.05,1.0,1.05,0.1212328971978392,0.1212328971978392,0.0,0.0,0,0,0,-1
gmsc,lightgbm,69,NumberRealEstateLoansOrLines,relative_plus_5,0.05,4.0,4.2,0.5620282234727743,0.5620282234727743,0.0,0.0,1,1,0,-1
gmsc,lightgbm,70,NumberRealEstateLoansOrLines,relative_plus_5,0.05,0.0,0.05,0.4264114501848385,0.34421341795563626,-0.08219803222920224,0.08219803222920224,0,0,0,-1
gmsc,lightgbm,71,NumberRealEstateLoansOrLines,relative_plus_5,0.05,0.0,0.05,0.11528535367529104,0.09170417094456877,-0.023581182730722267,0.023581182730722267,0,0,0,-1
gmsc,lightgbm,72,NumberRealEstateLoansOrLines,relative_plus_5,0.05,1.0,1.05,0.18694209170398213,0.18694209170398213,0.0,0.0,0,0,0,-1
gmsc,lightgbm,73,NumberRealEstateLoansOrLines,relative_plus_5,0.05,2.0,2.1,0.4189962251498132,0.4189962251498132,0.0,0.0,0,0,0,-1
gmsc,lightgbm,74,NumberRealEstateLoansOrLines,relative_plus_5,0.05,0.0,0.05,0.210992213581658,0.17298140051720268,-0.038010813064455334,0.038010813064455334,0,0,0,-1
gmsc,lightgbm,75,NumberRealEstateLoansOrLines,relative_plus_5,0.05,0.0,0.05,0.5342256118004257,0.5680641244098484,0.03383851260942272,0.03383851260942272,1,1,0,-1
gmsc,lightgbm,76,NumberRealEstateLoansOrLines,relative_plus_5,0.05,0.0,0.05,0.14869088239886066,0.10156525594700337,-0.04712562645185729,0.04712562645185729,0,0,0,-1
gmsc,lightgbm,77,NumberRealEstateLoansOrLines,relative_plus_5,0.05,0.0,0.05,0.06703174942227336,0.05980023139402958,-0.007231518028243775,0.007231518028243775,0,0,0,-1
gmsc,lightgbm,78,NumberRealEstateLoansOrLines,relative_plus_5,0.05,1.0,1.05,0.06266917697987844,0.06266917697987844,0.0,0.0,0,0,0,-1
gmsc,lightgbm,79,NumberRealEstateLoansOrLines,relative_plus_5,0.05,1.0,1.05,0.3139529328389652,0.3139529328389652,0.0,0.0,0,0,0,-1
gmsc,lightgbm,80,NumberRealEstateLoansOrLines,relative_plus_5,0.05,1.0,1.05,0.13302830629350945,0.13302830629350945,0.0,0.0,0,0,0,-1
gmsc,lightgbm,81,NumberRealEstateLoansOrLines,relative_plus_5,0.05,2.0,2.1,0.1610671025822026,0.1610671025822026,0.0,0.0,0,0,0,-1
gmsc,lightgbm,82,NumberRealEstateLoansOrLines,relative_plus_5,0.05,1.0,1.05,0.39361810976909195,0.39361810976909195,0.0,0.0,0,0,0,-1
gmsc,lightgbm,83,NumberRealEstateLoansOrLines,relative_plus_5,0.05,1.0,1.05,0.07356231072502029,0.07356231072502029,0.0,0.0,0,0,0,-1
gmsc,lightgbm,84,NumberRealEstateLoansOrLines,relative_plus_5,0.05,2.0,2.1,0.6471402060773409,0.6471402060773409,0.0,0.0,1,1,0,-1
gmsc,lightgbm,85,NumberRealEstateLoansOrLines,relative_plus_5,0.05,2.0,2.1,0.06895634900657907,0.06895634900657907,0.0,0.0,0,0,0,-1
gmsc,lightgbm,86,NumberRealEstateLoansOrLines,relative_plus_5,0.05,0.0,0.05,0.11410528051242601,0.07211426927507805,-0.041991011237347955,0.041991011237347955,0,0,0,-1
gmsc,lightgbm,87,NumberRealEstateLoansOrLines,relative_plus_5,0.05,0.0,0.05,0.1006092467906027,0.1064772401639478,0.005867993373345107,0.005867993373345107,0,0,0,-1
gmsc,lightgbm,88,NumberRealEstateLoansOrLines,relative_plus_5,0.05,1.0,1.05,0.126512958826711,0.126512958826711,0.0,0.0,0,0,0,-1
gmsc,lightgbm,89,NumberRealEstateLoansOrLines,relative_plus_5,0.05,1.0,1.05,0.3522704795855978,0.3522704795855978,0.0,0.0,0,0,0,-1
gmsc,lightgbm,90,NumberRealEstateLoansOrLines,relative_plus_5,0.05,0.0,0.05,0.04106193866788959,0.03424900815985483,-0.006812930508034762,0.006812930508034762,0,0,0,-1
gmsc,lightgbm,91,NumberRealEstateLoansOrLines,relative_plus_5,0.05,1.0,1.05,0.15372114734573783,0.15372114734573783,0.0,0.0,0,0,0,-1
gmsc,lightgbm,92,NumberRealEstateLoansOrLines,relative_plus_5,0.05,0.0,0.05,0.06485095205727061,0.06994311610958562,0.00509216405231501,0.00509216405231501,0,0,0,-1
gmsc,lightgbm,93,NumberRealEstateLoansOrLines,relative_plus_5,0.05,2.0,2.1,0.09924642147480602,0.09924642147480602,0.0,0.0,0,0,0,-1
gmsc,lightgbm,94,NumberRealEstateLoansOrLines,relative_plus_5,0.05,0.0,0.05,0.16680920152776404,0.1046275988081805,-0.06218160271958355,0.06218160271958355,0,0,0,-1
gmsc,lightgbm,95,NumberRealEstateLoansOrLines,relative_plus_5,0.05,2.0,2.1,0.21924410434064803,0.21924410434064803,0.0,0.0,0,0,0,-1
gmsc,lightgbm,96,NumberRealEstateLoansOrLines,relative_plus_5,0.05,1.0,1.05,0.1131618927406001,0.1131618927406001,0.0,0.0,0,0,0,-1
gmsc,lightgbm,97,NumberRealEstateLoansOrLines,relative_plus_5,0.05,1.0,1.05,0.10806143941846993,0.10806143941846993,0.0,0.0,0,0,0,-1
gmsc,lightgbm,98,NumberRealEstateLoansOrLines,relative_plus_5,0.05,2.0,2.1,0.4053784379973068,0.4053784379973068,0.0,0.0,0,0,0,-1
gmsc,lightgbm,99,NumberRealEstateLoansOrLines,relative_plus_5,0.05,0.0,0.05,0.9052932427250325,0.8979431891812655,-0.0073500535437670544,0.0073500535437670544,1,1,0,-1
gmsc,lightgbm,0,NumberRealEstateLoansOrLines,relative_minus_10,-0.1,2.0,2.2,0.09051292759777842,0.09051292759777842,0.0,0.0,0,0,0,-1
gmsc,lightgbm,1,NumberRealEstateLoansOrLines,relative_minus_10,-0.1,1.0,1.1,0.07432795724364831,0.07432795724364831,0.0,0.0,0,0,0,-1
gmsc,lightgbm,2,NumberRealEstateLoansOrLines,relative_minus_10,-0.1,0.0,0.1,0.056660675741342766,0.05789877971125099,0.0012381039699082275,0.0012381039699082275,0,0,0,-1
gmsc,lightgbm,3,NumberRealEstateLoansOrLines,relative_minus_10,-0.1,2.0,2.2,0.286464202572455,0.286464202572455,0.0,0.0,0,0,0,-1
gmsc,lightgbm,4,NumberRealEstateLoansOrLines,relative_minus_10,-0.1,1.0,1.1,0.10238192900656183,0.10238192900656183,0.0,0.0,0,0,0,-1
gmsc,lightgbm,5,NumberRealEstateLoansOrLines,relative_minus_10,-0.1,1.0,1.1,0.18604525641874214,0.18604525641874214,0.0,0.0,0,0,0,-1
gmsc,lightgbm,6,NumberRealEstateLoansOrLines,relative_minus_10,-0.1,0.0,0.1,0.23797486099678064,0.17727757078523487,-0.06069729021154577,0.06069729021154577,0,0,0,-1
gmsc,lightgbm,7,NumberRealEstateLoansOrLines,relative_minus_10,-0.1,0.0,0.1,0.1952165672674782,0.27663364660727513,0.08141707933979692,0.08141707933979692,0,0,0,-1
gmsc,lightgbm,8,NumberRealEstateLoansOrLines,relative_minus_10,-0.1,1.0,1.1,0.1354653526779545,0.1354653526779545,0.0,0.0,0,0,0,-1
gmsc,lightgbm,9,NumberRealEstateLoansOrLines,relative_minus_10,-0.1,1.0,1.1,0.4085309008746626,0.4085309008746626,0.0,0.0,0,0,0,-1
gmsc,lightgbm,10,NumberRealEstateLoansOrLines,relative_minus_10,-0.1,2.0,2.2,0.4151340630771105,0.4151340630771105,0.0,0.0,0,0,0,-1
gmsc,lightgbm,11,NumberRealEstateLoansOrLines,relative_minus_10,-0.1,1.0,1.1,0.2344419755121663,0.2344419755121663,0.0,0.0,0,0,0,-1
gmsc,lightgbm,12,NumberRealEstateLoansOrLines,relative_minus_10,-0.1,1.0,1.1,0.04156783494420435,0.04156783494420435,0.0,0.0,0,0,0,-1
gmsc,lightgbm,13,NumberRealEstateLoansOrLines,relative_minus_10,-0.1,0.0,0.1,0.8781305200687587,0.8987342768399328,0.020603756771174098,0.020603756771174098,1,1,0,-1
gmsc,lightgbm,14,NumberRealEstateLoansOrLines,relative_minus_10,-0.1,0.0,0.1,0.30318348670534856,0.26468761030677557,-0.03849587639857299,0.03849587639857299,0,0,0,-1
gmsc,lightgbm,15,NumberRealEstateLoansOrLines,relative_minus_10,-0.1,1.0,1.1,0.27986218783007943,0.27986218783007943,0.0,0.0,0,0,0,-1
gmsc,lightgbm,16,NumberRealEstateLoansOrLines,relative_minus_10,-0.1,0.0,0.1,0.4795715640243079,0.43686977103025415,-0.042701792994053744,0.042701792994053744,0,0,0,-1
gmsc,lightgbm,17,NumberRealEstateLoansOrLines,relative_minus_10,-0.1,1.0,1.1,0.10036173784291944,0.10036173784291944,0.0,0.0,0,0,0,-1
gmsc,lightgbm,18,NumberRealEstateLoansOrLines,relative_minus_10,-0.1,2.0,2.2,0.4332396231850946,0.4332396231850946,0.0,0.0,0,0,0,-1
gmsc,lightgbm,19,NumberRealEstateLoansOrLines,relative_minus_10,-0.1,2.0,2.2,0.20706517488791176,0.20706517488791176,0.0,0.0,0,0,0,-1
gmsc,lightgbm,20,NumberRealEstateLoansOrLines,relative_minus_10,-0.1,1.0,1.1,0.05708612745116283,0.05708612745116283,0.0,0.0,0,0,0,-1
gmsc,lightgbm,21,NumberRealEstateLoansOrLines,relative_minus_10,-0.1,0.0,0.1,0.0755556455268635,0.06375518134081705,-0.011800464186046453,0.011800464186046453,0,0,0,-1
gmsc,lightgbm,22,NumberRealEstateLoansOrLines,relative_minus_10,-0.1,1.0,1.1,0.05695935088858043,0.05695935088858043,0.0,0.0,0,0,0,-1
gmsc,lightgbm,23,NumberRealEstateLoansOrLines,relative_minus_10,-0.1,2.0,2.2,0.08889571164479391,0.08889571164479391,0.0,0.0,0,0,0,-1
gmsc,lightgbm,24,NumberRealEstateLoansOrLines,relative_minus_10,-0.1,0.0,0.1,0.03569402945373115,0.040071177066432144,0.004377147612700992,0.004377147612700992,0,0,0,-1
gmsc,lightgbm,25,NumberRealEstateLoansOrLines,relative_minus_10,-0.1,0.0,0.1,0.485195355176274,0.4211375147053815,-0.06405784047089247,0.06405784047089247,0,0,0,-1
gmsc,lightgbm,26,NumberRealEstateLoansOrLines,relative_minus_10,-0.1,0.0,0.1,0.4690330102001808,0.5359906832314714,0.06695767303129058,0.06695767303129058,0,1,1,-1
gmsc,lightgbm,27,NumberRealEstateLoansOrLines,relative_minus_10,-0.1,0.0,0.1,0.15310886136230434,0.120939514391558,-0.03216934697074633,0.03216934697074633,0,0,0,-1
gmsc,lightgbm,28,NumberRealEstateLoansOrLines,relative_minus_10,-0.1,0.0,0.1,0.24706706865061875,0.333340275933804,0.08627320728318524,0.08627320728318524,0,0,0,-1
gmsc,lightgbm,29,NumberRealEstateLoansOrLines,relative_minus_10,-0.1,0.0,0.1,0.07280429517617616,0.04872649207432753,-0.02407780310184863,0.02407780310184863,0,0,0,-1
gmsc,lightgbm,30,NumberRealEstateLoansOrLines,relative_minus_10,-0.1,1.0,1.1,0.2669688028729123,0.2669688028729123,0.0,0.0,0,0,0,-1
gmsc,lightgbm,31,NumberRealEstateLoansOrLines,relative_minus_10,-0.1,0.0,0.1,0.16812286485697317,0.14960689934585691,-0.018515965511116256,0.018515965511116256,0,0,0,-1
gmsc,lightgbm,32,NumberRealEstateLoansOrLines,relative_minus_10,-0.1,1.0,1.1,0.1358222660255187,0.1358222660255187,0.0,0.0,0,0,0,-1
gmsc,lightgbm,33,NumberRealEstateLoansOrLines,relative_minus_10,-0.1,0.0,0.1,0.0907121359558535,0.092059808562785,0.0013476726069314993,0.0013476726069314993,0,0,0,-1
gmsc,lightgbm,34,NumberRealEstateLoansOrLines,relative_minus_10,-0.1,2.0,2.2,0.5887765630991544,0.5887765630991544,0.0,0.0,1,1,0,-1
gmsc,lightgbm,35,NumberRealEstateLoansOrLines,relative_minus_10,-0.1,2.0,2.2,0.7686376306323768,0.7686376306323768,0.0,0.0,1,1,0,-1
gmsc,lightgbm,36,NumberRealEstateLoansOrLines,relative_minus_10,-0.1,1.0,1.1,0.20383228110756807,0.20383228110756807,0.0,0.0,0,0,0,-1
gmsc,lightgbm,37,NumberRealEstateLoansOrLines,relative_minus_10,-0.1,1.0,1.1,0.36583164209666225,0.36583164209666225,0.0,0.0,0,0,0,-1
gmsc,lightgbm,38,NumberRealEstateLoansOrLines,relative_minus_10,-0.1,3.0,3.3,0.25782269826496373,0.25782269826496373,0.0,0.0,0,0,0,-1
gmsc,lightgbm,39,NumberRealEstateLoansOrLines,relative_minus_10,-0.1,1.0,1.1,0.35851671570275906,0.35851671570275906,0.0,0.0,0,0,0,-1
gmsc,lightgbm,40,NumberRealEstateLoansOrLines,relative_minus_10,-0.1,1.0,1.1,0.15809809532716768,0.15809809532716768,0.0,0.0,0,0,0,-1
gmsc,lightgbm,41,NumberRealEstateLoansOrLines,relative_minus_10,-0.1,1.0,1.1,0.17767130123412736,0.17767130123412736,0.0,0.0,0,0,0,-1
gmsc,lightgbm,42,NumberRealEstateLoansOrLines,relative_minus_10,-0.1,1.0,1.1,0.13142576347451704,0.13142576347451704,0.0,0.0,0,0,0,-1
gmsc,lightgbm,43,NumberRealEstateLoansOrLines,relative_minus_10,-0.1,0.0,0.1,0.5220123045323535,0.5540133349940384,0.0320010304616849,0.0320010304616849,1,1,0,-1
gmsc,lightgbm,44,NumberRealEstateLoansOrLines,relative_minus_10,-0.1,1.0,1.1,0.10248475676544401,0.10248475676544401,0.0,0.0,0,0,0,-1
gmsc,lightgbm,45,NumberRealEstateLoansOrLines,relative_minus_10,-0.1,3.0,3.3,0.134509615497707,0.134509615497707,0.0,0.0,0,0,0,-1
gmsc,lightgbm,46,NumberRealEstateLoansOrLines,relative_minus_10,-0.1,1.0,1.1,0.24542503658751236,0.24542503658751236,0.0,0.0,0,0,0,-1
gmsc,lightgbm,47,NumberRealEstateLoansOrLines,relative_minus_10,-0.1,1.0,1.1,0.06429004529354826,0.06429004529354826,0.0,0.0,0,0,0,-1
gmsc,lightgbm,48,NumberRealEstateLoansOrLines,relative_minus_10,-0.1,1.0,1.1,0.08494795229441349,0.08494795229441349,0.0,0.0,0,0,0,-1
gmsc,lightgbm,49,NumberRealEstateLoansOrLines,relative_minus_10,-0.1,0.0,0.1,0.032964158323007746,0.04396144739603269,0.010997289073024948,0.010997289073024948,0,0,0,-1
gmsc,lightgbm,50,NumberRealEstateLoansOrLines,relative_minus_10,-0.1,0.0,0.1,0.15598569074603788,0.11586100876706543,-0.040124681978972454,0.040124681978972454,0,0,0,-1
gmsc,lightgbm,51,NumberRealEstateLoansOrLines,relative_minus_10,-0.1,2.0,2.2,0.2427114365476945,0.2427114365476945,0.0,0.0,0,0,0,-1
gmsc,lightgbm,52,NumberRealEstateLoansOrLines,relative_minus_10,-0.1,1.0,1.1,0.04278071258564872,0.04278071258564872,0.0,0.0,0,0,0,-1
gmsc,lightgbm,53,NumberRealEstateLoansOrLines,relative_minus_10,-0.1,0.0,0.1,0.8459631804707949,0.9123778239953234,0.06641464352452853,0.06641464352452853,1,1,0,-1
gmsc,lightgbm,54,NumberRealEstateLoansOrLines,relative_minus_10,-0.1,0.0,0.1,0.9585025696211499,0.9481530235008188,-0.010349546120331121,0.010349546120331121,1,1,0,-1
gmsc,lightgbm,55,NumberRealEstateLoansOrLines,relative_minus_10,-0.1,1.0,1.1,0.05240087287788092,0.05240087287788092,0.0,0.0,0,0,0,-1
gmsc,lightgbm,56,NumberRealEstateLoansOrLines,relative_minus_10,-0.1,1.0,1.1,0.16633030838518062,0.16633030838518062,0.0,0.0,0,0,0,-1
gmsc,lightgbm,57,NumberRealEstateLoansOrLines,relative_minus_10,-0.1,0.0,0.1,0.5855679032449771,0.5521096317812301,-0.033458271463747025,0.033458271463747025,1,1,0,-1
gmsc,lightgbm,58,NumberRealEstateLoansOrLines,relative_minus_10,-0.1,0.0,0.1,0.7120052536243187,0.7158788143995306,0.0038735607752119483,0.0038735607752119483,1,1,0,-1
gmsc,lightgbm,59,NumberRealEstateLoansOrLines,relative_minus_10,-0.1,1.0,1.1,0.6081127081916137,0.6081127081916137,0.0,0.0,1,1,0,-1
gmsc,lightgbm,60,NumberRealEstateLoansOrLines,relative_minus_10,-0.1,0.0,0.1,0.19907747746451288,0.13821684580271118,-0.060860631661801695,0.060860631661801695,0,0,0,-1
gmsc,lightgbm,61,NumberRealEstateLoansOrLines,relative_minus_10,-0.1,2.0,2.2,0.3321226038071093,0.3321226038071093,0.0,0.0,0,0,0,-1
gmsc,lightgbm,62,NumberRealEstateLoansOrLines,relative_minus_10,-0.1,2.0,2.2,0.49700932793678176,0.49700932793678176,0.0,0.0,0,0,0,-1
gmsc,lightgbm,63,NumberRealEstateLoansOrLines,relative_minus_10,-0.1,1.0,1.1,0.07983838287755414,0.07983838287755414,0.0,0.0,0,0,0,-1
gmsc,lightgbm,64,NumberRealEstateLoansOrLines,relative_minus_10,-0.1,4.0,4.4,0.27572869286326523,0.27572869286326523,0.0,0.0,0,0,0,-1
gmsc,lightgbm,65,NumberRealEstateLoansOrLines,relative_minus_10,-0.1,1.0,1.1,0.3901193599625518,0.3901193599625518,0.0,0.0,0,0,0,-1
gmsc,lightgbm,66,NumberRealEstateLoansOrLines,relative_minus_10,-0.1,1.0,1.1,0.14251343003654435,0.14251343003654435,0.0,0.0,0,0,0,-1
gmsc,lightgbm,67,NumberRealEstateLoansOrLines,relative_minus_10,-0.1,1.0,1.1,0.42152422623564395,0.42152422623564395,0.0,0.0,0,0,0,-1
gmsc,lightgbm,68,NumberRealEstateLoansOrLines,relative_minus_10,-0.1,1.0,1.1,0.1212328971978392,0.1212328971978392,0.0,0.0,0,0,0,-1
gmsc,lightgbm,69,NumberRealEstateLoansOrLines,relative_minus_10,-0.1,4.0,4.4,0.5620282234727743,0.5620282234727743,0.0,0.0,1,1,0,-1
gmsc,lightgbm,70,NumberRealEstateLoansOrLines,relative_minus_10,-0.1,0.0,0.1,0.4264114501848385,0.34421341795563626,-0.08219803222920224,0.08219803222920224,0,0,0,-1
gmsc,lightgbm,71,NumberRealEstateLoansOrLines,relative_minus_10,-0.1,0.0,0.1,0.11528535367529104,0.09170417094456877,-0.023581182730722267,0.023581182730722267,0,0,0,-1
gmsc,lightgbm,72,NumberRealEstateLoansOrLines,relative_minus_10,-0.1,1.0,1.1,0.18694209170398213,0.18694209170398213,0.0,0.0,0,0,0,-1
gmsc,lightgbm,73,NumberRealEstateLoansOrLines,relative_minus_10,-0.1,2.0,2.2,0.4189962251498132,0.4189962251498132,0.0,0.0,0,0,0,-1
gmsc,lightgbm,74,NumberRealEstateLoansOrLines,relative_minus_10,-0.1,0.0,0.1,0.210992213581658,0.17298140051720268,-0.038010813064455334,0.038010813064455334,0,0,0,-1
gmsc,lightgbm,75,NumberRealEstateLoansOrLines,relative_minus_10,-0.1,0.0,0.1,0.5342256118004257,0.5680641244098484,0.03383851260942272,0.03383851260942272,1,1,0,-1
gmsc,lightgbm,76,NumberRealEstateLoansOrLines,relative_minus_10,-0.1,0.0,0.1,0.14869088239886066,0.10156525594700337,-0.04712562645185729,0.04712562645185729,0,0,0,-1
gmsc,lightgbm,77,NumberRealEstateLoansOrLines,relative_minus_10,-0.1,0.0,0.1,0.06703174942227336,0.05980023139402958,-0.007231518028243775,0.007231518028243775,0,0,0,-1
gmsc,lightgbm,78,NumberRealEstateLoansOrLines,relative_minus_10,-0.1,1.0,1.1,0.06266917697987844,0.06266917697987844,0.0,0.0,0,0,0,-1
gmsc,lightgbm,79,NumberRealEstateLoansOrLines,relative_minus_10,-0.1,1.0,1.1,0.3139529328389652,0.3139529328389652,0.0,0.0,0,0,0,-1
gmsc,lightgbm,80,NumberRealEstateLoansOrLines,relative_minus_10,-0.1,1.0,1.1,0.13302830629350945,0.13302830629350945,0.0,0.0,0,0,0,-1
gmsc,lightgbm,81,NumberRealEstateLoansOrLines,relative_minus_10,-0.1,2.0,2.2,0.1610671025822026,0.1610671025822026,0.0,0.0,0,0,0,-1
gmsc,lightgbm,82,NumberRealEstateLoansOrLines,relative_minus_10,-0.1,1.0,1.1,0.39361810976909195,0.39361810976909195,0.0,0.0,0,0,0,-1
gmsc,lightgbm,83,NumberRealEstateLoansOrLines,relative_minus_10,-0.1,1.0,1.1,0.07356231072502029,0.07356231072502029,0.0,0.0,0,0,0,-1
gmsc,lightgbm,84,NumberRealEstateLoansOrLines,relative_minus_10,-0.1,2.0,2.2,0.6471402060773409,0.6471402060773409,0.0,0.0,1,1,0,-1
gmsc,lightgbm,85,NumberRealEstateLoansOrLines,relative_minus_10,-0.1,2.0,2.2,0.06895634900657907,0.06895634900657907,0.0,0.0,0,0,0,-1
gmsc,lightgbm,86,NumberRealEstateLoansOrLines,relative_minus_10,-0.1,0.0,0.1,0.11410528051242601,0.07211426927507805,-0.041991011237347955,0.041991011237347955,0,0,0,-1
gmsc,lightgbm,87,NumberRealEstateLoansOrLines,relative_minus_10,-0.1,0.0,0.1,0.1006092467906027,0.1064772401639478,0.005867993373345107,0.005867993373345107,0,0,0,-1
gmsc,lightgbm,88,NumberRealEstateLoansOrLines,relative_minus_10,-0.1,1.0,1.1,0.126512958826711,0.126512958826711,0.0,0.0,0,0,0,-1
gmsc,lightgbm,89,NumberRealEstateLoansOrLines,relative_minus_10,-0.1,1.0,1.1,0.3522704795855978,0.3522704795855978,0.0,0.0,0,0,0,-1
gmsc,lightgbm,90,NumberRealEstateLoansOrLines,relative_minus_10,-0.1,0.0,0.1,0.04106193866788959,0.03424900815985483,-0.006812930508034762,0.006812930508034762,0,0,0,-1
gmsc,lightgbm,91,NumberRealEstateLoansOrLines,relative_minus_10,-0.1,1.0,1.1,0.15372114734573783,0.15372114734573783,0.0,0.0,0,0,0,-1
gmsc,lightgbm,92,NumberRealEstateLoansOrLines,relative_minus_10,-0.1,0.0,0.1,0.06485095205727061,0.06994311610958562,0.00509216405231501,0.00509216405231501,0,0,0,-1
gmsc,lightgbm,93,NumberRealEstateLoansOrLines,relative_minus_10,-0.1,2.0,2.2,0.09924642147480602,0.09924642147480602,0.0,0.0,0,0,0,-1
gmsc,lightgbm,94,NumberRealEstateLoansOrLines,relative_minus_10,-0.1,0.0,0.1,0.16680920152776404,0.1046275988081805,-0.06218160271958355,0.06218160271958355,0,0,0,-1
gmsc,lightgbm,95,NumberRealEstateLoansOrLines,relative_minus_10,-0.1,2.0,2.2,0.21924410434064803,0.21924410434064803,0.0,0.0,0,0,0,-1
gmsc,lightgbm,96,NumberRealEstateLoansOrLines,relative_minus_10,-0.1,1.0,1.1,0.1131618927406001,0.1131618927406001,0.0,0.0,0,0,0,-1
gmsc,lightgbm,97,NumberRealEstateLoansOrLines,relative_minus_10,-0.1,1.0,1.1,0.10806143941846993,0.10806143941846993,0.0,0.0,0,0,0,-1
gmsc,lightgbm,98,NumberRealEstateLoansOrLines,relative_minus_10,-0.1,2.0,2.2,0.4053784379973068,0.4053784379973068,0.0,0.0,0,0,0,-1
gmsc,lightgbm,99,NumberRealEstateLoansOrLines,relative_minus_10,-0.1,0.0,0.1,0.9052932427250325,0.8979431891812655,-0.0073500535437670544,0.0073500535437670544,1,1,0,-1
gmsc,lightgbm,0,NumberRealEstateLoansOrLines,relative_plus_10,0.1,2.0,2.2,0.09051292759777842,0.09051292759777842,0.0,0.0,0,0,0,-1
gmsc,lightgbm,1,NumberRealEstateLoansOrLines,relative_plus_10,0.1,1.0,1.1,0.07432795724364831,0.07432795724364831,0.0,0.0,0,0,0,-1
gmsc,lightgbm,2,NumberRealEstateLoansOrLines,relative_plus_10,0.1,0.0,0.1,0.056660675741342766,0.05789877971125099,0.0012381039699082275,0.0012381039699082275,0,0,0,-1
gmsc,lightgbm,3,NumberRealEstateLoansOrLines,relative_plus_10,0.1,2.0,2.2,0.286464202572455,0.286464202572455,0.0,0.0,0,0,0,-1
gmsc,lightgbm,4,NumberRealEstateLoansOrLines,relative_plus_10,0.1,1.0,1.1,0.10238192900656183,0.10238192900656183,0.0,0.0,0,0,0,-1
gmsc,lightgbm,5,NumberRealEstateLoansOrLines,relative_plus_10,0.1,1.0,1.1,0.18604525641874214,0.18604525641874214,0.0,0.0,0,0,0,-1
gmsc,lightgbm,6,NumberRealEstateLoansOrLines,relative_plus_10,0.1,0.0,0.1,0.23797486099678064,0.17727757078523487,-0.06069729021154577,0.06069729021154577,0,0,0,-1
gmsc,lightgbm,7,NumberRealEstateLoansOrLines,relative_plus_10,0.1,0.0,0.1,0.1952165672674782,0.27663364660727513,0.08141707933979692,0.08141707933979692,0,0,0,-1
gmsc,lightgbm,8,NumberRealEstateLoansOrLines,relative_plus_10,0.1,1.0,1.1,0.1354653526779545,0.1354653526779545,0.0,0.0,0,0,0,-1
gmsc,lightgbm,9,NumberRealEstateLoansOrLines,relative_plus_10,0.1,1.0,1.1,0.4085309008746626,0.4085309008746626,0.0,0.0,0,0,0,-1
gmsc,lightgbm,10,NumberRealEstateLoansOrLines,relative_plus_10,0.1,2.0,2.2,0.4151340630771105,0.4151340630771105,0.0,0.0,0,0,0,-1
gmsc,lightgbm,11,NumberRealEstateLoansOrLines,relative_plus_10,0.1,1.0,1.1,0.2344419755121663,0.2344419755121663,0.0,0.0,0,0,0,-1
gmsc,lightgbm,12,NumberRealEstateLoansOrLines,relative_plus_10,0.1,1.0,1.1,0.04156783494420435,0.04156783494420435,0.0,0.0,0,0,0,-1
gmsc,lightgbm,13,NumberRealEstateLoansOrLines,relative_plus_10,0.1,0.0,0.1,0.8781305200687587,0.8987342768399328,0.020603756771174098,0.020603756771174098,1,1,0,-1
gmsc,lightgbm,14,NumberRealEstateLoansOrLines,relative_plus_10,0.1,0.0,0.1,0.30318348670534856,0.26468761030677557,-0.03849587639857299,0.03849587639857299,0,0,0,-1
gmsc,lightgbm,15,NumberRealEstateLoansOrLines,relative_plus_10,0.1,1.0,1.1,0.27986218783007943,0.27986218783007943,0.0,0.0,0,0,0,-1
gmsc,lightgbm,16,NumberRealEstateLoansOrLines,relative_plus_10,0.1,0.0,0.1,0.4795715640243079,0.43686977103025415,-0.042701792994053744,0.042701792994053744,0,0,0,-1
gmsc,lightgbm,17,NumberRealEstateLoansOrLines,relative_plus_10,0.1,1.0,1.1,0.10036173784291944,0.10036173784291944,0.0,0.0,0,0,0,-1
gmsc,lightgbm,18,NumberRealEstateLoansOrLines,relative_plus_10,0.1,2.0,2.2,0.4332396231850946,0.4332396231850946,0.0,0.0,0,0,0,-1
gmsc,lightgbm,19,NumberRealEstateLoansOrLines,relative_plus_10,0.1,2.0,2.2,0.20706517488791176,0.20706517488791176,0.0,0.0,0,0,0,-1
gmsc,lightgbm,20,NumberRealEstateLoansOrLines,relative_plus_10,0.1,1.0,1.1,0.05708612745116283,0.05708612745116283,0.0,0.0,0,0,0,-1
gmsc,lightgbm,21,NumberRealEstateLoansOrLines,relative_plus_10,0.1,0.0,0.1,0.0755556455268635,0.06375518134081705,-0.011800464186046453,0.011800464186046453,0,0,0,-1
gmsc,lightgbm,22,NumberRealEstateLoansOrLines,relative_plus_10,0.1,1.0,1.1,0.05695935088858043,0.05695935088858043,0.0,0.0,0,0,0,-1
gmsc,lightgbm,23,NumberRealEstateLoansOrLines,relative_plus_10,0.1,2.0,2.2,0.08889571164479391,0.08889571164479391,0.0,0.0,0,0,0,-1
gmsc,lightgbm,24,NumberRealEstateLoansOrLines,relative_plus_10,0.1,0.0,0.1,0.03569402945373115,0.040071177066432144,0.004377147612700992,0.004377147612700992,0,0,0,-1
gmsc,lightgbm,25,NumberRealEstateLoansOrLines,relative_plus_10,0.1,0.0,0.1,0.485195355176274,0.4211375147053815,-0.06405784047089247,0.06405784047089247,0,0,0,-1
gmsc,lightgbm,26,NumberRealEstateLoansOrLines,relative_plus_10,0.1,0.0,0.1,0.4690330102001808,0.5359906832314714,0.06695767303129058,0.06695767303129058,0,1,1,-1
gmsc,lightgbm,27,NumberRealEstateLoansOrLines,relative_plus_10,0.1,0.0,0.1,0.15310886136230434,0.120939514391558,-0.03216934697074633,0.03216934697074633,0,0,0,-1
gmsc,lightgbm,28,NumberRealEstateLoansOrLines,relative_plus_10,0.1,0.0,0.1,0.24706706865061875,0.333340275933804,0.08627320728318524,0.08627320728318524,0,0,0,-1
gmsc,lightgbm,29,NumberRealEstateLoansOrLines,relative_plus_10,0.1,0.0,0.1,0.07280429517617616,0.04872649207432753,-0.02407780310184863,0.02407780310184863,0,0,0,-1
gmsc,lightgbm,30,NumberRealEstateLoansOrLines,relative_plus_10,0.1,1.0,1.1,0.2669688028729123,0.2669688028729123,0.0,0.0,0,0,0,-1
gmsc,lightgbm,31,NumberRealEstateLoansOrLines,relative_plus_10,0.1,0.0,0.1,0.16812286485697317,0.14960689934585691,-0.018515965511116256,0.018515965511116256,0,0,0,-1
gmsc,lightgbm,32,NumberRealEstateLoansOrLines,relative_plus_10,0.1,1.0,1.1,0.1358222660255187,0.1358222660255187,0.0,0.0,0,0,0,-1
gmsc,lightgbm,33,NumberRealEstateLoansOrLines,relative_plus_10,0.1,0.0,0.1,0.0907121359558535,0.092059808562785,0.0013476726069314993,0.0013476726069314993,0,0,0,-1
gmsc,lightgbm,34,NumberRealEstateLoansOrLines,relative_plus_10,0.1,2.0,2.2,0.5887765630991544,0.5887765630991544,0.0,0.0,1,1,0,-1
gmsc,lightgbm,35,NumberRealEstateLoansOrLines,relative_plus_10,0.1,2.0,2.2,0.7686376306323768,0.7686376306323768,0.0,0.0,1,1,0,-1
gmsc,lightgbm,36,NumberRealEstateLoansOrLines,relative_plus_10,0.1,1.0,1.1,0.20383228110756807,0.20383228110756807,0.0,0.0,0,0,0,-1
gmsc,lightgbm,37,NumberRealEstateLoansOrLines,relative_plus_10,0.1,1.0,1.1,0.36583164209666225,0.36583164209666225,0.0,0.0,0,0,0,-1
gmsc,lightgbm,38,NumberRealEstateLoansOrLines,relative_plus_10,0.1,3.0,3.3,0.25782269826496373,0.25782269826496373,0.0,0.0,0,0,0,-1
gmsc,lightgbm,39,NumberRealEstateLoansOrLines,relative_plus_10,0.1,1.0,1.1,0.35851671570275906,0.35851671570275906,0.0,0.0,0,0,0,-1
gmsc,lightgbm,40,NumberRealEstateLoansOrLines,relative_plus_10,0.1,1.0,1.1,0.15809809532716768,0.15809809532716768,0.0,0.0,0,0,0,-1
gmsc,lightgbm,41,NumberRealEstateLoansOrLines,relative_plus_10,0.1,1.0,1.1,0.17767130123412736,0.17767130123412736,0.0,0.0,0,0,0,-1
gmsc,lightgbm,42,NumberRealEstateLoansOrLines,relative_plus_10,0.1,1.0,1.1,0.13142576347451704,0.13142576347451704,0.0,0.0,0,0,0,-1
gmsc,lightgbm,43,NumberRealEstateLoansOrLines,relative_plus_10,0.1,0.0,0.1,0.5220123045323535,0.5540133349940384,0.0320010304616849,0.0320010304616849,1,1,0,-1
gmsc,lightgbm,44,NumberRealEstateLoansOrLines,relative_plus_10,0.1,1.0,1.1,0.10248475676544401,0.10248475676544401,0.0,0.0,0,0,0,-1
gmsc,lightgbm,45,NumberRealEstateLoansOrLines,relative_plus_10,0.1,3.0,3.3,0.134509615497707,0.134509615497707,0.0,0.0,0,0,0,-1
gmsc,lightgbm,46,NumberRealEstateLoansOrLines,relative_plus_10,0.1,1.0,1.1,0.24542503658751236,0.24542503658751236,0.0,0.0,0,0,0,-1
gmsc,lightgbm,47,NumberRealEstateLoansOrLines,relative_plus_10,0.1,1.0,1.1,0.06429004529354826,0.06429004529354826,0.0,0.0,0,0,0,-1
gmsc,lightgbm,48,NumberRealEstateLoansOrLines,relative_plus_10,0.1,1.0,1.1,0.08494795229441349,0.08494795229441349,0.0,0.0,0,0,0,-1
gmsc,lightgbm,49,NumberRealEstateLoansOrLines,relative_plus_10,0.1,0.0,0.1,0.032964158323007746,0.04396144739603269,0.010997289073024948,0.010997289073024948,0,0,0,-1
gmsc,lightgbm,50,NumberRealEstateLoansOrLines,relative_plus_10,0.1,0.0,0.1,0.15598569074603788,0.11586100876706543,-0.040124681978972454,0.040124681978972454,0,0,0,-1
gmsc,lightgbm,51,NumberRealEstateLoansOrLines,relative_plus_10,0.1,2.0,2.2,0.2427114365476945,0.2427114365476945,0.0,0.0,0,0,0,-1
gmsc,lightgbm,52,NumberRealEstateLoansOrLines,relative_plus_10,0.1,1.0,1.1,0.04278071258564872,0.04278071258564872,0.0,0.0,0,0,0,-1
gmsc,lightgbm,53,NumberRealEstateLoansOrLines,relative_plus_10,0.1,0.0,0.1,0.8459631804707949,0.9123778239953234,0.06641464352452853,0.06641464352452853,1,1,0,-1
gmsc,lightgbm,54,NumberRealEstateLoansOrLines,relative_plus_10,0.1,0.0,0.1,0.9585025696211499,0.9481530235008188,-0.010349546120331121,0.010349546120331121,1,1,0,-1
gmsc,lightgbm,55,NumberRealEstateLoansOrLines,relative_plus_10,0.1,1.0,1.1,0.05240087287788092,0.05240087287788092,0.0,0.0,0,0,0,-1
gmsc,lightgbm,56,NumberRealEstateLoansOrLines,relative_plus_10,0.1,1.0,1.1,0.16633030838518062,0.16633030838518062,0.0,0.0,0,0,0,-1
gmsc,lightgbm,57,NumberRealEstateLoansOrLines,relative_plus_10,0.1,0.0,0.1,0.5855679032449771,0.5521096317812301,-0.033458271463747025,0.033458271463747025,1,1,0,-1
gmsc,lightgbm,58,NumberRealEstateLoansOrLines,relative_plus_10,0.1,0.0,0.1,0.7120052536243187,0.7158788143995306,0.0038735607752119483,0.0038735607752119483,1,1,0,-1
gmsc,lightgbm,59,NumberRealEstateLoansOrLines,relative_plus_10,0.1,1.0,1.1,0.6081127081916137,0.6081127081916137,0.0,0.0,1,1,0,-1
gmsc,lightgbm,60,NumberRealEstateLoansOrLines,relative_plus_10,0.1,0.0,0.1,0.19907747746451288,0.13821684580271118,-0.060860631661801695,0.060860631661801695,0,0,0,-1
gmsc,lightgbm,61,NumberRealEstateLoansOrLines,relative_plus_10,0.1,2.0,2.2,0.3321226038071093,0.3321226038071093,0.0,0.0,0,0,0,-1
gmsc,lightgbm,62,NumberRealEstateLoansOrLines,relative_plus_10,0.1,2.0,2.2,0.49700932793678176,0.49700932793678176,0.0,0.0,0,0,0,-1
gmsc,lightgbm,63,NumberRealEstateLoansOrLines,relative_plus_10,0.1,1.0,1.1,0.07983838287755414,0.07983838287755414,0.0,0.0,0,0,0,-1
gmsc,lightgbm,64,NumberRealEstateLoansOrLines,relative_plus_10,0.1,4.0,4.4,0.27572869286326523,0.27572869286326523,0.0,0.0,0,0,0,-1
gmsc,lightgbm,65,NumberRealEstateLoansOrLines,relative_plus_10,0.1,1.0,1.1,0.3901193599625518,0.3901193599625518,0.0,0.0,0,0,0,-1
gmsc,lightgbm,66,NumberRealEstateLoansOrLines,relative_plus_10,0.1,1.0,1.1,0.14251343003654435,0.14251343003654435,0.0,0.0,0,0,0,-1
gmsc,lightgbm,67,NumberRealEstateLoansOrLines,relative_plus_10,0.1,1.0,1.1,0.42152422623564395,0.42152422623564395,0.0,0.0,0,0,0,-1
gmsc,lightgbm,68,NumberRealEstateLoansOrLines,relative_plus_10,0.1,1.0,1.1,0.1212328971978392,0.1212328971978392,0.0,0.0,0,0,0,-1
gmsc,lightgbm,69,NumberRealEstateLoansOrLines,relative_plus_10,0.1,4.0,4.4,0.5620282234727743,0.5620282234727743,0.0,0.0,1,1,0,-1
gmsc,lightgbm,70,NumberRealEstateLoansOrLines,relative_plus_10,0.1,0.0,0.1,0.4264114501848385,0.34421341795563626,-0.08219803222920224,0.08219803222920224,0,0,0,-1
gmsc,lightgbm,71,NumberRealEstateLoansOrLines,relative_plus_10,0.1,0.0,0.1,0.11528535367529104,0.09170417094456877,-0.023581182730722267,0.023581182730722267,0,0,0,-1
gmsc,lightgbm,72,NumberRealEstateLoansOrLines,relative_plus_10,0.1,1.0,1.1,0.18694209170398213,0.18694209170398213,0.0,0.0,0,0,0,-1
gmsc,lightgbm,73,NumberRealEstateLoansOrLines,relative_plus_10,0.1,2.0,2.2,0.4189962251498132,0.4189962251498132,0.0,0.0,0,0,0,-1
gmsc,lightgbm,74,NumberRealEstateLoansOrLines,relative_plus_10,0.1,0.0,0.1,0.210992213581658,0.17298140051720268,-0.038010813064455334,0.038010813064455334,0,0,0,-1
gmsc,lightgbm,75,NumberRealEstateLoansOrLines,relative_plus_10,0.1,0.0,0.1,0.5342256118004257,0.5680641244098484,0.03383851260942272,0.03383851260942272,1,1,0,-1
gmsc,lightgbm,76,NumberRealEstateLoansOrLines,relative_plus_10,0.1,0.0,0.1,0.14869088239886066,0.10156525594700337,-0.04712562645185729,0.04712562645185729,0,0,0,-1
gmsc,lightgbm,77,NumberRealEstateLoansOrLines,relative_plus_10,0.1,0.0,0.1,0.06703174942227336,0.05980023139402958,-0.007231518028243775,0.007231518028243775,0,0,0,-1
gmsc,lightgbm,78,NumberRealEstateLoansOrLines,relative_plus_10,0.1,1.0,1.1,0.06266917697987844,0.06266917697987844,0.0,0.0,0,0,0,-1
gmsc,lightgbm,79,NumberRealEstateLoansOrLines,relative_plus_10,0.1,1.0,1.1,0.3139529328389652,0.3139529328389652,0.0,0.0,0,0,0,-1
gmsc,lightgbm,80,NumberRealEstateLoansOrLines,relative_plus_10,0.1,1.0,1.1,0.13302830629350945,0.13302830629350945,0.0,0.0,0,0,0,-1
gmsc,lightgbm,81,NumberRealEstateLoansOrLines,relative_plus_10,0.1,2.0,2.2,0.1610671025822026,0.1610671025822026,0.0,0.0,0,0,0,-1
gmsc,lightgbm,82,NumberRealEstateLoansOrLines,relative_plus_10,0.1,1.0,1.1,0.39361810976909195,0.39361810976909195,0.0,0.0,0,0,0,-1
gmsc,lightgbm,83,NumberRealEstateLoansOrLines,relative_plus_10,0.1,1.0,1.1,0.07356231072502029,0.07356231072502029,0.0,0.0,0,0,0,-1
gmsc,lightgbm,84,NumberRealEstateLoansOrLines,relative_plus_10,0.1,2.0,2.2,0.6471402060773409,0.6471402060773409,0.0,0.0,1,1,0,-1
gmsc,lightgbm,85,NumberRealEstateLoansOrLines,relative_plus_10,0.1,2.0,2.2,0.06895634900657907,0.06895634900657907,0.0,0.0,0,0,0,-1
gmsc,lightgbm,86,NumberRealEstateLoansOrLines,relative_plus_10,0.1,0.0,0.1,0.11410528051242601,0.07211426927507805,-0.041991011237347955,0.041991011237347955,0,0,0,-1
gmsc,lightgbm,87,NumberRealEstateLoansOrLines,relative_plus_10,0.1,0.0,0.1,0.1006092467906027,0.1064772401639478,0.005867993373345107,0.005867993373345107,0,0,0,-1
gmsc,lightgbm,88,NumberRealEstateLoansOrLines,relative_plus_10,0.1,1.0,1.1,0.126512958826711,0.126512958826711,0.0,0.0,0,0,0,-1
gmsc,lightgbm,89,NumberRealEstateLoansOrLines,relative_plus_10,0.1,1.0,1.1,0.3522704795855978,0.3522704795855978,0.0,0.0,0,0,0,-1
gmsc,lightgbm,90,NumberRealEstateLoansOrLines,relative_plus_10,0.1,0.0,0.1,0.04106193866788959,0.03424900815985483,-0.006812930508034762,0.006812930508034762,0,0,0,-1
gmsc,lightgbm,91,NumberRealEstateLoansOrLines,relative_plus_10,0.1,1.0,1.1,0.15372114734573783,0.15372114734573783,0.0,0.0,0,0,0,-1
gmsc,lightgbm,92,NumberRealEstateLoansOrLines,relative_plus_10,0.1,0.0,0.1,0.06485095205727061,0.06994311610958562,0.00509216405231501,0.00509216405231501,0,0,0,-1
gmsc,lightgbm,93,NumberRealEstateLoansOrLines,relative_plus_10,0.1,2.0,2.2,0.09924642147480602,0.09924642147480602,0.0,0.0,0,0,0,-1
gmsc,lightgbm,94,NumberRealEstateLoansOrLines,relative_plus_10,0.1,0.0,0.1,0.16680920152776404,0.1046275988081805,-0.06218160271958355,0.06218160271958355,0,0,0,-1
gmsc,lightgbm,95,NumberRealEstateLoansOrLines,relative_plus_10,0.1,2.0,2.2,0.21924410434064803,0.21924410434064803,0.0,0.0,0,0,0,-1
gmsc,lightgbm,96,NumberRealEstateLoansOrLines,relative_plus_10,0.1,1.0,1.1,0.1131618927406001,0.1131618927406001,0.0,0.0,0,0,0,-1
gmsc,lightgbm,97,NumberRealEstateLoansOrLines,relative_plus_10,0.1,1.0,1.1,0.10806143941846993,0.10806143941846993,0.0,0.0,0,0,0,-1
gmsc,lightgbm,98,NumberRealEstateLoansOrLines,relative_plus_10,0.1,2.0,2.2,0.4053784379973068,0.4053784379973068,0.0,0.0,0,0,0,-1
gmsc,lightgbm,99,NumberRealEstateLoansOrLines,relative_plus_10,0.1,0.0,0.1,0.9052932427250325,0.8979431891812655,-0.0073500535437670544,0.0073500535437670544,1,1,0,-1
gmsc,lightgbm,0,NumberOfTime60-89DaysPastDueNotWorse,relative_minus_5,-0.05,0.0,0.05,0.09051292759777842,0.4715010857765248,0.38098815817874637,0.38098815817874637,0,0,0,-1
gmsc,lightgbm,1,NumberOfTime60-89DaysPastDueNotWorse,relative_minus_5,-0.05,0.0,0.05,0.07432795724364831,0.40558776310832517,0.33125980586467685,0.33125980586467685,0,0,0,-1
gmsc,lightgbm,2,NumberOfTime60-89DaysPastDueNotWorse,relative_minus_5,-0.05,0.0,0.05,0.056660675741342766,0.33467819633652973,0.278017520595187,0.278017520595187,0,0,0,-1
gmsc,lightgbm,3,NumberOfTime60-89DaysPastDueNotWorse,relative_minus_5,-0.05,0.0,0.05,0.286464202572455,0.580333214913672,0.293869012341217,0.293869012341217,0,1,1,-1
gmsc,lightgbm,4,NumberOfTime60-89DaysPastDueNotWorse,relative_minus_5,-0.05,0.0,0.05,0.10238192900656183,0.49061838793968543,0.3882364589331236,0.3882364589331236,0,0,0,-1
gmsc,lightgbm,5,NumberOfTime60-89DaysPastDueNotWorse,relative_minus_5,-0.05,0.0,0.05,0.18604525641874214,0.562363783039952,0.3763185266212099,0.3763185266212099,0,1,1,-1
gmsc,lightgbm,6,NumberOfTime60-89DaysPastDueNotWorse,relative_minus_5,-0.05,0.0,0.05,0.23797486099678064,0.6044617719836162,0.3664869109868355,0.3664869109868355,0,1,1,-1
gmsc,lightgbm,7,NumberOfTime60-89DaysPastDueNotWorse,relative_minus_5,-0.05,0.0,0.05,0.1952165672674782,0.5867442841391203,0.39152771687164206,0.39152771687164206,0,1,1,-1
gmsc,lightgbm,8,NumberOfTime60-89DaysPastDueNotWorse,relative_minus_5,-0.05,0.0,0.05,0.1354653526779545,0.5773732608106823,0.4419079081327278,0.4419079081327278,0,1,1,-1
gmsc,lightgbm,9,NumberOfTime60-89DaysPastDueNotWorse,relative_minus_5,-0.05,0.0,0.05,0.4085309008746626,0.7556755180344032,0.34714461715974065,0.34714461715974065,0,1,1,-1
gmsc,lightgbm,10,NumberOfTime60-89DaysPastDueNotWorse,relative_minus_5,-0.05,0.0,0.05,0.4151340630771105,0.7552079067327994,0.3400738436556889,0.3400738436556889,0,1,1,-1
gmsc,lightgbm,11,NumberOfTime60-89DaysPastDueNotWorse,relative_minus_5,-0.05,0.0,0.05,0.2344419755121663,0.571830661388503,0.33738868587633675,0.33738868587633675,0,1,1,-1
gmsc,lightgbm,12,NumberOfTime60-89DaysPastDueNotWorse,relative_minus_5,-0.05,0.0,0.05,0.04156783494420435,0.26112998437349494,0.2195621494292906,0.2195621494292906,0,0,0,-1
gmsc,lightgbm,13,NumberOfTime60-89DaysPastDueNotWorse,relative_minus_5,-0.05,0.0,0.05,0.8781305200687587,0.9353597900281674,0.05722926995940869,0.05722926995940869,1,1,0,-1
gmsc,lightgbm,14,NumberOfTime60-89DaysPastDueNotWorse,relative_minus_5,-0.05,0.0,0.05,0.30318348670534856,0.6833898501721392,0.3802063634667906,0.3802063634667906,0,1,1,-1
gmsc,lightgbm,15,NumberOfTime60-89DaysPastDueNotWorse,relative_minus_5,-0.05,0.0,0.05,0.27986218783007943,0.6265313555343345,0.34666916770425504,0.34666916770425504,0,1,1,-1
gmsc,lightgbm,16,NumberOfTime60-89DaysPastDueNotWorse,relative_minus_5,-0.05,0.0,0.05,0.4795715640243079,0.7311897322677268,0.25161816824341887,0.25161816824341887,0,1,1,-1
gmsc,lightgbm,17,NumberOfTime60-89DaysPastDueNotWorse,relative_minus_5,-0.05,0.0,0.05,0.10036173784291944,0.3397273991304133,0.23936566128749384,0.23936566128749384,0,0,0,-1
gmsc,lightgbm,18,NumberOfTime60-89DaysPastDueNotWorse,relative_minus_5,-0.05,0.0,0.05,0.4332396231850946,0.7334247098290648,0.3001850866439702,0.3001850866439702,0,1,1,-1
gmsc,lightgbm,19,NumberOfTime60-89DaysPastDueNotWorse,relative_minus_5,-0.05,0.0,0.05,0.20706517488791176,0.5614289307927434,0.3543637559048316,0.3543637559048316,0,1,1,-1
gmsc,lightgbm,20,NumberOfTime60-89DaysPastDueNotWorse,relative_minus_5,-0.05,0.0,0.05,0.05708612745116283,0.3479603270667995,0.2908741996156367,0.2908741996156367,0,0,0,-1
gmsc,lightgbm,21,NumberOfTime60-89DaysPastDueNotWorse,relative_minus_5,-0.05,0.0,0.05,0.0755556455268635,0.4071011351098183,0.3315454895829548,0.3315454895829548,0,0,0,-1
gmsc,lightgbm,22,NumberOfTime60-89DaysPastDueNotWorse,relative_minus_5,-0.05,0.0,0.05,0.05695935088858043,0.3780135048802817,0.32105415399170123,0.32105415399170123,0,0,0,-1
gmsc,lightgbm,23,NumberOfTime60-89DaysPastDueNotWorse,relative_minus_5,-0.05,0.0,0.05,0.08889571164479391,0.4175563483342141,0.3286606366894202,0.3286606366894202,0,0,0,-1
gmsc,lightgbm,24,NumberOfTime60-89DaysPastDueNotWorse,relative_minus_5,-0.05,0.0,0.05,0.03569402945373115,0.36114510551959633,0.3254510760658652,0.3254510760658652,0,0,0,-1
gmsc,lightgbm,25,NumberOfTime60-89DaysPastDueNotWorse,relative_minus_5,-0.05,0.0,0.05,0.485195355176274,0.7803964175675666,0.2952010623912926,0.2952010623912926,0,1,1,-1
gmsc,lightgbm,26,NumberOfTime60-89DaysPastDueNotWorse,relative_minus_5,-0.05,0.0,0.05,0.4690330102001808,0.7787354166113168,0.30970240641113606,0.30970240641113606,0,1,1,-1
gmsc,lightgbm,27,NumberOfTime60-89DaysPastDueNotWorse,relative_minus_5,-0.05,0.0,0.05,0.15310886136230434,0.611087377908746,0.45797851654644167,0.45797851654644167,0,1,1,-1
gmsc,lightgbm,28,NumberOfTime60-89DaysPastDueNotWorse,relative_minus_5,-0.05,0.0,0.05,0.24706706865061875,0.6931276921634086,0.44606062351278986,0.44606062351278986,0,1,1,-1
gmsc,lightgbm,29,NumberOfTime60-89DaysPastDueNotWorse,relative_minus_5,-0.05,0.0,0.05,0.07280429517617616,0.45828617009369255,0.3854818749175164,0.3854818749175164,0,0,0,-1
gmsc,lightgbm,30,NumberOfTime60-89DaysPastDueNotWorse,relative_minus_5,-0.05,0.0,0.05,0.2669688028729123,0.6359989283592539,0.36903012548634156,0.36903012548634156,0,1,1,-1
gmsc,lightgbm,31,NumberOfTime60-89DaysPastDueNotWorse,relative_minus_5,-0.05,0.0,0.05,0.16812286485697317,0.47647240550562314,0.30834954064864994,0.30834954064864994,0,0,0,-1
gmsc,lightgbm,32,NumberOfTime60-89DaysPastDueNotWorse,relative_minus_5,-0.05,0.0,0.05,0.1358222660255187,0.5729997440467587,0.43717747802123996,0.43717747802123996,0,1,1,-1
gmsc,lightgbm,33,NumberOfTime60-89DaysPastDueNotWorse,relative_minus_5,-0.05,0.0,0.05,0.0907121359558535,0.5049137587776953,0.4142016228218418,0.4142016228218418,0,1,1,-1
gmsc,lightgbm,34,NumberOfTime60-89DaysPastDueNotWorse,relative_minus_5,-0.05,0.0,0.05,0.5887765630991544,0.7719443210110374,0.183167757911883,0.183167757911883,1,1,0,-1
gmsc,lightgbm,35,NumberOfTime60-89DaysPastDueNotWorse,relative_minus_5,-0.05,0.0,0.05,0.7686376306323768,0.8676422026355103,0.0990045720031335,0.0990045720031335,1,1,0,-1
gmsc,lightgbm,36,NumberOfTime60-89DaysPastDueNotWorse,relative_minus_5,-0.05,0.0,0.05,0.20383228110756807,0.6176527225138166,0.4138204414062486,0.4138204414062486,0,1,1,-1
gmsc,lightgbm,37,NumberOfTime60-89DaysPastDueNotWorse,relative_minus_5,-0.05,0.0,0.05,0.36583164209666225,0.7370352526477477,0.37120361055108547,0.37120361055108547,0,1,1,-1
gmsc,lightgbm,38,NumberOfTime60-89DaysPastDueNotWorse,relative_minus_5,-0.05,0.0,0.05,0.25782269826496373,0.6699456132423296,0.41212291497736586,0.41212291497736586,0,1,1,-1
gmsc,lightgbm,39,NumberOfTime60-89DaysPastDueNotWorse,relative_minus_5,-0.05,0.0,0.05,0.35851671570275906,0.658699780297665,0.3001830645949059,0.3001830645949059,0,1,1,-1
gmsc,lightgbm,40,NumberOfTime60-89DaysPastDueNotWorse,relative_minus_5,-0.05,0.0,0.05,0.15809809532716768,0.6152192662600318,0.4571211709328641,0.4571211709328641,0,1,1,-1
gmsc,lightgbm,41,NumberOfTime60-89DaysPastDueNotWorse,relative_minus_5,-0.05,0.0,0.05,0.17767130123412736,0.5080224835849496,0.3303511823508223,0.3303511823508223,0,1,1,-1
gmsc,lightgbm,42,NumberOfTime60-89DaysPastDueNotWorse,relative_minus_5,-0.05,0.0,0.05,0.13142576347451704,0.49551160872304917,0.36408584524853216,0.36408584524853216,0,0,0,-1
gmsc,lightgbm,43,NumberOfTime60-89DaysPastDueNotWorse,relative_minus_5,-0.05,0.0,0.05,0.5220123045323535,0.8214311303769989,0.2994188258446454,0.2994188258446454,1,1,0,-1
gmsc,lightgbm,44,NumberOfTime60-89DaysPastDueNotWorse,relative_minus_5,-0.05,0.0,0.05,0.10248475676544401,0.4641414359508352,0.3616566791853912,0.3616566791853912,0,0,0,-1
gmsc,lightgbm,45,NumberOfTime60-89DaysPastDueNotWorse,relative_minus_5,-0.05,0.0,0.05,0.134509615497707,0.5369722689558729,0.4024626534581659,0.4024626534581659,0,1,1,-1
gmsc,lightgbm,46,NumberOfTime60-89DaysPastDueNotWorse,relative_minus_5,-0.05,0.0,0.05,0.24542503658751236,0.7014401837049169,0.45601514711740454,0.45601514711740454,0,1,1,-1
gmsc,lightgbm,47,NumberOfTime60-89DaysPastDueNotWorse,relative_minus_5,-0.05,0.0,0.05,0.06429004529354826,0.46744402300884236,0.4031539777152941,0.4031539777152941,0,0,0,-1
gmsc,lightgbm,48,NumberOfTime60-89DaysPastDueNotWorse,relative_minus_5,-0.05,0.0,0.05,0.08494795229441349,0.31571237783936423,0.23076442554495075,0.23076442554495075,0,0,0,-1
gmsc,lightgbm,49,NumberOfTime60-89DaysPastDueNotWorse,relative_minus_5,-0.05,0.0,0.05,0.032964158323007746,0.3343779327806187,0.301413774457611,0.301413774457611,0,0,0,-1
gmsc,lightgbm,50,NumberOfTime60-89DaysPastDueNotWorse,relative_minus_5,-0.05,0.0,0.05,0.15598569074603788,0.6501251418322103,0.4941394510861724,0.4941394510861724,0,1,1,-1
gmsc,lightgbm,51,NumberOfTime60-89DaysPastDueNotWorse,relative_minus_5,-0.05,0.0,0.05,0.2427114365476945,0.6126728821173207,0.36996144556962623,0.36996144556962623,0,1,1,-1
gmsc,lightgbm,52,NumberOfTime60-89DaysPastDueNotWorse,relative_minus_5,-0.05,0.0,0.05,0.04278071258564872,0.2650639194897564,0.22228320690410766,0.22228320690410766,0,0,0,-1
gmsc,lightgbm,53,NumberOfTime60-89DaysPastDueNotWorse,relative_minus_5,-0.05,1.0,1.05,0.8459631804707949,0.8459631804707949,0.0,0.0,1,1,0,-1
gmsc,lightgbm,54,NumberOfTime60-89DaysPastDueNotWorse,relative_minus_5,-0.05,2.0,2.1,0.9585025696211499,0.9585025696211499,0.0,0.0,1,1,0,-1
gmsc,lightgbm,55,NumberOfTime60-89DaysPastDueNotWorse,relative_minus_5,-0.05,0.0,0.05,0.05240087287788092,0.2592992183203472,0.20689834544246627,0.20689834544246627,0,0,0,-1
gmsc,lightgbm,56,NumberOfTime60-89DaysPastDueNotWorse,relative_minus_5,-0.05,0.0,0.05,0.16633030838518062,0.6144093407806158,0.44807903239543523,0.44807903239543523,0,1,1,-1
gmsc,lightgbm,57,NumberOfTime60-89DaysPastDueNotWorse,relative_minus_5,-0.05,0.0,0.05,0.5855679032449771,0.8362740797376809,0.25070617649270377,0.25070617649270377,1,1,0,-1
gmsc,lightgbm,58,NumberOfTime60-89DaysPastDueNotWorse,relative_minus_5,-0.05,0.0,0.05,0.7120052536243187,0.8641811196041931,0.15217586597987443,0.15217586597987443,1,1,0,-1
gmsc,lightgbm,59,NumberOfTime60-89DaysPastDueNotWorse,relative_minus_5,-0.05,0.0,0.05,0.6081127081916137,0.8487804471120527,0.24066773892043902,0.24066773892043902,1,1,0,-1
gmsc,lightgbm,60,NumberOfTime60-89DaysPastDueNotWorse,relative_minus_5,-0.05,0.0,0.05,0.19907747746451288,0.6310092735606568,0.43193179609614396,0.43193179609614396,0,1,1,-1
gmsc,lightgbm,61,NumberOfTime60-89DaysPastDueNotWorse,relative_minus_5,-0.05,0.0,0.05,0.3321226038071093,0.6913205479317343,0.35919794412462497,0.35919794412462497,0,1,1,-1
gmsc,lightgbm,62,NumberOfTime60-89DaysPastDueNotWorse,relative_minus_5,-0.05,0.0,0.05,0.49700932793678176,0.808363583728065,0.3113542557912833,0.3113542557912833,0,1,1,-1
gmsc,lightgbm,63,NumberOfTime60-89DaysPastDueNotWorse,relative_minus_5,-0.05,0.0,0.05,0.07983838287755414,0.4246633735718656,0.3448249906943115,0.3448249906943115,0,0,0,-1
gmsc,lightgbm,64,NumberOfTime60-89DaysPastDueNotWorse,relative_minus_5,-0.05,0.0,0.05,0.27572869286326523,0.6758428668184161,0.40011417395515086,0.40011417395515086,0,1,1,-1
gmsc,lightgbm,65,NumberOfTime60-89DaysPastDueNotWorse,relative_minus_5,-0.05,0.0,0.05,0.3901193599625518,0.6755337012937898,0.28541434133123794,0.28541434133123794,0,1,1,-1
gmsc,lightgbm,66,NumberOfTime60-89DaysPastDueNotWorse,relative_minus_5,-0.05,0.0,0.05,0.14251343003654435,0.517931218474133,0.37541778843758866,0.37541778843758866,0,1,1,-1
gmsc,lightgbm,67,NumberOfTime60-89DaysPastDueNotWorse,relative_minus_5,-0.05,0.0,0.05,0.42152422623564395,0.7555130356270036,0.3339888093913596,0.3339888093913596,0,1,1,-1
gmsc,lightgbm,68,NumberOfTime60-89DaysPastDueNotWorse,relative_minus_5,-0.05,0.0,0.05,0.1212328971978392,0.5249977919185145,0.4037648947206753,0.4037648947206753,0,1,1,-1
gmsc,lightgbm,69,NumberOfTime60-89DaysPastDueNotWorse,relative_minus_5,-0.05,0.0,0.05,0.5620282234727743,0.8048178741958343,0.24278965072306002,0.24278965072306002,1,1,0,-1
gmsc,lightgbm,70,NumberOfTime60-89DaysPastDueNotWorse,relative_minus_5,-0.05,0.0,0.05,0.4264114501848385,0.7042189520348252,0.2778075018499867,0.2778075018499867,0,1,1,-1
gmsc,lightgbm,71,NumberOfTime60-89DaysPastDueNotWorse,relative_minus_5,-0.05,0.0,0.05,0.11528535367529104,0.3476005188382193,0.23231516516292827,0.23231516516292827,0,0,0,-1
gmsc,lightgbm,72,NumberOfTime60-89DaysPastDueNotWorse,relative_minus_5,-0.05,0.0,0.05,0.18694209170398213,0.5672827982220765,0.3803407065180944,0.3803407065180944,0,1,1,-1
gmsc,lightgbm,73,NumberOfTime60-89DaysPastDueNotWorse,relative_minus_5,-0.05,0.0,0.05,0.4189962251498132,0.706299501712748,0.2873032765629348,0.2873032765629348,0,1,1,-1
gmsc,lightgbm,74,NumberOfTime60-89DaysPastDueNotWorse,relative_minus_5,-0.05,0.0,0.05,0.210992213581658,0.6376860065904175,0.42669379300875954,0.42669379300875954,0,1,1,-1
gmsc,lightgbm,75,NumberOfTime60-89DaysPastDueNotWorse,relative_minus_5,-0.05,0.0,0.05,0.5342256118004257,0.8370835667615796,0.30285795496115386,0.30285795496115386,1,1,0,-1
gmsc,lightgbm,76,NumberOfTime60-89DaysPastDueNotWorse,relative_minus_5,-0.05,0.0,0.05,0.14869088239886066,0.6240843117915176,0.47539342939265694,0.47539342939265694,0,1,1,-1
gmsc,lightgbm,77,NumberOfTime60-89DaysPastDueNotWorse,relative_minus_5,-0.05,0.0,0.05,0.06703174942227336,0.456466341555051,0.38943459213277765,0.38943459213277765,0,0,0,-1
gmsc,lightgbm,78,NumberOfTime60-89DaysPastDueNotWorse,relative_minus_5,-0.05,0.0,0.05,0.06266917697987844,0.30911167097015396,0.2464424939902755,0.2464424939902755,0,0,0,-1
gmsc,lightgbm,79,NumberOfTime60-89DaysPastDueNotWorse,relative_minus_5,-0.05,0.0,0.05,0.3139529328389652,0.6539191264184722,0.33996619357950697,0.33996619357950697,0,1,1,-1
gmsc,lightgbm,80,NumberOfTime60-89DaysPastDueNotWorse,relative_minus_5,-0.05,0.0,0.05,0.13302830629350945,0.5738123234997559,0.4407840172062464,0.4407840172062464,0,1,1,-1
gmsc,lightgbm,81,NumberOfTime60-89DaysPastDueNotWorse,relative_minus_5,-0.05,0.0,0.05,0.1610671025822026,0.5502561501080189,0.3891890475258163,0.3891890475258163,0,1,1,-1
gmsc,lightgbm,82,NumberOfTime60-89DaysPastDueNotWorse,relative_minus_5,-0.05,0.0,0.05,0.39361810976909195,0.718789701923588,0.3251715921544961,0.3251715921544961,0,1,1,-1
gmsc,lightgbm,83,NumberOfTime60-89DaysPastDueNotWorse,relative_minus_5,-0.05,0.0,0.05,0.07356231072502029,0.42383163724646383,0.35026932652144355,0.35026932652144355,0,0,0,-1
gmsc,lightgbm,84,NumberOfTime60-89DaysPastDueNotWorse,relative_minus_5,-0.05,0.0,0.05,0.6471402060773409,0.8727270725312081,0.22558686645386716,0.22558686645386716,1,1,0,-1
gmsc,lightgbm,85,NumberOfTime60-89DaysPastDueNotWorse,relative_minus_5,-0.05,0.0,0.05,0.06895634900657907,0.47646328167020296,0.4075069326636239,0.4075069326636239,0,0,0,-1
gmsc,lightgbm,86,NumberOfTime60-89DaysPastDueNotWorse,relative_minus_5,-0.05,0.0,0.05,0.11410528051242601,0.4704389867816042,0.35633370626917815,0.35633370626917815,0,0,0,-1
gmsc,lightgbm,87,NumberOfTime60-89DaysPastDueNotWorse,relative_minus_5,-0.05,0.0,0.05,0.1006092467906027,0.35554695868949354,0.25493771189889086,0.25493771189889086,0,0,0,-1
gmsc,lightgbm,88,NumberOfTime60-89DaysPastDueNotWorse,relative_minus_5,-0.05,0.0,0.05,0.126512958826711,0.300995778374068,0.174482819547357,0.174482819547357,0,0,0,-1
gmsc,lightgbm,89,NumberOfTime60-89DaysPastDueNotWorse,relative_minus_5,-0.05,0.0,0.05,0.3522704795855978,0.6929058383952056,0.34063535880960777,0.34063535880960777,0,1,1,-1
gmsc,lightgbm,90,NumberOfTime60-89DaysPastDueNotWorse,relative_minus_5,-0.05,0.0,0.05,0.04106193866788959,0.33873213038792604,0.29767019172003645,0.29767019172003645,0,0,0,-1
gmsc,lightgbm,91,NumberOfTime60-89DaysPastDueNotWorse,relative_minus_5,-0.05,0.0,0.05,0.15372114734573783,0.5201277495398146,0.3664066021940767,0.3664066021940767,0,1,1,-1
gmsc,lightgbm,92,NumberOfTime60-89DaysPastDueNotWorse,relative_minus_5,-0.05,0.0,0.05,0.06485095205727061,0.3579077190532225,0.2930567669959519,0.2930567669959519,0,0,0,-1
gmsc,lightgbm,93,NumberOfTime60-89DaysPastDueNotWorse,relative_minus_5,-0.05,0.0,0.05,0.09924642147480602,0.3593925645578054,0.2601461430829994,0.2601461430829994,0,0,0,-1
gmsc,lightgbm,94,NumberOfTime60-89DaysPastDueNotWorse,relative_minus_5,-0.05,0.0,0.05,0.16680920152776404,0.6880840286075385,0.5212748270797745,0.5212748270797745,0,1,1,-1
gmsc,lightgbm,95,NumberOfTime60-89DaysPastDueNotWorse,relative_minus_5,-0.05,0.0,0.05,0.21924410434064803,0.5689875601011593,0.34974345576051125,0.34974345576051125,0,1,1,-1
gmsc,lightgbm,96,NumberOfTime60-89DaysPastDueNotWorse,relative_minus_5,-0.05,0.0,0.05,0.1131618927406001,0.5549855187342138,0.4418236259936137,0.4418236259936137,0,1,1,-1
gmsc,lightgbm,97,NumberOfTime60-89DaysPastDueNotWorse,relative_minus_5,-0.05,0.0,0.05,0.10806143941846993,0.38361650163827377,0.27555506221980386,0.27555506221980386,0,0,0,-1
gmsc,lightgbm,98,NumberOfTime60-89DaysPastDueNotWorse,relative_minus_5,-0.05,0.0,0.05,0.4053784379973068,0.7550007477435265,0.3496223097462198,0.3496223097462198,0,1,1,-1
gmsc,lightgbm,99,NumberOfTime60-89DaysPastDueNotWorse,relative_minus_5,-0.05,1.0,1.05,0.9052932427250325,0.9052932427250325,0.0,0.0,1,1,0,-1
gmsc,lightgbm,0,NumberOfTime60-89DaysPastDueNotWorse,relative_plus_5,0.05,0.0,0.05,0.09051292759777842,0.4715010857765248,0.38098815817874637,0.38098815817874637,0,0,0,-1
gmsc,lightgbm,1,NumberOfTime60-89DaysPastDueNotWorse,relative_plus_5,0.05,0.0,0.05,0.07432795724364831,0.40558776310832517,0.33125980586467685,0.33125980586467685,0,0,0,-1
gmsc,lightgbm,2,NumberOfTime60-89DaysPastDueNotWorse,relative_plus_5,0.05,0.0,0.05,0.056660675741342766,0.33467819633652973,0.278017520595187,0.278017520595187,0,0,0,-1
gmsc,lightgbm,3,NumberOfTime60-89DaysPastDueNotWorse,relative_plus_5,0.05,0.0,0.05,0.286464202572455,0.580333214913672,0.293869012341217,0.293869012341217,0,1,1,-1
gmsc,lightgbm,4,NumberOfTime60-89DaysPastDueNotWorse,relative_plus_5,0.05,0.0,0.05,0.10238192900656183,0.49061838793968543,0.3882364589331236,0.3882364589331236,0,0,0,-1
gmsc,lightgbm,5,NumberOfTime60-89DaysPastDueNotWorse,relative_plus_5,0.05,0.0,0.05,0.18604525641874214,0.562363783039952,0.3763185266212099,0.3763185266212099,0,1,1,-1
gmsc,lightgbm,6,NumberOfTime60-89DaysPastDueNotWorse,relative_plus_5,0.05,0.0,0.05,0.23797486099678064,0.6044617719836162,0.3664869109868355,0.3664869109868355,0,1,1,-1
gmsc,lightgbm,7,NumberOfTime60-89DaysPastDueNotWorse,relative_plus_5,0.05,0.0,0.05,0.1952165672674782,0.5867442841391203,0.39152771687164206,0.39152771687164206,0,1,1,-1
gmsc,lightgbm,8,NumberOfTime60-89DaysPastDueNotWorse,relative_plus_5,0.05,0.0,0.05,0.1354653526779545,0.5773732608106823,0.4419079081327278,0.4419079081327278,0,1,1,-1
gmsc,lightgbm,9,NumberOfTime60-89DaysPastDueNotWorse,relative_plus_5,0.05,0.0,0.05,0.4085309008746626,0.7556755180344032,0.34714461715974065,0.34714461715974065,0,1,1,-1
gmsc,lightgbm,10,NumberOfTime60-89DaysPastDueNotWorse,relative_plus_5,0.05,0.0,0.05,0.4151340630771105,0.7552079067327994,0.3400738436556889,0.3400738436556889,0,1,1,-1
gmsc,lightgbm,11,NumberOfTime60-89DaysPastDueNotWorse,relative_plus_5,0.05,0.0,0.05,0.2344419755121663,0.571830661388503,0.33738868587633675,0.33738868587633675,0,1,1,-1
gmsc,lightgbm,12,NumberOfTime60-89DaysPastDueNotWorse,relative_plus_5,0.05,0.0,0.05,0.04156783494420435,0.26112998437349494,0.2195621494292906,0.2195621494292906,0,0,0,-1
gmsc,lightgbm,13,NumberOfTime60-89DaysPastDueNotWorse,relative_plus_5,0.05,0.0,0.05,0.8781305200687587,0.9353597900281674,0.05722926995940869,0.05722926995940869,1,1,0,-1
gmsc,lightgbm,14,NumberOfTime60-89DaysPastDueNotWorse,relative_plus_5,0.05,0.0,0.05,0.30318348670534856,0.6833898501721392,0.3802063634667906,0.3802063634667906,0,1,1,-1
gmsc,lightgbm,15,NumberOfTime60-89DaysPastDueNotWorse,relative_plus_5,0.05,0.0,0.05,0.27986218783007943,0.6265313555343345,0.34666916770425504,0.34666916770425504,0,1,1,-1
gmsc,lightgbm,16,NumberOfTime60-89DaysPastDueNotWorse,relative_plus_5,0.05,0.0,0.05,0.4795715640243079,0.7311897322677268,0.25161816824341887,0.25161816824341887,0,1,1,-1
gmsc,lightgbm,17,NumberOfTime60-89DaysPastDueNotWorse,relative_plus_5,0.05,0.0,0.05,0.10036173784291944,0.3397273991304133,0.23936566128749384,0.23936566128749384,0,0,0,-1
gmsc,lightgbm,18,NumberOfTime60-89DaysPastDueNotWorse,relative_plus_5,0.05,0.0,0.05,0.4332396231850946,0.7334247098290648,0.3001850866439702,0.3001850866439702,0,1,1,-1
gmsc,lightgbm,19,NumberOfTime60-89DaysPastDueNotWorse,relative_plus_5,0.05,0.0,0.05,0.20706517488791176,0.5614289307927434,0.3543637559048316,0.3543637559048316,0,1,1,-1
gmsc,lightgbm,20,NumberOfTime60-89DaysPastDueNotWorse,relative_plus_5,0.05,0.0,0.05,0.05708612745116283,0.3479603270667995,0.2908741996156367,0.2908741996156367,0,0,0,-1
gmsc,lightgbm,21,NumberOfTime60-89DaysPastDueNotWorse,relative_plus_5,0.05,0.0,0.05,0.0755556455268635,0.4071011351098183,0.3315454895829548,0.3315454895829548,0,0,0,-1
gmsc,lightgbm,22,NumberOfTime60-89DaysPastDueNotWorse,relative_plus_5,0.05,0.0,0.05,0.05695935088858043,0.3780135048802817,0.32105415399170123,0.32105415399170123,0,0,0,-1
gmsc,lightgbm,23,NumberOfTime60-89DaysPastDueNotWorse,relative_plus_5,0.05,0.0,0.05,0.08889571164479391,0.4175563483342141,0.3286606366894202,0.3286606366894202,0,0,0,-1
gmsc,lightgbm,24,NumberOfTime60-89DaysPastDueNotWorse,relative_plus_5,0.05,0.0,0.05,0.03569402945373115,0.36114510551959633,0.3254510760658652,0.3254510760658652,0,0,0,-1
gmsc,lightgbm,25,NumberOfTime60-89DaysPastDueNotWorse,relative_plus_5,0.05,0.0,0.05,0.485195355176274,0.7803964175675666,0.2952010623912926,0.2952010623912926,0,1,1,-1
gmsc,lightgbm,26,NumberOfTime60-89DaysPastDueNotWorse,relative_plus_5,0.05,0.0,0.05,0.4690330102001808,0.7787354166113168,0.30970240641113606,0.30970240641113606,0,1,1,-1
gmsc,lightgbm,27,NumberOfTime60-89DaysPastDueNotWorse,relative_plus_5,0.05,0.0,0.05,0.15310886136230434,0.611087377908746,0.45797851654644167,0.45797851654644167,0,1,1,-1
gmsc,lightgbm,28,NumberOfTime60-89DaysPastDueNotWorse,relative_plus_5,0.05,0.0,0.05,0.24706706865061875,0.6931276921634086,0.44606062351278986,0.44606062351278986,0,1,1,-1
gmsc,lightgbm,29,NumberOfTime60-89DaysPastDueNotWorse,relative_plus_5,0.05,0.0,0.05,0.07280429517617616,0.45828617009369255,0.3854818749175164,0.3854818749175164,0,0,0,-1
gmsc,lightgbm,30,NumberOfTime60-89DaysPastDueNotWorse,relative_plus_5,0.05,0.0,0.05,0.2669688028729123,0.6359989283592539,0.36903012548634156,0.36903012548634156,0,1,1,-1
gmsc,lightgbm,31,NumberOfTime60-89DaysPastDueNotWorse,relative_plus_5,0.05,0.0,0.05,0.16812286485697317,0.47647240550562314,0.30834954064864994,0.30834954064864994,0,0,0,-1
gmsc,lightgbm,32,NumberOfTime60-89DaysPastDueNotWorse,relative_plus_5,0.05,0.0,0.05,0.1358222660255187,0.5729997440467587,0.43717747802123996,0.43717747802123996,0,1,1,-1
gmsc,lightgbm,33,NumberOfTime60-89DaysPastDueNotWorse,relative_plus_5,0.05,0.0,0.05,0.0907121359558535,0.5049137587776953,0.4142016228218418,0.4142016228218418,0,1,1,-1
gmsc,lightgbm,34,NumberOfTime60-89DaysPastDueNotWorse,relative_plus_5,0.05,0.0,0.05,0.5887765630991544,0.7719443210110374,0.183167757911883,0.183167757911883,1,1,0,-1
gmsc,lightgbm,35,NumberOfTime60-89DaysPastDueNotWorse,relative_plus_5,0.05,0.0,0.05,0.7686376306323768,0.8676422026355103,0.0990045720031335,0.0990045720031335,1,1,0,-1
gmsc,lightgbm,36,NumberOfTime60-89DaysPastDueNotWorse,relative_plus_5,0.05,0.0,0.05,0.20383228110756807,0.6176527225138166,0.4138204414062486,0.4138204414062486,0,1,1,-1
gmsc,lightgbm,37,NumberOfTime60-89DaysPastDueNotWorse,relative_plus_5,0.05,0.0,0.05,0.36583164209666225,0.7370352526477477,0.37120361055108547,0.37120361055108547,0,1,1,-1
gmsc,lightgbm,38,NumberOfTime60-89DaysPastDueNotWorse,relative_plus_5,0.05,0.0,0.05,0.25782269826496373,0.6699456132423296,0.41212291497736586,0.41212291497736586,0,1,1,-1
gmsc,lightgbm,39,NumberOfTime60-89DaysPastDueNotWorse,relative_plus_5,0.05,0.0,0.05,0.35851671570275906,0.658699780297665,0.3001830645949059,0.3001830645949059,0,1,1,-1
gmsc,lightgbm,40,NumberOfTime60-89DaysPastDueNotWorse,relative_plus_5,0.05,0.0,0.05,0.15809809532716768,0.6152192662600318,0.4571211709328641,0.4571211709328641,0,1,1,-1
gmsc,lightgbm,41,NumberOfTime60-89DaysPastDueNotWorse,relative_plus_5,0.05,0.0,0.05,0.17767130123412736,0.5080224835849496,0.3303511823508223,0.3303511823508223,0,1,1,-1
gmsc,lightgbm,42,NumberOfTime60-89DaysPastDueNotWorse,relative_plus_5,0.05,0.0,0.05,0.13142576347451704,0.49551160872304917,0.36408584524853216,0.36408584524853216,0,0,0,-1
gmsc,lightgbm,43,NumberOfTime60-89DaysPastDueNotWorse,relative_plus_5,0.05,0.0,0.05,0.5220123045323535,0.8214311303769989,0.2994188258446454,0.2994188258446454,1,1,0,-1
gmsc,lightgbm,44,NumberOfTime60-89DaysPastDueNotWorse,relative_plus_5,0.05,0.0,0.05,0.10248475676544401,0.4641414359508352,0.3616566791853912,0.3616566791853912,0,0,0,-1
gmsc,lightgbm,45,NumberOfTime60-89DaysPastDueNotWorse,relative_plus_5,0.05,0.0,0.05,0.134509615497707,0.5369722689558729,0.4024626534581659,0.4024626534581659,0,1,1,-1
gmsc,lightgbm,46,NumberOfTime60-89DaysPastDueNotWorse,relative_plus_5,0.05,0.0,0.05,0.24542503658751236,0.7014401837049169,0.45601514711740454,0.45601514711740454,0,1,1,-1
gmsc,lightgbm,47,NumberOfTime60-89DaysPastDueNotWorse,relative_plus_5,0.05,0.0,0.05,0.06429004529354826,0.46744402300884236,0.4031539777152941,0.4031539777152941,0,0,0,-1
gmsc,lightgbm,48,NumberOfTime60-89DaysPastDueNotWorse,relative_plus_5,0.05,0.0,0.05,0.08494795229441349,0.31571237783936423,0.23076442554495075,0.23076442554495075,0,0,0,-1
gmsc,lightgbm,49,NumberOfTime60-89DaysPastDueNotWorse,relative_plus_5,0.05,0.0,0.05,0.032964158323007746,0.3343779327806187,0.301413774457611,0.301413774457611,0,0,0,-1
gmsc,lightgbm,50,NumberOfTime60-89DaysPastDueNotWorse,relative_plus_5,0.05,0.0,0.05,0.15598569074603788,0.6501251418322103,0.4941394510861724,0.4941394510861724,0,1,1,-1
gmsc,lightgbm,51,NumberOfTime60-89DaysPastDueNotWorse,relative_plus_5,0.05,0.0,0.05,0.2427114365476945,0.6126728821173207,0.36996144556962623,0.36996144556962623,0,1,1,-1
gmsc,lightgbm,52,NumberOfTime60-89DaysPastDueNotWorse,relative_plus_5,0.05,0.0,0.05,0.04278071258564872,0.2650639194897564,0.22228320690410766,0.22228320690410766,0,0,0,-1
gmsc,lightgbm,53,NumberOfTime60-89DaysPastDueNotWorse,relative_plus_5,0.05,1.0,1.05,0.8459631804707949,0.8459631804707949,0.0,0.0,1,1,0,-1
gmsc,lightgbm,54,NumberOfTime60-89DaysPastDueNotWorse,relative_plus_5,0.05,2.0,2.1,0.9585025696211499,0.9585025696211499,0.0,0.0,1,1,0,-1
gmsc,lightgbm,55,NumberOfTime60-89DaysPastDueNotWorse,relative_plus_5,0.05,0.0,0.05,0.05240087287788092,0.2592992183203472,0.20689834544246627,0.20689834544246627,0,0,0,-1
gmsc,lightgbm,56,NumberOfTime60-89DaysPastDueNotWorse,relative_plus_5,0.05,0.0,0.05,0.16633030838518062,0.6144093407806158,0.44807903239543523,0.44807903239543523,0,1,1,-1
gmsc,lightgbm,57,NumberOfTime60-89DaysPastDueNotWorse,relative_plus_5,0.05,0.0,0.05,0.5855679032449771,0.8362740797376809,0.25070617649270377,0.25070617649270377,1,1,0,-1
gmsc,lightgbm,58,NumberOfTime60-89DaysPastDueNotWorse,relative_plus_5,0.05,0.0,0.05,0.7120052536243187,0.8641811196041931,0.15217586597987443,0.15217586597987443,1,1,0,-1
gmsc,lightgbm,59,NumberOfTime60-89DaysPastDueNotWorse,relative_plus_5,0.05,0.0,0.05,0.6081127081916137,0.8487804471120527,0.24066773892043902,0.24066773892043902,1,1,0,-1
gmsc,lightgbm,60,NumberOfTime60-89DaysPastDueNotWorse,relative_plus_5,0.05,0.0,0.05,0.19907747746451288,0.6310092735606568,0.43193179609614396,0.43193179609614396,0,1,1,-1
gmsc,lightgbm,61,NumberOfTime60-89DaysPastDueNotWorse,relative_plus_5,0.05,0.0,0.05,0.3321226038071093,0.6913205479317343,0.35919794412462497,0.35919794412462497,0,1,1,-1
gmsc,lightgbm,62,NumberOfTime60-89DaysPastDueNotWorse,relative_plus_5,0.05,0.0,0.05,0.49700932793678176,0.808363583728065,0.3113542557912833,0.3113542557912833,0,1,1,-1
gmsc,lightgbm,63,NumberOfTime60-89DaysPastDueNotWorse,relative_plus_5,0.05,0.0,0.05,0.07983838287755414,0.4246633735718656,0.3448249906943115,0.3448249906943115,0,0,0,-1
gmsc,lightgbm,64,NumberOfTime60-89DaysPastDueNotWorse,relative_plus_5,0.05,0.0,0.05,0.27572869286326523,0.6758428668184161,0.40011417395515086,0.40011417395515086,0,1,1,-1
gmsc,lightgbm,65,NumberOfTime60-89DaysPastDueNotWorse,relative_plus_5,0.05,0.0,0.05,0.3901193599625518,0.6755337012937898,0.28541434133123794,0.28541434133123794,0,1,1,-1
gmsc,lightgbm,66,NumberOfTime60-89DaysPastDueNotWorse,relative_plus_5,0.05,0.0,0.05,0.14251343003654435,0.517931218474133,0.37541778843758866,0.37541778843758866,0,1,1,-1
gmsc,lightgbm,67,NumberOfTime60-89DaysPastDueNotWorse,relative_plus_5,0.05,0.0,0.05,0.42152422623564395,0.7555130356270036,0.3339888093913596,0.3339888093913596,0,1,1,-1
gmsc,lightgbm,68,NumberOfTime60-89DaysPastDueNotWorse,relative_plus_5,0.05,0.0,0.05,0.1212328971978392,0.5249977919185145,0.4037648947206753,0.4037648947206753,0,1,1,-1
gmsc,lightgbm,69,NumberOfTime60-89DaysPastDueNotWorse,relative_plus_5,0.05,0.0,0.05,0.5620282234727743,0.8048178741958343,0.24278965072306002,0.24278965072306002,1,1,0,-1
gmsc,lightgbm,70,NumberOfTime60-89DaysPastDueNotWorse,relative_plus_5,0.05,0.0,0.05,0.4264114501848385,0.7042189520348252,0.2778075018499867,0.2778075018499867,0,1,1,-1
gmsc,lightgbm,71,NumberOfTime60-89DaysPastDueNotWorse,relative_plus_5,0.05,0.0,0.05,0.11528535367529104,0.3476005188382193,0.23231516516292827,0.23231516516292827,0,0,0,-1
gmsc,lightgbm,72,NumberOfTime60-89DaysPastDueNotWorse,relative_plus_5,0.05,0.0,0.05,0.18694209170398213,0.5672827982220765,0.3803407065180944,0.3803407065180944,0,1,1,-1
gmsc,lightgbm,73,NumberOfTime60-89DaysPastDueNotWorse,relative_plus_5,0.05,0.0,0.05,0.4189962251498132,0.706299501712748,0.2873032765629348,0.2873032765629348,0,1,1,-1
gmsc,lightgbm,74,NumberOfTime60-89DaysPastDueNotWorse,relative_plus_5,0.05,0.0,0.05,0.210992213581658,0.6376860065904175,0.42669379300875954,0.42669379300875954,0,1,1,-1
gmsc,lightgbm,75,NumberOfTime60-89DaysPastDueNotWorse,relative_plus_5,0.05,0.0,0.05,0.5342256118004257,0.8370835667615796,0.30285795496115386,0.30285795496115386,1,1,0,-1
gmsc,lightgbm,76,NumberOfTime60-89DaysPastDueNotWorse,relative_plus_5,0.05,0.0,0.05,0.14869088239886066,0.6240843117915176,0.47539342939265694,0.47539342939265694,0,1,1,-1
gmsc,lightgbm,77,NumberOfTime60-89DaysPastDueNotWorse,relative_plus_5,0.05,0.0,0.05,0.06703174942227336,0.456466341555051,0.38943459213277765,0.38943459213277765,0,0,0,-1
gmsc,lightgbm,78,NumberOfTime60-89DaysPastDueNotWorse,relative_plus_5,0.05,0.0,0.05,0.06266917697987844,0.30911167097015396,0.2464424939902755,0.2464424939902755,0,0,0,-1
gmsc,lightgbm,79,NumberOfTime60-89DaysPastDueNotWorse,relative_plus_5,0.05,0.0,0.05,0.3139529328389652,0.6539191264184722,0.33996619357950697,0.33996619357950697,0,1,1,-1
gmsc,lightgbm,80,NumberOfTime60-89DaysPastDueNotWorse,relative_plus_5,0.05,0.0,0.05,0.13302830629350945,0.5738123234997559,0.4407840172062464,0.4407840172062464,0,1,1,-1
gmsc,lightgbm,81,NumberOfTime60-89DaysPastDueNotWorse,relative_plus_5,0.05,0.0,0.05,0.1610671025822026,0.5502561501080189,0.3891890475258163,0.3891890475258163,0,1,1,-1
gmsc,lightgbm,82,NumberOfTime60-89DaysPastDueNotWorse,relative_plus_5,0.05,0.0,0.05,0.39361810976909195,0.718789701923588,0.3251715921544961,0.3251715921544961,0,1,1,-1
gmsc,lightgbm,83,NumberOfTime60-89DaysPastDueNotWorse,relative_plus_5,0.05,0.0,0.05,0.07356231072502029,0.42383163724646383,0.35026932652144355,0.35026932652144355,0,0,0,-1
gmsc,lightgbm,84,NumberOfTime60-89DaysPastDueNotWorse,relative_plus_5,0.05,0.0,0.05,0.6471402060773409,0.8727270725312081,0.22558686645386716,0.22558686645386716,1,1,0,-1
gmsc,lightgbm,85,NumberOfTime60-89DaysPastDueNotWorse,relative_plus_5,0.05,0.0,0.05,0.06895634900657907,0.47646328167020296,0.4075069326636239,0.4075069326636239,0,0,0,-1
gmsc,lightgbm,86,NumberOfTime60-89DaysPastDueNotWorse,relative_plus_5,0.05,0.0,0.05,0.11410528051242601,0.4704389867816042,0.35633370626917815,0.35633370626917815,0,0,0,-1
gmsc,lightgbm,87,NumberOfTime60-89DaysPastDueNotWorse,relative_plus_5,0.05,0.0,0.05,0.1006092467906027,0.35554695868949354,0.25493771189889086,0.25493771189889086,0,0,0,-1
gmsc,lightgbm,88,NumberOfTime60-89DaysPastDueNotWorse,relative_plus_5,0.05,0.0,0.05,0.126512958826711,0.300995778374068,0.174482819547357,0.174482819547357,0,0,0,-1
gmsc,lightgbm,89,NumberOfTime60-89DaysPastDueNotWorse,relative_plus_5,0.05,0.0,0.05,0.3522704795855978,0.6929058383952056,0.34063535880960777,0.34063535880960777,0,1,1,-1
gmsc,lightgbm,90,NumberOfTime60-89DaysPastDueNotWorse,relative_plus_5,0.05,0.0,0.05,0.04106193866788959,0.33873213038792604,0.29767019172003645,0.29767019172003645,0,0,0,-1
gmsc,lightgbm,91,NumberOfTime60-89DaysPastDueNotWorse,relative_plus_5,0.05,0.0,0.05,0.15372114734573783,0.5201277495398146,0.3664066021940767,0.3664066021940767,0,1,1,-1
gmsc,lightgbm,92,NumberOfTime60-89DaysPastDueNotWorse,relative_plus_5,0.05,0.0,0.05,0.06485095205727061,0.3579077190532225,0.2930567669959519,0.2930567669959519,0,0,0,-1
gmsc,lightgbm,93,NumberOfTime60-89DaysPastDueNotWorse,relative_plus_5,0.05,0.0,0.05,0.09924642147480602,0.3593925645578054,0.2601461430829994,0.2601461430829994,0,0,0,-1
gmsc,lightgbm,94,NumberOfTime60-89DaysPastDueNotWorse,relative_plus_5,0.05,0.0,0.05,0.16680920152776404,0.6880840286075385,0.5212748270797745,0.5212748270797745,0,1,1,-1
gmsc,lightgbm,95,NumberOfTime60-89DaysPastDueNotWorse,relative_plus_5,0.05,0.0,0.05,0.21924410434064803,0.5689875601011593,0.34974345576051125,0.34974345576051125,0,1,1,-1
gmsc,lightgbm,96,NumberOfTime60-89DaysPastDueNotWorse,relative_plus_5,0.05,0.0,0.05,0.1131618927406001,0.5549855187342138,0.4418236259936137,0.4418236259936137,0,1,1,-1
gmsc,lightgbm,97,NumberOfTime60-89DaysPastDueNotWorse,relative_plus_5,0.05,0.0,0.05,0.10806143941846993,0.38361650163827377,0.27555506221980386,0.27555506221980386,0,0,0,-1
gmsc,lightgbm,98,NumberOfTime60-89DaysPastDueNotWorse,relative_plus_5,0.05,0.0,0.05,0.4053784379973068,0.7550007477435265,0.3496223097462198,0.3496223097462198,0,1,1,-1
gmsc,lightgbm,99,NumberOfTime60-89DaysPastDueNotWorse,relative_plus_5,0.05,1.0,1.05,0.9052932427250325,0.9052932427250325,0.0,0.0,1,1,0,-1
gmsc,lightgbm,0,NumberOfTime60-89DaysPastDueNotWorse,relative_minus_10,-0.1,0.0,0.1,0.09051292759777842,0.4715010857765248,0.38098815817874637,0.38098815817874637,0,0,0,-1
gmsc,lightgbm,1,NumberOfTime60-89DaysPastDueNotWorse,relative_minus_10,-0.1,0.0,0.1,0.07432795724364831,0.40558776310832517,0.33125980586467685,0.33125980586467685,0,0,0,-1
gmsc,lightgbm,2,NumberOfTime60-89DaysPastDueNotWorse,relative_minus_10,-0.1,0.0,0.1,0.056660675741342766,0.33467819633652973,0.278017520595187,0.278017520595187,0,0,0,-1
gmsc,lightgbm,3,NumberOfTime60-89DaysPastDueNotWorse,relative_minus_10,-0.1,0.0,0.1,0.286464202572455,0.580333214913672,0.293869012341217,0.293869012341217,0,1,1,-1
gmsc,lightgbm,4,NumberOfTime60-89DaysPastDueNotWorse,relative_minus_10,-0.1,0.0,0.1,0.10238192900656183,0.49061838793968543,0.3882364589331236,0.3882364589331236,0,0,0,-1
gmsc,lightgbm,5,NumberOfTime60-89DaysPastDueNotWorse,relative_minus_10,-0.1,0.0,0.1,0.18604525641874214,0.562363783039952,0.3763185266212099,0.3763185266212099,0,1,1,-1
gmsc,lightgbm,6,NumberOfTime60-89DaysPastDueNotWorse,relative_minus_10,-0.1,0.0,0.1,0.23797486099678064,0.6044617719836162,0.3664869109868355,0.3664869109868355,0,1,1,-1
gmsc,lightgbm,7,NumberOfTime60-89DaysPastDueNotWorse,relative_minus_10,-0.1,0.0,0.1,0.1952165672674782,0.5867442841391203,0.39152771687164206,0.39152771687164206,0,1,1,-1
gmsc,lightgbm,8,NumberOfTime60-89DaysPastDueNotWorse,relative_minus_10,-0.1,0.0,0.1,0.1354653526779545,0.5773732608106823,0.4419079081327278,0.4419079081327278,0,1,1,-1
gmsc,lightgbm,9,NumberOfTime60-89DaysPastDueNotWorse,relative_minus_10,-0.1,0.0,0.1,0.4085309008746626,0.7556755180344032,0.34714461715974065,0.34714461715974065,0,1,1,-1
gmsc,lightgbm,10,NumberOfTime60-89DaysPastDueNotWorse,relative_minus_10,-0.1,0.0,0.1,0.4151340630771105,0.7552079067327994,0.3400738436556889,0.3400738436556889,0,1,1,-1
gmsc,lightgbm,11,NumberOfTime60-89DaysPastDueNotWorse,relative_minus_10,-0.1,0.0,0.1,0.2344419755121663,0.571830661388503,0.33738868587633675,0.33738868587633675,0,1,1,-1
gmsc,lightgbm,12,NumberOfTime60-89DaysPastDueNotWorse,relative_minus_10,-0.1,0.0,0.1,0.04156783494420435,0.26112998437349494,0.2195621494292906,0.2195621494292906,0,0,0,-1
gmsc,lightgbm,13,NumberOfTime60-89DaysPastDueNotWorse,relative_minus_10,-0.1,0.0,0.1,0.8781305200687587,0.9353597900281674,0.05722926995940869,0.05722926995940869,1,1,0,-1
gmsc,lightgbm,14,NumberOfTime60-89DaysPastDueNotWorse,relative_minus_10,-0.1,0.0,0.1,0.30318348670534856,0.6833898501721392,0.3802063634667906,0.3802063634667906,0,1,1,-1
gmsc,lightgbm,15,NumberOfTime60-89DaysPastDueNotWorse,relative_minus_10,-0.1,0.0,0.1,0.27986218783007943,0.6265313555343345,0.34666916770425504,0.34666916770425504,0,1,1,-1
gmsc,lightgbm,16,NumberOfTime60-89DaysPastDueNotWorse,relative_minus_10,-0.1,0.0,0.1,0.4795715640243079,0.7311897322677268,0.25161816824341887,0.25161816824341887,0,1,1,-1
gmsc,lightgbm,17,NumberOfTime60-89DaysPastDueNotWorse,relative_minus_10,-0.1,0.0,0.1,0.10036173784291944,0.3397273991304133,0.23936566128749384,0.23936566128749384,0,0,0,-1
gmsc,lightgbm,18,NumberOfTime60-89DaysPastDueNotWorse,relative_minus_10,-0.1,0.0,0.1,0.4332396231850946,0.7334247098290648,0.3001850866439702,0.3001850866439702,0,1,1,-1
gmsc,lightgbm,19,NumberOfTime60-89DaysPastDueNotWorse,relative_minus_10,-0.1,0.0,0.1,0.20706517488791176,0.5614289307927434,0.3543637559048316,0.3543637559048316,0,1,1,-1
gmsc,lightgbm,20,NumberOfTime60-89DaysPastDueNotWorse,relative_minus_10,-0.1,0.0,0.1,0.05708612745116283,0.3479603270667995,0.2908741996156367,0.2908741996156367,0,0,0,-1
gmsc,lightgbm,21,NumberOfTime60-89DaysPastDueNotWorse,relative_minus_10,-0.1,0.0,0.1,0.0755556455268635,0.4071011351098183,0.3315454895829548,0.3315454895829548,0,0,0,-1
gmsc,lightgbm,22,NumberOfTime60-89DaysPastDueNotWorse,relative_minus_10,-0.1,0.0,0.1,0.05695935088858043,0.3780135048802817,0.32105415399170123,0.32105415399170123,0,0,0,-1
gmsc,lightgbm,23,NumberOfTime60-89DaysPastDueNotWorse,relative_minus_10,-0.1,0.0,0.1,0.08889571164479391,0.4175563483342141,0.3286606366894202,0.3286606366894202,0,0,0,-1
gmsc,lightgbm,24,NumberOfTime60-89DaysPastDueNotWorse,relative_minus_10,-0.1,0.0,0.1,0.03569402945373115,0.36114510551959633,0.3254510760658652,0.3254510760658652,0,0,0,-1
gmsc,lightgbm,25,NumberOfTime60-89DaysPastDueNotWorse,relative_minus_10,-0.1,0.0,0.1,0.485195355176274,0.7803964175675666,0.2952010623912926,0.2952010623912926,0,1,1,-1
gmsc,lightgbm,26,NumberOfTime60-89DaysPastDueNotWorse,relative_minus_10,-0.1,0.0,0.1,0.4690330102001808,0.7787354166113168,0.30970240641113606,0.30970240641113606,0,1,1,-1
gmsc,lightgbm,27,NumberOfTime60-89DaysPastDueNotWorse,relative_minus_10,-0.1,0.0,0.1,0.15310886136230434,0.611087377908746,0.45797851654644167,0.45797851654644167,0,1,1,-1
gmsc,lightgbm,28,NumberOfTime60-89DaysPastDueNotWorse,relative_minus_10,-0.1,0.0,0.1,0.24706706865061875,0.6931276921634086,0.44606062351278986,0.44606062351278986,0,1,1,-1
gmsc,lightgbm,29,NumberOfTime60-89DaysPastDueNotWorse,relative_minus_10,-0.1,0.0,0.1,0.07280429517617616,0.45828617009369255,0.3854818749175164,0.3854818749175164,0,0,0,-1
gmsc,lightgbm,30,NumberOfTime60-89DaysPastDueNotWorse,relative_minus_10,-0.1,0.0,0.1,0.2669688028729123,0.6359989283592539,0.36903012548634156,0.36903012548634156,0,1,1,-1
gmsc,lightgbm,31,NumberOfTime60-89DaysPastDueNotWorse,relative_minus_10,-0.1,0.0,0.1,0.16812286485697317,0.47647240550562314,0.30834954064864994,0.30834954064864994,0,0,0,-1
gmsc,lightgbm,32,NumberOfTime60-89DaysPastDueNotWorse,relative_minus_10,-0.1,0.0,0.1,0.1358222660255187,0.5729997440467587,0.43717747802123996,0.43717747802123996,0,1,1,-1
gmsc,lightgbm,33,NumberOfTime60-89DaysPastDueNotWorse,relative_minus_10,-0.1,0.0,0.1,0.0907121359558535,0.5049137587776953,0.4142016228218418,0.4142016228218418,0,1,1,-1
gmsc,lightgbm,34,NumberOfTime60-89DaysPastDueNotWorse,relative_minus_10,-0.1,0.0,0.1,0.5887765630991544,0.7719443210110374,0.183167757911883,0.183167757911883,1,1,0,-1
gmsc,lightgbm,35,NumberOfTime60-89DaysPastDueNotWorse,relative_minus_10,-0.1,0.0,0.1,0.7686376306323768,0.8676422026355103,0.0990045720031335,0.0990045720031335,1,1,0,-1
gmsc,lightgbm,36,NumberOfTime60-89DaysPastDueNotWorse,relative_minus_10,-0.1,0.0,0.1,0.20383228110756807,0.6176527225138166,0.4138204414062486,0.4138204414062486,0,1,1,-1
gmsc,lightgbm,37,NumberOfTime60-89DaysPastDueNotWorse,relative_minus_10,-0.1,0.0,0.1,0.36583164209666225,0.7370352526477477,0.37120361055108547,0.37120361055108547,0,1,1,-1
gmsc,lightgbm,38,NumberOfTime60-89DaysPastDueNotWorse,relative_minus_10,-0.1,0.0,0.1,0.25782269826496373,0.6699456132423296,0.41212291497736586,0.41212291497736586,0,1,1,-1
gmsc,lightgbm,39,NumberOfTime60-89DaysPastDueNotWorse,relative_minus_10,-0.1,0.0,0.1,0.35851671570275906,0.658699780297665,0.3001830645949059,0.3001830645949059,0,1,1,-1
gmsc,lightgbm,40,NumberOfTime60-89DaysPastDueNotWorse,relative_minus_10,-0.1,0.0,0.1,0.15809809532716768,0.6152192662600318,0.4571211709328641,0.4571211709328641,0,1,1,-1
gmsc,lightgbm,41,NumberOfTime60-89DaysPastDueNotWorse,relative_minus_10,-0.1,0.0,0.1,0.17767130123412736,0.5080224835849496,0.3303511823508223,0.3303511823508223,0,1,1,-1
gmsc,lightgbm,42,NumberOfTime60-89DaysPastDueNotWorse,relative_minus_10,-0.1,0.0,0.1,0.13142576347451704,0.49551160872304917,0.36408584524853216,0.36408584524853216,0,0,0,-1
gmsc,lightgbm,43,NumberOfTime60-89DaysPastDueNotWorse,relative_minus_10,-0.1,0.0,0.1,0.5220123045323535,0.8214311303769989,0.2994188258446454,0.2994188258446454,1,1,0,-1
gmsc,lightgbm,44,NumberOfTime60-89DaysPastDueNotWorse,relative_minus_10,-0.1,0.0,0.1,0.10248475676544401,0.4641414359508352,0.3616566791853912,0.3616566791853912,0,0,0,-1
gmsc,lightgbm,45,NumberOfTime60-89DaysPastDueNotWorse,relative_minus_10,-0.1,0.0,0.1,0.134509615497707,0.5369722689558729,0.4024626534581659,0.4024626534581659,0,1,1,-1
gmsc,lightgbm,46,NumberOfTime60-89DaysPastDueNotWorse,relative_minus_10,-0.1,0.0,0.1,0.24542503658751236,0.7014401837049169,0.45601514711740454,0.45601514711740454,0,1,1,-1
gmsc,lightgbm,47,NumberOfTime60-89DaysPastDueNotWorse,relative_minus_10,-0.1,0.0,0.1,0.06429004529354826,0.46744402300884236,0.4031539777152941,0.4031539777152941,0,0,0,-1
gmsc,lightgbm,48,NumberOfTime60-89DaysPastDueNotWorse,relative_minus_10,-0.1,0.0,0.1,0.08494795229441349,0.31571237783936423,0.23076442554495075,0.23076442554495075,0,0,0,-1
gmsc,lightgbm,49,NumberOfTime60-89DaysPastDueNotWorse,relative_minus_10,-0.1,0.0,0.1,0.032964158323007746,0.3343779327806187,0.301413774457611,0.301413774457611,0,0,0,-1
gmsc,lightgbm,50,NumberOfTime60-89DaysPastDueNotWorse,relative_minus_10,-0.1,0.0,0.1,0.15598569074603788,0.6501251418322103,0.4941394510861724,0.4941394510861724,0,1,1,-1
gmsc,lightgbm,51,NumberOfTime60-89DaysPastDueNotWorse,relative_minus_10,-0.1,0.0,0.1,0.2427114365476945,0.6126728821173207,0.36996144556962623,0.36996144556962623,0,1,1,-1
gmsc,lightgbm,52,NumberOfTime60-89DaysPastDueNotWorse,relative_minus_10,-0.1,0.0,0.1,0.04278071258564872,0.2650639194897564,0.22228320690410766,0.22228320690410766,0,0,0,-1
gmsc,lightgbm,53,NumberOfTime60-89DaysPastDueNotWorse,relative_minus_10,-0.1,1.0,1.1,0.8459631804707949,0.8459631804707949,0.0,0.0,1,1,0,-1
gmsc,lightgbm,54,NumberOfTime60-89DaysPastDueNotWorse,relative_minus_10,-0.1,2.0,2.2,0.9585025696211499,0.9585025696211499,0.0,0.0,1,1,0,-1
gmsc,lightgbm,55,NumberOfTime60-89DaysPastDueNotWorse,relative_minus_10,-0.1,0.0,0.1,0.05240087287788092,0.2592992183203472,0.20689834544246627,0.20689834544246627,0,0,0,-1
gmsc,lightgbm,56,NumberOfTime60-89DaysPastDueNotWorse,relative_minus_10,-0.1,0.0,0.1,0.16633030838518062,0.6144093407806158,0.44807903239543523,0.44807903239543523,0,1,1,-1
gmsc,lightgbm,57,NumberOfTime60-89DaysPastDueNotWorse,relative_minus_10,-0.1,0.0,0.1,0.5855679032449771,0.8362740797376809,0.25070617649270377,0.25070617649270377,1,1,0,-1
gmsc,lightgbm,58,NumberOfTime60-89DaysPastDueNotWorse,relative_minus_10,-0.1,0.0,0.1,0.7120052536243187,0.8641811196041931,0.15217586597987443,0.15217586597987443,1,1,0,-1
gmsc,lightgbm,59,NumberOfTime60-89DaysPastDueNotWorse,relative_minus_10,-0.1,0.0,0.1,0.6081127081916137,0.8487804471120527,0.24066773892043902,0.24066773892043902,1,1,0,-1
gmsc,lightgbm,60,NumberOfTime60-89DaysPastDueNotWorse,relative_minus_10,-0.1,0.0,0.1,0.19907747746451288,0.6310092735606568,0.43193179609614396,0.43193179609614396,0,1,1,-1
gmsc,lightgbm,61,NumberOfTime60-89DaysPastDueNotWorse,relative_minus_10,-0.1,0.0,0.1,0.3321226038071093,0.6913205479317343,0.35919794412462497,0.35919794412462497,0,1,1,-1
gmsc,lightgbm,62,NumberOfTime60-89DaysPastDueNotWorse,relative_minus_10,-0.1,0.0,0.1,0.49700932793678176,0.808363583728065,0.3113542557912833,0.3113542557912833,0,1,1,-1
gmsc,lightgbm,63,NumberOfTime60-89DaysPastDueNotWorse,relative_minus_10,-0.1,0.0,0.1,0.07983838287755414,0.4246633735718656,0.3448249906943115,0.3448249906943115,0,0,0,-1
gmsc,lightgbm,64,NumberOfTime60-89DaysPastDueNotWorse,relative_minus_10,-0.1,0.0,0.1,0.27572869286326523,0.6758428668184161,0.40011417395515086,0.40011417395515086,0,1,1,-1
gmsc,lightgbm,65,NumberOfTime60-89DaysPastDueNotWorse,relative_minus_10,-0.1,0.0,0.1,0.3901193599625518,0.6755337012937898,0.28541434133123794,0.28541434133123794,0,1,1,-1
gmsc,lightgbm,66,NumberOfTime60-89DaysPastDueNotWorse,relative_minus_10,-0.1,0.0,0.1,0.14251343003654435,0.517931218474133,0.37541778843758866,0.37541778843758866,0,1,1,-1
gmsc,lightgbm,67,NumberOfTime60-89DaysPastDueNotWorse,relative_minus_10,-0.1,0.0,0.1,0.42152422623564395,0.7555130356270036,0.3339888093913596,0.3339888093913596,0,1,1,-1
gmsc,lightgbm,68,NumberOfTime60-89DaysPastDueNotWorse,relative_minus_10,-0.1,0.0,0.1,0.1212328971978392,0.5249977919185145,0.4037648947206753,0.4037648947206753,0,1,1,-1
gmsc,lightgbm,69,NumberOfTime60-89DaysPastDueNotWorse,relative_minus_10,-0.1,0.0,0.1,0.5620282234727743,0.8048178741958343,0.24278965072306002,0.24278965072306002,1,1,0,-1
gmsc,lightgbm,70,NumberOfTime60-89DaysPastDueNotWorse,relative_minus_10,-0.1,0.0,0.1,0.4264114501848385,0.7042189520348252,0.2778075018499867,0.2778075018499867,0,1,1,-1
gmsc,lightgbm,71,NumberOfTime60-89DaysPastDueNotWorse,relative_minus_10,-0.1,0.0,0.1,0.11528535367529104,0.3476005188382193,0.23231516516292827,0.23231516516292827,0,0,0,-1
gmsc,lightgbm,72,NumberOfTime60-89DaysPastDueNotWorse,relative_minus_10,-0.1,0.0,0.1,0.18694209170398213,0.5672827982220765,0.3803407065180944,0.3803407065180944,0,1,1,-1
gmsc,lightgbm,73,NumberOfTime60-89DaysPastDueNotWorse,relative_minus_10,-0.1,0.0,0.1,0.4189962251498132,0.706299501712748,0.2873032765629348,0.2873032765629348,0,1,1,-1
gmsc,lightgbm,74,NumberOfTime60-89DaysPastDueNotWorse,relative_minus_10,-0.1,0.0,0.1,0.210992213581658,0.6376860065904175,0.42669379300875954,0.42669379300875954,0,1,1,-1
gmsc,lightgbm,75,NumberOfTime60-89DaysPastDueNotWorse,relative_minus_10,-0.1,0.0,0.1,0.5342256118004257,0.8370835667615796,0.30285795496115386,0.30285795496115386,1,1,0,-1
gmsc,lightgbm,76,NumberOfTime60-89DaysPastDueNotWorse,relative_minus_10,-0.1,0.0,0.1,0.14869088239886066,0.6240843117915176,0.47539342939265694,0.47539342939265694,0,1,1,-1
gmsc,lightgbm,77,NumberOfTime60-89DaysPastDueNotWorse,relative_minus_10,-0.1,0.0,0.1,0.06703174942227336,0.456466341555051,0.38943459213277765,0.38943459213277765,0,0,0,-1
gmsc,lightgbm,78,NumberOfTime60-89DaysPastDueNotWorse,relative_minus_10,-0.1,0.0,0.1,0.06266917697987844,0.30911167097015396,0.2464424939902755,0.2464424939902755,0,0,0,-1
gmsc,lightgbm,79,NumberOfTime60-89DaysPastDueNotWorse,relative_minus_10,-0.1,0.0,0.1,0.3139529328389652,0.6539191264184722,0.33996619357950697,0.33996619357950697,0,1,1,-1
gmsc,lightgbm,80,NumberOfTime60-89DaysPastDueNotWorse,relative_minus_10,-0.1,0.0,0.1,0.13302830629350945,0.5738123234997559,0.4407840172062464,0.4407840172062464,0,1,1,-1
gmsc,lightgbm,81,NumberOfTime60-89DaysPastDueNotWorse,relative_minus_10,-0.1,0.0,0.1,0.1610671025822026,0.5502561501080189,0.3891890475258163,0.3891890475258163,0,1,1,-1
gmsc,lightgbm,82,NumberOfTime60-89DaysPastDueNotWorse,relative_minus_10,-0.1,0.0,0.1,0.39361810976909195,0.718789701923588,0.3251715921544961,0.3251715921544961,0,1,1,-1
gmsc,lightgbm,83,NumberOfTime60-89DaysPastDueNotWorse,relative_minus_10,-0.1,0.0,0.1,0.07356231072502029,0.42383163724646383,0.35026932652144355,0.35026932652144355,0,0,0,-1
gmsc,lightgbm,84,NumberOfTime60-89DaysPastDueNotWorse,relative_minus_10,-0.1,0.0,0.1,0.6471402060773409,0.8727270725312081,0.22558686645386716,0.22558686645386716,1,1,0,-1
gmsc,lightgbm,85,NumberOfTime60-89DaysPastDueNotWorse,relative_minus_10,-0.1,0.0,0.1,0.06895634900657907,0.47646328167020296,0.4075069326636239,0.4075069326636239,0,0,0,-1
gmsc,lightgbm,86,NumberOfTime60-89DaysPastDueNotWorse,relative_minus_10,-0.1,0.0,0.1,0.11410528051242601,0.4704389867816042,0.35633370626917815,0.35633370626917815,0,0,0,-1
gmsc,lightgbm,87,NumberOfTime60-89DaysPastDueNotWorse,relative_minus_10,-0.1,0.0,0.1,0.1006092467906027,0.35554695868949354,0.25493771189889086,0.25493771189889086,0,0,0,-1
gmsc,lightgbm,88,NumberOfTime60-89DaysPastDueNotWorse,relative_minus_10,-0.1,0.0,0.1,0.126512958826711,0.300995778374068,0.174482819547357,0.174482819547357,0,0,0,-1
gmsc,lightgbm,89,NumberOfTime60-89DaysPastDueNotWorse,relative_minus_10,-0.1,0.0,0.1,0.3522704795855978,0.6929058383952056,0.34063535880960777,0.34063535880960777,0,1,1,-1
gmsc,lightgbm,90,NumberOfTime60-89DaysPastDueNotWorse,relative_minus_10,-0.1,0.0,0.1,0.04106193866788959,0.33873213038792604,0.29767019172003645,0.29767019172003645,0,0,0,-1
gmsc,lightgbm,91,NumberOfTime60-89DaysPastDueNotWorse,relative_minus_10,-0.1,0.0,0.1,0.15372114734573783,0.5201277495398146,0.3664066021940767,0.3664066021940767,0,1,1,-1
gmsc,lightgbm,92,NumberOfTime60-89DaysPastDueNotWorse,relative_minus_10,-0.1,0.0,0.1,0.06485095205727061,0.3579077190532225,0.2930567669959519,0.2930567669959519,0,0,0,-1
gmsc,lightgbm,93,NumberOfTime60-89DaysPastDueNotWorse,relative_minus_10,-0.1,0.0,0.1,0.09924642147480602,0.3593925645578054,0.2601461430829994,0.2601461430829994,0,0,0,-1
gmsc,lightgbm,94,NumberOfTime60-89DaysPastDueNotWorse,relative_minus_10,-0.1,0.0,0.1,0.16680920152776404,0.6880840286075385,0.5212748270797745,0.5212748270797745,0,1,1,-1
gmsc,lightgbm,95,NumberOfTime60-89DaysPastDueNotWorse,relative_minus_10,-0.1,0.0,0.1,0.21924410434064803,0.5689875601011593,0.34974345576051125,0.34974345576051125,0,1,1,-1
gmsc,lightgbm,96,NumberOfTime60-89DaysPastDueNotWorse,relative_minus_10,-0.1,0.0,0.1,0.1131618927406001,0.5549855187342138,0.4418236259936137,0.4418236259936137,0,1,1,-1
gmsc,lightgbm,97,NumberOfTime60-89DaysPastDueNotWorse,relative_minus_10,-0.1,0.0,0.1,0.10806143941846993,0.38361650163827377,0.27555506221980386,0.27555506221980386,0,0,0,-1
gmsc,lightgbm,98,NumberOfTime60-89DaysPastDueNotWorse,relative_minus_10,-0.1,0.0,0.1,0.4053784379973068,0.7550007477435265,0.3496223097462198,0.3496223097462198,0,1,1,-1
gmsc,lightgbm,99,NumberOfTime60-89DaysPastDueNotWorse,relative_minus_10,-0.1,1.0,1.1,0.9052932427250325,0.9052932427250325,0.0,0.0,1,1,0,-1
gmsc,lightgbm,0,NumberOfTime60-89DaysPastDueNotWorse,relative_plus_10,0.1,0.0,0.1,0.09051292759777842,0.4715010857765248,0.38098815817874637,0.38098815817874637,0,0,0,-1
gmsc,lightgbm,1,NumberOfTime60-89DaysPastDueNotWorse,relative_plus_10,0.1,0.0,0.1,0.07432795724364831,0.40558776310832517,0.33125980586467685,0.33125980586467685,0,0,0,-1
gmsc,lightgbm,2,NumberOfTime60-89DaysPastDueNotWorse,relative_plus_10,0.1,0.0,0.1,0.056660675741342766,0.33467819633652973,0.278017520595187,0.278017520595187,0,0,0,-1
gmsc,lightgbm,3,NumberOfTime60-89DaysPastDueNotWorse,relative_plus_10,0.1,0.0,0.1,0.286464202572455,0.580333214913672,0.293869012341217,0.293869012341217,0,1,1,-1
gmsc,lightgbm,4,NumberOfTime60-89DaysPastDueNotWorse,relative_plus_10,0.1,0.0,0.1,0.10238192900656183,0.49061838793968543,0.3882364589331236,0.3882364589331236,0,0,0,-1
gmsc,lightgbm,5,NumberOfTime60-89DaysPastDueNotWorse,relative_plus_10,0.1,0.0,0.1,0.18604525641874214,0.562363783039952,0.3763185266212099,0.3763185266212099,0,1,1,-1
gmsc,lightgbm,6,NumberOfTime60-89DaysPastDueNotWorse,relative_plus_10,0.1,0.0,0.1,0.23797486099678064,0.6044617719836162,0.3664869109868355,0.3664869109868355,0,1,1,-1
gmsc,lightgbm,7,NumberOfTime60-89DaysPastDueNotWorse,relative_plus_10,0.1,0.0,0.1,0.1952165672674782,0.5867442841391203,0.39152771687164206,0.39152771687164206,0,1,1,-1
gmsc,lightgbm,8,NumberOfTime60-89DaysPastDueNotWorse,relative_plus_10,0.1,0.0,0.1,0.1354653526779545,0.5773732608106823,0.4419079081327278,0.4419079081327278,0,1,1,-1
gmsc,lightgbm,9,NumberOfTime60-89DaysPastDueNotWorse,relative_plus_10,0.1,0.0,0.1,0.4085309008746626,0.7556755180344032,0.34714461715974065,0.34714461715974065,0,1,1,-1
gmsc,lightgbm,10,NumberOfTime60-89DaysPastDueNotWorse,relative_plus_10,0.1,0.0,0.1,0.4151340630771105,0.7552079067327994,0.3400738436556889,0.3400738436556889,0,1,1,-1
gmsc,lightgbm,11,NumberOfTime60-89DaysPastDueNotWorse,relative_plus_10,0.1,0.0,0.1,0.2344419755121663,0.571830661388503,0.33738868587633675,0.33738868587633675,0,1,1,-1
gmsc,lightgbm,12,NumberOfTime60-89DaysPastDueNotWorse,relative_plus_10,0.1,0.0,0.1,0.04156783494420435,0.26112998437349494,0.2195621494292906,0.2195621494292906,0,0,0,-1
gmsc,lightgbm,13,NumberOfTime60-89DaysPastDueNotWorse,relative_plus_10,0.1,0.0,0.1,0.8781305200687587,0.9353597900281674,0.05722926995940869,0.05722926995940869,1,1,0,-1
gmsc,lightgbm,14,NumberOfTime60-89DaysPastDueNotWorse,relative_plus_10,0.1,0.0,0.1,0.30318348670534856,0.6833898501721392,0.3802063634667906,0.3802063634667906,0,1,1,-1
gmsc,lightgbm,15,NumberOfTime60-89DaysPastDueNotWorse,relative_plus_10,0.1,0.0,0.1,0.27986218783007943,0.6265313555343345,0.34666916770425504,0.34666916770425504,0,1,1,-1
gmsc,lightgbm,16,NumberOfTime60-89DaysPastDueNotWorse,relative_plus_10,0.1,0.0,0.1,0.4795715640243079,0.7311897322677268,0.25161816824341887,0.25161816824341887,0,1,1,-1
gmsc,lightgbm,17,NumberOfTime60-89DaysPastDueNotWorse,relative_plus_10,0.1,0.0,0.1,0.10036173784291944,0.3397273991304133,0.23936566128749384,0.23936566128749384,0,0,0,-1
gmsc,lightgbm,18,NumberOfTime60-89DaysPastDueNotWorse,relative_plus_10,0.1,0.0,0.1,0.4332396231850946,0.7334247098290648,0.3001850866439702,0.3001850866439702,0,1,1,-1
gmsc,lightgbm,19,NumberOfTime60-89DaysPastDueNotWorse,relative_plus_10,0.1,0.0,0.1,0.20706517488791176,0.5614289307927434,0.3543637559048316,0.3543637559048316,0,1,1,-1
gmsc,lightgbm,20,NumberOfTime60-89DaysPastDueNotWorse,relative_plus_10,0.1,0.0,0.1,0.05708612745116283,0.3479603270667995,0.2908741996156367,0.2908741996156367,0,0,0,-1
gmsc,lightgbm,21,NumberOfTime60-89DaysPastDueNotWorse,relative_plus_10,0.1,0.0,0.1,0.0755556455268635,0.4071011351098183,0.3315454895829548,0.3315454895829548,0,0,0,-1
gmsc,lightgbm,22,NumberOfTime60-89DaysPastDueNotWorse,relative_plus_10,0.1,0.0,0.1,0.05695935088858043,0.3780135048802817,0.32105415399170123,0.32105415399170123,0,0,0,-1
gmsc,lightgbm,23,NumberOfTime60-89DaysPastDueNotWorse,relative_plus_10,0.1,0.0,0.1,0.08889571164479391,0.4175563483342141,0.3286606366894202,0.3286606366894202,0,0,0,-1
gmsc,lightgbm,24,NumberOfTime60-89DaysPastDueNotWorse,relative_plus_10,0.1,0.0,0.1,0.03569402945373115,0.36114510551959633,0.3254510760658652,0.3254510760658652,0,0,0,-1
gmsc,lightgbm,25,NumberOfTime60-89DaysPastDueNotWorse,relative_plus_10,0.1,0.0,0.1,0.485195355176274,0.7803964175675666,0.2952010623912926,0.2952010623912926,0,1,1,-1
gmsc,lightgbm,26,NumberOfTime60-89DaysPastDueNotWorse,relative_plus_10,0.1,0.0,0.1,0.4690330102001808,0.7787354166113168,0.30970240641113606,0.30970240641113606,0,1,1,-1
gmsc,lightgbm,27,NumberOfTime60-89DaysPastDueNotWorse,relative_plus_10,0.1,0.0,0.1,0.15310886136230434,0.611087377908746,0.45797851654644167,0.45797851654644167,0,1,1,-1
gmsc,lightgbm,28,NumberOfTime60-89DaysPastDueNotWorse,relative_plus_10,0.1,0.0,0.1,0.24706706865061875,0.6931276921634086,0.44606062351278986,0.44606062351278986,0,1,1,-1
gmsc,lightgbm,29,NumberOfTime60-89DaysPastDueNotWorse,relative_plus_10,0.1,0.0,0.1,0.07280429517617616,0.45828617009369255,0.3854818749175164,0.3854818749175164,0,0,0,-1
gmsc,lightgbm,30,NumberOfTime60-89DaysPastDueNotWorse,relative_plus_10,0.1,0.0,0.1,0.2669688028729123,0.6359989283592539,0.36903012548634156,0.36903012548634156,0,1,1,-1
gmsc,lightgbm,31,NumberOfTime60-89DaysPastDueNotWorse,relative_plus_10,0.1,0.0,0.1,0.16812286485697317,0.47647240550562314,0.30834954064864994,0.30834954064864994,0,0,0,-1
gmsc,lightgbm,32,NumberOfTime60-89DaysPastDueNotWorse,relative_plus_10,0.1,0.0,0.1,0.1358222660255187,0.5729997440467587,0.43717747802123996,0.43717747802123996,0,1,1,-1
gmsc,lightgbm,33,NumberOfTime60-89DaysPastDueNotWorse,relative_plus_10,0.1,0.0,0.1,0.0907121359558535,0.5049137587776953,0.4142016228218418,0.4142016228218418,0,1,1,-1
gmsc,lightgbm,34,NumberOfTime60-89DaysPastDueNotWorse,relative_plus_10,0.1,0.0,0.1,0.5887765630991544,0.7719443210110374,0.183167757911883,0.183167757911883,1,1,0,-1
gmsc,lightgbm,35,NumberOfTime60-89DaysPastDueNotWorse,relative_plus_10,0.1,0.0,0.1,0.7686376306323768,0.8676422026355103,0.0990045720031335,0.0990045720031335,1,1,0,-1
gmsc,lightgbm,36,NumberOfTime60-89DaysPastDueNotWorse,relative_plus_10,0.1,0.0,0.1,0.20383228110756807,0.6176527225138166,0.4138204414062486,0.4138204414062486,0,1,1,-1
gmsc,lightgbm,37,NumberOfTime60-89DaysPastDueNotWorse,relative_plus_10,0.1,0.0,0.1,0.36583164209666225,0.7370352526477477,0.37120361055108547,0.37120361055108547,0,1,1,-1
gmsc,lightgbm,38,NumberOfTime60-89DaysPastDueNotWorse,relative_plus_10,0.1,0.0,0.1,0.25782269826496373,0.6699456132423296,0.41212291497736586,0.41212291497736586,0,1,1,-1
gmsc,lightgbm,39,NumberOfTime60-89DaysPastDueNotWorse,relative_plus_10,0.1,0.0,0.1,0.35851671570275906,0.658699780297665,0.3001830645949059,0.3001830645949059,0,1,1,-1
gmsc,lightgbm,40,NumberOfTime60-89DaysPastDueNotWorse,relative_plus_10,0.1,0.0,0.1,0.15809809532716768,0.6152192662600318,0.4571211709328641,0.4571211709328641,0,1,1,-1
gmsc,lightgbm,41,NumberOfTime60-89DaysPastDueNotWorse,relative_plus_10,0.1,0.0,0.1,0.17767130123412736,0.5080224835849496,0.3303511823508223,0.3303511823508223,0,1,1,-1
gmsc,lightgbm,42,NumberOfTime60-89DaysPastDueNotWorse,relative_plus_10,0.1,0.0,0.1,0.13142576347451704,0.49551160872304917,0.36408584524853216,0.36408584524853216,0,0,0,-1
gmsc,lightgbm,43,NumberOfTime60-89DaysPastDueNotWorse,relative_plus_10,0.1,0.0,0.1,0.5220123045323535,0.8214311303769989,0.2994188258446454,0.2994188258446454,1,1,0,-1
gmsc,lightgbm,44,NumberOfTime60-89DaysPastDueNotWorse,relative_plus_10,0.1,0.0,0.1,0.10248475676544401,0.4641414359508352,0.3616566791853912,0.3616566791853912,0,0,0,-1
gmsc,lightgbm,45,NumberOfTime60-89DaysPastDueNotWorse,relative_plus_10,0.1,0.0,0.1,0.134509615497707,0.5369722689558729,0.4024626534581659,0.4024626534581659,0,1,1,-1
gmsc,lightgbm,46,NumberOfTime60-89DaysPastDueNotWorse,relative_plus_10,0.1,0.0,0.1,0.24542503658751236,0.7014401837049169,0.45601514711740454,0.45601514711740454,0,1,1,-1
gmsc,lightgbm,47,NumberOfTime60-89DaysPastDueNotWorse,relative_plus_10,0.1,0.0,0.1,0.06429004529354826,0.46744402300884236,0.4031539777152941,0.4031539777152941,0,0,0,-1
gmsc,lightgbm,48,NumberOfTime60-89DaysPastDueNotWorse,relative_plus_10,0.1,0.0,0.1,0.08494795229441349,0.31571237783936423,0.23076442554495075,0.23076442554495075,0,0,0,-1
gmsc,lightgbm,49,NumberOfTime60-89DaysPastDueNotWorse,relative_plus_10,0.1,0.0,0.1,0.032964158323007746,0.3343779327806187,0.301413774457611,0.301413774457611,0,0,0,-1
gmsc,lightgbm,50,NumberOfTime60-89DaysPastDueNotWorse,relative_plus_10,0.1,0.0,0.1,0.15598569074603788,0.6501251418322103,0.4941394510861724,0.4941394510861724,0,1,1,-1
gmsc,lightgbm,51,NumberOfTime60-89DaysPastDueNotWorse,relative_plus_10,0.1,0.0,0.1,0.2427114365476945,0.6126728821173207,0.36996144556962623,0.36996144556962623,0,1,1,-1
gmsc,lightgbm,52,NumberOfTime60-89DaysPastDueNotWorse,relative_plus_10,0.1,0.0,0.1,0.04278071258564872,0.2650639194897564,0.22228320690410766,0.22228320690410766,0,0,0,-1
gmsc,lightgbm,53,NumberOfTime60-89DaysPastDueNotWorse,relative_plus_10,0.1,1.0,1.1,0.8459631804707949,0.8459631804707949,0.0,0.0,1,1,0,-1
gmsc,lightgbm,54,NumberOfTime60-89DaysPastDueNotWorse,relative_plus_10,0.1,2.0,2.2,0.9585025696211499,0.9585025696211499,0.0,0.0,1,1,0,-1
gmsc,lightgbm,55,NumberOfTime60-89DaysPastDueNotWorse,relative_plus_10,0.1,0.0,0.1,0.05240087287788092,0.2592992183203472,0.20689834544246627,0.20689834544246627,0,0,0,-1
gmsc,lightgbm,56,NumberOfTime60-89DaysPastDueNotWorse,relative_plus_10,0.1,0.0,0.1,0.16633030838518062,0.6144093407806158,0.44807903239543523,0.44807903239543523,0,1,1,-1
gmsc,lightgbm,57,NumberOfTime60-89DaysPastDueNotWorse,relative_plus_10,0.1,0.0,0.1,0.5855679032449771,0.8362740797376809,0.25070617649270377,0.25070617649270377,1,1,0,-1
gmsc,lightgbm,58,NumberOfTime60-89DaysPastDueNotWorse,relative_plus_10,0.1,0.0,0.1,0.7120052536243187,0.8641811196041931,0.15217586597987443,0.15217586597987443,1,1,0,-1
gmsc,lightgbm,59,NumberOfTime60-89DaysPastDueNotWorse,relative_plus_10,0.1,0.0,0.1,0.6081127081916137,0.8487804471120527,0.24066773892043902,0.24066773892043902,1,1,0,-1
gmsc,lightgbm,60,NumberOfTime60-89DaysPastDueNotWorse,relative_plus_10,0.1,0.0,0.1,0.19907747746451288,0.6310092735606568,0.43193179609614396,0.43193179609614396,0,1,1,-1
gmsc,lightgbm,61,NumberOfTime60-89DaysPastDueNotWorse,relative_plus_10,0.1,0.0,0.1,0.3321226038071093,0.6913205479317343,0.35919794412462497,0.35919794412462497,0,1,1,-1
gmsc,lightgbm,62,NumberOfTime60-89DaysPastDueNotWorse,relative_plus_10,0.1,0.0,0.1,0.49700932793678176,0.808363583728065,0.3113542557912833,0.3113542557912833,0,1,1,-1
gmsc,lightgbm,63,NumberOfTime60-89DaysPastDueNotWorse,relative_plus_10,0.1,0.0,0.1,0.07983838287755414,0.4246633735718656,0.3448249906943115,0.3448249906943115,0,0,0,-1
gmsc,lightgbm,64,NumberOfTime60-89DaysPastDueNotWorse,relative_plus_10,0.1,0.0,0.1,0.27572869286326523,0.6758428668184161,0.40011417395515086,0.40011417395515086,0,1,1,-1
gmsc,lightgbm,65,NumberOfTime60-89DaysPastDueNotWorse,relative_plus_10,0.1,0.0,0.1,0.3901193599625518,0.6755337012937898,0.28541434133123794,0.28541434133123794,0,1,1,-1
gmsc,lightgbm,66,NumberOfTime60-89DaysPastDueNotWorse,relative_plus_10,0.1,0.0,0.1,0.14251343003654435,0.517931218474133,0.37541778843758866,0.37541778843758866,0,1,1,-1
gmsc,lightgbm,67,NumberOfTime60-89DaysPastDueNotWorse,relative_plus_10,0.1,0.0,0.1,0.42152422623564395,0.7555130356270036,0.3339888093913596,0.3339888093913596,0,1,1,-1
gmsc,lightgbm,68,NumberOfTime60-89DaysPastDueNotWorse,relative_plus_10,0.1,0.0,0.1,0.1212328971978392,0.5249977919185145,0.4037648947206753,0.4037648947206753,0,1,1,-1
gmsc,lightgbm,69,NumberOfTime60-89DaysPastDueNotWorse,relative_plus_10,0.1,0.0,0.1,0.5620282234727743,0.8048178741958343,0.24278965072306002,0.24278965072306002,1,1,0,-1
gmsc,lightgbm,70,NumberOfTime60-89DaysPastDueNotWorse,relative_plus_10,0.1,0.0,0.1,0.4264114501848385,0.7042189520348252,0.2778075018499867,0.2778075018499867,0,1,1,-1
gmsc,lightgbm,71,NumberOfTime60-89DaysPastDueNotWorse,relative_plus_10,0.1,0.0,0.1,0.11528535367529104,0.3476005188382193,0.23231516516292827,0.23231516516292827,0,0,0,-1
gmsc,lightgbm,72,NumberOfTime60-89DaysPastDueNotWorse,relative_plus_10,0.1,0.0,0.1,0.18694209170398213,0.5672827982220765,0.3803407065180944,0.3803407065180944,0,1,1,-1
gmsc,lightgbm,73,NumberOfTime60-89DaysPastDueNotWorse,relative_plus_10,0.1,0.0,0.1,0.4189962251498132,0.706299501712748,0.2873032765629348,0.2873032765629348,0,1,1,-1
gmsc,lightgbm,74,NumberOfTime60-89DaysPastDueNotWorse,relative_plus_10,0.1,0.0,0.1,0.210992213581658,0.6376860065904175,0.42669379300875954,0.42669379300875954,0,1,1,-1
gmsc,lightgbm,75,NumberOfTime60-89DaysPastDueNotWorse,relative_plus_10,0.1,0.0,0.1,0.5342256118004257,0.8370835667615796,0.30285795496115386,0.30285795496115386,1,1,0,-1
gmsc,lightgbm,76,NumberOfTime60-89DaysPastDueNotWorse,relative_plus_10,0.1,0.0,0.1,0.14869088239886066,0.6240843117915176,0.47539342939265694,0.47539342939265694,0,1,1,-1
gmsc,lightgbm,77,NumberOfTime60-89DaysPastDueNotWorse,relative_plus_10,0.1,0.0,0.1,0.06703174942227336,0.456466341555051,0.38943459213277765,0.38943459213277765,0,0,0,-1
gmsc,lightgbm,78,NumberOfTime60-89DaysPastDueNotWorse,relative_plus_10,0.1,0.0,0.1,0.06266917697987844,0.30911167097015396,0.2464424939902755,0.2464424939902755,0,0,0,-1
gmsc,lightgbm,79,NumberOfTime60-89DaysPastDueNotWorse,relative_plus_10,0.1,0.0,0.1,0.3139529328389652,0.6539191264184722,0.33996619357950697,0.33996619357950697,0,1,1,-1
gmsc,lightgbm,80,NumberOfTime60-89DaysPastDueNotWorse,relative_plus_10,0.1,0.0,0.1,0.13302830629350945,0.5738123234997559,0.4407840172062464,0.4407840172062464,0,1,1,-1
gmsc,lightgbm,81,NumberOfTime60-89DaysPastDueNotWorse,relative_plus_10,0.1,0.0,0.1,0.1610671025822026,0.5502561501080189,0.3891890475258163,0.3891890475258163,0,1,1,-1
gmsc,lightgbm,82,NumberOfTime60-89DaysPastDueNotWorse,relative_plus_10,0.1,0.0,0.1,0.39361810976909195,0.718789701923588,0.3251715921544961,0.3251715921544961,0,1,1,-1
gmsc,lightgbm,83,NumberOfTime60-89DaysPastDueNotWorse,relative_plus_10,0.1,0.0,0.1,0.07356231072502029,0.42383163724646383,0.35026932652144355,0.35026932652144355,0,0,0,-1
gmsc,lightgbm,84,NumberOfTime60-89DaysPastDueNotWorse,relative_plus_10,0.1,0.0,0.1,0.6471402060773409,0.8727270725312081,0.22558686645386716,0.22558686645386716,1,1,0,-1
gmsc,lightgbm,85,NumberOfTime60-89DaysPastDueNotWorse,relative_plus_10,0.1,0.0,0.1,0.06895634900657907,0.47646328167020296,0.4075069326636239,0.4075069326636239,0,0,0,-1
gmsc,lightgbm,86,NumberOfTime60-89DaysPastDueNotWorse,relative_plus_10,0.1,0.0,0.1,0.11410528051242601,0.4704389867816042,0.35633370626917815,0.35633370626917815,0,0,0,-1
gmsc,lightgbm,87,NumberOfTime60-89DaysPastDueNotWorse,relative_plus_10,0.1,0.0,0.1,0.1006092467906027,0.35554695868949354,0.25493771189889086,0.25493771189889086,0,0,0,-1
gmsc,lightgbm,88,NumberOfTime60-89DaysPastDueNotWorse,relative_plus_10,0.1,0.0,0.1,0.126512958826711,0.300995778374068,0.174482819547357,0.174482819547357,0,0,0,-1
gmsc,lightgbm,89,NumberOfTime60-89DaysPastDueNotWorse,relative_plus_10,0.1,0.0,0.1,0.3522704795855978,0.6929058383952056,0.34063535880960777,0.34063535880960777,0,1,1,-1
gmsc,lightgbm,90,NumberOfTime60-89DaysPastDueNotWorse,relative_plus_10,0.1,0.0,0.1,0.04106193866788959,0.33873213038792604,0.29767019172003645,0.29767019172003645,0,0,0,-1
gmsc,lightgbm,91,NumberOfTime60-89DaysPastDueNotWorse,relative_plus_10,0.1,0.0,0.1,0.15372114734573783,0.5201277495398146,0.3664066021940767,0.3664066021940767,0,1,1,-1
gmsc,lightgbm,92,NumberOfTime60-89DaysPastDueNotWorse,relative_plus_10,0.1,0.0,0.1,0.06485095205727061,0.3579077190532225,0.2930567669959519,0.2930567669959519,0,0,0,-1
gmsc,lightgbm,93,NumberOfTime60-89DaysPastDueNotWorse,relative_plus_10,0.1,0.0,0.1,0.09924642147480602,0.3593925645578054,0.2601461430829994,0.2601461430829994,0,0,0,-1
gmsc,lightgbm,94,NumberOfTime60-89DaysPastDueNotWorse,relative_plus_10,0.1,0.0,0.1,0.16680920152776404,0.6880840286075385,0.5212748270797745,0.5212748270797745,0,1,1,-1
gmsc,lightgbm,95,NumberOfTime60-89DaysPastDueNotWorse,relative_plus_10,0.1,0.0,0.1,0.21924410434064803,0.5689875601011593,0.34974345576051125,0.34974345576051125,0,1,1,-1
gmsc,lightgbm,96,NumberOfTime60-89DaysPastDueNotWorse,relative_plus_10,0.1,0.0,0.1,0.1131618927406001,0.5549855187342138,0.4418236259936137,0.4418236259936137,0,1,1,-1
gmsc,lightgbm,97,NumberOfTime60-89DaysPastDueNotWorse,relative_plus_10,0.1,0.0,0.1,0.10806143941846993,0.38361650163827377,0.27555506221980386,0.27555506221980386,0,0,0,-1
gmsc,lightgbm,98,NumberOfTime60-89DaysPastDueNotWorse,relative_plus_10,0.1,0.0,0.1,0.4053784379973068,0.7550007477435265,0.3496223097462198,0.3496223097462198,0,1,1,-1
gmsc,lightgbm,99,NumberOfTime60-89DaysPastDueNotWorse,relative_plus_10,0.1,1.0,1.1,0.9052932427250325,0.9052932427250325,0.0,0.0,1,1,0,-1
gmsc,lightgbm,0,NumberOfDependents,relative_minus_5,-0.05,0.0,0.05,0.09051292759777842,0.09157542069435658,0.0010624930965781598,0.0010624930965781598,0,0,0,-1
gmsc,lightgbm,1,NumberOfDependents,relative_minus_5,-0.05,0.0,0.05,0.07432795724364831,0.0747779357233747,0.00044997847972638727,0.00044997847972638727,0,0,0,-1
gmsc,lightgbm,2,NumberOfDependents,relative_minus_5,-0.05,0.0,0.05,0.056660675741342766,0.07155914862356337,0.014898472882220605,0.014898472882220605,0,0,0,-1
gmsc,lightgbm,3,NumberOfDependents,relative_minus_5,-0.05,0.0,0.05,0.286464202572455,0.2885240306492762,0.002059828076821202,0.002059828076821202,0,0,0,-1
gmsc,lightgbm,4,NumberOfDependents,relative_minus_5,-0.05,0.0,0.05,0.10238192900656183,0.1048724961393439,0.002490567132782062,0.002490567132782062,0,0,0,-1
gmsc,lightgbm,5,NumberOfDependents,relative_minus_5,-0.05,1.0,1.05,0.18604525641874214,0.18604525641874214,0.0,0.0,0,0,0,-1
gmsc,lightgbm,6,NumberOfDependents,relative_minus_5,-0.05,1.0,1.05,0.23797486099678064,0.23797486099678064,0.0,0.0,0,0,0,-1
gmsc,lightgbm,7,NumberOfDependents,relative_minus_5,-0.05,0.0,0.05,0.1952165672674782,0.19923404806527673,0.004017480797798512,0.004017480797798512,0,0,0,-1
gmsc,lightgbm,8,NumberOfDependents,relative_minus_5,-0.05,0.0,0.05,0.1354653526779545,0.13623098351940732,0.0007656308414528135,0.0007656308414528135,0,0,0,-1
gmsc,lightgbm,9,NumberOfDependents,relative_minus_5,-0.05,0.0,0.05,0.4085309008746626,0.41920024583940946,0.010669344964746863,0.010669344964746863,0,0,0,-1
gmsc,lightgbm,10,NumberOfDependents,relative_minus_5,-0.05,0.0,0.05,0.4151340630771105,0.41793302055428616,0.0027989574771756787,0.0027989574771756787,0,0,0,-1
gmsc,lightgbm,11,NumberOfDependents,relative_minus_5,-0.05,2.0,2.1,0.2344419755121663,0.2344419755121663,0.0,0.0,0,0,0,-1
gmsc,lightgbm,12,NumberOfDependents,relative_minus_5,-0.05,0.0,0.05,0.04156783494420435,0.04818552305195059,0.006617688107746239,0.006617688107746239,0,0,0,-1
gmsc,lightgbm,13,NumberOfDependents,relative_minus_5,-0.05,0.0,0.05,0.8781305200687587,0.8903542493161194,0.012223729247360704,0.012223729247360704,1,1,0,-1
gmsc,lightgbm,14,NumberOfDependents,relative_minus_5,-0.05,3.0,3.15,0.30318348670534856,0.30318348670534856,0.0,0.0,0,0,0,-1
gmsc,lightgbm,15,NumberOfDependents,relative_minus_5,-0.05,3.0,3.15,0.27986218783007943,0.27986218783007943,0.0,0.0,0,0,0,-1
gmsc,lightgbm,16,NumberOfDependents,relative_minus_5,-0.05,0.0,0.05,0.4795715640243079,0.5160815039354136,0.03650993991110574,0.03650993991110574,0,1,1,-1
gmsc,lightgbm,17,NumberOfDependents,relative_minus_5,-0.05,0.0,0.05,0.10036173784291944,0.11386920096069075,0.013507463117771318,0.013507463117771318,0,0,0,-1
gmsc,lightgbm,18,NumberOfDependents,relative_minus_5,-0.05,1.0,1.05,0.4332396231850946,0.4332396231850946,0.0,0.0,0,0,0,-1
gmsc,lightgbm,19,NumberOfDependents,relative_minus_5,-0.05,0.0,0.05,0.20706517488791176,0.20845472102617527,0.0013895461382635033,0.0013895461382635033,0,0,0,-1
gmsc,lightgbm,20,NumberOfDependents,relative_minus_5,-0.05,2.0,2.1,0.05708612745116283,0.05708612745116283,0.0,0.0,0,0,0,-1
gmsc,lightgbm,21,NumberOfDependents,relative_minus_5,-0.05,0.0,0.05,0.0755556455268635,0.0856549161752201,0.010099270648356598,0.010099270648356598,0,0,0,-1
gmsc,lightgbm,22,NumberOfDependents,relative_minus_5,-0.05,0.0,0.05,0.05695935088858043,0.05765294043588257,0.0006935895473021425,0.0006935895473021425,0,0,0,-1
gmsc,lightgbm,23,NumberOfDependents,relative_minus_5,-0.05,3.0,3.15,0.08889571164479391,0.08889571164479391,0.0,0.0,0,0,0,-1
gmsc,lightgbm,24,NumberOfDependents,relative_minus_5,-0.05,1.0,1.05,0.03569402945373115,0.03569402945373115,0.0,0.0,0,0,0,-1
gmsc,lightgbm,25,NumberOfDependents,relative_minus_5,-0.05,0.0,0.05,0.485195355176274,0.49943098897664134,0.014235633800367353,0.014235633800367353,0,0,0,-1
gmsc,lightgbm,26,NumberOfDependents,relative_minus_5,-0.05,0.0,0.05,0.4690330102001808,0.4756289095402601,0.006595899340079314,0.006595899340079314,0,0,0,-1
gmsc,lightgbm,27,NumberOfDependents,relative_minus_5,-0.05,0.0,0.05,0.15310886136230434,0.17202778443339165,0.018918923071087307,0.018918923071087307,0,0,0,-1
gmsc,lightgbm,28,NumberOfDependents,relative_minus_5,-0.05,2.0,2.1,0.24706706865061875,0.24706706865061875,0.0,0.0,0,0,0,-1
gmsc,lightgbm,29,NumberOfDependents,relative_minus_5,-0.05,0.0,0.05,0.07280429517617616,0.06579990360243274,-0.0070043915737434265,0.0070043915737434265,0,0,0,-1
gmsc,lightgbm,30,NumberOfDependents,relative_minus_5,-0.05,0.0,0.05,0.2669688028729123,0.28154219581296747,0.014573392940055163,0.014573392940055163,0,0,0,-1
gmsc,lightgbm,31,NumberOfDependents,relative_minus_5,-0.05,2.0,2.1,0.16812286485697317,0.16812286485697317,0.0,0.0,0,0,0,-1
gmsc,lightgbm,32,NumberOfDependents,relative_minus_5,-0.05,0.0,0.05,0.1358222660255187,0.1359634529183326,0.00014118689281389374,0.00014118689281389374,0,0,0,-1
gmsc,lightgbm,33,NumberOfDependents,relative_minus_5,-0.05,0.0,0.05,0.0907121359558535,0.09659198886866956,0.00587985291281605,0.00587985291281605,0,0,0,-1
gmsc,lightgbm,34,NumberOfDependents,relative_minus_5,-0.05,0.0,0.05,0.5887765630991544,0.5974779400727298,0.008701376973575425,0.008701376973575425,1,1,0,-1
gmsc,lightgbm,35,NumberOfDependents,relative_minus_5,-0.05,0.0,0.05,0.7686376306323768,0.7767529780104717,0.00811534737809494,0.00811534737809494,1,1,0,-1
gmsc,lightgbm,36,NumberOfDependents,relative_minus_5,-0.05,0.0,0.05,0.20383228110756807,0.2040274732535986,0.0001951921460305317,0.0001951921460305317,0,0,0,-1
gmsc,lightgbm,37,NumberOfDependents,relative_minus_5,-0.05,0.0,0.05,0.36583164209666225,0.37957681908243374,0.01374517698577149,0.01374517698577149,0,0,0,-1
gmsc,lightgbm,38,NumberOfDependents,relative_minus_5,-0.05,0.0,0.05,0.25782269826496373,0.24764996290324148,-0.010172735361722252,0.010172735361722252,0,0,0,-1
gmsc,lightgbm,39,NumberOfDependents,relative_minus_5,-0.05,3.0,3.15,0.35851671570275906,0.35851671570275906,0.0,0.0,0,0,0,-1
gmsc,lightgbm,40,NumberOfDependents,relative_minus_5,-0.05,3.0,3.15,0.15809809532716768,0.15809809532716768,0.0,0.0,0,0,0,-1
gmsc,lightgbm,41,NumberOfDependents,relative_minus_5,-0.05,0.0,0.05,0.17767130123412736,0.19041380732378724,0.012742506089659877,0.012742506089659877,0,0,0,-1
gmsc,lightgbm,42,NumberOfDependents,relative_minus_5,-0.05,0.0,0.05,0.13142576347451704,0.13725060737406947,0.005824843899552429,0.005824843899552429,0,0,0,-1
gmsc,lightgbm,43,NumberOfDependents,relative_minus_5,-0.05,0.0,0.05,0.5220123045323535,0.5480571307712037,0.026044826238850183,0.026044826238850183,1,1,0,-1
gmsc,lightgbm,44,NumberOfDependents,relative_minus_5,-0.05,2.0,2.1,0.10248475676544401,0.10248475676544401,0.0,0.0,0,0,0,-1
gmsc,lightgbm,45,NumberOfDependents,relative_minus_5,-0.05,0.0,0.05,0.134509615497707,0.13601133218189915,0.0015017166841921337,0.0015017166841921337,0,0,0,-1
gmsc,lightgbm,46,NumberOfDependents,relative_minus_5,-0.05,0.0,0.05,0.24542503658751236,0.247292042744657,0.001867006157144635,0.001867006157144635,0,0,0,-1
gmsc,lightgbm,47,NumberOfDependents,relative_minus_5,-0.05,0.0,0.05,0.06429004529354826,0.06559522779117527,0.001305182497627011,0.001305182497627011,0,0,0,-1
gmsc,lightgbm,48,NumberOfDependents,relative_minus_5,-0.05,0.0,0.05,0.08494795229441349,0.10368026571139498,0.01873231341698149,0.01873231341698149,0,0,0,-1
gmsc,lightgbm,49,NumberOfDependents,relative_minus_5,-0.05,0.0,0.05,0.032964158323007746,0.03929805513205024,0.006333896809042491,0.006333896809042491,0,0,0,-1
gmsc,lightgbm,50,NumberOfDependents,relative_minus_5,-0.05,0.0,0.05,0.15598569074603788,0.16501921039230003,0.009033519646262145,0.009033519646262145,0,0,0,-1
gmsc,lightgbm,51,NumberOfDependents,relative_minus_5,-0.05,0.0,0.05,0.2427114365476945,0.2471389856332374,0.004427549085542909,0.004427549085542909,0,0,0,-1
gmsc,lightgbm,52,NumberOfDependents,relative_minus_5,-0.05,0.0,0.05,0.04278071258564872,0.05466062183202724,0.011879909246378516,0.011879909246378516,0,0,0,-1
gmsc,lightgbm,53,NumberOfDependents,relative_minus_5,-0.05,0.0,0.05,0.8459631804707949,0.859206183072411,0.01324300260161615,0.01324300260161615,1,1,0,-1
gmsc,lightgbm,54,NumberOfDependents,relative_minus_5,-0.05,0.0,0.05,0.9585025696211499,0.9651391270799704,0.0066365574588205245,0.0066365574588205245,1,1,0,-1
gmsc,lightgbm,55,NumberOfDependents,relative_minus_5,-0.05,0.0,0.05,0.05240087287788092,0.06281070328707082,0.010409830409189899,0.010409830409189899,0,0,0,-1
gmsc,lightgbm,56,NumberOfDependents,relative_minus_5,-0.05,0.0,0.05,0.16633030838518062,0.16548243949940625,-0.0008478688857743721,0.0008478688857743721,0,0,0,-1
gmsc,lightgbm,57,NumberOfDependents,relative_minus_5,-0.05,0.0,0.05,0.5855679032449771,0.6184094959066995,0.032841592661722374,0.032841592661722374,1,1,0,-1
gmsc,lightgbm,58,NumberOfDependents,relative_minus_5,-0.05,0.0,0.05,0.7120052536243187,0.7174014164871542,0.005396162862835507,0.005396162862835507,1,1,0,-1
gmsc,lightgbm,59,NumberOfDependents,relative_minus_5,-0.05,1.0,1.05,0.6081127081916137,0.6081127081916137,0.0,0.0,1,1,0,-1
gmsc,lightgbm,60,NumberOfDependents,relative_minus_5,-0.05,2.0,2.1,0.19907747746451288,0.19907747746451288,0.0,0.0,0,0,0,-1
gmsc,lightgbm,61,NumberOfDependents,relative_minus_5,-0.05,1.0,1.05,0.3321226038071093,0.3321226038071093,0.0,0.0,0,0,0,-1
gmsc,lightgbm,62,NumberOfDependents,relative_minus_5,-0.05,0.0,0.05,0.49700932793678176,0.4976751549784154,0.0006658270416336487,0.0006658270416336487,0,0,0,-1
gmsc,lightgbm,63,NumberOfDependents,relative_minus_5,-0.05,2.0,2.1,0.07983838287755414,0.07983838287755414,0.0,0.0,0,0,0,-1
gmsc,lightgbm,64,NumberOfDependents,relative_minus_5,-0.05,0.0,0.05,0.27572869286326523,0.2751611824199674,-0.0005675104432978362,0.0005675104432978362,0,0,0,-1
gmsc,lightgbm,65,NumberOfDependents,relative_minus_5,-0.05,3.0,3.15,0.3901193599625518,0.3901193599625518,0.0,0.0,0,0,0,-1
gmsc,lightgbm,66,NumberOfDependents,relative_minus_5,-0.05,0.0,0.05,0.14251343003654435,0.14266042415587313,0.00014699411932878048,0.00014699411932878048,0,0,0,-1
gmsc,lightgbm,67,NumberOfDependents,relative_minus_5,-0.05,3.0,3.15,0.42152422623564395,0.42152422623564395,0.0,0.0,0,0,0,-1
gmsc,lightgbm,68,NumberOfDependents,relative_minus_5,-0.05,2.0,2.1,0.1212328971978392,0.1212328971978392,0.0,0.0,0,0,0,-1
gmsc,lightgbm,69,NumberOfDependents,relative_minus_5,-0.05,2.0,2.1,0.5620282234727743,0.5620282234727743,0.0,0.0,1,1,0,-1
gmsc,lightgbm,70,NumberOfDependents,relative_minus_5,-0.05,0.0,0.05,0.4264114501848385,0.45397071862889515,0.02755926844405665,0.02755926844405665,0,0,0,-1
gmsc,lightgbm,71,NumberOfDependents,relative_minus_5,-0.05,4.0,4.2,0.11528535367529104,0.11528535367529104,0.0,0.0,0,0,0,-1
gmsc,lightgbm,72,NumberOfDependents,relative_minus_5,-0.05,0.0,0.05,0.18694209170398213,0.19327042710139736,0.00632833539741523,0.00632833539741523,0,0,0,-1
gmsc,lightgbm,73,NumberOfDependents,relative_minus_5,-0.05,0.0,0.05,0.4189962251498132,0.42999236144918,0.010996136299366799,0.010996136299366799,0,0,0,-1
gmsc,lightgbm,74,NumberOfDependents,relative_minus_5,-0.05,0.0,0.05,0.210992213581658,0.2501192028347468,0.0391269892530888,0.0391269892530888,0,0,0,-1
gmsc,lightgbm,75,NumberOfDependents,relative_minus_5,-0.05,0.0,0.05,0.5342256118004257,0.5741290249819117,0.039903413181485936,0.039903413181485936,1,1,0,-1
gmsc,lightgbm,76,NumberOfDependents,relative_minus_5,-0.05,1.0,1.05,0.14869088239886066,0.14869088239886066,0.0,0.0,0,0,0,-1
gmsc,lightgbm,77,NumberOfDependents,relative_minus_5,-0.05,0.0,0.05,0.06703174942227336,0.07905088830414218,0.012019138881868827,0.012019138881868827,0,0,0,-1
gmsc,lightgbm,78,NumberOfDependents,relative_minus_5,-0.05,0.0,0.05,0.06266917697987844,0.07803549767642474,0.01536632069654631,0.01536632069654631,0,0,0,-1
gmsc,lightgbm,79,NumberOfDependents,relative_minus_5,-0.05,0.0,0.05,0.3139529328389652,0.32558690991982353,0.011633977080858338,0.011633977080858338,0,0,0,-1
gmsc,lightgbm,80,NumberOfDependents,relative_minus_5,-0.05,0.0,0.05,0.13302830629350945,0.1358138482208263,0.002785541927316837,0.002785541927316837,0,0,0,-1
gmsc,lightgbm,81,NumberOfDependents,relative_minus_5,-0.05,0.0,0.05,0.1610671025822026,0.17264385867415058,0.01157675609194797,0.01157675609194797,0,0,0,-1
gmsc,lightgbm,82,NumberOfDependents,relative_minus_5,-0.05,0.0,0.05,0.39361810976909195,0.39390512634446784,0.0002870165753758869,0.0002870165753758869,0,0,0,-1
gmsc,lightgbm,83,NumberOfDependents,relative_minus_5,-0.05,1.0,1.05,0.07356231072502029,0.07356231072502029,0.0,0.0,0,0,0,-1
gmsc,lightgbm,84,NumberOfDependents,relative_minus_5,-0.05,3.0,3.15,0.6471402060773409,0.6471402060773409,0.0,0.0,1,1,0,-1
gmsc,lightgbm,85,NumberOfDependents,relative_minus_5,-0.05,0.0,0.05,0.06895634900657907,0.06978521462543118,0.0008288656188521065,0.0008288656188521065,0,0,0,-1
gmsc,lightgbm,86,NumberOfDependents,relative_minus_5,-0.05,0.0,0.05,0.11410528051242601,0.13681308606397055,0.022707805551544544,0.022707805551544544,0,0,0,-1
gmsc,lightgbm,87,NumberOfDependents,relative_minus_5,-0.05,0.0,0.05,0.1006092467906027,0.13629036235976635,0.03568111556916366,0.03568111556916366,0,0,0,-1
gmsc,lightgbm,88,NumberOfDependents,relative_minus_5,-0.05,0.0,0.05,0.126512958826711,0.15850291957396298,0.031989960747251994,0.031989960747251994,0,0,0,-1
gmsc,lightgbm,89,NumberOfDependents,relative_minus_5,-0.05,2.0,2.1,0.3522704795855978,0.3522704795855978,0.0,0.0,0,0,0,-1
gmsc,lightgbm,90,NumberOfDependents,relative_minus_5,-0.05,0.0,0.05,0.04106193866788959,0.0676244486995549,0.026562510031665314,0.026562510031665314,0,0,0,-1
gmsc,lightgbm,91,NumberOfDependents,relative_minus_5,-0.05,1.0,1.05,0.15372114734573783,0.15372114734573783,0.0,0.0,0,0,0,-1
gmsc,lightgbm,92,NumberOfDependents,relative_minus_5,-0.05,0.0,0.05,0.06485095205727061,0.08171644072310552,0.016865488665834913,0.016865488665834913,0,0,0,-1
gmsc,lightgbm,93,NumberOfDependents,relative_minus_5,-0.05,1.0,1.05,0.09924642147480602,0.09924642147480602,0.0,0.0,0,0,0,-1
gmsc,lightgbm,94,NumberOfDependents,relative_minus_5,-0.05,0.0,0.05,0.16680920152776404,0.16961411343882557,0.002804911911061525,0.002804911911061525,0,0,0,-1
gmsc,lightgbm,95,NumberOfDependents,relative_minus_5,-0.05,2.0,2.1,0.21924410434064803,0.21924410434064803,0.0,0.0,0,0,0,-1
gmsc,lightgbm,96,NumberOfDependents,relative_minus_5,-0.05,0.0,0.05,0.1131618927406001,0.11328261204480819,0.00012071930420809451,0.00012071930420809451,0,0,0,-1
gmsc,lightgbm,97,NumberOfDependents,relative_minus_5,-0.05,0.0,0.05,0.10806143941846993,0.13232598494027098,0.024264545521801045,0.024264545521801045,0,0,0,-1
gmsc,lightgbm,98,NumberOfDependents,relative_minus_5,-0.05,4.0,4.2,0.4053784379973068,0.4053784379973068,0.0,0.0,0,0,0,-1
gmsc,lightgbm,99,NumberOfDependents,relative_minus_5,-0.05,0.0,0.05,0.9052932427250325,0.9093848215220627,0.004091578797030149,0.004091578797030149,1,1,0,-1
gmsc,lightgbm,0,NumberOfDependents,relative_plus_5,0.05,0.0,0.05,0.09051292759777842,0.09157542069435658,0.0010624930965781598,0.0010624930965781598,0,0,0,-1
gmsc,lightgbm,1,NumberOfDependents,relative_plus_5,0.05,0.0,0.05,0.07432795724364831,0.0747779357233747,0.00044997847972638727,0.00044997847972638727,0,0,0,-1
gmsc,lightgbm,2,NumberOfDependents,relative_plus_5,0.05,0.0,0.05,0.056660675741342766,0.07155914862356337,0.014898472882220605,0.014898472882220605,0,0,0,-1
gmsc,lightgbm,3,NumberOfDependents,relative_plus_5,0.05,0.0,0.05,0.286464202572455,0.2885240306492762,0.002059828076821202,0.002059828076821202,0,0,0,-1
gmsc,lightgbm,4,NumberOfDependents,relative_plus_5,0.05,0.0,0.05,0.10238192900656183,0.1048724961393439,0.002490567132782062,0.002490567132782062,0,0,0,-1
gmsc,lightgbm,5,NumberOfDependents,relative_plus_5,0.05,1.0,1.05,0.18604525641874214,0.18604525641874214,0.0,0.0,0,0,0,-1
gmsc,lightgbm,6,NumberOfDependents,relative_plus_5,0.05,1.0,1.05,0.23797486099678064,0.23797486099678064,0.0,0.0,0,0,0,-1
gmsc,lightgbm,7,NumberOfDependents,relative_plus_5,0.05,0.0,0.05,0.1952165672674782,0.19923404806527673,0.004017480797798512,0.004017480797798512,0,0,0,-1
gmsc,lightgbm,8,NumberOfDependents,relative_plus_5,0.05,0.0,0.05,0.1354653526779545,0.13623098351940732,0.0007656308414528135,0.0007656308414528135,0,0,0,-1
gmsc,lightgbm,9,NumberOfDependents,relative_plus_5,0.05,0.0,0.05,0.4085309008746626,0.41920024583940946,0.010669344964746863,0.010669344964746863,0,0,0,-1
gmsc,lightgbm,10,NumberOfDependents,relative_plus_5,0.05,0.0,0.05,0.4151340630771105,0.41793302055428616,0.0027989574771756787,0.0027989574771756787,0,0,0,-1
gmsc,lightgbm,11,NumberOfDependents,relative_plus_5,0.05,2.0,2.1,0.2344419755121663,0.2344419755121663,0.0,0.0,0,0,0,-1
gmsc,lightgbm,12,NumberOfDependents,relative_plus_5,0.05,0.0,0.05,0.04156783494420435,0.04818552305195059,0.006617688107746239,0.006617688107746239,0,0,0,-1
gmsc,lightgbm,13,NumberOfDependents,relative_plus_5,0.05,0.0,0.05,0.8781305200687587,0.8903542493161194,0.012223729247360704,0.012223729247360704,1,1,0,-1
gmsc,lightgbm,14,NumberOfDependents,relative_plus_5,0.05,3.0,3.15,0.30318348670534856,0.30318348670534856,0.0,0.0,0,0,0,-1
gmsc,lightgbm,15,NumberOfDependents,relative_plus_5,0.05,3.0,3.15,0.27986218783007943,0.27986218783007943,0.0,0.0,0,0,0,-1
gmsc,lightgbm,16,NumberOfDependents,relative_plus_5,0.05,0.0,0.05,0.4795715640243079,0.5160815039354136,0.03650993991110574,0.03650993991110574,0,1,1,-1
gmsc,lightgbm,17,NumberOfDependents,relative_plus_5,0.05,0.0,0.05,0.10036173784291944,0.11386920096069075,0.013507463117771318,0.013507463117771318,0,0,0,-1
gmsc,lightgbm,18,NumberOfDependents,relative_plus_5,0.05,1.0,1.05,0.4332396231850946,0.4332396231850946,0.0,0.0,0,0,0,-1
gmsc,lightgbm,19,NumberOfDependents,relative_plus_5,0.05,0.0,0.05,0.20706517488791176,0.20845472102617527,0.0013895461382635033,0.0013895461382635033,0,0,0,-1
gmsc,lightgbm,20,NumberOfDependents,relative_plus_5,0.05,2.0,2.1,0.05708612745116283,0.05708612745116283,0.0,0.0,0,0,0,-1
gmsc,lightgbm,21,NumberOfDependents,relative_plus_5,0.05,0.0,0.05,0.0755556455268635,0.0856549161752201,0.010099270648356598,0.010099270648356598,0,0,0,-1
gmsc,lightgbm,22,NumberOfDependents,relative_plus_5,0.05,0.0,0.05,0.05695935088858043,0.05765294043588257,0.0006935895473021425,0.0006935895473021425,0,0,0,-1
gmsc,lightgbm,23,NumberOfDependents,relative_plus_5,0.05,3.0,3.15,0.08889571164479391,0.08889571164479391,0.0,0.0,0,0,0,-1
gmsc,lightgbm,24,NumberOfDependents,relative_plus_5,0.05,1.0,1.05,0.03569402945373115,0.03569402945373115,0.0,0.0,0,0,0,-1
gmsc,lightgbm,25,NumberOfDependents,relative_plus_5,0.05,0.0,0.05,0.485195355176274,0.49943098897664134,0.014235633800367353,0.014235633800367353,0,0,0,-1
gmsc,lightgbm,26,NumberOfDependents,relative_plus_5,0.05,0.0,0.05,0.4690330102001808,0.4756289095402601,0.006595899340079314,0.006595899340079314,0,0,0,-1
gmsc,lightgbm,27,NumberOfDependents,relative_plus_5,0.05,0.0,0.05,0.15310886136230434,0.17202778443339165,0.018918923071087307,0.018918923071087307,0,0,0,-1
gmsc,lightgbm,28,NumberOfDependents,relative_plus_5,0.05,2.0,2.1,0.24706706865061875,0.24706706865061875,0.0,0.0,0,0,0,-1
gmsc,lightgbm,29,NumberOfDependents,relative_plus_5,0.05,0.0,0.05,0.07280429517617616,0.06579990360243274,-0.0070043915737434265,0.0070043915737434265,0,0,0,-1
gmsc,lightgbm,30,NumberOfDependents,relative_plus_5,0.05,0.0,0.05,0.2669688028729123,0.28154219581296747,0.014573392940055163,0.014573392940055163,0,0,0,-1
gmsc,lightgbm,31,NumberOfDependents,relative_plus_5,0.05,2.0,2.1,0.16812286485697317,0.16812286485697317,0.0,0.0,0,0,0,-1
gmsc,lightgbm,32,NumberOfDependents,relative_plus_5,0.05,0.0,0.05,0.1358222660255187,0.1359634529183326,0.00014118689281389374,0.00014118689281389374,0,0,0,-1
gmsc,lightgbm,33,NumberOfDependents,relative_plus_5,0.05,0.0,0.05,0.0907121359558535,0.09659198886866956,0.00587985291281605,0.00587985291281605,0,0,0,-1
gmsc,lightgbm,34,NumberOfDependents,relative_plus_5,0.05,0.0,0.05,0.5887765630991544,0.5974779400727298,0.008701376973575425,0.008701376973575425,1,1,0,-1
gmsc,lightgbm,35,NumberOfDependents,relative_plus_5,0.05,0.0,0.05,0.7686376306323768,0.7767529780104717,0.00811534737809494,0.00811534737809494,1,1,0,-1
gmsc,lightgbm,36,NumberOfDependents,relative_plus_5,0.05,0.0,0.05,0.20383228110756807,0.2040274732535986,0.0001951921460305317,0.0001951921460305317,0,0,0,-1
gmsc,lightgbm,37,NumberOfDependents,relative_plus_5,0.05,0.0,0.05,0.36583164209666225,0.37957681908243374,0.01374517698577149,0.01374517698577149,0,0,0,-1
gmsc,lightgbm,38,NumberOfDependents,relative_plus_5,0.05,0.0,0.05,0.25782269826496373,0.24764996290324148,-0.010172735361722252,0.010172735361722252,0,0,0,-1
gmsc,lightgbm,39,NumberOfDependents,relative_plus_5,0.05,3.0,3.15,0.35851671570275906,0.35851671570275906,0.0,0.0,0,0,0,-1
gmsc,lightgbm,40,NumberOfDependents,relative_plus_5,0.05,3.0,3.15,0.15809809532716768,0.15809809532716768,0.0,0.0,0,0,0,-1
gmsc,lightgbm,41,NumberOfDependents,relative_plus_5,0.05,0.0,0.05,0.17767130123412736,0.19041380732378724,0.012742506089659877,0.012742506089659877,0,0,0,-1
gmsc,lightgbm,42,NumberOfDependents,relative_plus_5,0.05,0.0,0.05,0.13142576347451704,0.13725060737406947,0.005824843899552429,0.005824843899552429,0,0,0,-1
gmsc,lightgbm,43,NumberOfDependents,relative_plus_5,0.05,0.0,0.05,0.5220123045323535,0.5480571307712037,0.026044826238850183,0.026044826238850183,1,1,0,-1
gmsc,lightgbm,44,NumberOfDependents,relative_plus_5,0.05,2.0,2.1,0.10248475676544401,0.10248475676544401,0.0,0.0,0,0,0,-1
gmsc,lightgbm,45,NumberOfDependents,relative_plus_5,0.05,0.0,0.05,0.134509615497707,0.13601133218189915,0.0015017166841921337,0.0015017166841921337,0,0,0,-1
gmsc,lightgbm,46,NumberOfDependents,relative_plus_5,0.05,0.0,0.05,0.24542503658751236,0.247292042744657,0.001867006157144635,0.001867006157144635,0,0,0,-1
gmsc,lightgbm,47,NumberOfDependents,relative_plus_5,0.05,0.0,0.05,0.06429004529354826,0.06559522779117527,0.001305182497627011,0.001305182497627011,0,0,0,-1
gmsc,lightgbm,48,NumberOfDependents,relative_plus_5,0.05,0.0,0.05,0.08494795229441349,0.10368026571139498,0.01873231341698149,0.01873231341698149,0,0,0,-1
gmsc,lightgbm,49,NumberOfDependents,relative_plus_5,0.05,0.0,0.05,0.032964158323007746,0.03929805513205024,0.006333896809042491,0.006333896809042491,0,0,0,-1
gmsc,lightgbm,50,NumberOfDependents,relative_plus_5,0.05,0.0,0.05,0.15598569074603788,0.16501921039230003,0.009033519646262145,0.009033519646262145,0,0,0,-1
gmsc,lightgbm,51,NumberOfDependents,relative_plus_5,0.05,0.0,0.05,0.2427114365476945,0.2471389856332374,0.004427549085542909,0.004427549085542909,0,0,0,-1
gmsc,lightgbm,52,NumberOfDependents,relative_plus_5,0.05,0.0,0.05,0.04278071258564872,0.05466062183202724,0.011879909246378516,0.011879909246378516,0,0,0,-1
gmsc,lightgbm,53,NumberOfDependents,relative_plus_5,0.05,0.0,0.05,0.8459631804707949,0.859206183072411,0.01324300260161615,0.01324300260161615,1,1,0,-1
gmsc,lightgbm,54,NumberOfDependents,relative_plus_5,0.05,0.0,0.05,0.9585025696211499,0.9651391270799704,0.0066365574588205245,0.0066365574588205245,1,1,0,-1
gmsc,lightgbm,55,NumberOfDependents,relative_plus_5,0.05,0.0,0.05,0.05240087287788092,0.06281070328707082,0.010409830409189899,0.010409830409189899,0,0,0,-1
gmsc,lightgbm,56,NumberOfDependents,relative_plus_5,0.05,0.0,0.05,0.16633030838518062,0.16548243949940625,-0.0008478688857743721,0.0008478688857743721,0,0,0,-1
gmsc,lightgbm,57,NumberOfDependents,relative_plus_5,0.05,0.0,0.05,0.5855679032449771,0.6184094959066995,0.032841592661722374,0.032841592661722374,1,1,0,-1
gmsc,lightgbm,58,NumberOfDependents,relative_plus_5,0.05,0.0,0.05,0.7120052536243187,0.7174014164871542,0.005396162862835507,0.005396162862835507,1,1,0,-1
gmsc,lightgbm,59,NumberOfDependents,relative_plus_5,0.05,1.0,1.05,0.6081127081916137,0.6081127081916137,0.0,0.0,1,1,0,-1
gmsc,lightgbm,60,NumberOfDependents,relative_plus_5,0.05,2.0,2.1,0.19907747746451288,0.19907747746451288,0.0,0.0,0,0,0,-1
gmsc,lightgbm,61,NumberOfDependents,relative_plus_5,0.05,1.0,1.05,0.3321226038071093,0.3321226038071093,0.0,0.0,0,0,0,-1
gmsc,lightgbm,62,NumberOfDependents,relative_plus_5,0.05,0.0,0.05,0.49700932793678176,0.4976751549784154,0.0006658270416336487,0.0006658270416336487,0,0,0,-1
gmsc,lightgbm,63,NumberOfDependents,relative_plus_5,0.05,2.0,2.1,0.07983838287755414,0.07983838287755414,0.0,0.0,0,0,0,-1
gmsc,lightgbm,64,NumberOfDependents,relative_plus_5,0.05,0.0,0.05,0.27572869286326523,0.2751611824199674,-0.0005675104432978362,0.0005675104432978362,0,0,0,-1
gmsc,lightgbm,65,NumberOfDependents,relative_plus_5,0.05,3.0,3.15,0.3901193599625518,0.3901193599625518,0.0,0.0,0,0,0,-1
gmsc,lightgbm,66,NumberOfDependents,relative_plus_5,0.05,0.0,0.05,0.14251343003654435,0.14266042415587313,0.00014699411932878048,0.00014699411932878048,0,0,0,-1
gmsc,lightgbm,67,NumberOfDependents,relative_plus_5,0.05,3.0,3.15,0.42152422623564395,0.42152422623564395,0.0,0.0,0,0,0,-1
gmsc,lightgbm,68,NumberOfDependents,relative_plus_5,0.05,2.0,2.1,0.1212328971978392,0.1212328971978392,0.0,0.0,0,0,0,-1
gmsc,lightgbm,69,NumberOfDependents,relative_plus_5,0.05,2.0,2.1,0.5620282234727743,0.5620282234727743,0.0,0.0,1,1,0,-1
gmsc,lightgbm,70,NumberOfDependents,relative_plus_5,0.05,0.0,0.05,0.4264114501848385,0.45397071862889515,0.02755926844405665,0.02755926844405665,0,0,0,-1
gmsc,lightgbm,71,NumberOfDependents,relative_plus_5,0.05,4.0,4.2,0.11528535367529104,0.11528535367529104,0.0,0.0,0,0,0,-1
gmsc,lightgbm,72,NumberOfDependents,relative_plus_5,0.05,0.0,0.05,0.18694209170398213,0.19327042710139736,0.00632833539741523,0.00632833539741523,0,0,0,-1
gmsc,lightgbm,73,NumberOfDependents,relative_plus_5,0.05,0.0,0.05,0.4189962251498132,0.42999236144918,0.010996136299366799,0.010996136299366799,0,0,0,-1
gmsc,lightgbm,74,NumberOfDependents,relative_plus_5,0.05,0.0,0.05,0.210992213581658,0.2501192028347468,0.0391269892530888,0.0391269892530888,0,0,0,-1
gmsc,lightgbm,75,NumberOfDependents,relative_plus_5,0.05,0.0,0.05,0.5342256118004257,0.5741290249819117,0.039903413181485936,0.039903413181485936,1,1,0,-1
gmsc,lightgbm,76,NumberOfDependents,relative_plus_5,0.05,1.0,1.05,0.14869088239886066,0.14869088239886066,0.0,0.0,0,0,0,-1
gmsc,lightgbm,77,NumberOfDependents,relative_plus_5,0.05,0.0,0.05,0.06703174942227336,0.07905088830414218,0.012019138881868827,0.012019138881868827,0,0,0,-1
gmsc,lightgbm,78,NumberOfDependents,relative_plus_5,0.05,0.0,0.05,0.06266917697987844,0.07803549767642474,0.01536632069654631,0.01536632069654631,0,0,0,-1
gmsc,lightgbm,79,NumberOfDependents,relative_plus_5,0.05,0.0,0.05,0.3139529328389652,0.32558690991982353,0.011633977080858338,0.011633977080858338,0,0,0,-1
gmsc,lightgbm,80,NumberOfDependents,relative_plus_5,0.05,0.0,0.05,0.13302830629350945,0.1358138482208263,0.002785541927316837,0.002785541927316837,0,0,0,-1
gmsc,lightgbm,81,NumberOfDependents,relative_plus_5,0.05,0.0,0.05,0.1610671025822026,0.17264385867415058,0.01157675609194797,0.01157675609194797,0,0,0,-1
gmsc,lightgbm,82,NumberOfDependents,relative_plus_5,0.05,0.0,0.05,0.39361810976909195,0.39390512634446784,0.0002870165753758869,0.0002870165753758869,0,0,0,-1
gmsc,lightgbm,83,NumberOfDependents,relative_plus_5,0.05,1.0,1.05,0.07356231072502029,0.07356231072502029,0.0,0.0,0,0,0,-1
gmsc,lightgbm,84,NumberOfDependents,relative_plus_5,0.05,3.0,3.15,0.6471402060773409,0.6471402060773409,0.0,0.0,1,1,0,-1
gmsc,lightgbm,85,NumberOfDependents,relative_plus_5,0.05,0.0,0.05,0.06895634900657907,0.06978521462543118,0.0008288656188521065,0.0008288656188521065,0,0,0,-1
gmsc,lightgbm,86,NumberOfDependents,relative_plus_5,0.05,0.0,0.05,0.11410528051242601,0.13681308606397055,0.022707805551544544,0.022707805551544544,0,0,0,-1
gmsc,lightgbm,87,NumberOfDependents,relative_plus_5,0.05,0.0,0.05,0.1006092467906027,0.13629036235976635,0.03568111556916366,0.03568111556916366,0,0,0,-1
gmsc,lightgbm,88,NumberOfDependents,relative_plus_5,0.05,0.0,0.05,0.126512958826711,0.15850291957396298,0.031989960747251994,0.031989960747251994,0,0,0,-1
gmsc,lightgbm,89,NumberOfDependents,relative_plus_5,0.05,2.0,2.1,0.3522704795855978,0.3522704795855978,0.0,0.0,0,0,0,-1
gmsc,lightgbm,90,NumberOfDependents,relative_plus_5,0.05,0.0,0.05,0.04106193866788959,0.0676244486995549,0.026562510031665314,0.026562510031665314,0,0,0,-1
gmsc,lightgbm,91,NumberOfDependents,relative_plus_5,0.05,1.0,1.05,0.15372114734573783,0.15372114734573783,0.0,0.0,0,0,0,-1
gmsc,lightgbm,92,NumberOfDependents,relative_plus_5,0.05,0.0,0.05,0.06485095205727061,0.08171644072310552,0.016865488665834913,0.016865488665834913,0,0,0,-1
gmsc,lightgbm,93,NumberOfDependents,relative_plus_5,0.05,1.0,1.05,0.09924642147480602,0.09924642147480602,0.0,0.0,0,0,0,-1
gmsc,lightgbm,94,NumberOfDependents,relative_plus_5,0.05,0.0,0.05,0.16680920152776404,0.16961411343882557,0.002804911911061525,0.002804911911061525,0,0,0,-1
gmsc,lightgbm,95,NumberOfDependents,relative_plus_5,0.05,2.0,2.1,0.21924410434064803,0.21924410434064803,0.0,0.0,0,0,0,-1
gmsc,lightgbm,96,NumberOfDependents,relative_plus_5,0.05,0.0,0.05,0.1131618927406001,0.11328261204480819,0.00012071930420809451,0.00012071930420809451,0,0,0,-1
gmsc,lightgbm,97,NumberOfDependents,relative_plus_5,0.05,0.0,0.05,0.10806143941846993,0.13232598494027098,0.024264545521801045,0.024264545521801045,0,0,0,-1
gmsc,lightgbm,98,NumberOfDependents,relative_plus_5,0.05,4.0,4.2,0.4053784379973068,0.4053784379973068,0.0,0.0,0,0,0,-1
gmsc,lightgbm,99,NumberOfDependents,relative_plus_5,0.05,0.0,0.05,0.9052932427250325,0.9093848215220627,0.004091578797030149,0.004091578797030149,1,1,0,-1
gmsc,lightgbm,0,NumberOfDependents,relative_minus_10,-0.1,0.0,0.1,0.09051292759777842,0.09157542069435658,0.0010624930965781598,0.0010624930965781598,0,0,0,-1
gmsc,lightgbm,1,NumberOfDependents,relative_minus_10,-0.1,0.0,0.1,0.07432795724364831,0.0747779357233747,0.00044997847972638727,0.00044997847972638727,0,0,0,-1
gmsc,lightgbm,2,NumberOfDependents,relative_minus_10,-0.1,0.0,0.1,0.056660675741342766,0.07155914862356337,0.014898472882220605,0.014898472882220605,0,0,0,-1
gmsc,lightgbm,3,NumberOfDependents,relative_minus_10,-0.1,0.0,0.1,0.286464202572455,0.2885240306492762,0.002059828076821202,0.002059828076821202,0,0,0,-1
gmsc,lightgbm,4,NumberOfDependents,relative_minus_10,-0.1,0.0,0.1,0.10238192900656183,0.1048724961393439,0.002490567132782062,0.002490567132782062,0,0,0,-1
gmsc,lightgbm,5,NumberOfDependents,relative_minus_10,-0.1,1.0,1.1,0.18604525641874214,0.18604525641874214,0.0,0.0,0,0,0,-1
gmsc,lightgbm,6,NumberOfDependents,relative_minus_10,-0.1,1.0,1.1,0.23797486099678064,0.23797486099678064,0.0,0.0,0,0,0,-1
gmsc,lightgbm,7,NumberOfDependents,relative_minus_10,-0.1,0.0,0.1,0.1952165672674782,0.19923404806527673,0.004017480797798512,0.004017480797798512,0,0,0,-1
gmsc,lightgbm,8,NumberOfDependents,relative_minus_10,-0.1,0.0,0.1,0.1354653526779545,0.13623098351940732,0.0007656308414528135,0.0007656308414528135,0,0,0,-1
gmsc,lightgbm,9,NumberOfDependents,relative_minus_10,-0.1,0.0,0.1,0.4085309008746626,0.41920024583940946,0.010669344964746863,0.010669344964746863,0,0,0,-1
gmsc,lightgbm,10,NumberOfDependents,relative_minus_10,-0.1,0.0,0.1,0.4151340630771105,0.41793302055428616,0.0027989574771756787,0.0027989574771756787,0,0,0,-1
gmsc,lightgbm,11,NumberOfDependents,relative_minus_10,-0.1,2.0,2.2,0.2344419755121663,0.2344419755121663,0.0,0.0,0,0,0,-1
gmsc,lightgbm,12,NumberOfDependents,relative_minus_10,-0.1,0.0,0.1,0.04156783494420435,0.04818552305195059,0.006617688107746239,0.006617688107746239,0,0,0,-1
gmsc,lightgbm,13,NumberOfDependents,relative_minus_10,-0.1,0.0,0.1,0.8781305200687587,0.8903542493161194,0.012223729247360704,0.012223729247360704,1,1,0,-1
gmsc,lightgbm,14,NumberOfDependents,relative_minus_10,-0.1,3.0,3.3,0.30318348670534856,0.30318348670534856,0.0,0.0,0,0,0,-1
gmsc,lightgbm,15,NumberOfDependents,relative_minus_10,-0.1,3.0,3.3,0.27986218783007943,0.27986218783007943,0.0,0.0,0,0,0,-1
gmsc,lightgbm,16,NumberOfDependents,relative_minus_10,-0.1,0.0,0.1,0.4795715640243079,0.5160815039354136,0.03650993991110574,0.03650993991110574,0,1,1,-1
gmsc,lightgbm,17,NumberOfDependents,relative_minus_10,-0.1,0.0,0.1,0.10036173784291944,0.11386920096069075,0.013507463117771318,0.013507463117771318,0,0,0,-1
gmsc,lightgbm,18,NumberOfDependents,relative_minus_10,-0.1,1.0,1.1,0.4332396231850946,0.4332396231850946,0.0,0.0,0,0,0,-1
gmsc,lightgbm,19,NumberOfDependents,relative_minus_10,-0.1,0.0,0.1,0.20706517488791176,0.20845472102617527,0.0013895461382635033,0.0013895461382635033,0,0,0,-1
gmsc,lightgbm,20,NumberOfDependents,relative_minus_10,-0.1,2.0,2.2,0.05708612745116283,0.05708612745116283,0.0,0.0,0,0,0,-1
gmsc,lightgbm,21,NumberOfDependents,relative_minus_10,-0.1,0.0,0.1,0.0755556455268635,0.0856549161752201,0.010099270648356598,0.010099270648356598,0,0,0,-1
gmsc,lightgbm,22,NumberOfDependents,relative_minus_10,-0.1,0.0,0.1,0.05695935088858043,0.05765294043588257,0.0006935895473021425,0.0006935895473021425,0,0,0,-1
gmsc,lightgbm,23,NumberOfDependents,relative_minus_10,-0.1,3.0,3.3,0.08889571164479391,0.08889571164479391,0.0,0.0,0,0,0,-1
gmsc,lightgbm,24,NumberOfDependents,relative_minus_10,-0.1,1.0,1.1,0.03569402945373115,0.03569402945373115,0.0,0.0,0,0,0,-1
gmsc,lightgbm,25,NumberOfDependents,relative_minus_10,-0.1,0.0,0.1,0.485195355176274,0.49943098897664134,0.014235633800367353,0.014235633800367353,0,0,0,-1
gmsc,lightgbm,26,NumberOfDependents,relative_minus_10,-0.1,0.0,0.1,0.4690330102001808,0.4756289095402601,0.006595899340079314,0.006595899340079314,0,0,0,-1
gmsc,lightgbm,27,NumberOfDependents,relative_minus_10,-0.1,0.0,0.1,0.15310886136230434,0.17202778443339165,0.018918923071087307,0.018918923071087307,0,0,0,-1
gmsc,lightgbm,28,NumberOfDependents,relative_minus_10,-0.1,2.0,2.2,0.24706706865061875,0.24706706865061875,0.0,0.0,0,0,0,-1
gmsc,lightgbm,29,NumberOfDependents,relative_minus_10,-0.1,0.0,0.1,0.07280429517617616,0.06579990360243274,-0.0070043915737434265,0.0070043915737434265,0,0,0,-1
gmsc,lightgbm,30,NumberOfDependents,relative_minus_10,-0.1,0.0,0.1,0.2669688028729123,0.28154219581296747,0.014573392940055163,0.014573392940055163,0,0,0,-1
gmsc,lightgbm,31,NumberOfDependents,relative_minus_10,-0.1,2.0,2.2,0.16812286485697317,0.16812286485697317,0.0,0.0,0,0,0,-1
gmsc,lightgbm,32,NumberOfDependents,relative_minus_10,-0.1,0.0,0.1,0.1358222660255187,0.1359634529183326,0.00014118689281389374,0.00014118689281389374,0,0,0,-1
gmsc,lightgbm,33,NumberOfDependents,relative_minus_10,-0.1,0.0,0.1,0.0907121359558535,0.09659198886866956,0.00587985291281605,0.00587985291281605,0,0,0,-1
gmsc,lightgbm,34,NumberOfDependents,relative_minus_10,-0.1,0.0,0.1,0.5887765630991544,0.5974779400727298,0.008701376973575425,0.008701376973575425,1,1,0,-1
gmsc,lightgbm,35,NumberOfDependents,relative_minus_10,-0.1,0.0,0.1,0.7686376306323768,0.7767529780104717,0.00811534737809494,0.00811534737809494,1,1,0,-1
gmsc,lightgbm,36,NumberOfDependents,relative_minus_10,-0.1,0.0,0.1,0.20383228110756807,0.2040274732535986,0.0001951921460305317,0.0001951921460305317,0,0,0,-1
gmsc,lightgbm,37,NumberOfDependents,relative_minus_10,-0.1,0.0,0.1,0.36583164209666225,0.37957681908243374,0.01374517698577149,0.01374517698577149,0,0,0,-1
gmsc,lightgbm,38,NumberOfDependents,relative_minus_10,-0.1,0.0,0.1,0.25782269826496373,0.24764996290324148,-0.010172735361722252,0.010172735361722252,0,0,0,-1
gmsc,lightgbm,39,NumberOfDependents,relative_minus_10,-0.1,3.0,3.3,0.35851671570275906,0.35851671570275906,0.0,0.0,0,0,0,-1
gmsc,lightgbm,40,NumberOfDependents,relative_minus_10,-0.1,3.0,3.3,0.15809809532716768,0.15809809532716768,0.0,0.0,0,0,0,-1
gmsc,lightgbm,41,NumberOfDependents,relative_minus_10,-0.1,0.0,0.1,0.17767130123412736,0.19041380732378724,0.012742506089659877,0.012742506089659877,0,0,0,-1
gmsc,lightgbm,42,NumberOfDependents,relative_minus_10,-0.1,0.0,0.1,0.13142576347451704,0.13725060737406947,0.005824843899552429,0.005824843899552429,0,0,0,-1
gmsc,lightgbm,43,NumberOfDependents,relative_minus_10,-0.1,0.0,0.1,0.5220123045323535,0.5480571307712037,0.026044826238850183,0.026044826238850183,1,1,0,-1
gmsc,lightgbm,44,NumberOfDependents,relative_minus_10,-0.1,2.0,2.2,0.10248475676544401,0.10248475676544401,0.0,0.0,0,0,0,-1
gmsc,lightgbm,45,NumberOfDependents,relative_minus_10,-0.1,0.0,0.1,0.134509615497707,0.13601133218189915,0.0015017166841921337,0.0015017166841921337,0,0,0,-1
gmsc,lightgbm,46,NumberOfDependents,relative_minus_10,-0.1,0.0,0.1,0.24542503658751236,0.247292042744657,0.001867006157144635,0.001867006157144635,0,0,0,-1
gmsc,lightgbm,47,NumberOfDependents,relative_minus_10,-0.1,0.0,0.1,0.06429004529354826,0.06559522779117527,0.001305182497627011,0.001305182497627011,0,0,0,-1
gmsc,lightgbm,48,NumberOfDependents,relative_minus_10,-0.1,0.0,0.1,0.08494795229441349,0.10368026571139498,0.01873231341698149,0.01873231341698149,0,0,0,-1
gmsc,lightgbm,49,NumberOfDependents,relative_minus_10,-0.1,0.0,0.1,0.032964158323007746,0.03929805513205024,0.006333896809042491,0.006333896809042491,0,0,0,-1
gmsc,lightgbm,50,NumberOfDependents,relative_minus_10,-0.1,0.0,0.1,0.15598569074603788,0.16501921039230003,0.009033519646262145,0.009033519646262145,0,0,0,-1
gmsc,lightgbm,51,NumberOfDependents,relative_minus_10,-0.1,0.0,0.1,0.2427114365476945,0.2471389856332374,0.004427549085542909,0.004427549085542909,0,0,0,-1
gmsc,lightgbm,52,NumberOfDependents,relative_minus_10,-0.1,0.0,0.1,0.04278071258564872,0.05466062183202724,0.011879909246378516,0.011879909246378516,0,0,0,-1
gmsc,lightgbm,53,NumberOfDependents,relative_minus_10,-0.1,0.0,0.1,0.8459631804707949,0.859206183072411,0.01324300260161615,0.01324300260161615,1,1,0,-1
gmsc,lightgbm,54,NumberOfDependents,relative_minus_10,-0.1,0.0,0.1,0.9585025696211499,0.9651391270799704,0.0066365574588205245,0.0066365574588205245,1,1,0,-1
gmsc,lightgbm,55,NumberOfDependents,relative_minus_10,-0.1,0.0,0.1,0.05240087287788092,0.06281070328707082,0.010409830409189899,0.010409830409189899,0,0,0,-1
gmsc,lightgbm,56,NumberOfDependents,relative_minus_10,-0.1,0.0,0.1,0.16633030838518062,0.16548243949940625,-0.0008478688857743721,0.0008478688857743721,0,0,0,-1
gmsc,lightgbm,57,NumberOfDependents,relative_minus_10,-0.1,0.0,0.1,0.5855679032449771,0.6184094959066995,0.032841592661722374,0.032841592661722374,1,1,0,-1
gmsc,lightgbm,58,NumberOfDependents,relative_minus_10,-0.1,0.0,0.1,0.7120052536243187,0.7174014164871542,0.005396162862835507,0.005396162862835507,1,1,0,-1
gmsc,lightgbm,59,NumberOfDependents,relative_minus_10,-0.1,1.0,1.1,0.6081127081916137,0.6081127081916137,0.0,0.0,1,1,0,-1
gmsc,lightgbm,60,NumberOfDependents,relative_minus_10,-0.1,2.0,2.2,0.19907747746451288,0.19907747746451288,0.0,0.0,0,0,0,-1
gmsc,lightgbm,61,NumberOfDependents,relative_minus_10,-0.1,1.0,1.1,0.3321226038071093,0.3321226038071093,0.0,0.0,0,0,0,-1
gmsc,lightgbm,62,NumberOfDependents,relative_minus_10,-0.1,0.0,0.1,0.49700932793678176,0.4976751549784154,0.0006658270416336487,0.0006658270416336487,0,0,0,-1
gmsc,lightgbm,63,NumberOfDependents,relative_minus_10,-0.1,2.0,2.2,0.07983838287755414,0.07983838287755414,0.0,0.0,0,0,0,-1
gmsc,lightgbm,64,NumberOfDependents,relative_minus_10,-0.1,0.0,0.1,0.27572869286326523,0.2751611824199674,-0.0005675104432978362,0.0005675104432978362,0,0,0,-1
gmsc,lightgbm,65,NumberOfDependents,relative_minus_10,-0.1,3.0,3.3,0.3901193599625518,0.3901193599625518,0.0,0.0,0,0,0,-1
gmsc,lightgbm,66,NumberOfDependents,relative_minus_10,-0.1,0.0,0.1,0.14251343003654435,0.14266042415587313,0.00014699411932878048,0.00014699411932878048,0,0,0,-1
gmsc,lightgbm,67,NumberOfDependents,relative_minus_10,-0.1,3.0,3.3,0.42152422623564395,0.42152422623564395,0.0,0.0,0,0,0,-1
gmsc,lightgbm,68,NumberOfDependents,relative_minus_10,-0.1,2.0,2.2,0.1212328971978392,0.1212328971978392,0.0,0.0,0,0,0,-1
gmsc,lightgbm,69,NumberOfDependents,relative_minus_10,-0.1,2.0,2.2,0.5620282234727743,0.5620282234727743,0.0,0.0,1,1,0,-1
gmsc,lightgbm,70,NumberOfDependents,relative_minus_10,-0.1,0.0,0.1,0.4264114501848385,0.45397071862889515,0.02755926844405665,0.02755926844405665,0,0,0,-1
gmsc,lightgbm,71,NumberOfDependents,relative_minus_10,-0.1,4.0,4.4,0.11528535367529104,0.11528535367529104,0.0,0.0,0,0,0,-1
gmsc,lightgbm,72,NumberOfDependents,relative_minus_10,-0.1,0.0,0.1,0.18694209170398213,0.19327042710139736,0.00632833539741523,0.00632833539741523,0,0,0,-1
gmsc,lightgbm,73,NumberOfDependents,relative_minus_10,-0.1,0.0,0.1,0.4189962251498132,0.42999236144918,0.010996136299366799,0.010996136299366799,0,0,0,-1
gmsc,lightgbm,74,NumberOfDependents,relative_minus_10,-0.1,0.0,0.1,0.210992213581658,0.2501192028347468,0.0391269892530888,0.0391269892530888,0,0,0,-1
gmsc,lightgbm,75,NumberOfDependents,relative_minus_10,-0.1,0.0,0.1,0.5342256118004257,0.5741290249819117,0.039903413181485936,0.039903413181485936,1,1,0,-1
gmsc,lightgbm,76,NumberOfDependents,relative_minus_10,-0.1,1.0,1.1,0.14869088239886066,0.14869088239886066,0.0,0.0,0,0,0,-1
gmsc,lightgbm,77,NumberOfDependents,relative_minus_10,-0.1,0.0,0.1,0.06703174942227336,0.07905088830414218,0.012019138881868827,0.012019138881868827,0,0,0,-1
gmsc,lightgbm,78,NumberOfDependents,relative_minus_10,-0.1,0.0,0.1,0.06266917697987844,0.07803549767642474,0.01536632069654631,0.01536632069654631,0,0,0,-1
gmsc,lightgbm,79,NumberOfDependents,relative_minus_10,-0.1,0.0,0.1,0.3139529328389652,0.32558690991982353,0.011633977080858338,0.011633977080858338,0,0,0,-1
gmsc,lightgbm,80,NumberOfDependents,relative_minus_10,-0.1,0.0,0.1,0.13302830629350945,0.1358138482208263,0.002785541927316837,0.002785541927316837,0,0,0,-1
gmsc,lightgbm,81,NumberOfDependents,relative_minus_10,-0.1,0.0,0.1,0.1610671025822026,0.17264385867415058,0.01157675609194797,0.01157675609194797,0,0,0,-1
gmsc,lightgbm,82,NumberOfDependents,relative_minus_10,-0.1,0.0,0.1,0.39361810976909195,0.39390512634446784,0.0002870165753758869,0.0002870165753758869,0,0,0,-1
gmsc,lightgbm,83,NumberOfDependents,relative_minus_10,-0.1,1.0,1.1,0.07356231072502029,0.07356231072502029,0.0,0.0,0,0,0,-1
gmsc,lightgbm,84,NumberOfDependents,relative_minus_10,-0.1,3.0,3.3,0.6471402060773409,0.6471402060773409,0.0,0.0,1,1,0,-1
gmsc,lightgbm,85,NumberOfDependents,relative_minus_10,-0.1,0.0,0.1,0.06895634900657907,0.06978521462543118,0.0008288656188521065,0.0008288656188521065,0,0,0,-1
gmsc,lightgbm,86,NumberOfDependents,relative_minus_10,-0.1,0.0,0.1,0.11410528051242601,0.13681308606397055,0.022707805551544544,0.022707805551544544,0,0,0,-1
gmsc,lightgbm,87,NumberOfDependents,relative_minus_10,-0.1,0.0,0.1,0.1006092467906027,0.13629036235976635,0.03568111556916366,0.03568111556916366,0,0,0,-1
gmsc,lightgbm,88,NumberOfDependents,relative_minus_10,-0.1,0.0,0.1,0.126512958826711,0.15850291957396298,0.031989960747251994,0.031989960747251994,0,0,0,-1
gmsc,lightgbm,89,NumberOfDependents,relative_minus_10,-0.1,2.0,2.2,0.3522704795855978,0.3522704795855978,0.0,0.0,0,0,0,-1
gmsc,lightgbm,90,NumberOfDependents,relative_minus_10,-0.1,0.0,0.1,0.04106193866788959,0.0676244486995549,0.026562510031665314,0.026562510031665314,0,0,0,-1
gmsc,lightgbm,91,NumberOfDependents,relative_minus_10,-0.1,1.0,1.1,0.15372114734573783,0.15372114734573783,0.0,0.0,0,0,0,-1
gmsc,lightgbm,92,NumberOfDependents,relative_minus_10,-0.1,0.0,0.1,0.06485095205727061,0.08171644072310552,0.016865488665834913,0.016865488665834913,0,0,0,-1
gmsc,lightgbm,93,NumberOfDependents,relative_minus_10,-0.1,1.0,1.1,0.09924642147480602,0.09924642147480602,0.0,0.0,0,0,0,-1
gmsc,lightgbm,94,NumberOfDependents,relative_minus_10,-0.1,0.0,0.1,0.16680920152776404,0.16961411343882557,0.002804911911061525,0.002804911911061525,0,0,0,-1
gmsc,lightgbm,95,NumberOfDependents,relative_minus_10,-0.1,2.0,2.2,0.21924410434064803,0.21924410434064803,0.0,0.0,0,0,0,-1
gmsc,lightgbm,96,NumberOfDependents,relative_minus_10,-0.1,0.0,0.1,0.1131618927406001,0.11328261204480819,0.00012071930420809451,0.00012071930420809451,0,0,0,-1
gmsc,lightgbm,97,NumberOfDependents,relative_minus_10,-0.1,0.0,0.1,0.10806143941846993,0.13232598494027098,0.024264545521801045,0.024264545521801045,0,0,0,-1
gmsc,lightgbm,98,NumberOfDependents,relative_minus_10,-0.1,4.0,4.4,0.4053784379973068,0.4053784379973068,0.0,0.0,0,0,0,-1
gmsc,lightgbm,99,NumberOfDependents,relative_minus_10,-0.1,0.0,0.1,0.9052932427250325,0.9093848215220627,0.004091578797030149,0.004091578797030149,1,1,0,-1
gmsc,lightgbm,0,NumberOfDependents,relative_plus_10,0.1,0.0,0.1,0.09051292759777842,0.09157542069435658,0.0010624930965781598,0.0010624930965781598,0,0,0,-1
gmsc,lightgbm,1,NumberOfDependents,relative_plus_10,0.1,0.0,0.1,0.07432795724364831,0.0747779357233747,0.00044997847972638727,0.00044997847972638727,0,0,0,-1
gmsc,lightgbm,2,NumberOfDependents,relative_plus_10,0.1,0.0,0.1,0.056660675741342766,0.07155914862356337,0.014898472882220605,0.014898472882220605,0,0,0,-1
gmsc,lightgbm,3,NumberOfDependents,relative_plus_10,0.1,0.0,0.1,0.286464202572455,0.2885240306492762,0.002059828076821202,0.002059828076821202,0,0,0,-1
gmsc,lightgbm,4,NumberOfDependents,relative_plus_10,0.1,0.0,0.1,0.10238192900656183,0.1048724961393439,0.002490567132782062,0.002490567132782062,0,0,0,-1
gmsc,lightgbm,5,NumberOfDependents,relative_plus_10,0.1,1.0,1.1,0.18604525641874214,0.18604525641874214,0.0,0.0,0,0,0,-1
gmsc,lightgbm,6,NumberOfDependents,relative_plus_10,0.1,1.0,1.1,0.23797486099678064,0.23797486099678064,0.0,0.0,0,0,0,-1
gmsc,lightgbm,7,NumberOfDependents,relative_plus_10,0.1,0.0,0.1,0.1952165672674782,0.19923404806527673,0.004017480797798512,0.004017480797798512,0,0,0,-1
gmsc,lightgbm,8,NumberOfDependents,relative_plus_10,0.1,0.0,0.1,0.1354653526779545,0.13623098351940732,0.0007656308414528135,0.0007656308414528135,0,0,0,-1
gmsc,lightgbm,9,NumberOfDependents,relative_plus_10,0.1,0.0,0.1,0.4085309008746626,0.41920024583940946,0.010669344964746863,0.010669344964746863,0,0,0,-1
gmsc,lightgbm,10,NumberOfDependents,relative_plus_10,0.1,0.0,0.1,0.4151340630771105,0.41793302055428616,0.0027989574771756787,0.0027989574771756787,0,0,0,-1
gmsc,lightgbm,11,NumberOfDependents,relative_plus_10,0.1,2.0,2.2,0.2344419755121663,0.2344419755121663,0.0,0.0,0,0,0,-1
gmsc,lightgbm,12,NumberOfDependents,relative_plus_10,0.1,0.0,0.1,0.04156783494420435,0.04818552305195059,0.006617688107746239,0.006617688107746239,0,0,0,-1
gmsc,lightgbm,13,NumberOfDependents,relative_plus_10,0.1,0.0,0.1,0.8781305200687587,0.8903542493161194,0.012223729247360704,0.012223729247360704,1,1,0,-1
gmsc,lightgbm,14,NumberOfDependents,relative_plus_10,0.1,3.0,3.3,0.30318348670534856,0.30318348670534856,0.0,0.0,0,0,0,-1
gmsc,lightgbm,15,NumberOfDependents,relative_plus_10,0.1,3.0,3.3,0.27986218783007943,0.27986218783007943,0.0,0.0,0,0,0,-1
gmsc,lightgbm,16,NumberOfDependents,relative_plus_10,0.1,0.0,0.1,0.4795715640243079,0.5160815039354136,0.03650993991110574,0.03650993991110574,0,1,1,-1
gmsc,lightgbm,17,NumberOfDependents,relative_plus_10,0.1,0.0,0.1,0.10036173784291944,0.11386920096069075,0.013507463117771318,0.013507463117771318,0,0,0,-1
gmsc,lightgbm,18,NumberOfDependents,relative_plus_10,0.1,1.0,1.1,0.4332396231850946,0.4332396231850946,0.0,0.0,0,0,0,-1
gmsc,lightgbm,19,NumberOfDependents,relative_plus_10,0.1,0.0,0.1,0.20706517488791176,0.20845472102617527,0.0013895461382635033,0.0013895461382635033,0,0,0,-1
gmsc,lightgbm,20,NumberOfDependents,relative_plus_10,0.1,2.0,2.2,0.05708612745116283,0.05708612745116283,0.0,0.0,0,0,0,-1
gmsc,lightgbm,21,NumberOfDependents,relative_plus_10,0.1,0.0,0.1,0.0755556455268635,0.0856549161752201,0.010099270648356598,0.010099270648356598,0,0,0,-1
gmsc,lightgbm,22,NumberOfDependents,relative_plus_10,0.1,0.0,0.1,0.05695935088858043,0.05765294043588257,0.0006935895473021425,0.0006935895473021425,0,0,0,-1
gmsc,lightgbm,23,NumberOfDependents,relative_plus_10,0.1,3.0,3.3,0.08889571164479391,0.08889571164479391,0.0,0.0,0,0,0,-1
gmsc,lightgbm,24,NumberOfDependents,relative_plus_10,0.1,1.0,1.1,0.03569402945373115,0.03569402945373115,0.0,0.0,0,0,0,-1
gmsc,lightgbm,25,NumberOfDependents,relative_plus_10,0.1,0.0,0.1,0.485195355176274,0.49943098897664134,0.014235633800367353,0.014235633800367353,0,0,0,-1
gmsc,lightgbm,26,NumberOfDependents,relative_plus_10,0.1,0.0,0.1,0.4690330102001808,0.4756289095402601,0.006595899340079314,0.006595899340079314,0,0,0,-1
gmsc,lightgbm,27,NumberOfDependents,relative_plus_10,0.1,0.0,0.1,0.15310886136230434,0.17202778443339165,0.018918923071087307,0.018918923071087307,0,0,0,-1
gmsc,lightgbm,28,NumberOfDependents,relative_plus_10,0.1,2.0,2.2,0.24706706865061875,0.24706706865061875,0.0,0.0,0,0,0,-1
gmsc,lightgbm,29,NumberOfDependents,relative_plus_10,0.1,0.0,0.1,0.07280429517617616,0.06579990360243274,-0.0070043915737434265,0.0070043915737434265,0,0,0,-1
gmsc,lightgbm,30,NumberOfDependents,relative_plus_10,0.1,0.0,0.1,0.2669688028729123,0.28154219581296747,0.014573392940055163,0.014573392940055163,0,0,0,-1
gmsc,lightgbm,31,NumberOfDependents,relative_plus_10,0.1,2.0,2.2,0.16812286485697317,0.16812286485697317,0.0,0.0,0,0,0,-1
gmsc,lightgbm,32,NumberOfDependents,relative_plus_10,0.1,0.0,0.1,0.1358222660255187,0.1359634529183326,0.00014118689281389374,0.00014118689281389374,0,0,0,-1
gmsc,lightgbm,33,NumberOfDependents,relative_plus_10,0.1,0.0,0.1,0.0907121359558535,0.09659198886866956,0.00587985291281605,0.00587985291281605,0,0,0,-1
gmsc,lightgbm,34,NumberOfDependents,relative_plus_10,0.1,0.0,0.1,0.5887765630991544,0.5974779400727298,0.008701376973575425,0.008701376973575425,1,1,0,-1
gmsc,lightgbm,35,NumberOfDependents,relative_plus_10,0.1,0.0,0.1,0.7686376306323768,0.7767529780104717,0.00811534737809494,0.00811534737809494,1,1,0,-1
gmsc,lightgbm,36,NumberOfDependents,relative_plus_10,0.1,0.0,0.1,0.20383228110756807,0.2040274732535986,0.0001951921460305317,0.0001951921460305317,0,0,0,-1
gmsc,lightgbm,37,NumberOfDependents,relative_plus_10,0.1,0.0,0.1,0.36583164209666225,0.37957681908243374,0.01374517698577149,0.01374517698577149,0,0,0,-1
gmsc,lightgbm,38,NumberOfDependents,relative_plus_10,0.1,0.0,0.1,0.25782269826496373,0.24764996290324148,-0.010172735361722252,0.010172735361722252,0,0,0,-1
gmsc,lightgbm,39,NumberOfDependents,relative_plus_10,0.1,3.0,3.3,0.35851671570275906,0.35851671570275906,0.0,0.0,0,0,0,-1
gmsc,lightgbm,40,NumberOfDependents,relative_plus_10,0.1,3.0,3.3,0.15809809532716768,0.15809809532716768,0.0,0.0,0,0,0,-1
gmsc,lightgbm,41,NumberOfDependents,relative_plus_10,0.1,0.0,0.1,0.17767130123412736,0.19041380732378724,0.012742506089659877,0.012742506089659877,0,0,0,-1
gmsc,lightgbm,42,NumberOfDependents,relative_plus_10,0.1,0.0,0.1,0.13142576347451704,0.13725060737406947,0.005824843899552429,0.005824843899552429,0,0,0,-1
gmsc,lightgbm,43,NumberOfDependents,relative_plus_10,0.1,0.0,0.1,0.5220123045323535,0.5480571307712037,0.026044826238850183,0.026044826238850183,1,1,0,-1
gmsc,lightgbm,44,NumberOfDependents,relative_plus_10,0.1,2.0,2.2,0.10248475676544401,0.10248475676544401,0.0,0.0,0,0,0,-1
gmsc,lightgbm,45,NumberOfDependents,relative_plus_10,0.1,0.0,0.1,0.134509615497707,0.13601133218189915,0.0015017166841921337,0.0015017166841921337,0,0,0,-1
gmsc,lightgbm,46,NumberOfDependents,relative_plus_10,0.1,0.0,0.1,0.24542503658751236,0.247292042744657,0.001867006157144635,0.001867006157144635,0,0,0,-1
gmsc,lightgbm,47,NumberOfDependents,relative_plus_10,0.1,0.0,0.1,0.06429004529354826,0.06559522779117527,0.001305182497627011,0.001305182497627011,0,0,0,-1
gmsc,lightgbm,48,NumberOfDependents,relative_plus_10,0.1,0.0,0.1,0.08494795229441349,0.10368026571139498,0.01873231341698149,0.01873231341698149,0,0,0,-1
gmsc,lightgbm,49,NumberOfDependents,relative_plus_10,0.1,0.0,0.1,0.032964158323007746,0.03929805513205024,0.006333896809042491,0.006333896809042491,0,0,0,-1
gmsc,lightgbm,50,NumberOfDependents,relative_plus_10,0.1,0.0,0.1,0.15598569074603788,0.16501921039230003,0.009033519646262145,0.009033519646262145,0,0,0,-1
gmsc,lightgbm,51,NumberOfDependents,relative_plus_10,0.1,0.0,0.1,0.2427114365476945,0.2471389856332374,0.004427549085542909,0.004427549085542909,0,0,0,-1
gmsc,lightgbm,52,NumberOfDependents,relative_plus_10,0.1,0.0,0.1,0.04278071258564872,0.05466062183202724,0.011879909246378516,0.011879909246378516,0,0,0,-1
gmsc,lightgbm,53,NumberOfDependents,relative_plus_10,0.1,0.0,0.1,0.8459631804707949,0.859206183072411,0.01324300260161615,0.01324300260161615,1,1,0,-1
gmsc,lightgbm,54,NumberOfDependents,relative_plus_10,0.1,0.0,0.1,0.9585025696211499,0.9651391270799704,0.0066365574588205245,0.0066365574588205245,1,1,0,-1
gmsc,lightgbm,55,NumberOfDependents,relative_plus_10,0.1,0.0,0.1,0.05240087287788092,0.06281070328707082,0.010409830409189899,0.010409830409189899,0,0,0,-1
gmsc,lightgbm,56,NumberOfDependents,relative_plus_10,0.1,0.0,0.1,0.16633030838518062,0.16548243949940625,-0.0008478688857743721,0.0008478688857743721,0,0,0,-1
gmsc,lightgbm,57,NumberOfDependents,relative_plus_10,0.1,0.0,0.1,0.5855679032449771,0.6184094959066995,0.032841592661722374,0.032841592661722374,1,1,0,-1
gmsc,lightgbm,58,NumberOfDependents,relative_plus_10,0.1,0.0,0.1,0.7120052536243187,0.7174014164871542,0.005396162862835507,0.005396162862835507,1,1,0,-1
gmsc,lightgbm,59,NumberOfDependents,relative_plus_10,0.1,1.0,1.1,0.6081127081916137,0.6081127081916137,0.0,0.0,1,1,0,-1
gmsc,lightgbm,60,NumberOfDependents,relative_plus_10,0.1,2.0,2.2,0.19907747746451288,0.19907747746451288,0.0,0.0,0,0,0,-1
gmsc,lightgbm,61,NumberOfDependents,relative_plus_10,0.1,1.0,1.1,0.3321226038071093,0.3321226038071093,0.0,0.0,0,0,0,-1
gmsc,lightgbm,62,NumberOfDependents,relative_plus_10,0.1,0.0,0.1,0.49700932793678176,0.4976751549784154,0.0006658270416336487,0.0006658270416336487,0,0,0,-1
gmsc,lightgbm,63,NumberOfDependents,relative_plus_10,0.1,2.0,2.2,0.07983838287755414,0.07983838287755414,0.0,0.0,0,0,0,-1
gmsc,lightgbm,64,NumberOfDependents,relative_plus_10,0.1,0.0,0.1,0.27572869286326523,0.2751611824199674,-0.0005675104432978362,0.0005675104432978362,0,0,0,-1
gmsc,lightgbm,65,NumberOfDependents,relative_plus_10,0.1,3.0,3.3,0.3901193599625518,0.3901193599625518,0.0,0.0,0,0,0,-1
gmsc,lightgbm,66,NumberOfDependents,relative_plus_10,0.1,0.0,0.1,0.14251343003654435,0.14266042415587313,0.00014699411932878048,0.00014699411932878048,0,0,0,-1
gmsc,lightgbm,67,NumberOfDependents,relative_plus_10,0.1,3.0,3.3,0.42152422623564395,0.42152422623564395,0.0,0.0,0,0,0,-1
gmsc,lightgbm,68,NumberOfDependents,relative_plus_10,0.1,2.0,2.2,0.1212328971978392,0.1212328971978392,0.0,0.0,0,0,0,-1
gmsc,lightgbm,69,NumberOfDependents,relative_plus_10,0.1,2.0,2.2,0.5620282234727743,0.5620282234727743,0.0,0.0,1,1,0,-1
gmsc,lightgbm,70,NumberOfDependents,relative_plus_10,0.1,0.0,0.1,0.4264114501848385,0.45397071862889515,0.02755926844405665,0.02755926844405665,0,0,0,-1
gmsc,lightgbm,71,NumberOfDependents,relative_plus_10,0.1,4.0,4.4,0.11528535367529104,0.11528535367529104,0.0,0.0,0,0,0,-1
gmsc,lightgbm,72,NumberOfDependents,relative_plus_10,0.1,0.0,0.1,0.18694209170398213,0.19327042710139736,0.00632833539741523,0.00632833539741523,0,0,0,-1
gmsc,lightgbm,73,NumberOfDependents,relative_plus_10,0.1,0.0,0.1,0.4189962251498132,0.42999236144918,0.010996136299366799,0.010996136299366799,0,0,0,-1
gmsc,lightgbm,74,NumberOfDependents,relative_plus_10,0.1,0.0,0.1,0.210992213581658,0.2501192028347468,0.0391269892530888,0.0391269892530888,0,0,0,-1
gmsc,lightgbm,75,NumberOfDependents,relative_plus_10,0.1,0.0,0.1,0.5342256118004257,0.5741290249819117,0.039903413181485936,0.039903413181485936,1,1,0,-1
gmsc,lightgbm,76,NumberOfDependents,relative_plus_10,0.1,1.0,1.1,0.14869088239886066,0.14869088239886066,0.0,0.0,0,0,0,-1
gmsc,lightgbm,77,NumberOfDependents,relative_plus_10,0.1,0.0,0.1,0.06703174942227336,0.07905088830414218,0.012019138881868827,0.012019138881868827,0,0,0,-1
gmsc,lightgbm,78,NumberOfDependents,relative_plus_10,0.1,0.0,0.1,0.06266917697987844,0.07803549767642474,0.01536632069654631,0.01536632069654631,0,0,0,-1
gmsc,lightgbm,79,NumberOfDependents,relative_plus_10,0.1,0.0,0.1,0.3139529328389652,0.32558690991982353,0.011633977080858338,0.011633977080858338,0,0,0,-1
gmsc,lightgbm,80,NumberOfDependents,relative_plus_10,0.1,0.0,0.1,0.13302830629350945,0.1358138482208263,0.002785541927316837,0.002785541927316837,0,0,0,-1
gmsc,lightgbm,81,NumberOfDependents,relative_plus_10,0.1,0.0,0.1,0.1610671025822026,0.17264385867415058,0.01157675609194797,0.01157675609194797,0,0,0,-1
gmsc,lightgbm,82,NumberOfDependents,relative_plus_10,0.1,0.0,0.1,0.39361810976909195,0.39390512634446784,0.0002870165753758869,0.0002870165753758869,0,0,0,-1
gmsc,lightgbm,83,NumberOfDependents,relative_plus_10,0.1,1.0,1.1,0.07356231072502029,0.07356231072502029,0.0,0.0,0,0,0,-1
gmsc,lightgbm,84,NumberOfDependents,relative_plus_10,0.1,3.0,3.3,0.6471402060773409,0.6471402060773409,0.0,0.0,1,1,0,-1
gmsc,lightgbm,85,NumberOfDependents,relative_plus_10,0.1,0.0,0.1,0.06895634900657907,0.06978521462543118,0.0008288656188521065,0.0008288656188521065,0,0,0,-1
gmsc,lightgbm,86,NumberOfDependents,relative_plus_10,0.1,0.0,0.1,0.11410528051242601,0.13681308606397055,0.022707805551544544,0.022707805551544544,0,0,0,-1
gmsc,lightgbm,87,NumberOfDependents,relative_plus_10,0.1,0.0,0.1,0.1006092467906027,0.13629036235976635,0.03568111556916366,0.03568111556916366,0,0,0,-1
gmsc,lightgbm,88,NumberOfDependents,relative_plus_10,0.1,0.0,0.1,0.126512958826711,0.15850291957396298,0.031989960747251994,0.031989960747251994,0,0,0,-1
gmsc,lightgbm,89,NumberOfDependents,relative_plus_10,0.1,2.0,2.2,0.3522704795855978,0.3522704795855978,0.0,0.0,0,0,0,-1
gmsc,lightgbm,90,NumberOfDependents,relative_plus_10,0.1,0.0,0.1,0.04106193866788959,0.0676244486995549,0.026562510031665314,0.026562510031665314,0,0,0,-1
gmsc,lightgbm,91,NumberOfDependents,relative_plus_10,0.1,1.0,1.1,0.15372114734573783,0.15372114734573783,0.0,0.0,0,0,0,-1
gmsc,lightgbm,92,NumberOfDependents,relative_plus_10,0.1,0.0,0.1,0.06485095205727061,0.08171644072310552,0.016865488665834913,0.016865488665834913,0,0,0,-1
gmsc,lightgbm,93,NumberOfDependents,relative_plus_10,0.1,1.0,1.1,0.09924642147480602,0.09924642147480602,0.0,0.0,0,0,0,-1
gmsc,lightgbm,94,NumberOfDependents,relative_plus_10,0.1,0.0,0.1,0.16680920152776404,0.16961411343882557,0.002804911911061525,0.002804911911061525,0,0,0,-1
gmsc,lightgbm,95,NumberOfDependents,relative_plus_10,0.1,2.0,2.2,0.21924410434064803,0.21924410434064803,0.0,0.0,0,0,0,-1
gmsc,lightgbm,96,NumberOfDependents,relative_plus_10,0.1,0.0,0.1,0.1131618927406001,0.11328261204480819,0.00012071930420809451,0.00012071930420809451,0,0,0,-1
gmsc,lightgbm,97,NumberOfDependents,relative_plus_10,0.1,0.0,0.1,0.10806143941846993,0.13232598494027098,0.024264545521801045,0.024264545521801045,0,0,0,-1
gmsc,lightgbm,98,NumberOfDependents,relative_plus_10,0.1,4.0,4.4,0.4053784379973068,0.4053784379973068,0.0,0.0,0,0,0,-1
gmsc,lightgbm,99,NumberOfDependents,relative_plus_10,0.1,0.0,0.1,0.9052932427250325,0.9093848215220627,0.004091578797030149,0.004091578797030149,1,1,0,-1
