dataset,model,instance_id,feature,perturbation,magnitude,original_value,perturbed_value,original_probability,perturbed_probability,probability_change,absolute_probability_change,original_prediction,perturbed_prediction,prediction_changed,true_label
gmsc,random_forest,0,RevolvingUtilizationOfUnsecuredLines,relative_minus_5,-0.05,0.030896358,0.0324411759,0.12448314782663561,0.12502577352254474,0.0005426256959091269,0.0005426256959091269,0,0,0,-1
gmsc,random_forest,1,RevolvingUtilizationOfUnsecuredLines,relative_minus_5,-0.05,0.02948292,0.030957066,0.12575902714321507,0.12575902714321502,-5.551115123125783e-17,5.551115123125783e-17,0,0,0,-1
gmsc,random_forest,2,RevolvingUtilizationOfUnsecuredLines,relative_minus_5,-0.05,0.021382323,0.022451439150000002,0.07737496123247078,0.07737496123247078,0.0,0.0,0,0,0,-1
gmsc,random_forest,3,RevolvingUtilizationOfUnsecuredLines,relative_minus_5,-0.05,0.15189621,0.1594910205,0.2222470545521674,0.22387918273388951,0.00163212818172212,0.00163212818172212,0,0,0,-1
gmsc,random_forest,4,RevolvingUtilizationOfUnsecuredLines,relative_minus_5,-0.05,0.011665889,0.012249183450000001,0.16593632439170214,0.16593632439170214,0.0,0.0,0,0,0,-1
gmsc,random_forest,5,RevolvingUtilizationOfUnsecuredLines,relative_minus_5,-0.05,0.23322007,0.2448810735,0.20005511957959218,0.20384760942886285,0.003792489849270664,0.003792489849270664,0,0,0,-1
gmsc,random_forest,6,RevolvingUtilizationOfUnsecuredLines,relative_minus_5,-0.05,0.39567325,0.4154569125,0.24736845321604625,0.2832563554129162,0.035887902196869964,0.035887902196869964,0,0,0,-1
gmsc,random_forest,7,RevolvingUtilizationOfUnsecuredLines,relative_minus_5,-0.05,0.2807908,0.29483034,0.2020807786711973,0.20590306102132364,0.003822282350126327,0.003822282350126327,0,0,0,-1
gmsc,random_forest,8,RevolvingUtilizationOfUnsecuredLines,relative_minus_5,-0.05,0.0,0.00455047435,0.16030677171113558,0.15117633963905897,-0.009130432072076616,0.009130432072076616,0,0,0,-1
gmsc,random_forest,9,RevolvingUtilizationOfUnsecuredLines,relative_minus_5,-0.05,0.12197734,0.128076207,0.44585372419624947,0.44175130791344475,-0.004102416282804722,0.004102416282804722,0,0,0,-1
gmsc,random_forest,10,RevolvingUtilizationOfUnsecuredLines,relative_minus_5,-0.05,0.3846793,0.403913265,0.3047745297393056,0.33449471832504696,0.02972018858574138,0.02972018858574138,0,0,0,-1
gmsc,random_forest,11,RevolvingUtilizationOfUnsecuredLines,relative_minus_5,-0.05,0.43613514,0.457941897,0.2817436317150431,0.28599355221501194,0.004249920499968862,0.004249920499968862,0,0,0,-1
gmsc,random_forest,12,RevolvingUtilizationOfUnsecuredLines,relative_minus_5,-0.05,0.09578084,0.100569882,0.07579737355923029,0.0757973735592303,1.3877787807814457e-17,1.3877787807814457e-17,0,0,0,-1
gmsc,random_forest,13,RevolvingUtilizationOfUnsecuredLines,relative_minus_5,-0.05,0.9999999,1.049999895,0.8725178860518772,0.860133460680673,-0.01238442537120421,0.01238442537120421,1,1,0,-1
gmsc,random_forest,14,RevolvingUtilizationOfUnsecuredLines,relative_minus_5,-0.05,0.47141215,0.4949827575,0.39620212705125957,0.4330708717957459,0.036868744744486315,0.036868744744486315,0,0,0,-1
gmsc,random_forest,15,RevolvingUtilizationOfUnsecuredLines,relative_minus_5,-0.05,0.03738817,0.0392575785,0.358132684091735,0.358132684091735,0.0,0.0,0,0,0,-1
gmsc,random_forest,16,RevolvingUtilizationOfUnsecuredLines,relative_minus_5,-0.05,0.36518577,0.38344505850000005,0.4951408704187556,0.4985821209802916,0.003441250561535991,0.003441250561535991,0,0,0,-1
gmsc,random_forest,17,RevolvingUtilizationOfUnsecuredLines,relative_minus_5,-0.05,0.044219106,0.0464300613,0.1565391154880974,0.1562723747976298,-0.00026674069046761506,0.00026674069046761506,0,0,0,-1
gmsc,random_forest,18,RevolvingUtilizationOfUnsecuredLines,relative_minus_5,-0.05,0.9999999,1.049999895,0.4933265396567783,0.5123348359010166,0.019008296244238276,0.019008296244238276,0,1,1,-1
gmsc,random_forest,19,RevolvingUtilizationOfUnsecuredLines,relative_minus_5,-0.05,0.050904956,0.0534502038,0.33709665441513037,0.3370966544151303,-5.551115123125783e-17,5.551115123125783e-17,0,0,0,-1
gmsc,random_forest,20,RevolvingUtilizationOfUnsecuredLines,relative_minus_5,-0.05,0.028527671,0.02995405455,0.125253843611223,0.1252538436112229,-8.326672684688674e-17,8.326672684688674e-17,0,0,0,-1
gmsc,random_forest,21,RevolvingUtilizationOfUnsecuredLines,relative_minus_5,-0.05,0.06357361,0.0667522905,0.1384442554842199,0.14244244443627502,0.003998188952055115,0.003998188952055115,0,0,0,-1
gmsc,random_forest,22,RevolvingUtilizationOfUnsecuredLines,relative_minus_5,-0.05,0.002599913,0.00272990865,0.10721005514231308,0.10698971469217486,-0.0002203404501382178,0.0002203404501382178,0,0,0,-1
gmsc,random_forest,23,RevolvingUtilizationOfUnsecuredLines,relative_minus_5,-0.05,0.03161417,0.0331948785,0.14155973703643895,0.14155973703643898,2.7755575615628914e-17,2.7755575615628914e-17,0,0,0,-1
gmsc,random_forest,24,RevolvingUtilizationOfUnsecuredLines,relative_minus_5,-0.05,0.025913903,0.02720959815,0.08662915786666847,0.08662915786666847,0.0,0.0,0,0,0,-1
gmsc,random_forest,25,RevolvingUtilizationOfUnsecuredLines,relative_minus_5,-0.05,0.8536293,0.8963107650000001,0.498904333907652,0.5074176224157004,0.008513288508048444,0.008513288508048444,0,1,1,-1
gmsc,random_forest,26,RevolvingUtilizationOfUnsecuredLines,relative_minus_5,-0.05,0.9999999,1.049999895,0.566313369934525,0.6110263044224795,0.04471293448795455,0.04471293448795455,1,1,0,-1
gmsc,random_forest,27,RevolvingUtilizationOfUnsecuredLines,relative_minus_5,-0.05,0.063485205,0.06665946525000001,0.1401781194818076,0.14194037679881139,0.0017622573170037736,0.0017622573170037736,0,0,0,-1
gmsc,random_forest,28,RevolvingUtilizationOfUnsecuredLines,relative_minus_5,-0.05,0.0,0.00455047435,0.16169516515611407,0.1460950097886321,-0.015600155367481966,0.015600155367481966,0,0,0,-1
gmsc,random_forest,29,RevolvingUtilizationOfUnsecuredLines,relative_minus_5,-0.05,0.015614713,0.01639544865,0.10365705573378153,0.10365705573378152,-1.3877787807814457e-17,1.3877787807814457e-17,0,0,0,-1
gmsc,random_forest,30,RevolvingUtilizationOfUnsecuredLines,relative_minus_5,-0.05,0.09734902,0.10221647099999999,0.23541054599203737,0.23541054599203742,5.551115123125783e-17,5.551115123125783e-17,0,0,0,-1
gmsc,random_forest,31,RevolvingUtilizationOfUnsecuredLines,relative_minus_5,-0.05,0.09229909,0.0969140445,0.1471176133232665,0.1471176133232665,0.0,0.0,0,0,0,-1
gmsc,random_forest,32,RevolvingUtilizationOfUnsecuredLines,relative_minus_5,-0.05,0.22324374,0.234405927,0.19156208452759005,0.20490891775119335,0.013346833223603305,0.013346833223603305,0,0,0,-1
gmsc,random_forest,33,RevolvingUtilizationOfUnsecuredLines,relative_minus_5,-0.05,0.023850212,0.025042722599999998,0.0986278280958683,0.09862782809586834,4.163336342344337e-17,4.163336342344337e-17,0,0,0,-1
gmsc,random_forest,34,RevolvingUtilizationOfUnsecuredLines,relative_minus_5,-0.05,0.57284,0.6014820000000001,0.6110458318906421,0.617439975924232,0.006394144033589955,0.006394144033589955,1,1,0,-1
gmsc,random_forest,35,RevolvingUtilizationOfUnsecuredLines,relative_minus_5,-0.05,0.2748278,0.28856919000000003,0.6296792388822089,0.629679238882209,1.1102230246251565e-16,1.1102230246251565e-16,1,1,0,-1
gmsc,random_forest,36,RevolvingUtilizationOfUnsecuredLines,relative_minus_5,-0.05,0.74517345,0.7824321225,0.35220418744329696,0.3519317162959397,-0.0002724711473572339,0.0002724711473572339,0,0,0,-1
gmsc,random_forest,37,RevolvingUtilizationOfUnsecuredLines,relative_minus_5,-0.05,0.72366506,0.759848313,0.5127242820218618,0.5133761466397996,0.0006518646179377585,0.0006518646179377585,1,1,0,-1
gmsc,random_forest,38,RevolvingUtilizationOfUnsecuredLines,relative_minus_5,-0.05,0.45712107,0.4799771235,0.25511103636130245,0.2602521413532413,0.005141104991938872,0.005141104991938872,0,0,0,-1
gmsc,random_forest,39,RevolvingUtilizationOfUnsecuredLines,relative_minus_5,-0.05,0.06888933,0.07233379649999999,0.25436458779402354,0.25436458779402354,0.0,0.0,0,0,0,-1
gmsc,random_forest,40,RevolvingUtilizationOfUnsecuredLines,relative_minus_5,-0.05,0.0,0.00455047435,0.15364664040859202,0.1448911589159365,-0.008755481492655509,0.008755481492655509,0,0,0,-1
gmsc,random_forest,41,RevolvingUtilizationOfUnsecuredLines,relative_minus_5,-0.05,0.011121044,0.0116770962,0.21481465988917767,0.21514325580473023,0.0003285959155525653,0.0003285959155525653,0,0,0,-1
gmsc,random_forest,42,RevolvingUtilizationOfUnsecuredLines,relative_minus_5,-0.05,0.07121731,0.0747781755,0.1501088987333263,0.15010889873332633,2.7755575615628914e-17,2.7755575615628914e-17,0,0,0,-1
gmsc,random_forest,43,RevolvingUtilizationOfUnsecuredLines,relative_minus_5,-0.05,0.4177215,0.438607575,0.36253642583455215,0.3962583751382512,0.03372194930369904,0.03372194930369904,0,0,0,-1
gmsc,random_forest,44,RevolvingUtilizationOfUnsecuredLines,relative_minus_5,-0.05,0.10908173,0.1145358165,0.13721131938118405,0.13721131938118408,2.7755575615628914e-17,2.7755575615628914e-17,0,0,0,-1
gmsc,random_forest,45,RevolvingUtilizationOfUnsecuredLines,relative_minus_5,-0.05,0.040165327,0.042173593350000003,0.1794370938336495,0.17943709383364947,-2.7755575615628914e-17,2.7755575615628914e-17,0,0,0,-1
gmsc,random_forest,46,RevolvingUtilizationOfUnsecuredLines,relative_minus_5,-0.05,0.52790403,0.5542992314999999,0.3159103257559534,0.32408924646984677,0.008178920713893367,0.008178920713893367,0,0,0,-1
gmsc,random_forest,47,RevolvingUtilizationOfUnsecuredLines,relative_minus_5,-0.05,0.06679555,0.0701353275,0.09990560036967194,0.10005846360559326,0.00015286323592131335,0.00015286323592131335,0,0,0,-1
gmsc,random_forest,48,RevolvingUtilizationOfUnsecuredLines,relative_minus_5,-0.05,0.10128987,0.10635436350000001,0.12714889185513736,0.12794473349419413,0.0007958416390567713,0.0007958416390567713,0,0,0,-1
gmsc,random_forest,49,RevolvingUtilizationOfUnsecuredLines,relative_minus_5,-0.05,0.026742943,0.02808009015,0.0702107223085158,0.07021072230851577,-2.7755575615628914e-17,2.7755575615628914e-17,0,0,0,-1
gmsc,random_forest,50,RevolvingUtilizationOfUnsecuredLines,relative_minus_5,-0.05,0.14541522,0.15268598100000003,0.15265829520102106,0.1578521856459171,0.005193890444896043,0.005193890444896043,0,0,0,-1
gmsc,random_forest,51,RevolvingUtilizationOfUnsecuredLines,relative_minus_5,-0.05,0.2929907,0.307640235,0.2628422782175456,0.27113391646972146,0.008291638252175881,0.008291638252175881,0,0,0,-1
gmsc,random_forest,52,RevolvingUtilizationOfUnsecuredLines,relative_minus_5,-0.05,0.017210783,0.01807132215,0.07756754455616102,0.07756754455616104,1.3877787807814457e-17,1.3877787807814457e-17,0,0,0,-1
gmsc,random_forest,53,RevolvingUtilizationOfUnsecuredLines,relative_minus_5,-0.05,0.7669077,0.8052530849999999,0.801766334910606,0.8153010721933739,0.013534737282767884,0.013534737282767884,1,1,0,-1
gmsc,random_forest,54,RevolvingUtilizationOfUnsecuredLines,relative_minus_5,-0.05,1.0356027,1.087382835,0.8582977428532704,0.8584397303738424,0.00014198752057192898,0.00014198752057192898,1,1,0,-1
gmsc,random_forest,55,RevolvingUtilizationOfUnsecuredLines,relative_minus_5,-0.05,0.011375782,0.011944571099999999,0.10544807655567226,0.10544807655567225,-1.3877787807814457e-17,1.3877787807814457e-17,0,0,0,-1
gmsc,random_forest,56,RevolvingUtilizationOfUnsecuredLines,relative_minus_5,-0.05,0.0,0.00455047435,0.16614971558636332,0.15877375564315555,-0.007375959943207777,0.007375959943207777,0,0,0,-1
gmsc,random_forest,57,RevolvingUtilizationOfUnsecuredLines,relative_minus_5,-0.05,0.9999999,1.049999895,0.5819136422191914,0.6328348535579554,0.05092121133876404,0.05092121133876404,1,1,0,-1
gmsc,random_forest,58,RevolvingUtilizationOfUnsecuredLines,relative_minus_5,-0.05,0.5012159,0.5262766950000001,0.7436704750418504,0.7455882099433252,0.0019177349014748435,0.0019177349014748435,1,1,0,-1
gmsc,random_forest,59,RevolvingUtilizationOfUnsecuredLines,relative_minus_5,-0.05,0.8254279,0.866699295,0.587090829362347,0.6025054931872422,0.015414663824895203,0.015414663824895203,1,1,0,-1
gmsc,random_forest,60,RevolvingUtilizationOfUnsecuredLines,relative_minus_5,-0.05,0.0,0.00455047435,0.1649034942951832,0.15574772711837015,-0.009155767176813046,0.009155767176813046,0,0,0,-1
gmsc,random_forest,61,RevolvingUtilizationOfUnsecuredLines,relative_minus_5,-0.05,0.28095686,0.295004703,0.2942532697850684,0.29743519298480253,0.003181923199734149,0.003181923199734149,0,0,0,-1
gmsc,random_forest,62,RevolvingUtilizationOfUnsecuredLines,relative_minus_5,-0.05,0.9999999,1.049999895,0.5335320712885583,0.5598497905767968,0.02631771928823856,0.02631771928823856,1,1,0,-1
gmsc,random_forest,63,RevolvingUtilizationOfUnsecuredLines,relative_minus_5,-0.05,0.0717633,0.075351465,0.13289866287150406,0.13289866287150404,-2.7755575615628914e-17,2.7755575615628914e-17,0,0,0,-1
gmsc,random_forest,64,RevolvingUtilizationOfUnsecuredLines,relative_minus_5,-0.05,0.0,0.00455047435,0.2665313715697186,0.25294733513669687,-0.013584036433021751,0.013584036433021751,0,0,0,-1
gmsc,random_forest,65,RevolvingUtilizationOfUnsecuredLines,relative_minus_5,-0.05,0.00931117,0.0097767285,0.5063899923778815,0.5056181906119913,-0.000771801765890201,0.000771801765890201,1,1,0,-1
gmsc,random_forest,66,RevolvingUtilizationOfUnsecuredLines,relative_minus_5,-0.05,0.27445123,0.2881737915,0.1736576827952704,0.17409725065468945,0.00043956785941903775,0.00043956785941903775,0,0,0,-1
gmsc,random_forest,67,RevolvingUtilizationOfUnsecuredLines,relative_minus_5,-0.05,0.69228846,0.7269028829999999,0.4600211443798788,0.46927765568517893,0.009256511305300141,0.009256511305300141,0,0,0,-1
gmsc,random_forest,68,RevolvingUtilizationOfUnsecuredLines,relative_minus_5,-0.05,0.07034841,0.07386583050000001,0.14330478155243379,0.14330478155243376,-2.7755575615628914e-17,2.7755575615628914e-17,0,0,0,-1
gmsc,random_forest,69,RevolvingUtilizationOfUnsecuredLines,relative_minus_5,-0.05,0.21850161,0.2294266905,0.3889070815939389,0.406092564434196,0.017185482840257116,0.017185482840257116,0,0,0,-1
gmsc,random_forest,70,RevolvingUtilizationOfUnsecuredLines,relative_minus_5,-0.05,0.023867318,0.0250606839,0.4193795781899724,0.41937957818997235,-5.551115123125783e-17,5.551115123125783e-17,0,0,0,-1
gmsc,random_forest,71,RevolvingUtilizationOfUnsecuredLines,relative_minus_5,-0.05,0.050140366,0.0526473843,0.17008515516847897,0.17053184437939922,0.0004466892109202536,0.0004466892109202536,0,0,0,-1
gmsc,random_forest,72,RevolvingUtilizationOfUnsecuredLines,relative_minus_5,-0.05,0.06126258,0.064325709,0.20907874085396658,0.2101581250484423,0.0010793841944757299,0.0010793841944757299,0,0,0,-1
gmsc,random_forest,73,RevolvingUtilizationOfUnsecuredLines,relative_minus_5,-0.05,0.44115546,0.463213233,0.365051631552107,0.3792141635859418,0.014162532033834774,0.014162532033834774,0,0,0,-1
gmsc,random_forest,74,RevolvingUtilizationOfUnsecuredLines,relative_minus_5,-0.05,0.18675703,0.19609488149999998,0.2065140624206517,0.2074737007867904,0.0009596383661386876,0.0009596383661386876,0,0,0,-1
gmsc,random_forest,75,RevolvingUtilizationOfUnsecuredLines,relative_minus_5,-0.05,0.5988024,0.62874252,0.526646966431903,0.5340057983944982,0.007358831962595236,0.007358831962595236,1,1,0,-1
gmsc,random_forest,76,RevolvingUtilizationOfUnsecuredLines,relative_minus_5,-0.05,0.018871846,0.0198154383,0.12531638246166502,0.125316382461665,-2.7755575615628914e-17,2.7755575615628914e-17,0,0,0,-1
gmsc,random_forest,77,RevolvingUtilizationOfUnsecuredLines,relative_minus_5,-0.05,0.0223315,0.023448075000000002,0.07799823819062678,0.07799823819062676,-1.3877787807814457e-17,1.3877787807814457e-17,0,0,0,-1
gmsc,random_forest,78,RevolvingUtilizationOfUnsecuredLines,relative_minus_5,-0.05,0.053710874,0.0563964177,0.10359585418304888,0.10359585418304888,0.0,0.0,0,0,0,-1
gmsc,random_forest,79,RevolvingUtilizationOfUnsecuredLines,relative_minus_5,-0.05,0.4251497,0.44640718500000004,0.3455170212556861,0.3665009111249855,0.020983889869299388,0.020983889869299388,0,0,0,-1
gmsc,random_forest,80,RevolvingUtilizationOfUnsecuredLines,relative_minus_5,-0.05,0.51730984,0.543175332,0.2866632770366475,0.29028691729595246,0.00362364025930495,0.00362364025930495,0,0,0,-1
gmsc,random_forest,81,RevolvingUtilizationOfUnsecuredLines,relative_minus_5,-0.05,0.089719884,0.0942058782,0.17937720733779408,0.17937720733779405,-2.7755575615628914e-17,2.7755575615628914e-17,0,0,0,-1
gmsc,random_forest,82,RevolvingUtilizationOfUnsecuredLines,relative_minus_5,-0.05,0.5517315,0.579318075,0.4339743246902932,0.4361679087739687,0.002193584083675537,0.002193584083675537,0,0,0,-1
gmsc,random_forest,83,RevolvingUtilizationOfUnsecuredLines,relative_minus_5,-0.05,0.04207145,0.0441750225,0.1141917331465753,0.11419173314657527,-2.7755575615628914e-17,2.7755575615628914e-17,0,0,0,-1
gmsc,random_forest,84,RevolvingUtilizationOfUnsecuredLines,relative_minus_5,-0.05,0.9999999,1.049999895,0.59110890429795,0.6189636577356219,0.027854753437671853,0.027854753437671853,1,1,0,-1
gmsc,random_forest,85,RevolvingUtilizationOfUnsecuredLines,relative_minus_5,-0.05,0.009346499,0.00981382395,0.10713867731747691,0.10721634527185252,7.76679543756098e-05,7.76679543756098e-05,0,0,0,-1
gmsc,random_forest,86,RevolvingUtilizationOfUnsecuredLines,relative_minus_5,-0.05,0.005071066,0.0053246193,0.16567388899210891,0.1656738889921089,-2.7755575615628914e-17,2.7755575615628914e-17,0,0,0,-1
gmsc,random_forest,87,RevolvingUtilizationOfUnsecuredLines,relative_minus_5,-0.05,0.012843349,0.01348551645,0.14884578185477607,0.14884578185477607,0.0,0.0,0,0,0,-1
gmsc,random_forest,88,RevolvingUtilizationOfUnsecuredLines,relative_minus_5,-0.05,0.1560879,0.163892295,0.17254421040384832,0.1761531943875812,0.003608983983732883,0.003608983983732883,0,0,0,-1
gmsc,random_forest,89,RevolvingUtilizationOfUnsecuredLines,relative_minus_5,-0.05,0.604072,0.6342756,0.4356553338681073,0.43896407956974165,0.0033087457016343635,0.0033087457016343635,0,0,0,-1
gmsc,random_forest,90,RevolvingUtilizationOfUnsecuredLines,relative_minus_5,-0.05,0.03815551,0.0400632855,0.07549253017751428,0.07549253017751428,0.0,0.0,0,0,0,-1
gmsc,random_forest,91,RevolvingUtilizationOfUnsecuredLines,relative_minus_5,-0.05,0.037672102,0.0395557071,0.1823130815219747,0.1823130815219747,0.0,0.0,0,0,0,-1
gmsc,random_forest,92,RevolvingUtilizationOfUnsecuredLines,relative_minus_5,-0.05,0.007924802,0.0083210421,0.0932513558600773,0.0932513558600773,0.0,0.0,0,0,0,-1
gmsc,random_forest,93,RevolvingUtilizationOfUnsecuredLines,relative_minus_5,-0.05,0.01435026,0.015067773,0.12998718901704973,0.12970640223583843,-0.0002807867812112952,0.0002807867812112952,0,0,0,-1
gmsc,random_forest,94,RevolvingUtilizationOfUnsecuredLines,relative_minus_5,-0.05,0.03742409,0.0392952945,0.11645345924668923,0.11645345924668926,2.7755575615628914e-17,2.7755575615628914e-17,0,0,0,-1
gmsc,random_forest,95,RevolvingUtilizationOfUnsecuredLines,relative_minus_5,-0.05,0.052285843,0.05490013515,0.18825767339402502,0.18870436260494525,0.00044668921092022584,0.00044668921092022584,0,0,0,-1
gmsc,random_forest,96,RevolvingUtilizationOfUnsecuredLines,relative_minus_5,-0.05,0.13591728,0.14271314400000001,0.14751307642369796,0.1524234778311079,0.004910401407409948,0.004910401407409948,0,0,0,-1
gmsc,random_forest,97,RevolvingUtilizationOfUnsecuredLines,relative_minus_5,-0.05,0.010577377,0.01110624585,0.1601265267080067,0.16012652670800673,2.7755575615628914e-17,2.7755575615628914e-17,0,0,0,-1
gmsc,random_forest,98,RevolvingUtilizationOfUnsecuredLines,relative_minus_5,-0.05,0.29667103,0.3115045815,0.2792883685617908,0.28459465746080054,0.005306288899009748,0.005306288899009748,0,0,0,-1
gmsc,random_forest,99,RevolvingUtilizationOfUnsecuredLines,relative_minus_5,-0.05,0.8326131,0.874243755,0.8587567687347458,0.8772225948808593,0.018465826146113473,0.018465826146113473,1,1,0,-1
gmsc,random_forest,0,RevolvingUtilizationOfUnsecuredLines,relative_plus_5,0.05,0.030896358,0.0324411759,0.12448314782663561,0.12502577352254474,0.0005426256959091269,0.0005426256959091269,0,0,0,-1
gmsc,random_forest,1,RevolvingUtilizationOfUnsecuredLines,relative_plus_5,0.05,0.02948292,0.030957066,0.12575902714321507,0.12575902714321505,-2.7755575615628914e-17,2.7755575615628914e-17,0,0,0,-1
gmsc,random_forest,2,RevolvingUtilizationOfUnsecuredLines,relative_plus_5,0.05,0.021382323,0.022451439150000002,0.07737496123247078,0.07737496123247078,0.0,0.0,0,0,0,-1
gmsc,random_forest,3,RevolvingUtilizationOfUnsecuredLines,relative_plus_5,0.05,0.15189621,0.1594910205,0.2222470545521674,0.2238791827338895,0.0016321281817220923,0.0016321281817220923,0,0,0,-1
gmsc,random_forest,4,RevolvingUtilizationOfUnsecuredLines,relative_plus_5,0.05,0.011665889,0.012249183450000001,0.16593632439170214,0.16593632439170214,0.0,0.0,0,0,0,-1
gmsc,random_forest,5,RevolvingUtilizationOfUnsecuredLines,relative_plus_5,0.05,0.23322007,0.2448810735,0.20005511957959218,0.20384760942886287,0.0037924898492706915,0.0037924898492706915,0,0,0,-1
gmsc,random_forest,6,RevolvingUtilizationOfUnsecuredLines,relative_plus_5,0.05,0.39567325,0.4154569125,0.24736845321604625,0.2832563554129163,0.035887902196870075,0.035887902196870075,0,0,0,-1
gmsc,random_forest,7,RevolvingUtilizationOfUnsecuredLines,relative_plus_5,0.05,0.2807908,0.29483034,0.2020807786711973,0.20590306102132372,0.0038222823501264103,0.0038222823501264103,0,0,0,-1
gmsc,random_forest,8,RevolvingUtilizationOfUnsecuredLines,relative_plus_5,0.05,0.0,0.00455047435,0.16030677171113558,0.15117633963905897,-0.009130432072076616,0.009130432072076616,0,0,0,-1
gmsc,random_forest,9,RevolvingUtilizationOfUnsecuredLines,relative_plus_5,0.05,0.12197734,0.128076207,0.44585372419624947,0.44175130791344475,-0.004102416282804722,0.004102416282804722,0,0,0,-1
gmsc,random_forest,10,RevolvingUtilizationOfUnsecuredLines,relative_plus_5,0.05,0.3846793,0.403913265,0.3047745297393056,0.334494718325047,0.029720188585741436,0.029720188585741436,0,0,0,-1
gmsc,random_forest,11,RevolvingUtilizationOfUnsecuredLines,relative_plus_5,0.05,0.43613514,0.457941897,0.2817436317150431,0.28599355221501205,0.004249920499968973,0.004249920499968973,0,0,0,-1
gmsc,random_forest,12,RevolvingUtilizationOfUnsecuredLines,relative_plus_5,0.05,0.09578084,0.100569882,0.07579737355923029,0.07579737355923029,0.0,0.0,0,0,0,-1
gmsc,random_forest,13,RevolvingUtilizationOfUnsecuredLines,relative_plus_5,0.05,0.9999999,1.049999895,0.8725178860518772,0.860133460680673,-0.01238442537120421,0.01238442537120421,1,1,0,-1
gmsc,random_forest,14,RevolvingUtilizationOfUnsecuredLines,relative_plus_5,0.05,0.47141215,0.4949827575,0.39620212705125957,0.4330708717957461,0.03686874474448654,0.03686874474448654,0,0,0,-1
gmsc,random_forest,15,RevolvingUtilizationOfUnsecuredLines,relative_plus_5,0.05,0.03738817,0.0392575785,0.358132684091735,0.35813268409173493,-5.551115123125783e-17,5.551115123125783e-17,0,0,0,-1
gmsc,random_forest,16,RevolvingUtilizationOfUnsecuredLines,relative_plus_5,0.05,0.36518577,0.38344505850000005,0.4951408704187556,0.49858212098029164,0.0034412505615360467,0.0034412505615360467,0,0,0,-1
gmsc,random_forest,17,RevolvingUtilizationOfUnsecuredLines,relative_plus_5,0.05,0.044219106,0.0464300613,0.1565391154880974,0.15627237479762976,-0.0002667406904676428,0.0002667406904676428,0,0,0,-1
gmsc,random_forest,18,RevolvingUtilizationOfUnsecuredLines,relative_plus_5,0.05,0.9999999,1.049999895,0.4933265396567783,0.5123348359010167,0.019008296244238387,0.019008296244238387,0,1,1,-1
gmsc,random_forest,19,RevolvingUtilizationOfUnsecuredLines,relative_plus_5,0.05,0.050904956,0.0534502038,0.33709665441513037,0.3370966544151303,-5.551115123125783e-17,5.551115123125783e-17,0,0,0,-1
gmsc,random_forest,20,RevolvingUtilizationOfUnsecuredLines,relative_plus_5,0.05,0.028527671,0.02995405455,0.125253843611223,0.12525384361122296,-2.7755575615628914e-17,2.7755575615628914e-17,0,0,0,-1
gmsc,random_forest,21,RevolvingUtilizationOfUnsecuredLines,relative_plus_5,0.05,0.06357361,0.0667522905,0.1384442554842199,0.14244244443627505,0.003998188952055143,0.003998188952055143,0,0,0,-1
gmsc,random_forest,22,RevolvingUtilizationOfUnsecuredLines,relative_plus_5,0.05,0.002599913,0.00272990865,0.10721005514231308,0.10698971469217486,-0.0002203404501382178,0.0002203404501382178,0,0,0,-1
gmsc,random_forest,23,RevolvingUtilizationOfUnsecuredLines,relative_plus_5,0.05,0.03161417,0.0331948785,0.14155973703643895,0.14155973703643893,-2.7755575615628914e-17,2.7755575615628914e-17,0,0,0,-1
gmsc,random_forest,24,RevolvingUtilizationOfUnsecuredLines,relative_plus_5,0.05,0.025913903,0.02720959815,0.08662915786666847,0.08662915786666846,-1.3877787807814457e-17,1.3877787807814457e-17,0,0,0,-1
gmsc,random_forest,25,RevolvingUtilizationOfUnsecuredLines,relative_plus_5,0.05,0.8536293,0.8963107650000001,0.498904333907652,0.5074176224157004,0.008513288508048444,0.008513288508048444,0,1,1,-1
gmsc,random_forest,26,RevolvingUtilizationOfUnsecuredLines,relative_plus_5,0.05,0.9999999,1.049999895,0.566313369934525,0.6110263044224795,0.04471293448795455,0.04471293448795455,1,1,0,-1
gmsc,random_forest,27,RevolvingUtilizationOfUnsecuredLines,relative_plus_5,0.05,0.063485205,0.06665946525000001,0.1401781194818076,0.14194037679881133,0.0017622573170037181,0.0017622573170037181,0,0,0,-1
gmsc,random_forest,28,RevolvingUtilizationOfUnsecuredLines,relative_plus_5,0.05,0.0,0.00455047435,0.16169516515611407,0.14609500978863207,-0.015600155367481994,0.015600155367481994,0,0,0,-1
gmsc,random_forest,29,RevolvingUtilizationOfUnsecuredLines,relative_plus_5,0.05,0.015614713,0.01639544865,0.10365705573378153,0.10365705573378152,-1.3877787807814457e-17,1.3877787807814457e-17,0,0,0,-1
gmsc,random_forest,30,RevolvingUtilizationOfUnsecuredLines,relative_plus_5,0.05,0.09734902,0.10221647099999999,0.23541054599203737,0.23541054599203737,0.0,0.0,0,0,0,-1
gmsc,random_forest,31,RevolvingUtilizationOfUnsecuredLines,relative_plus_5,0.05,0.09229909,0.0969140445,0.1471176133232665,0.1471176133232665,0.0,0.0,0,0,0,-1
gmsc,random_forest,32,RevolvingUtilizationOfUnsecuredLines,relative_plus_5,0.05,0.22324374,0.234405927,0.19156208452759005,0.20490891775119338,0.013346833223603333,0.013346833223603333,0,0,0,-1
gmsc,random_forest,33,RevolvingUtilizationOfUnsecuredLines,relative_plus_5,0.05,0.023850212,0.025042722599999998,0.0986278280958683,0.0986278280958683,0.0,0.0,0,0,0,-1
gmsc,random_forest,34,RevolvingUtilizationOfUnsecuredLines,relative_plus_5,0.05,0.57284,0.6014820000000001,0.6110458318906421,0.617439975924232,0.006394144033589955,0.006394144033589955,1,1,0,-1
gmsc,random_forest,35,RevolvingUtilizationOfUnsecuredLines,relative_plus_5,0.05,0.2748278,0.28856919000000003,0.6296792388822089,0.6296792388822088,-1.1102230246251565e-16,1.1102230246251565e-16,1,1,0,-1
gmsc,random_forest,36,RevolvingUtilizationOfUnsecuredLines,relative_plus_5,0.05,0.74517345,0.7824321225,0.35220418744329696,0.35193171629593967,-0.0002724711473572894,0.0002724711473572894,0,0,0,-1
gmsc,random_forest,37,RevolvingUtilizationOfUnsecuredLines,relative_plus_5,0.05,0.72366506,0.759848313,0.5127242820218618,0.5133761466397996,0.0006518646179377585,0.0006518646179377585,1,1,0,-1
gmsc,random_forest,38,RevolvingUtilizationOfUnsecuredLines,relative_plus_5,0.05,0.45712107,0.4799771235,0.25511103636130245,0.2602521413532413,0.005141104991938872,0.005141104991938872,0,0,0,-1
gmsc,random_forest,39,RevolvingUtilizationOfUnsecuredLines,relative_plus_5,0.05,0.06888933,0.07233379649999999,0.25436458779402354,0.2543645877940236,5.551115123125783e-17,5.551115123125783e-17,0,0,0,-1
gmsc,random_forest,40,RevolvingUtilizationOfUnsecuredLines,relative_plus_5,0.05,0.0,0.00455047435,0.15364664040859202,0.14489115891593649,-0.008755481492655537,0.008755481492655537,0,0,0,-1
gmsc,random_forest,41,RevolvingUtilizationOfUnsecuredLines,relative_plus_5,0.05,0.011121044,0.0116770962,0.21481465988917767,0.21514325580473026,0.00032859591555259304,0.00032859591555259304,0,0,0,-1
gmsc,random_forest,42,RevolvingUtilizationOfUnsecuredLines,relative_plus_5,0.05,0.07121731,0.0747781755,0.1501088987333263,0.15010889873332633,2.7755575615628914e-17,2.7755575615628914e-17,0,0,0,-1
gmsc,random_forest,43,RevolvingUtilizationOfUnsecuredLines,relative_plus_5,0.05,0.4177215,0.438607575,0.36253642583455215,0.3962583751382513,0.03372194930369915,0.03372194930369915,0,0,0,-1
gmsc,random_forest,44,RevolvingUtilizationOfUnsecuredLines,relative_plus_5,0.05,0.10908173,0.1145358165,0.13721131938118405,0.13721131938118405,0.0,0.0,0,0,0,-1
gmsc,random_forest,45,RevolvingUtilizationOfUnsecuredLines,relative_plus_5,0.05,0.040165327,0.042173593350000003,0.1794370938336495,0.17943709383364945,-5.551115123125783e-17,5.551115123125783e-17,0,0,0,-1
gmsc,random_forest,46,RevolvingUtilizationOfUnsecuredLines,relative_plus_5,0.05,0.52790403,0.5542992314999999,0.3159103257559534,0.32408924646984677,0.008178920713893367,0.008178920713893367,0,0,0,-1
gmsc,random_forest,47,RevolvingUtilizationOfUnsecuredLines,relative_plus_5,0.05,0.06679555,0.0701353275,0.09990560036967194,0.10005846360559323,0.0001528632359212856,0.0001528632359212856,0,0,0,-1
gmsc,random_forest,48,RevolvingUtilizationOfUnsecuredLines,relative_plus_5,0.05,0.10128987,0.10635436350000001,0.12714889185513736,0.12794473349419413,0.0007958416390567713,0.0007958416390567713,0,0,0,-1
gmsc,random_forest,49,RevolvingUtilizationOfUnsecuredLines,relative_plus_5,0.05,0.026742943,0.02808009015,0.0702107223085158,0.07021072230851579,-1.3877787807814457e-17,1.3877787807814457e-17,0,0,0,-1
gmsc,random_forest,50,RevolvingUtilizationOfUnsecuredLines,relative_plus_5,0.05,0.14541522,0.15268598100000003,0.15265829520102106,0.1578521856459171,0.005193890444896043,0.005193890444896043,0,0,0,-1
gmsc,random_forest,51,RevolvingUtilizationOfUnsecuredLines,relative_plus_5,0.05,0.2929907,0.307640235,0.2628422782175456,0.27113391646972135,0.00829163825217577,0.00829163825217577,0,0,0,-1
gmsc,random_forest,52,RevolvingUtilizationOfUnsecuredLines,relative_plus_5,0.05,0.017210783,0.01807132215,0.07756754455616102,0.07756754455616104,1.3877787807814457e-17,1.3877787807814457e-17,0,0,0,-1
gmsc,random_forest,53,RevolvingUtilizationOfUnsecuredLines,relative_plus_5,0.05,0.7669077,0.8052530849999999,0.801766334910606,0.8153010721933739,0.013534737282767884,0.013534737282767884,1,1,0,-1
gmsc,random_forest,54,RevolvingUtilizationOfUnsecuredLines,relative_plus_5,0.05,1.0356027,1.087382835,0.8582977428532704,0.8584397303738421,0.00014198752057170694,0.00014198752057170694,1,1,0,-1
gmsc,random_forest,55,RevolvingUtilizationOfUnsecuredLines,relative_plus_5,0.05,0.011375782,0.011944571099999999,0.10544807655567226,0.10544807655567225,-1.3877787807814457e-17,1.3877787807814457e-17,0,0,0,-1
gmsc,random_forest,56,RevolvingUtilizationOfUnsecuredLines,relative_plus_5,0.05,0.0,0.00455047435,0.16614971558636332,0.15877375564315552,-0.007375959943207805,0.007375959943207805,0,0,0,-1
gmsc,random_forest,57,RevolvingUtilizationOfUnsecuredLines,relative_plus_5,0.05,0.9999999,1.049999895,0.5819136422191914,0.6328348535579554,0.05092121133876404,0.05092121133876404,1,1,0,-1
gmsc,random_forest,58,RevolvingUtilizationOfUnsecuredLines,relative_plus_5,0.05,0.5012159,0.5262766950000001,0.7436704750418504,0.7455882099433252,0.0019177349014748435,0.0019177349014748435,1,1,0,-1
gmsc,random_forest,59,RevolvingUtilizationOfUnsecuredLines,relative_plus_5,0.05,0.8254279,0.866699295,0.587090829362347,0.6025054931872422,0.015414663824895203,0.015414663824895203,1,1,0,-1
gmsc,random_forest,60,RevolvingUtilizationOfUnsecuredLines,relative_plus_5,0.05,0.0,0.00455047435,0.1649034942951832,0.15574772711837015,-0.009155767176813046,0.009155767176813046,0,0,0,-1
gmsc,random_forest,61,RevolvingUtilizationOfUnsecuredLines,relative_plus_5,0.05,0.28095686,0.295004703,0.2942532697850684,0.29743519298480253,0.003181923199734149,0.003181923199734149,0,0,0,-1
gmsc,random_forest,62,RevolvingUtilizationOfUnsecuredLines,relative_plus_5,0.05,0.9999999,1.049999895,0.5335320712885583,0.5598497905767971,0.026317719288238783,0.026317719288238783,1,1,0,-1
gmsc,random_forest,63,RevolvingUtilizationOfUnsecuredLines,relative_plus_5,0.05,0.0717633,0.075351465,0.13289866287150406,0.132898662871504,-5.551115123125783e-17,5.551115123125783e-17,0,0,0,-1
gmsc,random_forest,64,RevolvingUtilizationOfUnsecuredLines,relative_plus_5,0.05,0.0,0.00455047435,0.2665313715697186,0.25294733513669676,-0.013584036433021862,0.013584036433021862,0,0,0,-1
gmsc,random_forest,65,RevolvingUtilizationOfUnsecuredLines,relative_plus_5,0.05,0.00931117,0.0097767285,0.5063899923778815,0.5056181906119912,-0.000771801765890312,0.000771801765890312,1,1,0,-1
gmsc,random_forest,66,RevolvingUtilizationOfUnsecuredLines,relative_plus_5,0.05,0.27445123,0.2881737915,0.1736576827952704,0.1740972506546894,0.00043956785941898224,0.00043956785941898224,0,0,0,-1
gmsc,random_forest,67,RevolvingUtilizationOfUnsecuredLines,relative_plus_5,0.05,0.69228846,0.7269028829999999,0.4600211443798788,0.46927765568517893,0.009256511305300141,0.009256511305300141,0,0,0,-1
gmsc,random_forest,68,RevolvingUtilizationOfUnsecuredLines,relative_plus_5,0.05,0.07034841,0.07386583050000001,0.14330478155243379,0.14330478155243376,-2.7755575615628914e-17,2.7755575615628914e-17,0,0,0,-1
gmsc,random_forest,69,RevolvingUtilizationOfUnsecuredLines,relative_plus_5,0.05,0.21850161,0.2294266905,0.3889070815939389,0.4060925644341959,0.017185482840257005,0.017185482840257005,0,0,0,-1
gmsc,random_forest,70,RevolvingUtilizationOfUnsecuredLines,relative_plus_5,0.05,0.023867318,0.0250606839,0.4193795781899724,0.4193795781899724,0.0,0.0,0,0,0,-1
gmsc,random_forest,71,RevolvingUtilizationOfUnsecuredLines,relative_plus_5,0.05,0.050140366,0.0526473843,0.17008515516847897,0.17053184437939922,0.0004466892109202536,0.0004466892109202536,0,0,0,-1
gmsc,random_forest,72,RevolvingUtilizationOfUnsecuredLines,relative_plus_5,0.05,0.06126258,0.064325709,0.20907874085396658,0.2101581250484423,0.0010793841944757299,0.0010793841944757299,0,0,0,-1
gmsc,random_forest,73,RevolvingUtilizationOfUnsecuredLines,relative_plus_5,0.05,0.44115546,0.463213233,0.365051631552107,0.3792141635859418,0.014162532033834774,0.014162532033834774,0,0,0,-1
gmsc,random_forest,74,RevolvingUtilizationOfUnsecuredLines,relative_plus_5,0.05,0.18675703,0.19609488149999998,0.2065140624206517,0.20747370078679048,0.0009596383661387708,0.0009596383661387708,0,0,0,-1
gmsc,random_forest,75,RevolvingUtilizationOfUnsecuredLines,relative_plus_5,0.05,0.5988024,0.62874252,0.526646966431903,0.5340057983944984,0.007358831962595347,0.007358831962595347,1,1,0,-1
gmsc,random_forest,76,RevolvingUtilizationOfUnsecuredLines,relative_plus_5,0.05,0.018871846,0.0198154383,0.12531638246166502,0.12531638246166502,0.0,0.0,0,0,0,-1
gmsc,random_forest,77,RevolvingUtilizationOfUnsecuredLines,relative_plus_5,0.05,0.0223315,0.023448075000000002,0.07799823819062678,0.07799823819062679,1.3877787807814457e-17,1.3877787807814457e-17,0,0,0,-1
gmsc,random_forest,78,RevolvingUtilizationOfUnsecuredLines,relative_plus_5,0.05,0.053710874,0.0563964177,0.10359585418304888,0.10359585418304887,-1.3877787807814457e-17,1.3877787807814457e-17,0,0,0,-1
gmsc,random_forest,79,RevolvingUtilizationOfUnsecuredLines,relative_plus_5,0.05,0.4251497,0.44640718500000004,0.3455170212556861,0.3665009111249855,0.020983889869299388,0.020983889869299388,0,0,0,-1
gmsc,random_forest,80,RevolvingUtilizationOfUnsecuredLines,relative_plus_5,0.05,0.51730984,0.543175332,0.2866632770366475,0.2902869172959525,0.0036236402593050054,0.0036236402593050054,0,0,0,-1
gmsc,random_forest,81,RevolvingUtilizationOfUnsecuredLines,relative_plus_5,0.05,0.089719884,0.0942058782,0.17937720733779408,0.17937720733779408,0.0,0.0,0,0,0,-1
gmsc,random_forest,82,RevolvingUtilizationOfUnsecuredLines,relative_plus_5,0.05,0.5517315,0.579318075,0.4339743246902932,0.4361679087739687,0.002193584083675537,0.002193584083675537,0,0,0,-1
gmsc,random_forest,83,RevolvingUtilizationOfUnsecuredLines,relative_plus_5,0.05,0.04207145,0.0441750225,0.1141917331465753,0.11419173314657527,-2.7755575615628914e-17,2.7755575615628914e-17,0,0,0,-1
gmsc,random_forest,84,RevolvingUtilizationOfUnsecuredLines,relative_plus_5,0.05,0.9999999,1.049999895,0.59110890429795,0.6189636577356219,0.027854753437671853,0.027854753437671853,1,1,0,-1
gmsc,random_forest,85,RevolvingUtilizationOfUnsecuredLines,relative_plus_5,0.05,0.009346499,0.00981382395,0.10713867731747691,0.10721634527185252,7.76679543756098e-05,7.76679543756098e-05,0,0,0,-1
gmsc,random_forest,86,RevolvingUtilizationOfUnsecuredLines,relative_plus_5,0.05,0.005071066,0.0053246193,0.16567388899210891,0.16567388899210891,0.0,0.0,0,0,0,-1
gmsc,random_forest,87,RevolvingUtilizationOfUnsecuredLines,relative_plus_5,0.05,0.012843349,0.01348551645,0.14884578185477607,0.14884578185477607,0.0,0.0,0,0,0,-1
gmsc,random_forest,88,RevolvingUtilizationOfUnsecuredLines,relative_plus_5,0.05,0.1560879,0.163892295,0.17254421040384832,0.1761531943875812,0.003608983983732883,0.003608983983732883,0,0,0,-1
gmsc,random_forest,89,RevolvingUtilizationOfUnsecuredLines,relative_plus_5,0.05,0.604072,0.6342756,0.4356553338681073,0.4389640795697417,0.003308745701634419,0.003308745701634419,0,0,0,-1
gmsc,random_forest,90,RevolvingUtilizationOfUnsecuredLines,relative_plus_5,0.05,0.03815551,0.0400632855,0.07549253017751428,0.07549253017751428,0.0,0.0,0,0,0,-1
gmsc,random_forest,91,RevolvingUtilizationOfUnsecuredLines,relative_plus_5,0.05,0.037672102,0.0395557071,0.1823130815219747,0.1823130815219747,0.0,0.0,0,0,0,-1
gmsc,random_forest,92,RevolvingUtilizationOfUnsecuredLines,relative_plus_5,0.05,0.007924802,0.0083210421,0.0932513558600773,0.0932513558600773,0.0,0.0,0,0,0,-1
gmsc,random_forest,93,RevolvingUtilizationOfUnsecuredLines,relative_plus_5,0.05,0.01435026,0.015067773,0.12998718901704973,0.1297064022358384,-0.00028078678121132294,0.00028078678121132294,0,0,0,-1
gmsc,random_forest,94,RevolvingUtilizationOfUnsecuredLines,relative_plus_5,0.05,0.03742409,0.0392952945,0.11645345924668923,0.11645345924668926,2.7755575615628914e-17,2.7755575615628914e-17,0,0,0,-1
gmsc,random_forest,95,RevolvingUtilizationOfUnsecuredLines,relative_plus_5,0.05,0.052285843,0.05490013515,0.18825767339402502,0.18870436260494522,0.0004466892109201981,0.0004466892109201981,0,0,0,-1
gmsc,random_forest,96,RevolvingUtilizationOfUnsecuredLines,relative_plus_5,0.05,0.13591728,0.14271314400000001,0.14751307642369796,0.15242347783110788,0.00491040140740992,0.00491040140740992,0,0,0,-1
gmsc,random_forest,97,RevolvingUtilizationOfUnsecuredLines,relative_plus_5,0.05,0.010577377,0.01110624585,0.1601265267080067,0.1601265267080067,0.0,0.0,0,0,0,-1
gmsc,random_forest,98,RevolvingUtilizationOfUnsecuredLines,relative_plus_5,0.05,0.29667103,0.3115045815,0.2792883685617908,0.28459465746080054,0.005306288899009748,0.005306288899009748,0,0,0,-1
gmsc,random_forest,99,RevolvingUtilizationOfUnsecuredLines,relative_plus_5,0.05,0.8326131,0.874243755,0.8587567687347458,0.8772225948808593,0.018465826146113473,0.018465826146113473,1,1,0,-1
gmsc,random_forest,0,RevolvingUtilizationOfUnsecuredLines,relative_minus_10,-0.1,0.030896358,0.033985993799999996,0.12448314782663561,0.1250257735225447,0.0005426256959090991,0.0005426256959090991,0,0,0,-1
gmsc,random_forest,1,RevolvingUtilizationOfUnsecuredLines,relative_minus_10,-0.1,0.02948292,0.032431212,0.12575902714321507,0.12575902714321505,-2.7755575615628914e-17,2.7755575615628914e-17,0,0,0,-1
gmsc,random_forest,2,RevolvingUtilizationOfUnsecuredLines,relative_minus_10,-0.1,0.021382323,0.023520555300000003,0.07737496123247078,0.0773749612324708,1.3877787807814457e-17,1.3877787807814457e-17,0,0,0,-1
gmsc,random_forest,3,RevolvingUtilizationOfUnsecuredLines,relative_minus_10,-0.1,0.15189621,0.16708583100000002,0.2222470545521674,0.22543807102037733,0.003191016468209934,0.003191016468209934,0,0,0,-1
gmsc,random_forest,4,RevolvingUtilizationOfUnsecuredLines,relative_minus_10,-0.1,0.011665889,0.0128324779,0.16593632439170214,0.16593632439170214,0.0,0.0,0,0,0,-1
gmsc,random_forest,5,RevolvingUtilizationOfUnsecuredLines,relative_minus_10,-0.1,0.23322007,0.256542077,0.20005511957959218,0.20588876408603704,0.005833644506444857,0.005833644506444857,0,0,0,-1
gmsc,random_forest,6,RevolvingUtilizationOfUnsecuredLines,relative_minus_10,-0.1,0.39567325,0.43524057499999996,0.24736845321604625,0.30825422715548395,0.0608857739394377,0.0608857739394377,0,0,0,-1
gmsc,random_forest,7,RevolvingUtilizationOfUnsecuredLines,relative_minus_10,-0.1,0.2807908,0.30886988,0.2020807786711973,0.21042087735097062,0.008340098679773311,0.008340098679773311,0,0,0,-1
gmsc,random_forest,8,RevolvingUtilizationOfUnsecuredLines,relative_minus_10,-0.1,0.0,0.0091009487,0.16030677171113558,0.15117633963905897,-0.009130432072076616,0.009130432072076616,0,0,0,-1
gmsc,random_forest,9,RevolvingUtilizationOfUnsecuredLines,relative_minus_10,-0.1,0.12197734,0.134175074,0.44585372419624947,0.446176421377722,0.0003226971814725421,0.0003226971814725421,0,0,0,-1
gmsc,random_forest,10,RevolvingUtilizationOfUnsecuredLines,relative_minus_10,-0.1,0.3846793,0.42314723,0.3047745297393056,0.36859478468731416,0.06382025494800858,0.06382025494800858,0,0,0,-1
gmsc,random_forest,11,RevolvingUtilizationOfUnsecuredLines,relative_minus_10,-0.1,0.43613514,0.479748654,0.2817436317150431,0.3088738653705998,0.027130233655556724,0.027130233655556724,0,0,0,-1
gmsc,random_forest,12,RevolvingUtilizationOfUnsecuredLines,relative_minus_10,-0.1,0.09578084,0.105358924,0.07579737355923029,0.07619091417542381,0.00039354061619352454,0.00039354061619352454,0,0,0,-1
gmsc,random_forest,13,RevolvingUtilizationOfUnsecuredLines,relative_minus_10,-0.1,0.9999999,1.09999989,0.8725178860518772,0.8576322955765127,-0.01488559047536453,0.01488559047536453,1,1,0,-1
gmsc,random_forest,14,RevolvingUtilizationOfUnsecuredLines,relative_minus_10,-0.1,0.47141215,0.5185533649999999,0.39620212705125957,0.48260846542532826,0.08640633837406869,0.08640633837406869,0,0,0,-1
gmsc,random_forest,15,RevolvingUtilizationOfUnsecuredLines,relative_minus_10,-0.1,0.03738817,0.041126987,0.358132684091735,0.36072107291578753,0.0025883888240525454,0.0025883888240525454,0,0,0,-1
gmsc,random_forest,16,RevolvingUtilizationOfUnsecuredLines,relative_minus_10,-0.1,0.36518577,0.401704347,0.4951408704187556,0.5068330060636329,0.01169213564487731,0.01169213564487731,0,1,1,-1
gmsc,random_forest,17,RevolvingUtilizationOfUnsecuredLines,relative_minus_10,-0.1,0.044219106,0.0486410166,0.1565391154880974,0.1562723747976298,-0.00026674069046761506,0.00026674069046761506,0,0,0,-1
gmsc,random_forest,18,RevolvingUtilizationOfUnsecuredLines,relative_minus_10,-0.1,0.9999999,1.09999989,0.4933265396567783,0.5123348359010166,0.019008296244238276,0.019008296244238276,0,1,1,-1
gmsc,random_forest,19,RevolvingUtilizationOfUnsecuredLines,relative_minus_10,-0.1,0.050904956,0.0559954516,0.33709665441513037,0.33709665441513037,0.0,0.0,0,0,0,-1
gmsc,random_forest,20,RevolvingUtilizationOfUnsecuredLines,relative_minus_10,-0.1,0.028527671,0.031380438100000005,0.125253843611223,0.1252538436112229,-8.326672684688674e-17,8.326672684688674e-17,0,0,0,-1
gmsc,random_forest,21,RevolvingUtilizationOfUnsecuredLines,relative_minus_10,-0.1,0.06357361,0.06993097100000001,0.1384442554842199,0.14259530767219628,0.004151052187976373,0.004151052187976373,0,0,0,-1
gmsc,random_forest,22,RevolvingUtilizationOfUnsecuredLines,relative_minus_10,-0.1,0.002599913,0.0028599043,0.10721005514231308,0.10698971469217486,-0.0002203404501382178,0.0002203404501382178,0,0,0,-1
gmsc,random_forest,23,RevolvingUtilizationOfUnsecuredLines,relative_minus_10,-0.1,0.03161417,0.034775587,0.14155973703643895,0.14155973703643895,0.0,0.0,0,0,0,-1
gmsc,random_forest,24,RevolvingUtilizationOfUnsecuredLines,relative_minus_10,-0.1,0.025913903,0.028505293299999998,0.08662915786666847,0.08662915786666847,0.0,0.0,0,0,0,-1
gmsc,random_forest,25,RevolvingUtilizationOfUnsecuredLines,relative_minus_10,-0.1,0.8536293,0.93899223,0.498904333907652,0.5095517417879549,0.01064740788030294,0.01064740788030294,0,1,1,-1
gmsc,random_forest,26,RevolvingUtilizationOfUnsecuredLines,relative_minus_10,-0.1,0.9999999,1.09999989,0.566313369934525,0.6128245787356468,0.046511208801121806,0.046511208801121806,1,1,0,-1
gmsc,random_forest,27,RevolvingUtilizationOfUnsecuredLines,relative_minus_10,-0.1,0.063485205,0.0698337255,0.1401781194818076,0.14249045121812057,0.002312331736312956,0.002312331736312956,0,0,0,-1
gmsc,random_forest,28,RevolvingUtilizationOfUnsecuredLines,relative_minus_10,-0.1,0.0,0.0091009487,0.16169516515611407,0.14609500978863205,-0.015600155367482021,0.015600155367482021,0,0,0,-1
gmsc,random_forest,29,RevolvingUtilizationOfUnsecuredLines,relative_minus_10,-0.1,0.015614713,0.0171761843,0.10365705573378153,0.10365705573378153,0.0,0.0,0,0,0,-1
gmsc,random_forest,30,RevolvingUtilizationOfUnsecuredLines,relative_minus_10,-0.1,0.09734902,0.107083922,0.23541054599203737,0.23806292820629812,0.0026523822142607567,0.0026523822142607567,0,0,0,-1
gmsc,random_forest,31,RevolvingUtilizationOfUnsecuredLines,relative_minus_10,-0.1,0.09229909,0.101528999,0.1471176133232665,0.1471176133232665,0.0,0.0,0,0,0,-1
gmsc,random_forest,32,RevolvingUtilizationOfUnsecuredLines,relative_minus_10,-0.1,0.22324374,0.245568114,0.19156208452759005,0.20609887938529775,0.014536794857707702,0.014536794857707702,0,0,0,-1
gmsc,random_forest,33,RevolvingUtilizationOfUnsecuredLines,relative_minus_10,-0.1,0.023850212,0.0262352332,0.0986278280958683,0.09920617659682356,0.0005783485009552558,0.0005783485009552558,0,0,0,-1
gmsc,random_forest,34,RevolvingUtilizationOfUnsecuredLines,relative_minus_10,-0.1,0.57284,0.630124,0.6110458318906421,0.6255383525948127,0.01449252070417062,0.01449252070417062,1,1,0,-1
gmsc,random_forest,35,RevolvingUtilizationOfUnsecuredLines,relative_minus_10,-0.1,0.2748278,0.30231058,0.6296792388822089,0.6351534769445563,0.00547423806234737,0.00547423806234737,1,1,0,-1
gmsc,random_forest,36,RevolvingUtilizationOfUnsecuredLines,relative_minus_10,-0.1,0.74517345,0.819690795,0.35220418744329696,0.3505951784830945,-0.0016090089602024404,0.0016090089602024404,0,0,0,-1
gmsc,random_forest,37,RevolvingUtilizationOfUnsecuredLines,relative_minus_10,-0.1,0.72366506,0.7960315659999999,0.5127242820218618,0.534747211137674,0.022022929115812162,0.022022929115812162,1,1,0,-1
gmsc,random_forest,38,RevolvingUtilizationOfUnsecuredLines,relative_minus_10,-0.1,0.45712107,0.5028331770000001,0.25511103636130245,0.28410121067894667,0.028990174317644224,0.028990174317644224,0,0,0,-1
gmsc,random_forest,39,RevolvingUtilizationOfUnsecuredLines,relative_minus_10,-0.1,0.06888933,0.075778263,0.25436458779402354,0.25436458779402354,0.0,0.0,0,0,0,-1
gmsc,random_forest,40,RevolvingUtilizationOfUnsecuredLines,relative_minus_10,-0.1,0.0,0.0091009487,0.15364664040859202,0.1448911589159365,-0.008755481492655509,0.008755481492655509,0,0,0,-1
gmsc,random_forest,41,RevolvingUtilizationOfUnsecuredLines,relative_minus_10,-0.1,0.011121044,0.0122331484,0.21481465988917767,0.21514325580473032,0.00032859591555264855,0.00032859591555264855,0,0,0,-1
gmsc,random_forest,42,RevolvingUtilizationOfUnsecuredLines,relative_minus_10,-0.1,0.07121731,0.07833904100000001,0.1501088987333263,0.15010889873332633,2.7755575615628914e-17,2.7755575615628914e-17,0,0,0,-1
gmsc,random_forest,43,RevolvingUtilizationOfUnsecuredLines,relative_minus_10,-0.1,0.4177215,0.45949365000000003,0.36253642583455215,0.4160237080137182,0.05348728217916604,0.05348728217916604,0,0,0,-1
gmsc,random_forest,44,RevolvingUtilizationOfUnsecuredLines,relative_minus_10,-0.1,0.10908173,0.11998990300000001,0.13721131938118405,0.1452182309621011,0.008006911580917042,0.008006911580917042,0,0,0,-1
gmsc,random_forest,45,RevolvingUtilizationOfUnsecuredLines,relative_minus_10,-0.1,0.040165327,0.0441818597,0.1794370938336495,0.17970825754088846,0.0002711637072389528,0.0002711637072389528,0,0,0,-1
gmsc,random_forest,46,RevolvingUtilizationOfUnsecuredLines,relative_minus_10,-0.1,0.52790403,0.580694433,0.3159103257559534,0.3181195633744984,0.0022092376185450235,0.0022092376185450235,0,0,0,-1
gmsc,random_forest,47,RevolvingUtilizationOfUnsecuredLines,relative_minus_10,-0.1,0.06679555,0.073475105,0.09990560036967194,0.10005846360559324,0.00015286323592129947,0.00015286323592129947,0,0,0,-1
gmsc,random_forest,48,RevolvingUtilizationOfUnsecuredLines,relative_minus_10,-0.1,0.10128987,0.11141885700000001,0.12714889185513736,0.12821055553077532,0.0010616636756379527,0.0010616636756379527,0,0,0,-1
gmsc,random_forest,49,RevolvingUtilizationOfUnsecuredLines,relative_minus_10,-0.1,0.026742943,0.029417237300000003,0.0702107223085158,0.07021072230851579,-1.3877787807814457e-17,1.3877787807814457e-17,0,0,0,-1
gmsc,random_forest,50,RevolvingUtilizationOfUnsecuredLines,relative_minus_10,-0.1,0.14541522,0.159956742,0.15265829520102106,0.15924133623881542,0.006583041037794363,0.006583041037794363,0,0,0,-1
gmsc,random_forest,51,RevolvingUtilizationOfUnsecuredLines,relative_minus_10,-0.1,0.2929907,0.32228977,0.2628422782175456,0.2750870086182956,0.012244730400750026,0.012244730400750026,0,0,0,-1
gmsc,random_forest,52,RevolvingUtilizationOfUnsecuredLines,relative_minus_10,-0.1,0.017210783,0.018931861300000002,0.07756754455616102,0.07756754455616106,4.163336342344337e-17,4.163336342344337e-17,0,0,0,-1
gmsc,random_forest,53,RevolvingUtilizationOfUnsecuredLines,relative_minus_10,-0.1,0.7669077,0.84359847,0.801766334910606,0.8175350780840289,0.015768743173422917,0.015768743173422917,1,1,0,-1
gmsc,random_forest,54,RevolvingUtilizationOfUnsecuredLines,relative_minus_10,-0.1,1.0356027,1.13916297,0.8582977428532704,0.8592526430145928,0.0009549001613223806,0.0009549001613223806,1,1,0,-1
gmsc,random_forest,55,RevolvingUtilizationOfUnsecuredLines,relative_minus_10,-0.1,0.011375782,0.012513360199999999,0.10544807655567226,0.10544807655567226,0.0,0.0,0,0,0,-1
gmsc,random_forest,56,RevolvingUtilizationOfUnsecuredLines,relative_minus_10,-0.1,0.0,0.0091009487,0.16614971558636332,0.15877375564315552,-0.007375959943207805,0.007375959943207805,0,0,0,-1
gmsc,random_forest,57,RevolvingUtilizationOfUnsecuredLines,relative_minus_10,-0.1,0.9999999,1.09999989,0.5819136422191914,0.6358881450126174,0.05397450279342597,0.05397450279342597,1,1,0,-1
gmsc,random_forest,58,RevolvingUtilizationOfUnsecuredLines,relative_minus_10,-0.1,0.5012159,0.5513374900000001,0.7436704750418504,0.7527037020036524,0.009033226961802088,0.009033226961802088,1,1,0,-1
gmsc,random_forest,59,RevolvingUtilizationOfUnsecuredLines,relative_minus_10,-0.1,0.8254279,0.90797069,0.587090829362347,0.6086730944467843,0.02158226508443728,0.02158226508443728,1,1,0,-1
gmsc,random_forest,60,RevolvingUtilizationOfUnsecuredLines,relative_minus_10,-0.1,0.0,0.0091009487,0.1649034942951832,0.15574772711837018,-0.009155767176813018,0.009155767176813018,0,0,0,-1
gmsc,random_forest,61,RevolvingUtilizationOfUnsecuredLines,relative_minus_10,-0.1,0.28095686,0.309052546,0.2942532697850684,0.3008476519890528,0.006594382203984395,0.006594382203984395,0,0,0,-1
gmsc,random_forest,62,RevolvingUtilizationOfUnsecuredLines,relative_minus_10,-0.1,0.9999999,1.09999989,0.5335320712885583,0.5598497905767967,0.02631771928823845,0.02631771928823845,1,1,0,-1
gmsc,random_forest,63,RevolvingUtilizationOfUnsecuredLines,relative_minus_10,-0.1,0.0717633,0.07893963,0.13289866287150406,0.13289866287150404,-2.7755575615628914e-17,2.7755575615628914e-17,0,0,0,-1
gmsc,random_forest,64,RevolvingUtilizationOfUnsecuredLines,relative_minus_10,-0.1,0.0,0.0091009487,0.2665313715697186,0.252379066288646,-0.014152305281072641,0.014152305281072641,0,0,0,-1
gmsc,random_forest,65,RevolvingUtilizationOfUnsecuredLines,relative_minus_10,-0.1,0.00931117,0.010242287000000001,0.5063899923778815,0.5056181906119912,-0.000771801765890312,0.000771801765890312,1,1,0,-1
gmsc,random_forest,66,RevolvingUtilizationOfUnsecuredLines,relative_minus_10,-0.1,0.27445123,0.301896353,0.1736576827952704,0.19055735879575839,0.016899676000487973,0.016899676000487973,0,0,0,-1
gmsc,random_forest,67,RevolvingUtilizationOfUnsecuredLines,relative_minus_10,-0.1,0.69228846,0.761517306,0.4600211443798788,0.4781019920647278,0.018080847684849022,0.018080847684849022,0,0,0,-1
gmsc,random_forest,68,RevolvingUtilizationOfUnsecuredLines,relative_minus_10,-0.1,0.07034841,0.077383251,0.14330478155243379,0.14330478155243379,0.0,0.0,0,0,0,-1
gmsc,random_forest,69,RevolvingUtilizationOfUnsecuredLines,relative_minus_10,-0.1,0.21850161,0.24035177100000002,0.3889070815939389,0.4252557021441334,0.0363486205501945,0.0363486205501945,0,0,0,-1
gmsc,random_forest,70,RevolvingUtilizationOfUnsecuredLines,relative_minus_10,-0.1,0.023867318,0.0262540498,0.4193795781899724,0.4199579266909277,0.0005783485009552836,0.0005783485009552836,0,0,0,-1
gmsc,random_forest,71,RevolvingUtilizationOfUnsecuredLines,relative_minus_10,-0.1,0.050140366,0.0551544026,0.17008515516847897,0.17053184437939917,0.0004466892109201981,0.0004466892109201981,0,0,0,-1
gmsc,random_forest,72,RevolvingUtilizationOfUnsecuredLines,relative_minus_10,-0.1,0.06126258,0.06738883799999999,0.20907874085396658,0.21071641047735187,0.001637669623385296,0.001637669623385296,0,0,0,-1
gmsc,random_forest,73,RevolvingUtilizationOfUnsecuredLines,relative_minus_10,-0.1,0.44115546,0.485271006,0.365051631552107,0.39066729820104734,0.025615666648940327,0.025615666648940327,0,0,0,-1
gmsc,random_forest,74,RevolvingUtilizationOfUnsecuredLines,relative_minus_10,-0.1,0.18675703,0.20543273299999998,0.2065140624206517,0.20797855959440656,0.0014644971737548529,0.0014644971737548529,0,0,0,-1
gmsc,random_forest,75,RevolvingUtilizationOfUnsecuredLines,relative_minus_10,-0.1,0.5988024,0.65868264,0.526646966431903,0.5359844458961476,0.009337479464244569,0.009337479464244569,1,1,0,-1
gmsc,random_forest,76,RevolvingUtilizationOfUnsecuredLines,relative_minus_10,-0.1,0.018871846,0.020759030600000002,0.12531638246166502,0.12531638246166496,-5.551115123125783e-17,5.551115123125783e-17,0,0,0,-1
gmsc,random_forest,77,RevolvingUtilizationOfUnsecuredLines,relative_minus_10,-0.1,0.0223315,0.02456465,0.07799823819062678,0.07799823819062679,1.3877787807814457e-17,1.3877787807814457e-17,0,0,0,-1
gmsc,random_forest,78,RevolvingUtilizationOfUnsecuredLines,relative_minus_10,-0.1,0.053710874,0.0590819614,0.10359585418304888,0.1035958541830489,1.3877787807814457e-17,1.3877787807814457e-17,0,0,0,-1
gmsc,random_forest,79,RevolvingUtilizationOfUnsecuredLines,relative_minus_10,-0.1,0.4251497,0.46766467,0.3455170212556861,0.3805073875773297,0.034990366321643596,0.034990366321643596,0,0,0,-1
gmsc,random_forest,80,RevolvingUtilizationOfUnsecuredLines,relative_minus_10,-0.1,0.51730984,0.569040824,0.2866632770366475,0.2944486436624639,0.0077853666258164145,0.0077853666258164145,0,0,0,-1
gmsc,random_forest,81,RevolvingUtilizationOfUnsecuredLines,relative_minus_10,-0.1,0.089719884,0.0986918724,0.17937720733779408,0.179909348148573,0.0005321408107789305,0.0005321408107789305,0,0,0,-1
gmsc,random_forest,82,RevolvingUtilizationOfUnsecuredLines,relative_minus_10,-0.1,0.5517315,0.60690465,0.4339743246902932,0.4346677948603017,0.0006934701700085366,0.0006934701700085366,0,0,0,-1
gmsc,random_forest,83,RevolvingUtilizationOfUnsecuredLines,relative_minus_10,-0.1,0.04207145,0.046278595000000006,0.1141917331465753,0.11419173314657527,-2.7755575615628914e-17,2.7755575615628914e-17,0,0,0,-1
gmsc,random_forest,84,RevolvingUtilizationOfUnsecuredLines,relative_minus_10,-0.1,0.9999999,1.09999989,0.59110890429795,0.6189636577356219,0.027854753437671853,0.027854753437671853,1,1,0,-1
gmsc,random_forest,85,RevolvingUtilizationOfUnsecuredLines,relative_minus_10,-0.1,0.009346499,0.010281148899999999,0.10713867731747691,0.10721634527185255,7.766795437563756e-05,7.766795437563756e-05,0,0,0,-1
gmsc,random_forest,86,RevolvingUtilizationOfUnsecuredLines,relative_minus_10,-0.1,0.005071066,0.0055781726,0.16567388899210891,0.16567388899210886,-5.551115123125783e-17,5.551115123125783e-17,0,0,0,-1
gmsc,random_forest,87,RevolvingUtilizationOfUnsecuredLines,relative_minus_10,-0.1,0.012843349,0.0141276839,0.14884578185477607,0.14884578185477607,0.0,0.0,0,0,0,-1
gmsc,random_forest,88,RevolvingUtilizationOfUnsecuredLines,relative_minus_10,-0.1,0.1560879,0.17169669,0.17254421040384832,0.17830986496969833,0.005765654565850015,0.005765654565850015,0,0,0,-1
gmsc,random_forest,89,RevolvingUtilizationOfUnsecuredLines,relative_minus_10,-0.1,0.604072,0.6644792,0.4356553338681073,0.4397715360850795,0.004116202216972231,0.004116202216972231,0,0,0,-1
gmsc,random_forest,90,RevolvingUtilizationOfUnsecuredLines,relative_minus_10,-0.1,0.03815551,0.041971061,0.07549253017751428,0.07549253017751432,4.163336342344337e-17,4.163336342344337e-17,0,0,0,-1
gmsc,random_forest,91,RevolvingUtilizationOfUnsecuredLines,relative_minus_10,-0.1,0.037672102,0.0414393122,0.1823130815219747,0.18231308152197467,-2.7755575615628914e-17,2.7755575615628914e-17,0,0,0,-1
gmsc,random_forest,92,RevolvingUtilizationOfUnsecuredLines,relative_minus_10,-0.1,0.007924802,0.008717282199999999,0.0932513558600773,0.0932513558600773,0.0,0.0,0,0,0,-1
gmsc,random_forest,93,RevolvingUtilizationOfUnsecuredLines,relative_minus_10,-0.1,0.01435026,0.015785286,0.12998718901704973,0.12970640223583838,-0.0002807867812113507,0.0002807867812113507,0,0,0,-1
gmsc,random_forest,94,RevolvingUtilizationOfUnsecuredLines,relative_minus_10,-0.1,0.03742409,0.041166499,0.11645345924668923,0.11764896978388807,0.0011955105371988378,0.0011955105371988378,0,0,0,-1
gmsc,random_forest,95,RevolvingUtilizationOfUnsecuredLines,relative_minus_10,-0.1,0.052285843,0.0575144273,0.18825767339402502,0.18870436260494527,0.0004466892109202536,0.0004466892109202536,0,0,0,-1
gmsc,random_forest,96,RevolvingUtilizationOfUnsecuredLines,relative_minus_10,-0.1,0.13591728,0.149509008,0.14751307642369796,0.1573079604105371,0.009794883986839142,0.009794883986839142,0,0,0,-1
gmsc,random_forest,97,RevolvingUtilizationOfUnsecuredLines,relative_minus_10,-0.1,0.010577377,0.011635114700000001,0.1601265267080067,0.1604551226235593,0.00032859591555259304,0.00032859591555259304,0,0,0,-1
gmsc,random_forest,98,RevolvingUtilizationOfUnsecuredLines,relative_minus_10,-0.1,0.29667103,0.32633813300000003,0.2792883685617908,0.29791833587984956,0.01862996731805877,0.01862996731805877,0,0,0,-1
gmsc,random_forest,99,RevolvingUtilizationOfUnsecuredLines,relative_minus_10,-0.1,0.8326131,0.91587441,0.8587567687347458,0.8911380724603778,0.03238130372563197,0.03238130372563197,1,1,0,-1
gmsc,random_forest,0,RevolvingUtilizationOfUnsecuredLines,relative_plus_10,0.1,0.030896358,0.033985993799999996,0.12448314782663561,0.1250257735225447,0.0005426256959090991,0.0005426256959090991,0,0,0,-1
gmsc,random_forest,1,RevolvingUtilizationOfUnsecuredLines,relative_plus_10,0.1,0.02948292,0.032431212,0.12575902714321507,0.12575902714321507,0.0,0.0,0,0,0,-1
gmsc,random_forest,2,RevolvingUtilizationOfUnsecuredLines,relative_plus_10,0.1,0.021382323,0.023520555300000003,0.07737496123247078,0.0773749612324708,1.3877787807814457e-17,1.3877787807814457e-17,0,0,0,-1
gmsc,random_forest,3,RevolvingUtilizationOfUnsecuredLines,relative_plus_10,0.1,0.15189621,0.16708583100000002,0.2222470545521674,0.22543807102037733,0.003191016468209934,0.003191016468209934,0,0,0,-1
gmsc,random_forest,4,RevolvingUtilizationOfUnsecuredLines,relative_plus_10,0.1,0.011665889,0.0128324779,0.16593632439170214,0.16593632439170214,0.0,0.0,0,0,0,-1
gmsc,random_forest,5,RevolvingUtilizationOfUnsecuredLines,relative_plus_10,0.1,0.23322007,0.256542077,0.20005511957959218,0.20588876408603704,0.005833644506444857,0.005833644506444857,0,0,0,-1
gmsc,random_forest,6,RevolvingUtilizationOfUnsecuredLines,relative_plus_10,0.1,0.39567325,0.43524057499999996,0.24736845321604625,0.30825422715548395,0.0608857739394377,0.0608857739394377,0,0,0,-1
gmsc,random_forest,7,RevolvingUtilizationOfUnsecuredLines,relative_plus_10,0.1,0.2807908,0.30886988,0.2020807786711973,0.21042087735097062,0.008340098679773311,0.008340098679773311,0,0,0,-1
gmsc,random_forest,8,RevolvingUtilizationOfUnsecuredLines,relative_plus_10,0.1,0.0,0.0091009487,0.16030677171113558,0.151176339639059,-0.009130432072076589,0.009130432072076589,0,0,0,-1
gmsc,random_forest,9,RevolvingUtilizationOfUnsecuredLines,relative_plus_10,0.1,0.12197734,0.134175074,0.44585372419624947,0.44617642137772207,0.00032269718147259763,0.00032269718147259763,0,0,0,-1
gmsc,random_forest,10,RevolvingUtilizationOfUnsecuredLines,relative_plus_10,0.1,0.3846793,0.42314723,0.3047745297393056,0.3685947846873141,0.06382025494800853,0.06382025494800853,0,0,0,-1
gmsc,random_forest,11,RevolvingUtilizationOfUnsecuredLines,relative_plus_10,0.1,0.43613514,0.479748654,0.2817436317150431,0.3088738653705998,0.027130233655556724,0.027130233655556724,0,0,0,-1
gmsc,random_forest,12,RevolvingUtilizationOfUnsecuredLines,relative_plus_10,0.1,0.09578084,0.105358924,0.07579737355923029,0.0761909141754238,0.00039354061619351066,0.00039354061619351066,0,0,0,-1
gmsc,random_forest,13,RevolvingUtilizationOfUnsecuredLines,relative_plus_10,0.1,0.9999999,1.09999989,0.8725178860518772,0.8576322955765127,-0.01488559047536453,0.01488559047536453,1,1,0,-1
gmsc,random_forest,14,RevolvingUtilizationOfUnsecuredLines,relative_plus_10,0.1,0.47141215,0.5185533649999999,0.39620212705125957,0.48260846542532826,0.08640633837406869,0.08640633837406869,0,0,0,-1
gmsc,random_forest,15,RevolvingUtilizationOfUnsecuredLines,relative_plus_10,0.1,0.03738817,0.041126987,0.358132684091735,0.36072107291578753,0.0025883888240525454,0.0025883888240525454,0,0,0,-1
gmsc,random_forest,16,RevolvingUtilizationOfUnsecuredLines,relative_plus_10,0.1,0.36518577,0.401704347,0.4951408704187556,0.5068330060636328,0.0116921356448772,0.0116921356448772,0,1,1,-1
gmsc,random_forest,17,RevolvingUtilizationOfUnsecuredLines,relative_plus_10,0.1,0.044219106,0.0486410166,0.1565391154880974,0.1562723747976298,-0.00026674069046761506,0.00026674069046761506,0,0,0,-1
gmsc,random_forest,18,RevolvingUtilizationOfUnsecuredLines,relative_plus_10,0.1,0.9999999,1.09999989,0.4933265396567783,0.5123348359010165,0.019008296244238165,0.019008296244238165,0,1,1,-1
gmsc,random_forest,19,RevolvingUtilizationOfUnsecuredLines,relative_plus_10,0.1,0.050904956,0.0559954516,0.33709665441513037,0.3370966544151303,-5.551115123125783e-17,5.551115123125783e-17,0,0,0,-1
gmsc,random_forest,20,RevolvingUtilizationOfUnsecuredLines,relative_plus_10,0.1,0.028527671,0.031380438100000005,0.125253843611223,0.12525384361122294,-5.551115123125783e-17,5.551115123125783e-17,0,0,0,-1
gmsc,random_forest,21,RevolvingUtilizationOfUnsecuredLines,relative_plus_10,0.1,0.06357361,0.06993097100000001,0.1384442554842199,0.14259530767219633,0.004151052187976428,0.004151052187976428,0,0,0,-1
gmsc,random_forest,22,RevolvingUtilizationOfUnsecuredLines,relative_plus_10,0.1,0.002599913,0.0028599043,0.10721005514231308,0.10698971469217486,-0.0002203404501382178,0.0002203404501382178,0,0,0,-1
gmsc,random_forest,23,RevolvingUtilizationOfUnsecuredLines,relative_plus_10,0.1,0.03161417,0.034775587,0.14155973703643895,0.14155973703643898,2.7755575615628914e-17,2.7755575615628914e-17,0,0,0,-1
gmsc,random_forest,24,RevolvingUtilizationOfUnsecuredLines,relative_plus_10,0.1,0.025913903,0.028505293299999998,0.08662915786666847,0.08662915786666846,-1.3877787807814457e-17,1.3877787807814457e-17,0,0,0,-1
gmsc,random_forest,25,RevolvingUtilizationOfUnsecuredLines,relative_plus_10,0.1,0.8536293,0.93899223,0.498904333907652,0.5095517417879549,0.01064740788030294,0.01064740788030294,0,1,1,-1
gmsc,random_forest,26,RevolvingUtilizationOfUnsecuredLines,relative_plus_10,0.1,0.9999999,1.09999989,0.566313369934525,0.612824578735647,0.04651120880112203,0.04651120880112203,1,1,0,-1
gmsc,random_forest,27,RevolvingUtilizationOfUnsecuredLines,relative_plus_10,0.1,0.063485205,0.0698337255,0.1401781194818076,0.14249045121812054,0.002312331736312928,0.002312331736312928,0,0,0,-1
gmsc,random_forest,28,RevolvingUtilizationOfUnsecuredLines,relative_plus_10,0.1,0.0,0.0091009487,0.16169516515611407,0.14609500978863207,-0.015600155367481994,0.015600155367481994,0,0,0,-1
gmsc,random_forest,29,RevolvingUtilizationOfUnsecuredLines,relative_plus_10,0.1,0.015614713,0.0171761843,0.10365705573378153,0.10365705573378153,0.0,0.0,0,0,0,-1
gmsc,random_forest,30,RevolvingUtilizationOfUnsecuredLines,relative_plus_10,0.1,0.09734902,0.107083922,0.23541054599203737,0.23806292820629815,0.0026523822142607845,0.0026523822142607845,0,0,0,-1
gmsc,random_forest,31,RevolvingUtilizationOfUnsecuredLines,relative_plus_10,0.1,0.09229909,0.101528999,0.1471176133232665,0.1471176133232665,0.0,0.0,0,0,0,-1
gmsc,random_forest,32,RevolvingUtilizationOfUnsecuredLines,relative_plus_10,0.1,0.22324374,0.245568114,0.19156208452759005,0.20609887938529778,0.01453679485770773,0.01453679485770773,0,0,0,-1
gmsc,random_forest,33,RevolvingUtilizationOfUnsecuredLines,relative_plus_10,0.1,0.023850212,0.0262352332,0.0986278280958683,0.09920617659682356,0.0005783485009552558,0.0005783485009552558,0,0,0,-1
gmsc,random_forest,34,RevolvingUtilizationOfUnsecuredLines,relative_plus_10,0.1,0.57284,0.630124,0.6110458318906421,0.6255383525948127,0.01449252070417062,0.01449252070417062,1,1,0,-1
gmsc,random_forest,35,RevolvingUtilizationOfUnsecuredLines,relative_plus_10,0.1,0.2748278,0.30231058,0.6296792388822089,0.6351534769445564,0.005474238062347481,0.005474238062347481,1,1,0,-1
gmsc,random_forest,36,RevolvingUtilizationOfUnsecuredLines,relative_plus_10,0.1,0.74517345,0.819690795,0.35220418744329696,0.3505951784830945,-0.0016090089602024404,0.0016090089602024404,0,0,0,-1
gmsc,random_forest,37,RevolvingUtilizationOfUnsecuredLines,relative_plus_10,0.1,0.72366506,0.7960315659999999,0.5127242820218618,0.5347472111376739,0.02202292911581205,0.02202292911581205,1,1,0,-1
gmsc,random_forest,38,RevolvingUtilizationOfUnsecuredLines,relative_plus_10,0.1,0.45712107,0.5028331770000001,0.25511103636130245,0.28410121067894667,0.028990174317644224,0.028990174317644224,0,0,0,-1
gmsc,random_forest,39,RevolvingUtilizationOfUnsecuredLines,relative_plus_10,0.1,0.06888933,0.075778263,0.25436458779402354,0.2543645877940235,-5.551115123125783e-17,5.551115123125783e-17,0,0,0,-1
gmsc,random_forest,40,RevolvingUtilizationOfUnsecuredLines,relative_plus_10,0.1,0.0,0.0091009487,0.15364664040859202,0.1448911589159365,-0.008755481492655509,0.008755481492655509,0,0,0,-1
gmsc,random_forest,41,RevolvingUtilizationOfUnsecuredLines,relative_plus_10,0.1,0.011121044,0.0122331484,0.21481465988917767,0.21514325580473026,0.00032859591555259304,0.00032859591555259304,0,0,0,-1
gmsc,random_forest,42,RevolvingUtilizationOfUnsecuredLines,relative_plus_10,0.1,0.07121731,0.07833904100000001,0.1501088987333263,0.15010889873332633,2.7755575615628914e-17,2.7755575615628914e-17,0,0,0,-1
gmsc,random_forest,43,RevolvingUtilizationOfUnsecuredLines,relative_plus_10,0.1,0.4177215,0.45949365000000003,0.36253642583455215,0.41602370801371824,0.053487282179166096,0.053487282179166096,0,0,0,-1
gmsc,random_forest,44,RevolvingUtilizationOfUnsecuredLines,relative_plus_10,0.1,0.10908173,0.11998990300000001,0.13721131938118405,0.14521823096210112,0.00800691158091707,0.00800691158091707,0,0,0,-1
gmsc,random_forest,45,RevolvingUtilizationOfUnsecuredLines,relative_plus_10,0.1,0.040165327,0.0441818597,0.1794370938336495,0.17970825754088846,0.0002711637072389528,0.0002711637072389528,0,0,0,-1
gmsc,random_forest,46,RevolvingUtilizationOfUnsecuredLines,relative_plus_10,0.1,0.52790403,0.580694433,0.3159103257559534,0.3181195633744984,0.0022092376185450235,0.0022092376185450235,0,0,0,-1
gmsc,random_forest,47,RevolvingUtilizationOfUnsecuredLines,relative_plus_10,0.1,0.06679555,0.073475105,0.09990560036967194,0.10005846360559327,0.00015286323592132722,0.00015286323592132722,0,0,0,-1
gmsc,random_forest,48,RevolvingUtilizationOfUnsecuredLines,relative_plus_10,0.1,0.10128987,0.11141885700000001,0.12714889185513736,0.1282105555307754,0.001061663675638036,0.001061663675638036,0,0,0,-1
gmsc,random_forest,49,RevolvingUtilizationOfUnsecuredLines,relative_plus_10,0.1,0.026742943,0.029417237300000003,0.0702107223085158,0.07021072230851581,1.3877787807814457e-17,1.3877787807814457e-17,0,0,0,-1
gmsc,random_forest,50,RevolvingUtilizationOfUnsecuredLines,relative_plus_10,0.1,0.14541522,0.159956742,0.15265829520102106,0.1592413362388154,0.006583041037794335,0.006583041037794335,0,0,0,-1
gmsc,random_forest,51,RevolvingUtilizationOfUnsecuredLines,relative_plus_10,0.1,0.2929907,0.32228977,0.2628422782175456,0.27508700861829555,0.01224473040074997,0.01224473040074997,0,0,0,-1
gmsc,random_forest,52,RevolvingUtilizationOfUnsecuredLines,relative_plus_10,0.1,0.017210783,0.018931861300000002,0.07756754455616102,0.07756754455616106,4.163336342344337e-17,4.163336342344337e-17,0,0,0,-1
gmsc,random_forest,53,RevolvingUtilizationOfUnsecuredLines,relative_plus_10,0.1,0.7669077,0.84359847,0.801766334910606,0.8175350780840289,0.015768743173422917,0.015768743173422917,1,1,0,-1
gmsc,random_forest,54,RevolvingUtilizationOfUnsecuredLines,relative_plus_10,0.1,1.0356027,1.13916297,0.8582977428532704,0.8592526430145928,0.0009549001613223806,0.0009549001613223806,1,1,0,-1
gmsc,random_forest,55,RevolvingUtilizationOfUnsecuredLines,relative_plus_10,0.1,0.011375782,0.012513360199999999,0.10544807655567226,0.10544807655567227,1.3877787807814457e-17,1.3877787807814457e-17,0,0,0,-1
gmsc,random_forest,56,RevolvingUtilizationOfUnsecuredLines,relative_plus_10,0.1,0.0,0.0091009487,0.16614971558636332,0.1587737556431555,-0.007375959943207833,0.007375959943207833,0,0,0,-1
gmsc,random_forest,57,RevolvingUtilizationOfUnsecuredLines,relative_plus_10,0.1,0.9999999,1.09999989,0.5819136422191914,0.6358881450126173,0.05397450279342586,0.05397450279342586,1,1,0,-1
gmsc,random_forest,58,RevolvingUtilizationOfUnsecuredLines,relative_plus_10,0.1,0.5012159,0.5513374900000001,0.7436704750418504,0.7527037020036526,0.009033226961802199,0.009033226961802199,1,1,0,-1
gmsc,random_forest,59,RevolvingUtilizationOfUnsecuredLines,relative_plus_10,0.1,0.8254279,0.90797069,0.587090829362347,0.6086730944467845,0.021582265084437502,0.021582265084437502,1,1,0,-1
gmsc,random_forest,60,RevolvingUtilizationOfUnsecuredLines,relative_plus_10,0.1,0.0,0.0091009487,0.1649034942951832,0.15574772711837015,-0.009155767176813046,0.009155767176813046,0,0,0,-1
gmsc,random_forest,61,RevolvingUtilizationOfUnsecuredLines,relative_plus_10,0.1,0.28095686,0.309052546,0.2942532697850684,0.3008476519890528,0.006594382203984395,0.006594382203984395,0,0,0,-1
gmsc,random_forest,62,RevolvingUtilizationOfUnsecuredLines,relative_plus_10,0.1,0.9999999,1.09999989,0.5335320712885583,0.5598497905767967,0.02631771928823845,0.02631771928823845,1,1,0,-1
gmsc,random_forest,63,RevolvingUtilizationOfUnsecuredLines,relative_plus_10,0.1,0.0717633,0.07893963,0.13289866287150406,0.13289866287150404,-2.7755575615628914e-17,2.7755575615628914e-17,0,0,0,-1
gmsc,random_forest,64,RevolvingUtilizationOfUnsecuredLines,relative_plus_10,0.1,0.0,0.0091009487,0.2665313715697186,0.25237906628864615,-0.014152305281072475,0.014152305281072475,0,0,0,-1
gmsc,random_forest,65,RevolvingUtilizationOfUnsecuredLines,relative_plus_10,0.1,0.00931117,0.010242287000000001,0.5063899923778815,0.5056181906119913,-0.000771801765890201,0.000771801765890201,1,1,0,-1
gmsc,random_forest,66,RevolvingUtilizationOfUnsecuredLines,relative_plus_10,0.1,0.27445123,0.301896353,0.1736576827952704,0.19055735879575844,0.01689967600048803,0.01689967600048803,0,0,0,-1
gmsc,random_forest,67,RevolvingUtilizationOfUnsecuredLines,relative_plus_10,0.1,0.69228846,0.761517306,0.4600211443798788,0.4781019920647277,0.01808084768484891,0.01808084768484891,0,0,0,-1
gmsc,random_forest,68,RevolvingUtilizationOfUnsecuredLines,relative_plus_10,0.1,0.07034841,0.077383251,0.14330478155243379,0.14330478155243379,0.0,0.0,0,0,0,-1
gmsc,random_forest,69,RevolvingUtilizationOfUnsecuredLines,relative_plus_10,0.1,0.21850161,0.24035177100000002,0.3889070815939389,0.4252557021441334,0.0363486205501945,0.0363486205501945,0,0,0,-1
gmsc,random_forest,70,RevolvingUtilizationOfUnsecuredLines,relative_plus_10,0.1,0.023867318,0.0262540498,0.4193795781899724,0.41995792669092763,0.000578348500955228,0.000578348500955228,0,0,0,-1
gmsc,random_forest,71,RevolvingUtilizationOfUnsecuredLines,relative_plus_10,0.1,0.050140366,0.0551544026,0.17008515516847897,0.17053184437939917,0.0004466892109201981,0.0004466892109201981,0,0,0,-1
gmsc,random_forest,72,RevolvingUtilizationOfUnsecuredLines,relative_plus_10,0.1,0.06126258,0.06738883799999999,0.20907874085396658,0.2107164104773519,0.0016376696233853238,0.0016376696233853238,0,0,0,-1
gmsc,random_forest,73,RevolvingUtilizationOfUnsecuredLines,relative_plus_10,0.1,0.44115546,0.485271006,0.365051631552107,0.39066729820104734,0.025615666648940327,0.025615666648940327,0,0,0,-1
gmsc,random_forest,74,RevolvingUtilizationOfUnsecuredLines,relative_plus_10,0.1,0.18675703,0.20543273299999998,0.2065140624206517,0.2079785595944066,0.0014644971737548806,0.0014644971737548806,0,0,0,-1
gmsc,random_forest,75,RevolvingUtilizationOfUnsecuredLines,relative_plus_10,0.1,0.5988024,0.65868264,0.526646966431903,0.5359844458961476,0.009337479464244569,0.009337479464244569,1,1,0,-1
gmsc,random_forest,76,RevolvingUtilizationOfUnsecuredLines,relative_plus_10,0.1,0.018871846,0.020759030600000002,0.12531638246166502,0.125316382461665,-2.7755575615628914e-17,2.7755575615628914e-17,0,0,0,-1
gmsc,random_forest,77,RevolvingUtilizationOfUnsecuredLines,relative_plus_10,0.1,0.0223315,0.02456465,0.07799823819062678,0.07799823819062679,1.3877787807814457e-17,1.3877787807814457e-17,0,0,0,-1
gmsc,random_forest,78,RevolvingUtilizationOfUnsecuredLines,relative_plus_10,0.1,0.053710874,0.0590819614,0.10359585418304888,0.1035958541830489,1.3877787807814457e-17,1.3877787807814457e-17,0,0,0,-1
gmsc,random_forest,79,RevolvingUtilizationOfUnsecuredLines,relative_plus_10,0.1,0.4251497,0.46766467,0.3455170212556861,0.3805073875773297,0.034990366321643596,0.034990366321643596,0,0,0,-1
gmsc,random_forest,80,RevolvingUtilizationOfUnsecuredLines,relative_plus_10,0.1,0.51730984,0.569040824,0.2866632770366475,0.29444864366246387,0.007785366625816359,0.007785366625816359,0,0,0,-1
gmsc,random_forest,81,RevolvingUtilizationOfUnsecuredLines,relative_plus_10,0.1,0.089719884,0.0986918724,0.17937720733779408,0.179909348148573,0.0005321408107789305,0.0005321408107789305,0,0,0,-1
gmsc,random_forest,82,RevolvingUtilizationOfUnsecuredLines,relative_plus_10,0.1,0.5517315,0.60690465,0.4339743246902932,0.4346677948603017,0.0006934701700085366,0.0006934701700085366,0,0,0,-1
gmsc,random_forest,83,RevolvingUtilizationOfUnsecuredLines,relative_plus_10,0.1,0.04207145,0.046278595000000006,0.1141917331465753,0.1141917331465753,0.0,0.0,0,0,0,-1
gmsc,random_forest,84,RevolvingUtilizationOfUnsecuredLines,relative_plus_10,0.1,0.9999999,1.09999989,0.59110890429795,0.6189636577356219,0.027854753437671853,0.027854753437671853,1,1,0,-1
gmsc,random_forest,85,RevolvingUtilizationOfUnsecuredLines,relative_plus_10,0.1,0.009346499,0.010281148899999999,0.10713867731747691,0.10721634527185255,7.766795437563756e-05,7.766795437563756e-05,0,0,0,-1
gmsc,random_forest,86,RevolvingUtilizationOfUnsecuredLines,relative_plus_10,0.1,0.005071066,0.0055781726,0.16567388899210891,0.1656738889921089,-2.7755575615628914e-17,2.7755575615628914e-17,0,0,0,-1
gmsc,random_forest,87,RevolvingUtilizationOfUnsecuredLines,relative_plus_10,0.1,0.012843349,0.0141276839,0.14884578185477607,0.14884578185477607,0.0,0.0,0,0,0,-1
gmsc,random_forest,88,RevolvingUtilizationOfUnsecuredLines,relative_plus_10,0.1,0.1560879,0.17169669,0.17254421040384832,0.17830986496969833,0.005765654565850015,0.005765654565850015,0,0,0,-1
gmsc,random_forest,89,RevolvingUtilizationOfUnsecuredLines,relative_plus_10,0.1,0.604072,0.6644792,0.4356553338681073,0.4397715360850795,0.004116202216972231,0.004116202216972231,0,0,0,-1
gmsc,random_forest,90,RevolvingUtilizationOfUnsecuredLines,relative_plus_10,0.1,0.03815551,0.041971061,0.07549253017751428,0.07549253017751431,2.7755575615628914e-17,2.7755575615628914e-17,0,0,0,-1
gmsc,random_forest,91,RevolvingUtilizationOfUnsecuredLines,relative_plus_10,0.1,0.037672102,0.0414393122,0.1823130815219747,0.1823130815219747,0.0,0.0,0,0,0,-1
gmsc,random_forest,92,RevolvingUtilizationOfUnsecuredLines,relative_plus_10,0.1,0.007924802,0.008717282199999999,0.0932513558600773,0.09325135586007728,-1.3877787807814457e-17,1.3877787807814457e-17,0,0,0,-1
gmsc,random_forest,93,RevolvingUtilizationOfUnsecuredLines,relative_plus_10,0.1,0.01435026,0.015785286,0.12998718901704973,0.12970640223583838,-0.0002807867812113507,0.0002807867812113507,0,0,0,-1
gmsc,random_forest,94,RevolvingUtilizationOfUnsecuredLines,relative_plus_10,0.1,0.03742409,0.041166499,0.11645345924668923,0.11764896978388811,0.0011955105371988795,0.0011955105371988795,0,0,0,-1
gmsc,random_forest,95,RevolvingUtilizationOfUnsecuredLines,relative_plus_10,0.1,0.052285843,0.0575144273,0.18825767339402502,0.18870436260494522,0.0004466892109201981,0.0004466892109201981,0,0,0,-1
gmsc,random_forest,96,RevolvingUtilizationOfUnsecuredLines,relative_plus_10,0.1,0.13591728,0.149509008,0.14751307642369796,0.1573079604105371,0.009794883986839142,0.009794883986839142,0,0,0,-1
gmsc,random_forest,97,RevolvingUtilizationOfUnsecuredLines,relative_plus_10,0.1,0.010577377,0.011635114700000001,0.1601265267080067,0.1604551226235593,0.00032859591555259304,0.00032859591555259304,0,0,0,-1
gmsc,random_forest,98,RevolvingUtilizationOfUnsecuredLines,relative_plus_10,0.1,0.29667103,0.32633813300000003,0.2792883685617908,0.2979183358798494,0.018629967318058605,0.018629967318058605,0,0,0,-1
gmsc,random_forest,99,RevolvingUtilizationOfUnsecuredLines,relative_plus_10,0.1,0.8326131,0.91587441,0.8587567687347458,0.8911380724603777,0.03238130372563186,0.03238130372563186,1,1,0,-1
gmsc,random_forest,0,age,relative_minus_5,-0.05,78.0,81.9,0.12448314782663561,0.12659058972013337,0.0021074418934977635,0.0021074418934977635,0,0,0,-1
gmsc,random_forest,1,age,relative_minus_5,-0.05,51.0,53.55,0.12575902714321507,0.12120542413349071,-0.0045536030097243635,0.0045536030097243635,0,0,0,-1
gmsc,random_forest,2,age,relative_minus_5,-0.05,60.0,63.0,0.07737496123247078,0.07677290136758495,-0.0006020598648858316,0.0006020598648858316,0,0,0,-1
gmsc,random_forest,3,age,relative_minus_5,-0.05,57.0,59.85,0.2222470545521674,0.20041692115424178,-0.02183013339792561,0.02183013339792561,0,0,0,-1
gmsc,random_forest,4,age,relative_minus_5,-0.05,48.0,50.4,0.16593632439170214,0.16371939108104566,-0.002216933310656477,0.002216933310656477,0,0,0,-1
gmsc,random_forest,5,age,relative_minus_5,-0.05,47.0,49.35,0.20005511957959218,0.19874765274100406,-0.0013074668385881227,0.0013074668385881227,0,0,0,-1
gmsc,random_forest,6,age,relative_minus_5,-0.05,48.0,50.4,0.24736845321604625,0.24739781494128266,2.9361725236404235e-05,2.9361725236404235e-05,0,0,0,-1
gmsc,random_forest,7,age,relative_minus_5,-0.05,44.0,46.2,0.2020807786711973,0.20239051143862288,0.00030973276742557454,0.00030973276742557454,0,0,0,-1
gmsc,random_forest,8,age,relative_minus_5,-0.05,48.0,50.4,0.16030677171113558,0.15673763908251725,-0.0035691326286183267,0.0035691326286183267,0,0,0,-1
gmsc,random_forest,9,age,relative_minus_5,-0.05,41.0,43.05,0.44585372419624947,0.44447804637782307,-0.0013756778184264018,0.0013756778184264018,0,0,0,-1
gmsc,random_forest,10,age,relative_minus_5,-0.05,45.0,47.25,0.3047745297393056,0.3052647256044392,0.0004901958651336025,0.0004901958651336025,0,0,0,-1
gmsc,random_forest,11,age,relative_minus_5,-0.05,58.0,60.9,0.2817436317150431,0.2784529275596696,-0.0032907041553734695,0.0032907041553734695,0,0,0,-1
gmsc,random_forest,12,age,relative_minus_5,-0.05,67.0,70.35,0.07579737355923029,0.07525623777086175,-0.0005411357883685353,0.0005411357883685353,0,0,0,-1
gmsc,random_forest,13,age,relative_minus_5,-0.05,40.0,42.0,0.8725178860518772,0.8725178860518772,0.0,0.0,1,1,0,-1
gmsc,random_forest,14,age,relative_minus_5,-0.05,44.0,46.2,0.39620212705125957,0.39830107550093685,0.0020989484496772848,0.0020989484496772848,0,0,0,-1
gmsc,random_forest,15,age,relative_minus_5,-0.05,56.0,58.8,0.358132684091735,0.32431160175758883,-0.03382108233414616,0.03382108233414616,0,0,0,-1
gmsc,random_forest,16,age,relative_minus_5,-0.05,31.0,32.55,0.4951408704187556,0.49368042716289534,-0.0014604432558602554,0.0014604432558602554,0,0,0,-1
gmsc,random_forest,17,age,relative_minus_5,-0.05,48.0,50.4,0.1565391154880974,0.1543525474062961,-0.0021865680818013156,0.0021865680818013156,0,0,0,-1
gmsc,random_forest,18,age,relative_minus_5,-0.05,34.0,35.7,0.4933265396567783,0.4933086845337714,-1.7855123006893514e-05,1.7855123006893514e-05,0,0,0,-1
gmsc,random_forest,19,age,relative_minus_5,-0.05,73.0,76.65,0.33709665441513037,0.3450890882245765,0.007992433809446142,0.007992433809446142,0,0,0,-1
gmsc,random_forest,20,age,relative_minus_5,-0.05,50.0,52.5,0.125253843611223,0.12494446536079447,-0.0003093782504285242,0.0003093782504285242,0,0,0,-1
gmsc,random_forest,21,age,relative_minus_5,-0.05,78.0,81.9,0.1384442554842199,0.13973795372962552,0.0012936982454056223,0.0012936982454056223,0,0,0,-1
gmsc,random_forest,22,age,relative_minus_5,-0.05,55.0,57.75,0.10721005514231308,0.08769483935192217,-0.019515215790390908,0.019515215790390908,0,0,0,-1
gmsc,random_forest,23,age,relative_minus_5,-0.05,46.0,48.3,0.14155973703643895,0.1377023835702244,-0.003857353466214547,0.003857353466214547,0,0,0,-1
gmsc,random_forest,24,age,relative_minus_5,-0.05,78.0,81.9,0.08662915786666847,0.08758838434797961,0.0009592264813111373,0.0009592264813111373,0,0,0,-1
gmsc,random_forest,25,age,relative_minus_5,-0.05,56.0,58.8,0.498904333907652,0.48481973926019367,-0.014084594647458315,0.014084594647458315,0,0,0,-1
gmsc,random_forest,26,age,relative_minus_5,-0.05,52.0,54.6,0.566313369934525,0.5063072361676073,-0.06000613376691766,0.06000613376691766,1,1,0,-1
gmsc,random_forest,27,age,relative_minus_5,-0.05,58.0,60.9,0.1401781194818076,0.13684044166258807,-0.0033376778192195367,0.0033376778192195367,0,0,0,-1
gmsc,random_forest,28,age,relative_minus_5,-0.05,41.0,43.05,0.16169516515611407,0.15539773251427147,-0.0062974326418425985,0.0062974326418425985,0,0,0,-1
gmsc,random_forest,29,age,relative_minus_5,-0.05,85.0,89.25,0.10365705573378153,0.10365705573378153,0.0,0.0,0,0,0,-1
gmsc,random_forest,30,age,relative_minus_5,-0.05,34.0,35.7,0.23541054599203737,0.23044032771985437,-0.004970218272182997,0.004970218272182997,0,0,0,-1
gmsc,random_forest,31,age,relative_minus_5,-0.05,47.0,49.35,0.1471176133232665,0.1405009698043714,-0.006616643518895099,0.006616643518895099,0,0,0,-1
gmsc,random_forest,32,age,relative_minus_5,-0.05,55.0,57.75,0.19156208452759005,0.16114875721373964,-0.030413327313850408,0.030413327313850408,0,0,0,-1
gmsc,random_forest,33,age,relative_minus_5,-0.05,65.0,68.25,0.0986278280958683,0.09478588590255871,-0.0038419421933095915,0.0038419421933095915,0,0,0,-1
gmsc,random_forest,34,age,relative_minus_5,-0.05,36.0,37.8,0.6110458318906421,0.6110458318906422,1.1102230246251565e-16,1.1102230246251565e-16,1,1,0,-1
gmsc,random_forest,35,age,relative_minus_5,-0.05,36.0,37.8,0.6296792388822089,0.6261695322289411,-0.0035097066532677745,0.0035097066532677745,1,1,0,-1
gmsc,random_forest,36,age,relative_minus_5,-0.05,68.0,71.4,0.35220418744329696,0.34586534134138297,-0.006338846101913986,0.006338846101913986,0,0,0,-1
gmsc,random_forest,37,age,relative_minus_5,-0.05,38.0,39.9,0.5127242820218618,0.5107840940176036,-0.0019401880042582142,0.0019401880042582142,1,1,0,-1
gmsc,random_forest,38,age,relative_minus_5,-0.05,80.0,84.0,0.25511103636130245,0.2574186222230281,0.002307585861725636,0.002307585861725636,0,0,0,-1
gmsc,random_forest,39,age,relative_minus_5,-0.05,39.0,40.95,0.25436458779402354,0.24141125080537332,-0.012953336988650227,0.012953336988650227,0,0,0,-1
gmsc,random_forest,40,age,relative_minus_5,-0.05,45.0,47.25,0.15364664040859202,0.15338379894972204,-0.00026284145886998345,0.00026284145886998345,0,0,0,-1
gmsc,random_forest,41,age,relative_minus_5,-0.05,47.0,49.35,0.21481465988917767,0.2116277187169503,-0.00318694117222737,0.00318694117222737,0,0,0,-1
gmsc,random_forest,42,age,relative_minus_5,-0.05,37.0,38.85,0.1501088987333263,0.14986644577033553,-0.00024245296299077457,0.00024245296299077457,0,0,0,-1
gmsc,random_forest,43,age,relative_minus_5,-0.05,25.0,26.25,0.36253642583455215,0.35756175620265895,-0.0049746696318931916,0.0049746696318931916,0,0,0,-1
gmsc,random_forest,44,age,relative_minus_5,-0.05,48.0,50.4,0.13721131938118405,0.1335704180607745,-0.003640901320409562,0.003640901320409562,0,0,0,-1
gmsc,random_forest,45,age,relative_minus_5,-0.05,75.0,78.75,0.1794370938336495,0.1790127486531312,-0.00042434518051831516,0.00042434518051831516,0,0,0,-1
gmsc,random_forest,46,age,relative_minus_5,-0.05,67.0,70.35,0.3159103257559534,0.31375719410073893,-0.0021531316552144686,0.0021531316552144686,0,0,0,-1
gmsc,random_forest,47,age,relative_minus_5,-0.05,75.0,78.75,0.09990560036967194,0.09990560036967194,0.0,0.0,0,0,0,-1
gmsc,random_forest,48,age,relative_minus_5,-0.05,53.0,55.65,0.12714889185513736,0.09256063377076645,-0.03458825808437091,0.03458825808437091,0,0,0,-1
gmsc,random_forest,49,age,relative_minus_5,-0.05,72.0,75.6,0.0702107223085158,0.070373412736783,0.00016269042826720648,0.00016269042826720648,0,0,0,-1
gmsc,random_forest,50,age,relative_minus_5,-0.05,57.0,59.85,0.15265829520102106,0.14061781786609653,-0.012040477334924526,0.012040477334924526,0,0,0,-1
gmsc,random_forest,51,age,relative_minus_5,-0.05,53.0,55.65,0.2628422782175456,0.19583087547213507,-0.06701140274541051,0.06701140274541051,0,0,0,-1
gmsc,random_forest,52,age,relative_minus_5,-0.05,59.0,61.95,0.07756754455616102,0.07697704534834682,-0.0005904992078142046,0.0005904992078142046,0,0,0,-1
gmsc,random_forest,53,age,relative_minus_5,-0.05,34.0,35.7,0.801766334910606,0.8005165460576816,-0.0012497888529243717,0.0012497888529243717,1,1,0,-1
gmsc,random_forest,54,age,relative_minus_5,-0.05,34.0,35.7,0.8582977428532704,0.8568972637073987,-0.0014004791458717136,0.0014004791458717136,1,1,0,-1
gmsc,random_forest,55,age,relative_minus_5,-0.05,63.0,66.15,0.10544807655567226,0.10348566847781462,-0.001962408077857636,0.001962408077857636,0,0,0,-1
gmsc,random_forest,56,age,relative_minus_5,-0.05,45.0,47.25,0.16614971558636332,0.16569031705216664,-0.00045939853419668664,0.00045939853419668664,0,0,0,-1
gmsc,random_forest,57,age,relative_minus_5,-0.05,25.0,26.25,0.5819136422191914,0.582753994222744,0.0008403520035525913,0.0008403520035525913,1,1,0,-1
gmsc,random_forest,58,age,relative_minus_5,-0.05,65.0,68.25,0.7436704750418504,0.7333321844098155,-0.010338290632034841,0.010338290632034841,1,1,0,-1
gmsc,random_forest,59,age,relative_minus_5,-0.05,45.0,47.25,0.587090829362347,0.5853851620204048,-0.0017056673419422186,0.0017056673419422186,1,1,0,-1
gmsc,random_forest,60,age,relative_minus_5,-0.05,41.0,43.05,0.1649034942951832,0.1605164622444865,-0.004387032050696682,0.004387032050696682,0,0,0,-1
gmsc,random_forest,61,age,relative_minus_5,-0.05,40.0,42.0,0.2942532697850684,0.2894097337896186,-0.004843535995449788,0.004843535995449788,0,0,0,-1
gmsc,random_forest,62,age,relative_minus_5,-0.05,44.0,46.2,0.5335320712885583,0.5335320712885581,-2.220446049250313e-16,2.220446049250313e-16,1,1,0,-1
gmsc,random_forest,63,age,relative_minus_5,-0.05,47.0,49.35,0.13289866287150406,0.1258306539176647,-0.007068008953839355,0.007068008953839355,0,0,0,-1
gmsc,random_forest,64,age,relative_minus_5,-0.05,53.0,55.65,0.2665313715697186,0.2541229211906335,-0.012408450379085112,0.012408450379085112,0,0,0,-1
gmsc,random_forest,65,age,relative_minus_5,-0.05,50.0,52.5,0.5063899923778815,0.506417190248928,2.7197871046436006e-05,2.7197871046436006e-05,1,1,0,-1
gmsc,random_forest,66,age,relative_minus_5,-0.05,58.0,60.9,0.1736576827952704,0.16738069116829662,-0.006276991626973788,0.006276991626973788,0,0,0,-1
gmsc,random_forest,67,age,relative_minus_5,-0.05,37.0,38.85,0.4600211443798788,0.45957294461160303,-0.0004481997682757588,0.0004481997682757588,0,0,0,-1
gmsc,random_forest,68,age,relative_minus_5,-0.05,48.0,50.4,0.14330478155243379,0.14021087266450197,-0.0030939088879318177,0.0030939088879318177,0,0,0,-1
gmsc,random_forest,69,age,relative_minus_5,-0.05,49.0,51.45,0.3889070815939389,0.3880005507704604,-0.0009065308234784686,0.0009065308234784686,0,0,0,-1
gmsc,random_forest,70,age,relative_minus_5,-0.05,43.0,45.15,0.4193795781899724,0.4168718286503982,-0.002507749539574222,0.002507749539574222,0,0,0,-1
gmsc,random_forest,71,age,relative_minus_5,-0.05,37.0,38.85,0.17008515516847897,0.16960803359007937,-0.000477121578399603,0.000477121578399603,0,0,0,-1
gmsc,random_forest,72,age,relative_minus_5,-0.05,53.0,55.65,0.20907874085396658,0.18394691850388442,-0.025131822350082156,0.025131822350082156,0,0,0,-1
gmsc,random_forest,73,age,relative_minus_5,-0.05,33.0,34.65,0.365051631552107,0.3650793558885843,2.7724336477297218e-05,2.7724336477297218e-05,0,0,0,-1
gmsc,random_forest,74,age,relative_minus_5,-0.05,30.0,31.5,0.2065140624206517,0.20651406242065168,-2.7755575615628914e-17,2.7755575615628914e-17,0,0,0,-1
gmsc,random_forest,75,age,relative_minus_5,-0.05,25.0,26.25,0.526646966431903,0.5274873184354554,0.0008403520035523693,0.0008403520035523693,1,1,0,-1
gmsc,random_forest,76,age,relative_minus_5,-0.05,65.0,68.25,0.12531638246166502,0.12121174235195868,-0.004104640109706334,0.004104640109706334,0,0,0,-1
gmsc,random_forest,77,age,relative_minus_5,-0.05,87.0,91.35,0.07799823819062678,0.07799823819062679,1.3877787807814457e-17,1.3877787807814457e-17,0,0,0,-1
gmsc,random_forest,78,age,relative_minus_5,-0.05,55.0,57.75,0.10359585418304888,0.07832295650994271,-0.02527289767310617,0.02527289767310617,0,0,0,-1
gmsc,random_forest,79,age,relative_minus_5,-0.05,30.0,31.5,0.3455170212556861,0.34409324461093754,-0.0014237766447485756,0.0014237766447485756,0,0,0,-1
gmsc,random_forest,80,age,relative_minus_5,-0.05,71.0,74.55,0.2866632770366475,0.28508484641124066,-0.001578430625406857,0.001578430625406857,0,0,0,-1
gmsc,random_forest,81,age,relative_minus_5,-0.05,30.0,31.5,0.17937720733779408,0.17937720733779408,0.0,0.0,0,0,0,-1
gmsc,random_forest,82,age,relative_minus_5,-0.05,51.0,53.55,0.4339743246902932,0.4008874167351518,-0.033086907955141354,0.033086907955141354,0,0,0,-1
gmsc,random_forest,83,age,relative_minus_5,-0.05,75.0,78.75,0.1141917331465753,0.11544017607381572,0.0012484429272404257,0.0012484429272404257,0,0,0,-1
gmsc,random_forest,84,age,relative_minus_5,-0.05,50.0,52.5,0.59110890429795,0.5902847222203778,-0.0008241820775722886,0.0008241820775722886,1,1,0,-1
gmsc,random_forest,85,age,relative_minus_5,-0.05,67.0,70.35,0.10713867731747691,0.10528720516949107,-0.0018514721479858387,0.0018514721479858387,0,0,0,-1
gmsc,random_forest,86,age,relative_minus_5,-0.05,36.0,37.8,0.16567388899210891,0.16560002869348037,-7.386029862854748e-05,7.386029862854748e-05,0,0,0,-1
gmsc,random_forest,87,age,relative_minus_5,-0.05,33.0,34.65,0.14884578185477607,0.14506184582262163,-0.0037839360321544335,0.0037839360321544335,0,0,0,-1
gmsc,random_forest,88,age,relative_minus_5,-0.05,41.0,43.05,0.17254421040384832,0.1717602413833047,-0.0007839690205436178,0.0007839690205436178,0,0,0,-1
gmsc,random_forest,89,age,relative_minus_5,-0.05,42.0,44.1,0.4356553338681073,0.43409921784191974,-0.0015561160261875484,0.0015561160261875484,0,0,0,-1
gmsc,random_forest,90,age,relative_minus_5,-0.05,75.0,78.75,0.07549253017751428,0.07562270245735013,0.00013017227983584678,0.00013017227983584678,0,0,0,-1
gmsc,random_forest,91,age,relative_minus_5,-0.05,47.0,49.35,0.1823130815219747,0.176688607343529,-0.005624474178445693,0.005624474178445693,0,0,0,-1
gmsc,random_forest,92,age,relative_minus_5,-0.05,57.0,59.85,0.0932513558600773,0.08193532433279568,-0.011316031527281611,0.011316031527281611,0,0,0,-1
gmsc,random_forest,93,age,relative_minus_5,-0.05,59.0,61.95,0.12998718901704973,0.1303891776645164,0.0004019886474666834,0.0004019886474666834,0,0,0,-1
gmsc,random_forest,94,age,relative_minus_5,-0.05,88.0,92.4,0.11645345924668923,0.11645345924668926,2.7755575615628914e-17,2.7755575615628914e-17,0,0,0,-1
gmsc,random_forest,95,age,relative_minus_5,-0.05,35.0,36.75,0.18825767339402502,0.1830694076425557,-0.005188265751469329,0.005188265751469329,0,0,0,-1
gmsc,random_forest,96,age,relative_minus_5,-0.05,53.0,55.65,0.14751307642369796,0.11734999116330647,-0.030163085260391492,0.030163085260391492,0,0,0,-1
gmsc,random_forest,97,age,relative_minus_5,-0.05,51.0,53.55,0.1601265267080067,0.15199718998864348,-0.008129336719363223,0.008129336719363223,0,0,0,-1
gmsc,random_forest,98,age,relative_minus_5,-0.05,49.0,51.45,0.2792883685617908,0.2792883685617908,0.0,0.0,0,0,0,-1
gmsc,random_forest,99,age,relative_minus_5,-0.05,52.0,54.6,0.8587567687347458,0.853214990302839,-0.005541778431906841,0.005541778431906841,1,1,0,-1
gmsc,random_forest,0,age,relative_plus_5,0.05,78.0,81.9,0.12448314782663561,0.12659058972013337,0.0021074418934977635,0.0021074418934977635,0,0,0,-1
gmsc,random_forest,1,age,relative_plus_5,0.05,51.0,53.55,0.12575902714321507,0.12120542413349071,-0.0045536030097243635,0.0045536030097243635,0,0,0,-1
gmsc,random_forest,2,age,relative_plus_5,0.05,60.0,63.0,0.07737496123247078,0.07677290136758495,-0.0006020598648858316,0.0006020598648858316,0,0,0,-1
gmsc,random_forest,3,age,relative_plus_5,0.05,57.0,59.85,0.2222470545521674,0.20041692115424178,-0.02183013339792561,0.02183013339792561,0,0,0,-1
gmsc,random_forest,4,age,relative_plus_5,0.05,48.0,50.4,0.16593632439170214,0.16371939108104566,-0.002216933310656477,0.002216933310656477,0,0,0,-1
gmsc,random_forest,5,age,relative_plus_5,0.05,47.0,49.35,0.20005511957959218,0.1987476527410041,-0.001307466838588095,0.001307466838588095,0,0,0,-1
gmsc,random_forest,6,age,relative_plus_5,0.05,48.0,50.4,0.24736845321604625,0.2473978149412826,2.9361725236348724e-05,2.9361725236348724e-05,0,0,0,-1
gmsc,random_forest,7,age,relative_plus_5,0.05,44.0,46.2,0.2020807786711973,0.20239051143862297,0.0003097327674256578,0.0003097327674256578,0,0,0,-1
gmsc,random_forest,8,age,relative_plus_5,0.05,48.0,50.4,0.16030677171113558,0.15673763908251734,-0.0035691326286182434,0.0035691326286182434,0,0,0,-1
gmsc,random_forest,9,age,relative_plus_5,0.05,41.0,43.05,0.44585372419624947,0.4444780463778229,-0.0013756778184265683,0.0013756778184265683,0,0,0,-1
gmsc,random_forest,10,age,relative_plus_5,0.05,45.0,47.25,0.3047745297393056,0.30526472560443924,0.000490195865133658,0.000490195865133658,0,0,0,-1
gmsc,random_forest,11,age,relative_plus_5,0.05,58.0,60.9,0.2817436317150431,0.2784529275596696,-0.0032907041553734695,0.0032907041553734695,0,0,0,-1
gmsc,random_forest,12,age,relative_plus_5,0.05,67.0,70.35,0.07579737355923029,0.07525623777086174,-0.0005411357883685491,0.0005411357883685491,0,0,0,-1
gmsc,random_forest,13,age,relative_plus_5,0.05,40.0,42.0,0.8725178860518772,0.872517886051877,-2.220446049250313e-16,2.220446049250313e-16,1,1,0,-1
gmsc,random_forest,14,age,relative_plus_5,0.05,44.0,46.2,0.39620212705125957,0.39830107550093685,0.0020989484496772848,0.0020989484496772848,0,0,0,-1
gmsc,random_forest,15,age,relative_plus_5,0.05,56.0,58.8,0.358132684091735,0.32431160175758894,-0.033821082334146046,0.033821082334146046,0,0,0,-1
gmsc,random_forest,16,age,relative_plus_5,0.05,31.0,32.55,0.4951408704187556,0.49368042716289534,-0.0014604432558602554,0.0014604432558602554,0,0,0,-1
gmsc,random_forest,17,age,relative_plus_5,0.05,48.0,50.4,0.1565391154880974,0.15435254740629611,-0.002186568081801288,0.002186568081801288,0,0,0,-1
gmsc,random_forest,18,age,relative_plus_5,0.05,34.0,35.7,0.4933265396567783,0.4933086845337714,-1.7855123006893514e-05,1.7855123006893514e-05,0,0,0,-1
gmsc,random_forest,19,age,relative_plus_5,0.05,73.0,76.65,0.33709665441513037,0.34508908822457657,0.007992433809446198,0.007992433809446198,0,0,0,-1
gmsc,random_forest,20,age,relative_plus_5,0.05,50.0,52.5,0.125253843611223,0.12494446536079439,-0.00030937825042860745,0.00030937825042860745,0,0,0,-1
gmsc,random_forest,21,age,relative_plus_5,0.05,78.0,81.9,0.1384442554842199,0.13973795372962558,0.0012936982454056778,0.0012936982454056778,0,0,0,-1
gmsc,random_forest,22,age,relative_plus_5,0.05,55.0,57.75,0.10721005514231308,0.08769483935192217,-0.019515215790390908,0.019515215790390908,0,0,0,-1
gmsc,random_forest,23,age,relative_plus_5,0.05,46.0,48.3,0.14155973703643895,0.1377023835702244,-0.003857353466214547,0.003857353466214547,0,0,0,-1
gmsc,random_forest,24,age,relative_plus_5,0.05,78.0,81.9,0.08662915786666847,0.08758838434797961,0.0009592264813111373,0.0009592264813111373,0,0,0,-1
gmsc,random_forest,25,age,relative_plus_5,0.05,56.0,58.8,0.498904333907652,0.48481973926019367,-0.014084594647458315,0.014084594647458315,0,0,0,-1
gmsc,random_forest,26,age,relative_plus_5,0.05,52.0,54.6,0.566313369934525,0.5063072361676073,-0.06000613376691766,0.06000613376691766,1,1,0,-1
gmsc,random_forest,27,age,relative_plus_5,0.05,58.0,60.9,0.1401781194818076,0.13684044166258807,-0.0033376778192195367,0.0033376778192195367,0,0,0,-1
gmsc,random_forest,28,age,relative_plus_5,0.05,41.0,43.05,0.16169516515611407,0.15539773251427152,-0.006297432641842543,0.006297432641842543,0,0,0,-1
gmsc,random_forest,29,age,relative_plus_5,0.05,85.0,89.25,0.10365705573378153,0.10365705573378153,0.0,0.0,0,0,0,-1
gmsc,random_forest,30,age,relative_plus_5,0.05,34.0,35.7,0.23541054599203737,0.23044032771985443,-0.004970218272182941,0.004970218272182941,0,0,0,-1
gmsc,random_forest,31,age,relative_plus_5,0.05,47.0,49.35,0.1471176133232665,0.14050096980437138,-0.006616643518895127,0.006616643518895127,0,0,0,-1
gmsc,random_forest,32,age,relative_plus_5,0.05,55.0,57.75,0.19156208452759005,0.16114875721373964,-0.030413327313850408,0.030413327313850408,0,0,0,-1
gmsc,random_forest,33,age,relative_plus_5,0.05,65.0,68.25,0.0986278280958683,0.09478588590255871,-0.0038419421933095915,0.0038419421933095915,0,0,0,-1
gmsc,random_forest,34,age,relative_plus_5,0.05,36.0,37.8,0.6110458318906421,0.6110458318906421,0.0,0.0,1,1,0,-1
gmsc,random_forest,35,age,relative_plus_5,0.05,36.0,37.8,0.6296792388822089,0.626169532228941,-0.0035097066532678856,0.0035097066532678856,1,1,0,-1
gmsc,random_forest,36,age,relative_plus_5,0.05,68.0,71.4,0.35220418744329696,0.345865341341383,-0.006338846101913931,0.006338846101913931,0,0,0,-1
gmsc,random_forest,37,age,relative_plus_5,0.05,38.0,39.9,0.5127242820218618,0.5107840940176034,-0.0019401880042584363,0.0019401880042584363,1,1,0,-1
gmsc,random_forest,38,age,relative_plus_5,0.05,80.0,84.0,0.25511103636130245,0.25741862222302814,0.0023075858617256917,0.0023075858617256917,0,0,0,-1
gmsc,random_forest,39,age,relative_plus_5,0.05,39.0,40.95,0.25436458779402354,0.24141125080537326,-0.012953336988650282,0.012953336988650282,0,0,0,-1
gmsc,random_forest,40,age,relative_plus_5,0.05,45.0,47.25,0.15364664040859202,0.1533837989497221,-0.00026284145886992794,0.00026284145886992794,0,0,0,-1
gmsc,random_forest,41,age,relative_plus_5,0.05,47.0,49.35,0.21481465988917767,0.2116277187169503,-0.00318694117222737,0.00318694117222737,0,0,0,-1
gmsc,random_forest,42,age,relative_plus_5,0.05,37.0,38.85,0.1501088987333263,0.1498664457703355,-0.00024245296299080232,0.00024245296299080232,0,0,0,-1
gmsc,random_forest,43,age,relative_plus_5,0.05,25.0,26.25,0.36253642583455215,0.3575617562026589,-0.004974669631893247,0.004974669631893247,0,0,0,-1
gmsc,random_forest,44,age,relative_plus_5,0.05,48.0,50.4,0.13721131938118405,0.1335704180607745,-0.003640901320409562,0.003640901320409562,0,0,0,-1
gmsc,random_forest,45,age,relative_plus_5,0.05,75.0,78.75,0.1794370938336495,0.17901274865313122,-0.0004243451805182874,0.0004243451805182874,0,0,0,-1
gmsc,random_forest,46,age,relative_plus_5,0.05,67.0,70.35,0.3159103257559534,0.31375719410073893,-0.0021531316552144686,0.0021531316552144686,0,0,0,-1
gmsc,random_forest,47,age,relative_plus_5,0.05,75.0,78.75,0.09990560036967194,0.09990560036967193,-1.3877787807814457e-17,1.3877787807814457e-17,0,0,0,-1
gmsc,random_forest,48,age,relative_plus_5,0.05,53.0,55.65,0.12714889185513736,0.09256063377076645,-0.03458825808437091,0.03458825808437091,0,0,0,-1
gmsc,random_forest,49,age,relative_plus_5,0.05,72.0,75.6,0.0702107223085158,0.07037341273678299,0.0001626904282671926,0.0001626904282671926,0,0,0,-1
gmsc,random_forest,50,age,relative_plus_5,0.05,57.0,59.85,0.15265829520102106,0.14061781786609648,-0.012040477334924582,0.012040477334924582,0,0,0,-1
gmsc,random_forest,51,age,relative_plus_5,0.05,53.0,55.65,0.2628422782175456,0.19583087547213507,-0.06701140274541051,0.06701140274541051,0,0,0,-1
gmsc,random_forest,52,age,relative_plus_5,0.05,59.0,61.95,0.07756754455616102,0.0769770453483468,-0.0005904992078142185,0.0005904992078142185,0,0,0,-1
gmsc,random_forest,53,age,relative_plus_5,0.05,34.0,35.7,0.801766334910606,0.8005165460576816,-0.0012497888529243717,0.0012497888529243717,1,1,0,-1
gmsc,random_forest,54,age,relative_plus_5,0.05,34.0,35.7,0.8582977428532704,0.8568972637073987,-0.0014004791458717136,0.0014004791458717136,1,1,0,-1
gmsc,random_forest,55,age,relative_plus_5,0.05,63.0,66.15,0.10544807655567226,0.10348566847781464,-0.001962408077857622,0.001962408077857622,0,0,0,-1
gmsc,random_forest,56,age,relative_plus_5,0.05,45.0,47.25,0.16614971558636332,0.1656903170521666,-0.0004593985341967144,0.0004593985341967144,0,0,0,-1
gmsc,random_forest,57,age,relative_plus_5,0.05,25.0,26.25,0.5819136422191914,0.582753994222744,0.0008403520035525913,0.0008403520035525913,1,1,0,-1
gmsc,random_forest,58,age,relative_plus_5,0.05,65.0,68.25,0.7436704750418504,0.7333321844098155,-0.010338290632034841,0.010338290632034841,1,1,0,-1
gmsc,random_forest,59,age,relative_plus_5,0.05,45.0,47.25,0.587090829362347,0.5853851620204048,-0.0017056673419422186,0.0017056673419422186,1,1,0,-1
gmsc,random_forest,60,age,relative_plus_5,0.05,41.0,43.05,0.1649034942951832,0.1605164622444865,-0.004387032050696682,0.004387032050696682,0,0,0,-1
gmsc,random_forest,61,age,relative_plus_5,0.05,40.0,42.0,0.2942532697850684,0.2894097337896186,-0.004843535995449788,0.004843535995449788,0,0,0,-1
gmsc,random_forest,62,age,relative_plus_5,0.05,44.0,46.2,0.5335320712885583,0.5335320712885582,-1.1102230246251565e-16,1.1102230246251565e-16,1,1,0,-1
gmsc,random_forest,63,age,relative_plus_5,0.05,47.0,49.35,0.13289866287150406,0.12583065391766465,-0.007068008953839411,0.007068008953839411,0,0,0,-1
gmsc,random_forest,64,age,relative_plus_5,0.05,53.0,55.65,0.2665313715697186,0.25412292119063357,-0.012408450379085056,0.012408450379085056,0,0,0,-1
gmsc,random_forest,65,age,relative_plus_5,0.05,50.0,52.5,0.5063899923778815,0.5064171902489278,2.7197871046324984e-05,2.7197871046324984e-05,1,1,0,-1
gmsc,random_forest,66,age,relative_plus_5,0.05,58.0,60.9,0.1736576827952704,0.16738069116829662,-0.006276991626973788,0.006276991626973788,0,0,0,-1
gmsc,random_forest,67,age,relative_plus_5,0.05,37.0,38.85,0.4600211443798788,0.4595729446116029,-0.0004481997682758698,0.0004481997682758698,0,0,0,-1
gmsc,random_forest,68,age,relative_plus_5,0.05,48.0,50.4,0.14330478155243379,0.14021087266450194,-0.0030939088879318455,0.0030939088879318455,0,0,0,-1
gmsc,random_forest,69,age,relative_plus_5,0.05,49.0,51.45,0.3889070815939389,0.3880005507704603,-0.0009065308234785796,0.0009065308234785796,0,0,0,-1
gmsc,random_forest,70,age,relative_plus_5,0.05,43.0,45.15,0.4193795781899724,0.4168718286503982,-0.002507749539574222,0.002507749539574222,0,0,0,-1
gmsc,random_forest,71,age,relative_plus_5,0.05,37.0,38.85,0.17008515516847897,0.1696080335900794,-0.00047712157839957525,0.00047712157839957525,0,0,0,-1
gmsc,random_forest,72,age,relative_plus_5,0.05,53.0,55.65,0.20907874085396658,0.18394691850388445,-0.025131822350082128,0.025131822350082128,0,0,0,-1
gmsc,random_forest,73,age,relative_plus_5,0.05,33.0,34.65,0.365051631552107,0.3650793558885843,2.7724336477297218e-05,2.7724336477297218e-05,0,0,0,-1
gmsc,random_forest,74,age,relative_plus_5,0.05,30.0,31.5,0.2065140624206517,0.2065140624206517,0.0,0.0,0,0,0,-1
gmsc,random_forest,75,age,relative_plus_5,0.05,25.0,26.25,0.526646966431903,0.5274873184354553,0.0008403520035522583,0.0008403520035522583,1,1,0,-1
gmsc,random_forest,76,age,relative_plus_5,0.05,65.0,68.25,0.12531638246166502,0.12121174235195871,-0.004104640109706306,0.004104640109706306,0,0,0,-1
gmsc,random_forest,77,age,relative_plus_5,0.05,87.0,91.35,0.07799823819062678,0.07799823819062679,1.3877787807814457e-17,1.3877787807814457e-17,0,0,0,-1
gmsc,random_forest,78,age,relative_plus_5,0.05,55.0,57.75,0.10359585418304888,0.0783229565099427,-0.025272897673106184,0.025272897673106184,0,0,0,-1
gmsc,random_forest,79,age,relative_plus_5,0.05,30.0,31.5,0.3455170212556861,0.3440932446109375,-0.001423776644748631,0.001423776644748631,0,0,0,-1
gmsc,random_forest,80,age,relative_plus_5,0.05,71.0,74.55,0.2866632770366475,0.28508484641124066,-0.001578430625406857,0.001578430625406857,0,0,0,-1
gmsc,random_forest,81,age,relative_plus_5,0.05,30.0,31.5,0.17937720733779408,0.17937720733779408,0.0,0.0,0,0,0,-1
gmsc,random_forest,82,age,relative_plus_5,0.05,51.0,53.55,0.4339743246902932,0.4008874167351518,-0.033086907955141354,0.033086907955141354,0,0,0,-1
gmsc,random_forest,83,age,relative_plus_5,0.05,75.0,78.75,0.1141917331465753,0.11544017607381572,0.0012484429272404257,0.0012484429272404257,0,0,0,-1
gmsc,random_forest,84,age,relative_plus_5,0.05,50.0,52.5,0.59110890429795,0.5902847222203776,-0.0008241820775723996,0.0008241820775723996,1,1,0,-1
gmsc,random_forest,85,age,relative_plus_5,0.05,67.0,70.35,0.10713867731747691,0.10528720516949107,-0.0018514721479858387,0.0018514721479858387,0,0,0,-1
gmsc,random_forest,86,age,relative_plus_5,0.05,36.0,37.8,0.16567388899210891,0.16560002869348037,-7.386029862854748e-05,7.386029862854748e-05,0,0,0,-1
gmsc,random_forest,87,age,relative_plus_5,0.05,33.0,34.65,0.14884578185477607,0.14506184582262163,-0.0037839360321544335,0.0037839360321544335,0,0,0,-1
gmsc,random_forest,88,age,relative_plus_5,0.05,41.0,43.05,0.17254421040384832,0.17176024138330467,-0.0007839690205436456,0.0007839690205436456,0,0,0,-1
gmsc,random_forest,89,age,relative_plus_5,0.05,42.0,44.1,0.4356553338681073,0.4340992178419196,-0.0015561160261876594,0.0015561160261876594,0,0,0,-1
gmsc,random_forest,90,age,relative_plus_5,0.05,75.0,78.75,0.07549253017751428,0.07562270245735012,0.0001301722798358329,0.0001301722798358329,0,0,0,-1
gmsc,random_forest,91,age,relative_plus_5,0.05,47.0,49.35,0.1823130815219747,0.176688607343529,-0.005624474178445693,0.005624474178445693,0,0,0,-1
gmsc,random_forest,92,age,relative_plus_5,0.05,57.0,59.85,0.0932513558600773,0.08193532433279566,-0.01131603152728164,0.01131603152728164,0,0,0,-1
gmsc,random_forest,93,age,relative_plus_5,0.05,59.0,61.95,0.12998718901704973,0.1303891776645164,0.0004019886474666834,0.0004019886474666834,0,0,0,-1
gmsc,random_forest,94,age,relative_plus_5,0.05,88.0,92.4,0.11645345924668923,0.11645345924668928,4.163336342344337e-17,4.163336342344337e-17,0,0,0,-1
gmsc,random_forest,95,age,relative_plus_5,0.05,35.0,36.75,0.18825767339402502,0.1830694076425557,-0.005188265751469329,0.005188265751469329,0,0,0,-1
gmsc,random_forest,96,age,relative_plus_5,0.05,53.0,55.65,0.14751307642369796,0.11734999116330647,-0.030163085260391492,0.030163085260391492,0,0,0,-1
gmsc,random_forest,97,age,relative_plus_5,0.05,51.0,53.55,0.1601265267080067,0.15199718998864348,-0.008129336719363223,0.008129336719363223,0,0,0,-1
gmsc,random_forest,98,age,relative_plus_5,0.05,49.0,51.45,0.2792883685617908,0.27928836856179073,-5.551115123125783e-17,5.551115123125783e-17,0,0,0,-1
gmsc,random_forest,99,age,relative_plus_5,0.05,52.0,54.6,0.8587567687347458,0.8532149903028391,-0.00554177843190673,0.00554177843190673,1,1,0,-1
gmsc,random_forest,0,age,relative_minus_10,-0.1,78.0,85.8,0.12448314782663561,0.13610709019206924,0.011623942365433626,0.011623942365433626,0,0,0,-1
gmsc,random_forest,1,age,relative_minus_10,-0.1,51.0,56.1,0.12575902714321507,0.09566296275831307,-0.030096064384902005,0.030096064384902005,0,0,0,-1
gmsc,random_forest,2,age,relative_minus_10,-0.1,60.0,66.0,0.07737496123247078,0.07438628472513122,-0.002988676507339569,0.002988676507339569,0,0,0,-1
gmsc,random_forest,3,age,relative_minus_10,-0.1,57.0,62.7,0.2222470545521674,0.19716365983013273,-0.025083394722034663,0.025083394722034663,0,0,0,-1
gmsc,random_forest,4,age,relative_minus_10,-0.1,48.0,52.8,0.16593632439170214,0.16383940546029288,-0.0020969189314092584,0.0020969189314092584,0,0,0,-1
gmsc,random_forest,5,age,relative_minus_10,-0.1,47.0,51.7,0.20005511957959218,0.1982217204288769,-0.001833399150715287,0.001833399150715287,0,0,0,-1
gmsc,random_forest,6,age,relative_minus_10,-0.1,48.0,52.8,0.24736845321604625,0.24292725690146943,-0.004441196314576817,0.004441196314576817,0,0,0,-1
gmsc,random_forest,7,age,relative_minus_10,-0.1,44.0,48.4,0.2020807786711973,0.20230985672441668,0.00022907805321936703,0.00022907805321936703,0,0,0,-1
gmsc,random_forest,8,age,relative_minus_10,-0.1,48.0,52.8,0.16030677171113558,0.15644744302686545,-0.0038593286842701358,0.0038593286842701358,0,0,0,-1
gmsc,random_forest,9,age,relative_minus_10,-0.1,41.0,45.1,0.44585372419624947,0.44457190439032784,-0.0012818198059216246,0.0012818198059216246,0,0,0,-1
gmsc,random_forest,10,age,relative_minus_10,-0.1,45.0,49.5,0.3047745297393056,0.3051359169706623,0.00036138723135670237,0.00036138723135670237,0,0,0,-1
gmsc,random_forest,11,age,relative_minus_10,-0.1,58.0,63.8,0.2817436317150431,0.27484682207830774,-0.006896809636735335,0.006896809636735335,0,0,0,-1
gmsc,random_forest,12,age,relative_minus_10,-0.1,67.0,73.7,0.07579737355923029,0.07525623777086175,-0.0005411357883685353,0.0005411357883685353,0,0,0,-1
gmsc,random_forest,13,age,relative_minus_10,-0.1,40.0,44.0,0.8725178860518772,0.8723063757482231,-0.0002115103036540722,0.0002115103036540722,1,1,0,-1
gmsc,random_forest,14,age,relative_minus_10,-0.1,44.0,48.4,0.39620212705125957,0.39760050954718856,0.0013983824959289959,0.0013983824959289959,0,0,0,-1
gmsc,random_forest,15,age,relative_minus_10,-0.1,56.0,61.6,0.358132684091735,0.32398253357241286,-0.03415015051932213,0.03415015051932213,0,0,0,-1
gmsc,random_forest,16,age,relative_minus_10,-0.1,31.0,34.1,0.4951408704187556,0.49435993817899887,-0.0007809322397567264,0.0007809322397567264,0,0,0,-1
gmsc,random_forest,17,age,relative_minus_10,-0.1,48.0,52.8,0.1565391154880974,0.15372241183734278,-0.0028167036507546206,0.0028167036507546206,0,0,0,-1
gmsc,random_forest,18,age,relative_minus_10,-0.1,34.0,37.4,0.4933265396567783,0.492837391582868,-0.0004891480739103171,0.0004891480739103171,0,0,0,-1
gmsc,random_forest,19,age,relative_minus_10,-0.1,73.0,80.3,0.33709665441513037,0.3501139745579986,0.013017320142868216,0.013017320142868216,0,0,0,-1
gmsc,random_forest,20,age,relative_minus_10,-0.1,50.0,55.0,0.125253843611223,0.11042370236805087,-0.014830141243172126,0.014830141243172126,0,0,0,-1
gmsc,random_forest,21,age,relative_minus_10,-0.1,78.0,85.8,0.1384442554842199,0.13973795372962555,0.00129369824540565,0.00129369824540565,0,0,0,-1
gmsc,random_forest,22,age,relative_minus_10,-0.1,55.0,60.5,0.10721005514231308,0.08621731497123539,-0.02099274017107769,0.02099274017107769,0,0,0,-1
gmsc,random_forest,23,age,relative_minus_10,-0.1,46.0,50.6,0.14155973703643895,0.13596597335235475,-0.0055937636840842075,0.0055937636840842075,0,0,0,-1
gmsc,random_forest,24,age,relative_minus_10,-0.1,78.0,85.8,0.08662915786666847,0.08814437555571161,0.0015152176890431412,0.0015152176890431412,0,0,0,-1
gmsc,random_forest,25,age,relative_minus_10,-0.1,56.0,61.6,0.498904333907652,0.4673270568021053,-0.0315772771055467,0.0315772771055467,0,0,0,-1
gmsc,random_forest,26,age,relative_minus_10,-0.1,52.0,57.2,0.566313369934525,0.46358296300545304,-0.10273040692907193,0.10273040692907193,1,0,1,-1
gmsc,random_forest,27,age,relative_minus_10,-0.1,58.0,63.8,0.1401781194818076,0.12486193094302124,-0.015316188538786371,0.015316188538786371,0,0,0,-1
gmsc,random_forest,28,age,relative_minus_10,-0.1,41.0,45.1,0.16169516515611407,0.14954320481604214,-0.012151960340071932,0.012151960340071932,0,0,0,-1
gmsc,random_forest,29,age,relative_minus_10,-0.1,85.0,93.5,0.10365705573378153,0.11595557088462861,0.01229851515084708,0.01229851515084708,0,0,0,-1
gmsc,random_forest,30,age,relative_minus_10,-0.1,34.0,37.4,0.23541054599203737,0.22788843174526463,-0.0075221142467727375,0.0075221142467727375,0,0,0,-1
gmsc,random_forest,31,age,relative_minus_10,-0.1,47.0,51.7,0.1471176133232665,0.14026092593810174,-0.006856687385164761,0.006856687385164761,0,0,0,-1
gmsc,random_forest,32,age,relative_minus_10,-0.1,55.0,60.5,0.19156208452759005,0.1613091651458642,-0.030252919381725862,0.030252919381725862,0,0,0,-1
gmsc,random_forest,33,age,relative_minus_10,-0.1,65.0,71.5,0.0986278280958683,0.0947858859025587,-0.0038419421933096054,0.0038419421933096054,0,0,0,-1
gmsc,random_forest,34,age,relative_minus_10,-0.1,36.0,39.6,0.6110458318906421,0.6132025901106397,0.002156758219997612,0.002156758219997612,1,1,0,-1
gmsc,random_forest,35,age,relative_minus_10,-0.1,36.0,39.6,0.6296792388822089,0.6164605340716547,-0.013218704810554205,0.013218704810554205,1,1,0,-1
gmsc,random_forest,36,age,relative_minus_10,-0.1,68.0,74.8,0.35220418744329696,0.3473697750913705,-0.004834412351926443,0.004834412351926443,0,0,0,-1
gmsc,random_forest,37,age,relative_minus_10,-0.1,38.0,41.8,0.5127242820218618,0.511722722786143,-0.001001559235718874,0.001001559235718874,1,1,0,-1
gmsc,random_forest,38,age,relative_minus_10,-0.1,80.0,88.0,0.25511103636130245,0.2563803658196477,0.0012693294583452364,0.0012693294583452364,0,0,0,-1
gmsc,random_forest,39,age,relative_minus_10,-0.1,39.0,42.9,0.25436458779402354,0.23086425661624033,-0.023500331177783218,0.023500331177783218,0,0,0,-1
gmsc,random_forest,40,age,relative_minus_10,-0.1,45.0,49.5,0.15364664040859202,0.14911859369035954,-0.004528046718232481,0.004528046718232481,0,0,0,-1
gmsc,random_forest,41,age,relative_minus_10,-0.1,47.0,51.7,0.21481465988917767,0.2116277187169503,-0.00318694117222737,0.00318694117222737,0,0,0,-1
gmsc,random_forest,42,age,relative_minus_10,-0.1,37.0,40.7,0.1501088987333263,0.14884823489259727,-0.0012606638407290371,0.0012606638407290371,0,0,0,-1
gmsc,random_forest,43,age,relative_minus_10,-0.1,25.0,27.5,0.36253642583455215,0.3506808873939525,-0.011855538440599667,0.011855538440599667,0,0,0,-1
gmsc,random_forest,44,age,relative_minus_10,-0.1,48.0,52.8,0.13721131938118405,0.13225956684922302,-0.0049517525319610345,0.0049517525319610345,0,0,0,-1
gmsc,random_forest,45,age,relative_minus_10,-0.1,75.0,82.5,0.1794370938336495,0.18081687566424984,0.001379781830600335,0.001379781830600335,0,0,0,-1
gmsc,random_forest,46,age,relative_minus_10,-0.1,67.0,73.7,0.3159103257559534,0.31217876347533213,-0.00373156228062127,0.00373156228062127,0,0,0,-1
gmsc,random_forest,47,age,relative_minus_10,-0.1,75.0,82.5,0.09990560036967194,0.10040042567391509,0.0004948253042431489,0.0004948253042431489,0,0,0,-1
gmsc,random_forest,48,age,relative_minus_10,-0.1,53.0,58.3,0.12714889185513736,0.07955208741016072,-0.047596804444976645,0.047596804444976645,0,0,0,-1
gmsc,random_forest,49,age,relative_minus_10,-0.1,72.0,79.2,0.0702107223085158,0.070511700274965,0.00030097796644920627,0.00030097796644920627,0,0,0,-1
gmsc,random_forest,50,age,relative_minus_10,-0.1,57.0,62.7,0.15265829520102106,0.1345869315646867,-0.018071363636334353,0.018071363636334353,0,0,0,-1
gmsc,random_forest,51,age,relative_minus_10,-0.1,53.0,58.3,0.2628422782175456,0.1805016437604428,-0.08234063445710277,0.08234063445710277,0,0,0,-1
gmsc,random_forest,52,age,relative_minus_10,-0.1,59.0,64.9,0.07756754455616102,0.07597998330625794,-0.0015875612499030856,0.0015875612499030856,0,0,0,-1
gmsc,random_forest,53,age,relative_minus_10,-0.1,34.0,37.4,0.801766334910606,0.8006518432919021,-0.0011144916187039167,0.0011144916187039167,1,1,0,-1
gmsc,random_forest,54,age,relative_minus_10,-0.1,34.0,37.4,0.8582977428532704,0.8568972637073987,-0.0014004791458717136,0.0014004791458717136,1,1,0,-1
gmsc,random_forest,55,age,relative_minus_10,-0.1,63.0,69.3,0.10544807655567226,0.10230306358349443,-0.003145012972177827,0.003145012972177827,0,0,0,-1
gmsc,random_forest,56,age,relative_minus_10,-0.1,45.0,49.5,0.16614971558636332,0.16304080342415264,-0.003108912162210681,0.003108912162210681,0,0,0,-1
gmsc,random_forest,57,age,relative_minus_10,-0.1,25.0,27.5,0.5819136422191914,0.5828552744123932,0.000941632193201758,0.000941632193201758,1,1,0,-1
gmsc,random_forest,58,age,relative_minus_10,-0.1,65.0,71.5,0.7436704750418504,0.7340407189781873,-0.009629756063663009,0.009629756063663009,1,1,0,-1
gmsc,random_forest,59,age,relative_minus_10,-0.1,45.0,49.5,0.587090829362347,0.5791177749645661,-0.007973054397780954,0.007973054397780954,1,1,0,-1
gmsc,random_forest,60,age,relative_minus_10,-0.1,41.0,45.1,0.1649034942951832,0.15661792264592836,-0.008285571649254836,0.008285571649254836,0,0,0,-1
gmsc,random_forest,61,age,relative_minus_10,-0.1,40.0,44.0,0.2942532697850684,0.28525576897560906,-0.008997500809459325,0.008997500809459325,0,0,0,-1
gmsc,random_forest,62,age,relative_minus_10,-0.1,44.0,48.4,0.5335320712885583,0.5295556909957873,-0.003976380292771031,0.003976380292771031,1,1,0,-1
gmsc,random_forest,63,age,relative_minus_10,-0.1,47.0,51.7,0.13289866287150406,0.12576131953350572,-0.007137343337998342,0.007137343337998342,0,0,0,-1
gmsc,random_forest,64,age,relative_minus_10,-0.1,53.0,58.3,0.2665313715697186,0.24272640404777193,-0.02380496752194669,0.02380496752194669,0,0,0,-1
gmsc,random_forest,65,age,relative_minus_10,-0.1,50.0,55.0,0.5063899923778815,0.4947250545938747,-0.01166493778400679,0.01166493778400679,1,0,1,-1
gmsc,random_forest,66,age,relative_minus_10,-0.1,58.0,63.8,0.1736576827952704,0.15868596968740487,-0.014971713107865547,0.014971713107865547,0,0,0,-1
gmsc,random_forest,67,age,relative_minus_10,-0.1,37.0,40.7,0.4600211443798788,0.45729809871994176,-0.002723045659937029,0.002723045659937029,0,0,0,-1
gmsc,random_forest,68,age,relative_minus_10,-0.1,48.0,52.8,0.14330478155243379,0.13954853883611107,-0.0037562427163227163,0.0037562427163227163,0,0,0,-1
gmsc,random_forest,69,age,relative_minus_10,-0.1,49.0,53.9,0.3889070815939389,0.38621947806856843,-0.0026876035253704522,0.0026876035253704522,0,0,0,-1
gmsc,random_forest,70,age,relative_minus_10,-0.1,43.0,47.3,0.4193795781899724,0.4154872082639177,-0.003892369926054684,0.003892369926054684,0,0,0,-1
gmsc,random_forest,71,age,relative_minus_10,-0.1,37.0,40.7,0.17008515516847897,0.16494975086174163,-0.00513540430673734,0.00513540430673734,0,0,0,-1
gmsc,random_forest,72,age,relative_minus_10,-0.1,53.0,58.3,0.20907874085396658,0.16748861729331743,-0.041590123560649145,0.041590123560649145,0,0,0,-1
gmsc,random_forest,73,age,relative_minus_10,-0.1,33.0,36.3,0.365051631552107,0.3639870056581112,-0.0010646258939958075,0.0010646258939958075,0,0,0,-1
gmsc,random_forest,74,age,relative_minus_10,-0.1,30.0,33.0,0.2065140624206517,0.20651406242065173,2.7755575615628914e-17,2.7755575615628914e-17,0,0,0,-1
gmsc,random_forest,75,age,relative_minus_10,-0.1,25.0,27.5,0.526646966431903,0.528051342841062,0.001404376409159025,0.001404376409159025,1,1,0,-1
gmsc,random_forest,76,age,relative_minus_10,-0.1,65.0,71.5,0.12531638246166502,0.12121174235195868,-0.004104640109706334,0.004104640109706334,0,0,0,-1
gmsc,random_forest,77,age,relative_minus_10,-0.1,87.0,95.7,0.07799823819062678,0.08643545658624603,0.008437218395619256,0.008437218395619256,0,0,0,-1
gmsc,random_forest,78,age,relative_minus_10,-0.1,55.0,60.5,0.10359585418304888,0.07762585151029287,-0.02597000267275601,0.02597000267275601,0,0,0,-1
gmsc,random_forest,79,age,relative_minus_10,-0.1,30.0,33.0,0.3455170212556861,0.3447172930113632,-0.0007997282443228948,0.0007997282443228948,0,0,0,-1
gmsc,random_forest,80,age,relative_minus_10,-0.1,71.0,78.1,0.2866632770366475,0.28630981711840503,-0.00035345991824248246,0.00035345991824248246,0,0,0,-1
gmsc,random_forest,81,age,relative_minus_10,-0.1,30.0,33.0,0.17937720733779408,0.17937720733779408,0.0,0.0,0,0,0,-1
gmsc,random_forest,82,age,relative_minus_10,-0.1,51.0,56.1,0.4339743246902932,0.3645182798997158,-0.06945604479057738,0.06945604479057738,0,0,0,-1
gmsc,random_forest,83,age,relative_minus_10,-0.1,75.0,82.5,0.1141917331465753,0.1170386445518142,0.0028469114052389055,0.0028469114052389055,0,0,0,-1
gmsc,random_forest,84,age,relative_minus_10,-0.1,50.0,55.0,0.59110890429795,0.5656064313313869,-0.02550247296656316,0.02550247296656316,1,1,0,-1
gmsc,random_forest,85,age,relative_minus_10,-0.1,67.0,73.7,0.10713867731747691,0.10528720516949104,-0.0018514721479858665,0.0018514721479858665,0,0,0,-1
gmsc,random_forest,86,age,relative_minus_10,-0.1,36.0,39.6,0.16567388899210891,0.16435463125874067,-0.0013192577333682454,0.0013192577333682454,0,0,0,-1
gmsc,random_forest,87,age,relative_minus_10,-0.1,33.0,36.3,0.14884578185477607,0.14317996058468388,-0.005665821270092186,0.005665821270092186,0,0,0,-1
gmsc,random_forest,88,age,relative_minus_10,-0.1,41.0,45.1,0.17254421040384832,0.16970946504103757,-0.0028347453628107533,0.0028347453628107533,0,0,0,-1
gmsc,random_forest,89,age,relative_minus_10,-0.1,42.0,46.2,0.4356553338681073,0.4335948920805788,-0.002060441787528511,0.002060441787528511,0,0,0,-1
gmsc,random_forest,90,age,relative_minus_10,-0.1,75.0,82.5,0.07549253017751428,0.07581275752900041,0.00032022735148612425,0.00032022735148612425,0,0,0,-1
gmsc,random_forest,91,age,relative_minus_10,-0.1,47.0,51.7,0.1823130815219747,0.17665535458686243,-0.005657726935112267,0.005657726935112267,0,0,0,-1
gmsc,random_forest,92,age,relative_minus_10,-0.1,57.0,62.7,0.0932513558600773,0.08066022582911136,-0.01259113003096593,0.01259113003096593,0,0,0,-1
gmsc,random_forest,93,age,relative_minus_10,-0.1,59.0,64.9,0.12998718901704973,0.13095332542794097,0.000966136410891244,0.000966136410891244,0,0,0,-1
gmsc,random_forest,94,age,relative_minus_10,-0.1,88.0,96.8,0.11645345924668923,0.13468612991962836,0.018232670672939127,0.018232670672939127,0,0,0,-1
gmsc,random_forest,95,age,relative_minus_10,-0.1,35.0,38.5,0.18825767339402502,0.18320765514776408,-0.0050500182462609455,0.0050500182462609455,0,0,0,-1
gmsc,random_forest,96,age,relative_minus_10,-0.1,53.0,58.3,0.14751307642369796,0.10400573313227056,-0.0435073432914274,0.0435073432914274,0,0,0,-1
gmsc,random_forest,97,age,relative_minus_10,-0.1,51.0,56.1,0.1601265267080067,0.12586301557807764,-0.034263511129929064,0.034263511129929064,0,0,0,-1
gmsc,random_forest,98,age,relative_minus_10,-0.1,49.0,53.9,0.2792883685617908,0.25762705202648867,-0.021661316535302122,0.021661316535302122,0,0,0,-1
gmsc,random_forest,99,age,relative_minus_10,-0.1,52.0,57.2,0.8587567687347458,0.8425220916266158,-0.01623467710812998,0.01623467710812998,1,1,0,-1
gmsc,random_forest,0,age,relative_plus_10,0.1,78.0,85.8,0.12448314782663561,0.1361070901920692,0.011623942365433598,0.011623942365433598,0,0,0,-1
gmsc,random_forest,1,age,relative_plus_10,0.1,51.0,56.1,0.12575902714321507,0.09566296275831308,-0.03009606438490199,0.03009606438490199,0,0,0,-1
gmsc,random_forest,2,age,relative_plus_10,0.1,60.0,66.0,0.07737496123247078,0.07438628472513123,-0.002988676507339555,0.002988676507339555,0,0,0,-1
gmsc,random_forest,3,age,relative_plus_10,0.1,57.0,62.7,0.2222470545521674,0.19716365983013268,-0.02508339472203472,0.02508339472203472,0,0,0,-1
gmsc,random_forest,4,age,relative_plus_10,0.1,48.0,52.8,0.16593632439170214,0.1638394054602929,-0.0020969189314092307,0.0020969189314092307,0,0,0,-1
gmsc,random_forest,5,age,relative_plus_10,0.1,47.0,51.7,0.20005511957959218,0.19822172042887687,-0.0018333991507153147,0.0018333991507153147,0,0,0,-1
gmsc,random_forest,6,age,relative_plus_10,0.1,48.0,52.8,0.24736845321604625,0.24292725690146943,-0.004441196314576817,0.004441196314576817,0,0,0,-1
gmsc,random_forest,7,age,relative_plus_10,0.1,44.0,48.4,0.2020807786711973,0.20230985672441668,0.00022907805321936703,0.00022907805321936703,0,0,0,-1
gmsc,random_forest,8,age,relative_plus_10,0.1,48.0,52.8,0.16030677171113558,0.1564474430268655,-0.0038593286842700802,0.0038593286842700802,0,0,0,-1
gmsc,random_forest,9,age,relative_plus_10,0.1,41.0,45.1,0.44585372419624947,0.4445719043903278,-0.00128181980592168,0.00128181980592168,0,0,0,-1
gmsc,random_forest,10,age,relative_plus_10,0.1,45.0,49.5,0.3047745297393056,0.30513591697066245,0.0003613872313568689,0.0003613872313568689,0,0,0,-1
gmsc,random_forest,11,age,relative_plus_10,0.1,58.0,63.8,0.2817436317150431,0.27484682207830774,-0.006896809636735335,0.006896809636735335,0,0,0,-1
gmsc,random_forest,12,age,relative_plus_10,0.1,67.0,73.7,0.07579737355923029,0.07525623777086174,-0.0005411357883685491,0.0005411357883685491,0,0,0,-1
gmsc,random_forest,13,age,relative_plus_10,0.1,40.0,44.0,0.8725178860518772,0.8723063757482233,-0.00021151030365385015,0.00021151030365385015,1,1,0,-1
gmsc,random_forest,14,age,relative_plus_10,0.1,44.0,48.4,0.39620212705125957,0.39760050954718856,0.0013983824959289959,0.0013983824959289959,0,0,0,-1
gmsc,random_forest,15,age,relative_plus_10,0.1,56.0,61.6,0.358132684091735,0.32398253357241275,-0.03415015051932224,0.03415015051932224,0,0,0,-1
gmsc,random_forest,16,age,relative_plus_10,0.1,31.0,34.1,0.4951408704187556,0.49435993817899876,-0.0007809322397568375,0.0007809322397568375,0,0,0,-1
gmsc,random_forest,17,age,relative_plus_10,0.1,48.0,52.8,0.1565391154880974,0.15372241183734278,-0.0028167036507546206,0.0028167036507546206,0,0,0,-1
gmsc,random_forest,18,age,relative_plus_10,0.1,34.0,37.4,0.4933265396567783,0.49283739158286805,-0.0004891480739102616,0.0004891480739102616,0,0,0,-1
gmsc,random_forest,19,age,relative_plus_10,0.1,73.0,80.3,0.33709665441513037,0.3501139745579986,0.013017320142868216,0.013017320142868216,0,0,0,-1
gmsc,random_forest,20,age,relative_plus_10,0.1,50.0,55.0,0.125253843611223,0.11042370236805084,-0.014830141243172154,0.014830141243172154,0,0,0,-1
gmsc,random_forest,21,age,relative_plus_10,0.1,78.0,85.8,0.1384442554842199,0.13973795372962555,0.00129369824540565,0.00129369824540565,0,0,0,-1
gmsc,random_forest,22,age,relative_plus_10,0.1,55.0,60.5,0.10721005514231308,0.0862173149712354,-0.020992740171077676,0.020992740171077676,0,0,0,-1
gmsc,random_forest,23,age,relative_plus_10,0.1,46.0,50.6,0.14155973703643895,0.1359659733523547,-0.005593763684084263,0.005593763684084263,0,0,0,-1
gmsc,random_forest,24,age,relative_plus_10,0.1,78.0,85.8,0.08662915786666847,0.08814437555571167,0.0015152176890431968,0.0015152176890431968,0,0,0,-1
gmsc,random_forest,25,age,relative_plus_10,0.1,56.0,61.6,0.498904333907652,0.4673270568021054,-0.031577277105546586,0.031577277105546586,0,0,0,-1
gmsc,random_forest,26,age,relative_plus_10,0.1,52.0,57.2,0.566313369934525,0.46358296300545304,-0.10273040692907193,0.10273040692907193,1,0,1,-1
gmsc,random_forest,27,age,relative_plus_10,0.1,58.0,63.8,0.1401781194818076,0.12486193094302124,-0.015316188538786371,0.015316188538786371,0,0,0,-1
gmsc,random_forest,28,age,relative_plus_10,0.1,41.0,45.1,0.16169516515611407,0.1495432048160422,-0.012151960340071877,0.012151960340071877,0,0,0,-1
gmsc,random_forest,29,age,relative_plus_10,0.1,85.0,93.5,0.10365705573378153,0.11595557088462868,0.01229851515084715,0.01229851515084715,0,0,0,-1
gmsc,random_forest,30,age,relative_plus_10,0.1,34.0,37.4,0.23541054599203737,0.2278884317452647,-0.007522114246772654,0.007522114246772654,0,0,0,-1
gmsc,random_forest,31,age,relative_plus_10,0.1,47.0,51.7,0.1471176133232665,0.14026092593810174,-0.006856687385164761,0.006856687385164761,0,0,0,-1
gmsc,random_forest,32,age,relative_plus_10,0.1,55.0,60.5,0.19156208452759005,0.16130916514586416,-0.03025291938172589,0.03025291938172589,0,0,0,-1
gmsc,random_forest,33,age,relative_plus_10,0.1,65.0,71.5,0.0986278280958683,0.09478588590255874,-0.0038419421933095638,0.0038419421933095638,0,0,0,-1
gmsc,random_forest,34,age,relative_plus_10,0.1,36.0,39.6,0.6110458318906421,0.6132025901106396,0.002156758219997501,0.002156758219997501,1,1,0,-1
gmsc,random_forest,35,age,relative_plus_10,0.1,36.0,39.6,0.6296792388822089,0.6164605340716546,-0.013218704810554316,0.013218704810554316,1,1,0,-1
gmsc,random_forest,36,age,relative_plus_10,0.1,68.0,74.8,0.35220418744329696,0.3473697750913705,-0.004834412351926443,0.004834412351926443,0,0,0,-1
gmsc,random_forest,37,age,relative_plus_10,0.1,38.0,41.8,0.5127242820218618,0.5117227227861431,-0.001001559235718763,0.001001559235718763,1,1,0,-1
gmsc,random_forest,38,age,relative_plus_10,0.1,80.0,88.0,0.25511103636130245,0.2563803658196476,0.0012693294583451808,0.0012693294583451808,0,0,0,-1
gmsc,random_forest,39,age,relative_plus_10,0.1,39.0,42.9,0.25436458779402354,0.23086425661624038,-0.023500331177783162,0.023500331177783162,0,0,0,-1
gmsc,random_forest,40,age,relative_plus_10,0.1,45.0,49.5,0.15364664040859202,0.14911859369035957,-0.0045280467182324535,0.0045280467182324535,0,0,0,-1
gmsc,random_forest,41,age,relative_plus_10,0.1,47.0,51.7,0.21481465988917767,0.21162771871695032,-0.003186941172227342,0.003186941172227342,0,0,0,-1
gmsc,random_forest,42,age,relative_plus_10,0.1,37.0,40.7,0.1501088987333263,0.1488482348925973,-0.0012606638407290094,0.0012606638407290094,0,0,0,-1
gmsc,random_forest,43,age,relative_plus_10,0.1,25.0,27.5,0.36253642583455215,0.3506808873939525,-0.011855538440599667,0.011855538440599667,0,0,0,-1
gmsc,random_forest,44,age,relative_plus_10,0.1,48.0,52.8,0.13721131938118405,0.13225956684922296,-0.00495175253196109,0.00495175253196109,0,0,0,-1
gmsc,random_forest,45,age,relative_plus_10,0.1,75.0,82.5,0.1794370938336495,0.18081687566424992,0.0013797818306004184,0.0013797818306004184,0,0,0,-1
gmsc,random_forest,46,age,relative_plus_10,0.1,67.0,73.7,0.3159103257559534,0.31217876347533213,-0.00373156228062127,0.00373156228062127,0,0,0,-1
gmsc,random_forest,47,age,relative_plus_10,0.1,75.0,82.5,0.09990560036967194,0.1004004256739151,0.0004948253042431627,0.0004948253042431627,0,0,0,-1
gmsc,random_forest,48,age,relative_plus_10,0.1,53.0,58.3,0.12714889185513736,0.07955208741016073,-0.04759680444497663,0.04759680444497663,0,0,0,-1
gmsc,random_forest,49,age,relative_plus_10,0.1,72.0,79.2,0.0702107223085158,0.07051170027496502,0.00030097796644922015,0.00030097796644922015,0,0,0,-1
gmsc,random_forest,50,age,relative_plus_10,0.1,57.0,62.7,0.15265829520102106,0.13458693156468668,-0.01807136363633438,0.01807136363633438,0,0,0,-1
gmsc,random_forest,51,age,relative_plus_10,0.1,53.0,58.3,0.2628422782175456,0.18050164376044278,-0.0823406344571028,0.0823406344571028,0,0,0,-1
gmsc,random_forest,52,age,relative_plus_10,0.1,59.0,64.9,0.07756754455616102,0.07597998330625795,-0.0015875612499030717,0.0015875612499030717,0,0,0,-1
gmsc,random_forest,53,age,relative_plus_10,0.1,34.0,37.4,0.801766334910606,0.8006518432919021,-0.0011144916187039167,0.0011144916187039167,1,1,0,-1
gmsc,random_forest,54,age,relative_plus_10,0.1,34.0,37.4,0.8582977428532704,0.8568972637073989,-0.0014004791458714916,0.0014004791458714916,1,1,0,-1
gmsc,random_forest,55,age,relative_plus_10,0.1,63.0,69.3,0.10544807655567226,0.10230306358349443,-0.003145012972177827,0.003145012972177827,0,0,0,-1
gmsc,random_forest,56,age,relative_plus_10,0.1,45.0,49.5,0.16614971558636332,0.1630408034241526,-0.0031089121622107085,0.0031089121622107085,0,0,0,-1
gmsc,random_forest,57,age,relative_plus_10,0.1,25.0,27.5,0.5819136422191914,0.5828552744123932,0.000941632193201758,0.000941632193201758,1,1,0,-1
gmsc,random_forest,58,age,relative_plus_10,0.1,65.0,71.5,0.7436704750418504,0.7340407189781875,-0.009629756063662898,0.009629756063662898,1,1,0,-1
gmsc,random_forest,59,age,relative_plus_10,0.1,45.0,49.5,0.587090829362347,0.5791177749645663,-0.007973054397780732,0.007973054397780732,1,1,0,-1
gmsc,random_forest,60,age,relative_plus_10,0.1,41.0,45.1,0.1649034942951832,0.15661792264592836,-0.008285571649254836,0.008285571649254836,0,0,0,-1
gmsc,random_forest,61,age,relative_plus_10,0.1,40.0,44.0,0.2942532697850684,0.28525576897560917,-0.008997500809459213,0.008997500809459213,0,0,0,-1
gmsc,random_forest,62,age,relative_plus_10,0.1,44.0,48.4,0.5335320712885583,0.5295556909957871,-0.003976380292771142,0.003976380292771142,1,1,0,-1
gmsc,random_forest,63,age,relative_plus_10,0.1,47.0,51.7,0.13289866287150406,0.12576131953350572,-0.007137343337998342,0.007137343337998342,0,0,0,-1
gmsc,random_forest,64,age,relative_plus_10,0.1,53.0,58.3,0.2665313715697186,0.24272640404777193,-0.02380496752194669,0.02380496752194669,0,0,0,-1
gmsc,random_forest,65,age,relative_plus_10,0.1,50.0,55.0,0.5063899923778815,0.4947250545938747,-0.01166493778400679,0.01166493778400679,1,0,1,-1
gmsc,random_forest,66,age,relative_plus_10,0.1,58.0,63.8,0.1736576827952704,0.15868596968740487,-0.014971713107865547,0.014971713107865547,0,0,0,-1
gmsc,random_forest,67,age,relative_plus_10,0.1,37.0,40.7,0.4600211443798788,0.457298098719942,-0.002723045659936807,0.002723045659936807,0,0,0,-1
gmsc,random_forest,68,age,relative_plus_10,0.1,48.0,52.8,0.14330478155243379,0.13954853883611107,-0.0037562427163227163,0.0037562427163227163,0,0,0,-1
gmsc,random_forest,69,age,relative_plus_10,0.1,49.0,53.9,0.3889070815939389,0.3862194780685685,-0.0026876035253703967,0.0026876035253703967,0,0,0,-1
gmsc,random_forest,70,age,relative_plus_10,0.1,43.0,47.3,0.4193795781899724,0.41548720826391783,-0.003892369926054573,0.003892369926054573,0,0,0,-1
gmsc,random_forest,71,age,relative_plus_10,0.1,37.0,40.7,0.17008515516847897,0.16494975086174168,-0.0051354043067372845,0.0051354043067372845,0,0,0,-1
gmsc,random_forest,72,age,relative_plus_10,0.1,53.0,58.3,0.20907874085396658,0.16748861729331746,-0.04159012356064912,0.04159012356064912,0,0,0,-1
gmsc,random_forest,73,age,relative_plus_10,0.1,33.0,36.3,0.365051631552107,0.3639870056581111,-0.0010646258939959186,0.0010646258939959186,0,0,0,-1
gmsc,random_forest,74,age,relative_plus_10,0.1,30.0,33.0,0.2065140624206517,0.2065140624206517,0.0,0.0,0,0,0,-1
gmsc,random_forest,75,age,relative_plus_10,0.1,25.0,27.5,0.526646966431903,0.5280513428410621,0.001404376409159136,0.001404376409159136,1,1,0,-1
gmsc,random_forest,76,age,relative_plus_10,0.1,65.0,71.5,0.12531638246166502,0.12121174235195867,-0.004104640109706348,0.004104640109706348,0,0,0,-1
gmsc,random_forest,77,age,relative_plus_10,0.1,87.0,95.7,0.07799823819062678,0.08643545658624603,0.008437218395619256,0.008437218395619256,0,0,0,-1
gmsc,random_forest,78,age,relative_plus_10,0.1,55.0,60.5,0.10359585418304888,0.07762585151029289,-0.025970002672755996,0.025970002672755996,0,0,0,-1
gmsc,random_forest,79,age,relative_plus_10,0.1,30.0,33.0,0.3455170212556861,0.3447172930113632,-0.0007997282443228948,0.0007997282443228948,0,0,0,-1
gmsc,random_forest,80,age,relative_plus_10,0.1,71.0,78.1,0.2866632770366475,0.28630981711840503,-0.00035345991824248246,0.00035345991824248246,0,0,0,-1
gmsc,random_forest,81,age,relative_plus_10,0.1,30.0,33.0,0.17937720733779408,0.17937720733779408,0.0,0.0,0,0,0,-1
gmsc,random_forest,82,age,relative_plus_10,0.1,51.0,56.1,0.4339743246902932,0.36451827989971575,-0.06945604479057743,0.06945604479057743,0,0,0,-1
gmsc,random_forest,83,age,relative_plus_10,0.1,75.0,82.5,0.1141917331465753,0.1170386445518142,0.0028469114052389055,0.0028469114052389055,0,0,0,-1
gmsc,random_forest,84,age,relative_plus_10,0.1,50.0,55.0,0.59110890429795,0.5656064313313869,-0.02550247296656316,0.02550247296656316,1,1,0,-1
gmsc,random_forest,85,age,relative_plus_10,0.1,67.0,73.7,0.10713867731747691,0.10528720516949107,-0.0018514721479858387,0.0018514721479858387,0,0,0,-1
gmsc,random_forest,86,age,relative_plus_10,0.1,36.0,39.6,0.16567388899210891,0.1643546312587407,-0.0013192577333682176,0.0013192577333682176,0,0,0,-1
gmsc,random_forest,87,age,relative_plus_10,0.1,33.0,36.3,0.14884578185477607,0.14317996058468385,-0.005665821270092214,0.005665821270092214,0,0,0,-1
gmsc,random_forest,88,age,relative_plus_10,0.1,41.0,45.1,0.17254421040384832,0.1697094650410376,-0.0028347453628107255,0.0028347453628107255,0,0,0,-1
gmsc,random_forest,89,age,relative_plus_10,0.1,42.0,46.2,0.4356553338681073,0.4335948920805788,-0.002060441787528511,0.002060441787528511,0,0,0,-1
gmsc,random_forest,90,age,relative_plus_10,0.1,75.0,82.5,0.07549253017751428,0.07581275752900041,0.00032022735148612425,0.00032022735148612425,0,0,0,-1
gmsc,random_forest,91,age,relative_plus_10,0.1,47.0,51.7,0.1823130815219747,0.17665535458686235,-0.0056577269351123505,0.0056577269351123505,0,0,0,-1
gmsc,random_forest,92,age,relative_plus_10,0.1,57.0,62.7,0.0932513558600773,0.08066022582911138,-0.012591130030965916,0.012591130030965916,0,0,0,-1
gmsc,random_forest,93,age,relative_plus_10,0.1,59.0,64.9,0.12998718901704973,0.13095332542794091,0.0009661364108911885,0.0009661364108911885,0,0,0,-1
gmsc,random_forest,94,age,relative_plus_10,0.1,88.0,96.8,0.11645345924668923,0.13468612991962842,0.018232670672939183,0.018232670672939183,0,0,0,-1
gmsc,random_forest,95,age,relative_plus_10,0.1,35.0,38.5,0.18825767339402502,0.18320765514776402,-0.005050018246261001,0.005050018246261001,0,0,0,-1
gmsc,random_forest,96,age,relative_plus_10,0.1,53.0,58.3,0.14751307642369796,0.10400573313227056,-0.0435073432914274,0.0435073432914274,0,0,0,-1
gmsc,random_forest,97,age,relative_plus_10,0.1,51.0,56.1,0.1601265267080067,0.12586301557807766,-0.034263511129929036,0.034263511129929036,0,0,0,-1
gmsc,random_forest,98,age,relative_plus_10,0.1,49.0,53.9,0.2792883685617908,0.25762705202648867,-0.021661316535302122,0.021661316535302122,0,0,0,-1
gmsc,random_forest,99,age,relative_plus_10,0.1,52.0,57.2,0.8587567687347458,0.8425220916266158,-0.01623467710812998,0.01623467710812998,1,1,0,-1
gmsc,random_forest,0,NumberOfTime30-59DaysPastDueNotWorse,relative_minus_5,-0.05,0.0,0.05,0.12448314782663561,0.12448314782663561,0.0,0.0,0,0,0,-1
gmsc,random_forest,1,NumberOfTime30-59DaysPastDueNotWorse,relative_minus_5,-0.05,0.0,0.05,0.12575902714321507,0.12575902714321505,-2.7755575615628914e-17,2.7755575615628914e-17,0,0,0,-1
gmsc,random_forest,2,NumberOfTime30-59DaysPastDueNotWorse,relative_minus_5,-0.05,0.0,0.05,0.07737496123247078,0.0773749612324708,1.3877787807814457e-17,1.3877787807814457e-17,0,0,0,-1
gmsc,random_forest,3,NumberOfTime30-59DaysPastDueNotWorse,relative_minus_5,-0.05,0.0,0.05,0.2222470545521674,0.22224705455216745,5.551115123125783e-17,5.551115123125783e-17,0,0,0,-1
gmsc,random_forest,4,NumberOfTime30-59DaysPastDueNotWorse,relative_minus_5,-0.05,0.0,0.05,0.16593632439170214,0.16593632439170214,0.0,0.0,0,0,0,-1
gmsc,random_forest,5,NumberOfTime30-59DaysPastDueNotWorse,relative_minus_5,-0.05,0.0,0.05,0.20005511957959218,0.2000551195795922,2.7755575615628914e-17,2.7755575615628914e-17,0,0,0,-1
gmsc,random_forest,6,NumberOfTime30-59DaysPastDueNotWorse,relative_minus_5,-0.05,0.0,0.05,0.24736845321604625,0.2473684532160464,1.3877787807814457e-16,1.3877787807814457e-16,0,0,0,-1
gmsc,random_forest,7,NumberOfTime30-59DaysPastDueNotWorse,relative_minus_5,-0.05,0.0,0.05,0.2020807786711973,0.20208077867119728,-2.7755575615628914e-17,2.7755575615628914e-17,0,0,0,-1
gmsc,random_forest,8,NumberOfTime30-59DaysPastDueNotWorse,relative_minus_5,-0.05,0.0,0.05,0.16030677171113558,0.16030677171113555,-2.7755575615628914e-17,2.7755575615628914e-17,0,0,0,-1
gmsc,random_forest,9,NumberOfTime30-59DaysPastDueNotWorse,relative_minus_5,-0.05,1.0,1.05,0.44585372419624947,0.4458537241962496,1.1102230246251565e-16,1.1102230246251565e-16,0,0,0,-1
gmsc,random_forest,10,NumberOfTime30-59DaysPastDueNotWorse,relative_minus_5,-0.05,0.0,0.05,0.3047745297393056,0.3047745297393056,0.0,0.0,0,0,0,-1
gmsc,random_forest,11,NumberOfTime30-59DaysPastDueNotWorse,relative_minus_5,-0.05,0.0,0.05,0.2817436317150431,0.28174363171504313,5.551115123125783e-17,5.551115123125783e-17,0,0,0,-1
gmsc,random_forest,12,NumberOfTime30-59DaysPastDueNotWorse,relative_minus_5,-0.05,0.0,0.05,0.07579737355923029,0.07579737355923029,0.0,0.0,0,0,0,-1
gmsc,random_forest,13,NumberOfTime30-59DaysPastDueNotWorse,relative_minus_5,-0.05,0.0,0.05,0.8725178860518772,0.872517886051877,-2.220446049250313e-16,2.220446049250313e-16,1,1,0,-1
gmsc,random_forest,14,NumberOfTime30-59DaysPastDueNotWorse,relative_minus_5,-0.05,0.0,0.05,0.39620212705125957,0.3962021270512595,-5.551115123125783e-17,5.551115123125783e-17,0,0,0,-1
gmsc,random_forest,15,NumberOfTime30-59DaysPastDueNotWorse,relative_minus_5,-0.05,1.0,1.05,0.358132684091735,0.35813268409173493,-5.551115123125783e-17,5.551115123125783e-17,0,0,0,-1
gmsc,random_forest,16,NumberOfTime30-59DaysPastDueNotWorse,relative_minus_5,-0.05,1.0,1.05,0.4951408704187556,0.4951408704187558,2.220446049250313e-16,2.220446049250313e-16,0,0,0,-1
gmsc,random_forest,17,NumberOfTime30-59DaysPastDueNotWorse,relative_minus_5,-0.05,0.0,0.05,0.1565391154880974,0.1565391154880974,0.0,0.0,0,0,0,-1
gmsc,random_forest,18,NumberOfTime30-59DaysPastDueNotWorse,relative_minus_5,-0.05,0.0,0.05,0.4933265396567783,0.4933265396567782,-1.1102230246251565e-16,1.1102230246251565e-16,0,0,0,-1
gmsc,random_forest,19,NumberOfTime30-59DaysPastDueNotWorse,relative_minus_5,-0.05,1.0,1.05,0.33709665441513037,0.3370966544151303,-5.551115123125783e-17,5.551115123125783e-17,0,0,0,-1
gmsc,random_forest,20,NumberOfTime30-59DaysPastDueNotWorse,relative_minus_5,-0.05,0.0,0.05,0.125253843611223,0.12525384361122294,-5.551115123125783e-17,5.551115123125783e-17,0,0,0,-1
gmsc,random_forest,21,NumberOfTime30-59DaysPastDueNotWorse,relative_minus_5,-0.05,0.0,0.05,0.1384442554842199,0.1384442554842199,0.0,0.0,0,0,0,-1
gmsc,random_forest,22,NumberOfTime30-59DaysPastDueNotWorse,relative_minus_5,-0.05,0.0,0.05,0.10721005514231308,0.10721005514231308,0.0,0.0,0,0,0,-1
gmsc,random_forest,23,NumberOfTime30-59DaysPastDueNotWorse,relative_minus_5,-0.05,0.0,0.05,0.14155973703643895,0.14155973703643898,2.7755575615628914e-17,2.7755575615628914e-17,0,0,0,-1
gmsc,random_forest,24,NumberOfTime30-59DaysPastDueNotWorse,relative_minus_5,-0.05,0.0,0.05,0.08662915786666847,0.08662915786666846,-1.3877787807814457e-17,1.3877787807814457e-17,0,0,0,-1
gmsc,random_forest,25,NumberOfTime30-59DaysPastDueNotWorse,relative_minus_5,-0.05,0.0,0.05,0.498904333907652,0.49890433390765204,5.551115123125783e-17,5.551115123125783e-17,0,0,0,-1
gmsc,random_forest,26,NumberOfTime30-59DaysPastDueNotWorse,relative_minus_5,-0.05,0.0,0.05,0.566313369934525,0.5663133699345249,-1.1102230246251565e-16,1.1102230246251565e-16,1,1,0,-1
gmsc,random_forest,27,NumberOfTime30-59DaysPastDueNotWorse,relative_minus_5,-0.05,0.0,0.05,0.1401781194818076,0.14017811948180767,5.551115123125783e-17,5.551115123125783e-17,0,0,0,-1
gmsc,random_forest,28,NumberOfTime30-59DaysPastDueNotWorse,relative_minus_5,-0.05,0.0,0.05,0.16169516515611407,0.16169516515611407,0.0,0.0,0,0,0,-1
gmsc,random_forest,29,NumberOfTime30-59DaysPastDueNotWorse,relative_minus_5,-0.05,0.0,0.05,0.10365705573378153,0.10365705573378152,-1.3877787807814457e-17,1.3877787807814457e-17,0,0,0,-1
gmsc,random_forest,30,NumberOfTime30-59DaysPastDueNotWorse,relative_minus_5,-0.05,0.0,0.05,0.23541054599203737,0.23541054599203737,0.0,0.0,0,0,0,-1
gmsc,random_forest,31,NumberOfTime30-59DaysPastDueNotWorse,relative_minus_5,-0.05,0.0,0.05,0.1471176133232665,0.14711761332326653,2.7755575615628914e-17,2.7755575615628914e-17,0,0,0,-1
gmsc,random_forest,32,NumberOfTime30-59DaysPastDueNotWorse,relative_minus_5,-0.05,0.0,0.05,0.19156208452759005,0.19156208452759005,0.0,0.0,0,0,0,-1
gmsc,random_forest,33,NumberOfTime30-59DaysPastDueNotWorse,relative_minus_5,-0.05,0.0,0.05,0.0986278280958683,0.09862782809586831,1.3877787807814457e-17,1.3877787807814457e-17,0,0,0,-1
gmsc,random_forest,34,NumberOfTime30-59DaysPastDueNotWorse,relative_minus_5,-0.05,1.0,1.05,0.6110458318906421,0.6110458318906422,1.1102230246251565e-16,1.1102230246251565e-16,1,1,0,-1
gmsc,random_forest,35,NumberOfTime30-59DaysPastDueNotWorse,relative_minus_5,-0.05,2.0,2.1,0.6296792388822089,0.6296792388822088,-1.1102230246251565e-16,1.1102230246251565e-16,1,1,0,-1
gmsc,random_forest,36,NumberOfTime30-59DaysPastDueNotWorse,relative_minus_5,-0.05,0.0,0.05,0.35220418744329696,0.352204187443297,5.551115123125783e-17,5.551115123125783e-17,0,0,0,-1
gmsc,random_forest,37,NumberOfTime30-59DaysPastDueNotWorse,relative_minus_5,-0.05,0.0,0.05,0.5127242820218618,0.5127242820218618,0.0,0.0,1,1,0,-1
gmsc,random_forest,38,NumberOfTime30-59DaysPastDueNotWorse,relative_minus_5,-0.05,0.0,0.05,0.25511103636130245,0.25511103636130256,1.1102230246251565e-16,1.1102230246251565e-16,0,0,0,-1
gmsc,random_forest,39,NumberOfTime30-59DaysPastDueNotWorse,relative_minus_5,-0.05,0.0,0.05,0.25436458779402354,0.2543645877940235,-5.551115123125783e-17,5.551115123125783e-17,0,0,0,-1
gmsc,random_forest,40,NumberOfTime30-59DaysPastDueNotWorse,relative_minus_5,-0.05,0.0,0.05,0.15364664040859202,0.15364664040859205,2.7755575615628914e-17,2.7755575615628914e-17,0,0,0,-1
gmsc,random_forest,41,NumberOfTime30-59DaysPastDueNotWorse,relative_minus_5,-0.05,0.0,0.05,0.21481465988917767,0.21481465988917772,5.551115123125783e-17,5.551115123125783e-17,0,0,0,-1
gmsc,random_forest,42,NumberOfTime30-59DaysPastDueNotWorse,relative_minus_5,-0.05,0.0,0.05,0.1501088987333263,0.15010889873332633,2.7755575615628914e-17,2.7755575615628914e-17,0,0,0,-1
gmsc,random_forest,43,NumberOfTime30-59DaysPastDueNotWorse,relative_minus_5,-0.05,0.0,0.05,0.36253642583455215,0.3625364258345521,-5.551115123125783e-17,5.551115123125783e-17,0,0,0,-1
gmsc,random_forest,44,NumberOfTime30-59DaysPastDueNotWorse,relative_minus_5,-0.05,0.0,0.05,0.13721131938118405,0.13721131938118405,0.0,0.0,0,0,0,-1
gmsc,random_forest,45,NumberOfTime30-59DaysPastDueNotWorse,relative_minus_5,-0.05,0.0,0.05,0.1794370938336495,0.17943709383364945,-5.551115123125783e-17,5.551115123125783e-17,0,0,0,-1
gmsc,random_forest,46,NumberOfTime30-59DaysPastDueNotWorse,relative_minus_5,-0.05,0.0,0.05,0.3159103257559534,0.31591032575595335,-5.551115123125783e-17,5.551115123125783e-17,0,0,0,-1
gmsc,random_forest,47,NumberOfTime30-59DaysPastDueNotWorse,relative_minus_5,-0.05,0.0,0.05,0.09990560036967194,0.09990560036967193,-1.3877787807814457e-17,1.3877787807814457e-17,0,0,0,-1
gmsc,random_forest,48,NumberOfTime30-59DaysPastDueNotWorse,relative_minus_5,-0.05,0.0,0.05,0.12714889185513736,0.12714889185513734,-2.7755575615628914e-17,2.7755575615628914e-17,0,0,0,-1
gmsc,random_forest,49,NumberOfTime30-59DaysPastDueNotWorse,relative_minus_5,-0.05,0.0,0.05,0.0702107223085158,0.0702107223085158,0.0,0.0,0,0,0,-1
gmsc,random_forest,50,NumberOfTime30-59DaysPastDueNotWorse,relative_minus_5,-0.05,0.0,0.05,0.15265829520102106,0.15265829520102106,0.0,0.0,0,0,0,-1
gmsc,random_forest,51,NumberOfTime30-59DaysPastDueNotWorse,relative_minus_5,-0.05,0.0,0.05,0.2628422782175456,0.2628422782175456,0.0,0.0,0,0,0,-1
gmsc,random_forest,52,NumberOfTime30-59DaysPastDueNotWorse,relative_minus_5,-0.05,0.0,0.05,0.07756754455616102,0.07756754455616105,2.7755575615628914e-17,2.7755575615628914e-17,0,0,0,-1
gmsc,random_forest,53,NumberOfTime30-59DaysPastDueNotWorse,relative_minus_5,-0.05,2.0,2.1,0.801766334910606,0.8017663349106061,1.1102230246251565e-16,1.1102230246251565e-16,1,1,0,-1
gmsc,random_forest,54,NumberOfTime30-59DaysPastDueNotWorse,relative_minus_5,-0.05,3.0,3.15,0.8582977428532704,0.8582977428532707,2.220446049250313e-16,2.220446049250313e-16,1,1,0,-1
gmsc,random_forest,55,NumberOfTime30-59DaysPastDueNotWorse,relative_minus_5,-0.05,0.0,0.05,0.10544807655567226,0.10544807655567225,-1.3877787807814457e-17,1.3877787807814457e-17,0,0,0,-1
gmsc,random_forest,56,NumberOfTime30-59DaysPastDueNotWorse,relative_minus_5,-0.05,0.0,0.05,0.16614971558636332,0.16614971558636327,-5.551115123125783e-17,5.551115123125783e-17,0,0,0,-1
gmsc,random_forest,57,NumberOfTime30-59DaysPastDueNotWorse,relative_minus_5,-0.05,0.0,0.05,0.5819136422191914,0.5819136422191914,0.0,0.0,1,1,0,-1
gmsc,random_forest,58,NumberOfTime30-59DaysPastDueNotWorse,relative_minus_5,-0.05,0.0,0.05,0.7436704750418504,0.7436704750418504,0.0,0.0,1,1,0,-1
gmsc,random_forest,59,NumberOfTime30-59DaysPastDueNotWorse,relative_minus_5,-0.05,0.0,0.05,0.587090829362347,0.5870908293623472,2.220446049250313e-16,2.220446049250313e-16,1,1,0,-1
gmsc,random_forest,60,NumberOfTime30-59DaysPastDueNotWorse,relative_minus_5,-0.05,0.0,0.05,0.1649034942951832,0.16490349429518317,-2.7755575615628914e-17,2.7755575615628914e-17,0,0,0,-1
gmsc,random_forest,61,NumberOfTime30-59DaysPastDueNotWorse,relative_minus_5,-0.05,0.0,0.05,0.2942532697850684,0.29425326978506827,-1.1102230246251565e-16,1.1102230246251565e-16,0,0,0,-1
gmsc,random_forest,62,NumberOfTime30-59DaysPastDueNotWorse,relative_minus_5,-0.05,0.0,0.05,0.5335320712885583,0.5335320712885582,-1.1102230246251565e-16,1.1102230246251565e-16,1,1,0,-1
gmsc,random_forest,63,NumberOfTime30-59DaysPastDueNotWorse,relative_minus_5,-0.05,0.0,0.05,0.13289866287150406,0.13289866287150406,0.0,0.0,0,0,0,-1
gmsc,random_forest,64,NumberOfTime30-59DaysPastDueNotWorse,relative_minus_5,-0.05,0.0,0.05,0.2665313715697186,0.2665313715697186,0.0,0.0,0,0,0,-1
gmsc,random_forest,65,NumberOfTime30-59DaysPastDueNotWorse,relative_minus_5,-0.05,2.0,2.1,0.5063899923778815,0.5063899923778814,-1.1102230246251565e-16,1.1102230246251565e-16,1,1,0,-1
gmsc,random_forest,66,NumberOfTime30-59DaysPastDueNotWorse,relative_minus_5,-0.05,0.0,0.05,0.1736576827952704,0.1736576827952704,0.0,0.0,0,0,0,-1
gmsc,random_forest,67,NumberOfTime30-59DaysPastDueNotWorse,relative_minus_5,-0.05,0.0,0.05,0.4600211443798788,0.460021144379879,2.220446049250313e-16,2.220446049250313e-16,0,0,0,-1
gmsc,random_forest,68,NumberOfTime30-59DaysPastDueNotWorse,relative_minus_5,-0.05,0.0,0.05,0.14330478155243379,0.14330478155243379,0.0,0.0,0,0,0,-1
gmsc,random_forest,69,NumberOfTime30-59DaysPastDueNotWorse,relative_minus_5,-0.05,0.0,0.05,0.3889070815939389,0.3889070815939389,0.0,0.0,0,0,0,-1
gmsc,random_forest,70,NumberOfTime30-59DaysPastDueNotWorse,relative_minus_5,-0.05,1.0,1.05,0.4193795781899724,0.4193795781899724,0.0,0.0,0,0,0,-1
gmsc,random_forest,71,NumberOfTime30-59DaysPastDueNotWorse,relative_minus_5,-0.05,0.0,0.05,0.17008515516847897,0.17008515516847897,0.0,0.0,0,0,0,-1
gmsc,random_forest,72,NumberOfTime30-59DaysPastDueNotWorse,relative_minus_5,-0.05,0.0,0.05,0.20907874085396658,0.20907874085396658,0.0,0.0,0,0,0,-1
gmsc,random_forest,73,NumberOfTime30-59DaysPastDueNotWorse,relative_minus_5,-0.05,0.0,0.05,0.365051631552107,0.365051631552107,0.0,0.0,0,0,0,-1
gmsc,random_forest,74,NumberOfTime30-59DaysPastDueNotWorse,relative_minus_5,-0.05,0.0,0.05,0.2065140624206517,0.2065140624206517,0.0,0.0,0,0,0,-1
gmsc,random_forest,75,NumberOfTime30-59DaysPastDueNotWorse,relative_minus_5,-0.05,0.0,0.05,0.526646966431903,0.5266469664319027,-3.3306690738754696e-16,3.3306690738754696e-16,1,1,0,-1
gmsc,random_forest,76,NumberOfTime30-59DaysPastDueNotWorse,relative_minus_5,-0.05,0.0,0.05,0.12531638246166502,0.12531638246166496,-5.551115123125783e-17,5.551115123125783e-17,0,0,0,-1
gmsc,random_forest,77,NumberOfTime30-59DaysPastDueNotWorse,relative_minus_5,-0.05,0.0,0.05,0.07799823819062678,0.07799823819062679,1.3877787807814457e-17,1.3877787807814457e-17,0,0,0,-1
gmsc,random_forest,78,NumberOfTime30-59DaysPastDueNotWorse,relative_minus_5,-0.05,0.0,0.05,0.10359585418304888,0.10359585418304888,0.0,0.0,0,0,0,-1
gmsc,random_forest,79,NumberOfTime30-59DaysPastDueNotWorse,relative_minus_5,-0.05,0.0,0.05,0.3455170212556861,0.345517021255686,-1.1102230246251565e-16,1.1102230246251565e-16,0,0,0,-1
gmsc,random_forest,80,NumberOfTime30-59DaysPastDueNotWorse,relative_minus_5,-0.05,0.0,0.05,0.2866632770366475,0.28666327703664746,-5.551115123125783e-17,5.551115123125783e-17,0,0,0,-1
gmsc,random_forest,81,NumberOfTime30-59DaysPastDueNotWorse,relative_minus_5,-0.05,0.0,0.05,0.17937720733779408,0.17937720733779405,-2.7755575615628914e-17,2.7755575615628914e-17,0,0,0,-1
gmsc,random_forest,82,NumberOfTime30-59DaysPastDueNotWorse,relative_minus_5,-0.05,0.0,0.05,0.4339743246902932,0.4339743246902932,0.0,0.0,0,0,0,-1
gmsc,random_forest,83,NumberOfTime30-59DaysPastDueNotWorse,relative_minus_5,-0.05,0.0,0.05,0.1141917331465753,0.11419173314657527,-2.7755575615628914e-17,2.7755575615628914e-17,0,0,0,-1
gmsc,random_forest,84,NumberOfTime30-59DaysPastDueNotWorse,relative_minus_5,-0.05,0.0,0.05,0.59110890429795,0.5911089042979504,3.3306690738754696e-16,3.3306690738754696e-16,1,1,0,-1
gmsc,random_forest,85,NumberOfTime30-59DaysPastDueNotWorse,relative_minus_5,-0.05,0.0,0.05,0.10713867731747691,0.10713867731747688,-2.7755575615628914e-17,2.7755575615628914e-17,0,0,0,-1
gmsc,random_forest,86,NumberOfTime30-59DaysPastDueNotWorse,relative_minus_5,-0.05,0.0,0.05,0.16567388899210891,0.1656738889921089,-2.7755575615628914e-17,2.7755575615628914e-17,0,0,0,-1
gmsc,random_forest,87,NumberOfTime30-59DaysPastDueNotWorse,relative_minus_5,-0.05,0.0,0.05,0.14884578185477607,0.1488457818547761,2.7755575615628914e-17,2.7755575615628914e-17,0,0,0,-1
gmsc,random_forest,88,NumberOfTime30-59DaysPastDueNotWorse,relative_minus_5,-0.05,0.0,0.05,0.17254421040384832,0.17254421040384832,0.0,0.0,0,0,0,-1
gmsc,random_forest,89,NumberOfTime30-59DaysPastDueNotWorse,relative_minus_5,-0.05,0.0,0.05,0.4356553338681073,0.4356553338681073,0.0,0.0,0,0,0,-1
gmsc,random_forest,90,NumberOfTime30-59DaysPastDueNotWorse,relative_minus_5,-0.05,0.0,0.05,0.07549253017751428,0.0754925301775143,1.3877787807814457e-17,1.3877787807814457e-17,0,0,0,-1
gmsc,random_forest,91,NumberOfTime30-59DaysPastDueNotWorse,relative_minus_5,-0.05,0.0,0.05,0.1823130815219747,0.1823130815219747,0.0,0.0,0,0,0,-1
gmsc,random_forest,92,NumberOfTime30-59DaysPastDueNotWorse,relative_minus_5,-0.05,0.0,0.05,0.0932513558600773,0.0932513558600773,0.0,0.0,0,0,0,-1
gmsc,random_forest,93,NumberOfTime30-59DaysPastDueNotWorse,relative_minus_5,-0.05,0.0,0.05,0.12998718901704973,0.12998718901704975,2.7755575615628914e-17,2.7755575615628914e-17,0,0,0,-1
gmsc,random_forest,94,NumberOfTime30-59DaysPastDueNotWorse,relative_minus_5,-0.05,0.0,0.05,0.11645345924668923,0.11645345924668926,2.7755575615628914e-17,2.7755575615628914e-17,0,0,0,-1
gmsc,random_forest,95,NumberOfTime30-59DaysPastDueNotWorse,relative_minus_5,-0.05,0.0,0.05,0.18825767339402502,0.188257673394025,-2.7755575615628914e-17,2.7755575615628914e-17,0,0,0,-1
gmsc,random_forest,96,NumberOfTime30-59DaysPastDueNotWorse,relative_minus_5,-0.05,0.0,0.05,0.14751307642369796,0.14751307642369796,0.0,0.0,0,0,0,-1
gmsc,random_forest,97,NumberOfTime30-59DaysPastDueNotWorse,relative_minus_5,-0.05,0.0,0.05,0.1601265267080067,0.16012652670800673,2.7755575615628914e-17,2.7755575615628914e-17,0,0,0,-1
gmsc,random_forest,98,NumberOfTime30-59DaysPastDueNotWorse,relative_minus_5,-0.05,0.0,0.05,0.2792883685617908,0.27928836856179073,-5.551115123125783e-17,5.551115123125783e-17,0,0,0,-1
gmsc,random_forest,99,NumberOfTime30-59DaysPastDueNotWorse,relative_minus_5,-0.05,2.0,2.1,0.8587567687347458,0.8587567687347458,0.0,0.0,1,1,0,-1
gmsc,random_forest,0,NumberOfTime30-59DaysPastDueNotWorse,relative_plus_5,0.05,0.0,0.05,0.12448314782663561,0.12448314782663564,2.7755575615628914e-17,2.7755575615628914e-17,0,0,0,-1
gmsc,random_forest,1,NumberOfTime30-59DaysPastDueNotWorse,relative_plus_5,0.05,0.0,0.05,0.12575902714321507,0.12575902714321507,0.0,0.0,0,0,0,-1
gmsc,random_forest,2,NumberOfTime30-59DaysPastDueNotWorse,relative_plus_5,0.05,0.0,0.05,0.07737496123247078,0.07737496123247081,2.7755575615628914e-17,2.7755575615628914e-17,0,0,0,-1
gmsc,random_forest,3,NumberOfTime30-59DaysPastDueNotWorse,relative_plus_5,0.05,0.0,0.05,0.2222470545521674,0.2222470545521675,1.1102230246251565e-16,1.1102230246251565e-16,0,0,0,-1
gmsc,random_forest,4,NumberOfTime30-59DaysPastDueNotWorse,relative_plus_5,0.05,0.0,0.05,0.16593632439170214,0.16593632439170217,2.7755575615628914e-17,2.7755575615628914e-17,0,0,0,-1
gmsc,random_forest,5,NumberOfTime30-59DaysPastDueNotWorse,relative_plus_5,0.05,0.0,0.05,0.20005511957959218,0.20005511957959218,0.0,0.0,0,0,0,-1
gmsc,random_forest,6,NumberOfTime30-59DaysPastDueNotWorse,relative_plus_5,0.05,0.0,0.05,0.24736845321604625,0.24736845321604628,2.7755575615628914e-17,2.7755575615628914e-17,0,0,0,-1
gmsc,random_forest,7,NumberOfTime30-59DaysPastDueNotWorse,relative_plus_5,0.05,0.0,0.05,0.2020807786711973,0.2020807786711973,0.0,0.0,0,0,0,-1
gmsc,random_forest,8,NumberOfTime30-59DaysPastDueNotWorse,relative_plus_5,0.05,0.0,0.05,0.16030677171113558,0.1603067717111356,2.7755575615628914e-17,2.7755575615628914e-17,0,0,0,-1
gmsc,random_forest,9,NumberOfTime30-59DaysPastDueNotWorse,relative_plus_5,0.05,1.0,1.05,0.44585372419624947,0.44585372419624947,0.0,0.0,0,0,0,-1
gmsc,random_forest,10,NumberOfTime30-59DaysPastDueNotWorse,relative_plus_5,0.05,0.0,0.05,0.3047745297393056,0.30477452973930547,-1.1102230246251565e-16,1.1102230246251565e-16,0,0,0,-1
gmsc,random_forest,11,NumberOfTime30-59DaysPastDueNotWorse,relative_plus_5,0.05,0.0,0.05,0.2817436317150431,0.2817436317150431,0.0,0.0,0,0,0,-1
gmsc,random_forest,12,NumberOfTime30-59DaysPastDueNotWorse,relative_plus_5,0.05,0.0,0.05,0.07579737355923029,0.0757973735592303,1.3877787807814457e-17,1.3877787807814457e-17,0,0,0,-1
gmsc,random_forest,13,NumberOfTime30-59DaysPastDueNotWorse,relative_plus_5,0.05,0.0,0.05,0.8725178860518772,0.8725178860518767,-4.440892098500626e-16,4.440892098500626e-16,1,1,0,-1
gmsc,random_forest,14,NumberOfTime30-59DaysPastDueNotWorse,relative_plus_5,0.05,0.0,0.05,0.39620212705125957,0.39620212705125957,0.0,0.0,0,0,0,-1
gmsc,random_forest,15,NumberOfTime30-59DaysPastDueNotWorse,relative_plus_5,0.05,1.0,1.05,0.358132684091735,0.358132684091735,0.0,0.0,0,0,0,-1
gmsc,random_forest,16,NumberOfTime30-59DaysPastDueNotWorse,relative_plus_5,0.05,1.0,1.05,0.4951408704187556,0.4951408704187558,2.220446049250313e-16,2.220446049250313e-16,0,0,0,-1
gmsc,random_forest,17,NumberOfTime30-59DaysPastDueNotWorse,relative_plus_5,0.05,0.0,0.05,0.1565391154880974,0.1565391154880974,0.0,0.0,0,0,0,-1
gmsc,random_forest,18,NumberOfTime30-59DaysPastDueNotWorse,relative_plus_5,0.05,0.0,0.05,0.4933265396567783,0.4933265396567782,-1.1102230246251565e-16,1.1102230246251565e-16,0,0,0,-1
gmsc,random_forest,19,NumberOfTime30-59DaysPastDueNotWorse,relative_plus_5,0.05,1.0,1.05,0.33709665441513037,0.3370966544151303,-5.551115123125783e-17,5.551115123125783e-17,0,0,0,-1
gmsc,random_forest,20,NumberOfTime30-59DaysPastDueNotWorse,relative_plus_5,0.05,0.0,0.05,0.125253843611223,0.125253843611223,0.0,0.0,0,0,0,-1
gmsc,random_forest,21,NumberOfTime30-59DaysPastDueNotWorse,relative_plus_5,0.05,0.0,0.05,0.1384442554842199,0.13844425548421985,-5.551115123125783e-17,5.551115123125783e-17,0,0,0,-1
gmsc,random_forest,22,NumberOfTime30-59DaysPastDueNotWorse,relative_plus_5,0.05,0.0,0.05,0.10721005514231308,0.10721005514231308,0.0,0.0,0,0,0,-1
gmsc,random_forest,23,NumberOfTime30-59DaysPastDueNotWorse,relative_plus_5,0.05,0.0,0.05,0.14155973703643895,0.14155973703643898,2.7755575615628914e-17,2.7755575615628914e-17,0,0,0,-1
gmsc,random_forest,24,NumberOfTime30-59DaysPastDueNotWorse,relative_plus_5,0.05,0.0,0.05,0.08662915786666847,0.08662915786666844,-2.7755575615628914e-17,2.7755575615628914e-17,0,0,0,-1
gmsc,random_forest,25,NumberOfTime30-59DaysPastDueNotWorse,relative_plus_5,0.05,0.0,0.05,0.498904333907652,0.498904333907652,0.0,0.0,0,0,0,-1
gmsc,random_forest,26,NumberOfTime30-59DaysPastDueNotWorse,relative_plus_5,0.05,0.0,0.05,0.566313369934525,0.566313369934525,0.0,0.0,1,1,0,-1
gmsc,random_forest,27,NumberOfTime30-59DaysPastDueNotWorse,relative_plus_5,0.05,0.0,0.05,0.1401781194818076,0.14017811948180772,1.1102230246251565e-16,1.1102230246251565e-16,0,0,0,-1
gmsc,random_forest,28,NumberOfTime30-59DaysPastDueNotWorse,relative_plus_5,0.05,0.0,0.05,0.16169516515611407,0.1616951651561141,2.7755575615628914e-17,2.7755575615628914e-17,0,0,0,-1
gmsc,random_forest,29,NumberOfTime30-59DaysPastDueNotWorse,relative_plus_5,0.05,0.0,0.05,0.10365705573378153,0.10365705573378153,0.0,0.0,0,0,0,-1
gmsc,random_forest,30,NumberOfTime30-59DaysPastDueNotWorse,relative_plus_5,0.05,0.0,0.05,0.23541054599203737,0.23541054599203737,0.0,0.0,0,0,0,-1
gmsc,random_forest,31,NumberOfTime30-59DaysPastDueNotWorse,relative_plus_5,0.05,0.0,0.05,0.1471176133232665,0.14711761332326653,2.7755575615628914e-17,2.7755575615628914e-17,0,0,0,-1
gmsc,random_forest,32,NumberOfTime30-59DaysPastDueNotWorse,relative_plus_5,0.05,0.0,0.05,0.19156208452759005,0.19156208452759002,-2.7755575615628914e-17,2.7755575615628914e-17,0,0,0,-1
gmsc,random_forest,33,NumberOfTime30-59DaysPastDueNotWorse,relative_plus_5,0.05,0.0,0.05,0.0986278280958683,0.09862782809586829,-1.3877787807814457e-17,1.3877787807814457e-17,0,0,0,-1
gmsc,random_forest,34,NumberOfTime30-59DaysPastDueNotWorse,relative_plus_5,0.05,1.0,1.05,0.6110458318906421,0.6110458318906422,1.1102230246251565e-16,1.1102230246251565e-16,1,1,0,-1
gmsc,random_forest,35,NumberOfTime30-59DaysPastDueNotWorse,relative_plus_5,0.05,2.0,2.1,0.6296792388822089,0.6296792388822088,-1.1102230246251565e-16,1.1102230246251565e-16,1,1,0,-1
gmsc,random_forest,36,NumberOfTime30-59DaysPastDueNotWorse,relative_plus_5,0.05,0.0,0.05,0.35220418744329696,0.35220418744329696,0.0,0.0,0,0,0,-1
gmsc,random_forest,37,NumberOfTime30-59DaysPastDueNotWorse,relative_plus_5,0.05,0.0,0.05,0.5127242820218618,0.5127242820218619,1.1102230246251565e-16,1.1102230246251565e-16,1,1,0,-1
gmsc,random_forest,38,NumberOfTime30-59DaysPastDueNotWorse,relative_plus_5,0.05,0.0,0.05,0.25511103636130245,0.2551110363613025,5.551115123125783e-17,5.551115123125783e-17,0,0,0,-1
gmsc,random_forest,39,NumberOfTime30-59DaysPastDueNotWorse,relative_plus_5,0.05,0.0,0.05,0.25436458779402354,0.25436458779402354,0.0,0.0,0,0,0,-1
gmsc,random_forest,40,NumberOfTime30-59DaysPastDueNotWorse,relative_plus_5,0.05,0.0,0.05,0.15364664040859202,0.15364664040859205,2.7755575615628914e-17,2.7755575615628914e-17,0,0,0,-1
gmsc,random_forest,41,NumberOfTime30-59DaysPastDueNotWorse,relative_plus_5,0.05,0.0,0.05,0.21481465988917767,0.21481465988917772,5.551115123125783e-17,5.551115123125783e-17,0,0,0,-1
gmsc,random_forest,42,NumberOfTime30-59DaysPastDueNotWorse,relative_plus_5,0.05,0.0,0.05,0.1501088987333263,0.15010889873332633,2.7755575615628914e-17,2.7755575615628914e-17,0,0,0,-1
gmsc,random_forest,43,NumberOfTime30-59DaysPastDueNotWorse,relative_plus_5,0.05,0.0,0.05,0.36253642583455215,0.36253642583455203,-1.1102230246251565e-16,1.1102230246251565e-16,0,0,0,-1
gmsc,random_forest,44,NumberOfTime30-59DaysPastDueNotWorse,relative_plus_5,0.05,0.0,0.05,0.13721131938118405,0.13721131938118408,2.7755575615628914e-17,2.7755575615628914e-17,0,0,0,-1
gmsc,random_forest,45,NumberOfTime30-59DaysPastDueNotWorse,relative_plus_5,0.05,0.0,0.05,0.1794370938336495,0.17943709383364947,-2.7755575615628914e-17,2.7755575615628914e-17,0,0,0,-1
gmsc,random_forest,46,NumberOfTime30-59DaysPastDueNotWorse,relative_plus_5,0.05,0.0,0.05,0.3159103257559534,0.3159103257559534,0.0,0.0,0,0,0,-1
gmsc,random_forest,47,NumberOfTime30-59DaysPastDueNotWorse,relative_plus_5,0.05,0.0,0.05,0.09990560036967194,0.09990560036967192,-2.7755575615628914e-17,2.7755575615628914e-17,0,0,0,-1
gmsc,random_forest,48,NumberOfTime30-59DaysPastDueNotWorse,relative_plus_5,0.05,0.0,0.05,0.12714889185513736,0.12714889185513734,-2.7755575615628914e-17,2.7755575615628914e-17,0,0,0,-1
gmsc,random_forest,49,NumberOfTime30-59DaysPastDueNotWorse,relative_plus_5,0.05,0.0,0.05,0.0702107223085158,0.07021072230851574,-5.551115123125783e-17,5.551115123125783e-17,0,0,0,-1
gmsc,random_forest,50,NumberOfTime30-59DaysPastDueNotWorse,relative_plus_5,0.05,0.0,0.05,0.15265829520102106,0.1526582952010211,2.7755575615628914e-17,2.7755575615628914e-17,0,0,0,-1
gmsc,random_forest,51,NumberOfTime30-59DaysPastDueNotWorse,relative_plus_5,0.05,0.0,0.05,0.2628422782175456,0.2628422782175456,0.0,0.0,0,0,0,-1
gmsc,random_forest,52,NumberOfTime30-59DaysPastDueNotWorse,relative_plus_5,0.05,0.0,0.05,0.07756754455616102,0.07756754455616106,4.163336342344337e-17,4.163336342344337e-17,0,0,0,-1
gmsc,random_forest,53,NumberOfTime30-59DaysPastDueNotWorse,relative_plus_5,0.05,2.0,2.1,0.801766334910606,0.801766334910606,0.0,0.0,1,1,0,-1
gmsc,random_forest,54,NumberOfTime30-59DaysPastDueNotWorse,relative_plus_5,0.05,3.0,3.15,0.8582977428532704,0.8582977428532707,2.220446049250313e-16,2.220446049250313e-16,1,1,0,-1
gmsc,random_forest,55,NumberOfTime30-59DaysPastDueNotWorse,relative_plus_5,0.05,0.0,0.05,0.10544807655567226,0.10544807655567226,0.0,0.0,0,0,0,-1
gmsc,random_forest,56,NumberOfTime30-59DaysPastDueNotWorse,relative_plus_5,0.05,0.0,0.05,0.16614971558636332,0.16614971558636332,0.0,0.0,0,0,0,-1
gmsc,random_forest,57,NumberOfTime30-59DaysPastDueNotWorse,relative_plus_5,0.05,0.0,0.05,0.5819136422191914,0.5819136422191915,1.1102230246251565e-16,1.1102230246251565e-16,1,1,0,-1
gmsc,random_forest,58,NumberOfTime30-59DaysPastDueNotWorse,relative_plus_5,0.05,0.0,0.05,0.7436704750418504,0.7436704750418505,1.1102230246251565e-16,1.1102230246251565e-16,1,1,0,-1
gmsc,random_forest,59,NumberOfTime30-59DaysPastDueNotWorse,relative_plus_5,0.05,0.0,0.05,0.587090829362347,0.5870908293623471,1.1102230246251565e-16,1.1102230246251565e-16,1,1,0,-1
gmsc,random_forest,60,NumberOfTime30-59DaysPastDueNotWorse,relative_plus_5,0.05,0.0,0.05,0.1649034942951832,0.16490349429518322,2.7755575615628914e-17,2.7755575615628914e-17,0,0,0,-1
gmsc,random_forest,61,NumberOfTime30-59DaysPastDueNotWorse,relative_plus_5,0.05,0.0,0.05,0.2942532697850684,0.2942532697850682,-1.6653345369377348e-16,1.6653345369377348e-16,0,0,0,-1
gmsc,random_forest,62,NumberOfTime30-59DaysPastDueNotWorse,relative_plus_5,0.05,0.0,0.05,0.5335320712885583,0.5335320712885583,0.0,0.0,1,1,0,-1
gmsc,random_forest,63,NumberOfTime30-59DaysPastDueNotWorse,relative_plus_5,0.05,0.0,0.05,0.13289866287150406,0.13289866287150406,0.0,0.0,0,0,0,-1
gmsc,random_forest,64,NumberOfTime30-59DaysPastDueNotWorse,relative_plus_5,0.05,0.0,0.05,0.2665313715697186,0.2665313715697187,5.551115123125783e-17,5.551115123125783e-17,0,0,0,-1
gmsc,random_forest,65,NumberOfTime30-59DaysPastDueNotWorse,relative_plus_5,0.05,2.0,2.1,0.5063899923778815,0.5063899923778816,1.1102230246251565e-16,1.1102230246251565e-16,1,1,0,-1
gmsc,random_forest,66,NumberOfTime30-59DaysPastDueNotWorse,relative_plus_5,0.05,0.0,0.05,0.1736576827952704,0.17365768279527044,2.7755575615628914e-17,2.7755575615628914e-17,0,0,0,-1
gmsc,random_forest,67,NumberOfTime30-59DaysPastDueNotWorse,relative_plus_5,0.05,0.0,0.05,0.4600211443798788,0.4600211443798789,1.1102230246251565e-16,1.1102230246251565e-16,0,0,0,-1
gmsc,random_forest,68,NumberOfTime30-59DaysPastDueNotWorse,relative_plus_5,0.05,0.0,0.05,0.14330478155243379,0.14330478155243376,-2.7755575615628914e-17,2.7755575615628914e-17,0,0,0,-1
gmsc,random_forest,69,NumberOfTime30-59DaysPastDueNotWorse,relative_plus_5,0.05,0.0,0.05,0.3889070815939389,0.38890708159393883,-5.551115123125783e-17,5.551115123125783e-17,0,0,0,-1
gmsc,random_forest,70,NumberOfTime30-59DaysPastDueNotWorse,relative_plus_5,0.05,1.0,1.05,0.4193795781899724,0.4193795781899724,0.0,0.0,0,0,0,-1
gmsc,random_forest,71,NumberOfTime30-59DaysPastDueNotWorse,relative_plus_5,0.05,0.0,0.05,0.17008515516847897,0.17008515516847897,0.0,0.0,0,0,0,-1
gmsc,random_forest,72,NumberOfTime30-59DaysPastDueNotWorse,relative_plus_5,0.05,0.0,0.05,0.20907874085396658,0.2090787408539666,2.7755575615628914e-17,2.7755575615628914e-17,0,0,0,-1
gmsc,random_forest,73,NumberOfTime30-59DaysPastDueNotWorse,relative_plus_5,0.05,0.0,0.05,0.365051631552107,0.365051631552107,0.0,0.0,0,0,0,-1
gmsc,random_forest,74,NumberOfTime30-59DaysPastDueNotWorse,relative_plus_5,0.05,0.0,0.05,0.2065140624206517,0.2065140624206517,0.0,0.0,0,0,0,-1
gmsc,random_forest,75,NumberOfTime30-59DaysPastDueNotWorse,relative_plus_5,0.05,0.0,0.05,0.526646966431903,0.5266469664319029,-1.1102230246251565e-16,1.1102230246251565e-16,1,1,0,-1
gmsc,random_forest,76,NumberOfTime30-59DaysPastDueNotWorse,relative_plus_5,0.05,0.0,0.05,0.12531638246166502,0.12531638246166504,2.7755575615628914e-17,2.7755575615628914e-17,0,0,0,-1
gmsc,random_forest,77,NumberOfTime30-59DaysPastDueNotWorse,relative_plus_5,0.05,0.0,0.05,0.07799823819062678,0.07799823819062679,1.3877787807814457e-17,1.3877787807814457e-17,0,0,0,-1
gmsc,random_forest,78,NumberOfTime30-59DaysPastDueNotWorse,relative_plus_5,0.05,0.0,0.05,0.10359585418304888,0.10359585418304888,0.0,0.0,0,0,0,-1
gmsc,random_forest,79,NumberOfTime30-59DaysPastDueNotWorse,relative_plus_5,0.05,0.0,0.05,0.3455170212556861,0.34551702125568606,-5.551115123125783e-17,5.551115123125783e-17,0,0,0,-1
gmsc,random_forest,80,NumberOfTime30-59DaysPastDueNotWorse,relative_plus_5,0.05,0.0,0.05,0.2866632770366475,0.2866632770366475,0.0,0.0,0,0,0,-1
gmsc,random_forest,81,NumberOfTime30-59DaysPastDueNotWorse,relative_plus_5,0.05,0.0,0.05,0.17937720733779408,0.17937720733779408,0.0,0.0,0,0,0,-1
gmsc,random_forest,82,NumberOfTime30-59DaysPastDueNotWorse,relative_plus_5,0.05,0.0,0.05,0.4339743246902932,0.43397432469029334,1.6653345369377348e-16,1.6653345369377348e-16,0,0,0,-1
gmsc,random_forest,83,NumberOfTime30-59DaysPastDueNotWorse,relative_plus_5,0.05,0.0,0.05,0.1141917331465753,0.1141917331465753,0.0,0.0,0,0,0,-1
gmsc,random_forest,84,NumberOfTime30-59DaysPastDueNotWorse,relative_plus_5,0.05,0.0,0.05,0.59110890429795,0.5911089042979503,2.220446049250313e-16,2.220446049250313e-16,1,1,0,-1
gmsc,random_forest,85,NumberOfTime30-59DaysPastDueNotWorse,relative_plus_5,0.05,0.0,0.05,0.10713867731747691,0.10713867731747688,-2.7755575615628914e-17,2.7755575615628914e-17,0,0,0,-1
gmsc,random_forest,86,NumberOfTime30-59DaysPastDueNotWorse,relative_plus_5,0.05,0.0,0.05,0.16567388899210891,0.1656738889921089,-2.7755575615628914e-17,2.7755575615628914e-17,0,0,0,-1
gmsc,random_forest,87,NumberOfTime30-59DaysPastDueNotWorse,relative_plus_5,0.05,0.0,0.05,0.14884578185477607,0.14884578185477607,0.0,0.0,0,0,0,-1
gmsc,random_forest,88,NumberOfTime30-59DaysPastDueNotWorse,relative_plus_5,0.05,0.0,0.05,0.17254421040384832,0.17254421040384832,0.0,0.0,0,0,0,-1
gmsc,random_forest,89,NumberOfTime30-59DaysPastDueNotWorse,relative_plus_5,0.05,0.0,0.05,0.4356553338681073,0.4356553338681074,1.1102230246251565e-16,1.1102230246251565e-16,0,0,0,-1
gmsc,random_forest,90,NumberOfTime30-59DaysPastDueNotWorse,relative_plus_5,0.05,0.0,0.05,0.07549253017751428,0.07549253017751432,4.163336342344337e-17,4.163336342344337e-17,0,0,0,-1
gmsc,random_forest,91,NumberOfTime30-59DaysPastDueNotWorse,relative_plus_5,0.05,0.0,0.05,0.1823130815219747,0.18231308152197467,-2.7755575615628914e-17,2.7755575615628914e-17,0,0,0,-1
gmsc,random_forest,92,NumberOfTime30-59DaysPastDueNotWorse,relative_plus_5,0.05,0.0,0.05,0.0932513558600773,0.0932513558600773,0.0,0.0,0,0,0,-1
gmsc,random_forest,93,NumberOfTime30-59DaysPastDueNotWorse,relative_plus_5,0.05,0.0,0.05,0.12998718901704973,0.12998718901704973,0.0,0.0,0,0,0,-1
gmsc,random_forest,94,NumberOfTime30-59DaysPastDueNotWorse,relative_plus_5,0.05,0.0,0.05,0.11645345924668923,0.11645345924668926,2.7755575615628914e-17,2.7755575615628914e-17,0,0,0,-1
gmsc,random_forest,95,NumberOfTime30-59DaysPastDueNotWorse,relative_plus_5,0.05,0.0,0.05,0.18825767339402502,0.188257673394025,-2.7755575615628914e-17,2.7755575615628914e-17,0,0,0,-1
gmsc,random_forest,96,NumberOfTime30-59DaysPastDueNotWorse,relative_plus_5,0.05,0.0,0.05,0.14751307642369796,0.147513076423698,2.7755575615628914e-17,2.7755575615628914e-17,0,0,0,-1
gmsc,random_forest,97,NumberOfTime30-59DaysPastDueNotWorse,relative_plus_5,0.05,0.0,0.05,0.1601265267080067,0.1601265267080067,0.0,0.0,0,0,0,-1
gmsc,random_forest,98,NumberOfTime30-59DaysPastDueNotWorse,relative_plus_5,0.05,0.0,0.05,0.2792883685617908,0.27928836856179073,-5.551115123125783e-17,5.551115123125783e-17,0,0,0,-1
gmsc,random_forest,99,NumberOfTime30-59DaysPastDueNotWorse,relative_plus_5,0.05,2.0,2.1,0.8587567687347458,0.8587567687347456,-2.220446049250313e-16,2.220446049250313e-16,1,1,0,-1
gmsc,random_forest,0,NumberOfTime30-59DaysPastDueNotWorse,relative_minus_10,-0.1,0.0,0.1,0.12448314782663561,0.12448314782663561,0.0,0.0,0,0,0,-1
gmsc,random_forest,1,NumberOfTime30-59DaysPastDueNotWorse,relative_minus_10,-0.1,0.0,0.1,0.12575902714321507,0.12575902714321502,-5.551115123125783e-17,5.551115123125783e-17,0,0,0,-1
gmsc,random_forest,2,NumberOfTime30-59DaysPastDueNotWorse,relative_minus_10,-0.1,0.0,0.1,0.07737496123247078,0.07737496123247078,0.0,0.0,0,0,0,-1
gmsc,random_forest,3,NumberOfTime30-59DaysPastDueNotWorse,relative_minus_10,-0.1,0.0,0.1,0.2222470545521674,0.22224705455216745,5.551115123125783e-17,5.551115123125783e-17,0,0,0,-1
gmsc,random_forest,4,NumberOfTime30-59DaysPastDueNotWorse,relative_minus_10,-0.1,0.0,0.1,0.16593632439170214,0.16593632439170214,0.0,0.0,0,0,0,-1
gmsc,random_forest,5,NumberOfTime30-59DaysPastDueNotWorse,relative_minus_10,-0.1,0.0,0.1,0.20005511957959218,0.20005511957959218,0.0,0.0,0,0,0,-1
gmsc,random_forest,6,NumberOfTime30-59DaysPastDueNotWorse,relative_minus_10,-0.1,0.0,0.1,0.24736845321604625,0.24736845321604625,0.0,0.0,0,0,0,-1
gmsc,random_forest,7,NumberOfTime30-59DaysPastDueNotWorse,relative_minus_10,-0.1,0.0,0.1,0.2020807786711973,0.20208077867119725,-5.551115123125783e-17,5.551115123125783e-17,0,0,0,-1
gmsc,random_forest,8,NumberOfTime30-59DaysPastDueNotWorse,relative_minus_10,-0.1,0.0,0.1,0.16030677171113558,0.16030677171113558,0.0,0.0,0,0,0,-1
gmsc,random_forest,9,NumberOfTime30-59DaysPastDueNotWorse,relative_minus_10,-0.1,1.0,1.1,0.44585372419624947,0.4458537241962496,1.1102230246251565e-16,1.1102230246251565e-16,0,0,0,-1
gmsc,random_forest,10,NumberOfTime30-59DaysPastDueNotWorse,relative_minus_10,-0.1,0.0,0.1,0.3047745297393056,0.3047745297393055,-5.551115123125783e-17,5.551115123125783e-17,0,0,0,-1
gmsc,random_forest,11,NumberOfTime30-59DaysPastDueNotWorse,relative_minus_10,-0.1,0.0,0.1,0.2817436317150431,0.28174363171504313,5.551115123125783e-17,5.551115123125783e-17,0,0,0,-1
gmsc,random_forest,12,NumberOfTime30-59DaysPastDueNotWorse,relative_minus_10,-0.1,0.0,0.1,0.07579737355923029,0.0757973735592303,1.3877787807814457e-17,1.3877787807814457e-17,0,0,0,-1
gmsc,random_forest,13,NumberOfTime30-59DaysPastDueNotWorse,relative_minus_10,-0.1,0.0,0.1,0.8725178860518772,0.8725178860518772,0.0,0.0,1,1,0,-1
gmsc,random_forest,14,NumberOfTime30-59DaysPastDueNotWorse,relative_minus_10,-0.1,0.0,0.1,0.39620212705125957,0.39620212705125957,0.0,0.0,0,0,0,-1
gmsc,random_forest,15,NumberOfTime30-59DaysPastDueNotWorse,relative_minus_10,-0.1,1.0,1.1,0.358132684091735,0.3581326840917349,-1.1102230246251565e-16,1.1102230246251565e-16,0,0,0,-1
gmsc,random_forest,16,NumberOfTime30-59DaysPastDueNotWorse,relative_minus_10,-0.1,1.0,1.1,0.4951408704187556,0.4951408704187558,2.220446049250313e-16,2.220446049250313e-16,0,0,0,-1
gmsc,random_forest,17,NumberOfTime30-59DaysPastDueNotWorse,relative_minus_10,-0.1,0.0,0.1,0.1565391154880974,0.15653911548809737,-2.7755575615628914e-17,2.7755575615628914e-17,0,0,0,-1
gmsc,random_forest,18,NumberOfTime30-59DaysPastDueNotWorse,relative_minus_10,-0.1,0.0,0.1,0.4933265396567783,0.49332653965677814,-1.6653345369377348e-16,1.6653345369377348e-16,0,0,0,-1
gmsc,random_forest,19,NumberOfTime30-59DaysPastDueNotWorse,relative_minus_10,-0.1,1.0,1.1,0.33709665441513037,0.3370966544151303,-5.551115123125783e-17,5.551115123125783e-17,0,0,0,-1
gmsc,random_forest,20,NumberOfTime30-59DaysPastDueNotWorse,relative_minus_10,-0.1,0.0,0.1,0.125253843611223,0.1252538436112229,-8.326672684688674e-17,8.326672684688674e-17,0,0,0,-1
gmsc,random_forest,21,NumberOfTime30-59DaysPastDueNotWorse,relative_minus_10,-0.1,0.0,0.1,0.1384442554842199,0.13844425548421993,2.7755575615628914e-17,2.7755575615628914e-17,0,0,0,-1
gmsc,random_forest,22,NumberOfTime30-59DaysPastDueNotWorse,relative_minus_10,-0.1,0.0,0.1,0.10721005514231308,0.10721005514231308,0.0,0.0,0,0,0,-1
gmsc,random_forest,23,NumberOfTime30-59DaysPastDueNotWorse,relative_minus_10,-0.1,0.0,0.1,0.14155973703643895,0.14155973703643898,2.7755575615628914e-17,2.7755575615628914e-17,0,0,0,-1
gmsc,random_forest,24,NumberOfTime30-59DaysPastDueNotWorse,relative_minus_10,-0.1,0.0,0.1,0.08662915786666847,0.08662915786666847,0.0,0.0,0,0,0,-1
gmsc,random_forest,25,NumberOfTime30-59DaysPastDueNotWorse,relative_minus_10,-0.1,0.0,0.1,0.498904333907652,0.498904333907652,0.0,0.0,0,0,0,-1
gmsc,random_forest,26,NumberOfTime30-59DaysPastDueNotWorse,relative_minus_10,-0.1,0.0,0.1,0.566313369934525,0.566313369934525,0.0,0.0,1,1,0,-1
gmsc,random_forest,27,NumberOfTime30-59DaysPastDueNotWorse,relative_minus_10,-0.1,0.0,0.1,0.1401781194818076,0.1401781194818077,8.326672684688674e-17,8.326672684688674e-17,0,0,0,-1
gmsc,random_forest,28,NumberOfTime30-59DaysPastDueNotWorse,relative_minus_10,-0.1,0.0,0.1,0.16169516515611407,0.16169516515611412,5.551115123125783e-17,5.551115123125783e-17,0,0,0,-1
gmsc,random_forest,29,NumberOfTime30-59DaysPastDueNotWorse,relative_minus_10,-0.1,0.0,0.1,0.10365705573378153,0.10365705573378153,0.0,0.0,0,0,0,-1
gmsc,random_forest,30,NumberOfTime30-59DaysPastDueNotWorse,relative_minus_10,-0.1,0.0,0.1,0.23541054599203737,0.23541054599203742,5.551115123125783e-17,5.551115123125783e-17,0,0,0,-1
gmsc,random_forest,31,NumberOfTime30-59DaysPastDueNotWorse,relative_minus_10,-0.1,0.0,0.1,0.1471176133232665,0.14711761332326653,2.7755575615628914e-17,2.7755575615628914e-17,0,0,0,-1
gmsc,random_forest,32,NumberOfTime30-59DaysPastDueNotWorse,relative_minus_10,-0.1,0.0,0.1,0.19156208452759005,0.19156208452759002,-2.7755575615628914e-17,2.7755575615628914e-17,0,0,0,-1
gmsc,random_forest,33,NumberOfTime30-59DaysPastDueNotWorse,relative_minus_10,-0.1,0.0,0.1,0.0986278280958683,0.09862782809586833,2.7755575615628914e-17,2.7755575615628914e-17,0,0,0,-1
gmsc,random_forest,34,NumberOfTime30-59DaysPastDueNotWorse,relative_minus_10,-0.1,1.0,1.1,0.6110458318906421,0.6110458318906424,3.3306690738754696e-16,3.3306690738754696e-16,1,1,0,-1
gmsc,random_forest,35,NumberOfTime30-59DaysPastDueNotWorse,relative_minus_10,-0.1,2.0,2.2,0.6296792388822089,0.6296792388822088,-1.1102230246251565e-16,1.1102230246251565e-16,1,1,0,-1
gmsc,random_forest,36,NumberOfTime30-59DaysPastDueNotWorse,relative_minus_10,-0.1,0.0,0.1,0.35220418744329696,0.3522041874432969,-5.551115123125783e-17,5.551115123125783e-17,0,0,0,-1
gmsc,random_forest,37,NumberOfTime30-59DaysPastDueNotWorse,relative_minus_10,-0.1,0.0,0.1,0.5127242820218618,0.5127242820218618,0.0,0.0,1,1,0,-1
gmsc,random_forest,38,NumberOfTime30-59DaysPastDueNotWorse,relative_minus_10,-0.1,0.0,0.1,0.25511103636130245,0.25511103636130256,1.1102230246251565e-16,1.1102230246251565e-16,0,0,0,-1
gmsc,random_forest,39,NumberOfTime30-59DaysPastDueNotWorse,relative_minus_10,-0.1,0.0,0.1,0.25436458779402354,0.2543645877940236,5.551115123125783e-17,5.551115123125783e-17,0,0,0,-1
gmsc,random_forest,40,NumberOfTime30-59DaysPastDueNotWorse,relative_minus_10,-0.1,0.0,0.1,0.15364664040859202,0.15364664040859208,5.551115123125783e-17,5.551115123125783e-17,0,0,0,-1
gmsc,random_forest,41,NumberOfTime30-59DaysPastDueNotWorse,relative_minus_10,-0.1,0.0,0.1,0.21481465988917767,0.21481465988917767,0.0,0.0,0,0,0,-1
gmsc,random_forest,42,NumberOfTime30-59DaysPastDueNotWorse,relative_minus_10,-0.1,0.0,0.1,0.1501088987333263,0.1501088987333263,0.0,0.0,0,0,0,-1
gmsc,random_forest,43,NumberOfTime30-59DaysPastDueNotWorse,relative_minus_10,-0.1,0.0,0.1,0.36253642583455215,0.3625364258345519,-2.220446049250313e-16,2.220446049250313e-16,0,0,0,-1
gmsc,random_forest,44,NumberOfTime30-59DaysPastDueNotWorse,relative_minus_10,-0.1,0.0,0.1,0.13721131938118405,0.13721131938118408,2.7755575615628914e-17,2.7755575615628914e-17,0,0,0,-1
gmsc,random_forest,45,NumberOfTime30-59DaysPastDueNotWorse,relative_minus_10,-0.1,0.0,0.1,0.1794370938336495,0.17943709383364947,-2.7755575615628914e-17,2.7755575615628914e-17,0,0,0,-1
gmsc,random_forest,46,NumberOfTime30-59DaysPastDueNotWorse,relative_minus_10,-0.1,0.0,0.1,0.3159103257559534,0.31591032575595335,-5.551115123125783e-17,5.551115123125783e-17,0,0,0,-1
gmsc,random_forest,47,NumberOfTime30-59DaysPastDueNotWorse,relative_minus_10,-0.1,0.0,0.1,0.09990560036967194,0.09990560036967194,0.0,0.0,0,0,0,-1
gmsc,random_forest,48,NumberOfTime30-59DaysPastDueNotWorse,relative_minus_10,-0.1,0.0,0.1,0.12714889185513736,0.12714889185513734,-2.7755575615628914e-17,2.7755575615628914e-17,0,0,0,-1
gmsc,random_forest,49,NumberOfTime30-59DaysPastDueNotWorse,relative_minus_10,-0.1,0.0,0.1,0.0702107223085158,0.07021072230851579,-1.3877787807814457e-17,1.3877787807814457e-17,0,0,0,-1
gmsc,random_forest,50,NumberOfTime30-59DaysPastDueNotWorse,relative_minus_10,-0.1,0.0,0.1,0.15265829520102106,0.1526582952010211,2.7755575615628914e-17,2.7755575615628914e-17,0,0,0,-1
gmsc,random_forest,51,NumberOfTime30-59DaysPastDueNotWorse,relative_minus_10,-0.1,0.0,0.1,0.2628422782175456,0.2628422782175456,0.0,0.0,0,0,0,-1
gmsc,random_forest,52,NumberOfTime30-59DaysPastDueNotWorse,relative_minus_10,-0.1,0.0,0.1,0.07756754455616102,0.07756754455616105,2.7755575615628914e-17,2.7755575615628914e-17,0,0,0,-1
gmsc,random_forest,53,NumberOfTime30-59DaysPastDueNotWorse,relative_minus_10,-0.1,2.0,2.2,0.801766334910606,0.801766334910606,0.0,0.0,1,1,0,-1
gmsc,random_forest,54,NumberOfTime30-59DaysPastDueNotWorse,relative_minus_10,-0.1,3.0,3.3,0.8582977428532704,0.8582977428532707,2.220446049250313e-16,2.220446049250313e-16,1,1,0,-1
gmsc,random_forest,55,NumberOfTime30-59DaysPastDueNotWorse,relative_minus_10,-0.1,0.0,0.1,0.10544807655567226,0.10544807655567227,1.3877787807814457e-17,1.3877787807814457e-17,0,0,0,-1
gmsc,random_forest,56,NumberOfTime30-59DaysPastDueNotWorse,relative_minus_10,-0.1,0.0,0.1,0.16614971558636332,0.16614971558636332,0.0,0.0,0,0,0,-1
gmsc,random_forest,57,NumberOfTime30-59DaysPastDueNotWorse,relative_minus_10,-0.1,0.0,0.1,0.5819136422191914,0.5819136422191914,0.0,0.0,1,1,0,-1
gmsc,random_forest,58,NumberOfTime30-59DaysPastDueNotWorse,relative_minus_10,-0.1,0.0,0.1,0.7436704750418504,0.7436704750418505,1.1102230246251565e-16,1.1102230246251565e-16,1,1,0,-1
gmsc,random_forest,59,NumberOfTime30-59DaysPastDueNotWorse,relative_minus_10,-0.1,0.0,0.1,0.587090829362347,0.587090829362347,0.0,0.0,1,1,0,-1
gmsc,random_forest,60,NumberOfTime30-59DaysPastDueNotWorse,relative_minus_10,-0.1,0.0,0.1,0.1649034942951832,0.16490349429518325,5.551115123125783e-17,5.551115123125783e-17,0,0,0,-1
gmsc,random_forest,61,NumberOfTime30-59DaysPastDueNotWorse,relative_minus_10,-0.1,0.0,0.1,0.2942532697850684,0.2942532697850683,-5.551115123125783e-17,5.551115123125783e-17,0,0,0,-1
gmsc,random_forest,62,NumberOfTime30-59DaysPastDueNotWorse,relative_minus_10,-0.1,0.0,0.1,0.5335320712885583,0.533532071288558,-3.3306690738754696e-16,3.3306690738754696e-16,1,1,0,-1
gmsc,random_forest,63,NumberOfTime30-59DaysPastDueNotWorse,relative_minus_10,-0.1,0.0,0.1,0.13289866287150406,0.13289866287150406,0.0,0.0,0,0,0,-1
gmsc,random_forest,64,NumberOfTime30-59DaysPastDueNotWorse,relative_minus_10,-0.1,0.0,0.1,0.2665313715697186,0.2665313715697187,5.551115123125783e-17,5.551115123125783e-17,0,0,0,-1
gmsc,random_forest,65,NumberOfTime30-59DaysPastDueNotWorse,relative_minus_10,-0.1,2.0,2.2,0.5063899923778815,0.5063899923778815,0.0,0.0,1,1,0,-1
gmsc,random_forest,66,NumberOfTime30-59DaysPastDueNotWorse,relative_minus_10,-0.1,0.0,0.1,0.1736576827952704,0.1736576827952704,0.0,0.0,0,0,0,-1
gmsc,random_forest,67,NumberOfTime30-59DaysPastDueNotWorse,relative_minus_10,-0.1,0.0,0.1,0.4600211443798788,0.4600211443798788,0.0,0.0,0,0,0,-1
gmsc,random_forest,68,NumberOfTime30-59DaysPastDueNotWorse,relative_minus_10,-0.1,0.0,0.1,0.14330478155243379,0.14330478155243376,-2.7755575615628914e-17,2.7755575615628914e-17,0,0,0,-1
gmsc,random_forest,69,NumberOfTime30-59DaysPastDueNotWorse,relative_minus_10,-0.1,0.0,0.1,0.3889070815939389,0.3889070815939389,0.0,0.0,0,0,0,-1
gmsc,random_forest,70,NumberOfTime30-59DaysPastDueNotWorse,relative_minus_10,-0.1,1.0,1.1,0.4193795781899724,0.4193795781899724,0.0,0.0,0,0,0,-1
gmsc,random_forest,71,NumberOfTime30-59DaysPastDueNotWorse,relative_minus_10,-0.1,0.0,0.1,0.17008515516847897,0.170085155168479,2.7755575615628914e-17,2.7755575615628914e-17,0,0,0,-1
gmsc,random_forest,72,NumberOfTime30-59DaysPastDueNotWorse,relative_minus_10,-0.1,0.0,0.1,0.20907874085396658,0.2090787408539666,2.7755575615628914e-17,2.7755575615628914e-17,0,0,0,-1
gmsc,random_forest,73,NumberOfTime30-59DaysPastDueNotWorse,relative_minus_10,-0.1,0.0,0.1,0.365051631552107,0.36505163155210696,-5.551115123125783e-17,5.551115123125783e-17,0,0,0,-1
gmsc,random_forest,74,NumberOfTime30-59DaysPastDueNotWorse,relative_minus_10,-0.1,0.0,0.1,0.2065140624206517,0.20651406242065168,-2.7755575615628914e-17,2.7755575615628914e-17,0,0,0,-1
gmsc,random_forest,75,NumberOfTime30-59DaysPastDueNotWorse,relative_minus_10,-0.1,0.0,0.1,0.526646966431903,0.5266469664319029,-1.1102230246251565e-16,1.1102230246251565e-16,1,1,0,-1
gmsc,random_forest,76,NumberOfTime30-59DaysPastDueNotWorse,relative_minus_10,-0.1,0.0,0.1,0.12531638246166502,0.12531638246166496,-5.551115123125783e-17,5.551115123125783e-17,0,0,0,-1
gmsc,random_forest,77,NumberOfTime30-59DaysPastDueNotWorse,relative_minus_10,-0.1,0.0,0.1,0.07799823819062678,0.07799823819062679,1.3877787807814457e-17,1.3877787807814457e-17,0,0,0,-1
gmsc,random_forest,78,NumberOfTime30-59DaysPastDueNotWorse,relative_minus_10,-0.1,0.0,0.1,0.10359585418304888,0.10359585418304891,2.7755575615628914e-17,2.7755575615628914e-17,0,0,0,-1
gmsc,random_forest,79,NumberOfTime30-59DaysPastDueNotWorse,relative_minus_10,-0.1,0.0,0.1,0.3455170212556861,0.34551702125568595,-1.6653345369377348e-16,1.6653345369377348e-16,0,0,0,-1
gmsc,random_forest,80,NumberOfTime30-59DaysPastDueNotWorse,relative_minus_10,-0.1,0.0,0.1,0.2866632770366475,0.28666327703664746,-5.551115123125783e-17,5.551115123125783e-17,0,0,0,-1
gmsc,random_forest,81,NumberOfTime30-59DaysPastDueNotWorse,relative_minus_10,-0.1,0.0,0.1,0.17937720733779408,0.17937720733779403,-5.551115123125783e-17,5.551115123125783e-17,0,0,0,-1
gmsc,random_forest,82,NumberOfTime30-59DaysPastDueNotWorse,relative_minus_10,-0.1,0.0,0.1,0.4339743246902932,0.43397432469029334,1.6653345369377348e-16,1.6653345369377348e-16,0,0,0,-1
gmsc,random_forest,83,NumberOfTime30-59DaysPastDueNotWorse,relative_minus_10,-0.1,0.0,0.1,0.1141917331465753,0.11419173314657527,-2.7755575615628914e-17,2.7755575615628914e-17,0,0,0,-1
gmsc,random_forest,84,NumberOfTime30-59DaysPastDueNotWorse,relative_minus_10,-0.1,0.0,0.1,0.59110890429795,0.59110890429795,0.0,0.0,1,1,0,-1
gmsc,random_forest,85,NumberOfTime30-59DaysPastDueNotWorse,relative_minus_10,-0.1,0.0,0.1,0.10713867731747691,0.10713867731747688,-2.7755575615628914e-17,2.7755575615628914e-17,0,0,0,-1
gmsc,random_forest,86,NumberOfTime30-59DaysPastDueNotWorse,relative_minus_10,-0.1,0.0,0.1,0.16567388899210891,0.1656738889921089,-2.7755575615628914e-17,2.7755575615628914e-17,0,0,0,-1
gmsc,random_forest,87,NumberOfTime30-59DaysPastDueNotWorse,relative_minus_10,-0.1,0.0,0.1,0.14884578185477607,0.14884578185477607,0.0,0.0,0,0,0,-1
gmsc,random_forest,88,NumberOfTime30-59DaysPastDueNotWorse,relative_minus_10,-0.1,0.0,0.1,0.17254421040384832,0.17254421040384835,2.7755575615628914e-17,2.7755575615628914e-17,0,0,0,-1
gmsc,random_forest,89,NumberOfTime30-59DaysPastDueNotWorse,relative_minus_10,-0.1,0.0,0.1,0.4356553338681073,0.4356553338681073,0.0,0.0,0,0,0,-1
gmsc,random_forest,90,NumberOfTime30-59DaysPastDueNotWorse,relative_minus_10,-0.1,0.0,0.1,0.07549253017751428,0.0754925301775143,1.3877787807814457e-17,1.3877787807814457e-17,0,0,0,-1
gmsc,random_forest,91,NumberOfTime30-59DaysPastDueNotWorse,relative_minus_10,-0.1,0.0,0.1,0.1823130815219747,0.1823130815219747,0.0,0.0,0,0,0,-1
gmsc,random_forest,92,NumberOfTime30-59DaysPastDueNotWorse,relative_minus_10,-0.1,0.0,0.1,0.0932513558600773,0.09325135586007727,-2.7755575615628914e-17,2.7755575615628914e-17,0,0,0,-1
gmsc,random_forest,93,NumberOfTime30-59DaysPastDueNotWorse,relative_minus_10,-0.1,0.0,0.1,0.12998718901704973,0.12998718901704973,0.0,0.0,0,0,0,-1
gmsc,random_forest,94,NumberOfTime30-59DaysPastDueNotWorse,relative_minus_10,-0.1,0.0,0.1,0.11645345924668923,0.11645345924668928,4.163336342344337e-17,4.163336342344337e-17,0,0,0,-1
gmsc,random_forest,95,NumberOfTime30-59DaysPastDueNotWorse,relative_minus_10,-0.1,0.0,0.1,0.18825767339402502,0.18825767339402502,0.0,0.0,0,0,0,-1
gmsc,random_forest,96,NumberOfTime30-59DaysPastDueNotWorse,relative_minus_10,-0.1,0.0,0.1,0.14751307642369796,0.14751307642369796,0.0,0.0,0,0,0,-1
gmsc,random_forest,97,NumberOfTime30-59DaysPastDueNotWorse,relative_minus_10,-0.1,0.0,0.1,0.1601265267080067,0.16012652670800673,2.7755575615628914e-17,2.7755575615628914e-17,0,0,0,-1
gmsc,random_forest,98,NumberOfTime30-59DaysPastDueNotWorse,relative_minus_10,-0.1,0.0,0.1,0.2792883685617908,0.2792883685617907,-1.1102230246251565e-16,1.1102230246251565e-16,0,0,0,-1
gmsc,random_forest,99,NumberOfTime30-59DaysPastDueNotWorse,relative_minus_10,-0.1,2.0,2.2,0.8587567687347458,0.8587567687347456,-2.220446049250313e-16,2.220446049250313e-16,1,1,0,-1
gmsc,random_forest,0,NumberOfTime30-59DaysPastDueNotWorse,relative_plus_10,0.1,0.0,0.1,0.12448314782663561,0.12448314782663564,2.7755575615628914e-17,2.7755575615628914e-17,0,0,0,-1
gmsc,random_forest,1,NumberOfTime30-59DaysPastDueNotWorse,relative_plus_10,0.1,0.0,0.1,0.12575902714321507,0.12575902714321502,-5.551115123125783e-17,5.551115123125783e-17,0,0,0,-1
gmsc,random_forest,2,NumberOfTime30-59DaysPastDueNotWorse,relative_plus_10,0.1,0.0,0.1,0.07737496123247078,0.07737496123247078,0.0,0.0,0,0,0,-1
gmsc,random_forest,3,NumberOfTime30-59DaysPastDueNotWorse,relative_plus_10,0.1,0.0,0.1,0.2222470545521674,0.22224705455216745,5.551115123125783e-17,5.551115123125783e-17,0,0,0,-1
gmsc,random_forest,4,NumberOfTime30-59DaysPastDueNotWorse,relative_plus_10,0.1,0.0,0.1,0.16593632439170214,0.16593632439170217,2.7755575615628914e-17,2.7755575615628914e-17,0,0,0,-1
gmsc,random_forest,5,NumberOfTime30-59DaysPastDueNotWorse,relative_plus_10,0.1,0.0,0.1,0.20005511957959218,0.20005511957959218,0.0,0.0,0,0,0,-1
gmsc,random_forest,6,NumberOfTime30-59DaysPastDueNotWorse,relative_plus_10,0.1,0.0,0.1,0.24736845321604625,0.24736845321604634,8.326672684688674e-17,8.326672684688674e-17,0,0,0,-1
gmsc,random_forest,7,NumberOfTime30-59DaysPastDueNotWorse,relative_plus_10,0.1,0.0,0.1,0.2020807786711973,0.20208077867119725,-5.551115123125783e-17,5.551115123125783e-17,0,0,0,-1
gmsc,random_forest,8,NumberOfTime30-59DaysPastDueNotWorse,relative_plus_10,0.1,0.0,0.1,0.16030677171113558,0.16030677171113558,0.0,0.0,0,0,0,-1
gmsc,random_forest,9,NumberOfTime30-59DaysPastDueNotWorse,relative_plus_10,0.1,1.0,1.1,0.44585372419624947,0.44585372419624947,0.0,0.0,0,0,0,-1
gmsc,random_forest,10,NumberOfTime30-59DaysPastDueNotWorse,relative_plus_10,0.1,0.0,0.1,0.3047745297393056,0.3047745297393055,-5.551115123125783e-17,5.551115123125783e-17,0,0,0,-1
gmsc,random_forest,11,NumberOfTime30-59DaysPastDueNotWorse,relative_plus_10,0.1,0.0,0.1,0.2817436317150431,0.28174363171504313,5.551115123125783e-17,5.551115123125783e-17,0,0,0,-1
gmsc,random_forest,12,NumberOfTime30-59DaysPastDueNotWorse,relative_plus_10,0.1,0.0,0.1,0.07579737355923029,0.07579737355923029,0.0,0.0,0,0,0,-1
gmsc,random_forest,13,NumberOfTime30-59DaysPastDueNotWorse,relative_plus_10,0.1,0.0,0.1,0.8725178860518772,0.8725178860518774,2.220446049250313e-16,2.220446049250313e-16,1,1,0,-1
gmsc,random_forest,14,NumberOfTime30-59DaysPastDueNotWorse,relative_plus_10,0.1,0.0,0.1,0.39620212705125957,0.39620212705125957,0.0,0.0,0,0,0,-1
gmsc,random_forest,15,NumberOfTime30-59DaysPastDueNotWorse,relative_plus_10,0.1,1.0,1.1,0.358132684091735,0.3581326840917349,-1.1102230246251565e-16,1.1102230246251565e-16,0,0,0,-1
gmsc,random_forest,16,NumberOfTime30-59DaysPastDueNotWorse,relative_plus_10,0.1,1.0,1.1,0.4951408704187556,0.4951408704187558,2.220446049250313e-16,2.220446049250313e-16,0,0,0,-1
gmsc,random_forest,17,NumberOfTime30-59DaysPastDueNotWorse,relative_plus_10,0.1,0.0,0.1,0.1565391154880974,0.1565391154880974,0.0,0.0,0,0,0,-1
gmsc,random_forest,18,NumberOfTime30-59DaysPastDueNotWorse,relative_plus_10,0.1,0.0,0.1,0.4933265396567783,0.4933265396567784,1.1102230246251565e-16,1.1102230246251565e-16,0,0,0,-1
gmsc,random_forest,19,NumberOfTime30-59DaysPastDueNotWorse,relative_plus_10,0.1,1.0,1.1,0.33709665441513037,0.3370966544151303,-5.551115123125783e-17,5.551115123125783e-17,0,0,0,-1
gmsc,random_forest,20,NumberOfTime30-59DaysPastDueNotWorse,relative_plus_10,0.1,0.0,0.1,0.125253843611223,0.1252538436112229,-8.326672684688674e-17,8.326672684688674e-17,0,0,0,-1
gmsc,random_forest,21,NumberOfTime30-59DaysPastDueNotWorse,relative_plus_10,0.1,0.0,0.1,0.1384442554842199,0.1384442554842199,0.0,0.0,0,0,0,-1
gmsc,random_forest,22,NumberOfTime30-59DaysPastDueNotWorse,relative_plus_10,0.1,0.0,0.1,0.10721005514231308,0.10721005514231306,-1.3877787807814457e-17,1.3877787807814457e-17,0,0,0,-1
gmsc,random_forest,23,NumberOfTime30-59DaysPastDueNotWorse,relative_plus_10,0.1,0.0,0.1,0.14155973703643895,0.14155973703643895,0.0,0.0,0,0,0,-1
gmsc,random_forest,24,NumberOfTime30-59DaysPastDueNotWorse,relative_plus_10,0.1,0.0,0.1,0.08662915786666847,0.08662915786666847,0.0,0.0,0,0,0,-1
gmsc,random_forest,25,NumberOfTime30-59DaysPastDueNotWorse,relative_plus_10,0.1,0.0,0.1,0.498904333907652,0.498904333907652,0.0,0.0,0,0,0,-1
gmsc,random_forest,26,NumberOfTime30-59DaysPastDueNotWorse,relative_plus_10,0.1,0.0,0.1,0.566313369934525,0.566313369934525,0.0,0.0,1,1,0,-1
gmsc,random_forest,27,NumberOfTime30-59DaysPastDueNotWorse,relative_plus_10,0.1,0.0,0.1,0.1401781194818076,0.14017811948180767,5.551115123125783e-17,5.551115123125783e-17,0,0,0,-1
gmsc,random_forest,28,NumberOfTime30-59DaysPastDueNotWorse,relative_plus_10,0.1,0.0,0.1,0.16169516515611407,0.16169516515611407,0.0,0.0,0,0,0,-1
gmsc,random_forest,29,NumberOfTime30-59DaysPastDueNotWorse,relative_plus_10,0.1,0.0,0.1,0.10365705573378153,0.10365705573378153,0.0,0.0,0,0,0,-1
gmsc,random_forest,30,NumberOfTime30-59DaysPastDueNotWorse,relative_plus_10,0.1,0.0,0.1,0.23541054599203737,0.23541054599203734,-2.7755575615628914e-17,2.7755575615628914e-17,0,0,0,-1
gmsc,random_forest,31,NumberOfTime30-59DaysPastDueNotWorse,relative_plus_10,0.1,0.0,0.1,0.1471176133232665,0.14711761332326648,-2.7755575615628914e-17,2.7755575615628914e-17,0,0,0,-1
gmsc,random_forest,32,NumberOfTime30-59DaysPastDueNotWorse,relative_plus_10,0.1,0.0,0.1,0.19156208452759005,0.19156208452759002,-2.7755575615628914e-17,2.7755575615628914e-17,0,0,0,-1
gmsc,random_forest,33,NumberOfTime30-59DaysPastDueNotWorse,relative_plus_10,0.1,0.0,0.1,0.0986278280958683,0.09862782809586831,1.3877787807814457e-17,1.3877787807814457e-17,0,0,0,-1
gmsc,random_forest,34,NumberOfTime30-59DaysPastDueNotWorse,relative_plus_10,0.1,1.0,1.1,0.6110458318906421,0.6110458318906421,0.0,0.0,1,1,0,-1
gmsc,random_forest,35,NumberOfTime30-59DaysPastDueNotWorse,relative_plus_10,0.1,2.0,2.2,0.6296792388822089,0.629679238882209,1.1102230246251565e-16,1.1102230246251565e-16,1,1,0,-1
gmsc,random_forest,36,NumberOfTime30-59DaysPastDueNotWorse,relative_plus_10,0.1,0.0,0.1,0.35220418744329696,0.3522041874432969,-5.551115123125783e-17,5.551115123125783e-17,0,0,0,-1
gmsc,random_forest,37,NumberOfTime30-59DaysPastDueNotWorse,relative_plus_10,0.1,0.0,0.1,0.5127242820218618,0.5127242820218618,0.0,0.0,1,1,0,-1
gmsc,random_forest,38,NumberOfTime30-59DaysPastDueNotWorse,relative_plus_10,0.1,0.0,0.1,0.25511103636130245,0.2551110363613025,5.551115123125783e-17,5.551115123125783e-17,0,0,0,-1
gmsc,random_forest,39,NumberOfTime30-59DaysPastDueNotWorse,relative_plus_10,0.1,0.0,0.1,0.25436458779402354,0.2543645877940236,5.551115123125783e-17,5.551115123125783e-17,0,0,0,-1
gmsc,random_forest,40,NumberOfTime30-59DaysPastDueNotWorse,relative_plus_10,0.1,0.0,0.1,0.15364664040859202,0.15364664040859202,0.0,0.0,0,0,0,-1
gmsc,random_forest,41,NumberOfTime30-59DaysPastDueNotWorse,relative_plus_10,0.1,0.0,0.1,0.21481465988917767,0.21481465988917772,5.551115123125783e-17,5.551115123125783e-17,0,0,0,-1
gmsc,random_forest,42,NumberOfTime30-59DaysPastDueNotWorse,relative_plus_10,0.1,0.0,0.1,0.1501088987333263,0.15010889873332633,2.7755575615628914e-17,2.7755575615628914e-17,0,0,0,-1
gmsc,random_forest,43,NumberOfTime30-59DaysPastDueNotWorse,relative_plus_10,0.1,0.0,0.1,0.36253642583455215,0.36253642583455203,-1.1102230246251565e-16,1.1102230246251565e-16,0,0,0,-1
gmsc,random_forest,44,NumberOfTime30-59DaysPastDueNotWorse,relative_plus_10,0.1,0.0,0.1,0.13721131938118405,0.13721131938118403,-2.7755575615628914e-17,2.7755575615628914e-17,0,0,0,-1
gmsc,random_forest,45,NumberOfTime30-59DaysPastDueNotWorse,relative_plus_10,0.1,0.0,0.1,0.1794370938336495,0.1794370938336495,0.0,0.0,0,0,0,-1
gmsc,random_forest,46,NumberOfTime30-59DaysPastDueNotWorse,relative_plus_10,0.1,0.0,0.1,0.3159103257559534,0.3159103257559534,0.0,0.0,0,0,0,-1
gmsc,random_forest,47,NumberOfTime30-59DaysPastDueNotWorse,relative_plus_10,0.1,0.0,0.1,0.09990560036967194,0.09990560036967196,1.3877787807814457e-17,1.3877787807814457e-17,0,0,0,-1
gmsc,random_forest,48,NumberOfTime30-59DaysPastDueNotWorse,relative_plus_10,0.1,0.0,0.1,0.12714889185513736,0.12714889185513734,-2.7755575615628914e-17,2.7755575615628914e-17,0,0,0,-1
gmsc,random_forest,49,NumberOfTime30-59DaysPastDueNotWorse,relative_plus_10,0.1,0.0,0.1,0.0702107223085158,0.07021072230851579,-1.3877787807814457e-17,1.3877787807814457e-17,0,0,0,-1
gmsc,random_forest,50,NumberOfTime30-59DaysPastDueNotWorse,relative_plus_10,0.1,0.0,0.1,0.15265829520102106,0.1526582952010211,2.7755575615628914e-17,2.7755575615628914e-17,0,0,0,-1
gmsc,random_forest,51,NumberOfTime30-59DaysPastDueNotWorse,relative_plus_10,0.1,0.0,0.1,0.2628422782175456,0.2628422782175456,0.0,0.0,0,0,0,-1
gmsc,random_forest,52,NumberOfTime30-59DaysPastDueNotWorse,relative_plus_10,0.1,0.0,0.1,0.07756754455616102,0.07756754455616104,1.3877787807814457e-17,1.3877787807814457e-17,0,0,0,-1
gmsc,random_forest,53,NumberOfTime30-59DaysPastDueNotWorse,relative_plus_10,0.1,2.0,2.2,0.801766334910606,0.801766334910606,0.0,0.0,1,1,0,-1
gmsc,random_forest,54,NumberOfTime30-59DaysPastDueNotWorse,relative_plus_10,0.1,3.0,3.3,0.8582977428532704,0.8582977428532704,0.0,0.0,1,1,0,-1
gmsc,random_forest,55,NumberOfTime30-59DaysPastDueNotWorse,relative_plus_10,0.1,0.0,0.1,0.10544807655567226,0.10544807655567227,1.3877787807814457e-17,1.3877787807814457e-17,0,0,0,-1
gmsc,random_forest,56,NumberOfTime30-59DaysPastDueNotWorse,relative_plus_10,0.1,0.0,0.1,0.16614971558636332,0.1661497155863633,-2.7755575615628914e-17,2.7755575615628914e-17,0,0,0,-1
gmsc,random_forest,57,NumberOfTime30-59DaysPastDueNotWorse,relative_plus_10,0.1,0.0,0.1,0.5819136422191914,0.5819136422191915,1.1102230246251565e-16,1.1102230246251565e-16,1,1,0,-1
gmsc,random_forest,58,NumberOfTime30-59DaysPastDueNotWorse,relative_plus_10,0.1,0.0,0.1,0.7436704750418504,0.7436704750418504,0.0,0.0,1,1,0,-1
gmsc,random_forest,59,NumberOfTime30-59DaysPastDueNotWorse,relative_plus_10,0.1,0.0,0.1,0.587090829362347,0.5870908293623471,1.1102230246251565e-16,1.1102230246251565e-16,1,1,0,-1
gmsc,random_forest,60,NumberOfTime30-59DaysPastDueNotWorse,relative_plus_10,0.1,0.0,0.1,0.1649034942951832,0.16490349429518317,-2.7755575615628914e-17,2.7755575615628914e-17,0,0,0,-1
gmsc,random_forest,61,NumberOfTime30-59DaysPastDueNotWorse,relative_plus_10,0.1,0.0,0.1,0.2942532697850684,0.2942532697850684,0.0,0.0,0,0,0,-1
gmsc,random_forest,62,NumberOfTime30-59DaysPastDueNotWorse,relative_plus_10,0.1,0.0,0.1,0.5335320712885583,0.5335320712885581,-2.220446049250313e-16,2.220446049250313e-16,1,1,0,-1
gmsc,random_forest,63,NumberOfTime30-59DaysPastDueNotWorse,relative_plus_10,0.1,0.0,0.1,0.13289866287150406,0.13289866287150406,0.0,0.0,0,0,0,-1
gmsc,random_forest,64,NumberOfTime30-59DaysPastDueNotWorse,relative_plus_10,0.1,0.0,0.1,0.2665313715697186,0.2665313715697186,0.0,0.0,0,0,0,-1
gmsc,random_forest,65,NumberOfTime30-59DaysPastDueNotWorse,relative_plus_10,0.1,2.0,2.2,0.5063899923778815,0.5063899923778815,0.0,0.0,1,1,0,-1
gmsc,random_forest,66,NumberOfTime30-59DaysPastDueNotWorse,relative_plus_10,0.1,0.0,0.1,0.1736576827952704,0.17365768279527047,5.551115123125783e-17,5.551115123125783e-17,0,0,0,-1
gmsc,random_forest,67,NumberOfTime30-59DaysPastDueNotWorse,relative_plus_10,0.1,0.0,0.1,0.4600211443798788,0.46002114437987907,2.7755575615628914e-16,2.7755575615628914e-16,0,0,0,-1
gmsc,random_forest,68,NumberOfTime30-59DaysPastDueNotWorse,relative_plus_10,0.1,0.0,0.1,0.14330478155243379,0.14330478155243379,0.0,0.0,0,0,0,-1
gmsc,random_forest,69,NumberOfTime30-59DaysPastDueNotWorse,relative_plus_10,0.1,0.0,0.1,0.3889070815939389,0.3889070815939389,0.0,0.0,0,0,0,-1
gmsc,random_forest,70,NumberOfTime30-59DaysPastDueNotWorse,relative_plus_10,0.1,1.0,1.1,0.4193795781899724,0.41937957818997246,5.551115123125783e-17,5.551115123125783e-17,0,0,0,-1
gmsc,random_forest,71,NumberOfTime30-59DaysPastDueNotWorse,relative_plus_10,0.1,0.0,0.1,0.17008515516847897,0.17008515516847897,0.0,0.0,0,0,0,-1
gmsc,random_forest,72,NumberOfTime30-59DaysPastDueNotWorse,relative_plus_10,0.1,0.0,0.1,0.20907874085396658,0.20907874085396658,0.0,0.0,0,0,0,-1
gmsc,random_forest,73,NumberOfTime30-59DaysPastDueNotWorse,relative_plus_10,0.1,0.0,0.1,0.365051631552107,0.365051631552107,0.0,0.0,0,0,0,-1
gmsc,random_forest,74,NumberOfTime30-59DaysPastDueNotWorse,relative_plus_10,0.1,0.0,0.1,0.2065140624206517,0.2065140624206517,0.0,0.0,0,0,0,-1
gmsc,random_forest,75,NumberOfTime30-59DaysPastDueNotWorse,relative_plus_10,0.1,0.0,0.1,0.526646966431903,0.5266469664319029,-1.1102230246251565e-16,1.1102230246251565e-16,1,1,0,-1
gmsc,random_forest,76,NumberOfTime30-59DaysPastDueNotWorse,relative_plus_10,0.1,0.0,0.1,0.12531638246166502,0.125316382461665,-2.7755575615628914e-17,2.7755575615628914e-17,0,0,0,-1
gmsc,random_forest,77,NumberOfTime30-59DaysPastDueNotWorse,relative_plus_10,0.1,0.0,0.1,0.07799823819062678,0.07799823819062676,-1.3877787807814457e-17,1.3877787807814457e-17,0,0,0,-1
gmsc,random_forest,78,NumberOfTime30-59DaysPastDueNotWorse,relative_plus_10,0.1,0.0,0.1,0.10359585418304888,0.10359585418304888,0.0,0.0,0,0,0,-1
gmsc,random_forest,79,NumberOfTime30-59DaysPastDueNotWorse,relative_plus_10,0.1,0.0,0.1,0.3455170212556861,0.345517021255686,-1.1102230246251565e-16,1.1102230246251565e-16,0,0,0,-1
gmsc,random_forest,80,NumberOfTime30-59DaysPastDueNotWorse,relative_plus_10,0.1,0.0,0.1,0.2866632770366475,0.28666327703664746,-5.551115123125783e-17,5.551115123125783e-17,0,0,0,-1
gmsc,random_forest,81,NumberOfTime30-59DaysPastDueNotWorse,relative_plus_10,0.1,0.0,0.1,0.17937720733779408,0.17937720733779405,-2.7755575615628914e-17,2.7755575615628914e-17,0,0,0,-1
gmsc,random_forest,82,NumberOfTime30-59DaysPastDueNotWorse,relative_plus_10,0.1,0.0,0.1,0.4339743246902932,0.43397432469029323,5.551115123125783e-17,5.551115123125783e-17,0,0,0,-1
gmsc,random_forest,83,NumberOfTime30-59DaysPastDueNotWorse,relative_plus_10,0.1,0.0,0.1,0.1141917331465753,0.1141917331465753,0.0,0.0,0,0,0,-1
gmsc,random_forest,84,NumberOfTime30-59DaysPastDueNotWorse,relative_plus_10,0.1,0.0,0.1,0.59110890429795,0.5911089042979502,1.1102230246251565e-16,1.1102230246251565e-16,1,1,0,-1
gmsc,random_forest,85,NumberOfTime30-59DaysPastDueNotWorse,relative_plus_10,0.1,0.0,0.1,0.10713867731747691,0.10713867731747688,-2.7755575615628914e-17,2.7755575615628914e-17,0,0,0,-1
gmsc,random_forest,86,NumberOfTime30-59DaysPastDueNotWorse,relative_plus_10,0.1,0.0,0.1,0.16567388899210891,0.1656738889921089,-2.7755575615628914e-17,2.7755575615628914e-17,0,0,0,-1
gmsc,random_forest,87,NumberOfTime30-59DaysPastDueNotWorse,relative_plus_10,0.1,0.0,0.1,0.14884578185477607,0.14884578185477607,0.0,0.0,0,0,0,-1
gmsc,random_forest,88,NumberOfTime30-59DaysPastDueNotWorse,relative_plus_10,0.1,0.0,0.1,0.17254421040384832,0.17254421040384835,2.7755575615628914e-17,2.7755575615628914e-17,0,0,0,-1
gmsc,random_forest,89,NumberOfTime30-59DaysPastDueNotWorse,relative_plus_10,0.1,0.0,0.1,0.4356553338681073,0.4356553338681073,0.0,0.0,0,0,0,-1
gmsc,random_forest,90,NumberOfTime30-59DaysPastDueNotWorse,relative_plus_10,0.1,0.0,0.1,0.07549253017751428,0.07549253017751428,0.0,0.0,0,0,0,-1
gmsc,random_forest,91,NumberOfTime30-59DaysPastDueNotWorse,relative_plus_10,0.1,0.0,0.1,0.1823130815219747,0.1823130815219747,0.0,0.0,0,0,0,-1
gmsc,random_forest,92,NumberOfTime30-59DaysPastDueNotWorse,relative_plus_10,0.1,0.0,0.1,0.0932513558600773,0.0932513558600773,0.0,0.0,0,0,0,-1
gmsc,random_forest,93,NumberOfTime30-59DaysPastDueNotWorse,relative_plus_10,0.1,0.0,0.1,0.12998718901704973,0.12998718901704973,0.0,0.0,0,0,0,-1
gmsc,random_forest,94,NumberOfTime30-59DaysPastDueNotWorse,relative_plus_10,0.1,0.0,0.1,0.11645345924668923,0.11645345924668923,0.0,0.0,0,0,0,-1
gmsc,random_forest,95,NumberOfTime30-59DaysPastDueNotWorse,relative_plus_10,0.1,0.0,0.1,0.18825767339402502,0.188257673394025,-2.7755575615628914e-17,2.7755575615628914e-17,0,0,0,-1
gmsc,random_forest,96,NumberOfTime30-59DaysPastDueNotWorse,relative_plus_10,0.1,0.0,0.1,0.14751307642369796,0.14751307642369796,0.0,0.0,0,0,0,-1
gmsc,random_forest,97,NumberOfTime30-59DaysPastDueNotWorse,relative_plus_10,0.1,0.0,0.1,0.1601265267080067,0.16012652670800673,2.7755575615628914e-17,2.7755575615628914e-17,0,0,0,-1
gmsc,random_forest,98,NumberOfTime30-59DaysPastDueNotWorse,relative_plus_10,0.1,0.0,0.1,0.2792883685617908,0.2792883685617907,-1.1102230246251565e-16,1.1102230246251565e-16,0,0,0,-1
gmsc,random_forest,99,NumberOfTime30-59DaysPastDueNotWorse,relative_plus_10,0.1,2.0,2.2,0.8587567687347458,0.8587567687347458,0.0,0.0,1,1,0,-1
gmsc,random_forest,0,DebtRatio,relative_minus_5,-0.05,0.20606616,0.216369468,0.12448314782663561,0.1241943730965501,-0.00028877473008551147,0.00028877473008551147,0,0,0,-1
gmsc,random_forest,1,DebtRatio,relative_minus_5,-0.05,0.19957148,0.20955005399999999,0.12575902714321507,0.12575902714321502,-5.551115123125783e-17,5.551115123125783e-17,0,0,0,-1
gmsc,random_forest,2,DebtRatio,relative_minus_5,-0.05,55.0,57.75,0.07737496123247078,0.07718646437263464,-0.00018849685983614306,0.00018849685983614306,0,0,0,-1
gmsc,random_forest,3,DebtRatio,relative_minus_5,-0.05,1.2865958,1.35092559,0.2222470545521674,0.22224705455216745,5.551115123125783e-17,5.551115123125783e-17,0,0,0,-1
gmsc,random_forest,4,DebtRatio,relative_minus_5,-0.05,0.520637,0.54666885,0.16593632439170214,0.16729863291357436,0.0013623085218722186,0.0013623085218722186,0,0,0,-1
gmsc,random_forest,5,DebtRatio,relative_minus_5,-0.05,0.23819813,0.2501080365,0.20005511957959218,0.20005511957959218,0.0,0.0,0,0,0,-1
gmsc,random_forest,6,DebtRatio,relative_minus_5,-0.05,0.121203355,0.12726352275,0.24736845321604625,0.24736845321604628,2.7755575615628914e-17,2.7755575615628914e-17,0,0,0,-1
gmsc,random_forest,7,DebtRatio,relative_minus_5,-0.05,0.018074095,0.01897779975,0.2020807786711973,0.20242359260504725,0.0003428139338499392,0.0003428139338499392,0,0,0,-1
gmsc,random_forest,8,DebtRatio,relative_minus_5,-0.05,0.53478074,0.561519777,0.16030677171113558,0.16258184203462608,0.0022750703234905023,0.0022750703234905023,0,0,0,-1
gmsc,random_forest,9,DebtRatio,relative_minus_5,-0.05,0.40325078,0.42341331899999995,0.44585372419624947,0.4463429283021581,0.0004892041059086361,0.0004892041059086361,0,0,0,-1
gmsc,random_forest,10,DebtRatio,relative_minus_5,-0.05,1.031025,1.08257625,0.3047745297393056,0.3055213512610004,0.0007468215216948071,0.0007468215216948071,0,0,0,-1
gmsc,random_forest,11,DebtRatio,relative_minus_5,-0.05,0.43150038,0.45307539900000005,0.2817436317150431,0.28135863017757073,-0.00038500153747234034,0.00038500153747234034,0,0,0,-1
gmsc,random_forest,12,DebtRatio,relative_minus_5,-0.05,2565.0,2693.25,0.07579737355923029,0.07621408236988962,0.0004167088106593331,0.0004167088106593331,0,0,0,-1
gmsc,random_forest,13,DebtRatio,relative_minus_5,-0.05,44.0,46.2,0.8725178860518772,0.8725178860518772,0.0,0.0,1,1,0,-1
gmsc,random_forest,14,DebtRatio,relative_minus_5,-0.05,941.0,988.05,0.39620212705125957,0.3945652157359434,-0.0016369113153161807,0.0016369113153161807,0,0,0,-1
gmsc,random_forest,15,DebtRatio,relative_minus_5,-0.05,0.28925687,0.3037197135,0.358132684091735,0.3623489337472285,0.004216249655493498,0.004216249655493498,0,0,0,-1
gmsc,random_forest,16,DebtRatio,relative_minus_5,-0.05,0.040159974,0.0421679727,0.4951408704187556,0.496929160130607,0.0017882897118514096,0.0017882897118514096,0,0,0,-1
gmsc,random_forest,17,DebtRatio,relative_minus_5,-0.05,2092.0,2196.6,0.1565391154880974,0.15653911548809737,-2.7755575615628914e-17,2.7755575615628914e-17,0,0,0,-1
gmsc,random_forest,18,DebtRatio,relative_minus_5,-0.05,0.3357388,0.35252574000000003,0.4933265396567783,0.4931782267163184,-0.00014831294045991594,0.00014831294045991594,0,0,0,-1
gmsc,random_forest,19,DebtRatio,relative_minus_5,-0.05,0.20742264,0.217793772,0.33709665441513037,0.33790190880544063,0.0008052543903102616,0.0008052543903102616,0,0,0,-1
gmsc,random_forest,20,DebtRatio,relative_minus_5,-0.05,0.10735282,0.11272046100000001,0.125253843611223,0.1252538436112229,-8.326672684688674e-17,8.326672684688674e-17,0,0,0,-1
gmsc,random_forest,21,DebtRatio,relative_minus_5,-0.05,223.0,234.15,0.1384442554842199,0.13844425548421987,-2.7755575615628914e-17,2.7755575615628914e-17,0,0,0,-1
gmsc,random_forest,22,DebtRatio,relative_minus_5,-0.05,0.26601106,0.279311613,0.10721005514231308,0.1086030990842898,0.0013930439419767293,0.0013930439419767293,0,0,0,-1
gmsc,random_forest,23,DebtRatio,relative_minus_5,-0.05,0.2999674,0.31496577,0.14155973703643895,0.14544810696215654,0.0038883699257175885,0.0038883699257175885,0,0,0,-1
gmsc,random_forest,24,DebtRatio,relative_minus_5,-0.05,0.012362637,0.01298076885,0.08662915786666847,0.08662915786666844,-2.7755575615628914e-17,2.7755575615628914e-17,0,0,0,-1
gmsc,random_forest,25,DebtRatio,relative_minus_5,-0.05,0.402445,0.42256725,0.498904333907652,0.49966237447914325,0.0007580405714912586,0.0007580405714912586,0,0,0,-1
gmsc,random_forest,26,DebtRatio,relative_minus_5,-0.05,0.0,0.0208549685,0.566313369934525,0.578462889324779,0.012149519390253993,0.012149519390253993,1,1,0,-1
gmsc,random_forest,27,DebtRatio,relative_minus_5,-0.05,0.17137648,0.179945304,0.1401781194818076,0.14017811948180767,5.551115123125783e-17,5.551115123125783e-17,0,0,0,-1
gmsc,random_forest,28,DebtRatio,relative_minus_5,-0.05,0.0,0.0208549685,0.16169516515611407,0.16971796930187025,0.00802280414575618,0.00802280414575618,0,0,0,-1
gmsc,random_forest,29,DebtRatio,relative_minus_5,-0.05,0.058094192,0.0609989016,0.10365705573378153,0.10365705573378153,0.0,0.0,0,0,0,-1
gmsc,random_forest,30,DebtRatio,relative_minus_5,-0.05,0.44399184,0.466191432,0.23541054599203737,0.2379215011590737,0.0025109551670363384,0.0025109551670363384,0,0,0,-1
gmsc,random_forest,31,DebtRatio,relative_minus_5,-0.05,482.0,506.1,0.1471176133232665,0.1471176133232665,0.0,0.0,0,0,0,-1
gmsc,random_forest,32,DebtRatio,relative_minus_5,-0.05,0.4293059,0.450771195,0.19156208452759005,0.1929649592724009,0.0014028747448108503,0.0014028747448108503,0,0,0,-1
gmsc,random_forest,33,DebtRatio,relative_minus_5,-0.05,0.008748633,0.00918606465,0.0986278280958683,0.09901745152753708,0.0003896234316687758,0.0003896234316687758,0,0,0,-1
gmsc,random_forest,34,DebtRatio,relative_minus_5,-0.05,0.470006,0.49350629999999995,0.6110458318906421,0.6085079152820422,-0.0025379166085999216,0.0025379166085999216,1,1,0,-1
gmsc,random_forest,35,DebtRatio,relative_minus_5,-0.05,0.8031548,0.8433125399999999,0.6296792388822089,0.6302274706055768,0.0005482317233679312,0.0005482317233679312,1,1,0,-1
gmsc,random_forest,36,DebtRatio,relative_minus_5,-0.05,0.1687678,0.17720618999999999,0.35220418744329696,0.3487111239317132,-0.0034930635115837383,0.0034930635115837383,0,0,0,-1
gmsc,random_forest,37,DebtRatio,relative_minus_5,-0.05,2965.0,3113.25,0.5127242820218618,0.5127242820218618,0.0,0.0,1,1,0,-1
gmsc,random_forest,38,DebtRatio,relative_minus_5,-0.05,0.521364,0.5474322,0.25511103636130245,0.25716078591407826,0.0020497495527758147,0.0020497495527758147,0,0,0,-1
gmsc,random_forest,39,DebtRatio,relative_minus_5,-0.05,1.2837993,1.347989265,0.25436458779402354,0.2543645877940236,5.551115123125783e-17,5.551115123125783e-17,0,0,0,-1
gmsc,random_forest,40,DebtRatio,relative_minus_5,-0.05,0.32549995,0.3417749475,0.15364664040859202,0.1543733436801351,0.0007267032715430888,0.0007267032715430888,0,0,0,-1
gmsc,random_forest,41,DebtRatio,relative_minus_5,-0.05,1.5599782,1.63797711,0.21481465988917767,0.21416565760484468,-0.0006490022843329835,0.0006490022843329835,0,0,0,-1
gmsc,random_forest,42,DebtRatio,relative_minus_5,-0.05,0.19,0.1995,0.1501088987333263,0.15097769675335948,0.0008687980200331735,0.0008687980200331735,0,0,0,-1
gmsc,random_forest,43,DebtRatio,relative_minus_5,-0.05,171.0,179.55,0.36253642583455215,0.362536425834552,-1.6653345369377348e-16,1.6653345369377348e-16,0,0,0,-1
gmsc,random_forest,44,DebtRatio,relative_minus_5,-0.05,0.20451674,0.214742577,0.13721131938118405,0.1374666365401046,0.0002553171589205483,0.0002553171589205483,0,0,0,-1
gmsc,random_forest,45,DebtRatio,relative_minus_5,-0.05,0.41645184,0.43727443200000005,0.1794370938336495,0.1823439426882745,0.0029068488546249993,0.0029068488546249993,0,0,0,-1
gmsc,random_forest,46,DebtRatio,relative_minus_5,-0.05,486.0,510.3,0.3159103257559534,0.31543115640278174,-0.0004791693531716601,0.0004791693531716601,0,0,0,-1
gmsc,random_forest,47,DebtRatio,relative_minus_5,-0.05,0.24237882,0.254497761,0.09990560036967194,0.10017665124121132,0.00027105087153937724,0.00027105087153937724,0,0,0,-1
gmsc,random_forest,48,DebtRatio,relative_minus_5,-0.05,1071.0,1124.55,0.12714889185513736,0.12714889185513734,-2.7755575615628914e-17,2.7755575615628914e-17,0,0,0,-1
gmsc,random_forest,49,DebtRatio,relative_minus_5,-0.05,0.005664778,0.005948016899999999,0.0702107223085158,0.07021072230851577,-2.7755575615628914e-17,2.7755575615628914e-17,0,0,0,-1
gmsc,random_forest,50,DebtRatio,relative_minus_5,-0.05,0.16283266,0.170974293,0.15265829520102106,0.15265829520102106,0.0,0.0,0,0,0,-1
gmsc,random_forest,51,DebtRatio,relative_minus_5,-0.05,2000.0,2100.0,0.2628422782175456,0.2628422782175455,-5.551115123125783e-17,5.551115123125783e-17,0,0,0,-1
gmsc,random_forest,52,DebtRatio,relative_minus_5,-0.05,1240.0,1302.0,0.07756754455616102,0.07756754455616105,2.7755575615628914e-17,2.7755575615628914e-17,0,0,0,-1
gmsc,random_forest,53,DebtRatio,relative_minus_5,-0.05,0.021596858,0.0226767009,0.801766334910606,0.801766334910606,0.0,0.0,1,1,0,-1
gmsc,random_forest,54,DebtRatio,relative_minus_5,-0.05,1.5316092,1.6081896599999999,0.8582977428532704,0.8584161530779477,0.00011841022467729001,0.00011841022467729001,1,1,0,-1
gmsc,random_forest,55,DebtRatio,relative_minus_5,-0.05,1844.0,1936.2,0.10544807655567226,0.10544807655567226,0.0,0.0,0,0,0,-1
gmsc,random_forest,56,DebtRatio,relative_minus_5,-0.05,0.33847472,0.35539845600000003,0.16614971558636332,0.16749469015997484,0.0013449745736115182,0.0013449745736115182,0,0,0,-1
gmsc,random_forest,57,DebtRatio,relative_minus_5,-0.05,0.38452163,0.4037477115,0.5819136422191914,0.5820101520965874,9.650987739595607e-05,9.650987739595607e-05,1,1,0,-1
gmsc,random_forest,58,DebtRatio,relative_minus_5,-0.05,0.13751946,0.14439543300000002,0.7436704750418504,0.7421436863136929,-0.00152678872815748,0.00152678872815748,1,1,0,-1
gmsc,random_forest,59,DebtRatio,relative_minus_5,-0.05,0.74480665,0.7820469825,0.587090829362347,0.5873708285814697,0.0002799992191226952,0.0002799992191226952,1,1,0,-1
gmsc,random_forest,60,DebtRatio,relative_minus_5,-0.05,0.078658074,0.0825909777,0.1649034942951832,0.16490349429518322,2.7755575615628914e-17,2.7755575615628914e-17,0,0,0,-1
gmsc,random_forest,61,DebtRatio,relative_minus_5,-0.05,0.6623037,0.695418885,0.2942532697850684,0.2960742938318925,0.0018210240468241046,0.0018210240468241046,0,0,0,-1
gmsc,random_forest,62,DebtRatio,relative_minus_5,-0.05,0.5309469,0.557494245,0.5335320712885583,0.5401581772244101,0.006626105935851778,0.006626105935851778,1,1,0,-1
gmsc,random_forest,63,DebtRatio,relative_minus_5,-0.05,0.24462043,0.2568514515,0.13289866287150406,0.13289866287150406,0.0,0.0,0,0,0,-1
gmsc,random_forest,64,DebtRatio,relative_minus_5,-0.05,0.4177469,0.438634245,0.2665313715697186,0.27052901276459035,0.003997641194871726,0.003997641194871726,0,0,0,-1
gmsc,random_forest,65,DebtRatio,relative_minus_5,-0.05,0.20786196,0.218255058,0.5063899923778815,0.5068534925233112,0.0004635001454297294,0.0004635001454297294,1,1,0,-1
gmsc,random_forest,66,DebtRatio,relative_minus_5,-0.05,0.3109459,0.326493195,0.1736576827952704,0.17710176060378988,0.0034440778085194634,0.0034440778085194634,0,0,0,-1
gmsc,random_forest,67,DebtRatio,relative_minus_5,-0.05,0.3151282,0.33088461,0.4600211443798788,0.4600211443798788,0.0,0.0,0,0,0,-1
gmsc,random_forest,68,DebtRatio,relative_minus_5,-0.05,0.34570906,0.362994513,0.14330478155243379,0.14421080201230807,0.0009060204598742849,0.0009060204598742849,0,0,0,-1
gmsc,random_forest,69,DebtRatio,relative_minus_5,-0.05,0.96340734,1.011577707,0.3889070815939389,0.3889070815939389,0.0,0.0,0,0,0,-1
gmsc,random_forest,70,DebtRatio,relative_minus_5,-0.05,0.069360115,0.07282812075,0.4193795781899724,0.4193795781899724,0.0,0.0,0,0,0,-1
gmsc,random_forest,71,DebtRatio,relative_minus_5,-0.05,69.0,72.45,0.17008515516847897,0.170085155168479,2.7755575615628914e-17,2.7755575615628914e-17,0,0,0,-1
gmsc,random_forest,72,DebtRatio,relative_minus_5,-0.05,0.72570974,0.761995227,0.20907874085396658,0.20907874085396658,0.0,0.0,0,0,0,-1
gmsc,random_forest,73,DebtRatio,relative_minus_5,-0.05,0.3235353,0.339712065,0.365051631552107,0.3690735832425591,0.004021951690452108,0.004021951690452108,0,0,0,-1
gmsc,random_forest,74,DebtRatio,relative_minus_5,-0.05,0.024987506,0.0262368813,0.2065140624206517,0.20651406242065176,5.551115123125783e-17,5.551115123125783e-17,0,0,0,-1
gmsc,random_forest,75,DebtRatio,relative_minus_5,-0.05,57.0,59.85,0.526646966431903,0.526646966431903,0.0,0.0,1,1,0,-1
gmsc,random_forest,76,DebtRatio,relative_minus_5,-0.05,0.066019416,0.0693203868,0.12531638246166502,0.12531638246166496,-5.551115123125783e-17,5.551115123125783e-17,0,0,0,-1
gmsc,random_forest,77,DebtRatio,relative_minus_5,-0.05,26.0,27.3,0.07799823819062678,0.07799823819062679,1.3877787807814457e-17,1.3877787807814457e-17,0,0,0,-1
gmsc,random_forest,78,DebtRatio,relative_minus_5,-0.05,1569.0,1647.45,0.10359585418304888,0.10378458707618086,0.00018873289313198205,0.00018873289313198205,0,0,0,-1
gmsc,random_forest,79,DebtRatio,relative_minus_5,-0.05,0.39635402,0.416171721,0.3455170212556861,0.3472670604896781,0.0017500392339919735,0.0017500392339919735,0,0,0,-1
gmsc,random_forest,80,DebtRatio,relative_minus_5,-0.05,2316.0,2431.8,0.2866632770366475,0.2867318695723725,6.859253572499835e-05,6.859253572499835e-05,0,0,0,-1
gmsc,random_forest,81,DebtRatio,relative_minus_5,-0.05,0.30566496,0.320948208,0.17937720733779408,0.18551064194793448,0.006133434610140404,0.006133434610140404,0,0,0,-1
gmsc,random_forest,82,DebtRatio,relative_minus_5,-0.05,0.41855487,0.4394826135,0.4339743246902932,0.4360268676153686,0.0020525429250753957,0.0020525429250753957,0,0,0,-1
gmsc,random_forest,83,DebtRatio,relative_minus_5,-0.05,0.20540665,0.2156769825,0.1141917331465753,0.11390295841648973,-0.000288774730085567,0.000288774730085567,0,0,0,-1
gmsc,random_forest,84,DebtRatio,relative_minus_5,-0.05,0.5669721,0.595320705,0.59110890429795,0.5939679203690127,0.0028590160710626478,0.0028590160710626478,1,1,0,-1
gmsc,random_forest,85,DebtRatio,relative_minus_5,-0.05,0.47793037,0.5018268885,0.10713867731747691,0.10713867731747691,0.0,0.0,0,0,0,-1
gmsc,random_forest,86,DebtRatio,relative_minus_5,-0.05,0.035787743,0.03757713015,0.16567388899210891,0.16609280065091364,0.00041891165880472703,0.00041891165880472703,0,0,0,-1
gmsc,random_forest,87,DebtRatio,relative_minus_5,-0.05,445.0,467.25,0.14884578185477607,0.1488457818547761,2.7755575615628914e-17,2.7755575615628914e-17,0,0,0,-1
gmsc,random_forest,88,DebtRatio,relative_minus_5,-0.05,1352.0,1419.6,0.17254421040384832,0.1725442104038483,-2.7755575615628914e-17,2.7755575615628914e-17,0,0,0,-1
gmsc,random_forest,89,DebtRatio,relative_minus_5,-0.05,0.3882579,0.407670795,0.4356553338681073,0.4392594462519123,0.003604112383805036,0.003604112383805036,0,0,0,-1
gmsc,random_forest,90,DebtRatio,relative_minus_5,-0.05,830.0,871.5,0.07549253017751428,0.0754925301775143,1.3877787807814457e-17,1.3877787807814457e-17,0,0,0,-1
gmsc,random_forest,91,DebtRatio,relative_minus_5,-0.05,0.31826663,0.3341799615,0.1823130815219747,0.187620620141458,0.0053075386194832985,0.0053075386194832985,0,0,0,-1
gmsc,random_forest,92,DebtRatio,relative_minus_5,-0.05,9.0,9.45,0.0932513558600773,0.0932513558600773,0.0,0.0,0,0,0,-1
gmsc,random_forest,93,DebtRatio,relative_minus_5,-0.05,2079.0,2182.95,0.12998718901704973,0.12998718901704975,2.7755575615628914e-17,2.7755575615628914e-17,0,0,0,-1
gmsc,random_forest,94,DebtRatio,relative_minus_5,-0.05,0.024174053,0.02538275565,0.11645345924668923,0.1164534592466892,-2.7755575615628914e-17,2.7755575615628914e-17,0,0,0,-1
gmsc,random_forest,95,DebtRatio,relative_minus_5,-0.05,0.69365734,0.728340207,0.18825767339402502,0.18990021812935418,0.0016425447353291545,0.0016425447353291545,0,0,0,-1
gmsc,random_forest,96,DebtRatio,relative_minus_5,-0.05,0.19048095,0.2000049975,0.14751307642369796,0.147513076423698,2.7755575615628914e-17,2.7755575615628914e-17,0,0,0,-1
gmsc,random_forest,97,DebtRatio,relative_minus_5,-0.05,847.0,889.35,0.1601265267080067,0.15940183073422654,-0.000724695973780165,0.000724695973780165,0,0,0,-1
gmsc,random_forest,98,DebtRatio,relative_minus_5,-0.05,0.80673593,0.8470727265,0.2792883685617908,0.2792883685617907,-1.1102230246251565e-16,1.1102230246251565e-16,0,0,0,-1
gmsc,random_forest,99,DebtRatio,relative_minus_5,-0.05,0.61044824,0.640970652,0.8587567687347458,0.8595082557975764,0.0007514870628305692,0.0007514870628305692,1,1,0,-1
gmsc,random_forest,0,DebtRatio,relative_plus_5,0.05,0.20606616,0.216369468,0.12448314782663561,0.12419437309655011,-0.0002887747300854976,0.0002887747300854976,0,0,0,-1
gmsc,random_forest,1,DebtRatio,relative_plus_5,0.05,0.19957148,0.20955005399999999,0.12575902714321507,0.12575902714321507,0.0,0.0,0,0,0,-1
gmsc,random_forest,2,DebtRatio,relative_plus_5,0.05,55.0,57.75,0.07737496123247078,0.0771864643726346,-0.0001884968598361847,0.0001884968598361847,0,0,0,-1
gmsc,random_forest,3,DebtRatio,relative_plus_5,0.05,1.2865958,1.35092559,0.2222470545521674,0.22224705455216745,5.551115123125783e-17,5.551115123125783e-17,0,0,0,-1
gmsc,random_forest,4,DebtRatio,relative_plus_5,0.05,0.520637,0.54666885,0.16593632439170214,0.1672986329135743,0.0013623085218721631,0.0013623085218721631,0,0,0,-1
gmsc,random_forest,5,DebtRatio,relative_plus_5,0.05,0.23819813,0.2501080365,0.20005511957959218,0.2000551195795922,2.7755575615628914e-17,2.7755575615628914e-17,0,0,0,-1
gmsc,random_forest,6,DebtRatio,relative_plus_5,0.05,0.121203355,0.12726352275,0.24736845321604625,0.24736845321604634,8.326672684688674e-17,8.326672684688674e-17,0,0,0,-1
gmsc,random_forest,7,DebtRatio,relative_plus_5,0.05,0.018074095,0.01897779975,0.2020807786711973,0.20242359260504725,0.0003428139338499392,0.0003428139338499392,0,0,0,-1
gmsc,random_forest,8,DebtRatio,relative_plus_5,0.05,0.53478074,0.561519777,0.16030677171113558,0.16258184203462608,0.0022750703234905023,0.0022750703234905023,0,0,0,-1
gmsc,random_forest,9,DebtRatio,relative_plus_5,0.05,0.40325078,0.42341331899999995,0.44585372419624947,0.44634292830215816,0.0004892041059086916,0.0004892041059086916,0,0,0,-1
gmsc,random_forest,10,DebtRatio,relative_plus_5,0.05,1.031025,1.08257625,0.3047745297393056,0.3055213512610004,0.0007468215216948071,0.0007468215216948071,0,0,0,-1
gmsc,random_forest,11,DebtRatio,relative_plus_5,0.05,0.43150038,0.45307539900000005,0.2817436317150431,0.28135863017757073,-0.00038500153747234034,0.00038500153747234034,0,0,0,-1
gmsc,random_forest,12,DebtRatio,relative_plus_5,0.05,2565.0,2693.25,0.07579737355923029,0.07621408236988961,0.0004167088106593192,0.0004167088106593192,0,0,0,-1
gmsc,random_forest,13,DebtRatio,relative_plus_5,0.05,44.0,46.2,0.8725178860518772,0.8725178860518772,0.0,0.0,1,1,0,-1
gmsc,random_forest,14,DebtRatio,relative_plus_5,0.05,941.0,988.05,0.39620212705125957,0.3945652157359433,-0.0016369113153162917,0.0016369113153162917,0,0,0,-1
gmsc,random_forest,15,DebtRatio,relative_plus_5,0.05,0.28925687,0.3037197135,0.358132684091735,0.36234893374722854,0.004216249655493554,0.004216249655493554,0,0,0,-1
gmsc,random_forest,16,DebtRatio,relative_plus_5,0.05,0.040159974,0.0421679727,0.4951408704187556,0.4969291601306069,0.0017882897118512986,0.0017882897118512986,0,0,0,-1
gmsc,random_forest,17,DebtRatio,relative_plus_5,0.05,2092.0,2196.6,0.1565391154880974,0.1565391154880974,0.0,0.0,0,0,0,-1
gmsc,random_forest,18,DebtRatio,relative_plus_5,0.05,0.3357388,0.35252574000000003,0.4933265396567783,0.4931782267163183,-0.00014831294046002697,0.00014831294046002697,0,0,0,-1
gmsc,random_forest,19,DebtRatio,relative_plus_5,0.05,0.20742264,0.217793772,0.33709665441513037,0.33790190880544063,0.0008052543903102616,0.0008052543903102616,0,0,0,-1
gmsc,random_forest,20,DebtRatio,relative_plus_5,0.05,0.10735282,0.11272046100000001,0.125253843611223,0.1252538436112229,-8.326672684688674e-17,8.326672684688674e-17,0,0,0,-1
gmsc,random_forest,21,DebtRatio,relative_plus_5,0.05,223.0,234.15,0.1384442554842199,0.1384442554842199,0.0,0.0,0,0,0,-1
gmsc,random_forest,22,DebtRatio,relative_plus_5,0.05,0.26601106,0.279311613,0.10721005514231308,0.10860309908428979,0.0013930439419767154,0.0013930439419767154,0,0,0,-1
gmsc,random_forest,23,DebtRatio,relative_plus_5,0.05,0.2999674,0.31496577,0.14155973703643895,0.1454481069621566,0.003888369925717644,0.003888369925717644,0,0,0,-1
gmsc,random_forest,24,DebtRatio,relative_plus_5,0.05,0.012362637,0.01298076885,0.08662915786666847,0.08662915786666846,-1.3877787807814457e-17,1.3877787807814457e-17,0,0,0,-1
gmsc,random_forest,25,DebtRatio,relative_plus_5,0.05,0.402445,0.42256725,0.498904333907652,0.49966237447914313,0.0007580405714911476,0.0007580405714911476,0,0,0,-1
gmsc,random_forest,26,DebtRatio,relative_plus_5,0.05,0.0,0.0208549685,0.566313369934525,0.578462889324779,0.012149519390253993,0.012149519390253993,1,1,0,-1
gmsc,random_forest,27,DebtRatio,relative_plus_5,0.05,0.17137648,0.179945304,0.1401781194818076,0.14017811948180772,1.1102230246251565e-16,1.1102230246251565e-16,0,0,0,-1
gmsc,random_forest,28,DebtRatio,relative_plus_5,0.05,0.0,0.0208549685,0.16169516515611407,0.16971796930187025,0.00802280414575618,0.00802280414575618,0,0,0,-1
gmsc,random_forest,29,DebtRatio,relative_plus_5,0.05,0.058094192,0.0609989016,0.10365705573378153,0.10365705573378152,-1.3877787807814457e-17,1.3877787807814457e-17,0,0,0,-1
gmsc,random_forest,30,DebtRatio,relative_plus_5,0.05,0.44399184,0.466191432,0.23541054599203737,0.23792150115907362,0.002510955167036255,0.002510955167036255,0,0,0,-1
gmsc,random_forest,31,DebtRatio,relative_plus_5,0.05,482.0,506.1,0.1471176133232665,0.14711761332326656,5.551115123125783e-17,5.551115123125783e-17,0,0,0,-1
gmsc,random_forest,32,DebtRatio,relative_plus_5,0.05,0.4293059,0.450771195,0.19156208452759005,0.1929649592724009,0.0014028747448108503,0.0014028747448108503,0,0,0,-1
gmsc,random_forest,33,DebtRatio,relative_plus_5,0.05,0.008748633,0.00918606465,0.0986278280958683,0.09901745152753703,0.00038962343166873414,0.00038962343166873414,0,0,0,-1
gmsc,random_forest,34,DebtRatio,relative_plus_5,0.05,0.470006,0.49350629999999995,0.6110458318906421,0.6085079152820424,-0.0025379166085996996,0.0025379166085996996,1,1,0,-1
gmsc,random_forest,35,DebtRatio,relative_plus_5,0.05,0.8031548,0.8433125399999999,0.6296792388822089,0.6302274706055767,0.0005482317233678202,0.0005482317233678202,1,1,0,-1
gmsc,random_forest,36,DebtRatio,relative_plus_5,0.05,0.1687678,0.17720618999999999,0.35220418744329696,0.3487111239317133,-0.0034930635115836828,0.0034930635115836828,0,0,0,-1
gmsc,random_forest,37,DebtRatio,relative_plus_5,0.05,2965.0,3113.25,0.5127242820218618,0.5127242820218618,0.0,0.0,1,1,0,-1
gmsc,random_forest,38,DebtRatio,relative_plus_5,0.05,0.521364,0.5474322,0.25511103636130245,0.2571607859140782,0.002049749552775759,0.002049749552775759,0,0,0,-1
gmsc,random_forest,39,DebtRatio,relative_plus_5,0.05,1.2837993,1.347989265,0.25436458779402354,0.2543645877940235,-5.551115123125783e-17,5.551115123125783e-17,0,0,0,-1
gmsc,random_forest,40,DebtRatio,relative_plus_5,0.05,0.32549995,0.3417749475,0.15364664040859202,0.15437334368013508,0.000726703271543061,0.000726703271543061,0,0,0,-1
gmsc,random_forest,41,DebtRatio,relative_plus_5,0.05,1.5599782,1.63797711,0.21481465988917767,0.21416565760484468,-0.0006490022843329835,0.0006490022843329835,0,0,0,-1
gmsc,random_forest,42,DebtRatio,relative_plus_5,0.05,0.19,0.1995,0.1501088987333263,0.15097769675335942,0.000868798020033118,0.000868798020033118,0,0,0,-1
gmsc,random_forest,43,DebtRatio,relative_plus_5,0.05,171.0,179.55,0.36253642583455215,0.36253642583455203,-1.1102230246251565e-16,1.1102230246251565e-16,0,0,0,-1
gmsc,random_forest,44,DebtRatio,relative_plus_5,0.05,0.20451674,0.214742577,0.13721131938118405,0.13746663654010463,0.00025531715892057605,0.00025531715892057605,0,0,0,-1
gmsc,random_forest,45,DebtRatio,relative_plus_5,0.05,0.41645184,0.43727443200000005,0.1794370938336495,0.18234394268827459,0.0029068488546250826,0.0029068488546250826,0,0,0,-1
gmsc,random_forest,46,DebtRatio,relative_plus_5,0.05,486.0,510.3,0.3159103257559534,0.3154311564027818,-0.0004791693531716046,0.0004791693531716046,0,0,0,-1
gmsc,random_forest,47,DebtRatio,relative_plus_5,0.05,0.24237882,0.254497761,0.09990560036967194,0.10017665124121132,0.00027105087153937724,0.00027105087153937724,0,0,0,-1
gmsc,random_forest,48,DebtRatio,relative_plus_5,0.05,1071.0,1124.55,0.12714889185513736,0.12714889185513734,-2.7755575615628914e-17,2.7755575615628914e-17,0,0,0,-1
gmsc,random_forest,49,DebtRatio,relative_plus_5,0.05,0.005664778,0.005948016899999999,0.0702107223085158,0.07021072230851576,-4.163336342344337e-17,4.163336342344337e-17,0,0,0,-1
gmsc,random_forest,50,DebtRatio,relative_plus_5,0.05,0.16283266,0.170974293,0.15265829520102106,0.1526582952010211,2.7755575615628914e-17,2.7755575615628914e-17,0,0,0,-1
gmsc,random_forest,51,DebtRatio,relative_plus_5,0.05,2000.0,2100.0,0.2628422782175456,0.2628422782175456,0.0,0.0,0,0,0,-1
gmsc,random_forest,52,DebtRatio,relative_plus_5,0.05,1240.0,1302.0,0.07756754455616102,0.07756754455616104,1.3877787807814457e-17,1.3877787807814457e-17,0,0,0,-1
gmsc,random_forest,53,DebtRatio,relative_plus_5,0.05,0.021596858,0.0226767009,0.801766334910606,0.8017663349106061,1.1102230246251565e-16,1.1102230246251565e-16,1,1,0,-1
gmsc,random_forest,54,DebtRatio,relative_plus_5,0.05,1.5316092,1.6081896599999999,0.8582977428532704,0.8584161530779478,0.00011841022467740103,0.00011841022467740103,1,1,0,-1
gmsc,random_forest,55,DebtRatio,relative_plus_5,0.05,1844.0,1936.2,0.10544807655567226,0.10544807655567226,0.0,0.0,0,0,0,-1
gmsc,random_forest,56,DebtRatio,relative_plus_5,0.05,0.33847472,0.35539845600000003,0.16614971558636332,0.16749469015997479,0.0013449745736114627,0.0013449745736114627,0,0,0,-1
gmsc,random_forest,57,DebtRatio,relative_plus_5,0.05,0.38452163,0.4037477115,0.5819136422191914,0.5820101520965874,9.650987739595607e-05,9.650987739595607e-05,1,1,0,-1
gmsc,random_forest,58,DebtRatio,relative_plus_5,0.05,0.13751946,0.14439543300000002,0.7436704750418504,0.7421436863136929,-0.00152678872815748,0.00152678872815748,1,1,0,-1
gmsc,random_forest,59,DebtRatio,relative_plus_5,0.05,0.74480665,0.7820469825,0.587090829362347,0.5873708285814698,0.00027999921912280623,0.00027999921912280623,1,1,0,-1
gmsc,random_forest,60,DebtRatio,relative_plus_5,0.05,0.078658074,0.0825909777,0.1649034942951832,0.16490349429518322,2.7755575615628914e-17,2.7755575615628914e-17,0,0,0,-1
gmsc,random_forest,61,DebtRatio,relative_plus_5,0.05,0.6623037,0.695418885,0.2942532697850684,0.29607429383189254,0.00182102404682416,0.00182102404682416,0,0,0,-1
gmsc,random_forest,62,DebtRatio,relative_plus_5,0.05,0.5309469,0.557494245,0.5335320712885583,0.5401581772244101,0.006626105935851778,0.006626105935851778,1,1,0,-1
gmsc,random_forest,63,DebtRatio,relative_plus_5,0.05,0.24462043,0.2568514515,0.13289866287150406,0.13289866287150404,-2.7755575615628914e-17,2.7755575615628914e-17,0,0,0,-1
gmsc,random_forest,64,DebtRatio,relative_plus_5,0.05,0.4177469,0.438634245,0.2665313715697186,0.2705290127645903,0.003997641194871671,0.003997641194871671,0,0,0,-1
gmsc,random_forest,65,DebtRatio,relative_plus_5,0.05,0.20786196,0.218255058,0.5063899923778815,0.5068534925233115,0.00046350014542995144,0.00046350014542995144,1,1,0,-1
gmsc,random_forest,66,DebtRatio,relative_plus_5,0.05,0.3109459,0.326493195,0.1736576827952704,0.1771017606037898,0.00344407780851938,0.00344407780851938,0,0,0,-1
gmsc,random_forest,67,DebtRatio,relative_plus_5,0.05,0.3151282,0.33088461,0.4600211443798788,0.4600211443798788,0.0,0.0,0,0,0,-1
gmsc,random_forest,68,DebtRatio,relative_plus_5,0.05,0.34570906,0.362994513,0.14330478155243379,0.14421080201230807,0.0009060204598742849,0.0009060204598742849,0,0,0,-1
gmsc,random_forest,69,DebtRatio,relative_plus_5,0.05,0.96340734,1.011577707,0.3889070815939389,0.38890708159393883,-5.551115123125783e-17,5.551115123125783e-17,0,0,0,-1
gmsc,random_forest,70,DebtRatio,relative_plus_5,0.05,0.069360115,0.07282812075,0.4193795781899724,0.41937957818997235,-5.551115123125783e-17,5.551115123125783e-17,0,0,0,-1
gmsc,random_forest,71,DebtRatio,relative_plus_5,0.05,69.0,72.45,0.17008515516847897,0.170085155168479,2.7755575615628914e-17,2.7755575615628914e-17,0,0,0,-1
gmsc,random_forest,72,DebtRatio,relative_plus_5,0.05,0.72570974,0.761995227,0.20907874085396658,0.2090787408539666,2.7755575615628914e-17,2.7755575615628914e-17,0,0,0,-1
gmsc,random_forest,73,DebtRatio,relative_plus_5,0.05,0.3235353,0.339712065,0.365051631552107,0.3690735832425592,0.0040219516904521635,0.0040219516904521635,0,0,0,-1
gmsc,random_forest,74,DebtRatio,relative_plus_5,0.05,0.024987506,0.0262368813,0.2065140624206517,0.20651406242065176,5.551115123125783e-17,5.551115123125783e-17,0,0,0,-1
gmsc,random_forest,75,DebtRatio,relative_plus_5,0.05,57.0,59.85,0.526646966431903,0.5266469664319029,-1.1102230246251565e-16,1.1102230246251565e-16,1,1,0,-1
gmsc,random_forest,76,DebtRatio,relative_plus_5,0.05,0.066019416,0.0693203868,0.12531638246166502,0.12531638246166496,-5.551115123125783e-17,5.551115123125783e-17,0,0,0,-1
gmsc,random_forest,77,DebtRatio,relative_plus_5,0.05,26.0,27.3,0.07799823819062678,0.07799823819062679,1.3877787807814457e-17,1.3877787807814457e-17,0,0,0,-1
gmsc,random_forest,78,DebtRatio,relative_plus_5,0.05,1569.0,1647.45,0.10359585418304888,0.10378458707618081,0.00018873289313192654,0.00018873289313192654,0,0,0,-1
gmsc,random_forest,79,DebtRatio,relative_plus_5,0.05,0.39635402,0.416171721,0.3455170212556861,0.34726706048967815,0.001750039233992029,0.001750039233992029,0,0,0,-1
gmsc,random_forest,80,DebtRatio,relative_plus_5,0.05,2316.0,2431.8,0.2866632770366475,0.2867318695723725,6.859253572499835e-05,6.859253572499835e-05,0,0,0,-1
gmsc,random_forest,81,DebtRatio,relative_plus_5,0.05,0.30566496,0.320948208,0.17937720733779408,0.18551064194793448,0.006133434610140404,0.006133434610140404,0,0,0,-1
gmsc,random_forest,82,DebtRatio,relative_plus_5,0.05,0.41855487,0.4394826135,0.4339743246902932,0.4360268676153687,0.0020525429250755067,0.0020525429250755067,0,0,0,-1
gmsc,random_forest,83,DebtRatio,relative_plus_5,0.05,0.20540665,0.2156769825,0.1141917331465753,0.1139029584164898,-0.0002887747300854976,0.0002887747300854976,0,0,0,-1
gmsc,random_forest,84,DebtRatio,relative_plus_5,0.05,0.5669721,0.595320705,0.59110890429795,0.5939679203690127,0.0028590160710626478,0.0028590160710626478,1,1,0,-1
gmsc,random_forest,85,DebtRatio,relative_plus_5,0.05,0.47793037,0.5018268885,0.10713867731747691,0.10713867731747688,-2.7755575615628914e-17,2.7755575615628914e-17,0,0,0,-1
gmsc,random_forest,86,DebtRatio,relative_plus_5,0.05,0.035787743,0.03757713015,0.16567388899210891,0.16609280065091359,0.0004189116588046715,0.0004189116588046715,0,0,0,-1
gmsc,random_forest,87,DebtRatio,relative_plus_5,0.05,445.0,467.25,0.14884578185477607,0.1488457818547761,2.7755575615628914e-17,2.7755575615628914e-17,0,0,0,-1
gmsc,random_forest,88,DebtRatio,relative_plus_5,0.05,1352.0,1419.6,0.17254421040384832,0.1725442104038483,-2.7755575615628914e-17,2.7755575615628914e-17,0,0,0,-1
gmsc,random_forest,89,DebtRatio,relative_plus_5,0.05,0.3882579,0.407670795,0.4356553338681073,0.4392594462519125,0.0036041123838052025,0.0036041123838052025,0,0,0,-1
gmsc,random_forest,90,DebtRatio,relative_plus_5,0.05,830.0,871.5,0.07549253017751428,0.0754925301775143,1.3877787807814457e-17,1.3877787807814457e-17,0,0,0,-1
gmsc,random_forest,91,DebtRatio,relative_plus_5,0.05,0.31826663,0.3341799615,0.1823130815219747,0.18762062014145803,0.005307538619483326,0.005307538619483326,0,0,0,-1
gmsc,random_forest,92,DebtRatio,relative_plus_5,0.05,9.0,9.45,0.0932513558600773,0.0932513558600773,0.0,0.0,0,0,0,-1
gmsc,random_forest,93,DebtRatio,relative_plus_5,0.05,2079.0,2182.95,0.12998718901704973,0.12998718901704973,0.0,0.0,0,0,0,-1
gmsc,random_forest,94,DebtRatio,relative_plus_5,0.05,0.024174053,0.02538275565,0.11645345924668923,0.11645345924668926,2.7755575615628914e-17,2.7755575615628914e-17,0,0,0,-1
gmsc,random_forest,95,DebtRatio,relative_plus_5,0.05,0.69365734,0.728340207,0.18825767339402502,0.1899002181293542,0.0016425447353291822,0.0016425447353291822,0,0,0,-1
gmsc,random_forest,96,DebtRatio,relative_plus_5,0.05,0.19048095,0.2000049975,0.14751307642369796,0.14751307642369796,0.0,0.0,0,0,0,-1
gmsc,random_forest,97,DebtRatio,relative_plus_5,0.05,847.0,889.35,0.1601265267080067,0.15940183073422654,-0.000724695973780165,0.000724695973780165,0,0,0,-1
gmsc,random_forest,98,DebtRatio,relative_plus_5,0.05,0.80673593,0.8470727265,0.2792883685617908,0.27928836856179073,-5.551115123125783e-17,5.551115123125783e-17,0,0,0,-1
gmsc,random_forest,99,DebtRatio,relative_plus_5,0.05,0.61044824,0.640970652,0.8587567687347458,0.8595082557975762,0.0007514870628303472,0.0007514870628303472,1,1,0,-1
gmsc,random_forest,0,DebtRatio,relative_minus_10,-0.1,0.20606616,0.226672776,0.12448314782663561,0.12489456278448981,0.00041141495785419757,0.00041141495785419757,0,0,0,-1
gmsc,random_forest,1,DebtRatio,relative_minus_10,-0.1,0.19957148,0.219528628,0.12575902714321507,0.12601652085422535,0.00025749371101027596,0.00025749371101027596,0,0,0,-1
gmsc,random_forest,2,DebtRatio,relative_minus_10,-0.1,55.0,60.5,0.07737496123247078,0.07718646437263463,-0.00018849685983615694,0.00018849685983615694,0,0,0,-1
gmsc,random_forest,3,DebtRatio,relative_minus_10,-0.1,1.2865958,1.41525538,0.2222470545521674,0.224282646103039,0.0020355915508716016,0.0020355915508716016,0,0,0,-1
gmsc,random_forest,4,DebtRatio,relative_minus_10,-0.1,0.520637,0.5727007000000001,0.16593632439170214,0.16890587601647597,0.0029695516247738307,0.0029695516247738307,0,0,0,-1
gmsc,random_forest,5,DebtRatio,relative_minus_10,-0.1,0.23819813,0.26201794300000003,0.20005511957959218,0.2005355542501898,0.00048043467059760703,0.00048043467059760703,0,0,0,-1
gmsc,random_forest,6,DebtRatio,relative_minus_10,-0.1,0.121203355,0.1333236905,0.24736845321604625,0.24736845321604628,2.7755575615628914e-17,2.7755575615628914e-17,0,0,0,-1
gmsc,random_forest,7,DebtRatio,relative_minus_10,-0.1,0.018074095,0.019881504499999997,0.2020807786711973,0.2024235926050472,0.0003428139338498837,0.0003428139338498837,0,0,0,-1
gmsc,random_forest,8,DebtRatio,relative_minus_10,-0.1,0.53478074,0.588258814,0.16030677171113558,0.16410292297178752,0.003796151260651942,0.003796151260651942,0,0,0,-1
gmsc,random_forest,9,DebtRatio,relative_minus_10,-0.1,0.40325078,0.443575858,0.44585372419624947,0.4469683596955798,0.0011146354993303298,0.0011146354993303298,0,0,0,-1
gmsc,random_forest,10,DebtRatio,relative_minus_10,-0.1,1.031025,1.1341275000000002,0.3047745297393056,0.30552135126100044,0.0007468215216948626,0.0007468215216948626,0,0,0,-1
gmsc,random_forest,11,DebtRatio,relative_minus_10,-0.1,0.43150038,0.474650418,0.2817436317150431,0.28156476020495685,-0.00017887151008622038,0.00017887151008622038,0,0,0,-1
gmsc,random_forest,12,DebtRatio,relative_minus_10,-0.1,2565.0,2821.5,0.07579737355923029,0.0771302729988308,0.0013328994396005073,0.0013328994396005073,0,0,0,-1
gmsc,random_forest,13,DebtRatio,relative_minus_10,-0.1,44.0,48.4,0.8725178860518772,0.8725178860518772,0.0,0.0,1,1,0,-1
gmsc,random_forest,14,DebtRatio,relative_minus_10,-0.1,941.0,1035.1,0.39620212705125957,0.39456521573594333,-0.0016369113153162362,0.0016369113153162362,0,0,0,-1
gmsc,random_forest,15,DebtRatio,relative_minus_10,-0.1,0.28925687,0.318182557,0.358132684091735,0.36255670203979645,0.004424017948061465,0.004424017948061465,0,0,0,-1
gmsc,random_forest,16,DebtRatio,relative_minus_10,-0.1,0.040159974,0.0441759714,0.4951408704187556,0.49855936296256703,0.0034184925438114355,0.0034184925438114355,0,0,0,-1
gmsc,random_forest,17,DebtRatio,relative_minus_10,-0.1,2092.0,2301.2,0.1565391154880974,0.15653911548809737,-2.7755575615628914e-17,2.7755575615628914e-17,0,0,0,-1
gmsc,random_forest,18,DebtRatio,relative_minus_10,-0.1,0.3357388,0.36931268,0.4933265396567783,0.4934016511515136,7.511149473526935e-05,7.511149473526935e-05,0,0,0,-1
gmsc,random_forest,19,DebtRatio,relative_minus_10,-0.1,0.20742264,0.228164904,0.33709665441513037,0.336937887782515,-0.00015876663261538138,0.00015876663261538138,0,0,0,-1
gmsc,random_forest,20,DebtRatio,relative_minus_10,-0.1,0.10735282,0.118088102,0.125253843611223,0.12525384361122296,-2.7755575615628914e-17,2.7755575615628914e-17,0,0,0,-1
gmsc,random_forest,21,DebtRatio,relative_minus_10,-0.1,223.0,245.3,0.1384442554842199,0.13844425548421985,-5.551115123125783e-17,5.551115123125783e-17,0,0,0,-1
gmsc,random_forest,22,DebtRatio,relative_minus_10,-0.1,0.26601106,0.292612166,0.10721005514231308,0.10932068426440532,0.002110629122092242,0.002110629122092242,0,0,0,-1
gmsc,random_forest,23,DebtRatio,relative_minus_10,-0.1,0.2999674,0.32996414,0.14155973703643895,0.15245376842285854,0.01089403138641959,0.01089403138641959,0,0,0,-1
gmsc,random_forest,24,DebtRatio,relative_minus_10,-0.1,0.012362637,0.0135989007,0.08662915786666847,0.08662915786666847,0.0,0.0,0,0,0,-1
gmsc,random_forest,25,DebtRatio,relative_minus_10,-0.1,0.402445,0.4426895,0.498904333907652,0.49916446948819715,0.00026013558054516217,0.00026013558054516217,0,0,0,-1
gmsc,random_forest,26,DebtRatio,relative_minus_10,-0.1,0.0,0.041709937,0.566313369934525,0.5740675149060066,0.007754144971481636,0.007754144971481636,1,1,0,-1
gmsc,random_forest,27,DebtRatio,relative_minus_10,-0.1,0.17137648,0.188514128,0.1401781194818076,0.1401781194818077,8.326672684688674e-17,8.326672684688674e-17,0,0,0,-1
gmsc,random_forest,28,DebtRatio,relative_minus_10,-0.1,0.0,0.041709937,0.16169516515611407,0.1702966736901865,0.008601508534072433,0.008601508534072433,0,0,0,-1
gmsc,random_forest,29,DebtRatio,relative_minus_10,-0.1,0.058094192,0.0639036112,0.10365705573378153,0.10365705573378153,0.0,0.0,0,0,0,-1
gmsc,random_forest,30,DebtRatio,relative_minus_10,-0.1,0.44399184,0.488391024,0.23541054599203737,0.23826787799917815,0.002857332007140778,0.002857332007140778,0,0,0,-1
gmsc,random_forest,31,DebtRatio,relative_minus_10,-0.1,482.0,530.2,0.1471176133232665,0.14711761332326653,2.7755575615628914e-17,2.7755575615628914e-17,0,0,0,-1
gmsc,random_forest,32,DebtRatio,relative_minus_10,-0.1,0.4293059,0.47223649,0.19156208452759005,0.1937486977480937,0.002186613220503647,0.002186613220503647,0,0,0,-1
gmsc,random_forest,33,DebtRatio,relative_minus_10,-0.1,0.008748633,0.009623496300000001,0.0986278280958683,0.09932321038867126,0.0006953822928029568,0.0006953822928029568,0,0,0,-1
gmsc,random_forest,34,DebtRatio,relative_minus_10,-0.1,0.470006,0.5170066,0.6110458318906421,0.6186352392557676,0.007589407365125478,0.007589407365125478,1,1,0,-1
gmsc,random_forest,35,DebtRatio,relative_minus_10,-0.1,0.8031548,0.8834702799999999,0.6296792388822089,0.6302274706055767,0.0005482317233678202,0.0005482317233678202,1,1,0,-1
gmsc,random_forest,36,DebtRatio,relative_minus_10,-0.1,0.1687678,0.18564458,0.35220418744329696,0.3495004051906441,-0.002703782252652831,0.002703782252652831,0,0,0,-1
gmsc,random_forest,37,DebtRatio,relative_minus_10,-0.1,2965.0,3261.5,0.5127242820218618,0.5127242820218618,0.0,0.0,1,1,0,-1
gmsc,random_forest,38,DebtRatio,relative_minus_10,-0.1,0.521364,0.5735004,0.25511103636130245,0.2675141975745079,0.01240316121320545,0.01240316121320545,0,0,0,-1
gmsc,random_forest,39,DebtRatio,relative_minus_10,-0.1,1.2837993,1.41217923,0.25436458779402354,0.25436458779402354,0.0,0.0,0,0,0,-1
gmsc,random_forest,40,DebtRatio,relative_minus_10,-0.1,0.32549995,0.358049945,0.15364664040859202,0.1552877455838504,0.0016411051752583672,0.0016411051752583672,0,0,0,-1
gmsc,random_forest,41,DebtRatio,relative_minus_10,-0.1,1.5599782,1.71597602,0.21481465988917767,0.21416565760484468,-0.0006490022843329835,0.0006490022843329835,0,0,0,-1
gmsc,random_forest,42,DebtRatio,relative_minus_10,-0.1,0.19,0.20900000000000002,0.1501088987333263,0.15097769675335942,0.000868798020033118,0.000868798020033118,0,0,0,-1
gmsc,random_forest,43,DebtRatio,relative_minus_10,-0.1,171.0,188.1,0.36253642583455215,0.362536425834552,-1.6653345369377348e-16,1.6653345369377348e-16,0,0,0,-1
gmsc,random_forest,44,DebtRatio,relative_minus_10,-0.1,0.20451674,0.224968414,0.13721131938118405,0.13769803692325094,0.000486717542066889,0.000486717542066889,0,0,0,-1
gmsc,random_forest,45,DebtRatio,relative_minus_10,-0.1,0.41645184,0.458097024,0.1794370938336495,0.1861333895448531,0.006696295711203587,0.006696295711203587,0,0,0,-1
gmsc,random_forest,46,DebtRatio,relative_minus_10,-0.1,486.0,534.6,0.3159103257559534,0.31494047524637747,-0.0009698505095759313,0.0009698505095759313,0,0,0,-1
gmsc,random_forest,47,DebtRatio,relative_minus_10,-0.1,0.24237882,0.266616702,0.09990560036967194,0.10017665124121132,0.00027105087153937724,0.00027105087153937724,0,0,0,-1
gmsc,random_forest,48,DebtRatio,relative_minus_10,-0.1,1071.0,1178.1,0.12714889185513736,0.1271488918551374,2.7755575615628914e-17,2.7755575615628914e-17,0,0,0,-1
gmsc,random_forest,49,DebtRatio,relative_minus_10,-0.1,0.005664778,0.0062312558,0.0702107223085158,0.0702107223085158,0.0,0.0,0,0,0,-1
gmsc,random_forest,50,DebtRatio,relative_minus_10,-0.1,0.16283266,0.17911592599999998,0.15265829520102106,0.15265829520102106,0.0,0.0,0,0,0,-1
gmsc,random_forest,51,DebtRatio,relative_minus_10,-0.1,2000.0,2200.0,0.2628422782175456,0.2628422782175456,0.0,0.0,0,0,0,-1
gmsc,random_forest,52,DebtRatio,relative_minus_10,-0.1,1240.0,1364.0,0.07756754455616102,0.07756754455616104,1.3877787807814457e-17,1.3877787807814457e-17,0,0,0,-1
gmsc,random_forest,53,DebtRatio,relative_minus_10,-0.1,0.021596858,0.023756543800000002,0.801766334910606,0.801766334910606,0.0,0.0,1,1,0,-1
gmsc,random_forest,54,DebtRatio,relative_minus_10,-0.1,1.5316092,1.6847701199999998,0.8582977428532704,0.8584161530779477,0.00011841022467729001,0.00011841022467729001,1,1,0,-1
gmsc,random_forest,55,DebtRatio,relative_minus_10,-0.1,1844.0,2028.4,0.10544807655567226,0.10544807655567227,1.3877787807814457e-17,1.3877787807814457e-17,0,0,0,-1
gmsc,random_forest,56,DebtRatio,relative_minus_10,-0.1,0.33847472,0.372322192,0.16614971558636332,0.16721766231259777,0.0010679467262344478,0.0010679467262344478,0,0,0,-1
gmsc,random_forest,57,DebtRatio,relative_minus_10,-0.1,0.38452163,0.422973793,0.5819136422191914,0.581926267980112,1.2625760920648155e-05,1.2625760920648155e-05,1,1,0,-1
gmsc,random_forest,58,DebtRatio,relative_minus_10,-0.1,0.13751946,0.151271406,0.7436704750418504,0.7460278121873455,0.002357337145495131,0.002357337145495131,1,1,0,-1
gmsc,random_forest,59,DebtRatio,relative_minus_10,-0.1,0.74480665,0.819287315,0.587090829362347,0.5881440806380476,0.0010532512757005508,0.0010532512757005508,1,1,0,-1
gmsc,random_forest,60,DebtRatio,relative_minus_10,-0.1,0.078658074,0.08652388139999999,0.1649034942951832,0.16448764067426283,-0.0004158536209203645,0.0004158536209203645,0,0,0,-1
gmsc,random_forest,61,DebtRatio,relative_minus_10,-0.1,0.6623037,0.72853407,0.2942532697850684,0.29908410705741756,0.0048308372723491755,0.0048308372723491755,0,0,0,-1
gmsc,random_forest,62,DebtRatio,relative_minus_10,-0.1,0.5309469,0.58404159,0.5335320712885583,0.5458216803242583,0.012289609035699978,0.012289609035699978,1,1,0,-1
gmsc,random_forest,63,DebtRatio,relative_minus_10,-0.1,0.24462043,0.269082473,0.13289866287150406,0.1334598488273205,0.0005611859558164456,0.0005611859558164456,0,0,0,-1
gmsc,random_forest,64,DebtRatio,relative_minus_10,-0.1,0.4177469,0.45952159,0.2665313715697186,0.2775184225376513,0.010987050967932677,0.010987050967932677,0,0,0,-1
gmsc,random_forest,65,DebtRatio,relative_minus_10,-0.1,0.20786196,0.22864815600000002,0.5063899923778815,0.5117517936587851,0.0053618012809035775,0.0053618012809035775,1,1,0,-1
gmsc,random_forest,66,DebtRatio,relative_minus_10,-0.1,0.3109459,0.34204049,0.1736576827952704,0.17686987587180822,0.003212193076537806,0.003212193076537806,0,0,0,-1
gmsc,random_forest,67,DebtRatio,relative_minus_10,-0.1,0.3151282,0.34664102,0.4600211443798788,0.46116627838726526,0.0011451340073864724,0.0011451340073864724,0,0,0,-1
gmsc,random_forest,68,DebtRatio,relative_minus_10,-0.1,0.34570906,0.380279966,0.14330478155243379,0.1446360055446103,0.0013312239921765279,0.0013312239921765279,0,0,0,-1
gmsc,random_forest,69,DebtRatio,relative_minus_10,-0.1,0.96340734,1.059748074,0.3889070815939389,0.39182053197582095,0.0029134503818820656,0.0029134503818820656,0,0,0,-1
gmsc,random_forest,70,DebtRatio,relative_minus_10,-0.1,0.069360115,0.0762961265,0.4193795781899724,0.4214743052559977,0.0020947270660253148,0.0020947270660253148,0,0,0,-1
gmsc,random_forest,71,DebtRatio,relative_minus_10,-0.1,69.0,75.9,0.17008515516847897,0.1695627754610102,-0.0005223797074687675,0.0005223797074687675,0,0,0,-1
gmsc,random_forest,72,DebtRatio,relative_minus_10,-0.1,0.72570974,0.798280714,0.20907874085396658,0.20907874085396658,0.0,0.0,0,0,0,-1
gmsc,random_forest,73,DebtRatio,relative_minus_10,-0.1,0.3235353,0.35588883000000004,0.365051631552107,0.369927082809327,0.004875451257219998,0.004875451257219998,0,0,0,-1
gmsc,random_forest,74,DebtRatio,relative_minus_10,-0.1,0.024987506,0.0274862566,0.2065140624206517,0.20651406242065176,5.551115123125783e-17,5.551115123125783e-17,0,0,0,-1
gmsc,random_forest,75,DebtRatio,relative_minus_10,-0.1,57.0,62.7,0.526646966431903,0.5266469664319028,-2.220446049250313e-16,2.220446049250313e-16,1,1,0,-1
gmsc,random_forest,76,DebtRatio,relative_minus_10,-0.1,0.066019416,0.07262135759999999,0.12531638246166502,0.12531638246166502,0.0,0.0,0,0,0,-1
gmsc,random_forest,77,DebtRatio,relative_minus_10,-0.1,26.0,28.6,0.07799823819062678,0.07799823819062679,1.3877787807814457e-17,1.3877787807814457e-17,0,0,0,-1
gmsc,random_forest,78,DebtRatio,relative_minus_10,-0.1,1569.0,1725.9,0.10359585418304888,0.10397237958586905,0.00037652540282016866,0.00037652540282016866,0,0,0,-1
gmsc,random_forest,79,DebtRatio,relative_minus_10,-0.1,0.39635402,0.43598942199999996,0.3455170212556861,0.3477669310185632,0.002249909762877089,0.002249909762877089,0,0,0,-1
gmsc,random_forest,80,DebtRatio,relative_minus_10,-0.1,2316.0,2547.6,0.2866632770366475,0.28507810151845286,-0.001585175518194648,0.001585175518194648,0,0,0,-1
gmsc,random_forest,81,DebtRatio,relative_minus_10,-0.1,0.30566496,0.336231456,0.17937720733779408,0.1897877908786078,0.010410583540813728,0.010410583540813728,0,0,0,-1
gmsc,random_forest,82,DebtRatio,relative_minus_10,-0.1,0.41855487,0.46041035700000005,0.4339743246902932,0.4383822502345372,0.004407925544244018,0.004407925544244018,0,0,0,-1
gmsc,random_forest,83,DebtRatio,relative_minus_10,-0.1,0.20540665,0.22594731499999998,0.1141917331465753,0.11460314810442943,0.0004114149578541282,0.0004114149578541282,0,0,0,-1
gmsc,random_forest,84,DebtRatio,relative_minus_10,-0.1,0.5669721,0.6236693099999999,0.59110890429795,0.6003985112998407,0.009289607001890632,0.009289607001890632,1,1,0,-1
gmsc,random_forest,85,DebtRatio,relative_minus_10,-0.1,0.47793037,0.525723407,0.10713867731747691,0.10730794947885,0.00016927216137309353,0.00016927216137309353,0,0,0,-1
gmsc,random_forest,86,DebtRatio,relative_minus_10,-0.1,0.035787743,0.039366517299999994,0.16567388899210891,0.16628922131851584,0.0006153323264069255,0.0006153323264069255,0,0,0,-1
gmsc,random_forest,87,DebtRatio,relative_minus_10,-0.1,445.0,489.5,0.14884578185477607,0.1488457818547761,2.7755575615628914e-17,2.7755575615628914e-17,0,0,0,-1
gmsc,random_forest,88,DebtRatio,relative_minus_10,-0.1,1352.0,1487.2,0.17254421040384832,0.17229741771109494,-0.0002467926927533781,0.0002467926927533781,0,0,0,-1
gmsc,random_forest,89,DebtRatio,relative_minus_10,-0.1,0.3882579,0.42708369,0.4356553338681073,0.4413216553128848,0.005666321444777522,0.005666321444777522,0,0,0,-1
gmsc,random_forest,90,DebtRatio,relative_minus_10,-0.1,830.0,913.0,0.07549253017751428,0.0754925301775143,1.3877787807814457e-17,1.3877787807814457e-17,0,0,0,-1
gmsc,random_forest,91,DebtRatio,relative_minus_10,-0.1,0.31826663,0.35009329299999997,0.1823130815219747,0.1903731448491082,0.008060063327133493,0.008060063327133493,0,0,0,-1
gmsc,random_forest,92,DebtRatio,relative_minus_10,-0.1,9.0,9.9,0.0932513558600773,0.09347292638978451,0.00022157052970721292,0.00022157052970721292,0,0,0,-1
gmsc,random_forest,93,DebtRatio,relative_minus_10,-0.1,2079.0,2286.9,0.12998718901704973,0.12998718901704975,2.7755575615628914e-17,2.7755575615628914e-17,0,0,0,-1
gmsc,random_forest,94,DebtRatio,relative_minus_10,-0.1,0.024174053,0.026591458300000002,0.11645345924668923,0.11679205890364976,0.00033859965696052263,0.00033859965696052263,0,0,0,-1
gmsc,random_forest,95,DebtRatio,relative_minus_10,-0.1,0.69365734,0.763023074,0.18825767339402502,0.18990021812935418,0.0016425447353291545,0.0016425447353291545,0,0,0,-1
gmsc,random_forest,96,DebtRatio,relative_minus_10,-0.1,0.19048095,0.20952904500000002,0.14751307642369796,0.14751307642369796,0.0,0.0,0,0,0,-1
gmsc,random_forest,97,DebtRatio,relative_minus_10,-0.1,847.0,931.7,0.1601265267080067,0.1594018307342265,-0.0007246959737801928,0.0007246959737801928,0,0,0,-1
gmsc,random_forest,98,DebtRatio,relative_minus_10,-0.1,0.80673593,0.887409523,0.2792883685617908,0.28087585410582977,0.0015874855440389801,0.0015874855440389801,0,0,0,-1
gmsc,random_forest,99,DebtRatio,relative_minus_10,-0.1,0.61044824,0.671493064,0.8587567687347458,0.8613704935070682,0.0026137247723223567,0.0026137247723223567,1,1,0,-1
gmsc,random_forest,0,DebtRatio,relative_plus_10,0.1,0.20606616,0.226672776,0.12448314782663561,0.12489456278448977,0.00041141495785415594,0.00041141495785415594,0,0,0,-1
gmsc,random_forest,1,DebtRatio,relative_plus_10,0.1,0.19957148,0.219528628,0.12575902714321507,0.12601652085422535,0.00025749371101027596,0.00025749371101027596,0,0,0,-1
gmsc,random_forest,2,DebtRatio,relative_plus_10,0.1,55.0,60.5,0.07737496123247078,0.07718646437263463,-0.00018849685983615694,0.00018849685983615694,0,0,0,-1
gmsc,random_forest,3,DebtRatio,relative_plus_10,0.1,1.2865958,1.41525538,0.2222470545521674,0.22428264610303902,0.0020355915508716294,0.0020355915508716294,0,0,0,-1
gmsc,random_forest,4,DebtRatio,relative_plus_10,0.1,0.520637,0.5727007000000001,0.16593632439170214,0.16890587601647603,0.0029695516247738862,0.0029695516247738862,0,0,0,-1
gmsc,random_forest,5,DebtRatio,relative_plus_10,0.1,0.23819813,0.26201794300000003,0.20005511957959218,0.20053555425018982,0.0004804346705976348,0.0004804346705976348,0,0,0,-1
gmsc,random_forest,6,DebtRatio,relative_plus_10,0.1,0.121203355,0.1333236905,0.24736845321604625,0.2473684532160464,1.3877787807814457e-16,1.3877787807814457e-16,0,0,0,-1
gmsc,random_forest,7,DebtRatio,relative_plus_10,0.1,0.018074095,0.019881504499999997,0.2020807786711973,0.20242359260504728,0.00034281393384996695,0.00034281393384996695,0,0,0,-1
gmsc,random_forest,8,DebtRatio,relative_plus_10,0.1,0.53478074,0.588258814,0.16030677171113558,0.16410292297178747,0.0037961512606518866,0.0037961512606518866,0,0,0,-1
gmsc,random_forest,9,DebtRatio,relative_plus_10,0.1,0.40325078,0.443575858,0.44585372419624947,0.4469683596955798,0.0011146354993303298,0.0011146354993303298,0,0,0,-1
gmsc,random_forest,10,DebtRatio,relative_plus_10,0.1,1.031025,1.1341275000000002,0.3047745297393056,0.3055213512610004,0.0007468215216948071,0.0007468215216948071,0,0,0,-1
gmsc,random_forest,11,DebtRatio,relative_plus_10,0.1,0.43150038,0.474650418,0.2817436317150431,0.2815647602049569,-0.00017887151008616486,0.00017887151008616486,0,0,0,-1
gmsc,random_forest,12,DebtRatio,relative_plus_10,0.1,2565.0,2821.5,0.07579737355923029,0.07713027299883082,0.001332899439600535,0.001332899439600535,0,0,0,-1
gmsc,random_forest,13,DebtRatio,relative_plus_10,0.1,44.0,48.4,0.8725178860518772,0.8725178860518772,0.0,0.0,1,1,0,-1
gmsc,random_forest,14,DebtRatio,relative_plus_10,0.1,941.0,1035.1,0.39620212705125957,0.3945652157359433,-0.0016369113153162917,0.0016369113153162917,0,0,0,-1
gmsc,random_forest,15,DebtRatio,relative_plus_10,0.1,0.28925687,0.318182557,0.358132684091735,0.36255670203979645,0.004424017948061465,0.004424017948061465,0,0,0,-1
gmsc,random_forest,16,DebtRatio,relative_plus_10,0.1,0.040159974,0.0441759714,0.4951408704187556,0.49855936296256714,0.0034184925438115465,0.0034184925438115465,0,0,0,-1
gmsc,random_forest,17,DebtRatio,relative_plus_10,0.1,2092.0,2301.2,0.1565391154880974,0.1565391154880974,0.0,0.0,0,0,0,-1
gmsc,random_forest,18,DebtRatio,relative_plus_10,0.1,0.3357388,0.36931268,0.4933265396567783,0.49340165115151374,7.511149473543588e-05,7.511149473543588e-05,0,0,0,-1
gmsc,random_forest,19,DebtRatio,relative_plus_10,0.1,0.20742264,0.228164904,0.33709665441513037,0.336937887782515,-0.00015876663261538138,0.00015876663261538138,0,0,0,-1
gmsc,random_forest,20,DebtRatio,relative_plus_10,0.1,0.10735282,0.118088102,0.125253843611223,0.1252538436112229,-8.326672684688674e-17,8.326672684688674e-17,0,0,0,-1
gmsc,random_forest,21,DebtRatio,relative_plus_10,0.1,223.0,245.3,0.1384442554842199,0.13844425548421987,-2.7755575615628914e-17,2.7755575615628914e-17,0,0,0,-1
gmsc,random_forest,22,DebtRatio,relative_plus_10,0.1,0.26601106,0.292612166,0.10721005514231308,0.1093206842644053,0.002110629122092228,0.002110629122092228,0,0,0,-1
gmsc,random_forest,23,DebtRatio,relative_plus_10,0.1,0.2999674,0.32996414,0.14155973703643895,0.15245376842285854,0.01089403138641959,0.01089403138641959,0,0,0,-1
gmsc,random_forest,24,DebtRatio,relative_plus_10,0.1,0.012362637,0.0135989007,0.08662915786666847,0.08662915786666849,1.3877787807814457e-17,1.3877787807814457e-17,0,0,0,-1
gmsc,random_forest,25,DebtRatio,relative_plus_10,0.1,0.402445,0.4426895,0.498904333907652,0.49916446948819726,0.0002601355805452732,0.0002601355805452732,0,0,0,-1
gmsc,random_forest,26,DebtRatio,relative_plus_10,0.1,0.0,0.041709937,0.566313369934525,0.5740675149060065,0.007754144971481525,0.007754144971481525,1,1,0,-1
gmsc,random_forest,27,DebtRatio,relative_plus_10,0.1,0.17137648,0.188514128,0.1401781194818076,0.1401781194818077,8.326672684688674e-17,8.326672684688674e-17,0,0,0,-1
gmsc,random_forest,28,DebtRatio,relative_plus_10,0.1,0.0,0.041709937,0.16169516515611407,0.17029667369018645,0.008601508534072377,0.008601508534072377,0,0,0,-1
gmsc,random_forest,29,DebtRatio,relative_plus_10,0.1,0.058094192,0.0639036112,0.10365705573378153,0.10365705573378153,0.0,0.0,0,0,0,-1
gmsc,random_forest,30,DebtRatio,relative_plus_10,0.1,0.44399184,0.488391024,0.23541054599203737,0.23826787799917815,0.002857332007140778,0.002857332007140778,0,0,0,-1
gmsc,random_forest,31,DebtRatio,relative_plus_10,0.1,482.0,530.2,0.1471176133232665,0.1471176133232665,0.0,0.0,0,0,0,-1
gmsc,random_forest,32,DebtRatio,relative_plus_10,0.1,0.4293059,0.47223649,0.19156208452759005,0.19374869774809375,0.0021866132205037025,0.0021866132205037025,0,0,0,-1
gmsc,random_forest,33,DebtRatio,relative_plus_10,0.1,0.008748633,0.009623496300000001,0.0986278280958683,0.09932321038867124,0.000695382292802943,0.000695382292802943,0,0,0,-1
gmsc,random_forest,34,DebtRatio,relative_plus_10,0.1,0.470006,0.5170066,0.6110458318906421,0.6186352392557678,0.0075894073651257,0.0075894073651257,1,1,0,-1
gmsc,random_forest,35,DebtRatio,relative_plus_10,0.1,0.8031548,0.8834702799999999,0.6296792388822089,0.6302274706055765,0.0005482317233675982,0.0005482317233675982,1,1,0,-1
gmsc,random_forest,36,DebtRatio,relative_plus_10,0.1,0.1687678,0.18564458,0.35220418744329696,0.34950040519064396,-0.0027037822526529975,0.0027037822526529975,0,0,0,-1
gmsc,random_forest,37,DebtRatio,relative_plus_10,0.1,2965.0,3261.5,0.5127242820218618,0.5127242820218618,0.0,0.0,1,1,0,-1
gmsc,random_forest,38,DebtRatio,relative_plus_10,0.1,0.521364,0.5735004,0.25511103636130245,0.26751419757450784,0.012403161213205394,0.012403161213205394,0,0,0,-1
gmsc,random_forest,39,DebtRatio,relative_plus_10,0.1,1.2837993,1.41217923,0.25436458779402354,0.2543645877940236,5.551115123125783e-17,5.551115123125783e-17,0,0,0,-1
gmsc,random_forest,40,DebtRatio,relative_plus_10,0.1,0.32549995,0.358049945,0.15364664040859202,0.15528774558385036,0.0016411051752583394,0.0016411051752583394,0,0,0,-1
gmsc,random_forest,41,DebtRatio,relative_plus_10,0.1,1.5599782,1.71597602,0.21481465988917767,0.21416565760484466,-0.0006490022843330112,0.0006490022843330112,0,0,0,-1
gmsc,random_forest,42,DebtRatio,relative_plus_10,0.1,0.19,0.20900000000000002,0.1501088987333263,0.15097769675335945,0.0008687980200331458,0.0008687980200331458,0,0,0,-1
gmsc,random_forest,43,DebtRatio,relative_plus_10,0.1,171.0,188.1,0.36253642583455215,0.3625364258345521,-5.551115123125783e-17,5.551115123125783e-17,0,0,0,-1
gmsc,random_forest,44,DebtRatio,relative_plus_10,0.1,0.20451674,0.224968414,0.13721131938118405,0.13769803692325097,0.00048671754206691675,0.00048671754206691675,0,0,0,-1
gmsc,random_forest,45,DebtRatio,relative_plus_10,0.1,0.41645184,0.458097024,0.1794370938336495,0.18613338954485312,0.006696295711203615,0.006696295711203615,0,0,0,-1
gmsc,random_forest,46,DebtRatio,relative_plus_10,0.1,486.0,534.6,0.3159103257559534,0.31494047524637747,-0.0009698505095759313,0.0009698505095759313,0,0,0,-1
gmsc,random_forest,47,DebtRatio,relative_plus_10,0.1,0.24237882,0.266616702,0.09990560036967194,0.1001766512412113,0.00027105087153936336,0.00027105087153936336,0,0,0,-1
gmsc,random_forest,48,DebtRatio,relative_plus_10,0.1,1071.0,1178.1,0.12714889185513736,0.1271488918551373,-5.551115123125783e-17,5.551115123125783e-17,0,0,0,-1
gmsc,random_forest,49,DebtRatio,relative_plus_10,0.1,0.005664778,0.0062312558,0.0702107223085158,0.07021072230851579,-1.3877787807814457e-17,1.3877787807814457e-17,0,0,0,-1
gmsc,random_forest,50,DebtRatio,relative_plus_10,0.1,0.16283266,0.17911592599999998,0.15265829520102106,0.1526582952010211,2.7755575615628914e-17,2.7755575615628914e-17,0,0,0,-1
gmsc,random_forest,51,DebtRatio,relative_plus_10,0.1,2000.0,2200.0,0.2628422782175456,0.2628422782175456,0.0,0.0,0,0,0,-1
gmsc,random_forest,52,DebtRatio,relative_plus_10,0.1,1240.0,1364.0,0.07756754455616102,0.07756754455616106,4.163336342344337e-17,4.163336342344337e-17,0,0,0,-1
gmsc,random_forest,53,DebtRatio,relative_plus_10,0.1,0.021596858,0.023756543800000002,0.801766334910606,0.8017663349106061,1.1102230246251565e-16,1.1102230246251565e-16,1,1,0,-1
gmsc,random_forest,54,DebtRatio,relative_plus_10,0.1,1.5316092,1.6847701199999998,0.8582977428532704,0.8584161530779475,0.00011841022467706797,0.00011841022467706797,1,1,0,-1
gmsc,random_forest,55,DebtRatio,relative_plus_10,0.1,1844.0,2028.4,0.10544807655567226,0.10544807655567226,0.0,0.0,0,0,0,-1
gmsc,random_forest,56,DebtRatio,relative_plus_10,0.1,0.33847472,0.372322192,0.16614971558636332,0.16721766231259783,0.0010679467262345033,0.0010679467262345033,0,0,0,-1
gmsc,random_forest,57,DebtRatio,relative_plus_10,0.1,0.38452163,0.422973793,0.5819136422191914,0.581926267980112,1.2625760920648155e-05,1.2625760920648155e-05,1,1,0,-1
gmsc,random_forest,58,DebtRatio,relative_plus_10,0.1,0.13751946,0.151271406,0.7436704750418504,0.7460278121873455,0.002357337145495131,0.002357337145495131,1,1,0,-1
gmsc,random_forest,59,DebtRatio,relative_plus_10,0.1,0.74480665,0.819287315,0.587090829362347,0.5881440806380477,0.0010532512757006618,0.0010532512757006618,1,1,0,-1
gmsc,random_forest,60,DebtRatio,relative_plus_10,0.1,0.078658074,0.08652388139999999,0.1649034942951832,0.1644876406742628,-0.00041585362092039224,0.00041585362092039224,0,0,0,-1
gmsc,random_forest,61,DebtRatio,relative_plus_10,0.1,0.6623037,0.72853407,0.2942532697850684,0.2990841070574176,0.004830837272349231,0.004830837272349231,0,0,0,-1
gmsc,random_forest,62,DebtRatio,relative_plus_10,0.1,0.5309469,0.58404159,0.5335320712885583,0.5458216803242583,0.012289609035699978,0.012289609035699978,1,1,0,-1
gmsc,random_forest,63,DebtRatio,relative_plus_10,0.1,0.24462043,0.269082473,0.13289866287150406,0.13345984882732048,0.0005611859558164178,0.0005611859558164178,0,0,0,-1
gmsc,random_forest,64,DebtRatio,relative_plus_10,0.1,0.4177469,0.45952159,0.2665313715697186,0.27751842253765124,0.010987050967932621,0.010987050967932621,0,0,0,-1
gmsc,random_forest,65,DebtRatio,relative_plus_10,0.1,0.20786196,0.22864815600000002,0.5063899923778815,0.511751793658785,0.0053618012809034665,0.0053618012809034665,1,1,0,-1
gmsc,random_forest,66,DebtRatio,relative_plus_10,0.1,0.3109459,0.34204049,0.1736576827952704,0.17686987587180822,0.003212193076537806,0.003212193076537806,0,0,0,-1
gmsc,random_forest,67,DebtRatio,relative_plus_10,0.1,0.3151282,0.34664102,0.4600211443798788,0.4611662783872654,0.001145134007386639,0.001145134007386639,0,0,0,-1
gmsc,random_forest,68,DebtRatio,relative_plus_10,0.1,0.34570906,0.380279966,0.14330478155243379,0.1446360055446103,0.0013312239921765279,0.0013312239921765279,0,0,0,-1
gmsc,random_forest,69,DebtRatio,relative_plus_10,0.1,0.96340734,1.059748074,0.3889070815939389,0.39182053197582106,0.0029134503818821766,0.0029134503818821766,0,0,0,-1
gmsc,random_forest,70,DebtRatio,relative_plus_10,0.1,0.069360115,0.0762961265,0.4193795781899724,0.4214743052559977,0.0020947270660253148,0.0020947270660253148,0,0,0,-1
gmsc,random_forest,71,DebtRatio,relative_plus_10,0.1,69.0,75.9,0.17008515516847897,0.16956277546101015,-0.000522379707468823,0.000522379707468823,0,0,0,-1
gmsc,random_forest,72,DebtRatio,relative_plus_10,0.1,0.72570974,0.798280714,0.20907874085396658,0.20907874085396658,0.0,0.0,0,0,0,-1
gmsc,random_forest,73,DebtRatio,relative_plus_10,0.1,0.3235353,0.35588883000000004,0.365051631552107,0.369927082809327,0.004875451257219998,0.004875451257219998,0,0,0,-1
gmsc,random_forest,74,DebtRatio,relative_plus_10,0.1,0.024987506,0.0274862566,0.2065140624206517,0.2065140624206517,0.0,0.0,0,0,0,-1
gmsc,random_forest,75,DebtRatio,relative_plus_10,0.1,57.0,62.7,0.526646966431903,0.5266469664319029,-1.1102230246251565e-16,1.1102230246251565e-16,1,1,0,-1
gmsc,random_forest,76,DebtRatio,relative_plus_10,0.1,0.066019416,0.07262135759999999,0.12531638246166502,0.12531638246166496,-5.551115123125783e-17,5.551115123125783e-17,0,0,0,-1
gmsc,random_forest,77,DebtRatio,relative_plus_10,0.1,26.0,28.6,0.07799823819062678,0.07799823819062679,1.3877787807814457e-17,1.3877787807814457e-17,0,0,0,-1
gmsc,random_forest,78,DebtRatio,relative_plus_10,0.1,1569.0,1725.9,0.10359585418304888,0.10397237958586905,0.00037652540282016866,0.00037652540282016866,0,0,0,-1
gmsc,random_forest,79,DebtRatio,relative_plus_10,0.1,0.39635402,0.43598942199999996,0.3455170212556861,0.34776693101856315,0.0022499097628770337,0.0022499097628770337,0,0,0,-1
gmsc,random_forest,80,DebtRatio,relative_plus_10,0.1,2316.0,2547.6,0.2866632770366475,0.2850781015184528,-0.0015851755181947036,0.0015851755181947036,0,0,0,-1
gmsc,random_forest,81,DebtRatio,relative_plus_10,0.1,0.30566496,0.336231456,0.17937720733779408,0.18978779087860778,0.0104105835408137,0.0104105835408137,0,0,0,-1
gmsc,random_forest,82,DebtRatio,relative_plus_10,0.1,0.41855487,0.46041035700000005,0.4339743246902932,0.43838225023453703,0.004407925544243851,0.004407925544243851,0,0,0,-1
gmsc,random_forest,83,DebtRatio,relative_plus_10,0.1,0.20540665,0.22594731499999998,0.1141917331465753,0.11460314810442943,0.0004114149578541282,0.0004114149578541282,0,0,0,-1
gmsc,random_forest,84,DebtRatio,relative_plus_10,0.1,0.5669721,0.6236693099999999,0.59110890429795,0.6003985112998407,0.009289607001890632,0.009289607001890632,1,1,0,-1
gmsc,random_forest,85,DebtRatio,relative_plus_10,0.1,0.47793037,0.525723407,0.10713867731747691,0.10730794947884997,0.00016927216137306578,0.00016927216137306578,0,0,0,-1
gmsc,random_forest,86,DebtRatio,relative_plus_10,0.1,0.035787743,0.039366517299999994,0.16567388899210891,0.16628922131851584,0.0006153323264069255,0.0006153323264069255,0,0,0,-1
gmsc,random_forest,87,DebtRatio,relative_plus_10,0.1,445.0,489.5,0.14884578185477607,0.14884578185477607,0.0,0.0,0,0,0,-1
gmsc,random_forest,88,DebtRatio,relative_plus_10,0.1,1352.0,1487.2,0.17254421040384832,0.17229741771109494,-0.0002467926927533781,0.0002467926927533781,0,0,0,-1
gmsc,random_forest,89,DebtRatio,relative_plus_10,0.1,0.3882579,0.42708369,0.4356553338681073,0.4413216553128848,0.005666321444777522,0.005666321444777522,0,0,0,-1
gmsc,random_forest,90,DebtRatio,relative_plus_10,0.1,830.0,913.0,0.07549253017751428,0.07549253017751434,5.551115123125783e-17,5.551115123125783e-17,0,0,0,-1
gmsc,random_forest,91,DebtRatio,relative_plus_10,0.1,0.31826663,0.35009329299999997,0.1823130815219747,0.1903731448491082,0.008060063327133493,0.008060063327133493,0,0,0,-1
gmsc,random_forest,92,DebtRatio,relative_plus_10,0.1,9.0,9.9,0.0932513558600773,0.09347292638978452,0.0002215705297072268,0.0002215705297072268,0,0,0,-1
gmsc,random_forest,93,DebtRatio,relative_plus_10,0.1,2079.0,2286.9,0.12998718901704973,0.12998718901704978,5.551115123125783e-17,5.551115123125783e-17,0,0,0,-1
gmsc,random_forest,94,DebtRatio,relative_plus_10,0.1,0.024174053,0.026591458300000002,0.11645345924668923,0.11679205890364978,0.0003385996569605504,0.0003385996569605504,0,0,0,-1
gmsc,random_forest,95,DebtRatio,relative_plus_10,0.1,0.69365734,0.763023074,0.18825767339402502,0.18990021812935418,0.0016425447353291545,0.0016425447353291545,0,0,0,-1
gmsc,random_forest,96,DebtRatio,relative_plus_10,0.1,0.19048095,0.20952904500000002,0.14751307642369796,0.147513076423698,2.7755575615628914e-17,2.7755575615628914e-17,0,0,0,-1
gmsc,random_forest,97,DebtRatio,relative_plus_10,0.1,847.0,931.7,0.1601265267080067,0.1594018307342265,-0.0007246959737801928,0.0007246959737801928,0,0,0,-1
gmsc,random_forest,98,DebtRatio,relative_plus_10,0.1,0.80673593,0.887409523,0.2792883685617908,0.28087585410582977,0.0015874855440389801,0.0015874855440389801,0,0,0,-1
gmsc,random_forest,99,DebtRatio,relative_plus_10,0.1,0.61044824,0.671493064,0.8587567687347458,0.8613704935070682,0.0026137247723223567,0.0026137247723223567,1,1,0,-1
gmsc,random_forest,0,MonthlyIncome,relative_minus_5,-0.05,12000.0,12600.0,0.12448314782663561,0.12481065240607582,0.0003275045794402104,0.0003275045794402104,0,0,0,-1
gmsc,random_forest,1,MonthlyIncome,relative_minus_5,-0.05,9800.0,10290.0,0.12575902714321507,0.12516295299877792,-0.0005960741444371587,0.0005960741444371587,0,0,0,-1
gmsc,random_forest,2,MonthlyIncome,relative_minus_5,-0.05,5400.0,5670.0,0.07737496123247078,0.0814557898196024,0.004080828587131616,0.004080828587131616,0,0,0,-1
gmsc,random_forest,3,MonthlyIncome,relative_minus_5,-0.05,2916.0,3061.8,0.2222470545521674,0.22118896535408109,-0.0010580891980863094,0.0010580891980863094,0,0,0,-1
gmsc,random_forest,4,MonthlyIncome,relative_minus_5,-0.05,3076.0,3229.8,0.16593632439170214,0.16604022761670978,0.00010390322500763993,0.00010390322500763993,0,0,0,-1
gmsc,random_forest,5,MonthlyIncome,relative_minus_5,-0.05,6015.0,6315.75,0.20005511957959218,0.20029437789671667,0.00023925831712448553,0.00023925831712448553,0,0,0,-1
gmsc,random_forest,6,MonthlyIncome,relative_minus_5,-0.05,6913.0,7258.65,0.24736845321604625,0.24717680079727458,-0.0001916524187716706,0.0001916524187716706,0,0,0,-1
gmsc,random_forest,7,MonthlyIncome,relative_minus_5,-0.05,13333.0,13999.65,0.2020807786711973,0.2017144254262418,-0.000366353244955514,0.000366353244955514,0,0,0,-1
gmsc,random_forest,8,MonthlyIncome,relative_minus_5,-0.05,7000.0,7350.0,0.16030677171113558,0.16004188586621051,-0.00026488584492506684,0.00026488584492506684,0,0,0,-1
gmsc,random_forest,9,MonthlyIncome,relative_minus_5,-0.05,3875.0,4068.75,0.44585372419624947,0.4420051378795447,-0.0038485863167047607,0.0038485863167047607,0,0,0,-1
gmsc,random_forest,10,MonthlyIncome,relative_minus_5,-0.05,5833.0,6124.65,0.3047745297393056,0.3043253914255141,-0.00044913831379145286,0.00044913831379145286,0,0,0,-1
gmsc,random_forest,11,MonthlyIncome,relative_minus_5,-0.05,10583.0,11112.15,0.2817436317150431,0.28174363171504313,5.551115123125783e-17,5.551115123125783e-17,0,0,0,-1
gmsc,random_forest,12,MonthlyIncome,relative_minus_5,-0.05,5400.0,5670.0,0.07579737355923029,0.07987820214636189,0.004080828587131602,0.004080828587131602,0,0,0,-1
gmsc,random_forest,13,MonthlyIncome,relative_minus_5,-0.05,5400.0,5670.0,0.8725178860518772,0.8679456808564636,-0.00457220519541357,0.00457220519541357,1,1,0,-1
gmsc,random_forest,14,MonthlyIncome,relative_minus_5,-0.05,5400.0,5670.0,0.39620212705125957,0.39092499180400125,-0.005277135247258313,0.005277135247258313,0,0,0,-1
gmsc,random_forest,15,MonthlyIncome,relative_minus_5,-0.05,12500.0,13125.0,0.358132684091735,0.35665746816404575,-0.001475215927689233,0.001475215927689233,0,0,0,-1
gmsc,random_forest,16,MonthlyIncome,relative_minus_5,-0.05,6000.0,6300.0,0.4951408704187556,0.4946354736475186,-0.00050539677123701,0.00050539677123701,0,0,0,-1
gmsc,random_forest,17,MonthlyIncome,relative_minus_5,-0.05,5400.0,5670.0,0.1565391154880974,0.1581329736287449,0.0015938581406474972,0.0015938581406474972,0,0,0,-1
gmsc,random_forest,18,MonthlyIncome,relative_minus_5,-0.05,11362.0,11930.1,0.4933265396567783,0.49451871407510517,0.0011921744183268634,0.0011921744183268634,0,0,0,-1
gmsc,random_forest,19,MonthlyIncome,relative_minus_5,-0.05,11666.0,12249.3,0.33709665441513037,0.3338769202456612,-0.0032197341694691906,0.0032197341694691906,0,0,0,-1
gmsc,random_forest,20,MonthlyIncome,relative_minus_5,-0.05,12416.0,13036.8,0.125253843611223,0.12525384361122296,-2.7755575615628914e-17,2.7755575615628914e-17,0,0,0,-1
gmsc,random_forest,21,MonthlyIncome,relative_minus_5,-0.05,0.0,270.0,0.1384442554842199,0.13658991274410182,-0.0018543427401180868,0.0018543427401180868,0,0,0,-1
gmsc,random_forest,22,MonthlyIncome,relative_minus_5,-0.05,8134.0,8540.7,0.10721005514231308,0.10738470648193171,0.00017465133961863666,0.00017465133961863666,0,0,0,-1
gmsc,random_forest,23,MonthlyIncome,relative_minus_5,-0.05,9200.0,9660.0,0.14155973703643895,0.14155973703643898,2.7755575615628914e-17,2.7755575615628914e-17,0,0,0,-1
gmsc,random_forest,24,MonthlyIncome,relative_minus_5,-0.05,2183.0,2292.15,0.08662915786666847,0.08661317935781912,-1.597850884935137e-05,1.597850884935137e-05,0,0,0,-1
gmsc,random_forest,25,MonthlyIncome,relative_minus_5,-0.05,2044.0,2146.2,0.498904333907652,0.498904333907652,0.0,0.0,0,0,0,-1
gmsc,random_forest,26,MonthlyIncome,relative_minus_5,-0.05,5400.0,5670.0,0.566313369934525,0.5526949570956639,-0.013618412838861116,0.013618412838861116,1,1,0,-1
gmsc,random_forest,27,MonthlyIncome,relative_minus_5,-0.05,3290.0,3454.5,0.1401781194818076,0.13797120167979118,-0.002206917802016428,0.002206917802016428,0,0,0,-1
gmsc,random_forest,28,MonthlyIncome,relative_minus_5,-0.05,8333.0,8749.65,0.16169516515611407,0.1616951651561141,2.7755575615628914e-17,2.7755575615628914e-17,0,0,0,-1
gmsc,random_forest,29,MonthlyIncome,relative_minus_5,-0.05,10000.0,10500.0,0.10365705573378153,0.10357578196643198,-8.127376734955172e-05,8.127376734955172e-05,0,0,0,-1
gmsc,random_forest,30,MonthlyIncome,relative_minus_5,-0.05,2945.0,3092.25,0.23541054599203737,0.2356278702586941,0.0002173242666567432,0.0002173242666567432,0,0,0,-1
gmsc,random_forest,31,MonthlyIncome,relative_minus_5,-0.05,5400.0,5670.0,0.1471176133232665,0.14855863179940948,0.0014410184761429745,0.0014410184761429745,0,0,0,-1
gmsc,random_forest,32,MonthlyIncome,relative_minus_5,-0.05,3500.0,3675.0,0.19156208452759005,0.18939151051841002,-0.0021705740091800263,0.0021705740091800263,0,0,0,-1
gmsc,random_forest,33,MonthlyIncome,relative_minus_5,-0.05,6400.0,6720.0,0.0986278280958683,0.09822012822086804,-0.00040769987500026417,0.00040769987500026417,0,0,0,-1
gmsc,random_forest,34,MonthlyIncome,relative_minus_5,-0.05,6667.0,7000.35,0.6110458318906421,0.6126245192096702,0.0015786873190281048,0.0015786873190281048,1,1,0,-1
gmsc,random_forest,35,MonthlyIncome,relative_minus_5,-0.05,4500.0,4725.0,0.6296792388822089,0.6293427844191499,-0.0003364544630589661,0.0003364544630589661,1,1,0,-1
gmsc,random_forest,36,MonthlyIncome,relative_minus_5,-0.05,4917.0,5162.85,0.35220418744329696,0.34809626729190374,-0.004107920151393218,0.004107920151393218,0,0,0,-1
gmsc,random_forest,37,MonthlyIncome,relative_minus_5,-0.05,5400.0,5670.0,0.5127242820218618,0.5112444063227857,-0.0014798756990761497,0.0014798756990761497,1,1,0,-1
gmsc,random_forest,38,MonthlyIncome,relative_minus_5,-0.05,19237.0,20198.85,0.25511103636130245,0.25605981321729054,0.0009487768559880982,0.0009487768559880982,0,0,0,-1
gmsc,random_forest,39,MonthlyIncome,relative_minus_5,-0.05,2610.0,2740.5,0.25436458779402354,0.25436458779402354,0.0,0.0,0,0,0,-1
gmsc,random_forest,40,MonthlyIncome,relative_minus_5,-0.05,8850.0,9292.5,0.15364664040859202,0.15400117298096608,0.00035453257237405555,0.00035453257237405555,0,0,0,-1
gmsc,random_forest,41,MonthlyIncome,relative_minus_5,-0.05,1833.0,1924.65,0.21481465988917767,0.21525472862673253,0.0004400687375548662,0.0004400687375548662,0,0,0,-1
gmsc,random_forest,42,MonthlyIncome,relative_minus_5,-0.05,4799.0,5038.95,0.1501088987333263,0.1481986842544259,-0.0019102144789004127,0.0019102144789004127,0,0,0,-1
gmsc,random_forest,43,MonthlyIncome,relative_minus_5,-0.05,5400.0,5670.0,0.36253642583455215,0.3606207399828717,-0.0019156858516804487,0.0019156858516804487,0,0,0,-1
gmsc,random_forest,44,MonthlyIncome,relative_minus_5,-0.05,6331.0,6647.55,0.13721131938118405,0.13698477860735903,-0.00022654077382502913,0.00022654077382502913,0,0,0,-1
gmsc,random_forest,45,MonthlyIncome,relative_minus_5,-0.05,4266.0,4479.3,0.1794370938336495,0.17974002064533137,0.0003029268116818695,0.0003029268116818695,0,0,0,-1
gmsc,random_forest,46,MonthlyIncome,relative_minus_5,-0.05,5400.0,5670.0,0.3159103257559534,0.32389439375536405,0.007984067999410649,0.007984067999410649,0,0,0,-1
gmsc,random_forest,47,MonthlyIncome,relative_minus_5,-0.05,2000.0,2100.0,0.09990560036967194,0.0991918730883681,-0.0007137272813038387,0.0007137272813038387,0,0,0,-1
gmsc,random_forest,48,MonthlyIncome,relative_minus_5,-0.05,5400.0,5670.0,0.12714889185513736,0.12892609713802153,0.0017772052828841645,0.0017772052828841645,0,0,0,-1
gmsc,random_forest,49,MonthlyIncome,relative_minus_5,-0.05,3000.0,3150.0,0.0702107223085158,0.06975863386726022,-0.000452088441255577,0.000452088441255577,0,0,0,-1
gmsc,random_forest,50,MonthlyIncome,relative_minus_5,-0.05,2216.0,2326.8,0.15265829520102106,0.15297638402586347,0.00031808882484241074,0.00031808882484241074,0,0,0,-1
gmsc,random_forest,51,MonthlyIncome,relative_minus_5,-0.05,5400.0,5670.0,0.2628422782175456,0.26355079323147185,0.0007085150139262697,0.0007085150139262697,0,0,0,-1
gmsc,random_forest,52,MonthlyIncome,relative_minus_5,-0.05,5400.0,5670.0,0.07756754455616102,0.08164837314329267,0.0040808285871316435,0.0040808285871316435,0,0,0,-1
gmsc,random_forest,53,MonthlyIncome,relative_minus_5,-0.05,4583.0,4812.15,0.801766334910606,0.8003424627080706,-0.00142387220253537,0.00142387220253537,1,1,0,-1
gmsc,random_forest,54,MonthlyIncome,relative_minus_5,-0.05,695.0,729.75,0.8582977428532704,0.8646325884040266,0.006334845550756141,0.006334845550756141,1,1,0,-1
gmsc,random_forest,55,MonthlyIncome,relative_minus_5,-0.05,5400.0,5670.0,0.10544807655567226,0.10933137426501413,0.003883297709341871,0.003883297709341871,0,0,0,-1
gmsc,random_forest,56,MonthlyIncome,relative_minus_5,-0.05,3500.0,3675.0,0.16614971558636332,0.1657222602106665,-0.000427455375696828,0.000427455375696828,0,0,0,-1
gmsc,random_forest,57,MonthlyIncome,relative_minus_5,-0.05,1640.0,1722.0,0.5819136422191914,0.5819136422191914,0.0,0.0,1,1,0,-1
gmsc,random_forest,58,MonthlyIncome,relative_minus_5,-0.05,3853.0,4045.65,0.7436704750418504,0.7444342755157831,0.0007638004739327631,0.0007638004739327631,1,1,0,-1
gmsc,random_forest,59,MonthlyIncome,relative_minus_5,-0.05,5920.0,6216.0,0.587090829362347,0.5842990438042728,-0.0027917855580742446,0.0027917855580742446,1,1,0,-1
gmsc,random_forest,60,MonthlyIncome,relative_minus_5,-0.05,5275.0,5538.75,0.1649034942951832,0.1570495720755539,-0.0078539222196293,0.0078539222196293,0,0,0,-1
gmsc,random_forest,61,MonthlyIncome,relative_minus_5,-0.05,5347.0,5614.35,0.2942532697850684,0.29340320677817044,-0.0008500630068979387,0.0008500630068979387,0,0,0,-1
gmsc,random_forest,62,MonthlyIncome,relative_minus_5,-0.05,10000.0,10500.0,0.5335320712885583,0.5329914462876398,-0.0005406250009184488,0.0005406250009184488,1,1,0,-1
gmsc,random_forest,63,MonthlyIncome,relative_minus_5,-0.05,12500.0,13125.0,0.13289866287150406,0.13289866287150404,-2.7755575615628914e-17,2.7755575615628914e-17,0,0,0,-1
gmsc,random_forest,64,MonthlyIncome,relative_minus_5,-0.05,12959.0,13606.95,0.2665313715697186,0.2630866353605029,-0.003444736209215704,0.003444736209215704,0,0,0,-1
gmsc,random_forest,65,MonthlyIncome,relative_minus_5,-0.05,8750.0,9187.5,0.5063899923778815,0.506572226061501,0.00018223368361947045,0.00018223368361947045,1,1,0,-1
gmsc,random_forest,66,MonthlyIncome,relative_minus_5,-0.05,3900.0,4095.0,0.1736576827952704,0.17193020305651704,-0.001727479738753368,0.001727479738753368,0,0,0,-1
gmsc,random_forest,67,MonthlyIncome,relative_minus_5,-0.05,3899.0,4093.95,0.4600211443798788,0.46136262850186627,0.0013414841219874796,0.0013414841219874796,0,0,0,-1
gmsc,random_forest,68,MonthlyIncome,relative_minus_5,-0.05,11500.0,12075.0,0.14330478155243379,0.14330478155243379,0.0,0.0,0,0,0,-1
gmsc,random_forest,69,MonthlyIncome,relative_minus_5,-0.05,5000.0,5250.0,0.3889070815939389,0.3872183949611773,-0.0016886866327615602,0.0016886866327615602,0,0,0,-1
gmsc,random_forest,70,MonthlyIncome,relative_minus_5,-0.05,4281.0,4495.05,0.4193795781899724,0.41572839023951336,-0.003651187950459045,0.003651187950459045,0,0,0,-1
gmsc,random_forest,71,MonthlyIncome,relative_minus_5,-0.05,0.0,270.0,0.17008515516847897,0.1705760563554189,0.0004909011869399238,0.0004909011869399238,0,0,0,-1
gmsc,random_forest,72,MonthlyIncome,relative_minus_5,-0.05,2500.0,2625.0,0.20907874085396658,0.20916375269190143,8.501183793485634e-05,8.501183793485634e-05,0,0,0,-1
gmsc,random_forest,73,MonthlyIncome,relative_minus_5,-0.05,5000.0,5250.0,0.365051631552107,0.3622284938918684,-0.002823137660238617,0.002823137660238617,0,0,0,-1
gmsc,random_forest,74,MonthlyIncome,relative_minus_5,-0.05,2000.0,2100.0,0.2065140624206517,0.20651406242065173,2.7755575615628914e-17,2.7755575615628914e-17,0,0,0,-1
gmsc,random_forest,75,MonthlyIncome,relative_minus_5,-0.05,5400.0,5670.0,0.526646966431903,0.5131264423554834,-0.013520524076419571,0.013520524076419571,1,1,0,-1
gmsc,random_forest,76,MonthlyIncome,relative_minus_5,-0.05,9784.0,10273.2,0.12531638246166502,0.12474201843945334,-0.0005743640222116708,0.0005743640222116708,0,0,0,-1
gmsc,random_forest,77,MonthlyIncome,relative_minus_5,-0.05,5400.0,5670.0,0.07799823819062678,0.08223792580671355,0.004239687616086771,0.004239687616086771,0,0,0,-1
gmsc,random_forest,78,MonthlyIncome,relative_minus_5,-0.05,5400.0,5670.0,0.10359585418304888,0.10678127000215348,0.0031854158191046006,0.0031854158191046006,0,0,0,-1
gmsc,random_forest,79,MonthlyIncome,relative_minus_5,-0.05,3400.0,3570.0,0.3455170212556861,0.34494331636802456,-0.0005737048876615636,0.0005737048876615636,0,0,0,-1
gmsc,random_forest,80,MonthlyIncome,relative_minus_5,-0.05,5400.0,5670.0,0.2866632770366475,0.2943955856287773,0.007732308592129811,0.007732308592129811,0,0,0,-1
gmsc,random_forest,81,MonthlyIncome,relative_minus_5,-0.05,3300.0,3465.0,0.17937720733779408,0.17683490234506055,-0.0025423049927335295,0.0025423049927335295,0,0,0,-1
gmsc,random_forest,82,MonthlyIncome,relative_minus_5,-0.05,7943.0,8340.15,0.4339743246902932,0.4333466185807128,-0.000627706109580406,0.000627706109580406,0,0,0,-1
gmsc,random_forest,83,MonthlyIncome,relative_minus_5,-0.05,4327.0,4543.35,0.1141917331465753,0.11318999364718915,-0.001001739499386145,0.001001739499386145,0,0,0,-1
gmsc,random_forest,84,MonthlyIncome,relative_minus_5,-0.05,4583.0,4812.15,0.59110890429795,0.5920071058725331,0.0008982015745830907,0.0008982015745830907,1,1,0,-1
gmsc,random_forest,85,MonthlyIncome,relative_minus_5,-0.05,4077.0,4280.85,0.10713867731747691,0.1058535038510677,-0.0012851734664092035,0.0012851734664092035,0,0,0,-1
gmsc,random_forest,86,MonthlyIncome,relative_minus_5,-0.05,2430.0,2551.5,0.16567388899210891,0.1649343876649779,-0.0007395013271310202,0.0007395013271310202,0,0,0,-1
gmsc,random_forest,87,MonthlyIncome,relative_minus_5,-0.05,5400.0,5670.0,0.14884578185477607,0.1502868003309191,0.00144101847614303,0.00144101847614303,0,0,0,-1
gmsc,random_forest,88,MonthlyIncome,relative_minus_5,-0.05,5400.0,5670.0,0.17254421040384832,0.1725442104038483,-2.7755575615628914e-17,2.7755575615628914e-17,0,0,0,-1
gmsc,random_forest,89,MonthlyIncome,relative_minus_5,-0.05,6250.0,6562.5,0.4356553338681073,0.4350092565397902,-0.0006460773283170629,0.0006460773283170629,0,0,0,-1
gmsc,random_forest,90,MonthlyIncome,relative_minus_5,-0.05,5400.0,5670.0,0.07549253017751428,0.07973221779360105,0.004239687616086771,0.004239687616086771,0,0,0,-1
gmsc,random_forest,91,MonthlyIncome,relative_minus_5,-0.05,9645.0,10127.25,0.1823130815219747,0.1824766648828766,0.00016358336090188663,0.00016358336090188663,0,0,0,-1
gmsc,random_forest,92,MonthlyIncome,relative_minus_5,-0.05,5400.0,5670.0,0.0932513558600773,0.09733218444720891,0.004080828587131616,0.004080828587131616,0,0,0,-1
gmsc,random_forest,93,MonthlyIncome,relative_minus_5,-0.05,5400.0,5670.0,0.12998718901704973,0.13745239504816503,0.007465206031115307,0.007465206031115307,0,0,0,-1
gmsc,random_forest,94,MonthlyIncome,relative_minus_5,-0.05,2481.0,2605.05,0.11645345924668923,0.11607542923144348,-0.00037803001524575053,0.00037803001524575053,0,0,0,-1
gmsc,random_forest,95,MonthlyIncome,relative_minus_5,-0.05,9916.0,10411.8,0.18825767339402502,0.19022295394037267,0.0019652805463476475,0.0019652805463476475,0,0,0,-1
gmsc,random_forest,96,MonthlyIncome,relative_minus_5,-0.05,10000.0,10500.0,0.14751307642369796,0.14751307642369801,5.551115123125783e-17,5.551115123125783e-17,0,0,0,-1
gmsc,random_forest,97,MonthlyIncome,relative_minus_5,-0.05,5400.0,5670.0,0.1601265267080067,0.16071601626652848,0.000589489558521783,0.000589489558521783,0,0,0,-1
gmsc,random_forest,98,MonthlyIncome,relative_minus_5,-0.05,6353.0,6670.65,0.2792883685617908,0.27960390380422534,0.00031553524243455033,0.00031553524243455033,0,0,0,-1
gmsc,random_forest,99,MonthlyIncome,relative_minus_5,-0.05,3100.0,3255.0,0.8587567687347458,0.8587567687347456,-2.220446049250313e-16,2.220446049250313e-16,1,1,0,-1
gmsc,random_forest,0,MonthlyIncome,relative_plus_5,0.05,12000.0,12600.0,0.12448314782663561,0.12481065240607585,0.00032750457944023814,0.00032750457944023814,0,0,0,-1
gmsc,random_forest,1,MonthlyIncome,relative_plus_5,0.05,9800.0,10290.0,0.12575902714321507,0.12516295299877794,-0.0005960741444371309,0.0005960741444371309,0,0,0,-1
gmsc,random_forest,2,MonthlyIncome,relative_plus_5,0.05,5400.0,5670.0,0.07737496123247078,0.08145578981960239,0.004080828587131602,0.004080828587131602,0,0,0,-1
gmsc,random_forest,3,MonthlyIncome,relative_plus_5,0.05,2916.0,3061.8,0.2222470545521674,0.22118896535408109,-0.0010580891980863094,0.0010580891980863094,0,0,0,-1
gmsc,random_forest,4,MonthlyIncome,relative_plus_5,0.05,3076.0,3229.8,0.16593632439170214,0.16604022761670983,0.00010390322500769544,0.00010390322500769544,0,0,0,-1
gmsc,random_forest,5,MonthlyIncome,relative_plus_5,0.05,6015.0,6315.75,0.20005511957959218,0.20029437789671672,0.00023925831712454104,0.00023925831712454104,0,0,0,-1
gmsc,random_forest,6,MonthlyIncome,relative_plus_5,0.05,6913.0,7258.65,0.24736845321604625,0.24717680079727464,-0.0001916524187716151,0.0001916524187716151,0,0,0,-1
gmsc,random_forest,7,MonthlyIncome,relative_plus_5,0.05,13333.0,13999.65,0.2020807786711973,0.20171442542624182,-0.00036635324495548627,0.00036635324495548627,0,0,0,-1
gmsc,random_forest,8,MonthlyIncome,relative_plus_5,0.05,7000.0,7350.0,0.16030677171113558,0.16004188586621051,-0.00026488584492506684,0.00026488584492506684,0,0,0,-1
gmsc,random_forest,9,MonthlyIncome,relative_plus_5,0.05,3875.0,4068.75,0.44585372419624947,0.4420051378795448,-0.0038485863167046497,0.0038485863167046497,0,0,0,-1
gmsc,random_forest,10,MonthlyIncome,relative_plus_5,0.05,5833.0,6124.65,0.3047745297393056,0.3043253914255141,-0.00044913831379145286,0.00044913831379145286,0,0,0,-1
gmsc,random_forest,11,MonthlyIncome,relative_plus_5,0.05,10583.0,11112.15,0.2817436317150431,0.2817436317150431,0.0,0.0,0,0,0,-1
gmsc,random_forest,12,MonthlyIncome,relative_plus_5,0.05,5400.0,5670.0,0.07579737355923029,0.07987820214636189,0.004080828587131602,0.004080828587131602,0,0,0,-1
gmsc,random_forest,13,MonthlyIncome,relative_plus_5,0.05,5400.0,5670.0,0.8725178860518772,0.8679456808564636,-0.00457220519541357,0.00457220519541357,1,1,0,-1
gmsc,random_forest,14,MonthlyIncome,relative_plus_5,0.05,5400.0,5670.0,0.39620212705125957,0.3909249918040012,-0.005277135247258369,0.005277135247258369,0,0,0,-1
gmsc,random_forest,15,MonthlyIncome,relative_plus_5,0.05,12500.0,13125.0,0.358132684091735,0.35665746816404575,-0.001475215927689233,0.001475215927689233,0,0,0,-1
gmsc,random_forest,16,MonthlyIncome,relative_plus_5,0.05,6000.0,6300.0,0.4951408704187556,0.4946354736475186,-0.00050539677123701,0.00050539677123701,0,0,0,-1
gmsc,random_forest,17,MonthlyIncome,relative_plus_5,0.05,5400.0,5670.0,0.1565391154880974,0.1581329736287449,0.0015938581406474972,0.0015938581406474972,0,0,0,-1
gmsc,random_forest,18,MonthlyIncome,relative_plus_5,0.05,11362.0,11930.1,0.4933265396567783,0.4945187140751051,0.001192174418326808,0.001192174418326808,0,0,0,-1
gmsc,random_forest,19,MonthlyIncome,relative_plus_5,0.05,11666.0,12249.3,0.33709665441513037,0.3338769202456611,-0.003219734169469246,0.003219734169469246,0,0,0,-1
gmsc,random_forest,20,MonthlyIncome,relative_plus_5,0.05,12416.0,13036.8,0.125253843611223,0.1252538436112229,-8.326672684688674e-17,8.326672684688674e-17,0,0,0,-1
gmsc,random_forest,21,MonthlyIncome,relative_plus_5,0.05,0.0,270.0,0.1384442554842199,0.13658991274410184,-0.001854342740118059,0.001854342740118059,0,0,0,-1
gmsc,random_forest,22,MonthlyIncome,relative_plus_5,0.05,8134.0,8540.7,0.10721005514231308,0.10738470648193174,0.00017465133961866441,0.00017465133961866441,0,0,0,-1
gmsc,random_forest,23,MonthlyIncome,relative_plus_5,0.05,9200.0,9660.0,0.14155973703643895,0.14155973703643898,2.7755575615628914e-17,2.7755575615628914e-17,0,0,0,-1
gmsc,random_forest,24,MonthlyIncome,relative_plus_5,0.05,2183.0,2292.15,0.08662915786666847,0.0866131793578191,-1.5978508849365247e-05,1.5978508849365247e-05,0,0,0,-1
gmsc,random_forest,25,MonthlyIncome,relative_plus_5,0.05,2044.0,2146.2,0.498904333907652,0.498904333907652,0.0,0.0,0,0,0,-1
gmsc,random_forest,26,MonthlyIncome,relative_plus_5,0.05,5400.0,5670.0,0.566313369934525,0.5526949570956637,-0.013618412838861227,0.013618412838861227,1,1,0,-1
gmsc,random_forest,27,MonthlyIncome,relative_plus_5,0.05,3290.0,3454.5,0.1401781194818076,0.1379712016797912,-0.0022069178020164004,0.0022069178020164004,0,0,0,-1
gmsc,random_forest,28,MonthlyIncome,relative_plus_5,0.05,8333.0,8749.65,0.16169516515611407,0.16169516515611412,5.551115123125783e-17,5.551115123125783e-17,0,0,0,-1
gmsc,random_forest,29,MonthlyIncome,relative_plus_5,0.05,10000.0,10500.0,0.10365705573378153,0.10357578196643197,-8.12737673495656e-05,8.12737673495656e-05,0,0,0,-1
gmsc,random_forest,30,MonthlyIncome,relative_plus_5,0.05,2945.0,3092.25,0.23541054599203737,0.23562787025869417,0.00021732426665679871,0.00021732426665679871,0,0,0,-1
gmsc,random_forest,31,MonthlyIncome,relative_plus_5,0.05,5400.0,5670.0,0.1471176133232665,0.14855863179940948,0.0014410184761429745,0.0014410184761429745,0,0,0,-1
gmsc,random_forest,32,MonthlyIncome,relative_plus_5,0.05,3500.0,3675.0,0.19156208452759005,0.18939151051841002,-0.0021705740091800263,0.0021705740091800263,0,0,0,-1
gmsc,random_forest,33,MonthlyIncome,relative_plus_5,0.05,6400.0,6720.0,0.0986278280958683,0.09822012822086802,-0.00040769987500027804,0.00040769987500027804,0,0,0,-1
gmsc,random_forest,34,MonthlyIncome,relative_plus_5,0.05,6667.0,7000.35,0.6110458318906421,0.6126245192096702,0.0015786873190281048,0.0015786873190281048,1,1,0,-1
gmsc,random_forest,35,MonthlyIncome,relative_plus_5,0.05,4500.0,4725.0,0.6296792388822089,0.6293427844191498,-0.0003364544630590771,0.0003364544630590771,1,1,0,-1
gmsc,random_forest,36,MonthlyIncome,relative_plus_5,0.05,4917.0,5162.85,0.35220418744329696,0.3480962672919038,-0.004107920151393163,0.004107920151393163,0,0,0,-1
gmsc,random_forest,37,MonthlyIncome,relative_plus_5,0.05,5400.0,5670.0,0.5127242820218618,0.5112444063227854,-0.0014798756990763717,0.0014798756990763717,1,1,0,-1
gmsc,random_forest,38,MonthlyIncome,relative_plus_5,0.05,19237.0,20198.85,0.25511103636130245,0.25605981321729054,0.0009487768559880982,0.0009487768559880982,0,0,0,-1
gmsc,random_forest,39,MonthlyIncome,relative_plus_5,0.05,2610.0,2740.5,0.25436458779402354,0.2543645877940235,-5.551115123125783e-17,5.551115123125783e-17,0,0,0,-1
gmsc,random_forest,40,MonthlyIncome,relative_plus_5,0.05,8850.0,9292.5,0.15364664040859202,0.1540011729809661,0.0003545325723740833,0.0003545325723740833,0,0,0,-1
gmsc,random_forest,41,MonthlyIncome,relative_plus_5,0.05,1833.0,1924.65,0.21481465988917767,0.2152547286267326,0.0004400687375549217,0.0004400687375549217,0,0,0,-1
gmsc,random_forest,42,MonthlyIncome,relative_plus_5,0.05,4799.0,5038.95,0.1501088987333263,0.14819868425442587,-0.0019102144789004405,0.0019102144789004405,0,0,0,-1
gmsc,random_forest,43,MonthlyIncome,relative_plus_5,0.05,5400.0,5670.0,0.36253642583455215,0.36062073998287164,-0.0019156858516805042,0.0019156858516805042,0,0,0,-1
gmsc,random_forest,44,MonthlyIncome,relative_plus_5,0.05,6331.0,6647.55,0.13721131938118405,0.13698477860735903,-0.00022654077382502913,0.00022654077382502913,0,0,0,-1
gmsc,random_forest,45,MonthlyIncome,relative_plus_5,0.05,4266.0,4479.3,0.1794370938336495,0.17974002064533143,0.00030292681168192503,0.00030292681168192503,0,0,0,-1
gmsc,random_forest,46,MonthlyIncome,relative_plus_5,0.05,5400.0,5670.0,0.3159103257559534,0.32389439375536405,0.007984067999410649,0.007984067999410649,0,0,0,-1
gmsc,random_forest,47,MonthlyIncome,relative_plus_5,0.05,2000.0,2100.0,0.09990560036967194,0.09919187308836809,-0.0007137272813038525,0.0007137272813038525,0,0,0,-1
gmsc,random_forest,48,MonthlyIncome,relative_plus_5,0.05,5400.0,5670.0,0.12714889185513736,0.12892609713802156,0.0017772052828841922,0.0017772052828841922,0,0,0,-1
gmsc,random_forest,49,MonthlyIncome,relative_plus_5,0.05,3000.0,3150.0,0.0702107223085158,0.06975863386726024,-0.00045208844125556313,0.00045208844125556313,0,0,0,-1
gmsc,random_forest,50,MonthlyIncome,relative_plus_5,0.05,2216.0,2326.8,0.15265829520102106,0.15297638402586344,0.000318088824842383,0.000318088824842383,0,0,0,-1
gmsc,random_forest,51,MonthlyIncome,relative_plus_5,0.05,5400.0,5670.0,0.2628422782175456,0.2635507932314719,0.0007085150139263252,0.0007085150139263252,0,0,0,-1
gmsc,random_forest,52,MonthlyIncome,relative_plus_5,0.05,5400.0,5670.0,0.07756754455616102,0.08164837314329265,0.00408082858713163,0.00408082858713163,0,0,0,-1
gmsc,random_forest,53,MonthlyIncome,relative_plus_5,0.05,4583.0,4812.15,0.801766334910606,0.8003424627080706,-0.00142387220253537,0.00142387220253537,1,1,0,-1
gmsc,random_forest,54,MonthlyIncome,relative_plus_5,0.05,695.0,729.75,0.8582977428532704,0.8646325884040266,0.006334845550756141,0.006334845550756141,1,1,0,-1
gmsc,random_forest,55,MonthlyIncome,relative_plus_5,0.05,5400.0,5670.0,0.10544807655567226,0.10933137426501413,0.003883297709341871,0.003883297709341871,0,0,0,-1
gmsc,random_forest,56,MonthlyIncome,relative_plus_5,0.05,3500.0,3675.0,0.16614971558636332,0.16572226021066655,-0.0004274553756967725,0.0004274553756967725,0,0,0,-1
gmsc,random_forest,57,MonthlyIncome,relative_plus_5,0.05,1640.0,1722.0,0.5819136422191914,0.5819136422191916,2.220446049250313e-16,2.220446049250313e-16,1,1,0,-1
gmsc,random_forest,58,MonthlyIncome,relative_plus_5,0.05,3853.0,4045.65,0.7436704750418504,0.7444342755157831,0.0007638004739327631,0.0007638004739327631,1,1,0,-1
gmsc,random_forest,59,MonthlyIncome,relative_plus_5,0.05,5920.0,6216.0,0.587090829362347,0.5842990438042727,-0.0027917855580743556,0.0027917855580743556,1,1,0,-1
gmsc,random_forest,60,MonthlyIncome,relative_plus_5,0.05,5275.0,5538.75,0.1649034942951832,0.1570495720755538,-0.007853922219629383,0.007853922219629383,0,0,0,-1
gmsc,random_forest,61,MonthlyIncome,relative_plus_5,0.05,5347.0,5614.35,0.2942532697850684,0.29340320677817044,-0.0008500630068979387,0.0008500630068979387,0,0,0,-1
gmsc,random_forest,62,MonthlyIncome,relative_plus_5,0.05,10000.0,10500.0,0.5335320712885583,0.5329914462876396,-0.0005406250009186708,0.0005406250009186708,1,1,0,-1
gmsc,random_forest,63,MonthlyIncome,relative_plus_5,0.05,12500.0,13125.0,0.13289866287150406,0.13289866287150406,0.0,0.0,0,0,0,-1
gmsc,random_forest,64,MonthlyIncome,relative_plus_5,0.05,12959.0,13606.95,0.2665313715697186,0.26308663536050286,-0.0034447362092157596,0.0034447362092157596,0,0,0,-1
gmsc,random_forest,65,MonthlyIncome,relative_plus_5,0.05,8750.0,9187.5,0.5063899923778815,0.5065722260615009,0.00018223368361935943,0.00018223368361935943,1,1,0,-1
gmsc,random_forest,66,MonthlyIncome,relative_plus_5,0.05,3900.0,4095.0,0.1736576827952704,0.17193020305651704,-0.001727479738753368,0.001727479738753368,0,0,0,-1
gmsc,random_forest,67,MonthlyIncome,relative_plus_5,0.05,3899.0,4093.95,0.4600211443798788,0.46136262850186627,0.0013414841219874796,0.0013414841219874796,0,0,0,-1
gmsc,random_forest,68,MonthlyIncome,relative_plus_5,0.05,11500.0,12075.0,0.14330478155243379,0.1433047815524338,2.7755575615628914e-17,2.7755575615628914e-17,0,0,0,-1
gmsc,random_forest,69,MonthlyIncome,relative_plus_5,0.05,5000.0,5250.0,0.3889070815939389,0.38721839496117727,-0.0016886866327616157,0.0016886866327616157,0,0,0,-1
gmsc,random_forest,70,MonthlyIncome,relative_plus_5,0.05,4281.0,4495.05,0.4193795781899724,0.4157283902395133,-0.0036511879504591005,0.0036511879504591005,0,0,0,-1
gmsc,random_forest,71,MonthlyIncome,relative_plus_5,0.05,0.0,270.0,0.17008515516847897,0.17057605635541895,0.0004909011869399793,0.0004909011869399793,0,0,0,-1
gmsc,random_forest,72,MonthlyIncome,relative_plus_5,0.05,2500.0,2625.0,0.20907874085396658,0.20916375269190143,8.501183793485634e-05,8.501183793485634e-05,0,0,0,-1
gmsc,random_forest,73,MonthlyIncome,relative_plus_5,0.05,5000.0,5250.0,0.365051631552107,0.3622284938918683,-0.002823137660238728,0.002823137660238728,0,0,0,-1
gmsc,random_forest,74,MonthlyIncome,relative_plus_5,0.05,2000.0,2100.0,0.2065140624206517,0.2065140624206517,0.0,0.0,0,0,0,-1
gmsc,random_forest,75,MonthlyIncome,relative_plus_5,0.05,5400.0,5670.0,0.526646966431903,0.5131264423554833,-0.013520524076419682,0.013520524076419682,1,1,0,-1
gmsc,random_forest,76,MonthlyIncome,relative_plus_5,0.05,9784.0,10273.2,0.12531638246166502,0.12474201843945334,-0.0005743640222116708,0.0005743640222116708,0,0,0,-1
gmsc,random_forest,77,MonthlyIncome,relative_plus_5,0.05,5400.0,5670.0,0.07799823819062678,0.08223792580671352,0.004239687616086743,0.004239687616086743,0,0,0,-1
gmsc,random_forest,78,MonthlyIncome,relative_plus_5,0.05,5400.0,5670.0,0.10359585418304888,0.10678127000215348,0.0031854158191046006,0.0031854158191046006,0,0,0,-1
gmsc,random_forest,79,MonthlyIncome,relative_plus_5,0.05,3400.0,3570.0,0.3455170212556861,0.3449433163680245,-0.0005737048876616191,0.0005737048876616191,0,0,0,-1
gmsc,random_forest,80,MonthlyIncome,relative_plus_5,0.05,5400.0,5670.0,0.2866632770366475,0.2943955856287774,0.007732308592129866,0.007732308592129866,0,0,0,-1
gmsc,random_forest,81,MonthlyIncome,relative_plus_5,0.05,3300.0,3465.0,0.17937720733779408,0.17683490234506058,-0.0025423049927335017,0.0025423049927335017,0,0,0,-1
gmsc,random_forest,82,MonthlyIncome,relative_plus_5,0.05,7943.0,8340.15,0.4339743246902932,0.4333466185807128,-0.000627706109580406,0.000627706109580406,0,0,0,-1
gmsc,random_forest,83,MonthlyIncome,relative_plus_5,0.05,4327.0,4543.35,0.1141917331465753,0.11318999364718915,-0.001001739499386145,0.001001739499386145,0,0,0,-1
gmsc,random_forest,84,MonthlyIncome,relative_plus_5,0.05,4583.0,4812.15,0.59110890429795,0.5920071058725331,0.0008982015745830907,0.0008982015745830907,1,1,0,-1
gmsc,random_forest,85,MonthlyIncome,relative_plus_5,0.05,4077.0,4280.85,0.10713867731747691,0.10585350385106773,-0.0012851734664091757,0.0012851734664091757,0,0,0,-1
gmsc,random_forest,86,MonthlyIncome,relative_plus_5,0.05,2430.0,2551.5,0.16567388899210891,0.16493438766497784,-0.0007395013271310757,0.0007395013271310757,0,0,0,-1
gmsc,random_forest,87,MonthlyIncome,relative_plus_5,0.05,5400.0,5670.0,0.14884578185477607,0.15028680033091912,0.0014410184761430578,0.0014410184761430578,0,0,0,-1
gmsc,random_forest,88,MonthlyIncome,relative_plus_5,0.05,5400.0,5670.0,0.17254421040384832,0.17254421040384826,-5.551115123125783e-17,5.551115123125783e-17,0,0,0,-1
gmsc,random_forest,89,MonthlyIncome,relative_plus_5,0.05,6250.0,6562.5,0.4356553338681073,0.4350092565397902,-0.0006460773283170629,0.0006460773283170629,0,0,0,-1
gmsc,random_forest,90,MonthlyIncome,relative_plus_5,0.05,5400.0,5670.0,0.07549253017751428,0.07973221779360105,0.004239687616086771,0.004239687616086771,0,0,0,-1
gmsc,random_forest,91,MonthlyIncome,relative_plus_5,0.05,9645.0,10127.25,0.1823130815219747,0.18247666488287656,0.00016358336090185888,0.00016358336090185888,0,0,0,-1
gmsc,random_forest,92,MonthlyIncome,relative_plus_5,0.05,5400.0,5670.0,0.0932513558600773,0.09733218444720891,0.004080828587131616,0.004080828587131616,0,0,0,-1
gmsc,random_forest,93,MonthlyIncome,relative_plus_5,0.05,5400.0,5670.0,0.12998718901704973,0.13745239504816506,0.0074652060311153345,0.0074652060311153345,0,0,0,-1
gmsc,random_forest,94,MonthlyIncome,relative_plus_5,0.05,2481.0,2605.05,0.11645345924668923,0.11607542923144352,-0.0003780300152457089,0.0003780300152457089,0,0,0,-1
gmsc,random_forest,95,MonthlyIncome,relative_plus_5,0.05,9916.0,10411.8,0.18825767339402502,0.1902229539403726,0.001965280546347592,0.001965280546347592,0,0,0,-1
gmsc,random_forest,96,MonthlyIncome,relative_plus_5,0.05,10000.0,10500.0,0.14751307642369796,0.14751307642369796,0.0,0.0,0,0,0,-1
gmsc,random_forest,97,MonthlyIncome,relative_plus_5,0.05,5400.0,5670.0,0.1601265267080067,0.1607160162665285,0.0005894895585218107,0.0005894895585218107,0,0,0,-1
gmsc,random_forest,98,MonthlyIncome,relative_plus_5,0.05,6353.0,6670.65,0.2792883685617908,0.27960390380422545,0.00031553524243466136,0.00031553524243466136,0,0,0,-1
gmsc,random_forest,99,MonthlyIncome,relative_plus_5,0.05,3100.0,3255.0,0.8587567687347458,0.8587567687347458,0.0,0.0,1,1,0,-1
gmsc,random_forest,0,MonthlyIncome,relative_minus_10,-0.1,12000.0,13200.0,0.12448314782663561,0.12615784255993168,0.001674694733296067,0.001674694733296067,0,0,0,-1
gmsc,random_forest,1,MonthlyIncome,relative_minus_10,-0.1,9800.0,10780.0,0.12575902714321507,0.12516295299877794,-0.0005960741444371309,0.0005960741444371309,0,0,0,-1
gmsc,random_forest,2,MonthlyIncome,relative_minus_10,-0.1,5400.0,5940.0,0.07737496123247078,0.08248631893775696,0.005111357705286174,0.005111357705286174,0,0,0,-1
gmsc,random_forest,3,MonthlyIncome,relative_minus_10,-0.1,2916.0,3207.6,0.2222470545521674,0.21865783196466812,-0.0035892225874992745,0.0035892225874992745,0,0,0,-1
gmsc,random_forest,4,MonthlyIncome,relative_minus_10,-0.1,3076.0,3383.6,0.16593632439170214,0.16580172893272435,-0.00013459545897778757,0.00013459545897778757,0,0,0,-1
gmsc,random_forest,5,MonthlyIncome,relative_minus_10,-0.1,6015.0,6616.5,0.20005511957959218,0.2006903875182806,0.0006352679386884275,0.0006352679386884275,0,0,0,-1
gmsc,random_forest,6,MonthlyIncome,relative_minus_10,-0.1,6913.0,7604.3,0.24736845321604625,0.24815415256762005,0.0007856993515737987,0.0007856993515737987,0,0,0,-1
gmsc,random_forest,7,MonthlyIncome,relative_minus_10,-0.1,13333.0,14666.3,0.2020807786711973,0.2017144254262418,-0.000366353244955514,0.000366353244955514,0,0,0,-1
gmsc,random_forest,8,MonthlyIncome,relative_minus_10,-0.1,7000.0,7700.0,0.16030677171113558,0.16004188586621051,-0.00026488584492506684,0.00026488584492506684,0,0,0,-1
gmsc,random_forest,9,MonthlyIncome,relative_minus_10,-0.1,3875.0,4262.5,0.44585372419624947,0.4408067530579595,-0.005046971138289946,0.005046971138289946,0,0,0,-1
gmsc,random_forest,10,MonthlyIncome,relative_minus_10,-0.1,5833.0,6416.3,0.3047745297393056,0.3047949563344459,2.042659514034373e-05,2.042659514034373e-05,0,0,0,-1
gmsc,random_forest,11,MonthlyIncome,relative_minus_10,-0.1,10583.0,11641.3,0.2817436317150431,0.28130848718350265,-0.0004351445315404212,0.0004351445315404212,0,0,0,-1
gmsc,random_forest,12,MonthlyIncome,relative_minus_10,-0.1,5400.0,5940.0,0.07579737355923029,0.08068074134215478,0.004883367782924489,0.004883367782924489,0,0,0,-1
gmsc,random_forest,13,MonthlyIncome,relative_minus_10,-0.1,5400.0,5940.0,0.8725178860518772,0.8667049239543648,-0.005812962097512364,0.005812962097512364,1,1,0,-1
gmsc,random_forest,14,MonthlyIncome,relative_minus_10,-0.1,5400.0,5940.0,0.39620212705125957,0.39112880705084524,-0.0050733200004143275,0.0050733200004143275,0,0,0,-1
gmsc,random_forest,15,MonthlyIncome,relative_minus_10,-0.1,12500.0,13750.0,0.358132684091735,0.35665746816404575,-0.001475215927689233,0.001475215927689233,0,0,0,-1
gmsc,random_forest,16,MonthlyIncome,relative_minus_10,-0.1,6000.0,6600.0,0.4951408704187556,0.4911159290097615,-0.0040249414089941205,0.0040249414089941205,0,0,0,-1
gmsc,random_forest,17,MonthlyIncome,relative_minus_10,-0.1,5400.0,5940.0,0.1565391154880974,0.15925621225656925,0.002717096768471844,0.002717096768471844,0,0,0,-1
gmsc,random_forest,18,MonthlyIncome,relative_minus_10,-0.1,11362.0,12498.2,0.4933265396567783,0.4957285240375332,0.0024019843807548957,0.0024019843807548957,0,0,0,-1
gmsc,random_forest,19,MonthlyIncome,relative_minus_10,-0.1,11666.0,12832.6,0.33709665441513037,0.33033589356003856,-0.0067607608550918075,0.0067607608550918075,0,0,0,-1
gmsc,random_forest,20,MonthlyIncome,relative_minus_10,-0.1,12416.0,13657.6,0.125253843611223,0.12488749036626745,-0.0003663532449555418,0.0003663532449555418,0,0,0,-1
gmsc,random_forest,21,MonthlyIncome,relative_minus_10,-0.1,0.0,540.0,0.1384442554842199,0.13658991274410184,-0.001854342740118059,0.001854342740118059,0,0,0,-1
gmsc,random_forest,22,MonthlyIncome,relative_minus_10,-0.1,8134.0,8947.4,0.10721005514231308,0.10738470648193169,0.0001746513396186089,0.0001746513396186089,0,0,0,-1
gmsc,random_forest,23,MonthlyIncome,relative_minus_10,-0.1,9200.0,10120.0,0.14155973703643895,0.14130030975493238,-0.00025942728150657457,0.00025942728150657457,0,0,0,-1
gmsc,random_forest,24,MonthlyIncome,relative_minus_10,-0.1,2183.0,2401.3,0.08662915786666847,0.0866131793578191,-1.5978508849365247e-05,1.5978508849365247e-05,0,0,0,-1
gmsc,random_forest,25,MonthlyIncome,relative_minus_10,-0.1,2044.0,2248.4,0.498904333907652,0.498904333907652,0.0,0.0,0,0,0,-1
gmsc,random_forest,26,MonthlyIncome,relative_minus_10,-0.1,5400.0,5940.0,0.566313369934525,0.5537576050499757,-0.012555764884549236,0.012555764884549236,1,1,0,-1
gmsc,random_forest,27,MonthlyIncome,relative_minus_10,-0.1,3290.0,3619.0,0.1401781194818076,0.135557638132374,-0.004620481349433603,0.004620481349433603,0,0,0,-1
gmsc,random_forest,28,MonthlyIncome,relative_minus_10,-0.1,8333.0,9166.3,0.16169516515611407,0.16204969772848815,0.0003545325723740833,0.0003545325723740833,0,0,0,-1
gmsc,random_forest,29,MonthlyIncome,relative_minus_10,-0.1,10000.0,11000.0,0.10365705573378153,0.10388857230171512,0.0002315165679335901,0.0002315165679335901,0,0,0,-1
gmsc,random_forest,30,MonthlyIncome,relative_minus_10,-0.1,2945.0,3239.5,0.23541054599203737,0.23584992635682564,0.00043938036478827214,0.00043938036478827214,0,0,0,-1
gmsc,random_forest,31,MonthlyIncome,relative_minus_10,-0.1,5400.0,5940.0,0.1471176133232665,0.15024052180808045,0.0031229084848139466,0.0031229084848139466,0,0,0,-1
gmsc,random_forest,32,MonthlyIncome,relative_minus_10,-0.1,3500.0,3850.0,0.19156208452759005,0.18607397892816208,-0.005488105599427973,0.005488105599427973,0,0,0,-1
gmsc,random_forest,33,MonthlyIncome,relative_minus_10,-0.1,6400.0,7040.0,0.0986278280958683,0.098220128220868,-0.0004076998750003058,0.0004076998750003058,0,0,0,-1
gmsc,random_forest,34,MonthlyIncome,relative_minus_10,-0.1,6667.0,7333.7,0.6110458318906421,0.6130417393152131,0.0019959074245710084,0.0019959074245710084,1,1,0,-1
gmsc,random_forest,35,MonthlyIncome,relative_minus_10,-0.1,4500.0,4950.0,0.6296792388822089,0.6280053983534182,-0.0016738405287907154,0.0016738405287907154,1,1,0,-1
gmsc,random_forest,36,MonthlyIncome,relative_minus_10,-0.1,4917.0,5408.7,0.35220418744329696,0.34847245920718456,-0.003731728236112397,0.003731728236112397,0,0,0,-1
gmsc,random_forest,37,MonthlyIncome,relative_minus_10,-0.1,5400.0,5940.0,0.5127242820218618,0.5118577445051367,-0.0008665375167251632,0.0008665375167251632,1,1,0,-1
gmsc,random_forest,38,MonthlyIncome,relative_minus_10,-0.1,19237.0,21160.7,0.25511103636130245,0.2560598132172906,0.0009487768559881538,0.0009487768559881538,0,0,0,-1
gmsc,random_forest,39,MonthlyIncome,relative_minus_10,-0.1,2610.0,2871.0,0.25436458779402354,0.2543645877940236,5.551115123125783e-17,5.551115123125783e-17,0,0,0,-1
gmsc,random_forest,40,MonthlyIncome,relative_minus_10,-0.1,8850.0,9735.0,0.15364664040859202,0.15433781984389663,0.0006911794353046119,0.0006911794353046119,0,0,0,-1
gmsc,random_forest,41,MonthlyIncome,relative_minus_10,-0.1,1833.0,2016.3,0.21481465988917767,0.21607878722950546,0.0012641273403277975,0.0012641273403277975,0,0,0,-1
gmsc,random_forest,42,MonthlyIncome,relative_minus_10,-0.1,4799.0,5278.9,0.1501088987333263,0.14985582139435724,-0.0002530773389690655,0.0002530773389690655,0,0,0,-1
gmsc,random_forest,43,MonthlyIncome,relative_minus_10,-0.1,5400.0,5940.0,0.36253642583455215,0.3603926831301819,-0.002143742704370233,0.002143742704370233,0,0,0,-1
gmsc,random_forest,44,MonthlyIncome,relative_minus_10,-0.1,6331.0,6964.1,0.13721131938118405,0.13473656607363316,-0.0024747533075508976,0.0024747533075508976,0,0,0,-1
gmsc,random_forest,45,MonthlyIncome,relative_minus_10,-0.1,4266.0,4692.6,0.1794370938336495,0.1795313088549463,9.421502129680626e-05,9.421502129680626e-05,0,0,0,-1
gmsc,random_forest,46,MonthlyIncome,relative_minus_10,-0.1,5400.0,5940.0,0.3159103257559534,0.3228669612174763,0.00695663546152292,0.00695663546152292,0,0,0,-1
gmsc,random_forest,47,MonthlyIncome,relative_minus_10,-0.1,2000.0,2200.0,0.09990560036967194,0.0994034772297613,-0.0005021231399106457,0.0005021231399106457,0,0,0,-1
gmsc,random_forest,48,MonthlyIncome,relative_minus_10,-0.1,5400.0,5940.0,0.12714889185513736,0.13004933576584585,0.0029004439107084834,0.0029004439107084834,0,0,0,-1
gmsc,random_forest,49,MonthlyIncome,relative_minus_10,-0.1,3000.0,3300.0,0.0702107223085158,0.06962449611236937,-0.0005862261961464277,0.0005862261961464277,0,0,0,-1
gmsc,random_forest,50,MonthlyIncome,relative_minus_10,-0.1,2216.0,2437.6,0.15265829520102106,0.15297638402586347,0.00031808882484241074,0.00031808882484241074,0,0,0,-1
gmsc,random_forest,51,MonthlyIncome,relative_minus_10,-0.1,5400.0,5940.0,0.2628422782175456,0.26537289869458475,0.0025306204770391694,0.0025306204770391694,0,0,0,-1
gmsc,random_forest,52,MonthlyIncome,relative_minus_10,-0.1,5400.0,5940.0,0.07756754455616102,0.08245091233908555,0.00488336778292453,0.00488336778292453,0,0,0,-1
gmsc,random_forest,53,MonthlyIncome,relative_minus_10,-0.1,4583.0,5041.3,0.801766334910606,0.8015613454947359,-0.00020498941587010489,0.00020498941587010489,1,1,0,-1
gmsc,random_forest,54,MonthlyIncome,relative_minus_10,-0.1,695.0,764.5,0.8582977428532704,0.8709594004798688,0.012661657626598322,0.012661657626598322,1,1,0,-1
gmsc,random_forest,55,MonthlyIncome,relative_minus_10,-0.1,5400.0,5940.0,0.10544807655567226,0.11081778940411949,0.005369712848447228,0.005369712848447228,0,0,0,-1
gmsc,random_forest,56,MonthlyIncome,relative_minus_10,-0.1,3500.0,3850.0,0.16614971558636332,0.1651676329872219,-0.0009820825991414261,0.0009820825991414261,0,0,0,-1
gmsc,random_forest,57,MonthlyIncome,relative_minus_10,-0.1,1640.0,1804.0,0.5819136422191914,0.5819136422191915,1.1102230246251565e-16,1.1102230246251565e-16,1,1,0,-1
gmsc,random_forest,58,MonthlyIncome,relative_minus_10,-0.1,3853.0,4238.3,0.7436704750418504,0.7433104878411456,-0.00035998720070473667,0.00035998720070473667,1,1,0,-1
gmsc,random_forest,59,MonthlyIncome,relative_minus_10,-0.1,5920.0,6512.0,0.587090829362347,0.583573566299596,-0.0035172630627510193,0.0035172630627510193,1,1,0,-1
gmsc,random_forest,60,MonthlyIncome,relative_minus_10,-0.1,5275.0,5802.5,0.1649034942951832,0.15704957207555387,-0.007853922219629328,0.007853922219629328,0,0,0,-1
gmsc,random_forest,61,MonthlyIncome,relative_minus_10,-0.1,5347.0,5881.7,0.2942532697850684,0.2938586527342466,-0.0003946170508217772,0.0003946170508217772,0,0,0,-1
gmsc,random_forest,62,MonthlyIncome,relative_minus_10,-0.1,10000.0,11000.0,0.5335320712885583,0.5329914462876397,-0.0005406250009185598,0.0005406250009185598,1,1,0,-1
gmsc,random_forest,63,MonthlyIncome,relative_minus_10,-0.1,12500.0,13750.0,0.13289866287150406,0.13253230962654855,-0.000366353244955514,0.000366353244955514,0,0,0,-1
gmsc,random_forest,64,MonthlyIncome,relative_minus_10,-0.1,12959.0,14254.9,0.2665313715697186,0.26236705200317095,-0.0041643195665476695,0.0041643195665476695,0,0,0,-1
gmsc,random_forest,65,MonthlyIncome,relative_minus_10,-0.1,8750.0,9625.0,0.5063899923778815,0.5003629816257348,-0.006027010752146733,0.006027010752146733,1,1,0,-1
gmsc,random_forest,66,MonthlyIncome,relative_minus_10,-0.1,3900.0,4290.0,0.1736576827952704,0.17130927914231436,-0.0023484036529560492,0.0023484036529560492,0,0,0,-1
gmsc,random_forest,67,MonthlyIncome,relative_minus_10,-0.1,3899.0,4288.9,0.4600211443798788,0.4618248161096098,0.0018036717297310045,0.0018036717297310045,0,0,0,-1
gmsc,random_forest,68,MonthlyIncome,relative_minus_10,-0.1,11500.0,12650.0,0.14330478155243379,0.14392405386638996,0.0006192723139561707,0.0006192723139561707,0,0,0,-1
gmsc,random_forest,69,MonthlyIncome,relative_minus_10,-0.1,5000.0,5500.0,0.3889070815939389,0.3778647039694666,-0.0110423776244723,0.0110423776244723,0,0,0,-1
gmsc,random_forest,70,MonthlyIncome,relative_minus_10,-0.1,4281.0,4709.1,0.4193795781899724,0.41446779729706196,-0.0049117808929104445,0.0049117808929104445,0,0,0,-1
gmsc,random_forest,71,MonthlyIncome,relative_minus_10,-0.1,0.0,540.0,0.17008515516847897,0.17152567726892548,0.0014405221004465119,0.0014405221004465119,0,0,0,-1
gmsc,random_forest,72,MonthlyIncome,relative_minus_10,-0.1,2500.0,2750.0,0.20907874085396658,0.2091637526919015,8.501183793491185e-05,8.501183793491185e-05,0,0,0,-1
gmsc,random_forest,73,MonthlyIncome,relative_minus_10,-0.1,5000.0,5500.0,0.365051631552107,0.34878159504002954,-0.01627003651207748,0.01627003651207748,0,0,0,-1
gmsc,random_forest,74,MonthlyIncome,relative_minus_10,-0.1,2000.0,2200.0,0.2065140624206517,0.20651406242065176,5.551115123125783e-17,5.551115123125783e-17,0,0,0,-1
gmsc,random_forest,75,MonthlyIncome,relative_minus_10,-0.1,5400.0,5940.0,0.526646966431903,0.5148290713442466,-0.011817895087656405,0.011817895087656405,1,1,0,-1
gmsc,random_forest,76,MonthlyIncome,relative_minus_10,-0.1,9784.0,10762.4,0.12531638246166502,0.12487029148584891,-0.0004460909758161047,0.0004460909758161047,0,0,0,-1
gmsc,random_forest,77,MonthlyIncome,relative_minus_10,-0.1,5400.0,5940.0,0.07799823819062678,0.0832684549248681,0.005270216734241329,0.005270216734241329,0,0,0,-1
gmsc,random_forest,78,MonthlyIncome,relative_minus_10,-0.1,5400.0,5940.0,0.10359585418304888,0.10790450862997777,0.004308654446928892,0.004308654446928892,0,0,0,-1
gmsc,random_forest,79,MonthlyIncome,relative_minus_10,-0.1,3400.0,3740.0,0.3455170212556861,0.3435971546042075,-0.001919866651478641,0.001919866651478641,0,0,0,-1
gmsc,random_forest,80,MonthlyIncome,relative_minus_10,-0.1,5400.0,5940.0,0.2866632770366475,0.29336815309088954,0.006704876054242026,0.006704876054242026,0,0,0,-1
gmsc,random_forest,81,MonthlyIncome,relative_minus_10,-0.1,3300.0,3630.0,0.17937720733779408,0.17569691022192663,-0.0036802971158674536,0.0036802971158674536,0,0,0,-1
gmsc,random_forest,82,MonthlyIncome,relative_minus_10,-0.1,7943.0,8737.3,0.4339743246902932,0.43234612727600613,-0.001628197414287047,0.001628197414287047,0,0,0,-1
gmsc,random_forest,83,MonthlyIncome,relative_minus_10,-0.1,4327.0,4759.7,0.1141917331465753,0.11255860000273053,-0.0016331331438447644,0.0016331331438447644,0,0,0,-1
gmsc,random_forest,84,MonthlyIncome,relative_minus_10,-0.1,4583.0,5041.3,0.59110890429795,0.5889224051059122,-0.0021864991920378385,0.0021864991920378385,1,1,0,-1
gmsc,random_forest,85,MonthlyIncome,relative_minus_10,-0.1,4077.0,4484.7,0.10713867731747691,0.10506112977970856,-0.0020775475377683428,0.0020775475377683428,0,0,0,-1
gmsc,random_forest,86,MonthlyIncome,relative_minus_10,-0.1,2430.0,2673.0,0.16567388899210891,0.16493438766497787,-0.000739501327131048,0.000739501327131048,0,0,0,-1
gmsc,random_forest,87,MonthlyIncome,relative_minus_10,-0.1,5400.0,5940.0,0.14884578185477607,0.15164799090755862,0.002802209052782556,0.002802209052782556,0,0,0,-1
gmsc,random_forest,88,MonthlyIncome,relative_minus_10,-0.1,5400.0,5940.0,0.17254421040384832,0.1733467495996412,0.0008025391957928729,0.0008025391957928729,0,0,0,-1
gmsc,random_forest,89,MonthlyIncome,relative_minus_10,-0.1,6250.0,6875.0,0.4356553338681073,0.4302819566161701,-0.005373377251937206,0.005373377251937206,0,0,0,-1
gmsc,random_forest,90,MonthlyIncome,relative_minus_10,-0.1,5400.0,5940.0,0.07549253017751428,0.08076274691175561,0.005270216734241329,0.005270216734241329,0,0,0,-1
gmsc,random_forest,91,MonthlyIncome,relative_minus_10,-0.1,9645.0,10609.5,0.1823130815219747,0.18215663813004315,-0.00015644339193154888,0.00015644339193154888,0,0,0,-1
gmsc,random_forest,92,MonthlyIncome,relative_minus_10,-0.1,5400.0,5940.0,0.0932513558600773,0.09845542307503322,0.005204067214955921,0.005204067214955921,0,0,0,-1
gmsc,random_forest,93,MonthlyIncome,relative_minus_10,-0.1,5400.0,5940.0,0.12998718901704973,0.13866010287825165,0.00867291386120192,0.00867291386120192,0,0,0,-1
gmsc,random_forest,94,MonthlyIncome,relative_minus_10,-0.1,2481.0,2729.1,0.11645345924668923,0.11643135873808154,-2.2100508607694747e-05,2.2100508607694747e-05,0,0,0,-1
gmsc,random_forest,95,MonthlyIncome,relative_minus_10,-0.1,9916.0,10907.6,0.18825767339402502,0.18898502244978352,0.0007273490557584972,0.0007273490557584972,0,0,0,-1
gmsc,random_forest,96,MonthlyIncome,relative_minus_10,-0.1,10000.0,11000.0,0.14751307642369796,0.147513076423698,2.7755575615628914e-17,2.7755575615628914e-17,0,0,0,-1
gmsc,random_forest,97,MonthlyIncome,relative_minus_10,-0.1,5400.0,5940.0,0.1601265267080067,0.16309516570080304,0.002968638992796341,0.002968638992796341,0,0,0,-1
gmsc,random_forest,98,MonthlyIncome,relative_minus_10,-0.1,6353.0,6988.3,0.2792883685617908,0.2790677981842271,-0.00022057037756367803,0.00022057037756367803,0,0,0,-1
gmsc,random_forest,99,MonthlyIncome,relative_minus_10,-0.1,3100.0,3410.0,0.8587567687347458,0.8584563549423617,-0.00030041379238410215,0.00030041379238410215,1,1,0,-1
gmsc,random_forest,0,MonthlyIncome,relative_plus_10,0.1,12000.0,13200.0,0.12448314782663561,0.12615784255993168,0.001674694733296067,0.001674694733296067,0,0,0,-1
gmsc,random_forest,1,MonthlyIncome,relative_plus_10,0.1,9800.0,10780.0,0.12575902714321507,0.12516295299877792,-0.0005960741444371587,0.0005960741444371587,0,0,0,-1
gmsc,random_forest,2,MonthlyIncome,relative_plus_10,0.1,5400.0,5940.0,0.07737496123247078,0.08248631893775694,0.00511135770528616,0.00511135770528616,0,0,0,-1
gmsc,random_forest,3,MonthlyIncome,relative_plus_10,0.1,2916.0,3207.6,0.2222470545521674,0.21865783196466823,-0.0035892225874991635,0.0035892225874991635,0,0,0,-1
gmsc,random_forest,4,MonthlyIncome,relative_plus_10,0.1,3076.0,3383.6,0.16593632439170214,0.16580172893272438,-0.00013459545897775982,0.00013459545897775982,0,0,0,-1
gmsc,random_forest,5,MonthlyIncome,relative_plus_10,0.1,6015.0,6616.5,0.20005511957959218,0.2006903875182806,0.0006352679386884275,0.0006352679386884275,0,0,0,-1
gmsc,random_forest,6,MonthlyIncome,relative_plus_10,0.1,6913.0,7604.3,0.24736845321604625,0.24815415256762013,0.0007856993515738819,0.0007856993515738819,0,0,0,-1
gmsc,random_forest,7,MonthlyIncome,relative_plus_10,0.1,13333.0,14666.3,0.2020807786711973,0.20171442542624182,-0.00036635324495548627,0.00036635324495548627,0,0,0,-1
gmsc,random_forest,8,MonthlyIncome,relative_plus_10,0.1,7000.0,7700.0,0.16030677171113558,0.1600418858662105,-0.0002648858449250946,0.0002648858449250946,0,0,0,-1
gmsc,random_forest,9,MonthlyIncome,relative_plus_10,0.1,3875.0,4262.5,0.44585372419624947,0.4408067530579596,-0.005046971138289891,0.005046971138289891,0,0,0,-1
gmsc,random_forest,10,MonthlyIncome,relative_plus_10,0.1,5833.0,6416.3,0.3047745297393056,0.30479495633444575,2.0426595140177195e-05,2.0426595140177195e-05,0,0,0,-1
gmsc,random_forest,11,MonthlyIncome,relative_plus_10,0.1,10583.0,11641.3,0.2817436317150431,0.2813084871835027,-0.0004351445315403657,0.0004351445315403657,0,0,0,-1
gmsc,random_forest,12,MonthlyIncome,relative_plus_10,0.1,5400.0,5940.0,0.07579737355923029,0.0806807413421548,0.0048833677829245165,0.0048833677829245165,0,0,0,-1
gmsc,random_forest,13,MonthlyIncome,relative_plus_10,0.1,5400.0,5940.0,0.8725178860518772,0.8667049239543648,-0.005812962097512364,0.005812962097512364,1,1,0,-1
gmsc,random_forest,14,MonthlyIncome,relative_plus_10,0.1,5400.0,5940.0,0.39620212705125957,0.3911288070508452,-0.005073320000414383,0.005073320000414383,0,0,0,-1
gmsc,random_forest,15,MonthlyIncome,relative_plus_10,0.1,12500.0,13750.0,0.358132684091735,0.35665746816404575,-0.001475215927689233,0.001475215927689233,0,0,0,-1
gmsc,random_forest,16,MonthlyIncome,relative_plus_10,0.1,6000.0,6600.0,0.4951408704187556,0.4911159290097615,-0.0040249414089941205,0.0040249414089941205,0,0,0,-1
gmsc,random_forest,17,MonthlyIncome,relative_plus_10,0.1,5400.0,5940.0,0.1565391154880974,0.15925621225656925,0.002717096768471844,0.002717096768471844,0,0,0,-1
gmsc,random_forest,18,MonthlyIncome,relative_plus_10,0.1,11362.0,12498.2,0.4933265396567783,0.49572852403753304,0.002401984380754729,0.002401984380754729,0,0,0,-1
gmsc,random_forest,19,MonthlyIncome,relative_plus_10,0.1,11666.0,12832.6,0.33709665441513037,0.33033589356003856,-0.0067607608550918075,0.0067607608550918075,0,0,0,-1
gmsc,random_forest,20,MonthlyIncome,relative_plus_10,0.1,12416.0,13657.6,0.125253843611223,0.12488749036626741,-0.0003663532449555834,0.0003663532449555834,0,0,0,-1
gmsc,random_forest,21,MonthlyIncome,relative_plus_10,0.1,0.0,540.0,0.1384442554842199,0.13658991274410184,-0.001854342740118059,0.001854342740118059,0,0,0,-1
gmsc,random_forest,22,MonthlyIncome,relative_plus_10,0.1,8134.0,8947.4,0.10721005514231308,0.10738470648193171,0.00017465133961863666,0.00017465133961863666,0,0,0,-1
gmsc,random_forest,23,MonthlyIncome,relative_plus_10,0.1,9200.0,10120.0,0.14155973703643895,0.14130030975493238,-0.00025942728150657457,0.00025942728150657457,0,0,0,-1
gmsc,random_forest,24,MonthlyIncome,relative_plus_10,0.1,2183.0,2401.3,0.08662915786666847,0.0866131793578191,-1.5978508849365247e-05,1.5978508849365247e-05,0,0,0,-1
gmsc,random_forest,25,MonthlyIncome,relative_plus_10,0.1,2044.0,2248.4,0.498904333907652,0.49890433390765215,1.6653345369377348e-16,1.6653345369377348e-16,0,0,0,-1
gmsc,random_forest,26,MonthlyIncome,relative_plus_10,0.1,5400.0,5940.0,0.566313369934525,0.5537576050499758,-0.012555764884549125,0.012555764884549125,1,1,0,-1
gmsc,random_forest,27,MonthlyIncome,relative_plus_10,0.1,3290.0,3619.0,0.1401781194818076,0.135557638132374,-0.004620481349433603,0.004620481349433603,0,0,0,-1
gmsc,random_forest,28,MonthlyIncome,relative_plus_10,0.1,8333.0,9166.3,0.16169516515611407,0.16204969772848815,0.0003545325723740833,0.0003545325723740833,0,0,0,-1
gmsc,random_forest,29,MonthlyIncome,relative_plus_10,0.1,10000.0,11000.0,0.10365705573378153,0.10388857230171512,0.0002315165679335901,0.0002315165679335901,0,0,0,-1
gmsc,random_forest,30,MonthlyIncome,relative_plus_10,0.1,2945.0,3239.5,0.23541054599203737,0.23584992635682567,0.0004393803647882999,0.0004393803647882999,0,0,0,-1
gmsc,random_forest,31,MonthlyIncome,relative_plus_10,0.1,5400.0,5940.0,0.1471176133232665,0.15024052180808045,0.0031229084848139466,0.0031229084848139466,0,0,0,-1
gmsc,random_forest,32,MonthlyIncome,relative_plus_10,0.1,3500.0,3850.0,0.19156208452759005,0.18607397892816205,-0.005488105599428,0.005488105599428,0,0,0,-1
gmsc,random_forest,33,MonthlyIncome,relative_plus_10,0.1,6400.0,7040.0,0.0986278280958683,0.09822012822086801,-0.0004076998750002919,0.0004076998750002919,0,0,0,-1
gmsc,random_forest,34,MonthlyIncome,relative_plus_10,0.1,6667.0,7333.7,0.6110458318906421,0.6130417393152132,0.0019959074245711195,0.0019959074245711195,1,1,0,-1
gmsc,random_forest,35,MonthlyIncome,relative_plus_10,0.1,4500.0,4950.0,0.6296792388822089,0.6280053983534182,-0.0016738405287907154,0.0016738405287907154,1,1,0,-1
gmsc,random_forest,36,MonthlyIncome,relative_plus_10,0.1,4917.0,5408.7,0.35220418744329696,0.34847245920718456,-0.003731728236112397,0.003731728236112397,0,0,0,-1
gmsc,random_forest,37,MonthlyIncome,relative_plus_10,0.1,5400.0,5940.0,0.5127242820218618,0.5118577445051367,-0.0008665375167251632,0.0008665375167251632,1,1,0,-1
gmsc,random_forest,38,MonthlyIncome,relative_plus_10,0.1,19237.0,21160.7,0.25511103636130245,0.2560598132172906,0.0009487768559881538,0.0009487768559881538,0,0,0,-1
gmsc,random_forest,39,MonthlyIncome,relative_plus_10,0.1,2610.0,2871.0,0.25436458779402354,0.2543645877940236,5.551115123125783e-17,5.551115123125783e-17,0,0,0,-1
gmsc,random_forest,40,MonthlyIncome,relative_plus_10,0.1,8850.0,9735.0,0.15364664040859202,0.1543378198438966,0.0006911794353045841,0.0006911794353045841,0,0,0,-1
gmsc,random_forest,41,MonthlyIncome,relative_plus_10,0.1,1833.0,2016.3,0.21481465988917767,0.21607878722950546,0.0012641273403277975,0.0012641273403277975,0,0,0,-1
gmsc,random_forest,42,MonthlyIncome,relative_plus_10,0.1,4799.0,5278.9,0.1501088987333263,0.14985582139435724,-0.0002530773389690655,0.0002530773389690655,0,0,0,-1
gmsc,random_forest,43,MonthlyIncome,relative_plus_10,0.1,5400.0,5940.0,0.36253642583455215,0.36039268313018197,-0.0021437427043701773,0.0021437427043701773,0,0,0,-1
gmsc,random_forest,44,MonthlyIncome,relative_plus_10,0.1,6331.0,6964.1,0.13721131938118405,0.13473656607363318,-0.00247475330755087,0.00247475330755087,0,0,0,-1
gmsc,random_forest,45,MonthlyIncome,relative_plus_10,0.1,4266.0,4692.6,0.1794370938336495,0.17953130885494623,9.421502129672299e-05,9.421502129672299e-05,0,0,0,-1
gmsc,random_forest,46,MonthlyIncome,relative_plus_10,0.1,5400.0,5940.0,0.3159103257559534,0.32286696121747627,0.006956635461522864,0.006956635461522864,0,0,0,-1
gmsc,random_forest,47,MonthlyIncome,relative_plus_10,0.1,2000.0,2200.0,0.09990560036967194,0.09940347722976131,-0.0005021231399106318,0.0005021231399106318,0,0,0,-1
gmsc,random_forest,48,MonthlyIncome,relative_plus_10,0.1,5400.0,5940.0,0.12714889185513736,0.13004933576584587,0.002900443910708511,0.002900443910708511,0,0,0,-1
gmsc,random_forest,49,MonthlyIncome,relative_plus_10,0.1,3000.0,3300.0,0.0702107223085158,0.06962449611236939,-0.0005862261961464138,0.0005862261961464138,0,0,0,-1
gmsc,random_forest,50,MonthlyIncome,relative_plus_10,0.1,2216.0,2437.6,0.15265829520102106,0.15297638402586347,0.00031808882484241074,0.00031808882484241074,0,0,0,-1
gmsc,random_forest,51,MonthlyIncome,relative_plus_10,0.1,5400.0,5940.0,0.2628422782175456,0.26537289869458475,0.0025306204770391694,0.0025306204770391694,0,0,0,-1
gmsc,random_forest,52,MonthlyIncome,relative_plus_10,0.1,5400.0,5940.0,0.07756754455616102,0.08245091233908555,0.00488336778292453,0.00488336778292453,0,0,0,-1
gmsc,random_forest,53,MonthlyIncome,relative_plus_10,0.1,4583.0,5041.3,0.801766334910606,0.8015613454947359,-0.00020498941587010489,0.00020498941587010489,1,1,0,-1
gmsc,random_forest,54,MonthlyIncome,relative_plus_10,0.1,695.0,764.5,0.8582977428532704,0.870959400479869,0.012661657626598544,0.012661657626598544,1,1,0,-1
gmsc,random_forest,55,MonthlyIncome,relative_plus_10,0.1,5400.0,5940.0,0.10544807655567226,0.11081778940411952,0.005369712848447256,0.005369712848447256,0,0,0,-1
gmsc,random_forest,56,MonthlyIncome,relative_plus_10,0.1,3500.0,3850.0,0.16614971558636332,0.16516763298722192,-0.0009820825991413984,0.0009820825991413984,0,0,0,-1
gmsc,random_forest,57,MonthlyIncome,relative_plus_10,0.1,1640.0,1804.0,0.5819136422191914,0.5819136422191915,1.1102230246251565e-16,1.1102230246251565e-16,1,1,0,-1
gmsc,random_forest,58,MonthlyIncome,relative_plus_10,0.1,3853.0,4238.3,0.7436704750418504,0.7433104878411457,-0.00035998720070462564,0.00035998720070462564,1,1,0,-1
gmsc,random_forest,59,MonthlyIncome,relative_plus_10,0.1,5920.0,6512.0,0.587090829362347,0.583573566299596,-0.0035172630627510193,0.0035172630627510193,1,1,0,-1
gmsc,random_forest,60,MonthlyIncome,relative_plus_10,0.1,5275.0,5802.5,0.1649034942951832,0.15704957207555384,-0.007853922219629356,0.007853922219629356,0,0,0,-1
gmsc,random_forest,61,MonthlyIncome,relative_plus_10,0.1,5347.0,5881.7,0.2942532697850684,0.2938586527342465,-0.00039461705082188825,0.00039461705082188825,0,0,0,-1
gmsc,random_forest,62,MonthlyIncome,relative_plus_10,0.1,10000.0,11000.0,0.5335320712885583,0.5329914462876397,-0.0005406250009185598,0.0005406250009185598,1,1,0,-1
gmsc,random_forest,63,MonthlyIncome,relative_plus_10,0.1,12500.0,13750.0,0.13289866287150406,0.13253230962654855,-0.000366353244955514,0.000366353244955514,0,0,0,-1
gmsc,random_forest,64,MonthlyIncome,relative_plus_10,0.1,12959.0,14254.9,0.2665313715697186,0.262367052003171,-0.004164319566547614,0.004164319566547614,0,0,0,-1
gmsc,random_forest,65,MonthlyIncome,relative_plus_10,0.1,8750.0,9625.0,0.5063899923778815,0.5003629816257348,-0.006027010752146733,0.006027010752146733,1,1,0,-1
gmsc,random_forest,66,MonthlyIncome,relative_plus_10,0.1,3900.0,4290.0,0.1736576827952704,0.17130927914231434,-0.002348403652956077,0.002348403652956077,0,0,0,-1
gmsc,random_forest,67,MonthlyIncome,relative_plus_10,0.1,3899.0,4288.9,0.4600211443798788,0.4618248161096098,0.0018036717297310045,0.0018036717297310045,0,0,0,-1
gmsc,random_forest,68,MonthlyIncome,relative_plus_10,0.1,11500.0,12650.0,0.14330478155243379,0.14392405386638998,0.0006192723139561984,0.0006192723139561984,0,0,0,-1
gmsc,random_forest,69,MonthlyIncome,relative_plus_10,0.1,5000.0,5500.0,0.3889070815939389,0.3778647039694665,-0.01104237762447241,0.01104237762447241,0,0,0,-1
gmsc,random_forest,70,MonthlyIncome,relative_plus_10,0.1,4281.0,4709.1,0.4193795781899724,0.4144677972970619,-0.0049117808929105,0.0049117808929105,0,0,0,-1
gmsc,random_forest,71,MonthlyIncome,relative_plus_10,0.1,0.0,540.0,0.17008515516847897,0.1715256772689255,0.0014405221004465396,0.0014405221004465396,0,0,0,-1
gmsc,random_forest,72,MonthlyIncome,relative_plus_10,0.1,2500.0,2750.0,0.20907874085396658,0.20916375269190146,8.50118379348841e-05,8.50118379348841e-05,0,0,0,-1
gmsc,random_forest,73,MonthlyIncome,relative_plus_10,0.1,5000.0,5500.0,0.365051631552107,0.3487815950400295,-0.016270036512077535,0.016270036512077535,0,0,0,-1
gmsc,random_forest,74,MonthlyIncome,relative_plus_10,0.1,2000.0,2200.0,0.2065140624206517,0.20651406242065173,2.7755575615628914e-17,2.7755575615628914e-17,0,0,0,-1
gmsc,random_forest,75,MonthlyIncome,relative_plus_10,0.1,5400.0,5940.0,0.526646966431903,0.5148290713442467,-0.011817895087656294,0.011817895087656294,1,1,0,-1
gmsc,random_forest,76,MonthlyIncome,relative_plus_10,0.1,9784.0,10762.4,0.12531638246166502,0.12487029148584888,-0.00044609097581613244,0.00044609097581613244,0,0,0,-1
gmsc,random_forest,77,MonthlyIncome,relative_plus_10,0.1,5400.0,5940.0,0.07799823819062678,0.08326845492486809,0.005270216734241315,0.005270216734241315,0,0,0,-1
gmsc,random_forest,78,MonthlyIncome,relative_plus_10,0.1,5400.0,5940.0,0.10359585418304888,0.10790450862997782,0.004308654446928933,0.004308654446928933,0,0,0,-1
gmsc,random_forest,79,MonthlyIncome,relative_plus_10,0.1,3400.0,3740.0,0.3455170212556861,0.3435971546042074,-0.0019198666514786966,0.0019198666514786966,0,0,0,-1
gmsc,random_forest,80,MonthlyIncome,relative_plus_10,0.1,5400.0,5940.0,0.2866632770366475,0.2933681530908895,0.0067048760542419705,0.0067048760542419705,0,0,0,-1
gmsc,random_forest,81,MonthlyIncome,relative_plus_10,0.1,3300.0,3630.0,0.17937720733779408,0.17569691022192666,-0.003680297115867426,0.003680297115867426,0,0,0,-1
gmsc,random_forest,82,MonthlyIncome,relative_plus_10,0.1,7943.0,8737.3,0.4339743246902932,0.4323461272760062,-0.0016281974142869915,0.0016281974142869915,0,0,0,-1
gmsc,random_forest,83,MonthlyIncome,relative_plus_10,0.1,4327.0,4759.7,0.1141917331465753,0.1125586000027305,-0.0016331331438447921,0.0016331331438447921,0,0,0,-1
gmsc,random_forest,84,MonthlyIncome,relative_plus_10,0.1,4583.0,5041.3,0.59110890429795,0.588922405105912,-0.0021864991920380605,0.0021864991920380605,1,1,0,-1
gmsc,random_forest,85,MonthlyIncome,relative_plus_10,0.1,4077.0,4484.7,0.10713867731747691,0.10506112977970858,-0.002077547537768329,0.002077547537768329,0,0,0,-1
gmsc,random_forest,86,MonthlyIncome,relative_plus_10,0.1,2430.0,2673.0,0.16567388899210891,0.1649343876649779,-0.0007395013271310202,0.0007395013271310202,0,0,0,-1
gmsc,random_forest,87,MonthlyIncome,relative_plus_10,0.1,5400.0,5940.0,0.14884578185477607,0.15164799090755862,0.002802209052782556,0.002802209052782556,0,0,0,-1
gmsc,random_forest,88,MonthlyIncome,relative_plus_10,0.1,5400.0,5940.0,0.17254421040384832,0.1733467495996412,0.0008025391957928729,0.0008025391957928729,0,0,0,-1
gmsc,random_forest,89,MonthlyIncome,relative_plus_10,0.1,6250.0,6875.0,0.4356553338681073,0.4302819566161702,-0.005373377251937095,0.005373377251937095,0,0,0,-1
gmsc,random_forest,90,MonthlyIncome,relative_plus_10,0.1,5400.0,5940.0,0.07549253017751428,0.08076274691175563,0.0052702167342413425,0.0052702167342413425,0,0,0,-1
gmsc,random_forest,91,MonthlyIncome,relative_plus_10,0.1,9645.0,10609.5,0.1823130815219747,0.18215663813004312,-0.00015644339193157664,0.00015644339193157664,0,0,0,-1
gmsc,random_forest,92,MonthlyIncome,relative_plus_10,0.1,5400.0,5940.0,0.0932513558600773,0.0984554230750332,0.005204067214955907,0.005204067214955907,0,0,0,-1
gmsc,random_forest,93,MonthlyIncome,relative_plus_10,0.1,5400.0,5940.0,0.12998718901704973,0.1386601028782517,0.008672913861201975,0.008672913861201975,0,0,0,-1
gmsc,random_forest,94,MonthlyIncome,relative_plus_10,0.1,2481.0,2729.1,0.11645345924668923,0.11643135873808155,-2.210050860768087e-05,2.210050860768087e-05,0,0,0,-1
gmsc,random_forest,95,MonthlyIncome,relative_plus_10,0.1,9916.0,10907.6,0.18825767339402502,0.18898502244978352,0.0007273490557584972,0.0007273490557584972,0,0,0,-1
gmsc,random_forest,96,MonthlyIncome,relative_plus_10,0.1,10000.0,11000.0,0.14751307642369796,0.14751307642369796,0.0,0.0,0,0,0,-1
gmsc,random_forest,97,MonthlyIncome,relative_plus_10,0.1,5400.0,5940.0,0.1601265267080067,0.163095165700803,0.002968638992796313,0.002968638992796313,0,0,0,-1
gmsc,random_forest,98,MonthlyIncome,relative_plus_10,0.1,6353.0,6988.3,0.2792883685617908,0.27906779818422717,-0.00022057037756362252,0.00022057037756362252,0,0,0,-1
gmsc,random_forest,99,MonthlyIncome,relative_plus_10,0.1,3100.0,3410.0,0.8587567687347458,0.8584563549423615,-0.0003004137923843242,0.0003004137923843242,1,1,0,-1
gmsc,random_forest,0,NumberOfOpenCreditLinesAndLoans,relative_minus_5,-0.05,17.0,17.85,0.12448314782663561,0.12404095447274294,-0.00044219335389267256,0.00044219335389267256,0,0,0,-1
gmsc,random_forest,1,NumberOfOpenCreditLinesAndLoans,relative_minus_5,-0.05,5.0,5.25,0.12575902714321507,0.12575902714321505,-2.7755575615628914e-17,2.7755575615628914e-17,0,0,0,-1
gmsc,random_forest,2,NumberOfOpenCreditLinesAndLoans,relative_minus_5,-0.05,5.0,5.25,0.07737496123247078,0.0773749612324708,1.3877787807814457e-17,1.3877787807814457e-17,0,0,0,-1
gmsc,random_forest,3,NumberOfOpenCreditLinesAndLoans,relative_minus_5,-0.05,13.0,13.65,0.2222470545521674,0.2249233562206121,0.0026763016684447083,0.0026763016684447083,0,0,0,-1
gmsc,random_forest,4,NumberOfOpenCreditLinesAndLoans,relative_minus_5,-0.05,4.0,4.2,0.16593632439170214,0.16593632439170217,2.7755575615628914e-17,2.7755575615628914e-17,0,0,0,-1
gmsc,random_forest,5,NumberOfOpenCreditLinesAndLoans,relative_minus_5,-0.05,8.0,8.4,0.20005511957959218,0.2000551195795922,2.7755575615628914e-17,2.7755575615628914e-17,0,0,0,-1
gmsc,random_forest,6,NumberOfOpenCreditLinesAndLoans,relative_minus_5,-0.05,5.0,5.25,0.24736845321604625,0.24736845321604628,2.7755575615628914e-17,2.7755575615628914e-17,0,0,0,-1
gmsc,random_forest,7,NumberOfOpenCreditLinesAndLoans,relative_minus_5,-0.05,3.0,3.15,0.2020807786711973,0.20208077867119725,-5.551115123125783e-17,5.551115123125783e-17,0,0,0,-1
gmsc,random_forest,8,NumberOfOpenCreditLinesAndLoans,relative_minus_5,-0.05,2.0,2.1,0.16030677171113558,0.1603067717111356,2.7755575615628914e-17,2.7755575615628914e-17,0,0,0,-1
gmsc,random_forest,9,NumberOfOpenCreditLinesAndLoans,relative_minus_5,-0.05,6.0,6.3,0.44585372419624947,0.44585372419624963,1.6653345369377348e-16,1.6653345369377348e-16,0,0,0,-1
gmsc,random_forest,10,NumberOfOpenCreditLinesAndLoans,relative_minus_5,-0.05,9.0,9.45,0.3047745297393056,0.3047745297393056,0.0,0.0,0,0,0,-1
gmsc,random_forest,11,NumberOfOpenCreditLinesAndLoans,relative_minus_5,-0.05,14.0,14.7,0.2817436317150431,0.2866068158325806,0.0048631841175375,0.0048631841175375,0,0,0,-1
gmsc,random_forest,12,NumberOfOpenCreditLinesAndLoans,relative_minus_5,-0.05,6.0,6.3,0.07579737355923029,0.0757973735592303,1.3877787807814457e-17,1.3877787807814457e-17,0,0,0,-1
gmsc,random_forest,13,NumberOfOpenCreditLinesAndLoans,relative_minus_5,-0.05,0.0,0.35000000000000003,0.8725178860518772,0.872517886051877,-2.220446049250313e-16,2.220446049250313e-16,1,1,0,-1
gmsc,random_forest,14,NumberOfOpenCreditLinesAndLoans,relative_minus_5,-0.05,4.0,4.2,0.39620212705125957,0.3962021270512596,5.551115123125783e-17,5.551115123125783e-17,0,0,0,-1
gmsc,random_forest,15,NumberOfOpenCreditLinesAndLoans,relative_minus_5,-0.05,17.0,17.85,0.358132684091735,0.35940098063953124,0.001268296547796255,0.001268296547796255,0,0,0,-1
gmsc,random_forest,16,NumberOfOpenCreditLinesAndLoans,relative_minus_5,-0.05,4.0,4.2,0.4951408704187556,0.4951408704187559,2.7755575615628914e-16,2.7755575615628914e-16,0,0,0,-1
gmsc,random_forest,17,NumberOfOpenCreditLinesAndLoans,relative_minus_5,-0.05,10.0,10.5,0.1565391154880974,0.15653911548809737,-2.7755575615628914e-17,2.7755575615628914e-17,0,0,0,-1
gmsc,random_forest,18,NumberOfOpenCreditLinesAndLoans,relative_minus_5,-0.05,3.0,3.15,0.4933265396567783,0.4933265396567783,0.0,0.0,0,0,0,-1
gmsc,random_forest,19,NumberOfOpenCreditLinesAndLoans,relative_minus_5,-0.05,7.0,7.35,0.33709665441513037,0.33709665441513037,0.0,0.0,0,0,0,-1
gmsc,random_forest,20,NumberOfOpenCreditLinesAndLoans,relative_minus_5,-0.05,6.0,6.3,0.125253843611223,0.12525384361122294,-5.551115123125783e-17,5.551115123125783e-17,0,0,0,-1
gmsc,random_forest,21,NumberOfOpenCreditLinesAndLoans,relative_minus_5,-0.05,19.0,19.95,0.1384442554842199,0.13844425548421987,-2.7755575615628914e-17,2.7755575615628914e-17,0,0,0,-1
gmsc,random_forest,22,NumberOfOpenCreditLinesAndLoans,relative_minus_5,-0.05,2.0,2.1,0.10721005514231308,0.10721005514231308,0.0,0.0,0,0,0,-1
gmsc,random_forest,23,NumberOfOpenCreditLinesAndLoans,relative_minus_5,-0.05,8.0,8.4,0.14155973703643895,0.14155973703643898,2.7755575615628914e-17,2.7755575615628914e-17,0,0,0,-1
gmsc,random_forest,24,NumberOfOpenCreditLinesAndLoans,relative_minus_5,-0.05,4.0,4.2,0.08662915786666847,0.08662915786666847,0.0,0.0,0,0,0,-1
gmsc,random_forest,25,NumberOfOpenCreditLinesAndLoans,relative_minus_5,-0.05,7.0,7.35,0.498904333907652,0.4989043339076519,-1.1102230246251565e-16,1.1102230246251565e-16,0,0,0,-1
gmsc,random_forest,26,NumberOfOpenCreditLinesAndLoans,relative_minus_5,-0.05,5.0,5.25,0.566313369934525,0.566313369934525,0.0,0.0,1,1,0,-1
gmsc,random_forest,27,NumberOfOpenCreditLinesAndLoans,relative_minus_5,-0.05,10.0,10.5,0.1401781194818076,0.14017811948180767,5.551115123125783e-17,5.551115123125783e-17,0,0,0,-1
gmsc,random_forest,28,NumberOfOpenCreditLinesAndLoans,relative_minus_5,-0.05,1.0,1.05,0.16169516515611407,0.16169516515611407,0.0,0.0,0,0,0,-1
gmsc,random_forest,29,NumberOfOpenCreditLinesAndLoans,relative_minus_5,-0.05,9.0,9.45,0.10365705573378153,0.10365705573378153,0.0,0.0,0,0,0,-1
gmsc,random_forest,30,NumberOfOpenCreditLinesAndLoans,relative_minus_5,-0.05,13.0,13.65,0.23541054599203737,0.24205585779411987,0.006645311802082499,0.006645311802082499,0,0,0,-1
gmsc,random_forest,31,NumberOfOpenCreditLinesAndLoans,relative_minus_5,-0.05,6.0,6.3,0.1471176133232665,0.1471176133232665,0.0,0.0,0,0,0,-1
gmsc,random_forest,32,NumberOfOpenCreditLinesAndLoans,relative_minus_5,-0.05,3.0,3.15,0.19156208452759005,0.19156208452759002,-2.7755575615628914e-17,2.7755575615628914e-17,0,0,0,-1
gmsc,random_forest,33,NumberOfOpenCreditLinesAndLoans,relative_minus_5,-0.05,9.0,9.45,0.0986278280958683,0.09862782809586833,2.7755575615628914e-17,2.7755575615628914e-17,0,0,0,-1
gmsc,random_forest,34,NumberOfOpenCreditLinesAndLoans,relative_minus_5,-0.05,10.0,10.5,0.6110458318906421,0.6110458318906422,1.1102230246251565e-16,1.1102230246251565e-16,1,1,0,-1
gmsc,random_forest,35,NumberOfOpenCreditLinesAndLoans,relative_minus_5,-0.05,12.0,12.6,0.6296792388822089,0.6305284192010951,0.0008491803188862557,0.0008491803188862557,1,1,0,-1
gmsc,random_forest,36,NumberOfOpenCreditLinesAndLoans,relative_minus_5,-0.05,4.0,4.2,0.35220418744329696,0.35220418744329696,0.0,0.0,0,0,0,-1
gmsc,random_forest,37,NumberOfOpenCreditLinesAndLoans,relative_minus_5,-0.05,3.0,3.15,0.5127242820218618,0.5127242820218618,0.0,0.0,1,1,0,-1
gmsc,random_forest,38,NumberOfOpenCreditLinesAndLoans,relative_minus_5,-0.05,7.0,7.35,0.25511103636130245,0.2551110363613025,5.551115123125783e-17,5.551115123125783e-17,0,0,0,-1
gmsc,random_forest,39,NumberOfOpenCreditLinesAndLoans,relative_minus_5,-0.05,14.0,14.7,0.25436458779402354,0.25640740382048977,0.002042816026466221,0.002042816026466221,0,0,0,-1
gmsc,random_forest,40,NumberOfOpenCreditLinesAndLoans,relative_minus_5,-0.05,3.0,3.15,0.15364664040859202,0.15364664040859202,0.0,0.0,0,0,0,-1
gmsc,random_forest,41,NumberOfOpenCreditLinesAndLoans,relative_minus_5,-0.05,15.0,15.75,0.21481465988917767,0.21829916724503273,0.0034845073558550654,0.0034845073558550654,0,0,0,-1
gmsc,random_forest,42,NumberOfOpenCreditLinesAndLoans,relative_minus_5,-0.05,7.0,7.35,0.1501088987333263,0.15010889873332633,2.7755575615628914e-17,2.7755575615628914e-17,0,0,0,-1
gmsc,random_forest,43,NumberOfOpenCreditLinesAndLoans,relative_minus_5,-0.05,8.0,8.4,0.36253642583455215,0.36253642583455203,-1.1102230246251565e-16,1.1102230246251565e-16,0,0,0,-1
gmsc,random_forest,44,NumberOfOpenCreditLinesAndLoans,relative_minus_5,-0.05,7.0,7.35,0.13721131938118405,0.1372113193811841,5.551115123125783e-17,5.551115123125783e-17,0,0,0,-1
gmsc,random_forest,45,NumberOfOpenCreditLinesAndLoans,relative_minus_5,-0.05,9.0,9.45,0.1794370938336495,0.17943709383364945,-5.551115123125783e-17,5.551115123125783e-17,0,0,0,-1
gmsc,random_forest,46,NumberOfOpenCreditLinesAndLoans,relative_minus_5,-0.05,4.0,4.2,0.3159103257559534,0.3159103257559534,0.0,0.0,0,0,0,-1
gmsc,random_forest,47,NumberOfOpenCreditLinesAndLoans,relative_minus_5,-0.05,7.0,7.35,0.09990560036967194,0.09990560036967193,-1.3877787807814457e-17,1.3877787807814457e-17,0,0,0,-1
gmsc,random_forest,48,NumberOfOpenCreditLinesAndLoans,relative_minus_5,-0.05,4.0,4.2,0.12714889185513736,0.1271488918551373,-5.551115123125783e-17,5.551115123125783e-17,0,0,0,-1
gmsc,random_forest,49,NumberOfOpenCreditLinesAndLoans,relative_minus_5,-0.05,1.0,1.05,0.0702107223085158,0.07021072230851577,-2.7755575615628914e-17,2.7755575615628914e-17,0,0,0,-1
gmsc,random_forest,50,NumberOfOpenCreditLinesAndLoans,relative_minus_5,-0.05,6.0,6.3,0.15265829520102106,0.1526582952010211,2.7755575615628914e-17,2.7755575615628914e-17,0,0,0,-1
gmsc,random_forest,51,NumberOfOpenCreditLinesAndLoans,relative_minus_5,-0.05,21.0,22.05,0.2628422782175456,0.26189968266535624,-0.0009425955521893403,0.0009425955521893403,0,0,0,-1
gmsc,random_forest,52,NumberOfOpenCreditLinesAndLoans,relative_minus_5,-0.05,6.0,6.3,0.07756754455616102,0.07756754455616105,2.7755575615628914e-17,2.7755575615628914e-17,0,0,0,-1
gmsc,random_forest,53,NumberOfOpenCreditLinesAndLoans,relative_minus_5,-0.05,3.0,3.15,0.801766334910606,0.801766334910606,0.0,0.0,1,1,0,-1
gmsc,random_forest,54,NumberOfOpenCreditLinesAndLoans,relative_minus_5,-0.05,8.0,8.4,0.8582977428532704,0.8582977428532704,0.0,0.0,1,1,0,-1
gmsc,random_forest,55,NumberOfOpenCreditLinesAndLoans,relative_minus_5,-0.05,12.0,12.6,0.10544807655567226,0.10574218891122765,0.00029411235555538984,0.00029411235555538984,0,0,0,-1
gmsc,random_forest,56,NumberOfOpenCreditLinesAndLoans,relative_minus_5,-0.05,6.0,6.3,0.16614971558636332,0.1661497155863633,-2.7755575615628914e-17,2.7755575615628914e-17,0,0,0,-1
gmsc,random_forest,57,NumberOfOpenCreditLinesAndLoans,relative_minus_5,-0.05,2.0,2.1,0.5819136422191914,0.5819136422191914,0.0,0.0,1,1,0,-1
gmsc,random_forest,58,NumberOfOpenCreditLinesAndLoans,relative_minus_5,-0.05,3.0,3.15,0.7436704750418504,0.7436704750418505,1.1102230246251565e-16,1.1102230246251565e-16,1,1,0,-1
gmsc,random_forest,59,NumberOfOpenCreditLinesAndLoans,relative_minus_5,-0.05,10.0,10.5,0.587090829362347,0.5870908293623471,1.1102230246251565e-16,1.1102230246251565e-16,1,1,0,-1
gmsc,random_forest,60,NumberOfOpenCreditLinesAndLoans,relative_minus_5,-0.05,4.0,4.2,0.1649034942951832,0.16490349429518317,-2.7755575615628914e-17,2.7755575615628914e-17,0,0,0,-1
gmsc,random_forest,61,NumberOfOpenCreditLinesAndLoans,relative_minus_5,-0.05,12.0,12.6,0.2942532697850684,0.2963670648703676,0.0021137950852992415,0.0021137950852992415,0,0,0,-1
gmsc,random_forest,62,NumberOfOpenCreditLinesAndLoans,relative_minus_5,-0.05,7.0,7.35,0.5335320712885583,0.5335320712885581,-2.220446049250313e-16,2.220446049250313e-16,1,1,0,-1
gmsc,random_forest,63,NumberOfOpenCreditLinesAndLoans,relative_minus_5,-0.05,5.0,5.25,0.13289866287150406,0.132898662871504,-5.551115123125783e-17,5.551115123125783e-17,0,0,0,-1
gmsc,random_forest,64,NumberOfOpenCreditLinesAndLoans,relative_minus_5,-0.05,9.0,9.45,0.2665313715697186,0.2665313715697187,5.551115123125783e-17,5.551115123125783e-17,0,0,0,-1
gmsc,random_forest,65,NumberOfOpenCreditLinesAndLoans,relative_minus_5,-0.05,4.0,4.2,0.5063899923778815,0.5063899923778814,-1.1102230246251565e-16,1.1102230246251565e-16,1,1,0,-1
gmsc,random_forest,66,NumberOfOpenCreditLinesAndLoans,relative_minus_5,-0.05,6.0,6.3,0.1736576827952704,0.17365768279527044,2.7755575615628914e-17,2.7755575615628914e-17,0,0,0,-1
gmsc,random_forest,67,NumberOfOpenCreditLinesAndLoans,relative_minus_5,-0.05,3.0,3.15,0.4600211443798788,0.4600211443798789,1.1102230246251565e-16,1.1102230246251565e-16,0,0,0,-1
gmsc,random_forest,68,NumberOfOpenCreditLinesAndLoans,relative_minus_5,-0.05,4.0,4.2,0.14330478155243379,0.14330478155243379,0.0,0.0,0,0,0,-1
gmsc,random_forest,69,NumberOfOpenCreditLinesAndLoans,relative_minus_5,-0.05,10.0,10.5,0.3889070815939389,0.3889070815939389,0.0,0.0,0,0,0,-1
gmsc,random_forest,70,NumberOfOpenCreditLinesAndLoans,relative_minus_5,-0.05,14.0,14.7,0.4193795781899724,0.42022504034517727,0.000845462155204868,0.000845462155204868,0,0,0,-1
gmsc,random_forest,71,NumberOfOpenCreditLinesAndLoans,relative_minus_5,-0.05,6.0,6.3,0.17008515516847897,0.17008515516847897,0.0,0.0,0,0,0,-1
gmsc,random_forest,72,NumberOfOpenCreditLinesAndLoans,relative_minus_5,-0.05,11.0,11.55,0.20907874085396658,0.20966250398346728,0.0005837631295007029,0.0005837631295007029,0,0,0,-1
gmsc,random_forest,73,NumberOfOpenCreditLinesAndLoans,relative_minus_5,-0.05,9.0,9.45,0.365051631552107,0.365051631552107,0.0,0.0,0,0,0,-1
gmsc,random_forest,74,NumberOfOpenCreditLinesAndLoans,relative_minus_5,-0.05,3.0,3.15,0.2065140624206517,0.20651406242065173,2.7755575615628914e-17,2.7755575615628914e-17,0,0,0,-1
gmsc,random_forest,75,NumberOfOpenCreditLinesAndLoans,relative_minus_5,-0.05,2.0,2.1,0.526646966431903,0.526646966431903,0.0,0.0,1,1,0,-1
gmsc,random_forest,76,NumberOfOpenCreditLinesAndLoans,relative_minus_5,-0.05,18.0,18.9,0.12531638246166502,0.12611021915648962,0.0007938366948246067,0.0007938366948246067,0,0,0,-1
gmsc,random_forest,77,NumberOfOpenCreditLinesAndLoans,relative_minus_5,-0.05,8.0,8.4,0.07799823819062678,0.07799823819062679,1.3877787807814457e-17,1.3877787807814457e-17,0,0,0,-1
gmsc,random_forest,78,NumberOfOpenCreditLinesAndLoans,relative_minus_5,-0.05,6.0,6.3,0.10359585418304888,0.10359585418304888,0.0,0.0,0,0,0,-1
gmsc,random_forest,79,NumberOfOpenCreditLinesAndLoans,relative_minus_5,-0.05,5.0,5.25,0.3455170212556861,0.34551702125568606,-5.551115123125783e-17,5.551115123125783e-17,0,0,0,-1
gmsc,random_forest,80,NumberOfOpenCreditLinesAndLoans,relative_minus_5,-0.05,8.0,8.4,0.2866632770366475,0.28666327703664746,-5.551115123125783e-17,5.551115123125783e-17,0,0,0,-1
gmsc,random_forest,81,NumberOfOpenCreditLinesAndLoans,relative_minus_5,-0.05,7.0,7.35,0.17937720733779408,0.17937720733779405,-2.7755575615628914e-17,2.7755575615628914e-17,0,0,0,-1
gmsc,random_forest,82,NumberOfOpenCreditLinesAndLoans,relative_minus_5,-0.05,10.0,10.5,0.4339743246902932,0.43397432469029323,5.551115123125783e-17,5.551115123125783e-17,0,0,0,-1
gmsc,random_forest,83,NumberOfOpenCreditLinesAndLoans,relative_minus_5,-0.05,14.0,14.7,0.1141917331465753,0.1176404197885398,0.003448686641964502,0.003448686641964502,0,0,0,-1
gmsc,random_forest,84,NumberOfOpenCreditLinesAndLoans,relative_minus_5,-0.05,10.0,10.5,0.59110890429795,0.5911089042979503,2.220446049250313e-16,2.220446049250313e-16,1,1,0,-1
gmsc,random_forest,85,NumberOfOpenCreditLinesAndLoans,relative_minus_5,-0.05,6.0,6.3,0.10713867731747691,0.10713867731747694,2.7755575615628914e-17,2.7755575615628914e-17,0,0,0,-1
gmsc,random_forest,86,NumberOfOpenCreditLinesAndLoans,relative_minus_5,-0.05,8.0,8.4,0.16567388899210891,0.1656738889921089,-2.7755575615628914e-17,2.7755575615628914e-17,0,0,0,-1
gmsc,random_forest,87,NumberOfOpenCreditLinesAndLoans,relative_minus_5,-0.05,5.0,5.25,0.14884578185477607,0.14884578185477607,0.0,0.0,0,0,0,-1
gmsc,random_forest,88,NumberOfOpenCreditLinesAndLoans,relative_minus_5,-0.05,6.0,6.3,0.17254421040384832,0.17254421040384837,5.551115123125783e-17,5.551115123125783e-17,0,0,0,-1
gmsc,random_forest,89,NumberOfOpenCreditLinesAndLoans,relative_minus_5,-0.05,3.0,3.15,0.4356553338681073,0.4356553338681073,0.0,0.0,0,0,0,-1
gmsc,random_forest,90,NumberOfOpenCreditLinesAndLoans,relative_minus_5,-0.05,7.0,7.35,0.07549253017751428,0.07549253017751431,2.7755575615628914e-17,2.7755575615628914e-17,0,0,0,-1
gmsc,random_forest,91,NumberOfOpenCreditLinesAndLoans,relative_minus_5,-0.05,20.0,21.0,0.1823130815219747,0.1823130815219747,0.0,0.0,0,0,0,-1
gmsc,random_forest,92,NumberOfOpenCreditLinesAndLoans,relative_minus_5,-0.05,1.0,1.05,0.0932513558600773,0.0932513558600773,0.0,0.0,0,0,0,-1
gmsc,random_forest,93,NumberOfOpenCreditLinesAndLoans,relative_minus_5,-0.05,15.0,15.75,0.12998718901704973,0.13143763869271008,0.0014504496756603535,0.0014504496756603535,0,0,0,-1
gmsc,random_forest,94,NumberOfOpenCreditLinesAndLoans,relative_minus_5,-0.05,10.0,10.5,0.11645345924668923,0.11645345924668928,4.163336342344337e-17,4.163336342344337e-17,0,0,0,-1
gmsc,random_forest,95,NumberOfOpenCreditLinesAndLoans,relative_minus_5,-0.05,8.0,8.4,0.18825767339402502,0.18825767339402502,0.0,0.0,0,0,0,-1
gmsc,random_forest,96,NumberOfOpenCreditLinesAndLoans,relative_minus_5,-0.05,3.0,3.15,0.14751307642369796,0.147513076423698,2.7755575615628914e-17,2.7755575615628914e-17,0,0,0,-1
gmsc,random_forest,97,NumberOfOpenCreditLinesAndLoans,relative_minus_5,-0.05,11.0,11.55,0.1601265267080067,0.1605452306640651,0.0004187039560583916,0.0004187039560583916,0,0,0,-1
gmsc,random_forest,98,NumberOfOpenCreditLinesAndLoans,relative_minus_5,-0.05,9.0,9.45,0.2792883685617908,0.2792883685617908,0.0,0.0,0,0,0,-1
gmsc,random_forest,99,NumberOfOpenCreditLinesAndLoans,relative_minus_5,-0.05,19.0,19.95,0.8587567687347458,0.8593510735228583,0.0005943047881125096,0.0005943047881125096,1,1,0,-1
gmsc,random_forest,0,NumberOfOpenCreditLinesAndLoans,relative_plus_5,0.05,17.0,17.85,0.12448314782663561,0.12404095447274296,-0.0004421933538926448,0.0004421933538926448,0,0,0,-1
gmsc,random_forest,1,NumberOfOpenCreditLinesAndLoans,relative_plus_5,0.05,5.0,5.25,0.12575902714321507,0.12575902714321502,-5.551115123125783e-17,5.551115123125783e-17,0,0,0,-1
gmsc,random_forest,2,NumberOfOpenCreditLinesAndLoans,relative_plus_5,0.05,5.0,5.25,0.07737496123247078,0.07737496123247083,4.163336342344337e-17,4.163336342344337e-17,0,0,0,-1
gmsc,random_forest,3,NumberOfOpenCreditLinesAndLoans,relative_plus_5,0.05,13.0,13.65,0.2222470545521674,0.224923356220612,0.0026763016684445973,0.0026763016684445973,0,0,0,-1
gmsc,random_forest,4,NumberOfOpenCreditLinesAndLoans,relative_plus_5,0.05,4.0,4.2,0.16593632439170214,0.16593632439170217,2.7755575615628914e-17,2.7755575615628914e-17,0,0,0,-1
gmsc,random_forest,5,NumberOfOpenCreditLinesAndLoans,relative_plus_5,0.05,8.0,8.4,0.20005511957959218,0.20005511957959224,5.551115123125783e-17,5.551115123125783e-17,0,0,0,-1
gmsc,random_forest,6,NumberOfOpenCreditLinesAndLoans,relative_plus_5,0.05,5.0,5.25,0.24736845321604625,0.24736845321604628,2.7755575615628914e-17,2.7755575615628914e-17,0,0,0,-1
gmsc,random_forest,7,NumberOfOpenCreditLinesAndLoans,relative_plus_5,0.05,3.0,3.15,0.2020807786711973,0.2020807786711973,0.0,0.0,0,0,0,-1
gmsc,random_forest,8,NumberOfOpenCreditLinesAndLoans,relative_plus_5,0.05,2.0,2.1,0.16030677171113558,0.1603067717111356,2.7755575615628914e-17,2.7755575615628914e-17,0,0,0,-1
gmsc,random_forest,9,NumberOfOpenCreditLinesAndLoans,relative_plus_5,0.05,6.0,6.3,0.44585372419624947,0.4458537241962496,1.1102230246251565e-16,1.1102230246251565e-16,0,0,0,-1
gmsc,random_forest,10,NumberOfOpenCreditLinesAndLoans,relative_plus_5,0.05,9.0,9.45,0.3047745297393056,0.3047745297393055,-5.551115123125783e-17,5.551115123125783e-17,0,0,0,-1
gmsc,random_forest,11,NumberOfOpenCreditLinesAndLoans,relative_plus_5,0.05,14.0,14.7,0.2817436317150431,0.2866068158325806,0.0048631841175375,0.0048631841175375,0,0,0,-1
gmsc,random_forest,12,NumberOfOpenCreditLinesAndLoans,relative_plus_5,0.05,6.0,6.3,0.07579737355923029,0.0757973735592303,1.3877787807814457e-17,1.3877787807814457e-17,0,0,0,-1
gmsc,random_forest,13,NumberOfOpenCreditLinesAndLoans,relative_plus_5,0.05,0.0,0.35000000000000003,0.8725178860518772,0.8725178860518772,0.0,0.0,1,1,0,-1
gmsc,random_forest,14,NumberOfOpenCreditLinesAndLoans,relative_plus_5,0.05,4.0,4.2,0.39620212705125957,0.3962021270512595,-5.551115123125783e-17,5.551115123125783e-17,0,0,0,-1
gmsc,random_forest,15,NumberOfOpenCreditLinesAndLoans,relative_plus_5,0.05,17.0,17.85,0.358132684091735,0.3594009806395312,0.0012682965477961994,0.0012682965477961994,0,0,0,-1
gmsc,random_forest,16,NumberOfOpenCreditLinesAndLoans,relative_plus_5,0.05,4.0,4.2,0.4951408704187556,0.4951408704187559,2.7755575615628914e-16,2.7755575615628914e-16,0,0,0,-1
gmsc,random_forest,17,NumberOfOpenCreditLinesAndLoans,relative_plus_5,0.05,10.0,10.5,0.1565391154880974,0.15653911548809737,-2.7755575615628914e-17,2.7755575615628914e-17,0,0,0,-1
gmsc,random_forest,18,NumberOfOpenCreditLinesAndLoans,relative_plus_5,0.05,3.0,3.15,0.4933265396567783,0.4933265396567783,0.0,0.0,0,0,0,-1
gmsc,random_forest,19,NumberOfOpenCreditLinesAndLoans,relative_plus_5,0.05,7.0,7.35,0.33709665441513037,0.3370966544151303,-5.551115123125783e-17,5.551115123125783e-17,0,0,0,-1
gmsc,random_forest,20,NumberOfOpenCreditLinesAndLoans,relative_plus_5,0.05,6.0,6.3,0.125253843611223,0.1252538436112229,-8.326672684688674e-17,8.326672684688674e-17,0,0,0,-1
gmsc,random_forest,21,NumberOfOpenCreditLinesAndLoans,relative_plus_5,0.05,19.0,19.95,0.1384442554842199,0.13844425548421987,-2.7755575615628914e-17,2.7755575615628914e-17,0,0,0,-1
gmsc,random_forest,22,NumberOfOpenCreditLinesAndLoans,relative_plus_5,0.05,2.0,2.1,0.10721005514231308,0.10721005514231308,0.0,0.0,0,0,0,-1
gmsc,random_forest,23,NumberOfOpenCreditLinesAndLoans,relative_plus_5,0.05,8.0,8.4,0.14155973703643895,0.14155973703643898,2.7755575615628914e-17,2.7755575615628914e-17,0,0,0,-1
gmsc,random_forest,24,NumberOfOpenCreditLinesAndLoans,relative_plus_5,0.05,4.0,4.2,0.08662915786666847,0.08662915786666849,1.3877787807814457e-17,1.3877787807814457e-17,0,0,0,-1
gmsc,random_forest,25,NumberOfOpenCreditLinesAndLoans,relative_plus_5,0.05,7.0,7.35,0.498904333907652,0.49890433390765204,5.551115123125783e-17,5.551115123125783e-17,0,0,0,-1
gmsc,random_forest,26,NumberOfOpenCreditLinesAndLoans,relative_plus_5,0.05,5.0,5.25,0.566313369934525,0.566313369934525,0.0,0.0,1,1,0,-1
gmsc,random_forest,27,NumberOfOpenCreditLinesAndLoans,relative_plus_5,0.05,10.0,10.5,0.1401781194818076,0.1401781194818077,8.326672684688674e-17,8.326672684688674e-17,0,0,0,-1
gmsc,random_forest,28,NumberOfOpenCreditLinesAndLoans,relative_plus_5,0.05,1.0,1.05,0.16169516515611407,0.1616951651561141,2.7755575615628914e-17,2.7755575615628914e-17,0,0,0,-1
gmsc,random_forest,29,NumberOfOpenCreditLinesAndLoans,relative_plus_5,0.05,9.0,9.45,0.10365705573378153,0.10365705573378153,0.0,0.0,0,0,0,-1
gmsc,random_forest,30,NumberOfOpenCreditLinesAndLoans,relative_plus_5,0.05,13.0,13.65,0.23541054599203737,0.2420558577941198,0.006645311802082443,0.006645311802082443,0,0,0,-1
gmsc,random_forest,31,NumberOfOpenCreditLinesAndLoans,relative_plus_5,0.05,6.0,6.3,0.1471176133232665,0.1471176133232665,0.0,0.0,0,0,0,-1
gmsc,random_forest,32,NumberOfOpenCreditLinesAndLoans,relative_plus_5,0.05,3.0,3.15,0.19156208452759005,0.19156208452759002,-2.7755575615628914e-17,2.7755575615628914e-17,0,0,0,-1
gmsc,random_forest,33,NumberOfOpenCreditLinesAndLoans,relative_plus_5,0.05,9.0,9.45,0.0986278280958683,0.09862782809586831,1.3877787807814457e-17,1.3877787807814457e-17,0,0,0,-1
gmsc,random_forest,34,NumberOfOpenCreditLinesAndLoans,relative_plus_5,0.05,10.0,10.5,0.6110458318906421,0.6110458318906422,1.1102230246251565e-16,1.1102230246251565e-16,1,1,0,-1
gmsc,random_forest,35,NumberOfOpenCreditLinesAndLoans,relative_plus_5,0.05,12.0,12.6,0.6296792388822089,0.6305284192010953,0.0008491803188863667,0.0008491803188863667,1,1,0,-1
gmsc,random_forest,36,NumberOfOpenCreditLinesAndLoans,relative_plus_5,0.05,4.0,4.2,0.35220418744329696,0.35220418744329707,1.1102230246251565e-16,1.1102230246251565e-16,0,0,0,-1
gmsc,random_forest,37,NumberOfOpenCreditLinesAndLoans,relative_plus_5,0.05,3.0,3.15,0.5127242820218618,0.5127242820218618,0.0,0.0,1,1,0,-1
gmsc,random_forest,38,NumberOfOpenCreditLinesAndLoans,relative_plus_5,0.05,7.0,7.35,0.25511103636130245,0.25511103636130256,1.1102230246251565e-16,1.1102230246251565e-16,0,0,0,-1
gmsc,random_forest,39,NumberOfOpenCreditLinesAndLoans,relative_plus_5,0.05,14.0,14.7,0.25436458779402354,0.2564074038204898,0.0020428160264662765,0.0020428160264662765,0,0,0,-1
gmsc,random_forest,40,NumberOfOpenCreditLinesAndLoans,relative_plus_5,0.05,3.0,3.15,0.15364664040859202,0.15364664040859202,0.0,0.0,0,0,0,-1
gmsc,random_forest,41,NumberOfOpenCreditLinesAndLoans,relative_plus_5,0.05,15.0,15.75,0.21481465988917767,0.21829916724503282,0.0034845073558551487,0.0034845073558551487,0,0,0,-1
gmsc,random_forest,42,NumberOfOpenCreditLinesAndLoans,relative_plus_5,0.05,7.0,7.35,0.1501088987333263,0.15010889873332628,-2.7755575615628914e-17,2.7755575615628914e-17,0,0,0,-1
gmsc,random_forest,43,NumberOfOpenCreditLinesAndLoans,relative_plus_5,0.05,8.0,8.4,0.36253642583455215,0.36253642583455203,-1.1102230246251565e-16,1.1102230246251565e-16,0,0,0,-1
gmsc,random_forest,44,NumberOfOpenCreditLinesAndLoans,relative_plus_5,0.05,7.0,7.35,0.13721131938118405,0.13721131938118405,0.0,0.0,0,0,0,-1
gmsc,random_forest,45,NumberOfOpenCreditLinesAndLoans,relative_plus_5,0.05,9.0,9.45,0.1794370938336495,0.17943709383364947,-2.7755575615628914e-17,2.7755575615628914e-17,0,0,0,-1
gmsc,random_forest,46,NumberOfOpenCreditLinesAndLoans,relative_plus_5,0.05,4.0,4.2,0.3159103257559534,0.3159103257559533,-1.1102230246251565e-16,1.1102230246251565e-16,0,0,0,-1
gmsc,random_forest,47,NumberOfOpenCreditLinesAndLoans,relative_plus_5,0.05,7.0,7.35,0.09990560036967194,0.09990560036967194,0.0,0.0,0,0,0,-1
gmsc,random_forest,48,NumberOfOpenCreditLinesAndLoans,relative_plus_5,0.05,4.0,4.2,0.12714889185513736,0.12714889185513734,-2.7755575615628914e-17,2.7755575615628914e-17,0,0,0,-1
gmsc,random_forest,49,NumberOfOpenCreditLinesAndLoans,relative_plus_5,0.05,1.0,1.05,0.0702107223085158,0.07021072230851579,-1.3877787807814457e-17,1.3877787807814457e-17,0,0,0,-1
gmsc,random_forest,50,NumberOfOpenCreditLinesAndLoans,relative_plus_5,0.05,6.0,6.3,0.15265829520102106,0.15265829520102106,0.0,0.0,0,0,0,-1
gmsc,random_forest,51,NumberOfOpenCreditLinesAndLoans,relative_plus_5,0.05,21.0,22.05,0.2628422782175456,0.2618996826653564,-0.0009425955521891738,0.0009425955521891738,0,0,0,-1
gmsc,random_forest,52,NumberOfOpenCreditLinesAndLoans,relative_plus_5,0.05,6.0,6.3,0.07756754455616102,0.07756754455616108,5.551115123125783e-17,5.551115123125783e-17,0,0,0,-1
gmsc,random_forest,53,NumberOfOpenCreditLinesAndLoans,relative_plus_5,0.05,3.0,3.15,0.801766334910606,0.8017663349106059,-1.1102230246251565e-16,1.1102230246251565e-16,1,1,0,-1
gmsc,random_forest,54,NumberOfOpenCreditLinesAndLoans,relative_plus_5,0.05,8.0,8.4,0.8582977428532704,0.8582977428532708,3.3306690738754696e-16,3.3306690738754696e-16,1,1,0,-1
gmsc,random_forest,55,NumberOfOpenCreditLinesAndLoans,relative_plus_5,0.05,12.0,12.6,0.10544807655567226,0.10574218891122764,0.00029411235555537596,0.00029411235555537596,0,0,0,-1
gmsc,random_forest,56,NumberOfOpenCreditLinesAndLoans,relative_plus_5,0.05,6.0,6.3,0.16614971558636332,0.16614971558636335,2.7755575615628914e-17,2.7755575615628914e-17,0,0,0,-1
gmsc,random_forest,57,NumberOfOpenCreditLinesAndLoans,relative_plus_5,0.05,2.0,2.1,0.5819136422191914,0.5819136422191914,0.0,0.0,1,1,0,-1
gmsc,random_forest,58,NumberOfOpenCreditLinesAndLoans,relative_plus_5,0.05,3.0,3.15,0.7436704750418504,0.7436704750418502,-1.1102230246251565e-16,1.1102230246251565e-16,1,1,0,-1
gmsc,random_forest,59,NumberOfOpenCreditLinesAndLoans,relative_plus_5,0.05,10.0,10.5,0.587090829362347,0.587090829362347,0.0,0.0,1,1,0,-1
gmsc,random_forest,60,NumberOfOpenCreditLinesAndLoans,relative_plus_5,0.05,4.0,4.2,0.1649034942951832,0.16490349429518322,2.7755575615628914e-17,2.7755575615628914e-17,0,0,0,-1
gmsc,random_forest,61,NumberOfOpenCreditLinesAndLoans,relative_plus_5,0.05,12.0,12.6,0.2942532697850684,0.29636706487036757,0.002113795085299186,0.002113795085299186,0,0,0,-1
gmsc,random_forest,62,NumberOfOpenCreditLinesAndLoans,relative_plus_5,0.05,7.0,7.35,0.5335320712885583,0.5335320712885581,-2.220446049250313e-16,2.220446049250313e-16,1,1,0,-1
gmsc,random_forest,63,NumberOfOpenCreditLinesAndLoans,relative_plus_5,0.05,5.0,5.25,0.13289866287150406,0.13289866287150404,-2.7755575615628914e-17,2.7755575615628914e-17,0,0,0,-1
gmsc,random_forest,64,NumberOfOpenCreditLinesAndLoans,relative_plus_5,0.05,9.0,9.45,0.2665313715697186,0.26653137156971873,1.1102230246251565e-16,1.1102230246251565e-16,0,0,0,-1
gmsc,random_forest,65,NumberOfOpenCreditLinesAndLoans,relative_plus_5,0.05,4.0,4.2,0.5063899923778815,0.5063899923778815,0.0,0.0,1,1,0,-1
gmsc,random_forest,66,NumberOfOpenCreditLinesAndLoans,relative_plus_5,0.05,6.0,6.3,0.1736576827952704,0.17365768279527047,5.551115123125783e-17,5.551115123125783e-17,0,0,0,-1
gmsc,random_forest,67,NumberOfOpenCreditLinesAndLoans,relative_plus_5,0.05,3.0,3.15,0.4600211443798788,0.4600211443798789,1.1102230246251565e-16,1.1102230246251565e-16,0,0,0,-1
gmsc,random_forest,68,NumberOfOpenCreditLinesAndLoans,relative_plus_5,0.05,4.0,4.2,0.14330478155243379,0.14330478155243379,0.0,0.0,0,0,0,-1
gmsc,random_forest,69,NumberOfOpenCreditLinesAndLoans,relative_plus_5,0.05,10.0,10.5,0.3889070815939389,0.38890708159393894,5.551115123125783e-17,5.551115123125783e-17,0,0,0,-1
gmsc,random_forest,70,NumberOfOpenCreditLinesAndLoans,relative_plus_5,0.05,14.0,14.7,0.4193795781899724,0.4202250403451773,0.0008454621552049235,0.0008454621552049235,0,0,0,-1
gmsc,random_forest,71,NumberOfOpenCreditLinesAndLoans,relative_plus_5,0.05,6.0,6.3,0.17008515516847897,0.17008515516847897,0.0,0.0,0,0,0,-1
gmsc,random_forest,72,NumberOfOpenCreditLinesAndLoans,relative_plus_5,0.05,11.0,11.55,0.20907874085396658,0.2096625039834673,0.0005837631295007306,0.0005837631295007306,0,0,0,-1
gmsc,random_forest,73,NumberOfOpenCreditLinesAndLoans,relative_plus_5,0.05,9.0,9.45,0.365051631552107,0.365051631552107,0.0,0.0,0,0,0,-1
gmsc,random_forest,74,NumberOfOpenCreditLinesAndLoans,relative_plus_5,0.05,3.0,3.15,0.2065140624206517,0.2065140624206517,0.0,0.0,0,0,0,-1
gmsc,random_forest,75,NumberOfOpenCreditLinesAndLoans,relative_plus_5,0.05,2.0,2.1,0.526646966431903,0.5266469664319028,-2.220446049250313e-16,2.220446049250313e-16,1,1,0,-1
gmsc,random_forest,76,NumberOfOpenCreditLinesAndLoans,relative_plus_5,0.05,18.0,18.9,0.12531638246166502,0.12611021915648962,0.0007938366948246067,0.0007938366948246067,0,0,0,-1
gmsc,random_forest,77,NumberOfOpenCreditLinesAndLoans,relative_plus_5,0.05,8.0,8.4,0.07799823819062678,0.07799823819062679,1.3877787807814457e-17,1.3877787807814457e-17,0,0,0,-1
gmsc,random_forest,78,NumberOfOpenCreditLinesAndLoans,relative_plus_5,0.05,6.0,6.3,0.10359585418304888,0.10359585418304888,0.0,0.0,0,0,0,-1
gmsc,random_forest,79,NumberOfOpenCreditLinesAndLoans,relative_plus_5,0.05,5.0,5.25,0.3455170212556861,0.3455170212556859,-2.220446049250313e-16,2.220446049250313e-16,0,0,0,-1
gmsc,random_forest,80,NumberOfOpenCreditLinesAndLoans,relative_plus_5,0.05,8.0,8.4,0.2866632770366475,0.2866632770366475,0.0,0.0,0,0,0,-1
gmsc,random_forest,81,NumberOfOpenCreditLinesAndLoans,relative_plus_5,0.05,7.0,7.35,0.17937720733779408,0.17937720733779405,-2.7755575615628914e-17,2.7755575615628914e-17,0,0,0,-1
gmsc,random_forest,82,NumberOfOpenCreditLinesAndLoans,relative_plus_5,0.05,10.0,10.5,0.4339743246902932,0.43397432469029323,5.551115123125783e-17,5.551115123125783e-17,0,0,0,-1
gmsc,random_forest,83,NumberOfOpenCreditLinesAndLoans,relative_plus_5,0.05,14.0,14.7,0.1141917331465753,0.11764041978853981,0.0034486866419645157,0.0034486866419645157,0,0,0,-1
gmsc,random_forest,84,NumberOfOpenCreditLinesAndLoans,relative_plus_5,0.05,10.0,10.5,0.59110890429795,0.5911089042979502,1.1102230246251565e-16,1.1102230246251565e-16,1,1,0,-1
gmsc,random_forest,85,NumberOfOpenCreditLinesAndLoans,relative_plus_5,0.05,6.0,6.3,0.10713867731747691,0.10713867731747691,0.0,0.0,0,0,0,-1
gmsc,random_forest,86,NumberOfOpenCreditLinesAndLoans,relative_plus_5,0.05,8.0,8.4,0.16567388899210891,0.16567388899210886,-5.551115123125783e-17,5.551115123125783e-17,0,0,0,-1
gmsc,random_forest,87,NumberOfOpenCreditLinesAndLoans,relative_plus_5,0.05,5.0,5.25,0.14884578185477607,0.14884578185477607,0.0,0.0,0,0,0,-1
gmsc,random_forest,88,NumberOfOpenCreditLinesAndLoans,relative_plus_5,0.05,6.0,6.3,0.17254421040384832,0.17254421040384832,0.0,0.0,0,0,0,-1
gmsc,random_forest,89,NumberOfOpenCreditLinesAndLoans,relative_plus_5,0.05,3.0,3.15,0.4356553338681073,0.4356553338681073,0.0,0.0,0,0,0,-1
gmsc,random_forest,90,NumberOfOpenCreditLinesAndLoans,relative_plus_5,0.05,7.0,7.35,0.07549253017751428,0.07549253017751432,4.163336342344337e-17,4.163336342344337e-17,0,0,0,-1
gmsc,random_forest,91,NumberOfOpenCreditLinesAndLoans,relative_plus_5,0.05,20.0,21.0,0.1823130815219747,0.1823130815219747,0.0,0.0,0,0,0,-1
gmsc,random_forest,92,NumberOfOpenCreditLinesAndLoans,relative_plus_5,0.05,1.0,1.05,0.0932513558600773,0.09325135586007728,-1.3877787807814457e-17,1.3877787807814457e-17,0,0,0,-1
gmsc,random_forest,93,NumberOfOpenCreditLinesAndLoans,relative_plus_5,0.05,15.0,15.75,0.12998718901704973,0.1314376386927101,0.0014504496756603813,0.0014504496756603813,0,0,0,-1
gmsc,random_forest,94,NumberOfOpenCreditLinesAndLoans,relative_plus_5,0.05,10.0,10.5,0.11645345924668923,0.11645345924668923,0.0,0.0,0,0,0,-1
gmsc,random_forest,95,NumberOfOpenCreditLinesAndLoans,relative_plus_5,0.05,8.0,8.4,0.18825767339402502,0.18825767339402502,0.0,0.0,0,0,0,-1
gmsc,random_forest,96,NumberOfOpenCreditLinesAndLoans,relative_plus_5,0.05,3.0,3.15,0.14751307642369796,0.14751307642369793,-2.7755575615628914e-17,2.7755575615628914e-17,0,0,0,-1
gmsc,random_forest,97,NumberOfOpenCreditLinesAndLoans,relative_plus_5,0.05,11.0,11.55,0.1601265267080067,0.1605452306640651,0.0004187039560583916,0.0004187039560583916,0,0,0,-1
gmsc,random_forest,98,NumberOfOpenCreditLinesAndLoans,relative_plus_5,0.05,9.0,9.45,0.2792883685617908,0.27928836856179073,-5.551115123125783e-17,5.551115123125783e-17,0,0,0,-1
gmsc,random_forest,99,NumberOfOpenCreditLinesAndLoans,relative_plus_5,0.05,19.0,19.95,0.8587567687347458,0.8593510735228583,0.0005943047881125096,0.0005943047881125096,1,1,0,-1
gmsc,random_forest,0,NumberOfOpenCreditLinesAndLoans,relative_minus_10,-0.1,17.0,18.7,0.12448314782663561,0.12429611471939424,-0.00018703310724137168,0.00018703310724137168,0,0,0,-1
gmsc,random_forest,1,NumberOfOpenCreditLinesAndLoans,relative_minus_10,-0.1,5.0,5.5,0.12575902714321507,0.12575902714321505,-2.7755575615628914e-17,2.7755575615628914e-17,0,0,0,-1
gmsc,random_forest,2,NumberOfOpenCreditLinesAndLoans,relative_minus_10,-0.1,5.0,5.5,0.07737496123247078,0.07737496123247081,2.7755575615628914e-17,2.7755575615628914e-17,0,0,0,-1
gmsc,random_forest,3,NumberOfOpenCreditLinesAndLoans,relative_minus_10,-0.1,13.0,14.3,0.2222470545521674,0.22492335622061213,0.002676301668444736,0.002676301668444736,0,0,0,-1
gmsc,random_forest,4,NumberOfOpenCreditLinesAndLoans,relative_minus_10,-0.1,4.0,4.4,0.16593632439170214,0.16593632439170214,0.0,0.0,0,0,0,-1
gmsc,random_forest,5,NumberOfOpenCreditLinesAndLoans,relative_minus_10,-0.1,8.0,8.8,0.20005511957959218,0.21506970119474766,0.015014581615155481,0.015014581615155481,0,0,0,-1
gmsc,random_forest,6,NumberOfOpenCreditLinesAndLoans,relative_minus_10,-0.1,5.0,5.5,0.24736845321604625,0.24736845321604625,0.0,0.0,0,0,0,-1
gmsc,random_forest,7,NumberOfOpenCreditLinesAndLoans,relative_minus_10,-0.1,3.0,3.3,0.2020807786711973,0.2020807786711973,0.0,0.0,0,0,0,-1
gmsc,random_forest,8,NumberOfOpenCreditLinesAndLoans,relative_minus_10,-0.1,2.0,2.2,0.16030677171113558,0.16030677171113558,0.0,0.0,0,0,0,-1
gmsc,random_forest,9,NumberOfOpenCreditLinesAndLoans,relative_minus_10,-0.1,6.0,6.6,0.44585372419624947,0.4460817934738552,0.0002280692776057136,0.0002280692776057136,0,0,0,-1
gmsc,random_forest,10,NumberOfOpenCreditLinesAndLoans,relative_minus_10,-0.1,9.0,9.9,0.3047745297393056,0.31486387753611983,0.010089347796814252,0.010089347796814252,0,0,0,-1
gmsc,random_forest,11,NumberOfOpenCreditLinesAndLoans,relative_minus_10,-0.1,14.0,15.4,0.2817436317150431,0.28660681583258063,0.004863184117537556,0.004863184117537556,0,0,0,-1
gmsc,random_forest,12,NumberOfOpenCreditLinesAndLoans,relative_minus_10,-0.1,6.0,6.6,0.07579737355923029,0.07896519045715991,0.0031678168979296234,0.0031678168979296234,0,0,0,-1
gmsc,random_forest,13,NumberOfOpenCreditLinesAndLoans,relative_minus_10,-0.1,0.0,0.7000000000000001,0.8725178860518772,0.8704401393261961,-0.0020777467256810622,0.0020777467256810622,1,1,0,-1
gmsc,random_forest,14,NumberOfOpenCreditLinesAndLoans,relative_minus_10,-0.1,4.0,4.4,0.39620212705125957,0.3962021270512597,1.1102230246251565e-16,1.1102230246251565e-16,0,0,0,-1
gmsc,random_forest,15,NumberOfOpenCreditLinesAndLoans,relative_minus_10,-0.1,17.0,18.7,0.358132684091735,0.35828174585840494,0.00014906176666995563,0.00014906176666995563,0,0,0,-1
gmsc,random_forest,16,NumberOfOpenCreditLinesAndLoans,relative_minus_10,-0.1,4.0,4.4,0.4951408704187556,0.4951408704187558,2.220446049250313e-16,2.220446049250313e-16,0,0,0,-1
gmsc,random_forest,17,NumberOfOpenCreditLinesAndLoans,relative_minus_10,-0.1,10.0,11.0,0.1565391154880974,0.1616328120582119,0.005093696570114492,0.005093696570114492,0,0,0,-1
gmsc,random_forest,18,NumberOfOpenCreditLinesAndLoans,relative_minus_10,-0.1,3.0,3.3,0.4933265396567783,0.4933265396567783,0.0,0.0,0,0,0,-1
gmsc,random_forest,19,NumberOfOpenCreditLinesAndLoans,relative_minus_10,-0.1,7.0,7.7,0.33709665441513037,0.3389067247983256,0.0018100703831952503,0.0018100703831952503,0,0,0,-1
gmsc,random_forest,20,NumberOfOpenCreditLinesAndLoans,relative_minus_10,-0.1,6.0,6.6,0.125253843611223,0.1254866454106385,0.0002328017994155107,0.0002328017994155107,0,0,0,-1
gmsc,random_forest,21,NumberOfOpenCreditLinesAndLoans,relative_minus_10,-0.1,19.0,20.9,0.1384442554842199,0.1384442554842199,0.0,0.0,0,0,0,-1
gmsc,random_forest,22,NumberOfOpenCreditLinesAndLoans,relative_minus_10,-0.1,2.0,2.2,0.10721005514231308,0.1072100551423131,2.7755575615628914e-17,2.7755575615628914e-17,0,0,0,-1
gmsc,random_forest,23,NumberOfOpenCreditLinesAndLoans,relative_minus_10,-0.1,8.0,8.8,0.14155973703643895,0.15580375667280913,0.014244019636370175,0.014244019636370175,0,0,0,-1
gmsc,random_forest,24,NumberOfOpenCreditLinesAndLoans,relative_minus_10,-0.1,4.0,4.4,0.08662915786666847,0.08662915786666846,-1.3877787807814457e-17,1.3877787807814457e-17,0,0,0,-1
gmsc,random_forest,25,NumberOfOpenCreditLinesAndLoans,relative_minus_10,-0.1,7.0,7.7,0.498904333907652,0.5020327602756154,0.0031284263679633995,0.0031284263679633995,0,1,1,-1
gmsc,random_forest,26,NumberOfOpenCreditLinesAndLoans,relative_minus_10,-0.1,5.0,5.5,0.566313369934525,0.5663133699345249,-1.1102230246251565e-16,1.1102230246251565e-16,1,1,0,-1
gmsc,random_forest,27,NumberOfOpenCreditLinesAndLoans,relative_minus_10,-0.1,10.0,11.0,0.1401781194818076,0.14102984170795976,0.0008517222261521518,0.0008517222261521518,0,0,0,-1
gmsc,random_forest,28,NumberOfOpenCreditLinesAndLoans,relative_minus_10,-0.1,1.0,1.1,0.16169516515611407,0.1616951651561141,2.7755575615628914e-17,2.7755575615628914e-17,0,0,0,-1
gmsc,random_forest,29,NumberOfOpenCreditLinesAndLoans,relative_minus_10,-0.1,9.0,9.9,0.10365705573378153,0.10477097088317837,0.0011139151493968352,0.0011139151493968352,0,0,0,-1
gmsc,random_forest,30,NumberOfOpenCreditLinesAndLoans,relative_minus_10,-0.1,13.0,14.3,0.23541054599203737,0.2420558577941199,0.006645311802082526,0.006645311802082526,0,0,0,-1
gmsc,random_forest,31,NumberOfOpenCreditLinesAndLoans,relative_minus_10,-0.1,6.0,6.6,0.1471176133232665,0.14887098971174215,0.0017533763884756415,0.0017533763884756415,0,0,0,-1
gmsc,random_forest,32,NumberOfOpenCreditLinesAndLoans,relative_minus_10,-0.1,3.0,3.3,0.19156208452759005,0.19156208452759005,0.0,0.0,0,0,0,-1
gmsc,random_forest,33,NumberOfOpenCreditLinesAndLoans,relative_minus_10,-0.1,9.0,9.9,0.0986278280958683,0.09936140961623471,0.0007335815203664137,0.0007335815203664137,0,0,0,-1
gmsc,random_forest,34,NumberOfOpenCreditLinesAndLoans,relative_minus_10,-0.1,10.0,11.0,0.6110458318906421,0.6136740704285256,0.0026282385378835205,0.0026282385378835205,1,1,0,-1
gmsc,random_forest,35,NumberOfOpenCreditLinesAndLoans,relative_minus_10,-0.1,12.0,13.2,0.6296792388822089,0.6305284192010951,0.0008491803188862557,0.0008491803188862557,1,1,0,-1
gmsc,random_forest,36,NumberOfOpenCreditLinesAndLoans,relative_minus_10,-0.1,4.0,4.4,0.35220418744329696,0.352204187443297,5.551115123125783e-17,5.551115123125783e-17,0,0,0,-1
gmsc,random_forest,37,NumberOfOpenCreditLinesAndLoans,relative_minus_10,-0.1,3.0,3.3,0.5127242820218618,0.5127242820218618,0.0,0.0,1,1,0,-1
gmsc,random_forest,38,NumberOfOpenCreditLinesAndLoans,relative_minus_10,-0.1,7.0,7.7,0.25511103636130245,0.25674110840729963,0.0016300720459971885,0.0016300720459971885,0,0,0,-1
gmsc,random_forest,39,NumberOfOpenCreditLinesAndLoans,relative_minus_10,-0.1,14.0,15.4,0.25436458779402354,0.2564074038204898,0.0020428160264662765,0.0020428160264662765,0,0,0,-1
gmsc,random_forest,40,NumberOfOpenCreditLinesAndLoans,relative_minus_10,-0.1,3.0,3.3,0.15364664040859202,0.15364664040859205,2.7755575615628914e-17,2.7755575615628914e-17,0,0,0,-1
gmsc,random_forest,41,NumberOfOpenCreditLinesAndLoans,relative_minus_10,-0.1,15.0,16.5,0.21481465988917767,0.2182991672450328,0.003484507355855121,0.003484507355855121,0,0,0,-1
gmsc,random_forest,42,NumberOfOpenCreditLinesAndLoans,relative_minus_10,-0.1,7.0,7.7,0.1501088987333263,0.15050873383017618,0.0003998350968498765,0.0003998350968498765,0,0,0,-1
gmsc,random_forest,43,NumberOfOpenCreditLinesAndLoans,relative_minus_10,-0.1,8.0,8.8,0.36253642583455215,0.3760198951157369,0.013483469281184768,0.013483469281184768,0,0,0,-1
gmsc,random_forest,44,NumberOfOpenCreditLinesAndLoans,relative_minus_10,-0.1,7.0,7.7,0.13721131938118405,0.1374539715580079,0.0002426521768238432,0.0002426521768238432,0,0,0,-1
gmsc,random_forest,45,NumberOfOpenCreditLinesAndLoans,relative_minus_10,-0.1,9.0,9.9,0.1794370938336495,0.17971237078630906,0.0002752769526595533,0.0002752769526595533,0,0,0,-1
gmsc,random_forest,46,NumberOfOpenCreditLinesAndLoans,relative_minus_10,-0.1,4.0,4.4,0.3159103257559534,0.31591032575595346,5.551115123125783e-17,5.551115123125783e-17,0,0,0,-1
gmsc,random_forest,47,NumberOfOpenCreditLinesAndLoans,relative_minus_10,-0.1,7.0,7.7,0.09990560036967194,0.10088997394902281,0.0009843735793508696,0.0009843735793508696,0,0,0,-1
gmsc,random_forest,48,NumberOfOpenCreditLinesAndLoans,relative_minus_10,-0.1,4.0,4.4,0.12714889185513736,0.12714889185513736,0.0,0.0,0,0,0,-1
gmsc,random_forest,49,NumberOfOpenCreditLinesAndLoans,relative_minus_10,-0.1,1.0,1.1,0.0702107223085158,0.07021072230851579,-1.3877787807814457e-17,1.3877787807814457e-17,0,0,0,-1
gmsc,random_forest,50,NumberOfOpenCreditLinesAndLoans,relative_minus_10,-0.1,6.0,6.6,0.15265829520102106,0.15688838617483375,0.004230090973812689,0.004230090973812689,0,0,0,-1
gmsc,random_forest,51,NumberOfOpenCreditLinesAndLoans,relative_minus_10,-0.1,21.0,23.1,0.2628422782175456,0.2618996826653563,-0.0009425955521892848,0.0009425955521892848,0,0,0,-1
gmsc,random_forest,52,NumberOfOpenCreditLinesAndLoans,relative_minus_10,-0.1,6.0,6.6,0.07756754455616102,0.08128738088062852,0.0037198363244674987,0.0037198363244674987,0,0,0,-1
gmsc,random_forest,53,NumberOfOpenCreditLinesAndLoans,relative_minus_10,-0.1,3.0,3.3,0.801766334910606,0.801766334910606,0.0,0.0,1,1,0,-1
gmsc,random_forest,54,NumberOfOpenCreditLinesAndLoans,relative_minus_10,-0.1,8.0,8.8,0.8582977428532704,0.8592260880634734,0.0009283452102030187,0.0009283452102030187,1,1,0,-1
gmsc,random_forest,55,NumberOfOpenCreditLinesAndLoans,relative_minus_10,-0.1,12.0,13.2,0.10544807655567226,0.10574218891122762,0.0002941123555553621,0.0002941123555553621,0,0,0,-1
gmsc,random_forest,56,NumberOfOpenCreditLinesAndLoans,relative_minus_10,-0.1,6.0,6.6,0.16614971558636332,0.16741754774695866,0.001267832160595339,0.001267832160595339,0,0,0,-1
gmsc,random_forest,57,NumberOfOpenCreditLinesAndLoans,relative_minus_10,-0.1,2.0,2.2,0.5819136422191914,0.5819136422191915,1.1102230246251565e-16,1.1102230246251565e-16,1,1,0,-1
gmsc,random_forest,58,NumberOfOpenCreditLinesAndLoans,relative_minus_10,-0.1,3.0,3.3,0.7436704750418504,0.7436704750418502,-1.1102230246251565e-16,1.1102230246251565e-16,1,1,0,-1
gmsc,random_forest,59,NumberOfOpenCreditLinesAndLoans,relative_minus_10,-0.1,10.0,11.0,0.587090829362347,0.6115343099896455,0.02444348062729851,0.02444348062729851,1,1,0,-1
gmsc,random_forest,60,NumberOfOpenCreditLinesAndLoans,relative_minus_10,-0.1,4.0,4.4,0.1649034942951832,0.16490349429518322,2.7755575615628914e-17,2.7755575615628914e-17,0,0,0,-1
gmsc,random_forest,61,NumberOfOpenCreditLinesAndLoans,relative_minus_10,-0.1,12.0,13.2,0.2942532697850684,0.2963670648703677,0.002113795085299297,0.002113795085299297,0,0,0,-1
gmsc,random_forest,62,NumberOfOpenCreditLinesAndLoans,relative_minus_10,-0.1,7.0,7.7,0.5335320712885583,0.5341971292662491,0.0006650579776907861,0.0006650579776907861,1,1,0,-1
gmsc,random_forest,63,NumberOfOpenCreditLinesAndLoans,relative_minus_10,-0.1,5.0,5.5,0.13289866287150406,0.13289866287150406,0.0,0.0,0,0,0,-1
gmsc,random_forest,64,NumberOfOpenCreditLinesAndLoans,relative_minus_10,-0.1,9.0,9.9,0.2665313715697186,0.2648597070243302,-0.0016716645453884182,0.0016716645453884182,0,0,0,-1
gmsc,random_forest,65,NumberOfOpenCreditLinesAndLoans,relative_minus_10,-0.1,4.0,4.4,0.5063899923778815,0.5063899923778815,0.0,0.0,1,1,0,-1
gmsc,random_forest,66,NumberOfOpenCreditLinesAndLoans,relative_minus_10,-0.1,6.0,6.6,0.1736576827952704,0.17647187514817997,0.002814192352909556,0.002814192352909556,0,0,0,-1
gmsc,random_forest,67,NumberOfOpenCreditLinesAndLoans,relative_minus_10,-0.1,3.0,3.3,0.4600211443798788,0.4600211443798789,1.1102230246251565e-16,1.1102230246251565e-16,0,0,0,-1
gmsc,random_forest,68,NumberOfOpenCreditLinesAndLoans,relative_minus_10,-0.1,4.0,4.4,0.14330478155243379,0.14330478155243376,-2.7755575615628914e-17,2.7755575615628914e-17,0,0,0,-1
gmsc,random_forest,69,NumberOfOpenCreditLinesAndLoans,relative_minus_10,-0.1,10.0,11.0,0.3889070815939389,0.39340822988119417,0.0045011482872552855,0.0045011482872552855,0,0,0,-1
gmsc,random_forest,70,NumberOfOpenCreditLinesAndLoans,relative_minus_10,-0.1,14.0,15.4,0.4193795781899724,0.42022504034517727,0.000845462155204868,0.000845462155204868,0,0,0,-1
gmsc,random_forest,71,NumberOfOpenCreditLinesAndLoans,relative_minus_10,-0.1,6.0,6.6,0.17008515516847897,0.17196086196427943,0.001875706795800458,0.001875706795800458,0,0,0,-1
gmsc,random_forest,72,NumberOfOpenCreditLinesAndLoans,relative_minus_10,-0.1,11.0,12.1,0.20907874085396658,0.2096625039834673,0.0005837631295007306,0.0005837631295007306,0,0,0,-1
gmsc,random_forest,73,NumberOfOpenCreditLinesAndLoans,relative_minus_10,-0.1,9.0,9.9,0.365051631552107,0.37354792452167407,0.008496292969567054,0.008496292969567054,0,0,0,-1
gmsc,random_forest,74,NumberOfOpenCreditLinesAndLoans,relative_minus_10,-0.1,3.0,3.3,0.2065140624206517,0.20651406242065173,2.7755575615628914e-17,2.7755575615628914e-17,0,0,0,-1
gmsc,random_forest,75,NumberOfOpenCreditLinesAndLoans,relative_minus_10,-0.1,2.0,2.2,0.526646966431903,0.5266469664319028,-2.220446049250313e-16,2.220446049250313e-16,1,1,0,-1
gmsc,random_forest,76,NumberOfOpenCreditLinesAndLoans,relative_minus_10,-0.1,18.0,19.8,0.12531638246166502,0.12611021915648962,0.0007938366948246067,0.0007938366948246067,0,0,0,-1
gmsc,random_forest,77,NumberOfOpenCreditLinesAndLoans,relative_minus_10,-0.1,8.0,8.8,0.07799823819062678,0.10488910770403885,0.026890869513412075,0.026890869513412075,0,0,0,-1
gmsc,random_forest,78,NumberOfOpenCreditLinesAndLoans,relative_minus_10,-0.1,6.0,6.6,0.10359585418304888,0.10624398982850355,0.0026481356454546717,0.0026481356454546717,0,0,0,-1
gmsc,random_forest,79,NumberOfOpenCreditLinesAndLoans,relative_minus_10,-0.1,5.0,5.5,0.3455170212556861,0.34551702125568606,-5.551115123125783e-17,5.551115123125783e-17,0,0,0,-1
gmsc,random_forest,80,NumberOfOpenCreditLinesAndLoans,relative_minus_10,-0.1,8.0,8.8,0.2866632770366475,0.29210380961644467,0.005440532579797153,0.005440532579797153,0,0,0,-1
gmsc,random_forest,81,NumberOfOpenCreditLinesAndLoans,relative_minus_10,-0.1,7.0,7.7,0.17937720733779408,0.18015193562263404,0.0007747282848399595,0.0007747282848399595,0,0,0,-1
gmsc,random_forest,82,NumberOfOpenCreditLinesAndLoans,relative_minus_10,-0.1,10.0,11.0,0.4339743246902932,0.44586625929454,0.011891934604246812,0.011891934604246812,0,0,0,-1
gmsc,random_forest,83,NumberOfOpenCreditLinesAndLoans,relative_minus_10,-0.1,14.0,15.4,0.1141917331465753,0.11764041978853984,0.0034486866419645434,0.0034486866419645434,0,0,0,-1
gmsc,random_forest,84,NumberOfOpenCreditLinesAndLoans,relative_minus_10,-0.1,10.0,11.0,0.59110890429795,0.6069915675126764,0.01588266321472631,0.01588266321472631,1,1,0,-1
gmsc,random_forest,85,NumberOfOpenCreditLinesAndLoans,relative_minus_10,-0.1,6.0,6.6,0.10713867731747691,0.11235604249697428,0.005217365179497377,0.005217365179497377,0,0,0,-1
gmsc,random_forest,86,NumberOfOpenCreditLinesAndLoans,relative_minus_10,-0.1,8.0,8.8,0.16567388899210891,0.1890113546723388,0.023337465680229874,0.023337465680229874,0,0,0,-1
gmsc,random_forest,87,NumberOfOpenCreditLinesAndLoans,relative_minus_10,-0.1,5.0,5.5,0.14884578185477607,0.14884578185477607,0.0,0.0,0,0,0,-1
gmsc,random_forest,88,NumberOfOpenCreditLinesAndLoans,relative_minus_10,-0.1,6.0,6.6,0.17254421040384832,0.17423820651156885,0.0016939961077205301,0.0016939961077205301,0,0,0,-1
gmsc,random_forest,89,NumberOfOpenCreditLinesAndLoans,relative_minus_10,-0.1,3.0,3.3,0.4356553338681073,0.4356553338681074,1.1102230246251565e-16,1.1102230246251565e-16,0,0,0,-1
gmsc,random_forest,90,NumberOfOpenCreditLinesAndLoans,relative_minus_10,-0.1,7.0,7.7,0.07549253017751428,0.07723203339161172,0.0017395032140974376,0.0017395032140974376,0,0,0,-1
gmsc,random_forest,91,NumberOfOpenCreditLinesAndLoans,relative_minus_10,-0.1,20.0,22.0,0.1823130815219747,0.1823130815219747,0.0,0.0,0,0,0,-1
gmsc,random_forest,92,NumberOfOpenCreditLinesAndLoans,relative_minus_10,-0.1,1.0,1.1,0.0932513558600773,0.0932513558600773,0.0,0.0,0,0,0,-1
gmsc,random_forest,93,NumberOfOpenCreditLinesAndLoans,relative_minus_10,-0.1,15.0,16.5,0.12998718901704973,0.13143763869271013,0.001450449675660409,0.001450449675660409,0,0,0,-1
gmsc,random_forest,94,NumberOfOpenCreditLinesAndLoans,relative_minus_10,-0.1,10.0,11.0,0.11645345924668923,0.11681984465757558,0.00036638541088634957,0.00036638541088634957,0,0,0,-1
gmsc,random_forest,95,NumberOfOpenCreditLinesAndLoans,relative_minus_10,-0.1,8.0,8.8,0.18825767339402502,0.2156509237202548,0.027393250326229773,0.027393250326229773,0,0,0,-1
gmsc,random_forest,96,NumberOfOpenCreditLinesAndLoans,relative_minus_10,-0.1,3.0,3.3,0.14751307642369796,0.14751307642369796,0.0,0.0,0,0,0,-1
gmsc,random_forest,97,NumberOfOpenCreditLinesAndLoans,relative_minus_10,-0.1,11.0,12.1,0.1601265267080067,0.1605452306640651,0.0004187039560583916,0.0004187039560583916,0,0,0,-1
gmsc,random_forest,98,NumberOfOpenCreditLinesAndLoans,relative_minus_10,-0.1,9.0,9.9,0.2792883685617908,0.28843844597735274,0.009150077415561952,0.009150077415561952,0,0,0,-1
gmsc,random_forest,99,NumberOfOpenCreditLinesAndLoans,relative_minus_10,-0.1,19.0,20.9,0.8587567687347458,0.856291216970587,-0.0024655517641588576,0.0024655517641588576,1,1,0,-1
gmsc,random_forest,0,NumberOfOpenCreditLinesAndLoans,relative_plus_10,0.1,17.0,18.7,0.12448314782663561,0.1242961147193943,-0.00018703310724131617,0.00018703310724131617,0,0,0,-1
gmsc,random_forest,1,NumberOfOpenCreditLinesAndLoans,relative_plus_10,0.1,5.0,5.5,0.12575902714321507,0.12575902714321507,0.0,0.0,0,0,0,-1
gmsc,random_forest,2,NumberOfOpenCreditLinesAndLoans,relative_plus_10,0.1,5.0,5.5,0.07737496123247078,0.07737496123247078,0.0,0.0,0,0,0,-1
gmsc,random_forest,3,NumberOfOpenCreditLinesAndLoans,relative_plus_10,0.1,13.0,14.3,0.2222470545521674,0.22492335622061205,0.0026763016684446528,0.0026763016684446528,0,0,0,-1
gmsc,random_forest,4,NumberOfOpenCreditLinesAndLoans,relative_plus_10,0.1,4.0,4.4,0.16593632439170214,0.1659363243917022,5.551115123125783e-17,5.551115123125783e-17,0,0,0,-1
gmsc,random_forest,5,NumberOfOpenCreditLinesAndLoans,relative_plus_10,0.1,8.0,8.8,0.20005511957959218,0.21506970119474772,0.015014581615155537,0.015014581615155537,0,0,0,-1
gmsc,random_forest,6,NumberOfOpenCreditLinesAndLoans,relative_plus_10,0.1,5.0,5.5,0.24736845321604625,0.2473684532160462,-5.551115123125783e-17,5.551115123125783e-17,0,0,0,-1
gmsc,random_forest,7,NumberOfOpenCreditLinesAndLoans,relative_plus_10,0.1,3.0,3.3,0.2020807786711973,0.2020807786711973,0.0,0.0,0,0,0,-1
gmsc,random_forest,8,NumberOfOpenCreditLinesAndLoans,relative_plus_10,0.1,2.0,2.2,0.16030677171113558,0.1603067717111356,2.7755575615628914e-17,2.7755575615628914e-17,0,0,0,-1
gmsc,random_forest,9,NumberOfOpenCreditLinesAndLoans,relative_plus_10,0.1,6.0,6.6,0.44585372419624947,0.44608179347385507,0.00022806927760560258,0.00022806927760560258,0,0,0,-1
gmsc,random_forest,10,NumberOfOpenCreditLinesAndLoans,relative_plus_10,0.1,9.0,9.9,0.3047745297393056,0.3148638775361199,0.010089347796814307,0.010089347796814307,0,0,0,-1
gmsc,random_forest,11,NumberOfOpenCreditLinesAndLoans,relative_plus_10,0.1,14.0,15.4,0.2817436317150431,0.2866068158325805,0.004863184117537445,0.004863184117537445,0,0,0,-1
gmsc,random_forest,12,NumberOfOpenCreditLinesAndLoans,relative_plus_10,0.1,6.0,6.6,0.07579737355923029,0.07896519045715991,0.0031678168979296234,0.0031678168979296234,0,0,0,-1
gmsc,random_forest,13,NumberOfOpenCreditLinesAndLoans,relative_plus_10,0.1,0.0,0.7000000000000001,0.8725178860518772,0.8704401393261958,-0.0020777467256813953,0.0020777467256813953,1,1,0,-1
gmsc,random_forest,14,NumberOfOpenCreditLinesAndLoans,relative_plus_10,0.1,4.0,4.4,0.39620212705125957,0.3962021270512596,5.551115123125783e-17,5.551115123125783e-17,0,0,0,-1
gmsc,random_forest,15,NumberOfOpenCreditLinesAndLoans,relative_plus_10,0.1,17.0,18.7,0.358132684091735,0.35828174585840494,0.00014906176666995563,0.00014906176666995563,0,0,0,-1
gmsc,random_forest,16,NumberOfOpenCreditLinesAndLoans,relative_plus_10,0.1,4.0,4.4,0.4951408704187556,0.4951408704187559,2.7755575615628914e-16,2.7755575615628914e-16,0,0,0,-1
gmsc,random_forest,17,NumberOfOpenCreditLinesAndLoans,relative_plus_10,0.1,10.0,11.0,0.1565391154880974,0.16163281205821192,0.00509369657011452,0.00509369657011452,0,0,0,-1
gmsc,random_forest,18,NumberOfOpenCreditLinesAndLoans,relative_plus_10,0.1,3.0,3.3,0.4933265396567783,0.49332653965677814,-1.6653345369377348e-16,1.6653345369377348e-16,0,0,0,-1
gmsc,random_forest,19,NumberOfOpenCreditLinesAndLoans,relative_plus_10,0.1,7.0,7.7,0.33709665441513037,0.3389067247983257,0.0018100703831953058,0.0018100703831953058,0,0,0,-1
gmsc,random_forest,20,NumberOfOpenCreditLinesAndLoans,relative_plus_10,0.1,6.0,6.6,0.125253843611223,0.1254866454106385,0.0002328017994155107,0.0002328017994155107,0,0,0,-1
gmsc,random_forest,21,NumberOfOpenCreditLinesAndLoans,relative_plus_10,0.1,19.0,20.9,0.1384442554842199,0.1384442554842199,0.0,0.0,0,0,0,-1
gmsc,random_forest,22,NumberOfOpenCreditLinesAndLoans,relative_plus_10,0.1,2.0,2.2,0.10721005514231308,0.10721005514231308,0.0,0.0,0,0,0,-1
gmsc,random_forest,23,NumberOfOpenCreditLinesAndLoans,relative_plus_10,0.1,8.0,8.8,0.14155973703643895,0.15580375667280913,0.014244019636370175,0.014244019636370175,0,0,0,-1
gmsc,random_forest,24,NumberOfOpenCreditLinesAndLoans,relative_plus_10,0.1,4.0,4.4,0.08662915786666847,0.08662915786666846,-1.3877787807814457e-17,1.3877787807814457e-17,0,0,0,-1
gmsc,random_forest,25,NumberOfOpenCreditLinesAndLoans,relative_plus_10,0.1,7.0,7.7,0.498904333907652,0.5020327602756154,0.0031284263679633995,0.0031284263679633995,0,1,1,-1
gmsc,random_forest,26,NumberOfOpenCreditLinesAndLoans,relative_plus_10,0.1,5.0,5.5,0.566313369934525,0.566313369934525,0.0,0.0,1,1,0,-1
gmsc,random_forest,27,NumberOfOpenCreditLinesAndLoans,relative_plus_10,0.1,10.0,11.0,0.1401781194818076,0.1410298417079598,0.0008517222261521795,0.0008517222261521795,0,0,0,-1
gmsc,random_forest,28,NumberOfOpenCreditLinesAndLoans,relative_plus_10,0.1,1.0,1.1,0.16169516515611407,0.1616951651561141,2.7755575615628914e-17,2.7755575615628914e-17,0,0,0,-1
gmsc,random_forest,29,NumberOfOpenCreditLinesAndLoans,relative_plus_10,0.1,9.0,9.9,0.10365705573378153,0.10477097088317838,0.001113915149396849,0.001113915149396849,0,0,0,-1
gmsc,random_forest,30,NumberOfOpenCreditLinesAndLoans,relative_plus_10,0.1,13.0,14.3,0.23541054599203737,0.2420558577941198,0.006645311802082443,0.006645311802082443,0,0,0,-1
gmsc,random_forest,31,NumberOfOpenCreditLinesAndLoans,relative_plus_10,0.1,6.0,6.6,0.1471176133232665,0.14887098971174215,0.0017533763884756415,0.0017533763884756415,0,0,0,-1
gmsc,random_forest,32,NumberOfOpenCreditLinesAndLoans,relative_plus_10,0.1,3.0,3.3,0.19156208452759005,0.19156208452759005,0.0,0.0,0,0,0,-1
gmsc,random_forest,33,NumberOfOpenCreditLinesAndLoans,relative_plus_10,0.1,9.0,9.9,0.0986278280958683,0.09936140961623473,0.0007335815203664275,0.0007335815203664275,0,0,0,-1
gmsc,random_forest,34,NumberOfOpenCreditLinesAndLoans,relative_plus_10,0.1,10.0,11.0,0.6110458318906421,0.6136740704285255,0.0026282385378834094,0.0026282385378834094,1,1,0,-1
gmsc,random_forest,35,NumberOfOpenCreditLinesAndLoans,relative_plus_10,0.1,12.0,13.2,0.6296792388822089,0.6305284192010951,0.0008491803188862557,0.0008491803188862557,1,1,0,-1
gmsc,random_forest,36,NumberOfOpenCreditLinesAndLoans,relative_plus_10,0.1,4.0,4.4,0.35220418744329696,0.352204187443297,5.551115123125783e-17,5.551115123125783e-17,0,0,0,-1
gmsc,random_forest,37,NumberOfOpenCreditLinesAndLoans,relative_plus_10,0.1,3.0,3.3,0.5127242820218618,0.5127242820218618,0.0,0.0,1,1,0,-1
gmsc,random_forest,38,NumberOfOpenCreditLinesAndLoans,relative_plus_10,0.1,7.0,7.7,0.25511103636130245,0.2567411084072997,0.001630072045997244,0.001630072045997244,0,0,0,-1
gmsc,random_forest,39,NumberOfOpenCreditLinesAndLoans,relative_plus_10,0.1,14.0,15.4,0.25436458779402354,0.2564074038204898,0.0020428160264662765,0.0020428160264662765,0,0,0,-1
gmsc,random_forest,40,NumberOfOpenCreditLinesAndLoans,relative_plus_10,0.1,3.0,3.3,0.15364664040859202,0.15364664040859202,0.0,0.0,0,0,0,-1
gmsc,random_forest,41,NumberOfOpenCreditLinesAndLoans,relative_plus_10,0.1,15.0,16.5,0.21481465988917767,0.2182991672450328,0.003484507355855121,0.003484507355855121,0,0,0,-1
gmsc,random_forest,42,NumberOfOpenCreditLinesAndLoans,relative_plus_10,0.1,7.0,7.7,0.1501088987333263,0.15050873383017616,0.00039983509684984875,0.00039983509684984875,0,0,0,-1
gmsc,random_forest,43,NumberOfOpenCreditLinesAndLoans,relative_plus_10,0.1,8.0,8.8,0.36253642583455215,0.37601989511573686,0.013483469281184712,0.013483469281184712,0,0,0,-1
gmsc,random_forest,44,NumberOfOpenCreditLinesAndLoans,relative_plus_10,0.1,7.0,7.7,0.13721131938118405,0.13745397155800787,0.00024265217682381546,0.00024265217682381546,0,0,0,-1
gmsc,random_forest,45,NumberOfOpenCreditLinesAndLoans,relative_plus_10,0.1,9.0,9.9,0.1794370938336495,0.17971237078630908,0.0002752769526595811,0.0002752769526595811,0,0,0,-1
gmsc,random_forest,46,NumberOfOpenCreditLinesAndLoans,relative_plus_10,0.1,4.0,4.4,0.3159103257559534,0.3159103257559534,0.0,0.0,0,0,0,-1
gmsc,random_forest,47,NumberOfOpenCreditLinesAndLoans,relative_plus_10,0.1,7.0,7.7,0.09990560036967194,0.10088997394902284,0.0009843735793508973,0.0009843735793508973,0,0,0,-1
gmsc,random_forest,48,NumberOfOpenCreditLinesAndLoans,relative_plus_10,0.1,4.0,4.4,0.12714889185513736,0.12714889185513734,-2.7755575615628914e-17,2.7755575615628914e-17,0,0,0,-1
gmsc,random_forest,49,NumberOfOpenCreditLinesAndLoans,relative_plus_10,0.1,1.0,1.1,0.0702107223085158,0.07021072230851577,-2.7755575615628914e-17,2.7755575615628914e-17,0,0,0,-1
gmsc,random_forest,50,NumberOfOpenCreditLinesAndLoans,relative_plus_10,0.1,6.0,6.6,0.15265829520102106,0.15688838617483375,0.004230090973812689,0.004230090973812689,0,0,0,-1
gmsc,random_forest,51,NumberOfOpenCreditLinesAndLoans,relative_plus_10,0.1,21.0,23.1,0.2628422782175456,0.26189968266535624,-0.0009425955521893403,0.0009425955521893403,0,0,0,-1
gmsc,random_forest,52,NumberOfOpenCreditLinesAndLoans,relative_plus_10,0.1,6.0,6.6,0.07756754455616102,0.08128738088062852,0.0037198363244674987,0.0037198363244674987,0,0,0,-1
gmsc,random_forest,53,NumberOfOpenCreditLinesAndLoans,relative_plus_10,0.1,3.0,3.3,0.801766334910606,0.8017663349106061,1.1102230246251565e-16,1.1102230246251565e-16,1,1,0,-1
gmsc,random_forest,54,NumberOfOpenCreditLinesAndLoans,relative_plus_10,0.1,8.0,8.8,0.8582977428532704,0.8592260880634734,0.0009283452102030187,0.0009283452102030187,1,1,0,-1
gmsc,random_forest,55,NumberOfOpenCreditLinesAndLoans,relative_plus_10,0.1,12.0,13.2,0.10544807655567226,0.10574218891122764,0.00029411235555537596,0.00029411235555537596,0,0,0,-1
gmsc,random_forest,56,NumberOfOpenCreditLinesAndLoans,relative_plus_10,0.1,6.0,6.6,0.16614971558636332,0.16741754774695863,0.0012678321605953113,0.0012678321605953113,0,0,0,-1
gmsc,random_forest,57,NumberOfOpenCreditLinesAndLoans,relative_plus_10,0.1,2.0,2.2,0.5819136422191914,0.5819136422191914,0.0,0.0,1,1,0,-1
gmsc,random_forest,58,NumberOfOpenCreditLinesAndLoans,relative_plus_10,0.1,3.0,3.3,0.7436704750418504,0.7436704750418505,1.1102230246251565e-16,1.1102230246251565e-16,1,1,0,-1
gmsc,random_forest,59,NumberOfOpenCreditLinesAndLoans,relative_plus_10,0.1,10.0,11.0,0.587090829362347,0.6115343099896454,0.024443480627298397,0.024443480627298397,1,1,0,-1
gmsc,random_forest,60,NumberOfOpenCreditLinesAndLoans,relative_plus_10,0.1,4.0,4.4,0.1649034942951832,0.16490349429518325,5.551115123125783e-17,5.551115123125783e-17,0,0,0,-1
gmsc,random_forest,61,NumberOfOpenCreditLinesAndLoans,relative_plus_10,0.1,12.0,13.2,0.2942532697850684,0.29636706487036757,0.002113795085299186,0.002113795085299186,0,0,0,-1
gmsc,random_forest,62,NumberOfOpenCreditLinesAndLoans,relative_plus_10,0.1,7.0,7.7,0.5335320712885583,0.5341971292662493,0.0006650579776910082,0.0006650579776910082,1,1,0,-1
gmsc,random_forest,63,NumberOfOpenCreditLinesAndLoans,relative_plus_10,0.1,5.0,5.5,0.13289866287150406,0.13289866287150406,0.0,0.0,0,0,0,-1
gmsc,random_forest,64,NumberOfOpenCreditLinesAndLoans,relative_plus_10,0.1,9.0,9.9,0.2665313715697186,0.26485970702433015,-0.0016716645453884738,0.0016716645453884738,0,0,0,-1
gmsc,random_forest,65,NumberOfOpenCreditLinesAndLoans,relative_plus_10,0.1,4.0,4.4,0.5063899923778815,0.5063899923778815,0.0,0.0,1,1,0,-1
gmsc,random_forest,66,NumberOfOpenCreditLinesAndLoans,relative_plus_10,0.1,6.0,6.6,0.1736576827952704,0.17647187514817997,0.002814192352909556,0.002814192352909556,0,0,0,-1
gmsc,random_forest,67,NumberOfOpenCreditLinesAndLoans,relative_plus_10,0.1,3.0,3.3,0.4600211443798788,0.4600211443798789,1.1102230246251565e-16,1.1102230246251565e-16,0,0,0,-1
gmsc,random_forest,68,NumberOfOpenCreditLinesAndLoans,relative_plus_10,0.1,4.0,4.4,0.14330478155243379,0.14330478155243373,-5.551115123125783e-17,5.551115123125783e-17,0,0,0,-1
gmsc,random_forest,69,NumberOfOpenCreditLinesAndLoans,relative_plus_10,0.1,10.0,11.0,0.3889070815939389,0.3934082298811941,0.00450114828725523,0.00450114828725523,0,0,0,-1
gmsc,random_forest,70,NumberOfOpenCreditLinesAndLoans,relative_plus_10,0.1,14.0,15.4,0.4193795781899724,0.4202250403451773,0.0008454621552049235,0.0008454621552049235,0,0,0,-1
gmsc,random_forest,71,NumberOfOpenCreditLinesAndLoans,relative_plus_10,0.1,6.0,6.6,0.17008515516847897,0.17196086196427937,0.0018757067958004026,0.0018757067958004026,0,0,0,-1
gmsc,random_forest,72,NumberOfOpenCreditLinesAndLoans,relative_plus_10,0.1,11.0,12.1,0.20907874085396658,0.20966250398346734,0.0005837631295007584,0.0005837631295007584,0,0,0,-1
gmsc,random_forest,73,NumberOfOpenCreditLinesAndLoans,relative_plus_10,0.1,9.0,9.9,0.365051631552107,0.3735479245216741,0.00849629296956711,0.00849629296956711,0,0,0,-1
gmsc,random_forest,74,NumberOfOpenCreditLinesAndLoans,relative_plus_10,0.1,3.0,3.3,0.2065140624206517,0.20651406242065173,2.7755575615628914e-17,2.7755575615628914e-17,0,0,0,-1
gmsc,random_forest,75,NumberOfOpenCreditLinesAndLoans,relative_plus_10,0.1,2.0,2.2,0.526646966431903,0.526646966431903,0.0,0.0,1,1,0,-1
gmsc,random_forest,76,NumberOfOpenCreditLinesAndLoans,relative_plus_10,0.1,18.0,19.8,0.12531638246166502,0.1261102191564896,0.000793836694824579,0.000793836694824579,0,0,0,-1
gmsc,random_forest,77,NumberOfOpenCreditLinesAndLoans,relative_plus_10,0.1,8.0,8.8,0.07799823819062678,0.10488910770403886,0.02689086951341209,0.02689086951341209,0,0,0,-1
gmsc,random_forest,78,NumberOfOpenCreditLinesAndLoans,relative_plus_10,0.1,6.0,6.6,0.10359585418304888,0.10624398982850355,0.0026481356454546717,0.0026481356454546717,0,0,0,-1
gmsc,random_forest,79,NumberOfOpenCreditLinesAndLoans,relative_plus_10,0.1,5.0,5.5,0.3455170212556861,0.3455170212556859,-2.220446049250313e-16,2.220446049250313e-16,0,0,0,-1
gmsc,random_forest,80,NumberOfOpenCreditLinesAndLoans,relative_plus_10,0.1,8.0,8.8,0.2866632770366475,0.2921038096164446,0.005440532579797097,0.005440532579797097,0,0,0,-1
gmsc,random_forest,81,NumberOfOpenCreditLinesAndLoans,relative_plus_10,0.1,7.0,7.7,0.17937720733779408,0.18015193562263404,0.0007747282848399595,0.0007747282848399595,0,0,0,-1
gmsc,random_forest,82,NumberOfOpenCreditLinesAndLoans,relative_plus_10,0.1,10.0,11.0,0.4339743246902932,0.44586625929454016,0.011891934604246979,0.011891934604246979,0,0,0,-1
gmsc,random_forest,83,NumberOfOpenCreditLinesAndLoans,relative_plus_10,0.1,14.0,15.4,0.1141917331465753,0.11764041978853981,0.0034486866419645157,0.0034486866419645157,0,0,0,-1
gmsc,random_forest,84,NumberOfOpenCreditLinesAndLoans,relative_plus_10,0.1,10.0,11.0,0.59110890429795,0.6069915675126762,0.0158826632147262,0.0158826632147262,1,1,0,-1
gmsc,random_forest,85,NumberOfOpenCreditLinesAndLoans,relative_plus_10,0.1,6.0,6.6,0.10713867731747691,0.11235604249697428,0.005217365179497377,0.005217365179497377,0,0,0,-1
gmsc,random_forest,86,NumberOfOpenCreditLinesAndLoans,relative_plus_10,0.1,8.0,8.8,0.16567388899210891,0.18901135467233882,0.023337465680229902,0.023337465680229902,0,0,0,-1
gmsc,random_forest,87,NumberOfOpenCreditLinesAndLoans,relative_plus_10,0.1,5.0,5.5,0.14884578185477607,0.14884578185477607,0.0,0.0,0,0,0,-1
gmsc,random_forest,88,NumberOfOpenCreditLinesAndLoans,relative_plus_10,0.1,6.0,6.6,0.17254421040384832,0.17423820651156882,0.0016939961077205024,0.0016939961077205024,0,0,0,-1
gmsc,random_forest,89,NumberOfOpenCreditLinesAndLoans,relative_plus_10,0.1,3.0,3.3,0.4356553338681073,0.4356553338681074,1.1102230246251565e-16,1.1102230246251565e-16,0,0,0,-1
gmsc,random_forest,90,NumberOfOpenCreditLinesAndLoans,relative_plus_10,0.1,7.0,7.7,0.07549253017751428,0.0772320333916117,0.0017395032140974237,0.0017395032140974237,0,0,0,-1
gmsc,random_forest,91,NumberOfOpenCreditLinesAndLoans,relative_plus_10,0.1,20.0,22.0,0.1823130815219747,0.18231308152197467,-2.7755575615628914e-17,2.7755575615628914e-17,0,0,0,-1
gmsc,random_forest,92,NumberOfOpenCreditLinesAndLoans,relative_plus_10,0.1,1.0,1.1,0.0932513558600773,0.0932513558600773,0.0,0.0,0,0,0,-1
gmsc,random_forest,93,NumberOfOpenCreditLinesAndLoans,relative_plus_10,0.1,15.0,16.5,0.12998718901704973,0.13143763869271013,0.001450449675660409,0.001450449675660409,0,0,0,-1
gmsc,random_forest,94,NumberOfOpenCreditLinesAndLoans,relative_plus_10,0.1,10.0,11.0,0.11645345924668923,0.11681984465757554,0.00036638541088630794,0.00036638541088630794,0,0,0,-1
gmsc,random_forest,95,NumberOfOpenCreditLinesAndLoans,relative_plus_10,0.1,8.0,8.8,0.18825767339402502,0.21565092372025474,0.027393250326229718,0.027393250326229718,0,0,0,-1
gmsc,random_forest,96,NumberOfOpenCreditLinesAndLoans,relative_plus_10,0.1,3.0,3.3,0.14751307642369796,0.14751307642369796,0.0,0.0,0,0,0,-1
gmsc,random_forest,97,NumberOfOpenCreditLinesAndLoans,relative_plus_10,0.1,11.0,12.1,0.1601265267080067,0.16054523066406512,0.00041870395605841937,0.00041870395605841937,0,0,0,-1
gmsc,random_forest,98,NumberOfOpenCreditLinesAndLoans,relative_plus_10,0.1,9.0,9.9,0.2792883685617908,0.28843844597735274,0.009150077415561952,0.009150077415561952,0,0,0,-1
gmsc,random_forest,99,NumberOfOpenCreditLinesAndLoans,relative_plus_10,0.1,19.0,20.9,0.8587567687347458,0.8562912169705867,-0.0024655517641590796,0.0024655517641590796,1,1,0,-1
gmsc,random_forest,0,NumberOfTimes90DaysLate,relative_minus_5,-0.05,0.0,0.05,0.12448314782663561,0.12448314782663558,-2.7755575615628914e-17,2.7755575615628914e-17,0,0,0,-1
gmsc,random_forest,1,NumberOfTimes90DaysLate,relative_minus_5,-0.05,0.0,0.05,0.12575902714321507,0.12575902714321505,-2.7755575615628914e-17,2.7755575615628914e-17,0,0,0,-1
gmsc,random_forest,2,NumberOfTimes90DaysLate,relative_minus_5,-0.05,0.0,0.05,0.07737496123247078,0.07737496123247078,0.0,0.0,0,0,0,-1
gmsc,random_forest,3,NumberOfTimes90DaysLate,relative_minus_5,-0.05,0.0,0.05,0.2222470545521674,0.2222470545521674,0.0,0.0,0,0,0,-1
gmsc,random_forest,4,NumberOfTimes90DaysLate,relative_minus_5,-0.05,0.0,0.05,0.16593632439170214,0.1659363243917021,-2.7755575615628914e-17,2.7755575615628914e-17,0,0,0,-1
gmsc,random_forest,5,NumberOfTimes90DaysLate,relative_minus_5,-0.05,0.0,0.05,0.20005511957959218,0.20005511957959218,0.0,0.0,0,0,0,-1
gmsc,random_forest,6,NumberOfTimes90DaysLate,relative_minus_5,-0.05,0.0,0.05,0.24736845321604625,0.24736845321604628,2.7755575615628914e-17,2.7755575615628914e-17,0,0,0,-1
gmsc,random_forest,7,NumberOfTimes90DaysLate,relative_minus_5,-0.05,0.0,0.05,0.2020807786711973,0.20208077867119725,-5.551115123125783e-17,5.551115123125783e-17,0,0,0,-1
gmsc,random_forest,8,NumberOfTimes90DaysLate,relative_minus_5,-0.05,0.0,0.05,0.16030677171113558,0.16030677171113555,-2.7755575615628914e-17,2.7755575615628914e-17,0,0,0,-1
gmsc,random_forest,9,NumberOfTimes90DaysLate,relative_minus_5,-0.05,0.0,0.05,0.44585372419624947,0.44585372419624947,0.0,0.0,0,0,0,-1
gmsc,random_forest,10,NumberOfTimes90DaysLate,relative_minus_5,-0.05,0.0,0.05,0.3047745297393056,0.3047745297393056,0.0,0.0,0,0,0,-1
gmsc,random_forest,11,NumberOfTimes90DaysLate,relative_minus_5,-0.05,0.0,0.05,0.2817436317150431,0.28174363171504313,5.551115123125783e-17,5.551115123125783e-17,0,0,0,-1
gmsc,random_forest,12,NumberOfTimes90DaysLate,relative_minus_5,-0.05,0.0,0.05,0.07579737355923029,0.0757973735592303,1.3877787807814457e-17,1.3877787807814457e-17,0,0,0,-1
gmsc,random_forest,13,NumberOfTimes90DaysLate,relative_minus_5,-0.05,1.0,1.05,0.8725178860518772,0.8725178860518774,2.220446049250313e-16,2.220446049250313e-16,1,1,0,-1
gmsc,random_forest,14,NumberOfTimes90DaysLate,relative_minus_5,-0.05,0.0,0.05,0.39620212705125957,0.3962021270512596,5.551115123125783e-17,5.551115123125783e-17,0,0,0,-1
gmsc,random_forest,15,NumberOfTimes90DaysLate,relative_minus_5,-0.05,0.0,0.05,0.358132684091735,0.35813268409173493,-5.551115123125783e-17,5.551115123125783e-17,0,0,0,-1
gmsc,random_forest,16,NumberOfTimes90DaysLate,relative_minus_5,-0.05,0.0,0.05,0.4951408704187556,0.4951408704187558,2.220446049250313e-16,2.220446049250313e-16,0,0,0,-1
gmsc,random_forest,17,NumberOfTimes90DaysLate,relative_minus_5,-0.05,0.0,0.05,0.1565391154880974,0.1565391154880974,0.0,0.0,0,0,0,-1
gmsc,random_forest,18,NumberOfTimes90DaysLate,relative_minus_5,-0.05,0.0,0.05,0.4933265396567783,0.4933265396567782,-1.1102230246251565e-16,1.1102230246251565e-16,0,0,0,-1
gmsc,random_forest,19,NumberOfTimes90DaysLate,relative_minus_5,-0.05,0.0,0.05,0.33709665441513037,0.3370966544151303,-5.551115123125783e-17,5.551115123125783e-17,0,0,0,-1
gmsc,random_forest,20,NumberOfTimes90DaysLate,relative_minus_5,-0.05,0.0,0.05,0.125253843611223,0.12525384361122296,-2.7755575615628914e-17,2.7755575615628914e-17,0,0,0,-1
gmsc,random_forest,21,NumberOfTimes90DaysLate,relative_minus_5,-0.05,0.0,0.05,0.1384442554842199,0.1384442554842199,0.0,0.0,0,0,0,-1
gmsc,random_forest,22,NumberOfTimes90DaysLate,relative_minus_5,-0.05,0.0,0.05,0.10721005514231308,0.1072100551423131,2.7755575615628914e-17,2.7755575615628914e-17,0,0,0,-1
gmsc,random_forest,23,NumberOfTimes90DaysLate,relative_minus_5,-0.05,0.0,0.05,0.14155973703643895,0.14155973703643898,2.7755575615628914e-17,2.7755575615628914e-17,0,0,0,-1
gmsc,random_forest,24,NumberOfTimes90DaysLate,relative_minus_5,-0.05,0.0,0.05,0.08662915786666847,0.08662915786666847,0.0,0.0,0,0,0,-1
gmsc,random_forest,25,NumberOfTimes90DaysLate,relative_minus_5,-0.05,0.0,0.05,0.498904333907652,0.4989043339076519,-1.1102230246251565e-16,1.1102230246251565e-16,0,0,0,-1
gmsc,random_forest,26,NumberOfTimes90DaysLate,relative_minus_5,-0.05,0.0,0.05,0.566313369934525,0.5663133699345247,-2.220446049250313e-16,2.220446049250313e-16,1,1,0,-1
gmsc,random_forest,27,NumberOfTimes90DaysLate,relative_minus_5,-0.05,0.0,0.05,0.1401781194818076,0.14017811948180767,5.551115123125783e-17,5.551115123125783e-17,0,0,0,-1
gmsc,random_forest,28,NumberOfTimes90DaysLate,relative_minus_5,-0.05,0.0,0.05,0.16169516515611407,0.1616951651561141,2.7755575615628914e-17,2.7755575615628914e-17,0,0,0,-1
gmsc,random_forest,29,NumberOfTimes90DaysLate,relative_minus_5,-0.05,0.0,0.05,0.10365705573378153,0.10365705573378153,0.0,0.0,0,0,0,-1
gmsc,random_forest,30,NumberOfTimes90DaysLate,relative_minus_5,-0.05,0.0,0.05,0.23541054599203737,0.23541054599203737,0.0,0.0,0,0,0,-1
gmsc,random_forest,31,NumberOfTimes90DaysLate,relative_minus_5,-0.05,0.0,0.05,0.1471176133232665,0.1471176133232665,0.0,0.0,0,0,0,-1
gmsc,random_forest,32,NumberOfTimes90DaysLate,relative_minus_5,-0.05,0.0,0.05,0.19156208452759005,0.19156208452759008,2.7755575615628914e-17,2.7755575615628914e-17,0,0,0,-1
gmsc,random_forest,33,NumberOfTimes90DaysLate,relative_minus_5,-0.05,0.0,0.05,0.0986278280958683,0.09862782809586833,2.7755575615628914e-17,2.7755575615628914e-17,0,0,0,-1
gmsc,random_forest,34,NumberOfTimes90DaysLate,relative_minus_5,-0.05,0.0,0.05,0.6110458318906421,0.6110458318906422,1.1102230246251565e-16,1.1102230246251565e-16,1,1,0,-1
gmsc,random_forest,35,NumberOfTimes90DaysLate,relative_minus_5,-0.05,0.0,0.05,0.6296792388822089,0.6296792388822088,-1.1102230246251565e-16,1.1102230246251565e-16,1,1,0,-1
gmsc,random_forest,36,NumberOfTimes90DaysLate,relative_minus_5,-0.05,0.0,0.05,0.35220418744329696,0.352204187443297,5.551115123125783e-17,5.551115123125783e-17,0,0,0,-1
gmsc,random_forest,37,NumberOfTimes90DaysLate,relative_minus_5,-0.05,0.0,0.05,0.5127242820218618,0.5127242820218618,0.0,0.0,1,1,0,-1
gmsc,random_forest,38,NumberOfTimes90DaysLate,relative_minus_5,-0.05,0.0,0.05,0.25511103636130245,0.25511103636130256,1.1102230246251565e-16,1.1102230246251565e-16,0,0,0,-1
gmsc,random_forest,39,NumberOfTimes90DaysLate,relative_minus_5,-0.05,0.0,0.05,0.25436458779402354,0.2543645877940236,5.551115123125783e-17,5.551115123125783e-17,0,0,0,-1
gmsc,random_forest,40,NumberOfTimes90DaysLate,relative_minus_5,-0.05,0.0,0.05,0.15364664040859202,0.15364664040859202,0.0,0.0,0,0,0,-1
gmsc,random_forest,41,NumberOfTimes90DaysLate,relative_minus_5,-0.05,0.0,0.05,0.21481465988917767,0.21481465988917772,5.551115123125783e-17,5.551115123125783e-17,0,0,0,-1
gmsc,random_forest,42,NumberOfTimes90DaysLate,relative_minus_5,-0.05,0.0,0.05,0.1501088987333263,0.1501088987333263,0.0,0.0,0,0,0,-1
gmsc,random_forest,43,NumberOfTimes90DaysLate,relative_minus_5,-0.05,0.0,0.05,0.36253642583455215,0.36253642583455203,-1.1102230246251565e-16,1.1102230246251565e-16,0,0,0,-1
gmsc,random_forest,44,NumberOfTimes90DaysLate,relative_minus_5,-0.05,0.0,0.05,0.13721131938118405,0.13721131938118405,0.0,0.0,0,0,0,-1
gmsc,random_forest,45,NumberOfTimes90DaysLate,relative_minus_5,-0.05,0.0,0.05,0.1794370938336495,0.17943709383364947,-2.7755575615628914e-17,2.7755575615628914e-17,0,0,0,-1
gmsc,random_forest,46,NumberOfTimes90DaysLate,relative_minus_5,-0.05,0.0,0.05,0.3159103257559534,0.31591032575595346,5.551115123125783e-17,5.551115123125783e-17,0,0,0,-1
gmsc,random_forest,47,NumberOfTimes90DaysLate,relative_minus_5,-0.05,0.0,0.05,0.09990560036967194,0.09990560036967193,-1.3877787807814457e-17,1.3877787807814457e-17,0,0,0,-1
gmsc,random_forest,48,NumberOfTimes90DaysLate,relative_minus_5,-0.05,0.0,0.05,0.12714889185513736,0.12714889185513736,0.0,0.0,0,0,0,-1
gmsc,random_forest,49,NumberOfTimes90DaysLate,relative_minus_5,-0.05,0.0,0.05,0.0702107223085158,0.07021072230851579,-1.3877787807814457e-17,1.3877787807814457e-17,0,0,0,-1
gmsc,random_forest,50,NumberOfTimes90DaysLate,relative_minus_5,-0.05,0.0,0.05,0.15265829520102106,0.15265829520102112,5.551115123125783e-17,5.551115123125783e-17,0,0,0,-1
gmsc,random_forest,51,NumberOfTimes90DaysLate,relative_minus_5,-0.05,0.0,0.05,0.2628422782175456,0.2628422782175455,-5.551115123125783e-17,5.551115123125783e-17,0,0,0,-1
gmsc,random_forest,52,NumberOfTimes90DaysLate,relative_minus_5,-0.05,0.0,0.05,0.07756754455616102,0.07756754455616105,2.7755575615628914e-17,2.7755575615628914e-17,0,0,0,-1
gmsc,random_forest,53,NumberOfTimes90DaysLate,relative_minus_5,-0.05,0.0,0.05,0.801766334910606,0.8017663349106059,-1.1102230246251565e-16,1.1102230246251565e-16,1,1,0,-1
gmsc,random_forest,54,NumberOfTimes90DaysLate,relative_minus_5,-0.05,0.0,0.05,0.8582977428532704,0.8582977428532704,0.0,0.0,1,1,0,-1
gmsc,random_forest,55,NumberOfTimes90DaysLate,relative_minus_5,-0.05,0.0,0.05,0.10544807655567226,0.10544807655567223,-2.7755575615628914e-17,2.7755575615628914e-17,0,0,0,-1
gmsc,random_forest,56,NumberOfTimes90DaysLate,relative_minus_5,-0.05,0.0,0.05,0.16614971558636332,0.1661497155863633,-2.7755575615628914e-17,2.7755575615628914e-17,0,0,0,-1
gmsc,random_forest,57,NumberOfTimes90DaysLate,relative_minus_5,-0.05,0.0,0.05,0.5819136422191914,0.5819136422191914,0.0,0.0,1,1,0,-1
gmsc,random_forest,58,NumberOfTimes90DaysLate,relative_minus_5,-0.05,1.0,1.05,0.7436704750418504,0.7436704750418504,0.0,0.0,1,1,0,-1
gmsc,random_forest,59,NumberOfTimes90DaysLate,relative_minus_5,-0.05,0.0,0.05,0.587090829362347,0.5870908293623471,1.1102230246251565e-16,1.1102230246251565e-16,1,1,0,-1
gmsc,random_forest,60,NumberOfTimes90DaysLate,relative_minus_5,-0.05,0.0,0.05,0.1649034942951832,0.1649034942951832,0.0,0.0,0,0,0,-1
gmsc,random_forest,61,NumberOfTimes90DaysLate,relative_minus_5,-0.05,0.0,0.05,0.2942532697850684,0.2942532697850683,-5.551115123125783e-17,5.551115123125783e-17,0,0,0,-1
gmsc,random_forest,62,NumberOfTimes90DaysLate,relative_minus_5,-0.05,0.0,0.05,0.5335320712885583,0.5335320712885583,0.0,0.0,1,1,0,-1
gmsc,random_forest,63,NumberOfTimes90DaysLate,relative_minus_5,-0.05,0.0,0.05,0.13289866287150406,0.132898662871504,-5.551115123125783e-17,5.551115123125783e-17,0,0,0,-1
gmsc,random_forest,64,NumberOfTimes90DaysLate,relative_minus_5,-0.05,0.0,0.05,0.2665313715697186,0.2665313715697186,0.0,0.0,0,0,0,-1
gmsc,random_forest,65,NumberOfTimes90DaysLate,relative_minus_5,-0.05,0.0,0.05,0.5063899923778815,0.5063899923778816,1.1102230246251565e-16,1.1102230246251565e-16,1,1,0,-1
gmsc,random_forest,66,NumberOfTimes90DaysLate,relative_minus_5,-0.05,0.0,0.05,0.1736576827952704,0.17365768279527047,5.551115123125783e-17,5.551115123125783e-17,0,0,0,-1
gmsc,random_forest,67,NumberOfTimes90DaysLate,relative_minus_5,-0.05,0.0,0.05,0.4600211443798788,0.4600211443798788,0.0,0.0,0,0,0,-1
gmsc,random_forest,68,NumberOfTimes90DaysLate,relative_minus_5,-0.05,0.0,0.05,0.14330478155243379,0.14330478155243379,0.0,0.0,0,0,0,-1
gmsc,random_forest,69,NumberOfTimes90DaysLate,relative_minus_5,-0.05,0.0,0.05,0.3889070815939389,0.3889070815939388,-1.1102230246251565e-16,1.1102230246251565e-16,0,0,0,-1
gmsc,random_forest,70,NumberOfTimes90DaysLate,relative_minus_5,-0.05,0.0,0.05,0.4193795781899724,0.41937957818997235,-5.551115123125783e-17,5.551115123125783e-17,0,0,0,-1
gmsc,random_forest,71,NumberOfTimes90DaysLate,relative_minus_5,-0.05,0.0,0.05,0.17008515516847897,0.17008515516847897,0.0,0.0,0,0,0,-1
gmsc,random_forest,72,NumberOfTimes90DaysLate,relative_minus_5,-0.05,0.0,0.05,0.20907874085396658,0.20907874085396658,0.0,0.0,0,0,0,-1
gmsc,random_forest,73,NumberOfTimes90DaysLate,relative_minus_5,-0.05,0.0,0.05,0.365051631552107,0.365051631552107,0.0,0.0,0,0,0,-1
gmsc,random_forest,74,NumberOfTimes90DaysLate,relative_minus_5,-0.05,0.0,0.05,0.2065140624206517,0.20651406242065173,2.7755575615628914e-17,2.7755575615628914e-17,0,0,0,-1
gmsc,random_forest,75,NumberOfTimes90DaysLate,relative_minus_5,-0.05,0.0,0.05,0.526646966431903,0.5266469664319028,-2.220446049250313e-16,2.220446049250313e-16,1,1,0,-1
gmsc,random_forest,76,NumberOfTimes90DaysLate,relative_minus_5,-0.05,0.0,0.05,0.12531638246166502,0.12531638246166496,-5.551115123125783e-17,5.551115123125783e-17,0,0,0,-1
gmsc,random_forest,77,NumberOfTimes90DaysLate,relative_minus_5,-0.05,0.0,0.05,0.07799823819062678,0.07799823819062678,0.0,0.0,0,0,0,-1
gmsc,random_forest,78,NumberOfTimes90DaysLate,relative_minus_5,-0.05,0.0,0.05,0.10359585418304888,0.10359585418304887,-1.3877787807814457e-17,1.3877787807814457e-17,0,0,0,-1
gmsc,random_forest,79,NumberOfTimes90DaysLate,relative_minus_5,-0.05,0.0,0.05,0.3455170212556861,0.34551702125568595,-1.6653345369377348e-16,1.6653345369377348e-16,0,0,0,-1
gmsc,random_forest,80,NumberOfTimes90DaysLate,relative_minus_5,-0.05,0.0,0.05,0.2866632770366475,0.2866632770366475,0.0,0.0,0,0,0,-1
gmsc,random_forest,81,NumberOfTimes90DaysLate,relative_minus_5,-0.05,0.0,0.05,0.17937720733779408,0.17937720733779405,-2.7755575615628914e-17,2.7755575615628914e-17,0,0,0,-1
gmsc,random_forest,82,NumberOfTimes90DaysLate,relative_minus_5,-0.05,0.0,0.05,0.4339743246902932,0.43397432469029323,5.551115123125783e-17,5.551115123125783e-17,0,0,0,-1
gmsc,random_forest,83,NumberOfTimes90DaysLate,relative_minus_5,-0.05,0.0,0.05,0.1141917331465753,0.11419173314657526,-4.163336342344337e-17,4.163336342344337e-17,0,0,0,-1
gmsc,random_forest,84,NumberOfTimes90DaysLate,relative_minus_5,-0.05,0.0,0.05,0.59110890429795,0.5911089042979504,3.3306690738754696e-16,3.3306690738754696e-16,1,1,0,-1
gmsc,random_forest,85,NumberOfTimes90DaysLate,relative_minus_5,-0.05,0.0,0.05,0.10713867731747691,0.10713867731747694,2.7755575615628914e-17,2.7755575615628914e-17,0,0,0,-1
gmsc,random_forest,86,NumberOfTimes90DaysLate,relative_minus_5,-0.05,0.0,0.05,0.16567388899210891,0.1656738889921089,-2.7755575615628914e-17,2.7755575615628914e-17,0,0,0,-1
gmsc,random_forest,87,NumberOfTimes90DaysLate,relative_minus_5,-0.05,0.0,0.05,0.14884578185477607,0.14884578185477607,0.0,0.0,0,0,0,-1
gmsc,random_forest,88,NumberOfTimes90DaysLate,relative_minus_5,-0.05,0.0,0.05,0.17254421040384832,0.17254421040384835,2.7755575615628914e-17,2.7755575615628914e-17,0,0,0,-1
gmsc,random_forest,89,NumberOfTimes90DaysLate,relative_minus_5,-0.05,0.0,0.05,0.4356553338681073,0.4356553338681073,0.0,0.0,0,0,0,-1
gmsc,random_forest,90,NumberOfTimes90DaysLate,relative_minus_5,-0.05,0.0,0.05,0.07549253017751428,0.07549253017751431,2.7755575615628914e-17,2.7755575615628914e-17,0,0,0,-1
gmsc,random_forest,91,NumberOfTimes90DaysLate,relative_minus_5,-0.05,0.0,0.05,0.1823130815219747,0.18231308152197467,-2.7755575615628914e-17,2.7755575615628914e-17,0,0,0,-1
gmsc,random_forest,92,NumberOfTimes90DaysLate,relative_minus_5,-0.05,0.0,0.05,0.0932513558600773,0.0932513558600773,0.0,0.0,0,0,0,-1
gmsc,random_forest,93,NumberOfTimes90DaysLate,relative_minus_5,-0.05,0.0,0.05,0.12998718901704973,0.12998718901704975,2.7755575615628914e-17,2.7755575615628914e-17,0,0,0,-1
gmsc,random_forest,94,NumberOfTimes90DaysLate,relative_minus_5,-0.05,0.0,0.05,0.11645345924668923,0.11645345924668919,-4.163336342344337e-17,4.163336342344337e-17,0,0,0,-1
gmsc,random_forest,95,NumberOfTimes90DaysLate,relative_minus_5,-0.05,0.0,0.05,0.18825767339402502,0.188257673394025,-2.7755575615628914e-17,2.7755575615628914e-17,0,0,0,-1
gmsc,random_forest,96,NumberOfTimes90DaysLate,relative_minus_5,-0.05,0.0,0.05,0.14751307642369796,0.14751307642369796,0.0,0.0,0,0,0,-1
gmsc,random_forest,97,NumberOfTimes90DaysLate,relative_minus_5,-0.05,0.0,0.05,0.1601265267080067,0.1601265267080067,0.0,0.0,0,0,0,-1
gmsc,random_forest,98,NumberOfTimes90DaysLate,relative_minus_5,-0.05,0.0,0.05,0.2792883685617908,0.27928836856179073,-5.551115123125783e-17,5.551115123125783e-17,0,0,0,-1
gmsc,random_forest,99,NumberOfTimes90DaysLate,relative_minus_5,-0.05,0.0,0.05,0.8587567687347458,0.8587567687347458,0.0,0.0,1,1,0,-1
gmsc,random_forest,0,NumberOfTimes90DaysLate,relative_plus_5,0.05,0.0,0.05,0.12448314782663561,0.12448314782663561,0.0,0.0,0,0,0,-1
gmsc,random_forest,1,NumberOfTimes90DaysLate,relative_plus_5,0.05,0.0,0.05,0.12575902714321507,0.12575902714321502,-5.551115123125783e-17,5.551115123125783e-17,0,0,0,-1
gmsc,random_forest,2,NumberOfTimes90DaysLate,relative_plus_5,0.05,0.0,0.05,0.07737496123247078,0.07737496123247078,0.0,0.0,0,0,0,-1
gmsc,random_forest,3,NumberOfTimes90DaysLate,relative_plus_5,0.05,0.0,0.05,0.2222470545521674,0.2222470545521675,1.1102230246251565e-16,1.1102230246251565e-16,0,0,0,-1
gmsc,random_forest,4,NumberOfTimes90DaysLate,relative_plus_5,0.05,0.0,0.05,0.16593632439170214,0.16593632439170214,0.0,0.0,0,0,0,-1
gmsc,random_forest,5,NumberOfTimes90DaysLate,relative_plus_5,0.05,0.0,0.05,0.20005511957959218,0.20005511957959216,-2.7755575615628914e-17,2.7755575615628914e-17,0,0,0,-1
gmsc,random_forest,6,NumberOfTimes90DaysLate,relative_plus_5,0.05,0.0,0.05,0.24736845321604625,0.24736845321604628,2.7755575615628914e-17,2.7755575615628914e-17,0,0,0,-1
gmsc,random_forest,7,NumberOfTimes90DaysLate,relative_plus_5,0.05,0.0,0.05,0.2020807786711973,0.2020807786711973,0.0,0.0,0,0,0,-1
gmsc,random_forest,8,NumberOfTimes90DaysLate,relative_plus_5,0.05,0.0,0.05,0.16030677171113558,0.16030677171113558,0.0,0.0,0,0,0,-1
gmsc,random_forest,9,NumberOfTimes90DaysLate,relative_plus_5,0.05,0.0,0.05,0.44585372419624947,0.44585372419624947,0.0,0.0,0,0,0,-1
gmsc,random_forest,10,NumberOfTimes90DaysLate,relative_plus_5,0.05,0.0,0.05,0.3047745297393056,0.30477452973930563,5.551115123125783e-17,5.551115123125783e-17,0,0,0,-1
gmsc,random_forest,11,NumberOfTimes90DaysLate,relative_plus_5,0.05,0.0,0.05,0.2817436317150431,0.281743631715043,-5.551115123125783e-17,5.551115123125783e-17,0,0,0,-1
gmsc,random_forest,12,NumberOfTimes90DaysLate,relative_plus_5,0.05,0.0,0.05,0.07579737355923029,0.07579737355923029,0.0,0.0,0,0,0,-1
gmsc,random_forest,13,NumberOfTimes90DaysLate,relative_plus_5,0.05,1.0,1.05,0.8725178860518772,0.8725178860518772,0.0,0.0,1,1,0,-1
gmsc,random_forest,14,NumberOfTimes90DaysLate,relative_plus_5,0.05,0.0,0.05,0.39620212705125957,0.3962021270512597,1.1102230246251565e-16,1.1102230246251565e-16,0,0,0,-1
gmsc,random_forest,15,NumberOfTimes90DaysLate,relative_plus_5,0.05,0.0,0.05,0.358132684091735,0.358132684091735,0.0,0.0,0,0,0,-1
gmsc,random_forest,16,NumberOfTimes90DaysLate,relative_plus_5,0.05,0.0,0.05,0.4951408704187556,0.4951408704187559,2.7755575615628914e-16,2.7755575615628914e-16,0,0,0,-1
gmsc,random_forest,17,NumberOfTimes90DaysLate,relative_plus_5,0.05,0.0,0.05,0.1565391154880974,0.15653911548809743,2.7755575615628914e-17,2.7755575615628914e-17,0,0,0,-1
gmsc,random_forest,18,NumberOfTimes90DaysLate,relative_plus_5,0.05,0.0,0.05,0.4933265396567783,0.4933265396567782,-1.1102230246251565e-16,1.1102230246251565e-16,0,0,0,-1
gmsc,random_forest,19,NumberOfTimes90DaysLate,relative_plus_5,0.05,0.0,0.05,0.33709665441513037,0.3370966544151303,-5.551115123125783e-17,5.551115123125783e-17,0,0,0,-1
gmsc,random_forest,20,NumberOfTimes90DaysLate,relative_plus_5,0.05,0.0,0.05,0.125253843611223,0.1252538436112229,-8.326672684688674e-17,8.326672684688674e-17,0,0,0,-1
gmsc,random_forest,21,NumberOfTimes90DaysLate,relative_plus_5,0.05,0.0,0.05,0.1384442554842199,0.1384442554842199,0.0,0.0,0,0,0,-1
gmsc,random_forest,22,NumberOfTimes90DaysLate,relative_plus_5,0.05,0.0,0.05,0.10721005514231308,0.1072100551423131,2.7755575615628914e-17,2.7755575615628914e-17,0,0,0,-1
gmsc,random_forest,23,NumberOfTimes90DaysLate,relative_plus_5,0.05,0.0,0.05,0.14155973703643895,0.14155973703643898,2.7755575615628914e-17,2.7755575615628914e-17,0,0,0,-1
gmsc,random_forest,24,NumberOfTimes90DaysLate,relative_plus_5,0.05,0.0,0.05,0.08662915786666847,0.08662915786666846,-1.3877787807814457e-17,1.3877787807814457e-17,0,0,0,-1
gmsc,random_forest,25,NumberOfTimes90DaysLate,relative_plus_5,0.05,0.0,0.05,0.498904333907652,0.4989043339076519,-1.1102230246251565e-16,1.1102230246251565e-16,0,0,0,-1
gmsc,random_forest,26,NumberOfTimes90DaysLate,relative_plus_5,0.05,0.0,0.05,0.566313369934525,0.566313369934525,0.0,0.0,1,1,0,-1
gmsc,random_forest,27,NumberOfTimes90DaysLate,relative_plus_5,0.05,0.0,0.05,0.1401781194818076,0.14017811948180767,5.551115123125783e-17,5.551115123125783e-17,0,0,0,-1
gmsc,random_forest,28,NumberOfTimes90DaysLate,relative_plus_5,0.05,0.0,0.05,0.16169516515611407,0.1616951651561141,2.7755575615628914e-17,2.7755575615628914e-17,0,0,0,-1
gmsc,random_forest,29,NumberOfTimes90DaysLate,relative_plus_5,0.05,0.0,0.05,0.10365705573378153,0.10365705573378153,0.0,0.0,0,0,0,-1
gmsc,random_forest,30,NumberOfTimes90DaysLate,relative_plus_5,0.05,0.0,0.05,0.23541054599203737,0.23541054599203728,-8.326672684688674e-17,8.326672684688674e-17,0,0,0,-1
gmsc,random_forest,31,NumberOfTimes90DaysLate,relative_plus_5,0.05,0.0,0.05,0.1471176133232665,0.14711761332326653,2.7755575615628914e-17,2.7755575615628914e-17,0,0,0,-1
gmsc,random_forest,32,NumberOfTimes90DaysLate,relative_plus_5,0.05,0.0,0.05,0.19156208452759005,0.19156208452759002,-2.7755575615628914e-17,2.7755575615628914e-17,0,0,0,-1
gmsc,random_forest,33,NumberOfTimes90DaysLate,relative_plus_5,0.05,0.0,0.05,0.0986278280958683,0.09862782809586831,1.3877787807814457e-17,1.3877787807814457e-17,0,0,0,-1
gmsc,random_forest,34,NumberOfTimes90DaysLate,relative_plus_5,0.05,0.0,0.05,0.6110458318906421,0.6110458318906422,1.1102230246251565e-16,1.1102230246251565e-16,1,1,0,-1
gmsc,random_forest,35,NumberOfTimes90DaysLate,relative_plus_5,0.05,0.0,0.05,0.6296792388822089,0.6296792388822089,0.0,0.0,1,1,0,-1
gmsc,random_forest,36,NumberOfTimes90DaysLate,relative_plus_5,0.05,0.0,0.05,0.35220418744329696,0.35220418744329696,0.0,0.0,0,0,0,-1
gmsc,random_forest,37,NumberOfTimes90DaysLate,relative_plus_5,0.05,0.0,0.05,0.5127242820218618,0.5127242820218618,0.0,0.0,1,1,0,-1
gmsc,random_forest,38,NumberOfTimes90DaysLate,relative_plus_5,0.05,0.0,0.05,0.25511103636130245,0.25511103636130256,1.1102230246251565e-16,1.1102230246251565e-16,0,0,0,-1
gmsc,random_forest,39,NumberOfTimes90DaysLate,relative_plus_5,0.05,0.0,0.05,0.25436458779402354,0.2543645877940236,5.551115123125783e-17,5.551115123125783e-17,0,0,0,-1
gmsc,random_forest,40,NumberOfTimes90DaysLate,relative_plus_5,0.05,0.0,0.05,0.15364664040859202,0.15364664040859205,2.7755575615628914e-17,2.7755575615628914e-17,0,0,0,-1
gmsc,random_forest,41,NumberOfTimes90DaysLate,relative_plus_5,0.05,0.0,0.05,0.21481465988917767,0.21481465988917767,0.0,0.0,0,0,0,-1
gmsc,random_forest,42,NumberOfTimes90DaysLate,relative_plus_5,0.05,0.0,0.05,0.1501088987333263,0.15010889873332633,2.7755575615628914e-17,2.7755575615628914e-17,0,0,0,-1
gmsc,random_forest,43,NumberOfTimes90DaysLate,relative_plus_5,0.05,0.0,0.05,0.36253642583455215,0.362536425834552,-1.6653345369377348e-16,1.6653345369377348e-16,0,0,0,-1
gmsc,random_forest,44,NumberOfTimes90DaysLate,relative_plus_5,0.05,0.0,0.05,0.13721131938118405,0.13721131938118408,2.7755575615628914e-17,2.7755575615628914e-17,0,0,0,-1
gmsc,random_forest,45,NumberOfTimes90DaysLate,relative_plus_5,0.05,0.0,0.05,0.1794370938336495,0.1794370938336495,0.0,0.0,0,0,0,-1
gmsc,random_forest,46,NumberOfTimes90DaysLate,relative_plus_5,0.05,0.0,0.05,0.3159103257559534,0.3159103257559534,0.0,0.0,0,0,0,-1
gmsc,random_forest,47,NumberOfTimes90DaysLate,relative_plus_5,0.05,0.0,0.05,0.09990560036967194,0.09990560036967194,0.0,0.0,0,0,0,-1
gmsc,random_forest,48,NumberOfTimes90DaysLate,relative_plus_5,0.05,0.0,0.05,0.12714889185513736,0.1271488918551373,-5.551115123125783e-17,5.551115123125783e-17,0,0,0,-1
gmsc,random_forest,49,NumberOfTimes90DaysLate,relative_plus_5,0.05,0.0,0.05,0.0702107223085158,0.07021072230851577,-2.7755575615628914e-17,2.7755575615628914e-17,0,0,0,-1
gmsc,random_forest,50,NumberOfTimes90DaysLate,relative_plus_5,0.05,0.0,0.05,0.15265829520102106,0.1526582952010211,2.7755575615628914e-17,2.7755575615628914e-17,0,0,0,-1
gmsc,random_forest,51,NumberOfTimes90DaysLate,relative_plus_5,0.05,0.0,0.05,0.2628422782175456,0.2628422782175456,0.0,0.0,0,0,0,-1
gmsc,random_forest,52,NumberOfTimes90DaysLate,relative_plus_5,0.05,0.0,0.05,0.07756754455616102,0.07756754455616104,1.3877787807814457e-17,1.3877787807814457e-17,0,0,0,-1
gmsc,random_forest,53,NumberOfTimes90DaysLate,relative_plus_5,0.05,0.0,0.05,0.801766334910606,0.801766334910606,0.0,0.0,1,1,0,-1
gmsc,random_forest,54,NumberOfTimes90DaysLate,relative_plus_5,0.05,0.0,0.05,0.8582977428532704,0.8582977428532707,2.220446049250313e-16,2.220446049250313e-16,1,1,0,-1
gmsc,random_forest,55,NumberOfTimes90DaysLate,relative_plus_5,0.05,0.0,0.05,0.10544807655567226,0.10544807655567226,0.0,0.0,0,0,0,-1
gmsc,random_forest,56,NumberOfTimes90DaysLate,relative_plus_5,0.05,0.0,0.05,0.16614971558636332,0.16614971558636332,0.0,0.0,0,0,0,-1
gmsc,random_forest,57,NumberOfTimes90DaysLate,relative_plus_5,0.05,0.0,0.05,0.5819136422191914,0.5819136422191914,0.0,0.0,1,1,0,-1
gmsc,random_forest,58,NumberOfTimes90DaysLate,relative_plus_5,0.05,1.0,1.05,0.7436704750418504,0.7436704750418504,0.0,0.0,1,1,0,-1
gmsc,random_forest,59,NumberOfTimes90DaysLate,relative_plus_5,0.05,0.0,0.05,0.587090829362347,0.587090829362347,0.0,0.0,1,1,0,-1
gmsc,random_forest,60,NumberOfTimes90DaysLate,relative_plus_5,0.05,0.0,0.05,0.1649034942951832,0.16490349429518322,2.7755575615628914e-17,2.7755575615628914e-17,0,0,0,-1
gmsc,random_forest,61,NumberOfTimes90DaysLate,relative_plus_5,0.05,0.0,0.05,0.2942532697850684,0.29425326978506827,-1.1102230246251565e-16,1.1102230246251565e-16,0,0,0,-1
gmsc,random_forest,62,NumberOfTimes90DaysLate,relative_plus_5,0.05,0.0,0.05,0.5335320712885583,0.5335320712885582,-1.1102230246251565e-16,1.1102230246251565e-16,1,1,0,-1
gmsc,random_forest,63,NumberOfTimes90DaysLate,relative_plus_5,0.05,0.0,0.05,0.13289866287150406,0.13289866287150404,-2.7755575615628914e-17,2.7755575615628914e-17,0,0,0,-1
gmsc,random_forest,64,NumberOfTimes90DaysLate,relative_plus_5,0.05,0.0,0.05,0.2665313715697186,0.2665313715697187,5.551115123125783e-17,5.551115123125783e-17,0,0,0,-1
gmsc,random_forest,65,NumberOfTimes90DaysLate,relative_plus_5,0.05,0.0,0.05,0.5063899923778815,0.5063899923778815,0.0,0.0,1,1,0,-1
gmsc,random_forest,66,NumberOfTimes90DaysLate,relative_plus_5,0.05,0.0,0.05,0.1736576827952704,0.17365768279527047,5.551115123125783e-17,5.551115123125783e-17,0,0,0,-1
gmsc,random_forest,67,NumberOfTimes90DaysLate,relative_plus_5,0.05,0.0,0.05,0.4600211443798788,0.4600211443798789,1.1102230246251565e-16,1.1102230246251565e-16,0,0,0,-1
gmsc,random_forest,68,NumberOfTimes90DaysLate,relative_plus_5,0.05,0.0,0.05,0.14330478155243379,0.14330478155243379,0.0,0.0,0,0,0,-1
gmsc,random_forest,69,NumberOfTimes90DaysLate,relative_plus_5,0.05,0.0,0.05,0.3889070815939389,0.38890708159393883,-5.551115123125783e-17,5.551115123125783e-17,0,0,0,-1
gmsc,random_forest,70,NumberOfTimes90DaysLate,relative_plus_5,0.05,0.0,0.05,0.4193795781899724,0.41937957818997246,5.551115123125783e-17,5.551115123125783e-17,0,0,0,-1
gmsc,random_forest,71,NumberOfTimes90DaysLate,relative_plus_5,0.05,0.0,0.05,0.17008515516847897,0.17008515516847897,0.0,0.0,0,0,0,-1
gmsc,random_forest,72,NumberOfTimes90DaysLate,relative_plus_5,0.05,0.0,0.05,0.20907874085396658,0.20907874085396658,0.0,0.0,0,0,0,-1
gmsc,random_forest,73,NumberOfTimes90DaysLate,relative_plus_5,0.05,0.0,0.05,0.365051631552107,0.36505163155210707,5.551115123125783e-17,5.551115123125783e-17,0,0,0,-1
gmsc,random_forest,74,NumberOfTimes90DaysLate,relative_plus_5,0.05,0.0,0.05,0.2065140624206517,0.20651406242065176,5.551115123125783e-17,5.551115123125783e-17,0,0,0,-1
gmsc,random_forest,75,NumberOfTimes90DaysLate,relative_plus_5,0.05,0.0,0.05,0.526646966431903,0.5266469664319029,-1.1102230246251565e-16,1.1102230246251565e-16,1,1,0,-1
gmsc,random_forest,76,NumberOfTimes90DaysLate,relative_plus_5,0.05,0.0,0.05,0.12531638246166502,0.12531638246166502,0.0,0.0,0,0,0,-1
gmsc,random_forest,77,NumberOfTimes90DaysLate,relative_plus_5,0.05,0.0,0.05,0.07799823819062678,0.07799823819062679,1.3877787807814457e-17,1.3877787807814457e-17,0,0,0,-1
gmsc,random_forest,78,NumberOfTimes90DaysLate,relative_plus_5,0.05,0.0,0.05,0.10359585418304888,0.10359585418304892,4.163336342344337e-17,4.163336342344337e-17,0,0,0,-1
gmsc,random_forest,79,NumberOfTimes90DaysLate,relative_plus_5,0.05,0.0,0.05,0.3455170212556861,0.34551702125568595,-1.6653345369377348e-16,1.6653345369377348e-16,0,0,0,-1
gmsc,random_forest,80,NumberOfTimes90DaysLate,relative_plus_5,0.05,0.0,0.05,0.2866632770366475,0.2866632770366474,-1.1102230246251565e-16,1.1102230246251565e-16,0,0,0,-1
gmsc,random_forest,81,NumberOfTimes90DaysLate,relative_plus_5,0.05,0.0,0.05,0.17937720733779408,0.17937720733779405,-2.7755575615628914e-17,2.7755575615628914e-17,0,0,0,-1
gmsc,random_forest,82,NumberOfTimes90DaysLate,relative_plus_5,0.05,0.0,0.05,0.4339743246902932,0.43397432469029334,1.6653345369377348e-16,1.6653345369377348e-16,0,0,0,-1
gmsc,random_forest,83,NumberOfTimes90DaysLate,relative_plus_5,0.05,0.0,0.05,0.1141917331465753,0.1141917331465753,0.0,0.0,0,0,0,-1
gmsc,random_forest,84,NumberOfTimes90DaysLate,relative_plus_5,0.05,0.0,0.05,0.59110890429795,0.59110890429795,0.0,0.0,1,1,0,-1
gmsc,random_forest,85,NumberOfTimes90DaysLate,relative_plus_5,0.05,0.0,0.05,0.10713867731747691,0.10713867731747694,2.7755575615628914e-17,2.7755575615628914e-17,0,0,0,-1
gmsc,random_forest,86,NumberOfTimes90DaysLate,relative_plus_5,0.05,0.0,0.05,0.16567388899210891,0.1656738889921089,-2.7755575615628914e-17,2.7755575615628914e-17,0,0,0,-1
gmsc,random_forest,87,NumberOfTimes90DaysLate,relative_plus_5,0.05,0.0,0.05,0.14884578185477607,0.14884578185477607,0.0,0.0,0,0,0,-1
gmsc,random_forest,88,NumberOfTimes90DaysLate,relative_plus_5,0.05,0.0,0.05,0.17254421040384832,0.17254421040384832,0.0,0.0,0,0,0,-1
gmsc,random_forest,89,NumberOfTimes90DaysLate,relative_plus_5,0.05,0.0,0.05,0.4356553338681073,0.4356553338681072,-1.1102230246251565e-16,1.1102230246251565e-16,0,0,0,-1
gmsc,random_forest,90,NumberOfTimes90DaysLate,relative_plus_5,0.05,0.0,0.05,0.07549253017751428,0.0754925301775143,1.3877787807814457e-17,1.3877787807814457e-17,0,0,0,-1
gmsc,random_forest,91,NumberOfTimes90DaysLate,relative_plus_5,0.05,0.0,0.05,0.1823130815219747,0.1823130815219747,0.0,0.0,0,0,0,-1
gmsc,random_forest,92,NumberOfTimes90DaysLate,relative_plus_5,0.05,0.0,0.05,0.0932513558600773,0.0932513558600773,0.0,0.0,0,0,0,-1
gmsc,random_forest,93,NumberOfTimes90DaysLate,relative_plus_5,0.05,0.0,0.05,0.12998718901704973,0.12998718901704975,2.7755575615628914e-17,2.7755575615628914e-17,0,0,0,-1
gmsc,random_forest,94,NumberOfTimes90DaysLate,relative_plus_5,0.05,0.0,0.05,0.11645345924668923,0.11645345924668926,2.7755575615628914e-17,2.7755575615628914e-17,0,0,0,-1
gmsc,random_forest,95,NumberOfTimes90DaysLate,relative_plus_5,0.05,0.0,0.05,0.18825767339402502,0.18825767339402502,0.0,0.0,0,0,0,-1
gmsc,random_forest,96,NumberOfTimes90DaysLate,relative_plus_5,0.05,0.0,0.05,0.14751307642369796,0.14751307642369793,-2.7755575615628914e-17,2.7755575615628914e-17,0,0,0,-1
gmsc,random_forest,97,NumberOfTimes90DaysLate,relative_plus_5,0.05,0.0,0.05,0.1601265267080067,0.16012652670800676,5.551115123125783e-17,5.551115123125783e-17,0,0,0,-1
gmsc,random_forest,98,NumberOfTimes90DaysLate,relative_plus_5,0.05,0.0,0.05,0.2792883685617908,0.27928836856179073,-5.551115123125783e-17,5.551115123125783e-17,0,0,0,-1
gmsc,random_forest,99,NumberOfTimes90DaysLate,relative_plus_5,0.05,0.0,0.05,0.8587567687347458,0.8587567687347458,0.0,0.0,1,1,0,-1
gmsc,random_forest,0,NumberOfTimes90DaysLate,relative_minus_10,-0.1,0.0,0.1,0.12448314782663561,0.12448314782663558,-2.7755575615628914e-17,2.7755575615628914e-17,0,0,0,-1
gmsc,random_forest,1,NumberOfTimes90DaysLate,relative_minus_10,-0.1,0.0,0.1,0.12575902714321507,0.12575902714321507,0.0,0.0,0,0,0,-1
gmsc,random_forest,2,NumberOfTimes90DaysLate,relative_minus_10,-0.1,0.0,0.1,0.07737496123247078,0.0773749612324708,1.3877787807814457e-17,1.3877787807814457e-17,0,0,0,-1
gmsc,random_forest,3,NumberOfTimes90DaysLate,relative_minus_10,-0.1,0.0,0.1,0.2222470545521674,0.2222470545521675,1.1102230246251565e-16,1.1102230246251565e-16,0,0,0,-1
gmsc,random_forest,4,NumberOfTimes90DaysLate,relative_minus_10,-0.1,0.0,0.1,0.16593632439170214,0.1659363243917021,-2.7755575615628914e-17,2.7755575615628914e-17,0,0,0,-1
gmsc,random_forest,5,NumberOfTimes90DaysLate,relative_minus_10,-0.1,0.0,0.1,0.20005511957959218,0.20005511957959224,5.551115123125783e-17,5.551115123125783e-17,0,0,0,-1
gmsc,random_forest,6,NumberOfTimes90DaysLate,relative_minus_10,-0.1,0.0,0.1,0.24736845321604625,0.24736845321604625,0.0,0.0,0,0,0,-1
gmsc,random_forest,7,NumberOfTimes90DaysLate,relative_minus_10,-0.1,0.0,0.1,0.2020807786711973,0.20208077867119728,-2.7755575615628914e-17,2.7755575615628914e-17,0,0,0,-1
gmsc,random_forest,8,NumberOfTimes90DaysLate,relative_minus_10,-0.1,0.0,0.1,0.16030677171113558,0.16030677171113558,0.0,0.0,0,0,0,-1
gmsc,random_forest,9,NumberOfTimes90DaysLate,relative_minus_10,-0.1,0.0,0.1,0.44585372419624947,0.4458537241962496,1.1102230246251565e-16,1.1102230246251565e-16,0,0,0,-1
gmsc,random_forest,10,NumberOfTimes90DaysLate,relative_minus_10,-0.1,0.0,0.1,0.3047745297393056,0.30477452973930547,-1.1102230246251565e-16,1.1102230246251565e-16,0,0,0,-1
gmsc,random_forest,11,NumberOfTimes90DaysLate,relative_minus_10,-0.1,0.0,0.1,0.2817436317150431,0.28174363171504313,5.551115123125783e-17,5.551115123125783e-17,0,0,0,-1
gmsc,random_forest,12,NumberOfTimes90DaysLate,relative_minus_10,-0.1,0.0,0.1,0.07579737355923029,0.0757973735592303,1.3877787807814457e-17,1.3877787807814457e-17,0,0,0,-1
gmsc,random_forest,13,NumberOfTimes90DaysLate,relative_minus_10,-0.1,1.0,1.1,0.8725178860518772,0.8725178860518772,0.0,0.0,1,1,0,-1
gmsc,random_forest,14,NumberOfTimes90DaysLate,relative_minus_10,-0.1,0.0,0.1,0.39620212705125957,0.3962021270512596,5.551115123125783e-17,5.551115123125783e-17,0,0,0,-1
gmsc,random_forest,15,NumberOfTimes90DaysLate,relative_minus_10,-0.1,0.0,0.1,0.358132684091735,0.35813268409173493,-5.551115123125783e-17,5.551115123125783e-17,0,0,0,-1
gmsc,random_forest,16,NumberOfTimes90DaysLate,relative_minus_10,-0.1,0.0,0.1,0.4951408704187556,0.4951408704187558,2.220446049250313e-16,2.220446049250313e-16,0,0,0,-1
gmsc,random_forest,17,NumberOfTimes90DaysLate,relative_minus_10,-0.1,0.0,0.1,0.1565391154880974,0.1565391154880974,0.0,0.0,0,0,0,-1
gmsc,random_forest,18,NumberOfTimes90DaysLate,relative_minus_10,-0.1,0.0,0.1,0.4933265396567783,0.4933265396567783,0.0,0.0,0,0,0,-1
gmsc,random_forest,19,NumberOfTimes90DaysLate,relative_minus_10,-0.1,0.0,0.1,0.33709665441513037,0.33709665441513037,0.0,0.0,0,0,0,-1
gmsc,random_forest,20,NumberOfTimes90DaysLate,relative_minus_10,-0.1,0.0,0.1,0.125253843611223,0.12525384361122296,-2.7755575615628914e-17,2.7755575615628914e-17,0,0,0,-1
gmsc,random_forest,21,NumberOfTimes90DaysLate,relative_minus_10,-0.1,0.0,0.1,0.1384442554842199,0.1384442554842199,0.0,0.0,0,0,0,-1
gmsc,random_forest,22,NumberOfTimes90DaysLate,relative_minus_10,-0.1,0.0,0.1,0.10721005514231308,0.1072100551423131,2.7755575615628914e-17,2.7755575615628914e-17,0,0,0,-1
gmsc,random_forest,23,NumberOfTimes90DaysLate,relative_minus_10,-0.1,0.0,0.1,0.14155973703643895,0.14155973703643895,0.0,0.0,0,0,0,-1
gmsc,random_forest,24,NumberOfTimes90DaysLate,relative_minus_10,-0.1,0.0,0.1,0.08662915786666847,0.08662915786666847,0.0,0.0,0,0,0,-1
gmsc,random_forest,25,NumberOfTimes90DaysLate,relative_minus_10,-0.1,0.0,0.1,0.498904333907652,0.49890433390765204,5.551115123125783e-17,5.551115123125783e-17,0,0,0,-1
gmsc,random_forest,26,NumberOfTimes90DaysLate,relative_minus_10,-0.1,0.0,0.1,0.566313369934525,0.566313369934525,0.0,0.0,1,1,0,-1
gmsc,random_forest,27,NumberOfTimes90DaysLate,relative_minus_10,-0.1,0.0,0.1,0.1401781194818076,0.14017811948180764,2.7755575615628914e-17,2.7755575615628914e-17,0,0,0,-1
gmsc,random_forest,28,NumberOfTimes90DaysLate,relative_minus_10,-0.1,0.0,0.1,0.16169516515611407,0.16169516515611407,0.0,0.0,0,0,0,-1
gmsc,random_forest,29,NumberOfTimes90DaysLate,relative_minus_10,-0.1,0.0,0.1,0.10365705573378153,0.10365705573378152,-1.3877787807814457e-17,1.3877787807814457e-17,0,0,0,-1
gmsc,random_forest,30,NumberOfTimes90DaysLate,relative_minus_10,-0.1,0.0,0.1,0.23541054599203737,0.23541054599203734,-2.7755575615628914e-17,2.7755575615628914e-17,0,0,0,-1
gmsc,random_forest,31,NumberOfTimes90DaysLate,relative_minus_10,-0.1,0.0,0.1,0.1471176133232665,0.14711761332326648,-2.7755575615628914e-17,2.7755575615628914e-17,0,0,0,-1
gmsc,random_forest,32,NumberOfTimes90DaysLate,relative_minus_10,-0.1,0.0,0.1,0.19156208452759005,0.19156208452759008,2.7755575615628914e-17,2.7755575615628914e-17,0,0,0,-1
gmsc,random_forest,33,NumberOfTimes90DaysLate,relative_minus_10,-0.1,0.0,0.1,0.0986278280958683,0.09862782809586831,1.3877787807814457e-17,1.3877787807814457e-17,0,0,0,-1
gmsc,random_forest,34,NumberOfTimes90DaysLate,relative_minus_10,-0.1,0.0,0.1,0.6110458318906421,0.6110458318906422,1.1102230246251565e-16,1.1102230246251565e-16,1,1,0,-1
gmsc,random_forest,35,NumberOfTimes90DaysLate,relative_minus_10,-0.1,0.0,0.1,0.6296792388822089,0.6296792388822088,-1.1102230246251565e-16,1.1102230246251565e-16,1,1,0,-1
gmsc,random_forest,36,NumberOfTimes90DaysLate,relative_minus_10,-0.1,0.0,0.1,0.35220418744329696,0.3522041874432969,-5.551115123125783e-17,5.551115123125783e-17,0,0,0,-1
gmsc,random_forest,37,NumberOfTimes90DaysLate,relative_minus_10,-0.1,0.0,0.1,0.5127242820218618,0.5127242820218618,0.0,0.0,1,1,0,-1
gmsc,random_forest,38,NumberOfTimes90DaysLate,relative_minus_10,-0.1,0.0,0.1,0.25511103636130245,0.25511103636130256,1.1102230246251565e-16,1.1102230246251565e-16,0,0,0,-1
gmsc,random_forest,39,NumberOfTimes90DaysLate,relative_minus_10,-0.1,0.0,0.1,0.25436458779402354,0.2543645877940236,5.551115123125783e-17,5.551115123125783e-17,0,0,0,-1
gmsc,random_forest,40,NumberOfTimes90DaysLate,relative_minus_10,-0.1,0.0,0.1,0.15364664040859202,0.15364664040859202,0.0,0.0,0,0,0,-1
gmsc,random_forest,41,NumberOfTimes90DaysLate,relative_minus_10,-0.1,0.0,0.1,0.21481465988917767,0.21481465988917772,5.551115123125783e-17,5.551115123125783e-17,0,0,0,-1
gmsc,random_forest,42,NumberOfTimes90DaysLate,relative_minus_10,-0.1,0.0,0.1,0.1501088987333263,0.1501088987333263,0.0,0.0,0,0,0,-1
gmsc,random_forest,43,NumberOfTimes90DaysLate,relative_minus_10,-0.1,0.0,0.1,0.36253642583455215,0.36253642583455203,-1.1102230246251565e-16,1.1102230246251565e-16,0,0,0,-1
gmsc,random_forest,44,NumberOfTimes90DaysLate,relative_minus_10,-0.1,0.0,0.1,0.13721131938118405,0.13721131938118403,-2.7755575615628914e-17,2.7755575615628914e-17,0,0,0,-1
gmsc,random_forest,45,NumberOfTimes90DaysLate,relative_minus_10,-0.1,0.0,0.1,0.1794370938336495,0.17943709383364947,-2.7755575615628914e-17,2.7755575615628914e-17,0,0,0,-1
gmsc,random_forest,46,NumberOfTimes90DaysLate,relative_minus_10,-0.1,0.0,0.1,0.3159103257559534,0.31591032575595346,5.551115123125783e-17,5.551115123125783e-17,0,0,0,-1
gmsc,random_forest,47,NumberOfTimes90DaysLate,relative_minus_10,-0.1,0.0,0.1,0.09990560036967194,0.09990560036967194,0.0,0.0,0,0,0,-1
gmsc,random_forest,48,NumberOfTimes90DaysLate,relative_minus_10,-0.1,0.0,0.1,0.12714889185513736,0.12714889185513736,0.0,0.0,0,0,0,-1
gmsc,random_forest,49,NumberOfTimes90DaysLate,relative_minus_10,-0.1,0.0,0.1,0.0702107223085158,0.07021072230851579,-1.3877787807814457e-17,1.3877787807814457e-17,0,0,0,-1
gmsc,random_forest,50,NumberOfTimes90DaysLate,relative_minus_10,-0.1,0.0,0.1,0.15265829520102106,0.15265829520102106,0.0,0.0,0,0,0,-1
gmsc,random_forest,51,NumberOfTimes90DaysLate,relative_minus_10,-0.1,0.0,0.1,0.2628422782175456,0.2628422782175456,0.0,0.0,0,0,0,-1
gmsc,random_forest,52,NumberOfTimes90DaysLate,relative_minus_10,-0.1,0.0,0.1,0.07756754455616102,0.07756754455616106,4.163336342344337e-17,4.163336342344337e-17,0,0,0,-1
gmsc,random_forest,53,NumberOfTimes90DaysLate,relative_minus_10,-0.1,0.0,0.1,0.801766334910606,0.8017663349106059,-1.1102230246251565e-16,1.1102230246251565e-16,1,1,0,-1
gmsc,random_forest,54,NumberOfTimes90DaysLate,relative_minus_10,-0.1,0.0,0.1,0.8582977428532704,0.8582977428532702,-2.220446049250313e-16,2.220446049250313e-16,1,1,0,-1
gmsc,random_forest,55,NumberOfTimes90DaysLate,relative_minus_10,-0.1,0.0,0.1,0.10544807655567226,0.10544807655567225,-1.3877787807814457e-17,1.3877787807814457e-17,0,0,0,-1
gmsc,random_forest,56,NumberOfTimes90DaysLate,relative_minus_10,-0.1,0.0,0.1,0.16614971558636332,0.16614971558636335,2.7755575615628914e-17,2.7755575615628914e-17,0,0,0,-1
gmsc,random_forest,57,NumberOfTimes90DaysLate,relative_minus_10,-0.1,0.0,0.1,0.5819136422191914,0.5819136422191914,0.0,0.0,1,1,0,-1
gmsc,random_forest,58,NumberOfTimes90DaysLate,relative_minus_10,-0.1,1.0,1.1,0.7436704750418504,0.7436704750418504,0.0,0.0,1,1,0,-1
gmsc,random_forest,59,NumberOfTimes90DaysLate,relative_minus_10,-0.1,0.0,0.1,0.587090829362347,0.5870908293623471,1.1102230246251565e-16,1.1102230246251565e-16,1,1,0,-1
gmsc,random_forest,60,NumberOfTimes90DaysLate,relative_minus_10,-0.1,0.0,0.1,0.1649034942951832,0.16490349429518322,2.7755575615628914e-17,2.7755575615628914e-17,0,0,0,-1
gmsc,random_forest,61,NumberOfTimes90DaysLate,relative_minus_10,-0.1,0.0,0.1,0.2942532697850684,0.2942532697850684,0.0,0.0,0,0,0,-1
gmsc,random_forest,62,NumberOfTimes90DaysLate,relative_minus_10,-0.1,0.0,0.1,0.5335320712885583,0.5335320712885582,-1.1102230246251565e-16,1.1102230246251565e-16,1,1,0,-1
gmsc,random_forest,63,NumberOfTimes90DaysLate,relative_minus_10,-0.1,0.0,0.1,0.13289866287150406,0.13289866287150404,-2.7755575615628914e-17,2.7755575615628914e-17,0,0,0,-1
gmsc,random_forest,64,NumberOfTimes90DaysLate,relative_minus_10,-0.1,0.0,0.1,0.2665313715697186,0.2665313715697187,5.551115123125783e-17,5.551115123125783e-17,0,0,0,-1
gmsc,random_forest,65,NumberOfTimes90DaysLate,relative_minus_10,-0.1,0.0,0.1,0.5063899923778815,0.5063899923778817,2.220446049250313e-16,2.220446049250313e-16,1,1,0,-1
gmsc,random_forest,66,NumberOfTimes90DaysLate,relative_minus_10,-0.1,0.0,0.1,0.1736576827952704,0.17365768279527047,5.551115123125783e-17,5.551115123125783e-17,0,0,0,-1
gmsc,random_forest,67,NumberOfTimes90DaysLate,relative_minus_10,-0.1,0.0,0.1,0.4600211443798788,0.4600211443798789,1.1102230246251565e-16,1.1102230246251565e-16,0,0,0,-1
gmsc,random_forest,68,NumberOfTimes90DaysLate,relative_minus_10,-0.1,0.0,0.1,0.14330478155243379,0.14330478155243376,-2.7755575615628914e-17,2.7755575615628914e-17,0,0,0,-1
gmsc,random_forest,69,NumberOfTimes90DaysLate,relative_minus_10,-0.1,0.0,0.1,0.3889070815939389,0.3889070815939389,0.0,0.0,0,0,0,-1
gmsc,random_forest,70,NumberOfTimes90DaysLate,relative_minus_10,-0.1,0.0,0.1,0.4193795781899724,0.4193795781899724,0.0,0.0,0,0,0,-1
gmsc,random_forest,71,NumberOfTimes90DaysLate,relative_minus_10,-0.1,0.0,0.1,0.17008515516847897,0.17008515516847897,0.0,0.0,0,0,0,-1
gmsc,random_forest,72,NumberOfTimes90DaysLate,relative_minus_10,-0.1,0.0,0.1,0.20907874085396658,0.2090787408539666,2.7755575615628914e-17,2.7755575615628914e-17,0,0,0,-1
gmsc,random_forest,73,NumberOfTimes90DaysLate,relative_minus_10,-0.1,0.0,0.1,0.365051631552107,0.36505163155210696,-5.551115123125783e-17,5.551115123125783e-17,0,0,0,-1
gmsc,random_forest,74,NumberOfTimes90DaysLate,relative_minus_10,-0.1,0.0,0.1,0.2065140624206517,0.20651406242065173,2.7755575615628914e-17,2.7755575615628914e-17,0,0,0,-1
gmsc,random_forest,75,NumberOfTimes90DaysLate,relative_minus_10,-0.1,0.0,0.1,0.526646966431903,0.5266469664319028,-2.220446049250313e-16,2.220446049250313e-16,1,1,0,-1
gmsc,random_forest,76,NumberOfTimes90DaysLate,relative_minus_10,-0.1,0.0,0.1,0.12531638246166502,0.125316382461665,-2.7755575615628914e-17,2.7755575615628914e-17,0,0,0,-1
gmsc,random_forest,77,NumberOfTimes90DaysLate,relative_minus_10,-0.1,0.0,0.1,0.07799823819062678,0.07799823819062679,1.3877787807814457e-17,1.3877787807814457e-17,0,0,0,-1
gmsc,random_forest,78,NumberOfTimes90DaysLate,relative_minus_10,-0.1,0.0,0.1,0.10359585418304888,0.10359585418304888,0.0,0.0,0,0,0,-1
gmsc,random_forest,79,NumberOfTimes90DaysLate,relative_minus_10,-0.1,0.0,0.1,0.3455170212556861,0.34551702125568595,-1.6653345369377348e-16,1.6653345369377348e-16,0,0,0,-1
gmsc,random_forest,80,NumberOfTimes90DaysLate,relative_minus_10,-0.1,0.0,0.1,0.2866632770366475,0.2866632770366474,-1.1102230246251565e-16,1.1102230246251565e-16,0,0,0,-1
gmsc,random_forest,81,NumberOfTimes90DaysLate,relative_minus_10,-0.1,0.0,0.1,0.17937720733779408,0.17937720733779408,0.0,0.0,0,0,0,-1
gmsc,random_forest,82,NumberOfTimes90DaysLate,relative_minus_10,-0.1,0.0,0.1,0.4339743246902932,0.4339743246902932,0.0,0.0,0,0,0,-1
gmsc,random_forest,83,NumberOfTimes90DaysLate,relative_minus_10,-0.1,0.0,0.1,0.1141917331465753,0.11419173314657532,2.7755575615628914e-17,2.7755575615628914e-17,0,0,0,-1
gmsc,random_forest,84,NumberOfTimes90DaysLate,relative_minus_10,-0.1,0.0,0.1,0.59110890429795,0.5911089042979503,2.220446049250313e-16,2.220446049250313e-16,1,1,0,-1
gmsc,random_forest,85,NumberOfTimes90DaysLate,relative_minus_10,-0.1,0.0,0.1,0.10713867731747691,0.10713867731747691,0.0,0.0,0,0,0,-1
gmsc,random_forest,86,NumberOfTimes90DaysLate,relative_minus_10,-0.1,0.0,0.1,0.16567388899210891,0.1656738889921089,-2.7755575615628914e-17,2.7755575615628914e-17,0,0,0,-1
gmsc,random_forest,87,NumberOfTimes90DaysLate,relative_minus_10,-0.1,0.0,0.1,0.14884578185477607,0.14884578185477607,0.0,0.0,0,0,0,-1
gmsc,random_forest,88,NumberOfTimes90DaysLate,relative_minus_10,-0.1,0.0,0.1,0.17254421040384832,0.17254421040384832,0.0,0.0,0,0,0,-1
gmsc,random_forest,89,NumberOfTimes90DaysLate,relative_minus_10,-0.1,0.0,0.1,0.4356553338681073,0.43565533386810706,-2.220446049250313e-16,2.220446049250313e-16,0,0,0,-1
gmsc,random_forest,90,NumberOfTimes90DaysLate,relative_minus_10,-0.1,0.0,0.1,0.07549253017751428,0.07549253017751431,2.7755575615628914e-17,2.7755575615628914e-17,0,0,0,-1
gmsc,random_forest,91,NumberOfTimes90DaysLate,relative_minus_10,-0.1,0.0,0.1,0.1823130815219747,0.1823130815219747,0.0,0.0,0,0,0,-1
gmsc,random_forest,92,NumberOfTimes90DaysLate,relative_minus_10,-0.1,0.0,0.1,0.0932513558600773,0.0932513558600773,0.0,0.0,0,0,0,-1
gmsc,random_forest,93,NumberOfTimes90DaysLate,relative_minus_10,-0.1,0.0,0.1,0.12998718901704973,0.12998718901704975,2.7755575615628914e-17,2.7755575615628914e-17,0,0,0,-1
gmsc,random_forest,94,NumberOfTimes90DaysLate,relative_minus_10,-0.1,0.0,0.1,0.11645345924668923,0.11645345924668926,2.7755575615628914e-17,2.7755575615628914e-17,0,0,0,-1
gmsc,random_forest,95,NumberOfTimes90DaysLate,relative_minus_10,-0.1,0.0,0.1,0.18825767339402502,0.18825767339402502,0.0,0.0,0,0,0,-1
gmsc,random_forest,96,NumberOfTimes90DaysLate,relative_minus_10,-0.1,0.0,0.1,0.14751307642369796,0.147513076423698,2.7755575615628914e-17,2.7755575615628914e-17,0,0,0,-1
gmsc,random_forest,97,NumberOfTimes90DaysLate,relative_minus_10,-0.1,0.0,0.1,0.1601265267080067,0.16012652670800673,2.7755575615628914e-17,2.7755575615628914e-17,0,0,0,-1
gmsc,random_forest,98,NumberOfTimes90DaysLate,relative_minus_10,-0.1,0.0,0.1,0.2792883685617908,0.2792883685617908,0.0,0.0,0,0,0,-1
gmsc,random_forest,99,NumberOfTimes90DaysLate,relative_minus_10,-0.1,0.0,0.1,0.8587567687347458,0.8587567687347458,0.0,0.0,1,1,0,-1
gmsc,random_forest,0,NumberOfTimes90DaysLate,relative_plus_10,0.1,0.0,0.1,0.12448314782663561,0.12448314782663558,-2.7755575615628914e-17,2.7755575615628914e-17,0,0,0,-1
gmsc,random_forest,1,NumberOfTimes90DaysLate,relative_plus_10,0.1,0.0,0.1,0.12575902714321507,0.12575902714321502,-5.551115123125783e-17,5.551115123125783e-17,0,0,0,-1
gmsc,random_forest,2,NumberOfTimes90DaysLate,relative_plus_10,0.1,0.0,0.1,0.07737496123247078,0.0773749612324708,1.3877787807814457e-17,1.3877787807814457e-17,0,0,0,-1
gmsc,random_forest,3,NumberOfTimes90DaysLate,relative_plus_10,0.1,0.0,0.1,0.2222470545521674,0.22224705455216745,5.551115123125783e-17,5.551115123125783e-17,0,0,0,-1
gmsc,random_forest,4,NumberOfTimes90DaysLate,relative_plus_10,0.1,0.0,0.1,0.16593632439170214,0.16593632439170214,0.0,0.0,0,0,0,-1
gmsc,random_forest,5,NumberOfTimes90DaysLate,relative_plus_10,0.1,0.0,0.1,0.20005511957959218,0.2000551195795922,2.7755575615628914e-17,2.7755575615628914e-17,0,0,0,-1
gmsc,random_forest,6,NumberOfTimes90DaysLate,relative_plus_10,0.1,0.0,0.1,0.24736845321604625,0.24736845321604628,2.7755575615628914e-17,2.7755575615628914e-17,0,0,0,-1
gmsc,random_forest,7,NumberOfTimes90DaysLate,relative_plus_10,0.1,0.0,0.1,0.2020807786711973,0.2020807786711973,0.0,0.0,0,0,0,-1
gmsc,random_forest,8,NumberOfTimes90DaysLate,relative_plus_10,0.1,0.0,0.1,0.16030677171113558,0.1603067717111356,2.7755575615628914e-17,2.7755575615628914e-17,0,0,0,-1
gmsc,random_forest,9,NumberOfTimes90DaysLate,relative_plus_10,0.1,0.0,0.1,0.44585372419624947,0.44585372419624963,1.6653345369377348e-16,1.6653345369377348e-16,0,0,0,-1
gmsc,random_forest,10,NumberOfTimes90DaysLate,relative_plus_10,0.1,0.0,0.1,0.3047745297393056,0.30477452973930547,-1.1102230246251565e-16,1.1102230246251565e-16,0,0,0,-1
gmsc,random_forest,11,NumberOfTimes90DaysLate,relative_plus_10,0.1,0.0,0.1,0.2817436317150431,0.281743631715043,-5.551115123125783e-17,5.551115123125783e-17,0,0,0,-1
gmsc,random_forest,12,NumberOfTimes90DaysLate,relative_plus_10,0.1,0.0,0.1,0.07579737355923029,0.07579737355923029,0.0,0.0,0,0,0,-1
gmsc,random_forest,13,NumberOfTimes90DaysLate,relative_plus_10,0.1,1.0,1.1,0.8725178860518772,0.872517886051877,-2.220446049250313e-16,2.220446049250313e-16,1,1,0,-1
gmsc,random_forest,14,NumberOfTimes90DaysLate,relative_plus_10,0.1,0.0,0.1,0.39620212705125957,0.39620212705125957,0.0,0.0,0,0,0,-1
gmsc,random_forest,15,NumberOfTimes90DaysLate,relative_plus_10,0.1,0.0,0.1,0.358132684091735,0.3581326840917348,-1.6653345369377348e-16,1.6653345369377348e-16,0,0,0,-1
gmsc,random_forest,16,NumberOfTimes90DaysLate,relative_plus_10,0.1,0.0,0.1,0.4951408704187556,0.4951408704187558,2.220446049250313e-16,2.220446049250313e-16,0,0,0,-1
gmsc,random_forest,17,NumberOfTimes90DaysLate,relative_plus_10,0.1,0.0,0.1,0.1565391154880974,0.15653911548809737,-2.7755575615628914e-17,2.7755575615628914e-17,0,0,0,-1
gmsc,random_forest,18,NumberOfTimes90DaysLate,relative_plus_10,0.1,0.0,0.1,0.4933265396567783,0.4933265396567783,0.0,0.0,0,0,0,-1
gmsc,random_forest,19,NumberOfTimes90DaysLate,relative_plus_10,0.1,0.0,0.1,0.33709665441513037,0.33709665441513037,0.0,0.0,0,0,0,-1
gmsc,random_forest,20,NumberOfTimes90DaysLate,relative_plus_10,0.1,0.0,0.1,0.125253843611223,0.1252538436112229,-8.326672684688674e-17,8.326672684688674e-17,0,0,0,-1
gmsc,random_forest,21,NumberOfTimes90DaysLate,relative_plus_10,0.1,0.0,0.1,0.1384442554842199,0.1384442554842199,0.0,0.0,0,0,0,-1
gmsc,random_forest,22,NumberOfTimes90DaysLate,relative_plus_10,0.1,0.0,0.1,0.10721005514231308,0.1072100551423131,2.7755575615628914e-17,2.7755575615628914e-17,0,0,0,-1
gmsc,random_forest,23,NumberOfTimes90DaysLate,relative_plus_10,0.1,0.0,0.1,0.14155973703643895,0.14155973703643895,0.0,0.0,0,0,0,-1
gmsc,random_forest,24,NumberOfTimes90DaysLate,relative_plus_10,0.1,0.0,0.1,0.08662915786666847,0.08662915786666846,-1.3877787807814457e-17,1.3877787807814457e-17,0,0,0,-1
gmsc,random_forest,25,NumberOfTimes90DaysLate,relative_plus_10,0.1,0.0,0.1,0.498904333907652,0.49890433390765204,5.551115123125783e-17,5.551115123125783e-17,0,0,0,-1
gmsc,random_forest,26,NumberOfTimes90DaysLate,relative_plus_10,0.1,0.0,0.1,0.566313369934525,0.566313369934525,0.0,0.0,1,1,0,-1
gmsc,random_forest,27,NumberOfTimes90DaysLate,relative_plus_10,0.1,0.0,0.1,0.1401781194818076,0.14017811948180764,2.7755575615628914e-17,2.7755575615628914e-17,0,0,0,-1
gmsc,random_forest,28,NumberOfTimes90DaysLate,relative_plus_10,0.1,0.0,0.1,0.16169516515611407,0.16169516515611407,0.0,0.0,0,0,0,-1
gmsc,random_forest,29,NumberOfTimes90DaysLate,relative_plus_10,0.1,0.0,0.1,0.10365705573378153,0.10365705573378152,-1.3877787807814457e-17,1.3877787807814457e-17,0,0,0,-1
gmsc,random_forest,30,NumberOfTimes90DaysLate,relative_plus_10,0.1,0.0,0.1,0.23541054599203737,0.23541054599203737,0.0,0.0,0,0,0,-1
gmsc,random_forest,31,NumberOfTimes90DaysLate,relative_plus_10,0.1,0.0,0.1,0.1471176133232665,0.14711761332326648,-2.7755575615628914e-17,2.7755575615628914e-17,0,0,0,-1
gmsc,random_forest,32,NumberOfTimes90DaysLate,relative_plus_10,0.1,0.0,0.1,0.19156208452759005,0.19156208452759005,0.0,0.0,0,0,0,-1
gmsc,random_forest,33,NumberOfTimes90DaysLate,relative_plus_10,0.1,0.0,0.1,0.0986278280958683,0.0986278280958683,0.0,0.0,0,0,0,-1
gmsc,random_forest,34,NumberOfTimes90DaysLate,relative_plus_10,0.1,0.0,0.1,0.6110458318906421,0.6110458318906422,1.1102230246251565e-16,1.1102230246251565e-16,1,1,0,-1
gmsc,random_forest,35,NumberOfTimes90DaysLate,relative_plus_10,0.1,0.0,0.1,0.6296792388822089,0.6296792388822086,-3.3306690738754696e-16,3.3306690738754696e-16,1,1,0,-1
gmsc,random_forest,36,NumberOfTimes90DaysLate,relative_plus_10,0.1,0.0,0.1,0.35220418744329696,0.35220418744329696,0.0,0.0,0,0,0,-1
gmsc,random_forest,37,NumberOfTimes90DaysLate,relative_plus_10,0.1,0.0,0.1,0.5127242820218618,0.5127242820218618,0.0,0.0,1,1,0,-1
gmsc,random_forest,38,NumberOfTimes90DaysLate,relative_plus_10,0.1,0.0,0.1,0.25511103636130245,0.2551110363613025,5.551115123125783e-17,5.551115123125783e-17,0,0,0,-1
gmsc,random_forest,39,NumberOfTimes90DaysLate,relative_plus_10,0.1,0.0,0.1,0.25436458779402354,0.2543645877940236,5.551115123125783e-17,5.551115123125783e-17,0,0,0,-1
gmsc,random_forest,40,NumberOfTimes90DaysLate,relative_plus_10,0.1,0.0,0.1,0.15364664040859202,0.15364664040859205,2.7755575615628914e-17,2.7755575615628914e-17,0,0,0,-1
gmsc,random_forest,41,NumberOfTimes90DaysLate,relative_plus_10,0.1,0.0,0.1,0.21481465988917767,0.21481465988917767,0.0,0.0,0,0,0,-1
gmsc,random_forest,42,NumberOfTimes90DaysLate,relative_plus_10,0.1,0.0,0.1,0.1501088987333263,0.15010889873332633,2.7755575615628914e-17,2.7755575615628914e-17,0,0,0,-1
gmsc,random_forest,43,NumberOfTimes90DaysLate,relative_plus_10,0.1,0.0,0.1,0.36253642583455215,0.362536425834552,-1.6653345369377348e-16,1.6653345369377348e-16,0,0,0,-1
gmsc,random_forest,44,NumberOfTimes90DaysLate,relative_plus_10,0.1,0.0,0.1,0.13721131938118405,0.13721131938118408,2.7755575615628914e-17,2.7755575615628914e-17,0,0,0,-1
gmsc,random_forest,45,NumberOfTimes90DaysLate,relative_plus_10,0.1,0.0,0.1,0.1794370938336495,0.17943709383364945,-5.551115123125783e-17,5.551115123125783e-17,0,0,0,-1
gmsc,random_forest,46,NumberOfTimes90DaysLate,relative_plus_10,0.1,0.0,0.1,0.3159103257559534,0.31591032575595346,5.551115123125783e-17,5.551115123125783e-17,0,0,0,-1
gmsc,random_forest,47,NumberOfTimes90DaysLate,relative_plus_10,0.1,0.0,0.1,0.09990560036967194,0.09990560036967193,-1.3877787807814457e-17,1.3877787807814457e-17,0,0,0,-1
gmsc,random_forest,48,NumberOfTimes90DaysLate,relative_plus_10,0.1,0.0,0.1,0.12714889185513736,0.1271488918551373,-5.551115123125783e-17,5.551115123125783e-17,0,0,0,-1
gmsc,random_forest,49,NumberOfTimes90DaysLate,relative_plus_10,0.1,0.0,0.1,0.0702107223085158,0.07021072230851579,-1.3877787807814457e-17,1.3877787807814457e-17,0,0,0,-1
gmsc,random_forest,50,NumberOfTimes90DaysLate,relative_plus_10,0.1,0.0,0.1,0.15265829520102106,0.1526582952010211,2.7755575615628914e-17,2.7755575615628914e-17,0,0,0,-1
gmsc,random_forest,51,NumberOfTimes90DaysLate,relative_plus_10,0.1,0.0,0.1,0.2628422782175456,0.2628422782175456,0.0,0.0,0,0,0,-1
gmsc,random_forest,52,NumberOfTimes90DaysLate,relative_plus_10,0.1,0.0,0.1,0.07756754455616102,0.07756754455616105,2.7755575615628914e-17,2.7755575615628914e-17,0,0,0,-1
gmsc,random_forest,53,NumberOfTimes90DaysLate,relative_plus_10,0.1,0.0,0.1,0.801766334910606,0.801766334910606,0.0,0.0,1,1,0,-1
gmsc,random_forest,54,NumberOfTimes90DaysLate,relative_plus_10,0.1,0.0,0.1,0.8582977428532704,0.8582977428532704,0.0,0.0,1,1,0,-1
gmsc,random_forest,55,NumberOfTimes90DaysLate,relative_plus_10,0.1,0.0,0.1,0.10544807655567226,0.10544807655567225,-1.3877787807814457e-17,1.3877787807814457e-17,0,0,0,-1
gmsc,random_forest,56,NumberOfTimes90DaysLate,relative_plus_10,0.1,0.0,0.1,0.16614971558636332,0.1661497155863633,-2.7755575615628914e-17,2.7755575615628914e-17,0,0,0,-1
gmsc,random_forest,57,NumberOfTimes90DaysLate,relative_plus_10,0.1,0.0,0.1,0.5819136422191914,0.5819136422191916,2.220446049250313e-16,2.220446049250313e-16,1,1,0,-1
gmsc,random_forest,58,NumberOfTimes90DaysLate,relative_plus_10,0.1,1.0,1.1,0.7436704750418504,0.7436704750418504,0.0,0.0,1,1,0,-1
gmsc,random_forest,59,NumberOfTimes90DaysLate,relative_plus_10,0.1,0.0,0.1,0.587090829362347,0.587090829362347,0.0,0.0,1,1,0,-1
gmsc,random_forest,60,NumberOfTimes90DaysLate,relative_plus_10,0.1,0.0,0.1,0.1649034942951832,0.1649034942951832,0.0,0.0,0,0,0,-1
gmsc,random_forest,61,NumberOfTimes90DaysLate,relative_plus_10,0.1,0.0,0.1,0.2942532697850684,0.2942532697850682,-1.6653345369377348e-16,1.6653345369377348e-16,0,0,0,-1
gmsc,random_forest,62,NumberOfTimes90DaysLate,relative_plus_10,0.1,0.0,0.1,0.5335320712885583,0.5335320712885582,-1.1102230246251565e-16,1.1102230246251565e-16,1,1,0,-1
gmsc,random_forest,63,NumberOfTimes90DaysLate,relative_plus_10,0.1,0.0,0.1,0.13289866287150406,0.13289866287150404,-2.7755575615628914e-17,2.7755575615628914e-17,0,0,0,-1
gmsc,random_forest,64,NumberOfTimes90DaysLate,relative_plus_10,0.1,0.0,0.1,0.2665313715697186,0.2665313715697186,0.0,0.0,0,0,0,-1
gmsc,random_forest,65,NumberOfTimes90DaysLate,relative_plus_10,0.1,0.0,0.1,0.5063899923778815,0.5063899923778816,1.1102230246251565e-16,1.1102230246251565e-16,1,1,0,-1
gmsc,random_forest,66,NumberOfTimes90DaysLate,relative_plus_10,0.1,0.0,0.1,0.1736576827952704,0.1736576827952705,8.326672684688674e-17,8.326672684688674e-17,0,0,0,-1
gmsc,random_forest,67,NumberOfTimes90DaysLate,relative_plus_10,0.1,0.0,0.1,0.4600211443798788,0.4600211443798788,0.0,0.0,0,0,0,-1
gmsc,random_forest,68,NumberOfTimes90DaysLate,relative_plus_10,0.1,0.0,0.1,0.14330478155243379,0.14330478155243376,-2.7755575615628914e-17,2.7755575615628914e-17,0,0,0,-1
gmsc,random_forest,69,NumberOfTimes90DaysLate,relative_plus_10,0.1,0.0,0.1,0.3889070815939389,0.3889070815939388,-1.1102230246251565e-16,1.1102230246251565e-16,0,0,0,-1
gmsc,random_forest,70,NumberOfTimes90DaysLate,relative_plus_10,0.1,0.0,0.1,0.4193795781899724,0.41937957818997235,-5.551115123125783e-17,5.551115123125783e-17,0,0,0,-1
gmsc,random_forest,71,NumberOfTimes90DaysLate,relative_plus_10,0.1,0.0,0.1,0.17008515516847897,0.17008515516847897,0.0,0.0,0,0,0,-1
gmsc,random_forest,72,NumberOfTimes90DaysLate,relative_plus_10,0.1,0.0,0.1,0.20907874085396658,0.20907874085396658,0.0,0.0,0,0,0,-1
gmsc,random_forest,73,NumberOfTimes90DaysLate,relative_plus_10,0.1,0.0,0.1,0.365051631552107,0.365051631552107,0.0,0.0,0,0,0,-1
gmsc,random_forest,74,NumberOfTimes90DaysLate,relative_plus_10,0.1,0.0,0.1,0.2065140624206517,0.2065140624206517,0.0,0.0,0,0,0,-1
gmsc,random_forest,75,NumberOfTimes90DaysLate,relative_plus_10,0.1,0.0,0.1,0.526646966431903,0.526646966431903,0.0,0.0,1,1,0,-1
gmsc,random_forest,76,NumberOfTimes90DaysLate,relative_plus_10,0.1,0.0,0.1,0.12531638246166502,0.12531638246166496,-5.551115123125783e-17,5.551115123125783e-17,0,0,0,-1
gmsc,random_forest,77,NumberOfTimes90DaysLate,relative_plus_10,0.1,0.0,0.1,0.07799823819062678,0.07799823819062679,1.3877787807814457e-17,1.3877787807814457e-17,0,0,0,-1
gmsc,random_forest,78,NumberOfTimes90DaysLate,relative_plus_10,0.1,0.0,0.1,0.10359585418304888,0.10359585418304891,2.7755575615628914e-17,2.7755575615628914e-17,0,0,0,-1
gmsc,random_forest,79,NumberOfTimes90DaysLate,relative_plus_10,0.1,0.0,0.1,0.3455170212556861,0.345517021255686,-1.1102230246251565e-16,1.1102230246251565e-16,0,0,0,-1
gmsc,random_forest,80,NumberOfTimes90DaysLate,relative_plus_10,0.1,0.0,0.1,0.2866632770366475,0.2866632770366475,0.0,0.0,0,0,0,-1
gmsc,random_forest,81,NumberOfTimes90DaysLate,relative_plus_10,0.1,0.0,0.1,0.17937720733779408,0.17937720733779403,-5.551115123125783e-17,5.551115123125783e-17,0,0,0,-1
gmsc,random_forest,82,NumberOfTimes90DaysLate,relative_plus_10,0.1,0.0,0.1,0.4339743246902932,0.43397432469029323,5.551115123125783e-17,5.551115123125783e-17,0,0,0,-1
gmsc,random_forest,83,NumberOfTimes90DaysLate,relative_plus_10,0.1,0.0,0.1,0.1141917331465753,0.11419173314657527,-2.7755575615628914e-17,2.7755575615628914e-17,0,0,0,-1
gmsc,random_forest,84,NumberOfTimes90DaysLate,relative_plus_10,0.1,0.0,0.1,0.59110890429795,0.5911089042979502,1.1102230246251565e-16,1.1102230246251565e-16,1,1,0,-1
gmsc,random_forest,85,NumberOfTimes90DaysLate,relative_plus_10,0.1,0.0,0.1,0.10713867731747691,0.10713867731747688,-2.7755575615628914e-17,2.7755575615628914e-17,0,0,0,-1
gmsc,random_forest,86,NumberOfTimes90DaysLate,relative_plus_10,0.1,0.0,0.1,0.16567388899210891,0.1656738889921089,-2.7755575615628914e-17,2.7755575615628914e-17,0,0,0,-1
gmsc,random_forest,87,NumberOfTimes90DaysLate,relative_plus_10,0.1,0.0,0.1,0.14884578185477607,0.14884578185477607,0.0,0.0,0,0,0,-1
gmsc,random_forest,88,NumberOfTimes90DaysLate,relative_plus_10,0.1,0.0,0.1,0.17254421040384832,0.17254421040384835,2.7755575615628914e-17,2.7755575615628914e-17,0,0,0,-1
gmsc,random_forest,89,NumberOfTimes90DaysLate,relative_plus_10,0.1,0.0,0.1,0.4356553338681073,0.4356553338681073,0.0,0.0,0,0,0,-1
gmsc,random_forest,90,NumberOfTimes90DaysLate,relative_plus_10,0.1,0.0,0.1,0.07549253017751428,0.07549253017751432,4.163336342344337e-17,4.163336342344337e-17,0,0,0,-1
gmsc,random_forest,91,NumberOfTimes90DaysLate,relative_plus_10,0.1,0.0,0.1,0.1823130815219747,0.18231308152197467,-2.7755575615628914e-17,2.7755575615628914e-17,0,0,0,-1
gmsc,random_forest,92,NumberOfTimes90DaysLate,relative_plus_10,0.1,0.0,0.1,0.0932513558600773,0.0932513558600773,0.0,0.0,0,0,0,-1
gmsc,random_forest,93,NumberOfTimes90DaysLate,relative_plus_10,0.1,0.0,0.1,0.12998718901704973,0.12998718901704975,2.7755575615628914e-17,2.7755575615628914e-17,0,0,0,-1
gmsc,random_forest,94,NumberOfTimes90DaysLate,relative_plus_10,0.1,0.0,0.1,0.11645345924668923,0.11645345924668928,4.163336342344337e-17,4.163336342344337e-17,0,0,0,-1
gmsc,random_forest,95,NumberOfTimes90DaysLate,relative_plus_10,0.1,0.0,0.1,0.18825767339402502,0.18825767339402502,0.0,0.0,0,0,0,-1
gmsc,random_forest,96,NumberOfTimes90DaysLate,relative_plus_10,0.1,0.0,0.1,0.14751307642369796,0.14751307642369796,0.0,0.0,0,0,0,-1
gmsc,random_forest,97,NumberOfTimes90DaysLate,relative_plus_10,0.1,0.0,0.1,0.1601265267080067,0.16012652670800673,2.7755575615628914e-17,2.7755575615628914e-17,0,0,0,-1
gmsc,random_forest,98,NumberOfTimes90DaysLate,relative_plus_10,0.1,0.0,0.1,0.2792883685617908,0.27928836856179073,-5.551115123125783e-17,5.551115123125783e-17,0,0,0,-1
gmsc,random_forest,99,NumberOfTimes90DaysLate,relative_plus_10,0.1,0.0,0.1,0.8587567687347458,0.8587567687347456,-2.220446049250313e-16,2.220446049250313e-16,1,1,0,-1
gmsc,random_forest,0,NumberRealEstateLoansOrLines,relative_minus_5,-0.05,2.0,2.1,0.12448314782663561,0.12448314782663567,5.551115123125783e-17,5.551115123125783e-17,0,0,0,-1
gmsc,random_forest,1,NumberRealEstateLoansOrLines,relative_minus_5,-0.05,1.0,1.05,0.12575902714321507,0.1257590271432151,2.7755575615628914e-17,2.7755575615628914e-17,0,0,0,-1
gmsc,random_forest,2,NumberRealEstateLoansOrLines,relative_minus_5,-0.05,0.0,0.05,0.07737496123247078,0.07737496123247081,2.7755575615628914e-17,2.7755575615628914e-17,0,0,0,-1
gmsc,random_forest,3,NumberRealEstateLoansOrLines,relative_minus_5,-0.05,2.0,2.1,0.2222470545521674,0.22224705455216745,5.551115123125783e-17,5.551115123125783e-17,0,0,0,-1
gmsc,random_forest,4,NumberRealEstateLoansOrLines,relative_minus_5,-0.05,1.0,1.05,0.16593632439170214,0.1659363243917022,5.551115123125783e-17,5.551115123125783e-17,0,0,0,-1
gmsc,random_forest,5,NumberRealEstateLoansOrLines,relative_minus_5,-0.05,1.0,1.05,0.20005511957959218,0.20005511957959216,-2.7755575615628914e-17,2.7755575615628914e-17,0,0,0,-1
gmsc,random_forest,6,NumberRealEstateLoansOrLines,relative_minus_5,-0.05,0.0,0.05,0.24736845321604625,0.24736845321604628,2.7755575615628914e-17,2.7755575615628914e-17,0,0,0,-1
gmsc,random_forest,7,NumberRealEstateLoansOrLines,relative_minus_5,-0.05,0.0,0.05,0.2020807786711973,0.20208077867119725,-5.551115123125783e-17,5.551115123125783e-17,0,0,0,-1
gmsc,random_forest,8,NumberRealEstateLoansOrLines,relative_minus_5,-0.05,1.0,1.05,0.16030677171113558,0.16030677171113558,0.0,0.0,0,0,0,-1
gmsc,random_forest,9,NumberRealEstateLoansOrLines,relative_minus_5,-0.05,1.0,1.05,0.44585372419624947,0.4458537241962496,1.1102230246251565e-16,1.1102230246251565e-16,0,0,0,-1
gmsc,random_forest,10,NumberRealEstateLoansOrLines,relative_minus_5,-0.05,2.0,2.1,0.3047745297393056,0.3047745297393056,0.0,0.0,0,0,0,-1
gmsc,random_forest,11,NumberRealEstateLoansOrLines,relative_minus_5,-0.05,1.0,1.05,0.2817436317150431,0.28174363171504313,5.551115123125783e-17,5.551115123125783e-17,0,0,0,-1
gmsc,random_forest,12,NumberRealEstateLoansOrLines,relative_minus_5,-0.05,1.0,1.05,0.07579737355923029,0.07579737355923029,0.0,0.0,0,0,0,-1
gmsc,random_forest,13,NumberRealEstateLoansOrLines,relative_minus_5,-0.05,0.0,0.05,0.8725178860518772,0.8725178860518772,0.0,0.0,1,1,0,-1
gmsc,random_forest,14,NumberRealEstateLoansOrLines,relative_minus_5,-0.05,0.0,0.05,0.39620212705125957,0.39620212705125957,0.0,0.0,0,0,0,-1
gmsc,random_forest,15,NumberRealEstateLoansOrLines,relative_minus_5,-0.05,1.0,1.05,0.358132684091735,0.35813268409173493,-5.551115123125783e-17,5.551115123125783e-17,0,0,0,-1
gmsc,random_forest,16,NumberRealEstateLoansOrLines,relative_minus_5,-0.05,0.0,0.05,0.4951408704187556,0.4951408704187559,2.7755575615628914e-16,2.7755575615628914e-16,0,0,0,-1
gmsc,random_forest,17,NumberRealEstateLoansOrLines,relative_minus_5,-0.05,1.0,1.05,0.1565391154880974,0.15653911548809735,-5.551115123125783e-17,5.551115123125783e-17,0,0,0,-1
gmsc,random_forest,18,NumberRealEstateLoansOrLines,relative_minus_5,-0.05,2.0,2.1,0.4933265396567783,0.4933265396567782,-1.1102230246251565e-16,1.1102230246251565e-16,0,0,0,-1
gmsc,random_forest,19,NumberRealEstateLoansOrLines,relative_minus_5,-0.05,2.0,2.1,0.33709665441513037,0.3370966544151303,-5.551115123125783e-17,5.551115123125783e-17,0,0,0,-1
gmsc,random_forest,20,NumberRealEstateLoansOrLines,relative_minus_5,-0.05,1.0,1.05,0.125253843611223,0.12525384361122296,-2.7755575615628914e-17,2.7755575615628914e-17,0,0,0,-1
gmsc,random_forest,21,NumberRealEstateLoansOrLines,relative_minus_5,-0.05,0.0,0.05,0.1384442554842199,0.1384442554842199,0.0,0.0,0,0,0,-1
gmsc,random_forest,22,NumberRealEstateLoansOrLines,relative_minus_5,-0.05,1.0,1.05,0.10721005514231308,0.1072100551423131,2.7755575615628914e-17,2.7755575615628914e-17,0,0,0,-1
gmsc,random_forest,23,NumberRealEstateLoansOrLines,relative_minus_5,-0.05,2.0,2.1,0.14155973703643895,0.141559737036439,5.551115123125783e-17,5.551115123125783e-17,0,0,0,-1
gmsc,random_forest,24,NumberRealEstateLoansOrLines,relative_minus_5,-0.05,0.0,0.05,0.08662915786666847,0.08662915786666849,1.3877787807814457e-17,1.3877787807814457e-17,0,0,0,-1
gmsc,random_forest,25,NumberRealEstateLoansOrLines,relative_minus_5,-0.05,0.0,0.05,0.498904333907652,0.49890433390765176,-2.220446049250313e-16,2.220446049250313e-16,0,0,0,-1
gmsc,random_forest,26,NumberRealEstateLoansOrLines,relative_minus_5,-0.05,0.0,0.05,0.566313369934525,0.5663133699345251,1.1102230246251565e-16,1.1102230246251565e-16,1,1,0,-1
gmsc,random_forest,27,NumberRealEstateLoansOrLines,relative_minus_5,-0.05,0.0,0.05,0.1401781194818076,0.14017811948180772,1.1102230246251565e-16,1.1102230246251565e-16,0,0,0,-1
gmsc,random_forest,28,NumberRealEstateLoansOrLines,relative_minus_5,-0.05,0.0,0.05,0.16169516515611407,0.16169516515611407,0.0,0.0,0,0,0,-1
gmsc,random_forest,29,NumberRealEstateLoansOrLines,relative_minus_5,-0.05,0.0,0.05,0.10365705573378153,0.10365705573378153,0.0,0.0,0,0,0,-1
gmsc,random_forest,30,NumberRealEstateLoansOrLines,relative_minus_5,-0.05,1.0,1.05,0.23541054599203737,0.23541054599203734,-2.7755575615628914e-17,2.7755575615628914e-17,0,0,0,-1
gmsc,random_forest,31,NumberRealEstateLoansOrLines,relative_minus_5,-0.05,0.0,0.05,0.1471176133232665,0.14711761332326653,2.7755575615628914e-17,2.7755575615628914e-17,0,0,0,-1
gmsc,random_forest,32,NumberRealEstateLoansOrLines,relative_minus_5,-0.05,1.0,1.05,0.19156208452759005,0.19156208452759005,0.0,0.0,0,0,0,-1
gmsc,random_forest,33,NumberRealEstateLoansOrLines,relative_minus_5,-0.05,0.0,0.05,0.0986278280958683,0.09862782809586833,2.7755575615628914e-17,2.7755575615628914e-17,0,0,0,-1
gmsc,random_forest,34,NumberRealEstateLoansOrLines,relative_minus_5,-0.05,2.0,2.1,0.6110458318906421,0.6110458318906422,1.1102230246251565e-16,1.1102230246251565e-16,1,1,0,-1
gmsc,random_forest,35,NumberRealEstateLoansOrLines,relative_minus_5,-0.05,2.0,2.1,0.6296792388822089,0.6296792388822089,0.0,0.0,1,1,0,-1
gmsc,random_forest,36,NumberRealEstateLoansOrLines,relative_minus_5,-0.05,1.0,1.05,0.35220418744329696,0.35220418744329696,0.0,0.0,0,0,0,-1
gmsc,random_forest,37,NumberRealEstateLoansOrLines,relative_minus_5,-0.05,1.0,1.05,0.5127242820218618,0.5127242820218619,1.1102230246251565e-16,1.1102230246251565e-16,1,1,0,-1
gmsc,random_forest,38,NumberRealEstateLoansOrLines,relative_minus_5,-0.05,3.0,3.15,0.25511103636130245,0.2551110363613025,5.551115123125783e-17,5.551115123125783e-17,0,0,0,-1
gmsc,random_forest,39,NumberRealEstateLoansOrLines,relative_minus_5,-0.05,1.0,1.05,0.25436458779402354,0.2543645877940235,-5.551115123125783e-17,5.551115123125783e-17,0,0,0,-1
gmsc,random_forest,40,NumberRealEstateLoansOrLines,relative_minus_5,-0.05,1.0,1.05,0.15364664040859202,0.15364664040859205,2.7755575615628914e-17,2.7755575615628914e-17,0,0,0,-1
gmsc,random_forest,41,NumberRealEstateLoansOrLines,relative_minus_5,-0.05,1.0,1.05,0.21481465988917767,0.21481465988917767,0.0,0.0,0,0,0,-1
gmsc,random_forest,42,NumberRealEstateLoansOrLines,relative_minus_5,-0.05,1.0,1.05,0.1501088987333263,0.15010889873332633,2.7755575615628914e-17,2.7755575615628914e-17,0,0,0,-1
gmsc,random_forest,43,NumberRealEstateLoansOrLines,relative_minus_5,-0.05,0.0,0.05,0.36253642583455215,0.362536425834552,-1.6653345369377348e-16,1.6653345369377348e-16,0,0,0,-1
gmsc,random_forest,44,NumberRealEstateLoansOrLines,relative_minus_5,-0.05,1.0,1.05,0.13721131938118405,0.13721131938118414,8.326672684688674e-17,8.326672684688674e-17,0,0,0,-1
gmsc,random_forest,45,NumberRealEstateLoansOrLines,relative_minus_5,-0.05,3.0,3.15,0.1794370938336495,0.17943709383364942,-8.326672684688674e-17,8.326672684688674e-17,0,0,0,-1
gmsc,random_forest,46,NumberRealEstateLoansOrLines,relative_minus_5,-0.05,1.0,1.05,0.3159103257559534,0.31591032575595346,5.551115123125783e-17,5.551115123125783e-17,0,0,0,-1
gmsc,random_forest,47,NumberRealEstateLoansOrLines,relative_minus_5,-0.05,1.0,1.05,0.09990560036967194,0.09990560036967196,1.3877787807814457e-17,1.3877787807814457e-17,0,0,0,-1
gmsc,random_forest,48,NumberRealEstateLoansOrLines,relative_minus_5,-0.05,1.0,1.05,0.12714889185513736,0.12714889185513736,0.0,0.0,0,0,0,-1
gmsc,random_forest,49,NumberRealEstateLoansOrLines,relative_minus_5,-0.05,0.0,0.05,0.0702107223085158,0.07021072230851579,-1.3877787807814457e-17,1.3877787807814457e-17,0,0,0,-1
gmsc,random_forest,50,NumberRealEstateLoansOrLines,relative_minus_5,-0.05,0.0,0.05,0.15265829520102106,0.1526582952010211,2.7755575615628914e-17,2.7755575615628914e-17,0,0,0,-1
gmsc,random_forest,51,NumberRealEstateLoansOrLines,relative_minus_5,-0.05,2.0,2.1,0.2628422782175456,0.2628422782175456,0.0,0.0,0,0,0,-1
gmsc,random_forest,52,NumberRealEstateLoansOrLines,relative_minus_5,-0.05,1.0,1.05,0.07756754455616102,0.07756754455616106,4.163336342344337e-17,4.163336342344337e-17,0,0,0,-1
gmsc,random_forest,53,NumberRealEstateLoansOrLines,relative_minus_5,-0.05,0.0,0.05,0.801766334910606,0.801766334910606,0.0,0.0,1,1,0,-1
gmsc,random_forest,54,NumberRealEstateLoansOrLines,relative_minus_5,-0.05,0.0,0.05,0.8582977428532704,0.8582977428532707,2.220446049250313e-16,2.220446049250313e-16,1,1,0,-1
gmsc,random_forest,55,NumberRealEstateLoansOrLines,relative_minus_5,-0.05,1.0,1.05,0.10544807655567226,0.10544807655567227,1.3877787807814457e-17,1.3877787807814457e-17,0,0,0,-1
gmsc,random_forest,56,NumberRealEstateLoansOrLines,relative_minus_5,-0.05,1.0,1.05,0.16614971558636332,0.16614971558636335,2.7755575615628914e-17,2.7755575615628914e-17,0,0,0,-1
gmsc,random_forest,57,NumberRealEstateLoansOrLines,relative_minus_5,-0.05,0.0,0.05,0.5819136422191914,0.5819136422191914,0.0,0.0,1,1,0,-1
gmsc,random_forest,58,NumberRealEstateLoansOrLines,relative_minus_5,-0.05,0.0,0.05,0.7436704750418504,0.7436704750418505,1.1102230246251565e-16,1.1102230246251565e-16,1,1,0,-1
gmsc,random_forest,59,NumberRealEstateLoansOrLines,relative_minus_5,-0.05,1.0,1.05,0.587090829362347,0.587090829362347,0.0,0.0,1,1,0,-1
gmsc,random_forest,60,NumberRealEstateLoansOrLines,relative_minus_5,-0.05,0.0,0.05,0.1649034942951832,0.1649034942951832,0.0,0.0,0,0,0,-1
gmsc,random_forest,61,NumberRealEstateLoansOrLines,relative_minus_5,-0.05,2.0,2.1,0.2942532697850684,0.29425326978506827,-1.1102230246251565e-16,1.1102230246251565e-16,0,0,0,-1
gmsc,random_forest,62,NumberRealEstateLoansOrLines,relative_minus_5,-0.05,2.0,2.1,0.5335320712885583,0.5335320712885581,-2.220446049250313e-16,2.220446049250313e-16,1,1,0,-1
gmsc,random_forest,63,NumberRealEstateLoansOrLines,relative_minus_5,-0.05,1.0,1.05,0.13289866287150406,0.13289866287150406,0.0,0.0,0,0,0,-1
gmsc,random_forest,64,NumberRealEstateLoansOrLines,relative_minus_5,-0.05,4.0,4.2,0.2665313715697186,0.2665313715697186,0.0,0.0,0,0,0,-1
gmsc,random_forest,65,NumberRealEstateLoansOrLines,relative_minus_5,-0.05,1.0,1.05,0.5063899923778815,0.5063899923778814,-1.1102230246251565e-16,1.1102230246251565e-16,1,1,0,-1
gmsc,random_forest,66,NumberRealEstateLoansOrLines,relative_minus_5,-0.05,1.0,1.05,0.1736576827952704,0.17365768279527038,-2.7755575615628914e-17,2.7755575615628914e-17,0,0,0,-1
gmsc,random_forest,67,NumberRealEstateLoansOrLines,relative_minus_5,-0.05,1.0,1.05,0.4600211443798788,0.4600211443798789,1.1102230246251565e-16,1.1102230246251565e-16,0,0,0,-1
gmsc,random_forest,68,NumberRealEstateLoansOrLines,relative_minus_5,-0.05,1.0,1.05,0.14330478155243379,0.14330478155243379,0.0,0.0,0,0,0,-1
gmsc,random_forest,69,NumberRealEstateLoansOrLines,relative_minus_5,-0.05,4.0,4.2,0.3889070815939389,0.3889070815939389,0.0,0.0,0,0,0,-1
gmsc,random_forest,70,NumberRealEstateLoansOrLines,relative_minus_5,-0.05,0.0,0.05,0.4193795781899724,0.41937957818997246,5.551115123125783e-17,5.551115123125783e-17,0,0,0,-1
gmsc,random_forest,71,NumberRealEstateLoansOrLines,relative_minus_5,-0.05,0.0,0.05,0.17008515516847897,0.17008515516847897,0.0,0.0,0,0,0,-1
gmsc,random_forest,72,NumberRealEstateLoansOrLines,relative_minus_5,-0.05,1.0,1.05,0.20907874085396658,0.20907874085396658,0.0,0.0,0,0,0,-1
gmsc,random_forest,73,NumberRealEstateLoansOrLines,relative_minus_5,-0.05,2.0,2.1,0.365051631552107,0.36505163155210696,-5.551115123125783e-17,5.551115123125783e-17,0,0,0,-1
gmsc,random_forest,74,NumberRealEstateLoansOrLines,relative_minus_5,-0.05,0.0,0.05,0.2065140624206517,0.2065140624206517,0.0,0.0,0,0,0,-1
gmsc,random_forest,75,NumberRealEstateLoansOrLines,relative_minus_5,-0.05,0.0,0.05,0.526646966431903,0.5266469664319029,-1.1102230246251565e-16,1.1102230246251565e-16,1,1,0,-1
gmsc,random_forest,76,NumberRealEstateLoansOrLines,relative_minus_5,-0.05,0.0,0.05,0.12531638246166502,0.12531638246166507,5.551115123125783e-17,5.551115123125783e-17,0,0,0,-1
gmsc,random_forest,77,NumberRealEstateLoansOrLines,relative_minus_5,-0.05,0.0,0.05,0.07799823819062678,0.07799823819062679,1.3877787807814457e-17,1.3877787807814457e-17,0,0,0,-1
gmsc,random_forest,78,NumberRealEstateLoansOrLines,relative_minus_5,-0.05,1.0,1.05,0.10359585418304888,0.10359585418304888,0.0,0.0,0,0,0,-1
gmsc,random_forest,79,NumberRealEstateLoansOrLines,relative_minus_5,-0.05,1.0,1.05,0.3455170212556861,0.345517021255686,-1.1102230246251565e-16,1.1102230246251565e-16,0,0,0,-1
gmsc,random_forest,80,NumberRealEstateLoansOrLines,relative_minus_5,-0.05,1.0,1.05,0.2866632770366475,0.28666327703664746,-5.551115123125783e-17,5.551115123125783e-17,0,0,0,-1
gmsc,random_forest,81,NumberRealEstateLoansOrLines,relative_minus_5,-0.05,2.0,2.1,0.17937720733779408,0.17937720733779408,0.0,0.0,0,0,0,-1
gmsc,random_forest,82,NumberRealEstateLoansOrLines,relative_minus_5,-0.05,1.0,1.05,0.4339743246902932,0.4339743246902932,0.0,0.0,0,0,0,-1
gmsc,random_forest,83,NumberRealEstateLoansOrLines,relative_minus_5,-0.05,1.0,1.05,0.1141917331465753,0.1141917331465753,0.0,0.0,0,0,0,-1
gmsc,random_forest,84,NumberRealEstateLoansOrLines,relative_minus_5,-0.05,2.0,2.1,0.59110890429795,0.5911089042979503,2.220446049250313e-16,2.220446049250313e-16,1,1,0,-1
gmsc,random_forest,85,NumberRealEstateLoansOrLines,relative_minus_5,-0.05,2.0,2.1,0.10713867731747691,0.10713867731747688,-2.7755575615628914e-17,2.7755575615628914e-17,0,0,0,-1
gmsc,random_forest,86,NumberRealEstateLoansOrLines,relative_minus_5,-0.05,0.0,0.05,0.16567388899210891,0.1656738889921089,-2.7755575615628914e-17,2.7755575615628914e-17,0,0,0,-1
gmsc,random_forest,87,NumberRealEstateLoansOrLines,relative_minus_5,-0.05,0.0,0.05,0.14884578185477607,0.14884578185477612,5.551115123125783e-17,5.551115123125783e-17,0,0,0,-1
gmsc,random_forest,88,NumberRealEstateLoansOrLines,relative_minus_5,-0.05,1.0,1.05,0.17254421040384832,0.1725442104038483,-2.7755575615628914e-17,2.7755575615628914e-17,0,0,0,-1
gmsc,random_forest,89,NumberRealEstateLoansOrLines,relative_minus_5,-0.05,1.0,1.05,0.4356553338681073,0.4356553338681073,0.0,0.0,0,0,0,-1
gmsc,random_forest,90,NumberRealEstateLoansOrLines,relative_minus_5,-0.05,0.0,0.05,0.07549253017751428,0.07549253017751431,2.7755575615628914e-17,2.7755575615628914e-17,0,0,0,-1
gmsc,random_forest,91,NumberRealEstateLoansOrLines,relative_minus_5,-0.05,1.0,1.05,0.1823130815219747,0.18231308152197467,-2.7755575615628914e-17,2.7755575615628914e-17,0,0,0,-1
gmsc,random_forest,92,NumberRealEstateLoansOrLines,relative_minus_5,-0.05,0.0,0.05,0.0932513558600773,0.0932513558600773,0.0,0.0,0,0,0,-1
gmsc,random_forest,93,NumberRealEstateLoansOrLines,relative_minus_5,-0.05,2.0,2.1,0.12998718901704973,0.12998718901704975,2.7755575615628914e-17,2.7755575615628914e-17,0,0,0,-1
gmsc,random_forest,94,NumberRealEstateLoansOrLines,relative_minus_5,-0.05,0.0,0.05,0.11645345924668923,0.11645345924668926,2.7755575615628914e-17,2.7755575615628914e-17,0,0,0,-1
gmsc,random_forest,95,NumberRealEstateLoansOrLines,relative_minus_5,-0.05,2.0,2.1,0.18825767339402502,0.188257673394025,-2.7755575615628914e-17,2.7755575615628914e-17,0,0,0,-1
gmsc,random_forest,96,NumberRealEstateLoansOrLines,relative_minus_5,-0.05,1.0,1.05,0.14751307642369796,0.147513076423698,2.7755575615628914e-17,2.7755575615628914e-17,0,0,0,-1
gmsc,random_forest,97,NumberRealEstateLoansOrLines,relative_minus_5,-0.05,1.0,1.05,0.1601265267080067,0.16012652670800667,-2.7755575615628914e-17,2.7755575615628914e-17,0,0,0,-1
gmsc,random_forest,98,NumberRealEstateLoansOrLines,relative_minus_5,-0.05,2.0,2.1,0.2792883685617908,0.27928836856179073,-5.551115123125783e-17,5.551115123125783e-17,0,0,0,-1
gmsc,random_forest,99,NumberRealEstateLoansOrLines,relative_minus_5,-0.05,0.0,0.05,0.8587567687347458,0.8587567687347458,0.0,0.0,1,1,0,-1
gmsc,random_forest,0,NumberRealEstateLoansOrLines,relative_plus_5,0.05,2.0,2.1,0.12448314782663561,0.12448314782663558,-2.7755575615628914e-17,2.7755575615628914e-17,0,0,0,-1
gmsc,random_forest,1,NumberRealEstateLoansOrLines,relative_plus_5,0.05,1.0,1.05,0.12575902714321507,0.12575902714321502,-5.551115123125783e-17,5.551115123125783e-17,0,0,0,-1
gmsc,random_forest,2,NumberRealEstateLoansOrLines,relative_plus_5,0.05,0.0,0.05,0.07737496123247078,0.07737496123247081,2.7755575615628914e-17,2.7755575615628914e-17,0,0,0,-1
gmsc,random_forest,3,NumberRealEstateLoansOrLines,relative_plus_5,0.05,2.0,2.1,0.2222470545521674,0.22224705455216745,5.551115123125783e-17,5.551115123125783e-17,0,0,0,-1
gmsc,random_forest,4,NumberRealEstateLoansOrLines,relative_plus_5,0.05,1.0,1.05,0.16593632439170214,0.16593632439170217,2.7755575615628914e-17,2.7755575615628914e-17,0,0,0,-1
gmsc,random_forest,5,NumberRealEstateLoansOrLines,relative_plus_5,0.05,1.0,1.05,0.20005511957959218,0.20005511957959218,0.0,0.0,0,0,0,-1
gmsc,random_forest,6,NumberRealEstateLoansOrLines,relative_plus_5,0.05,0.0,0.05,0.24736845321604625,0.24736845321604628,2.7755575615628914e-17,2.7755575615628914e-17,0,0,0,-1
gmsc,random_forest,7,NumberRealEstateLoansOrLines,relative_plus_5,0.05,0.0,0.05,0.2020807786711973,0.20208077867119725,-5.551115123125783e-17,5.551115123125783e-17,0,0,0,-1
gmsc,random_forest,8,NumberRealEstateLoansOrLines,relative_plus_5,0.05,1.0,1.05,0.16030677171113558,0.1603067717111356,2.7755575615628914e-17,2.7755575615628914e-17,0,0,0,-1
gmsc,random_forest,9,NumberRealEstateLoansOrLines,relative_plus_5,0.05,1.0,1.05,0.44585372419624947,0.44585372419624963,1.6653345369377348e-16,1.6653345369377348e-16,0,0,0,-1
gmsc,random_forest,10,NumberRealEstateLoansOrLines,relative_plus_5,0.05,2.0,2.1,0.3047745297393056,0.3047745297393055,-5.551115123125783e-17,5.551115123125783e-17,0,0,0,-1
gmsc,random_forest,11,NumberRealEstateLoansOrLines,relative_plus_5,0.05,1.0,1.05,0.2817436317150431,0.2817436317150431,0.0,0.0,0,0,0,-1
gmsc,random_forest,12,NumberRealEstateLoansOrLines,relative_plus_5,0.05,1.0,1.05,0.07579737355923029,0.07579737355923032,2.7755575615628914e-17,2.7755575615628914e-17,0,0,0,-1
gmsc,random_forest,13,NumberRealEstateLoansOrLines,relative_plus_5,0.05,0.0,0.05,0.8725178860518772,0.872517886051877,-2.220446049250313e-16,2.220446049250313e-16,1,1,0,-1
gmsc,random_forest,14,NumberRealEstateLoansOrLines,relative_plus_5,0.05,0.0,0.05,0.39620212705125957,0.39620212705125957,0.0,0.0,0,0,0,-1
gmsc,random_forest,15,NumberRealEstateLoansOrLines,relative_plus_5,0.05,1.0,1.05,0.358132684091735,0.3581326840917349,-1.1102230246251565e-16,1.1102230246251565e-16,0,0,0,-1
gmsc,random_forest,16,NumberRealEstateLoansOrLines,relative_plus_5,0.05,0.0,0.05,0.4951408704187556,0.4951408704187559,2.7755575615628914e-16,2.7755575615628914e-16,0,0,0,-1
gmsc,random_forest,17,NumberRealEstateLoansOrLines,relative_plus_5,0.05,1.0,1.05,0.1565391154880974,0.15653911548809737,-2.7755575615628914e-17,2.7755575615628914e-17,0,0,0,-1
gmsc,random_forest,18,NumberRealEstateLoansOrLines,relative_plus_5,0.05,2.0,2.1,0.4933265396567783,0.4933265396567784,1.1102230246251565e-16,1.1102230246251565e-16,0,0,0,-1
gmsc,random_forest,19,NumberRealEstateLoansOrLines,relative_plus_5,0.05,2.0,2.1,0.33709665441513037,0.3370966544151303,-5.551115123125783e-17,5.551115123125783e-17,0,0,0,-1
gmsc,random_forest,20,NumberRealEstateLoansOrLines,relative_plus_5,0.05,1.0,1.05,0.125253843611223,0.12525384361122296,-2.7755575615628914e-17,2.7755575615628914e-17,0,0,0,-1
gmsc,random_forest,21,NumberRealEstateLoansOrLines,relative_plus_5,0.05,0.0,0.05,0.1384442554842199,0.13844425548421987,-2.7755575615628914e-17,2.7755575615628914e-17,0,0,0,-1
gmsc,random_forest,22,NumberRealEstateLoansOrLines,relative_plus_5,0.05,1.0,1.05,0.10721005514231308,0.10721005514231308,0.0,0.0,0,0,0,-1
gmsc,random_forest,23,NumberRealEstateLoansOrLines,relative_plus_5,0.05,2.0,2.1,0.14155973703643895,0.14155973703643898,2.7755575615628914e-17,2.7755575615628914e-17,0,0,0,-1
gmsc,random_forest,24,NumberRealEstateLoansOrLines,relative_plus_5,0.05,0.0,0.05,0.08662915786666847,0.08662915786666847,0.0,0.0,0,0,0,-1
gmsc,random_forest,25,NumberRealEstateLoansOrLines,relative_plus_5,0.05,0.0,0.05,0.498904333907652,0.498904333907652,0.0,0.0,0,0,0,-1
gmsc,random_forest,26,NumberRealEstateLoansOrLines,relative_plus_5,0.05,0.0,0.05,0.566313369934525,0.566313369934525,0.0,0.0,1,1,0,-1
gmsc,random_forest,27,NumberRealEstateLoansOrLines,relative_plus_5,0.05,0.0,0.05,0.1401781194818076,0.14017811948180767,5.551115123125783e-17,5.551115123125783e-17,0,0,0,-1
gmsc,random_forest,28,NumberRealEstateLoansOrLines,relative_plus_5,0.05,0.0,0.05,0.16169516515611407,0.1616951651561141,2.7755575615628914e-17,2.7755575615628914e-17,0,0,0,-1
gmsc,random_forest,29,NumberRealEstateLoansOrLines,relative_plus_5,0.05,0.0,0.05,0.10365705573378153,0.10365705573378153,0.0,0.0,0,0,0,-1
gmsc,random_forest,30,NumberRealEstateLoansOrLines,relative_plus_5,0.05,1.0,1.05,0.23541054599203737,0.23541054599203737,0.0,0.0,0,0,0,-1
gmsc,random_forest,31,NumberRealEstateLoansOrLines,relative_plus_5,0.05,0.0,0.05,0.1471176133232665,0.1471176133232665,0.0,0.0,0,0,0,-1
gmsc,random_forest,32,NumberRealEstateLoansOrLines,relative_plus_5,0.05,1.0,1.05,0.19156208452759005,0.19156208452759002,-2.7755575615628914e-17,2.7755575615628914e-17,0,0,0,-1
gmsc,random_forest,33,NumberRealEstateLoansOrLines,relative_plus_5,0.05,0.0,0.05,0.0986278280958683,0.09862782809586833,2.7755575615628914e-17,2.7755575615628914e-17,0,0,0,-1
gmsc,random_forest,34,NumberRealEstateLoansOrLines,relative_plus_5,0.05,2.0,2.1,0.6110458318906421,0.6110458318906422,1.1102230246251565e-16,1.1102230246251565e-16,1,1,0,-1
gmsc,random_forest,35,NumberRealEstateLoansOrLines,relative_plus_5,0.05,2.0,2.1,0.6296792388822089,0.6296792388822089,0.0,0.0,1,1,0,-1
gmsc,random_forest,36,NumberRealEstateLoansOrLines,relative_plus_5,0.05,1.0,1.05,0.35220418744329696,0.35220418744329707,1.1102230246251565e-16,1.1102230246251565e-16,0,0,0,-1
gmsc,random_forest,37,NumberRealEstateLoansOrLines,relative_plus_5,0.05,1.0,1.05,0.5127242820218618,0.5127242820218618,0.0,0.0,1,1,0,-1
gmsc,random_forest,38,NumberRealEstateLoansOrLines,relative_plus_5,0.05,3.0,3.15,0.25511103636130245,0.25511103636130256,1.1102230246251565e-16,1.1102230246251565e-16,0,0,0,-1
gmsc,random_forest,39,NumberRealEstateLoansOrLines,relative_plus_5,0.05,1.0,1.05,0.25436458779402354,0.2543645877940236,5.551115123125783e-17,5.551115123125783e-17,0,0,0,-1
gmsc,random_forest,40,NumberRealEstateLoansOrLines,relative_plus_5,0.05,1.0,1.05,0.15364664040859202,0.15364664040859205,2.7755575615628914e-17,2.7755575615628914e-17,0,0,0,-1
gmsc,random_forest,41,NumberRealEstateLoansOrLines,relative_plus_5,0.05,1.0,1.05,0.21481465988917767,0.21481465988917767,0.0,0.0,0,0,0,-1
gmsc,random_forest,42,NumberRealEstateLoansOrLines,relative_plus_5,0.05,1.0,1.05,0.1501088987333263,0.15010889873332633,2.7755575615628914e-17,2.7755575615628914e-17,0,0,0,-1
gmsc,random_forest,43,NumberRealEstateLoansOrLines,relative_plus_5,0.05,0.0,0.05,0.36253642583455215,0.362536425834552,-1.6653345369377348e-16,1.6653345369377348e-16,0,0,0,-1
gmsc,random_forest,44,NumberRealEstateLoansOrLines,relative_plus_5,0.05,1.0,1.05,0.13721131938118405,0.13721131938118408,2.7755575615628914e-17,2.7755575615628914e-17,0,0,0,-1
gmsc,random_forest,45,NumberRealEstateLoansOrLines,relative_plus_5,0.05,3.0,3.15,0.1794370938336495,0.17943709383364947,-2.7755575615628914e-17,2.7755575615628914e-17,0,0,0,-1
gmsc,random_forest,46,NumberRealEstateLoansOrLines,relative_plus_5,0.05,1.0,1.05,0.3159103257559534,0.3159103257559534,0.0,0.0,0,0,0,-1
gmsc,random_forest,47,NumberRealEstateLoansOrLines,relative_plus_5,0.05,1.0,1.05,0.09990560036967194,0.09990560036967194,0.0,0.0,0,0,0,-1
gmsc,random_forest,48,NumberRealEstateLoansOrLines,relative_plus_5,0.05,1.0,1.05,0.12714889185513736,0.12714889185513736,0.0,0.0,0,0,0,-1
gmsc,random_forest,49,NumberRealEstateLoansOrLines,relative_plus_5,0.05,0.0,0.05,0.0702107223085158,0.07021072230851576,-4.163336342344337e-17,4.163336342344337e-17,0,0,0,-1
gmsc,random_forest,50,NumberRealEstateLoansOrLines,relative_plus_5,0.05,0.0,0.05,0.15265829520102106,0.15265829520102106,0.0,0.0,0,0,0,-1
gmsc,random_forest,51,NumberRealEstateLoansOrLines,relative_plus_5,0.05,2.0,2.1,0.2628422782175456,0.2628422782175456,0.0,0.0,0,0,0,-1
gmsc,random_forest,52,NumberRealEstateLoansOrLines,relative_plus_5,0.05,1.0,1.05,0.07756754455616102,0.07756754455616106,4.163336342344337e-17,4.163336342344337e-17,0,0,0,-1
gmsc,random_forest,53,NumberRealEstateLoansOrLines,relative_plus_5,0.05,0.0,0.05,0.801766334910606,0.8017663349106059,-1.1102230246251565e-16,1.1102230246251565e-16,1,1,0,-1
gmsc,random_forest,54,NumberRealEstateLoansOrLines,relative_plus_5,0.05,0.0,0.05,0.8582977428532704,0.8582977428532704,0.0,0.0,1,1,0,-1
gmsc,random_forest,55,NumberRealEstateLoansOrLines,relative_plus_5,0.05,1.0,1.05,0.10544807655567226,0.10544807655567225,-1.3877787807814457e-17,1.3877787807814457e-17,0,0,0,-1
gmsc,random_forest,56,NumberRealEstateLoansOrLines,relative_plus_5,0.05,1.0,1.05,0.16614971558636332,0.1661497155863633,-2.7755575615628914e-17,2.7755575615628914e-17,0,0,0,-1
gmsc,random_forest,57,NumberRealEstateLoansOrLines,relative_plus_5,0.05,0.0,0.05,0.5819136422191914,0.5819136422191914,0.0,0.0,1,1,0,-1
gmsc,random_forest,58,NumberRealEstateLoansOrLines,relative_plus_5,0.05,0.0,0.05,0.7436704750418504,0.7436704750418504,0.0,0.0,1,1,0,-1
gmsc,random_forest,59,NumberRealEstateLoansOrLines,relative_plus_5,0.05,1.0,1.05,0.587090829362347,0.587090829362347,0.0,0.0,1,1,0,-1
gmsc,random_forest,60,NumberRealEstateLoansOrLines,relative_plus_5,0.05,0.0,0.05,0.1649034942951832,0.16490349429518325,5.551115123125783e-17,5.551115123125783e-17,0,0,0,-1
gmsc,random_forest,61,NumberRealEstateLoansOrLines,relative_plus_5,0.05,2.0,2.1,0.2942532697850684,0.29425326978506827,-1.1102230246251565e-16,1.1102230246251565e-16,0,0,0,-1
gmsc,random_forest,62,NumberRealEstateLoansOrLines,relative_plus_5,0.05,2.0,2.1,0.5335320712885583,0.5335320712885583,0.0,0.0,1,1,0,-1
gmsc,random_forest,63,NumberRealEstateLoansOrLines,relative_plus_5,0.05,1.0,1.05,0.13289866287150406,0.13289866287150406,0.0,0.0,0,0,0,-1
gmsc,random_forest,64,NumberRealEstateLoansOrLines,relative_plus_5,0.05,4.0,4.2,0.2665313715697186,0.2665313715697187,5.551115123125783e-17,5.551115123125783e-17,0,0,0,-1
gmsc,random_forest,65,NumberRealEstateLoansOrLines,relative_plus_5,0.05,1.0,1.05,0.5063899923778815,0.5063899923778814,-1.1102230246251565e-16,1.1102230246251565e-16,1,1,0,-1
gmsc,random_forest,66,NumberRealEstateLoansOrLines,relative_plus_5,0.05,1.0,1.05,0.1736576827952704,0.17365768279527044,2.7755575615628914e-17,2.7755575615628914e-17,0,0,0,-1
gmsc,random_forest,67,NumberRealEstateLoansOrLines,relative_plus_5,0.05,1.0,1.05,0.4600211443798788,0.460021144379879,2.220446049250313e-16,2.220446049250313e-16,0,0,0,-1
gmsc,random_forest,68,NumberRealEstateLoansOrLines,relative_plus_5,0.05,1.0,1.05,0.14330478155243379,0.14330478155243379,0.0,0.0,0,0,0,-1
gmsc,random_forest,69,NumberRealEstateLoansOrLines,relative_plus_5,0.05,4.0,4.2,0.3889070815939389,0.3889070815939389,0.0,0.0,0,0,0,-1
gmsc,random_forest,70,NumberRealEstateLoansOrLines,relative_plus_5,0.05,0.0,0.05,0.4193795781899724,0.41937957818997246,5.551115123125783e-17,5.551115123125783e-17,0,0,0,-1
gmsc,random_forest,71,NumberRealEstateLoansOrLines,relative_plus_5,0.05,0.0,0.05,0.17008515516847897,0.17008515516847897,0.0,0.0,0,0,0,-1
gmsc,random_forest,72,NumberRealEstateLoansOrLines,relative_plus_5,0.05,1.0,1.05,0.20907874085396658,0.20907874085396658,0.0,0.0,0,0,0,-1
gmsc,random_forest,73,NumberRealEstateLoansOrLines,relative_plus_5,0.05,2.0,2.1,0.365051631552107,0.365051631552107,0.0,0.0,0,0,0,-1
gmsc,random_forest,74,NumberRealEstateLoansOrLines,relative_plus_5,0.05,0.0,0.05,0.2065140624206517,0.2065140624206517,0.0,0.0,0,0,0,-1
gmsc,random_forest,75,NumberRealEstateLoansOrLines,relative_plus_5,0.05,0.0,0.05,0.526646966431903,0.526646966431903,0.0,0.0,1,1,0,-1
gmsc,random_forest,76,NumberRealEstateLoansOrLines,relative_plus_5,0.05,0.0,0.05,0.12531638246166502,0.125316382461665,-2.7755575615628914e-17,2.7755575615628914e-17,0,0,0,-1
gmsc,random_forest,77,NumberRealEstateLoansOrLines,relative_plus_5,0.05,0.0,0.05,0.07799823819062678,0.07799823819062679,1.3877787807814457e-17,1.3877787807814457e-17,0,0,0,-1
gmsc,random_forest,78,NumberRealEstateLoansOrLines,relative_plus_5,0.05,1.0,1.05,0.10359585418304888,0.10359585418304885,-2.7755575615628914e-17,2.7755575615628914e-17,0,0,0,-1
gmsc,random_forest,79,NumberRealEstateLoansOrLines,relative_plus_5,0.05,1.0,1.05,0.3455170212556861,0.34551702125568606,-5.551115123125783e-17,5.551115123125783e-17,0,0,0,-1
gmsc,random_forest,80,NumberRealEstateLoansOrLines,relative_plus_5,0.05,1.0,1.05,0.2866632770366475,0.2866632770366475,0.0,0.0,0,0,0,-1
gmsc,random_forest,81,NumberRealEstateLoansOrLines,relative_plus_5,0.05,2.0,2.1,0.17937720733779408,0.179377207337794,-8.326672684688674e-17,8.326672684688674e-17,0,0,0,-1
gmsc,random_forest,82,NumberRealEstateLoansOrLines,relative_plus_5,0.05,1.0,1.05,0.4339743246902932,0.43397432469029334,1.6653345369377348e-16,1.6653345369377348e-16,0,0,0,-1
gmsc,random_forest,83,NumberRealEstateLoansOrLines,relative_plus_5,0.05,1.0,1.05,0.1141917331465753,0.1141917331465753,0.0,0.0,0,0,0,-1
gmsc,random_forest,84,NumberRealEstateLoansOrLines,relative_plus_5,0.05,2.0,2.1,0.59110890429795,0.5911089042979503,2.220446049250313e-16,2.220446049250313e-16,1,1,0,-1
gmsc,random_forest,85,NumberRealEstateLoansOrLines,relative_plus_5,0.05,2.0,2.1,0.10713867731747691,0.10713867731747691,0.0,0.0,0,0,0,-1
gmsc,random_forest,86,NumberRealEstateLoansOrLines,relative_plus_5,0.05,0.0,0.05,0.16567388899210891,0.16567388899210886,-5.551115123125783e-17,5.551115123125783e-17,0,0,0,-1
gmsc,random_forest,87,NumberRealEstateLoansOrLines,relative_plus_5,0.05,0.0,0.05,0.14884578185477607,0.14884578185477607,0.0,0.0,0,0,0,-1
gmsc,random_forest,88,NumberRealEstateLoansOrLines,relative_plus_5,0.05,1.0,1.05,0.17254421040384832,0.17254421040384835,2.7755575615628914e-17,2.7755575615628914e-17,0,0,0,-1
gmsc,random_forest,89,NumberRealEstateLoansOrLines,relative_plus_5,0.05,1.0,1.05,0.4356553338681073,0.4356553338681074,1.1102230246251565e-16,1.1102230246251565e-16,0,0,0,-1
gmsc,random_forest,90,NumberRealEstateLoansOrLines,relative_plus_5,0.05,0.0,0.05,0.07549253017751428,0.07549253017751431,2.7755575615628914e-17,2.7755575615628914e-17,0,0,0,-1
gmsc,random_forest,91,NumberRealEstateLoansOrLines,relative_plus_5,0.05,1.0,1.05,0.1823130815219747,0.18231308152197467,-2.7755575615628914e-17,2.7755575615628914e-17,0,0,0,-1
gmsc,random_forest,92,NumberRealEstateLoansOrLines,relative_plus_5,0.05,0.0,0.05,0.0932513558600773,0.09325135586007728,-1.3877787807814457e-17,1.3877787807814457e-17,0,0,0,-1
gmsc,random_forest,93,NumberRealEstateLoansOrLines,relative_plus_5,0.05,2.0,2.1,0.12998718901704973,0.12998718901704975,2.7755575615628914e-17,2.7755575615628914e-17,0,0,0,-1
gmsc,random_forest,94,NumberRealEstateLoansOrLines,relative_plus_5,0.05,0.0,0.05,0.11645345924668923,0.11645345924668926,2.7755575615628914e-17,2.7755575615628914e-17,0,0,0,-1
gmsc,random_forest,95,NumberRealEstateLoansOrLines,relative_plus_5,0.05,2.0,2.1,0.18825767339402502,0.188257673394025,-2.7755575615628914e-17,2.7755575615628914e-17,0,0,0,-1
gmsc,random_forest,96,NumberRealEstateLoansOrLines,relative_plus_5,0.05,1.0,1.05,0.14751307642369796,0.14751307642369796,0.0,0.0,0,0,0,-1
gmsc,random_forest,97,NumberRealEstateLoansOrLines,relative_plus_5,0.05,1.0,1.05,0.1601265267080067,0.16012652670800673,2.7755575615628914e-17,2.7755575615628914e-17,0,0,0,-1
gmsc,random_forest,98,NumberRealEstateLoansOrLines,relative_plus_5,0.05,2.0,2.1,0.2792883685617908,0.27928836856179085,5.551115123125783e-17,5.551115123125783e-17,0,0,0,-1
gmsc,random_forest,99,NumberRealEstateLoansOrLines,relative_plus_5,0.05,0.0,0.05,0.8587567687347458,0.8587567687347459,1.1102230246251565e-16,1.1102230246251565e-16,1,1,0,-1
gmsc,random_forest,0,NumberRealEstateLoansOrLines,relative_minus_10,-0.1,2.0,2.2,0.12448314782663561,0.12448314782663561,0.0,0.0,0,0,0,-1
gmsc,random_forest,1,NumberRealEstateLoansOrLines,relative_minus_10,-0.1,1.0,1.1,0.12575902714321507,0.12575902714321502,-5.551115123125783e-17,5.551115123125783e-17,0,0,0,-1
gmsc,random_forest,2,NumberRealEstateLoansOrLines,relative_minus_10,-0.1,0.0,0.1,0.07737496123247078,0.07737496123247078,0.0,0.0,0,0,0,-1
gmsc,random_forest,3,NumberRealEstateLoansOrLines,relative_minus_10,-0.1,2.0,2.2,0.2222470545521674,0.2222470545521674,0.0,0.0,0,0,0,-1
gmsc,random_forest,4,NumberRealEstateLoansOrLines,relative_minus_10,-0.1,1.0,1.1,0.16593632439170214,0.16593632439170217,2.7755575615628914e-17,2.7755575615628914e-17,0,0,0,-1
gmsc,random_forest,5,NumberRealEstateLoansOrLines,relative_minus_10,-0.1,1.0,1.1,0.20005511957959218,0.20005511957959218,0.0,0.0,0,0,0,-1
gmsc,random_forest,6,NumberRealEstateLoansOrLines,relative_minus_10,-0.1,0.0,0.1,0.24736845321604625,0.24736845321604628,2.7755575615628914e-17,2.7755575615628914e-17,0,0,0,-1
gmsc,random_forest,7,NumberRealEstateLoansOrLines,relative_minus_10,-0.1,0.0,0.1,0.2020807786711973,0.2020807786711973,0.0,0.0,0,0,0,-1
gmsc,random_forest,8,NumberRealEstateLoansOrLines,relative_minus_10,-0.1,1.0,1.1,0.16030677171113558,0.1603067717111356,2.7755575615628914e-17,2.7755575615628914e-17,0,0,0,-1
gmsc,random_forest,9,NumberRealEstateLoansOrLines,relative_minus_10,-0.1,1.0,1.1,0.44585372419624947,0.4458537241962496,1.1102230246251565e-16,1.1102230246251565e-16,0,0,0,-1
gmsc,random_forest,10,NumberRealEstateLoansOrLines,relative_minus_10,-0.1,2.0,2.2,0.3047745297393056,0.30477452973930547,-1.1102230246251565e-16,1.1102230246251565e-16,0,0,0,-1
gmsc,random_forest,11,NumberRealEstateLoansOrLines,relative_minus_10,-0.1,1.0,1.1,0.2817436317150431,0.2817436317150431,0.0,0.0,0,0,0,-1
gmsc,random_forest,12,NumberRealEstateLoansOrLines,relative_minus_10,-0.1,1.0,1.1,0.07579737355923029,0.07579737355923029,0.0,0.0,0,0,0,-1
gmsc,random_forest,13,NumberRealEstateLoansOrLines,relative_minus_10,-0.1,0.0,0.1,0.8725178860518772,0.8725178860518772,0.0,0.0,1,1,0,-1
gmsc,random_forest,14,NumberRealEstateLoansOrLines,relative_minus_10,-0.1,0.0,0.1,0.39620212705125957,0.3962021270512595,-5.551115123125783e-17,5.551115123125783e-17,0,0,0,-1
gmsc,random_forest,15,NumberRealEstateLoansOrLines,relative_minus_10,-0.1,1.0,1.1,0.358132684091735,0.3581326840917349,-1.1102230246251565e-16,1.1102230246251565e-16,0,0,0,-1
gmsc,random_forest,16,NumberRealEstateLoansOrLines,relative_minus_10,-0.1,0.0,0.1,0.4951408704187556,0.4951408704187558,2.220446049250313e-16,2.220446049250313e-16,0,0,0,-1
gmsc,random_forest,17,NumberRealEstateLoansOrLines,relative_minus_10,-0.1,1.0,1.1,0.1565391154880974,0.1565391154880974,0.0,0.0,0,0,0,-1
gmsc,random_forest,18,NumberRealEstateLoansOrLines,relative_minus_10,-0.1,2.0,2.2,0.4933265396567783,0.4933265396567783,0.0,0.0,0,0,0,-1
gmsc,random_forest,19,NumberRealEstateLoansOrLines,relative_minus_10,-0.1,2.0,2.2,0.33709665441513037,0.3370966544151303,-5.551115123125783e-17,5.551115123125783e-17,0,0,0,-1
gmsc,random_forest,20,NumberRealEstateLoansOrLines,relative_minus_10,-0.1,1.0,1.1,0.125253843611223,0.1252538436112229,-8.326672684688674e-17,8.326672684688674e-17,0,0,0,-1
gmsc,random_forest,21,NumberRealEstateLoansOrLines,relative_minus_10,-0.1,0.0,0.1,0.1384442554842199,0.1384442554842199,0.0,0.0,0,0,0,-1
gmsc,random_forest,22,NumberRealEstateLoansOrLines,relative_minus_10,-0.1,1.0,1.1,0.10721005514231308,0.10721005514231308,0.0,0.0,0,0,0,-1
gmsc,random_forest,23,NumberRealEstateLoansOrLines,relative_minus_10,-0.1,2.0,2.2,0.14155973703643895,0.14155973703643898,2.7755575615628914e-17,2.7755575615628914e-17,0,0,0,-1
gmsc,random_forest,24,NumberRealEstateLoansOrLines,relative_minus_10,-0.1,0.0,0.1,0.08662915786666847,0.08662915786666846,-1.3877787807814457e-17,1.3877787807814457e-17,0,0,0,-1
gmsc,random_forest,25,NumberRealEstateLoansOrLines,relative_minus_10,-0.1,0.0,0.1,0.498904333907652,0.49890433390765204,5.551115123125783e-17,5.551115123125783e-17,0,0,0,-1
gmsc,random_forest,26,NumberRealEstateLoansOrLines,relative_minus_10,-0.1,0.0,0.1,0.566313369934525,0.5663133699345252,2.220446049250313e-16,2.220446049250313e-16,1,1,0,-1
gmsc,random_forest,27,NumberRealEstateLoansOrLines,relative_minus_10,-0.1,0.0,0.1,0.1401781194818076,0.1401781194818077,8.326672684688674e-17,8.326672684688674e-17,0,0,0,-1
gmsc,random_forest,28,NumberRealEstateLoansOrLines,relative_minus_10,-0.1,0.0,0.1,0.16169516515611407,0.16169516515611407,0.0,0.0,0,0,0,-1
gmsc,random_forest,29,NumberRealEstateLoansOrLines,relative_minus_10,-0.1,0.0,0.1,0.10365705573378153,0.10365705573378153,0.0,0.0,0,0,0,-1
gmsc,random_forest,30,NumberRealEstateLoansOrLines,relative_minus_10,-0.1,1.0,1.1,0.23541054599203737,0.23541054599203728,-8.326672684688674e-17,8.326672684688674e-17,0,0,0,-1
gmsc,random_forest,31,NumberRealEstateLoansOrLines,relative_minus_10,-0.1,0.0,0.1,0.1471176133232665,0.14711761332326648,-2.7755575615628914e-17,2.7755575615628914e-17,0,0,0,-1
gmsc,random_forest,32,NumberRealEstateLoansOrLines,relative_minus_10,-0.1,1.0,1.1,0.19156208452759005,0.19156208452759002,-2.7755575615628914e-17,2.7755575615628914e-17,0,0,0,-1
gmsc,random_forest,33,NumberRealEstateLoansOrLines,relative_minus_10,-0.1,0.0,0.1,0.0986278280958683,0.09862782809586833,2.7755575615628914e-17,2.7755575615628914e-17,0,0,0,-1
gmsc,random_forest,34,NumberRealEstateLoansOrLines,relative_minus_10,-0.1,2.0,2.2,0.6110458318906421,0.6110458318906422,1.1102230246251565e-16,1.1102230246251565e-16,1,1,0,-1
gmsc,random_forest,35,NumberRealEstateLoansOrLines,relative_minus_10,-0.1,2.0,2.2,0.6296792388822089,0.6296792388822089,0.0,0.0,1,1,0,-1
gmsc,random_forest,36,NumberRealEstateLoansOrLines,relative_minus_10,-0.1,1.0,1.1,0.35220418744329696,0.35220418744329696,0.0,0.0,0,0,0,-1
gmsc,random_forest,37,NumberRealEstateLoansOrLines,relative_minus_10,-0.1,1.0,1.1,0.5127242820218618,0.512724282021862,2.220446049250313e-16,2.220446049250313e-16,1,1,0,-1
gmsc,random_forest,38,NumberRealEstateLoansOrLines,relative_minus_10,-0.1,3.0,3.3,0.25511103636130245,0.25511103636130245,0.0,0.0,0,0,0,-1
gmsc,random_forest,39,NumberRealEstateLoansOrLines,relative_minus_10,-0.1,1.0,1.1,0.25436458779402354,0.2543645877940236,5.551115123125783e-17,5.551115123125783e-17,0,0,0,-1
gmsc,random_forest,40,NumberRealEstateLoansOrLines,relative_minus_10,-0.1,1.0,1.1,0.15364664040859202,0.15364664040859202,0.0,0.0,0,0,0,-1
gmsc,random_forest,41,NumberRealEstateLoansOrLines,relative_minus_10,-0.1,1.0,1.1,0.21481465988917767,0.21481465988917772,5.551115123125783e-17,5.551115123125783e-17,0,0,0,-1
gmsc,random_forest,42,NumberRealEstateLoansOrLines,relative_minus_10,-0.1,1.0,1.1,0.1501088987333263,0.15010889873332628,-2.7755575615628914e-17,2.7755575615628914e-17,0,0,0,-1
gmsc,random_forest,43,NumberRealEstateLoansOrLines,relative_minus_10,-0.1,0.0,0.1,0.36253642583455215,0.36253642583455203,-1.1102230246251565e-16,1.1102230246251565e-16,0,0,0,-1
gmsc,random_forest,44,NumberRealEstateLoansOrLines,relative_minus_10,-0.1,1.0,1.1,0.13721131938118405,0.13721131938118405,0.0,0.0,0,0,0,-1
gmsc,random_forest,45,NumberRealEstateLoansOrLines,relative_minus_10,-0.1,3.0,3.3,0.1794370938336495,0.1794370938336495,0.0,0.0,0,0,0,-1
gmsc,random_forest,46,NumberRealEstateLoansOrLines,relative_minus_10,-0.1,1.0,1.1,0.3159103257559534,0.3159103257559534,0.0,0.0,0,0,0,-1
gmsc,random_forest,47,NumberRealEstateLoansOrLines,relative_minus_10,-0.1,1.0,1.1,0.09990560036967194,0.09990560036967194,0.0,0.0,0,0,0,-1
gmsc,random_forest,48,NumberRealEstateLoansOrLines,relative_minus_10,-0.1,1.0,1.1,0.12714889185513736,0.12714889185513734,-2.7755575615628914e-17,2.7755575615628914e-17,0,0,0,-1
gmsc,random_forest,49,NumberRealEstateLoansOrLines,relative_minus_10,-0.1,0.0,0.1,0.0702107223085158,0.07021072230851577,-2.7755575615628914e-17,2.7755575615628914e-17,0,0,0,-1
gmsc,random_forest,50,NumberRealEstateLoansOrLines,relative_minus_10,-0.1,0.0,0.1,0.15265829520102106,0.1526582952010211,2.7755575615628914e-17,2.7755575615628914e-17,0,0,0,-1
gmsc,random_forest,51,NumberRealEstateLoansOrLines,relative_minus_10,-0.1,2.0,2.2,0.2628422782175456,0.2628422782175456,0.0,0.0,0,0,0,-1
gmsc,random_forest,52,NumberRealEstateLoansOrLines,relative_minus_10,-0.1,1.0,1.1,0.07756754455616102,0.07756754455616102,0.0,0.0,0,0,0,-1
gmsc,random_forest,53,NumberRealEstateLoansOrLines,relative_minus_10,-0.1,0.0,0.1,0.801766334910606,0.801766334910606,0.0,0.0,1,1,0,-1
gmsc,random_forest,54,NumberRealEstateLoansOrLines,relative_minus_10,-0.1,0.0,0.1,0.8582977428532704,0.8582977428532704,0.0,0.0,1,1,0,-1
gmsc,random_forest,55,NumberRealEstateLoansOrLines,relative_minus_10,-0.1,1.0,1.1,0.10544807655567226,0.10544807655567227,1.3877787807814457e-17,1.3877787807814457e-17,0,0,0,-1
gmsc,random_forest,56,NumberRealEstateLoansOrLines,relative_minus_10,-0.1,1.0,1.1,0.16614971558636332,0.1661497155863633,-2.7755575615628914e-17,2.7755575615628914e-17,0,0,0,-1
gmsc,random_forest,57,NumberRealEstateLoansOrLines,relative_minus_10,-0.1,0.0,0.1,0.5819136422191914,0.5819136422191917,3.3306690738754696e-16,3.3306690738754696e-16,1,1,0,-1
gmsc,random_forest,58,NumberRealEstateLoansOrLines,relative_minus_10,-0.1,0.0,0.1,0.7436704750418504,0.7436704750418504,0.0,0.0,1,1,0,-1
gmsc,random_forest,59,NumberRealEstateLoansOrLines,relative_minus_10,-0.1,1.0,1.1,0.587090829362347,0.587090829362347,0.0,0.0,1,1,0,-1
gmsc,random_forest,60,NumberRealEstateLoansOrLines,relative_minus_10,-0.1,0.0,0.1,0.1649034942951832,0.1649034942951832,0.0,0.0,0,0,0,-1
gmsc,random_forest,61,NumberRealEstateLoansOrLines,relative_minus_10,-0.1,2.0,2.2,0.2942532697850684,0.29425326978506827,-1.1102230246251565e-16,1.1102230246251565e-16,0,0,0,-1
gmsc,random_forest,62,NumberRealEstateLoansOrLines,relative_minus_10,-0.1,2.0,2.2,0.5335320712885583,0.5335320712885583,0.0,0.0,1,1,0,-1
gmsc,random_forest,63,NumberRealEstateLoansOrLines,relative_minus_10,-0.1,1.0,1.1,0.13289866287150406,0.13289866287150406,0.0,0.0,0,0,0,-1
gmsc,random_forest,64,NumberRealEstateLoansOrLines,relative_minus_10,-0.1,4.0,4.4,0.2665313715697186,0.2665313715697186,0.0,0.0,0,0,0,-1
gmsc,random_forest,65,NumberRealEstateLoansOrLines,relative_minus_10,-0.1,1.0,1.1,0.5063899923778815,0.5063899923778815,0.0,0.0,1,1,0,-1
gmsc,random_forest,66,NumberRealEstateLoansOrLines,relative_minus_10,-0.1,1.0,1.1,0.1736576827952704,0.17365768279527047,5.551115123125783e-17,5.551115123125783e-17,0,0,0,-1
gmsc,random_forest,67,NumberRealEstateLoansOrLines,relative_minus_10,-0.1,1.0,1.1,0.4600211443798788,0.4600211443798788,0.0,0.0,0,0,0,-1
gmsc,random_forest,68,NumberRealEstateLoansOrLines,relative_minus_10,-0.1,1.0,1.1,0.14330478155243379,0.14330478155243379,0.0,0.0,0,0,0,-1
gmsc,random_forest,69,NumberRealEstateLoansOrLines,relative_minus_10,-0.1,4.0,4.4,0.3889070815939389,0.3889070815939389,0.0,0.0,0,0,0,-1
gmsc,random_forest,70,NumberRealEstateLoansOrLines,relative_minus_10,-0.1,0.0,0.1,0.4193795781899724,0.41937957818997246,5.551115123125783e-17,5.551115123125783e-17,0,0,0,-1
gmsc,random_forest,71,NumberRealEstateLoansOrLines,relative_minus_10,-0.1,0.0,0.1,0.17008515516847897,0.17008515516847897,0.0,0.0,0,0,0,-1
gmsc,random_forest,72,NumberRealEstateLoansOrLines,relative_minus_10,-0.1,1.0,1.1,0.20907874085396658,0.20907874085396658,0.0,0.0,0,0,0,-1
gmsc,random_forest,73,NumberRealEstateLoansOrLines,relative_minus_10,-0.1,2.0,2.2,0.365051631552107,0.365051631552107,0.0,0.0,0,0,0,-1
gmsc,random_forest,74,NumberRealEstateLoansOrLines,relative_minus_10,-0.1,0.0,0.1,0.2065140624206517,0.20651406242065173,2.7755575615628914e-17,2.7755575615628914e-17,0,0,0,-1
gmsc,random_forest,75,NumberRealEstateLoansOrLines,relative_minus_10,-0.1,0.0,0.1,0.526646966431903,0.5266469664319029,-1.1102230246251565e-16,1.1102230246251565e-16,1,1,0,-1
gmsc,random_forest,76,NumberRealEstateLoansOrLines,relative_minus_10,-0.1,0.0,0.1,0.12531638246166502,0.12531638246166502,0.0,0.0,0,0,0,-1
gmsc,random_forest,77,NumberRealEstateLoansOrLines,relative_minus_10,-0.1,0.0,0.1,0.07799823819062678,0.07799823819062678,0.0,0.0,0,0,0,-1
gmsc,random_forest,78,NumberRealEstateLoansOrLines,relative_minus_10,-0.1,1.0,1.1,0.10359585418304888,0.10359585418304885,-2.7755575615628914e-17,2.7755575615628914e-17,0,0,0,-1
gmsc,random_forest,79,NumberRealEstateLoansOrLines,relative_minus_10,-0.1,1.0,1.1,0.3455170212556861,0.34551702125568606,-5.551115123125783e-17,5.551115123125783e-17,0,0,0,-1
gmsc,random_forest,80,NumberRealEstateLoansOrLines,relative_minus_10,-0.1,1.0,1.1,0.2866632770366475,0.2866632770366474,-1.1102230246251565e-16,1.1102230246251565e-16,0,0,0,-1
gmsc,random_forest,81,NumberRealEstateLoansOrLines,relative_minus_10,-0.1,2.0,2.2,0.17937720733779408,0.17937720733779408,0.0,0.0,0,0,0,-1
gmsc,random_forest,82,NumberRealEstateLoansOrLines,relative_minus_10,-0.1,1.0,1.1,0.4339743246902932,0.43397432469029323,5.551115123125783e-17,5.551115123125783e-17,0,0,0,-1
gmsc,random_forest,83,NumberRealEstateLoansOrLines,relative_minus_10,-0.1,1.0,1.1,0.1141917331465753,0.1141917331465753,0.0,0.0,0,0,0,-1
gmsc,random_forest,84,NumberRealEstateLoansOrLines,relative_minus_10,-0.1,2.0,2.2,0.59110890429795,0.5911089042979503,2.220446049250313e-16,2.220446049250313e-16,1,1,0,-1
gmsc,random_forest,85,NumberRealEstateLoansOrLines,relative_minus_10,-0.1,2.0,2.2,0.10713867731747691,0.10713867731747694,2.7755575615628914e-17,2.7755575615628914e-17,0,0,0,-1
gmsc,random_forest,86,NumberRealEstateLoansOrLines,relative_minus_10,-0.1,0.0,0.1,0.16567388899210891,0.1656738889921089,-2.7755575615628914e-17,2.7755575615628914e-17,0,0,0,-1
gmsc,random_forest,87,NumberRealEstateLoansOrLines,relative_minus_10,-0.1,0.0,0.1,0.14884578185477607,0.14884578185477607,0.0,0.0,0,0,0,-1
gmsc,random_forest,88,NumberRealEstateLoansOrLines,relative_minus_10,-0.1,1.0,1.1,0.17254421040384832,0.1725442104038483,-2.7755575615628914e-17,2.7755575615628914e-17,0,0,0,-1
gmsc,random_forest,89,NumberRealEstateLoansOrLines,relative_minus_10,-0.1,1.0,1.1,0.4356553338681073,0.4356553338681074,1.1102230246251565e-16,1.1102230246251565e-16,0,0,0,-1
gmsc,random_forest,90,NumberRealEstateLoansOrLines,relative_minus_10,-0.1,0.0,0.1,0.07549253017751428,0.07549253017751428,0.0,0.0,0,0,0,-1
gmsc,random_forest,91,NumberRealEstateLoansOrLines,relative_minus_10,-0.1,1.0,1.1,0.1823130815219747,0.18231308152197467,-2.7755575615628914e-17,2.7755575615628914e-17,0,0,0,-1
gmsc,random_forest,92,NumberRealEstateLoansOrLines,relative_minus_10,-0.1,0.0,0.1,0.0932513558600773,0.0932513558600773,0.0,0.0,0,0,0,-1
gmsc,random_forest,93,NumberRealEstateLoansOrLines,relative_minus_10,-0.1,2.0,2.2,0.12998718901704973,0.12998718901704975,2.7755575615628914e-17,2.7755575615628914e-17,0,0,0,-1
gmsc,random_forest,94,NumberRealEstateLoansOrLines,relative_minus_10,-0.1,0.0,0.1,0.11645345924668923,0.11645345924668928,4.163336342344337e-17,4.163336342344337e-17,0,0,0,-1
gmsc,random_forest,95,NumberRealEstateLoansOrLines,relative_minus_10,-0.1,2.0,2.2,0.18825767339402502,0.18825767339402502,0.0,0.0,0,0,0,-1
gmsc,random_forest,96,NumberRealEstateLoansOrLines,relative_minus_10,-0.1,1.0,1.1,0.14751307642369796,0.14751307642369796,0.0,0.0,0,0,0,-1
gmsc,random_forest,97,NumberRealEstateLoansOrLines,relative_minus_10,-0.1,1.0,1.1,0.1601265267080067,0.16012652670800673,2.7755575615628914e-17,2.7755575615628914e-17,0,0,0,-1
gmsc,random_forest,98,NumberRealEstateLoansOrLines,relative_minus_10,-0.1,2.0,2.2,0.2792883685617908,0.27928836856179073,-5.551115123125783e-17,5.551115123125783e-17,0,0,0,-1
gmsc,random_forest,99,NumberRealEstateLoansOrLines,relative_minus_10,-0.1,0.0,0.1,0.8587567687347458,0.8587567687347456,-2.220446049250313e-16,2.220446049250313e-16,1,1,0,-1
gmsc,random_forest,0,NumberRealEstateLoansOrLines,relative_plus_10,0.1,2.0,2.2,0.12448314782663561,0.12448314782663561,0.0,0.0,0,0,0,-1
gmsc,random_forest,1,NumberRealEstateLoansOrLines,relative_plus_10,0.1,1.0,1.1,0.12575902714321507,0.12575902714321507,0.0,0.0,0,0,0,-1
gmsc,random_forest,2,NumberRealEstateLoansOrLines,relative_plus_10,0.1,0.0,0.1,0.07737496123247078,0.07737496123247078,0.0,0.0,0,0,0,-1
gmsc,random_forest,3,NumberRealEstateLoansOrLines,relative_plus_10,0.1,2.0,2.2,0.2222470545521674,0.2222470545521675,1.1102230246251565e-16,1.1102230246251565e-16,0,0,0,-1
gmsc,random_forest,4,NumberRealEstateLoansOrLines,relative_plus_10,0.1,1.0,1.1,0.16593632439170214,0.16593632439170217,2.7755575615628914e-17,2.7755575615628914e-17,0,0,0,-1
gmsc,random_forest,5,NumberRealEstateLoansOrLines,relative_plus_10,0.1,1.0,1.1,0.20005511957959218,0.20005511957959218,0.0,0.0,0,0,0,-1
gmsc,random_forest,6,NumberRealEstateLoansOrLines,relative_plus_10,0.1,0.0,0.1,0.24736845321604625,0.24736845321604628,2.7755575615628914e-17,2.7755575615628914e-17,0,0,0,-1
gmsc,random_forest,7,NumberRealEstateLoansOrLines,relative_plus_10,0.1,0.0,0.1,0.2020807786711973,0.2020807786711973,0.0,0.0,0,0,0,-1
gmsc,random_forest,8,NumberRealEstateLoansOrLines,relative_plus_10,0.1,1.0,1.1,0.16030677171113558,0.1603067717111356,2.7755575615628914e-17,2.7755575615628914e-17,0,0,0,-1
gmsc,random_forest,9,NumberRealEstateLoansOrLines,relative_plus_10,0.1,1.0,1.1,0.44585372419624947,0.44585372419624963,1.6653345369377348e-16,1.6653345369377348e-16,0,0,0,-1
gmsc,random_forest,10,NumberRealEstateLoansOrLines,relative_plus_10,0.1,2.0,2.2,0.3047745297393056,0.3047745297393056,0.0,0.0,0,0,0,-1
gmsc,random_forest,11,NumberRealEstateLoansOrLines,relative_plus_10,0.1,1.0,1.1,0.2817436317150431,0.2817436317150431,0.0,0.0,0,0,0,-1
gmsc,random_forest,12,NumberRealEstateLoansOrLines,relative_plus_10,0.1,1.0,1.1,0.07579737355923029,0.07579737355923029,0.0,0.0,0,0,0,-1
gmsc,random_forest,13,NumberRealEstateLoansOrLines,relative_plus_10,0.1,0.0,0.1,0.8725178860518772,0.8725178860518772,0.0,0.0,1,1,0,-1
gmsc,random_forest,14,NumberRealEstateLoansOrLines,relative_plus_10,0.1,0.0,0.1,0.39620212705125957,0.3962021270512596,5.551115123125783e-17,5.551115123125783e-17,0,0,0,-1
gmsc,random_forest,15,NumberRealEstateLoansOrLines,relative_plus_10,0.1,1.0,1.1,0.358132684091735,0.3581326840917349,-1.1102230246251565e-16,1.1102230246251565e-16,0,0,0,-1
gmsc,random_forest,16,NumberRealEstateLoansOrLines,relative_plus_10,0.1,0.0,0.1,0.4951408704187556,0.4951408704187557,1.1102230246251565e-16,1.1102230246251565e-16,0,0,0,-1
gmsc,random_forest,17,NumberRealEstateLoansOrLines,relative_plus_10,0.1,1.0,1.1,0.1565391154880974,0.15653911548809737,-2.7755575615628914e-17,2.7755575615628914e-17,0,0,0,-1
gmsc,random_forest,18,NumberRealEstateLoansOrLines,relative_plus_10,0.1,2.0,2.2,0.4933265396567783,0.4933265396567784,1.1102230246251565e-16,1.1102230246251565e-16,0,0,0,-1
gmsc,random_forest,19,NumberRealEstateLoansOrLines,relative_plus_10,0.1,2.0,2.2,0.33709665441513037,0.3370966544151303,-5.551115123125783e-17,5.551115123125783e-17,0,0,0,-1
gmsc,random_forest,20,NumberRealEstateLoansOrLines,relative_plus_10,0.1,1.0,1.1,0.125253843611223,0.12525384361122296,-2.7755575615628914e-17,2.7755575615628914e-17,0,0,0,-1
gmsc,random_forest,21,NumberRealEstateLoansOrLines,relative_plus_10,0.1,0.0,0.1,0.1384442554842199,0.1384442554842199,0.0,0.0,0,0,0,-1
gmsc,random_forest,22,NumberRealEstateLoansOrLines,relative_plus_10,0.1,1.0,1.1,0.10721005514231308,0.1072100551423131,2.7755575615628914e-17,2.7755575615628914e-17,0,0,0,-1
gmsc,random_forest,23,NumberRealEstateLoansOrLines,relative_plus_10,0.1,2.0,2.2,0.14155973703643895,0.14155973703643898,2.7755575615628914e-17,2.7755575615628914e-17,0,0,0,-1
gmsc,random_forest,24,NumberRealEstateLoansOrLines,relative_plus_10,0.1,0.0,0.1,0.08662915786666847,0.08662915786666849,1.3877787807814457e-17,1.3877787807814457e-17,0,0,0,-1
gmsc,random_forest,25,NumberRealEstateLoansOrLines,relative_plus_10,0.1,0.0,0.1,0.498904333907652,0.49890433390765204,5.551115123125783e-17,5.551115123125783e-17,0,0,0,-1
gmsc,random_forest,26,NumberRealEstateLoansOrLines,relative_plus_10,0.1,0.0,0.1,0.566313369934525,0.566313369934525,0.0,0.0,1,1,0,-1
gmsc,random_forest,27,NumberRealEstateLoansOrLines,relative_plus_10,0.1,0.0,0.1,0.1401781194818076,0.14017811948180764,2.7755575615628914e-17,2.7755575615628914e-17,0,0,0,-1
gmsc,random_forest,28,NumberRealEstateLoansOrLines,relative_plus_10,0.1,0.0,0.1,0.16169516515611407,0.16169516515611415,8.326672684688674e-17,8.326672684688674e-17,0,0,0,-1
gmsc,random_forest,29,NumberRealEstateLoansOrLines,relative_plus_10,0.1,0.0,0.1,0.10365705573378153,0.10365705573378153,0.0,0.0,0,0,0,-1
gmsc,random_forest,30,NumberRealEstateLoansOrLines,relative_plus_10,0.1,1.0,1.1,0.23541054599203737,0.23541054599203737,0.0,0.0,0,0,0,-1
gmsc,random_forest,31,NumberRealEstateLoansOrLines,relative_plus_10,0.1,0.0,0.1,0.1471176133232665,0.14711761332326656,5.551115123125783e-17,5.551115123125783e-17,0,0,0,-1
gmsc,random_forest,32,NumberRealEstateLoansOrLines,relative_plus_10,0.1,1.0,1.1,0.19156208452759005,0.1915620845275901,5.551115123125783e-17,5.551115123125783e-17,0,0,0,-1
gmsc,random_forest,33,NumberRealEstateLoansOrLines,relative_plus_10,0.1,0.0,0.1,0.0986278280958683,0.0986278280958683,0.0,0.0,0,0,0,-1
gmsc,random_forest,34,NumberRealEstateLoansOrLines,relative_plus_10,0.1,2.0,2.2,0.6110458318906421,0.6110458318906423,2.220446049250313e-16,2.220446049250313e-16,1,1,0,-1
gmsc,random_forest,35,NumberRealEstateLoansOrLines,relative_plus_10,0.1,2.0,2.2,0.6296792388822089,0.6296792388822087,-2.220446049250313e-16,2.220446049250313e-16,1,1,0,-1
gmsc,random_forest,36,NumberRealEstateLoansOrLines,relative_plus_10,0.1,1.0,1.1,0.35220418744329696,0.3522041874432971,1.6653345369377348e-16,1.6653345369377348e-16,0,0,0,-1
gmsc,random_forest,37,NumberRealEstateLoansOrLines,relative_plus_10,0.1,1.0,1.1,0.5127242820218618,0.5127242820218618,0.0,0.0,1,1,0,-1
gmsc,random_forest,38,NumberRealEstateLoansOrLines,relative_plus_10,0.1,3.0,3.3,0.25511103636130245,0.25511103636130256,1.1102230246251565e-16,1.1102230246251565e-16,0,0,0,-1
gmsc,random_forest,39,NumberRealEstateLoansOrLines,relative_plus_10,0.1,1.0,1.1,0.25436458779402354,0.25436458779402354,0.0,0.0,0,0,0,-1
gmsc,random_forest,40,NumberRealEstateLoansOrLines,relative_plus_10,0.1,1.0,1.1,0.15364664040859202,0.15364664040859208,5.551115123125783e-17,5.551115123125783e-17,0,0,0,-1
gmsc,random_forest,41,NumberRealEstateLoansOrLines,relative_plus_10,0.1,1.0,1.1,0.21481465988917767,0.21481465988917772,5.551115123125783e-17,5.551115123125783e-17,0,0,0,-1
gmsc,random_forest,42,NumberRealEstateLoansOrLines,relative_plus_10,0.1,1.0,1.1,0.1501088987333263,0.1501088987333263,0.0,0.0,0,0,0,-1
gmsc,random_forest,43,NumberRealEstateLoansOrLines,relative_plus_10,0.1,0.0,0.1,0.36253642583455215,0.362536425834552,-1.6653345369377348e-16,1.6653345369377348e-16,0,0,0,-1
gmsc,random_forest,44,NumberRealEstateLoansOrLines,relative_plus_10,0.1,1.0,1.1,0.13721131938118405,0.13721131938118408,2.7755575615628914e-17,2.7755575615628914e-17,0,0,0,-1
gmsc,random_forest,45,NumberRealEstateLoansOrLines,relative_plus_10,0.1,3.0,3.3,0.1794370938336495,0.17943709383364947,-2.7755575615628914e-17,2.7755575615628914e-17,0,0,0,-1
gmsc,random_forest,46,NumberRealEstateLoansOrLines,relative_plus_10,0.1,1.0,1.1,0.3159103257559534,0.31591032575595335,-5.551115123125783e-17,5.551115123125783e-17,0,0,0,-1
gmsc,random_forest,47,NumberRealEstateLoansOrLines,relative_plus_10,0.1,1.0,1.1,0.09990560036967194,0.09990560036967194,0.0,0.0,0,0,0,-1
gmsc,random_forest,48,NumberRealEstateLoansOrLines,relative_plus_10,0.1,1.0,1.1,0.12714889185513736,0.12714889185513736,0.0,0.0,0,0,0,-1
gmsc,random_forest,49,NumberRealEstateLoansOrLines,relative_plus_10,0.1,0.0,0.1,0.0702107223085158,0.07021072230851577,-2.7755575615628914e-17,2.7755575615628914e-17,0,0,0,-1
gmsc,random_forest,50,NumberRealEstateLoansOrLines,relative_plus_10,0.1,0.0,0.1,0.15265829520102106,0.15265829520102106,0.0,0.0,0,0,0,-1
gmsc,random_forest,51,NumberRealEstateLoansOrLines,relative_plus_10,0.1,2.0,2.2,0.2628422782175456,0.2628422782175456,0.0,0.0,0,0,0,-1
gmsc,random_forest,52,NumberRealEstateLoansOrLines,relative_plus_10,0.1,1.0,1.1,0.07756754455616102,0.07756754455616104,1.3877787807814457e-17,1.3877787807814457e-17,0,0,0,-1
gmsc,random_forest,53,NumberRealEstateLoansOrLines,relative_plus_10,0.1,0.0,0.1,0.801766334910606,0.801766334910606,0.0,0.0,1,1,0,-1
gmsc,random_forest,54,NumberRealEstateLoansOrLines,relative_plus_10,0.1,0.0,0.1,0.8582977428532704,0.8582977428532707,2.220446049250313e-16,2.220446049250313e-16,1,1,0,-1
gmsc,random_forest,55,NumberRealEstateLoansOrLines,relative_plus_10,0.1,1.0,1.1,0.10544807655567226,0.10544807655567223,-2.7755575615628914e-17,2.7755575615628914e-17,0,0,0,-1
gmsc,random_forest,56,NumberRealEstateLoansOrLines,relative_plus_10,0.1,1.0,1.1,0.16614971558636332,0.16614971558636335,2.7755575615628914e-17,2.7755575615628914e-17,0,0,0,-1
gmsc,random_forest,57,NumberRealEstateLoansOrLines,relative_plus_10,0.1,0.0,0.1,0.5819136422191914,0.5819136422191914,0.0,0.0,1,1,0,-1
gmsc,random_forest,58,NumberRealEstateLoansOrLines,relative_plus_10,0.1,0.0,0.1,0.7436704750418504,0.7436704750418506,2.220446049250313e-16,2.220446049250313e-16,1,1,0,-1
gmsc,random_forest,59,NumberRealEstateLoansOrLines,relative_plus_10,0.1,1.0,1.1,0.587090829362347,0.587090829362347,0.0,0.0,1,1,0,-1
gmsc,random_forest,60,NumberRealEstateLoansOrLines,relative_plus_10,0.1,0.0,0.1,0.1649034942951832,0.16490349429518322,2.7755575615628914e-17,2.7755575615628914e-17,0,0,0,-1
gmsc,random_forest,61,NumberRealEstateLoansOrLines,relative_plus_10,0.1,2.0,2.2,0.2942532697850684,0.29425326978506827,-1.1102230246251565e-16,1.1102230246251565e-16,0,0,0,-1
gmsc,random_forest,62,NumberRealEstateLoansOrLines,relative_plus_10,0.1,2.0,2.2,0.5335320712885583,0.5335320712885583,0.0,0.0,1,1,0,-1
gmsc,random_forest,63,NumberRealEstateLoansOrLines,relative_plus_10,0.1,1.0,1.1,0.13289866287150406,0.132898662871504,-5.551115123125783e-17,5.551115123125783e-17,0,0,0,-1
gmsc,random_forest,64,NumberRealEstateLoansOrLines,relative_plus_10,0.1,4.0,4.4,0.2665313715697186,0.2665313715697186,0.0,0.0,0,0,0,-1
gmsc,random_forest,65,NumberRealEstateLoansOrLines,relative_plus_10,0.1,1.0,1.1,0.5063899923778815,0.5063899923778815,0.0,0.0,1,1,0,-1
gmsc,random_forest,66,NumberRealEstateLoansOrLines,relative_plus_10,0.1,1.0,1.1,0.1736576827952704,0.1736576827952704,0.0,0.0,0,0,0,-1
gmsc,random_forest,67,NumberRealEstateLoansOrLines,relative_plus_10,0.1,1.0,1.1,0.4600211443798788,0.460021144379879,2.220446049250313e-16,2.220446049250313e-16,0,0,0,-1
gmsc,random_forest,68,NumberRealEstateLoansOrLines,relative_plus_10,0.1,1.0,1.1,0.14330478155243379,0.14330478155243379,0.0,0.0,0,0,0,-1
gmsc,random_forest,69,NumberRealEstateLoansOrLines,relative_plus_10,0.1,4.0,4.4,0.3889070815939389,0.38890708159393883,-5.551115123125783e-17,5.551115123125783e-17,0,0,0,-1
gmsc,random_forest,70,NumberRealEstateLoansOrLines,relative_plus_10,0.1,0.0,0.1,0.4193795781899724,0.41937957818997235,-5.551115123125783e-17,5.551115123125783e-17,0,0,0,-1
gmsc,random_forest,71,NumberRealEstateLoansOrLines,relative_plus_10,0.1,0.0,0.1,0.17008515516847897,0.17008515516847902,5.551115123125783e-17,5.551115123125783e-17,0,0,0,-1
gmsc,random_forest,72,NumberRealEstateLoansOrLines,relative_plus_10,0.1,1.0,1.1,0.20907874085396658,0.20907874085396658,0.0,0.0,0,0,0,-1
gmsc,random_forest,73,NumberRealEstateLoansOrLines,relative_plus_10,0.1,2.0,2.2,0.365051631552107,0.365051631552107,0.0,0.0,0,0,0,-1
gmsc,random_forest,74,NumberRealEstateLoansOrLines,relative_plus_10,0.1,0.0,0.1,0.2065140624206517,0.20651406242065173,2.7755575615628914e-17,2.7755575615628914e-17,0,0,0,-1
gmsc,random_forest,75,NumberRealEstateLoansOrLines,relative_plus_10,0.1,0.0,0.1,0.526646966431903,0.526646966431903,0.0,0.0,1,1,0,-1
gmsc,random_forest,76,NumberRealEstateLoansOrLines,relative_plus_10,0.1,0.0,0.1,0.12531638246166502,0.12531638246166504,2.7755575615628914e-17,2.7755575615628914e-17,0,0,0,-1
gmsc,random_forest,77,NumberRealEstateLoansOrLines,relative_plus_10,0.1,0.0,0.1,0.07799823819062678,0.07799823819062679,1.3877787807814457e-17,1.3877787807814457e-17,0,0,0,-1
gmsc,random_forest,78,NumberRealEstateLoansOrLines,relative_plus_10,0.1,1.0,1.1,0.10359585418304888,0.10359585418304891,2.7755575615628914e-17,2.7755575615628914e-17,0,0,0,-1
gmsc,random_forest,79,NumberRealEstateLoansOrLines,relative_plus_10,0.1,1.0,1.1,0.3455170212556861,0.34551702125568595,-1.6653345369377348e-16,1.6653345369377348e-16,0,0,0,-1
gmsc,random_forest,80,NumberRealEstateLoansOrLines,relative_plus_10,0.1,1.0,1.1,0.2866632770366475,0.2866632770366475,0.0,0.0,0,0,0,-1
gmsc,random_forest,81,NumberRealEstateLoansOrLines,relative_plus_10,0.1,2.0,2.2,0.17937720733779408,0.17937720733779408,0.0,0.0,0,0,0,-1
gmsc,random_forest,82,NumberRealEstateLoansOrLines,relative_plus_10,0.1,1.0,1.1,0.4339743246902932,0.43397432469029323,5.551115123125783e-17,5.551115123125783e-17,0,0,0,-1
gmsc,random_forest,83,NumberRealEstateLoansOrLines,relative_plus_10,0.1,1.0,1.1,0.1141917331465753,0.11419173314657527,-2.7755575615628914e-17,2.7755575615628914e-17,0,0,0,-1
gmsc,random_forest,84,NumberRealEstateLoansOrLines,relative_plus_10,0.1,2.0,2.2,0.59110890429795,0.5911089042979502,1.1102230246251565e-16,1.1102230246251565e-16,1,1,0,-1
gmsc,random_forest,85,NumberRealEstateLoansOrLines,relative_plus_10,0.1,2.0,2.2,0.10713867731747691,0.10713867731747694,2.7755575615628914e-17,2.7755575615628914e-17,0,0,0,-1
gmsc,random_forest,86,NumberRealEstateLoansOrLines,relative_plus_10,0.1,0.0,0.1,0.16567388899210891,0.1656738889921089,-2.7755575615628914e-17,2.7755575615628914e-17,0,0,0,-1
gmsc,random_forest,87,NumberRealEstateLoansOrLines,relative_plus_10,0.1,0.0,0.1,0.14884578185477607,0.1488457818547761,2.7755575615628914e-17,2.7755575615628914e-17,0,0,0,-1
gmsc,random_forest,88,NumberRealEstateLoansOrLines,relative_plus_10,0.1,1.0,1.1,0.17254421040384832,0.17254421040384832,0.0,0.0,0,0,0,-1
gmsc,random_forest,89,NumberRealEstateLoansOrLines,relative_plus_10,0.1,1.0,1.1,0.4356553338681073,0.4356553338681073,0.0,0.0,0,0,0,-1
gmsc,random_forest,90,NumberRealEstateLoansOrLines,relative_plus_10,0.1,0.0,0.1,0.07549253017751428,0.0754925301775143,1.3877787807814457e-17,1.3877787807814457e-17,0,0,0,-1
gmsc,random_forest,91,NumberRealEstateLoansOrLines,relative_plus_10,0.1,1.0,1.1,0.1823130815219747,0.1823130815219747,0.0,0.0,0,0,0,-1
gmsc,random_forest,92,NumberRealEstateLoansOrLines,relative_plus_10,0.1,0.0,0.1,0.0932513558600773,0.09325135586007727,-2.7755575615628914e-17,2.7755575615628914e-17,0,0,0,-1
gmsc,random_forest,93,NumberRealEstateLoansOrLines,relative_plus_10,0.1,2.0,2.2,0.12998718901704973,0.12998718901704975,2.7755575615628914e-17,2.7755575615628914e-17,0,0,0,-1
gmsc,random_forest,94,NumberRealEstateLoansOrLines,relative_plus_10,0.1,0.0,0.1,0.11645345924668923,0.11645345924668928,4.163336342344337e-17,4.163336342344337e-17,0,0,0,-1
gmsc,random_forest,95,NumberRealEstateLoansOrLines,relative_plus_10,0.1,2.0,2.2,0.18825767339402502,0.18825767339402502,0.0,0.0,0,0,0,-1
gmsc,random_forest,96,NumberRealEstateLoansOrLines,relative_plus_10,0.1,1.0,1.1,0.14751307642369796,0.14751307642369796,0.0,0.0,0,0,0,-1
gmsc,random_forest,97,NumberRealEstateLoansOrLines,relative_plus_10,0.1,1.0,1.1,0.1601265267080067,0.1601265267080067,0.0,0.0,0,0,0,-1
gmsc,random_forest,98,NumberRealEstateLoansOrLines,relative_plus_10,0.1,2.0,2.2,0.2792883685617908,0.27928836856179073,-5.551115123125783e-17,5.551115123125783e-17,0,0,0,-1
gmsc,random_forest,99,NumberRealEstateLoansOrLines,relative_plus_10,0.1,0.0,0.1,0.8587567687347458,0.8587567687347456,-2.220446049250313e-16,2.220446049250313e-16,1,1,0,-1
gmsc,random_forest,0,NumberOfTime60-89DaysPastDueNotWorse,relative_minus_5,-0.05,0.0,0.05,0.12448314782663561,0.12448314782663561,0.0,0.0,0,0,0,-1
gmsc,random_forest,1,NumberOfTime60-89DaysPastDueNotWorse,relative_minus_5,-0.05,0.0,0.05,0.12575902714321507,0.12575902714321502,-5.551115123125783e-17,5.551115123125783e-17,0,0,0,-1
gmsc,random_forest,2,NumberOfTime60-89DaysPastDueNotWorse,relative_minus_5,-0.05,0.0,0.05,0.07737496123247078,0.07737496123247078,0.0,0.0,0,0,0,-1
gmsc,random_forest,3,NumberOfTime60-89DaysPastDueNotWorse,relative_minus_5,-0.05,0.0,0.05,0.2222470545521674,0.22224705455216745,5.551115123125783e-17,5.551115123125783e-17,0,0,0,-1
gmsc,random_forest,4,NumberOfTime60-89DaysPastDueNotWorse,relative_minus_5,-0.05,0.0,0.05,0.16593632439170214,0.16593632439170214,0.0,0.0,0,0,0,-1
gmsc,random_forest,5,NumberOfTime60-89DaysPastDueNotWorse,relative_minus_5,-0.05,0.0,0.05,0.20005511957959218,0.20005511957959216,-2.7755575615628914e-17,2.7755575615628914e-17,0,0,0,-1
gmsc,random_forest,6,NumberOfTime60-89DaysPastDueNotWorse,relative_minus_5,-0.05,0.0,0.05,0.24736845321604625,0.24736845321604634,8.326672684688674e-17,8.326672684688674e-17,0,0,0,-1
gmsc,random_forest,7,NumberOfTime60-89DaysPastDueNotWorse,relative_minus_5,-0.05,0.0,0.05,0.2020807786711973,0.20208077867119725,-5.551115123125783e-17,5.551115123125783e-17,0,0,0,-1
gmsc,random_forest,8,NumberOfTime60-89DaysPastDueNotWorse,relative_minus_5,-0.05,0.0,0.05,0.16030677171113558,0.16030677171113555,-2.7755575615628914e-17,2.7755575615628914e-17,0,0,0,-1
gmsc,random_forest,9,NumberOfTime60-89DaysPastDueNotWorse,relative_minus_5,-0.05,0.0,0.05,0.44585372419624947,0.44585372419624947,0.0,0.0,0,0,0,-1
gmsc,random_forest,10,NumberOfTime60-89DaysPastDueNotWorse,relative_minus_5,-0.05,0.0,0.05,0.3047745297393056,0.3047745297393055,-5.551115123125783e-17,5.551115123125783e-17,0,0,0,-1
gmsc,random_forest,11,NumberOfTime60-89DaysPastDueNotWorse,relative_minus_5,-0.05,0.0,0.05,0.2817436317150431,0.28174363171504313,5.551115123125783e-17,5.551115123125783e-17,0,0,0,-1
gmsc,random_forest,12,NumberOfTime60-89DaysPastDueNotWorse,relative_minus_5,-0.05,0.0,0.05,0.07579737355923029,0.07579737355923029,0.0,0.0,0,0,0,-1
gmsc,random_forest,13,NumberOfTime60-89DaysPastDueNotWorse,relative_minus_5,-0.05,0.0,0.05,0.8725178860518772,0.8725178860518772,0.0,0.0,1,1,0,-1
gmsc,random_forest,14,NumberOfTime60-89DaysPastDueNotWorse,relative_minus_5,-0.05,0.0,0.05,0.39620212705125957,0.3962021270512595,-5.551115123125783e-17,5.551115123125783e-17,0,0,0,-1
gmsc,random_forest,15,NumberOfTime60-89DaysPastDueNotWorse,relative_minus_5,-0.05,0.0,0.05,0.358132684091735,0.35813268409173493,-5.551115123125783e-17,5.551115123125783e-17,0,0,0,-1
gmsc,random_forest,16,NumberOfTime60-89DaysPastDueNotWorse,relative_minus_5,-0.05,0.0,0.05,0.4951408704187556,0.4951408704187558,2.220446049250313e-16,2.220446049250313e-16,0,0,0,-1
gmsc,random_forest,17,NumberOfTime60-89DaysPastDueNotWorse,relative_minus_5,-0.05,0.0,0.05,0.1565391154880974,0.15653911548809743,2.7755575615628914e-17,2.7755575615628914e-17,0,0,0,-1
gmsc,random_forest,18,NumberOfTime60-89DaysPastDueNotWorse,relative_minus_5,-0.05,0.0,0.05,0.4933265396567783,0.4933265396567782,-1.1102230246251565e-16,1.1102230246251565e-16,0,0,0,-1
gmsc,random_forest,19,NumberOfTime60-89DaysPastDueNotWorse,relative_minus_5,-0.05,0.0,0.05,0.33709665441513037,0.33709665441513037,0.0,0.0,0,0,0,-1
gmsc,random_forest,20,NumberOfTime60-89DaysPastDueNotWorse,relative_minus_5,-0.05,0.0,0.05,0.125253843611223,0.1252538436112229,-8.326672684688674e-17,8.326672684688674e-17,0,0,0,-1
gmsc,random_forest,21,NumberOfTime60-89DaysPastDueNotWorse,relative_minus_5,-0.05,0.0,0.05,0.1384442554842199,0.1384442554842199,0.0,0.0,0,0,0,-1
gmsc,random_forest,22,NumberOfTime60-89DaysPastDueNotWorse,relative_minus_5,-0.05,0.0,0.05,0.10721005514231308,0.10721005514231308,0.0,0.0,0,0,0,-1
gmsc,random_forest,23,NumberOfTime60-89DaysPastDueNotWorse,relative_minus_5,-0.05,0.0,0.05,0.14155973703643895,0.141559737036439,5.551115123125783e-17,5.551115123125783e-17,0,0,0,-1
gmsc,random_forest,24,NumberOfTime60-89DaysPastDueNotWorse,relative_minus_5,-0.05,0.0,0.05,0.08662915786666847,0.08662915786666847,0.0,0.0,0,0,0,-1
gmsc,random_forest,25,NumberOfTime60-89DaysPastDueNotWorse,relative_minus_5,-0.05,0.0,0.05,0.498904333907652,0.498904333907652,0.0,0.0,0,0,0,-1
gmsc,random_forest,26,NumberOfTime60-89DaysPastDueNotWorse,relative_minus_5,-0.05,0.0,0.05,0.566313369934525,0.5663133699345251,1.1102230246251565e-16,1.1102230246251565e-16,1,1,0,-1
gmsc,random_forest,27,NumberOfTime60-89DaysPastDueNotWorse,relative_minus_5,-0.05,0.0,0.05,0.1401781194818076,0.1401781194818077,8.326672684688674e-17,8.326672684688674e-17,0,0,0,-1
gmsc,random_forest,28,NumberOfTime60-89DaysPastDueNotWorse,relative_minus_5,-0.05,0.0,0.05,0.16169516515611407,0.16169516515611407,0.0,0.0,0,0,0,-1
gmsc,random_forest,29,NumberOfTime60-89DaysPastDueNotWorse,relative_minus_5,-0.05,0.0,0.05,0.10365705573378153,0.10365705573378153,0.0,0.0,0,0,0,-1
gmsc,random_forest,30,NumberOfTime60-89DaysPastDueNotWorse,relative_minus_5,-0.05,0.0,0.05,0.23541054599203737,0.23541054599203742,5.551115123125783e-17,5.551115123125783e-17,0,0,0,-1
gmsc,random_forest,31,NumberOfTime60-89DaysPastDueNotWorse,relative_minus_5,-0.05,0.0,0.05,0.1471176133232665,0.1471176133232665,0.0,0.0,0,0,0,-1
gmsc,random_forest,32,NumberOfTime60-89DaysPastDueNotWorse,relative_minus_5,-0.05,0.0,0.05,0.19156208452759005,0.19156208452759005,0.0,0.0,0,0,0,-1
gmsc,random_forest,33,NumberOfTime60-89DaysPastDueNotWorse,relative_minus_5,-0.05,0.0,0.05,0.0986278280958683,0.09862782809586833,2.7755575615628914e-17,2.7755575615628914e-17,0,0,0,-1
gmsc,random_forest,34,NumberOfTime60-89DaysPastDueNotWorse,relative_minus_5,-0.05,0.0,0.05,0.6110458318906421,0.6110458318906422,1.1102230246251565e-16,1.1102230246251565e-16,1,1,0,-1
gmsc,random_forest,35,NumberOfTime60-89DaysPastDueNotWorse,relative_minus_5,-0.05,0.0,0.05,0.6296792388822089,0.6296792388822088,-1.1102230246251565e-16,1.1102230246251565e-16,1,1,0,-1
gmsc,random_forest,36,NumberOfTime60-89DaysPastDueNotWorse,relative_minus_5,-0.05,0.0,0.05,0.35220418744329696,0.3522041874432969,-5.551115123125783e-17,5.551115123125783e-17,0,0,0,-1
gmsc,random_forest,37,NumberOfTime60-89DaysPastDueNotWorse,relative_minus_5,-0.05,0.0,0.05,0.5127242820218618,0.5127242820218618,0.0,0.0,1,1,0,-1
gmsc,random_forest,38,NumberOfTime60-89DaysPastDueNotWorse,relative_minus_5,-0.05,0.0,0.05,0.25511103636130245,0.25511103636130256,1.1102230246251565e-16,1.1102230246251565e-16,0,0,0,-1
gmsc,random_forest,39,NumberOfTime60-89DaysPastDueNotWorse,relative_minus_5,-0.05,0.0,0.05,0.25436458779402354,0.2543645877940236,5.551115123125783e-17,5.551115123125783e-17,0,0,0,-1
gmsc,random_forest,40,NumberOfTime60-89DaysPastDueNotWorse,relative_minus_5,-0.05,0.0,0.05,0.15364664040859202,0.15364664040859205,2.7755575615628914e-17,2.7755575615628914e-17,0,0,0,-1
gmsc,random_forest,41,NumberOfTime60-89DaysPastDueNotWorse,relative_minus_5,-0.05,0.0,0.05,0.21481465988917767,0.21481465988917767,0.0,0.0,0,0,0,-1
gmsc,random_forest,42,NumberOfTime60-89DaysPastDueNotWorse,relative_minus_5,-0.05,0.0,0.05,0.1501088987333263,0.15010889873332633,2.7755575615628914e-17,2.7755575615628914e-17,0,0,0,-1
gmsc,random_forest,43,NumberOfTime60-89DaysPastDueNotWorse,relative_minus_5,-0.05,0.0,0.05,0.36253642583455215,0.3625364258345521,-5.551115123125783e-17,5.551115123125783e-17,0,0,0,-1
gmsc,random_forest,44,NumberOfTime60-89DaysPastDueNotWorse,relative_minus_5,-0.05,0.0,0.05,0.13721131938118405,0.13721131938118405,0.0,0.0,0,0,0,-1
gmsc,random_forest,45,NumberOfTime60-89DaysPastDueNotWorse,relative_minus_5,-0.05,0.0,0.05,0.1794370938336495,0.17943709383364947,-2.7755575615628914e-17,2.7755575615628914e-17,0,0,0,-1
gmsc,random_forest,46,NumberOfTime60-89DaysPastDueNotWorse,relative_minus_5,-0.05,0.0,0.05,0.3159103257559534,0.3159103257559534,0.0,0.0,0,0,0,-1
gmsc,random_forest,47,NumberOfTime60-89DaysPastDueNotWorse,relative_minus_5,-0.05,0.0,0.05,0.09990560036967194,0.09990560036967194,0.0,0.0,0,0,0,-1
gmsc,random_forest,48,NumberOfTime60-89DaysPastDueNotWorse,relative_minus_5,-0.05,0.0,0.05,0.12714889185513736,0.1271488918551373,-5.551115123125783e-17,5.551115123125783e-17,0,0,0,-1
gmsc,random_forest,49,NumberOfTime60-89DaysPastDueNotWorse,relative_minus_5,-0.05,0.0,0.05,0.0702107223085158,0.07021072230851579,-1.3877787807814457e-17,1.3877787807814457e-17,0,0,0,-1
gmsc,random_forest,50,NumberOfTime60-89DaysPastDueNotWorse,relative_minus_5,-0.05,0.0,0.05,0.15265829520102106,0.15265829520102106,0.0,0.0,0,0,0,-1
gmsc,random_forest,51,NumberOfTime60-89DaysPastDueNotWorse,relative_minus_5,-0.05,0.0,0.05,0.2628422782175456,0.2628422782175456,0.0,0.0,0,0,0,-1
gmsc,random_forest,52,NumberOfTime60-89DaysPastDueNotWorse,relative_minus_5,-0.05,0.0,0.05,0.07756754455616102,0.07756754455616104,1.3877787807814457e-17,1.3877787807814457e-17,0,0,0,-1
gmsc,random_forest,53,NumberOfTime60-89DaysPastDueNotWorse,relative_minus_5,-0.05,1.0,1.05,0.801766334910606,0.8017663349106059,-1.1102230246251565e-16,1.1102230246251565e-16,1,1,0,-1
gmsc,random_forest,54,NumberOfTime60-89DaysPastDueNotWorse,relative_minus_5,-0.05,2.0,2.1,0.8582977428532704,0.8582977428532707,2.220446049250313e-16,2.220446049250313e-16,1,1,0,-1
gmsc,random_forest,55,NumberOfTime60-89DaysPastDueNotWorse,relative_minus_5,-0.05,0.0,0.05,0.10544807655567226,0.10544807655567225,-1.3877787807814457e-17,1.3877787807814457e-17,0,0,0,-1
gmsc,random_forest,56,NumberOfTime60-89DaysPastDueNotWorse,relative_minus_5,-0.05,0.0,0.05,0.16614971558636332,0.1661497155863633,-2.7755575615628914e-17,2.7755575615628914e-17,0,0,0,-1
gmsc,random_forest,57,NumberOfTime60-89DaysPastDueNotWorse,relative_minus_5,-0.05,0.0,0.05,0.5819136422191914,0.5819136422191915,1.1102230246251565e-16,1.1102230246251565e-16,1,1,0,-1
gmsc,random_forest,58,NumberOfTime60-89DaysPastDueNotWorse,relative_minus_5,-0.05,0.0,0.05,0.7436704750418504,0.7436704750418505,1.1102230246251565e-16,1.1102230246251565e-16,1,1,0,-1
gmsc,random_forest,59,NumberOfTime60-89DaysPastDueNotWorse,relative_minus_5,-0.05,0.0,0.05,0.587090829362347,0.5870908293623471,1.1102230246251565e-16,1.1102230246251565e-16,1,1,0,-1
gmsc,random_forest,60,NumberOfTime60-89DaysPastDueNotWorse,relative_minus_5,-0.05,0.0,0.05,0.1649034942951832,0.1649034942951832,0.0,0.0,0,0,0,-1
gmsc,random_forest,61,NumberOfTime60-89DaysPastDueNotWorse,relative_minus_5,-0.05,0.0,0.05,0.2942532697850684,0.2942532697850682,-1.6653345369377348e-16,1.6653345369377348e-16,0,0,0,-1
gmsc,random_forest,62,NumberOfTime60-89DaysPastDueNotWorse,relative_minus_5,-0.05,0.0,0.05,0.5335320712885583,0.5335320712885581,-2.220446049250313e-16,2.220446049250313e-16,1,1,0,-1
gmsc,random_forest,63,NumberOfTime60-89DaysPastDueNotWorse,relative_minus_5,-0.05,0.0,0.05,0.13289866287150406,0.13289866287150404,-2.7755575615628914e-17,2.7755575615628914e-17,0,0,0,-1
gmsc,random_forest,64,NumberOfTime60-89DaysPastDueNotWorse,relative_minus_5,-0.05,0.0,0.05,0.2665313715697186,0.2665313715697186,0.0,0.0,0,0,0,-1
gmsc,random_forest,65,NumberOfTime60-89DaysPastDueNotWorse,relative_minus_5,-0.05,0.0,0.05,0.5063899923778815,0.5063899923778815,0.0,0.0,1,1,0,-1
gmsc,random_forest,66,NumberOfTime60-89DaysPastDueNotWorse,relative_minus_5,-0.05,0.0,0.05,0.1736576827952704,0.17365768279527038,-2.7755575615628914e-17,2.7755575615628914e-17,0,0,0,-1
gmsc,random_forest,67,NumberOfTime60-89DaysPastDueNotWorse,relative_minus_5,-0.05,0.0,0.05,0.4600211443798788,0.4600211443798789,1.1102230246251565e-16,1.1102230246251565e-16,0,0,0,-1
gmsc,random_forest,68,NumberOfTime60-89DaysPastDueNotWorse,relative_minus_5,-0.05,0.0,0.05,0.14330478155243379,0.14330478155243379,0.0,0.0,0,0,0,-1
gmsc,random_forest,69,NumberOfTime60-89DaysPastDueNotWorse,relative_minus_5,-0.05,0.0,0.05,0.3889070815939389,0.38890708159393883,-5.551115123125783e-17,5.551115123125783e-17,0,0,0,-1
gmsc,random_forest,70,NumberOfTime60-89DaysPastDueNotWorse,relative_minus_5,-0.05,0.0,0.05,0.4193795781899724,0.41937957818997235,-5.551115123125783e-17,5.551115123125783e-17,0,0,0,-1
gmsc,random_forest,71,NumberOfTime60-89DaysPastDueNotWorse,relative_minus_5,-0.05,0.0,0.05,0.17008515516847897,0.17008515516847897,0.0,0.0,0,0,0,-1
gmsc,random_forest,72,NumberOfTime60-89DaysPastDueNotWorse,relative_minus_5,-0.05,0.0,0.05,0.20907874085396658,0.20907874085396658,0.0,0.0,0,0,0,-1
gmsc,random_forest,73,NumberOfTime60-89DaysPastDueNotWorse,relative_minus_5,-0.05,0.0,0.05,0.365051631552107,0.36505163155210696,-5.551115123125783e-17,5.551115123125783e-17,0,0,0,-1
gmsc,random_forest,74,NumberOfTime60-89DaysPastDueNotWorse,relative_minus_5,-0.05,0.0,0.05,0.2065140624206517,0.20651406242065168,-2.7755575615628914e-17,2.7755575615628914e-17,0,0,0,-1
gmsc,random_forest,75,NumberOfTime60-89DaysPastDueNotWorse,relative_minus_5,-0.05,0.0,0.05,0.526646966431903,0.5266469664319029,-1.1102230246251565e-16,1.1102230246251565e-16,1,1,0,-1
gmsc,random_forest,76,NumberOfTime60-89DaysPastDueNotWorse,relative_minus_5,-0.05,0.0,0.05,0.12531638246166502,0.12531638246166496,-5.551115123125783e-17,5.551115123125783e-17,0,0,0,-1
gmsc,random_forest,77,NumberOfTime60-89DaysPastDueNotWorse,relative_minus_5,-0.05,0.0,0.05,0.07799823819062678,0.07799823819062679,1.3877787807814457e-17,1.3877787807814457e-17,0,0,0,-1
gmsc,random_forest,78,NumberOfTime60-89DaysPastDueNotWorse,relative_minus_5,-0.05,0.0,0.05,0.10359585418304888,0.10359585418304888,0.0,0.0,0,0,0,-1
gmsc,random_forest,79,NumberOfTime60-89DaysPastDueNotWorse,relative_minus_5,-0.05,0.0,0.05,0.3455170212556861,0.345517021255686,-1.1102230246251565e-16,1.1102230246251565e-16,0,0,0,-1
gmsc,random_forest,80,NumberOfTime60-89DaysPastDueNotWorse,relative_minus_5,-0.05,0.0,0.05,0.2866632770366475,0.2866632770366474,-1.1102230246251565e-16,1.1102230246251565e-16,0,0,0,-1
gmsc,random_forest,81,NumberOfTime60-89DaysPastDueNotWorse,relative_minus_5,-0.05,0.0,0.05,0.17937720733779408,0.17937720733779405,-2.7755575615628914e-17,2.7755575615628914e-17,0,0,0,-1
gmsc,random_forest,82,NumberOfTime60-89DaysPastDueNotWorse,relative_minus_5,-0.05,0.0,0.05,0.4339743246902932,0.43397432469029323,5.551115123125783e-17,5.551115123125783e-17,0,0,0,-1
gmsc,random_forest,83,NumberOfTime60-89DaysPastDueNotWorse,relative_minus_5,-0.05,0.0,0.05,0.1141917331465753,0.11419173314657527,-2.7755575615628914e-17,2.7755575615628914e-17,0,0,0,-1
gmsc,random_forest,84,NumberOfTime60-89DaysPastDueNotWorse,relative_minus_5,-0.05,0.0,0.05,0.59110890429795,0.5911089042979503,2.220446049250313e-16,2.220446049250313e-16,1,1,0,-1
gmsc,random_forest,85,NumberOfTime60-89DaysPastDueNotWorse,relative_minus_5,-0.05,0.0,0.05,0.10713867731747691,0.10713867731747691,0.0,0.0,0,0,0,-1
gmsc,random_forest,86,NumberOfTime60-89DaysPastDueNotWorse,relative_minus_5,-0.05,0.0,0.05,0.16567388899210891,0.1656738889921089,-2.7755575615628914e-17,2.7755575615628914e-17,0,0,0,-1
gmsc,random_forest,87,NumberOfTime60-89DaysPastDueNotWorse,relative_minus_5,-0.05,0.0,0.05,0.14884578185477607,0.14884578185477607,0.0,0.0,0,0,0,-1
gmsc,random_forest,88,NumberOfTime60-89DaysPastDueNotWorse,relative_minus_5,-0.05,0.0,0.05,0.17254421040384832,0.1725442104038483,-2.7755575615628914e-17,2.7755575615628914e-17,0,0,0,-1
gmsc,random_forest,89,NumberOfTime60-89DaysPastDueNotWorse,relative_minus_5,-0.05,0.0,0.05,0.4356553338681073,0.4356553338681072,-1.1102230246251565e-16,1.1102230246251565e-16,0,0,0,-1
gmsc,random_forest,90,NumberOfTime60-89DaysPastDueNotWorse,relative_minus_5,-0.05,0.0,0.05,0.07549253017751428,0.0754925301775143,1.3877787807814457e-17,1.3877787807814457e-17,0,0,0,-1
gmsc,random_forest,91,NumberOfTime60-89DaysPastDueNotWorse,relative_minus_5,-0.05,0.0,0.05,0.1823130815219747,0.18231308152197467,-2.7755575615628914e-17,2.7755575615628914e-17,0,0,0,-1
gmsc,random_forest,92,NumberOfTime60-89DaysPastDueNotWorse,relative_minus_5,-0.05,0.0,0.05,0.0932513558600773,0.0932513558600773,0.0,0.0,0,0,0,-1
gmsc,random_forest,93,NumberOfTime60-89DaysPastDueNotWorse,relative_minus_5,-0.05,0.0,0.05,0.12998718901704973,0.12998718901704975,2.7755575615628914e-17,2.7755575615628914e-17,0,0,0,-1
gmsc,random_forest,94,NumberOfTime60-89DaysPastDueNotWorse,relative_minus_5,-0.05,0.0,0.05,0.11645345924668923,0.11645345924668926,2.7755575615628914e-17,2.7755575615628914e-17,0,0,0,-1
gmsc,random_forest,95,NumberOfTime60-89DaysPastDueNotWorse,relative_minus_5,-0.05,0.0,0.05,0.18825767339402502,0.18825767339402502,0.0,0.0,0,0,0,-1
gmsc,random_forest,96,NumberOfTime60-89DaysPastDueNotWorse,relative_minus_5,-0.05,0.0,0.05,0.14751307642369796,0.147513076423698,2.7755575615628914e-17,2.7755575615628914e-17,0,0,0,-1
gmsc,random_forest,97,NumberOfTime60-89DaysPastDueNotWorse,relative_minus_5,-0.05,0.0,0.05,0.1601265267080067,0.16012652670800673,2.7755575615628914e-17,2.7755575615628914e-17,0,0,0,-1
gmsc,random_forest,98,NumberOfTime60-89DaysPastDueNotWorse,relative_minus_5,-0.05,0.0,0.05,0.2792883685617908,0.27928836856179073,-5.551115123125783e-17,5.551115123125783e-17,0,0,0,-1
gmsc,random_forest,99,NumberOfTime60-89DaysPastDueNotWorse,relative_minus_5,-0.05,1.0,1.05,0.8587567687347458,0.8587567687347458,0.0,0.0,1,1,0,-1
gmsc,random_forest,0,NumberOfTime60-89DaysPastDueNotWorse,relative_plus_5,0.05,0.0,0.05,0.12448314782663561,0.12448314782663564,2.7755575615628914e-17,2.7755575615628914e-17,0,0,0,-1
gmsc,random_forest,1,NumberOfTime60-89DaysPastDueNotWorse,relative_plus_5,0.05,0.0,0.05,0.12575902714321507,0.12575902714321502,-5.551115123125783e-17,5.551115123125783e-17,0,0,0,-1
gmsc,random_forest,2,NumberOfTime60-89DaysPastDueNotWorse,relative_plus_5,0.05,0.0,0.05,0.07737496123247078,0.07737496123247081,2.7755575615628914e-17,2.7755575615628914e-17,0,0,0,-1
gmsc,random_forest,3,NumberOfTime60-89DaysPastDueNotWorse,relative_plus_5,0.05,0.0,0.05,0.2222470545521674,0.2222470545521674,0.0,0.0,0,0,0,-1
gmsc,random_forest,4,NumberOfTime60-89DaysPastDueNotWorse,relative_plus_5,0.05,0.0,0.05,0.16593632439170214,0.1659363243917021,-2.7755575615628914e-17,2.7755575615628914e-17,0,0,0,-1
gmsc,random_forest,5,NumberOfTime60-89DaysPastDueNotWorse,relative_plus_5,0.05,0.0,0.05,0.20005511957959218,0.2000551195795922,2.7755575615628914e-17,2.7755575615628914e-17,0,0,0,-1
gmsc,random_forest,6,NumberOfTime60-89DaysPastDueNotWorse,relative_plus_5,0.05,0.0,0.05,0.24736845321604625,0.24736845321604634,8.326672684688674e-17,8.326672684688674e-17,0,0,0,-1
gmsc,random_forest,7,NumberOfTime60-89DaysPastDueNotWorse,relative_plus_5,0.05,0.0,0.05,0.2020807786711973,0.20208077867119728,-2.7755575615628914e-17,2.7755575615628914e-17,0,0,0,-1
gmsc,random_forest,8,NumberOfTime60-89DaysPastDueNotWorse,relative_plus_5,0.05,0.0,0.05,0.16030677171113558,0.16030677171113555,-2.7755575615628914e-17,2.7755575615628914e-17,0,0,0,-1
gmsc,random_forest,9,NumberOfTime60-89DaysPastDueNotWorse,relative_plus_5,0.05,0.0,0.05,0.44585372419624947,0.4458537241962496,1.1102230246251565e-16,1.1102230246251565e-16,0,0,0,-1
gmsc,random_forest,10,NumberOfTime60-89DaysPastDueNotWorse,relative_plus_5,0.05,0.0,0.05,0.3047745297393056,0.30477452973930547,-1.1102230246251565e-16,1.1102230246251565e-16,0,0,0,-1
gmsc,random_forest,11,NumberOfTime60-89DaysPastDueNotWorse,relative_plus_5,0.05,0.0,0.05,0.2817436317150431,0.28174363171504313,5.551115123125783e-17,5.551115123125783e-17,0,0,0,-1
gmsc,random_forest,12,NumberOfTime60-89DaysPastDueNotWorse,relative_plus_5,0.05,0.0,0.05,0.07579737355923029,0.0757973735592303,1.3877787807814457e-17,1.3877787807814457e-17,0,0,0,-1
gmsc,random_forest,13,NumberOfTime60-89DaysPastDueNotWorse,relative_plus_5,0.05,0.0,0.05,0.8725178860518772,0.872517886051877,-2.220446049250313e-16,2.220446049250313e-16,1,1,0,-1
gmsc,random_forest,14,NumberOfTime60-89DaysPastDueNotWorse,relative_plus_5,0.05,0.0,0.05,0.39620212705125957,0.3962021270512596,5.551115123125783e-17,5.551115123125783e-17,0,0,0,-1
gmsc,random_forest,15,NumberOfTime60-89DaysPastDueNotWorse,relative_plus_5,0.05,0.0,0.05,0.358132684091735,0.358132684091735,0.0,0.0,0,0,0,-1
gmsc,random_forest,16,NumberOfTime60-89DaysPastDueNotWorse,relative_plus_5,0.05,0.0,0.05,0.4951408704187556,0.4951408704187559,2.7755575615628914e-16,2.7755575615628914e-16,0,0,0,-1
gmsc,random_forest,17,NumberOfTime60-89DaysPastDueNotWorse,relative_plus_5,0.05,0.0,0.05,0.1565391154880974,0.15653911548809735,-5.551115123125783e-17,5.551115123125783e-17,0,0,0,-1
gmsc,random_forest,18,NumberOfTime60-89DaysPastDueNotWorse,relative_plus_5,0.05,0.0,0.05,0.4933265396567783,0.4933265396567782,-1.1102230246251565e-16,1.1102230246251565e-16,0,0,0,-1
gmsc,random_forest,19,NumberOfTime60-89DaysPastDueNotWorse,relative_plus_5,0.05,0.0,0.05,0.33709665441513037,0.3370966544151303,-5.551115123125783e-17,5.551115123125783e-17,0,0,0,-1
gmsc,random_forest,20,NumberOfTime60-89DaysPastDueNotWorse,relative_plus_5,0.05,0.0,0.05,0.125253843611223,0.1252538436112229,-8.326672684688674e-17,8.326672684688674e-17,0,0,0,-1
gmsc,random_forest,21,NumberOfTime60-89DaysPastDueNotWorse,relative_plus_5,0.05,0.0,0.05,0.1384442554842199,0.1384442554842199,0.0,0.0,0,0,0,-1
gmsc,random_forest,22,NumberOfTime60-89DaysPastDueNotWorse,relative_plus_5,0.05,0.0,0.05,0.10721005514231308,0.10721005514231308,0.0,0.0,0,0,0,-1
gmsc,random_forest,23,NumberOfTime60-89DaysPastDueNotWorse,relative_plus_5,0.05,0.0,0.05,0.14155973703643895,0.14155973703643898,2.7755575615628914e-17,2.7755575615628914e-17,0,0,0,-1
gmsc,random_forest,24,NumberOfTime60-89DaysPastDueNotWorse,relative_plus_5,0.05,0.0,0.05,0.08662915786666847,0.08662915786666849,1.3877787807814457e-17,1.3877787807814457e-17,0,0,0,-1
gmsc,random_forest,25,NumberOfTime60-89DaysPastDueNotWorse,relative_plus_5,0.05,0.0,0.05,0.498904333907652,0.49890433390765204,5.551115123125783e-17,5.551115123125783e-17,0,0,0,-1
gmsc,random_forest,26,NumberOfTime60-89DaysPastDueNotWorse,relative_plus_5,0.05,0.0,0.05,0.566313369934525,0.566313369934525,0.0,0.0,1,1,0,-1
gmsc,random_forest,27,NumberOfTime60-89DaysPastDueNotWorse,relative_plus_5,0.05,0.0,0.05,0.1401781194818076,0.14017811948180767,5.551115123125783e-17,5.551115123125783e-17,0,0,0,-1
gmsc,random_forest,28,NumberOfTime60-89DaysPastDueNotWorse,relative_plus_5,0.05,0.0,0.05,0.16169516515611407,0.1616951651561141,2.7755575615628914e-17,2.7755575615628914e-17,0,0,0,-1
gmsc,random_forest,29,NumberOfTime60-89DaysPastDueNotWorse,relative_plus_5,0.05,0.0,0.05,0.10365705573378153,0.10365705573378153,0.0,0.0,0,0,0,-1
gmsc,random_forest,30,NumberOfTime60-89DaysPastDueNotWorse,relative_plus_5,0.05,0.0,0.05,0.23541054599203737,0.23541054599203742,5.551115123125783e-17,5.551115123125783e-17,0,0,0,-1
gmsc,random_forest,31,NumberOfTime60-89DaysPastDueNotWorse,relative_plus_5,0.05,0.0,0.05,0.1471176133232665,0.1471176133232665,0.0,0.0,0,0,0,-1
gmsc,random_forest,32,NumberOfTime60-89DaysPastDueNotWorse,relative_plus_5,0.05,0.0,0.05,0.19156208452759005,0.19156208452759005,0.0,0.0,0,0,0,-1
gmsc,random_forest,33,NumberOfTime60-89DaysPastDueNotWorse,relative_plus_5,0.05,0.0,0.05,0.0986278280958683,0.09862782809586833,2.7755575615628914e-17,2.7755575615628914e-17,0,0,0,-1
gmsc,random_forest,34,NumberOfTime60-89DaysPastDueNotWorse,relative_plus_5,0.05,0.0,0.05,0.6110458318906421,0.6110458318906423,2.220446049250313e-16,2.220446049250313e-16,1,1,0,-1
gmsc,random_forest,35,NumberOfTime60-89DaysPastDueNotWorse,relative_plus_5,0.05,0.0,0.05,0.6296792388822089,0.6296792388822088,-1.1102230246251565e-16,1.1102230246251565e-16,1,1,0,-1
gmsc,random_forest,36,NumberOfTime60-89DaysPastDueNotWorse,relative_plus_5,0.05,0.0,0.05,0.35220418744329696,0.352204187443297,5.551115123125783e-17,5.551115123125783e-17,0,0,0,-1
gmsc,random_forest,37,NumberOfTime60-89DaysPastDueNotWorse,relative_plus_5,0.05,0.0,0.05,0.5127242820218618,0.5127242820218618,0.0,0.0,1,1,0,-1
gmsc,random_forest,38,NumberOfTime60-89DaysPastDueNotWorse,relative_plus_5,0.05,0.0,0.05,0.25511103636130245,0.2551110363613025,5.551115123125783e-17,5.551115123125783e-17,0,0,0,-1
gmsc,random_forest,39,NumberOfTime60-89DaysPastDueNotWorse,relative_plus_5,0.05,0.0,0.05,0.25436458779402354,0.2543645877940236,5.551115123125783e-17,5.551115123125783e-17,0,0,0,-1
gmsc,random_forest,40,NumberOfTime60-89DaysPastDueNotWorse,relative_plus_5,0.05,0.0,0.05,0.15364664040859202,0.15364664040859202,0.0,0.0,0,0,0,-1
gmsc,random_forest,41,NumberOfTime60-89DaysPastDueNotWorse,relative_plus_5,0.05,0.0,0.05,0.21481465988917767,0.21481465988917772,5.551115123125783e-17,5.551115123125783e-17,0,0,0,-1
gmsc,random_forest,42,NumberOfTime60-89DaysPastDueNotWorse,relative_plus_5,0.05,0.0,0.05,0.1501088987333263,0.1501088987333263,0.0,0.0,0,0,0,-1
gmsc,random_forest,43,NumberOfTime60-89DaysPastDueNotWorse,relative_plus_5,0.05,0.0,0.05,0.36253642583455215,0.3625364258345521,-5.551115123125783e-17,5.551115123125783e-17,0,0,0,-1
gmsc,random_forest,44,NumberOfTime60-89DaysPastDueNotWorse,relative_plus_5,0.05,0.0,0.05,0.13721131938118405,0.13721131938118408,2.7755575615628914e-17,2.7755575615628914e-17,0,0,0,-1
gmsc,random_forest,45,NumberOfTime60-89DaysPastDueNotWorse,relative_plus_5,0.05,0.0,0.05,0.1794370938336495,0.17943709383364947,-2.7755575615628914e-17,2.7755575615628914e-17,0,0,0,-1
gmsc,random_forest,46,NumberOfTime60-89DaysPastDueNotWorse,relative_plus_5,0.05,0.0,0.05,0.3159103257559534,0.3159103257559534,0.0,0.0,0,0,0,-1
gmsc,random_forest,47,NumberOfTime60-89DaysPastDueNotWorse,relative_plus_5,0.05,0.0,0.05,0.09990560036967194,0.09990560036967194,0.0,0.0,0,0,0,-1
gmsc,random_forest,48,NumberOfTime60-89DaysPastDueNotWorse,relative_plus_5,0.05,0.0,0.05,0.12714889185513736,0.12714889185513734,-2.7755575615628914e-17,2.7755575615628914e-17,0,0,0,-1
gmsc,random_forest,49,NumberOfTime60-89DaysPastDueNotWorse,relative_plus_5,0.05,0.0,0.05,0.0702107223085158,0.0702107223085158,0.0,0.0,0,0,0,-1
gmsc,random_forest,50,NumberOfTime60-89DaysPastDueNotWorse,relative_plus_5,0.05,0.0,0.05,0.15265829520102106,0.15265829520102112,5.551115123125783e-17,5.551115123125783e-17,0,0,0,-1
gmsc,random_forest,51,NumberOfTime60-89DaysPastDueNotWorse,relative_plus_5,0.05,0.0,0.05,0.2628422782175456,0.2628422782175456,0.0,0.0,0,0,0,-1
gmsc,random_forest,52,NumberOfTime60-89DaysPastDueNotWorse,relative_plus_5,0.05,0.0,0.05,0.07756754455616102,0.07756754455616105,2.7755575615628914e-17,2.7755575615628914e-17,0,0,0,-1
gmsc,random_forest,53,NumberOfTime60-89DaysPastDueNotWorse,relative_plus_5,0.05,1.0,1.05,0.801766334910606,0.8017663349106059,-1.1102230246251565e-16,1.1102230246251565e-16,1,1,0,-1
gmsc,random_forest,54,NumberOfTime60-89DaysPastDueNotWorse,relative_plus_5,0.05,2.0,2.1,0.8582977428532704,0.8582977428532707,2.220446049250313e-16,2.220446049250313e-16,1,1,0,-1
gmsc,random_forest,55,NumberOfTime60-89DaysPastDueNotWorse,relative_plus_5,0.05,0.0,0.05,0.10544807655567226,0.10544807655567227,1.3877787807814457e-17,1.3877787807814457e-17,0,0,0,-1
gmsc,random_forest,56,NumberOfTime60-89DaysPastDueNotWorse,relative_plus_5,0.05,0.0,0.05,0.16614971558636332,0.16614971558636332,0.0,0.0,0,0,0,-1
gmsc,random_forest,57,NumberOfTime60-89DaysPastDueNotWorse,relative_plus_5,0.05,0.0,0.05,0.5819136422191914,0.5819136422191916,2.220446049250313e-16,2.220446049250313e-16,1,1,0,-1
gmsc,random_forest,58,NumberOfTime60-89DaysPastDueNotWorse,relative_plus_5,0.05,0.0,0.05,0.7436704750418504,0.7436704750418505,1.1102230246251565e-16,1.1102230246251565e-16,1,1,0,-1
gmsc,random_forest,59,NumberOfTime60-89DaysPastDueNotWorse,relative_plus_5,0.05,0.0,0.05,0.587090829362347,0.5870908293623471,1.1102230246251565e-16,1.1102230246251565e-16,1,1,0,-1
gmsc,random_forest,60,NumberOfTime60-89DaysPastDueNotWorse,relative_plus_5,0.05,0.0,0.05,0.1649034942951832,0.16490349429518322,2.7755575615628914e-17,2.7755575615628914e-17,0,0,0,-1
gmsc,random_forest,61,NumberOfTime60-89DaysPastDueNotWorse,relative_plus_5,0.05,0.0,0.05,0.2942532697850684,0.2942532697850684,0.0,0.0,0,0,0,-1
gmsc,random_forest,62,NumberOfTime60-89DaysPastDueNotWorse,relative_plus_5,0.05,0.0,0.05,0.5335320712885583,0.5335320712885582,-1.1102230246251565e-16,1.1102230246251565e-16,1,1,0,-1
gmsc,random_forest,63,NumberOfTime60-89DaysPastDueNotWorse,relative_plus_5,0.05,0.0,0.05,0.13289866287150406,0.13289866287150404,-2.7755575615628914e-17,2.7755575615628914e-17,0,0,0,-1
gmsc,random_forest,64,NumberOfTime60-89DaysPastDueNotWorse,relative_plus_5,0.05,0.0,0.05,0.2665313715697186,0.2665313715697187,5.551115123125783e-17,5.551115123125783e-17,0,0,0,-1
gmsc,random_forest,65,NumberOfTime60-89DaysPastDueNotWorse,relative_plus_5,0.05,0.0,0.05,0.5063899923778815,0.5063899923778815,0.0,0.0,1,1,0,-1
gmsc,random_forest,66,NumberOfTime60-89DaysPastDueNotWorse,relative_plus_5,0.05,0.0,0.05,0.1736576827952704,0.1736576827952704,0.0,0.0,0,0,0,-1
gmsc,random_forest,67,NumberOfTime60-89DaysPastDueNotWorse,relative_plus_5,0.05,0.0,0.05,0.4600211443798788,0.4600211443798788,0.0,0.0,0,0,0,-1
gmsc,random_forest,68,NumberOfTime60-89DaysPastDueNotWorse,relative_plus_5,0.05,0.0,0.05,0.14330478155243379,0.14330478155243376,-2.7755575615628914e-17,2.7755575615628914e-17,0,0,0,-1
gmsc,random_forest,69,NumberOfTime60-89DaysPastDueNotWorse,relative_plus_5,0.05,0.0,0.05,0.3889070815939389,0.3889070815939389,0.0,0.0,0,0,0,-1
gmsc,random_forest,70,NumberOfTime60-89DaysPastDueNotWorse,relative_plus_5,0.05,0.0,0.05,0.4193795781899724,0.41937957818997246,5.551115123125783e-17,5.551115123125783e-17,0,0,0,-1
gmsc,random_forest,71,NumberOfTime60-89DaysPastDueNotWorse,relative_plus_5,0.05,0.0,0.05,0.17008515516847897,0.17008515516847897,0.0,0.0,0,0,0,-1
gmsc,random_forest,72,NumberOfTime60-89DaysPastDueNotWorse,relative_plus_5,0.05,0.0,0.05,0.20907874085396658,0.20907874085396658,0.0,0.0,0,0,0,-1
gmsc,random_forest,73,NumberOfTime60-89DaysPastDueNotWorse,relative_plus_5,0.05,0.0,0.05,0.365051631552107,0.365051631552107,0.0,0.0,0,0,0,-1
gmsc,random_forest,74,NumberOfTime60-89DaysPastDueNotWorse,relative_plus_5,0.05,0.0,0.05,0.2065140624206517,0.2065140624206517,0.0,0.0,0,0,0,-1
gmsc,random_forest,75,NumberOfTime60-89DaysPastDueNotWorse,relative_plus_5,0.05,0.0,0.05,0.526646966431903,0.5266469664319029,-1.1102230246251565e-16,1.1102230246251565e-16,1,1,0,-1
gmsc,random_forest,76,NumberOfTime60-89DaysPastDueNotWorse,relative_plus_5,0.05,0.0,0.05,0.12531638246166502,0.125316382461665,-2.7755575615628914e-17,2.7755575615628914e-17,0,0,0,-1
gmsc,random_forest,77,NumberOfTime60-89DaysPastDueNotWorse,relative_plus_5,0.05,0.0,0.05,0.07799823819062678,0.07799823819062679,1.3877787807814457e-17,1.3877787807814457e-17,0,0,0,-1
gmsc,random_forest,78,NumberOfTime60-89DaysPastDueNotWorse,relative_plus_5,0.05,0.0,0.05,0.10359585418304888,0.10359585418304891,2.7755575615628914e-17,2.7755575615628914e-17,0,0,0,-1
gmsc,random_forest,79,NumberOfTime60-89DaysPastDueNotWorse,relative_plus_5,0.05,0.0,0.05,0.3455170212556861,0.345517021255686,-1.1102230246251565e-16,1.1102230246251565e-16,0,0,0,-1
gmsc,random_forest,80,NumberOfTime60-89DaysPastDueNotWorse,relative_plus_5,0.05,0.0,0.05,0.2866632770366475,0.2866632770366475,0.0,0.0,0,0,0,-1
gmsc,random_forest,81,NumberOfTime60-89DaysPastDueNotWorse,relative_plus_5,0.05,0.0,0.05,0.17937720733779408,0.179377207337794,-8.326672684688674e-17,8.326672684688674e-17,0,0,0,-1
gmsc,random_forest,82,NumberOfTime60-89DaysPastDueNotWorse,relative_plus_5,0.05,0.0,0.05,0.4339743246902932,0.43397432469029323,5.551115123125783e-17,5.551115123125783e-17,0,0,0,-1
gmsc,random_forest,83,NumberOfTime60-89DaysPastDueNotWorse,relative_plus_5,0.05,0.0,0.05,0.1141917331465753,0.11419173314657532,2.7755575615628914e-17,2.7755575615628914e-17,0,0,0,-1
gmsc,random_forest,84,NumberOfTime60-89DaysPastDueNotWorse,relative_plus_5,0.05,0.0,0.05,0.59110890429795,0.5911089042979502,1.1102230246251565e-16,1.1102230246251565e-16,1,1,0,-1
gmsc,random_forest,85,NumberOfTime60-89DaysPastDueNotWorse,relative_plus_5,0.05,0.0,0.05,0.10713867731747691,0.10713867731747691,0.0,0.0,0,0,0,-1
gmsc,random_forest,86,NumberOfTime60-89DaysPastDueNotWorse,relative_plus_5,0.05,0.0,0.05,0.16567388899210891,0.1656738889921089,-2.7755575615628914e-17,2.7755575615628914e-17,0,0,0,-1
gmsc,random_forest,87,NumberOfTime60-89DaysPastDueNotWorse,relative_plus_5,0.05,0.0,0.05,0.14884578185477607,0.14884578185477607,0.0,0.0,0,0,0,-1
gmsc,random_forest,88,NumberOfTime60-89DaysPastDueNotWorse,relative_plus_5,0.05,0.0,0.05,0.17254421040384832,0.17254421040384835,2.7755575615628914e-17,2.7755575615628914e-17,0,0,0,-1
gmsc,random_forest,89,NumberOfTime60-89DaysPastDueNotWorse,relative_plus_5,0.05,0.0,0.05,0.4356553338681073,0.4356553338681073,0.0,0.0,0,0,0,-1
gmsc,random_forest,90,NumberOfTime60-89DaysPastDueNotWorse,relative_plus_5,0.05,0.0,0.05,0.07549253017751428,0.07549253017751432,4.163336342344337e-17,4.163336342344337e-17,0,0,0,-1
gmsc,random_forest,91,NumberOfTime60-89DaysPastDueNotWorse,relative_plus_5,0.05,0.0,0.05,0.1823130815219747,0.18231308152197467,-2.7755575615628914e-17,2.7755575615628914e-17,0,0,0,-1
gmsc,random_forest,92,NumberOfTime60-89DaysPastDueNotWorse,relative_plus_5,0.05,0.0,0.05,0.0932513558600773,0.0932513558600773,0.0,0.0,0,0,0,-1
gmsc,random_forest,93,NumberOfTime60-89DaysPastDueNotWorse,relative_plus_5,0.05,0.0,0.05,0.12998718901704973,0.12998718901704975,2.7755575615628914e-17,2.7755575615628914e-17,0,0,0,-1
gmsc,random_forest,94,NumberOfTime60-89DaysPastDueNotWorse,relative_plus_5,0.05,0.0,0.05,0.11645345924668923,0.11645345924668926,2.7755575615628914e-17,2.7755575615628914e-17,0,0,0,-1
gmsc,random_forest,95,NumberOfTime60-89DaysPastDueNotWorse,relative_plus_5,0.05,0.0,0.05,0.18825767339402502,0.18825767339402502,0.0,0.0,0,0,0,-1
gmsc,random_forest,96,NumberOfTime60-89DaysPastDueNotWorse,relative_plus_5,0.05,0.0,0.05,0.14751307642369796,0.147513076423698,2.7755575615628914e-17,2.7755575615628914e-17,0,0,0,-1
gmsc,random_forest,97,NumberOfTime60-89DaysPastDueNotWorse,relative_plus_5,0.05,0.0,0.05,0.1601265267080067,0.1601265267080067,0.0,0.0,0,0,0,-1
gmsc,random_forest,98,NumberOfTime60-89DaysPastDueNotWorse,relative_plus_5,0.05,0.0,0.05,0.2792883685617908,0.27928836856179073,-5.551115123125783e-17,5.551115123125783e-17,0,0,0,-1
gmsc,random_forest,99,NumberOfTime60-89DaysPastDueNotWorse,relative_plus_5,0.05,1.0,1.05,0.8587567687347458,0.8587567687347456,-2.220446049250313e-16,2.220446049250313e-16,1,1,0,-1
gmsc,random_forest,0,NumberOfTime60-89DaysPastDueNotWorse,relative_minus_10,-0.1,0.0,0.1,0.12448314782663561,0.12448314782663567,5.551115123125783e-17,5.551115123125783e-17,0,0,0,-1
gmsc,random_forest,1,NumberOfTime60-89DaysPastDueNotWorse,relative_minus_10,-0.1,0.0,0.1,0.12575902714321507,0.12575902714321507,0.0,0.0,0,0,0,-1
gmsc,random_forest,2,NumberOfTime60-89DaysPastDueNotWorse,relative_minus_10,-0.1,0.0,0.1,0.07737496123247078,0.07737496123247078,0.0,0.0,0,0,0,-1
gmsc,random_forest,3,NumberOfTime60-89DaysPastDueNotWorse,relative_minus_10,-0.1,0.0,0.1,0.2222470545521674,0.22224705455216745,5.551115123125783e-17,5.551115123125783e-17,0,0,0,-1
gmsc,random_forest,4,NumberOfTime60-89DaysPastDueNotWorse,relative_minus_10,-0.1,0.0,0.1,0.16593632439170214,0.16593632439170214,0.0,0.0,0,0,0,-1
gmsc,random_forest,5,NumberOfTime60-89DaysPastDueNotWorse,relative_minus_10,-0.1,0.0,0.1,0.20005511957959218,0.20005511957959218,0.0,0.0,0,0,0,-1
gmsc,random_forest,6,NumberOfTime60-89DaysPastDueNotWorse,relative_minus_10,-0.1,0.0,0.1,0.24736845321604625,0.24736845321604628,2.7755575615628914e-17,2.7755575615628914e-17,0,0,0,-1
gmsc,random_forest,7,NumberOfTime60-89DaysPastDueNotWorse,relative_minus_10,-0.1,0.0,0.1,0.2020807786711973,0.2020807786711973,0.0,0.0,0,0,0,-1
gmsc,random_forest,8,NumberOfTime60-89DaysPastDueNotWorse,relative_minus_10,-0.1,0.0,0.1,0.16030677171113558,0.16030677171113558,0.0,0.0,0,0,0,-1
gmsc,random_forest,9,NumberOfTime60-89DaysPastDueNotWorse,relative_minus_10,-0.1,0.0,0.1,0.44585372419624947,0.44585372419624947,0.0,0.0,0,0,0,-1
gmsc,random_forest,10,NumberOfTime60-89DaysPastDueNotWorse,relative_minus_10,-0.1,0.0,0.1,0.3047745297393056,0.3047745297393056,0.0,0.0,0,0,0,-1
gmsc,random_forest,11,NumberOfTime60-89DaysPastDueNotWorse,relative_minus_10,-0.1,0.0,0.1,0.2817436317150431,0.2817436317150431,0.0,0.0,0,0,0,-1
gmsc,random_forest,12,NumberOfTime60-89DaysPastDueNotWorse,relative_minus_10,-0.1,0.0,0.1,0.07579737355923029,0.07579737355923029,0.0,0.0,0,0,0,-1
gmsc,random_forest,13,NumberOfTime60-89DaysPastDueNotWorse,relative_minus_10,-0.1,0.0,0.1,0.8725178860518772,0.8725178860518774,2.220446049250313e-16,2.220446049250313e-16,1,1,0,-1
gmsc,random_forest,14,NumberOfTime60-89DaysPastDueNotWorse,relative_minus_10,-0.1,0.0,0.1,0.39620212705125957,0.39620212705125957,0.0,0.0,0,0,0,-1
gmsc,random_forest,15,NumberOfTime60-89DaysPastDueNotWorse,relative_minus_10,-0.1,0.0,0.1,0.358132684091735,0.35813268409173493,-5.551115123125783e-17,5.551115123125783e-17,0,0,0,-1
gmsc,random_forest,16,NumberOfTime60-89DaysPastDueNotWorse,relative_minus_10,-0.1,0.0,0.1,0.4951408704187556,0.4951408704187559,2.7755575615628914e-16,2.7755575615628914e-16,0,0,0,-1
gmsc,random_forest,17,NumberOfTime60-89DaysPastDueNotWorse,relative_minus_10,-0.1,0.0,0.1,0.1565391154880974,0.1565391154880974,0.0,0.0,0,0,0,-1
gmsc,random_forest,18,NumberOfTime60-89DaysPastDueNotWorse,relative_minus_10,-0.1,0.0,0.1,0.4933265396567783,0.4933265396567783,0.0,0.0,0,0,0,-1
gmsc,random_forest,19,NumberOfTime60-89DaysPastDueNotWorse,relative_minus_10,-0.1,0.0,0.1,0.33709665441513037,0.33709665441513037,0.0,0.0,0,0,0,-1
gmsc,random_forest,20,NumberOfTime60-89DaysPastDueNotWorse,relative_minus_10,-0.1,0.0,0.1,0.125253843611223,0.1252538436112229,-8.326672684688674e-17,8.326672684688674e-17,0,0,0,-1
gmsc,random_forest,21,NumberOfTime60-89DaysPastDueNotWorse,relative_minus_10,-0.1,0.0,0.1,0.1384442554842199,0.1384442554842199,0.0,0.0,0,0,0,-1
gmsc,random_forest,22,NumberOfTime60-89DaysPastDueNotWorse,relative_minus_10,-0.1,0.0,0.1,0.10721005514231308,0.1072100551423131,2.7755575615628914e-17,2.7755575615628914e-17,0,0,0,-1
gmsc,random_forest,23,NumberOfTime60-89DaysPastDueNotWorse,relative_minus_10,-0.1,0.0,0.1,0.14155973703643895,0.14155973703643898,2.7755575615628914e-17,2.7755575615628914e-17,0,0,0,-1
gmsc,random_forest,24,NumberOfTime60-89DaysPastDueNotWorse,relative_minus_10,-0.1,0.0,0.1,0.08662915786666847,0.0866291578666685,2.7755575615628914e-17,2.7755575615628914e-17,0,0,0,-1
gmsc,random_forest,25,NumberOfTime60-89DaysPastDueNotWorse,relative_minus_10,-0.1,0.0,0.1,0.498904333907652,0.498904333907652,0.0,0.0,0,0,0,-1
gmsc,random_forest,26,NumberOfTime60-89DaysPastDueNotWorse,relative_minus_10,-0.1,0.0,0.1,0.566313369934525,0.566313369934525,0.0,0.0,1,1,0,-1
gmsc,random_forest,27,NumberOfTime60-89DaysPastDueNotWorse,relative_minus_10,-0.1,0.0,0.1,0.1401781194818076,0.14017811948180767,5.551115123125783e-17,5.551115123125783e-17,0,0,0,-1
gmsc,random_forest,28,NumberOfTime60-89DaysPastDueNotWorse,relative_minus_10,-0.1,0.0,0.1,0.16169516515611407,0.1616951651561141,2.7755575615628914e-17,2.7755575615628914e-17,0,0,0,-1
gmsc,random_forest,29,NumberOfTime60-89DaysPastDueNotWorse,relative_minus_10,-0.1,0.0,0.1,0.10365705573378153,0.10365705573378155,1.3877787807814457e-17,1.3877787807814457e-17,0,0,0,-1
gmsc,random_forest,30,NumberOfTime60-89DaysPastDueNotWorse,relative_minus_10,-0.1,0.0,0.1,0.23541054599203737,0.23541054599203737,0.0,0.0,0,0,0,-1
gmsc,random_forest,31,NumberOfTime60-89DaysPastDueNotWorse,relative_minus_10,-0.1,0.0,0.1,0.1471176133232665,0.1471176133232665,0.0,0.0,0,0,0,-1
gmsc,random_forest,32,NumberOfTime60-89DaysPastDueNotWorse,relative_minus_10,-0.1,0.0,0.1,0.19156208452759005,0.19156208452759005,0.0,0.0,0,0,0,-1
gmsc,random_forest,33,NumberOfTime60-89DaysPastDueNotWorse,relative_minus_10,-0.1,0.0,0.1,0.0986278280958683,0.09862782809586829,-1.3877787807814457e-17,1.3877787807814457e-17,0,0,0,-1
gmsc,random_forest,34,NumberOfTime60-89DaysPastDueNotWorse,relative_minus_10,-0.1,0.0,0.1,0.6110458318906421,0.6110458318906422,1.1102230246251565e-16,1.1102230246251565e-16,1,1,0,-1
gmsc,random_forest,35,NumberOfTime60-89DaysPastDueNotWorse,relative_minus_10,-0.1,0.0,0.1,0.6296792388822089,0.6296792388822089,0.0,0.0,1,1,0,-1
gmsc,random_forest,36,NumberOfTime60-89DaysPastDueNotWorse,relative_minus_10,-0.1,0.0,0.1,0.35220418744329696,0.35220418744329696,0.0,0.0,0,0,0,-1
gmsc,random_forest,37,NumberOfTime60-89DaysPastDueNotWorse,relative_minus_10,-0.1,0.0,0.1,0.5127242820218618,0.5127242820218618,0.0,0.0,1,1,0,-1
gmsc,random_forest,38,NumberOfTime60-89DaysPastDueNotWorse,relative_minus_10,-0.1,0.0,0.1,0.25511103636130245,0.25511103636130256,1.1102230246251565e-16,1.1102230246251565e-16,0,0,0,-1
gmsc,random_forest,39,NumberOfTime60-89DaysPastDueNotWorse,relative_minus_10,-0.1,0.0,0.1,0.25436458779402354,0.25436458779402354,0.0,0.0,0,0,0,-1
gmsc,random_forest,40,NumberOfTime60-89DaysPastDueNotWorse,relative_minus_10,-0.1,0.0,0.1,0.15364664040859202,0.15364664040859205,2.7755575615628914e-17,2.7755575615628914e-17,0,0,0,-1
gmsc,random_forest,41,NumberOfTime60-89DaysPastDueNotWorse,relative_minus_10,-0.1,0.0,0.1,0.21481465988917767,0.21481465988917767,0.0,0.0,0,0,0,-1
gmsc,random_forest,42,NumberOfTime60-89DaysPastDueNotWorse,relative_minus_10,-0.1,0.0,0.1,0.1501088987333263,0.1501088987333263,0.0,0.0,0,0,0,-1
gmsc,random_forest,43,NumberOfTime60-89DaysPastDueNotWorse,relative_minus_10,-0.1,0.0,0.1,0.36253642583455215,0.3625364258345521,-5.551115123125783e-17,5.551115123125783e-17,0,0,0,-1
gmsc,random_forest,44,NumberOfTime60-89DaysPastDueNotWorse,relative_minus_10,-0.1,0.0,0.1,0.13721131938118405,0.13721131938118408,2.7755575615628914e-17,2.7755575615628914e-17,0,0,0,-1
gmsc,random_forest,45,NumberOfTime60-89DaysPastDueNotWorse,relative_minus_10,-0.1,0.0,0.1,0.1794370938336495,0.17943709383364942,-8.326672684688674e-17,8.326672684688674e-17,0,0,0,-1
gmsc,random_forest,46,NumberOfTime60-89DaysPastDueNotWorse,relative_minus_10,-0.1,0.0,0.1,0.3159103257559534,0.31591032575595335,-5.551115123125783e-17,5.551115123125783e-17,0,0,0,-1
gmsc,random_forest,47,NumberOfTime60-89DaysPastDueNotWorse,relative_minus_10,-0.1,0.0,0.1,0.09990560036967194,0.09990560036967193,-1.3877787807814457e-17,1.3877787807814457e-17,0,0,0,-1
gmsc,random_forest,48,NumberOfTime60-89DaysPastDueNotWorse,relative_minus_10,-0.1,0.0,0.1,0.12714889185513736,0.12714889185513736,0.0,0.0,0,0,0,-1
gmsc,random_forest,49,NumberOfTime60-89DaysPastDueNotWorse,relative_minus_10,-0.1,0.0,0.1,0.0702107223085158,0.07021072230851581,1.3877787807814457e-17,1.3877787807814457e-17,0,0,0,-1
gmsc,random_forest,50,NumberOfTime60-89DaysPastDueNotWorse,relative_minus_10,-0.1,0.0,0.1,0.15265829520102106,0.1526582952010211,2.7755575615628914e-17,2.7755575615628914e-17,0,0,0,-1
gmsc,random_forest,51,NumberOfTime60-89DaysPastDueNotWorse,relative_minus_10,-0.1,0.0,0.1,0.2628422782175456,0.2628422782175455,-5.551115123125783e-17,5.551115123125783e-17,0,0,0,-1
gmsc,random_forest,52,NumberOfTime60-89DaysPastDueNotWorse,relative_minus_10,-0.1,0.0,0.1,0.07756754455616102,0.07756754455616102,0.0,0.0,0,0,0,-1
gmsc,random_forest,53,NumberOfTime60-89DaysPastDueNotWorse,relative_minus_10,-0.1,1.0,1.1,0.801766334910606,0.8017663349106061,1.1102230246251565e-16,1.1102230246251565e-16,1,1,0,-1
gmsc,random_forest,54,NumberOfTime60-89DaysPastDueNotWorse,relative_minus_10,-0.1,2.0,2.2,0.8582977428532704,0.8582977428532707,2.220446049250313e-16,2.220446049250313e-16,1,1,0,-1
gmsc,random_forest,55,NumberOfTime60-89DaysPastDueNotWorse,relative_minus_10,-0.1,0.0,0.1,0.10544807655567226,0.10544807655567226,0.0,0.0,0,0,0,-1
gmsc,random_forest,56,NumberOfTime60-89DaysPastDueNotWorse,relative_minus_10,-0.1,0.0,0.1,0.16614971558636332,0.16614971558636335,2.7755575615628914e-17,2.7755575615628914e-17,0,0,0,-1
gmsc,random_forest,57,NumberOfTime60-89DaysPastDueNotWorse,relative_minus_10,-0.1,0.0,0.1,0.5819136422191914,0.5819136422191915,1.1102230246251565e-16,1.1102230246251565e-16,1,1,0,-1
gmsc,random_forest,58,NumberOfTime60-89DaysPastDueNotWorse,relative_minus_10,-0.1,0.0,0.1,0.7436704750418504,0.7436704750418504,0.0,0.0,1,1,0,-1
gmsc,random_forest,59,NumberOfTime60-89DaysPastDueNotWorse,relative_minus_10,-0.1,0.0,0.1,0.587090829362347,0.5870908293623472,2.220446049250313e-16,2.220446049250313e-16,1,1,0,-1
gmsc,random_forest,60,NumberOfTime60-89DaysPastDueNotWorse,relative_minus_10,-0.1,0.0,0.1,0.1649034942951832,0.1649034942951832,0.0,0.0,0,0,0,-1
gmsc,random_forest,61,NumberOfTime60-89DaysPastDueNotWorse,relative_minus_10,-0.1,0.0,0.1,0.2942532697850684,0.29425326978506827,-1.1102230246251565e-16,1.1102230246251565e-16,0,0,0,-1
gmsc,random_forest,62,NumberOfTime60-89DaysPastDueNotWorse,relative_minus_10,-0.1,0.0,0.1,0.5335320712885583,0.5335320712885582,-1.1102230246251565e-16,1.1102230246251565e-16,1,1,0,-1
gmsc,random_forest,63,NumberOfTime60-89DaysPastDueNotWorse,relative_minus_10,-0.1,0.0,0.1,0.13289866287150406,0.132898662871504,-5.551115123125783e-17,5.551115123125783e-17,0,0,0,-1
gmsc,random_forest,64,NumberOfTime60-89DaysPastDueNotWorse,relative_minus_10,-0.1,0.0,0.1,0.2665313715697186,0.2665313715697187,5.551115123125783e-17,5.551115123125783e-17,0,0,0,-1
gmsc,random_forest,65,NumberOfTime60-89DaysPastDueNotWorse,relative_minus_10,-0.1,0.0,0.1,0.5063899923778815,0.5063899923778815,0.0,0.0,1,1,0,-1
gmsc,random_forest,66,NumberOfTime60-89DaysPastDueNotWorse,relative_minus_10,-0.1,0.0,0.1,0.1736576827952704,0.1736576827952705,8.326672684688674e-17,8.326672684688674e-17,0,0,0,-1
gmsc,random_forest,67,NumberOfTime60-89DaysPastDueNotWorse,relative_minus_10,-0.1,0.0,0.1,0.4600211443798788,0.4600211443798788,0.0,0.0,0,0,0,-1
gmsc,random_forest,68,NumberOfTime60-89DaysPastDueNotWorse,relative_minus_10,-0.1,0.0,0.1,0.14330478155243379,0.14330478155243379,0.0,0.0,0,0,0,-1
gmsc,random_forest,69,NumberOfTime60-89DaysPastDueNotWorse,relative_minus_10,-0.1,0.0,0.1,0.3889070815939389,0.3889070815939389,0.0,0.0,0,0,0,-1
gmsc,random_forest,70,NumberOfTime60-89DaysPastDueNotWorse,relative_minus_10,-0.1,0.0,0.1,0.4193795781899724,0.4193795781899724,0.0,0.0,0,0,0,-1
gmsc,random_forest,71,NumberOfTime60-89DaysPastDueNotWorse,relative_minus_10,-0.1,0.0,0.1,0.17008515516847897,0.17008515516847897,0.0,0.0,0,0,0,-1
gmsc,random_forest,72,NumberOfTime60-89DaysPastDueNotWorse,relative_minus_10,-0.1,0.0,0.1,0.20907874085396658,0.20907874085396658,0.0,0.0,0,0,0,-1
gmsc,random_forest,73,NumberOfTime60-89DaysPastDueNotWorse,relative_minus_10,-0.1,0.0,0.1,0.365051631552107,0.3650516315521069,-1.1102230246251565e-16,1.1102230246251565e-16,0,0,0,-1
gmsc,random_forest,74,NumberOfTime60-89DaysPastDueNotWorse,relative_minus_10,-0.1,0.0,0.1,0.2065140624206517,0.2065140624206517,0.0,0.0,0,0,0,-1
gmsc,random_forest,75,NumberOfTime60-89DaysPastDueNotWorse,relative_minus_10,-0.1,0.0,0.1,0.526646966431903,0.5266469664319029,-1.1102230246251565e-16,1.1102230246251565e-16,1,1,0,-1
gmsc,random_forest,76,NumberOfTime60-89DaysPastDueNotWorse,relative_minus_10,-0.1,0.0,0.1,0.12531638246166502,0.12531638246166502,0.0,0.0,0,0,0,-1
gmsc,random_forest,77,NumberOfTime60-89DaysPastDueNotWorse,relative_minus_10,-0.1,0.0,0.1,0.07799823819062678,0.07799823819062679,1.3877787807814457e-17,1.3877787807814457e-17,0,0,0,-1
gmsc,random_forest,78,NumberOfTime60-89DaysPastDueNotWorse,relative_minus_10,-0.1,0.0,0.1,0.10359585418304888,0.10359585418304888,0.0,0.0,0,0,0,-1
gmsc,random_forest,79,NumberOfTime60-89DaysPastDueNotWorse,relative_minus_10,-0.1,0.0,0.1,0.3455170212556861,0.345517021255686,-1.1102230246251565e-16,1.1102230246251565e-16,0,0,0,-1
gmsc,random_forest,80,NumberOfTime60-89DaysPastDueNotWorse,relative_minus_10,-0.1,0.0,0.1,0.2866632770366475,0.28666327703664746,-5.551115123125783e-17,5.551115123125783e-17,0,0,0,-1
gmsc,random_forest,81,NumberOfTime60-89DaysPastDueNotWorse,relative_minus_10,-0.1,0.0,0.1,0.17937720733779408,0.17937720733779408,0.0,0.0,0,0,0,-1
gmsc,random_forest,82,NumberOfTime60-89DaysPastDueNotWorse,relative_minus_10,-0.1,0.0,0.1,0.4339743246902932,0.43397432469029323,5.551115123125783e-17,5.551115123125783e-17,0,0,0,-1
gmsc,random_forest,83,NumberOfTime60-89DaysPastDueNotWorse,relative_minus_10,-0.1,0.0,0.1,0.1141917331465753,0.11419173314657527,-2.7755575615628914e-17,2.7755575615628914e-17,0,0,0,-1
gmsc,random_forest,84,NumberOfTime60-89DaysPastDueNotWorse,relative_minus_10,-0.1,0.0,0.1,0.59110890429795,0.5911089042979503,2.220446049250313e-16,2.220446049250313e-16,1,1,0,-1
gmsc,random_forest,85,NumberOfTime60-89DaysPastDueNotWorse,relative_minus_10,-0.1,0.0,0.1,0.10713867731747691,0.10713867731747691,0.0,0.0,0,0,0,-1
gmsc,random_forest,86,NumberOfTime60-89DaysPastDueNotWorse,relative_minus_10,-0.1,0.0,0.1,0.16567388899210891,0.16567388899210886,-5.551115123125783e-17,5.551115123125783e-17,0,0,0,-1
gmsc,random_forest,87,NumberOfTime60-89DaysPastDueNotWorse,relative_minus_10,-0.1,0.0,0.1,0.14884578185477607,0.14884578185477607,0.0,0.0,0,0,0,-1
gmsc,random_forest,88,NumberOfTime60-89DaysPastDueNotWorse,relative_minus_10,-0.1,0.0,0.1,0.17254421040384832,0.17254421040384832,0.0,0.0,0,0,0,-1
gmsc,random_forest,89,NumberOfTime60-89DaysPastDueNotWorse,relative_minus_10,-0.1,0.0,0.1,0.4356553338681073,0.4356553338681072,-1.1102230246251565e-16,1.1102230246251565e-16,0,0,0,-1
gmsc,random_forest,90,NumberOfTime60-89DaysPastDueNotWorse,relative_minus_10,-0.1,0.0,0.1,0.07549253017751428,0.07549253017751428,0.0,0.0,0,0,0,-1
gmsc,random_forest,91,NumberOfTime60-89DaysPastDueNotWorse,relative_minus_10,-0.1,0.0,0.1,0.1823130815219747,0.18231308152197467,-2.7755575615628914e-17,2.7755575615628914e-17,0,0,0,-1
gmsc,random_forest,92,NumberOfTime60-89DaysPastDueNotWorse,relative_minus_10,-0.1,0.0,0.1,0.0932513558600773,0.09325135586007728,-1.3877787807814457e-17,1.3877787807814457e-17,0,0,0,-1
gmsc,random_forest,93,NumberOfTime60-89DaysPastDueNotWorse,relative_minus_10,-0.1,0.0,0.1,0.12998718901704973,0.12998718901704975,2.7755575615628914e-17,2.7755575615628914e-17,0,0,0,-1
gmsc,random_forest,94,NumberOfTime60-89DaysPastDueNotWorse,relative_minus_10,-0.1,0.0,0.1,0.11645345924668923,0.1164534592466893,6.938893903907228e-17,6.938893903907228e-17,0,0,0,-1
gmsc,random_forest,95,NumberOfTime60-89DaysPastDueNotWorse,relative_minus_10,-0.1,0.0,0.1,0.18825767339402502,0.18825767339402502,0.0,0.0,0,0,0,-1
gmsc,random_forest,96,NumberOfTime60-89DaysPastDueNotWorse,relative_minus_10,-0.1,0.0,0.1,0.14751307642369796,0.14751307642369796,0.0,0.0,0,0,0,-1
gmsc,random_forest,97,NumberOfTime60-89DaysPastDueNotWorse,relative_minus_10,-0.1,0.0,0.1,0.1601265267080067,0.16012652670800673,2.7755575615628914e-17,2.7755575615628914e-17,0,0,0,-1
gmsc,random_forest,98,NumberOfTime60-89DaysPastDueNotWorse,relative_minus_10,-0.1,0.0,0.1,0.2792883685617908,0.2792883685617907,-1.1102230246251565e-16,1.1102230246251565e-16,0,0,0,-1
gmsc,random_forest,99,NumberOfTime60-89DaysPastDueNotWorse,relative_minus_10,-0.1,1.0,1.1,0.8587567687347458,0.8587567687347458,0.0,0.0,1,1,0,-1
gmsc,random_forest,0,NumberOfTime60-89DaysPastDueNotWorse,relative_plus_10,0.1,0.0,0.1,0.12448314782663561,0.12448314782663567,5.551115123125783e-17,5.551115123125783e-17,0,0,0,-1
gmsc,random_forest,1,NumberOfTime60-89DaysPastDueNotWorse,relative_plus_10,0.1,0.0,0.1,0.12575902714321507,0.12575902714321505,-2.7755575615628914e-17,2.7755575615628914e-17,0,0,0,-1
gmsc,random_forest,2,NumberOfTime60-89DaysPastDueNotWorse,relative_plus_10,0.1,0.0,0.1,0.07737496123247078,0.07737496123247081,2.7755575615628914e-17,2.7755575615628914e-17,0,0,0,-1
gmsc,random_forest,3,NumberOfTime60-89DaysPastDueNotWorse,relative_plus_10,0.1,0.0,0.1,0.2222470545521674,0.2222470545521675,1.1102230246251565e-16,1.1102230246251565e-16,0,0,0,-1
gmsc,random_forest,4,NumberOfTime60-89DaysPastDueNotWorse,relative_plus_10,0.1,0.0,0.1,0.16593632439170214,0.16593632439170214,0.0,0.0,0,0,0,-1
gmsc,random_forest,5,NumberOfTime60-89DaysPastDueNotWorse,relative_plus_10,0.1,0.0,0.1,0.20005511957959218,0.20005511957959218,0.0,0.0,0,0,0,-1
gmsc,random_forest,6,NumberOfTime60-89DaysPastDueNotWorse,relative_plus_10,0.1,0.0,0.1,0.24736845321604625,0.24736845321604625,0.0,0.0,0,0,0,-1
gmsc,random_forest,7,NumberOfTime60-89DaysPastDueNotWorse,relative_plus_10,0.1,0.0,0.1,0.2020807786711973,0.20208077867119728,-2.7755575615628914e-17,2.7755575615628914e-17,0,0,0,-1
gmsc,random_forest,8,NumberOfTime60-89DaysPastDueNotWorse,relative_plus_10,0.1,0.0,0.1,0.16030677171113558,0.16030677171113558,0.0,0.0,0,0,0,-1
gmsc,random_forest,9,NumberOfTime60-89DaysPastDueNotWorse,relative_plus_10,0.1,0.0,0.1,0.44585372419624947,0.44585372419624947,0.0,0.0,0,0,0,-1
gmsc,random_forest,10,NumberOfTime60-89DaysPastDueNotWorse,relative_plus_10,0.1,0.0,0.1,0.3047745297393056,0.30477452973930547,-1.1102230246251565e-16,1.1102230246251565e-16,0,0,0,-1
gmsc,random_forest,11,NumberOfTime60-89DaysPastDueNotWorse,relative_plus_10,0.1,0.0,0.1,0.2817436317150431,0.2817436317150431,0.0,0.0,0,0,0,-1
gmsc,random_forest,12,NumberOfTime60-89DaysPastDueNotWorse,relative_plus_10,0.1,0.0,0.1,0.07579737355923029,0.0757973735592303,1.3877787807814457e-17,1.3877787807814457e-17,0,0,0,-1
gmsc,random_forest,13,NumberOfTime60-89DaysPastDueNotWorse,relative_plus_10,0.1,0.0,0.1,0.8725178860518772,0.872517886051877,-2.220446049250313e-16,2.220446049250313e-16,1,1,0,-1
gmsc,random_forest,14,NumberOfTime60-89DaysPastDueNotWorse,relative_plus_10,0.1,0.0,0.1,0.39620212705125957,0.3962021270512596,5.551115123125783e-17,5.551115123125783e-17,0,0,0,-1
gmsc,random_forest,15,NumberOfTime60-89DaysPastDueNotWorse,relative_plus_10,0.1,0.0,0.1,0.358132684091735,0.3581326840917349,-1.1102230246251565e-16,1.1102230246251565e-16,0,0,0,-1
gmsc,random_forest,16,NumberOfTime60-89DaysPastDueNotWorse,relative_plus_10,0.1,0.0,0.1,0.4951408704187556,0.4951408704187559,2.7755575615628914e-16,2.7755575615628914e-16,0,0,0,-1
gmsc,random_forest,17,NumberOfTime60-89DaysPastDueNotWorse,relative_plus_10,0.1,0.0,0.1,0.1565391154880974,0.15653911548809737,-2.7755575615628914e-17,2.7755575615628914e-17,0,0,0,-1
gmsc,random_forest,18,NumberOfTime60-89DaysPastDueNotWorse,relative_plus_10,0.1,0.0,0.1,0.4933265396567783,0.4933265396567782,-1.1102230246251565e-16,1.1102230246251565e-16,0,0,0,-1
gmsc,random_forest,19,NumberOfTime60-89DaysPastDueNotWorse,relative_plus_10,0.1,0.0,0.1,0.33709665441513037,0.3370966544151303,-5.551115123125783e-17,5.551115123125783e-17,0,0,0,-1
gmsc,random_forest,20,NumberOfTime60-89DaysPastDueNotWorse,relative_plus_10,0.1,0.0,0.1,0.125253843611223,0.125253843611223,0.0,0.0,0,0,0,-1
gmsc,random_forest,21,NumberOfTime60-89DaysPastDueNotWorse,relative_plus_10,0.1,0.0,0.1,0.1384442554842199,0.13844425548421987,-2.7755575615628914e-17,2.7755575615628914e-17,0,0,0,-1
gmsc,random_forest,22,NumberOfTime60-89DaysPastDueNotWorse,relative_plus_10,0.1,0.0,0.1,0.10721005514231308,0.10721005514231308,0.0,0.0,0,0,0,-1
gmsc,random_forest,23,NumberOfTime60-89DaysPastDueNotWorse,relative_plus_10,0.1,0.0,0.1,0.14155973703643895,0.14155973703643898,2.7755575615628914e-17,2.7755575615628914e-17,0,0,0,-1
gmsc,random_forest,24,NumberOfTime60-89DaysPastDueNotWorse,relative_plus_10,0.1,0.0,0.1,0.08662915786666847,0.08662915786666846,-1.3877787807814457e-17,1.3877787807814457e-17,0,0,0,-1
gmsc,random_forest,25,NumberOfTime60-89DaysPastDueNotWorse,relative_plus_10,0.1,0.0,0.1,0.498904333907652,0.498904333907652,0.0,0.0,0,0,0,-1
gmsc,random_forest,26,NumberOfTime60-89DaysPastDueNotWorse,relative_plus_10,0.1,0.0,0.1,0.566313369934525,0.566313369934525,0.0,0.0,1,1,0,-1
gmsc,random_forest,27,NumberOfTime60-89DaysPastDueNotWorse,relative_plus_10,0.1,0.0,0.1,0.1401781194818076,0.1401781194818077,8.326672684688674e-17,8.326672684688674e-17,0,0,0,-1
gmsc,random_forest,28,NumberOfTime60-89DaysPastDueNotWorse,relative_plus_10,0.1,0.0,0.1,0.16169516515611407,0.16169516515611407,0.0,0.0,0,0,0,-1
gmsc,random_forest,29,NumberOfTime60-89DaysPastDueNotWorse,relative_plus_10,0.1,0.0,0.1,0.10365705573378153,0.10365705573378153,0.0,0.0,0,0,0,-1
gmsc,random_forest,30,NumberOfTime60-89DaysPastDueNotWorse,relative_plus_10,0.1,0.0,0.1,0.23541054599203737,0.23541054599203742,5.551115123125783e-17,5.551115123125783e-17,0,0,0,-1
gmsc,random_forest,31,NumberOfTime60-89DaysPastDueNotWorse,relative_plus_10,0.1,0.0,0.1,0.1471176133232665,0.14711761332326653,2.7755575615628914e-17,2.7755575615628914e-17,0,0,0,-1
gmsc,random_forest,32,NumberOfTime60-89DaysPastDueNotWorse,relative_plus_10,0.1,0.0,0.1,0.19156208452759005,0.19156208452759008,2.7755575615628914e-17,2.7755575615628914e-17,0,0,0,-1
gmsc,random_forest,33,NumberOfTime60-89DaysPastDueNotWorse,relative_plus_10,0.1,0.0,0.1,0.0986278280958683,0.0986278280958683,0.0,0.0,0,0,0,-1
gmsc,random_forest,34,NumberOfTime60-89DaysPastDueNotWorse,relative_plus_10,0.1,0.0,0.1,0.6110458318906421,0.6110458318906423,2.220446049250313e-16,2.220446049250313e-16,1,1,0,-1
gmsc,random_forest,35,NumberOfTime60-89DaysPastDueNotWorse,relative_plus_10,0.1,0.0,0.1,0.6296792388822089,0.6296792388822088,-1.1102230246251565e-16,1.1102230246251565e-16,1,1,0,-1
gmsc,random_forest,36,NumberOfTime60-89DaysPastDueNotWorse,relative_plus_10,0.1,0.0,0.1,0.35220418744329696,0.3522041874432969,-5.551115123125783e-17,5.551115123125783e-17,0,0,0,-1
gmsc,random_forest,37,NumberOfTime60-89DaysPastDueNotWorse,relative_plus_10,0.1,0.0,0.1,0.5127242820218618,0.5127242820218618,0.0,0.0,1,1,0,-1
gmsc,random_forest,38,NumberOfTime60-89DaysPastDueNotWorse,relative_plus_10,0.1,0.0,0.1,0.25511103636130245,0.2551110363613025,5.551115123125783e-17,5.551115123125783e-17,0,0,0,-1
gmsc,random_forest,39,NumberOfTime60-89DaysPastDueNotWorse,relative_plus_10,0.1,0.0,0.1,0.25436458779402354,0.2543645877940236,5.551115123125783e-17,5.551115123125783e-17,0,0,0,-1
gmsc,random_forest,40,NumberOfTime60-89DaysPastDueNotWorse,relative_plus_10,0.1,0.0,0.1,0.15364664040859202,0.15364664040859202,0.0,0.0,0,0,0,-1
gmsc,random_forest,41,NumberOfTime60-89DaysPastDueNotWorse,relative_plus_10,0.1,0.0,0.1,0.21481465988917767,0.21481465988917772,5.551115123125783e-17,5.551115123125783e-17,0,0,0,-1
gmsc,random_forest,42,NumberOfTime60-89DaysPastDueNotWorse,relative_plus_10,0.1,0.0,0.1,0.1501088987333263,0.15010889873332633,2.7755575615628914e-17,2.7755575615628914e-17,0,0,0,-1
gmsc,random_forest,43,NumberOfTime60-89DaysPastDueNotWorse,relative_plus_10,0.1,0.0,0.1,0.36253642583455215,0.36253642583455203,-1.1102230246251565e-16,1.1102230246251565e-16,0,0,0,-1
gmsc,random_forest,44,NumberOfTime60-89DaysPastDueNotWorse,relative_plus_10,0.1,0.0,0.1,0.13721131938118405,0.1372113193811841,5.551115123125783e-17,5.551115123125783e-17,0,0,0,-1
gmsc,random_forest,45,NumberOfTime60-89DaysPastDueNotWorse,relative_plus_10,0.1,0.0,0.1,0.1794370938336495,0.17943709383364947,-2.7755575615628914e-17,2.7755575615628914e-17,0,0,0,-1
gmsc,random_forest,46,NumberOfTime60-89DaysPastDueNotWorse,relative_plus_10,0.1,0.0,0.1,0.3159103257559534,0.3159103257559534,0.0,0.0,0,0,0,-1
gmsc,random_forest,47,NumberOfTime60-89DaysPastDueNotWorse,relative_plus_10,0.1,0.0,0.1,0.09990560036967194,0.09990560036967193,-1.3877787807814457e-17,1.3877787807814457e-17,0,0,0,-1
gmsc,random_forest,48,NumberOfTime60-89DaysPastDueNotWorse,relative_plus_10,0.1,0.0,0.1,0.12714889185513736,0.12714889185513736,0.0,0.0,0,0,0,-1
gmsc,random_forest,49,NumberOfTime60-89DaysPastDueNotWorse,relative_plus_10,0.1,0.0,0.1,0.0702107223085158,0.07021072230851579,-1.3877787807814457e-17,1.3877787807814457e-17,0,0,0,-1
gmsc,random_forest,50,NumberOfTime60-89DaysPastDueNotWorse,relative_plus_10,0.1,0.0,0.1,0.15265829520102106,0.15265829520102112,5.551115123125783e-17,5.551115123125783e-17,0,0,0,-1
gmsc,random_forest,51,NumberOfTime60-89DaysPastDueNotWorse,relative_plus_10,0.1,0.0,0.1,0.2628422782175456,0.2628422782175456,0.0,0.0,0,0,0,-1
gmsc,random_forest,52,NumberOfTime60-89DaysPastDueNotWorse,relative_plus_10,0.1,0.0,0.1,0.07756754455616102,0.07756754455616106,4.163336342344337e-17,4.163336342344337e-17,0,0,0,-1
gmsc,random_forest,53,NumberOfTime60-89DaysPastDueNotWorse,relative_plus_10,0.1,1.0,1.1,0.801766334910606,0.801766334910606,0.0,0.0,1,1,0,-1
gmsc,random_forest,54,NumberOfTime60-89DaysPastDueNotWorse,relative_plus_10,0.1,2.0,2.2,0.8582977428532704,0.8582977428532704,0.0,0.0,1,1,0,-1
gmsc,random_forest,55,NumberOfTime60-89DaysPastDueNotWorse,relative_plus_10,0.1,0.0,0.1,0.10544807655567226,0.10544807655567226,0.0,0.0,0,0,0,-1
gmsc,random_forest,56,NumberOfTime60-89DaysPastDueNotWorse,relative_plus_10,0.1,0.0,0.1,0.16614971558636332,0.16614971558636332,0.0,0.0,0,0,0,-1
gmsc,random_forest,57,NumberOfTime60-89DaysPastDueNotWorse,relative_plus_10,0.1,0.0,0.1,0.5819136422191914,0.5819136422191914,0.0,0.0,1,1,0,-1
gmsc,random_forest,58,NumberOfTime60-89DaysPastDueNotWorse,relative_plus_10,0.1,0.0,0.1,0.7436704750418504,0.7436704750418504,0.0,0.0,1,1,0,-1
gmsc,random_forest,59,NumberOfTime60-89DaysPastDueNotWorse,relative_plus_10,0.1,0.0,0.1,0.587090829362347,0.5870908293623472,2.220446049250313e-16,2.220446049250313e-16,1,1,0,-1
gmsc,random_forest,60,NumberOfTime60-89DaysPastDueNotWorse,relative_plus_10,0.1,0.0,0.1,0.1649034942951832,0.1649034942951832,0.0,0.0,0,0,0,-1
gmsc,random_forest,61,NumberOfTime60-89DaysPastDueNotWorse,relative_plus_10,0.1,0.0,0.1,0.2942532697850684,0.29425326978506827,-1.1102230246251565e-16,1.1102230246251565e-16,0,0,0,-1
gmsc,random_forest,62,NumberOfTime60-89DaysPastDueNotWorse,relative_plus_10,0.1,0.0,0.1,0.5335320712885583,0.5335320712885581,-2.220446049250313e-16,2.220446049250313e-16,1,1,0,-1
gmsc,random_forest,63,NumberOfTime60-89DaysPastDueNotWorse,relative_plus_10,0.1,0.0,0.1,0.13289866287150406,0.13289866287150406,0.0,0.0,0,0,0,-1
gmsc,random_forest,64,NumberOfTime60-89DaysPastDueNotWorse,relative_plus_10,0.1,0.0,0.1,0.2665313715697186,0.26653137156971857,-5.551115123125783e-17,5.551115123125783e-17,0,0,0,-1
gmsc,random_forest,65,NumberOfTime60-89DaysPastDueNotWorse,relative_plus_10,0.1,0.0,0.1,0.5063899923778815,0.5063899923778815,0.0,0.0,1,1,0,-1
gmsc,random_forest,66,NumberOfTime60-89DaysPastDueNotWorse,relative_plus_10,0.1,0.0,0.1,0.1736576827952704,0.17365768279527047,5.551115123125783e-17,5.551115123125783e-17,0,0,0,-1
gmsc,random_forest,67,NumberOfTime60-89DaysPastDueNotWorse,relative_plus_10,0.1,0.0,0.1,0.4600211443798788,0.4600211443798788,0.0,0.0,0,0,0,-1
gmsc,random_forest,68,NumberOfTime60-89DaysPastDueNotWorse,relative_plus_10,0.1,0.0,0.1,0.14330478155243379,0.14330478155243379,0.0,0.0,0,0,0,-1
gmsc,random_forest,69,NumberOfTime60-89DaysPastDueNotWorse,relative_plus_10,0.1,0.0,0.1,0.3889070815939389,0.3889070815939388,-1.1102230246251565e-16,1.1102230246251565e-16,0,0,0,-1
gmsc,random_forest,70,NumberOfTime60-89DaysPastDueNotWorse,relative_plus_10,0.1,0.0,0.1,0.4193795781899724,0.41937957818997246,5.551115123125783e-17,5.551115123125783e-17,0,0,0,-1
gmsc,random_forest,71,NumberOfTime60-89DaysPastDueNotWorse,relative_plus_10,0.1,0.0,0.1,0.17008515516847897,0.17008515516847897,0.0,0.0,0,0,0,-1
gmsc,random_forest,72,NumberOfTime60-89DaysPastDueNotWorse,relative_plus_10,0.1,0.0,0.1,0.20907874085396658,0.20907874085396658,0.0,0.0,0,0,0,-1
gmsc,random_forest,73,NumberOfTime60-89DaysPastDueNotWorse,relative_plus_10,0.1,0.0,0.1,0.365051631552107,0.36505163155210707,5.551115123125783e-17,5.551115123125783e-17,0,0,0,-1
gmsc,random_forest,74,NumberOfTime60-89DaysPastDueNotWorse,relative_plus_10,0.1,0.0,0.1,0.2065140624206517,0.20651406242065173,2.7755575615628914e-17,2.7755575615628914e-17,0,0,0,-1
gmsc,random_forest,75,NumberOfTime60-89DaysPastDueNotWorse,relative_plus_10,0.1,0.0,0.1,0.526646966431903,0.5266469664319029,-1.1102230246251565e-16,1.1102230246251565e-16,1,1,0,-1
gmsc,random_forest,76,NumberOfTime60-89DaysPastDueNotWorse,relative_plus_10,0.1,0.0,0.1,0.12531638246166502,0.12531638246166502,0.0,0.0,0,0,0,-1
gmsc,random_forest,77,NumberOfTime60-89DaysPastDueNotWorse,relative_plus_10,0.1,0.0,0.1,0.07799823819062678,0.07799823819062679,1.3877787807814457e-17,1.3877787807814457e-17,0,0,0,-1
gmsc,random_forest,78,NumberOfTime60-89DaysPastDueNotWorse,relative_plus_10,0.1,0.0,0.1,0.10359585418304888,0.10359585418304887,-1.3877787807814457e-17,1.3877787807814457e-17,0,0,0,-1
gmsc,random_forest,79,NumberOfTime60-89DaysPastDueNotWorse,relative_plus_10,0.1,0.0,0.1,0.3455170212556861,0.345517021255686,-1.1102230246251565e-16,1.1102230246251565e-16,0,0,0,-1
gmsc,random_forest,80,NumberOfTime60-89DaysPastDueNotWorse,relative_plus_10,0.1,0.0,0.1,0.2866632770366475,0.28666327703664746,-5.551115123125783e-17,5.551115123125783e-17,0,0,0,-1
gmsc,random_forest,81,NumberOfTime60-89DaysPastDueNotWorse,relative_plus_10,0.1,0.0,0.1,0.17937720733779408,0.179377207337794,-8.326672684688674e-17,8.326672684688674e-17,0,0,0,-1
gmsc,random_forest,82,NumberOfTime60-89DaysPastDueNotWorse,relative_plus_10,0.1,0.0,0.1,0.4339743246902932,0.4339743246902932,0.0,0.0,0,0,0,-1
gmsc,random_forest,83,NumberOfTime60-89DaysPastDueNotWorse,relative_plus_10,0.1,0.0,0.1,0.1141917331465753,0.1141917331465753,0.0,0.0,0,0,0,-1
gmsc,random_forest,84,NumberOfTime60-89DaysPastDueNotWorse,relative_plus_10,0.1,0.0,0.1,0.59110890429795,0.5911089042979503,2.220446049250313e-16,2.220446049250313e-16,1,1,0,-1
gmsc,random_forest,85,NumberOfTime60-89DaysPastDueNotWorse,relative_plus_10,0.1,0.0,0.1,0.10713867731747691,0.10713867731747691,0.0,0.0,0,0,0,-1
gmsc,random_forest,86,NumberOfTime60-89DaysPastDueNotWorse,relative_plus_10,0.1,0.0,0.1,0.16567388899210891,0.1656738889921089,-2.7755575615628914e-17,2.7755575615628914e-17,0,0,0,-1
gmsc,random_forest,87,NumberOfTime60-89DaysPastDueNotWorse,relative_plus_10,0.1,0.0,0.1,0.14884578185477607,0.1488457818547761,2.7755575615628914e-17,2.7755575615628914e-17,0,0,0,-1
gmsc,random_forest,88,NumberOfTime60-89DaysPastDueNotWorse,relative_plus_10,0.1,0.0,0.1,0.17254421040384832,0.1725442104038483,-2.7755575615628914e-17,2.7755575615628914e-17,0,0,0,-1
gmsc,random_forest,89,NumberOfTime60-89DaysPastDueNotWorse,relative_plus_10,0.1,0.0,0.1,0.4356553338681073,0.4356553338681073,0.0,0.0,0,0,0,-1
gmsc,random_forest,90,NumberOfTime60-89DaysPastDueNotWorse,relative_plus_10,0.1,0.0,0.1,0.07549253017751428,0.07549253017751432,4.163336342344337e-17,4.163336342344337e-17,0,0,0,-1
gmsc,random_forest,91,NumberOfTime60-89DaysPastDueNotWorse,relative_plus_10,0.1,0.0,0.1,0.1823130815219747,0.18231308152197467,-2.7755575615628914e-17,2.7755575615628914e-17,0,0,0,-1
gmsc,random_forest,92,NumberOfTime60-89DaysPastDueNotWorse,relative_plus_10,0.1,0.0,0.1,0.0932513558600773,0.0932513558600773,0.0,0.0,0,0,0,-1
gmsc,random_forest,93,NumberOfTime60-89DaysPastDueNotWorse,relative_plus_10,0.1,0.0,0.1,0.12998718901704973,0.12998718901704975,2.7755575615628914e-17,2.7755575615628914e-17,0,0,0,-1
gmsc,random_forest,94,NumberOfTime60-89DaysPastDueNotWorse,relative_plus_10,0.1,0.0,0.1,0.11645345924668923,0.11645345924668928,4.163336342344337e-17,4.163336342344337e-17,0,0,0,-1
gmsc,random_forest,95,NumberOfTime60-89DaysPastDueNotWorse,relative_plus_10,0.1,0.0,0.1,0.18825767339402502,0.18825767339402502,0.0,0.0,0,0,0,-1
gmsc,random_forest,96,NumberOfTime60-89DaysPastDueNotWorse,relative_plus_10,0.1,0.0,0.1,0.14751307642369796,0.147513076423698,2.7755575615628914e-17,2.7755575615628914e-17,0,0,0,-1
gmsc,random_forest,97,NumberOfTime60-89DaysPastDueNotWorse,relative_plus_10,0.1,0.0,0.1,0.1601265267080067,0.16012652670800673,2.7755575615628914e-17,2.7755575615628914e-17,0,0,0,-1
gmsc,random_forest,98,NumberOfTime60-89DaysPastDueNotWorse,relative_plus_10,0.1,0.0,0.1,0.2792883685617908,0.2792883685617907,-1.1102230246251565e-16,1.1102230246251565e-16,0,0,0,-1
gmsc,random_forest,99,NumberOfTime60-89DaysPastDueNotWorse,relative_plus_10,0.1,1.0,1.1,0.8587567687347458,0.8587567687347458,0.0,0.0,1,1,0,-1
gmsc,random_forest,0,NumberOfDependents,relative_minus_5,-0.05,0.0,0.05,0.12448314782663561,0.12448314782663561,0.0,0.0,0,0,0,-1
gmsc,random_forest,1,NumberOfDependents,relative_minus_5,-0.05,0.0,0.05,0.12575902714321507,0.12575902714321502,-5.551115123125783e-17,5.551115123125783e-17,0,0,0,-1
gmsc,random_forest,2,NumberOfDependents,relative_minus_5,-0.05,0.0,0.05,0.07737496123247078,0.07737496123247081,2.7755575615628914e-17,2.7755575615628914e-17,0,0,0,-1
gmsc,random_forest,3,NumberOfDependents,relative_minus_5,-0.05,0.0,0.05,0.2222470545521674,0.22224705455216745,5.551115123125783e-17,5.551115123125783e-17,0,0,0,-1
gmsc,random_forest,4,NumberOfDependents,relative_minus_5,-0.05,0.0,0.05,0.16593632439170214,0.16593632439170217,2.7755575615628914e-17,2.7755575615628914e-17,0,0,0,-1
gmsc,random_forest,5,NumberOfDependents,relative_minus_5,-0.05,1.0,1.05,0.20005511957959218,0.20005511957959224,5.551115123125783e-17,5.551115123125783e-17,0,0,0,-1
gmsc,random_forest,6,NumberOfDependents,relative_minus_5,-0.05,1.0,1.05,0.24736845321604625,0.24736845321604628,2.7755575615628914e-17,2.7755575615628914e-17,0,0,0,-1
gmsc,random_forest,7,NumberOfDependents,relative_minus_5,-0.05,0.0,0.05,0.2020807786711973,0.2020807786711973,0.0,0.0,0,0,0,-1
gmsc,random_forest,8,NumberOfDependents,relative_minus_5,-0.05,0.0,0.05,0.16030677171113558,0.16030677171113558,0.0,0.0,0,0,0,-1
gmsc,random_forest,9,NumberOfDependents,relative_minus_5,-0.05,0.0,0.05,0.44585372419624947,0.4458537241962496,1.1102230246251565e-16,1.1102230246251565e-16,0,0,0,-1
gmsc,random_forest,10,NumberOfDependents,relative_minus_5,-0.05,0.0,0.05,0.3047745297393056,0.3047745297393056,0.0,0.0,0,0,0,-1
gmsc,random_forest,11,NumberOfDependents,relative_minus_5,-0.05,2.0,2.1,0.2817436317150431,0.28174363171504313,5.551115123125783e-17,5.551115123125783e-17,0,0,0,-1
gmsc,random_forest,12,NumberOfDependents,relative_minus_5,-0.05,0.0,0.05,0.07579737355923029,0.07579737355923029,0.0,0.0,0,0,0,-1
gmsc,random_forest,13,NumberOfDependents,relative_minus_5,-0.05,0.0,0.05,0.8725178860518772,0.8725178860518772,0.0,0.0,1,1,0,-1
gmsc,random_forest,14,NumberOfDependents,relative_minus_5,-0.05,3.0,3.15,0.39620212705125957,0.39620212705125957,0.0,0.0,0,0,0,-1
gmsc,random_forest,15,NumberOfDependents,relative_minus_5,-0.05,3.0,3.15,0.358132684091735,0.358132684091735,0.0,0.0,0,0,0,-1
gmsc,random_forest,16,NumberOfDependents,relative_minus_5,-0.05,0.0,0.05,0.4951408704187556,0.4951408704187558,2.220446049250313e-16,2.220446049250313e-16,0,0,0,-1
gmsc,random_forest,17,NumberOfDependents,relative_minus_5,-0.05,0.0,0.05,0.1565391154880974,0.15653911548809737,-2.7755575615628914e-17,2.7755575615628914e-17,0,0,0,-1
gmsc,random_forest,18,NumberOfDependents,relative_minus_5,-0.05,1.0,1.05,0.4933265396567783,0.4933265396567782,-1.1102230246251565e-16,1.1102230246251565e-16,0,0,0,-1
gmsc,random_forest,19,NumberOfDependents,relative_minus_5,-0.05,0.0,0.05,0.33709665441513037,0.3370966544151303,-5.551115123125783e-17,5.551115123125783e-17,0,0,0,-1
gmsc,random_forest,20,NumberOfDependents,relative_minus_5,-0.05,2.0,2.1,0.125253843611223,0.12525384361122294,-5.551115123125783e-17,5.551115123125783e-17,0,0,0,-1
gmsc,random_forest,21,NumberOfDependents,relative_minus_5,-0.05,0.0,0.05,0.1384442554842199,0.1384442554842199,0.0,0.0,0,0,0,-1
gmsc,random_forest,22,NumberOfDependents,relative_minus_5,-0.05,0.0,0.05,0.10721005514231308,0.10721005514231306,-1.3877787807814457e-17,1.3877787807814457e-17,0,0,0,-1
gmsc,random_forest,23,NumberOfDependents,relative_minus_5,-0.05,3.0,3.15,0.14155973703643895,0.14155973703643898,2.7755575615628914e-17,2.7755575615628914e-17,0,0,0,-1
gmsc,random_forest,24,NumberOfDependents,relative_minus_5,-0.05,1.0,1.05,0.08662915786666847,0.08662915786666846,-1.3877787807814457e-17,1.3877787807814457e-17,0,0,0,-1
gmsc,random_forest,25,NumberOfDependents,relative_minus_5,-0.05,0.0,0.05,0.498904333907652,0.49890433390765204,5.551115123125783e-17,5.551115123125783e-17,0,0,0,-1
gmsc,random_forest,26,NumberOfDependents,relative_minus_5,-0.05,0.0,0.05,0.566313369934525,0.5663133699345252,2.220446049250313e-16,2.220446049250313e-16,1,1,0,-1
gmsc,random_forest,27,NumberOfDependents,relative_minus_5,-0.05,0.0,0.05,0.1401781194818076,0.14017811948180764,2.7755575615628914e-17,2.7755575615628914e-17,0,0,0,-1
gmsc,random_forest,28,NumberOfDependents,relative_minus_5,-0.05,2.0,2.1,0.16169516515611407,0.16169516515611407,0.0,0.0,0,0,0,-1
gmsc,random_forest,29,NumberOfDependents,relative_minus_5,-0.05,0.0,0.05,0.10365705573378153,0.10365705573378153,0.0,0.0,0,0,0,-1
gmsc,random_forest,30,NumberOfDependents,relative_minus_5,-0.05,0.0,0.05,0.23541054599203737,0.23541054599203742,5.551115123125783e-17,5.551115123125783e-17,0,0,0,-1
gmsc,random_forest,31,NumberOfDependents,relative_minus_5,-0.05,2.0,2.1,0.1471176133232665,0.14711761332326653,2.7755575615628914e-17,2.7755575615628914e-17,0,0,0,-1
gmsc,random_forest,32,NumberOfDependents,relative_minus_5,-0.05,0.0,0.05,0.19156208452759005,0.19156208452759008,2.7755575615628914e-17,2.7755575615628914e-17,0,0,0,-1
gmsc,random_forest,33,NumberOfDependents,relative_minus_5,-0.05,0.0,0.05,0.0986278280958683,0.0986278280958683,0.0,0.0,0,0,0,-1
gmsc,random_forest,34,NumberOfDependents,relative_minus_5,-0.05,0.0,0.05,0.6110458318906421,0.6110458318906423,2.220446049250313e-16,2.220446049250313e-16,1,1,0,-1
gmsc,random_forest,35,NumberOfDependents,relative_minus_5,-0.05,0.0,0.05,0.6296792388822089,0.6296792388822089,0.0,0.0,1,1,0,-1
gmsc,random_forest,36,NumberOfDependents,relative_minus_5,-0.05,0.0,0.05,0.35220418744329696,0.35220418744329696,0.0,0.0,0,0,0,-1
gmsc,random_forest,37,NumberOfDependents,relative_minus_5,-0.05,0.0,0.05,0.5127242820218618,0.5127242820218618,0.0,0.0,1,1,0,-1
gmsc,random_forest,38,NumberOfDependents,relative_minus_5,-0.05,0.0,0.05,0.25511103636130245,0.25511103636130256,1.1102230246251565e-16,1.1102230246251565e-16,0,0,0,-1
gmsc,random_forest,39,NumberOfDependents,relative_minus_5,-0.05,3.0,3.15,0.25436458779402354,0.2543645877940236,5.551115123125783e-17,5.551115123125783e-17,0,0,0,-1
gmsc,random_forest,40,NumberOfDependents,relative_minus_5,-0.05,3.0,3.15,0.15364664040859202,0.15364664040859202,0.0,0.0,0,0,0,-1
gmsc,random_forest,41,NumberOfDependents,relative_minus_5,-0.05,0.0,0.05,0.21481465988917767,0.21481465988917772,5.551115123125783e-17,5.551115123125783e-17,0,0,0,-1
gmsc,random_forest,42,NumberOfDependents,relative_minus_5,-0.05,0.0,0.05,0.1501088987333263,0.1501088987333263,0.0,0.0,0,0,0,-1
gmsc,random_forest,43,NumberOfDependents,relative_minus_5,-0.05,0.0,0.05,0.36253642583455215,0.3625364258345521,-5.551115123125783e-17,5.551115123125783e-17,0,0,0,-1
gmsc,random_forest,44,NumberOfDependents,relative_minus_5,-0.05,2.0,2.1,0.13721131938118405,0.13721131938118408,2.7755575615628914e-17,2.7755575615628914e-17,0,0,0,-1
gmsc,random_forest,45,NumberOfDependents,relative_minus_5,-0.05,0.0,0.05,0.1794370938336495,0.17943709383364942,-8.326672684688674e-17,8.326672684688674e-17,0,0,0,-1
gmsc,random_forest,46,NumberOfDependents,relative_minus_5,-0.05,0.0,0.05,0.3159103257559534,0.31591032575595335,-5.551115123125783e-17,5.551115123125783e-17,0,0,0,-1
gmsc,random_forest,47,NumberOfDependents,relative_minus_5,-0.05,0.0,0.05,0.09990560036967194,0.09990560036967193,-1.3877787807814457e-17,1.3877787807814457e-17,0,0,0,-1
gmsc,random_forest,48,NumberOfDependents,relative_minus_5,-0.05,0.0,0.05,0.12714889185513736,0.12714889185513734,-2.7755575615628914e-17,2.7755575615628914e-17,0,0,0,-1
gmsc,random_forest,49,NumberOfDependents,relative_minus_5,-0.05,0.0,0.05,0.0702107223085158,0.07021072230851577,-2.7755575615628914e-17,2.7755575615628914e-17,0,0,0,-1
gmsc,random_forest,50,NumberOfDependents,relative_minus_5,-0.05,0.0,0.05,0.15265829520102106,0.15265829520102106,0.0,0.0,0,0,0,-1
gmsc,random_forest,51,NumberOfDependents,relative_minus_5,-0.05,0.0,0.05,0.2628422782175456,0.26284227821754563,5.551115123125783e-17,5.551115123125783e-17,0,0,0,-1
gmsc,random_forest,52,NumberOfDependents,relative_minus_5,-0.05,0.0,0.05,0.07756754455616102,0.07756754455616106,4.163336342344337e-17,4.163336342344337e-17,0,0,0,-1
gmsc,random_forest,53,NumberOfDependents,relative_minus_5,-0.05,0.0,0.05,0.801766334910606,0.8017663349106061,1.1102230246251565e-16,1.1102230246251565e-16,1,1,0,-1
gmsc,random_forest,54,NumberOfDependents,relative_minus_5,-0.05,0.0,0.05,0.8582977428532704,0.8582977428532702,-2.220446049250313e-16,2.220446049250313e-16,1,1,0,-1
gmsc,random_forest,55,NumberOfDependents,relative_minus_5,-0.05,0.0,0.05,0.10544807655567226,0.10544807655567225,-1.3877787807814457e-17,1.3877787807814457e-17,0,0,0,-1
gmsc,random_forest,56,NumberOfDependents,relative_minus_5,-0.05,0.0,0.05,0.16614971558636332,0.16614971558636332,0.0,0.0,0,0,0,-1
gmsc,random_forest,57,NumberOfDependents,relative_minus_5,-0.05,0.0,0.05,0.5819136422191914,0.5819136422191914,0.0,0.0,1,1,0,-1
gmsc,random_forest,58,NumberOfDependents,relative_minus_5,-0.05,0.0,0.05,0.7436704750418504,0.7436704750418504,0.0,0.0,1,1,0,-1
gmsc,random_forest,59,NumberOfDependents,relative_minus_5,-0.05,1.0,1.05,0.587090829362347,0.587090829362347,0.0,0.0,1,1,0,-1
gmsc,random_forest,60,NumberOfDependents,relative_minus_5,-0.05,2.0,2.1,0.1649034942951832,0.1649034942951832,0.0,0.0,0,0,0,-1
gmsc,random_forest,61,NumberOfDependents,relative_minus_5,-0.05,1.0,1.05,0.2942532697850684,0.2942532697850684,0.0,0.0,0,0,0,-1
gmsc,random_forest,62,NumberOfDependents,relative_minus_5,-0.05,0.0,0.05,0.5335320712885583,0.5335320712885581,-2.220446049250313e-16,2.220446049250313e-16,1,1,0,-1
gmsc,random_forest,63,NumberOfDependents,relative_minus_5,-0.05,2.0,2.1,0.13289866287150406,0.13289866287150406,0.0,0.0,0,0,0,-1
gmsc,random_forest,64,NumberOfDependents,relative_minus_5,-0.05,0.0,0.05,0.2665313715697186,0.2665313715697186,0.0,0.0,0,0,0,-1
gmsc,random_forest,65,NumberOfDependents,relative_minus_5,-0.05,3.0,3.15,0.5063899923778815,0.5063899923778815,0.0,0.0,1,1,0,-1
gmsc,random_forest,66,NumberOfDependents,relative_minus_5,-0.05,0.0,0.05,0.1736576827952704,0.1736576827952704,0.0,0.0,0,0,0,-1
gmsc,random_forest,67,NumberOfDependents,relative_minus_5,-0.05,3.0,3.15,0.4600211443798788,0.4600211443798789,1.1102230246251565e-16,1.1102230246251565e-16,0,0,0,-1
gmsc,random_forest,68,NumberOfDependents,relative_minus_5,-0.05,2.0,2.1,0.14330478155243379,0.1433047815524338,2.7755575615628914e-17,2.7755575615628914e-17,0,0,0,-1
gmsc,random_forest,69,NumberOfDependents,relative_minus_5,-0.05,2.0,2.1,0.3889070815939389,0.38890708159393883,-5.551115123125783e-17,5.551115123125783e-17,0,0,0,-1
gmsc,random_forest,70,NumberOfDependents,relative_minus_5,-0.05,0.0,0.05,0.4193795781899724,0.41937957818997235,-5.551115123125783e-17,5.551115123125783e-17,0,0,0,-1
gmsc,random_forest,71,NumberOfDependents,relative_minus_5,-0.05,4.0,4.2,0.17008515516847897,0.170085155168479,2.7755575615628914e-17,2.7755575615628914e-17,0,0,0,-1
gmsc,random_forest,72,NumberOfDependents,relative_minus_5,-0.05,0.0,0.05,0.20907874085396658,0.20907874085396658,0.0,0.0,0,0,0,-1
gmsc,random_forest,73,NumberOfDependents,relative_minus_5,-0.05,0.0,0.05,0.365051631552107,0.365051631552107,0.0,0.0,0,0,0,-1
gmsc,random_forest,74,NumberOfDependents,relative_minus_5,-0.05,0.0,0.05,0.2065140624206517,0.2065140624206517,0.0,0.0,0,0,0,-1
gmsc,random_forest,75,NumberOfDependents,relative_minus_5,-0.05,0.0,0.05,0.526646966431903,0.5266469664319029,-1.1102230246251565e-16,1.1102230246251565e-16,1,1,0,-1
gmsc,random_forest,76,NumberOfDependents,relative_minus_5,-0.05,1.0,1.05,0.12531638246166502,0.12531638246166502,0.0,0.0,0,0,0,-1
gmsc,random_forest,77,NumberOfDependents,relative_minus_5,-0.05,0.0,0.05,0.07799823819062678,0.07799823819062678,0.0,0.0,0,0,0,-1
gmsc,random_forest,78,NumberOfDependents,relative_minus_5,-0.05,0.0,0.05,0.10359585418304888,0.10359585418304887,-1.3877787807814457e-17,1.3877787807814457e-17,0,0,0,-1
gmsc,random_forest,79,NumberOfDependents,relative_minus_5,-0.05,0.0,0.05,0.3455170212556861,0.345517021255686,-1.1102230246251565e-16,1.1102230246251565e-16,0,0,0,-1
gmsc,random_forest,80,NumberOfDependents,relative_minus_5,-0.05,0.0,0.05,0.2866632770366475,0.2866632770366475,0.0,0.0,0,0,0,-1
gmsc,random_forest,81,NumberOfDependents,relative_minus_5,-0.05,0.0,0.05,0.17937720733779408,0.17937720733779405,-2.7755575615628914e-17,2.7755575615628914e-17,0,0,0,-1
gmsc,random_forest,82,NumberOfDependents,relative_minus_5,-0.05,0.0,0.05,0.4339743246902932,0.43397432469029323,5.551115123125783e-17,5.551115123125783e-17,0,0,0,-1
gmsc,random_forest,83,NumberOfDependents,relative_minus_5,-0.05,1.0,1.05,0.1141917331465753,0.1141917331465753,0.0,0.0,0,0,0,-1
gmsc,random_forest,84,NumberOfDependents,relative_minus_5,-0.05,3.0,3.15,0.59110890429795,0.5911089042979502,1.1102230246251565e-16,1.1102230246251565e-16,1,1,0,-1
gmsc,random_forest,85,NumberOfDependents,relative_minus_5,-0.05,0.0,0.05,0.10713867731747691,0.10713867731747688,-2.7755575615628914e-17,2.7755575615628914e-17,0,0,0,-1
gmsc,random_forest,86,NumberOfDependents,relative_minus_5,-0.05,0.0,0.05,0.16567388899210891,0.1656738889921089,-2.7755575615628914e-17,2.7755575615628914e-17,0,0,0,-1
gmsc,random_forest,87,NumberOfDependents,relative_minus_5,-0.05,0.0,0.05,0.14884578185477607,0.1488457818547761,2.7755575615628914e-17,2.7755575615628914e-17,0,0,0,-1
gmsc,random_forest,88,NumberOfDependents,relative_minus_5,-0.05,0.0,0.05,0.17254421040384832,0.17254421040384832,0.0,0.0,0,0,0,-1
gmsc,random_forest,89,NumberOfDependents,relative_minus_5,-0.05,2.0,2.1,0.4356553338681073,0.4356553338681073,0.0,0.0,0,0,0,-1
gmsc,random_forest,90,NumberOfDependents,relative_minus_5,-0.05,0.0,0.05,0.07549253017751428,0.0754925301775143,1.3877787807814457e-17,1.3877787807814457e-17,0,0,0,-1
gmsc,random_forest,91,NumberOfDependents,relative_minus_5,-0.05,1.0,1.05,0.1823130815219747,0.1823130815219747,0.0,0.0,0,0,0,-1
gmsc,random_forest,92,NumberOfDependents,relative_minus_5,-0.05,0.0,0.05,0.0932513558600773,0.0932513558600773,0.0,0.0,0,0,0,-1
gmsc,random_forest,93,NumberOfDependents,relative_minus_5,-0.05,1.0,1.05,0.12998718901704973,0.12998718901704975,2.7755575615628914e-17,2.7755575615628914e-17,0,0,0,-1
gmsc,random_forest,94,NumberOfDependents,relative_minus_5,-0.05,0.0,0.05,0.11645345924668923,0.11645345924668928,4.163336342344337e-17,4.163336342344337e-17,0,0,0,-1
gmsc,random_forest,95,NumberOfDependents,relative_minus_5,-0.05,2.0,2.1,0.18825767339402502,0.18825767339402502,0.0,0.0,0,0,0,-1
gmsc,random_forest,96,NumberOfDependents,relative_minus_5,-0.05,0.0,0.05,0.14751307642369796,0.14751307642369793,-2.7755575615628914e-17,2.7755575615628914e-17,0,0,0,-1
gmsc,random_forest,97,NumberOfDependents,relative_minus_5,-0.05,0.0,0.05,0.1601265267080067,0.16012652670800673,2.7755575615628914e-17,2.7755575615628914e-17,0,0,0,-1
gmsc,random_forest,98,NumberOfDependents,relative_minus_5,-0.05,4.0,4.2,0.2792883685617908,0.27928836856179073,-5.551115123125783e-17,5.551115123125783e-17,0,0,0,-1
gmsc,random_forest,99,NumberOfDependents,relative_minus_5,-0.05,0.0,0.05,0.8587567687347458,0.8587567687347458,0.0,0.0,1,1,0,-1
gmsc,random_forest,0,NumberOfDependents,relative_plus_5,0.05,0.0,0.05,0.12448314782663561,0.12448314782663558,-2.7755575615628914e-17,2.7755575615628914e-17,0,0,0,-1
gmsc,random_forest,1,NumberOfDependents,relative_plus_5,0.05,0.0,0.05,0.12575902714321507,0.12575902714321505,-2.7755575615628914e-17,2.7755575615628914e-17,0,0,0,-1
gmsc,random_forest,2,NumberOfDependents,relative_plus_5,0.05,0.0,0.05,0.07737496123247078,0.07737496123247078,0.0,0.0,0,0,0,-1
gmsc,random_forest,3,NumberOfDependents,relative_plus_5,0.05,0.0,0.05,0.2222470545521674,0.22224705455216737,-2.7755575615628914e-17,2.7755575615628914e-17,0,0,0,-1
gmsc,random_forest,4,NumberOfDependents,relative_plus_5,0.05,0.0,0.05,0.16593632439170214,0.16593632439170214,0.0,0.0,0,0,0,-1
gmsc,random_forest,5,NumberOfDependents,relative_plus_5,0.05,1.0,1.05,0.20005511957959218,0.20005511957959218,0.0,0.0,0,0,0,-1
gmsc,random_forest,6,NumberOfDependents,relative_plus_5,0.05,1.0,1.05,0.24736845321604625,0.24736845321604634,8.326672684688674e-17,8.326672684688674e-17,0,0,0,-1
gmsc,random_forest,7,NumberOfDependents,relative_plus_5,0.05,0.0,0.05,0.2020807786711973,0.20208077867119728,-2.7755575615628914e-17,2.7755575615628914e-17,0,0,0,-1
gmsc,random_forest,8,NumberOfDependents,relative_plus_5,0.05,0.0,0.05,0.16030677171113558,0.1603067717111356,2.7755575615628914e-17,2.7755575615628914e-17,0,0,0,-1
gmsc,random_forest,9,NumberOfDependents,relative_plus_5,0.05,0.0,0.05,0.44585372419624947,0.4458537241962496,1.1102230246251565e-16,1.1102230246251565e-16,0,0,0,-1
gmsc,random_forest,10,NumberOfDependents,relative_plus_5,0.05,0.0,0.05,0.3047745297393056,0.3047745297393056,0.0,0.0,0,0,0,-1
gmsc,random_forest,11,NumberOfDependents,relative_plus_5,0.05,2.0,2.1,0.2817436317150431,0.28174363171504313,5.551115123125783e-17,5.551115123125783e-17,0,0,0,-1
gmsc,random_forest,12,NumberOfDependents,relative_plus_5,0.05,0.0,0.05,0.07579737355923029,0.0757973735592303,1.3877787807814457e-17,1.3877787807814457e-17,0,0,0,-1
gmsc,random_forest,13,NumberOfDependents,relative_plus_5,0.05,0.0,0.05,0.8725178860518772,0.8725178860518772,0.0,0.0,1,1,0,-1
gmsc,random_forest,14,NumberOfDependents,relative_plus_5,0.05,3.0,3.15,0.39620212705125957,0.39620212705125957,0.0,0.0,0,0,0,-1
gmsc,random_forest,15,NumberOfDependents,relative_plus_5,0.05,3.0,3.15,0.358132684091735,0.358132684091735,0.0,0.0,0,0,0,-1
gmsc,random_forest,16,NumberOfDependents,relative_plus_5,0.05,0.0,0.05,0.4951408704187556,0.4951408704187558,2.220446049250313e-16,2.220446049250313e-16,0,0,0,-1
gmsc,random_forest,17,NumberOfDependents,relative_plus_5,0.05,0.0,0.05,0.1565391154880974,0.15653911548809743,2.7755575615628914e-17,2.7755575615628914e-17,0,0,0,-1
gmsc,random_forest,18,NumberOfDependents,relative_plus_5,0.05,1.0,1.05,0.4933265396567783,0.4933265396567783,0.0,0.0,0,0,0,-1
gmsc,random_forest,19,NumberOfDependents,relative_plus_5,0.05,0.0,0.05,0.33709665441513037,0.3370966544151303,-5.551115123125783e-17,5.551115123125783e-17,0,0,0,-1
gmsc,random_forest,20,NumberOfDependents,relative_plus_5,0.05,2.0,2.1,0.125253843611223,0.1252538436112229,-8.326672684688674e-17,8.326672684688674e-17,0,0,0,-1
gmsc,random_forest,21,NumberOfDependents,relative_plus_5,0.05,0.0,0.05,0.1384442554842199,0.13844425548421987,-2.7755575615628914e-17,2.7755575615628914e-17,0,0,0,-1
gmsc,random_forest,22,NumberOfDependents,relative_plus_5,0.05,0.0,0.05,0.10721005514231308,0.10721005514231308,0.0,0.0,0,0,0,-1
gmsc,random_forest,23,NumberOfDependents,relative_plus_5,0.05,3.0,3.15,0.14155973703643895,0.14155973703643898,2.7755575615628914e-17,2.7755575615628914e-17,0,0,0,-1
gmsc,random_forest,24,NumberOfDependents,relative_plus_5,0.05,1.0,1.05,0.08662915786666847,0.08662915786666847,0.0,0.0,0,0,0,-1
gmsc,random_forest,25,NumberOfDependents,relative_plus_5,0.05,0.0,0.05,0.498904333907652,0.49890433390765215,1.6653345369377348e-16,1.6653345369377348e-16,0,0,0,-1
gmsc,random_forest,26,NumberOfDependents,relative_plus_5,0.05,0.0,0.05,0.566313369934525,0.566313369934525,0.0,0.0,1,1,0,-1
gmsc,random_forest,27,NumberOfDependents,relative_plus_5,0.05,0.0,0.05,0.1401781194818076,0.1401781194818077,8.326672684688674e-17,8.326672684688674e-17,0,0,0,-1
gmsc,random_forest,28,NumberOfDependents,relative_plus_5,0.05,2.0,2.1,0.16169516515611407,0.1616951651561141,2.7755575615628914e-17,2.7755575615628914e-17,0,0,0,-1
gmsc,random_forest,29,NumberOfDependents,relative_plus_5,0.05,0.0,0.05,0.10365705573378153,0.10365705573378153,0.0,0.0,0,0,0,-1
gmsc,random_forest,30,NumberOfDependents,relative_plus_5,0.05,0.0,0.05,0.23541054599203737,0.23541054599203734,-2.7755575615628914e-17,2.7755575615628914e-17,0,0,0,-1
gmsc,random_forest,31,NumberOfDependents,relative_plus_5,0.05,2.0,2.1,0.1471176133232665,0.1471176133232665,0.0,0.0,0,0,0,-1
gmsc,random_forest,32,NumberOfDependents,relative_plus_5,0.05,0.0,0.05,0.19156208452759005,0.19156208452759002,-2.7755575615628914e-17,2.7755575615628914e-17,0,0,0,-1
gmsc,random_forest,33,NumberOfDependents,relative_plus_5,0.05,0.0,0.05,0.0986278280958683,0.09862782809586831,1.3877787807814457e-17,1.3877787807814457e-17,0,0,0,-1
gmsc,random_forest,34,NumberOfDependents,relative_plus_5,0.05,0.0,0.05,0.6110458318906421,0.6110458318906422,1.1102230246251565e-16,1.1102230246251565e-16,1,1,0,-1
gmsc,random_forest,35,NumberOfDependents,relative_plus_5,0.05,0.0,0.05,0.6296792388822089,0.629679238882209,1.1102230246251565e-16,1.1102230246251565e-16,1,1,0,-1
gmsc,random_forest,36,NumberOfDependents,relative_plus_5,0.05,0.0,0.05,0.35220418744329696,0.35220418744329696,0.0,0.0,0,0,0,-1
gmsc,random_forest,37,NumberOfDependents,relative_plus_5,0.05,0.0,0.05,0.5127242820218618,0.5127242820218618,0.0,0.0,1,1,0,-1
gmsc,random_forest,38,NumberOfDependents,relative_plus_5,0.05,0.0,0.05,0.25511103636130245,0.25511103636130256,1.1102230246251565e-16,1.1102230246251565e-16,0,0,0,-1
gmsc,random_forest,39,NumberOfDependents,relative_plus_5,0.05,3.0,3.15,0.25436458779402354,0.2543645877940236,5.551115123125783e-17,5.551115123125783e-17,0,0,0,-1
gmsc,random_forest,40,NumberOfDependents,relative_plus_5,0.05,3.0,3.15,0.15364664040859202,0.15364664040859205,2.7755575615628914e-17,2.7755575615628914e-17,0,0,0,-1
gmsc,random_forest,41,NumberOfDependents,relative_plus_5,0.05,0.0,0.05,0.21481465988917767,0.21481465988917772,5.551115123125783e-17,5.551115123125783e-17,0,0,0,-1
gmsc,random_forest,42,NumberOfDependents,relative_plus_5,0.05,0.0,0.05,0.1501088987333263,0.15010889873332633,2.7755575615628914e-17,2.7755575615628914e-17,0,0,0,-1
gmsc,random_forest,43,NumberOfDependents,relative_plus_5,0.05,0.0,0.05,0.36253642583455215,0.36253642583455203,-1.1102230246251565e-16,1.1102230246251565e-16,0,0,0,-1
gmsc,random_forest,44,NumberOfDependents,relative_plus_5,0.05,2.0,2.1,0.13721131938118405,0.13721131938118405,0.0,0.0,0,0,0,-1
gmsc,random_forest,45,NumberOfDependents,relative_plus_5,0.05,0.0,0.05,0.1794370938336495,0.17943709383364945,-5.551115123125783e-17,5.551115123125783e-17,0,0,0,-1
gmsc,random_forest,46,NumberOfDependents,relative_plus_5,0.05,0.0,0.05,0.3159103257559534,0.31591032575595335,-5.551115123125783e-17,5.551115123125783e-17,0,0,0,-1
gmsc,random_forest,47,NumberOfDependents,relative_plus_5,0.05,0.0,0.05,0.09990560036967194,0.09990560036967194,0.0,0.0,0,0,0,-1
gmsc,random_forest,48,NumberOfDependents,relative_plus_5,0.05,0.0,0.05,0.12714889185513736,0.12714889185513728,-8.326672684688674e-17,8.326672684688674e-17,0,0,0,-1
gmsc,random_forest,49,NumberOfDependents,relative_plus_5,0.05,0.0,0.05,0.0702107223085158,0.07021072230851579,-1.3877787807814457e-17,1.3877787807814457e-17,0,0,0,-1
gmsc,random_forest,50,NumberOfDependents,relative_plus_5,0.05,0.0,0.05,0.15265829520102106,0.1526582952010211,2.7755575615628914e-17,2.7755575615628914e-17,0,0,0,-1
gmsc,random_forest,51,NumberOfDependents,relative_plus_5,0.05,0.0,0.05,0.2628422782175456,0.2628422782175456,0.0,0.0,0,0,0,-1
gmsc,random_forest,52,NumberOfDependents,relative_plus_5,0.05,0.0,0.05,0.07756754455616102,0.07756754455616105,2.7755575615628914e-17,2.7755575615628914e-17,0,0,0,-1
gmsc,random_forest,53,NumberOfDependents,relative_plus_5,0.05,0.0,0.05,0.801766334910606,0.801766334910606,0.0,0.0,1,1,0,-1
gmsc,random_forest,54,NumberOfDependents,relative_plus_5,0.05,0.0,0.05,0.8582977428532704,0.8582977428532704,0.0,0.0,1,1,0,-1
gmsc,random_forest,55,NumberOfDependents,relative_plus_5,0.05,0.0,0.05,0.10544807655567226,0.10544807655567225,-1.3877787807814457e-17,1.3877787807814457e-17,0,0,0,-1
gmsc,random_forest,56,NumberOfDependents,relative_plus_5,0.05,0.0,0.05,0.16614971558636332,0.1661497155863633,-2.7755575615628914e-17,2.7755575615628914e-17,0,0,0,-1
gmsc,random_forest,57,NumberOfDependents,relative_plus_5,0.05,0.0,0.05,0.5819136422191914,0.5819136422191915,1.1102230246251565e-16,1.1102230246251565e-16,1,1,0,-1
gmsc,random_forest,58,NumberOfDependents,relative_plus_5,0.05,0.0,0.05,0.7436704750418504,0.7436704750418502,-1.1102230246251565e-16,1.1102230246251565e-16,1,1,0,-1
gmsc,random_forest,59,NumberOfDependents,relative_plus_5,0.05,1.0,1.05,0.587090829362347,0.5870908293623471,1.1102230246251565e-16,1.1102230246251565e-16,1,1,0,-1
gmsc,random_forest,60,NumberOfDependents,relative_plus_5,0.05,2.0,2.1,0.1649034942951832,0.1649034942951832,0.0,0.0,0,0,0,-1
gmsc,random_forest,61,NumberOfDependents,relative_plus_5,0.05,1.0,1.05,0.2942532697850684,0.2942532697850683,-5.551115123125783e-17,5.551115123125783e-17,0,0,0,-1
gmsc,random_forest,62,NumberOfDependents,relative_plus_5,0.05,0.0,0.05,0.5335320712885583,0.5335320712885581,-2.220446049250313e-16,2.220446049250313e-16,1,1,0,-1
gmsc,random_forest,63,NumberOfDependents,relative_plus_5,0.05,2.0,2.1,0.13289866287150406,0.13289866287150404,-2.7755575615628914e-17,2.7755575615628914e-17,0,0,0,-1
gmsc,random_forest,64,NumberOfDependents,relative_plus_5,0.05,0.0,0.05,0.2665313715697186,0.26653137156971857,-5.551115123125783e-17,5.551115123125783e-17,0,0,0,-1
gmsc,random_forest,65,NumberOfDependents,relative_plus_5,0.05,3.0,3.15,0.5063899923778815,0.5063899923778816,1.1102230246251565e-16,1.1102230246251565e-16,1,1,0,-1
gmsc,random_forest,66,NumberOfDependents,relative_plus_5,0.05,0.0,0.05,0.1736576827952704,0.1736576827952704,0.0,0.0,0,0,0,-1
gmsc,random_forest,67,NumberOfDependents,relative_plus_5,0.05,3.0,3.15,0.4600211443798788,0.4600211443798789,1.1102230246251565e-16,1.1102230246251565e-16,0,0,0,-1
gmsc,random_forest,68,NumberOfDependents,relative_plus_5,0.05,2.0,2.1,0.14330478155243379,0.1433047815524338,2.7755575615628914e-17,2.7755575615628914e-17,0,0,0,-1
gmsc,random_forest,69,NumberOfDependents,relative_plus_5,0.05,2.0,2.1,0.3889070815939389,0.3889070815939389,0.0,0.0,0,0,0,-1
gmsc,random_forest,70,NumberOfDependents,relative_plus_5,0.05,0.0,0.05,0.4193795781899724,0.41937957818997246,5.551115123125783e-17,5.551115123125783e-17,0,0,0,-1
gmsc,random_forest,71,NumberOfDependents,relative_plus_5,0.05,4.0,4.2,0.17008515516847897,0.17008515516847894,-2.7755575615628914e-17,2.7755575615628914e-17,0,0,0,-1
gmsc,random_forest,72,NumberOfDependents,relative_plus_5,0.05,0.0,0.05,0.20907874085396658,0.2090787408539666,2.7755575615628914e-17,2.7755575615628914e-17,0,0,0,-1
gmsc,random_forest,73,NumberOfDependents,relative_plus_5,0.05,0.0,0.05,0.365051631552107,0.36505163155210696,-5.551115123125783e-17,5.551115123125783e-17,0,0,0,-1
gmsc,random_forest,74,NumberOfDependents,relative_plus_5,0.05,0.0,0.05,0.2065140624206517,0.2065140624206517,0.0,0.0,0,0,0,-1
gmsc,random_forest,75,NumberOfDependents,relative_plus_5,0.05,0.0,0.05,0.526646966431903,0.526646966431903,0.0,0.0,1,1,0,-1
gmsc,random_forest,76,NumberOfDependents,relative_plus_5,0.05,1.0,1.05,0.12531638246166502,0.12531638246166496,-5.551115123125783e-17,5.551115123125783e-17,0,0,0,-1
gmsc,random_forest,77,NumberOfDependents,relative_plus_5,0.05,0.0,0.05,0.07799823819062678,0.07799823819062678,0.0,0.0,0,0,0,-1
gmsc,random_forest,78,NumberOfDependents,relative_plus_5,0.05,0.0,0.05,0.10359585418304888,0.10359585418304885,-2.7755575615628914e-17,2.7755575615628914e-17,0,0,0,-1
gmsc,random_forest,79,NumberOfDependents,relative_plus_5,0.05,0.0,0.05,0.3455170212556861,0.34551702125568595,-1.6653345369377348e-16,1.6653345369377348e-16,0,0,0,-1
gmsc,random_forest,80,NumberOfDependents,relative_plus_5,0.05,0.0,0.05,0.2866632770366475,0.2866632770366474,-1.1102230246251565e-16,1.1102230246251565e-16,0,0,0,-1
gmsc,random_forest,81,NumberOfDependents,relative_plus_5,0.05,0.0,0.05,0.17937720733779408,0.17937720733779397,-1.1102230246251565e-16,1.1102230246251565e-16,0,0,0,-1
gmsc,random_forest,82,NumberOfDependents,relative_plus_5,0.05,0.0,0.05,0.4339743246902932,0.43397432469029323,5.551115123125783e-17,5.551115123125783e-17,0,0,0,-1
gmsc,random_forest,83,NumberOfDependents,relative_plus_5,0.05,1.0,1.05,0.1141917331465753,0.1141917331465753,0.0,0.0,0,0,0,-1
gmsc,random_forest,84,NumberOfDependents,relative_plus_5,0.05,3.0,3.15,0.59110890429795,0.5911089042979503,2.220446049250313e-16,2.220446049250313e-16,1,1,0,-1
gmsc,random_forest,85,NumberOfDependents,relative_plus_5,0.05,0.0,0.05,0.10713867731747691,0.10713867731747691,0.0,0.0,0,0,0,-1
gmsc,random_forest,86,NumberOfDependents,relative_plus_5,0.05,0.0,0.05,0.16567388899210891,0.1656738889921089,-2.7755575615628914e-17,2.7755575615628914e-17,0,0,0,-1
gmsc,random_forest,87,NumberOfDependents,relative_plus_5,0.05,0.0,0.05,0.14884578185477607,0.14884578185477607,0.0,0.0,0,0,0,-1
gmsc,random_forest,88,NumberOfDependents,relative_plus_5,0.05,0.0,0.05,0.17254421040384832,0.17254421040384832,0.0,0.0,0,0,0,-1
gmsc,random_forest,89,NumberOfDependents,relative_plus_5,0.05,2.0,2.1,0.4356553338681073,0.4356553338681073,0.0,0.0,0,0,0,-1
gmsc,random_forest,90,NumberOfDependents,relative_plus_5,0.05,0.0,0.05,0.07549253017751428,0.07549253017751431,2.7755575615628914e-17,2.7755575615628914e-17,0,0,0,-1
gmsc,random_forest,91,NumberOfDependents,relative_plus_5,0.05,1.0,1.05,0.1823130815219747,0.18231308152197467,-2.7755575615628914e-17,2.7755575615628914e-17,0,0,0,-1
gmsc,random_forest,92,NumberOfDependents,relative_plus_5,0.05,0.0,0.05,0.0932513558600773,0.0932513558600773,0.0,0.0,0,0,0,-1
gmsc,random_forest,93,NumberOfDependents,relative_plus_5,0.05,1.0,1.05,0.12998718901704973,0.12998718901704973,0.0,0.0,0,0,0,-1
gmsc,random_forest,94,NumberOfDependents,relative_plus_5,0.05,0.0,0.05,0.11645345924668923,0.11645345924668926,2.7755575615628914e-17,2.7755575615628914e-17,0,0,0,-1
gmsc,random_forest,95,NumberOfDependents,relative_plus_5,0.05,2.0,2.1,0.18825767339402502,0.18825767339402497,-5.551115123125783e-17,5.551115123125783e-17,0,0,0,-1
gmsc,random_forest,96,NumberOfDependents,relative_plus_5,0.05,0.0,0.05,0.14751307642369796,0.147513076423698,2.7755575615628914e-17,2.7755575615628914e-17,0,0,0,-1
gmsc,random_forest,97,NumberOfDependents,relative_plus_5,0.05,0.0,0.05,0.1601265267080067,0.16012652670800673,2.7755575615628914e-17,2.7755575615628914e-17,0,0,0,-1
gmsc,random_forest,98,NumberOfDependents,relative_plus_5,0.05,4.0,4.2,0.2792883685617908,0.27928836856179073,-5.551115123125783e-17,5.551115123125783e-17,0,0,0,-1
gmsc,random_forest,99,NumberOfDependents,relative_plus_5,0.05,0.0,0.05,0.8587567687347458,0.8587567687347456,-2.220446049250313e-16,2.220446049250313e-16,1,1,0,-1
gmsc,random_forest,0,NumberOfDependents,relative_minus_10,-0.1,0.0,0.1,0.12448314782663561,0.12448314782663561,0.0,0.0,0,0,0,-1
gmsc,random_forest,1,NumberOfDependents,relative_minus_10,-0.1,0.0,0.1,0.12575902714321507,0.12575902714321507,0.0,0.0,0,0,0,-1
gmsc,random_forest,2,NumberOfDependents,relative_minus_10,-0.1,0.0,0.1,0.07737496123247078,0.0773749612324708,1.3877787807814457e-17,1.3877787807814457e-17,0,0,0,-1
gmsc,random_forest,3,NumberOfDependents,relative_minus_10,-0.1,0.0,0.1,0.2222470545521674,0.22224705455216745,5.551115123125783e-17,5.551115123125783e-17,0,0,0,-1
gmsc,random_forest,4,NumberOfDependents,relative_minus_10,-0.1,0.0,0.1,0.16593632439170214,0.16593632439170217,2.7755575615628914e-17,2.7755575615628914e-17,0,0,0,-1
gmsc,random_forest,5,NumberOfDependents,relative_minus_10,-0.1,1.0,1.1,0.20005511957959218,0.20005511957959216,-2.7755575615628914e-17,2.7755575615628914e-17,0,0,0,-1
gmsc,random_forest,6,NumberOfDependents,relative_minus_10,-0.1,1.0,1.1,0.24736845321604625,0.24736845321604628,2.7755575615628914e-17,2.7755575615628914e-17,0,0,0,-1
gmsc,random_forest,7,NumberOfDependents,relative_minus_10,-0.1,0.0,0.1,0.2020807786711973,0.20208077867119725,-5.551115123125783e-17,5.551115123125783e-17,0,0,0,-1
gmsc,random_forest,8,NumberOfDependents,relative_minus_10,-0.1,0.0,0.1,0.16030677171113558,0.16030677171113555,-2.7755575615628914e-17,2.7755575615628914e-17,0,0,0,-1
gmsc,random_forest,9,NumberOfDependents,relative_minus_10,-0.1,0.0,0.1,0.44585372419624947,0.4458537241962496,1.1102230246251565e-16,1.1102230246251565e-16,0,0,0,-1
gmsc,random_forest,10,NumberOfDependents,relative_minus_10,-0.1,0.0,0.1,0.3047745297393056,0.3047745297393056,0.0,0.0,0,0,0,-1
gmsc,random_forest,11,NumberOfDependents,relative_minus_10,-0.1,2.0,2.2,0.2817436317150431,0.2817436317150431,0.0,0.0,0,0,0,-1
gmsc,random_forest,12,NumberOfDependents,relative_minus_10,-0.1,0.0,0.1,0.07579737355923029,0.07579737355923032,2.7755575615628914e-17,2.7755575615628914e-17,0,0,0,-1
gmsc,random_forest,13,NumberOfDependents,relative_minus_10,-0.1,0.0,0.1,0.8725178860518772,0.8725178860518772,0.0,0.0,1,1,0,-1
gmsc,random_forest,14,NumberOfDependents,relative_minus_10,-0.1,3.0,3.3,0.39620212705125957,0.3962021270512597,1.1102230246251565e-16,1.1102230246251565e-16,0,0,0,-1
gmsc,random_forest,15,NumberOfDependents,relative_minus_10,-0.1,3.0,3.3,0.358132684091735,0.35813268409173493,-5.551115123125783e-17,5.551115123125783e-17,0,0,0,-1
gmsc,random_forest,16,NumberOfDependents,relative_minus_10,-0.1,0.0,0.1,0.4951408704187556,0.4951408704187558,2.220446049250313e-16,2.220446049250313e-16,0,0,0,-1
gmsc,random_forest,17,NumberOfDependents,relative_minus_10,-0.1,0.0,0.1,0.1565391154880974,0.15653911548809735,-5.551115123125783e-17,5.551115123125783e-17,0,0,0,-1
gmsc,random_forest,18,NumberOfDependents,relative_minus_10,-0.1,1.0,1.1,0.4933265396567783,0.4933265396567783,0.0,0.0,0,0,0,-1
gmsc,random_forest,19,NumberOfDependents,relative_minus_10,-0.1,0.0,0.1,0.33709665441513037,0.33709665441513026,-1.1102230246251565e-16,1.1102230246251565e-16,0,0,0,-1
gmsc,random_forest,20,NumberOfDependents,relative_minus_10,-0.1,2.0,2.2,0.125253843611223,0.12525384361122294,-5.551115123125783e-17,5.551115123125783e-17,0,0,0,-1
gmsc,random_forest,21,NumberOfDependents,relative_minus_10,-0.1,0.0,0.1,0.1384442554842199,0.13844425548421993,2.7755575615628914e-17,2.7755575615628914e-17,0,0,0,-1
gmsc,random_forest,22,NumberOfDependents,relative_minus_10,-0.1,0.0,0.1,0.10721005514231308,0.10721005514231306,-1.3877787807814457e-17,1.3877787807814457e-17,0,0,0,-1
gmsc,random_forest,23,NumberOfDependents,relative_minus_10,-0.1,3.0,3.3,0.14155973703643895,0.14155973703643898,2.7755575615628914e-17,2.7755575615628914e-17,0,0,0,-1
gmsc,random_forest,24,NumberOfDependents,relative_minus_10,-0.1,1.0,1.1,0.08662915786666847,0.08662915786666846,-1.3877787807814457e-17,1.3877787807814457e-17,0,0,0,-1
gmsc,random_forest,25,NumberOfDependents,relative_minus_10,-0.1,0.0,0.1,0.498904333907652,0.49890433390765204,5.551115123125783e-17,5.551115123125783e-17,0,0,0,-1
gmsc,random_forest,26,NumberOfDependents,relative_minus_10,-0.1,0.0,0.1,0.566313369934525,0.566313369934525,0.0,0.0,1,1,0,-1
gmsc,random_forest,27,NumberOfDependents,relative_minus_10,-0.1,0.0,0.1,0.1401781194818076,0.14017811948180764,2.7755575615628914e-17,2.7755575615628914e-17,0,0,0,-1
gmsc,random_forest,28,NumberOfDependents,relative_minus_10,-0.1,2.0,2.2,0.16169516515611407,0.16169516515611404,-2.7755575615628914e-17,2.7755575615628914e-17,0,0,0,-1
gmsc,random_forest,29,NumberOfDependents,relative_minus_10,-0.1,0.0,0.1,0.10365705573378153,0.10365705573378152,-1.3877787807814457e-17,1.3877787807814457e-17,0,0,0,-1
gmsc,random_forest,30,NumberOfDependents,relative_minus_10,-0.1,0.0,0.1,0.23541054599203737,0.23541054599203737,0.0,0.0,0,0,0,-1
gmsc,random_forest,31,NumberOfDependents,relative_minus_10,-0.1,2.0,2.2,0.1471176133232665,0.14711761332326653,2.7755575615628914e-17,2.7755575615628914e-17,0,0,0,-1
gmsc,random_forest,32,NumberOfDependents,relative_minus_10,-0.1,0.0,0.1,0.19156208452759005,0.19156208452759005,0.0,0.0,0,0,0,-1
gmsc,random_forest,33,NumberOfDependents,relative_minus_10,-0.1,0.0,0.1,0.0986278280958683,0.09862782809586831,1.3877787807814457e-17,1.3877787807814457e-17,0,0,0,-1
gmsc,random_forest,34,NumberOfDependents,relative_minus_10,-0.1,0.0,0.1,0.6110458318906421,0.6110458318906423,2.220446049250313e-16,2.220446049250313e-16,1,1,0,-1
gmsc,random_forest,35,NumberOfDependents,relative_minus_10,-0.1,0.0,0.1,0.6296792388822089,0.6296792388822088,-1.1102230246251565e-16,1.1102230246251565e-16,1,1,0,-1
gmsc,random_forest,36,NumberOfDependents,relative_minus_10,-0.1,0.0,0.1,0.35220418744329696,0.35220418744329696,0.0,0.0,0,0,0,-1
gmsc,random_forest,37,NumberOfDependents,relative_minus_10,-0.1,0.0,0.1,0.5127242820218618,0.5127242820218618,0.0,0.0,1,1,0,-1
gmsc,random_forest,38,NumberOfDependents,relative_minus_10,-0.1,0.0,0.1,0.25511103636130245,0.2551110363613025,5.551115123125783e-17,5.551115123125783e-17,0,0,0,-1
gmsc,random_forest,39,NumberOfDependents,relative_minus_10,-0.1,3.0,3.3,0.25436458779402354,0.25436458779402354,0.0,0.0,0,0,0,-1
gmsc,random_forest,40,NumberOfDependents,relative_minus_10,-0.1,3.0,3.3,0.15364664040859202,0.15364664040859202,0.0,0.0,0,0,0,-1
gmsc,random_forest,41,NumberOfDependents,relative_minus_10,-0.1,0.0,0.1,0.21481465988917767,0.21481465988917767,0.0,0.0,0,0,0,-1
gmsc,random_forest,42,NumberOfDependents,relative_minus_10,-0.1,0.0,0.1,0.1501088987333263,0.15010889873332633,2.7755575615628914e-17,2.7755575615628914e-17,0,0,0,-1
gmsc,random_forest,43,NumberOfDependents,relative_minus_10,-0.1,0.0,0.1,0.36253642583455215,0.3625364258345521,-5.551115123125783e-17,5.551115123125783e-17,0,0,0,-1
gmsc,random_forest,44,NumberOfDependents,relative_minus_10,-0.1,2.0,2.2,0.13721131938118405,0.13721131938118405,0.0,0.0,0,0,0,-1
gmsc,random_forest,45,NumberOfDependents,relative_minus_10,-0.1,0.0,0.1,0.1794370938336495,0.17943709383364942,-8.326672684688674e-17,8.326672684688674e-17,0,0,0,-1
gmsc,random_forest,46,NumberOfDependents,relative_minus_10,-0.1,0.0,0.1,0.3159103257559534,0.31591032575595346,5.551115123125783e-17,5.551115123125783e-17,0,0,0,-1
gmsc,random_forest,47,NumberOfDependents,relative_minus_10,-0.1,0.0,0.1,0.09990560036967194,0.09990560036967193,-1.3877787807814457e-17,1.3877787807814457e-17,0,0,0,-1
gmsc,random_forest,48,NumberOfDependents,relative_minus_10,-0.1,0.0,0.1,0.12714889185513736,0.12714889185513734,-2.7755575615628914e-17,2.7755575615628914e-17,0,0,0,-1
gmsc,random_forest,49,NumberOfDependents,relative_minus_10,-0.1,0.0,0.1,0.0702107223085158,0.07021072230851579,-1.3877787807814457e-17,1.3877787807814457e-17,0,0,0,-1
gmsc,random_forest,50,NumberOfDependents,relative_minus_10,-0.1,0.0,0.1,0.15265829520102106,0.1526582952010211,2.7755575615628914e-17,2.7755575615628914e-17,0,0,0,-1
gmsc,random_forest,51,NumberOfDependents,relative_minus_10,-0.1,0.0,0.1,0.2628422782175456,0.2628422782175456,0.0,0.0,0,0,0,-1
gmsc,random_forest,52,NumberOfDependents,relative_minus_10,-0.1,0.0,0.1,0.07756754455616102,0.07756754455616106,4.163336342344337e-17,4.163336342344337e-17,0,0,0,-1
gmsc,random_forest,53,NumberOfDependents,relative_minus_10,-0.1,0.0,0.1,0.801766334910606,0.8017663349106061,1.1102230246251565e-16,1.1102230246251565e-16,1,1,0,-1
gmsc,random_forest,54,NumberOfDependents,relative_minus_10,-0.1,0.0,0.1,0.8582977428532704,0.8582977428532702,-2.220446049250313e-16,2.220446049250313e-16,1,1,0,-1
gmsc,random_forest,55,NumberOfDependents,relative_minus_10,-0.1,0.0,0.1,0.10544807655567226,0.10544807655567226,0.0,0.0,0,0,0,-1
gmsc,random_forest,56,NumberOfDependents,relative_minus_10,-0.1,0.0,0.1,0.16614971558636332,0.16614971558636332,0.0,0.0,0,0,0,-1
gmsc,random_forest,57,NumberOfDependents,relative_minus_10,-0.1,0.0,0.1,0.5819136422191914,0.5819136422191914,0.0,0.0,1,1,0,-1
gmsc,random_forest,58,NumberOfDependents,relative_minus_10,-0.1,0.0,0.1,0.7436704750418504,0.7436704750418504,0.0,0.0,1,1,0,-1
gmsc,random_forest,59,NumberOfDependents,relative_minus_10,-0.1,1.0,1.1,0.587090829362347,0.5870908293623472,2.220446049250313e-16,2.220446049250313e-16,1,1,0,-1
gmsc,random_forest,60,NumberOfDependents,relative_minus_10,-0.1,2.0,2.2,0.1649034942951832,0.16490349429518322,2.7755575615628914e-17,2.7755575615628914e-17,0,0,0,-1
gmsc,random_forest,61,NumberOfDependents,relative_minus_10,-0.1,1.0,1.1,0.2942532697850684,0.2942532697850684,0.0,0.0,0,0,0,-1
gmsc,random_forest,62,NumberOfDependents,relative_minus_10,-0.1,0.0,0.1,0.5335320712885583,0.5335320712885581,-2.220446049250313e-16,2.220446049250313e-16,1,1,0,-1
gmsc,random_forest,63,NumberOfDependents,relative_minus_10,-0.1,2.0,2.2,0.13289866287150406,0.13289866287150406,0.0,0.0,0,0,0,-1
gmsc,random_forest,64,NumberOfDependents,relative_minus_10,-0.1,0.0,0.1,0.2665313715697186,0.2665313715697186,0.0,0.0,0,0,0,-1
gmsc,random_forest,65,NumberOfDependents,relative_minus_10,-0.1,3.0,3.3,0.5063899923778815,0.5063899923778815,0.0,0.0,1,1,0,-1
gmsc,random_forest,66,NumberOfDependents,relative_minus_10,-0.1,0.0,0.1,0.1736576827952704,0.17365768279527044,2.7755575615628914e-17,2.7755575615628914e-17,0,0,0,-1
gmsc,random_forest,67,NumberOfDependents,relative_minus_10,-0.1,3.0,3.3,0.4600211443798788,0.460021144379879,2.220446049250313e-16,2.220446049250313e-16,0,0,0,-1
gmsc,random_forest,68,NumberOfDependents,relative_minus_10,-0.1,2.0,2.2,0.14330478155243379,0.14330478155243376,-2.7755575615628914e-17,2.7755575615628914e-17,0,0,0,-1
gmsc,random_forest,69,NumberOfDependents,relative_minus_10,-0.1,2.0,2.2,0.3889070815939389,0.3889070815939389,0.0,0.0,0,0,0,-1
gmsc,random_forest,70,NumberOfDependents,relative_minus_10,-0.1,0.0,0.1,0.4193795781899724,0.4193795781899724,0.0,0.0,0,0,0,-1
gmsc,random_forest,71,NumberOfDependents,relative_minus_10,-0.1,4.0,4.4,0.17008515516847897,0.17008515516847897,0.0,0.0,0,0,0,-1
gmsc,random_forest,72,NumberOfDependents,relative_minus_10,-0.1,0.0,0.1,0.20907874085396658,0.20907874085396658,0.0,0.0,0,0,0,-1
gmsc,random_forest,73,NumberOfDependents,relative_minus_10,-0.1,0.0,0.1,0.365051631552107,0.365051631552107,0.0,0.0,0,0,0,-1
gmsc,random_forest,74,NumberOfDependents,relative_minus_10,-0.1,0.0,0.1,0.2065140624206517,0.20651406242065173,2.7755575615628914e-17,2.7755575615628914e-17,0,0,0,-1
gmsc,random_forest,75,NumberOfDependents,relative_minus_10,-0.1,0.0,0.1,0.526646966431903,0.5266469664319028,-2.220446049250313e-16,2.220446049250313e-16,1,1,0,-1
gmsc,random_forest,76,NumberOfDependents,relative_minus_10,-0.1,1.0,1.1,0.12531638246166502,0.125316382461665,-2.7755575615628914e-17,2.7755575615628914e-17,0,0,0,-1
gmsc,random_forest,77,NumberOfDependents,relative_minus_10,-0.1,0.0,0.1,0.07799823819062678,0.0779982381906268,2.7755575615628914e-17,2.7755575615628914e-17,0,0,0,-1
gmsc,random_forest,78,NumberOfDependents,relative_minus_10,-0.1,0.0,0.1,0.10359585418304888,0.1035958541830489,1.3877787807814457e-17,1.3877787807814457e-17,0,0,0,-1
gmsc,random_forest,79,NumberOfDependents,relative_minus_10,-0.1,0.0,0.1,0.3455170212556861,0.345517021255686,-1.1102230246251565e-16,1.1102230246251565e-16,0,0,0,-1
gmsc,random_forest,80,NumberOfDependents,relative_minus_10,-0.1,0.0,0.1,0.2866632770366475,0.28666327703664746,-5.551115123125783e-17,5.551115123125783e-17,0,0,0,-1
gmsc,random_forest,81,NumberOfDependents,relative_minus_10,-0.1,0.0,0.1,0.17937720733779408,0.179377207337794,-8.326672684688674e-17,8.326672684688674e-17,0,0,0,-1
gmsc,random_forest,82,NumberOfDependents,relative_minus_10,-0.1,0.0,0.1,0.4339743246902932,0.4339743246902932,0.0,0.0,0,0,0,-1
gmsc,random_forest,83,NumberOfDependents,relative_minus_10,-0.1,1.0,1.1,0.1141917331465753,0.11419173314657527,-2.7755575615628914e-17,2.7755575615628914e-17,0,0,0,-1
gmsc,random_forest,84,NumberOfDependents,relative_minus_10,-0.1,3.0,3.3,0.59110890429795,0.5911089042979503,2.220446049250313e-16,2.220446049250313e-16,1,1,0,-1
gmsc,random_forest,85,NumberOfDependents,relative_minus_10,-0.1,0.0,0.1,0.10713867731747691,0.10713867731747688,-2.7755575615628914e-17,2.7755575615628914e-17,0,0,0,-1
gmsc,random_forest,86,NumberOfDependents,relative_minus_10,-0.1,0.0,0.1,0.16567388899210891,0.1656738889921089,-2.7755575615628914e-17,2.7755575615628914e-17,0,0,0,-1
gmsc,random_forest,87,NumberOfDependents,relative_minus_10,-0.1,0.0,0.1,0.14884578185477607,0.14884578185477607,0.0,0.0,0,0,0,-1
gmsc,random_forest,88,NumberOfDependents,relative_minus_10,-0.1,0.0,0.1,0.17254421040384832,0.17254421040384832,0.0,0.0,0,0,0,-1
gmsc,random_forest,89,NumberOfDependents,relative_minus_10,-0.1,2.0,2.2,0.4356553338681073,0.4356553338681073,0.0,0.0,0,0,0,-1
gmsc,random_forest,90,NumberOfDependents,relative_minus_10,-0.1,0.0,0.1,0.07549253017751428,0.07549253017751432,4.163336342344337e-17,4.163336342344337e-17,0,0,0,-1
gmsc,random_forest,91,NumberOfDependents,relative_minus_10,-0.1,1.0,1.1,0.1823130815219747,0.18231308152197467,-2.7755575615628914e-17,2.7755575615628914e-17,0,0,0,-1
gmsc,random_forest,92,NumberOfDependents,relative_minus_10,-0.1,0.0,0.1,0.0932513558600773,0.0932513558600773,0.0,0.0,0,0,0,-1
gmsc,random_forest,93,NumberOfDependents,relative_minus_10,-0.1,1.0,1.1,0.12998718901704973,0.12998718901704978,5.551115123125783e-17,5.551115123125783e-17,0,0,0,-1
gmsc,random_forest,94,NumberOfDependents,relative_minus_10,-0.1,0.0,0.1,0.11645345924668923,0.11645345924668926,2.7755575615628914e-17,2.7755575615628914e-17,0,0,0,-1
gmsc,random_forest,95,NumberOfDependents,relative_minus_10,-0.1,2.0,2.2,0.18825767339402502,0.18825767339402502,0.0,0.0,0,0,0,-1
gmsc,random_forest,96,NumberOfDependents,relative_minus_10,-0.1,0.0,0.1,0.14751307642369796,0.147513076423698,2.7755575615628914e-17,2.7755575615628914e-17,0,0,0,-1
gmsc,random_forest,97,NumberOfDependents,relative_minus_10,-0.1,0.0,0.1,0.1601265267080067,0.1601265267080067,0.0,0.0,0,0,0,-1
gmsc,random_forest,98,NumberOfDependents,relative_minus_10,-0.1,4.0,4.4,0.2792883685617908,0.2792883685617907,-1.1102230246251565e-16,1.1102230246251565e-16,0,0,0,-1
gmsc,random_forest,99,NumberOfDependents,relative_minus_10,-0.1,0.0,0.1,0.8587567687347458,0.8587567687347456,-2.220446049250313e-16,2.220446049250313e-16,1,1,0,-1
gmsc,random_forest,0,NumberOfDependents,relative_plus_10,0.1,0.0,0.1,0.12448314782663561,0.12448314782663561,0.0,0.0,0,0,0,-1
gmsc,random_forest,1,NumberOfDependents,relative_plus_10,0.1,0.0,0.1,0.12575902714321507,0.12575902714321502,-5.551115123125783e-17,5.551115123125783e-17,0,0,0,-1
gmsc,random_forest,2,NumberOfDependents,relative_plus_10,0.1,0.0,0.1,0.07737496123247078,0.07737496123247078,0.0,0.0,0,0,0,-1
gmsc,random_forest,3,NumberOfDependents,relative_plus_10,0.1,0.0,0.1,0.2222470545521674,0.2222470545521674,0.0,0.0,0,0,0,-1
gmsc,random_forest,4,NumberOfDependents,relative_plus_10,0.1,0.0,0.1,0.16593632439170214,0.16593632439170217,2.7755575615628914e-17,2.7755575615628914e-17,0,0,0,-1
gmsc,random_forest,5,NumberOfDependents,relative_plus_10,0.1,1.0,1.1,0.20005511957959218,0.2000551195795922,2.7755575615628914e-17,2.7755575615628914e-17,0,0,0,-1
gmsc,random_forest,6,NumberOfDependents,relative_plus_10,0.1,1.0,1.1,0.24736845321604625,0.24736845321604628,2.7755575615628914e-17,2.7755575615628914e-17,0,0,0,-1
gmsc,random_forest,7,NumberOfDependents,relative_plus_10,0.1,0.0,0.1,0.2020807786711973,0.2020807786711973,0.0,0.0,0,0,0,-1
gmsc,random_forest,8,NumberOfDependents,relative_plus_10,0.1,0.0,0.1,0.16030677171113558,0.16030677171113558,0.0,0.0,0,0,0,-1
gmsc,random_forest,9,NumberOfDependents,relative_plus_10,0.1,0.0,0.1,0.44585372419624947,0.44585372419624963,1.6653345369377348e-16,1.6653345369377348e-16,0,0,0,-1
gmsc,random_forest,10,NumberOfDependents,relative_plus_10,0.1,0.0,0.1,0.3047745297393056,0.30477452973930547,-1.1102230246251565e-16,1.1102230246251565e-16,0,0,0,-1
gmsc,random_forest,11,NumberOfDependents,relative_plus_10,0.1,2.0,2.2,0.2817436317150431,0.2817436317150432,1.1102230246251565e-16,1.1102230246251565e-16,0,0,0,-1
gmsc,random_forest,12,NumberOfDependents,relative_plus_10,0.1,0.0,0.1,0.07579737355923029,0.07579737355923029,0.0,0.0,0,0,0,-1
gmsc,random_forest,13,NumberOfDependents,relative_plus_10,0.1,0.0,0.1,0.8725178860518772,0.8725178860518767,-4.440892098500626e-16,4.440892098500626e-16,1,1,0,-1
gmsc,random_forest,14,NumberOfDependents,relative_plus_10,0.1,3.0,3.3,0.39620212705125957,0.3962021270512596,5.551115123125783e-17,5.551115123125783e-17,0,0,0,-1
gmsc,random_forest,15,NumberOfDependents,relative_plus_10,0.1,3.0,3.3,0.358132684091735,0.35813268409173504,5.551115123125783e-17,5.551115123125783e-17,0,0,0,-1
gmsc,random_forest,16,NumberOfDependents,relative_plus_10,0.1,0.0,0.1,0.4951408704187556,0.4951408704187558,2.220446049250313e-16,2.220446049250313e-16,0,0,0,-1
gmsc,random_forest,17,NumberOfDependents,relative_plus_10,0.1,0.0,0.1,0.1565391154880974,0.15653911548809743,2.7755575615628914e-17,2.7755575615628914e-17,0,0,0,-1
gmsc,random_forest,18,NumberOfDependents,relative_plus_10,0.1,1.0,1.1,0.4933265396567783,0.4933265396567782,-1.1102230246251565e-16,1.1102230246251565e-16,0,0,0,-1
gmsc,random_forest,19,NumberOfDependents,relative_plus_10,0.1,0.0,0.1,0.33709665441513037,0.33709665441513037,0.0,0.0,0,0,0,-1
gmsc,random_forest,20,NumberOfDependents,relative_plus_10,0.1,2.0,2.2,0.125253843611223,0.1252538436112229,-8.326672684688674e-17,8.326672684688674e-17,0,0,0,-1
gmsc,random_forest,21,NumberOfDependents,relative_plus_10,0.1,0.0,0.1,0.1384442554842199,0.1384442554842199,0.0,0.0,0,0,0,-1
gmsc,random_forest,22,NumberOfDependents,relative_plus_10,0.1,0.0,0.1,0.10721005514231308,0.1072100551423131,2.7755575615628914e-17,2.7755575615628914e-17,0,0,0,-1
gmsc,random_forest,23,NumberOfDependents,relative_plus_10,0.1,3.0,3.3,0.14155973703643895,0.141559737036439,5.551115123125783e-17,5.551115123125783e-17,0,0,0,-1
gmsc,random_forest,24,NumberOfDependents,relative_plus_10,0.1,1.0,1.1,0.08662915786666847,0.08662915786666849,1.3877787807814457e-17,1.3877787807814457e-17,0,0,0,-1
gmsc,random_forest,25,NumberOfDependents,relative_plus_10,0.1,0.0,0.1,0.498904333907652,0.49890433390765204,5.551115123125783e-17,5.551115123125783e-17,0,0,0,-1
gmsc,random_forest,26,NumberOfDependents,relative_plus_10,0.1,0.0,0.1,0.566313369934525,0.566313369934525,0.0,0.0,1,1,0,-1
gmsc,random_forest,27,NumberOfDependents,relative_plus_10,0.1,0.0,0.1,0.1401781194818076,0.1401781194818077,8.326672684688674e-17,8.326672684688674e-17,0,0,0,-1
gmsc,random_forest,28,NumberOfDependents,relative_plus_10,0.1,2.0,2.2,0.16169516515611407,0.1616951651561141,2.7755575615628914e-17,2.7755575615628914e-17,0,0,0,-1
gmsc,random_forest,29,NumberOfDependents,relative_plus_10,0.1,0.0,0.1,0.10365705573378153,0.10365705573378153,0.0,0.0,0,0,0,-1
gmsc,random_forest,30,NumberOfDependents,relative_plus_10,0.1,0.0,0.1,0.23541054599203737,0.23541054599203737,0.0,0.0,0,0,0,-1
gmsc,random_forest,31,NumberOfDependents,relative_plus_10,0.1,2.0,2.2,0.1471176133232665,0.14711761332326656,5.551115123125783e-17,5.551115123125783e-17,0,0,0,-1
gmsc,random_forest,32,NumberOfDependents,relative_plus_10,0.1,0.0,0.1,0.19156208452759005,0.19156208452759005,0.0,0.0,0,0,0,-1
gmsc,random_forest,33,NumberOfDependents,relative_plus_10,0.1,0.0,0.1,0.0986278280958683,0.09862782809586833,2.7755575615628914e-17,2.7755575615628914e-17,0,0,0,-1
gmsc,random_forest,34,NumberOfDependents,relative_plus_10,0.1,0.0,0.1,0.6110458318906421,0.6110458318906423,2.220446049250313e-16,2.220446049250313e-16,1,1,0,-1
gmsc,random_forest,35,NumberOfDependents,relative_plus_10,0.1,0.0,0.1,0.6296792388822089,0.629679238882209,1.1102230246251565e-16,1.1102230246251565e-16,1,1,0,-1
gmsc,random_forest,36,NumberOfDependents,relative_plus_10,0.1,0.0,0.1,0.35220418744329696,0.35220418744329696,0.0,0.0,0,0,0,-1
gmsc,random_forest,37,NumberOfDependents,relative_plus_10,0.1,0.0,0.1,0.5127242820218618,0.5127242820218618,0.0,0.0,1,1,0,-1
gmsc,random_forest,38,NumberOfDependents,relative_plus_10,0.1,0.0,0.1,0.25511103636130245,0.2551110363613025,5.551115123125783e-17,5.551115123125783e-17,0,0,0,-1
gmsc,random_forest,39,NumberOfDependents,relative_plus_10,0.1,3.0,3.3,0.25436458779402354,0.2543645877940235,-5.551115123125783e-17,5.551115123125783e-17,0,0,0,-1
gmsc,random_forest,40,NumberOfDependents,relative_plus_10,0.1,3.0,3.3,0.15364664040859202,0.15364664040859205,2.7755575615628914e-17,2.7755575615628914e-17,0,0,0,-1
gmsc,random_forest,41,NumberOfDependents,relative_plus_10,0.1,0.0,0.1,0.21481465988917767,0.21481465988917767,0.0,0.0,0,0,0,-1
gmsc,random_forest,42,NumberOfDependents,relative_plus_10,0.1,0.0,0.1,0.1501088987333263,0.15010889873332633,2.7755575615628914e-17,2.7755575615628914e-17,0,0,0,-1
gmsc,random_forest,43,NumberOfDependents,relative_plus_10,0.1,0.0,0.1,0.36253642583455215,0.3625364258345521,-5.551115123125783e-17,5.551115123125783e-17,0,0,0,-1
gmsc,random_forest,44,NumberOfDependents,relative_plus_10,0.1,2.0,2.2,0.13721131938118405,0.1372113193811841,5.551115123125783e-17,5.551115123125783e-17,0,0,0,-1
gmsc,random_forest,45,NumberOfDependents,relative_plus_10,0.1,0.0,0.1,0.1794370938336495,0.1794370938336495,0.0,0.0,0,0,0,-1
gmsc,random_forest,46,NumberOfDependents,relative_plus_10,0.1,0.0,0.1,0.3159103257559534,0.3159103257559534,0.0,0.0,0,0,0,-1
gmsc,random_forest,47,NumberOfDependents,relative_plus_10,0.1,0.0,0.1,0.09990560036967194,0.09990560036967197,2.7755575615628914e-17,2.7755575615628914e-17,0,0,0,-1
gmsc,random_forest,48,NumberOfDependents,relative_plus_10,0.1,0.0,0.1,0.12714889185513736,0.12714889185513734,-2.7755575615628914e-17,2.7755575615628914e-17,0,0,0,-1
gmsc,random_forest,49,NumberOfDependents,relative_plus_10,0.1,0.0,0.1,0.0702107223085158,0.07021072230851579,-1.3877787807814457e-17,1.3877787807814457e-17,0,0,0,-1
gmsc,random_forest,50,NumberOfDependents,relative_plus_10,0.1,0.0,0.1,0.15265829520102106,0.15265829520102112,5.551115123125783e-17,5.551115123125783e-17,0,0,0,-1
gmsc,random_forest,51,NumberOfDependents,relative_plus_10,0.1,0.0,0.1,0.2628422782175456,0.2628422782175456,0.0,0.0,0,0,0,-1
gmsc,random_forest,52,NumberOfDependents,relative_plus_10,0.1,0.0,0.1,0.07756754455616102,0.07756754455616105,2.7755575615628914e-17,2.7755575615628914e-17,0,0,0,-1
gmsc,random_forest,53,NumberOfDependents,relative_plus_10,0.1,0.0,0.1,0.801766334910606,0.801766334910606,0.0,0.0,1,1,0,-1
gmsc,random_forest,54,NumberOfDependents,relative_plus_10,0.1,0.0,0.1,0.8582977428532704,0.8582977428532704,0.0,0.0,1,1,0,-1
gmsc,random_forest,55,NumberOfDependents,relative_plus_10,0.1,0.0,0.1,0.10544807655567226,0.10544807655567226,0.0,0.0,0,0,0,-1
gmsc,random_forest,56,NumberOfDependents,relative_plus_10,0.1,0.0,0.1,0.16614971558636332,0.1661497155863633,-2.7755575615628914e-17,2.7755575615628914e-17,0,0,0,-1
gmsc,random_forest,57,NumberOfDependents,relative_plus_10,0.1,0.0,0.1,0.5819136422191914,0.5819136422191915,1.1102230246251565e-16,1.1102230246251565e-16,1,1,0,-1
gmsc,random_forest,58,NumberOfDependents,relative_plus_10,0.1,0.0,0.1,0.7436704750418504,0.7436704750418506,2.220446049250313e-16,2.220446049250313e-16,1,1,0,-1
gmsc,random_forest,59,NumberOfDependents,relative_plus_10,0.1,1.0,1.1,0.587090829362347,0.5870908293623474,3.3306690738754696e-16,3.3306690738754696e-16,1,1,0,-1
gmsc,random_forest,60,NumberOfDependents,relative_plus_10,0.1,2.0,2.2,0.1649034942951832,0.16490349429518322,2.7755575615628914e-17,2.7755575615628914e-17,0,0,0,-1
gmsc,random_forest,61,NumberOfDependents,relative_plus_10,0.1,1.0,1.1,0.2942532697850684,0.29425326978506827,-1.1102230246251565e-16,1.1102230246251565e-16,0,0,0,-1
gmsc,random_forest,62,NumberOfDependents,relative_plus_10,0.1,0.0,0.1,0.5335320712885583,0.533532071288558,-3.3306690738754696e-16,3.3306690738754696e-16,1,1,0,-1
gmsc,random_forest,63,NumberOfDependents,relative_plus_10,0.1,2.0,2.2,0.13289866287150406,0.13289866287150406,0.0,0.0,0,0,0,-1
gmsc,random_forest,64,NumberOfDependents,relative_plus_10,0.1,0.0,0.1,0.2665313715697186,0.2665313715697187,5.551115123125783e-17,5.551115123125783e-17,0,0,0,-1
gmsc,random_forest,65,NumberOfDependents,relative_plus_10,0.1,3.0,3.3,0.5063899923778815,0.5063899923778815,0.0,0.0,1,1,0,-1
gmsc,random_forest,66,NumberOfDependents,relative_plus_10,0.1,0.0,0.1,0.1736576827952704,0.17365768279527044,2.7755575615628914e-17,2.7755575615628914e-17,0,0,0,-1
gmsc,random_forest,67,NumberOfDependents,relative_plus_10,0.1,3.0,3.3,0.4600211443798788,0.4600211443798789,1.1102230246251565e-16,1.1102230246251565e-16,0,0,0,-1
gmsc,random_forest,68,NumberOfDependents,relative_plus_10,0.1,2.0,2.2,0.14330478155243379,0.14330478155243376,-2.7755575615628914e-17,2.7755575615628914e-17,0,0,0,-1
gmsc,random_forest,69,NumberOfDependents,relative_plus_10,0.1,2.0,2.2,0.3889070815939389,0.3889070815939389,0.0,0.0,0,0,0,-1
gmsc,random_forest,70,NumberOfDependents,relative_plus_10,0.1,0.0,0.1,0.4193795781899724,0.4193795781899724,0.0,0.0,0,0,0,-1
gmsc,random_forest,71,NumberOfDependents,relative_plus_10,0.1,4.0,4.4,0.17008515516847897,0.17008515516847897,0.0,0.0,0,0,0,-1
gmsc,random_forest,72,NumberOfDependents,relative_plus_10,0.1,0.0,0.1,0.20907874085396658,0.20907874085396658,0.0,0.0,0,0,0,-1
gmsc,random_forest,73,NumberOfDependents,relative_plus_10,0.1,0.0,0.1,0.365051631552107,0.365051631552107,0.0,0.0,0,0,0,-1
gmsc,random_forest,74,NumberOfDependents,relative_plus_10,0.1,0.0,0.1,0.2065140624206517,0.20651406242065173,2.7755575615628914e-17,2.7755575615628914e-17,0,0,0,-1
gmsc,random_forest,75,NumberOfDependents,relative_plus_10,0.1,0.0,0.1,0.526646966431903,0.5266469664319027,-3.3306690738754696e-16,3.3306690738754696e-16,1,1,0,-1
gmsc,random_forest,76,NumberOfDependents,relative_plus_10,0.1,1.0,1.1,0.12531638246166502,0.125316382461665,-2.7755575615628914e-17,2.7755575615628914e-17,0,0,0,-1
gmsc,random_forest,77,NumberOfDependents,relative_plus_10,0.1,0.0,0.1,0.07799823819062678,0.07799823819062678,0.0,0.0,0,0,0,-1
gmsc,random_forest,78,NumberOfDependents,relative_plus_10,0.1,0.0,0.1,0.10359585418304888,0.1035958541830489,1.3877787807814457e-17,1.3877787807814457e-17,0,0,0,-1
gmsc,random_forest,79,NumberOfDependents,relative_plus_10,0.1,0.0,0.1,0.3455170212556861,0.345517021255686,-1.1102230246251565e-16,1.1102230246251565e-16,0,0,0,-1
gmsc,random_forest,80,NumberOfDependents,relative_plus_10,0.1,0.0,0.1,0.2866632770366475,0.28666327703664746,-5.551115123125783e-17,5.551115123125783e-17,0,0,0,-1
gmsc,random_forest,81,NumberOfDependents,relative_plus_10,0.1,0.0,0.1,0.17937720733779408,0.17937720733779405,-2.7755575615628914e-17,2.7755575615628914e-17,0,0,0,-1
gmsc,random_forest,82,NumberOfDependents,relative_plus_10,0.1,0.0,0.1,0.4339743246902932,0.43397432469029334,1.6653345369377348e-16,1.6653345369377348e-16,0,0,0,-1
gmsc,random_forest,83,NumberOfDependents,relative_plus_10,0.1,1.0,1.1,0.1141917331465753,0.11419173314657527,-2.7755575615628914e-17,2.7755575615628914e-17,0,0,0,-1
gmsc,random_forest,84,NumberOfDependents,relative_plus_10,0.1,3.0,3.3,0.59110890429795,0.5911089042979503,2.220446049250313e-16,2.220446049250313e-16,1,1,0,-1
gmsc,random_forest,85,NumberOfDependents,relative_plus_10,0.1,0.0,0.1,0.10713867731747691,0.10713867731747691,0.0,0.0,0,0,0,-1
gmsc,random_forest,86,NumberOfDependents,relative_plus_10,0.1,0.0,0.1,0.16567388899210891,0.16567388899210886,-5.551115123125783e-17,5.551115123125783e-17,0,0,0,-1
gmsc,random_forest,87,NumberOfDependents,relative_plus_10,0.1,0.0,0.1,0.14884578185477607,0.14884578185477607,0.0,0.0,0,0,0,-1
gmsc,random_forest,88,NumberOfDependents,relative_plus_10,0.1,0.0,0.1,0.17254421040384832,0.1725442104038483,-2.7755575615628914e-17,2.7755575615628914e-17,0,0,0,-1
gmsc,random_forest,89,NumberOfDependents,relative_plus_10,0.1,2.0,2.2,0.4356553338681073,0.4356553338681074,1.1102230246251565e-16,1.1102230246251565e-16,0,0,0,-1
gmsc,random_forest,90,NumberOfDependents,relative_plus_10,0.1,0.0,0.1,0.07549253017751428,0.0754925301775143,1.3877787807814457e-17,1.3877787807814457e-17,0,0,0,-1
gmsc,random_forest,91,NumberOfDependents,relative_plus_10,0.1,1.0,1.1,0.1823130815219747,0.1823130815219747,0.0,0.0,0,0,0,-1
gmsc,random_forest,92,NumberOfDependents,relative_plus_10,0.1,0.0,0.1,0.0932513558600773,0.0932513558600773,0.0,0.0,0,0,0,-1
gmsc,random_forest,93,NumberOfDependents,relative_plus_10,0.1,1.0,1.1,0.12998718901704973,0.12998718901704973,0.0,0.0,0,0,0,-1
gmsc,random_forest,94,NumberOfDependents,relative_plus_10,0.1,0.0,0.1,0.11645345924668923,0.11645345924668926,2.7755575615628914e-17,2.7755575615628914e-17,0,0,0,-1
gmsc,random_forest,95,NumberOfDependents,relative_plus_10,0.1,2.0,2.2,0.18825767339402502,0.188257673394025,-2.7755575615628914e-17,2.7755575615628914e-17,0,0,0,-1
gmsc,random_forest,96,NumberOfDependents,relative_plus_10,0.1,0.0,0.1,0.14751307642369796,0.14751307642369796,0.0,0.0,0,0,0,-1
gmsc,random_forest,97,NumberOfDependents,relative_plus_10,0.1,0.0,0.1,0.1601265267080067,0.16012652670800673,2.7755575615628914e-17,2.7755575615628914e-17,0,0,0,-1
gmsc,random_forest,98,NumberOfDependents,relative_plus_10,0.1,4.0,4.4,0.2792883685617908,0.27928836856179073,-5.551115123125783e-17,5.551115123125783e-17,0,0,0,-1
gmsc,random_forest,99,NumberOfDependents,relative_plus_10,0.1,0.0,0.1,0.8587567687347458,0.8587567687347456,-2.220446049250313e-16,2.220446049250313e-16,1,1,0,-1
