dataset,model,instance_id,feature,perturbation,magnitude,original_value,perturbed_value,original_probability,perturbed_probability,probability_change,absolute_probability_change,original_prediction,perturbed_prediction,prediction_changed,true_label
gmsc,xgboost,0,RevolvingUtilizationOfUnsecuredLines,relative_minus_5,-0.05,0.030896358,0.0324411759,0.08203070610761642,0.08203070610761642,0.0,0.0,0,0,0,-1
gmsc,xgboost,1,RevolvingUtilizationOfUnsecuredLines,relative_minus_5,-0.05,0.02948292,0.030957066,0.07381805032491684,0.07381805032491684,0.0,0.0,0,0,0,-1
gmsc,xgboost,2,RevolvingUtilizationOfUnsecuredLines,relative_minus_5,-0.05,0.021382323,0.022451439150000002,0.057695530354976654,0.057695530354976654,0.0,0.0,0,0,0,-1
gmsc,xgboost,3,RevolvingUtilizationOfUnsecuredLines,relative_minus_5,-0.05,0.15189621,0.1594910205,0.29744529724121094,0.3013021647930145,0.003856867551803589,0.003856867551803589,0,0,0,-1
gmsc,xgboost,4,RevolvingUtilizationOfUnsecuredLines,relative_minus_5,-0.05,0.011665889,0.012249183450000001,0.10023795068264008,0.10023795068264008,0.0,0.0,0,0,0,-1
gmsc,xgboost,5,RevolvingUtilizationOfUnsecuredLines,relative_minus_5,-0.05,0.23322007,0.2448810735,0.19237148761749268,0.18802985548973083,-0.004341632127761841,0.004341632127761841,0,0,0,-1
gmsc,xgboost,6,RevolvingUtilizationOfUnsecuredLines,relative_minus_5,-0.05,0.39567325,0.4154569125,0.2720617651939392,0.2985757887363434,0.026514023542404175,0.026514023542404175,0,0,0,-1
gmsc,xgboost,7,RevolvingUtilizationOfUnsecuredLines,relative_minus_5,-0.05,0.2807908,0.29483034,0.2072291374206543,0.23080188035964966,0.02357274293899536,0.02357274293899536,0,0,0,-1
gmsc,xgboost,8,RevolvingUtilizationOfUnsecuredLines,relative_minus_5,-0.05,0.0,0.00455047435,0.14596141874790192,0.07773148268461227,-0.06822993606328964,0.06822993606328964,0,0,0,-1
gmsc,xgboost,9,RevolvingUtilizationOfUnsecuredLines,relative_minus_5,-0.05,0.12197734,0.128076207,0.3907460570335388,0.3887563645839691,-0.001989692449569702,0.001989692449569702,0,0,0,-1
gmsc,xgboost,10,RevolvingUtilizationOfUnsecuredLines,relative_minus_5,-0.05,0.3846793,0.403913265,0.43983033299446106,0.45480889081954956,0.014978557825088501,0.014978557825088501,0,0,0,-1
gmsc,xgboost,11,RevolvingUtilizationOfUnsecuredLines,relative_minus_5,-0.05,0.43613514,0.457941897,0.2212306559085846,0.22060900926589966,-0.0006216466426849365,0.0006216466426849365,0,0,0,-1
gmsc,xgboost,12,RevolvingUtilizationOfUnsecuredLines,relative_minus_5,-0.05,0.09578084,0.100569882,0.034909687936306,0.036875225603580475,0.001965537667274475,0.001965537667274475,0,0,0,-1
gmsc,xgboost,13,RevolvingUtilizationOfUnsecuredLines,relative_minus_5,-0.05,0.9999999,1.049999895,0.8862441778182983,0.9013800621032715,0.015135884284973145,0.015135884284973145,1,1,0,-1
gmsc,xgboost,14,RevolvingUtilizationOfUnsecuredLines,relative_minus_5,-0.05,0.47141215,0.4949827575,0.30772891640663147,0.33106735348701477,0.0233384370803833,0.0233384370803833,0,0,0,-1
gmsc,xgboost,15,RevolvingUtilizationOfUnsecuredLines,relative_minus_5,-0.05,0.03738817,0.0392575785,0.2524952292442322,0.24205578863620758,-0.010439440608024597,0.010439440608024597,0,0,0,-1
gmsc,xgboost,16,RevolvingUtilizationOfUnsecuredLines,relative_minus_5,-0.05,0.36518577,0.38344505850000005,0.48664188385009766,0.49433448910713196,0.007692605257034302,0.007692605257034302,0,0,0,-1
gmsc,xgboost,17,RevolvingUtilizationOfUnsecuredLines,relative_minus_5,-0.05,0.044219106,0.0464300613,0.09193970263004303,0.08482582867145538,-0.0071138739585876465,0.0071138739585876465,0,0,0,-1
gmsc,xgboost,18,RevolvingUtilizationOfUnsecuredLines,relative_minus_5,-0.05,0.9999999,1.049999895,0.3769620656967163,0.5363765954971313,0.15941452980041504,0.15941452980041504,0,1,1,-1
gmsc,xgboost,19,RevolvingUtilizationOfUnsecuredLines,relative_minus_5,-0.05,0.050904956,0.0534502038,0.21186602115631104,0.21169039607048035,-0.00017562508583068848,0.00017562508583068848,0,0,0,-1
gmsc,xgboost,20,RevolvingUtilizationOfUnsecuredLines,relative_minus_5,-0.05,0.028527671,0.02995405455,0.04993200674653053,0.04993200674653053,0.0,0.0,0,0,0,-1
gmsc,xgboost,21,RevolvingUtilizationOfUnsecuredLines,relative_minus_5,-0.05,0.06357361,0.0667522905,0.08262580633163452,0.12108433246612549,0.03845852613449097,0.03845852613449097,0,0,0,-1
gmsc,xgboost,22,RevolvingUtilizationOfUnsecuredLines,relative_minus_5,-0.05,0.002599913,0.00272990865,0.06402596086263657,0.06680278480052948,0.002776823937892914,0.002776823937892914,0,0,0,-1
gmsc,xgboost,23,RevolvingUtilizationOfUnsecuredLines,relative_minus_5,-0.05,0.03161417,0.0331948785,0.08952450007200241,0.08952450007200241,0.0,0.0,0,0,0,-1
gmsc,xgboost,24,RevolvingUtilizationOfUnsecuredLines,relative_minus_5,-0.05,0.025913903,0.02720959815,0.034259602427482605,0.029467055574059486,-0.004792546853423119,0.004792546853423119,0,0,0,-1
gmsc,xgboost,25,RevolvingUtilizationOfUnsecuredLines,relative_minus_5,-0.05,0.8536293,0.8963107650000001,0.49923714995384216,0.5214267373085022,0.022189587354660034,0.022189587354660034,0,1,1,-1
gmsc,xgboost,26,RevolvingUtilizationOfUnsecuredLines,relative_minus_5,-0.05,0.9999999,1.049999895,0.46355003118515015,0.6479224562644958,0.1843724250793457,0.1843724250793457,0,1,1,-1
gmsc,xgboost,27,RevolvingUtilizationOfUnsecuredLines,relative_minus_5,-0.05,0.063485205,0.06665946525000001,0.16462162137031555,0.24344806373119354,0.07882644236087799,0.07882644236087799,0,0,0,-1
gmsc,xgboost,28,RevolvingUtilizationOfUnsecuredLines,relative_minus_5,-0.05,0.0,0.00455047435,0.222405344247818,0.12288457155227661,-0.09952077269554138,0.09952077269554138,0,0,0,-1
gmsc,xgboost,29,RevolvingUtilizationOfUnsecuredLines,relative_minus_5,-0.05,0.015614713,0.01639544865,0.06126169487833977,0.060589488595724106,-0.0006722062826156616,0.0006722062826156616,0,0,0,-1
gmsc,xgboost,30,RevolvingUtilizationOfUnsecuredLines,relative_minus_5,-0.05,0.09734902,0.10221647099999999,0.25775110721588135,0.26229164004325867,0.004540532827377319,0.004540532827377319,0,0,0,-1
gmsc,xgboost,31,RevolvingUtilizationOfUnsecuredLines,relative_minus_5,-0.05,0.09229909,0.0969140445,0.14284415543079376,0.14536242187023163,0.002518266439437866,0.002518266439437866,0,0,0,-1
gmsc,xgboost,32,RevolvingUtilizationOfUnsecuredLines,relative_minus_5,-0.05,0.22324374,0.234405927,0.1354866921901703,0.16970203816890717,0.03421534597873688,0.03421534597873688,0,0,0,-1
gmsc,xgboost,33,RevolvingUtilizationOfUnsecuredLines,relative_minus_5,-0.05,0.023850212,0.025042722599999998,0.0799889788031578,0.08270712941884995,0.0027181506156921387,0.0027181506156921387,0,0,0,-1
gmsc,xgboost,34,RevolvingUtilizationOfUnsecuredLines,relative_minus_5,-0.05,0.57284,0.6014820000000001,0.5890139937400818,0.5890139937400818,0.0,0.0,1,1,0,-1
gmsc,xgboost,35,RevolvingUtilizationOfUnsecuredLines,relative_minus_5,-0.05,0.2748278,0.28856919000000003,0.7353684902191162,0.7404928803443909,0.005124390125274658,0.005124390125274658,1,1,0,-1
gmsc,xgboost,36,RevolvingUtilizationOfUnsecuredLines,relative_minus_5,-0.05,0.74517345,0.7824321225,0.1960536539554596,0.20360007882118225,0.007546424865722656,0.007546424865722656,0,0,0,-1
gmsc,xgboost,37,RevolvingUtilizationOfUnsecuredLines,relative_minus_5,-0.05,0.72366506,0.759848313,0.35266122221946716,0.35266122221946716,0.0,0.0,0,0,0,-1
gmsc,xgboost,38,RevolvingUtilizationOfUnsecuredLines,relative_minus_5,-0.05,0.45712107,0.4799771235,0.2510143518447876,0.26358774304389954,0.012573391199111938,0.012573391199111938,0,0,0,-1
gmsc,xgboost,39,RevolvingUtilizationOfUnsecuredLines,relative_minus_5,-0.05,0.06888933,0.07233379649999999,0.4371665418148041,0.4371665418148041,0.0,0.0,0,0,0,-1
gmsc,xgboost,40,RevolvingUtilizationOfUnsecuredLines,relative_minus_5,-0.05,0.0,0.00455047435,0.13587132096290588,0.07304266840219498,-0.06282865256071091,0.06282865256071091,0,0,0,-1
gmsc,xgboost,41,RevolvingUtilizationOfUnsecuredLines,relative_minus_5,-0.05,0.011121044,0.0116770962,0.18514351546764374,0.1834614872932434,-0.0016820281744003296,0.0016820281744003296,0,0,0,-1
gmsc,xgboost,42,RevolvingUtilizationOfUnsecuredLines,relative_minus_5,-0.05,0.07121731,0.0747781755,0.10479436814785004,0.09222673624753952,-0.012567631900310516,0.012567631900310516,0,0,0,-1
gmsc,xgboost,43,RevolvingUtilizationOfUnsecuredLines,relative_minus_5,-0.05,0.4177215,0.438607575,0.5401685833930969,0.557885468006134,0.01771688461303711,0.01771688461303711,1,1,0,-1
gmsc,xgboost,44,RevolvingUtilizationOfUnsecuredLines,relative_minus_5,-0.05,0.10908173,0.1145358165,0.11184448003768921,0.11184448003768921,0.0,0.0,0,0,0,-1
gmsc,xgboost,45,RevolvingUtilizationOfUnsecuredLines,relative_minus_5,-0.05,0.040165327,0.042173593350000003,0.12677443027496338,0.12905700504779816,0.002282574772834778,0.002282574772834778,0,0,0,-1
gmsc,xgboost,46,RevolvingUtilizationOfUnsecuredLines,relative_minus_5,-0.05,0.52790403,0.5542992314999999,0.25457122921943665,0.25457122921943665,0.0,0.0,0,0,0,-1
gmsc,xgboost,47,RevolvingUtilizationOfUnsecuredLines,relative_minus_5,-0.05,0.06679555,0.0701353275,0.05936043709516525,0.06308331340551376,0.0037228763103485107,0.0037228763103485107,0,0,0,-1
gmsc,xgboost,48,RevolvingUtilizationOfUnsecuredLines,relative_minus_5,-0.05,0.10128987,0.10635436350000001,0.08543100953102112,0.08543100953102112,0.0,0.0,0,0,0,-1
gmsc,xgboost,49,RevolvingUtilizationOfUnsecuredLines,relative_minus_5,-0.05,0.026742943,0.02808009015,0.03611498698592186,0.03611498698592186,0.0,0.0,0,0,0,-1
gmsc,xgboost,50,RevolvingUtilizationOfUnsecuredLines,relative_minus_5,-0.05,0.14541522,0.15268598100000003,0.1643790304660797,0.1643790304660797,0.0,0.0,0,0,0,-1
gmsc,xgboost,51,RevolvingUtilizationOfUnsecuredLines,relative_minus_5,-0.05,0.2929907,0.307640235,0.2535255253314972,0.30997729301452637,0.056451767683029175,0.056451767683029175,0,0,0,-1
gmsc,xgboost,52,RevolvingUtilizationOfUnsecuredLines,relative_minus_5,-0.05,0.017210783,0.01807132215,0.043543241918087006,0.043543241918087006,0.0,0.0,0,0,0,-1
gmsc,xgboost,53,RevolvingUtilizationOfUnsecuredLines,relative_minus_5,-0.05,0.7669077,0.8052530849999999,0.8459349870681763,0.8566458225250244,0.010710835456848145,0.010710835456848145,1,1,0,-1
gmsc,xgboost,54,RevolvingUtilizationOfUnsecuredLines,relative_minus_5,-0.05,1.0356027,1.087382835,0.9326093792915344,0.9326093792915344,0.0,0.0,1,1,0,-1
gmsc,xgboost,55,RevolvingUtilizationOfUnsecuredLines,relative_minus_5,-0.05,0.011375782,0.011944571099999999,0.0761168822646141,0.0761168822646141,0.0,0.0,0,0,0,-1
gmsc,xgboost,56,RevolvingUtilizationOfUnsecuredLines,relative_minus_5,-0.05,0.0,0.00455047435,0.15863358974456787,0.08865288645029068,-0.06998070329427719,0.06998070329427719,0,0,0,-1
gmsc,xgboost,57,RevolvingUtilizationOfUnsecuredLines,relative_minus_5,-0.05,0.9999999,1.049999895,0.5884111523628235,0.7299038171768188,0.14149266481399536,0.14149266481399536,1,1,0,-1
gmsc,xgboost,58,RevolvingUtilizationOfUnsecuredLines,relative_minus_5,-0.05,0.5012159,0.5262766950000001,0.6777902245521545,0.6853811144828796,0.007590889930725098,0.007590889930725098,1,1,0,-1
gmsc,xgboost,59,RevolvingUtilizationOfUnsecuredLines,relative_minus_5,-0.05,0.8254279,0.866699295,0.628955066204071,0.6609846949577332,0.03202962875366211,0.03202962875366211,1,1,0,-1
gmsc,xgboost,60,RevolvingUtilizationOfUnsecuredLines,relative_minus_5,-0.05,0.0,0.00455047435,0.17468222975730896,0.09077414870262146,-0.0839080810546875,0.0839080810546875,0,0,0,-1
gmsc,xgboost,61,RevolvingUtilizationOfUnsecuredLines,relative_minus_5,-0.05,0.28095686,0.295004703,0.3342180848121643,0.3617036044597626,0.027485519647598267,0.027485519647598267,0,0,0,-1
gmsc,xgboost,62,RevolvingUtilizationOfUnsecuredLines,relative_minus_5,-0.05,0.9999999,1.049999895,0.46969300508499146,0.6171171069145203,0.1474241018295288,0.1474241018295288,0,1,1,-1
gmsc,xgboost,63,RevolvingUtilizationOfUnsecuredLines,relative_minus_5,-0.05,0.0717633,0.075351465,0.09234394878149033,0.0640677809715271,-0.028276167809963226,0.028276167809963226,0,0,0,-1
gmsc,xgboost,64,RevolvingUtilizationOfUnsecuredLines,relative_minus_5,-0.05,0.0,0.00455047435,0.36687836050987244,0.21822507679462433,-0.1486532837152481,0.1486532837152481,0,0,0,-1
gmsc,xgboost,65,RevolvingUtilizationOfUnsecuredLines,relative_minus_5,-0.05,0.00931117,0.0097767285,0.3751460015773773,0.3751460015773773,0.0,0.0,0,0,0,-1
gmsc,xgboost,66,RevolvingUtilizationOfUnsecuredLines,relative_minus_5,-0.05,0.27445123,0.2881737915,0.1265122890472412,0.12810809910297394,0.001595810055732727,0.001595810055732727,0,0,0,-1
gmsc,xgboost,67,RevolvingUtilizationOfUnsecuredLines,relative_minus_5,-0.05,0.69228846,0.7269028829999999,0.4232633113861084,0.4447719156742096,0.021508604288101196,0.021508604288101196,0,0,0,-1
gmsc,xgboost,68,RevolvingUtilizationOfUnsecuredLines,relative_minus_5,-0.05,0.07034841,0.07386583050000001,0.10810530185699463,0.10374341905117035,-0.00436188280582428,0.00436188280582428,0,0,0,-1
gmsc,xgboost,69,RevolvingUtilizationOfUnsecuredLines,relative_minus_5,-0.05,0.21850161,0.2294266905,0.5635039806365967,0.6188756823539734,0.05537170171737671,0.05537170171737671,1,1,0,-1
gmsc,xgboost,70,RevolvingUtilizationOfUnsecuredLines,relative_minus_5,-0.05,0.023867318,0.0250606839,0.39893585443496704,0.40768948197364807,0.00875362753868103,0.00875362753868103,0,0,0,-1
gmsc,xgboost,71,RevolvingUtilizationOfUnsecuredLines,relative_minus_5,-0.05,0.050140366,0.0526473843,0.10639937967061996,0.09963473677635193,-0.006764642894268036,0.006764642894268036,0,0,0,-1
gmsc,xgboost,72,RevolvingUtilizationOfUnsecuredLines,relative_minus_5,-0.05,0.06126258,0.064325709,0.19083499908447266,0.1979486346244812,0.007113635540008545,0.007113635540008545,0,0,0,-1
gmsc,xgboost,73,RevolvingUtilizationOfUnsecuredLines,relative_minus_5,-0.05,0.44115546,0.463213233,0.3986653685569763,0.39107978343963623,-0.007585585117340088,0.007585585117340088,0,0,0,-1
gmsc,xgboost,74,RevolvingUtilizationOfUnsecuredLines,relative_minus_5,-0.05,0.18675703,0.19609488149999998,0.18615853786468506,0.18484526872634888,-0.0013132691383361816,0.0013132691383361816,0,0,0,-1
gmsc,xgboost,75,RevolvingUtilizationOfUnsecuredLines,relative_minus_5,-0.05,0.5988024,0.62874252,0.5547352433204651,0.5759046673774719,0.021169424057006836,0.021169424057006836,1,1,0,-1
gmsc,xgboost,76,RevolvingUtilizationOfUnsecuredLines,relative_minus_5,-0.05,0.018871846,0.0198154383,0.11016565561294556,0.11016565561294556,0.0,0.0,0,0,0,-1
gmsc,xgboost,77,RevolvingUtilizationOfUnsecuredLines,relative_minus_5,-0.05,0.0223315,0.023448075000000002,0.05538906157016754,0.05538906157016754,0.0,0.0,0,0,0,-1
gmsc,xgboost,78,RevolvingUtilizationOfUnsecuredLines,relative_minus_5,-0.05,0.053710874,0.0563964177,0.05751078575849533,0.0585828460752964,0.0010720603168010712,0.0010720603168010712,0,0,0,-1
gmsc,xgboost,79,RevolvingUtilizationOfUnsecuredLines,relative_minus_5,-0.05,0.4251497,0.44640718500000004,0.2844957709312439,0.29759013652801514,0.01309436559677124,0.01309436559677124,0,0,0,-1
gmsc,xgboost,80,RevolvingUtilizationOfUnsecuredLines,relative_minus_5,-0.05,0.51730984,0.543175332,0.1406598836183548,0.1406598836183548,0.0,0.0,0,0,0,-1
gmsc,xgboost,81,RevolvingUtilizationOfUnsecuredLines,relative_minus_5,-0.05,0.089719884,0.0942058782,0.16070415079593658,0.15863442420959473,-0.002069726586341858,0.002069726586341858,0,0,0,-1
gmsc,xgboost,82,RevolvingUtilizationOfUnsecuredLines,relative_minus_5,-0.05,0.5517315,0.579318075,0.4081357717514038,0.4066534638404846,-0.0014823079109191895,0.0014823079109191895,0,0,0,-1
gmsc,xgboost,83,RevolvingUtilizationOfUnsecuredLines,relative_minus_5,-0.05,0.04207145,0.0441750225,0.06326539814472198,0.06953109800815582,0.006265699863433838,0.006265699863433838,0,0,0,-1
gmsc,xgboost,84,RevolvingUtilizationOfUnsecuredLines,relative_minus_5,-0.05,0.9999999,1.049999895,0.6416367292404175,0.7652810215950012,0.12364429235458374,0.12364429235458374,1,1,0,-1
gmsc,xgboost,85,RevolvingUtilizationOfUnsecuredLines,relative_minus_5,-0.05,0.009346499,0.00981382395,0.06614423543214798,0.06614423543214798,0.0,0.0,0,0,0,-1
gmsc,xgboost,86,RevolvingUtilizationOfUnsecuredLines,relative_minus_5,-0.05,0.005071066,0.0053246193,0.12697042524814606,0.12273813039064407,-0.004232294857501984,0.004232294857501984,0,0,0,-1
gmsc,xgboost,87,RevolvingUtilizationOfUnsecuredLines,relative_minus_5,-0.05,0.012843349,0.01348551645,0.106936976313591,0.0980878695845604,-0.008849106729030609,0.008849106729030609,0,0,0,-1
gmsc,xgboost,88,RevolvingUtilizationOfUnsecuredLines,relative_minus_5,-0.05,0.1560879,0.163892295,0.12650665640830994,0.12650665640830994,0.0,0.0,0,0,0,-1
gmsc,xgboost,89,RevolvingUtilizationOfUnsecuredLines,relative_minus_5,-0.05,0.604072,0.6342756,0.3815006911754608,0.4091738760471344,0.027673184871673584,0.027673184871673584,0,0,0,-1
gmsc,xgboost,90,RevolvingUtilizationOfUnsecuredLines,relative_minus_5,-0.05,0.03815551,0.0400632855,0.044368140399456024,0.040910299867391586,-0.003457840532064438,0.003457840532064438,0,0,0,-1
gmsc,xgboost,91,RevolvingUtilizationOfUnsecuredLines,relative_minus_5,-0.05,0.037672102,0.0395557071,0.1482551395893097,0.1387774497270584,-0.009477689862251282,0.009477689862251282,0,0,0,-1
gmsc,xgboost,92,RevolvingUtilizationOfUnsecuredLines,relative_minus_5,-0.05,0.007924802,0.0083210421,0.06322672218084335,0.06797058135271072,0.004743859171867371,0.004743859171867371,0,0,0,-1
gmsc,xgboost,93,RevolvingUtilizationOfUnsecuredLines,relative_minus_5,-0.05,0.01435026,0.015067773,0.1017114520072937,0.10264000296592712,0.0009285509586334229,0.0009285509586334229,0,0,0,-1
gmsc,xgboost,94,RevolvingUtilizationOfUnsecuredLines,relative_minus_5,-0.05,0.03742409,0.0392952945,0.14927543699741364,0.13882941007614136,-0.010446026921272278,0.010446026921272278,0,0,0,-1
gmsc,xgboost,95,RevolvingUtilizationOfUnsecuredLines,relative_minus_5,-0.05,0.052285843,0.05490013515,0.22754548490047455,0.24066856503486633,0.013123080134391785,0.013123080134391785,0,0,0,-1
gmsc,xgboost,96,RevolvingUtilizationOfUnsecuredLines,relative_minus_5,-0.05,0.13591728,0.14271314400000001,0.13160045444965363,0.14373929798603058,0.012138843536376953,0.012138843536376953,0,0,0,-1
gmsc,xgboost,97,RevolvingUtilizationOfUnsecuredLines,relative_minus_5,-0.05,0.010577377,0.01110624585,0.0985931009054184,0.0985931009054184,0.0,0.0,0,0,0,-1
gmsc,xgboost,98,RevolvingUtilizationOfUnsecuredLines,relative_minus_5,-0.05,0.29667103,0.3115045815,0.35479238629341125,0.40629521012306213,0.05150282382965088,0.05150282382965088,0,0,0,-1
gmsc,xgboost,99,RevolvingUtilizationOfUnsecuredLines,relative_minus_5,-0.05,0.8326131,0.874243755,0.9183781147003174,0.9263523817062378,0.00797426700592041,0.00797426700592041,1,1,0,-1
gmsc,xgboost,0,RevolvingUtilizationOfUnsecuredLines,relative_plus_5,0.05,0.030896358,0.0324411759,0.08203070610761642,0.08203070610761642,0.0,0.0,0,0,0,-1
gmsc,xgboost,1,RevolvingUtilizationOfUnsecuredLines,relative_plus_5,0.05,0.02948292,0.030957066,0.07381805032491684,0.07381805032491684,0.0,0.0,0,0,0,-1
gmsc,xgboost,2,RevolvingUtilizationOfUnsecuredLines,relative_plus_5,0.05,0.021382323,0.022451439150000002,0.057695530354976654,0.057695530354976654,0.0,0.0,0,0,0,-1
gmsc,xgboost,3,RevolvingUtilizationOfUnsecuredLines,relative_plus_5,0.05,0.15189621,0.1594910205,0.29744529724121094,0.3013021647930145,0.003856867551803589,0.003856867551803589,0,0,0,-1
gmsc,xgboost,4,RevolvingUtilizationOfUnsecuredLines,relative_plus_5,0.05,0.011665889,0.012249183450000001,0.10023795068264008,0.10023795068264008,0.0,0.0,0,0,0,-1
gmsc,xgboost,5,RevolvingUtilizationOfUnsecuredLines,relative_plus_5,0.05,0.23322007,0.2448810735,0.19237148761749268,0.18802985548973083,-0.004341632127761841,0.004341632127761841,0,0,0,-1
gmsc,xgboost,6,RevolvingUtilizationOfUnsecuredLines,relative_plus_5,0.05,0.39567325,0.4154569125,0.2720617651939392,0.2985757887363434,0.026514023542404175,0.026514023542404175,0,0,0,-1
gmsc,xgboost,7,RevolvingUtilizationOfUnsecuredLines,relative_plus_5,0.05,0.2807908,0.29483034,0.2072291374206543,0.23080188035964966,0.02357274293899536,0.02357274293899536,0,0,0,-1
gmsc,xgboost,8,RevolvingUtilizationOfUnsecuredLines,relative_plus_5,0.05,0.0,0.00455047435,0.14596141874790192,0.07773148268461227,-0.06822993606328964,0.06822993606328964,0,0,0,-1
gmsc,xgboost,9,RevolvingUtilizationOfUnsecuredLines,relative_plus_5,0.05,0.12197734,0.128076207,0.3907460570335388,0.3887563645839691,-0.001989692449569702,0.001989692449569702,0,0,0,-1
gmsc,xgboost,10,RevolvingUtilizationOfUnsecuredLines,relative_plus_5,0.05,0.3846793,0.403913265,0.43983033299446106,0.45480889081954956,0.014978557825088501,0.014978557825088501,0,0,0,-1
gmsc,xgboost,11,RevolvingUtilizationOfUnsecuredLines,relative_plus_5,0.05,0.43613514,0.457941897,0.2212306559085846,0.22060900926589966,-0.0006216466426849365,0.0006216466426849365,0,0,0,-1
gmsc,xgboost,12,RevolvingUtilizationOfUnsecuredLines,relative_plus_5,0.05,0.09578084,0.100569882,0.034909687936306,0.036875225603580475,0.001965537667274475,0.001965537667274475,0,0,0,-1
gmsc,xgboost,13,RevolvingUtilizationOfUnsecuredLines,relative_plus_5,0.05,0.9999999,1.049999895,0.8862441778182983,0.9013800621032715,0.015135884284973145,0.015135884284973145,1,1,0,-1
gmsc,xgboost,14,RevolvingUtilizationOfUnsecuredLines,relative_plus_5,0.05,0.47141215,0.4949827575,0.30772891640663147,0.33106735348701477,0.0233384370803833,0.0233384370803833,0,0,0,-1
gmsc,xgboost,15,RevolvingUtilizationOfUnsecuredLines,relative_plus_5,0.05,0.03738817,0.0392575785,0.2524952292442322,0.24205578863620758,-0.010439440608024597,0.010439440608024597,0,0,0,-1
gmsc,xgboost,16,RevolvingUtilizationOfUnsecuredLines,relative_plus_5,0.05,0.36518577,0.38344505850000005,0.48664188385009766,0.49433448910713196,0.007692605257034302,0.007692605257034302,0,0,0,-1
gmsc,xgboost,17,RevolvingUtilizationOfUnsecuredLines,relative_plus_5,0.05,0.044219106,0.0464300613,0.09193970263004303,0.08482582867145538,-0.0071138739585876465,0.0071138739585876465,0,0,0,-1
gmsc,xgboost,18,RevolvingUtilizationOfUnsecuredLines,relative_plus_5,0.05,0.9999999,1.049999895,0.3769620656967163,0.5363765954971313,0.15941452980041504,0.15941452980041504,0,1,1,-1
gmsc,xgboost,19,RevolvingUtilizationOfUnsecuredLines,relative_plus_5,0.05,0.050904956,0.0534502038,0.21186602115631104,0.21169039607048035,-0.00017562508583068848,0.00017562508583068848,0,0,0,-1
gmsc,xgboost,20,RevolvingUtilizationOfUnsecuredLines,relative_plus_5,0.05,0.028527671,0.02995405455,0.04993200674653053,0.04993200674653053,0.0,0.0,0,0,0,-1
gmsc,xgboost,21,RevolvingUtilizationOfUnsecuredLines,relative_plus_5,0.05,0.06357361,0.0667522905,0.08262580633163452,0.12108433246612549,0.03845852613449097,0.03845852613449097,0,0,0,-1
gmsc,xgboost,22,RevolvingUtilizationOfUnsecuredLines,relative_plus_5,0.05,0.002599913,0.00272990865,0.06402596086263657,0.06680278480052948,0.002776823937892914,0.002776823937892914,0,0,0,-1
gmsc,xgboost,23,RevolvingUtilizationOfUnsecuredLines,relative_plus_5,0.05,0.03161417,0.0331948785,0.08952450007200241,0.08952450007200241,0.0,0.0,0,0,0,-1
gmsc,xgboost,24,RevolvingUtilizationOfUnsecuredLines,relative_plus_5,0.05,0.025913903,0.02720959815,0.034259602427482605,0.029467055574059486,-0.004792546853423119,0.004792546853423119,0,0,0,-1
gmsc,xgboost,25,RevolvingUtilizationOfUnsecuredLines,relative_plus_5,0.05,0.8536293,0.8963107650000001,0.49923714995384216,0.5214267373085022,0.022189587354660034,0.022189587354660034,0,1,1,-1
gmsc,xgboost,26,RevolvingUtilizationOfUnsecuredLines,relative_plus_5,0.05,0.9999999,1.049999895,0.46355003118515015,0.6479224562644958,0.1843724250793457,0.1843724250793457,0,1,1,-1
gmsc,xgboost,27,RevolvingUtilizationOfUnsecuredLines,relative_plus_5,0.05,0.063485205,0.06665946525000001,0.16462162137031555,0.24344806373119354,0.07882644236087799,0.07882644236087799,0,0,0,-1
gmsc,xgboost,28,RevolvingUtilizationOfUnsecuredLines,relative_plus_5,0.05,0.0,0.00455047435,0.222405344247818,0.12288457155227661,-0.09952077269554138,0.09952077269554138,0,0,0,-1
gmsc,xgboost,29,RevolvingUtilizationOfUnsecuredLines,relative_plus_5,0.05,0.015614713,0.01639544865,0.06126169487833977,0.060589488595724106,-0.0006722062826156616,0.0006722062826156616,0,0,0,-1
gmsc,xgboost,30,RevolvingUtilizationOfUnsecuredLines,relative_plus_5,0.05,0.09734902,0.10221647099999999,0.25775110721588135,0.26229164004325867,0.004540532827377319,0.004540532827377319,0,0,0,-1
gmsc,xgboost,31,RevolvingUtilizationOfUnsecuredLines,relative_plus_5,0.05,0.09229909,0.0969140445,0.14284415543079376,0.14536242187023163,0.002518266439437866,0.002518266439437866,0,0,0,-1
gmsc,xgboost,32,RevolvingUtilizationOfUnsecuredLines,relative_plus_5,0.05,0.22324374,0.234405927,0.1354866921901703,0.16970203816890717,0.03421534597873688,0.03421534597873688,0,0,0,-1
gmsc,xgboost,33,RevolvingUtilizationOfUnsecuredLines,relative_plus_5,0.05,0.023850212,0.025042722599999998,0.0799889788031578,0.08270712941884995,0.0027181506156921387,0.0027181506156921387,0,0,0,-1
gmsc,xgboost,34,RevolvingUtilizationOfUnsecuredLines,relative_plus_5,0.05,0.57284,0.6014820000000001,0.5890139937400818,0.5890139937400818,0.0,0.0,1,1,0,-1
gmsc,xgboost,35,RevolvingUtilizationOfUnsecuredLines,relative_plus_5,0.05,0.2748278,0.28856919000000003,0.7353684902191162,0.7404928803443909,0.005124390125274658,0.005124390125274658,1,1,0,-1
gmsc,xgboost,36,RevolvingUtilizationOfUnsecuredLines,relative_plus_5,0.05,0.74517345,0.7824321225,0.1960536539554596,0.20360007882118225,0.007546424865722656,0.007546424865722656,0,0,0,-1
gmsc,xgboost,37,RevolvingUtilizationOfUnsecuredLines,relative_plus_5,0.05,0.72366506,0.759848313,0.35266122221946716,0.35266122221946716,0.0,0.0,0,0,0,-1
gmsc,xgboost,38,RevolvingUtilizationOfUnsecuredLines,relative_plus_5,0.05,0.45712107,0.4799771235,0.2510143518447876,0.26358774304389954,0.012573391199111938,0.012573391199111938,0,0,0,-1
gmsc,xgboost,39,RevolvingUtilizationOfUnsecuredLines,relative_plus_5,0.05,0.06888933,0.07233379649999999,0.4371665418148041,0.4371665418148041,0.0,0.0,0,0,0,-1
gmsc,xgboost,40,RevolvingUtilizationOfUnsecuredLines,relative_plus_5,0.05,0.0,0.00455047435,0.13587132096290588,0.07304266840219498,-0.06282865256071091,0.06282865256071091,0,0,0,-1
gmsc,xgboost,41,RevolvingUtilizationOfUnsecuredLines,relative_plus_5,0.05,0.011121044,0.0116770962,0.18514351546764374,0.1834614872932434,-0.0016820281744003296,0.0016820281744003296,0,0,0,-1
gmsc,xgboost,42,RevolvingUtilizationOfUnsecuredLines,relative_plus_5,0.05,0.07121731,0.0747781755,0.10479436814785004,0.09222673624753952,-0.012567631900310516,0.012567631900310516,0,0,0,-1
gmsc,xgboost,43,RevolvingUtilizationOfUnsecuredLines,relative_plus_5,0.05,0.4177215,0.438607575,0.5401685833930969,0.557885468006134,0.01771688461303711,0.01771688461303711,1,1,0,-1
gmsc,xgboost,44,RevolvingUtilizationOfUnsecuredLines,relative_plus_5,0.05,0.10908173,0.1145358165,0.11184448003768921,0.11184448003768921,0.0,0.0,0,0,0,-1
gmsc,xgboost,45,RevolvingUtilizationOfUnsecuredLines,relative_plus_5,0.05,0.040165327,0.042173593350000003,0.12677443027496338,0.12905700504779816,0.002282574772834778,0.002282574772834778,0,0,0,-1
gmsc,xgboost,46,RevolvingUtilizationOfUnsecuredLines,relative_plus_5,0.05,0.52790403,0.5542992314999999,0.25457122921943665,0.25457122921943665,0.0,0.0,0,0,0,-1
gmsc,xgboost,47,RevolvingUtilizationOfUnsecuredLines,relative_plus_5,0.05,0.06679555,0.0701353275,0.05936043709516525,0.06308331340551376,0.0037228763103485107,0.0037228763103485107,0,0,0,-1
gmsc,xgboost,48,RevolvingUtilizationOfUnsecuredLines,relative_plus_5,0.05,0.10128987,0.10635436350000001,0.08543100953102112,0.08543100953102112,0.0,0.0,0,0,0,-1
gmsc,xgboost,49,RevolvingUtilizationOfUnsecuredLines,relative_plus_5,0.05,0.026742943,0.02808009015,0.03611498698592186,0.03611498698592186,0.0,0.0,0,0,0,-1
gmsc,xgboost,50,RevolvingUtilizationOfUnsecuredLines,relative_plus_5,0.05,0.14541522,0.15268598100000003,0.1643790304660797,0.1643790304660797,0.0,0.0,0,0,0,-1
gmsc,xgboost,51,RevolvingUtilizationOfUnsecuredLines,relative_plus_5,0.05,0.2929907,0.307640235,0.2535255253314972,0.30997729301452637,0.056451767683029175,0.056451767683029175,0,0,0,-1
gmsc,xgboost,52,RevolvingUtilizationOfUnsecuredLines,relative_plus_5,0.05,0.017210783,0.01807132215,0.043543241918087006,0.043543241918087006,0.0,0.0,0,0,0,-1
gmsc,xgboost,53,RevolvingUtilizationOfUnsecuredLines,relative_plus_5,0.05,0.7669077,0.8052530849999999,0.8459349870681763,0.8566458225250244,0.010710835456848145,0.010710835456848145,1,1,0,-1
gmsc,xgboost,54,RevolvingUtilizationOfUnsecuredLines,relative_plus_5,0.05,1.0356027,1.087382835,0.9326093792915344,0.9326093792915344,0.0,0.0,1,1,0,-1
gmsc,xgboost,55,RevolvingUtilizationOfUnsecuredLines,relative_plus_5,0.05,0.011375782,0.011944571099999999,0.0761168822646141,0.0761168822646141,0.0,0.0,0,0,0,-1
gmsc,xgboost,56,RevolvingUtilizationOfUnsecuredLines,relative_plus_5,0.05,0.0,0.00455047435,0.15863358974456787,0.08865288645029068,-0.06998070329427719,0.06998070329427719,0,0,0,-1
gmsc,xgboost,57,RevolvingUtilizationOfUnsecuredLines,relative_plus_5,0.05,0.9999999,1.049999895,0.5884111523628235,0.7299038171768188,0.14149266481399536,0.14149266481399536,1,1,0,-1
gmsc,xgboost,58,RevolvingUtilizationOfUnsecuredLines,relative_plus_5,0.05,0.5012159,0.5262766950000001,0.6777902245521545,0.6853811144828796,0.007590889930725098,0.007590889930725098,1,1,0,-1
gmsc,xgboost,59,RevolvingUtilizationOfUnsecuredLines,relative_plus_5,0.05,0.8254279,0.866699295,0.628955066204071,0.6609846949577332,0.03202962875366211,0.03202962875366211,1,1,0,-1
gmsc,xgboost,60,RevolvingUtilizationOfUnsecuredLines,relative_plus_5,0.05,0.0,0.00455047435,0.17468222975730896,0.09077414870262146,-0.0839080810546875,0.0839080810546875,0,0,0,-1
gmsc,xgboost,61,RevolvingUtilizationOfUnsecuredLines,relative_plus_5,0.05,0.28095686,0.295004703,0.3342180848121643,0.3617036044597626,0.027485519647598267,0.027485519647598267,0,0,0,-1
gmsc,xgboost,62,RevolvingUtilizationOfUnsecuredLines,relative_plus_5,0.05,0.9999999,1.049999895,0.46969300508499146,0.6171171069145203,0.1474241018295288,0.1474241018295288,0,1,1,-1
gmsc,xgboost,63,RevolvingUtilizationOfUnsecuredLines,relative_plus_5,0.05,0.0717633,0.075351465,0.09234394878149033,0.0640677809715271,-0.028276167809963226,0.028276167809963226,0,0,0,-1
gmsc,xgboost,64,RevolvingUtilizationOfUnsecuredLines,relative_plus_5,0.05,0.0,0.00455047435,0.36687836050987244,0.21822507679462433,-0.1486532837152481,0.1486532837152481,0,0,0,-1
gmsc,xgboost,65,RevolvingUtilizationOfUnsecuredLines,relative_plus_5,0.05,0.00931117,0.0097767285,0.3751460015773773,0.3751460015773773,0.0,0.0,0,0,0,-1
gmsc,xgboost,66,RevolvingUtilizationOfUnsecuredLines,relative_plus_5,0.05,0.27445123,0.2881737915,0.1265122890472412,0.12810809910297394,0.001595810055732727,0.001595810055732727,0,0,0,-1
gmsc,xgboost,67,RevolvingUtilizationOfUnsecuredLines,relative_plus_5,0.05,0.69228846,0.7269028829999999,0.4232633113861084,0.4447719156742096,0.021508604288101196,0.021508604288101196,0,0,0,-1
gmsc,xgboost,68,RevolvingUtilizationOfUnsecuredLines,relative_plus_5,0.05,0.07034841,0.07386583050000001,0.10810530185699463,0.10374341905117035,-0.00436188280582428,0.00436188280582428,0,0,0,-1
gmsc,xgboost,69,RevolvingUtilizationOfUnsecuredLines,relative_plus_5,0.05,0.21850161,0.2294266905,0.5635039806365967,0.6188756823539734,0.05537170171737671,0.05537170171737671,1,1,0,-1
gmsc,xgboost,70,RevolvingUtilizationOfUnsecuredLines,relative_plus_5,0.05,0.023867318,0.0250606839,0.39893585443496704,0.40768948197364807,0.00875362753868103,0.00875362753868103,0,0,0,-1
gmsc,xgboost,71,RevolvingUtilizationOfUnsecuredLines,relative_plus_5,0.05,0.050140366,0.0526473843,0.10639937967061996,0.09963473677635193,-0.006764642894268036,0.006764642894268036,0,0,0,-1
gmsc,xgboost,72,RevolvingUtilizationOfUnsecuredLines,relative_plus_5,0.05,0.06126258,0.064325709,0.19083499908447266,0.1979486346244812,0.007113635540008545,0.007113635540008545,0,0,0,-1
gmsc,xgboost,73,RevolvingUtilizationOfUnsecuredLines,relative_plus_5,0.05,0.44115546,0.463213233,0.3986653685569763,0.39107978343963623,-0.007585585117340088,0.007585585117340088,0,0,0,-1
gmsc,xgboost,74,RevolvingUtilizationOfUnsecuredLines,relative_plus_5,0.05,0.18675703,0.19609488149999998,0.18615853786468506,0.18484526872634888,-0.0013132691383361816,0.0013132691383361816,0,0,0,-1
gmsc,xgboost,75,RevolvingUtilizationOfUnsecuredLines,relative_plus_5,0.05,0.5988024,0.62874252,0.5547352433204651,0.5759046673774719,0.021169424057006836,0.021169424057006836,1,1,0,-1
gmsc,xgboost,76,RevolvingUtilizationOfUnsecuredLines,relative_plus_5,0.05,0.018871846,0.0198154383,0.11016565561294556,0.11016565561294556,0.0,0.0,0,0,0,-1
gmsc,xgboost,77,RevolvingUtilizationOfUnsecuredLines,relative_plus_5,0.05,0.0223315,0.023448075000000002,0.05538906157016754,0.05538906157016754,0.0,0.0,0,0,0,-1
gmsc,xgboost,78,RevolvingUtilizationOfUnsecuredLines,relative_plus_5,0.05,0.053710874,0.0563964177,0.05751078575849533,0.0585828460752964,0.0010720603168010712,0.0010720603168010712,0,0,0,-1
gmsc,xgboost,79,RevolvingUtilizationOfUnsecuredLines,relative_plus_5,0.05,0.4251497,0.44640718500000004,0.2844957709312439,0.29759013652801514,0.01309436559677124,0.01309436559677124,0,0,0,-1
gmsc,xgboost,80,RevolvingUtilizationOfUnsecuredLines,relative_plus_5,0.05,0.51730984,0.543175332,0.1406598836183548,0.1406598836183548,0.0,0.0,0,0,0,-1
gmsc,xgboost,81,RevolvingUtilizationOfUnsecuredLines,relative_plus_5,0.05,0.089719884,0.0942058782,0.16070415079593658,0.15863442420959473,-0.002069726586341858,0.002069726586341858,0,0,0,-1
gmsc,xgboost,82,RevolvingUtilizationOfUnsecuredLines,relative_plus_5,0.05,0.5517315,0.579318075,0.4081357717514038,0.4066534638404846,-0.0014823079109191895,0.0014823079109191895,0,0,0,-1
gmsc,xgboost,83,RevolvingUtilizationOfUnsecuredLines,relative_plus_5,0.05,0.04207145,0.0441750225,0.06326539814472198,0.06953109800815582,0.006265699863433838,0.006265699863433838,0,0,0,-1
gmsc,xgboost,84,RevolvingUtilizationOfUnsecuredLines,relative_plus_5,0.05,0.9999999,1.049999895,0.6416367292404175,0.7652810215950012,0.12364429235458374,0.12364429235458374,1,1,0,-1
gmsc,xgboost,85,RevolvingUtilizationOfUnsecuredLines,relative_plus_5,0.05,0.009346499,0.00981382395,0.06614423543214798,0.06614423543214798,0.0,0.0,0,0,0,-1
gmsc,xgboost,86,RevolvingUtilizationOfUnsecuredLines,relative_plus_5,0.05,0.005071066,0.0053246193,0.12697042524814606,0.12273813039064407,-0.004232294857501984,0.004232294857501984,0,0,0,-1
gmsc,xgboost,87,RevolvingUtilizationOfUnsecuredLines,relative_plus_5,0.05,0.012843349,0.01348551645,0.106936976313591,0.0980878695845604,-0.008849106729030609,0.008849106729030609,0,0,0,-1
gmsc,xgboost,88,RevolvingUtilizationOfUnsecuredLines,relative_plus_5,0.05,0.1560879,0.163892295,0.12650665640830994,0.12650665640830994,0.0,0.0,0,0,0,-1
gmsc,xgboost,89,RevolvingUtilizationOfUnsecuredLines,relative_plus_5,0.05,0.604072,0.6342756,0.3815006911754608,0.4091738760471344,0.027673184871673584,0.027673184871673584,0,0,0,-1
gmsc,xgboost,90,RevolvingUtilizationOfUnsecuredLines,relative_plus_5,0.05,0.03815551,0.0400632855,0.044368140399456024,0.040910299867391586,-0.003457840532064438,0.003457840532064438,0,0,0,-1
gmsc,xgboost,91,RevolvingUtilizationOfUnsecuredLines,relative_plus_5,0.05,0.037672102,0.0395557071,0.1482551395893097,0.1387774497270584,-0.009477689862251282,0.009477689862251282,0,0,0,-1
gmsc,xgboost,92,RevolvingUtilizationOfUnsecuredLines,relative_plus_5,0.05,0.007924802,0.0083210421,0.06322672218084335,0.06797058135271072,0.004743859171867371,0.004743859171867371,0,0,0,-1
gmsc,xgboost,93,RevolvingUtilizationOfUnsecuredLines,relative_plus_5,0.05,0.01435026,0.015067773,0.1017114520072937,0.10264000296592712,0.0009285509586334229,0.0009285509586334229,0,0,0,-1
gmsc,xgboost,94,RevolvingUtilizationOfUnsecuredLines,relative_plus_5,0.05,0.03742409,0.0392952945,0.14927543699741364,0.13882941007614136,-0.010446026921272278,0.010446026921272278,0,0,0,-1
gmsc,xgboost,95,RevolvingUtilizationOfUnsecuredLines,relative_plus_5,0.05,0.052285843,0.05490013515,0.22754548490047455,0.24066856503486633,0.013123080134391785,0.013123080134391785,0,0,0,-1
gmsc,xgboost,96,RevolvingUtilizationOfUnsecuredLines,relative_plus_5,0.05,0.13591728,0.14271314400000001,0.13160045444965363,0.14373929798603058,0.012138843536376953,0.012138843536376953,0,0,0,-1
gmsc,xgboost,97,RevolvingUtilizationOfUnsecuredLines,relative_plus_5,0.05,0.010577377,0.01110624585,0.0985931009054184,0.0985931009054184,0.0,0.0,0,0,0,-1
gmsc,xgboost,98,RevolvingUtilizationOfUnsecuredLines,relative_plus_5,0.05,0.29667103,0.3115045815,0.35479238629341125,0.40629521012306213,0.05150282382965088,0.05150282382965088,0,0,0,-1
gmsc,xgboost,99,RevolvingUtilizationOfUnsecuredLines,relative_plus_5,0.05,0.8326131,0.874243755,0.9183781147003174,0.9263523817062378,0.00797426700592041,0.00797426700592041,1,1,0,-1
gmsc,xgboost,0,RevolvingUtilizationOfUnsecuredLines,relative_minus_10,-0.1,0.030896358,0.033985993799999996,0.08203070610761642,0.08203070610761642,0.0,0.0,0,0,0,-1
gmsc,xgboost,1,RevolvingUtilizationOfUnsecuredLines,relative_minus_10,-0.1,0.02948292,0.032431212,0.07381805032491684,0.072947658598423,-0.0008703917264938354,0.0008703917264938354,0,0,0,-1
gmsc,xgboost,2,RevolvingUtilizationOfUnsecuredLines,relative_minus_10,-0.1,0.021382323,0.023520555300000003,0.057695530354976654,0.057695530354976654,0.0,0.0,0,0,0,-1
gmsc,xgboost,3,RevolvingUtilizationOfUnsecuredLines,relative_minus_10,-0.1,0.15189621,0.16708583100000002,0.29744529724121094,0.3013021647930145,0.003856867551803589,0.003856867551803589,0,0,0,-1
gmsc,xgboost,4,RevolvingUtilizationOfUnsecuredLines,relative_minus_10,-0.1,0.011665889,0.0128324779,0.10023795068264008,0.09746946394443512,-0.002768486738204956,0.002768486738204956,0,0,0,-1
gmsc,xgboost,5,RevolvingUtilizationOfUnsecuredLines,relative_minus_10,-0.1,0.23322007,0.256542077,0.19237148761749268,0.18137000501155853,-0.011001482605934143,0.011001482605934143,0,0,0,-1
gmsc,xgboost,6,RevolvingUtilizationOfUnsecuredLines,relative_minus_10,-0.1,0.39567325,0.43524057499999996,0.2720617651939392,0.31203562021255493,0.03997385501861572,0.03997385501861572,0,0,0,-1
gmsc,xgboost,7,RevolvingUtilizationOfUnsecuredLines,relative_minus_10,-0.1,0.2807908,0.30886988,0.2072291374206543,0.25197935104370117,0.044750213623046875,0.044750213623046875,0,0,0,-1
gmsc,xgboost,8,RevolvingUtilizationOfUnsecuredLines,relative_minus_10,-0.1,0.0,0.0091009487,0.14596141874790192,0.0856037586927414,-0.06035766005516052,0.06035766005516052,0,0,0,-1
gmsc,xgboost,9,RevolvingUtilizationOfUnsecuredLines,relative_minus_10,-0.1,0.12197734,0.134175074,0.3907460570335388,0.4032442569732666,0.012498199939727783,0.012498199939727783,0,0,0,-1
gmsc,xgboost,10,RevolvingUtilizationOfUnsecuredLines,relative_minus_10,-0.1,0.3846793,0.42314723,0.43983033299446106,0.4676695764064789,0.027839243412017822,0.027839243412017822,0,0,0,-1
gmsc,xgboost,11,RevolvingUtilizationOfUnsecuredLines,relative_minus_10,-0.1,0.43613514,0.479748654,0.2212306559085846,0.23213143646717072,0.01090078055858612,0.01090078055858612,0,0,0,-1
gmsc,xgboost,12,RevolvingUtilizationOfUnsecuredLines,relative_minus_10,-0.1,0.09578084,0.105358924,0.034909687936306,0.036875225603580475,0.001965537667274475,0.001965537667274475,0,0,0,-1
gmsc,xgboost,13,RevolvingUtilizationOfUnsecuredLines,relative_minus_10,-0.1,0.9999999,1.09999989,0.8862441778182983,0.9013800621032715,0.015135884284973145,0.015135884284973145,1,1,0,-1
gmsc,xgboost,14,RevolvingUtilizationOfUnsecuredLines,relative_minus_10,-0.1,0.47141215,0.5185533649999999,0.30772891640663147,0.3938535153865814,0.08612459897994995,0.08612459897994995,0,0,0,-1
gmsc,xgboost,15,RevolvingUtilizationOfUnsecuredLines,relative_minus_10,-0.1,0.03738817,0.041126987,0.2524952292442322,0.25444844365119934,0.001953214406967163,0.001953214406967163,0,0,0,-1
gmsc,xgboost,16,RevolvingUtilizationOfUnsecuredLines,relative_minus_10,-0.1,0.36518577,0.401704347,0.48664188385009766,0.509028971195221,0.02238708734512329,0.02238708734512329,0,1,1,-1
gmsc,xgboost,17,RevolvingUtilizationOfUnsecuredLines,relative_minus_10,-0.1,0.044219106,0.0486410166,0.09193970263004303,0.08965145796537399,-0.002288244664669037,0.002288244664669037,0,0,0,-1
gmsc,xgboost,18,RevolvingUtilizationOfUnsecuredLines,relative_minus_10,-0.1,0.9999999,1.09999989,0.3769620656967163,0.5363765954971313,0.15941452980041504,0.15941452980041504,0,1,1,-1
gmsc,xgboost,19,RevolvingUtilizationOfUnsecuredLines,relative_minus_10,-0.1,0.050904956,0.0559954516,0.21186602115631104,0.21498095989227295,0.003114938735961914,0.003114938735961914,0,0,0,-1
gmsc,xgboost,20,RevolvingUtilizationOfUnsecuredLines,relative_minus_10,-0.1,0.028527671,0.031380438100000005,0.04993200674653053,0.04993200674653053,0.0,0.0,0,0,0,-1
gmsc,xgboost,21,RevolvingUtilizationOfUnsecuredLines,relative_minus_10,-0.1,0.06357361,0.06993097100000001,0.08262580633163452,0.12815091013908386,0.04552510380744934,0.04552510380744934,0,0,0,-1
gmsc,xgboost,22,RevolvingUtilizationOfUnsecuredLines,relative_minus_10,-0.1,0.002599913,0.0028599043,0.06402596086263657,0.06680278480052948,0.002776823937892914,0.002776823937892914,0,0,0,-1
gmsc,xgboost,23,RevolvingUtilizationOfUnsecuredLines,relative_minus_10,-0.1,0.03161417,0.034775587,0.08952450007200241,0.08952450007200241,0.0,0.0,0,0,0,-1
gmsc,xgboost,24,RevolvingUtilizationOfUnsecuredLines,relative_minus_10,-0.1,0.025913903,0.028505293299999998,0.034259602427482605,0.028771305456757545,-0.0054882969707250595,0.0054882969707250595,0,0,0,-1
gmsc,xgboost,25,RevolvingUtilizationOfUnsecuredLines,relative_minus_10,-0.1,0.8536293,0.93899223,0.49923714995384216,0.5233308672904968,0.024093717336654663,0.024093717336654663,0,1,1,-1
gmsc,xgboost,26,RevolvingUtilizationOfUnsecuredLines,relative_minus_10,-0.1,0.9999999,1.09999989,0.46355003118515015,0.6479224562644958,0.1843724250793457,0.1843724250793457,0,1,1,-1
gmsc,xgboost,27,RevolvingUtilizationOfUnsecuredLines,relative_minus_10,-0.1,0.063485205,0.0698337255,0.16462162137031555,0.24347704648971558,0.07885542511940002,0.07885542511940002,0,0,0,-1
gmsc,xgboost,28,RevolvingUtilizationOfUnsecuredLines,relative_minus_10,-0.1,0.0,0.0091009487,0.222405344247818,0.14065468311309814,-0.08175066113471985,0.08175066113471985,0,0,0,-1
gmsc,xgboost,29,RevolvingUtilizationOfUnsecuredLines,relative_minus_10,-0.1,0.015614713,0.0171761843,0.06126169487833977,0.060589488595724106,-0.0006722062826156616,0.0006722062826156616,0,0,0,-1
gmsc,xgboost,30,RevolvingUtilizationOfUnsecuredLines,relative_minus_10,-0.1,0.09734902,0.107083922,0.25775110721588135,0.26229164004325867,0.004540532827377319,0.004540532827377319,0,0,0,-1
gmsc,xgboost,31,RevolvingUtilizationOfUnsecuredLines,relative_minus_10,-0.1,0.09229909,0.101528999,0.14284415543079376,0.15457774698734283,0.011733591556549072,0.011733591556549072,0,0,0,-1
gmsc,xgboost,32,RevolvingUtilizationOfUnsecuredLines,relative_minus_10,-0.1,0.22324374,0.245568114,0.1354866921901703,0.16576702892780304,0.03028033673763275,0.03028033673763275,0,0,0,-1
gmsc,xgboost,33,RevolvingUtilizationOfUnsecuredLines,relative_minus_10,-0.1,0.023850212,0.0262352332,0.0799889788031578,0.08402930945158005,0.004040330648422241,0.004040330648422241,0,0,0,-1
gmsc,xgboost,34,RevolvingUtilizationOfUnsecuredLines,relative_minus_10,-0.1,0.57284,0.630124,0.5890139937400818,0.6010004878044128,0.011986494064331055,0.011986494064331055,1,1,0,-1
gmsc,xgboost,35,RevolvingUtilizationOfUnsecuredLines,relative_minus_10,-0.1,0.2748278,0.30231058,0.7353684902191162,0.7762424945831299,0.04087400436401367,0.04087400436401367,1,1,0,-1
gmsc,xgboost,36,RevolvingUtilizationOfUnsecuredLines,relative_minus_10,-0.1,0.74517345,0.819690795,0.1960536539554596,0.20711322128772736,0.011059567332267761,0.011059567332267761,0,0,0,-1
gmsc,xgboost,37,RevolvingUtilizationOfUnsecuredLines,relative_minus_10,-0.1,0.72366506,0.7960315659999999,0.35266122221946716,0.3657265901565552,0.013065367937088013,0.013065367937088013,0,0,0,-1
gmsc,xgboost,38,RevolvingUtilizationOfUnsecuredLines,relative_minus_10,-0.1,0.45712107,0.5028331770000001,0.2510143518447876,0.2696095108985901,0.01859515905380249,0.01859515905380249,0,0,0,-1
gmsc,xgboost,39,RevolvingUtilizationOfUnsecuredLines,relative_minus_10,-0.1,0.06888933,0.075778263,0.4371665418148041,0.3016529083251953,-0.13551363348960876,0.13551363348960876,0,0,0,-1
gmsc,xgboost,40,RevolvingUtilizationOfUnsecuredLines,relative_minus_10,-0.1,0.0,0.0091009487,0.13587132096290588,0.08048152178525925,-0.05538979917764664,0.05538979917764664,0,0,0,-1
gmsc,xgboost,41,RevolvingUtilizationOfUnsecuredLines,relative_minus_10,-0.1,0.011121044,0.0122331484,0.18514351546764374,0.1834614872932434,-0.0016820281744003296,0.0016820281744003296,0,0,0,-1
gmsc,xgboost,42,RevolvingUtilizationOfUnsecuredLines,relative_minus_10,-0.1,0.07121731,0.07833904100000001,0.10479436814785004,0.10064911097288132,-0.0041452571749687195,0.0041452571749687195,0,0,0,-1
gmsc,xgboost,43,RevolvingUtilizationOfUnsecuredLines,relative_minus_10,-0.1,0.4177215,0.45949365000000003,0.5401685833930969,0.5492988228797913,0.009130239486694336,0.009130239486694336,1,1,0,-1
gmsc,xgboost,44,RevolvingUtilizationOfUnsecuredLines,relative_minus_10,-0.1,0.10908173,0.11998990300000001,0.11184448003768921,0.11724783480167389,0.00540335476398468,0.00540335476398468,0,0,0,-1
gmsc,xgboost,45,RevolvingUtilizationOfUnsecuredLines,relative_minus_10,-0.1,0.040165327,0.0441818597,0.12677443027496338,0.15122298896312714,0.024448558688163757,0.024448558688163757,0,0,0,-1
gmsc,xgboost,46,RevolvingUtilizationOfUnsecuredLines,relative_minus_10,-0.1,0.52790403,0.580694433,0.25457122921943665,0.25457122921943665,0.0,0.0,0,0,0,-1
gmsc,xgboost,47,RevolvingUtilizationOfUnsecuredLines,relative_minus_10,-0.1,0.06679555,0.073475105,0.05936043709516525,0.06308331340551376,0.0037228763103485107,0.0037228763103485107,0,0,0,-1
gmsc,xgboost,48,RevolvingUtilizationOfUnsecuredLines,relative_minus_10,-0.1,0.10128987,0.11141885700000001,0.08543100953102112,0.08598241209983826,0.0005514025688171387,0.0005514025688171387,0,0,0,-1
gmsc,xgboost,49,RevolvingUtilizationOfUnsecuredLines,relative_minus_10,-0.1,0.026742943,0.029417237300000003,0.03611498698592186,0.03526797145605087,-0.0008470155298709869,0.0008470155298709869,0,0,0,-1
gmsc,xgboost,50,RevolvingUtilizationOfUnsecuredLines,relative_minus_10,-0.1,0.14541522,0.159956742,0.1643790304660797,0.1643790304660797,0.0,0.0,0,0,0,-1
gmsc,xgboost,51,RevolvingUtilizationOfUnsecuredLines,relative_minus_10,-0.1,0.2929907,0.32228977,0.2535255253314972,0.32650119066238403,0.07297566533088684,0.07297566533088684,0,0,0,-1
gmsc,xgboost,52,RevolvingUtilizationOfUnsecuredLines,relative_minus_10,-0.1,0.017210783,0.018931861300000002,0.043543241918087006,0.043508946895599365,-3.429502248764038e-05,3.429502248764038e-05,0,0,0,-1
gmsc,xgboost,53,RevolvingUtilizationOfUnsecuredLines,relative_minus_10,-0.1,0.7669077,0.84359847,0.8459349870681763,0.8586204051971436,0.012685418128967285,0.012685418128967285,1,1,0,-1
gmsc,xgboost,54,RevolvingUtilizationOfUnsecuredLines,relative_minus_10,-0.1,1.0356027,1.13916297,0.9326093792915344,0.9326093792915344,0.0,0.0,1,1,0,-1
gmsc,xgboost,55,RevolvingUtilizationOfUnsecuredLines,relative_minus_10,-0.1,0.011375782,0.012513360199999999,0.0761168822646141,0.06691756099462509,-0.009199321269989014,0.009199321269989014,0,0,0,-1
gmsc,xgboost,56,RevolvingUtilizationOfUnsecuredLines,relative_minus_10,-0.1,0.0,0.0091009487,0.15863358974456787,0.0975143313407898,-0.061119258403778076,0.061119258403778076,0,0,0,-1
gmsc,xgboost,57,RevolvingUtilizationOfUnsecuredLines,relative_minus_10,-0.1,0.9999999,1.09999989,0.5884111523628235,0.7299038171768188,0.14149266481399536,0.14149266481399536,1,1,0,-1
gmsc,xgboost,58,RevolvingUtilizationOfUnsecuredLines,relative_minus_10,-0.1,0.5012159,0.5513374900000001,0.6777902245521545,0.6853811144828796,0.007590889930725098,0.007590889930725098,1,1,0,-1
gmsc,xgboost,59,RevolvingUtilizationOfUnsecuredLines,relative_minus_10,-0.1,0.8254279,0.90797069,0.628955066204071,0.661084771156311,0.03212970495223999,0.03212970495223999,1,1,0,-1
gmsc,xgboost,60,RevolvingUtilizationOfUnsecuredLines,relative_minus_10,-0.1,0.0,0.0091009487,0.17468222975730896,0.10542372614145279,-0.06925850361585617,0.06925850361585617,0,0,0,-1
gmsc,xgboost,61,RevolvingUtilizationOfUnsecuredLines,relative_minus_10,-0.1,0.28095686,0.309052546,0.3342180848121643,0.3902083933353424,0.0559903085231781,0.0559903085231781,0,0,0,-1
gmsc,xgboost,62,RevolvingUtilizationOfUnsecuredLines,relative_minus_10,-0.1,0.9999999,1.09999989,0.46969300508499146,0.6171171069145203,0.1474241018295288,0.1474241018295288,0,1,1,-1
gmsc,xgboost,63,RevolvingUtilizationOfUnsecuredLines,relative_minus_10,-0.1,0.0717633,0.07893963,0.09234394878149033,0.06990768015384674,-0.022436268627643585,0.022436268627643585,0,0,0,-1
gmsc,xgboost,64,RevolvingUtilizationOfUnsecuredLines,relative_minus_10,-0.1,0.0,0.0091009487,0.36687836050987244,0.24069185554981232,-0.12618650496006012,0.12618650496006012,0,0,0,-1
gmsc,xgboost,65,RevolvingUtilizationOfUnsecuredLines,relative_minus_10,-0.1,0.00931117,0.010242287000000001,0.3751460015773773,0.38391563296318054,0.008769631385803223,0.008769631385803223,0,0,0,-1
gmsc,xgboost,66,RevolvingUtilizationOfUnsecuredLines,relative_minus_10,-0.1,0.27445123,0.301896353,0.1265122890472412,0.16450369358062744,0.03799140453338623,0.03799140453338623,0,0,0,-1
gmsc,xgboost,67,RevolvingUtilizationOfUnsecuredLines,relative_minus_10,-0.1,0.69228846,0.761517306,0.4232633113861084,0.4447719156742096,0.021508604288101196,0.021508604288101196,0,0,0,-1
gmsc,xgboost,68,RevolvingUtilizationOfUnsecuredLines,relative_minus_10,-0.1,0.07034841,0.077383251,0.10810530185699463,0.0700991079211235,-0.038006193935871124,0.038006193935871124,0,0,0,-1
gmsc,xgboost,69,RevolvingUtilizationOfUnsecuredLines,relative_minus_10,-0.1,0.21850161,0.24035177100000002,0.5635039806365967,0.6202981472015381,0.056794166564941406,0.056794166564941406,1,1,0,-1
gmsc,xgboost,70,RevolvingUtilizationOfUnsecuredLines,relative_minus_10,-0.1,0.023867318,0.0262540498,0.39893585443496704,0.43815258145332336,0.03921672701835632,0.03921672701835632,0,0,0,-1
gmsc,xgboost,71,RevolvingUtilizationOfUnsecuredLines,relative_minus_10,-0.1,0.050140366,0.0551544026,0.10639937967061996,0.11211556941270828,0.005716189742088318,0.005716189742088318,0,0,0,-1
gmsc,xgboost,72,RevolvingUtilizationOfUnsecuredLines,relative_minus_10,-0.1,0.06126258,0.06738883799999999,0.19083499908447266,0.2459453046321869,0.05511030554771423,0.05511030554771423,0,0,0,-1
gmsc,xgboost,73,RevolvingUtilizationOfUnsecuredLines,relative_minus_10,-0.1,0.44115546,0.485271006,0.3986653685569763,0.40685799717903137,0.008192628622055054,0.008192628622055054,0,0,0,-1
gmsc,xgboost,74,RevolvingUtilizationOfUnsecuredLines,relative_minus_10,-0.1,0.18675703,0.20543273299999998,0.18615853786468506,0.1986619234085083,0.012503385543823242,0.012503385543823242,0,0,0,-1
gmsc,xgboost,75,RevolvingUtilizationOfUnsecuredLines,relative_minus_10,-0.1,0.5988024,0.65868264,0.5547352433204651,0.5759046673774719,0.021169424057006836,0.021169424057006836,1,1,0,-1
gmsc,xgboost,76,RevolvingUtilizationOfUnsecuredLines,relative_minus_10,-0.1,0.018871846,0.020759030600000002,0.11016565561294556,0.11016565561294556,0.0,0.0,0,0,0,-1
gmsc,xgboost,77,RevolvingUtilizationOfUnsecuredLines,relative_minus_10,-0.1,0.0223315,0.02456465,0.05538906157016754,0.05538906157016754,0.0,0.0,0,0,0,-1
gmsc,xgboost,78,RevolvingUtilizationOfUnsecuredLines,relative_minus_10,-0.1,0.053710874,0.0590819614,0.05751078575849533,0.05870267003774643,0.0011918842792510986,0.0011918842792510986,0,0,0,-1
gmsc,xgboost,79,RevolvingUtilizationOfUnsecuredLines,relative_minus_10,-0.1,0.4251497,0.46766467,0.2844957709312439,0.29759013652801514,0.01309436559677124,0.01309436559677124,0,0,0,-1
gmsc,xgboost,80,RevolvingUtilizationOfUnsecuredLines,relative_minus_10,-0.1,0.51730984,0.569040824,0.1406598836183548,0.14259427785873413,0.0019343942403793335,0.0019343942403793335,0,0,0,-1
gmsc,xgboost,81,RevolvingUtilizationOfUnsecuredLines,relative_minus_10,-0.1,0.089719884,0.0986918724,0.16070415079593658,0.16200780868530273,0.00130365788936615,0.00130365788936615,0,0,0,-1
gmsc,xgboost,82,RevolvingUtilizationOfUnsecuredLines,relative_minus_10,-0.1,0.5517315,0.60690465,0.4081357717514038,0.4066534638404846,-0.0014823079109191895,0.0014823079109191895,0,0,0,-1
gmsc,xgboost,83,RevolvingUtilizationOfUnsecuredLines,relative_minus_10,-0.1,0.04207145,0.046278595000000006,0.06326539814472198,0.06795620173215866,0.004690803587436676,0.004690803587436676,0,0,0,-1
gmsc,xgboost,84,RevolvingUtilizationOfUnsecuredLines,relative_minus_10,-0.1,0.9999999,1.09999989,0.6416367292404175,0.7652810215950012,0.12364429235458374,0.12364429235458374,1,1,0,-1
gmsc,xgboost,85,RevolvingUtilizationOfUnsecuredLines,relative_minus_10,-0.1,0.009346499,0.010281148899999999,0.06614423543214798,0.06925571709871292,0.0031114816665649414,0.0031114816665649414,0,0,0,-1
gmsc,xgboost,86,RevolvingUtilizationOfUnsecuredLines,relative_minus_10,-0.1,0.005071066,0.0055781726,0.12697042524814606,0.12273813039064407,-0.004232294857501984,0.004232294857501984,0,0,0,-1
gmsc,xgboost,87,RevolvingUtilizationOfUnsecuredLines,relative_minus_10,-0.1,0.012843349,0.0141276839,0.106936976313591,0.10265693068504333,-0.0042800456285476685,0.0042800456285476685,0,0,0,-1
gmsc,xgboost,88,RevolvingUtilizationOfUnsecuredLines,relative_minus_10,-0.1,0.1560879,0.17169669,0.12650665640830994,0.12650665640830994,0.0,0.0,0,0,0,-1
gmsc,xgboost,89,RevolvingUtilizationOfUnsecuredLines,relative_minus_10,-0.1,0.604072,0.6644792,0.3815006911754608,0.4103320240974426,0.02883133292198181,0.02883133292198181,0,0,0,-1
gmsc,xgboost,90,RevolvingUtilizationOfUnsecuredLines,relative_minus_10,-0.1,0.03815551,0.041971061,0.044368140399456024,0.04208027943968773,-0.0022878609597682953,0.0022878609597682953,0,0,0,-1
gmsc,xgboost,91,RevolvingUtilizationOfUnsecuredLines,relative_minus_10,-0.1,0.037672102,0.0414393122,0.1482551395893097,0.14880108833312988,0.0005459487438201904,0.0005459487438201904,0,0,0,-1
gmsc,xgboost,92,RevolvingUtilizationOfUnsecuredLines,relative_minus_10,-0.1,0.007924802,0.008717282199999999,0.06322672218084335,0.06797058135271072,0.004743859171867371,0.004743859171867371,0,0,0,-1
gmsc,xgboost,93,RevolvingUtilizationOfUnsecuredLines,relative_minus_10,-0.1,0.01435026,0.015785286,0.1017114520072937,0.10022896528244019,-0.0014824867248535156,0.0014824867248535156,0,0,0,-1
gmsc,xgboost,94,RevolvingUtilizationOfUnsecuredLines,relative_minus_10,-0.1,0.03742409,0.041166499,0.14927543699741364,0.14238405227661133,-0.006891384720802307,0.006891384720802307,0,0,0,-1
gmsc,xgboost,95,RevolvingUtilizationOfUnsecuredLines,relative_minus_10,-0.1,0.052285843,0.0575144273,0.22754548490047455,0.2333933264017105,0.005847841501235962,0.005847841501235962,0,0,0,-1
gmsc,xgboost,96,RevolvingUtilizationOfUnsecuredLines,relative_minus_10,-0.1,0.13591728,0.149509008,0.13160045444965363,0.14373929798603058,0.012138843536376953,0.012138843536376953,0,0,0,-1
gmsc,xgboost,97,RevolvingUtilizationOfUnsecuredLines,relative_minus_10,-0.1,0.010577377,0.011635114700000001,0.0985931009054184,0.12301784008741379,0.024424739181995392,0.024424739181995392,0,0,0,-1
gmsc,xgboost,98,RevolvingUtilizationOfUnsecuredLines,relative_minus_10,-0.1,0.29667103,0.32633813300000003,0.35479238629341125,0.40629521012306213,0.05150282382965088,0.05150282382965088,0,0,0,-1
gmsc,xgboost,99,RevolvingUtilizationOfUnsecuredLines,relative_minus_10,-0.1,0.8326131,0.91587441,0.9183781147003174,0.9324311017990112,0.014052987098693848,0.014052987098693848,1,1,0,-1
gmsc,xgboost,0,RevolvingUtilizationOfUnsecuredLines,relative_plus_10,0.1,0.030896358,0.033985993799999996,0.08203070610761642,0.08203070610761642,0.0,0.0,0,0,0,-1
gmsc,xgboost,1,RevolvingUtilizationOfUnsecuredLines,relative_plus_10,0.1,0.02948292,0.032431212,0.07381805032491684,0.072947658598423,-0.0008703917264938354,0.0008703917264938354,0,0,0,-1
gmsc,xgboost,2,RevolvingUtilizationOfUnsecuredLines,relative_plus_10,0.1,0.021382323,0.023520555300000003,0.057695530354976654,0.057695530354976654,0.0,0.0,0,0,0,-1
gmsc,xgboost,3,RevolvingUtilizationOfUnsecuredLines,relative_plus_10,0.1,0.15189621,0.16708583100000002,0.29744529724121094,0.3013021647930145,0.003856867551803589,0.003856867551803589,0,0,0,-1
gmsc,xgboost,4,RevolvingUtilizationOfUnsecuredLines,relative_plus_10,0.1,0.011665889,0.0128324779,0.10023795068264008,0.09746946394443512,-0.002768486738204956,0.002768486738204956,0,0,0,-1
gmsc,xgboost,5,RevolvingUtilizationOfUnsecuredLines,relative_plus_10,0.1,0.23322007,0.256542077,0.19237148761749268,0.18137000501155853,-0.011001482605934143,0.011001482605934143,0,0,0,-1
gmsc,xgboost,6,RevolvingUtilizationOfUnsecuredLines,relative_plus_10,0.1,0.39567325,0.43524057499999996,0.2720617651939392,0.31203562021255493,0.03997385501861572,0.03997385501861572,0,0,0,-1
gmsc,xgboost,7,RevolvingUtilizationOfUnsecuredLines,relative_plus_10,0.1,0.2807908,0.30886988,0.2072291374206543,0.25197935104370117,0.044750213623046875,0.044750213623046875,0,0,0,-1
gmsc,xgboost,8,RevolvingUtilizationOfUnsecuredLines,relative_plus_10,0.1,0.0,0.0091009487,0.14596141874790192,0.0856037586927414,-0.06035766005516052,0.06035766005516052,0,0,0,-1
gmsc,xgboost,9,RevolvingUtilizationOfUnsecuredLines,relative_plus_10,0.1,0.12197734,0.134175074,0.3907460570335388,0.4032442569732666,0.012498199939727783,0.012498199939727783,0,0,0,-1
gmsc,xgboost,10,RevolvingUtilizationOfUnsecuredLines,relative_plus_10,0.1,0.3846793,0.42314723,0.43983033299446106,0.4676695764064789,0.027839243412017822,0.027839243412017822,0,0,0,-1
gmsc,xgboost,11,RevolvingUtilizationOfUnsecuredLines,relative_plus_10,0.1,0.43613514,0.479748654,0.2212306559085846,0.23213143646717072,0.01090078055858612,0.01090078055858612,0,0,0,-1
gmsc,xgboost,12,RevolvingUtilizationOfUnsecuredLines,relative_plus_10,0.1,0.09578084,0.105358924,0.034909687936306,0.036875225603580475,0.001965537667274475,0.001965537667274475,0,0,0,-1
gmsc,xgboost,13,RevolvingUtilizationOfUnsecuredLines,relative_plus_10,0.1,0.9999999,1.09999989,0.8862441778182983,0.9013800621032715,0.015135884284973145,0.015135884284973145,1,1,0,-1
gmsc,xgboost,14,RevolvingUtilizationOfUnsecuredLines,relative_plus_10,0.1,0.47141215,0.5185533649999999,0.30772891640663147,0.3938535153865814,0.08612459897994995,0.08612459897994995,0,0,0,-1
gmsc,xgboost,15,RevolvingUtilizationOfUnsecuredLines,relative_plus_10,0.1,0.03738817,0.041126987,0.2524952292442322,0.25444844365119934,0.001953214406967163,0.001953214406967163,0,0,0,-1
gmsc,xgboost,16,RevolvingUtilizationOfUnsecuredLines,relative_plus_10,0.1,0.36518577,0.401704347,0.48664188385009766,0.509028971195221,0.02238708734512329,0.02238708734512329,0,1,1,-1
gmsc,xgboost,17,RevolvingUtilizationOfUnsecuredLines,relative_plus_10,0.1,0.044219106,0.0486410166,0.09193970263004303,0.08965145796537399,-0.002288244664669037,0.002288244664669037,0,0,0,-1
gmsc,xgboost,18,RevolvingUtilizationOfUnsecuredLines,relative_plus_10,0.1,0.9999999,1.09999989,0.3769620656967163,0.5363765954971313,0.15941452980041504,0.15941452980041504,0,1,1,-1
gmsc,xgboost,19,RevolvingUtilizationOfUnsecuredLines,relative_plus_10,0.1,0.050904956,0.0559954516,0.21186602115631104,0.21498095989227295,0.003114938735961914,0.003114938735961914,0,0,0,-1
gmsc,xgboost,20,RevolvingUtilizationOfUnsecuredLines,relative_plus_10,0.1,0.028527671,0.031380438100000005,0.04993200674653053,0.04993200674653053,0.0,0.0,0,0,0,-1
gmsc,xgboost,21,RevolvingUtilizationOfUnsecuredLines,relative_plus_10,0.1,0.06357361,0.06993097100000001,0.08262580633163452,0.12815091013908386,0.04552510380744934,0.04552510380744934,0,0,0,-1
gmsc,xgboost,22,RevolvingUtilizationOfUnsecuredLines,relative_plus_10,0.1,0.002599913,0.0028599043,0.06402596086263657,0.06680278480052948,0.002776823937892914,0.002776823937892914,0,0,0,-1
gmsc,xgboost,23,RevolvingUtilizationOfUnsecuredLines,relative_plus_10,0.1,0.03161417,0.034775587,0.08952450007200241,0.08952450007200241,0.0,0.0,0,0,0,-1
gmsc,xgboost,24,RevolvingUtilizationOfUnsecuredLines,relative_plus_10,0.1,0.025913903,0.028505293299999998,0.034259602427482605,0.028771305456757545,-0.0054882969707250595,0.0054882969707250595,0,0,0,-1
gmsc,xgboost,25,RevolvingUtilizationOfUnsecuredLines,relative_plus_10,0.1,0.8536293,0.93899223,0.49923714995384216,0.5233308672904968,0.024093717336654663,0.024093717336654663,0,1,1,-1
gmsc,xgboost,26,RevolvingUtilizationOfUnsecuredLines,relative_plus_10,0.1,0.9999999,1.09999989,0.46355003118515015,0.6479224562644958,0.1843724250793457,0.1843724250793457,0,1,1,-1
gmsc,xgboost,27,RevolvingUtilizationOfUnsecuredLines,relative_plus_10,0.1,0.063485205,0.0698337255,0.16462162137031555,0.24347704648971558,0.07885542511940002,0.07885542511940002,0,0,0,-1
gmsc,xgboost,28,RevolvingUtilizationOfUnsecuredLines,relative_plus_10,0.1,0.0,0.0091009487,0.222405344247818,0.14065468311309814,-0.08175066113471985,0.08175066113471985,0,0,0,-1
gmsc,xgboost,29,RevolvingUtilizationOfUnsecuredLines,relative_plus_10,0.1,0.015614713,0.0171761843,0.06126169487833977,0.060589488595724106,-0.0006722062826156616,0.0006722062826156616,0,0,0,-1
gmsc,xgboost,30,RevolvingUtilizationOfUnsecuredLines,relative_plus_10,0.1,0.09734902,0.107083922,0.25775110721588135,0.26229164004325867,0.004540532827377319,0.004540532827377319,0,0,0,-1
gmsc,xgboost,31,RevolvingUtilizationOfUnsecuredLines,relative_plus_10,0.1,0.09229909,0.101528999,0.14284415543079376,0.15457774698734283,0.011733591556549072,0.011733591556549072,0,0,0,-1
gmsc,xgboost,32,RevolvingUtilizationOfUnsecuredLines,relative_plus_10,0.1,0.22324374,0.245568114,0.1354866921901703,0.16576702892780304,0.03028033673763275,0.03028033673763275,0,0,0,-1
gmsc,xgboost,33,RevolvingUtilizationOfUnsecuredLines,relative_plus_10,0.1,0.023850212,0.0262352332,0.0799889788031578,0.08402930945158005,0.004040330648422241,0.004040330648422241,0,0,0,-1
gmsc,xgboost,34,RevolvingUtilizationOfUnsecuredLines,relative_plus_10,0.1,0.57284,0.630124,0.5890139937400818,0.6010004878044128,0.011986494064331055,0.011986494064331055,1,1,0,-1
gmsc,xgboost,35,RevolvingUtilizationOfUnsecuredLines,relative_plus_10,0.1,0.2748278,0.30231058,0.7353684902191162,0.7762424945831299,0.04087400436401367,0.04087400436401367,1,1,0,-1
gmsc,xgboost,36,RevolvingUtilizationOfUnsecuredLines,relative_plus_10,0.1,0.74517345,0.819690795,0.1960536539554596,0.20711322128772736,0.011059567332267761,0.011059567332267761,0,0,0,-1
gmsc,xgboost,37,RevolvingUtilizationOfUnsecuredLines,relative_plus_10,0.1,0.72366506,0.7960315659999999,0.35266122221946716,0.3657265901565552,0.013065367937088013,0.013065367937088013,0,0,0,-1
gmsc,xgboost,38,RevolvingUtilizationOfUnsecuredLines,relative_plus_10,0.1,0.45712107,0.5028331770000001,0.2510143518447876,0.2696095108985901,0.01859515905380249,0.01859515905380249,0,0,0,-1
gmsc,xgboost,39,RevolvingUtilizationOfUnsecuredLines,relative_plus_10,0.1,0.06888933,0.075778263,0.4371665418148041,0.3016529083251953,-0.13551363348960876,0.13551363348960876,0,0,0,-1
gmsc,xgboost,40,RevolvingUtilizationOfUnsecuredLines,relative_plus_10,0.1,0.0,0.0091009487,0.13587132096290588,0.08048152178525925,-0.05538979917764664,0.05538979917764664,0,0,0,-1
gmsc,xgboost,41,RevolvingUtilizationOfUnsecuredLines,relative_plus_10,0.1,0.011121044,0.0122331484,0.18514351546764374,0.1834614872932434,-0.0016820281744003296,0.0016820281744003296,0,0,0,-1
gmsc,xgboost,42,RevolvingUtilizationOfUnsecuredLines,relative_plus_10,0.1,0.07121731,0.07833904100000001,0.10479436814785004,0.10064911097288132,-0.0041452571749687195,0.0041452571749687195,0,0,0,-1
gmsc,xgboost,43,RevolvingUtilizationOfUnsecuredLines,relative_plus_10,0.1,0.4177215,0.45949365000000003,0.5401685833930969,0.5492988228797913,0.009130239486694336,0.009130239486694336,1,1,0,-1
gmsc,xgboost,44,RevolvingUtilizationOfUnsecuredLines,relative_plus_10,0.1,0.10908173,0.11998990300000001,0.11184448003768921,0.11724783480167389,0.00540335476398468,0.00540335476398468,0,0,0,-1
gmsc,xgboost,45,RevolvingUtilizationOfUnsecuredLines,relative_plus_10,0.1,0.040165327,0.0441818597,0.12677443027496338,0.15122298896312714,0.024448558688163757,0.024448558688163757,0,0,0,-1
gmsc,xgboost,46,RevolvingUtilizationOfUnsecuredLines,relative_plus_10,0.1,0.52790403,0.580694433,0.25457122921943665,0.25457122921943665,0.0,0.0,0,0,0,-1
gmsc,xgboost,47,RevolvingUtilizationOfUnsecuredLines,relative_plus_10,0.1,0.06679555,0.073475105,0.05936043709516525,0.06308331340551376,0.0037228763103485107,0.0037228763103485107,0,0,0,-1
gmsc,xgboost,48,RevolvingUtilizationOfUnsecuredLines,relative_plus_10,0.1,0.10128987,0.11141885700000001,0.08543100953102112,0.08598241209983826,0.0005514025688171387,0.0005514025688171387,0,0,0,-1
gmsc,xgboost,49,RevolvingUtilizationOfUnsecuredLines,relative_plus_10,0.1,0.026742943,0.029417237300000003,0.03611498698592186,0.03526797145605087,-0.0008470155298709869,0.0008470155298709869,0,0,0,-1
gmsc,xgboost,50,RevolvingUtilizationOfUnsecuredLines,relative_plus_10,0.1,0.14541522,0.159956742,0.1643790304660797,0.1643790304660797,0.0,0.0,0,0,0,-1
gmsc,xgboost,51,RevolvingUtilizationOfUnsecuredLines,relative_plus_10,0.1,0.2929907,0.32228977,0.2535255253314972,0.32650119066238403,0.07297566533088684,0.07297566533088684,0,0,0,-1
gmsc,xgboost,52,RevolvingUtilizationOfUnsecuredLines,relative_plus_10,0.1,0.017210783,0.018931861300000002,0.043543241918087006,0.043508946895599365,-3.429502248764038e-05,3.429502248764038e-05,0,0,0,-1
gmsc,xgboost,53,RevolvingUtilizationOfUnsecuredLines,relative_plus_10,0.1,0.7669077,0.84359847,0.8459349870681763,0.8586204051971436,0.012685418128967285,0.012685418128967285,1,1,0,-1
gmsc,xgboost,54,RevolvingUtilizationOfUnsecuredLines,relative_plus_10,0.1,1.0356027,1.13916297,0.9326093792915344,0.9326093792915344,0.0,0.0,1,1,0,-1
gmsc,xgboost,55,RevolvingUtilizationOfUnsecuredLines,relative_plus_10,0.1,0.011375782,0.012513360199999999,0.0761168822646141,0.06691756099462509,-0.009199321269989014,0.009199321269989014,0,0,0,-1
gmsc,xgboost,56,RevolvingUtilizationOfUnsecuredLines,relative_plus_10,0.1,0.0,0.0091009487,0.15863358974456787,0.0975143313407898,-0.061119258403778076,0.061119258403778076,0,0,0,-1
gmsc,xgboost,57,RevolvingUtilizationOfUnsecuredLines,relative_plus_10,0.1,0.9999999,1.09999989,0.5884111523628235,0.7299038171768188,0.14149266481399536,0.14149266481399536,1,1,0,-1
gmsc,xgboost,58,RevolvingUtilizationOfUnsecuredLines,relative_plus_10,0.1,0.5012159,0.5513374900000001,0.6777902245521545,0.6853811144828796,0.007590889930725098,0.007590889930725098,1,1,0,-1
gmsc,xgboost,59,RevolvingUtilizationOfUnsecuredLines,relative_plus_10,0.1,0.8254279,0.90797069,0.628955066204071,0.661084771156311,0.03212970495223999,0.03212970495223999,1,1,0,-1
gmsc,xgboost,60,RevolvingUtilizationOfUnsecuredLines,relative_plus_10,0.1,0.0,0.0091009487,0.17468222975730896,0.10542372614145279,-0.06925850361585617,0.06925850361585617,0,0,0,-1
gmsc,xgboost,61,RevolvingUtilizationOfUnsecuredLines,relative_plus_10,0.1,0.28095686,0.309052546,0.3342180848121643,0.3902083933353424,0.0559903085231781,0.0559903085231781,0,0,0,-1
gmsc,xgboost,62,RevolvingUtilizationOfUnsecuredLines,relative_plus_10,0.1,0.9999999,1.09999989,0.46969300508499146,0.6171171069145203,0.1474241018295288,0.1474241018295288,0,1,1,-1
gmsc,xgboost,63,RevolvingUtilizationOfUnsecuredLines,relative_plus_10,0.1,0.0717633,0.07893963,0.09234394878149033,0.06990768015384674,-0.022436268627643585,0.022436268627643585,0,0,0,-1
gmsc,xgboost,64,RevolvingUtilizationOfUnsecuredLines,relative_plus_10,0.1,0.0,0.0091009487,0.36687836050987244,0.24069185554981232,-0.12618650496006012,0.12618650496006012,0,0,0,-1
gmsc,xgboost,65,RevolvingUtilizationOfUnsecuredLines,relative_plus_10,0.1,0.00931117,0.010242287000000001,0.3751460015773773,0.38391563296318054,0.008769631385803223,0.008769631385803223,0,0,0,-1
gmsc,xgboost,66,RevolvingUtilizationOfUnsecuredLines,relative_plus_10,0.1,0.27445123,0.301896353,0.1265122890472412,0.16450369358062744,0.03799140453338623,0.03799140453338623,0,0,0,-1
gmsc,xgboost,67,RevolvingUtilizationOfUnsecuredLines,relative_plus_10,0.1,0.69228846,0.761517306,0.4232633113861084,0.4447719156742096,0.021508604288101196,0.021508604288101196,0,0,0,-1
gmsc,xgboost,68,RevolvingUtilizationOfUnsecuredLines,relative_plus_10,0.1,0.07034841,0.077383251,0.10810530185699463,0.0700991079211235,-0.038006193935871124,0.038006193935871124,0,0,0,-1
gmsc,xgboost,69,RevolvingUtilizationOfUnsecuredLines,relative_plus_10,0.1,0.21850161,0.24035177100000002,0.5635039806365967,0.6202981472015381,0.056794166564941406,0.056794166564941406,1,1,0,-1
gmsc,xgboost,70,RevolvingUtilizationOfUnsecuredLines,relative_plus_10,0.1,0.023867318,0.0262540498,0.39893585443496704,0.43815258145332336,0.03921672701835632,0.03921672701835632,0,0,0,-1
gmsc,xgboost,71,RevolvingUtilizationOfUnsecuredLines,relative_plus_10,0.1,0.050140366,0.0551544026,0.10639937967061996,0.11211556941270828,0.005716189742088318,0.005716189742088318,0,0,0,-1
gmsc,xgboost,72,RevolvingUtilizationOfUnsecuredLines,relative_plus_10,0.1,0.06126258,0.06738883799999999,0.19083499908447266,0.2459453046321869,0.05511030554771423,0.05511030554771423,0,0,0,-1
gmsc,xgboost,73,RevolvingUtilizationOfUnsecuredLines,relative_plus_10,0.1,0.44115546,0.485271006,0.3986653685569763,0.40685799717903137,0.008192628622055054,0.008192628622055054,0,0,0,-1
gmsc,xgboost,74,RevolvingUtilizationOfUnsecuredLines,relative_plus_10,0.1,0.18675703,0.20543273299999998,0.18615853786468506,0.1986619234085083,0.012503385543823242,0.012503385543823242,0,0,0,-1
gmsc,xgboost,75,RevolvingUtilizationOfUnsecuredLines,relative_plus_10,0.1,0.5988024,0.65868264,0.5547352433204651,0.5759046673774719,0.021169424057006836,0.021169424057006836,1,1,0,-1
gmsc,xgboost,76,RevolvingUtilizationOfUnsecuredLines,relative_plus_10,0.1,0.018871846,0.020759030600000002,0.11016565561294556,0.11016565561294556,0.0,0.0,0,0,0,-1
gmsc,xgboost,77,RevolvingUtilizationOfUnsecuredLines,relative_plus_10,0.1,0.0223315,0.02456465,0.05538906157016754,0.05538906157016754,0.0,0.0,0,0,0,-1
gmsc,xgboost,78,RevolvingUtilizationOfUnsecuredLines,relative_plus_10,0.1,0.053710874,0.0590819614,0.05751078575849533,0.05870267003774643,0.0011918842792510986,0.0011918842792510986,0,0,0,-1
gmsc,xgboost,79,RevolvingUtilizationOfUnsecuredLines,relative_plus_10,0.1,0.4251497,0.46766467,0.2844957709312439,0.29759013652801514,0.01309436559677124,0.01309436559677124,0,0,0,-1
gmsc,xgboost,80,RevolvingUtilizationOfUnsecuredLines,relative_plus_10,0.1,0.51730984,0.569040824,0.1406598836183548,0.14259427785873413,0.0019343942403793335,0.0019343942403793335,0,0,0,-1
gmsc,xgboost,81,RevolvingUtilizationOfUnsecuredLines,relative_plus_10,0.1,0.089719884,0.0986918724,0.16070415079593658,0.16200780868530273,0.00130365788936615,0.00130365788936615,0,0,0,-1
gmsc,xgboost,82,RevolvingUtilizationOfUnsecuredLines,relative_plus_10,0.1,0.5517315,0.60690465,0.4081357717514038,0.4066534638404846,-0.0014823079109191895,0.0014823079109191895,0,0,0,-1
gmsc,xgboost,83,RevolvingUtilizationOfUnsecuredLines,relative_plus_10,0.1,0.04207145,0.046278595000000006,0.06326539814472198,0.06795620173215866,0.004690803587436676,0.004690803587436676,0,0,0,-1
gmsc,xgboost,84,RevolvingUtilizationOfUnsecuredLines,relative_plus_10,0.1,0.9999999,1.09999989,0.6416367292404175,0.7652810215950012,0.12364429235458374,0.12364429235458374,1,1,0,-1
gmsc,xgboost,85,RevolvingUtilizationOfUnsecuredLines,relative_plus_10,0.1,0.009346499,0.010281148899999999,0.06614423543214798,0.06925571709871292,0.0031114816665649414,0.0031114816665649414,0,0,0,-1
gmsc,xgboost,86,RevolvingUtilizationOfUnsecuredLines,relative_plus_10,0.1,0.005071066,0.0055781726,0.12697042524814606,0.12273813039064407,-0.004232294857501984,0.004232294857501984,0,0,0,-1
gmsc,xgboost,87,RevolvingUtilizationOfUnsecuredLines,relative_plus_10,0.1,0.012843349,0.0141276839,0.106936976313591,0.10265693068504333,-0.0042800456285476685,0.0042800456285476685,0,0,0,-1
gmsc,xgboost,88,RevolvingUtilizationOfUnsecuredLines,relative_plus_10,0.1,0.1560879,0.17169669,0.12650665640830994,0.12650665640830994,0.0,0.0,0,0,0,-1
gmsc,xgboost,89,RevolvingUtilizationOfUnsecuredLines,relative_plus_10,0.1,0.604072,0.6644792,0.3815006911754608,0.4103320240974426,0.02883133292198181,0.02883133292198181,0,0,0,-1
gmsc,xgboost,90,RevolvingUtilizationOfUnsecuredLines,relative_plus_10,0.1,0.03815551,0.041971061,0.044368140399456024,0.04208027943968773,-0.0022878609597682953,0.0022878609597682953,0,0,0,-1
gmsc,xgboost,91,RevolvingUtilizationOfUnsecuredLines,relative_plus_10,0.1,0.037672102,0.0414393122,0.1482551395893097,0.14880108833312988,0.0005459487438201904,0.0005459487438201904,0,0,0,-1
gmsc,xgboost,92,RevolvingUtilizationOfUnsecuredLines,relative_plus_10,0.1,0.007924802,0.008717282199999999,0.06322672218084335,0.06797058135271072,0.004743859171867371,0.004743859171867371,0,0,0,-1
gmsc,xgboost,93,RevolvingUtilizationOfUnsecuredLines,relative_plus_10,0.1,0.01435026,0.015785286,0.1017114520072937,0.10022896528244019,-0.0014824867248535156,0.0014824867248535156,0,0,0,-1
gmsc,xgboost,94,RevolvingUtilizationOfUnsecuredLines,relative_plus_10,0.1,0.03742409,0.041166499,0.14927543699741364,0.14238405227661133,-0.006891384720802307,0.006891384720802307,0,0,0,-1
gmsc,xgboost,95,RevolvingUtilizationOfUnsecuredLines,relative_plus_10,0.1,0.052285843,0.0575144273,0.22754548490047455,0.2333933264017105,0.005847841501235962,0.005847841501235962,0,0,0,-1
gmsc,xgboost,96,RevolvingUtilizationOfUnsecuredLines,relative_plus_10,0.1,0.13591728,0.149509008,0.13160045444965363,0.14373929798603058,0.012138843536376953,0.012138843536376953,0,0,0,-1
gmsc,xgboost,97,RevolvingUtilizationOfUnsecuredLines,relative_plus_10,0.1,0.010577377,0.011635114700000001,0.0985931009054184,0.12301784008741379,0.024424739181995392,0.024424739181995392,0,0,0,-1
gmsc,xgboost,98,RevolvingUtilizationOfUnsecuredLines,relative_plus_10,0.1,0.29667103,0.32633813300000003,0.35479238629341125,0.40629521012306213,0.05150282382965088,0.05150282382965088,0,0,0,-1
gmsc,xgboost,99,RevolvingUtilizationOfUnsecuredLines,relative_plus_10,0.1,0.8326131,0.91587441,0.9183781147003174,0.9324311017990112,0.014052987098693848,0.014052987098693848,1,1,0,-1
gmsc,xgboost,0,age,relative_minus_5,-0.05,78.0,81.9,0.08203070610761642,0.07962813228368759,-0.002402573823928833,0.002402573823928833,0,0,0,-1
gmsc,xgboost,1,age,relative_minus_5,-0.05,51.0,53.55,0.07381805032491684,0.07575997710227966,0.0019419267773628235,0.0019419267773628235,0,0,0,-1
gmsc,xgboost,2,age,relative_minus_5,-0.05,60.0,63.0,0.057695530354976654,0.05867945775389671,0.0009839273989200592,0.0009839273989200592,0,0,0,-1
gmsc,xgboost,3,age,relative_minus_5,-0.05,57.0,59.85,0.29744529724121094,0.28398293256759644,-0.013462364673614502,0.013462364673614502,0,0,0,-1
gmsc,xgboost,4,age,relative_minus_5,-0.05,48.0,50.4,0.10023795068264008,0.09655831754207611,-0.003679633140563965,0.003679633140563965,0,0,0,-1
gmsc,xgboost,5,age,relative_minus_5,-0.05,47.0,49.35,0.19237148761749268,0.1850857138633728,-0.007285773754119873,0.007285773754119873,0,0,0,-1
gmsc,xgboost,6,age,relative_minus_5,-0.05,48.0,50.4,0.2720617651939392,0.2738737463951111,0.001811981201171875,0.001811981201171875,0,0,0,-1
gmsc,xgboost,7,age,relative_minus_5,-0.05,44.0,46.2,0.2072291374206543,0.21965521574020386,0.01242607831954956,0.01242607831954956,0,0,0,-1
gmsc,xgboost,8,age,relative_minus_5,-0.05,48.0,50.4,0.14596141874790192,0.13896536827087402,-0.006996050477027893,0.006996050477027893,0,0,0,-1
gmsc,xgboost,9,age,relative_minus_5,-0.05,41.0,43.05,0.3907460570335388,0.39373448491096497,0.0029884278774261475,0.0029884278774261475,0,0,0,-1
gmsc,xgboost,10,age,relative_minus_5,-0.05,45.0,47.25,0.43983033299446106,0.45346885919570923,0.013638526201248169,0.013638526201248169,0,0,0,-1
gmsc,xgboost,11,age,relative_minus_5,-0.05,58.0,60.9,0.2212306559085846,0.22356745600700378,0.0023368000984191895,0.0023368000984191895,0,0,0,-1
gmsc,xgboost,12,age,relative_minus_5,-0.05,67.0,70.35,0.034909687936306,0.030359512194991112,-0.004550175741314888,0.004550175741314888,0,0,0,-1
gmsc,xgboost,13,age,relative_minus_5,-0.05,40.0,42.0,0.8862441778182983,0.8910308480262756,0.004786670207977295,0.004786670207977295,1,1,0,-1
gmsc,xgboost,14,age,relative_minus_5,-0.05,44.0,46.2,0.30772891640663147,0.3237583041191101,0.016029387712478638,0.016029387712478638,0,0,0,-1
gmsc,xgboost,15,age,relative_minus_5,-0.05,56.0,58.8,0.2524952292442322,0.2121206521987915,-0.040374577045440674,0.040374577045440674,0,0,0,-1
gmsc,xgboost,16,age,relative_minus_5,-0.05,31.0,32.55,0.48664188385009766,0.48767200112342834,0.0010301172733306885,0.0010301172733306885,0,0,0,-1
gmsc,xgboost,17,age,relative_minus_5,-0.05,48.0,50.4,0.09193970263004303,0.0888785794377327,-0.0030611231923103333,0.0030611231923103333,0,0,0,-1
gmsc,xgboost,18,age,relative_minus_5,-0.05,34.0,35.7,0.3769620656967163,0.3769620656967163,0.0,0.0,0,0,0,-1
gmsc,xgboost,19,age,relative_minus_5,-0.05,73.0,76.65,0.21186602115631104,0.21553651988506317,0.0036704987287521362,0.0036704987287521362,0,0,0,-1
gmsc,xgboost,20,age,relative_minus_5,-0.05,50.0,52.5,0.04993200674653053,0.05260009318590164,0.002668086439371109,0.002668086439371109,0,0,0,-1
gmsc,xgboost,21,age,relative_minus_5,-0.05,78.0,81.9,0.08262580633163452,0.09504571557044983,0.012419909238815308,0.012419909238815308,0,0,0,-1
gmsc,xgboost,22,age,relative_minus_5,-0.05,55.0,57.75,0.06402596086263657,0.05799444392323494,-0.006031516939401627,0.006031516939401627,0,0,0,-1
gmsc,xgboost,23,age,relative_minus_5,-0.05,46.0,48.3,0.08952450007200241,0.08882494270801544,-0.000699557363986969,0.000699557363986969,0,0,0,-1
gmsc,xgboost,24,age,relative_minus_5,-0.05,78.0,81.9,0.034259602427482605,0.03012983500957489,-0.004129767417907715,0.004129767417907715,0,0,0,-1
gmsc,xgboost,25,age,relative_minus_5,-0.05,56.0,58.8,0.49923714995384216,0.46352675557136536,-0.03571039438247681,0.03571039438247681,0,0,0,-1
gmsc,xgboost,26,age,relative_minus_5,-0.05,52.0,54.6,0.46355003118515015,0.4260227084159851,-0.03752732276916504,0.03752732276916504,0,0,0,-1
gmsc,xgboost,27,age,relative_minus_5,-0.05,58.0,60.9,0.16462162137031555,0.16992847621440887,0.005306854844093323,0.005306854844093323,0,0,0,-1
gmsc,xgboost,28,age,relative_minus_5,-0.05,41.0,43.05,0.222405344247818,0.21639735996723175,-0.006007984280586243,0.006007984280586243,0,0,0,-1
gmsc,xgboost,29,age,relative_minus_5,-0.05,85.0,89.25,0.06126169487833977,0.06421709060668945,0.0029553957283496857,0.0029553957283496857,0,0,0,-1
gmsc,xgboost,30,age,relative_minus_5,-0.05,34.0,35.7,0.25775110721588135,0.25775110721588135,0.0,0.0,0,0,0,-1
gmsc,xgboost,31,age,relative_minus_5,-0.05,47.0,49.35,0.14284415543079376,0.13096925616264343,-0.01187489926815033,0.01187489926815033,0,0,0,-1
gmsc,xgboost,32,age,relative_minus_5,-0.05,55.0,57.75,0.1354866921901703,0.11920187622308731,-0.016284815967082977,0.016284815967082977,0,0,0,-1
gmsc,xgboost,33,age,relative_minus_5,-0.05,65.0,68.25,0.0799889788031578,0.05355824530124664,-0.026430733501911163,0.026430733501911163,0,0,0,-1
gmsc,xgboost,34,age,relative_minus_5,-0.05,36.0,37.8,0.5890139937400818,0.592300295829773,0.003286302089691162,0.003286302089691162,1,1,0,-1
gmsc,xgboost,35,age,relative_minus_5,-0.05,36.0,37.8,0.7353684902191162,0.7334800958633423,-0.0018883943557739258,0.0018883943557739258,1,1,0,-1
gmsc,xgboost,36,age,relative_minus_5,-0.05,68.0,71.4,0.1960536539554596,0.20100660622119904,0.004952952265739441,0.004952952265739441,0,0,0,-1
gmsc,xgboost,37,age,relative_minus_5,-0.05,38.0,39.9,0.35266122221946716,0.35696929693222046,0.004308074712753296,0.004308074712753296,0,0,0,-1
gmsc,xgboost,38,age,relative_minus_5,-0.05,80.0,84.0,0.2510143518447876,0.18869422376155853,-0.062320128083229065,0.062320128083229065,0,0,0,-1
gmsc,xgboost,39,age,relative_minus_5,-0.05,39.0,40.95,0.4371665418148041,0.42409220337867737,-0.013074338436126709,0.013074338436126709,0,0,0,-1
gmsc,xgboost,40,age,relative_minus_5,-0.05,45.0,47.25,0.13587132096290588,0.13375838100910187,-0.002112939953804016,0.002112939953804016,0,0,0,-1
gmsc,xgboost,41,age,relative_minus_5,-0.05,47.0,49.35,0.18514351546764374,0.17019803822040558,-0.01494547724723816,0.01494547724723816,0,0,0,-1
gmsc,xgboost,42,age,relative_minus_5,-0.05,37.0,38.85,0.10479436814785004,0.10479436814785004,0.0,0.0,0,0,0,-1
gmsc,xgboost,43,age,relative_minus_5,-0.05,25.0,26.25,0.5401685833930969,0.5257470011711121,-0.014421582221984863,0.014421582221984863,1,1,0,-1
gmsc,xgboost,44,age,relative_minus_5,-0.05,48.0,50.4,0.11184448003768921,0.10628016293048859,-0.0055643171072006226,0.0055643171072006226,0,0,0,-1
gmsc,xgboost,45,age,relative_minus_5,-0.05,75.0,78.75,0.12677443027496338,0.12506940960884094,-0.0017050206661224365,0.0017050206661224365,0,0,0,-1
gmsc,xgboost,46,age,relative_minus_5,-0.05,67.0,70.35,0.25457122921943665,0.23166057467460632,-0.022910654544830322,0.022910654544830322,0,0,0,-1
gmsc,xgboost,47,age,relative_minus_5,-0.05,75.0,78.75,0.05936043709516525,0.05755036696791649,-0.001810070127248764,0.001810070127248764,0,0,0,-1
gmsc,xgboost,48,age,relative_minus_5,-0.05,53.0,55.65,0.08543100953102112,0.06833641231060028,-0.017094597220420837,0.017094597220420837,0,0,0,-1
gmsc,xgboost,49,age,relative_minus_5,-0.05,72.0,75.6,0.03611498698592186,0.03090033307671547,-0.00521465390920639,0.00521465390920639,0,0,0,-1
gmsc,xgboost,50,age,relative_minus_5,-0.05,57.0,59.85,0.1643790304660797,0.15347227454185486,-0.010906755924224854,0.010906755924224854,0,0,0,-1
gmsc,xgboost,51,age,relative_minus_5,-0.05,53.0,55.65,0.2535255253314972,0.1935197114944458,-0.06000581383705139,0.06000581383705139,0,0,0,-1
gmsc,xgboost,52,age,relative_minus_5,-0.05,59.0,61.95,0.043543241918087006,0.04155396670103073,-0.0019892752170562744,0.0019892752170562744,0,0,0,-1
gmsc,xgboost,53,age,relative_minus_5,-0.05,34.0,35.7,0.8459349870681763,0.8459349870681763,0.0,0.0,1,1,0,-1
gmsc,xgboost,54,age,relative_minus_5,-0.05,34.0,35.7,0.9326093792915344,0.9326093792915344,0.0,0.0,1,1,0,-1
gmsc,xgboost,55,age,relative_minus_5,-0.05,63.0,66.15,0.0761168822646141,0.07649660110473633,0.0003797188401222229,0.0003797188401222229,0,0,0,-1
gmsc,xgboost,56,age,relative_minus_5,-0.05,45.0,47.25,0.15863358974456787,0.16365565359592438,0.005022063851356506,0.005022063851356506,0,0,0,-1
gmsc,xgboost,57,age,relative_minus_5,-0.05,25.0,26.25,0.5884111523628235,0.5840274095535278,-0.004383742809295654,0.004383742809295654,1,1,0,-1
gmsc,xgboost,58,age,relative_minus_5,-0.05,65.0,68.25,0.6777902245521545,0.5931881070137024,-0.08460211753845215,0.08460211753845215,1,1,0,-1
gmsc,xgboost,59,age,relative_minus_5,-0.05,45.0,47.25,0.628955066204071,0.6373507380485535,0.008395671844482422,0.008395671844482422,1,1,0,-1
gmsc,xgboost,60,age,relative_minus_5,-0.05,41.0,43.05,0.17468222975730896,0.16365788877010345,-0.011024340987205505,0.011024340987205505,0,0,0,-1
gmsc,xgboost,61,age,relative_minus_5,-0.05,40.0,42.0,0.3342180848121643,0.3152227997779846,-0.018995285034179688,0.018995285034179688,0,0,0,-1
gmsc,xgboost,62,age,relative_minus_5,-0.05,44.0,46.2,0.46969300508499146,0.48173579573631287,0.012042790651321411,0.012042790651321411,0,0,0,-1
gmsc,xgboost,63,age,relative_minus_5,-0.05,47.0,49.35,0.09234394878149033,0.08405520766973495,-0.008288741111755371,0.008288741111755371,0,0,0,-1
gmsc,xgboost,64,age,relative_minus_5,-0.05,53.0,55.65,0.36687836050987244,0.3577377200126648,-0.009140640497207642,0.009140640497207642,0,0,0,-1
gmsc,xgboost,65,age,relative_minus_5,-0.05,50.0,52.5,0.3751460015773773,0.382434606552124,0.007288604974746704,0.007288604974746704,0,0,0,-1
gmsc,xgboost,66,age,relative_minus_5,-0.05,58.0,60.9,0.1265122890472412,0.13014459609985352,0.0036323070526123047,0.0036323070526123047,0,0,0,-1
gmsc,xgboost,67,age,relative_minus_5,-0.05,37.0,38.85,0.4232633113861084,0.4204968512058258,-0.0027664601802825928,0.0027664601802825928,0,0,0,-1
gmsc,xgboost,68,age,relative_minus_5,-0.05,48.0,50.4,0.10810530185699463,0.10270550847053528,-0.005399793386459351,0.005399793386459351,0,0,0,-1
gmsc,xgboost,69,age,relative_minus_5,-0.05,49.0,51.45,0.5635039806365967,0.5641598701477051,0.0006558895111083984,0.0006558895111083984,1,1,0,-1
gmsc,xgboost,70,age,relative_minus_5,-0.05,43.0,45.15,0.39893585443496704,0.3948214054107666,-0.0041144490242004395,0.0041144490242004395,0,0,0,-1
gmsc,xgboost,71,age,relative_minus_5,-0.05,37.0,38.85,0.10639937967061996,0.09935636073350906,-0.007043018937110901,0.007043018937110901,0,0,0,-1
gmsc,xgboost,72,age,relative_minus_5,-0.05,53.0,55.65,0.19083499908447266,0.1854087859392166,-0.0054262131452560425,0.0054262131452560425,0,0,0,-1
gmsc,xgboost,73,age,relative_minus_5,-0.05,33.0,34.65,0.3986653685569763,0.3986653685569763,0.0,0.0,0,0,0,-1
gmsc,xgboost,74,age,relative_minus_5,-0.05,30.0,31.5,0.18615853786468506,0.18615853786468506,0.0,0.0,0,0,0,-1
gmsc,xgboost,75,age,relative_minus_5,-0.05,25.0,26.25,0.5547352433204651,0.55144864320755,-0.003286600112915039,0.003286600112915039,1,1,0,-1
gmsc,xgboost,76,age,relative_minus_5,-0.05,65.0,68.25,0.11016565561294556,0.07468592375516891,-0.03547973185777664,0.03547973185777664,0,0,0,-1
gmsc,xgboost,77,age,relative_minus_5,-0.05,87.0,91.35,0.05538906157016754,0.038386255502700806,-0.017002806067466736,0.017002806067466736,0,0,0,-1
gmsc,xgboost,78,age,relative_minus_5,-0.05,55.0,57.75,0.05751078575849533,0.05081309750676155,-0.00669768825173378,0.00669768825173378,0,0,0,-1
gmsc,xgboost,79,age,relative_minus_5,-0.05,30.0,31.5,0.2844957709312439,0.2879687547683716,0.0034729838371276855,0.0034729838371276855,0,0,0,-1
gmsc,xgboost,80,age,relative_minus_5,-0.05,71.0,74.55,0.1406598836183548,0.18385359644889832,0.04319371283054352,0.04319371283054352,0,0,0,-1
gmsc,xgboost,81,age,relative_minus_5,-0.05,30.0,31.5,0.16070415079593658,0.16301020979881287,0.0023060590028762817,0.0023060590028762817,0,0,0,-1
gmsc,xgboost,82,age,relative_minus_5,-0.05,51.0,53.55,0.4081357717514038,0.38928675651550293,-0.01884901523590088,0.01884901523590088,0,0,0,-1
gmsc,xgboost,83,age,relative_minus_5,-0.05,75.0,78.75,0.06326539814472198,0.061780959367752075,-0.0014844387769699097,0.0014844387769699097,0,0,0,-1
gmsc,xgboost,84,age,relative_minus_5,-0.05,50.0,52.5,0.6416367292404175,0.6349326968193054,-0.0067040324211120605,0.0067040324211120605,1,1,0,-1
gmsc,xgboost,85,age,relative_minus_5,-0.05,67.0,70.35,0.06614423543214798,0.05110500007867813,-0.015039235353469849,0.015039235353469849,0,0,0,-1
gmsc,xgboost,86,age,relative_minus_5,-0.05,36.0,37.8,0.12697042524814606,0.12056473642587662,-0.00640568882226944,0.00640568882226944,0,0,0,-1
gmsc,xgboost,87,age,relative_minus_5,-0.05,33.0,34.65,0.106936976313591,0.1051362007856369,-0.0018007755279541016,0.0018007755279541016,0,0,0,-1
gmsc,xgboost,88,age,relative_minus_5,-0.05,41.0,43.05,0.12650665640830994,0.13058823347091675,0.0040815770626068115,0.0040815770626068115,0,0,0,-1
gmsc,xgboost,89,age,relative_minus_5,-0.05,42.0,44.1,0.3815006911754608,0.35865965485572815,-0.022841036319732666,0.022841036319732666,0,0,0,-1
gmsc,xgboost,90,age,relative_minus_5,-0.05,75.0,78.75,0.044368140399456024,0.045058246701955795,0.0006901063024997711,0.0006901063024997711,0,0,0,-1
gmsc,xgboost,91,age,relative_minus_5,-0.05,47.0,49.35,0.1482551395893097,0.13607282936573029,-0.012182310223579407,0.012182310223579407,0,0,0,-1
gmsc,xgboost,92,age,relative_minus_5,-0.05,57.0,59.85,0.06322672218084335,0.0579255148768425,-0.0053012073040008545,0.0053012073040008545,0,0,0,-1
gmsc,xgboost,93,age,relative_minus_5,-0.05,59.0,61.95,0.1017114520072937,0.0975005030632019,-0.004210948944091797,0.004210948944091797,0,0,0,-1
gmsc,xgboost,94,age,relative_minus_5,-0.05,88.0,92.4,0.14927543699741364,0.08785637468099594,-0.061419062316417694,0.061419062316417694,0,0,0,-1
gmsc,xgboost,95,age,relative_minus_5,-0.05,35.0,36.75,0.22754548490047455,0.21138796210289001,-0.016157522797584534,0.016157522797584534,0,0,0,-1
gmsc,xgboost,96,age,relative_minus_5,-0.05,53.0,55.65,0.13160045444965363,0.10750135034322739,-0.02409910410642624,0.02409910410642624,0,0,0,-1
gmsc,xgboost,97,age,relative_minus_5,-0.05,51.0,53.55,0.0985931009054184,0.10561617463827133,0.007023073732852936,0.007023073732852936,0,0,0,-1
gmsc,xgboost,98,age,relative_minus_5,-0.05,49.0,51.45,0.35479238629341125,0.3554030954837799,0.0006107091903686523,0.0006107091903686523,0,0,0,-1
gmsc,xgboost,99,age,relative_minus_5,-0.05,52.0,54.6,0.9183781147003174,0.9256716966629028,0.007293581962585449,0.007293581962585449,1,1,0,-1
gmsc,xgboost,0,age,relative_plus_5,0.05,78.0,81.9,0.08203070610761642,0.07962813228368759,-0.002402573823928833,0.002402573823928833,0,0,0,-1
gmsc,xgboost,1,age,relative_plus_5,0.05,51.0,53.55,0.07381805032491684,0.07575997710227966,0.0019419267773628235,0.0019419267773628235,0,0,0,-1
gmsc,xgboost,2,age,relative_plus_5,0.05,60.0,63.0,0.057695530354976654,0.05867945775389671,0.0009839273989200592,0.0009839273989200592,0,0,0,-1
gmsc,xgboost,3,age,relative_plus_5,0.05,57.0,59.85,0.29744529724121094,0.28398293256759644,-0.013462364673614502,0.013462364673614502,0,0,0,-1
gmsc,xgboost,4,age,relative_plus_5,0.05,48.0,50.4,0.10023795068264008,0.09655831754207611,-0.003679633140563965,0.003679633140563965,0,0,0,-1
gmsc,xgboost,5,age,relative_plus_5,0.05,47.0,49.35,0.19237148761749268,0.1850857138633728,-0.007285773754119873,0.007285773754119873,0,0,0,-1
gmsc,xgboost,6,age,relative_plus_5,0.05,48.0,50.4,0.2720617651939392,0.2738737463951111,0.001811981201171875,0.001811981201171875,0,0,0,-1
gmsc,xgboost,7,age,relative_plus_5,0.05,44.0,46.2,0.2072291374206543,0.21965521574020386,0.01242607831954956,0.01242607831954956,0,0,0,-1
gmsc,xgboost,8,age,relative_plus_5,0.05,48.0,50.4,0.14596141874790192,0.13896536827087402,-0.006996050477027893,0.006996050477027893,0,0,0,-1
gmsc,xgboost,9,age,relative_plus_5,0.05,41.0,43.05,0.3907460570335388,0.39373448491096497,0.0029884278774261475,0.0029884278774261475,0,0,0,-1
gmsc,xgboost,10,age,relative_plus_5,0.05,45.0,47.25,0.43983033299446106,0.45346885919570923,0.013638526201248169,0.013638526201248169,0,0,0,-1
gmsc,xgboost,11,age,relative_plus_5,0.05,58.0,60.9,0.2212306559085846,0.22356745600700378,0.0023368000984191895,0.0023368000984191895,0,0,0,-1
gmsc,xgboost,12,age,relative_plus_5,0.05,67.0,70.35,0.034909687936306,0.030359512194991112,-0.004550175741314888,0.004550175741314888,0,0,0,-1
gmsc,xgboost,13,age,relative_plus_5,0.05,40.0,42.0,0.8862441778182983,0.8910308480262756,0.004786670207977295,0.004786670207977295,1,1,0,-1
gmsc,xgboost,14,age,relative_plus_5,0.05,44.0,46.2,0.30772891640663147,0.3237583041191101,0.016029387712478638,0.016029387712478638,0,0,0,-1
gmsc,xgboost,15,age,relative_plus_5,0.05,56.0,58.8,0.2524952292442322,0.2121206521987915,-0.040374577045440674,0.040374577045440674,0,0,0,-1
gmsc,xgboost,16,age,relative_plus_5,0.05,31.0,32.55,0.48664188385009766,0.48767200112342834,0.0010301172733306885,0.0010301172733306885,0,0,0,-1
gmsc,xgboost,17,age,relative_plus_5,0.05,48.0,50.4,0.09193970263004303,0.0888785794377327,-0.0030611231923103333,0.0030611231923103333,0,0,0,-1
gmsc,xgboost,18,age,relative_plus_5,0.05,34.0,35.7,0.3769620656967163,0.3769620656967163,0.0,0.0,0,0,0,-1
gmsc,xgboost,19,age,relative_plus_5,0.05,73.0,76.65,0.21186602115631104,0.21553651988506317,0.0036704987287521362,0.0036704987287521362,0,0,0,-1
gmsc,xgboost,20,age,relative_plus_5,0.05,50.0,52.5,0.04993200674653053,0.05260009318590164,0.002668086439371109,0.002668086439371109,0,0,0,-1
gmsc,xgboost,21,age,relative_plus_5,0.05,78.0,81.9,0.08262580633163452,0.09504571557044983,0.012419909238815308,0.012419909238815308,0,0,0,-1
gmsc,xgboost,22,age,relative_plus_5,0.05,55.0,57.75,0.06402596086263657,0.05799444392323494,-0.006031516939401627,0.006031516939401627,0,0,0,-1
gmsc,xgboost,23,age,relative_plus_5,0.05,46.0,48.3,0.08952450007200241,0.08882494270801544,-0.000699557363986969,0.000699557363986969,0,0,0,-1
gmsc,xgboost,24,age,relative_plus_5,0.05,78.0,81.9,0.034259602427482605,0.03012983500957489,-0.004129767417907715,0.004129767417907715,0,0,0,-1
gmsc,xgboost,25,age,relative_plus_5,0.05,56.0,58.8,0.49923714995384216,0.46352675557136536,-0.03571039438247681,0.03571039438247681,0,0,0,-1
gmsc,xgboost,26,age,relative_plus_5,0.05,52.0,54.6,0.46355003118515015,0.4260227084159851,-0.03752732276916504,0.03752732276916504,0,0,0,-1
gmsc,xgboost,27,age,relative_plus_5,0.05,58.0,60.9,0.16462162137031555,0.16992847621440887,0.005306854844093323,0.005306854844093323,0,0,0,-1
gmsc,xgboost,28,age,relative_plus_5,0.05,41.0,43.05,0.222405344247818,0.21639735996723175,-0.006007984280586243,0.006007984280586243,0,0,0,-1
gmsc,xgboost,29,age,relative_plus_5,0.05,85.0,89.25,0.06126169487833977,0.06421709060668945,0.0029553957283496857,0.0029553957283496857,0,0,0,-1
gmsc,xgboost,30,age,relative_plus_5,0.05,34.0,35.7,0.25775110721588135,0.25775110721588135,0.0,0.0,0,0,0,-1
gmsc,xgboost,31,age,relative_plus_5,0.05,47.0,49.35,0.14284415543079376,0.13096925616264343,-0.01187489926815033,0.01187489926815033,0,0,0,-1
gmsc,xgboost,32,age,relative_plus_5,0.05,55.0,57.75,0.1354866921901703,0.11920187622308731,-0.016284815967082977,0.016284815967082977,0,0,0,-1
gmsc,xgboost,33,age,relative_plus_5,0.05,65.0,68.25,0.0799889788031578,0.05355824530124664,-0.026430733501911163,0.026430733501911163,0,0,0,-1
gmsc,xgboost,34,age,relative_plus_5,0.05,36.0,37.8,0.5890139937400818,0.592300295829773,0.003286302089691162,0.003286302089691162,1,1,0,-1
gmsc,xgboost,35,age,relative_plus_5,0.05,36.0,37.8,0.7353684902191162,0.7334800958633423,-0.0018883943557739258,0.0018883943557739258,1,1,0,-1
gmsc,xgboost,36,age,relative_plus_5,0.05,68.0,71.4,0.1960536539554596,0.20100660622119904,0.004952952265739441,0.004952952265739441,0,0,0,-1
gmsc,xgboost,37,age,relative_plus_5,0.05,38.0,39.9,0.35266122221946716,0.35696929693222046,0.004308074712753296,0.004308074712753296,0,0,0,-1
gmsc,xgboost,38,age,relative_plus_5,0.05,80.0,84.0,0.2510143518447876,0.18869422376155853,-0.062320128083229065,0.062320128083229065,0,0,0,-1
gmsc,xgboost,39,age,relative_plus_5,0.05,39.0,40.95,0.4371665418148041,0.42409220337867737,-0.013074338436126709,0.013074338436126709,0,0,0,-1
gmsc,xgboost,40,age,relative_plus_5,0.05,45.0,47.25,0.13587132096290588,0.13375838100910187,-0.002112939953804016,0.002112939953804016,0,0,0,-1
gmsc,xgboost,41,age,relative_plus_5,0.05,47.0,49.35,0.18514351546764374,0.17019803822040558,-0.01494547724723816,0.01494547724723816,0,0,0,-1
gmsc,xgboost,42,age,relative_plus_5,0.05,37.0,38.85,0.10479436814785004,0.10479436814785004,0.0,0.0,0,0,0,-1
gmsc,xgboost,43,age,relative_plus_5,0.05,25.0,26.25,0.5401685833930969,0.5257470011711121,-0.014421582221984863,0.014421582221984863,1,1,0,-1
gmsc,xgboost,44,age,relative_plus_5,0.05,48.0,50.4,0.11184448003768921,0.10628016293048859,-0.0055643171072006226,0.0055643171072006226,0,0,0,-1
gmsc,xgboost,45,age,relative_plus_5,0.05,75.0,78.75,0.12677443027496338,0.12506940960884094,-0.0017050206661224365,0.0017050206661224365,0,0,0,-1
gmsc,xgboost,46,age,relative_plus_5,0.05,67.0,70.35,0.25457122921943665,0.23166057467460632,-0.022910654544830322,0.022910654544830322,0,0,0,-1
gmsc,xgboost,47,age,relative_plus_5,0.05,75.0,78.75,0.05936043709516525,0.05755036696791649,-0.001810070127248764,0.001810070127248764,0,0,0,-1
gmsc,xgboost,48,age,relative_plus_5,0.05,53.0,55.65,0.08543100953102112,0.06833641231060028,-0.017094597220420837,0.017094597220420837,0,0,0,-1
gmsc,xgboost,49,age,relative_plus_5,0.05,72.0,75.6,0.03611498698592186,0.03090033307671547,-0.00521465390920639,0.00521465390920639,0,0,0,-1
gmsc,xgboost,50,age,relative_plus_5,0.05,57.0,59.85,0.1643790304660797,0.15347227454185486,-0.010906755924224854,0.010906755924224854,0,0,0,-1
gmsc,xgboost,51,age,relative_plus_5,0.05,53.0,55.65,0.2535255253314972,0.1935197114944458,-0.06000581383705139,0.06000581383705139,0,0,0,-1
gmsc,xgboost,52,age,relative_plus_5,0.05,59.0,61.95,0.043543241918087006,0.04155396670103073,-0.0019892752170562744,0.0019892752170562744,0,0,0,-1
gmsc,xgboost,53,age,relative_plus_5,0.05,34.0,35.7,0.8459349870681763,0.8459349870681763,0.0,0.0,1,1,0,-1
gmsc,xgboost,54,age,relative_plus_5,0.05,34.0,35.7,0.9326093792915344,0.9326093792915344,0.0,0.0,1,1,0,-1
gmsc,xgboost,55,age,relative_plus_5,0.05,63.0,66.15,0.0761168822646141,0.07649660110473633,0.0003797188401222229,0.0003797188401222229,0,0,0,-1
gmsc,xgboost,56,age,relative_plus_5,0.05,45.0,47.25,0.15863358974456787,0.16365565359592438,0.005022063851356506,0.005022063851356506,0,0,0,-1
gmsc,xgboost,57,age,relative_plus_5,0.05,25.0,26.25,0.5884111523628235,0.5840274095535278,-0.004383742809295654,0.004383742809295654,1,1,0,-1
gmsc,xgboost,58,age,relative_plus_5,0.05,65.0,68.25,0.6777902245521545,0.5931881070137024,-0.08460211753845215,0.08460211753845215,1,1,0,-1
gmsc,xgboost,59,age,relative_plus_5,0.05,45.0,47.25,0.628955066204071,0.6373507380485535,0.008395671844482422,0.008395671844482422,1,1,0,-1
gmsc,xgboost,60,age,relative_plus_5,0.05,41.0,43.05,0.17468222975730896,0.16365788877010345,-0.011024340987205505,0.011024340987205505,0,0,0,-1
gmsc,xgboost,61,age,relative_plus_5,0.05,40.0,42.0,0.3342180848121643,0.3152227997779846,-0.018995285034179688,0.018995285034179688,0,0,0,-1
gmsc,xgboost,62,age,relative_plus_5,0.05,44.0,46.2,0.46969300508499146,0.48173579573631287,0.012042790651321411,0.012042790651321411,0,0,0,-1
gmsc,xgboost,63,age,relative_plus_5,0.05,47.0,49.35,0.09234394878149033,0.08405520766973495,-0.008288741111755371,0.008288741111755371,0,0,0,-1
gmsc,xgboost,64,age,relative_plus_5,0.05,53.0,55.65,0.36687836050987244,0.3577377200126648,-0.009140640497207642,0.009140640497207642,0,0,0,-1
gmsc,xgboost,65,age,relative_plus_5,0.05,50.0,52.5,0.3751460015773773,0.382434606552124,0.007288604974746704,0.007288604974746704,0,0,0,-1
gmsc,xgboost,66,age,relative_plus_5,0.05,58.0,60.9,0.1265122890472412,0.13014459609985352,0.0036323070526123047,0.0036323070526123047,0,0,0,-1
gmsc,xgboost,67,age,relative_plus_5,0.05,37.0,38.85,0.4232633113861084,0.4204968512058258,-0.0027664601802825928,0.0027664601802825928,0,0,0,-1
gmsc,xgboost,68,age,relative_plus_5,0.05,48.0,50.4,0.10810530185699463,0.10270550847053528,-0.005399793386459351,0.005399793386459351,0,0,0,-1
gmsc,xgboost,69,age,relative_plus_5,0.05,49.0,51.45,0.5635039806365967,0.5641598701477051,0.0006558895111083984,0.0006558895111083984,1,1,0,-1
gmsc,xgboost,70,age,relative_plus_5,0.05,43.0,45.15,0.39893585443496704,0.3948214054107666,-0.0041144490242004395,0.0041144490242004395,0,0,0,-1
gmsc,xgboost,71,age,relative_plus_5,0.05,37.0,38.85,0.10639937967061996,0.09935636073350906,-0.007043018937110901,0.007043018937110901,0,0,0,-1
gmsc,xgboost,72,age,relative_plus_5,0.05,53.0,55.65,0.19083499908447266,0.1854087859392166,-0.0054262131452560425,0.0054262131452560425,0,0,0,-1
gmsc,xgboost,73,age,relative_plus_5,0.05,33.0,34.65,0.3986653685569763,0.3986653685569763,0.0,0.0,0,0,0,-1
gmsc,xgboost,74,age,relative_plus_5,0.05,30.0,31.5,0.18615853786468506,0.18615853786468506,0.0,0.0,0,0,0,-1
gmsc,xgboost,75,age,relative_plus_5,0.05,25.0,26.25,0.5547352433204651,0.55144864320755,-0.003286600112915039,0.003286600112915039,1,1,0,-1
gmsc,xgboost,76,age,relative_plus_5,0.05,65.0,68.25,0.11016565561294556,0.07468592375516891,-0.03547973185777664,0.03547973185777664,0,0,0,-1
gmsc,xgboost,77,age,relative_plus_5,0.05,87.0,91.35,0.05538906157016754,0.038386255502700806,-0.017002806067466736,0.017002806067466736,0,0,0,-1
gmsc,xgboost,78,age,relative_plus_5,0.05,55.0,57.75,0.05751078575849533,0.05081309750676155,-0.00669768825173378,0.00669768825173378,0,0,0,-1
gmsc,xgboost,79,age,relative_plus_5,0.05,30.0,31.5,0.2844957709312439,0.2879687547683716,0.0034729838371276855,0.0034729838371276855,0,0,0,-1
gmsc,xgboost,80,age,relative_plus_5,0.05,71.0,74.55,0.1406598836183548,0.18385359644889832,0.04319371283054352,0.04319371283054352,0,0,0,-1
gmsc,xgboost,81,age,relative_plus_5,0.05,30.0,31.5,0.16070415079593658,0.16301020979881287,0.0023060590028762817,0.0023060590028762817,0,0,0,-1
gmsc,xgboost,82,age,relative_plus_5,0.05,51.0,53.55,0.4081357717514038,0.38928675651550293,-0.01884901523590088,0.01884901523590088,0,0,0,-1
gmsc,xgboost,83,age,relative_plus_5,0.05,75.0,78.75,0.06326539814472198,0.061780959367752075,-0.0014844387769699097,0.0014844387769699097,0,0,0,-1
gmsc,xgboost,84,age,relative_plus_5,0.05,50.0,52.5,0.6416367292404175,0.6349326968193054,-0.0067040324211120605,0.0067040324211120605,1,1,0,-1
gmsc,xgboost,85,age,relative_plus_5,0.05,67.0,70.35,0.06614423543214798,0.05110500007867813,-0.015039235353469849,0.015039235353469849,0,0,0,-1
gmsc,xgboost,86,age,relative_plus_5,0.05,36.0,37.8,0.12697042524814606,0.12056473642587662,-0.00640568882226944,0.00640568882226944,0,0,0,-1
gmsc,xgboost,87,age,relative_plus_5,0.05,33.0,34.65,0.106936976313591,0.1051362007856369,-0.0018007755279541016,0.0018007755279541016,0,0,0,-1
gmsc,xgboost,88,age,relative_plus_5,0.05,41.0,43.05,0.12650665640830994,0.13058823347091675,0.0040815770626068115,0.0040815770626068115,0,0,0,-1
gmsc,xgboost,89,age,relative_plus_5,0.05,42.0,44.1,0.3815006911754608,0.35865965485572815,-0.022841036319732666,0.022841036319732666,0,0,0,-1
gmsc,xgboost,90,age,relative_plus_5,0.05,75.0,78.75,0.044368140399456024,0.045058246701955795,0.0006901063024997711,0.0006901063024997711,0,0,0,-1
gmsc,xgboost,91,age,relative_plus_5,0.05,47.0,49.35,0.1482551395893097,0.13607282936573029,-0.012182310223579407,0.012182310223579407,0,0,0,-1
gmsc,xgboost,92,age,relative_plus_5,0.05,57.0,59.85,0.06322672218084335,0.0579255148768425,-0.0053012073040008545,0.0053012073040008545,0,0,0,-1
gmsc,xgboost,93,age,relative_plus_5,0.05,59.0,61.95,0.1017114520072937,0.0975005030632019,-0.004210948944091797,0.004210948944091797,0,0,0,-1
gmsc,xgboost,94,age,relative_plus_5,0.05,88.0,92.4,0.14927543699741364,0.08785637468099594,-0.061419062316417694,0.061419062316417694,0,0,0,-1
gmsc,xgboost,95,age,relative_plus_5,0.05,35.0,36.75,0.22754548490047455,0.21138796210289001,-0.016157522797584534,0.016157522797584534,0,0,0,-1
gmsc,xgboost,96,age,relative_plus_5,0.05,53.0,55.65,0.13160045444965363,0.10750135034322739,-0.02409910410642624,0.02409910410642624,0,0,0,-1
gmsc,xgboost,97,age,relative_plus_5,0.05,51.0,53.55,0.0985931009054184,0.10561617463827133,0.007023073732852936,0.007023073732852936,0,0,0,-1
gmsc,xgboost,98,age,relative_plus_5,0.05,49.0,51.45,0.35479238629341125,0.3554030954837799,0.0006107091903686523,0.0006107091903686523,0,0,0,-1
gmsc,xgboost,99,age,relative_plus_5,0.05,52.0,54.6,0.9183781147003174,0.9256716966629028,0.007293581962585449,0.007293581962585449,1,1,0,-1
gmsc,xgboost,0,age,relative_minus_10,-0.1,78.0,85.8,0.08203070610761642,0.1084941029548645,0.026463396847248077,0.026463396847248077,0,0,0,-1
gmsc,xgboost,1,age,relative_minus_10,-0.1,51.0,56.1,0.07381805032491684,0.05423559993505478,-0.01958245038986206,0.01958245038986206,0,0,0,-1
gmsc,xgboost,2,age,relative_minus_10,-0.1,60.0,66.0,0.057695530354976654,0.04957650601863861,-0.008119024336338043,0.008119024336338043,0,0,0,-1
gmsc,xgboost,3,age,relative_minus_10,-0.1,57.0,62.7,0.29744529724121094,0.27310195565223694,-0.024343341588974,0.024343341588974,0,0,0,-1
gmsc,xgboost,4,age,relative_minus_10,-0.1,48.0,52.8,0.10023795068264008,0.10707337409257889,0.006835423409938812,0.006835423409938812,0,0,0,-1
gmsc,xgboost,5,age,relative_minus_10,-0.1,47.0,51.7,0.19237148761749268,0.1854882836341858,-0.006883203983306885,0.006883203983306885,0,0,0,-1
gmsc,xgboost,6,age,relative_minus_10,-0.1,48.0,52.8,0.2720617651939392,0.279632568359375,0.007570803165435791,0.007570803165435791,0,0,0,-1
gmsc,xgboost,7,age,relative_minus_10,-0.1,44.0,48.4,0.2072291374206543,0.2159637212753296,0.008734583854675293,0.008734583854675293,0,0,0,-1
gmsc,xgboost,8,age,relative_minus_10,-0.1,48.0,52.8,0.14596141874790192,0.14840835332870483,0.0024469345808029175,0.0024469345808029175,0,0,0,-1
gmsc,xgboost,9,age,relative_minus_10,-0.1,41.0,45.1,0.3907460570335388,0.3938145041465759,0.0030684471130371094,0.0030684471130371094,0,0,0,-1
gmsc,xgboost,10,age,relative_minus_10,-0.1,45.0,49.5,0.43983033299446106,0.4516279995441437,0.011797666549682617,0.011797666549682617,0,0,0,-1
gmsc,xgboost,11,age,relative_minus_10,-0.1,58.0,63.8,0.2212306559085846,0.22379235923290253,0.002561703324317932,0.002561703324317932,0,0,0,-1
gmsc,xgboost,12,age,relative_minus_10,-0.1,67.0,73.7,0.034909687936306,0.029834354296326637,-0.0050753336399793625,0.0050753336399793625,0,0,0,-1
gmsc,xgboost,13,age,relative_minus_10,-0.1,40.0,44.0,0.8862441778182983,0.8837338089942932,-0.002510368824005127,0.002510368824005127,1,1,0,-1
gmsc,xgboost,14,age,relative_minus_10,-0.1,44.0,48.4,0.30772891640663147,0.31726378202438354,0.009534865617752075,0.009534865617752075,0,0,0,-1
gmsc,xgboost,15,age,relative_minus_10,-0.1,56.0,61.6,0.2524952292442322,0.23014649748802185,-0.022348731756210327,0.022348731756210327,0,0,0,-1
gmsc,xgboost,16,age,relative_minus_10,-0.1,31.0,34.1,0.48664188385009766,0.4929976165294647,0.006355732679367065,0.006355732679367065,0,0,0,-1
gmsc,xgboost,17,age,relative_minus_10,-0.1,48.0,52.8,0.09193970263004303,0.0937417671084404,0.0018020644783973694,0.0018020644783973694,0,0,0,-1
gmsc,xgboost,18,age,relative_minus_10,-0.1,34.0,37.4,0.3769620656967163,0.38990357518196106,0.012941509485244751,0.012941509485244751,0,0,0,-1
gmsc,xgboost,19,age,relative_minus_10,-0.1,73.0,80.3,0.21186602115631104,0.20715460181236267,-0.004711419343948364,0.004711419343948364,0,0,0,-1
gmsc,xgboost,20,age,relative_minus_10,-0.1,50.0,55.0,0.04993200674653053,0.042173080146312714,-0.007758926600217819,0.007758926600217819,0,0,0,-1
gmsc,xgboost,21,age,relative_minus_10,-0.1,78.0,85.8,0.08262580633163452,0.18532003462314606,0.10269422829151154,0.10269422829151154,0,0,0,-1
gmsc,xgboost,22,age,relative_minus_10,-0.1,55.0,60.5,0.06402596086263657,0.058587174862623215,-0.0054387860000133514,0.0054387860000133514,0,0,0,-1
gmsc,xgboost,23,age,relative_minus_10,-0.1,46.0,50.6,0.08952450007200241,0.08429719507694244,-0.005227304995059967,0.005227304995059967,0,0,0,-1
gmsc,xgboost,24,age,relative_minus_10,-0.1,78.0,85.8,0.034259602427482605,0.030595440417528152,-0.0036641620099544525,0.0036641620099544525,0,0,0,-1
gmsc,xgboost,25,age,relative_minus_10,-0.1,56.0,61.6,0.49923714995384216,0.46774759888648987,-0.031489551067352295,0.031489551067352295,0,0,0,-1
gmsc,xgboost,26,age,relative_minus_10,-0.1,52.0,57.2,0.46355003118515015,0.35794565081596375,-0.1056043803691864,0.1056043803691864,0,0,0,-1
gmsc,xgboost,27,age,relative_minus_10,-0.1,58.0,63.8,0.16462162137031555,0.17169776558876038,0.007076144218444824,0.007076144218444824,0,0,0,-1
gmsc,xgboost,28,age,relative_minus_10,-0.1,41.0,45.1,0.222405344247818,0.17456530034542084,-0.047840043902397156,0.047840043902397156,0,0,0,-1
gmsc,xgboost,29,age,relative_minus_10,-0.1,85.0,93.5,0.06126169487833977,0.05824056267738342,-0.0030211322009563446,0.0030211322009563446,0,0,0,-1
gmsc,xgboost,30,age,relative_minus_10,-0.1,34.0,37.4,0.25775110721588135,0.23837825655937195,-0.0193728506565094,0.0193728506565094,0,0,0,-1
gmsc,xgboost,31,age,relative_minus_10,-0.1,47.0,51.7,0.14284415543079376,0.131273090839386,-0.011571064591407776,0.011571064591407776,0,0,0,-1
gmsc,xgboost,32,age,relative_minus_10,-0.1,55.0,60.5,0.1354866921901703,0.11126433312892914,-0.02422235906124115,0.02422235906124115,0,0,0,-1
gmsc,xgboost,33,age,relative_minus_10,-0.1,65.0,71.5,0.0799889788031578,0.05563686043024063,-0.024352118372917175,0.024352118372917175,0,0,0,-1
gmsc,xgboost,34,age,relative_minus_10,-0.1,36.0,39.6,0.5890139937400818,0.6002910137176514,0.01127701997756958,0.01127701997756958,1,1,0,-1
gmsc,xgboost,35,age,relative_minus_10,-0.1,36.0,39.6,0.7353684902191162,0.7251157760620117,-0.010252714157104492,0.010252714157104492,1,1,0,-1
gmsc,xgboost,36,age,relative_minus_10,-0.1,68.0,74.8,0.1960536539554596,0.24708089232444763,0.05102723836898804,0.05102723836898804,0,0,0,-1
gmsc,xgboost,37,age,relative_minus_10,-0.1,38.0,41.8,0.35266122221946716,0.3558751046657562,0.0032138824462890625,0.0032138824462890625,0,0,0,-1
gmsc,xgboost,38,age,relative_minus_10,-0.1,80.0,88.0,0.2510143518447876,0.2793591320514679,0.028344780206680298,0.028344780206680298,0,0,0,-1
gmsc,xgboost,39,age,relative_minus_10,-0.1,39.0,42.9,0.4371665418148041,0.39509499073028564,-0.04207155108451843,0.04207155108451843,0,0,0,-1
gmsc,xgboost,40,age,relative_minus_10,-0.1,45.0,49.5,0.13587132096290588,0.12375113368034363,-0.012120187282562256,0.012120187282562256,0,0,0,-1
gmsc,xgboost,41,age,relative_minus_10,-0.1,47.0,51.7,0.18514351546764374,0.17481151223182678,-0.010332003235816956,0.010332003235816956,0,0,0,-1
gmsc,xgboost,42,age,relative_minus_10,-0.1,37.0,40.7,0.10479436814785004,0.10799964517354965,0.0032052770256996155,0.0032052770256996155,0,0,0,-1
gmsc,xgboost,43,age,relative_minus_10,-0.1,25.0,27.5,0.5401685833930969,0.5067280530929565,-0.03344053030014038,0.03344053030014038,1,1,0,-1
gmsc,xgboost,44,age,relative_minus_10,-0.1,48.0,52.8,0.11184448003768921,0.1090441420674324,-0.0028003379702568054,0.0028003379702568054,0,0,0,-1
gmsc,xgboost,45,age,relative_minus_10,-0.1,75.0,82.5,0.12677443027496338,0.14383850991725922,0.017064079642295837,0.017064079642295837,0,0,0,-1
gmsc,xgboost,46,age,relative_minus_10,-0.1,67.0,73.7,0.25457122921943665,0.23880626261234283,-0.01576496660709381,0.01576496660709381,0,0,0,-1
gmsc,xgboost,47,age,relative_minus_10,-0.1,75.0,82.5,0.05936043709516525,0.06342772394418716,0.004067286849021912,0.004067286849021912,0,0,0,-1
gmsc,xgboost,48,age,relative_minus_10,-0.1,53.0,58.3,0.08543100953102112,0.05515630543231964,-0.030274704098701477,0.030274704098701477,0,0,0,-1
gmsc,xgboost,49,age,relative_minus_10,-0.1,72.0,79.2,0.03611498698592186,0.03393731266260147,-0.002177674323320389,0.002177674323320389,0,0,0,-1
gmsc,xgboost,50,age,relative_minus_10,-0.1,57.0,62.7,0.1643790304660797,0.14866027235984802,-0.01571875810623169,0.01571875810623169,0,0,0,-1
gmsc,xgboost,51,age,relative_minus_10,-0.1,53.0,58.3,0.2535255253314972,0.12371900677680969,-0.1298065185546875,0.1298065185546875,0,0,0,-1
gmsc,xgboost,52,age,relative_minus_10,-0.1,59.0,64.9,0.043543241918087006,0.038318052887916565,-0.005225189030170441,0.005225189030170441,0,0,0,-1
gmsc,xgboost,53,age,relative_minus_10,-0.1,34.0,37.4,0.8459349870681763,0.8440269231796265,-0.0019080638885498047,0.0019080638885498047,1,1,0,-1
gmsc,xgboost,54,age,relative_minus_10,-0.1,34.0,37.4,0.9326093792915344,0.9326028823852539,-6.496906280517578e-06,6.496906280517578e-06,1,1,0,-1
gmsc,xgboost,55,age,relative_minus_10,-0.1,63.0,69.3,0.0761168822646141,0.057512130588293076,-0.01860475167632103,0.01860475167632103,0,0,0,-1
gmsc,xgboost,56,age,relative_minus_10,-0.1,45.0,49.5,0.15863358974456787,0.14989399909973145,-0.008739590644836426,0.008739590644836426,0,0,0,-1
gmsc,xgboost,57,age,relative_minus_10,-0.1,25.0,27.5,0.5884111523628235,0.5903094410896301,0.0018982887268066406,0.0018982887268066406,1,1,0,-1
gmsc,xgboost,58,age,relative_minus_10,-0.1,65.0,71.5,0.6777902245521545,0.6105779409408569,-0.06721228361129761,0.06721228361129761,1,1,0,-1
gmsc,xgboost,59,age,relative_minus_10,-0.1,45.0,49.5,0.628955066204071,0.6323850750923157,0.003430008888244629,0.003430008888244629,1,1,0,-1
gmsc,xgboost,60,age,relative_minus_10,-0.1,41.0,45.1,0.17468222975730896,0.15121249854564667,-0.023469731211662292,0.023469731211662292,0,0,0,-1
gmsc,xgboost,61,age,relative_minus_10,-0.1,40.0,44.0,0.3342180848121643,0.29011809825897217,-0.04409998655319214,0.04409998655319214,0,0,0,-1
gmsc,xgboost,62,age,relative_minus_10,-0.1,44.0,48.4,0.46969300508499146,0.46970388293266296,1.0877847671508789e-05,1.0877847671508789e-05,0,0,0,-1
gmsc,xgboost,63,age,relative_minus_10,-0.1,47.0,51.7,0.09234394878149033,0.08426075428724289,-0.008083194494247437,0.008083194494247437,0,0,0,-1
gmsc,xgboost,64,age,relative_minus_10,-0.1,53.0,58.3,0.36687836050987244,0.321810245513916,-0.04506811499595642,0.04506811499595642,0,0,0,-1
gmsc,xgboost,65,age,relative_minus_10,-0.1,50.0,55.0,0.3751460015773773,0.3684137165546417,-0.006732285022735596,0.006732285022735596,0,0,0,-1
gmsc,xgboost,66,age,relative_minus_10,-0.1,58.0,63.8,0.1265122890472412,0.1321907490491867,0.005678460001945496,0.005678460001945496,0,0,0,-1
gmsc,xgboost,67,age,relative_minus_10,-0.1,37.0,40.7,0.4232633113861084,0.41540610790252686,-0.007857203483581543,0.007857203483581543,0,0,0,-1
gmsc,xgboost,68,age,relative_minus_10,-0.1,48.0,52.8,0.10810530185699463,0.1046091839671135,-0.003496117889881134,0.003496117889881134,0,0,0,-1
gmsc,xgboost,69,age,relative_minus_10,-0.1,49.0,53.9,0.5635039806365967,0.5608481764793396,-0.00265580415725708,0.00265580415725708,1,1,0,-1
gmsc,xgboost,70,age,relative_minus_10,-0.1,43.0,47.3,0.39893585443496704,0.4068576693534851,0.007921814918518066,0.007921814918518066,0,0,0,-1
gmsc,xgboost,71,age,relative_minus_10,-0.1,37.0,40.7,0.10639937967061996,0.09491509944200516,-0.011484280228614807,0.011484280228614807,0,0,0,-1
gmsc,xgboost,72,age,relative_minus_10,-0.1,53.0,58.3,0.19083499908447266,0.16119113564491272,-0.029643863439559937,0.029643863439559937,0,0,0,-1
gmsc,xgboost,73,age,relative_minus_10,-0.1,33.0,36.3,0.3986653685569763,0.3727680444717407,-0.025897324085235596,0.025897324085235596,0,0,0,-1
gmsc,xgboost,74,age,relative_minus_10,-0.1,30.0,33.0,0.18615853786468506,0.19673597812652588,0.01057744026184082,0.01057744026184082,0,0,0,-1
gmsc,xgboost,75,age,relative_minus_10,-0.1,25.0,27.5,0.5547352433204651,0.532543957233429,-0.022191286087036133,0.022191286087036133,1,1,0,-1
gmsc,xgboost,76,age,relative_minus_10,-0.1,65.0,71.5,0.11016565561294556,0.08005696535110474,-0.03010869026184082,0.03010869026184082,0,0,0,-1
gmsc,xgboost,77,age,relative_minus_10,-0.1,87.0,95.7,0.05538906157016754,0.032028213143348694,-0.023360848426818848,0.023360848426818848,0,0,0,-1
gmsc,xgboost,78,age,relative_minus_10,-0.1,55.0,60.5,0.05751078575849533,0.04513419419527054,-0.012376591563224792,0.012376591563224792,0,0,0,-1
gmsc,xgboost,79,age,relative_minus_10,-0.1,30.0,33.0,0.2844957709312439,0.291454941034317,0.00695917010307312,0.00695917010307312,0,0,0,-1
gmsc,xgboost,80,age,relative_minus_10,-0.1,71.0,78.1,0.1406598836183548,0.18051183223724365,0.039851948618888855,0.039851948618888855,0,0,0,-1
gmsc,xgboost,81,age,relative_minus_10,-0.1,30.0,33.0,0.16070415079593658,0.16832292079925537,0.007618770003318787,0.007618770003318787,0,0,0,-1
gmsc,xgboost,82,age,relative_minus_10,-0.1,51.0,56.1,0.4081357717514038,0.3179174065589905,-0.09021836519241333,0.09021836519241333,0,0,0,-1
gmsc,xgboost,83,age,relative_minus_10,-0.1,75.0,82.5,0.06326539814472198,0.07608513534069061,0.012819737195968628,0.012819737195968628,0,0,0,-1
gmsc,xgboost,84,age,relative_minus_10,-0.1,50.0,55.0,0.6416367292404175,0.5966233015060425,-0.045013427734375,0.045013427734375,1,1,0,-1
gmsc,xgboost,85,age,relative_minus_10,-0.1,67.0,73.7,0.06614423543214798,0.052536237984895706,-0.013607997447252274,0.013607997447252274,0,0,0,-1
gmsc,xgboost,86,age,relative_minus_10,-0.1,36.0,39.6,0.12697042524814606,0.12452869862318039,-0.0024417266249656677,0.0024417266249656677,0,0,0,-1
gmsc,xgboost,87,age,relative_minus_10,-0.1,33.0,36.3,0.106936976313591,0.10078666359186172,-0.0061503127217292786,0.0061503127217292786,0,0,0,-1
gmsc,xgboost,88,age,relative_minus_10,-0.1,41.0,45.1,0.12650665640830994,0.12196516245603561,-0.0045414939522743225,0.0045414939522743225,0,0,0,-1
gmsc,xgboost,89,age,relative_minus_10,-0.1,42.0,46.2,0.3815006911754608,0.3767193853855133,-0.00478130578994751,0.00478130578994751,0,0,0,-1
gmsc,xgboost,90,age,relative_minus_10,-0.1,75.0,82.5,0.044368140399456024,0.053162820637226105,0.00879468023777008,0.00879468023777008,0,0,0,-1
gmsc,xgboost,91,age,relative_minus_10,-0.1,47.0,51.7,0.1482551395893097,0.13877859711647034,-0.009476542472839355,0.009476542472839355,0,0,0,-1
gmsc,xgboost,92,age,relative_minus_10,-0.1,57.0,62.7,0.06322672218084335,0.056829310953617096,-0.006397411227226257,0.006397411227226257,0,0,0,-1
gmsc,xgboost,93,age,relative_minus_10,-0.1,59.0,64.9,0.1017114520072937,0.0955130010843277,-0.006198450922966003,0.006198450922966003,0,0,0,-1
gmsc,xgboost,94,age,relative_minus_10,-0.1,88.0,96.8,0.14927543699741364,0.09989210963249207,-0.04938332736492157,0.04938332736492157,0,0,0,-1
gmsc,xgboost,95,age,relative_minus_10,-0.1,35.0,38.5,0.22754548490047455,0.19395194947719574,-0.03359353542327881,0.03359353542327881,0,0,0,-1
gmsc,xgboost,96,age,relative_minus_10,-0.1,53.0,58.3,0.13160045444965363,0.08665585517883301,-0.04494459927082062,0.04494459927082062,0,0,0,-1
gmsc,xgboost,97,age,relative_minus_10,-0.1,51.0,56.1,0.0985931009054184,0.07960042357444763,-0.018992677330970764,0.018992677330970764,0,0,0,-1
gmsc,xgboost,98,age,relative_minus_10,-0.1,49.0,53.9,0.35479238629341125,0.3520851135253906,-0.00270727276802063,0.00270727276802063,0,0,0,-1
gmsc,xgboost,99,age,relative_minus_10,-0.1,52.0,57.2,0.9183781147003174,0.9180665016174316,-0.0003116130828857422,0.0003116130828857422,1,1,0,-1
gmsc,xgboost,0,age,relative_plus_10,0.1,78.0,85.8,0.08203070610761642,0.1084941029548645,0.026463396847248077,0.026463396847248077,0,0,0,-1
gmsc,xgboost,1,age,relative_plus_10,0.1,51.0,56.1,0.07381805032491684,0.05423559993505478,-0.01958245038986206,0.01958245038986206,0,0,0,-1
gmsc,xgboost,2,age,relative_plus_10,0.1,60.0,66.0,0.057695530354976654,0.04957650601863861,-0.008119024336338043,0.008119024336338043,0,0,0,-1
gmsc,xgboost,3,age,relative_plus_10,0.1,57.0,62.7,0.29744529724121094,0.27310195565223694,-0.024343341588974,0.024343341588974,0,0,0,-1
gmsc,xgboost,4,age,relative_plus_10,0.1,48.0,52.8,0.10023795068264008,0.10707337409257889,0.006835423409938812,0.006835423409938812,0,0,0,-1
gmsc,xgboost,5,age,relative_plus_10,0.1,47.0,51.7,0.19237148761749268,0.1854882836341858,-0.006883203983306885,0.006883203983306885,0,0,0,-1
gmsc,xgboost,6,age,relative_plus_10,0.1,48.0,52.8,0.2720617651939392,0.279632568359375,0.007570803165435791,0.007570803165435791,0,0,0,-1
gmsc,xgboost,7,age,relative_plus_10,0.1,44.0,48.4,0.2072291374206543,0.2159637212753296,0.008734583854675293,0.008734583854675293,0,0,0,-1
gmsc,xgboost,8,age,relative_plus_10,0.1,48.0,52.8,0.14596141874790192,0.14840835332870483,0.0024469345808029175,0.0024469345808029175,0,0,0,-1
gmsc,xgboost,9,age,relative_plus_10,0.1,41.0,45.1,0.3907460570335388,0.3938145041465759,0.0030684471130371094,0.0030684471130371094,0,0,0,-1
gmsc,xgboost,10,age,relative_plus_10,0.1,45.0,49.5,0.43983033299446106,0.4516279995441437,0.011797666549682617,0.011797666549682617,0,0,0,-1
gmsc,xgboost,11,age,relative_plus_10,0.1,58.0,63.8,0.2212306559085846,0.22379235923290253,0.002561703324317932,0.002561703324317932,0,0,0,-1
gmsc,xgboost,12,age,relative_plus_10,0.1,67.0,73.7,0.034909687936306,0.029834354296326637,-0.0050753336399793625,0.0050753336399793625,0,0,0,-1
gmsc,xgboost,13,age,relative_plus_10,0.1,40.0,44.0,0.8862441778182983,0.8837338089942932,-0.002510368824005127,0.002510368824005127,1,1,0,-1
gmsc,xgboost,14,age,relative_plus_10,0.1,44.0,48.4,0.30772891640663147,0.31726378202438354,0.009534865617752075,0.009534865617752075,0,0,0,-1
gmsc,xgboost,15,age,relative_plus_10,0.1,56.0,61.6,0.2524952292442322,0.23014649748802185,-0.022348731756210327,0.022348731756210327,0,0,0,-1
gmsc,xgboost,16,age,relative_plus_10,0.1,31.0,34.1,0.48664188385009766,0.4929976165294647,0.006355732679367065,0.006355732679367065,0,0,0,-1
gmsc,xgboost,17,age,relative_plus_10,0.1,48.0,52.8,0.09193970263004303,0.0937417671084404,0.0018020644783973694,0.0018020644783973694,0,0,0,-1
gmsc,xgboost,18,age,relative_plus_10,0.1,34.0,37.4,0.3769620656967163,0.38990357518196106,0.012941509485244751,0.012941509485244751,0,0,0,-1
gmsc,xgboost,19,age,relative_plus_10,0.1,73.0,80.3,0.21186602115631104,0.20715460181236267,-0.004711419343948364,0.004711419343948364,0,0,0,-1
gmsc,xgboost,20,age,relative_plus_10,0.1,50.0,55.0,0.04993200674653053,0.042173080146312714,-0.007758926600217819,0.007758926600217819,0,0,0,-1
gmsc,xgboost,21,age,relative_plus_10,0.1,78.0,85.8,0.08262580633163452,0.18532003462314606,0.10269422829151154,0.10269422829151154,0,0,0,-1
gmsc,xgboost,22,age,relative_plus_10,0.1,55.0,60.5,0.06402596086263657,0.058587174862623215,-0.0054387860000133514,0.0054387860000133514,0,0,0,-1
gmsc,xgboost,23,age,relative_plus_10,0.1,46.0,50.6,0.08952450007200241,0.08429719507694244,-0.005227304995059967,0.005227304995059967,0,0,0,-1
gmsc,xgboost,24,age,relative_plus_10,0.1,78.0,85.8,0.034259602427482605,0.030595440417528152,-0.0036641620099544525,0.0036641620099544525,0,0,0,-1
gmsc,xgboost,25,age,relative_plus_10,0.1,56.0,61.6,0.49923714995384216,0.46774759888648987,-0.031489551067352295,0.031489551067352295,0,0,0,-1
gmsc,xgboost,26,age,relative_plus_10,0.1,52.0,57.2,0.46355003118515015,0.35794565081596375,-0.1056043803691864,0.1056043803691864,0,0,0,-1
gmsc,xgboost,27,age,relative_plus_10,0.1,58.0,63.8,0.16462162137031555,0.17169776558876038,0.007076144218444824,0.007076144218444824,0,0,0,-1
gmsc,xgboost,28,age,relative_plus_10,0.1,41.0,45.1,0.222405344247818,0.17456530034542084,-0.047840043902397156,0.047840043902397156,0,0,0,-1
gmsc,xgboost,29,age,relative_plus_10,0.1,85.0,93.5,0.06126169487833977,0.05824056267738342,-0.0030211322009563446,0.0030211322009563446,0,0,0,-1
gmsc,xgboost,30,age,relative_plus_10,0.1,34.0,37.4,0.25775110721588135,0.23837825655937195,-0.0193728506565094,0.0193728506565094,0,0,0,-1
gmsc,xgboost,31,age,relative_plus_10,0.1,47.0,51.7,0.14284415543079376,0.131273090839386,-0.011571064591407776,0.011571064591407776,0,0,0,-1
gmsc,xgboost,32,age,relative_plus_10,0.1,55.0,60.5,0.1354866921901703,0.11126433312892914,-0.02422235906124115,0.02422235906124115,0,0,0,-1
gmsc,xgboost,33,age,relative_plus_10,0.1,65.0,71.5,0.0799889788031578,0.05563686043024063,-0.024352118372917175,0.024352118372917175,0,0,0,-1
gmsc,xgboost,34,age,relative_plus_10,0.1,36.0,39.6,0.5890139937400818,0.6002910137176514,0.01127701997756958,0.01127701997756958,1,1,0,-1
gmsc,xgboost,35,age,relative_plus_10,0.1,36.0,39.6,0.7353684902191162,0.7251157760620117,-0.010252714157104492,0.010252714157104492,1,1,0,-1
gmsc,xgboost,36,age,relative_plus_10,0.1,68.0,74.8,0.1960536539554596,0.24708089232444763,0.05102723836898804,0.05102723836898804,0,0,0,-1
gmsc,xgboost,37,age,relative_plus_10,0.1,38.0,41.8,0.35266122221946716,0.3558751046657562,0.0032138824462890625,0.0032138824462890625,0,0,0,-1
gmsc,xgboost,38,age,relative_plus_10,0.1,80.0,88.0,0.2510143518447876,0.2793591320514679,0.028344780206680298,0.028344780206680298,0,0,0,-1
gmsc,xgboost,39,age,relative_plus_10,0.1,39.0,42.9,0.4371665418148041,0.39509499073028564,-0.04207155108451843,0.04207155108451843,0,0,0,-1
gmsc,xgboost,40,age,relative_plus_10,0.1,45.0,49.5,0.13587132096290588,0.12375113368034363,-0.012120187282562256,0.012120187282562256,0,0,0,-1
gmsc,xgboost,41,age,relative_plus_10,0.1,47.0,51.7,0.18514351546764374,0.17481151223182678,-0.010332003235816956,0.010332003235816956,0,0,0,-1
gmsc,xgboost,42,age,relative_plus_10,0.1,37.0,40.7,0.10479436814785004,0.10799964517354965,0.0032052770256996155,0.0032052770256996155,0,0,0,-1
gmsc,xgboost,43,age,relative_plus_10,0.1,25.0,27.5,0.5401685833930969,0.5067280530929565,-0.03344053030014038,0.03344053030014038,1,1,0,-1
gmsc,xgboost,44,age,relative_plus_10,0.1,48.0,52.8,0.11184448003768921,0.1090441420674324,-0.0028003379702568054,0.0028003379702568054,0,0,0,-1
gmsc,xgboost,45,age,relative_plus_10,0.1,75.0,82.5,0.12677443027496338,0.14383850991725922,0.017064079642295837,0.017064079642295837,0,0,0,-1
gmsc,xgboost,46,age,relative_plus_10,0.1,67.0,73.7,0.25457122921943665,0.23880626261234283,-0.01576496660709381,0.01576496660709381,0,0,0,-1
gmsc,xgboost,47,age,relative_plus_10,0.1,75.0,82.5,0.05936043709516525,0.06342772394418716,0.004067286849021912,0.004067286849021912,0,0,0,-1
gmsc,xgboost,48,age,relative_plus_10,0.1,53.0,58.3,0.08543100953102112,0.05515630543231964,-0.030274704098701477,0.030274704098701477,0,0,0,-1
gmsc,xgboost,49,age,relative_plus_10,0.1,72.0,79.2,0.03611498698592186,0.03393731266260147,-0.002177674323320389,0.002177674323320389,0,0,0,-1
gmsc,xgboost,50,age,relative_plus_10,0.1,57.0,62.7,0.1643790304660797,0.14866027235984802,-0.01571875810623169,0.01571875810623169,0,0,0,-1
gmsc,xgboost,51,age,relative_plus_10,0.1,53.0,58.3,0.2535255253314972,0.12371900677680969,-0.1298065185546875,0.1298065185546875,0,0,0,-1
gmsc,xgboost,52,age,relative_plus_10,0.1,59.0,64.9,0.043543241918087006,0.038318052887916565,-0.005225189030170441,0.005225189030170441,0,0,0,-1
gmsc,xgboost,53,age,relative_plus_10,0.1,34.0,37.4,0.8459349870681763,0.8440269231796265,-0.0019080638885498047,0.0019080638885498047,1,1,0,-1
gmsc,xgboost,54,age,relative_plus_10,0.1,34.0,37.4,0.9326093792915344,0.9326028823852539,-6.496906280517578e-06,6.496906280517578e-06,1,1,0,-1
gmsc,xgboost,55,age,relative_plus_10,0.1,63.0,69.3,0.0761168822646141,0.057512130588293076,-0.01860475167632103,0.01860475167632103,0,0,0,-1
gmsc,xgboost,56,age,relative_plus_10,0.1,45.0,49.5,0.15863358974456787,0.14989399909973145,-0.008739590644836426,0.008739590644836426,0,0,0,-1
gmsc,xgboost,57,age,relative_plus_10,0.1,25.0,27.5,0.5884111523628235,0.5903094410896301,0.0018982887268066406,0.0018982887268066406,1,1,0,-1
gmsc,xgboost,58,age,relative_plus_10,0.1,65.0,71.5,0.6777902245521545,0.6105779409408569,-0.06721228361129761,0.06721228361129761,1,1,0,-1
gmsc,xgboost,59,age,relative_plus_10,0.1,45.0,49.5,0.628955066204071,0.6323850750923157,0.003430008888244629,0.003430008888244629,1,1,0,-1
gmsc,xgboost,60,age,relative_plus_10,0.1,41.0,45.1,0.17468222975730896,0.15121249854564667,-0.023469731211662292,0.023469731211662292,0,0,0,-1
gmsc,xgboost,61,age,relative_plus_10,0.1,40.0,44.0,0.3342180848121643,0.29011809825897217,-0.04409998655319214,0.04409998655319214,0,0,0,-1
gmsc,xgboost,62,age,relative_plus_10,0.1,44.0,48.4,0.46969300508499146,0.46970388293266296,1.0877847671508789e-05,1.0877847671508789e-05,0,0,0,-1
gmsc,xgboost,63,age,relative_plus_10,0.1,47.0,51.7,0.09234394878149033,0.08426075428724289,-0.008083194494247437,0.008083194494247437,0,0,0,-1
gmsc,xgboost,64,age,relative_plus_10,0.1,53.0,58.3,0.36687836050987244,0.321810245513916,-0.04506811499595642,0.04506811499595642,0,0,0,-1
gmsc,xgboost,65,age,relative_plus_10,0.1,50.0,55.0,0.3751460015773773,0.3684137165546417,-0.006732285022735596,0.006732285022735596,0,0,0,-1
gmsc,xgboost,66,age,relative_plus_10,0.1,58.0,63.8,0.1265122890472412,0.1321907490491867,0.005678460001945496,0.005678460001945496,0,0,0,-1
gmsc,xgboost,67,age,relative_plus_10,0.1,37.0,40.7,0.4232633113861084,0.41540610790252686,-0.007857203483581543,0.007857203483581543,0,0,0,-1
gmsc,xgboost,68,age,relative_plus_10,0.1,48.0,52.8,0.10810530185699463,0.1046091839671135,-0.003496117889881134,0.003496117889881134,0,0,0,-1
gmsc,xgboost,69,age,relative_plus_10,0.1,49.0,53.9,0.5635039806365967,0.5608481764793396,-0.00265580415725708,0.00265580415725708,1,1,0,-1
gmsc,xgboost,70,age,relative_plus_10,0.1,43.0,47.3,0.39893585443496704,0.4068576693534851,0.007921814918518066,0.007921814918518066,0,0,0,-1
gmsc,xgboost,71,age,relative_plus_10,0.1,37.0,40.7,0.10639937967061996,0.09491509944200516,-0.011484280228614807,0.011484280228614807,0,0,0,-1
gmsc,xgboost,72,age,relative_plus_10,0.1,53.0,58.3,0.19083499908447266,0.16119113564491272,-0.029643863439559937,0.029643863439559937,0,0,0,-1
gmsc,xgboost,73,age,relative_plus_10,0.1,33.0,36.3,0.3986653685569763,0.3727680444717407,-0.025897324085235596,0.025897324085235596,0,0,0,-1
gmsc,xgboost,74,age,relative_plus_10,0.1,30.0,33.0,0.18615853786468506,0.19673597812652588,0.01057744026184082,0.01057744026184082,0,0,0,-1
gmsc,xgboost,75,age,relative_plus_10,0.1,25.0,27.5,0.5547352433204651,0.532543957233429,-0.022191286087036133,0.022191286087036133,1,1,0,-1
gmsc,xgboost,76,age,relative_plus_10,0.1,65.0,71.5,0.11016565561294556,0.08005696535110474,-0.03010869026184082,0.03010869026184082,0,0,0,-1
gmsc,xgboost,77,age,relative_plus_10,0.1,87.0,95.7,0.05538906157016754,0.032028213143348694,-0.023360848426818848,0.023360848426818848,0,0,0,-1
gmsc,xgboost,78,age,relative_plus_10,0.1,55.0,60.5,0.05751078575849533,0.04513419419527054,-0.012376591563224792,0.012376591563224792,0,0,0,-1
gmsc,xgboost,79,age,relative_plus_10,0.1,30.0,33.0,0.2844957709312439,0.291454941034317,0.00695917010307312,0.00695917010307312,0,0,0,-1
gmsc,xgboost,80,age,relative_plus_10,0.1,71.0,78.1,0.1406598836183548,0.18051183223724365,0.039851948618888855,0.039851948618888855,0,0,0,-1
gmsc,xgboost,81,age,relative_plus_10,0.1,30.0,33.0,0.16070415079593658,0.16832292079925537,0.007618770003318787,0.007618770003318787,0,0,0,-1
gmsc,xgboost,82,age,relative_plus_10,0.1,51.0,56.1,0.4081357717514038,0.3179174065589905,-0.09021836519241333,0.09021836519241333,0,0,0,-1
gmsc,xgboost,83,age,relative_plus_10,0.1,75.0,82.5,0.06326539814472198,0.07608513534069061,0.012819737195968628,0.012819737195968628,0,0,0,-1
gmsc,xgboost,84,age,relative_plus_10,0.1,50.0,55.0,0.6416367292404175,0.5966233015060425,-0.045013427734375,0.045013427734375,1,1,0,-1
gmsc,xgboost,85,age,relative_plus_10,0.1,67.0,73.7,0.06614423543214798,0.052536237984895706,-0.013607997447252274,0.013607997447252274,0,0,0,-1
gmsc,xgboost,86,age,relative_plus_10,0.1,36.0,39.6,0.12697042524814606,0.12452869862318039,-0.0024417266249656677,0.0024417266249656677,0,0,0,-1
gmsc,xgboost,87,age,relative_plus_10,0.1,33.0,36.3,0.106936976313591,0.10078666359186172,-0.0061503127217292786,0.0061503127217292786,0,0,0,-1
gmsc,xgboost,88,age,relative_plus_10,0.1,41.0,45.1,0.12650665640830994,0.12196516245603561,-0.0045414939522743225,0.0045414939522743225,0,0,0,-1
gmsc,xgboost,89,age,relative_plus_10,0.1,42.0,46.2,0.3815006911754608,0.3767193853855133,-0.00478130578994751,0.00478130578994751,0,0,0,-1
gmsc,xgboost,90,age,relative_plus_10,0.1,75.0,82.5,0.044368140399456024,0.053162820637226105,0.00879468023777008,0.00879468023777008,0,0,0,-1
gmsc,xgboost,91,age,relative_plus_10,0.1,47.0,51.7,0.1482551395893097,0.13877859711647034,-0.009476542472839355,0.009476542472839355,0,0,0,-1
gmsc,xgboost,92,age,relative_plus_10,0.1,57.0,62.7,0.06322672218084335,0.056829310953617096,-0.006397411227226257,0.006397411227226257,0,0,0,-1
gmsc,xgboost,93,age,relative_plus_10,0.1,59.0,64.9,0.1017114520072937,0.0955130010843277,-0.006198450922966003,0.006198450922966003,0,0,0,-1
gmsc,xgboost,94,age,relative_plus_10,0.1,88.0,96.8,0.14927543699741364,0.09989210963249207,-0.04938332736492157,0.04938332736492157,0,0,0,-1
gmsc,xgboost,95,age,relative_plus_10,0.1,35.0,38.5,0.22754548490047455,0.19395194947719574,-0.03359353542327881,0.03359353542327881,0,0,0,-1
gmsc,xgboost,96,age,relative_plus_10,0.1,53.0,58.3,0.13160045444965363,0.08665585517883301,-0.04494459927082062,0.04494459927082062,0,0,0,-1
gmsc,xgboost,97,age,relative_plus_10,0.1,51.0,56.1,0.0985931009054184,0.07960042357444763,-0.018992677330970764,0.018992677330970764,0,0,0,-1
gmsc,xgboost,98,age,relative_plus_10,0.1,49.0,53.9,0.35479238629341125,0.3520851135253906,-0.00270727276802063,0.00270727276802063,0,0,0,-1
gmsc,xgboost,99,age,relative_plus_10,0.1,52.0,57.2,0.9183781147003174,0.9180665016174316,-0.0003116130828857422,0.0003116130828857422,1,1,0,-1
gmsc,xgboost,0,NumberOfTime30-59DaysPastDueNotWorse,relative_minus_5,-0.05,0.0,0.05,0.08203070610761642,0.08203070610761642,0.0,0.0,0,0,0,-1
gmsc,xgboost,1,NumberOfTime30-59DaysPastDueNotWorse,relative_minus_5,-0.05,0.0,0.05,0.07381805032491684,0.07381805032491684,0.0,0.0,0,0,0,-1
gmsc,xgboost,2,NumberOfTime30-59DaysPastDueNotWorse,relative_minus_5,-0.05,0.0,0.05,0.057695530354976654,0.057695530354976654,0.0,0.0,0,0,0,-1
gmsc,xgboost,3,NumberOfTime30-59DaysPastDueNotWorse,relative_minus_5,-0.05,0.0,0.05,0.29744529724121094,0.29744529724121094,0.0,0.0,0,0,0,-1
gmsc,xgboost,4,NumberOfTime30-59DaysPastDueNotWorse,relative_minus_5,-0.05,0.0,0.05,0.10023795068264008,0.10023795068264008,0.0,0.0,0,0,0,-1
gmsc,xgboost,5,NumberOfTime30-59DaysPastDueNotWorse,relative_minus_5,-0.05,0.0,0.05,0.19237148761749268,0.19237148761749268,0.0,0.0,0,0,0,-1
gmsc,xgboost,6,NumberOfTime30-59DaysPastDueNotWorse,relative_minus_5,-0.05,0.0,0.05,0.2720617651939392,0.2720617651939392,0.0,0.0,0,0,0,-1
gmsc,xgboost,7,NumberOfTime30-59DaysPastDueNotWorse,relative_minus_5,-0.05,0.0,0.05,0.2072291374206543,0.2072291374206543,0.0,0.0,0,0,0,-1
gmsc,xgboost,8,NumberOfTime30-59DaysPastDueNotWorse,relative_minus_5,-0.05,0.0,0.05,0.14596141874790192,0.14596141874790192,0.0,0.0,0,0,0,-1
gmsc,xgboost,9,NumberOfTime30-59DaysPastDueNotWorse,relative_minus_5,-0.05,1.0,1.05,0.3907460570335388,0.3907460570335388,0.0,0.0,0,0,0,-1
gmsc,xgboost,10,NumberOfTime30-59DaysPastDueNotWorse,relative_minus_5,-0.05,0.0,0.05,0.43983033299446106,0.43983033299446106,0.0,0.0,0,0,0,-1
gmsc,xgboost,11,NumberOfTime30-59DaysPastDueNotWorse,relative_minus_5,-0.05,0.0,0.05,0.2212306559085846,0.2212306559085846,0.0,0.0,0,0,0,-1
gmsc,xgboost,12,NumberOfTime30-59DaysPastDueNotWorse,relative_minus_5,-0.05,0.0,0.05,0.034909687936306,0.034909687936306,0.0,0.0,0,0,0,-1
gmsc,xgboost,13,NumberOfTime30-59DaysPastDueNotWorse,relative_minus_5,-0.05,0.0,0.05,0.8862441778182983,0.8862441778182983,0.0,0.0,1,1,0,-1
gmsc,xgboost,14,NumberOfTime30-59DaysPastDueNotWorse,relative_minus_5,-0.05,0.0,0.05,0.30772891640663147,0.30772891640663147,0.0,0.0,0,0,0,-1
gmsc,xgboost,15,NumberOfTime30-59DaysPastDueNotWorse,relative_minus_5,-0.05,1.0,1.05,0.2524952292442322,0.2524952292442322,0.0,0.0,0,0,0,-1
gmsc,xgboost,16,NumberOfTime30-59DaysPastDueNotWorse,relative_minus_5,-0.05,1.0,1.05,0.48664188385009766,0.48664188385009766,0.0,0.0,0,0,0,-1
gmsc,xgboost,17,NumberOfTime30-59DaysPastDueNotWorse,relative_minus_5,-0.05,0.0,0.05,0.09193970263004303,0.09193970263004303,0.0,0.0,0,0,0,-1
gmsc,xgboost,18,NumberOfTime30-59DaysPastDueNotWorse,relative_minus_5,-0.05,0.0,0.05,0.3769620656967163,0.3769620656967163,0.0,0.0,0,0,0,-1
gmsc,xgboost,19,NumberOfTime30-59DaysPastDueNotWorse,relative_minus_5,-0.05,1.0,1.05,0.21186602115631104,0.21186602115631104,0.0,0.0,0,0,0,-1
gmsc,xgboost,20,NumberOfTime30-59DaysPastDueNotWorse,relative_minus_5,-0.05,0.0,0.05,0.04993200674653053,0.04993200674653053,0.0,0.0,0,0,0,-1
gmsc,xgboost,21,NumberOfTime30-59DaysPastDueNotWorse,relative_minus_5,-0.05,0.0,0.05,0.08262580633163452,0.08262580633163452,0.0,0.0,0,0,0,-1
gmsc,xgboost,22,NumberOfTime30-59DaysPastDueNotWorse,relative_minus_5,-0.05,0.0,0.05,0.06402596086263657,0.06402596086263657,0.0,0.0,0,0,0,-1
gmsc,xgboost,23,NumberOfTime30-59DaysPastDueNotWorse,relative_minus_5,-0.05,0.0,0.05,0.08952450007200241,0.08952450007200241,0.0,0.0,0,0,0,-1
gmsc,xgboost,24,NumberOfTime30-59DaysPastDueNotWorse,relative_minus_5,-0.05,0.0,0.05,0.034259602427482605,0.034259602427482605,0.0,0.0,0,0,0,-1
gmsc,xgboost,25,NumberOfTime30-59DaysPastDueNotWorse,relative_minus_5,-0.05,0.0,0.05,0.49923714995384216,0.49923714995384216,0.0,0.0,0,0,0,-1
gmsc,xgboost,26,NumberOfTime30-59DaysPastDueNotWorse,relative_minus_5,-0.05,0.0,0.05,0.46355003118515015,0.46355003118515015,0.0,0.0,0,0,0,-1
gmsc,xgboost,27,NumberOfTime30-59DaysPastDueNotWorse,relative_minus_5,-0.05,0.0,0.05,0.16462162137031555,0.16462162137031555,0.0,0.0,0,0,0,-1
gmsc,xgboost,28,NumberOfTime30-59DaysPastDueNotWorse,relative_minus_5,-0.05,0.0,0.05,0.222405344247818,0.222405344247818,0.0,0.0,0,0,0,-1
gmsc,xgboost,29,NumberOfTime30-59DaysPastDueNotWorse,relative_minus_5,-0.05,0.0,0.05,0.06126169487833977,0.06126169487833977,0.0,0.0,0,0,0,-1
gmsc,xgboost,30,NumberOfTime30-59DaysPastDueNotWorse,relative_minus_5,-0.05,0.0,0.05,0.25775110721588135,0.25775110721588135,0.0,0.0,0,0,0,-1
gmsc,xgboost,31,NumberOfTime30-59DaysPastDueNotWorse,relative_minus_5,-0.05,0.0,0.05,0.14284415543079376,0.14284415543079376,0.0,0.0,0,0,0,-1
gmsc,xgboost,32,NumberOfTime30-59DaysPastDueNotWorse,relative_minus_5,-0.05,0.0,0.05,0.1354866921901703,0.1354866921901703,0.0,0.0,0,0,0,-1
gmsc,xgboost,33,NumberOfTime30-59DaysPastDueNotWorse,relative_minus_5,-0.05,0.0,0.05,0.0799889788031578,0.0799889788031578,0.0,0.0,0,0,0,-1
gmsc,xgboost,34,NumberOfTime30-59DaysPastDueNotWorse,relative_minus_5,-0.05,1.0,1.05,0.5890139937400818,0.5890139937400818,0.0,0.0,1,1,0,-1
gmsc,xgboost,35,NumberOfTime30-59DaysPastDueNotWorse,relative_minus_5,-0.05,2.0,2.1,0.7353684902191162,0.7353684902191162,0.0,0.0,1,1,0,-1
gmsc,xgboost,36,NumberOfTime30-59DaysPastDueNotWorse,relative_minus_5,-0.05,0.0,0.05,0.1960536539554596,0.1960536539554596,0.0,0.0,0,0,0,-1
gmsc,xgboost,37,NumberOfTime30-59DaysPastDueNotWorse,relative_minus_5,-0.05,0.0,0.05,0.35266122221946716,0.35266122221946716,0.0,0.0,0,0,0,-1
gmsc,xgboost,38,NumberOfTime30-59DaysPastDueNotWorse,relative_minus_5,-0.05,0.0,0.05,0.2510143518447876,0.2510143518447876,0.0,0.0,0,0,0,-1
gmsc,xgboost,39,NumberOfTime30-59DaysPastDueNotWorse,relative_minus_5,-0.05,0.0,0.05,0.4371665418148041,0.4371665418148041,0.0,0.0,0,0,0,-1
gmsc,xgboost,40,NumberOfTime30-59DaysPastDueNotWorse,relative_minus_5,-0.05,0.0,0.05,0.13587132096290588,0.13587132096290588,0.0,0.0,0,0,0,-1
gmsc,xgboost,41,NumberOfTime30-59DaysPastDueNotWorse,relative_minus_5,-0.05,0.0,0.05,0.18514351546764374,0.18514351546764374,0.0,0.0,0,0,0,-1
gmsc,xgboost,42,NumberOfTime30-59DaysPastDueNotWorse,relative_minus_5,-0.05,0.0,0.05,0.10479436814785004,0.10479436814785004,0.0,0.0,0,0,0,-1
gmsc,xgboost,43,NumberOfTime30-59DaysPastDueNotWorse,relative_minus_5,-0.05,0.0,0.05,0.5401685833930969,0.5401685833930969,0.0,0.0,1,1,0,-1
gmsc,xgboost,44,NumberOfTime30-59DaysPastDueNotWorse,relative_minus_5,-0.05,0.0,0.05,0.11184448003768921,0.11184448003768921,0.0,0.0,0,0,0,-1
gmsc,xgboost,45,NumberOfTime30-59DaysPastDueNotWorse,relative_minus_5,-0.05,0.0,0.05,0.12677443027496338,0.12677443027496338,0.0,0.0,0,0,0,-1
gmsc,xgboost,46,NumberOfTime30-59DaysPastDueNotWorse,relative_minus_5,-0.05,0.0,0.05,0.25457122921943665,0.25457122921943665,0.0,0.0,0,0,0,-1
gmsc,xgboost,47,NumberOfTime30-59DaysPastDueNotWorse,relative_minus_5,-0.05,0.0,0.05,0.05936043709516525,0.05936043709516525,0.0,0.0,0,0,0,-1
gmsc,xgboost,48,NumberOfTime30-59DaysPastDueNotWorse,relative_minus_5,-0.05,0.0,0.05,0.08543100953102112,0.08543100953102112,0.0,0.0,0,0,0,-1
gmsc,xgboost,49,NumberOfTime30-59DaysPastDueNotWorse,relative_minus_5,-0.05,0.0,0.05,0.03611498698592186,0.03611498698592186,0.0,0.0,0,0,0,-1
gmsc,xgboost,50,NumberOfTime30-59DaysPastDueNotWorse,relative_minus_5,-0.05,0.0,0.05,0.1643790304660797,0.1643790304660797,0.0,0.0,0,0,0,-1
gmsc,xgboost,51,NumberOfTime30-59DaysPastDueNotWorse,relative_minus_5,-0.05,0.0,0.05,0.2535255253314972,0.2535255253314972,0.0,0.0,0,0,0,-1
gmsc,xgboost,52,NumberOfTime30-59DaysPastDueNotWorse,relative_minus_5,-0.05,0.0,0.05,0.043543241918087006,0.043543241918087006,0.0,0.0,0,0,0,-1
gmsc,xgboost,53,NumberOfTime30-59DaysPastDueNotWorse,relative_minus_5,-0.05,2.0,2.1,0.8459349870681763,0.8459349870681763,0.0,0.0,1,1,0,-1
gmsc,xgboost,54,NumberOfTime30-59DaysPastDueNotWorse,relative_minus_5,-0.05,3.0,3.15,0.9326093792915344,0.9326093792915344,0.0,0.0,1,1,0,-1
gmsc,xgboost,55,NumberOfTime30-59DaysPastDueNotWorse,relative_minus_5,-0.05,0.0,0.05,0.0761168822646141,0.0761168822646141,0.0,0.0,0,0,0,-1
gmsc,xgboost,56,NumberOfTime30-59DaysPastDueNotWorse,relative_minus_5,-0.05,0.0,0.05,0.15863358974456787,0.15863358974456787,0.0,0.0,0,0,0,-1
gmsc,xgboost,57,NumberOfTime30-59DaysPastDueNotWorse,relative_minus_5,-0.05,0.0,0.05,0.5884111523628235,0.5884111523628235,0.0,0.0,1,1,0,-1
gmsc,xgboost,58,NumberOfTime30-59DaysPastDueNotWorse,relative_minus_5,-0.05,0.0,0.05,0.6777902245521545,0.6777902245521545,0.0,0.0,1,1,0,-1
gmsc,xgboost,59,NumberOfTime30-59DaysPastDueNotWorse,relative_minus_5,-0.05,0.0,0.05,0.628955066204071,0.628955066204071,0.0,0.0,1,1,0,-1
gmsc,xgboost,60,NumberOfTime30-59DaysPastDueNotWorse,relative_minus_5,-0.05,0.0,0.05,0.17468222975730896,0.17468222975730896,0.0,0.0,0,0,0,-1
gmsc,xgboost,61,NumberOfTime30-59DaysPastDueNotWorse,relative_minus_5,-0.05,0.0,0.05,0.3342180848121643,0.3342180848121643,0.0,0.0,0,0,0,-1
gmsc,xgboost,62,NumberOfTime30-59DaysPastDueNotWorse,relative_minus_5,-0.05,0.0,0.05,0.46969300508499146,0.46969300508499146,0.0,0.0,0,0,0,-1
gmsc,xgboost,63,NumberOfTime30-59DaysPastDueNotWorse,relative_minus_5,-0.05,0.0,0.05,0.09234394878149033,0.09234394878149033,0.0,0.0,0,0,0,-1
gmsc,xgboost,64,NumberOfTime30-59DaysPastDueNotWorse,relative_minus_5,-0.05,0.0,0.05,0.36687836050987244,0.36687836050987244,0.0,0.0,0,0,0,-1
gmsc,xgboost,65,NumberOfTime30-59DaysPastDueNotWorse,relative_minus_5,-0.05,2.0,2.1,0.3751460015773773,0.3751460015773773,0.0,0.0,0,0,0,-1
gmsc,xgboost,66,NumberOfTime30-59DaysPastDueNotWorse,relative_minus_5,-0.05,0.0,0.05,0.1265122890472412,0.1265122890472412,0.0,0.0,0,0,0,-1
gmsc,xgboost,67,NumberOfTime30-59DaysPastDueNotWorse,relative_minus_5,-0.05,0.0,0.05,0.4232633113861084,0.4232633113861084,0.0,0.0,0,0,0,-1
gmsc,xgboost,68,NumberOfTime30-59DaysPastDueNotWorse,relative_minus_5,-0.05,0.0,0.05,0.10810530185699463,0.10810530185699463,0.0,0.0,0,0,0,-1
gmsc,xgboost,69,NumberOfTime30-59DaysPastDueNotWorse,relative_minus_5,-0.05,0.0,0.05,0.5635039806365967,0.5635039806365967,0.0,0.0,1,1,0,-1
gmsc,xgboost,70,NumberOfTime30-59DaysPastDueNotWorse,relative_minus_5,-0.05,1.0,1.05,0.39893585443496704,0.39893585443496704,0.0,0.0,0,0,0,-1
gmsc,xgboost,71,NumberOfTime30-59DaysPastDueNotWorse,relative_minus_5,-0.05,0.0,0.05,0.10639937967061996,0.10639937967061996,0.0,0.0,0,0,0,-1
gmsc,xgboost,72,NumberOfTime30-59DaysPastDueNotWorse,relative_minus_5,-0.05,0.0,0.05,0.19083499908447266,0.19083499908447266,0.0,0.0,0,0,0,-1
gmsc,xgboost,73,NumberOfTime30-59DaysPastDueNotWorse,relative_minus_5,-0.05,0.0,0.05,0.3986653685569763,0.3986653685569763,0.0,0.0,0,0,0,-1
gmsc,xgboost,74,NumberOfTime30-59DaysPastDueNotWorse,relative_minus_5,-0.05,0.0,0.05,0.18615853786468506,0.18615853786468506,0.0,0.0,0,0,0,-1
gmsc,xgboost,75,NumberOfTime30-59DaysPastDueNotWorse,relative_minus_5,-0.05,0.0,0.05,0.5547352433204651,0.5547352433204651,0.0,0.0,1,1,0,-1
gmsc,xgboost,76,NumberOfTime30-59DaysPastDueNotWorse,relative_minus_5,-0.05,0.0,0.05,0.11016565561294556,0.11016565561294556,0.0,0.0,0,0,0,-1
gmsc,xgboost,77,NumberOfTime30-59DaysPastDueNotWorse,relative_minus_5,-0.05,0.0,0.05,0.05538906157016754,0.05538906157016754,0.0,0.0,0,0,0,-1
gmsc,xgboost,78,NumberOfTime30-59DaysPastDueNotWorse,relative_minus_5,-0.05,0.0,0.05,0.05751078575849533,0.05751078575849533,0.0,0.0,0,0,0,-1
gmsc,xgboost,79,NumberOfTime30-59DaysPastDueNotWorse,relative_minus_5,-0.05,0.0,0.05,0.2844957709312439,0.2844957709312439,0.0,0.0,0,0,0,-1
gmsc,xgboost,80,NumberOfTime30-59DaysPastDueNotWorse,relative_minus_5,-0.05,0.0,0.05,0.1406598836183548,0.1406598836183548,0.0,0.0,0,0,0,-1
gmsc,xgboost,81,NumberOfTime30-59DaysPastDueNotWorse,relative_minus_5,-0.05,0.0,0.05,0.16070415079593658,0.16070415079593658,0.0,0.0,0,0,0,-1
gmsc,xgboost,82,NumberOfTime30-59DaysPastDueNotWorse,relative_minus_5,-0.05,0.0,0.05,0.4081357717514038,0.4081357717514038,0.0,0.0,0,0,0,-1
gmsc,xgboost,83,NumberOfTime30-59DaysPastDueNotWorse,relative_minus_5,-0.05,0.0,0.05,0.06326539814472198,0.06326539814472198,0.0,0.0,0,0,0,-1
gmsc,xgboost,84,NumberOfTime30-59DaysPastDueNotWorse,relative_minus_5,-0.05,0.0,0.05,0.6416367292404175,0.6416367292404175,0.0,0.0,1,1,0,-1
gmsc,xgboost,85,NumberOfTime30-59DaysPastDueNotWorse,relative_minus_5,-0.05,0.0,0.05,0.06614423543214798,0.06614423543214798,0.0,0.0,0,0,0,-1
gmsc,xgboost,86,NumberOfTime30-59DaysPastDueNotWorse,relative_minus_5,-0.05,0.0,0.05,0.12697042524814606,0.12697042524814606,0.0,0.0,0,0,0,-1
gmsc,xgboost,87,NumberOfTime30-59DaysPastDueNotWorse,relative_minus_5,-0.05,0.0,0.05,0.106936976313591,0.106936976313591,0.0,0.0,0,0,0,-1
gmsc,xgboost,88,NumberOfTime30-59DaysPastDueNotWorse,relative_minus_5,-0.05,0.0,0.05,0.12650665640830994,0.12650665640830994,0.0,0.0,0,0,0,-1
gmsc,xgboost,89,NumberOfTime30-59DaysPastDueNotWorse,relative_minus_5,-0.05,0.0,0.05,0.3815006911754608,0.3815006911754608,0.0,0.0,0,0,0,-1
gmsc,xgboost,90,NumberOfTime30-59DaysPastDueNotWorse,relative_minus_5,-0.05,0.0,0.05,0.044368140399456024,0.044368140399456024,0.0,0.0,0,0,0,-1
gmsc,xgboost,91,NumberOfTime30-59DaysPastDueNotWorse,relative_minus_5,-0.05,0.0,0.05,0.1482551395893097,0.1482551395893097,0.0,0.0,0,0,0,-1
gmsc,xgboost,92,NumberOfTime30-59DaysPastDueNotWorse,relative_minus_5,-0.05,0.0,0.05,0.06322672218084335,0.06322672218084335,0.0,0.0,0,0,0,-1
gmsc,xgboost,93,NumberOfTime30-59DaysPastDueNotWorse,relative_minus_5,-0.05,0.0,0.05,0.1017114520072937,0.1017114520072937,0.0,0.0,0,0,0,-1
gmsc,xgboost,94,NumberOfTime30-59DaysPastDueNotWorse,relative_minus_5,-0.05,0.0,0.05,0.14927543699741364,0.14927543699741364,0.0,0.0,0,0,0,-1
gmsc,xgboost,95,NumberOfTime30-59DaysPastDueNotWorse,relative_minus_5,-0.05,0.0,0.05,0.22754548490047455,0.22754548490047455,0.0,0.0,0,0,0,-1
gmsc,xgboost,96,NumberOfTime30-59DaysPastDueNotWorse,relative_minus_5,-0.05,0.0,0.05,0.13160045444965363,0.13160045444965363,0.0,0.0,0,0,0,-1
gmsc,xgboost,97,NumberOfTime30-59DaysPastDueNotWorse,relative_minus_5,-0.05,0.0,0.05,0.0985931009054184,0.0985931009054184,0.0,0.0,0,0,0,-1
gmsc,xgboost,98,NumberOfTime30-59DaysPastDueNotWorse,relative_minus_5,-0.05,0.0,0.05,0.35479238629341125,0.35479238629341125,0.0,0.0,0,0,0,-1
gmsc,xgboost,99,NumberOfTime30-59DaysPastDueNotWorse,relative_minus_5,-0.05,2.0,2.1,0.9183781147003174,0.9183781147003174,0.0,0.0,1,1,0,-1
gmsc,xgboost,0,NumberOfTime30-59DaysPastDueNotWorse,relative_plus_5,0.05,0.0,0.05,0.08203070610761642,0.08203070610761642,0.0,0.0,0,0,0,-1
gmsc,xgboost,1,NumberOfTime30-59DaysPastDueNotWorse,relative_plus_5,0.05,0.0,0.05,0.07381805032491684,0.07381805032491684,0.0,0.0,0,0,0,-1
gmsc,xgboost,2,NumberOfTime30-59DaysPastDueNotWorse,relative_plus_5,0.05,0.0,0.05,0.057695530354976654,0.057695530354976654,0.0,0.0,0,0,0,-1
gmsc,xgboost,3,NumberOfTime30-59DaysPastDueNotWorse,relative_plus_5,0.05,0.0,0.05,0.29744529724121094,0.29744529724121094,0.0,0.0,0,0,0,-1
gmsc,xgboost,4,NumberOfTime30-59DaysPastDueNotWorse,relative_plus_5,0.05,0.0,0.05,0.10023795068264008,0.10023795068264008,0.0,0.0,0,0,0,-1
gmsc,xgboost,5,NumberOfTime30-59DaysPastDueNotWorse,relative_plus_5,0.05,0.0,0.05,0.19237148761749268,0.19237148761749268,0.0,0.0,0,0,0,-1
gmsc,xgboost,6,NumberOfTime30-59DaysPastDueNotWorse,relative_plus_5,0.05,0.0,0.05,0.2720617651939392,0.2720617651939392,0.0,0.0,0,0,0,-1
gmsc,xgboost,7,NumberOfTime30-59DaysPastDueNotWorse,relative_plus_5,0.05,0.0,0.05,0.2072291374206543,0.2072291374206543,0.0,0.0,0,0,0,-1
gmsc,xgboost,8,NumberOfTime30-59DaysPastDueNotWorse,relative_plus_5,0.05,0.0,0.05,0.14596141874790192,0.14596141874790192,0.0,0.0,0,0,0,-1
gmsc,xgboost,9,NumberOfTime30-59DaysPastDueNotWorse,relative_plus_5,0.05,1.0,1.05,0.3907460570335388,0.3907460570335388,0.0,0.0,0,0,0,-1
gmsc,xgboost,10,NumberOfTime30-59DaysPastDueNotWorse,relative_plus_5,0.05,0.0,0.05,0.43983033299446106,0.43983033299446106,0.0,0.0,0,0,0,-1
gmsc,xgboost,11,NumberOfTime30-59DaysPastDueNotWorse,relative_plus_5,0.05,0.0,0.05,0.2212306559085846,0.2212306559085846,0.0,0.0,0,0,0,-1
gmsc,xgboost,12,NumberOfTime30-59DaysPastDueNotWorse,relative_plus_5,0.05,0.0,0.05,0.034909687936306,0.034909687936306,0.0,0.0,0,0,0,-1
gmsc,xgboost,13,NumberOfTime30-59DaysPastDueNotWorse,relative_plus_5,0.05,0.0,0.05,0.8862441778182983,0.8862441778182983,0.0,0.0,1,1,0,-1
gmsc,xgboost,14,NumberOfTime30-59DaysPastDueNotWorse,relative_plus_5,0.05,0.0,0.05,0.30772891640663147,0.30772891640663147,0.0,0.0,0,0,0,-1
gmsc,xgboost,15,NumberOfTime30-59DaysPastDueNotWorse,relative_plus_5,0.05,1.0,1.05,0.2524952292442322,0.2524952292442322,0.0,0.0,0,0,0,-1
gmsc,xgboost,16,NumberOfTime30-59DaysPastDueNotWorse,relative_plus_5,0.05,1.0,1.05,0.48664188385009766,0.48664188385009766,0.0,0.0,0,0,0,-1
gmsc,xgboost,17,NumberOfTime30-59DaysPastDueNotWorse,relative_plus_5,0.05,0.0,0.05,0.09193970263004303,0.09193970263004303,0.0,0.0,0,0,0,-1
gmsc,xgboost,18,NumberOfTime30-59DaysPastDueNotWorse,relative_plus_5,0.05,0.0,0.05,0.3769620656967163,0.3769620656967163,0.0,0.0,0,0,0,-1
gmsc,xgboost,19,NumberOfTime30-59DaysPastDueNotWorse,relative_plus_5,0.05,1.0,1.05,0.21186602115631104,0.21186602115631104,0.0,0.0,0,0,0,-1
gmsc,xgboost,20,NumberOfTime30-59DaysPastDueNotWorse,relative_plus_5,0.05,0.0,0.05,0.04993200674653053,0.04993200674653053,0.0,0.0,0,0,0,-1
gmsc,xgboost,21,NumberOfTime30-59DaysPastDueNotWorse,relative_plus_5,0.05,0.0,0.05,0.08262580633163452,0.08262580633163452,0.0,0.0,0,0,0,-1
gmsc,xgboost,22,NumberOfTime30-59DaysPastDueNotWorse,relative_plus_5,0.05,0.0,0.05,0.06402596086263657,0.06402596086263657,0.0,0.0,0,0,0,-1
gmsc,xgboost,23,NumberOfTime30-59DaysPastDueNotWorse,relative_plus_5,0.05,0.0,0.05,0.08952450007200241,0.08952450007200241,0.0,0.0,0,0,0,-1
gmsc,xgboost,24,NumberOfTime30-59DaysPastDueNotWorse,relative_plus_5,0.05,0.0,0.05,0.034259602427482605,0.034259602427482605,0.0,0.0,0,0,0,-1
gmsc,xgboost,25,NumberOfTime30-59DaysPastDueNotWorse,relative_plus_5,0.05,0.0,0.05,0.49923714995384216,0.49923714995384216,0.0,0.0,0,0,0,-1
gmsc,xgboost,26,NumberOfTime30-59DaysPastDueNotWorse,relative_plus_5,0.05,0.0,0.05,0.46355003118515015,0.46355003118515015,0.0,0.0,0,0,0,-1
gmsc,xgboost,27,NumberOfTime30-59DaysPastDueNotWorse,relative_plus_5,0.05,0.0,0.05,0.16462162137031555,0.16462162137031555,0.0,0.0,0,0,0,-1
gmsc,xgboost,28,NumberOfTime30-59DaysPastDueNotWorse,relative_plus_5,0.05,0.0,0.05,0.222405344247818,0.222405344247818,0.0,0.0,0,0,0,-1
gmsc,xgboost,29,NumberOfTime30-59DaysPastDueNotWorse,relative_plus_5,0.05,0.0,0.05,0.06126169487833977,0.06126169487833977,0.0,0.0,0,0,0,-1
gmsc,xgboost,30,NumberOfTime30-59DaysPastDueNotWorse,relative_plus_5,0.05,0.0,0.05,0.25775110721588135,0.25775110721588135,0.0,0.0,0,0,0,-1
gmsc,xgboost,31,NumberOfTime30-59DaysPastDueNotWorse,relative_plus_5,0.05,0.0,0.05,0.14284415543079376,0.14284415543079376,0.0,0.0,0,0,0,-1
gmsc,xgboost,32,NumberOfTime30-59DaysPastDueNotWorse,relative_plus_5,0.05,0.0,0.05,0.1354866921901703,0.1354866921901703,0.0,0.0,0,0,0,-1
gmsc,xgboost,33,NumberOfTime30-59DaysPastDueNotWorse,relative_plus_5,0.05,0.0,0.05,0.0799889788031578,0.0799889788031578,0.0,0.0,0,0,0,-1
gmsc,xgboost,34,NumberOfTime30-59DaysPastDueNotWorse,relative_plus_5,0.05,1.0,1.05,0.5890139937400818,0.5890139937400818,0.0,0.0,1,1,0,-1
gmsc,xgboost,35,NumberOfTime30-59DaysPastDueNotWorse,relative_plus_5,0.05,2.0,2.1,0.7353684902191162,0.7353684902191162,0.0,0.0,1,1,0,-1
gmsc,xgboost,36,NumberOfTime30-59DaysPastDueNotWorse,relative_plus_5,0.05,0.0,0.05,0.1960536539554596,0.1960536539554596,0.0,0.0,0,0,0,-1
gmsc,xgboost,37,NumberOfTime30-59DaysPastDueNotWorse,relative_plus_5,0.05,0.0,0.05,0.35266122221946716,0.35266122221946716,0.0,0.0,0,0,0,-1
gmsc,xgboost,38,NumberOfTime30-59DaysPastDueNotWorse,relative_plus_5,0.05,0.0,0.05,0.2510143518447876,0.2510143518447876,0.0,0.0,0,0,0,-1
gmsc,xgboost,39,NumberOfTime30-59DaysPastDueNotWorse,relative_plus_5,0.05,0.0,0.05,0.4371665418148041,0.4371665418148041,0.0,0.0,0,0,0,-1
gmsc,xgboost,40,NumberOfTime30-59DaysPastDueNotWorse,relative_plus_5,0.05,0.0,0.05,0.13587132096290588,0.13587132096290588,0.0,0.0,0,0,0,-1
gmsc,xgboost,41,NumberOfTime30-59DaysPastDueNotWorse,relative_plus_5,0.05,0.0,0.05,0.18514351546764374,0.18514351546764374,0.0,0.0,0,0,0,-1
gmsc,xgboost,42,NumberOfTime30-59DaysPastDueNotWorse,relative_plus_5,0.05,0.0,0.05,0.10479436814785004,0.10479436814785004,0.0,0.0,0,0,0,-1
gmsc,xgboost,43,NumberOfTime30-59DaysPastDueNotWorse,relative_plus_5,0.05,0.0,0.05,0.5401685833930969,0.5401685833930969,0.0,0.0,1,1,0,-1
gmsc,xgboost,44,NumberOfTime30-59DaysPastDueNotWorse,relative_plus_5,0.05,0.0,0.05,0.11184448003768921,0.11184448003768921,0.0,0.0,0,0,0,-1
gmsc,xgboost,45,NumberOfTime30-59DaysPastDueNotWorse,relative_plus_5,0.05,0.0,0.05,0.12677443027496338,0.12677443027496338,0.0,0.0,0,0,0,-1
gmsc,xgboost,46,NumberOfTime30-59DaysPastDueNotWorse,relative_plus_5,0.05,0.0,0.05,0.25457122921943665,0.25457122921943665,0.0,0.0,0,0,0,-1
gmsc,xgboost,47,NumberOfTime30-59DaysPastDueNotWorse,relative_plus_5,0.05,0.0,0.05,0.05936043709516525,0.05936043709516525,0.0,0.0,0,0,0,-1
gmsc,xgboost,48,NumberOfTime30-59DaysPastDueNotWorse,relative_plus_5,0.05,0.0,0.05,0.08543100953102112,0.08543100953102112,0.0,0.0,0,0,0,-1
gmsc,xgboost,49,NumberOfTime30-59DaysPastDueNotWorse,relative_plus_5,0.05,0.0,0.05,0.03611498698592186,0.03611498698592186,0.0,0.0,0,0,0,-1
gmsc,xgboost,50,NumberOfTime30-59DaysPastDueNotWorse,relative_plus_5,0.05,0.0,0.05,0.1643790304660797,0.1643790304660797,0.0,0.0,0,0,0,-1
gmsc,xgboost,51,NumberOfTime30-59DaysPastDueNotWorse,relative_plus_5,0.05,0.0,0.05,0.2535255253314972,0.2535255253314972,0.0,0.0,0,0,0,-1
gmsc,xgboost,52,NumberOfTime30-59DaysPastDueNotWorse,relative_plus_5,0.05,0.0,0.05,0.043543241918087006,0.043543241918087006,0.0,0.0,0,0,0,-1
gmsc,xgboost,53,NumberOfTime30-59DaysPastDueNotWorse,relative_plus_5,0.05,2.0,2.1,0.8459349870681763,0.8459349870681763,0.0,0.0,1,1,0,-1
gmsc,xgboost,54,NumberOfTime30-59DaysPastDueNotWorse,relative_plus_5,0.05,3.0,3.15,0.9326093792915344,0.9326093792915344,0.0,0.0,1,1,0,-1
gmsc,xgboost,55,NumberOfTime30-59DaysPastDueNotWorse,relative_plus_5,0.05,0.0,0.05,0.0761168822646141,0.0761168822646141,0.0,0.0,0,0,0,-1
gmsc,xgboost,56,NumberOfTime30-59DaysPastDueNotWorse,relative_plus_5,0.05,0.0,0.05,0.15863358974456787,0.15863358974456787,0.0,0.0,0,0,0,-1
gmsc,xgboost,57,NumberOfTime30-59DaysPastDueNotWorse,relative_plus_5,0.05,0.0,0.05,0.5884111523628235,0.5884111523628235,0.0,0.0,1,1,0,-1
gmsc,xgboost,58,NumberOfTime30-59DaysPastDueNotWorse,relative_plus_5,0.05,0.0,0.05,0.6777902245521545,0.6777902245521545,0.0,0.0,1,1,0,-1
gmsc,xgboost,59,NumberOfTime30-59DaysPastDueNotWorse,relative_plus_5,0.05,0.0,0.05,0.628955066204071,0.628955066204071,0.0,0.0,1,1,0,-1
gmsc,xgboost,60,NumberOfTime30-59DaysPastDueNotWorse,relative_plus_5,0.05,0.0,0.05,0.17468222975730896,0.17468222975730896,0.0,0.0,0,0,0,-1
gmsc,xgboost,61,NumberOfTime30-59DaysPastDueNotWorse,relative_plus_5,0.05,0.0,0.05,0.3342180848121643,0.3342180848121643,0.0,0.0,0,0,0,-1
gmsc,xgboost,62,NumberOfTime30-59DaysPastDueNotWorse,relative_plus_5,0.05,0.0,0.05,0.46969300508499146,0.46969300508499146,0.0,0.0,0,0,0,-1
gmsc,xgboost,63,NumberOfTime30-59DaysPastDueNotWorse,relative_plus_5,0.05,0.0,0.05,0.09234394878149033,0.09234394878149033,0.0,0.0,0,0,0,-1
gmsc,xgboost,64,NumberOfTime30-59DaysPastDueNotWorse,relative_plus_5,0.05,0.0,0.05,0.36687836050987244,0.36687836050987244,0.0,0.0,0,0,0,-1
gmsc,xgboost,65,NumberOfTime30-59DaysPastDueNotWorse,relative_plus_5,0.05,2.0,2.1,0.3751460015773773,0.3751460015773773,0.0,0.0,0,0,0,-1
gmsc,xgboost,66,NumberOfTime30-59DaysPastDueNotWorse,relative_plus_5,0.05,0.0,0.05,0.1265122890472412,0.1265122890472412,0.0,0.0,0,0,0,-1
gmsc,xgboost,67,NumberOfTime30-59DaysPastDueNotWorse,relative_plus_5,0.05,0.0,0.05,0.4232633113861084,0.4232633113861084,0.0,0.0,0,0,0,-1
gmsc,xgboost,68,NumberOfTime30-59DaysPastDueNotWorse,relative_plus_5,0.05,0.0,0.05,0.10810530185699463,0.10810530185699463,0.0,0.0,0,0,0,-1
gmsc,xgboost,69,NumberOfTime30-59DaysPastDueNotWorse,relative_plus_5,0.05,0.0,0.05,0.5635039806365967,0.5635039806365967,0.0,0.0,1,1,0,-1
gmsc,xgboost,70,NumberOfTime30-59DaysPastDueNotWorse,relative_plus_5,0.05,1.0,1.05,0.39893585443496704,0.39893585443496704,0.0,0.0,0,0,0,-1
gmsc,xgboost,71,NumberOfTime30-59DaysPastDueNotWorse,relative_plus_5,0.05,0.0,0.05,0.10639937967061996,0.10639937967061996,0.0,0.0,0,0,0,-1
gmsc,xgboost,72,NumberOfTime30-59DaysPastDueNotWorse,relative_plus_5,0.05,0.0,0.05,0.19083499908447266,0.19083499908447266,0.0,0.0,0,0,0,-1
gmsc,xgboost,73,NumberOfTime30-59DaysPastDueNotWorse,relative_plus_5,0.05,0.0,0.05,0.3986653685569763,0.3986653685569763,0.0,0.0,0,0,0,-1
gmsc,xgboost,74,NumberOfTime30-59DaysPastDueNotWorse,relative_plus_5,0.05,0.0,0.05,0.18615853786468506,0.18615853786468506,0.0,0.0,0,0,0,-1
gmsc,xgboost,75,NumberOfTime30-59DaysPastDueNotWorse,relative_plus_5,0.05,0.0,0.05,0.5547352433204651,0.5547352433204651,0.0,0.0,1,1,0,-1
gmsc,xgboost,76,NumberOfTime30-59DaysPastDueNotWorse,relative_plus_5,0.05,0.0,0.05,0.11016565561294556,0.11016565561294556,0.0,0.0,0,0,0,-1
gmsc,xgboost,77,NumberOfTime30-59DaysPastDueNotWorse,relative_plus_5,0.05,0.0,0.05,0.05538906157016754,0.05538906157016754,0.0,0.0,0,0,0,-1
gmsc,xgboost,78,NumberOfTime30-59DaysPastDueNotWorse,relative_plus_5,0.05,0.0,0.05,0.05751078575849533,0.05751078575849533,0.0,0.0,0,0,0,-1
gmsc,xgboost,79,NumberOfTime30-59DaysPastDueNotWorse,relative_plus_5,0.05,0.0,0.05,0.2844957709312439,0.2844957709312439,0.0,0.0,0,0,0,-1
gmsc,xgboost,80,NumberOfTime30-59DaysPastDueNotWorse,relative_plus_5,0.05,0.0,0.05,0.1406598836183548,0.1406598836183548,0.0,0.0,0,0,0,-1
gmsc,xgboost,81,NumberOfTime30-59DaysPastDueNotWorse,relative_plus_5,0.05,0.0,0.05,0.16070415079593658,0.16070415079593658,0.0,0.0,0,0,0,-1
gmsc,xgboost,82,NumberOfTime30-59DaysPastDueNotWorse,relative_plus_5,0.05,0.0,0.05,0.4081357717514038,0.4081357717514038,0.0,0.0,0,0,0,-1
gmsc,xgboost,83,NumberOfTime30-59DaysPastDueNotWorse,relative_plus_5,0.05,0.0,0.05,0.06326539814472198,0.06326539814472198,0.0,0.0,0,0,0,-1
gmsc,xgboost,84,NumberOfTime30-59DaysPastDueNotWorse,relative_plus_5,0.05,0.0,0.05,0.6416367292404175,0.6416367292404175,0.0,0.0,1,1,0,-1
gmsc,xgboost,85,NumberOfTime30-59DaysPastDueNotWorse,relative_plus_5,0.05,0.0,0.05,0.06614423543214798,0.06614423543214798,0.0,0.0,0,0,0,-1
gmsc,xgboost,86,NumberOfTime30-59DaysPastDueNotWorse,relative_plus_5,0.05,0.0,0.05,0.12697042524814606,0.12697042524814606,0.0,0.0,0,0,0,-1
gmsc,xgboost,87,NumberOfTime30-59DaysPastDueNotWorse,relative_plus_5,0.05,0.0,0.05,0.106936976313591,0.106936976313591,0.0,0.0,0,0,0,-1
gmsc,xgboost,88,NumberOfTime30-59DaysPastDueNotWorse,relative_plus_5,0.05,0.0,0.05,0.12650665640830994,0.12650665640830994,0.0,0.0,0,0,0,-1
gmsc,xgboost,89,NumberOfTime30-59DaysPastDueNotWorse,relative_plus_5,0.05,0.0,0.05,0.3815006911754608,0.3815006911754608,0.0,0.0,0,0,0,-1
gmsc,xgboost,90,NumberOfTime30-59DaysPastDueNotWorse,relative_plus_5,0.05,0.0,0.05,0.044368140399456024,0.044368140399456024,0.0,0.0,0,0,0,-1
gmsc,xgboost,91,NumberOfTime30-59DaysPastDueNotWorse,relative_plus_5,0.05,0.0,0.05,0.1482551395893097,0.1482551395893097,0.0,0.0,0,0,0,-1
gmsc,xgboost,92,NumberOfTime30-59DaysPastDueNotWorse,relative_plus_5,0.05,0.0,0.05,0.06322672218084335,0.06322672218084335,0.0,0.0,0,0,0,-1
gmsc,xgboost,93,NumberOfTime30-59DaysPastDueNotWorse,relative_plus_5,0.05,0.0,0.05,0.1017114520072937,0.1017114520072937,0.0,0.0,0,0,0,-1
gmsc,xgboost,94,NumberOfTime30-59DaysPastDueNotWorse,relative_plus_5,0.05,0.0,0.05,0.14927543699741364,0.14927543699741364,0.0,0.0,0,0,0,-1
gmsc,xgboost,95,NumberOfTime30-59DaysPastDueNotWorse,relative_plus_5,0.05,0.0,0.05,0.22754548490047455,0.22754548490047455,0.0,0.0,0,0,0,-1
gmsc,xgboost,96,NumberOfTime30-59DaysPastDueNotWorse,relative_plus_5,0.05,0.0,0.05,0.13160045444965363,0.13160045444965363,0.0,0.0,0,0,0,-1
gmsc,xgboost,97,NumberOfTime30-59DaysPastDueNotWorse,relative_plus_5,0.05,0.0,0.05,0.0985931009054184,0.0985931009054184,0.0,0.0,0,0,0,-1
gmsc,xgboost,98,NumberOfTime30-59DaysPastDueNotWorse,relative_plus_5,0.05,0.0,0.05,0.35479238629341125,0.35479238629341125,0.0,0.0,0,0,0,-1
gmsc,xgboost,99,NumberOfTime30-59DaysPastDueNotWorse,relative_plus_5,0.05,2.0,2.1,0.9183781147003174,0.9183781147003174,0.0,0.0,1,1,0,-1
gmsc,xgboost,0,NumberOfTime30-59DaysPastDueNotWorse,relative_minus_10,-0.1,0.0,0.1,0.08203070610761642,0.08203070610761642,0.0,0.0,0,0,0,-1
gmsc,xgboost,1,NumberOfTime30-59DaysPastDueNotWorse,relative_minus_10,-0.1,0.0,0.1,0.07381805032491684,0.07381805032491684,0.0,0.0,0,0,0,-1
gmsc,xgboost,2,NumberOfTime30-59DaysPastDueNotWorse,relative_minus_10,-0.1,0.0,0.1,0.057695530354976654,0.057695530354976654,0.0,0.0,0,0,0,-1
gmsc,xgboost,3,NumberOfTime30-59DaysPastDueNotWorse,relative_minus_10,-0.1,0.0,0.1,0.29744529724121094,0.29744529724121094,0.0,0.0,0,0,0,-1
gmsc,xgboost,4,NumberOfTime30-59DaysPastDueNotWorse,relative_minus_10,-0.1,0.0,0.1,0.10023795068264008,0.10023795068264008,0.0,0.0,0,0,0,-1
gmsc,xgboost,5,NumberOfTime30-59DaysPastDueNotWorse,relative_minus_10,-0.1,0.0,0.1,0.19237148761749268,0.19237148761749268,0.0,0.0,0,0,0,-1
gmsc,xgboost,6,NumberOfTime30-59DaysPastDueNotWorse,relative_minus_10,-0.1,0.0,0.1,0.2720617651939392,0.2720617651939392,0.0,0.0,0,0,0,-1
gmsc,xgboost,7,NumberOfTime30-59DaysPastDueNotWorse,relative_minus_10,-0.1,0.0,0.1,0.2072291374206543,0.2072291374206543,0.0,0.0,0,0,0,-1
gmsc,xgboost,8,NumberOfTime30-59DaysPastDueNotWorse,relative_minus_10,-0.1,0.0,0.1,0.14596141874790192,0.14596141874790192,0.0,0.0,0,0,0,-1
gmsc,xgboost,9,NumberOfTime30-59DaysPastDueNotWorse,relative_minus_10,-0.1,1.0,1.1,0.3907460570335388,0.3907460570335388,0.0,0.0,0,0,0,-1
gmsc,xgboost,10,NumberOfTime30-59DaysPastDueNotWorse,relative_minus_10,-0.1,0.0,0.1,0.43983033299446106,0.43983033299446106,0.0,0.0,0,0,0,-1
gmsc,xgboost,11,NumberOfTime30-59DaysPastDueNotWorse,relative_minus_10,-0.1,0.0,0.1,0.2212306559085846,0.2212306559085846,0.0,0.0,0,0,0,-1
gmsc,xgboost,12,NumberOfTime30-59DaysPastDueNotWorse,relative_minus_10,-0.1,0.0,0.1,0.034909687936306,0.034909687936306,0.0,0.0,0,0,0,-1
gmsc,xgboost,13,NumberOfTime30-59DaysPastDueNotWorse,relative_minus_10,-0.1,0.0,0.1,0.8862441778182983,0.8862441778182983,0.0,0.0,1,1,0,-1
gmsc,xgboost,14,NumberOfTime30-59DaysPastDueNotWorse,relative_minus_10,-0.1,0.0,0.1,0.30772891640663147,0.30772891640663147,0.0,0.0,0,0,0,-1
gmsc,xgboost,15,NumberOfTime30-59DaysPastDueNotWorse,relative_minus_10,-0.1,1.0,1.1,0.2524952292442322,0.2524952292442322,0.0,0.0,0,0,0,-1
gmsc,xgboost,16,NumberOfTime30-59DaysPastDueNotWorse,relative_minus_10,-0.1,1.0,1.1,0.48664188385009766,0.48664188385009766,0.0,0.0,0,0,0,-1
gmsc,xgboost,17,NumberOfTime30-59DaysPastDueNotWorse,relative_minus_10,-0.1,0.0,0.1,0.09193970263004303,0.09193970263004303,0.0,0.0,0,0,0,-1
gmsc,xgboost,18,NumberOfTime30-59DaysPastDueNotWorse,relative_minus_10,-0.1,0.0,0.1,0.3769620656967163,0.3769620656967163,0.0,0.0,0,0,0,-1
gmsc,xgboost,19,NumberOfTime30-59DaysPastDueNotWorse,relative_minus_10,-0.1,1.0,1.1,0.21186602115631104,0.21186602115631104,0.0,0.0,0,0,0,-1
gmsc,xgboost,20,NumberOfTime30-59DaysPastDueNotWorse,relative_minus_10,-0.1,0.0,0.1,0.04993200674653053,0.04993200674653053,0.0,0.0,0,0,0,-1
gmsc,xgboost,21,NumberOfTime30-59DaysPastDueNotWorse,relative_minus_10,-0.1,0.0,0.1,0.08262580633163452,0.08262580633163452,0.0,0.0,0,0,0,-1
gmsc,xgboost,22,NumberOfTime30-59DaysPastDueNotWorse,relative_minus_10,-0.1,0.0,0.1,0.06402596086263657,0.06402596086263657,0.0,0.0,0,0,0,-1
gmsc,xgboost,23,NumberOfTime30-59DaysPastDueNotWorse,relative_minus_10,-0.1,0.0,0.1,0.08952450007200241,0.08952450007200241,0.0,0.0,0,0,0,-1
gmsc,xgboost,24,NumberOfTime30-59DaysPastDueNotWorse,relative_minus_10,-0.1,0.0,0.1,0.034259602427482605,0.034259602427482605,0.0,0.0,0,0,0,-1
gmsc,xgboost,25,NumberOfTime30-59DaysPastDueNotWorse,relative_minus_10,-0.1,0.0,0.1,0.49923714995384216,0.49923714995384216,0.0,0.0,0,0,0,-1
gmsc,xgboost,26,NumberOfTime30-59DaysPastDueNotWorse,relative_minus_10,-0.1,0.0,0.1,0.46355003118515015,0.46355003118515015,0.0,0.0,0,0,0,-1
gmsc,xgboost,27,NumberOfTime30-59DaysPastDueNotWorse,relative_minus_10,-0.1,0.0,0.1,0.16462162137031555,0.16462162137031555,0.0,0.0,0,0,0,-1
gmsc,xgboost,28,NumberOfTime30-59DaysPastDueNotWorse,relative_minus_10,-0.1,0.0,0.1,0.222405344247818,0.222405344247818,0.0,0.0,0,0,0,-1
gmsc,xgboost,29,NumberOfTime30-59DaysPastDueNotWorse,relative_minus_10,-0.1,0.0,0.1,0.06126169487833977,0.06126169487833977,0.0,0.0,0,0,0,-1
gmsc,xgboost,30,NumberOfTime30-59DaysPastDueNotWorse,relative_minus_10,-0.1,0.0,0.1,0.25775110721588135,0.25775110721588135,0.0,0.0,0,0,0,-1
gmsc,xgboost,31,NumberOfTime30-59DaysPastDueNotWorse,relative_minus_10,-0.1,0.0,0.1,0.14284415543079376,0.14284415543079376,0.0,0.0,0,0,0,-1
gmsc,xgboost,32,NumberOfTime30-59DaysPastDueNotWorse,relative_minus_10,-0.1,0.0,0.1,0.1354866921901703,0.1354866921901703,0.0,0.0,0,0,0,-1
gmsc,xgboost,33,NumberOfTime30-59DaysPastDueNotWorse,relative_minus_10,-0.1,0.0,0.1,0.0799889788031578,0.0799889788031578,0.0,0.0,0,0,0,-1
gmsc,xgboost,34,NumberOfTime30-59DaysPastDueNotWorse,relative_minus_10,-0.1,1.0,1.1,0.5890139937400818,0.5890139937400818,0.0,0.0,1,1,0,-1
gmsc,xgboost,35,NumberOfTime30-59DaysPastDueNotWorse,relative_minus_10,-0.1,2.0,2.2,0.7353684902191162,0.7353684902191162,0.0,0.0,1,1,0,-1
gmsc,xgboost,36,NumberOfTime30-59DaysPastDueNotWorse,relative_minus_10,-0.1,0.0,0.1,0.1960536539554596,0.1960536539554596,0.0,0.0,0,0,0,-1
gmsc,xgboost,37,NumberOfTime30-59DaysPastDueNotWorse,relative_minus_10,-0.1,0.0,0.1,0.35266122221946716,0.35266122221946716,0.0,0.0,0,0,0,-1
gmsc,xgboost,38,NumberOfTime30-59DaysPastDueNotWorse,relative_minus_10,-0.1,0.0,0.1,0.2510143518447876,0.2510143518447876,0.0,0.0,0,0,0,-1
gmsc,xgboost,39,NumberOfTime30-59DaysPastDueNotWorse,relative_minus_10,-0.1,0.0,0.1,0.4371665418148041,0.4371665418148041,0.0,0.0,0,0,0,-1
gmsc,xgboost,40,NumberOfTime30-59DaysPastDueNotWorse,relative_minus_10,-0.1,0.0,0.1,0.13587132096290588,0.13587132096290588,0.0,0.0,0,0,0,-1
gmsc,xgboost,41,NumberOfTime30-59DaysPastDueNotWorse,relative_minus_10,-0.1,0.0,0.1,0.18514351546764374,0.18514351546764374,0.0,0.0,0,0,0,-1
gmsc,xgboost,42,NumberOfTime30-59DaysPastDueNotWorse,relative_minus_10,-0.1,0.0,0.1,0.10479436814785004,0.10479436814785004,0.0,0.0,0,0,0,-1
gmsc,xgboost,43,NumberOfTime30-59DaysPastDueNotWorse,relative_minus_10,-0.1,0.0,0.1,0.5401685833930969,0.5401685833930969,0.0,0.0,1,1,0,-1
gmsc,xgboost,44,NumberOfTime30-59DaysPastDueNotWorse,relative_minus_10,-0.1,0.0,0.1,0.11184448003768921,0.11184448003768921,0.0,0.0,0,0,0,-1
gmsc,xgboost,45,NumberOfTime30-59DaysPastDueNotWorse,relative_minus_10,-0.1,0.0,0.1,0.12677443027496338,0.12677443027496338,0.0,0.0,0,0,0,-1
gmsc,xgboost,46,NumberOfTime30-59DaysPastDueNotWorse,relative_minus_10,-0.1,0.0,0.1,0.25457122921943665,0.25457122921943665,0.0,0.0,0,0,0,-1
gmsc,xgboost,47,NumberOfTime30-59DaysPastDueNotWorse,relative_minus_10,-0.1,0.0,0.1,0.05936043709516525,0.05936043709516525,0.0,0.0,0,0,0,-1
gmsc,xgboost,48,NumberOfTime30-59DaysPastDueNotWorse,relative_minus_10,-0.1,0.0,0.1,0.08543100953102112,0.08543100953102112,0.0,0.0,0,0,0,-1
gmsc,xgboost,49,NumberOfTime30-59DaysPastDueNotWorse,relative_minus_10,-0.1,0.0,0.1,0.03611498698592186,0.03611498698592186,0.0,0.0,0,0,0,-1
gmsc,xgboost,50,NumberOfTime30-59DaysPastDueNotWorse,relative_minus_10,-0.1,0.0,0.1,0.1643790304660797,0.1643790304660797,0.0,0.0,0,0,0,-1
gmsc,xgboost,51,NumberOfTime30-59DaysPastDueNotWorse,relative_minus_10,-0.1,0.0,0.1,0.2535255253314972,0.2535255253314972,0.0,0.0,0,0,0,-1
gmsc,xgboost,52,NumberOfTime30-59DaysPastDueNotWorse,relative_minus_10,-0.1,0.0,0.1,0.043543241918087006,0.043543241918087006,0.0,0.0,0,0,0,-1
gmsc,xgboost,53,NumberOfTime30-59DaysPastDueNotWorse,relative_minus_10,-0.1,2.0,2.2,0.8459349870681763,0.8459349870681763,0.0,0.0,1,1,0,-1
gmsc,xgboost,54,NumberOfTime30-59DaysPastDueNotWorse,relative_minus_10,-0.1,3.0,3.3,0.9326093792915344,0.9326093792915344,0.0,0.0,1,1,0,-1
gmsc,xgboost,55,NumberOfTime30-59DaysPastDueNotWorse,relative_minus_10,-0.1,0.0,0.1,0.0761168822646141,0.0761168822646141,0.0,0.0,0,0,0,-1
gmsc,xgboost,56,NumberOfTime30-59DaysPastDueNotWorse,relative_minus_10,-0.1,0.0,0.1,0.15863358974456787,0.15863358974456787,0.0,0.0,0,0,0,-1
gmsc,xgboost,57,NumberOfTime30-59DaysPastDueNotWorse,relative_minus_10,-0.1,0.0,0.1,0.5884111523628235,0.5884111523628235,0.0,0.0,1,1,0,-1
gmsc,xgboost,58,NumberOfTime30-59DaysPastDueNotWorse,relative_minus_10,-0.1,0.0,0.1,0.6777902245521545,0.6777902245521545,0.0,0.0,1,1,0,-1
gmsc,xgboost,59,NumberOfTime30-59DaysPastDueNotWorse,relative_minus_10,-0.1,0.0,0.1,0.628955066204071,0.628955066204071,0.0,0.0,1,1,0,-1
gmsc,xgboost,60,NumberOfTime30-59DaysPastDueNotWorse,relative_minus_10,-0.1,0.0,0.1,0.17468222975730896,0.17468222975730896,0.0,0.0,0,0,0,-1
gmsc,xgboost,61,NumberOfTime30-59DaysPastDueNotWorse,relative_minus_10,-0.1,0.0,0.1,0.3342180848121643,0.3342180848121643,0.0,0.0,0,0,0,-1
gmsc,xgboost,62,NumberOfTime30-59DaysPastDueNotWorse,relative_minus_10,-0.1,0.0,0.1,0.46969300508499146,0.46969300508499146,0.0,0.0,0,0,0,-1
gmsc,xgboost,63,NumberOfTime30-59DaysPastDueNotWorse,relative_minus_10,-0.1,0.0,0.1,0.09234394878149033,0.09234394878149033,0.0,0.0,0,0,0,-1
gmsc,xgboost,64,NumberOfTime30-59DaysPastDueNotWorse,relative_minus_10,-0.1,0.0,0.1,0.36687836050987244,0.36687836050987244,0.0,0.0,0,0,0,-1
gmsc,xgboost,65,NumberOfTime30-59DaysPastDueNotWorse,relative_minus_10,-0.1,2.0,2.2,0.3751460015773773,0.3751460015773773,0.0,0.0,0,0,0,-1
gmsc,xgboost,66,NumberOfTime30-59DaysPastDueNotWorse,relative_minus_10,-0.1,0.0,0.1,0.1265122890472412,0.1265122890472412,0.0,0.0,0,0,0,-1
gmsc,xgboost,67,NumberOfTime30-59DaysPastDueNotWorse,relative_minus_10,-0.1,0.0,0.1,0.4232633113861084,0.4232633113861084,0.0,0.0,0,0,0,-1
gmsc,xgboost,68,NumberOfTime30-59DaysPastDueNotWorse,relative_minus_10,-0.1,0.0,0.1,0.10810530185699463,0.10810530185699463,0.0,0.0,0,0,0,-1
gmsc,xgboost,69,NumberOfTime30-59DaysPastDueNotWorse,relative_minus_10,-0.1,0.0,0.1,0.5635039806365967,0.5635039806365967,0.0,0.0,1,1,0,-1
gmsc,xgboost,70,NumberOfTime30-59DaysPastDueNotWorse,relative_minus_10,-0.1,1.0,1.1,0.39893585443496704,0.39893585443496704,0.0,0.0,0,0,0,-1
gmsc,xgboost,71,NumberOfTime30-59DaysPastDueNotWorse,relative_minus_10,-0.1,0.0,0.1,0.10639937967061996,0.10639937967061996,0.0,0.0,0,0,0,-1
gmsc,xgboost,72,NumberOfTime30-59DaysPastDueNotWorse,relative_minus_10,-0.1,0.0,0.1,0.19083499908447266,0.19083499908447266,0.0,0.0,0,0,0,-1
gmsc,xgboost,73,NumberOfTime30-59DaysPastDueNotWorse,relative_minus_10,-0.1,0.0,0.1,0.3986653685569763,0.3986653685569763,0.0,0.0,0,0,0,-1
gmsc,xgboost,74,NumberOfTime30-59DaysPastDueNotWorse,relative_minus_10,-0.1,0.0,0.1,0.18615853786468506,0.18615853786468506,0.0,0.0,0,0,0,-1
gmsc,xgboost,75,NumberOfTime30-59DaysPastDueNotWorse,relative_minus_10,-0.1,0.0,0.1,0.5547352433204651,0.5547352433204651,0.0,0.0,1,1,0,-1
gmsc,xgboost,76,NumberOfTime30-59DaysPastDueNotWorse,relative_minus_10,-0.1,0.0,0.1,0.11016565561294556,0.11016565561294556,0.0,0.0,0,0,0,-1
gmsc,xgboost,77,NumberOfTime30-59DaysPastDueNotWorse,relative_minus_10,-0.1,0.0,0.1,0.05538906157016754,0.05538906157016754,0.0,0.0,0,0,0,-1
gmsc,xgboost,78,NumberOfTime30-59DaysPastDueNotWorse,relative_minus_10,-0.1,0.0,0.1,0.05751078575849533,0.05751078575849533,0.0,0.0,0,0,0,-1
gmsc,xgboost,79,NumberOfTime30-59DaysPastDueNotWorse,relative_minus_10,-0.1,0.0,0.1,0.2844957709312439,0.2844957709312439,0.0,0.0,0,0,0,-1
gmsc,xgboost,80,NumberOfTime30-59DaysPastDueNotWorse,relative_minus_10,-0.1,0.0,0.1,0.1406598836183548,0.1406598836183548,0.0,0.0,0,0,0,-1
gmsc,xgboost,81,NumberOfTime30-59DaysPastDueNotWorse,relative_minus_10,-0.1,0.0,0.1,0.16070415079593658,0.16070415079593658,0.0,0.0,0,0,0,-1
gmsc,xgboost,82,NumberOfTime30-59DaysPastDueNotWorse,relative_minus_10,-0.1,0.0,0.1,0.4081357717514038,0.4081357717514038,0.0,0.0,0,0,0,-1
gmsc,xgboost,83,NumberOfTime30-59DaysPastDueNotWorse,relative_minus_10,-0.1,0.0,0.1,0.06326539814472198,0.06326539814472198,0.0,0.0,0,0,0,-1
gmsc,xgboost,84,NumberOfTime30-59DaysPastDueNotWorse,relative_minus_10,-0.1,0.0,0.1,0.6416367292404175,0.6416367292404175,0.0,0.0,1,1,0,-1
gmsc,xgboost,85,NumberOfTime30-59DaysPastDueNotWorse,relative_minus_10,-0.1,0.0,0.1,0.06614423543214798,0.06614423543214798,0.0,0.0,0,0,0,-1
gmsc,xgboost,86,NumberOfTime30-59DaysPastDueNotWorse,relative_minus_10,-0.1,0.0,0.1,0.12697042524814606,0.12697042524814606,0.0,0.0,0,0,0,-1
gmsc,xgboost,87,NumberOfTime30-59DaysPastDueNotWorse,relative_minus_10,-0.1,0.0,0.1,0.106936976313591,0.106936976313591,0.0,0.0,0,0,0,-1
gmsc,xgboost,88,NumberOfTime30-59DaysPastDueNotWorse,relative_minus_10,-0.1,0.0,0.1,0.12650665640830994,0.12650665640830994,0.0,0.0,0,0,0,-1
gmsc,xgboost,89,NumberOfTime30-59DaysPastDueNotWorse,relative_minus_10,-0.1,0.0,0.1,0.3815006911754608,0.3815006911754608,0.0,0.0,0,0,0,-1
gmsc,xgboost,90,NumberOfTime30-59DaysPastDueNotWorse,relative_minus_10,-0.1,0.0,0.1,0.044368140399456024,0.044368140399456024,0.0,0.0,0,0,0,-1
gmsc,xgboost,91,NumberOfTime30-59DaysPastDueNotWorse,relative_minus_10,-0.1,0.0,0.1,0.1482551395893097,0.1482551395893097,0.0,0.0,0,0,0,-1
gmsc,xgboost,92,NumberOfTime30-59DaysPastDueNotWorse,relative_minus_10,-0.1,0.0,0.1,0.06322672218084335,0.06322672218084335,0.0,0.0,0,0,0,-1
gmsc,xgboost,93,NumberOfTime30-59DaysPastDueNotWorse,relative_minus_10,-0.1,0.0,0.1,0.1017114520072937,0.1017114520072937,0.0,0.0,0,0,0,-1
gmsc,xgboost,94,NumberOfTime30-59DaysPastDueNotWorse,relative_minus_10,-0.1,0.0,0.1,0.14927543699741364,0.14927543699741364,0.0,0.0,0,0,0,-1
gmsc,xgboost,95,NumberOfTime30-59DaysPastDueNotWorse,relative_minus_10,-0.1,0.0,0.1,0.22754548490047455,0.22754548490047455,0.0,0.0,0,0,0,-1
gmsc,xgboost,96,NumberOfTime30-59DaysPastDueNotWorse,relative_minus_10,-0.1,0.0,0.1,0.13160045444965363,0.13160045444965363,0.0,0.0,0,0,0,-1
gmsc,xgboost,97,NumberOfTime30-59DaysPastDueNotWorse,relative_minus_10,-0.1,0.0,0.1,0.0985931009054184,0.0985931009054184,0.0,0.0,0,0,0,-1
gmsc,xgboost,98,NumberOfTime30-59DaysPastDueNotWorse,relative_minus_10,-0.1,0.0,0.1,0.35479238629341125,0.35479238629341125,0.0,0.0,0,0,0,-1
gmsc,xgboost,99,NumberOfTime30-59DaysPastDueNotWorse,relative_minus_10,-0.1,2.0,2.2,0.9183781147003174,0.9183781147003174,0.0,0.0,1,1,0,-1
gmsc,xgboost,0,NumberOfTime30-59DaysPastDueNotWorse,relative_plus_10,0.1,0.0,0.1,0.08203070610761642,0.08203070610761642,0.0,0.0,0,0,0,-1
gmsc,xgboost,1,NumberOfTime30-59DaysPastDueNotWorse,relative_plus_10,0.1,0.0,0.1,0.07381805032491684,0.07381805032491684,0.0,0.0,0,0,0,-1
gmsc,xgboost,2,NumberOfTime30-59DaysPastDueNotWorse,relative_plus_10,0.1,0.0,0.1,0.057695530354976654,0.057695530354976654,0.0,0.0,0,0,0,-1
gmsc,xgboost,3,NumberOfTime30-59DaysPastDueNotWorse,relative_plus_10,0.1,0.0,0.1,0.29744529724121094,0.29744529724121094,0.0,0.0,0,0,0,-1
gmsc,xgboost,4,NumberOfTime30-59DaysPastDueNotWorse,relative_plus_10,0.1,0.0,0.1,0.10023795068264008,0.10023795068264008,0.0,0.0,0,0,0,-1
gmsc,xgboost,5,NumberOfTime30-59DaysPastDueNotWorse,relative_plus_10,0.1,0.0,0.1,0.19237148761749268,0.19237148761749268,0.0,0.0,0,0,0,-1
gmsc,xgboost,6,NumberOfTime30-59DaysPastDueNotWorse,relative_plus_10,0.1,0.0,0.1,0.2720617651939392,0.2720617651939392,0.0,0.0,0,0,0,-1
gmsc,xgboost,7,NumberOfTime30-59DaysPastDueNotWorse,relative_plus_10,0.1,0.0,0.1,0.2072291374206543,0.2072291374206543,0.0,0.0,0,0,0,-1
gmsc,xgboost,8,NumberOfTime30-59DaysPastDueNotWorse,relative_plus_10,0.1,0.0,0.1,0.14596141874790192,0.14596141874790192,0.0,0.0,0,0,0,-1
gmsc,xgboost,9,NumberOfTime30-59DaysPastDueNotWorse,relative_plus_10,0.1,1.0,1.1,0.3907460570335388,0.3907460570335388,0.0,0.0,0,0,0,-1
gmsc,xgboost,10,NumberOfTime30-59DaysPastDueNotWorse,relative_plus_10,0.1,0.0,0.1,0.43983033299446106,0.43983033299446106,0.0,0.0,0,0,0,-1
gmsc,xgboost,11,NumberOfTime30-59DaysPastDueNotWorse,relative_plus_10,0.1,0.0,0.1,0.2212306559085846,0.2212306559085846,0.0,0.0,0,0,0,-1
gmsc,xgboost,12,NumberOfTime30-59DaysPastDueNotWorse,relative_plus_10,0.1,0.0,0.1,0.034909687936306,0.034909687936306,0.0,0.0,0,0,0,-1
gmsc,xgboost,13,NumberOfTime30-59DaysPastDueNotWorse,relative_plus_10,0.1,0.0,0.1,0.8862441778182983,0.8862441778182983,0.0,0.0,1,1,0,-1
gmsc,xgboost,14,NumberOfTime30-59DaysPastDueNotWorse,relative_plus_10,0.1,0.0,0.1,0.30772891640663147,0.30772891640663147,0.0,0.0,0,0,0,-1
gmsc,xgboost,15,NumberOfTime30-59DaysPastDueNotWorse,relative_plus_10,0.1,1.0,1.1,0.2524952292442322,0.2524952292442322,0.0,0.0,0,0,0,-1
gmsc,xgboost,16,NumberOfTime30-59DaysPastDueNotWorse,relative_plus_10,0.1,1.0,1.1,0.48664188385009766,0.48664188385009766,0.0,0.0,0,0,0,-1
gmsc,xgboost,17,NumberOfTime30-59DaysPastDueNotWorse,relative_plus_10,0.1,0.0,0.1,0.09193970263004303,0.09193970263004303,0.0,0.0,0,0,0,-1
gmsc,xgboost,18,NumberOfTime30-59DaysPastDueNotWorse,relative_plus_10,0.1,0.0,0.1,0.3769620656967163,0.3769620656967163,0.0,0.0,0,0,0,-1
gmsc,xgboost,19,NumberOfTime30-59DaysPastDueNotWorse,relative_plus_10,0.1,1.0,1.1,0.21186602115631104,0.21186602115631104,0.0,0.0,0,0,0,-1
gmsc,xgboost,20,NumberOfTime30-59DaysPastDueNotWorse,relative_plus_10,0.1,0.0,0.1,0.04993200674653053,0.04993200674653053,0.0,0.0,0,0,0,-1
gmsc,xgboost,21,NumberOfTime30-59DaysPastDueNotWorse,relative_plus_10,0.1,0.0,0.1,0.08262580633163452,0.08262580633163452,0.0,0.0,0,0,0,-1
gmsc,xgboost,22,NumberOfTime30-59DaysPastDueNotWorse,relative_plus_10,0.1,0.0,0.1,0.06402596086263657,0.06402596086263657,0.0,0.0,0,0,0,-1
gmsc,xgboost,23,NumberOfTime30-59DaysPastDueNotWorse,relative_plus_10,0.1,0.0,0.1,0.08952450007200241,0.08952450007200241,0.0,0.0,0,0,0,-1
gmsc,xgboost,24,NumberOfTime30-59DaysPastDueNotWorse,relative_plus_10,0.1,0.0,0.1,0.034259602427482605,0.034259602427482605,0.0,0.0,0,0,0,-1
gmsc,xgboost,25,NumberOfTime30-59DaysPastDueNotWorse,relative_plus_10,0.1,0.0,0.1,0.49923714995384216,0.49923714995384216,0.0,0.0,0,0,0,-1
gmsc,xgboost,26,NumberOfTime30-59DaysPastDueNotWorse,relative_plus_10,0.1,0.0,0.1,0.46355003118515015,0.46355003118515015,0.0,0.0,0,0,0,-1
gmsc,xgboost,27,NumberOfTime30-59DaysPastDueNotWorse,relative_plus_10,0.1,0.0,0.1,0.16462162137031555,0.16462162137031555,0.0,0.0,0,0,0,-1
gmsc,xgboost,28,NumberOfTime30-59DaysPastDueNotWorse,relative_plus_10,0.1,0.0,0.1,0.222405344247818,0.222405344247818,0.0,0.0,0,0,0,-1
gmsc,xgboost,29,NumberOfTime30-59DaysPastDueNotWorse,relative_plus_10,0.1,0.0,0.1,0.06126169487833977,0.06126169487833977,0.0,0.0,0,0,0,-1
gmsc,xgboost,30,NumberOfTime30-59DaysPastDueNotWorse,relative_plus_10,0.1,0.0,0.1,0.25775110721588135,0.25775110721588135,0.0,0.0,0,0,0,-1
gmsc,xgboost,31,NumberOfTime30-59DaysPastDueNotWorse,relative_plus_10,0.1,0.0,0.1,0.14284415543079376,0.14284415543079376,0.0,0.0,0,0,0,-1
gmsc,xgboost,32,NumberOfTime30-59DaysPastDueNotWorse,relative_plus_10,0.1,0.0,0.1,0.1354866921901703,0.1354866921901703,0.0,0.0,0,0,0,-1
gmsc,xgboost,33,NumberOfTime30-59DaysPastDueNotWorse,relative_plus_10,0.1,0.0,0.1,0.0799889788031578,0.0799889788031578,0.0,0.0,0,0,0,-1
gmsc,xgboost,34,NumberOfTime30-59DaysPastDueNotWorse,relative_plus_10,0.1,1.0,1.1,0.5890139937400818,0.5890139937400818,0.0,0.0,1,1,0,-1
gmsc,xgboost,35,NumberOfTime30-59DaysPastDueNotWorse,relative_plus_10,0.1,2.0,2.2,0.7353684902191162,0.7353684902191162,0.0,0.0,1,1,0,-1
gmsc,xgboost,36,NumberOfTime30-59DaysPastDueNotWorse,relative_plus_10,0.1,0.0,0.1,0.1960536539554596,0.1960536539554596,0.0,0.0,0,0,0,-1
gmsc,xgboost,37,NumberOfTime30-59DaysPastDueNotWorse,relative_plus_10,0.1,0.0,0.1,0.35266122221946716,0.35266122221946716,0.0,0.0,0,0,0,-1
gmsc,xgboost,38,NumberOfTime30-59DaysPastDueNotWorse,relative_plus_10,0.1,0.0,0.1,0.2510143518447876,0.2510143518447876,0.0,0.0,0,0,0,-1
gmsc,xgboost,39,NumberOfTime30-59DaysPastDueNotWorse,relative_plus_10,0.1,0.0,0.1,0.4371665418148041,0.4371665418148041,0.0,0.0,0,0,0,-1
gmsc,xgboost,40,NumberOfTime30-59DaysPastDueNotWorse,relative_plus_10,0.1,0.0,0.1,0.13587132096290588,0.13587132096290588,0.0,0.0,0,0,0,-1
gmsc,xgboost,41,NumberOfTime30-59DaysPastDueNotWorse,relative_plus_10,0.1,0.0,0.1,0.18514351546764374,0.18514351546764374,0.0,0.0,0,0,0,-1
gmsc,xgboost,42,NumberOfTime30-59DaysPastDueNotWorse,relative_plus_10,0.1,0.0,0.1,0.10479436814785004,0.10479436814785004,0.0,0.0,0,0,0,-1
gmsc,xgboost,43,NumberOfTime30-59DaysPastDueNotWorse,relative_plus_10,0.1,0.0,0.1,0.5401685833930969,0.5401685833930969,0.0,0.0,1,1,0,-1
gmsc,xgboost,44,NumberOfTime30-59DaysPastDueNotWorse,relative_plus_10,0.1,0.0,0.1,0.11184448003768921,0.11184448003768921,0.0,0.0,0,0,0,-1
gmsc,xgboost,45,NumberOfTime30-59DaysPastDueNotWorse,relative_plus_10,0.1,0.0,0.1,0.12677443027496338,0.12677443027496338,0.0,0.0,0,0,0,-1
gmsc,xgboost,46,NumberOfTime30-59DaysPastDueNotWorse,relative_plus_10,0.1,0.0,0.1,0.25457122921943665,0.25457122921943665,0.0,0.0,0,0,0,-1
gmsc,xgboost,47,NumberOfTime30-59DaysPastDueNotWorse,relative_plus_10,0.1,0.0,0.1,0.05936043709516525,0.05936043709516525,0.0,0.0,0,0,0,-1
gmsc,xgboost,48,NumberOfTime30-59DaysPastDueNotWorse,relative_plus_10,0.1,0.0,0.1,0.08543100953102112,0.08543100953102112,0.0,0.0,0,0,0,-1
gmsc,xgboost,49,NumberOfTime30-59DaysPastDueNotWorse,relative_plus_10,0.1,0.0,0.1,0.03611498698592186,0.03611498698592186,0.0,0.0,0,0,0,-1
gmsc,xgboost,50,NumberOfTime30-59DaysPastDueNotWorse,relative_plus_10,0.1,0.0,0.1,0.1643790304660797,0.1643790304660797,0.0,0.0,0,0,0,-1
gmsc,xgboost,51,NumberOfTime30-59DaysPastDueNotWorse,relative_plus_10,0.1,0.0,0.1,0.2535255253314972,0.2535255253314972,0.0,0.0,0,0,0,-1
gmsc,xgboost,52,NumberOfTime30-59DaysPastDueNotWorse,relative_plus_10,0.1,0.0,0.1,0.043543241918087006,0.043543241918087006,0.0,0.0,0,0,0,-1
gmsc,xgboost,53,NumberOfTime30-59DaysPastDueNotWorse,relative_plus_10,0.1,2.0,2.2,0.8459349870681763,0.8459349870681763,0.0,0.0,1,1,0,-1
gmsc,xgboost,54,NumberOfTime30-59DaysPastDueNotWorse,relative_plus_10,0.1,3.0,3.3,0.9326093792915344,0.9326093792915344,0.0,0.0,1,1,0,-1
gmsc,xgboost,55,NumberOfTime30-59DaysPastDueNotWorse,relative_plus_10,0.1,0.0,0.1,0.0761168822646141,0.0761168822646141,0.0,0.0,0,0,0,-1
gmsc,xgboost,56,NumberOfTime30-59DaysPastDueNotWorse,relative_plus_10,0.1,0.0,0.1,0.15863358974456787,0.15863358974456787,0.0,0.0,0,0,0,-1
gmsc,xgboost,57,NumberOfTime30-59DaysPastDueNotWorse,relative_plus_10,0.1,0.0,0.1,0.5884111523628235,0.5884111523628235,0.0,0.0,1,1,0,-1
gmsc,xgboost,58,NumberOfTime30-59DaysPastDueNotWorse,relative_plus_10,0.1,0.0,0.1,0.6777902245521545,0.6777902245521545,0.0,0.0,1,1,0,-1
gmsc,xgboost,59,NumberOfTime30-59DaysPastDueNotWorse,relative_plus_10,0.1,0.0,0.1,0.628955066204071,0.628955066204071,0.0,0.0,1,1,0,-1
gmsc,xgboost,60,NumberOfTime30-59DaysPastDueNotWorse,relative_plus_10,0.1,0.0,0.1,0.17468222975730896,0.17468222975730896,0.0,0.0,0,0,0,-1
gmsc,xgboost,61,NumberOfTime30-59DaysPastDueNotWorse,relative_plus_10,0.1,0.0,0.1,0.3342180848121643,0.3342180848121643,0.0,0.0,0,0,0,-1
gmsc,xgboost,62,NumberOfTime30-59DaysPastDueNotWorse,relative_plus_10,0.1,0.0,0.1,0.46969300508499146,0.46969300508499146,0.0,0.0,0,0,0,-1
gmsc,xgboost,63,NumberOfTime30-59DaysPastDueNotWorse,relative_plus_10,0.1,0.0,0.1,0.09234394878149033,0.09234394878149033,0.0,0.0,0,0,0,-1
gmsc,xgboost,64,NumberOfTime30-59DaysPastDueNotWorse,relative_plus_10,0.1,0.0,0.1,0.36687836050987244,0.36687836050987244,0.0,0.0,0,0,0,-1
gmsc,xgboost,65,NumberOfTime30-59DaysPastDueNotWorse,relative_plus_10,0.1,2.0,2.2,0.3751460015773773,0.3751460015773773,0.0,0.0,0,0,0,-1
gmsc,xgboost,66,NumberOfTime30-59DaysPastDueNotWorse,relative_plus_10,0.1,0.0,0.1,0.1265122890472412,0.1265122890472412,0.0,0.0,0,0,0,-1
gmsc,xgboost,67,NumberOfTime30-59DaysPastDueNotWorse,relative_plus_10,0.1,0.0,0.1,0.4232633113861084,0.4232633113861084,0.0,0.0,0,0,0,-1
gmsc,xgboost,68,NumberOfTime30-59DaysPastDueNotWorse,relative_plus_10,0.1,0.0,0.1,0.10810530185699463,0.10810530185699463,0.0,0.0,0,0,0,-1
gmsc,xgboost,69,NumberOfTime30-59DaysPastDueNotWorse,relative_plus_10,0.1,0.0,0.1,0.5635039806365967,0.5635039806365967,0.0,0.0,1,1,0,-1
gmsc,xgboost,70,NumberOfTime30-59DaysPastDueNotWorse,relative_plus_10,0.1,1.0,1.1,0.39893585443496704,0.39893585443496704,0.0,0.0,0,0,0,-1
gmsc,xgboost,71,NumberOfTime30-59DaysPastDueNotWorse,relative_plus_10,0.1,0.0,0.1,0.10639937967061996,0.10639937967061996,0.0,0.0,0,0,0,-1
gmsc,xgboost,72,NumberOfTime30-59DaysPastDueNotWorse,relative_plus_10,0.1,0.0,0.1,0.19083499908447266,0.19083499908447266,0.0,0.0,0,0,0,-1
gmsc,xgboost,73,NumberOfTime30-59DaysPastDueNotWorse,relative_plus_10,0.1,0.0,0.1,0.3986653685569763,0.3986653685569763,0.0,0.0,0,0,0,-1
gmsc,xgboost,74,NumberOfTime30-59DaysPastDueNotWorse,relative_plus_10,0.1,0.0,0.1,0.18615853786468506,0.18615853786468506,0.0,0.0,0,0,0,-1
gmsc,xgboost,75,NumberOfTime30-59DaysPastDueNotWorse,relative_plus_10,0.1,0.0,0.1,0.5547352433204651,0.5547352433204651,0.0,0.0,1,1,0,-1
gmsc,xgboost,76,NumberOfTime30-59DaysPastDueNotWorse,relative_plus_10,0.1,0.0,0.1,0.11016565561294556,0.11016565561294556,0.0,0.0,0,0,0,-1
gmsc,xgboost,77,NumberOfTime30-59DaysPastDueNotWorse,relative_plus_10,0.1,0.0,0.1,0.05538906157016754,0.05538906157016754,0.0,0.0,0,0,0,-1
gmsc,xgboost,78,NumberOfTime30-59DaysPastDueNotWorse,relative_plus_10,0.1,0.0,0.1,0.05751078575849533,0.05751078575849533,0.0,0.0,0,0,0,-1
gmsc,xgboost,79,NumberOfTime30-59DaysPastDueNotWorse,relative_plus_10,0.1,0.0,0.1,0.2844957709312439,0.2844957709312439,0.0,0.0,0,0,0,-1
gmsc,xgboost,80,NumberOfTime30-59DaysPastDueNotWorse,relative_plus_10,0.1,0.0,0.1,0.1406598836183548,0.1406598836183548,0.0,0.0,0,0,0,-1
gmsc,xgboost,81,NumberOfTime30-59DaysPastDueNotWorse,relative_plus_10,0.1,0.0,0.1,0.16070415079593658,0.16070415079593658,0.0,0.0,0,0,0,-1
gmsc,xgboost,82,NumberOfTime30-59DaysPastDueNotWorse,relative_plus_10,0.1,0.0,0.1,0.4081357717514038,0.4081357717514038,0.0,0.0,0,0,0,-1
gmsc,xgboost,83,NumberOfTime30-59DaysPastDueNotWorse,relative_plus_10,0.1,0.0,0.1,0.06326539814472198,0.06326539814472198,0.0,0.0,0,0,0,-1
gmsc,xgboost,84,NumberOfTime30-59DaysPastDueNotWorse,relative_plus_10,0.1,0.0,0.1,0.6416367292404175,0.6416367292404175,0.0,0.0,1,1,0,-1
gmsc,xgboost,85,NumberOfTime30-59DaysPastDueNotWorse,relative_plus_10,0.1,0.0,0.1,0.06614423543214798,0.06614423543214798,0.0,0.0,0,0,0,-1
gmsc,xgboost,86,NumberOfTime30-59DaysPastDueNotWorse,relative_plus_10,0.1,0.0,0.1,0.12697042524814606,0.12697042524814606,0.0,0.0,0,0,0,-1
gmsc,xgboost,87,NumberOfTime30-59DaysPastDueNotWorse,relative_plus_10,0.1,0.0,0.1,0.106936976313591,0.106936976313591,0.0,0.0,0,0,0,-1
gmsc,xgboost,88,NumberOfTime30-59DaysPastDueNotWorse,relative_plus_10,0.1,0.0,0.1,0.12650665640830994,0.12650665640830994,0.0,0.0,0,0,0,-1
gmsc,xgboost,89,NumberOfTime30-59DaysPastDueNotWorse,relative_plus_10,0.1,0.0,0.1,0.3815006911754608,0.3815006911754608,0.0,0.0,0,0,0,-1
gmsc,xgboost,90,NumberOfTime30-59DaysPastDueNotWorse,relative_plus_10,0.1,0.0,0.1,0.044368140399456024,0.044368140399456024,0.0,0.0,0,0,0,-1
gmsc,xgboost,91,NumberOfTime30-59DaysPastDueNotWorse,relative_plus_10,0.1,0.0,0.1,0.1482551395893097,0.1482551395893097,0.0,0.0,0,0,0,-1
gmsc,xgboost,92,NumberOfTime30-59DaysPastDueNotWorse,relative_plus_10,0.1,0.0,0.1,0.06322672218084335,0.06322672218084335,0.0,0.0,0,0,0,-1
gmsc,xgboost,93,NumberOfTime30-59DaysPastDueNotWorse,relative_plus_10,0.1,0.0,0.1,0.1017114520072937,0.1017114520072937,0.0,0.0,0,0,0,-1
gmsc,xgboost,94,NumberOfTime30-59DaysPastDueNotWorse,relative_plus_10,0.1,0.0,0.1,0.14927543699741364,0.14927543699741364,0.0,0.0,0,0,0,-1
gmsc,xgboost,95,NumberOfTime30-59DaysPastDueNotWorse,relative_plus_10,0.1,0.0,0.1,0.22754548490047455,0.22754548490047455,0.0,0.0,0,0,0,-1
gmsc,xgboost,96,NumberOfTime30-59DaysPastDueNotWorse,relative_plus_10,0.1,0.0,0.1,0.13160045444965363,0.13160045444965363,0.0,0.0,0,0,0,-1
gmsc,xgboost,97,NumberOfTime30-59DaysPastDueNotWorse,relative_plus_10,0.1,0.0,0.1,0.0985931009054184,0.0985931009054184,0.0,0.0,0,0,0,-1
gmsc,xgboost,98,NumberOfTime30-59DaysPastDueNotWorse,relative_plus_10,0.1,0.0,0.1,0.35479238629341125,0.35479238629341125,0.0,0.0,0,0,0,-1
gmsc,xgboost,99,NumberOfTime30-59DaysPastDueNotWorse,relative_plus_10,0.1,2.0,2.2,0.9183781147003174,0.9183781147003174,0.0,0.0,1,1,0,-1
gmsc,xgboost,0,DebtRatio,relative_minus_5,-0.05,0.20606616,0.216369468,0.08203070610761642,0.09356319159269333,0.011532485485076904,0.011532485485076904,0,0,0,-1
gmsc,xgboost,1,DebtRatio,relative_minus_5,-0.05,0.19957148,0.20955005399999999,0.07381805032491684,0.07479023188352585,0.0009721815586090088,0.0009721815586090088,0,0,0,-1
gmsc,xgboost,2,DebtRatio,relative_minus_5,-0.05,55.0,57.75,0.057695530354976654,0.057695530354976654,0.0,0.0,0,0,0,-1
gmsc,xgboost,3,DebtRatio,relative_minus_5,-0.05,1.2865958,1.35092559,0.29744529724121094,0.29744529724121094,0.0,0.0,0,0,0,-1
gmsc,xgboost,4,DebtRatio,relative_minus_5,-0.05,0.520637,0.54666885,0.10023795068264008,0.10210208594799042,0.0018641352653503418,0.0018641352653503418,0,0,0,-1
gmsc,xgboost,5,DebtRatio,relative_minus_5,-0.05,0.23819813,0.2501080365,0.19237148761749268,0.18982820212841034,-0.0025432854890823364,0.0025432854890823364,0,0,0,-1
gmsc,xgboost,6,DebtRatio,relative_minus_5,-0.05,0.121203355,0.12726352275,0.2720617651939392,0.27492091059684753,0.002859145402908325,0.002859145402908325,0,0,0,-1
gmsc,xgboost,7,DebtRatio,relative_minus_5,-0.05,0.018074095,0.01897779975,0.2072291374206543,0.2072291374206543,0.0,0.0,0,0,0,-1
gmsc,xgboost,8,DebtRatio,relative_minus_5,-0.05,0.53478074,0.561519777,0.14596141874790192,0.1542995572090149,0.008338138461112976,0.008338138461112976,0,0,0,-1
gmsc,xgboost,9,DebtRatio,relative_minus_5,-0.05,0.40325078,0.42341331899999995,0.3907460570335388,0.3908537030220032,0.00010764598846435547,0.00010764598846435547,0,0,0,-1
gmsc,xgboost,10,DebtRatio,relative_minus_5,-0.05,1.031025,1.08257625,0.43983033299446106,0.43983033299446106,0.0,0.0,0,0,0,-1
gmsc,xgboost,11,DebtRatio,relative_minus_5,-0.05,0.43150038,0.45307539900000005,0.2212306559085846,0.2168433666229248,-0.00438728928565979,0.00438728928565979,0,0,0,-1
gmsc,xgboost,12,DebtRatio,relative_minus_5,-0.05,2565.0,2693.25,0.034909687936306,0.034909687936306,0.0,0.0,0,0,0,-1
gmsc,xgboost,13,DebtRatio,relative_minus_5,-0.05,44.0,46.2,0.8862441778182983,0.8821290731430054,-0.004115104675292969,0.004115104675292969,1,1,0,-1
gmsc,xgboost,14,DebtRatio,relative_minus_5,-0.05,941.0,988.05,0.30772891640663147,0.30772891640663147,0.0,0.0,0,0,0,-1
gmsc,xgboost,15,DebtRatio,relative_minus_5,-0.05,0.28925687,0.3037197135,0.2524952292442322,0.23076249659061432,-0.02173273265361786,0.02173273265361786,0,0,0,-1
gmsc,xgboost,16,DebtRatio,relative_minus_5,-0.05,0.040159974,0.0421679727,0.48664188385009766,0.48664188385009766,0.0,0.0,0,0,0,-1
gmsc,xgboost,17,DebtRatio,relative_minus_5,-0.05,2092.0,2196.6,0.09193970263004303,0.0923885777592659,0.0004488751292228699,0.0004488751292228699,0,0,0,-1
gmsc,xgboost,18,DebtRatio,relative_minus_5,-0.05,0.3357388,0.35252574000000003,0.3769620656967163,0.4032723009586334,0.026310235261917114,0.026310235261917114,0,0,0,-1
gmsc,xgboost,19,DebtRatio,relative_minus_5,-0.05,0.20742264,0.217793772,0.21186602115631104,0.2369401901960373,0.025074169039726257,0.025074169039726257,0,0,0,-1
gmsc,xgboost,20,DebtRatio,relative_minus_5,-0.05,0.10735282,0.11272046100000001,0.04993200674653053,0.04993200674653053,0.0,0.0,0,0,0,-1
gmsc,xgboost,21,DebtRatio,relative_minus_5,-0.05,223.0,234.15,0.08262580633163452,0.08262580633163452,0.0,0.0,0,0,0,-1
gmsc,xgboost,22,DebtRatio,relative_minus_5,-0.05,0.26601106,0.279311613,0.06402596086263657,0.06442463397979736,0.0003986731171607971,0.0003986731171607971,0,0,0,-1
gmsc,xgboost,23,DebtRatio,relative_minus_5,-0.05,0.2999674,0.31496577,0.08952450007200241,0.09390222281217575,0.00437772274017334,0.00437772274017334,0,0,0,-1
gmsc,xgboost,24,DebtRatio,relative_minus_5,-0.05,0.012362637,0.01298076885,0.034259602427482605,0.034259602427482605,0.0,0.0,0,0,0,-1
gmsc,xgboost,25,DebtRatio,relative_minus_5,-0.05,0.402445,0.42256725,0.49923714995384216,0.5015155076980591,0.002278357744216919,0.002278357744216919,0,1,1,-1
gmsc,xgboost,26,DebtRatio,relative_minus_5,-0.05,0.0,0.0208549685,0.46355003118515015,0.5428553223609924,0.07930529117584229,0.07930529117584229,0,1,1,-1
gmsc,xgboost,27,DebtRatio,relative_minus_5,-0.05,0.17137648,0.179945304,0.16462162137031555,0.16462162137031555,0.0,0.0,0,0,0,-1
gmsc,xgboost,28,DebtRatio,relative_minus_5,-0.05,0.0,0.0208549685,0.222405344247818,0.296729177236557,0.07432383298873901,0.07432383298873901,0,0,0,-1
gmsc,xgboost,29,DebtRatio,relative_minus_5,-0.05,0.058094192,0.0609989016,0.06126169487833977,0.06126169487833977,0.0,0.0,0,0,0,-1
gmsc,xgboost,30,DebtRatio,relative_minus_5,-0.05,0.44399184,0.466191432,0.25775110721588135,0.2539842128753662,-0.0037668943405151367,0.0037668943405151367,0,0,0,-1
gmsc,xgboost,31,DebtRatio,relative_minus_5,-0.05,482.0,506.1,0.14284415543079376,0.14284415543079376,0.0,0.0,0,0,0,-1
gmsc,xgboost,32,DebtRatio,relative_minus_5,-0.05,0.4293059,0.450771195,0.1354866921901703,0.12807148694992065,-0.007415205240249634,0.007415205240249634,0,0,0,-1
gmsc,xgboost,33,DebtRatio,relative_minus_5,-0.05,0.008748633,0.00918606465,0.0799889788031578,0.0799889788031578,0.0,0.0,0,0,0,-1
gmsc,xgboost,34,DebtRatio,relative_minus_5,-0.05,0.470006,0.49350629999999995,0.5890139937400818,0.591430127620697,0.0024161338806152344,0.0024161338806152344,1,1,0,-1
gmsc,xgboost,35,DebtRatio,relative_minus_5,-0.05,0.8031548,0.8433125399999999,0.7353684902191162,0.7361751198768616,0.0008066296577453613,0.0008066296577453613,1,1,0,-1
gmsc,xgboost,36,DebtRatio,relative_minus_5,-0.05,0.1687678,0.17720618999999999,0.1960536539554596,0.1960536539554596,0.0,0.0,0,0,0,-1
gmsc,xgboost,37,DebtRatio,relative_minus_5,-0.05,2965.0,3113.25,0.35266122221946716,0.32767951488494873,-0.024981707334518433,0.024981707334518433,0,0,0,-1
gmsc,xgboost,38,DebtRatio,relative_minus_5,-0.05,0.521364,0.5474322,0.2510143518447876,0.2510143518447876,0.0,0.0,0,0,0,-1
gmsc,xgboost,39,DebtRatio,relative_minus_5,-0.05,1.2837993,1.347989265,0.4371665418148041,0.4371665418148041,0.0,0.0,0,0,0,-1
gmsc,xgboost,40,DebtRatio,relative_minus_5,-0.05,0.32549995,0.3417749475,0.13587132096290588,0.13587132096290588,0.0,0.0,0,0,0,-1
gmsc,xgboost,41,DebtRatio,relative_minus_5,-0.05,1.5599782,1.63797711,0.18514351546764374,0.18514351546764374,0.0,0.0,0,0,0,-1
gmsc,xgboost,42,DebtRatio,relative_minus_5,-0.05,0.19,0.1995,0.10479436814785004,0.1055564284324646,0.000762060284614563,0.000762060284614563,0,0,0,-1
gmsc,xgboost,43,DebtRatio,relative_minus_5,-0.05,171.0,179.55,0.5401685833930969,0.5401685833930969,0.0,0.0,1,1,0,-1
gmsc,xgboost,44,DebtRatio,relative_minus_5,-0.05,0.20451674,0.214742577,0.11184448003768921,0.11523043364286423,0.0033859536051750183,0.0033859536051750183,0,0,0,-1
gmsc,xgboost,45,DebtRatio,relative_minus_5,-0.05,0.41645184,0.43727443200000005,0.12677443027496338,0.14084383845329285,0.014069408178329468,0.014069408178329468,0,0,0,-1
gmsc,xgboost,46,DebtRatio,relative_minus_5,-0.05,486.0,510.3,0.25457122921943665,0.25457122921943665,0.0,0.0,0,0,0,-1
gmsc,xgboost,47,DebtRatio,relative_minus_5,-0.05,0.24237882,0.254497761,0.05936043709516525,0.06780917197465897,0.008448734879493713,0.008448734879493713,0,0,0,-1
gmsc,xgboost,48,DebtRatio,relative_minus_5,-0.05,1071.0,1124.55,0.08543100953102112,0.08543100953102112,0.0,0.0,0,0,0,-1
gmsc,xgboost,49,DebtRatio,relative_minus_5,-0.05,0.005664778,0.005948016899999999,0.03611498698592186,0.03611498698592186,0.0,0.0,0,0,0,-1
gmsc,xgboost,50,DebtRatio,relative_minus_5,-0.05,0.16283266,0.170974293,0.1643790304660797,0.1643790304660797,0.0,0.0,0,0,0,-1
gmsc,xgboost,51,DebtRatio,relative_minus_5,-0.05,2000.0,2100.0,0.2535255253314972,0.2535255253314972,0.0,0.0,0,0,0,-1
gmsc,xgboost,52,DebtRatio,relative_minus_5,-0.05,1240.0,1302.0,0.043543241918087006,0.043543241918087006,0.0,0.0,0,0,0,-1
gmsc,xgboost,53,DebtRatio,relative_minus_5,-0.05,0.021596858,0.0226767009,0.8459349870681763,0.8459349870681763,0.0,0.0,1,1,0,-1
gmsc,xgboost,54,DebtRatio,relative_minus_5,-0.05,1.5316092,1.6081896599999999,0.9326093792915344,0.9326093792915344,0.0,0.0,1,1,0,-1
gmsc,xgboost,55,DebtRatio,relative_minus_5,-0.05,1844.0,1936.2,0.0761168822646141,0.07777469605207443,0.0016578137874603271,0.0016578137874603271,0,0,0,-1
gmsc,xgboost,56,DebtRatio,relative_minus_5,-0.05,0.33847472,0.35539845600000003,0.15863358974456787,0.1628100723028183,0.004176482558250427,0.004176482558250427,0,0,0,-1
gmsc,xgboost,57,DebtRatio,relative_minus_5,-0.05,0.38452163,0.4037477115,0.5884111523628235,0.5955657362937927,0.007154583930969238,0.007154583930969238,1,1,0,-1
gmsc,xgboost,58,DebtRatio,relative_minus_5,-0.05,0.13751946,0.14439543300000002,0.6777902245521545,0.6605422496795654,-0.01724797487258911,0.01724797487258911,1,1,0,-1
gmsc,xgboost,59,DebtRatio,relative_minus_5,-0.05,0.74480665,0.7820469825,0.628955066204071,0.6178133487701416,-0.011141717433929443,0.011141717433929443,1,1,0,-1
gmsc,xgboost,60,DebtRatio,relative_minus_5,-0.05,0.078658074,0.0825909777,0.17468222975730896,0.17836731672286987,0.003685086965560913,0.003685086965560913,0,0,0,-1
gmsc,xgboost,61,DebtRatio,relative_minus_5,-0.05,0.6623037,0.695418885,0.3342180848121643,0.3709157705307007,0.03669768571853638,0.03669768571853638,0,0,0,-1
gmsc,xgboost,62,DebtRatio,relative_minus_5,-0.05,0.5309469,0.557494245,0.46969300508499146,0.4813297986984253,0.011636793613433838,0.011636793613433838,0,0,0,-1
gmsc,xgboost,63,DebtRatio,relative_minus_5,-0.05,0.24462043,0.2568514515,0.09234394878149033,0.10358648002147675,0.01124253123998642,0.01124253123998642,0,0,0,-1
gmsc,xgboost,64,DebtRatio,relative_minus_5,-0.05,0.4177469,0.438634245,0.36687836050987244,0.36640268564224243,-0.0004756748676300049,0.0004756748676300049,0,0,0,-1
gmsc,xgboost,65,DebtRatio,relative_minus_5,-0.05,0.20786196,0.218255058,0.3751460015773773,0.38236376643180847,0.007217764854431152,0.007217764854431152,0,0,0,-1
gmsc,xgboost,66,DebtRatio,relative_minus_5,-0.05,0.3109459,0.326493195,0.1265122890472412,0.13749219477176666,0.010979905724525452,0.010979905724525452,0,0,0,-1
gmsc,xgboost,67,DebtRatio,relative_minus_5,-0.05,0.3151282,0.33088461,0.4232633113861084,0.4389350116252899,0.01567170023918152,0.01567170023918152,0,0,0,-1
gmsc,xgboost,68,DebtRatio,relative_minus_5,-0.05,0.34570906,0.362994513,0.10810530185699463,0.10776998847723007,-0.0003353133797645569,0.0003353133797645569,0,0,0,-1
gmsc,xgboost,69,DebtRatio,relative_minus_5,-0.05,0.96340734,1.011577707,0.5635039806365967,0.5789594650268555,0.015455484390258789,0.015455484390258789,1,1,0,-1
gmsc,xgboost,70,DebtRatio,relative_minus_5,-0.05,0.069360115,0.07282812075,0.39893585443496704,0.4249855577945709,0.026049703359603882,0.026049703359603882,0,0,0,-1
gmsc,xgboost,71,DebtRatio,relative_minus_5,-0.05,69.0,72.45,0.10639937967061996,0.10639937967061996,0.0,0.0,0,0,0,-1
gmsc,xgboost,72,DebtRatio,relative_minus_5,-0.05,0.72570974,0.761995227,0.19083499908447266,0.17183026671409607,-0.019004732370376587,0.019004732370376587,0,0,0,-1
gmsc,xgboost,73,DebtRatio,relative_minus_5,-0.05,0.3235353,0.339712065,0.3986653685569763,0.4149792492389679,0.016313880681991577,0.016313880681991577,0,0,0,-1
gmsc,xgboost,74,DebtRatio,relative_minus_5,-0.05,0.024987506,0.0262368813,0.18615853786468506,0.18615853786468506,0.0,0.0,0,0,0,-1
gmsc,xgboost,75,DebtRatio,relative_minus_5,-0.05,57.0,59.85,0.5547352433204651,0.5547352433204651,0.0,0.0,1,1,0,-1
gmsc,xgboost,76,DebtRatio,relative_minus_5,-0.05,0.066019416,0.0693203868,0.11016565561294556,0.11016565561294556,0.0,0.0,0,0,0,-1
gmsc,xgboost,77,DebtRatio,relative_minus_5,-0.05,26.0,27.3,0.05538906157016754,0.05538906157016754,0.0,0.0,0,0,0,-1
gmsc,xgboost,78,DebtRatio,relative_minus_5,-0.05,1569.0,1647.45,0.05751078575849533,0.054999399930238724,-0.002511385828256607,0.002511385828256607,0,0,0,-1
gmsc,xgboost,79,DebtRatio,relative_minus_5,-0.05,0.39635402,0.416171721,0.2844957709312439,0.283822625875473,-0.000673145055770874,0.000673145055770874,0,0,0,-1
gmsc,xgboost,80,DebtRatio,relative_minus_5,-0.05,2316.0,2431.8,0.1406598836183548,0.12072518467903137,-0.019934698939323425,0.019934698939323425,0,0,0,-1
gmsc,xgboost,81,DebtRatio,relative_minus_5,-0.05,0.30566496,0.320948208,0.16070415079593658,0.19277632236480713,0.032072171568870544,0.032072171568870544,0,0,0,-1
gmsc,xgboost,82,DebtRatio,relative_minus_5,-0.05,0.41855487,0.4394826135,0.4081357717514038,0.4098239541053772,0.0016881823539733887,0.0016881823539733887,0,0,0,-1
gmsc,xgboost,83,DebtRatio,relative_minus_5,-0.05,0.20540665,0.2156769825,0.06326539814472198,0.06417002528905869,0.0009046271443367004,0.0009046271443367004,0,0,0,-1
gmsc,xgboost,84,DebtRatio,relative_minus_5,-0.05,0.5669721,0.595320705,0.6416367292404175,0.6644115447998047,0.022774815559387207,0.022774815559387207,1,1,0,-1
gmsc,xgboost,85,DebtRatio,relative_minus_5,-0.05,0.47793037,0.5018268885,0.06614423543214798,0.05656896531581879,-0.009575270116329193,0.009575270116329193,0,0,0,-1
gmsc,xgboost,86,DebtRatio,relative_minus_5,-0.05,0.035787743,0.03757713015,0.12697042524814606,0.12697042524814606,0.0,0.0,0,0,0,-1
gmsc,xgboost,87,DebtRatio,relative_minus_5,-0.05,445.0,467.25,0.106936976313591,0.10537805408239365,-0.0015589222311973572,0.0015589222311973572,0,0,0,-1
gmsc,xgboost,88,DebtRatio,relative_minus_5,-0.05,1352.0,1419.6,0.12650665640830994,0.12650665640830994,0.0,0.0,0,0,0,-1
gmsc,xgboost,89,DebtRatio,relative_minus_5,-0.05,0.3882579,0.407670795,0.3815006911754608,0.3719194829463959,-0.009581208229064941,0.009581208229064941,0,0,0,-1
gmsc,xgboost,90,DebtRatio,relative_minus_5,-0.05,830.0,871.5,0.044368140399456024,0.044368140399456024,0.0,0.0,0,0,0,-1
gmsc,xgboost,91,DebtRatio,relative_minus_5,-0.05,0.31826663,0.3341799615,0.1482551395893097,0.1579372137784958,0.009682074189186096,0.009682074189186096,0,0,0,-1
gmsc,xgboost,92,DebtRatio,relative_minus_5,-0.05,9.0,9.45,0.06322672218084335,0.06322672218084335,0.0,0.0,0,0,0,-1
gmsc,xgboost,93,DebtRatio,relative_minus_5,-0.05,2079.0,2182.95,0.1017114520072937,0.1294744461774826,0.027762994170188904,0.027762994170188904,0,0,0,-1
gmsc,xgboost,94,DebtRatio,relative_minus_5,-0.05,0.024174053,0.02538275565,0.14927543699741364,0.14927543699741364,0.0,0.0,0,0,0,-1
gmsc,xgboost,95,DebtRatio,relative_minus_5,-0.05,0.69365734,0.728340207,0.22754548490047455,0.22594323754310608,-0.0016022473573684692,0.0016022473573684692,0,0,0,-1
gmsc,xgboost,96,DebtRatio,relative_minus_5,-0.05,0.19048095,0.2000049975,0.13160045444965363,0.13160045444965363,0.0,0.0,0,0,0,-1
gmsc,xgboost,97,DebtRatio,relative_minus_5,-0.05,847.0,889.35,0.0985931009054184,0.0985931009054184,0.0,0.0,0,0,0,-1
gmsc,xgboost,98,DebtRatio,relative_minus_5,-0.05,0.80673593,0.8470727265,0.35479238629341125,0.35574278235435486,0.0009503960609436035,0.0009503960609436035,0,0,0,-1
gmsc,xgboost,99,DebtRatio,relative_minus_5,-0.05,0.61044824,0.640970652,0.9183781147003174,0.9168175458908081,-0.0015605688095092773,0.0015605688095092773,1,1,0,-1
gmsc,xgboost,0,DebtRatio,relative_plus_5,0.05,0.20606616,0.216369468,0.08203070610761642,0.09356319159269333,0.011532485485076904,0.011532485485076904,0,0,0,-1
gmsc,xgboost,1,DebtRatio,relative_plus_5,0.05,0.19957148,0.20955005399999999,0.07381805032491684,0.07479023188352585,0.0009721815586090088,0.0009721815586090088,0,0,0,-1
gmsc,xgboost,2,DebtRatio,relative_plus_5,0.05,55.0,57.75,0.057695530354976654,0.057695530354976654,0.0,0.0,0,0,0,-1
gmsc,xgboost,3,DebtRatio,relative_plus_5,0.05,1.2865958,1.35092559,0.29744529724121094,0.29744529724121094,0.0,0.0,0,0,0,-1
gmsc,xgboost,4,DebtRatio,relative_plus_5,0.05,0.520637,0.54666885,0.10023795068264008,0.10210208594799042,0.0018641352653503418,0.0018641352653503418,0,0,0,-1
gmsc,xgboost,5,DebtRatio,relative_plus_5,0.05,0.23819813,0.2501080365,0.19237148761749268,0.18982820212841034,-0.0025432854890823364,0.0025432854890823364,0,0,0,-1
gmsc,xgboost,6,DebtRatio,relative_plus_5,0.05,0.121203355,0.12726352275,0.2720617651939392,0.27492091059684753,0.002859145402908325,0.002859145402908325,0,0,0,-1
gmsc,xgboost,7,DebtRatio,relative_plus_5,0.05,0.018074095,0.01897779975,0.2072291374206543,0.2072291374206543,0.0,0.0,0,0,0,-1
gmsc,xgboost,8,DebtRatio,relative_plus_5,0.05,0.53478074,0.561519777,0.14596141874790192,0.1542995572090149,0.008338138461112976,0.008338138461112976,0,0,0,-1
gmsc,xgboost,9,DebtRatio,relative_plus_5,0.05,0.40325078,0.42341331899999995,0.3907460570335388,0.3908537030220032,0.00010764598846435547,0.00010764598846435547,0,0,0,-1
gmsc,xgboost,10,DebtRatio,relative_plus_5,0.05,1.031025,1.08257625,0.43983033299446106,0.43983033299446106,0.0,0.0,0,0,0,-1
gmsc,xgboost,11,DebtRatio,relative_plus_5,0.05,0.43150038,0.45307539900000005,0.2212306559085846,0.2168433666229248,-0.00438728928565979,0.00438728928565979,0,0,0,-1
gmsc,xgboost,12,DebtRatio,relative_plus_5,0.05,2565.0,2693.25,0.034909687936306,0.034909687936306,0.0,0.0,0,0,0,-1
gmsc,xgboost,13,DebtRatio,relative_plus_5,0.05,44.0,46.2,0.8862441778182983,0.8821290731430054,-0.004115104675292969,0.004115104675292969,1,1,0,-1
gmsc,xgboost,14,DebtRatio,relative_plus_5,0.05,941.0,988.05,0.30772891640663147,0.30772891640663147,0.0,0.0,0,0,0,-1
gmsc,xgboost,15,DebtRatio,relative_plus_5,0.05,0.28925687,0.3037197135,0.2524952292442322,0.23076249659061432,-0.02173273265361786,0.02173273265361786,0,0,0,-1
gmsc,xgboost,16,DebtRatio,relative_plus_5,0.05,0.040159974,0.0421679727,0.48664188385009766,0.48664188385009766,0.0,0.0,0,0,0,-1
gmsc,xgboost,17,DebtRatio,relative_plus_5,0.05,2092.0,2196.6,0.09193970263004303,0.0923885777592659,0.0004488751292228699,0.0004488751292228699,0,0,0,-1
gmsc,xgboost,18,DebtRatio,relative_plus_5,0.05,0.3357388,0.35252574000000003,0.3769620656967163,0.4032723009586334,0.026310235261917114,0.026310235261917114,0,0,0,-1
gmsc,xgboost,19,DebtRatio,relative_plus_5,0.05,0.20742264,0.217793772,0.21186602115631104,0.2369401901960373,0.025074169039726257,0.025074169039726257,0,0,0,-1
gmsc,xgboost,20,DebtRatio,relative_plus_5,0.05,0.10735282,0.11272046100000001,0.04993200674653053,0.04993200674653053,0.0,0.0,0,0,0,-1
gmsc,xgboost,21,DebtRatio,relative_plus_5,0.05,223.0,234.15,0.08262580633163452,0.08262580633163452,0.0,0.0,0,0,0,-1
gmsc,xgboost,22,DebtRatio,relative_plus_5,0.05,0.26601106,0.279311613,0.06402596086263657,0.06442463397979736,0.0003986731171607971,0.0003986731171607971,0,0,0,-1
gmsc,xgboost,23,DebtRatio,relative_plus_5,0.05,0.2999674,0.31496577,0.08952450007200241,0.09390222281217575,0.00437772274017334,0.00437772274017334,0,0,0,-1
gmsc,xgboost,24,DebtRatio,relative_plus_5,0.05,0.012362637,0.01298076885,0.034259602427482605,0.034259602427482605,0.0,0.0,0,0,0,-1
gmsc,xgboost,25,DebtRatio,relative_plus_5,0.05,0.402445,0.42256725,0.49923714995384216,0.5015155076980591,0.002278357744216919,0.002278357744216919,0,1,1,-1
gmsc,xgboost,26,DebtRatio,relative_plus_5,0.05,0.0,0.0208549685,0.46355003118515015,0.5428553223609924,0.07930529117584229,0.07930529117584229,0,1,1,-1
gmsc,xgboost,27,DebtRatio,relative_plus_5,0.05,0.17137648,0.179945304,0.16462162137031555,0.16462162137031555,0.0,0.0,0,0,0,-1
gmsc,xgboost,28,DebtRatio,relative_plus_5,0.05,0.0,0.0208549685,0.222405344247818,0.296729177236557,0.07432383298873901,0.07432383298873901,0,0,0,-1
gmsc,xgboost,29,DebtRatio,relative_plus_5,0.05,0.058094192,0.0609989016,0.06126169487833977,0.06126169487833977,0.0,0.0,0,0,0,-1
gmsc,xgboost,30,DebtRatio,relative_plus_5,0.05,0.44399184,0.466191432,0.25775110721588135,0.2539842128753662,-0.0037668943405151367,0.0037668943405151367,0,0,0,-1
gmsc,xgboost,31,DebtRatio,relative_plus_5,0.05,482.0,506.1,0.14284415543079376,0.14284415543079376,0.0,0.0,0,0,0,-1
gmsc,xgboost,32,DebtRatio,relative_plus_5,0.05,0.4293059,0.450771195,0.1354866921901703,0.12807148694992065,-0.007415205240249634,0.007415205240249634,0,0,0,-1
gmsc,xgboost,33,DebtRatio,relative_plus_5,0.05,0.008748633,0.00918606465,0.0799889788031578,0.0799889788031578,0.0,0.0,0,0,0,-1
gmsc,xgboost,34,DebtRatio,relative_plus_5,0.05,0.470006,0.49350629999999995,0.5890139937400818,0.591430127620697,0.0024161338806152344,0.0024161338806152344,1,1,0,-1
gmsc,xgboost,35,DebtRatio,relative_plus_5,0.05,0.8031548,0.8433125399999999,0.7353684902191162,0.7361751198768616,0.0008066296577453613,0.0008066296577453613,1,1,0,-1
gmsc,xgboost,36,DebtRatio,relative_plus_5,0.05,0.1687678,0.17720618999999999,0.1960536539554596,0.1960536539554596,0.0,0.0,0,0,0,-1
gmsc,xgboost,37,DebtRatio,relative_plus_5,0.05,2965.0,3113.25,0.35266122221946716,0.32767951488494873,-0.024981707334518433,0.024981707334518433,0,0,0,-1
gmsc,xgboost,38,DebtRatio,relative_plus_5,0.05,0.521364,0.5474322,0.2510143518447876,0.2510143518447876,0.0,0.0,0,0,0,-1
gmsc,xgboost,39,DebtRatio,relative_plus_5,0.05,1.2837993,1.347989265,0.4371665418148041,0.4371665418148041,0.0,0.0,0,0,0,-1
gmsc,xgboost,40,DebtRatio,relative_plus_5,0.05,0.32549995,0.3417749475,0.13587132096290588,0.13587132096290588,0.0,0.0,0,0,0,-1
gmsc,xgboost,41,DebtRatio,relative_plus_5,0.05,1.5599782,1.63797711,0.18514351546764374,0.18514351546764374,0.0,0.0,0,0,0,-1
gmsc,xgboost,42,DebtRatio,relative_plus_5,0.05,0.19,0.1995,0.10479436814785004,0.1055564284324646,0.000762060284614563,0.000762060284614563,0,0,0,-1
gmsc,xgboost,43,DebtRatio,relative_plus_5,0.05,171.0,179.55,0.5401685833930969,0.5401685833930969,0.0,0.0,1,1,0,-1
gmsc,xgboost,44,DebtRatio,relative_plus_5,0.05,0.20451674,0.214742577,0.11184448003768921,0.11523043364286423,0.0033859536051750183,0.0033859536051750183,0,0,0,-1
gmsc,xgboost,45,DebtRatio,relative_plus_5,0.05,0.41645184,0.43727443200000005,0.12677443027496338,0.14084383845329285,0.014069408178329468,0.014069408178329468,0,0,0,-1
gmsc,xgboost,46,DebtRatio,relative_plus_5,0.05,486.0,510.3,0.25457122921943665,0.25457122921943665,0.0,0.0,0,0,0,-1
gmsc,xgboost,47,DebtRatio,relative_plus_5,0.05,0.24237882,0.254497761,0.05936043709516525,0.06780917197465897,0.008448734879493713,0.008448734879493713,0,0,0,-1
gmsc,xgboost,48,DebtRatio,relative_plus_5,0.05,1071.0,1124.55,0.08543100953102112,0.08543100953102112,0.0,0.0,0,0,0,-1
gmsc,xgboost,49,DebtRatio,relative_plus_5,0.05,0.005664778,0.005948016899999999,0.03611498698592186,0.03611498698592186,0.0,0.0,0,0,0,-1
gmsc,xgboost,50,DebtRatio,relative_plus_5,0.05,0.16283266,0.170974293,0.1643790304660797,0.1643790304660797,0.0,0.0,0,0,0,-1
gmsc,xgboost,51,DebtRatio,relative_plus_5,0.05,2000.0,2100.0,0.2535255253314972,0.2535255253314972,0.0,0.0,0,0,0,-1
gmsc,xgboost,52,DebtRatio,relative_plus_5,0.05,1240.0,1302.0,0.043543241918087006,0.043543241918087006,0.0,0.0,0,0,0,-1
gmsc,xgboost,53,DebtRatio,relative_plus_5,0.05,0.021596858,0.0226767009,0.8459349870681763,0.8459349870681763,0.0,0.0,1,1,0,-1
gmsc,xgboost,54,DebtRatio,relative_plus_5,0.05,1.5316092,1.6081896599999999,0.9326093792915344,0.9326093792915344,0.0,0.0,1,1,0,-1
gmsc,xgboost,55,DebtRatio,relative_plus_5,0.05,1844.0,1936.2,0.0761168822646141,0.07777469605207443,0.0016578137874603271,0.0016578137874603271,0,0,0,-1
gmsc,xgboost,56,DebtRatio,relative_plus_5,0.05,0.33847472,0.35539845600000003,0.15863358974456787,0.1628100723028183,0.004176482558250427,0.004176482558250427,0,0,0,-1
gmsc,xgboost,57,DebtRatio,relative_plus_5,0.05,0.38452163,0.4037477115,0.5884111523628235,0.5955657362937927,0.007154583930969238,0.007154583930969238,1,1,0,-1
gmsc,xgboost,58,DebtRatio,relative_plus_5,0.05,0.13751946,0.14439543300000002,0.6777902245521545,0.6605422496795654,-0.01724797487258911,0.01724797487258911,1,1,0,-1
gmsc,xgboost,59,DebtRatio,relative_plus_5,0.05,0.74480665,0.7820469825,0.628955066204071,0.6178133487701416,-0.011141717433929443,0.011141717433929443,1,1,0,-1
gmsc,xgboost,60,DebtRatio,relative_plus_5,0.05,0.078658074,0.0825909777,0.17468222975730896,0.17836731672286987,0.003685086965560913,0.003685086965560913,0,0,0,-1
gmsc,xgboost,61,DebtRatio,relative_plus_5,0.05,0.6623037,0.695418885,0.3342180848121643,0.3709157705307007,0.03669768571853638,0.03669768571853638,0,0,0,-1
gmsc,xgboost,62,DebtRatio,relative_plus_5,0.05,0.5309469,0.557494245,0.46969300508499146,0.4813297986984253,0.011636793613433838,0.011636793613433838,0,0,0,-1
gmsc,xgboost,63,DebtRatio,relative_plus_5,0.05,0.24462043,0.2568514515,0.09234394878149033,0.10358648002147675,0.01124253123998642,0.01124253123998642,0,0,0,-1
gmsc,xgboost,64,DebtRatio,relative_plus_5,0.05,0.4177469,0.438634245,0.36687836050987244,0.36640268564224243,-0.0004756748676300049,0.0004756748676300049,0,0,0,-1
gmsc,xgboost,65,DebtRatio,relative_plus_5,0.05,0.20786196,0.218255058,0.3751460015773773,0.38236376643180847,0.007217764854431152,0.007217764854431152,0,0,0,-1
gmsc,xgboost,66,DebtRatio,relative_plus_5,0.05,0.3109459,0.326493195,0.1265122890472412,0.13749219477176666,0.010979905724525452,0.010979905724525452,0,0,0,-1
gmsc,xgboost,67,DebtRatio,relative_plus_5,0.05,0.3151282,0.33088461,0.4232633113861084,0.4389350116252899,0.01567170023918152,0.01567170023918152,0,0,0,-1
gmsc,xgboost,68,DebtRatio,relative_plus_5,0.05,0.34570906,0.362994513,0.10810530185699463,0.10776998847723007,-0.0003353133797645569,0.0003353133797645569,0,0,0,-1
gmsc,xgboost,69,DebtRatio,relative_plus_5,0.05,0.96340734,1.011577707,0.5635039806365967,0.5789594650268555,0.015455484390258789,0.015455484390258789,1,1,0,-1
gmsc,xgboost,70,DebtRatio,relative_plus_5,0.05,0.069360115,0.07282812075,0.39893585443496704,0.4249855577945709,0.026049703359603882,0.026049703359603882,0,0,0,-1
gmsc,xgboost,71,DebtRatio,relative_plus_5,0.05,69.0,72.45,0.10639937967061996,0.10639937967061996,0.0,0.0,0,0,0,-1
gmsc,xgboost,72,DebtRatio,relative_plus_5,0.05,0.72570974,0.761995227,0.19083499908447266,0.17183026671409607,-0.019004732370376587,0.019004732370376587,0,0,0,-1
gmsc,xgboost,73,DebtRatio,relative_plus_5,0.05,0.3235353,0.339712065,0.3986653685569763,0.4149792492389679,0.016313880681991577,0.016313880681991577,0,0,0,-1
gmsc,xgboost,74,DebtRatio,relative_plus_5,0.05,0.024987506,0.0262368813,0.18615853786468506,0.18615853786468506,0.0,0.0,0,0,0,-1
gmsc,xgboost,75,DebtRatio,relative_plus_5,0.05,57.0,59.85,0.5547352433204651,0.5547352433204651,0.0,0.0,1,1,0,-1
gmsc,xgboost,76,DebtRatio,relative_plus_5,0.05,0.066019416,0.0693203868,0.11016565561294556,0.11016565561294556,0.0,0.0,0,0,0,-1
gmsc,xgboost,77,DebtRatio,relative_plus_5,0.05,26.0,27.3,0.05538906157016754,0.05538906157016754,0.0,0.0,0,0,0,-1
gmsc,xgboost,78,DebtRatio,relative_plus_5,0.05,1569.0,1647.45,0.05751078575849533,0.054999399930238724,-0.002511385828256607,0.002511385828256607,0,0,0,-1
gmsc,xgboost,79,DebtRatio,relative_plus_5,0.05,0.39635402,0.416171721,0.2844957709312439,0.283822625875473,-0.000673145055770874,0.000673145055770874,0,0,0,-1
gmsc,xgboost,80,DebtRatio,relative_plus_5,0.05,2316.0,2431.8,0.1406598836183548,0.12072518467903137,-0.019934698939323425,0.019934698939323425,0,0,0,-1
gmsc,xgboost,81,DebtRatio,relative_plus_5,0.05,0.30566496,0.320948208,0.16070415079593658,0.19277632236480713,0.032072171568870544,0.032072171568870544,0,0,0,-1
gmsc,xgboost,82,DebtRatio,relative_plus_5,0.05,0.41855487,0.4394826135,0.4081357717514038,0.4098239541053772,0.0016881823539733887,0.0016881823539733887,0,0,0,-1
gmsc,xgboost,83,DebtRatio,relative_plus_5,0.05,0.20540665,0.2156769825,0.06326539814472198,0.06417002528905869,0.0009046271443367004,0.0009046271443367004,0,0,0,-1
gmsc,xgboost,84,DebtRatio,relative_plus_5,0.05,0.5669721,0.595320705,0.6416367292404175,0.6644115447998047,0.022774815559387207,0.022774815559387207,1,1,0,-1
gmsc,xgboost,85,DebtRatio,relative_plus_5,0.05,0.47793037,0.5018268885,0.06614423543214798,0.05656896531581879,-0.009575270116329193,0.009575270116329193,0,0,0,-1
gmsc,xgboost,86,DebtRatio,relative_plus_5,0.05,0.035787743,0.03757713015,0.12697042524814606,0.12697042524814606,0.0,0.0,0,0,0,-1
gmsc,xgboost,87,DebtRatio,relative_plus_5,0.05,445.0,467.25,0.106936976313591,0.10537805408239365,-0.0015589222311973572,0.0015589222311973572,0,0,0,-1
gmsc,xgboost,88,DebtRatio,relative_plus_5,0.05,1352.0,1419.6,0.12650665640830994,0.12650665640830994,0.0,0.0,0,0,0,-1
gmsc,xgboost,89,DebtRatio,relative_plus_5,0.05,0.3882579,0.407670795,0.3815006911754608,0.3719194829463959,-0.009581208229064941,0.009581208229064941,0,0,0,-1
gmsc,xgboost,90,DebtRatio,relative_plus_5,0.05,830.0,871.5,0.044368140399456024,0.044368140399456024,0.0,0.0,0,0,0,-1
gmsc,xgboost,91,DebtRatio,relative_plus_5,0.05,0.31826663,0.3341799615,0.1482551395893097,0.1579372137784958,0.009682074189186096,0.009682074189186096,0,0,0,-1
gmsc,xgboost,92,DebtRatio,relative_plus_5,0.05,9.0,9.45,0.06322672218084335,0.06322672218084335,0.0,0.0,0,0,0,-1
gmsc,xgboost,93,DebtRatio,relative_plus_5,0.05,2079.0,2182.95,0.1017114520072937,0.1294744461774826,0.027762994170188904,0.027762994170188904,0,0,0,-1
gmsc,xgboost,94,DebtRatio,relative_plus_5,0.05,0.024174053,0.02538275565,0.14927543699741364,0.14927543699741364,0.0,0.0,0,0,0,-1
gmsc,xgboost,95,DebtRatio,relative_plus_5,0.05,0.69365734,0.728340207,0.22754548490047455,0.22594323754310608,-0.0016022473573684692,0.0016022473573684692,0,0,0,-1
gmsc,xgboost,96,DebtRatio,relative_plus_5,0.05,0.19048095,0.2000049975,0.13160045444965363,0.13160045444965363,0.0,0.0,0,0,0,-1
gmsc,xgboost,97,DebtRatio,relative_plus_5,0.05,847.0,889.35,0.0985931009054184,0.0985931009054184,0.0,0.0,0,0,0,-1
gmsc,xgboost,98,DebtRatio,relative_plus_5,0.05,0.80673593,0.8470727265,0.35479238629341125,0.35574278235435486,0.0009503960609436035,0.0009503960609436035,0,0,0,-1
gmsc,xgboost,99,DebtRatio,relative_plus_5,0.05,0.61044824,0.640970652,0.9183781147003174,0.9168175458908081,-0.0015605688095092773,0.0015605688095092773,1,1,0,-1
gmsc,xgboost,0,DebtRatio,relative_minus_10,-0.1,0.20606616,0.226672776,0.08203070610761642,0.09356319159269333,0.011532485485076904,0.011532485485076904,0,0,0,-1
gmsc,xgboost,1,DebtRatio,relative_minus_10,-0.1,0.19957148,0.219528628,0.07381805032491684,0.07793210446834564,0.0041140541434288025,0.0041140541434288025,0,0,0,-1
gmsc,xgboost,2,DebtRatio,relative_minus_10,-0.1,55.0,60.5,0.057695530354976654,0.057695530354976654,0.0,0.0,0,0,0,-1
gmsc,xgboost,3,DebtRatio,relative_minus_10,-0.1,1.2865958,1.41525538,0.29744529724121094,0.29744529724121094,0.0,0.0,0,0,0,-1
gmsc,xgboost,4,DebtRatio,relative_minus_10,-0.1,0.520637,0.5727007000000001,0.10023795068264008,0.11034205555915833,0.01010410487651825,0.01010410487651825,0,0,0,-1
gmsc,xgboost,5,DebtRatio,relative_minus_10,-0.1,0.23819813,0.26201794300000003,0.19237148761749268,0.19551989436149597,0.003148406744003296,0.003148406744003296,0,0,0,-1
gmsc,xgboost,6,DebtRatio,relative_minus_10,-0.1,0.121203355,0.1333236905,0.2720617651939392,0.2807202637195587,0.008658498525619507,0.008658498525619507,0,0,0,-1
gmsc,xgboost,7,DebtRatio,relative_minus_10,-0.1,0.018074095,0.019881504499999997,0.2072291374206543,0.2072291374206543,0.0,0.0,0,0,0,-1
gmsc,xgboost,8,DebtRatio,relative_minus_10,-0.1,0.53478074,0.588258814,0.14596141874790192,0.1611737757921219,0.01521235704421997,0.01521235704421997,0,0,0,-1
gmsc,xgboost,9,DebtRatio,relative_minus_10,-0.1,0.40325078,0.443575858,0.3907460570335388,0.39209356904029846,0.0013475120067596436,0.0013475120067596436,0,0,0,-1
gmsc,xgboost,10,DebtRatio,relative_minus_10,-0.1,1.031025,1.1341275000000002,0.43983033299446106,0.43983033299446106,0.0,0.0,0,0,0,-1
gmsc,xgboost,11,DebtRatio,relative_minus_10,-0.1,0.43150038,0.474650418,0.2212306559085846,0.24947775900363922,0.028247103095054626,0.028247103095054626,0,0,0,-1
gmsc,xgboost,12,DebtRatio,relative_minus_10,-0.1,2565.0,2821.5,0.034909687936306,0.037471067160367966,0.002561379224061966,0.002561379224061966,0,0,0,-1
gmsc,xgboost,13,DebtRatio,relative_minus_10,-0.1,44.0,48.4,0.8862441778182983,0.8821290731430054,-0.004115104675292969,0.004115104675292969,1,1,0,-1
gmsc,xgboost,14,DebtRatio,relative_minus_10,-0.1,941.0,1035.1,0.30772891640663147,0.30772891640663147,0.0,0.0,0,0,0,-1
gmsc,xgboost,15,DebtRatio,relative_minus_10,-0.1,0.28925687,0.318182557,0.2524952292442322,0.25653180480003357,0.004036575555801392,0.004036575555801392,0,0,0,-1
gmsc,xgboost,16,DebtRatio,relative_minus_10,-0.1,0.040159974,0.0441759714,0.48664188385009766,0.4810621738433838,-0.005579710006713867,0.005579710006713867,0,0,0,-1
gmsc,xgboost,17,DebtRatio,relative_minus_10,-0.1,2092.0,2301.2,0.09193970263004303,0.08618637919425964,-0.005753323435783386,0.005753323435783386,0,0,0,-1
gmsc,xgboost,18,DebtRatio,relative_minus_10,-0.1,0.3357388,0.36931268,0.3769620656967163,0.4005908668041229,0.023628801107406616,0.023628801107406616,0,0,0,-1
gmsc,xgboost,19,DebtRatio,relative_minus_10,-0.1,0.20742264,0.228164904,0.21186602115631104,0.22748875617980957,0.015622735023498535,0.015622735023498535,0,0,0,-1
gmsc,xgboost,20,DebtRatio,relative_minus_10,-0.1,0.10735282,0.118088102,0.04993200674653053,0.04993200674653053,0.0,0.0,0,0,0,-1
gmsc,xgboost,21,DebtRatio,relative_minus_10,-0.1,223.0,245.3,0.08262580633163452,0.0766620934009552,-0.005963712930679321,0.005963712930679321,0,0,0,-1
gmsc,xgboost,22,DebtRatio,relative_minus_10,-0.1,0.26601106,0.292612166,0.06402596086263657,0.06387460231781006,-0.00015135854482650757,0.00015135854482650757,0,0,0,-1
gmsc,xgboost,23,DebtRatio,relative_minus_10,-0.1,0.2999674,0.32996414,0.08952450007200241,0.10045332461595535,0.010928824543952942,0.010928824543952942,0,0,0,-1
gmsc,xgboost,24,DebtRatio,relative_minus_10,-0.1,0.012362637,0.0135989007,0.034259602427482605,0.034259602427482605,0.0,0.0,0,0,0,-1
gmsc,xgboost,25,DebtRatio,relative_minus_10,-0.1,0.402445,0.4426895,0.49923714995384216,0.504143238067627,0.00490608811378479,0.00490608811378479,0,1,1,-1
gmsc,xgboost,26,DebtRatio,relative_minus_10,-0.1,0.0,0.041709937,0.46355003118515015,0.552043080329895,0.08849304914474487,0.08849304914474487,0,1,1,-1
gmsc,xgboost,27,DebtRatio,relative_minus_10,-0.1,0.17137648,0.188514128,0.16462162137031555,0.16083168983459473,-0.003789931535720825,0.003789931535720825,0,0,0,-1
gmsc,xgboost,28,DebtRatio,relative_minus_10,-0.1,0.0,0.041709937,0.222405344247818,0.2642442584037781,0.04183891415596008,0.04183891415596008,0,0,0,-1
gmsc,xgboost,29,DebtRatio,relative_minus_10,-0.1,0.058094192,0.0639036112,0.06126169487833977,0.06126169487833977,0.0,0.0,0,0,0,-1
gmsc,xgboost,30,DebtRatio,relative_minus_10,-0.1,0.44399184,0.488391024,0.25775110721588135,0.2548764646053314,-0.0028746426105499268,0.0028746426105499268,0,0,0,-1
gmsc,xgboost,31,DebtRatio,relative_minus_10,-0.1,482.0,530.2,0.14284415543079376,0.14284415543079376,0.0,0.0,0,0,0,-1
gmsc,xgboost,32,DebtRatio,relative_minus_10,-0.1,0.4293059,0.47223649,0.1354866921901703,0.1352376788854599,-0.0002490133047103882,0.0002490133047103882,0,0,0,-1
gmsc,xgboost,33,DebtRatio,relative_minus_10,-0.1,0.008748633,0.009623496300000001,0.0799889788031578,0.0799889788031578,0.0,0.0,0,0,0,-1
gmsc,xgboost,34,DebtRatio,relative_minus_10,-0.1,0.470006,0.5170066,0.5890139937400818,0.6166776418685913,0.02766364812850952,0.02766364812850952,1,1,0,-1
gmsc,xgboost,35,DebtRatio,relative_minus_10,-0.1,0.8031548,0.8834702799999999,0.7353684902191162,0.7333756685256958,-0.00199282169342041,0.00199282169342041,1,1,0,-1
gmsc,xgboost,36,DebtRatio,relative_minus_10,-0.1,0.1687678,0.18564458,0.1960536539554596,0.1930566281080246,-0.0029970258474349976,0.0029970258474349976,0,0,0,-1
gmsc,xgboost,37,DebtRatio,relative_minus_10,-0.1,2965.0,3261.5,0.35266122221946716,0.32767951488494873,-0.024981707334518433,0.024981707334518433,0,0,0,-1
gmsc,xgboost,38,DebtRatio,relative_minus_10,-0.1,0.521364,0.5735004,0.2510143518447876,0.2655034065246582,0.014489054679870605,0.014489054679870605,0,0,0,-1
gmsc,xgboost,39,DebtRatio,relative_minus_10,-0.1,1.2837993,1.41217923,0.4371665418148041,0.4371665418148041,0.0,0.0,0,0,0,-1
gmsc,xgboost,40,DebtRatio,relative_minus_10,-0.1,0.32549995,0.358049945,0.13587132096290588,0.13722491264343262,0.0013535916805267334,0.0013535916805267334,0,0,0,-1
gmsc,xgboost,41,DebtRatio,relative_minus_10,-0.1,1.5599782,1.71597602,0.18514351546764374,0.18514351546764374,0.0,0.0,0,0,0,-1
gmsc,xgboost,42,DebtRatio,relative_minus_10,-0.1,0.19,0.20900000000000002,0.10479436814785004,0.10689832270145416,0.002103954553604126,0.002103954553604126,0,0,0,-1
gmsc,xgboost,43,DebtRatio,relative_minus_10,-0.1,171.0,188.1,0.5401685833930969,0.5401685833930969,0.0,0.0,1,1,0,-1
gmsc,xgboost,44,DebtRatio,relative_minus_10,-0.1,0.20451674,0.224968414,0.11184448003768921,0.11637362837791443,0.00452914834022522,0.00452914834022522,0,0,0,-1
gmsc,xgboost,45,DebtRatio,relative_minus_10,-0.1,0.41645184,0.458097024,0.12677443027496338,0.14795464277267456,0.02118021249771118,0.02118021249771118,0,0,0,-1
gmsc,xgboost,46,DebtRatio,relative_minus_10,-0.1,486.0,534.6,0.25457122921943665,0.25457122921943665,0.0,0.0,0,0,0,-1
gmsc,xgboost,47,DebtRatio,relative_minus_10,-0.1,0.24237882,0.266616702,0.05936043709516525,0.0717131718993187,0.012352734804153442,0.012352734804153442,0,0,0,-1
gmsc,xgboost,48,DebtRatio,relative_minus_10,-0.1,1071.0,1178.1,0.08543100953102112,0.07338745146989822,-0.012043558061122894,0.012043558061122894,0,0,0,-1
gmsc,xgboost,49,DebtRatio,relative_minus_10,-0.1,0.005664778,0.0062312558,0.03611498698592186,0.03611498698592186,0.0,0.0,0,0,0,-1
gmsc,xgboost,50,DebtRatio,relative_minus_10,-0.1,0.16283266,0.17911592599999998,0.1643790304660797,0.1643790304660797,0.0,0.0,0,0,0,-1
gmsc,xgboost,51,DebtRatio,relative_minus_10,-0.1,2000.0,2200.0,0.2535255253314972,0.24117961525917053,-0.01234591007232666,0.01234591007232666,0,0,0,-1
gmsc,xgboost,52,DebtRatio,relative_minus_10,-0.1,1240.0,1364.0,0.043543241918087006,0.043543241918087006,0.0,0.0,0,0,0,-1
gmsc,xgboost,53,DebtRatio,relative_minus_10,-0.1,0.021596858,0.023756543800000002,0.8459349870681763,0.8547601699829102,0.008825182914733887,0.008825182914733887,1,1,0,-1
gmsc,xgboost,54,DebtRatio,relative_minus_10,-0.1,1.5316092,1.6847701199999998,0.9326093792915344,0.9326093792915344,0.0,0.0,1,1,0,-1
gmsc,xgboost,55,DebtRatio,relative_minus_10,-0.1,1844.0,2028.4,0.0761168822646141,0.07109556347131729,-0.005021318793296814,0.005021318793296814,0,0,0,-1
gmsc,xgboost,56,DebtRatio,relative_minus_10,-0.1,0.33847472,0.372322192,0.15863358974456787,0.14359045028686523,-0.015043139457702637,0.015043139457702637,0,0,0,-1
gmsc,xgboost,57,DebtRatio,relative_minus_10,-0.1,0.38452163,0.422973793,0.5884111523628235,0.5930662155151367,0.004655063152313232,0.004655063152313232,1,1,0,-1
gmsc,xgboost,58,DebtRatio,relative_minus_10,-0.1,0.13751946,0.151271406,0.6777902245521545,0.67674320936203,-0.0010470151901245117,0.0010470151901245117,1,1,0,-1
gmsc,xgboost,59,DebtRatio,relative_minus_10,-0.1,0.74480665,0.819287315,0.628955066204071,0.6178133487701416,-0.011141717433929443,0.011141717433929443,1,1,0,-1
gmsc,xgboost,60,DebtRatio,relative_minus_10,-0.1,0.078658074,0.08652388139999999,0.17468222975730896,0.18593928217887878,0.011257052421569824,0.011257052421569824,0,0,0,-1
gmsc,xgboost,61,DebtRatio,relative_minus_10,-0.1,0.6623037,0.72853407,0.3342180848121643,0.38688188791275024,0.05266380310058594,0.05266380310058594,0,0,0,-1
gmsc,xgboost,62,DebtRatio,relative_minus_10,-0.1,0.5309469,0.58404159,0.46969300508499146,0.5084162354469299,0.03872323036193848,0.03872323036193848,0,1,1,-1
gmsc,xgboost,63,DebtRatio,relative_minus_10,-0.1,0.24462043,0.269082473,0.09234394878149033,0.11121641099452972,0.018872462213039398,0.018872462213039398,0,0,0,-1
gmsc,xgboost,64,DebtRatio,relative_minus_10,-0.1,0.4177469,0.45952159,0.36687836050987244,0.385459840297699,0.018581479787826538,0.018581479787826538,0,0,0,-1
gmsc,xgboost,65,DebtRatio,relative_minus_10,-0.1,0.20786196,0.22864815600000002,0.3751460015773773,0.3790436089038849,0.0038976073265075684,0.0038976073265075684,0,0,0,-1
gmsc,xgboost,66,DebtRatio,relative_minus_10,-0.1,0.3109459,0.34204049,0.1265122890472412,0.13749219477176666,0.010979905724525452,0.010979905724525452,0,0,0,-1
gmsc,xgboost,67,DebtRatio,relative_minus_10,-0.1,0.3151282,0.34664102,0.4232633113861084,0.4389350116252899,0.01567170023918152,0.01567170023918152,0,0,0,-1
gmsc,xgboost,68,DebtRatio,relative_minus_10,-0.1,0.34570906,0.380279966,0.10810530185699463,0.10652083903551102,-0.001584462821483612,0.001584462821483612,0,0,0,-1
gmsc,xgboost,69,DebtRatio,relative_minus_10,-0.1,0.96340734,1.059748074,0.5635039806365967,0.5996440052986145,0.03614002466201782,0.03614002466201782,1,1,0,-1
gmsc,xgboost,70,DebtRatio,relative_minus_10,-0.1,0.069360115,0.0762961265,0.39893585443496704,0.3663330078125,-0.03260284662246704,0.03260284662246704,0,0,0,-1
gmsc,xgboost,71,DebtRatio,relative_minus_10,-0.1,69.0,75.9,0.10639937967061996,0.10639937967061996,0.0,0.0,0,0,0,-1
gmsc,xgboost,72,DebtRatio,relative_minus_10,-0.1,0.72570974,0.798280714,0.19083499908447266,0.18952205777168274,-0.001312941312789917,0.001312941312789917,0,0,0,-1
gmsc,xgboost,73,DebtRatio,relative_minus_10,-0.1,0.3235353,0.35588883000000004,0.3986653685569763,0.4164449870586395,0.017779618501663208,0.017779618501663208,0,0,0,-1
gmsc,xgboost,74,DebtRatio,relative_minus_10,-0.1,0.024987506,0.0274862566,0.18615853786468506,0.18615853786468506,0.0,0.0,0,0,0,-1
gmsc,xgboost,75,DebtRatio,relative_minus_10,-0.1,57.0,62.7,0.5547352433204651,0.5547352433204651,0.0,0.0,1,1,0,-1
gmsc,xgboost,76,DebtRatio,relative_minus_10,-0.1,0.066019416,0.07262135759999999,0.11016565561294556,0.13750086724758148,0.027335211634635925,0.027335211634635925,0,0,0,-1
gmsc,xgboost,77,DebtRatio,relative_minus_10,-0.1,26.0,28.6,0.05538906157016754,0.05538906157016754,0.0,0.0,0,0,0,-1
gmsc,xgboost,78,DebtRatio,relative_minus_10,-0.1,1569.0,1725.9,0.05751078575849533,0.05348987504839897,-0.004020910710096359,0.004020910710096359,0,0,0,-1
gmsc,xgboost,79,DebtRatio,relative_minus_10,-0.1,0.39635402,0.43598942199999996,0.2844957709312439,0.2938179075717926,0.009322136640548706,0.009322136640548706,0,0,0,-1
gmsc,xgboost,80,DebtRatio,relative_minus_10,-0.1,2316.0,2547.6,0.1406598836183548,0.12471648305654526,-0.01594340056180954,0.01594340056180954,0,0,0,-1
gmsc,xgboost,81,DebtRatio,relative_minus_10,-0.1,0.30566496,0.336231456,0.16070415079593658,0.19521258771419525,0.03450843691825867,0.03450843691825867,0,0,0,-1
gmsc,xgboost,82,DebtRatio,relative_minus_10,-0.1,0.41855487,0.46041035700000005,0.4081357717514038,0.40636152029037476,-0.0017742514610290527,0.0017742514610290527,0,0,0,-1
gmsc,xgboost,83,DebtRatio,relative_minus_10,-0.1,0.20540665,0.22594731499999998,0.06326539814472198,0.06739311665296555,0.004127718508243561,0.004127718508243561,0,0,0,-1
gmsc,xgboost,84,DebtRatio,relative_minus_10,-0.1,0.5669721,0.6236693099999999,0.6416367292404175,0.6671640872955322,0.025527358055114746,0.025527358055114746,1,1,0,-1
gmsc,xgboost,85,DebtRatio,relative_minus_10,-0.1,0.47793037,0.525723407,0.06614423543214798,0.05908453091979027,-0.007059704512357712,0.007059704512357712,0,0,0,-1
gmsc,xgboost,86,DebtRatio,relative_minus_10,-0.1,0.035787743,0.039366517299999994,0.12697042524814606,0.12697042524814606,0.0,0.0,0,0,0,-1
gmsc,xgboost,87,DebtRatio,relative_minus_10,-0.1,445.0,489.5,0.106936976313591,0.10537805408239365,-0.0015589222311973572,0.0015589222311973572,0,0,0,-1
gmsc,xgboost,88,DebtRatio,relative_minus_10,-0.1,1352.0,1487.2,0.12650665640830994,0.12650665640830994,0.0,0.0,0,0,0,-1
gmsc,xgboost,89,DebtRatio,relative_minus_10,-0.1,0.3882579,0.42708369,0.3815006911754608,0.3870677053928375,0.005567014217376709,0.005567014217376709,0,0,0,-1
gmsc,xgboost,90,DebtRatio,relative_minus_10,-0.1,830.0,913.0,0.044368140399456024,0.04007955268025398,-0.004288587719202042,0.004288587719202042,0,0,0,-1
gmsc,xgboost,91,DebtRatio,relative_minus_10,-0.1,0.31826663,0.35009329299999997,0.1482551395893097,0.1592138260602951,0.010958686470985413,0.010958686470985413,0,0,0,-1
gmsc,xgboost,92,DebtRatio,relative_minus_10,-0.1,9.0,9.9,0.06322672218084335,0.06322672218084335,0.0,0.0,0,0,0,-1
gmsc,xgboost,93,DebtRatio,relative_minus_10,-0.1,2079.0,2286.9,0.1017114520072937,0.13165916502475739,0.029947713017463684,0.029947713017463684,0,0,0,-1
gmsc,xgboost,94,DebtRatio,relative_minus_10,-0.1,0.024174053,0.026591458300000002,0.14927543699741364,0.14927543699741364,0.0,0.0,0,0,0,-1
gmsc,xgboost,95,DebtRatio,relative_minus_10,-0.1,0.69365734,0.763023074,0.22754548490047455,0.22740119695663452,-0.00014428794384002686,0.00014428794384002686,0,0,0,-1
gmsc,xgboost,96,DebtRatio,relative_minus_10,-0.1,0.19048095,0.20952904500000002,0.13160045444965363,0.13322415947914124,0.0016237050294876099,0.0016237050294876099,0,0,0,-1
gmsc,xgboost,97,DebtRatio,relative_minus_10,-0.1,847.0,931.7,0.0985931009054184,0.09443116188049316,-0.004161939024925232,0.004161939024925232,0,0,0,-1
gmsc,xgboost,98,DebtRatio,relative_minus_10,-0.1,0.80673593,0.887409523,0.35479238629341125,0.3428153097629547,-0.011977076530456543,0.011977076530456543,0,0,0,-1
gmsc,xgboost,99,DebtRatio,relative_minus_10,-0.1,0.61044824,0.671493064,0.9183781147003174,0.9161006212234497,-0.0022774934768676758,0.0022774934768676758,1,1,0,-1
gmsc,xgboost,0,DebtRatio,relative_plus_10,0.1,0.20606616,0.226672776,0.08203070610761642,0.09356319159269333,0.011532485485076904,0.011532485485076904,0,0,0,-1
gmsc,xgboost,1,DebtRatio,relative_plus_10,0.1,0.19957148,0.219528628,0.07381805032491684,0.07793210446834564,0.0041140541434288025,0.0041140541434288025,0,0,0,-1
gmsc,xgboost,2,DebtRatio,relative_plus_10,0.1,55.0,60.5,0.057695530354976654,0.057695530354976654,0.0,0.0,0,0,0,-1
gmsc,xgboost,3,DebtRatio,relative_plus_10,0.1,1.2865958,1.41525538,0.29744529724121094,0.29744529724121094,0.0,0.0,0,0,0,-1
gmsc,xgboost,4,DebtRatio,relative_plus_10,0.1,0.520637,0.5727007000000001,0.10023795068264008,0.11034205555915833,0.01010410487651825,0.01010410487651825,0,0,0,-1
gmsc,xgboost,5,DebtRatio,relative_plus_10,0.1,0.23819813,0.26201794300000003,0.19237148761749268,0.19551989436149597,0.003148406744003296,0.003148406744003296,0,0,0,-1
gmsc,xgboost,6,DebtRatio,relative_plus_10,0.1,0.121203355,0.1333236905,0.2720617651939392,0.2807202637195587,0.008658498525619507,0.008658498525619507,0,0,0,-1
gmsc,xgboost,7,DebtRatio,relative_plus_10,0.1,0.018074095,0.019881504499999997,0.2072291374206543,0.2072291374206543,0.0,0.0,0,0,0,-1
gmsc,xgboost,8,DebtRatio,relative_plus_10,0.1,0.53478074,0.588258814,0.14596141874790192,0.1611737757921219,0.01521235704421997,0.01521235704421997,0,0,0,-1
gmsc,xgboost,9,DebtRatio,relative_plus_10,0.1,0.40325078,0.443575858,0.3907460570335388,0.39209356904029846,0.0013475120067596436,0.0013475120067596436,0,0,0,-1
gmsc,xgboost,10,DebtRatio,relative_plus_10,0.1,1.031025,1.1341275000000002,0.43983033299446106,0.43983033299446106,0.0,0.0,0,0,0,-1
gmsc,xgboost,11,DebtRatio,relative_plus_10,0.1,0.43150038,0.474650418,0.2212306559085846,0.24947775900363922,0.028247103095054626,0.028247103095054626,0,0,0,-1
gmsc,xgboost,12,DebtRatio,relative_plus_10,0.1,2565.0,2821.5,0.034909687936306,0.037471067160367966,0.002561379224061966,0.002561379224061966,0,0,0,-1
gmsc,xgboost,13,DebtRatio,relative_plus_10,0.1,44.0,48.4,0.8862441778182983,0.8821290731430054,-0.004115104675292969,0.004115104675292969,1,1,0,-1
gmsc,xgboost,14,DebtRatio,relative_plus_10,0.1,941.0,1035.1,0.30772891640663147,0.30772891640663147,0.0,0.0,0,0,0,-1
gmsc,xgboost,15,DebtRatio,relative_plus_10,0.1,0.28925687,0.318182557,0.2524952292442322,0.25653180480003357,0.004036575555801392,0.004036575555801392,0,0,0,-1
gmsc,xgboost,16,DebtRatio,relative_plus_10,0.1,0.040159974,0.0441759714,0.48664188385009766,0.4810621738433838,-0.005579710006713867,0.005579710006713867,0,0,0,-1
gmsc,xgboost,17,DebtRatio,relative_plus_10,0.1,2092.0,2301.2,0.09193970263004303,0.08618637919425964,-0.005753323435783386,0.005753323435783386,0,0,0,-1
gmsc,xgboost,18,DebtRatio,relative_plus_10,0.1,0.3357388,0.36931268,0.3769620656967163,0.4005908668041229,0.023628801107406616,0.023628801107406616,0,0,0,-1
gmsc,xgboost,19,DebtRatio,relative_plus_10,0.1,0.20742264,0.228164904,0.21186602115631104,0.22748875617980957,0.015622735023498535,0.015622735023498535,0,0,0,-1
gmsc,xgboost,20,DebtRatio,relative_plus_10,0.1,0.10735282,0.118088102,0.04993200674653053,0.04993200674653053,0.0,0.0,0,0,0,-1
gmsc,xgboost,21,DebtRatio,relative_plus_10,0.1,223.0,245.3,0.08262580633163452,0.0766620934009552,-0.005963712930679321,0.005963712930679321,0,0,0,-1
gmsc,xgboost,22,DebtRatio,relative_plus_10,0.1,0.26601106,0.292612166,0.06402596086263657,0.06387460231781006,-0.00015135854482650757,0.00015135854482650757,0,0,0,-1
gmsc,xgboost,23,DebtRatio,relative_plus_10,0.1,0.2999674,0.32996414,0.08952450007200241,0.10045332461595535,0.010928824543952942,0.010928824543952942,0,0,0,-1
gmsc,xgboost,24,DebtRatio,relative_plus_10,0.1,0.012362637,0.0135989007,0.034259602427482605,0.034259602427482605,0.0,0.0,0,0,0,-1
gmsc,xgboost,25,DebtRatio,relative_plus_10,0.1,0.402445,0.4426895,0.49923714995384216,0.504143238067627,0.00490608811378479,0.00490608811378479,0,1,1,-1
gmsc,xgboost,26,DebtRatio,relative_plus_10,0.1,0.0,0.041709937,0.46355003118515015,0.552043080329895,0.08849304914474487,0.08849304914474487,0,1,1,-1
gmsc,xgboost,27,DebtRatio,relative_plus_10,0.1,0.17137648,0.188514128,0.16462162137031555,0.16083168983459473,-0.003789931535720825,0.003789931535720825,0,0,0,-1
gmsc,xgboost,28,DebtRatio,relative_plus_10,0.1,0.0,0.041709937,0.222405344247818,0.2642442584037781,0.04183891415596008,0.04183891415596008,0,0,0,-1
gmsc,xgboost,29,DebtRatio,relative_plus_10,0.1,0.058094192,0.0639036112,0.06126169487833977,0.06126169487833977,0.0,0.0,0,0,0,-1
gmsc,xgboost,30,DebtRatio,relative_plus_10,0.1,0.44399184,0.488391024,0.25775110721588135,0.2548764646053314,-0.0028746426105499268,0.0028746426105499268,0,0,0,-1
gmsc,xgboost,31,DebtRatio,relative_plus_10,0.1,482.0,530.2,0.14284415543079376,0.14284415543079376,0.0,0.0,0,0,0,-1
gmsc,xgboost,32,DebtRatio,relative_plus_10,0.1,0.4293059,0.47223649,0.1354866921901703,0.1352376788854599,-0.0002490133047103882,0.0002490133047103882,0,0,0,-1
gmsc,xgboost,33,DebtRatio,relative_plus_10,0.1,0.008748633,0.009623496300000001,0.0799889788031578,0.0799889788031578,0.0,0.0,0,0,0,-1
gmsc,xgboost,34,DebtRatio,relative_plus_10,0.1,0.470006,0.5170066,0.5890139937400818,0.6166776418685913,0.02766364812850952,0.02766364812850952,1,1,0,-1
gmsc,xgboost,35,DebtRatio,relative_plus_10,0.1,0.8031548,0.8834702799999999,0.7353684902191162,0.7333756685256958,-0.00199282169342041,0.00199282169342041,1,1,0,-1
gmsc,xgboost,36,DebtRatio,relative_plus_10,0.1,0.1687678,0.18564458,0.1960536539554596,0.1930566281080246,-0.0029970258474349976,0.0029970258474349976,0,0,0,-1
gmsc,xgboost,37,DebtRatio,relative_plus_10,0.1,2965.0,3261.5,0.35266122221946716,0.32767951488494873,-0.024981707334518433,0.024981707334518433,0,0,0,-1
gmsc,xgboost,38,DebtRatio,relative_plus_10,0.1,0.521364,0.5735004,0.2510143518447876,0.2655034065246582,0.014489054679870605,0.014489054679870605,0,0,0,-1
gmsc,xgboost,39,DebtRatio,relative_plus_10,0.1,1.2837993,1.41217923,0.4371665418148041,0.4371665418148041,0.0,0.0,0,0,0,-1
gmsc,xgboost,40,DebtRatio,relative_plus_10,0.1,0.32549995,0.358049945,0.13587132096290588,0.13722491264343262,0.0013535916805267334,0.0013535916805267334,0,0,0,-1
gmsc,xgboost,41,DebtRatio,relative_plus_10,0.1,1.5599782,1.71597602,0.18514351546764374,0.18514351546764374,0.0,0.0,0,0,0,-1
gmsc,xgboost,42,DebtRatio,relative_plus_10,0.1,0.19,0.20900000000000002,0.10479436814785004,0.10689832270145416,0.002103954553604126,0.002103954553604126,0,0,0,-1
gmsc,xgboost,43,DebtRatio,relative_plus_10,0.1,171.0,188.1,0.5401685833930969,0.5401685833930969,0.0,0.0,1,1,0,-1
gmsc,xgboost,44,DebtRatio,relative_plus_10,0.1,0.20451674,0.224968414,0.11184448003768921,0.11637362837791443,0.00452914834022522,0.00452914834022522,0,0,0,-1
gmsc,xgboost,45,DebtRatio,relative_plus_10,0.1,0.41645184,0.458097024,0.12677443027496338,0.14795464277267456,0.02118021249771118,0.02118021249771118,0,0,0,-1
gmsc,xgboost,46,DebtRatio,relative_plus_10,0.1,486.0,534.6,0.25457122921943665,0.25457122921943665,0.0,0.0,0,0,0,-1
gmsc,xgboost,47,DebtRatio,relative_plus_10,0.1,0.24237882,0.266616702,0.05936043709516525,0.0717131718993187,0.012352734804153442,0.012352734804153442,0,0,0,-1
gmsc,xgboost,48,DebtRatio,relative_plus_10,0.1,1071.0,1178.1,0.08543100953102112,0.07338745146989822,-0.012043558061122894,0.012043558061122894,0,0,0,-1
gmsc,xgboost,49,DebtRatio,relative_plus_10,0.1,0.005664778,0.0062312558,0.03611498698592186,0.03611498698592186,0.0,0.0,0,0,0,-1
gmsc,xgboost,50,DebtRatio,relative_plus_10,0.1,0.16283266,0.17911592599999998,0.1643790304660797,0.1643790304660797,0.0,0.0,0,0,0,-1
gmsc,xgboost,51,DebtRatio,relative_plus_10,0.1,2000.0,2200.0,0.2535255253314972,0.24117961525917053,-0.01234591007232666,0.01234591007232666,0,0,0,-1
gmsc,xgboost,52,DebtRatio,relative_plus_10,0.1,1240.0,1364.0,0.043543241918087006,0.043543241918087006,0.0,0.0,0,0,0,-1
gmsc,xgboost,53,DebtRatio,relative_plus_10,0.1,0.021596858,0.023756543800000002,0.8459349870681763,0.8547601699829102,0.008825182914733887,0.008825182914733887,1,1,0,-1
gmsc,xgboost,54,DebtRatio,relative_plus_10,0.1,1.5316092,1.6847701199999998,0.9326093792915344,0.9326093792915344,0.0,0.0,1,1,0,-1
gmsc,xgboost,55,DebtRatio,relative_plus_10,0.1,1844.0,2028.4,0.0761168822646141,0.07109556347131729,-0.005021318793296814,0.005021318793296814,0,0,0,-1
gmsc,xgboost,56,DebtRatio,relative_plus_10,0.1,0.33847472,0.372322192,0.15863358974456787,0.14359045028686523,-0.015043139457702637,0.015043139457702637,0,0,0,-1
gmsc,xgboost,57,DebtRatio,relative_plus_10,0.1,0.38452163,0.422973793,0.5884111523628235,0.5930662155151367,0.004655063152313232,0.004655063152313232,1,1,0,-1
gmsc,xgboost,58,DebtRatio,relative_plus_10,0.1,0.13751946,0.151271406,0.6777902245521545,0.67674320936203,-0.0010470151901245117,0.0010470151901245117,1,1,0,-1
gmsc,xgboost,59,DebtRatio,relative_plus_10,0.1,0.74480665,0.819287315,0.628955066204071,0.6178133487701416,-0.011141717433929443,0.011141717433929443,1,1,0,-1
gmsc,xgboost,60,DebtRatio,relative_plus_10,0.1,0.078658074,0.08652388139999999,0.17468222975730896,0.18593928217887878,0.011257052421569824,0.011257052421569824,0,0,0,-1
gmsc,xgboost,61,DebtRatio,relative_plus_10,0.1,0.6623037,0.72853407,0.3342180848121643,0.38688188791275024,0.05266380310058594,0.05266380310058594,0,0,0,-1
gmsc,xgboost,62,DebtRatio,relative_plus_10,0.1,0.5309469,0.58404159,0.46969300508499146,0.5084162354469299,0.03872323036193848,0.03872323036193848,0,1,1,-1
gmsc,xgboost,63,DebtRatio,relative_plus_10,0.1,0.24462043,0.269082473,0.09234394878149033,0.11121641099452972,0.018872462213039398,0.018872462213039398,0,0,0,-1
gmsc,xgboost,64,DebtRatio,relative_plus_10,0.1,0.4177469,0.45952159,0.36687836050987244,0.385459840297699,0.018581479787826538,0.018581479787826538,0,0,0,-1
gmsc,xgboost,65,DebtRatio,relative_plus_10,0.1,0.20786196,0.22864815600000002,0.3751460015773773,0.3790436089038849,0.0038976073265075684,0.0038976073265075684,0,0,0,-1
gmsc,xgboost,66,DebtRatio,relative_plus_10,0.1,0.3109459,0.34204049,0.1265122890472412,0.13749219477176666,0.010979905724525452,0.010979905724525452,0,0,0,-1
gmsc,xgboost,67,DebtRatio,relative_plus_10,0.1,0.3151282,0.34664102,0.4232633113861084,0.4389350116252899,0.01567170023918152,0.01567170023918152,0,0,0,-1
gmsc,xgboost,68,DebtRatio,relative_plus_10,0.1,0.34570906,0.380279966,0.10810530185699463,0.10652083903551102,-0.001584462821483612,0.001584462821483612,0,0,0,-1
gmsc,xgboost,69,DebtRatio,relative_plus_10,0.1,0.96340734,1.059748074,0.5635039806365967,0.5996440052986145,0.03614002466201782,0.03614002466201782,1,1,0,-1
gmsc,xgboost,70,DebtRatio,relative_plus_10,0.1,0.069360115,0.0762961265,0.39893585443496704,0.3663330078125,-0.03260284662246704,0.03260284662246704,0,0,0,-1
gmsc,xgboost,71,DebtRatio,relative_plus_10,0.1,69.0,75.9,0.10639937967061996,0.10639937967061996,0.0,0.0,0,0,0,-1
gmsc,xgboost,72,DebtRatio,relative_plus_10,0.1,0.72570974,0.798280714,0.19083499908447266,0.18952205777168274,-0.001312941312789917,0.001312941312789917,0,0,0,-1
gmsc,xgboost,73,DebtRatio,relative_plus_10,0.1,0.3235353,0.35588883000000004,0.3986653685569763,0.4164449870586395,0.017779618501663208,0.017779618501663208,0,0,0,-1
gmsc,xgboost,74,DebtRatio,relative_plus_10,0.1,0.024987506,0.0274862566,0.18615853786468506,0.18615853786468506,0.0,0.0,0,0,0,-1
gmsc,xgboost,75,DebtRatio,relative_plus_10,0.1,57.0,62.7,0.5547352433204651,0.5547352433204651,0.0,0.0,1,1,0,-1
gmsc,xgboost,76,DebtRatio,relative_plus_10,0.1,0.066019416,0.07262135759999999,0.11016565561294556,0.13750086724758148,0.027335211634635925,0.027335211634635925,0,0,0,-1
gmsc,xgboost,77,DebtRatio,relative_plus_10,0.1,26.0,28.6,0.05538906157016754,0.05538906157016754,0.0,0.0,0,0,0,-1
gmsc,xgboost,78,DebtRatio,relative_plus_10,0.1,1569.0,1725.9,0.05751078575849533,0.05348987504839897,-0.004020910710096359,0.004020910710096359,0,0,0,-1
gmsc,xgboost,79,DebtRatio,relative_plus_10,0.1,0.39635402,0.43598942199999996,0.2844957709312439,0.2938179075717926,0.009322136640548706,0.009322136640548706,0,0,0,-1
gmsc,xgboost,80,DebtRatio,relative_plus_10,0.1,2316.0,2547.6,0.1406598836183548,0.12471648305654526,-0.01594340056180954,0.01594340056180954,0,0,0,-1
gmsc,xgboost,81,DebtRatio,relative_plus_10,0.1,0.30566496,0.336231456,0.16070415079593658,0.19521258771419525,0.03450843691825867,0.03450843691825867,0,0,0,-1
gmsc,xgboost,82,DebtRatio,relative_plus_10,0.1,0.41855487,0.46041035700000005,0.4081357717514038,0.40636152029037476,-0.0017742514610290527,0.0017742514610290527,0,0,0,-1
gmsc,xgboost,83,DebtRatio,relative_plus_10,0.1,0.20540665,0.22594731499999998,0.06326539814472198,0.06739311665296555,0.004127718508243561,0.004127718508243561,0,0,0,-1
gmsc,xgboost,84,DebtRatio,relative_plus_10,0.1,0.5669721,0.6236693099999999,0.6416367292404175,0.6671640872955322,0.025527358055114746,0.025527358055114746,1,1,0,-1
gmsc,xgboost,85,DebtRatio,relative_plus_10,0.1,0.47793037,0.525723407,0.06614423543214798,0.05908453091979027,-0.007059704512357712,0.007059704512357712,0,0,0,-1
gmsc,xgboost,86,DebtRatio,relative_plus_10,0.1,0.035787743,0.039366517299999994,0.12697042524814606,0.12697042524814606,0.0,0.0,0,0,0,-1
gmsc,xgboost,87,DebtRatio,relative_plus_10,0.1,445.0,489.5,0.106936976313591,0.10537805408239365,-0.0015589222311973572,0.0015589222311973572,0,0,0,-1
gmsc,xgboost,88,DebtRatio,relative_plus_10,0.1,1352.0,1487.2,0.12650665640830994,0.12650665640830994,0.0,0.0,0,0,0,-1
gmsc,xgboost,89,DebtRatio,relative_plus_10,0.1,0.3882579,0.42708369,0.3815006911754608,0.3870677053928375,0.005567014217376709,0.005567014217376709,0,0,0,-1
gmsc,xgboost,90,DebtRatio,relative_plus_10,0.1,830.0,913.0,0.044368140399456024,0.04007955268025398,-0.004288587719202042,0.004288587719202042,0,0,0,-1
gmsc,xgboost,91,DebtRatio,relative_plus_10,0.1,0.31826663,0.35009329299999997,0.1482551395893097,0.1592138260602951,0.010958686470985413,0.010958686470985413,0,0,0,-1
gmsc,xgboost,92,DebtRatio,relative_plus_10,0.1,9.0,9.9,0.06322672218084335,0.06322672218084335,0.0,0.0,0,0,0,-1
gmsc,xgboost,93,DebtRatio,relative_plus_10,0.1,2079.0,2286.9,0.1017114520072937,0.13165916502475739,0.029947713017463684,0.029947713017463684,0,0,0,-1
gmsc,xgboost,94,DebtRatio,relative_plus_10,0.1,0.024174053,0.026591458300000002,0.14927543699741364,0.14927543699741364,0.0,0.0,0,0,0,-1
gmsc,xgboost,95,DebtRatio,relative_plus_10,0.1,0.69365734,0.763023074,0.22754548490047455,0.22740119695663452,-0.00014428794384002686,0.00014428794384002686,0,0,0,-1
gmsc,xgboost,96,DebtRatio,relative_plus_10,0.1,0.19048095,0.20952904500000002,0.13160045444965363,0.13322415947914124,0.0016237050294876099,0.0016237050294876099,0,0,0,-1
gmsc,xgboost,97,DebtRatio,relative_plus_10,0.1,847.0,931.7,0.0985931009054184,0.09443116188049316,-0.004161939024925232,0.004161939024925232,0,0,0,-1
gmsc,xgboost,98,DebtRatio,relative_plus_10,0.1,0.80673593,0.887409523,0.35479238629341125,0.3428153097629547,-0.011977076530456543,0.011977076530456543,0,0,0,-1
gmsc,xgboost,99,DebtRatio,relative_plus_10,0.1,0.61044824,0.671493064,0.9183781147003174,0.9161006212234497,-0.0022774934768676758,0.0022774934768676758,1,1,0,-1
gmsc,xgboost,0,MonthlyIncome,relative_minus_5,-0.05,12000.0,12600.0,0.08203070610761642,0.08061540126800537,-0.0014153048396110535,0.0014153048396110535,0,0,0,-1
gmsc,xgboost,1,MonthlyIncome,relative_minus_5,-0.05,9800.0,10290.0,0.07381805032491684,0.062224697321653366,-0.011593353003263474,0.011593353003263474,0,0,0,-1
gmsc,xgboost,2,MonthlyIncome,relative_minus_5,-0.05,5400.0,5670.0,0.057695530354976654,0.06109318137168884,0.0033976510167121887,0.0033976510167121887,0,0,0,-1
gmsc,xgboost,3,MonthlyIncome,relative_minus_5,-0.05,2916.0,3061.8,0.29744529724121094,0.29340076446533203,-0.004044532775878906,0.004044532775878906,0,0,0,-1
gmsc,xgboost,4,MonthlyIncome,relative_minus_5,-0.05,3076.0,3229.8,0.10023795068264008,0.10283435136079788,0.0025964006781578064,0.0025964006781578064,0,0,0,-1
gmsc,xgboost,5,MonthlyIncome,relative_minus_5,-0.05,6015.0,6315.75,0.19237148761749268,0.19187819957733154,-0.0004932880401611328,0.0004932880401611328,0,0,0,-1
gmsc,xgboost,6,MonthlyIncome,relative_minus_5,-0.05,6913.0,7258.65,0.2720617651939392,0.2606605291366577,-0.011401236057281494,0.011401236057281494,0,0,0,-1
gmsc,xgboost,7,MonthlyIncome,relative_minus_5,-0.05,13333.0,13999.65,0.2072291374206543,0.21362149715423584,0.006392359733581543,0.006392359733581543,0,0,0,-1
gmsc,xgboost,8,MonthlyIncome,relative_minus_5,-0.05,7000.0,7350.0,0.14596141874790192,0.14670361578464508,0.0007421970367431641,0.0007421970367431641,0,0,0,-1
gmsc,xgboost,9,MonthlyIncome,relative_minus_5,-0.05,3875.0,4068.75,0.3907460570335388,0.3907460570335388,0.0,0.0,0,0,0,-1
gmsc,xgboost,10,MonthlyIncome,relative_minus_5,-0.05,5833.0,6124.65,0.43983033299446106,0.4425557553768158,0.0027254223823547363,0.0027254223823547363,0,0,0,-1
gmsc,xgboost,11,MonthlyIncome,relative_minus_5,-0.05,10583.0,11112.15,0.2212306559085846,0.21934983134269714,-0.0018808245658874512,0.0018808245658874512,0,0,0,-1
gmsc,xgboost,12,MonthlyIncome,relative_minus_5,-0.05,5400.0,5670.0,0.034909687936306,0.03826851770281792,0.003358829766511917,0.003358829766511917,0,0,0,-1
gmsc,xgboost,13,MonthlyIncome,relative_minus_5,-0.05,5400.0,5670.0,0.8862441778182983,0.8828684091567993,-0.0033757686614990234,0.0033757686614990234,1,1,0,-1
gmsc,xgboost,14,MonthlyIncome,relative_minus_5,-0.05,5400.0,5670.0,0.30772891640663147,0.3024536073207855,-0.005275309085845947,0.005275309085845947,0,0,0,-1
gmsc,xgboost,15,MonthlyIncome,relative_minus_5,-0.05,12500.0,13125.0,0.2524952292442322,0.2592620551586151,0.006766825914382935,0.006766825914382935,0,0,0,-1
gmsc,xgboost,16,MonthlyIncome,relative_minus_5,-0.05,6000.0,6300.0,0.48664188385009766,0.48586100339889526,-0.0007808804512023926,0.0007808804512023926,0,0,0,-1
gmsc,xgboost,17,MonthlyIncome,relative_minus_5,-0.05,5400.0,5670.0,0.09193970263004303,0.09714608639478683,0.005206383764743805,0.005206383764743805,0,0,0,-1
gmsc,xgboost,18,MonthlyIncome,relative_minus_5,-0.05,11362.0,11930.1,0.3769620656967163,0.3745556175708771,-0.0024064481258392334,0.0024064481258392334,0,0,0,-1
gmsc,xgboost,19,MonthlyIncome,relative_minus_5,-0.05,11666.0,12249.3,0.21186602115631104,0.20209257304668427,-0.00977344810962677,0.00977344810962677,0,0,0,-1
gmsc,xgboost,20,MonthlyIncome,relative_minus_5,-0.05,12416.0,13036.8,0.04993200674653053,0.05522327497601509,0.005291268229484558,0.005291268229484558,0,0,0,-1
gmsc,xgboost,21,MonthlyIncome,relative_minus_5,-0.05,0.0,270.0,0.08262580633163452,0.08966565132141113,0.007039844989776611,0.007039844989776611,0,0,0,-1
gmsc,xgboost,22,MonthlyIncome,relative_minus_5,-0.05,8134.0,8540.7,0.06402596086263657,0.07174345850944519,0.007717497646808624,0.007717497646808624,0,0,0,-1
gmsc,xgboost,23,MonthlyIncome,relative_minus_5,-0.05,9200.0,9660.0,0.08952450007200241,0.09091299027204514,0.0013884902000427246,0.0013884902000427246,0,0,0,-1
gmsc,xgboost,24,MonthlyIncome,relative_minus_5,-0.05,2183.0,2292.15,0.034259602427482605,0.03712887316942215,0.0028692707419395447,0.0028692707419395447,0,0,0,-1
gmsc,xgboost,25,MonthlyIncome,relative_minus_5,-0.05,2044.0,2146.2,0.49923714995384216,0.5004281401634216,0.0011909902095794678,0.0011909902095794678,0,1,1,-1
gmsc,xgboost,26,MonthlyIncome,relative_minus_5,-0.05,5400.0,5670.0,0.46355003118515015,0.4617812931537628,-0.001768738031387329,0.001768738031387329,0,0,0,-1
gmsc,xgboost,27,MonthlyIncome,relative_minus_5,-0.05,3290.0,3454.5,0.16462162137031555,0.14468638598918915,-0.019935235381126404,0.019935235381126404,0,0,0,-1
gmsc,xgboost,28,MonthlyIncome,relative_minus_5,-0.05,8333.0,8749.65,0.222405344247818,0.2217237651348114,-0.0006815791130065918,0.0006815791130065918,0,0,0,-1
gmsc,xgboost,29,MonthlyIncome,relative_minus_5,-0.05,10000.0,10500.0,0.06126169487833977,0.04945814609527588,-0.011803548783063889,0.011803548783063889,0,0,0,-1
gmsc,xgboost,30,MonthlyIncome,relative_minus_5,-0.05,2945.0,3092.25,0.25775110721588135,0.2487945556640625,-0.008956551551818848,0.008956551551818848,0,0,0,-1
gmsc,xgboost,31,MonthlyIncome,relative_minus_5,-0.05,5400.0,5670.0,0.14284415543079376,0.15326333045959473,0.010419175028800964,0.010419175028800964,0,0,0,-1
gmsc,xgboost,32,MonthlyIncome,relative_minus_5,-0.05,3500.0,3675.0,0.1354866921901703,0.1371052861213684,0.0016185939311981201,0.0016185939311981201,0,0,0,-1
gmsc,xgboost,33,MonthlyIncome,relative_minus_5,-0.05,6400.0,6720.0,0.0799889788031578,0.07246186584234238,-0.00752711296081543,0.00752711296081543,0,0,0,-1
gmsc,xgboost,34,MonthlyIncome,relative_minus_5,-0.05,6667.0,7000.35,0.5890139937400818,0.5903584957122803,0.0013445019721984863,0.0013445019721984863,1,1,0,-1
gmsc,xgboost,35,MonthlyIncome,relative_minus_5,-0.05,4500.0,4725.0,0.7353684902191162,0.7323669195175171,-0.003001570701599121,0.003001570701599121,1,1,0,-1
gmsc,xgboost,36,MonthlyIncome,relative_minus_5,-0.05,4917.0,5162.85,0.1960536539554596,0.19815538823604584,0.0021017342805862427,0.0021017342805862427,0,0,0,-1
gmsc,xgboost,37,MonthlyIncome,relative_minus_5,-0.05,5400.0,5670.0,0.35266122221946716,0.34495121240615845,-0.007710009813308716,0.007710009813308716,0,0,0,-1
gmsc,xgboost,38,MonthlyIncome,relative_minus_5,-0.05,19237.0,20198.85,0.2510143518447876,0.2588578462600708,0.007843494415283203,0.007843494415283203,0,0,0,-1
gmsc,xgboost,39,MonthlyIncome,relative_minus_5,-0.05,2610.0,2740.5,0.4371665418148041,0.4421415328979492,0.004974991083145142,0.004974991083145142,0,0,0,-1
gmsc,xgboost,40,MonthlyIncome,relative_minus_5,-0.05,8850.0,9292.5,0.13587132096290588,0.20966044068336487,0.07378911972045898,0.07378911972045898,0,0,0,-1
gmsc,xgboost,41,MonthlyIncome,relative_minus_5,-0.05,1833.0,1924.65,0.18514351546764374,0.19973202049732208,0.014588505029678345,0.014588505029678345,0,0,0,-1
gmsc,xgboost,42,MonthlyIncome,relative_minus_5,-0.05,4799.0,5038.95,0.10479436814785004,0.1042308360338211,-0.0005635321140289307,0.0005635321140289307,0,0,0,-1
gmsc,xgboost,43,MonthlyIncome,relative_minus_5,-0.05,5400.0,5670.0,0.5401685833930969,0.5330565571784973,-0.007112026214599609,0.007112026214599609,1,1,0,-1
gmsc,xgboost,44,MonthlyIncome,relative_minus_5,-0.05,6331.0,6647.55,0.11184448003768921,0.10736718773841858,-0.00447729229927063,0.00447729229927063,0,0,0,-1
gmsc,xgboost,45,MonthlyIncome,relative_minus_5,-0.05,4266.0,4479.3,0.12677443027496338,0.12905797362327576,0.002283543348312378,0.002283543348312378,0,0,0,-1
gmsc,xgboost,46,MonthlyIncome,relative_minus_5,-0.05,5400.0,5670.0,0.25457122921943665,0.25153493881225586,-0.003036290407180786,0.003036290407180786,0,0,0,-1
gmsc,xgboost,47,MonthlyIncome,relative_minus_5,-0.05,2000.0,2100.0,0.05936043709516525,0.06184636056423187,0.00248592346906662,0.00248592346906662,0,0,0,-1
gmsc,xgboost,48,MonthlyIncome,relative_minus_5,-0.05,5400.0,5670.0,0.08543100953102112,0.08900398015975952,0.0035729706287384033,0.0035729706287384033,0,0,0,-1
gmsc,xgboost,49,MonthlyIncome,relative_minus_5,-0.05,3000.0,3150.0,0.03611498698592186,0.031520240008831024,-0.004594746977090836,0.004594746977090836,0,0,0,-1
gmsc,xgboost,50,MonthlyIncome,relative_minus_5,-0.05,2216.0,2326.8,0.1643790304660797,0.1643790304660797,0.0,0.0,0,0,0,-1
gmsc,xgboost,51,MonthlyIncome,relative_minus_5,-0.05,5400.0,5670.0,0.2535255253314972,0.2566794455051422,0.0031539201736450195,0.0031539201736450195,0,0,0,-1
gmsc,xgboost,52,MonthlyIncome,relative_minus_5,-0.05,5400.0,5670.0,0.043543241918087006,0.046148285269737244,0.002605043351650238,0.002605043351650238,0,0,0,-1
gmsc,xgboost,53,MonthlyIncome,relative_minus_5,-0.05,4583.0,4812.15,0.8459349870681763,0.8459349870681763,0.0,0.0,1,1,0,-1
gmsc,xgboost,54,MonthlyIncome,relative_minus_5,-0.05,695.0,729.75,0.9326093792915344,0.9326093792915344,0.0,0.0,1,1,0,-1
gmsc,xgboost,55,MonthlyIncome,relative_minus_5,-0.05,5400.0,5670.0,0.0761168822646141,0.08050667494535446,0.0043897926807403564,0.0043897926807403564,0,0,0,-1
gmsc,xgboost,56,MonthlyIncome,relative_minus_5,-0.05,3500.0,3675.0,0.15863358974456787,0.1604773849248886,0.0018437951803207397,0.0018437951803207397,0,0,0,-1
gmsc,xgboost,57,MonthlyIncome,relative_minus_5,-0.05,1640.0,1722.0,0.5884111523628235,0.5914623141288757,0.003051161766052246,0.003051161766052246,1,1,0,-1
gmsc,xgboost,58,MonthlyIncome,relative_minus_5,-0.05,3853.0,4045.65,0.6777902245521545,0.6777902245521545,0.0,0.0,1,1,0,-1
gmsc,xgboost,59,MonthlyIncome,relative_minus_5,-0.05,5920.0,6216.0,0.628955066204071,0.630149245262146,0.0011941790580749512,0.0011941790580749512,1,1,0,-1
gmsc,xgboost,60,MonthlyIncome,relative_minus_5,-0.05,5275.0,5538.75,0.17468222975730896,0.16116246581077576,-0.013519763946533203,0.013519763946533203,0,0,0,-1
gmsc,xgboost,61,MonthlyIncome,relative_minus_5,-0.05,5347.0,5614.35,0.3342180848121643,0.33263689279556274,-0.0015811920166015625,0.0015811920166015625,0,0,0,-1
gmsc,xgboost,62,MonthlyIncome,relative_minus_5,-0.05,10000.0,10500.0,0.46969300508499146,0.44301649928092957,-0.02667650580406189,0.02667650580406189,0,0,0,-1
gmsc,xgboost,63,MonthlyIncome,relative_minus_5,-0.05,12500.0,13125.0,0.09234394878149033,0.09536635130643845,0.00302240252494812,0.00302240252494812,0,0,0,-1
gmsc,xgboost,64,MonthlyIncome,relative_minus_5,-0.05,12959.0,13606.95,0.36687836050987244,0.34602490067481995,-0.02085345983505249,0.02085345983505249,0,0,0,-1
gmsc,xgboost,65,MonthlyIncome,relative_minus_5,-0.05,8750.0,9187.5,0.3751460015773773,0.38840270042419434,0.013256698846817017,0.013256698846817017,0,0,0,-1
gmsc,xgboost,66,MonthlyIncome,relative_minus_5,-0.05,3900.0,4095.0,0.1265122890472412,0.1265122890472412,0.0,0.0,0,0,0,-1
gmsc,xgboost,67,MonthlyIncome,relative_minus_5,-0.05,3899.0,4093.95,0.4232633113861084,0.4232633113861084,0.0,0.0,0,0,0,-1
gmsc,xgboost,68,MonthlyIncome,relative_minus_5,-0.05,11500.0,12075.0,0.10810530185699463,0.10902628302574158,0.0009209811687469482,0.0009209811687469482,0,0,0,-1
gmsc,xgboost,69,MonthlyIncome,relative_minus_5,-0.05,5000.0,5250.0,0.5635039806365967,0.5594695210456848,-0.004034459590911865,0.004034459590911865,1,1,0,-1
gmsc,xgboost,70,MonthlyIncome,relative_minus_5,-0.05,4281.0,4495.05,0.39893585443496704,0.39590635895729065,-0.0030294954776763916,0.0030294954776763916,0,0,0,-1
gmsc,xgboost,71,MonthlyIncome,relative_minus_5,-0.05,0.0,270.0,0.10639937967061996,0.11954177916049957,0.013142399489879608,0.013142399489879608,0,0,0,-1
gmsc,xgboost,72,MonthlyIncome,relative_minus_5,-0.05,2500.0,2625.0,0.19083499908447266,0.21259431540966034,0.021759316325187683,0.021759316325187683,0,0,0,-1
gmsc,xgboost,73,MonthlyIncome,relative_minus_5,-0.05,5000.0,5250.0,0.3986653685569763,0.38543927669525146,-0.013226091861724854,0.013226091861724854,0,0,0,-1
gmsc,xgboost,74,MonthlyIncome,relative_minus_5,-0.05,2000.0,2100.0,0.18615853786468506,0.19758333265781403,0.011424794793128967,0.011424794793128967,0,0,0,-1
gmsc,xgboost,75,MonthlyIncome,relative_minus_5,-0.05,5400.0,5670.0,0.5547352433204651,0.5382931232452393,-0.01644212007522583,0.01644212007522583,1,1,0,-1
gmsc,xgboost,76,MonthlyIncome,relative_minus_5,-0.05,9784.0,10273.2,0.11016565561294556,0.09347789734601974,-0.016687758266925812,0.016687758266925812,0,0,0,-1
gmsc,xgboost,77,MonthlyIncome,relative_minus_5,-0.05,5400.0,5670.0,0.05538906157016754,0.05936545878648758,0.003976397216320038,0.003976397216320038,0,0,0,-1
gmsc,xgboost,78,MonthlyIncome,relative_minus_5,-0.05,5400.0,5670.0,0.05751078575849533,0.06089826300740242,0.0033874772489070892,0.0033874772489070892,0,0,0,-1
gmsc,xgboost,79,MonthlyIncome,relative_minus_5,-0.05,3400.0,3570.0,0.2844957709312439,0.27203667163848877,-0.012459099292755127,0.012459099292755127,0,0,0,-1
gmsc,xgboost,80,MonthlyIncome,relative_minus_5,-0.05,5400.0,5670.0,0.1406598836183548,0.1433013677597046,0.0026414841413497925,0.0026414841413497925,0,0,0,-1
gmsc,xgboost,81,MonthlyIncome,relative_minus_5,-0.05,3300.0,3465.0,0.16070415079593658,0.1471756398677826,-0.013528510928153992,0.013528510928153992,0,0,0,-1
gmsc,xgboost,82,MonthlyIncome,relative_minus_5,-0.05,7943.0,8340.15,0.4081357717514038,0.39501234889030457,-0.013123422861099243,0.013123422861099243,0,0,0,-1
gmsc,xgboost,83,MonthlyIncome,relative_minus_5,-0.05,4327.0,4543.35,0.06326539814472198,0.061485230922698975,-0.0017801672220230103,0.0017801672220230103,0,0,0,-1
gmsc,xgboost,84,MonthlyIncome,relative_minus_5,-0.05,4583.0,4812.15,0.6416367292404175,0.6380952596664429,-0.0035414695739746094,0.0035414695739746094,1,1,0,-1
gmsc,xgboost,85,MonthlyIncome,relative_minus_5,-0.05,4077.0,4280.85,0.06614423543214798,0.07189588993787766,0.005751654505729675,0.005751654505729675,0,0,0,-1
gmsc,xgboost,86,MonthlyIncome,relative_minus_5,-0.05,2430.0,2551.5,0.12697042524814606,0.11829762905836105,-0.008672796189785004,0.008672796189785004,0,0,0,-1
gmsc,xgboost,87,MonthlyIncome,relative_minus_5,-0.05,5400.0,5670.0,0.106936976313591,0.10819870978593826,0.0012617334723472595,0.0012617334723472595,0,0,0,-1
gmsc,xgboost,88,MonthlyIncome,relative_minus_5,-0.05,5400.0,5670.0,0.12650665640830994,0.12750092148780823,0.000994265079498291,0.000994265079498291,0,0,0,-1
gmsc,xgboost,89,MonthlyIncome,relative_minus_5,-0.05,6250.0,6562.5,0.3815006911754608,0.3815006911754608,0.0,0.0,0,0,0,-1
gmsc,xgboost,90,MonthlyIncome,relative_minus_5,-0.05,5400.0,5670.0,0.044368140399456024,0.04759319871664047,0.0032250583171844482,0.0032250583171844482,0,0,0,-1
gmsc,xgboost,91,MonthlyIncome,relative_minus_5,-0.05,9645.0,10127.25,0.1482551395893097,0.14420853555202484,-0.004046604037284851,0.004046604037284851,0,0,0,-1
gmsc,xgboost,92,MonthlyIncome,relative_minus_5,-0.05,5400.0,5670.0,0.06322672218084335,0.066926971077919,0.003700248897075653,0.003700248897075653,0,0,0,-1
gmsc,xgboost,93,MonthlyIncome,relative_minus_5,-0.05,5400.0,5670.0,0.1017114520072937,0.10813941806554794,0.006427966058254242,0.006427966058254242,0,0,0,-1
gmsc,xgboost,94,MonthlyIncome,relative_minus_5,-0.05,2481.0,2605.05,0.14927543699741364,0.17394451797008514,0.02466908097267151,0.02466908097267151,0,0,0,-1
gmsc,xgboost,95,MonthlyIncome,relative_minus_5,-0.05,9916.0,10411.8,0.22754548490047455,0.20008333027362823,-0.027462154626846313,0.027462154626846313,0,0,0,-1
gmsc,xgboost,96,MonthlyIncome,relative_minus_5,-0.05,10000.0,10500.0,0.13160045444965363,0.08625689893960953,-0.0453435555100441,0.0453435555100441,0,0,0,-1
gmsc,xgboost,97,MonthlyIncome,relative_minus_5,-0.05,5400.0,5670.0,0.0985931009054184,0.10413303226232529,0.005539931356906891,0.005539931356906891,0,0,0,-1
gmsc,xgboost,98,MonthlyIncome,relative_minus_5,-0.05,6353.0,6670.65,0.35479238629341125,0.33910754323005676,-0.015684843063354492,0.015684843063354492,0,0,0,-1
gmsc,xgboost,99,MonthlyIncome,relative_minus_5,-0.05,3100.0,3255.0,0.9183781147003174,0.9192178249359131,0.0008397102355957031,0.0008397102355957031,1,1,0,-1
gmsc,xgboost,0,MonthlyIncome,relative_plus_5,0.05,12000.0,12600.0,0.08203070610761642,0.08061540126800537,-0.0014153048396110535,0.0014153048396110535,0,0,0,-1
gmsc,xgboost,1,MonthlyIncome,relative_plus_5,0.05,9800.0,10290.0,0.07381805032491684,0.062224697321653366,-0.011593353003263474,0.011593353003263474,0,0,0,-1
gmsc,xgboost,2,MonthlyIncome,relative_plus_5,0.05,5400.0,5670.0,0.057695530354976654,0.06109318137168884,0.0033976510167121887,0.0033976510167121887,0,0,0,-1
gmsc,xgboost,3,MonthlyIncome,relative_plus_5,0.05,2916.0,3061.8,0.29744529724121094,0.29340076446533203,-0.004044532775878906,0.004044532775878906,0,0,0,-1
gmsc,xgboost,4,MonthlyIncome,relative_plus_5,0.05,3076.0,3229.8,0.10023795068264008,0.10283435136079788,0.0025964006781578064,0.0025964006781578064,0,0,0,-1
gmsc,xgboost,5,MonthlyIncome,relative_plus_5,0.05,6015.0,6315.75,0.19237148761749268,0.19187819957733154,-0.0004932880401611328,0.0004932880401611328,0,0,0,-1
gmsc,xgboost,6,MonthlyIncome,relative_plus_5,0.05,6913.0,7258.65,0.2720617651939392,0.2606605291366577,-0.011401236057281494,0.011401236057281494,0,0,0,-1
gmsc,xgboost,7,MonthlyIncome,relative_plus_5,0.05,13333.0,13999.65,0.2072291374206543,0.21362149715423584,0.006392359733581543,0.006392359733581543,0,0,0,-1
gmsc,xgboost,8,MonthlyIncome,relative_plus_5,0.05,7000.0,7350.0,0.14596141874790192,0.14670361578464508,0.0007421970367431641,0.0007421970367431641,0,0,0,-1
gmsc,xgboost,9,MonthlyIncome,relative_plus_5,0.05,3875.0,4068.75,0.3907460570335388,0.3907460570335388,0.0,0.0,0,0,0,-1
gmsc,xgboost,10,MonthlyIncome,relative_plus_5,0.05,5833.0,6124.65,0.43983033299446106,0.4425557553768158,0.0027254223823547363,0.0027254223823547363,0,0,0,-1
gmsc,xgboost,11,MonthlyIncome,relative_plus_5,0.05,10583.0,11112.15,0.2212306559085846,0.21934983134269714,-0.0018808245658874512,0.0018808245658874512,0,0,0,-1
gmsc,xgboost,12,MonthlyIncome,relative_plus_5,0.05,5400.0,5670.0,0.034909687936306,0.03826851770281792,0.003358829766511917,0.003358829766511917,0,0,0,-1
gmsc,xgboost,13,MonthlyIncome,relative_plus_5,0.05,5400.0,5670.0,0.8862441778182983,0.8828684091567993,-0.0033757686614990234,0.0033757686614990234,1,1,0,-1
gmsc,xgboost,14,MonthlyIncome,relative_plus_5,0.05,5400.0,5670.0,0.30772891640663147,0.3024536073207855,-0.005275309085845947,0.005275309085845947,0,0,0,-1
gmsc,xgboost,15,MonthlyIncome,relative_plus_5,0.05,12500.0,13125.0,0.2524952292442322,0.2592620551586151,0.006766825914382935,0.006766825914382935,0,0,0,-1
gmsc,xgboost,16,MonthlyIncome,relative_plus_5,0.05,6000.0,6300.0,0.48664188385009766,0.48586100339889526,-0.0007808804512023926,0.0007808804512023926,0,0,0,-1
gmsc,xgboost,17,MonthlyIncome,relative_plus_5,0.05,5400.0,5670.0,0.09193970263004303,0.09714608639478683,0.005206383764743805,0.005206383764743805,0,0,0,-1
gmsc,xgboost,18,MonthlyIncome,relative_plus_5,0.05,11362.0,11930.1,0.3769620656967163,0.3745556175708771,-0.0024064481258392334,0.0024064481258392334,0,0,0,-1
gmsc,xgboost,19,MonthlyIncome,relative_plus_5,0.05,11666.0,12249.3,0.21186602115631104,0.20209257304668427,-0.00977344810962677,0.00977344810962677,0,0,0,-1
gmsc,xgboost,20,MonthlyIncome,relative_plus_5,0.05,12416.0,13036.8,0.04993200674653053,0.05522327497601509,0.005291268229484558,0.005291268229484558,0,0,0,-1
gmsc,xgboost,21,MonthlyIncome,relative_plus_5,0.05,0.0,270.0,0.08262580633163452,0.08966565132141113,0.007039844989776611,0.007039844989776611,0,0,0,-1
gmsc,xgboost,22,MonthlyIncome,relative_plus_5,0.05,8134.0,8540.7,0.06402596086263657,0.07174345850944519,0.007717497646808624,0.007717497646808624,0,0,0,-1
gmsc,xgboost,23,MonthlyIncome,relative_plus_5,0.05,9200.0,9660.0,0.08952450007200241,0.09091299027204514,0.0013884902000427246,0.0013884902000427246,0,0,0,-1
gmsc,xgboost,24,MonthlyIncome,relative_plus_5,0.05,2183.0,2292.15,0.034259602427482605,0.03712887316942215,0.0028692707419395447,0.0028692707419395447,0,0,0,-1
gmsc,xgboost,25,MonthlyIncome,relative_plus_5,0.05,2044.0,2146.2,0.49923714995384216,0.5004281401634216,0.0011909902095794678,0.0011909902095794678,0,1,1,-1
gmsc,xgboost,26,MonthlyIncome,relative_plus_5,0.05,5400.0,5670.0,0.46355003118515015,0.4617812931537628,-0.001768738031387329,0.001768738031387329,0,0,0,-1
gmsc,xgboost,27,MonthlyIncome,relative_plus_5,0.05,3290.0,3454.5,0.16462162137031555,0.14468638598918915,-0.019935235381126404,0.019935235381126404,0,0,0,-1
gmsc,xgboost,28,MonthlyIncome,relative_plus_5,0.05,8333.0,8749.65,0.222405344247818,0.2217237651348114,-0.0006815791130065918,0.0006815791130065918,0,0,0,-1
gmsc,xgboost,29,MonthlyIncome,relative_plus_5,0.05,10000.0,10500.0,0.06126169487833977,0.04945814609527588,-0.011803548783063889,0.011803548783063889,0,0,0,-1
gmsc,xgboost,30,MonthlyIncome,relative_plus_5,0.05,2945.0,3092.25,0.25775110721588135,0.2487945556640625,-0.008956551551818848,0.008956551551818848,0,0,0,-1
gmsc,xgboost,31,MonthlyIncome,relative_plus_5,0.05,5400.0,5670.0,0.14284415543079376,0.15326333045959473,0.010419175028800964,0.010419175028800964,0,0,0,-1
gmsc,xgboost,32,MonthlyIncome,relative_plus_5,0.05,3500.0,3675.0,0.1354866921901703,0.1371052861213684,0.0016185939311981201,0.0016185939311981201,0,0,0,-1
gmsc,xgboost,33,MonthlyIncome,relative_plus_5,0.05,6400.0,6720.0,0.0799889788031578,0.07246186584234238,-0.00752711296081543,0.00752711296081543,0,0,0,-1
gmsc,xgboost,34,MonthlyIncome,relative_plus_5,0.05,6667.0,7000.35,0.5890139937400818,0.5903584957122803,0.0013445019721984863,0.0013445019721984863,1,1,0,-1
gmsc,xgboost,35,MonthlyIncome,relative_plus_5,0.05,4500.0,4725.0,0.7353684902191162,0.7323669195175171,-0.003001570701599121,0.003001570701599121,1,1,0,-1
gmsc,xgboost,36,MonthlyIncome,relative_plus_5,0.05,4917.0,5162.85,0.1960536539554596,0.19815538823604584,0.0021017342805862427,0.0021017342805862427,0,0,0,-1
gmsc,xgboost,37,MonthlyIncome,relative_plus_5,0.05,5400.0,5670.0,0.35266122221946716,0.34495121240615845,-0.007710009813308716,0.007710009813308716,0,0,0,-1
gmsc,xgboost,38,MonthlyIncome,relative_plus_5,0.05,19237.0,20198.85,0.2510143518447876,0.2588578462600708,0.007843494415283203,0.007843494415283203,0,0,0,-1
gmsc,xgboost,39,MonthlyIncome,relative_plus_5,0.05,2610.0,2740.5,0.4371665418148041,0.4421415328979492,0.004974991083145142,0.004974991083145142,0,0,0,-1
gmsc,xgboost,40,MonthlyIncome,relative_plus_5,0.05,8850.0,9292.5,0.13587132096290588,0.20966044068336487,0.07378911972045898,0.07378911972045898,0,0,0,-1
gmsc,xgboost,41,MonthlyIncome,relative_plus_5,0.05,1833.0,1924.65,0.18514351546764374,0.19973202049732208,0.014588505029678345,0.014588505029678345,0,0,0,-1
gmsc,xgboost,42,MonthlyIncome,relative_plus_5,0.05,4799.0,5038.95,0.10479436814785004,0.1042308360338211,-0.0005635321140289307,0.0005635321140289307,0,0,0,-1
gmsc,xgboost,43,MonthlyIncome,relative_plus_5,0.05,5400.0,5670.0,0.5401685833930969,0.5330565571784973,-0.007112026214599609,0.007112026214599609,1,1,0,-1
gmsc,xgboost,44,MonthlyIncome,relative_plus_5,0.05,6331.0,6647.55,0.11184448003768921,0.10736718773841858,-0.00447729229927063,0.00447729229927063,0,0,0,-1
gmsc,xgboost,45,MonthlyIncome,relative_plus_5,0.05,4266.0,4479.3,0.12677443027496338,0.12905797362327576,0.002283543348312378,0.002283543348312378,0,0,0,-1
gmsc,xgboost,46,MonthlyIncome,relative_plus_5,0.05,5400.0,5670.0,0.25457122921943665,0.25153493881225586,-0.003036290407180786,0.003036290407180786,0,0,0,-1
gmsc,xgboost,47,MonthlyIncome,relative_plus_5,0.05,2000.0,2100.0,0.05936043709516525,0.06184636056423187,0.00248592346906662,0.00248592346906662,0,0,0,-1
gmsc,xgboost,48,MonthlyIncome,relative_plus_5,0.05,5400.0,5670.0,0.08543100953102112,0.08900398015975952,0.0035729706287384033,0.0035729706287384033,0,0,0,-1
gmsc,xgboost,49,MonthlyIncome,relative_plus_5,0.05,3000.0,3150.0,0.03611498698592186,0.031520240008831024,-0.004594746977090836,0.004594746977090836,0,0,0,-1
gmsc,xgboost,50,MonthlyIncome,relative_plus_5,0.05,2216.0,2326.8,0.1643790304660797,0.1643790304660797,0.0,0.0,0,0,0,-1
gmsc,xgboost,51,MonthlyIncome,relative_plus_5,0.05,5400.0,5670.0,0.2535255253314972,0.2566794455051422,0.0031539201736450195,0.0031539201736450195,0,0,0,-1
gmsc,xgboost,52,MonthlyIncome,relative_plus_5,0.05,5400.0,5670.0,0.043543241918087006,0.046148285269737244,0.002605043351650238,0.002605043351650238,0,0,0,-1
gmsc,xgboost,53,MonthlyIncome,relative_plus_5,0.05,4583.0,4812.15,0.8459349870681763,0.8459349870681763,0.0,0.0,1,1,0,-1
gmsc,xgboost,54,MonthlyIncome,relative_plus_5,0.05,695.0,729.75,0.9326093792915344,0.9326093792915344,0.0,0.0,1,1,0,-1
gmsc,xgboost,55,MonthlyIncome,relative_plus_5,0.05,5400.0,5670.0,0.0761168822646141,0.08050667494535446,0.0043897926807403564,0.0043897926807403564,0,0,0,-1
gmsc,xgboost,56,MonthlyIncome,relative_plus_5,0.05,3500.0,3675.0,0.15863358974456787,0.1604773849248886,0.0018437951803207397,0.0018437951803207397,0,0,0,-1
gmsc,xgboost,57,MonthlyIncome,relative_plus_5,0.05,1640.0,1722.0,0.5884111523628235,0.5914623141288757,0.003051161766052246,0.003051161766052246,1,1,0,-1
gmsc,xgboost,58,MonthlyIncome,relative_plus_5,0.05,3853.0,4045.65,0.6777902245521545,0.6777902245521545,0.0,0.0,1,1,0,-1
gmsc,xgboost,59,MonthlyIncome,relative_plus_5,0.05,5920.0,6216.0,0.628955066204071,0.630149245262146,0.0011941790580749512,0.0011941790580749512,1,1,0,-1
gmsc,xgboost,60,MonthlyIncome,relative_plus_5,0.05,5275.0,5538.75,0.17468222975730896,0.16116246581077576,-0.013519763946533203,0.013519763946533203,0,0,0,-1
gmsc,xgboost,61,MonthlyIncome,relative_plus_5,0.05,5347.0,5614.35,0.3342180848121643,0.33263689279556274,-0.0015811920166015625,0.0015811920166015625,0,0,0,-1
gmsc,xgboost,62,MonthlyIncome,relative_plus_5,0.05,10000.0,10500.0,0.46969300508499146,0.44301649928092957,-0.02667650580406189,0.02667650580406189,0,0,0,-1
gmsc,xgboost,63,MonthlyIncome,relative_plus_5,0.05,12500.0,13125.0,0.09234394878149033,0.09536635130643845,0.00302240252494812,0.00302240252494812,0,0,0,-1
gmsc,xgboost,64,MonthlyIncome,relative_plus_5,0.05,12959.0,13606.95,0.36687836050987244,0.34602490067481995,-0.02085345983505249,0.02085345983505249,0,0,0,-1
gmsc,xgboost,65,MonthlyIncome,relative_plus_5,0.05,8750.0,9187.5,0.3751460015773773,0.38840270042419434,0.013256698846817017,0.013256698846817017,0,0,0,-1
gmsc,xgboost,66,MonthlyIncome,relative_plus_5,0.05,3900.0,4095.0,0.1265122890472412,0.1265122890472412,0.0,0.0,0,0,0,-1
gmsc,xgboost,67,MonthlyIncome,relative_plus_5,0.05,3899.0,4093.95,0.4232633113861084,0.4232633113861084,0.0,0.0,0,0,0,-1
gmsc,xgboost,68,MonthlyIncome,relative_plus_5,0.05,11500.0,12075.0,0.10810530185699463,0.10902628302574158,0.0009209811687469482,0.0009209811687469482,0,0,0,-1
gmsc,xgboost,69,MonthlyIncome,relative_plus_5,0.05,5000.0,5250.0,0.5635039806365967,0.5594695210456848,-0.004034459590911865,0.004034459590911865,1,1,0,-1
gmsc,xgboost,70,MonthlyIncome,relative_plus_5,0.05,4281.0,4495.05,0.39893585443496704,0.39590635895729065,-0.0030294954776763916,0.0030294954776763916,0,0,0,-1
gmsc,xgboost,71,MonthlyIncome,relative_plus_5,0.05,0.0,270.0,0.10639937967061996,0.11954177916049957,0.013142399489879608,0.013142399489879608,0,0,0,-1
gmsc,xgboost,72,MonthlyIncome,relative_plus_5,0.05,2500.0,2625.0,0.19083499908447266,0.21259431540966034,0.021759316325187683,0.021759316325187683,0,0,0,-1
gmsc,xgboost,73,MonthlyIncome,relative_plus_5,0.05,5000.0,5250.0,0.3986653685569763,0.38543927669525146,-0.013226091861724854,0.013226091861724854,0,0,0,-1
gmsc,xgboost,74,MonthlyIncome,relative_plus_5,0.05,2000.0,2100.0,0.18615853786468506,0.19758333265781403,0.011424794793128967,0.011424794793128967,0,0,0,-1
gmsc,xgboost,75,MonthlyIncome,relative_plus_5,0.05,5400.0,5670.0,0.5547352433204651,0.5382931232452393,-0.01644212007522583,0.01644212007522583,1,1,0,-1
gmsc,xgboost,76,MonthlyIncome,relative_plus_5,0.05,9784.0,10273.2,0.11016565561294556,0.09347789734601974,-0.016687758266925812,0.016687758266925812,0,0,0,-1
gmsc,xgboost,77,MonthlyIncome,relative_plus_5,0.05,5400.0,5670.0,0.05538906157016754,0.05936545878648758,0.003976397216320038,0.003976397216320038,0,0,0,-1
gmsc,xgboost,78,MonthlyIncome,relative_plus_5,0.05,5400.0,5670.0,0.05751078575849533,0.06089826300740242,0.0033874772489070892,0.0033874772489070892,0,0,0,-1
gmsc,xgboost,79,MonthlyIncome,relative_plus_5,0.05,3400.0,3570.0,0.2844957709312439,0.27203667163848877,-0.012459099292755127,0.012459099292755127,0,0,0,-1
gmsc,xgboost,80,MonthlyIncome,relative_plus_5,0.05,5400.0,5670.0,0.1406598836183548,0.1433013677597046,0.0026414841413497925,0.0026414841413497925,0,0,0,-1
gmsc,xgboost,81,MonthlyIncome,relative_plus_5,0.05,3300.0,3465.0,0.16070415079593658,0.1471756398677826,-0.013528510928153992,0.013528510928153992,0,0,0,-1
gmsc,xgboost,82,MonthlyIncome,relative_plus_5,0.05,7943.0,8340.15,0.4081357717514038,0.39501234889030457,-0.013123422861099243,0.013123422861099243,0,0,0,-1
gmsc,xgboost,83,MonthlyIncome,relative_plus_5,0.05,4327.0,4543.35,0.06326539814472198,0.061485230922698975,-0.0017801672220230103,0.0017801672220230103,0,0,0,-1
gmsc,xgboost,84,MonthlyIncome,relative_plus_5,0.05,4583.0,4812.15,0.6416367292404175,0.6380952596664429,-0.0035414695739746094,0.0035414695739746094,1,1,0,-1
gmsc,xgboost,85,MonthlyIncome,relative_plus_5,0.05,4077.0,4280.85,0.06614423543214798,0.07189588993787766,0.005751654505729675,0.005751654505729675,0,0,0,-1
gmsc,xgboost,86,MonthlyIncome,relative_plus_5,0.05,2430.0,2551.5,0.12697042524814606,0.11829762905836105,-0.008672796189785004,0.008672796189785004,0,0,0,-1
gmsc,xgboost,87,MonthlyIncome,relative_plus_5,0.05,5400.0,5670.0,0.106936976313591,0.10819870978593826,0.0012617334723472595,0.0012617334723472595,0,0,0,-1
gmsc,xgboost,88,MonthlyIncome,relative_plus_5,0.05,5400.0,5670.0,0.12650665640830994,0.12750092148780823,0.000994265079498291,0.000994265079498291,0,0,0,-1
gmsc,xgboost,89,MonthlyIncome,relative_plus_5,0.05,6250.0,6562.5,0.3815006911754608,0.3815006911754608,0.0,0.0,0,0,0,-1
gmsc,xgboost,90,MonthlyIncome,relative_plus_5,0.05,5400.0,5670.0,0.044368140399456024,0.04759319871664047,0.0032250583171844482,0.0032250583171844482,0,0,0,-1
gmsc,xgboost,91,MonthlyIncome,relative_plus_5,0.05,9645.0,10127.25,0.1482551395893097,0.14420853555202484,-0.004046604037284851,0.004046604037284851,0,0,0,-1
gmsc,xgboost,92,MonthlyIncome,relative_plus_5,0.05,5400.0,5670.0,0.06322672218084335,0.066926971077919,0.003700248897075653,0.003700248897075653,0,0,0,-1
gmsc,xgboost,93,MonthlyIncome,relative_plus_5,0.05,5400.0,5670.0,0.1017114520072937,0.10813941806554794,0.006427966058254242,0.006427966058254242,0,0,0,-1
gmsc,xgboost,94,MonthlyIncome,relative_plus_5,0.05,2481.0,2605.05,0.14927543699741364,0.17394451797008514,0.02466908097267151,0.02466908097267151,0,0,0,-1
gmsc,xgboost,95,MonthlyIncome,relative_plus_5,0.05,9916.0,10411.8,0.22754548490047455,0.20008333027362823,-0.027462154626846313,0.027462154626846313,0,0,0,-1
gmsc,xgboost,96,MonthlyIncome,relative_plus_5,0.05,10000.0,10500.0,0.13160045444965363,0.08625689893960953,-0.0453435555100441,0.0453435555100441,0,0,0,-1
gmsc,xgboost,97,MonthlyIncome,relative_plus_5,0.05,5400.0,5670.0,0.0985931009054184,0.10413303226232529,0.005539931356906891,0.005539931356906891,0,0,0,-1
gmsc,xgboost,98,MonthlyIncome,relative_plus_5,0.05,6353.0,6670.65,0.35479238629341125,0.33910754323005676,-0.015684843063354492,0.015684843063354492,0,0,0,-1
gmsc,xgboost,99,MonthlyIncome,relative_plus_5,0.05,3100.0,3255.0,0.9183781147003174,0.9192178249359131,0.0008397102355957031,0.0008397102355957031,1,1,0,-1
gmsc,xgboost,0,MonthlyIncome,relative_minus_10,-0.1,12000.0,13200.0,0.08203070610761642,0.09259921312332153,0.010568507015705109,0.010568507015705109,0,0,0,-1
gmsc,xgboost,1,MonthlyIncome,relative_minus_10,-0.1,9800.0,10780.0,0.07381805032491684,0.05985627695918083,-0.013961773365736008,0.013961773365736008,0,0,0,-1
gmsc,xgboost,2,MonthlyIncome,relative_minus_10,-0.1,5400.0,5940.0,0.057695530354976654,0.08780165016651154,0.03010611981153488,0.03010611981153488,0,0,0,-1
gmsc,xgboost,3,MonthlyIncome,relative_minus_10,-0.1,2916.0,3207.6,0.29744529724121094,0.29435762763023376,-0.003087669610977173,0.003087669610977173,0,0,0,-1
gmsc,xgboost,4,MonthlyIncome,relative_minus_10,-0.1,3076.0,3383.6,0.10023795068264008,0.10259559005498886,0.0023576393723487854,0.0023576393723487854,0,0,0,-1
gmsc,xgboost,5,MonthlyIncome,relative_minus_10,-0.1,6015.0,6616.5,0.19237148761749268,0.1893157660961151,-0.0030557215213775635,0.0030557215213775635,0,0,0,-1
gmsc,xgboost,6,MonthlyIncome,relative_minus_10,-0.1,6913.0,7604.3,0.2720617651939392,0.255919486284256,-0.016142278909683228,0.016142278909683228,0,0,0,-1
gmsc,xgboost,7,MonthlyIncome,relative_minus_10,-0.1,13333.0,14666.3,0.2072291374206543,0.23542307317256927,0.028193935751914978,0.028193935751914978,0,0,0,-1
gmsc,xgboost,8,MonthlyIncome,relative_minus_10,-0.1,7000.0,7700.0,0.14596141874790192,0.14670361578464508,0.0007421970367431641,0.0007421970367431641,0,0,0,-1
gmsc,xgboost,9,MonthlyIncome,relative_minus_10,-0.1,3875.0,4262.5,0.3907460570335388,0.4175393283367157,0.02679327130317688,0.02679327130317688,0,0,0,-1
gmsc,xgboost,10,MonthlyIncome,relative_minus_10,-0.1,5833.0,6416.3,0.43983033299446106,0.44233065843582153,0.0025003254413604736,0.0025003254413604736,0,0,0,-1
gmsc,xgboost,11,MonthlyIncome,relative_minus_10,-0.1,10583.0,11641.3,0.2212306559085846,0.20810024440288544,-0.013130411505699158,0.013130411505699158,0,0,0,-1
gmsc,xgboost,12,MonthlyIncome,relative_minus_10,-0.1,5400.0,5940.0,0.034909687936306,0.046103380620479584,0.011193692684173584,0.011193692684173584,0,0,0,-1
gmsc,xgboost,13,MonthlyIncome,relative_minus_10,-0.1,5400.0,5940.0,0.8862441778182983,0.8979483842849731,0.011704206466674805,0.011704206466674805,1,1,0,-1
gmsc,xgboost,14,MonthlyIncome,relative_minus_10,-0.1,5400.0,5940.0,0.30772891640663147,0.318046897649765,0.010317981243133545,0.010317981243133545,0,0,0,-1
gmsc,xgboost,15,MonthlyIncome,relative_minus_10,-0.1,12500.0,13750.0,0.2524952292442322,0.25759047269821167,0.005095243453979492,0.005095243453979492,0,0,0,-1
gmsc,xgboost,16,MonthlyIncome,relative_minus_10,-0.1,6000.0,6600.0,0.48664188385009766,0.48171278834342957,-0.004929095506668091,0.004929095506668091,0,0,0,-1
gmsc,xgboost,17,MonthlyIncome,relative_minus_10,-0.1,5400.0,5940.0,0.09193970263004303,0.11124863475561142,0.01930893212556839,0.01930893212556839,0,0,0,-1
gmsc,xgboost,18,MonthlyIncome,relative_minus_10,-0.1,11362.0,12498.2,0.3769620656967163,0.3543126881122589,-0.022649377584457397,0.022649377584457397,0,0,0,-1
gmsc,xgboost,19,MonthlyIncome,relative_minus_10,-0.1,11666.0,12832.6,0.21186602115631104,0.20638294517993927,-0.005483075976371765,0.005483075976371765,0,0,0,-1
gmsc,xgboost,20,MonthlyIncome,relative_minus_10,-0.1,12416.0,13657.6,0.04993200674653053,0.05653872340917587,0.00660671666264534,0.00660671666264534,0,0,0,-1
gmsc,xgboost,21,MonthlyIncome,relative_minus_10,-0.1,0.0,540.0,0.08262580633163452,0.08726634085178375,0.004640534520149231,0.004640534520149231,0,0,0,-1
gmsc,xgboost,22,MonthlyIncome,relative_minus_10,-0.1,8134.0,8947.4,0.06402596086263657,0.06956993788480759,0.0055439770221710205,0.0055439770221710205,0,0,0,-1
gmsc,xgboost,23,MonthlyIncome,relative_minus_10,-0.1,9200.0,10120.0,0.08952450007200241,0.08515223860740662,-0.004372261464595795,0.004372261464595795,0,0,0,-1
gmsc,xgboost,24,MonthlyIncome,relative_minus_10,-0.1,2183.0,2401.3,0.034259602427482605,0.03712887316942215,0.0028692707419395447,0.0028692707419395447,0,0,0,-1
gmsc,xgboost,25,MonthlyIncome,relative_minus_10,-0.1,2044.0,2248.4,0.49923714995384216,0.5004281401634216,0.0011909902095794678,0.0011909902095794678,0,1,1,-1
gmsc,xgboost,26,MonthlyIncome,relative_minus_10,-0.1,5400.0,5940.0,0.46355003118515015,0.47147756814956665,0.007927536964416504,0.007927536964416504,0,0,0,-1
gmsc,xgboost,27,MonthlyIncome,relative_minus_10,-0.1,3290.0,3619.0,0.16462162137031555,0.1321176290512085,-0.032503992319107056,0.032503992319107056,0,0,0,-1
gmsc,xgboost,28,MonthlyIncome,relative_minus_10,-0.1,8333.0,9166.3,0.222405344247818,0.2902402877807617,0.06783494353294373,0.06783494353294373,0,0,0,-1
gmsc,xgboost,29,MonthlyIncome,relative_minus_10,-0.1,10000.0,11000.0,0.06126169487833977,0.057640403509140015,-0.003621291369199753,0.003621291369199753,0,0,0,-1
gmsc,xgboost,30,MonthlyIncome,relative_minus_10,-0.1,2945.0,3239.5,0.25775110721588135,0.25415197014808655,-0.0035991370677948,0.0035991370677948,0,0,0,-1
gmsc,xgboost,31,MonthlyIncome,relative_minus_10,-0.1,5400.0,5940.0,0.14284415543079376,0.17821183800697327,0.035367682576179504,0.035367682576179504,0,0,0,-1
gmsc,xgboost,32,MonthlyIncome,relative_minus_10,-0.1,3500.0,3850.0,0.1354866921901703,0.13527153432369232,-0.0002151578664779663,0.0002151578664779663,0,0,0,-1
gmsc,xgboost,33,MonthlyIncome,relative_minus_10,-0.1,6400.0,7040.0,0.0799889788031578,0.07746817916631699,-0.0025207996368408203,0.0025207996368408203,0,0,0,-1
gmsc,xgboost,34,MonthlyIncome,relative_minus_10,-0.1,6667.0,7333.7,0.5890139937400818,0.5931870341300964,0.0041730403900146484,0.0041730403900146484,1,1,0,-1
gmsc,xgboost,35,MonthlyIncome,relative_minus_10,-0.1,4500.0,4950.0,0.7353684902191162,0.731958270072937,-0.0034102201461791992,0.0034102201461791992,1,1,0,-1
gmsc,xgboost,36,MonthlyIncome,relative_minus_10,-0.1,4917.0,5408.7,0.1960536539554596,0.18194319307804108,-0.014110460877418518,0.014110460877418518,0,0,0,-1
gmsc,xgboost,37,MonthlyIncome,relative_minus_10,-0.1,5400.0,5940.0,0.35266122221946716,0.40060967206954956,0.0479484498500824,0.0479484498500824,0,0,0,-1
gmsc,xgboost,38,MonthlyIncome,relative_minus_10,-0.1,19237.0,21160.7,0.2510143518447876,0.2588578462600708,0.007843494415283203,0.007843494415283203,0,0,0,-1
gmsc,xgboost,39,MonthlyIncome,relative_minus_10,-0.1,2610.0,2871.0,0.4371665418148041,0.44333887100219727,0.0061723291873931885,0.0061723291873931885,0,0,0,-1
gmsc,xgboost,40,MonthlyIncome,relative_minus_10,-0.1,8850.0,9735.0,0.13587132096290588,0.20813080668449402,0.07225948572158813,0.07225948572158813,0,0,0,-1
gmsc,xgboost,41,MonthlyIncome,relative_minus_10,-0.1,1833.0,2016.3,0.18514351546764374,0.1964680254459381,0.011324509978294373,0.011324509978294373,0,0,0,-1
gmsc,xgboost,42,MonthlyIncome,relative_minus_10,-0.1,4799.0,5278.9,0.10479436814785004,0.1042308360338211,-0.0005635321140289307,0.0005635321140289307,0,0,0,-1
gmsc,xgboost,43,MonthlyIncome,relative_minus_10,-0.1,5400.0,5940.0,0.5401685833930969,0.5726717114448547,0.03250312805175781,0.03250312805175781,1,1,0,-1
gmsc,xgboost,44,MonthlyIncome,relative_minus_10,-0.1,6331.0,6964.1,0.11184448003768921,0.09941741079092026,-0.012427069246768951,0.012427069246768951,0,0,0,-1
gmsc,xgboost,45,MonthlyIncome,relative_minus_10,-0.1,4266.0,4692.6,0.12677443027496338,0.13624903559684753,0.009474605321884155,0.009474605321884155,0,0,0,-1
gmsc,xgboost,46,MonthlyIncome,relative_minus_10,-0.1,5400.0,5940.0,0.25457122921943665,0.2974897027015686,0.04291847348213196,0.04291847348213196,0,0,0,-1
gmsc,xgboost,47,MonthlyIncome,relative_minus_10,-0.1,2000.0,2200.0,0.05936043709516525,0.06280503422021866,0.0034445971250534058,0.0034445971250534058,0,0,0,-1
gmsc,xgboost,48,MonthlyIncome,relative_minus_10,-0.1,5400.0,5940.0,0.08543100953102112,0.10046999156475067,0.015038982033729553,0.015038982033729553,0,0,0,-1
gmsc,xgboost,49,MonthlyIncome,relative_minus_10,-0.1,3000.0,3300.0,0.03611498698592186,0.03425031900405884,-0.0018646679818630219,0.0018646679818630219,0,0,0,-1
gmsc,xgboost,50,MonthlyIncome,relative_minus_10,-0.1,2216.0,2437.6,0.1643790304660797,0.1643790304660797,0.0,0.0,0,0,0,-1
gmsc,xgboost,51,MonthlyIncome,relative_minus_10,-0.1,5400.0,5940.0,0.2535255253314972,0.2828284204006195,0.029302895069122314,0.029302895069122314,0,0,0,-1
gmsc,xgboost,52,MonthlyIncome,relative_minus_10,-0.1,5400.0,5940.0,0.043543241918087006,0.06743670254945755,0.023893460631370544,0.023893460631370544,0,0,0,-1
gmsc,xgboost,53,MonthlyIncome,relative_minus_10,-0.1,4583.0,5041.3,0.8459349870681763,0.8439509868621826,-0.0019840002059936523,0.0019840002059936523,1,1,0,-1
gmsc,xgboost,54,MonthlyIncome,relative_minus_10,-0.1,695.0,764.5,0.9326093792915344,0.936222493648529,0.003613114356994629,0.003613114356994629,1,1,0,-1
gmsc,xgboost,55,MonthlyIncome,relative_minus_10,-0.1,5400.0,5940.0,0.0761168822646141,0.11200153082609177,0.03588464856147766,0.03588464856147766,0,0,0,-1
gmsc,xgboost,56,MonthlyIncome,relative_minus_10,-0.1,3500.0,3850.0,0.15863358974456787,0.15158993005752563,-0.007043659687042236,0.007043659687042236,0,0,0,-1
gmsc,xgboost,57,MonthlyIncome,relative_minus_10,-0.1,1640.0,1804.0,0.5884111523628235,0.5775105953216553,-0.010900557041168213,0.010900557041168213,1,1,0,-1
gmsc,xgboost,58,MonthlyIncome,relative_minus_10,-0.1,3853.0,4238.3,0.6777902245521545,0.6934325695037842,0.01564234495162964,0.01564234495162964,1,1,0,-1
gmsc,xgboost,59,MonthlyIncome,relative_minus_10,-0.1,5920.0,6512.0,0.628955066204071,0.6276521682739258,-0.0013028979301452637,0.0013028979301452637,1,1,0,-1
gmsc,xgboost,60,MonthlyIncome,relative_minus_10,-0.1,5275.0,5802.5,0.17468222975730896,0.16363763809204102,-0.011044591665267944,0.011044591665267944,0,0,0,-1
gmsc,xgboost,61,MonthlyIncome,relative_minus_10,-0.1,5347.0,5881.7,0.3342180848121643,0.3353146016597748,0.0010965168476104736,0.0010965168476104736,0,0,0,-1
gmsc,xgboost,62,MonthlyIncome,relative_minus_10,-0.1,10000.0,11000.0,0.46969300508499146,0.454193651676178,-0.015499353408813477,0.015499353408813477,0,0,0,-1
gmsc,xgboost,63,MonthlyIncome,relative_minus_10,-0.1,12500.0,13750.0,0.09234394878149033,0.09461648762226105,0.0022725388407707214,0.0022725388407707214,0,0,0,-1
gmsc,xgboost,64,MonthlyIncome,relative_minus_10,-0.1,12959.0,14254.9,0.36687836050987244,0.34483394026756287,-0.02204442024230957,0.02204442024230957,0,0,0,-1
gmsc,xgboost,65,MonthlyIncome,relative_minus_10,-0.1,8750.0,9625.0,0.3751460015773773,0.38713017106056213,0.011984169483184814,0.011984169483184814,0,0,0,-1
gmsc,xgboost,66,MonthlyIncome,relative_minus_10,-0.1,3900.0,4290.0,0.1265122890472412,0.1367947906255722,0.010282501578330994,0.010282501578330994,0,0,0,-1
gmsc,xgboost,67,MonthlyIncome,relative_minus_10,-0.1,3899.0,4288.9,0.4232633113861084,0.4506371021270752,0.027373790740966797,0.027373790740966797,0,0,0,-1
gmsc,xgboost,68,MonthlyIncome,relative_minus_10,-0.1,11500.0,12650.0,0.10810530185699463,0.11323552578687668,0.0051302239298820496,0.0051302239298820496,0,0,0,-1
gmsc,xgboost,69,MonthlyIncome,relative_minus_10,-0.1,5000.0,5500.0,0.5635039806365967,0.5276220440864563,-0.03588193655014038,0.03588193655014038,1,1,0,-1
gmsc,xgboost,70,MonthlyIncome,relative_minus_10,-0.1,4281.0,4709.1,0.39893585443496704,0.3866044282913208,-0.01233142614364624,0.01233142614364624,0,0,0,-1
gmsc,xgboost,71,MonthlyIncome,relative_minus_10,-0.1,0.0,540.0,0.10639937967061996,0.12932853400707245,0.022929154336452484,0.022929154336452484,0,0,0,-1
gmsc,xgboost,72,MonthlyIncome,relative_minus_10,-0.1,2500.0,2750.0,0.19083499908447266,0.2198447287082672,0.029009729623794556,0.029009729623794556,0,0,0,-1
gmsc,xgboost,73,MonthlyIncome,relative_minus_10,-0.1,5000.0,5500.0,0.3986653685569763,0.3645402789115906,-0.03412508964538574,0.03412508964538574,0,0,0,-1
gmsc,xgboost,74,MonthlyIncome,relative_minus_10,-0.1,2000.0,2200.0,0.18615853786468506,0.20019707083702087,0.014038532972335815,0.014038532972335815,0,0,0,-1
gmsc,xgboost,75,MonthlyIncome,relative_minus_10,-0.1,5400.0,5940.0,0.5547352433204651,0.6003605723381042,0.04562532901763916,0.04562532901763916,1,1,0,-1
gmsc,xgboost,76,MonthlyIncome,relative_minus_10,-0.1,9784.0,10762.4,0.11016565561294556,0.08290170878171921,-0.02726394683122635,0.02726394683122635,0,0,0,-1
gmsc,xgboost,77,MonthlyIncome,relative_minus_10,-0.1,5400.0,5940.0,0.05538906157016754,0.10608208179473877,0.05069302022457123,0.05069302022457123,0,0,0,-1
gmsc,xgboost,78,MonthlyIncome,relative_minus_10,-0.1,5400.0,5940.0,0.05751078575849533,0.07259133458137512,0.015080548822879791,0.015080548822879791,0,0,0,-1
gmsc,xgboost,79,MonthlyIncome,relative_minus_10,-0.1,3400.0,3740.0,0.2844957709312439,0.27476808428764343,-0.009727686643600464,0.009727686643600464,0,0,0,-1
gmsc,xgboost,80,MonthlyIncome,relative_minus_10,-0.1,5400.0,5940.0,0.1406598836183548,0.19952420890331268,0.058864325284957886,0.058864325284957886,0,0,0,-1
gmsc,xgboost,81,MonthlyIncome,relative_minus_10,-0.1,3300.0,3630.0,0.16070415079593658,0.13889017701148987,-0.021813973784446716,0.021813973784446716,0,0,0,-1
gmsc,xgboost,82,MonthlyIncome,relative_minus_10,-0.1,7943.0,8737.3,0.4081357717514038,0.3931352496147156,-0.015000522136688232,0.015000522136688232,0,0,0,-1
gmsc,xgboost,83,MonthlyIncome,relative_minus_10,-0.1,4327.0,4759.7,0.06326539814472198,0.0640324279665947,0.0007670298218727112,0.0007670298218727112,0,0,0,-1
gmsc,xgboost,84,MonthlyIncome,relative_minus_10,-0.1,4583.0,5041.3,0.6416367292404175,0.6348586082458496,-0.006778120994567871,0.006778120994567871,1,1,0,-1
gmsc,xgboost,85,MonthlyIncome,relative_minus_10,-0.1,4077.0,4484.7,0.06614423543214798,0.07030194997787476,0.004157714545726776,0.004157714545726776,0,0,0,-1
gmsc,xgboost,86,MonthlyIncome,relative_minus_10,-0.1,2430.0,2673.0,0.12697042524814606,0.12535826861858368,-0.001612156629562378,0.001612156629562378,0,0,0,-1
gmsc,xgboost,87,MonthlyIncome,relative_minus_10,-0.1,5400.0,5940.0,0.106936976313591,0.14841480553150177,0.04147782921791077,0.04147782921791077,0,0,0,-1
gmsc,xgboost,88,MonthlyIncome,relative_minus_10,-0.1,5400.0,5940.0,0.12650665640830994,0.14873169362545013,0.022225037217140198,0.022225037217140198,0,0,0,-1
gmsc,xgboost,89,MonthlyIncome,relative_minus_10,-0.1,6250.0,6875.0,0.3815006911754608,0.34833988547325134,-0.03316080570220947,0.03316080570220947,0,0,0,-1
gmsc,xgboost,90,MonthlyIncome,relative_minus_10,-0.1,5400.0,5940.0,0.044368140399456024,0.07435096800327301,0.029982827603816986,0.029982827603816986,0,0,0,-1
gmsc,xgboost,91,MonthlyIncome,relative_minus_10,-0.1,9645.0,10609.5,0.1482551395893097,0.1406630426645279,-0.007592096924781799,0.007592096924781799,0,0,0,-1
gmsc,xgboost,92,MonthlyIncome,relative_minus_10,-0.1,5400.0,5940.0,0.06322672218084335,0.06397900730371475,0.0007522851228713989,0.0007522851228713989,0,0,0,-1
gmsc,xgboost,93,MonthlyIncome,relative_minus_10,-0.1,5400.0,5940.0,0.1017114520072937,0.14746959507465363,0.045758143067359924,0.045758143067359924,0,0,0,-1
gmsc,xgboost,94,MonthlyIncome,relative_minus_10,-0.1,2481.0,2729.1,0.14927543699741364,0.17630483210086823,0.02702939510345459,0.02702939510345459,0,0,0,-1
gmsc,xgboost,95,MonthlyIncome,relative_minus_10,-0.1,9916.0,10907.6,0.22754548490047455,0.2029935121536255,-0.02455197274684906,0.02455197274684906,0,0,0,-1
gmsc,xgboost,96,MonthlyIncome,relative_minus_10,-0.1,10000.0,11000.0,0.13160045444965363,0.09139616042375565,-0.04020429402589798,0.04020429402589798,0,0,0,-1
gmsc,xgboost,97,MonthlyIncome,relative_minus_10,-0.1,5400.0,5940.0,0.0985931009054184,0.14342892169952393,0.04483582079410553,0.04483582079410553,0,0,0,-1
gmsc,xgboost,98,MonthlyIncome,relative_minus_10,-0.1,6353.0,6988.3,0.35479238629341125,0.3124324083328247,-0.04235997796058655,0.04235997796058655,0,0,0,-1
gmsc,xgboost,99,MonthlyIncome,relative_minus_10,-0.1,3100.0,3410.0,0.9183781147003174,0.9183836579322815,5.543231964111328e-06,5.543231964111328e-06,1,1,0,-1
gmsc,xgboost,0,MonthlyIncome,relative_plus_10,0.1,12000.0,13200.0,0.08203070610761642,0.09259921312332153,0.010568507015705109,0.010568507015705109,0,0,0,-1
gmsc,xgboost,1,MonthlyIncome,relative_plus_10,0.1,9800.0,10780.0,0.07381805032491684,0.05985627695918083,-0.013961773365736008,0.013961773365736008,0,0,0,-1
gmsc,xgboost,2,MonthlyIncome,relative_plus_10,0.1,5400.0,5940.0,0.057695530354976654,0.08780165016651154,0.03010611981153488,0.03010611981153488,0,0,0,-1
gmsc,xgboost,3,MonthlyIncome,relative_plus_10,0.1,2916.0,3207.6,0.29744529724121094,0.29435762763023376,-0.003087669610977173,0.003087669610977173,0,0,0,-1
gmsc,xgboost,4,MonthlyIncome,relative_plus_10,0.1,3076.0,3383.6,0.10023795068264008,0.10259559005498886,0.0023576393723487854,0.0023576393723487854,0,0,0,-1
gmsc,xgboost,5,MonthlyIncome,relative_plus_10,0.1,6015.0,6616.5,0.19237148761749268,0.1893157660961151,-0.0030557215213775635,0.0030557215213775635,0,0,0,-1
gmsc,xgboost,6,MonthlyIncome,relative_plus_10,0.1,6913.0,7604.3,0.2720617651939392,0.255919486284256,-0.016142278909683228,0.016142278909683228,0,0,0,-1
gmsc,xgboost,7,MonthlyIncome,relative_plus_10,0.1,13333.0,14666.3,0.2072291374206543,0.23542307317256927,0.028193935751914978,0.028193935751914978,0,0,0,-1
gmsc,xgboost,8,MonthlyIncome,relative_plus_10,0.1,7000.0,7700.0,0.14596141874790192,0.14670361578464508,0.0007421970367431641,0.0007421970367431641,0,0,0,-1
gmsc,xgboost,9,MonthlyIncome,relative_plus_10,0.1,3875.0,4262.5,0.3907460570335388,0.4175393283367157,0.02679327130317688,0.02679327130317688,0,0,0,-1
gmsc,xgboost,10,MonthlyIncome,relative_plus_10,0.1,5833.0,6416.3,0.43983033299446106,0.44233065843582153,0.0025003254413604736,0.0025003254413604736,0,0,0,-1
gmsc,xgboost,11,MonthlyIncome,relative_plus_10,0.1,10583.0,11641.3,0.2212306559085846,0.20810024440288544,-0.013130411505699158,0.013130411505699158,0,0,0,-1
gmsc,xgboost,12,MonthlyIncome,relative_plus_10,0.1,5400.0,5940.0,0.034909687936306,0.046103380620479584,0.011193692684173584,0.011193692684173584,0,0,0,-1
gmsc,xgboost,13,MonthlyIncome,relative_plus_10,0.1,5400.0,5940.0,0.8862441778182983,0.8979483842849731,0.011704206466674805,0.011704206466674805,1,1,0,-1
gmsc,xgboost,14,MonthlyIncome,relative_plus_10,0.1,5400.0,5940.0,0.30772891640663147,0.318046897649765,0.010317981243133545,0.010317981243133545,0,0,0,-1
gmsc,xgboost,15,MonthlyIncome,relative_plus_10,0.1,12500.0,13750.0,0.2524952292442322,0.25759047269821167,0.005095243453979492,0.005095243453979492,0,0,0,-1
gmsc,xgboost,16,MonthlyIncome,relative_plus_10,0.1,6000.0,6600.0,0.48664188385009766,0.48171278834342957,-0.004929095506668091,0.004929095506668091,0,0,0,-1
gmsc,xgboost,17,MonthlyIncome,relative_plus_10,0.1,5400.0,5940.0,0.09193970263004303,0.11124863475561142,0.01930893212556839,0.01930893212556839,0,0,0,-1
gmsc,xgboost,18,MonthlyIncome,relative_plus_10,0.1,11362.0,12498.2,0.3769620656967163,0.3543126881122589,-0.022649377584457397,0.022649377584457397,0,0,0,-1
gmsc,xgboost,19,MonthlyIncome,relative_plus_10,0.1,11666.0,12832.6,0.21186602115631104,0.20638294517993927,-0.005483075976371765,0.005483075976371765,0,0,0,-1
gmsc,xgboost,20,MonthlyIncome,relative_plus_10,0.1,12416.0,13657.6,0.04993200674653053,0.05653872340917587,0.00660671666264534,0.00660671666264534,0,0,0,-1
gmsc,xgboost,21,MonthlyIncome,relative_plus_10,0.1,0.0,540.0,0.08262580633163452,0.08726634085178375,0.004640534520149231,0.004640534520149231,0,0,0,-1
gmsc,xgboost,22,MonthlyIncome,relative_plus_10,0.1,8134.0,8947.4,0.06402596086263657,0.06956993788480759,0.0055439770221710205,0.0055439770221710205,0,0,0,-1
gmsc,xgboost,23,MonthlyIncome,relative_plus_10,0.1,9200.0,10120.0,0.08952450007200241,0.08515223860740662,-0.004372261464595795,0.004372261464595795,0,0,0,-1
gmsc,xgboost,24,MonthlyIncome,relative_plus_10,0.1,2183.0,2401.3,0.034259602427482605,0.03712887316942215,0.0028692707419395447,0.0028692707419395447,0,0,0,-1
gmsc,xgboost,25,MonthlyIncome,relative_plus_10,0.1,2044.0,2248.4,0.49923714995384216,0.5004281401634216,0.0011909902095794678,0.0011909902095794678,0,1,1,-1
gmsc,xgboost,26,MonthlyIncome,relative_plus_10,0.1,5400.0,5940.0,0.46355003118515015,0.47147756814956665,0.007927536964416504,0.007927536964416504,0,0,0,-1
gmsc,xgboost,27,MonthlyIncome,relative_plus_10,0.1,3290.0,3619.0,0.16462162137031555,0.1321176290512085,-0.032503992319107056,0.032503992319107056,0,0,0,-1
gmsc,xgboost,28,MonthlyIncome,relative_plus_10,0.1,8333.0,9166.3,0.222405344247818,0.2902402877807617,0.06783494353294373,0.06783494353294373,0,0,0,-1
gmsc,xgboost,29,MonthlyIncome,relative_plus_10,0.1,10000.0,11000.0,0.06126169487833977,0.057640403509140015,-0.003621291369199753,0.003621291369199753,0,0,0,-1
gmsc,xgboost,30,MonthlyIncome,relative_plus_10,0.1,2945.0,3239.5,0.25775110721588135,0.25415197014808655,-0.0035991370677948,0.0035991370677948,0,0,0,-1
gmsc,xgboost,31,MonthlyIncome,relative_plus_10,0.1,5400.0,5940.0,0.14284415543079376,0.17821183800697327,0.035367682576179504,0.035367682576179504,0,0,0,-1
gmsc,xgboost,32,MonthlyIncome,relative_plus_10,0.1,3500.0,3850.0,0.1354866921901703,0.13527153432369232,-0.0002151578664779663,0.0002151578664779663,0,0,0,-1
gmsc,xgboost,33,MonthlyIncome,relative_plus_10,0.1,6400.0,7040.0,0.0799889788031578,0.07746817916631699,-0.0025207996368408203,0.0025207996368408203,0,0,0,-1
gmsc,xgboost,34,MonthlyIncome,relative_plus_10,0.1,6667.0,7333.7,0.5890139937400818,0.5931870341300964,0.0041730403900146484,0.0041730403900146484,1,1,0,-1
gmsc,xgboost,35,MonthlyIncome,relative_plus_10,0.1,4500.0,4950.0,0.7353684902191162,0.731958270072937,-0.0034102201461791992,0.0034102201461791992,1,1,0,-1
gmsc,xgboost,36,MonthlyIncome,relative_plus_10,0.1,4917.0,5408.7,0.1960536539554596,0.18194319307804108,-0.014110460877418518,0.014110460877418518,0,0,0,-1
gmsc,xgboost,37,MonthlyIncome,relative_plus_10,0.1,5400.0,5940.0,0.35266122221946716,0.40060967206954956,0.0479484498500824,0.0479484498500824,0,0,0,-1
gmsc,xgboost,38,MonthlyIncome,relative_plus_10,0.1,19237.0,21160.7,0.2510143518447876,0.2588578462600708,0.007843494415283203,0.007843494415283203,0,0,0,-1
gmsc,xgboost,39,MonthlyIncome,relative_plus_10,0.1,2610.0,2871.0,0.4371665418148041,0.44333887100219727,0.0061723291873931885,0.0061723291873931885,0,0,0,-1
gmsc,xgboost,40,MonthlyIncome,relative_plus_10,0.1,8850.0,9735.0,0.13587132096290588,0.20813080668449402,0.07225948572158813,0.07225948572158813,0,0,0,-1
gmsc,xgboost,41,MonthlyIncome,relative_plus_10,0.1,1833.0,2016.3,0.18514351546764374,0.1964680254459381,0.011324509978294373,0.011324509978294373,0,0,0,-1
gmsc,xgboost,42,MonthlyIncome,relative_plus_10,0.1,4799.0,5278.9,0.10479436814785004,0.1042308360338211,-0.0005635321140289307,0.0005635321140289307,0,0,0,-1
gmsc,xgboost,43,MonthlyIncome,relative_plus_10,0.1,5400.0,5940.0,0.5401685833930969,0.5726717114448547,0.03250312805175781,0.03250312805175781,1,1,0,-1
gmsc,xgboost,44,MonthlyIncome,relative_plus_10,0.1,6331.0,6964.1,0.11184448003768921,0.09941741079092026,-0.012427069246768951,0.012427069246768951,0,0,0,-1
gmsc,xgboost,45,MonthlyIncome,relative_plus_10,0.1,4266.0,4692.6,0.12677443027496338,0.13624903559684753,0.009474605321884155,0.009474605321884155,0,0,0,-1
gmsc,xgboost,46,MonthlyIncome,relative_plus_10,0.1,5400.0,5940.0,0.25457122921943665,0.2974897027015686,0.04291847348213196,0.04291847348213196,0,0,0,-1
gmsc,xgboost,47,MonthlyIncome,relative_plus_10,0.1,2000.0,2200.0,0.05936043709516525,0.06280503422021866,0.0034445971250534058,0.0034445971250534058,0,0,0,-1
gmsc,xgboost,48,MonthlyIncome,relative_plus_10,0.1,5400.0,5940.0,0.08543100953102112,0.10046999156475067,0.015038982033729553,0.015038982033729553,0,0,0,-1
gmsc,xgboost,49,MonthlyIncome,relative_plus_10,0.1,3000.0,3300.0,0.03611498698592186,0.03425031900405884,-0.0018646679818630219,0.0018646679818630219,0,0,0,-1
gmsc,xgboost,50,MonthlyIncome,relative_plus_10,0.1,2216.0,2437.6,0.1643790304660797,0.1643790304660797,0.0,0.0,0,0,0,-1
gmsc,xgboost,51,MonthlyIncome,relative_plus_10,0.1,5400.0,5940.0,0.2535255253314972,0.2828284204006195,0.029302895069122314,0.029302895069122314,0,0,0,-1
gmsc,xgboost,52,MonthlyIncome,relative_plus_10,0.1,5400.0,5940.0,0.043543241918087006,0.06743670254945755,0.023893460631370544,0.023893460631370544,0,0,0,-1
gmsc,xgboost,53,MonthlyIncome,relative_plus_10,0.1,4583.0,5041.3,0.8459349870681763,0.8439509868621826,-0.0019840002059936523,0.0019840002059936523,1,1,0,-1
gmsc,xgboost,54,MonthlyIncome,relative_plus_10,0.1,695.0,764.5,0.9326093792915344,0.936222493648529,0.003613114356994629,0.003613114356994629,1,1,0,-1
gmsc,xgboost,55,MonthlyIncome,relative_plus_10,0.1,5400.0,5940.0,0.0761168822646141,0.11200153082609177,0.03588464856147766,0.03588464856147766,0,0,0,-1
gmsc,xgboost,56,MonthlyIncome,relative_plus_10,0.1,3500.0,3850.0,0.15863358974456787,0.15158993005752563,-0.007043659687042236,0.007043659687042236,0,0,0,-1
gmsc,xgboost,57,MonthlyIncome,relative_plus_10,0.1,1640.0,1804.0,0.5884111523628235,0.5775105953216553,-0.010900557041168213,0.010900557041168213,1,1,0,-1
gmsc,xgboost,58,MonthlyIncome,relative_plus_10,0.1,3853.0,4238.3,0.6777902245521545,0.6934325695037842,0.01564234495162964,0.01564234495162964,1,1,0,-1
gmsc,xgboost,59,MonthlyIncome,relative_plus_10,0.1,5920.0,6512.0,0.628955066204071,0.6276521682739258,-0.0013028979301452637,0.0013028979301452637,1,1,0,-1
gmsc,xgboost,60,MonthlyIncome,relative_plus_10,0.1,5275.0,5802.5,0.17468222975730896,0.16363763809204102,-0.011044591665267944,0.011044591665267944,0,0,0,-1
gmsc,xgboost,61,MonthlyIncome,relative_plus_10,0.1,5347.0,5881.7,0.3342180848121643,0.3353146016597748,0.0010965168476104736,0.0010965168476104736,0,0,0,-1
gmsc,xgboost,62,MonthlyIncome,relative_plus_10,0.1,10000.0,11000.0,0.46969300508499146,0.454193651676178,-0.015499353408813477,0.015499353408813477,0,0,0,-1
gmsc,xgboost,63,MonthlyIncome,relative_plus_10,0.1,12500.0,13750.0,0.09234394878149033,0.09461648762226105,0.0022725388407707214,0.0022725388407707214,0,0,0,-1
gmsc,xgboost,64,MonthlyIncome,relative_plus_10,0.1,12959.0,14254.9,0.36687836050987244,0.34483394026756287,-0.02204442024230957,0.02204442024230957,0,0,0,-1
gmsc,xgboost,65,MonthlyIncome,relative_plus_10,0.1,8750.0,9625.0,0.3751460015773773,0.38713017106056213,0.011984169483184814,0.011984169483184814,0,0,0,-1
gmsc,xgboost,66,MonthlyIncome,relative_plus_10,0.1,3900.0,4290.0,0.1265122890472412,0.1367947906255722,0.010282501578330994,0.010282501578330994,0,0,0,-1
gmsc,xgboost,67,MonthlyIncome,relative_plus_10,0.1,3899.0,4288.9,0.4232633113861084,0.4506371021270752,0.027373790740966797,0.027373790740966797,0,0,0,-1
gmsc,xgboost,68,MonthlyIncome,relative_plus_10,0.1,11500.0,12650.0,0.10810530185699463,0.11323552578687668,0.0051302239298820496,0.0051302239298820496,0,0,0,-1
gmsc,xgboost,69,MonthlyIncome,relative_plus_10,0.1,5000.0,5500.0,0.5635039806365967,0.5276220440864563,-0.03588193655014038,0.03588193655014038,1,1,0,-1
gmsc,xgboost,70,MonthlyIncome,relative_plus_10,0.1,4281.0,4709.1,0.39893585443496704,0.3866044282913208,-0.01233142614364624,0.01233142614364624,0,0,0,-1
gmsc,xgboost,71,MonthlyIncome,relative_plus_10,0.1,0.0,540.0,0.10639937967061996,0.12932853400707245,0.022929154336452484,0.022929154336452484,0,0,0,-1
gmsc,xgboost,72,MonthlyIncome,relative_plus_10,0.1,2500.0,2750.0,0.19083499908447266,0.2198447287082672,0.029009729623794556,0.029009729623794556,0,0,0,-1
gmsc,xgboost,73,MonthlyIncome,relative_plus_10,0.1,5000.0,5500.0,0.3986653685569763,0.3645402789115906,-0.03412508964538574,0.03412508964538574,0,0,0,-1
gmsc,xgboost,74,MonthlyIncome,relative_plus_10,0.1,2000.0,2200.0,0.18615853786468506,0.20019707083702087,0.014038532972335815,0.014038532972335815,0,0,0,-1
gmsc,xgboost,75,MonthlyIncome,relative_plus_10,0.1,5400.0,5940.0,0.5547352433204651,0.6003605723381042,0.04562532901763916,0.04562532901763916,1,1,0,-1
gmsc,xgboost,76,MonthlyIncome,relative_plus_10,0.1,9784.0,10762.4,0.11016565561294556,0.08290170878171921,-0.02726394683122635,0.02726394683122635,0,0,0,-1
gmsc,xgboost,77,MonthlyIncome,relative_plus_10,0.1,5400.0,5940.0,0.05538906157016754,0.10608208179473877,0.05069302022457123,0.05069302022457123,0,0,0,-1
gmsc,xgboost,78,MonthlyIncome,relative_plus_10,0.1,5400.0,5940.0,0.05751078575849533,0.07259133458137512,0.015080548822879791,0.015080548822879791,0,0,0,-1
gmsc,xgboost,79,MonthlyIncome,relative_plus_10,0.1,3400.0,3740.0,0.2844957709312439,0.27476808428764343,-0.009727686643600464,0.009727686643600464,0,0,0,-1
gmsc,xgboost,80,MonthlyIncome,relative_plus_10,0.1,5400.0,5940.0,0.1406598836183548,0.19952420890331268,0.058864325284957886,0.058864325284957886,0,0,0,-1
gmsc,xgboost,81,MonthlyIncome,relative_plus_10,0.1,3300.0,3630.0,0.16070415079593658,0.13889017701148987,-0.021813973784446716,0.021813973784446716,0,0,0,-1
gmsc,xgboost,82,MonthlyIncome,relative_plus_10,0.1,7943.0,8737.3,0.4081357717514038,0.3931352496147156,-0.015000522136688232,0.015000522136688232,0,0,0,-1
gmsc,xgboost,83,MonthlyIncome,relative_plus_10,0.1,4327.0,4759.7,0.06326539814472198,0.0640324279665947,0.0007670298218727112,0.0007670298218727112,0,0,0,-1
gmsc,xgboost,84,MonthlyIncome,relative_plus_10,0.1,4583.0,5041.3,0.6416367292404175,0.6348586082458496,-0.006778120994567871,0.006778120994567871,1,1,0,-1
gmsc,xgboost,85,MonthlyIncome,relative_plus_10,0.1,4077.0,4484.7,0.06614423543214798,0.07030194997787476,0.004157714545726776,0.004157714545726776,0,0,0,-1
gmsc,xgboost,86,MonthlyIncome,relative_plus_10,0.1,2430.0,2673.0,0.12697042524814606,0.12535826861858368,-0.001612156629562378,0.001612156629562378,0,0,0,-1
gmsc,xgboost,87,MonthlyIncome,relative_plus_10,0.1,5400.0,5940.0,0.106936976313591,0.14841480553150177,0.04147782921791077,0.04147782921791077,0,0,0,-1
gmsc,xgboost,88,MonthlyIncome,relative_plus_10,0.1,5400.0,5940.0,0.12650665640830994,0.14873169362545013,0.022225037217140198,0.022225037217140198,0,0,0,-1
gmsc,xgboost,89,MonthlyIncome,relative_plus_10,0.1,6250.0,6875.0,0.3815006911754608,0.34833988547325134,-0.03316080570220947,0.03316080570220947,0,0,0,-1
gmsc,xgboost,90,MonthlyIncome,relative_plus_10,0.1,5400.0,5940.0,0.044368140399456024,0.07435096800327301,0.029982827603816986,0.029982827603816986,0,0,0,-1
gmsc,xgboost,91,MonthlyIncome,relative_plus_10,0.1,9645.0,10609.5,0.1482551395893097,0.1406630426645279,-0.007592096924781799,0.007592096924781799,0,0,0,-1
gmsc,xgboost,92,MonthlyIncome,relative_plus_10,0.1,5400.0,5940.0,0.06322672218084335,0.06397900730371475,0.0007522851228713989,0.0007522851228713989,0,0,0,-1
gmsc,xgboost,93,MonthlyIncome,relative_plus_10,0.1,5400.0,5940.0,0.1017114520072937,0.14746959507465363,0.045758143067359924,0.045758143067359924,0,0,0,-1
gmsc,xgboost,94,MonthlyIncome,relative_plus_10,0.1,2481.0,2729.1,0.14927543699741364,0.17630483210086823,0.02702939510345459,0.02702939510345459,0,0,0,-1
gmsc,xgboost,95,MonthlyIncome,relative_plus_10,0.1,9916.0,10907.6,0.22754548490047455,0.2029935121536255,-0.02455197274684906,0.02455197274684906,0,0,0,-1
gmsc,xgboost,96,MonthlyIncome,relative_plus_10,0.1,10000.0,11000.0,0.13160045444965363,0.09139616042375565,-0.04020429402589798,0.04020429402589798,0,0,0,-1
gmsc,xgboost,97,MonthlyIncome,relative_plus_10,0.1,5400.0,5940.0,0.0985931009054184,0.14342892169952393,0.04483582079410553,0.04483582079410553,0,0,0,-1
gmsc,xgboost,98,MonthlyIncome,relative_plus_10,0.1,6353.0,6988.3,0.35479238629341125,0.3124324083328247,-0.04235997796058655,0.04235997796058655,0,0,0,-1
gmsc,xgboost,99,MonthlyIncome,relative_plus_10,0.1,3100.0,3410.0,0.9183781147003174,0.9183836579322815,5.543231964111328e-06,5.543231964111328e-06,1,1,0,-1
gmsc,xgboost,0,NumberOfOpenCreditLinesAndLoans,relative_minus_5,-0.05,17.0,17.85,0.08203070610761642,0.08203070610761642,0.0,0.0,0,0,0,-1
gmsc,xgboost,1,NumberOfOpenCreditLinesAndLoans,relative_minus_5,-0.05,5.0,5.25,0.07381805032491684,0.07381805032491684,0.0,0.0,0,0,0,-1
gmsc,xgboost,2,NumberOfOpenCreditLinesAndLoans,relative_minus_5,-0.05,5.0,5.25,0.057695530354976654,0.057695530354976654,0.0,0.0,0,0,0,-1
gmsc,xgboost,3,NumberOfOpenCreditLinesAndLoans,relative_minus_5,-0.05,13.0,13.65,0.29744529724121094,0.29744529724121094,0.0,0.0,0,0,0,-1
gmsc,xgboost,4,NumberOfOpenCreditLinesAndLoans,relative_minus_5,-0.05,4.0,4.2,0.10023795068264008,0.10023795068264008,0.0,0.0,0,0,0,-1
gmsc,xgboost,5,NumberOfOpenCreditLinesAndLoans,relative_minus_5,-0.05,8.0,8.4,0.19237148761749268,0.19237148761749268,0.0,0.0,0,0,0,-1
gmsc,xgboost,6,NumberOfOpenCreditLinesAndLoans,relative_minus_5,-0.05,5.0,5.25,0.2720617651939392,0.2720617651939392,0.0,0.0,0,0,0,-1
gmsc,xgboost,7,NumberOfOpenCreditLinesAndLoans,relative_minus_5,-0.05,3.0,3.15,0.2072291374206543,0.2072291374206543,0.0,0.0,0,0,0,-1
gmsc,xgboost,8,NumberOfOpenCreditLinesAndLoans,relative_minus_5,-0.05,2.0,2.1,0.14596141874790192,0.14596141874790192,0.0,0.0,0,0,0,-1
gmsc,xgboost,9,NumberOfOpenCreditLinesAndLoans,relative_minus_5,-0.05,6.0,6.3,0.3907460570335388,0.3907460570335388,0.0,0.0,0,0,0,-1
gmsc,xgboost,10,NumberOfOpenCreditLinesAndLoans,relative_minus_5,-0.05,9.0,9.45,0.43983033299446106,0.43983033299446106,0.0,0.0,0,0,0,-1
gmsc,xgboost,11,NumberOfOpenCreditLinesAndLoans,relative_minus_5,-0.05,14.0,14.7,0.2212306559085846,0.2212306559085846,0.0,0.0,0,0,0,-1
gmsc,xgboost,12,NumberOfOpenCreditLinesAndLoans,relative_minus_5,-0.05,6.0,6.3,0.034909687936306,0.034909687936306,0.0,0.0,0,0,0,-1
gmsc,xgboost,13,NumberOfOpenCreditLinesAndLoans,relative_minus_5,-0.05,0.0,0.35000000000000003,0.8862441778182983,0.8862441778182983,0.0,0.0,1,1,0,-1
gmsc,xgboost,14,NumberOfOpenCreditLinesAndLoans,relative_minus_5,-0.05,4.0,4.2,0.30772891640663147,0.30772891640663147,0.0,0.0,0,0,0,-1
gmsc,xgboost,15,NumberOfOpenCreditLinesAndLoans,relative_minus_5,-0.05,17.0,17.85,0.2524952292442322,0.2524952292442322,0.0,0.0,0,0,0,-1
gmsc,xgboost,16,NumberOfOpenCreditLinesAndLoans,relative_minus_5,-0.05,4.0,4.2,0.48664188385009766,0.48664188385009766,0.0,0.0,0,0,0,-1
gmsc,xgboost,17,NumberOfOpenCreditLinesAndLoans,relative_minus_5,-0.05,10.0,10.5,0.09193970263004303,0.09193970263004303,0.0,0.0,0,0,0,-1
gmsc,xgboost,18,NumberOfOpenCreditLinesAndLoans,relative_minus_5,-0.05,3.0,3.15,0.3769620656967163,0.3769620656967163,0.0,0.0,0,0,0,-1
gmsc,xgboost,19,NumberOfOpenCreditLinesAndLoans,relative_minus_5,-0.05,7.0,7.35,0.21186602115631104,0.21186602115631104,0.0,0.0,0,0,0,-1
gmsc,xgboost,20,NumberOfOpenCreditLinesAndLoans,relative_minus_5,-0.05,6.0,6.3,0.04993200674653053,0.04993200674653053,0.0,0.0,0,0,0,-1
gmsc,xgboost,21,NumberOfOpenCreditLinesAndLoans,relative_minus_5,-0.05,19.0,19.95,0.08262580633163452,0.08262580633163452,0.0,0.0,0,0,0,-1
gmsc,xgboost,22,NumberOfOpenCreditLinesAndLoans,relative_minus_5,-0.05,2.0,2.1,0.06402596086263657,0.06402596086263657,0.0,0.0,0,0,0,-1
gmsc,xgboost,23,NumberOfOpenCreditLinesAndLoans,relative_minus_5,-0.05,8.0,8.4,0.08952450007200241,0.08952450007200241,0.0,0.0,0,0,0,-1
gmsc,xgboost,24,NumberOfOpenCreditLinesAndLoans,relative_minus_5,-0.05,4.0,4.2,0.034259602427482605,0.034259602427482605,0.0,0.0,0,0,0,-1
gmsc,xgboost,25,NumberOfOpenCreditLinesAndLoans,relative_minus_5,-0.05,7.0,7.35,0.49923714995384216,0.49923714995384216,0.0,0.0,0,0,0,-1
gmsc,xgboost,26,NumberOfOpenCreditLinesAndLoans,relative_minus_5,-0.05,5.0,5.25,0.46355003118515015,0.46355003118515015,0.0,0.0,0,0,0,-1
gmsc,xgboost,27,NumberOfOpenCreditLinesAndLoans,relative_minus_5,-0.05,10.0,10.5,0.16462162137031555,0.16462162137031555,0.0,0.0,0,0,0,-1
gmsc,xgboost,28,NumberOfOpenCreditLinesAndLoans,relative_minus_5,-0.05,1.0,1.05,0.222405344247818,0.222405344247818,0.0,0.0,0,0,0,-1
gmsc,xgboost,29,NumberOfOpenCreditLinesAndLoans,relative_minus_5,-0.05,9.0,9.45,0.06126169487833977,0.06126169487833977,0.0,0.0,0,0,0,-1
gmsc,xgboost,30,NumberOfOpenCreditLinesAndLoans,relative_minus_5,-0.05,13.0,13.65,0.25775110721588135,0.25775110721588135,0.0,0.0,0,0,0,-1
gmsc,xgboost,31,NumberOfOpenCreditLinesAndLoans,relative_minus_5,-0.05,6.0,6.3,0.14284415543079376,0.14284415543079376,0.0,0.0,0,0,0,-1
gmsc,xgboost,32,NumberOfOpenCreditLinesAndLoans,relative_minus_5,-0.05,3.0,3.15,0.1354866921901703,0.1354866921901703,0.0,0.0,0,0,0,-1
gmsc,xgboost,33,NumberOfOpenCreditLinesAndLoans,relative_minus_5,-0.05,9.0,9.45,0.0799889788031578,0.0799889788031578,0.0,0.0,0,0,0,-1
gmsc,xgboost,34,NumberOfOpenCreditLinesAndLoans,relative_minus_5,-0.05,10.0,10.5,0.5890139937400818,0.5890139937400818,0.0,0.0,1,1,0,-1
gmsc,xgboost,35,NumberOfOpenCreditLinesAndLoans,relative_minus_5,-0.05,12.0,12.6,0.7353684902191162,0.7353684902191162,0.0,0.0,1,1,0,-1
gmsc,xgboost,36,NumberOfOpenCreditLinesAndLoans,relative_minus_5,-0.05,4.0,4.2,0.1960536539554596,0.1960536539554596,0.0,0.0,0,0,0,-1
gmsc,xgboost,37,NumberOfOpenCreditLinesAndLoans,relative_minus_5,-0.05,3.0,3.15,0.35266122221946716,0.35266122221946716,0.0,0.0,0,0,0,-1
gmsc,xgboost,38,NumberOfOpenCreditLinesAndLoans,relative_minus_5,-0.05,7.0,7.35,0.2510143518447876,0.2510143518447876,0.0,0.0,0,0,0,-1
gmsc,xgboost,39,NumberOfOpenCreditLinesAndLoans,relative_minus_5,-0.05,14.0,14.7,0.4371665418148041,0.4371665418148041,0.0,0.0,0,0,0,-1
gmsc,xgboost,40,NumberOfOpenCreditLinesAndLoans,relative_minus_5,-0.05,3.0,3.15,0.13587132096290588,0.13587132096290588,0.0,0.0,0,0,0,-1
gmsc,xgboost,41,NumberOfOpenCreditLinesAndLoans,relative_minus_5,-0.05,15.0,15.75,0.18514351546764374,0.18514351546764374,0.0,0.0,0,0,0,-1
gmsc,xgboost,42,NumberOfOpenCreditLinesAndLoans,relative_minus_5,-0.05,7.0,7.35,0.10479436814785004,0.10479436814785004,0.0,0.0,0,0,0,-1
gmsc,xgboost,43,NumberOfOpenCreditLinesAndLoans,relative_minus_5,-0.05,8.0,8.4,0.5401685833930969,0.5401685833930969,0.0,0.0,1,1,0,-1
gmsc,xgboost,44,NumberOfOpenCreditLinesAndLoans,relative_minus_5,-0.05,7.0,7.35,0.11184448003768921,0.11184448003768921,0.0,0.0,0,0,0,-1
gmsc,xgboost,45,NumberOfOpenCreditLinesAndLoans,relative_minus_5,-0.05,9.0,9.45,0.12677443027496338,0.12677443027496338,0.0,0.0,0,0,0,-1
gmsc,xgboost,46,NumberOfOpenCreditLinesAndLoans,relative_minus_5,-0.05,4.0,4.2,0.25457122921943665,0.25457122921943665,0.0,0.0,0,0,0,-1
gmsc,xgboost,47,NumberOfOpenCreditLinesAndLoans,relative_minus_5,-0.05,7.0,7.35,0.05936043709516525,0.05936043709516525,0.0,0.0,0,0,0,-1
gmsc,xgboost,48,NumberOfOpenCreditLinesAndLoans,relative_minus_5,-0.05,4.0,4.2,0.08543100953102112,0.08543100953102112,0.0,0.0,0,0,0,-1
gmsc,xgboost,49,NumberOfOpenCreditLinesAndLoans,relative_minus_5,-0.05,1.0,1.05,0.03611498698592186,0.03611498698592186,0.0,0.0,0,0,0,-1
gmsc,xgboost,50,NumberOfOpenCreditLinesAndLoans,relative_minus_5,-0.05,6.0,6.3,0.1643790304660797,0.1643790304660797,0.0,0.0,0,0,0,-1
gmsc,xgboost,51,NumberOfOpenCreditLinesAndLoans,relative_minus_5,-0.05,21.0,22.05,0.2535255253314972,0.2628874182701111,0.009361892938613892,0.009361892938613892,0,0,0,-1
gmsc,xgboost,52,NumberOfOpenCreditLinesAndLoans,relative_minus_5,-0.05,6.0,6.3,0.043543241918087006,0.043543241918087006,0.0,0.0,0,0,0,-1
gmsc,xgboost,53,NumberOfOpenCreditLinesAndLoans,relative_minus_5,-0.05,3.0,3.15,0.8459349870681763,0.8459349870681763,0.0,0.0,1,1,0,-1
gmsc,xgboost,54,NumberOfOpenCreditLinesAndLoans,relative_minus_5,-0.05,8.0,8.4,0.9326093792915344,0.9326093792915344,0.0,0.0,1,1,0,-1
gmsc,xgboost,55,NumberOfOpenCreditLinesAndLoans,relative_minus_5,-0.05,12.0,12.6,0.0761168822646141,0.0761168822646141,0.0,0.0,0,0,0,-1
gmsc,xgboost,56,NumberOfOpenCreditLinesAndLoans,relative_minus_5,-0.05,6.0,6.3,0.15863358974456787,0.15863358974456787,0.0,0.0,0,0,0,-1
gmsc,xgboost,57,NumberOfOpenCreditLinesAndLoans,relative_minus_5,-0.05,2.0,2.1,0.5884111523628235,0.5884111523628235,0.0,0.0,1,1,0,-1
gmsc,xgboost,58,NumberOfOpenCreditLinesAndLoans,relative_minus_5,-0.05,3.0,3.15,0.6777902245521545,0.6777902245521545,0.0,0.0,1,1,0,-1
gmsc,xgboost,59,NumberOfOpenCreditLinesAndLoans,relative_minus_5,-0.05,10.0,10.5,0.628955066204071,0.628955066204071,0.0,0.0,1,1,0,-1
gmsc,xgboost,60,NumberOfOpenCreditLinesAndLoans,relative_minus_5,-0.05,4.0,4.2,0.17468222975730896,0.17468222975730896,0.0,0.0,0,0,0,-1
gmsc,xgboost,61,NumberOfOpenCreditLinesAndLoans,relative_minus_5,-0.05,12.0,12.6,0.3342180848121643,0.3342180848121643,0.0,0.0,0,0,0,-1
gmsc,xgboost,62,NumberOfOpenCreditLinesAndLoans,relative_minus_5,-0.05,7.0,7.35,0.46969300508499146,0.46969300508499146,0.0,0.0,0,0,0,-1
gmsc,xgboost,63,NumberOfOpenCreditLinesAndLoans,relative_minus_5,-0.05,5.0,5.25,0.09234394878149033,0.09234394878149033,0.0,0.0,0,0,0,-1
gmsc,xgboost,64,NumberOfOpenCreditLinesAndLoans,relative_minus_5,-0.05,9.0,9.45,0.36687836050987244,0.36687836050987244,0.0,0.0,0,0,0,-1
gmsc,xgboost,65,NumberOfOpenCreditLinesAndLoans,relative_minus_5,-0.05,4.0,4.2,0.3751460015773773,0.3751460015773773,0.0,0.0,0,0,0,-1
gmsc,xgboost,66,NumberOfOpenCreditLinesAndLoans,relative_minus_5,-0.05,6.0,6.3,0.1265122890472412,0.1265122890472412,0.0,0.0,0,0,0,-1
gmsc,xgboost,67,NumberOfOpenCreditLinesAndLoans,relative_minus_5,-0.05,3.0,3.15,0.4232633113861084,0.4232633113861084,0.0,0.0,0,0,0,-1
gmsc,xgboost,68,NumberOfOpenCreditLinesAndLoans,relative_minus_5,-0.05,4.0,4.2,0.10810530185699463,0.10810530185699463,0.0,0.0,0,0,0,-1
gmsc,xgboost,69,NumberOfOpenCreditLinesAndLoans,relative_minus_5,-0.05,10.0,10.5,0.5635039806365967,0.5635039806365967,0.0,0.0,1,1,0,-1
gmsc,xgboost,70,NumberOfOpenCreditLinesAndLoans,relative_minus_5,-0.05,14.0,14.7,0.39893585443496704,0.39893585443496704,0.0,0.0,0,0,0,-1
gmsc,xgboost,71,NumberOfOpenCreditLinesAndLoans,relative_minus_5,-0.05,6.0,6.3,0.10639937967061996,0.10639937967061996,0.0,0.0,0,0,0,-1
gmsc,xgboost,72,NumberOfOpenCreditLinesAndLoans,relative_minus_5,-0.05,11.0,11.55,0.19083499908447266,0.19083499908447266,0.0,0.0,0,0,0,-1
gmsc,xgboost,73,NumberOfOpenCreditLinesAndLoans,relative_minus_5,-0.05,9.0,9.45,0.3986653685569763,0.3986653685569763,0.0,0.0,0,0,0,-1
gmsc,xgboost,74,NumberOfOpenCreditLinesAndLoans,relative_minus_5,-0.05,3.0,3.15,0.18615853786468506,0.18615853786468506,0.0,0.0,0,0,0,-1
gmsc,xgboost,75,NumberOfOpenCreditLinesAndLoans,relative_minus_5,-0.05,2.0,2.1,0.5547352433204651,0.5547352433204651,0.0,0.0,1,1,0,-1
gmsc,xgboost,76,NumberOfOpenCreditLinesAndLoans,relative_minus_5,-0.05,18.0,18.9,0.11016565561294556,0.11016565561294556,0.0,0.0,0,0,0,-1
gmsc,xgboost,77,NumberOfOpenCreditLinesAndLoans,relative_minus_5,-0.05,8.0,8.4,0.05538906157016754,0.05538906157016754,0.0,0.0,0,0,0,-1
gmsc,xgboost,78,NumberOfOpenCreditLinesAndLoans,relative_minus_5,-0.05,6.0,6.3,0.05751078575849533,0.05751078575849533,0.0,0.0,0,0,0,-1
gmsc,xgboost,79,NumberOfOpenCreditLinesAndLoans,relative_minus_5,-0.05,5.0,5.25,0.2844957709312439,0.2844957709312439,0.0,0.0,0,0,0,-1
gmsc,xgboost,80,NumberOfOpenCreditLinesAndLoans,relative_minus_5,-0.05,8.0,8.4,0.1406598836183548,0.1406598836183548,0.0,0.0,0,0,0,-1
gmsc,xgboost,81,NumberOfOpenCreditLinesAndLoans,relative_minus_5,-0.05,7.0,7.35,0.16070415079593658,0.16070415079593658,0.0,0.0,0,0,0,-1
gmsc,xgboost,82,NumberOfOpenCreditLinesAndLoans,relative_minus_5,-0.05,10.0,10.5,0.4081357717514038,0.4081357717514038,0.0,0.0,0,0,0,-1
gmsc,xgboost,83,NumberOfOpenCreditLinesAndLoans,relative_minus_5,-0.05,14.0,14.7,0.06326539814472198,0.06326539814472198,0.0,0.0,0,0,0,-1
gmsc,xgboost,84,NumberOfOpenCreditLinesAndLoans,relative_minus_5,-0.05,10.0,10.5,0.6416367292404175,0.6416367292404175,0.0,0.0,1,1,0,-1
gmsc,xgboost,85,NumberOfOpenCreditLinesAndLoans,relative_minus_5,-0.05,6.0,6.3,0.06614423543214798,0.06614423543214798,0.0,0.0,0,0,0,-1
gmsc,xgboost,86,NumberOfOpenCreditLinesAndLoans,relative_minus_5,-0.05,8.0,8.4,0.12697042524814606,0.12697042524814606,0.0,0.0,0,0,0,-1
gmsc,xgboost,87,NumberOfOpenCreditLinesAndLoans,relative_minus_5,-0.05,5.0,5.25,0.106936976313591,0.106936976313591,0.0,0.0,0,0,0,-1
gmsc,xgboost,88,NumberOfOpenCreditLinesAndLoans,relative_minus_5,-0.05,6.0,6.3,0.12650665640830994,0.12650665640830994,0.0,0.0,0,0,0,-1
gmsc,xgboost,89,NumberOfOpenCreditLinesAndLoans,relative_minus_5,-0.05,3.0,3.15,0.3815006911754608,0.3815006911754608,0.0,0.0,0,0,0,-1
gmsc,xgboost,90,NumberOfOpenCreditLinesAndLoans,relative_minus_5,-0.05,7.0,7.35,0.044368140399456024,0.044368140399456024,0.0,0.0,0,0,0,-1
gmsc,xgboost,91,NumberOfOpenCreditLinesAndLoans,relative_minus_5,-0.05,20.0,21.0,0.1482551395893097,0.1500283181667328,0.0017731785774230957,0.0017731785774230957,0,0,0,-1
gmsc,xgboost,92,NumberOfOpenCreditLinesAndLoans,relative_minus_5,-0.05,1.0,1.05,0.06322672218084335,0.06322672218084335,0.0,0.0,0,0,0,-1
gmsc,xgboost,93,NumberOfOpenCreditLinesAndLoans,relative_minus_5,-0.05,15.0,15.75,0.1017114520072937,0.1017114520072937,0.0,0.0,0,0,0,-1
gmsc,xgboost,94,NumberOfOpenCreditLinesAndLoans,relative_minus_5,-0.05,10.0,10.5,0.14927543699741364,0.14927543699741364,0.0,0.0,0,0,0,-1
gmsc,xgboost,95,NumberOfOpenCreditLinesAndLoans,relative_minus_5,-0.05,8.0,8.4,0.22754548490047455,0.22754548490047455,0.0,0.0,0,0,0,-1
gmsc,xgboost,96,NumberOfOpenCreditLinesAndLoans,relative_minus_5,-0.05,3.0,3.15,0.13160045444965363,0.13160045444965363,0.0,0.0,0,0,0,-1
gmsc,xgboost,97,NumberOfOpenCreditLinesAndLoans,relative_minus_5,-0.05,11.0,11.55,0.0985931009054184,0.0985931009054184,0.0,0.0,0,0,0,-1
gmsc,xgboost,98,NumberOfOpenCreditLinesAndLoans,relative_minus_5,-0.05,9.0,9.45,0.35479238629341125,0.35479238629341125,0.0,0.0,0,0,0,-1
gmsc,xgboost,99,NumberOfOpenCreditLinesAndLoans,relative_minus_5,-0.05,19.0,19.95,0.9183781147003174,0.9183781147003174,0.0,0.0,1,1,0,-1
gmsc,xgboost,0,NumberOfOpenCreditLinesAndLoans,relative_plus_5,0.05,17.0,17.85,0.08203070610761642,0.08203070610761642,0.0,0.0,0,0,0,-1
gmsc,xgboost,1,NumberOfOpenCreditLinesAndLoans,relative_plus_5,0.05,5.0,5.25,0.07381805032491684,0.07381805032491684,0.0,0.0,0,0,0,-1
gmsc,xgboost,2,NumberOfOpenCreditLinesAndLoans,relative_plus_5,0.05,5.0,5.25,0.057695530354976654,0.057695530354976654,0.0,0.0,0,0,0,-1
gmsc,xgboost,3,NumberOfOpenCreditLinesAndLoans,relative_plus_5,0.05,13.0,13.65,0.29744529724121094,0.29744529724121094,0.0,0.0,0,0,0,-1
gmsc,xgboost,4,NumberOfOpenCreditLinesAndLoans,relative_plus_5,0.05,4.0,4.2,0.10023795068264008,0.10023795068264008,0.0,0.0,0,0,0,-1
gmsc,xgboost,5,NumberOfOpenCreditLinesAndLoans,relative_plus_5,0.05,8.0,8.4,0.19237148761749268,0.19237148761749268,0.0,0.0,0,0,0,-1
gmsc,xgboost,6,NumberOfOpenCreditLinesAndLoans,relative_plus_5,0.05,5.0,5.25,0.2720617651939392,0.2720617651939392,0.0,0.0,0,0,0,-1
gmsc,xgboost,7,NumberOfOpenCreditLinesAndLoans,relative_plus_5,0.05,3.0,3.15,0.2072291374206543,0.2072291374206543,0.0,0.0,0,0,0,-1
gmsc,xgboost,8,NumberOfOpenCreditLinesAndLoans,relative_plus_5,0.05,2.0,2.1,0.14596141874790192,0.14596141874790192,0.0,0.0,0,0,0,-1
gmsc,xgboost,9,NumberOfOpenCreditLinesAndLoans,relative_plus_5,0.05,6.0,6.3,0.3907460570335388,0.3907460570335388,0.0,0.0,0,0,0,-1
gmsc,xgboost,10,NumberOfOpenCreditLinesAndLoans,relative_plus_5,0.05,9.0,9.45,0.43983033299446106,0.43983033299446106,0.0,0.0,0,0,0,-1
gmsc,xgboost,11,NumberOfOpenCreditLinesAndLoans,relative_plus_5,0.05,14.0,14.7,0.2212306559085846,0.2212306559085846,0.0,0.0,0,0,0,-1
gmsc,xgboost,12,NumberOfOpenCreditLinesAndLoans,relative_plus_5,0.05,6.0,6.3,0.034909687936306,0.034909687936306,0.0,0.0,0,0,0,-1
gmsc,xgboost,13,NumberOfOpenCreditLinesAndLoans,relative_plus_5,0.05,0.0,0.35000000000000003,0.8862441778182983,0.8862441778182983,0.0,0.0,1,1,0,-1
gmsc,xgboost,14,NumberOfOpenCreditLinesAndLoans,relative_plus_5,0.05,4.0,4.2,0.30772891640663147,0.30772891640663147,0.0,0.0,0,0,0,-1
gmsc,xgboost,15,NumberOfOpenCreditLinesAndLoans,relative_plus_5,0.05,17.0,17.85,0.2524952292442322,0.2524952292442322,0.0,0.0,0,0,0,-1
gmsc,xgboost,16,NumberOfOpenCreditLinesAndLoans,relative_plus_5,0.05,4.0,4.2,0.48664188385009766,0.48664188385009766,0.0,0.0,0,0,0,-1
gmsc,xgboost,17,NumberOfOpenCreditLinesAndLoans,relative_plus_5,0.05,10.0,10.5,0.09193970263004303,0.09193970263004303,0.0,0.0,0,0,0,-1
gmsc,xgboost,18,NumberOfOpenCreditLinesAndLoans,relative_plus_5,0.05,3.0,3.15,0.3769620656967163,0.3769620656967163,0.0,0.0,0,0,0,-1
gmsc,xgboost,19,NumberOfOpenCreditLinesAndLoans,relative_plus_5,0.05,7.0,7.35,0.21186602115631104,0.21186602115631104,0.0,0.0,0,0,0,-1
gmsc,xgboost,20,NumberOfOpenCreditLinesAndLoans,relative_plus_5,0.05,6.0,6.3,0.04993200674653053,0.04993200674653053,0.0,0.0,0,0,0,-1
gmsc,xgboost,21,NumberOfOpenCreditLinesAndLoans,relative_plus_5,0.05,19.0,19.95,0.08262580633163452,0.08262580633163452,0.0,0.0,0,0,0,-1
gmsc,xgboost,22,NumberOfOpenCreditLinesAndLoans,relative_plus_5,0.05,2.0,2.1,0.06402596086263657,0.06402596086263657,0.0,0.0,0,0,0,-1
gmsc,xgboost,23,NumberOfOpenCreditLinesAndLoans,relative_plus_5,0.05,8.0,8.4,0.08952450007200241,0.08952450007200241,0.0,0.0,0,0,0,-1
gmsc,xgboost,24,NumberOfOpenCreditLinesAndLoans,relative_plus_5,0.05,4.0,4.2,0.034259602427482605,0.034259602427482605,0.0,0.0,0,0,0,-1
gmsc,xgboost,25,NumberOfOpenCreditLinesAndLoans,relative_plus_5,0.05,7.0,7.35,0.49923714995384216,0.49923714995384216,0.0,0.0,0,0,0,-1
gmsc,xgboost,26,NumberOfOpenCreditLinesAndLoans,relative_plus_5,0.05,5.0,5.25,0.46355003118515015,0.46355003118515015,0.0,0.0,0,0,0,-1
gmsc,xgboost,27,NumberOfOpenCreditLinesAndLoans,relative_plus_5,0.05,10.0,10.5,0.16462162137031555,0.16462162137031555,0.0,0.0,0,0,0,-1
gmsc,xgboost,28,NumberOfOpenCreditLinesAndLoans,relative_plus_5,0.05,1.0,1.05,0.222405344247818,0.222405344247818,0.0,0.0,0,0,0,-1
gmsc,xgboost,29,NumberOfOpenCreditLinesAndLoans,relative_plus_5,0.05,9.0,9.45,0.06126169487833977,0.06126169487833977,0.0,0.0,0,0,0,-1
gmsc,xgboost,30,NumberOfOpenCreditLinesAndLoans,relative_plus_5,0.05,13.0,13.65,0.25775110721588135,0.25775110721588135,0.0,0.0,0,0,0,-1
gmsc,xgboost,31,NumberOfOpenCreditLinesAndLoans,relative_plus_5,0.05,6.0,6.3,0.14284415543079376,0.14284415543079376,0.0,0.0,0,0,0,-1
gmsc,xgboost,32,NumberOfOpenCreditLinesAndLoans,relative_plus_5,0.05,3.0,3.15,0.1354866921901703,0.1354866921901703,0.0,0.0,0,0,0,-1
gmsc,xgboost,33,NumberOfOpenCreditLinesAndLoans,relative_plus_5,0.05,9.0,9.45,0.0799889788031578,0.0799889788031578,0.0,0.0,0,0,0,-1
gmsc,xgboost,34,NumberOfOpenCreditLinesAndLoans,relative_plus_5,0.05,10.0,10.5,0.5890139937400818,0.5890139937400818,0.0,0.0,1,1,0,-1
gmsc,xgboost,35,NumberOfOpenCreditLinesAndLoans,relative_plus_5,0.05,12.0,12.6,0.7353684902191162,0.7353684902191162,0.0,0.0,1,1,0,-1
gmsc,xgboost,36,NumberOfOpenCreditLinesAndLoans,relative_plus_5,0.05,4.0,4.2,0.1960536539554596,0.1960536539554596,0.0,0.0,0,0,0,-1
gmsc,xgboost,37,NumberOfOpenCreditLinesAndLoans,relative_plus_5,0.05,3.0,3.15,0.35266122221946716,0.35266122221946716,0.0,0.0,0,0,0,-1
gmsc,xgboost,38,NumberOfOpenCreditLinesAndLoans,relative_plus_5,0.05,7.0,7.35,0.2510143518447876,0.2510143518447876,0.0,0.0,0,0,0,-1
gmsc,xgboost,39,NumberOfOpenCreditLinesAndLoans,relative_plus_5,0.05,14.0,14.7,0.4371665418148041,0.4371665418148041,0.0,0.0,0,0,0,-1
gmsc,xgboost,40,NumberOfOpenCreditLinesAndLoans,relative_plus_5,0.05,3.0,3.15,0.13587132096290588,0.13587132096290588,0.0,0.0,0,0,0,-1
gmsc,xgboost,41,NumberOfOpenCreditLinesAndLoans,relative_plus_5,0.05,15.0,15.75,0.18514351546764374,0.18514351546764374,0.0,0.0,0,0,0,-1
gmsc,xgboost,42,NumberOfOpenCreditLinesAndLoans,relative_plus_5,0.05,7.0,7.35,0.10479436814785004,0.10479436814785004,0.0,0.0,0,0,0,-1
gmsc,xgboost,43,NumberOfOpenCreditLinesAndLoans,relative_plus_5,0.05,8.0,8.4,0.5401685833930969,0.5401685833930969,0.0,0.0,1,1,0,-1
gmsc,xgboost,44,NumberOfOpenCreditLinesAndLoans,relative_plus_5,0.05,7.0,7.35,0.11184448003768921,0.11184448003768921,0.0,0.0,0,0,0,-1
gmsc,xgboost,45,NumberOfOpenCreditLinesAndLoans,relative_plus_5,0.05,9.0,9.45,0.12677443027496338,0.12677443027496338,0.0,0.0,0,0,0,-1
gmsc,xgboost,46,NumberOfOpenCreditLinesAndLoans,relative_plus_5,0.05,4.0,4.2,0.25457122921943665,0.25457122921943665,0.0,0.0,0,0,0,-1
gmsc,xgboost,47,NumberOfOpenCreditLinesAndLoans,relative_plus_5,0.05,7.0,7.35,0.05936043709516525,0.05936043709516525,0.0,0.0,0,0,0,-1
gmsc,xgboost,48,NumberOfOpenCreditLinesAndLoans,relative_plus_5,0.05,4.0,4.2,0.08543100953102112,0.08543100953102112,0.0,0.0,0,0,0,-1
gmsc,xgboost,49,NumberOfOpenCreditLinesAndLoans,relative_plus_5,0.05,1.0,1.05,0.03611498698592186,0.03611498698592186,0.0,0.0,0,0,0,-1
gmsc,xgboost,50,NumberOfOpenCreditLinesAndLoans,relative_plus_5,0.05,6.0,6.3,0.1643790304660797,0.1643790304660797,0.0,0.0,0,0,0,-1
gmsc,xgboost,51,NumberOfOpenCreditLinesAndLoans,relative_plus_5,0.05,21.0,22.05,0.2535255253314972,0.2628874182701111,0.009361892938613892,0.009361892938613892,0,0,0,-1
gmsc,xgboost,52,NumberOfOpenCreditLinesAndLoans,relative_plus_5,0.05,6.0,6.3,0.043543241918087006,0.043543241918087006,0.0,0.0,0,0,0,-1
gmsc,xgboost,53,NumberOfOpenCreditLinesAndLoans,relative_plus_5,0.05,3.0,3.15,0.8459349870681763,0.8459349870681763,0.0,0.0,1,1,0,-1
gmsc,xgboost,54,NumberOfOpenCreditLinesAndLoans,relative_plus_5,0.05,8.0,8.4,0.9326093792915344,0.9326093792915344,0.0,0.0,1,1,0,-1
gmsc,xgboost,55,NumberOfOpenCreditLinesAndLoans,relative_plus_5,0.05,12.0,12.6,0.0761168822646141,0.0761168822646141,0.0,0.0,0,0,0,-1
gmsc,xgboost,56,NumberOfOpenCreditLinesAndLoans,relative_plus_5,0.05,6.0,6.3,0.15863358974456787,0.15863358974456787,0.0,0.0,0,0,0,-1
gmsc,xgboost,57,NumberOfOpenCreditLinesAndLoans,relative_plus_5,0.05,2.0,2.1,0.5884111523628235,0.5884111523628235,0.0,0.0,1,1,0,-1
gmsc,xgboost,58,NumberOfOpenCreditLinesAndLoans,relative_plus_5,0.05,3.0,3.15,0.6777902245521545,0.6777902245521545,0.0,0.0,1,1,0,-1
gmsc,xgboost,59,NumberOfOpenCreditLinesAndLoans,relative_plus_5,0.05,10.0,10.5,0.628955066204071,0.628955066204071,0.0,0.0,1,1,0,-1
gmsc,xgboost,60,NumberOfOpenCreditLinesAndLoans,relative_plus_5,0.05,4.0,4.2,0.17468222975730896,0.17468222975730896,0.0,0.0,0,0,0,-1
gmsc,xgboost,61,NumberOfOpenCreditLinesAndLoans,relative_plus_5,0.05,12.0,12.6,0.3342180848121643,0.3342180848121643,0.0,0.0,0,0,0,-1
gmsc,xgboost,62,NumberOfOpenCreditLinesAndLoans,relative_plus_5,0.05,7.0,7.35,0.46969300508499146,0.46969300508499146,0.0,0.0,0,0,0,-1
gmsc,xgboost,63,NumberOfOpenCreditLinesAndLoans,relative_plus_5,0.05,5.0,5.25,0.09234394878149033,0.09234394878149033,0.0,0.0,0,0,0,-1
gmsc,xgboost,64,NumberOfOpenCreditLinesAndLoans,relative_plus_5,0.05,9.0,9.45,0.36687836050987244,0.36687836050987244,0.0,0.0,0,0,0,-1
gmsc,xgboost,65,NumberOfOpenCreditLinesAndLoans,relative_plus_5,0.05,4.0,4.2,0.3751460015773773,0.3751460015773773,0.0,0.0,0,0,0,-1
gmsc,xgboost,66,NumberOfOpenCreditLinesAndLoans,relative_plus_5,0.05,6.0,6.3,0.1265122890472412,0.1265122890472412,0.0,0.0,0,0,0,-1
gmsc,xgboost,67,NumberOfOpenCreditLinesAndLoans,relative_plus_5,0.05,3.0,3.15,0.4232633113861084,0.4232633113861084,0.0,0.0,0,0,0,-1
gmsc,xgboost,68,NumberOfOpenCreditLinesAndLoans,relative_plus_5,0.05,4.0,4.2,0.10810530185699463,0.10810530185699463,0.0,0.0,0,0,0,-1
gmsc,xgboost,69,NumberOfOpenCreditLinesAndLoans,relative_plus_5,0.05,10.0,10.5,0.5635039806365967,0.5635039806365967,0.0,0.0,1,1,0,-1
gmsc,xgboost,70,NumberOfOpenCreditLinesAndLoans,relative_plus_5,0.05,14.0,14.7,0.39893585443496704,0.39893585443496704,0.0,0.0,0,0,0,-1
gmsc,xgboost,71,NumberOfOpenCreditLinesAndLoans,relative_plus_5,0.05,6.0,6.3,0.10639937967061996,0.10639937967061996,0.0,0.0,0,0,0,-1
gmsc,xgboost,72,NumberOfOpenCreditLinesAndLoans,relative_plus_5,0.05,11.0,11.55,0.19083499908447266,0.19083499908447266,0.0,0.0,0,0,0,-1
gmsc,xgboost,73,NumberOfOpenCreditLinesAndLoans,relative_plus_5,0.05,9.0,9.45,0.3986653685569763,0.3986653685569763,0.0,0.0,0,0,0,-1
gmsc,xgboost,74,NumberOfOpenCreditLinesAndLoans,relative_plus_5,0.05,3.0,3.15,0.18615853786468506,0.18615853786468506,0.0,0.0,0,0,0,-1
gmsc,xgboost,75,NumberOfOpenCreditLinesAndLoans,relative_plus_5,0.05,2.0,2.1,0.5547352433204651,0.5547352433204651,0.0,0.0,1,1,0,-1
gmsc,xgboost,76,NumberOfOpenCreditLinesAndLoans,relative_plus_5,0.05,18.0,18.9,0.11016565561294556,0.11016565561294556,0.0,0.0,0,0,0,-1
gmsc,xgboost,77,NumberOfOpenCreditLinesAndLoans,relative_plus_5,0.05,8.0,8.4,0.05538906157016754,0.05538906157016754,0.0,0.0,0,0,0,-1
gmsc,xgboost,78,NumberOfOpenCreditLinesAndLoans,relative_plus_5,0.05,6.0,6.3,0.05751078575849533,0.05751078575849533,0.0,0.0,0,0,0,-1
gmsc,xgboost,79,NumberOfOpenCreditLinesAndLoans,relative_plus_5,0.05,5.0,5.25,0.2844957709312439,0.2844957709312439,0.0,0.0,0,0,0,-1
gmsc,xgboost,80,NumberOfOpenCreditLinesAndLoans,relative_plus_5,0.05,8.0,8.4,0.1406598836183548,0.1406598836183548,0.0,0.0,0,0,0,-1
gmsc,xgboost,81,NumberOfOpenCreditLinesAndLoans,relative_plus_5,0.05,7.0,7.35,0.16070415079593658,0.16070415079593658,0.0,0.0,0,0,0,-1
gmsc,xgboost,82,NumberOfOpenCreditLinesAndLoans,relative_plus_5,0.05,10.0,10.5,0.4081357717514038,0.4081357717514038,0.0,0.0,0,0,0,-1
gmsc,xgboost,83,NumberOfOpenCreditLinesAndLoans,relative_plus_5,0.05,14.0,14.7,0.06326539814472198,0.06326539814472198,0.0,0.0,0,0,0,-1
gmsc,xgboost,84,NumberOfOpenCreditLinesAndLoans,relative_plus_5,0.05,10.0,10.5,0.6416367292404175,0.6416367292404175,0.0,0.0,1,1,0,-1
gmsc,xgboost,85,NumberOfOpenCreditLinesAndLoans,relative_plus_5,0.05,6.0,6.3,0.06614423543214798,0.06614423543214798,0.0,0.0,0,0,0,-1
gmsc,xgboost,86,NumberOfOpenCreditLinesAndLoans,relative_plus_5,0.05,8.0,8.4,0.12697042524814606,0.12697042524814606,0.0,0.0,0,0,0,-1
gmsc,xgboost,87,NumberOfOpenCreditLinesAndLoans,relative_plus_5,0.05,5.0,5.25,0.106936976313591,0.106936976313591,0.0,0.0,0,0,0,-1
gmsc,xgboost,88,NumberOfOpenCreditLinesAndLoans,relative_plus_5,0.05,6.0,6.3,0.12650665640830994,0.12650665640830994,0.0,0.0,0,0,0,-1
gmsc,xgboost,89,NumberOfOpenCreditLinesAndLoans,relative_plus_5,0.05,3.0,3.15,0.3815006911754608,0.3815006911754608,0.0,0.0,0,0,0,-1
gmsc,xgboost,90,NumberOfOpenCreditLinesAndLoans,relative_plus_5,0.05,7.0,7.35,0.044368140399456024,0.044368140399456024,0.0,0.0,0,0,0,-1
gmsc,xgboost,91,NumberOfOpenCreditLinesAndLoans,relative_plus_5,0.05,20.0,21.0,0.1482551395893097,0.1500283181667328,0.0017731785774230957,0.0017731785774230957,0,0,0,-1
gmsc,xgboost,92,NumberOfOpenCreditLinesAndLoans,relative_plus_5,0.05,1.0,1.05,0.06322672218084335,0.06322672218084335,0.0,0.0,0,0,0,-1
gmsc,xgboost,93,NumberOfOpenCreditLinesAndLoans,relative_plus_5,0.05,15.0,15.75,0.1017114520072937,0.1017114520072937,0.0,0.0,0,0,0,-1
gmsc,xgboost,94,NumberOfOpenCreditLinesAndLoans,relative_plus_5,0.05,10.0,10.5,0.14927543699741364,0.14927543699741364,0.0,0.0,0,0,0,-1
gmsc,xgboost,95,NumberOfOpenCreditLinesAndLoans,relative_plus_5,0.05,8.0,8.4,0.22754548490047455,0.22754548490047455,0.0,0.0,0,0,0,-1
gmsc,xgboost,96,NumberOfOpenCreditLinesAndLoans,relative_plus_5,0.05,3.0,3.15,0.13160045444965363,0.13160045444965363,0.0,0.0,0,0,0,-1
gmsc,xgboost,97,NumberOfOpenCreditLinesAndLoans,relative_plus_5,0.05,11.0,11.55,0.0985931009054184,0.0985931009054184,0.0,0.0,0,0,0,-1
gmsc,xgboost,98,NumberOfOpenCreditLinesAndLoans,relative_plus_5,0.05,9.0,9.45,0.35479238629341125,0.35479238629341125,0.0,0.0,0,0,0,-1
gmsc,xgboost,99,NumberOfOpenCreditLinesAndLoans,relative_plus_5,0.05,19.0,19.95,0.9183781147003174,0.9183781147003174,0.0,0.0,1,1,0,-1
gmsc,xgboost,0,NumberOfOpenCreditLinesAndLoans,relative_minus_10,-0.1,17.0,18.7,0.08203070610761642,0.08007802814245224,-0.0019526779651641846,0.0019526779651641846,0,0,0,-1
gmsc,xgboost,1,NumberOfOpenCreditLinesAndLoans,relative_minus_10,-0.1,5.0,5.5,0.07381805032491684,0.07381805032491684,0.0,0.0,0,0,0,-1
gmsc,xgboost,2,NumberOfOpenCreditLinesAndLoans,relative_minus_10,-0.1,5.0,5.5,0.057695530354976654,0.057695530354976654,0.0,0.0,0,0,0,-1
gmsc,xgboost,3,NumberOfOpenCreditLinesAndLoans,relative_minus_10,-0.1,13.0,14.3,0.29744529724121094,0.32606372237205505,0.028618425130844116,0.028618425130844116,0,0,0,-1
gmsc,xgboost,4,NumberOfOpenCreditLinesAndLoans,relative_minus_10,-0.1,4.0,4.4,0.10023795068264008,0.10023795068264008,0.0,0.0,0,0,0,-1
gmsc,xgboost,5,NumberOfOpenCreditLinesAndLoans,relative_minus_10,-0.1,8.0,8.8,0.19237148761749268,0.19237148761749268,0.0,0.0,0,0,0,-1
gmsc,xgboost,6,NumberOfOpenCreditLinesAndLoans,relative_minus_10,-0.1,5.0,5.5,0.2720617651939392,0.2720617651939392,0.0,0.0,0,0,0,-1
gmsc,xgboost,7,NumberOfOpenCreditLinesAndLoans,relative_minus_10,-0.1,3.0,3.3,0.2072291374206543,0.2072291374206543,0.0,0.0,0,0,0,-1
gmsc,xgboost,8,NumberOfOpenCreditLinesAndLoans,relative_minus_10,-0.1,2.0,2.2,0.14596141874790192,0.14596141874790192,0.0,0.0,0,0,0,-1
gmsc,xgboost,9,NumberOfOpenCreditLinesAndLoans,relative_minus_10,-0.1,6.0,6.6,0.3907460570335388,0.3907460570335388,0.0,0.0,0,0,0,-1
gmsc,xgboost,10,NumberOfOpenCreditLinesAndLoans,relative_minus_10,-0.1,9.0,9.9,0.43983033299446106,0.43983033299446106,0.0,0.0,0,0,0,-1
gmsc,xgboost,11,NumberOfOpenCreditLinesAndLoans,relative_minus_10,-0.1,14.0,15.4,0.2212306559085846,0.24785682559013367,0.026626169681549072,0.026626169681549072,0,0,0,-1
gmsc,xgboost,12,NumberOfOpenCreditLinesAndLoans,relative_minus_10,-0.1,6.0,6.6,0.034909687936306,0.034909687936306,0.0,0.0,0,0,0,-1
gmsc,xgboost,13,NumberOfOpenCreditLinesAndLoans,relative_minus_10,-0.1,0.0,0.7000000000000001,0.8862441778182983,0.8862441778182983,0.0,0.0,1,1,0,-1
gmsc,xgboost,14,NumberOfOpenCreditLinesAndLoans,relative_minus_10,-0.1,4.0,4.4,0.30772891640663147,0.30772891640663147,0.0,0.0,0,0,0,-1
gmsc,xgboost,15,NumberOfOpenCreditLinesAndLoans,relative_minus_10,-0.1,17.0,18.7,0.2524952292442322,0.2538921535015106,0.0013969242572784424,0.0013969242572784424,0,0,0,-1
gmsc,xgboost,16,NumberOfOpenCreditLinesAndLoans,relative_minus_10,-0.1,4.0,4.4,0.48664188385009766,0.48664188385009766,0.0,0.0,0,0,0,-1
gmsc,xgboost,17,NumberOfOpenCreditLinesAndLoans,relative_minus_10,-0.1,10.0,11.0,0.09193970263004303,0.09499282389879227,0.003053121268749237,0.003053121268749237,0,0,0,-1
gmsc,xgboost,18,NumberOfOpenCreditLinesAndLoans,relative_minus_10,-0.1,3.0,3.3,0.3769620656967163,0.3769620656967163,0.0,0.0,0,0,0,-1
gmsc,xgboost,19,NumberOfOpenCreditLinesAndLoans,relative_minus_10,-0.1,7.0,7.7,0.21186602115631104,0.21186602115631104,0.0,0.0,0,0,0,-1
gmsc,xgboost,20,NumberOfOpenCreditLinesAndLoans,relative_minus_10,-0.1,6.0,6.6,0.04993200674653053,0.04993200674653053,0.0,0.0,0,0,0,-1
gmsc,xgboost,21,NumberOfOpenCreditLinesAndLoans,relative_minus_10,-0.1,19.0,20.9,0.08262580633163452,0.08363845944404602,0.001012653112411499,0.001012653112411499,0,0,0,-1
gmsc,xgboost,22,NumberOfOpenCreditLinesAndLoans,relative_minus_10,-0.1,2.0,2.2,0.06402596086263657,0.06402596086263657,0.0,0.0,0,0,0,-1
gmsc,xgboost,23,NumberOfOpenCreditLinesAndLoans,relative_minus_10,-0.1,8.0,8.8,0.08952450007200241,0.08952450007200241,0.0,0.0,0,0,0,-1
gmsc,xgboost,24,NumberOfOpenCreditLinesAndLoans,relative_minus_10,-0.1,4.0,4.4,0.034259602427482605,0.034259602427482605,0.0,0.0,0,0,0,-1
gmsc,xgboost,25,NumberOfOpenCreditLinesAndLoans,relative_minus_10,-0.1,7.0,7.7,0.49923714995384216,0.49923714995384216,0.0,0.0,0,0,0,-1
gmsc,xgboost,26,NumberOfOpenCreditLinesAndLoans,relative_minus_10,-0.1,5.0,5.5,0.46355003118515015,0.46355003118515015,0.0,0.0,0,0,0,-1
gmsc,xgboost,27,NumberOfOpenCreditLinesAndLoans,relative_minus_10,-0.1,10.0,11.0,0.16462162137031555,0.16499823331832886,0.00037661194801330566,0.00037661194801330566,0,0,0,-1
gmsc,xgboost,28,NumberOfOpenCreditLinesAndLoans,relative_minus_10,-0.1,1.0,1.1,0.222405344247818,0.222405344247818,0.0,0.0,0,0,0,-1
gmsc,xgboost,29,NumberOfOpenCreditLinesAndLoans,relative_minus_10,-0.1,9.0,9.9,0.06126169487833977,0.06126169487833977,0.0,0.0,0,0,0,-1
gmsc,xgboost,30,NumberOfOpenCreditLinesAndLoans,relative_minus_10,-0.1,13.0,14.3,0.25775110721588135,0.2904808521270752,0.03272974491119385,0.03272974491119385,0,0,0,-1
gmsc,xgboost,31,NumberOfOpenCreditLinesAndLoans,relative_minus_10,-0.1,6.0,6.6,0.14284415543079376,0.14284415543079376,0.0,0.0,0,0,0,-1
gmsc,xgboost,32,NumberOfOpenCreditLinesAndLoans,relative_minus_10,-0.1,3.0,3.3,0.1354866921901703,0.1354866921901703,0.0,0.0,0,0,0,-1
gmsc,xgboost,33,NumberOfOpenCreditLinesAndLoans,relative_minus_10,-0.1,9.0,9.9,0.0799889788031578,0.0799889788031578,0.0,0.0,0,0,0,-1
gmsc,xgboost,34,NumberOfOpenCreditLinesAndLoans,relative_minus_10,-0.1,10.0,11.0,0.5890139937400818,0.5885934233665466,-0.00042057037353515625,0.00042057037353515625,1,1,0,-1
gmsc,xgboost,35,NumberOfOpenCreditLinesAndLoans,relative_minus_10,-0.1,12.0,13.2,0.7353684902191162,0.7219244837760925,-0.013444006443023682,0.013444006443023682,1,1,0,-1
gmsc,xgboost,36,NumberOfOpenCreditLinesAndLoans,relative_minus_10,-0.1,4.0,4.4,0.1960536539554596,0.1960536539554596,0.0,0.0,0,0,0,-1
gmsc,xgboost,37,NumberOfOpenCreditLinesAndLoans,relative_minus_10,-0.1,3.0,3.3,0.35266122221946716,0.35266122221946716,0.0,0.0,0,0,0,-1
gmsc,xgboost,38,NumberOfOpenCreditLinesAndLoans,relative_minus_10,-0.1,7.0,7.7,0.2510143518447876,0.2510143518447876,0.0,0.0,0,0,0,-1
gmsc,xgboost,39,NumberOfOpenCreditLinesAndLoans,relative_minus_10,-0.1,14.0,15.4,0.4371665418148041,0.5036025643348694,0.06643602252006531,0.06643602252006531,0,1,1,-1
gmsc,xgboost,40,NumberOfOpenCreditLinesAndLoans,relative_minus_10,-0.1,3.0,3.3,0.13587132096290588,0.13587132096290588,0.0,0.0,0,0,0,-1
gmsc,xgboost,41,NumberOfOpenCreditLinesAndLoans,relative_minus_10,-0.1,15.0,16.5,0.18514351546764374,0.18514351546764374,0.0,0.0,0,0,0,-1
gmsc,xgboost,42,NumberOfOpenCreditLinesAndLoans,relative_minus_10,-0.1,7.0,7.7,0.10479436814785004,0.10479436814785004,0.0,0.0,0,0,0,-1
gmsc,xgboost,43,NumberOfOpenCreditLinesAndLoans,relative_minus_10,-0.1,8.0,8.8,0.5401685833930969,0.5401685833930969,0.0,0.0,1,1,0,-1
gmsc,xgboost,44,NumberOfOpenCreditLinesAndLoans,relative_minus_10,-0.1,7.0,7.7,0.11184448003768921,0.11184448003768921,0.0,0.0,0,0,0,-1
gmsc,xgboost,45,NumberOfOpenCreditLinesAndLoans,relative_minus_10,-0.1,9.0,9.9,0.12677443027496338,0.12677443027496338,0.0,0.0,0,0,0,-1
gmsc,xgboost,46,NumberOfOpenCreditLinesAndLoans,relative_minus_10,-0.1,4.0,4.4,0.25457122921943665,0.25457122921943665,0.0,0.0,0,0,0,-1
gmsc,xgboost,47,NumberOfOpenCreditLinesAndLoans,relative_minus_10,-0.1,7.0,7.7,0.05936043709516525,0.05936043709516525,0.0,0.0,0,0,0,-1
gmsc,xgboost,48,NumberOfOpenCreditLinesAndLoans,relative_minus_10,-0.1,4.0,4.4,0.08543100953102112,0.08543100953102112,0.0,0.0,0,0,0,-1
gmsc,xgboost,49,NumberOfOpenCreditLinesAndLoans,relative_minus_10,-0.1,1.0,1.1,0.03611498698592186,0.03611498698592186,0.0,0.0,0,0,0,-1
gmsc,xgboost,50,NumberOfOpenCreditLinesAndLoans,relative_minus_10,-0.1,6.0,6.6,0.1643790304660797,0.1643790304660797,0.0,0.0,0,0,0,-1
gmsc,xgboost,51,NumberOfOpenCreditLinesAndLoans,relative_minus_10,-0.1,21.0,23.1,0.2535255253314972,0.2654793858528137,0.011953860521316528,0.011953860521316528,0,0,0,-1
gmsc,xgboost,52,NumberOfOpenCreditLinesAndLoans,relative_minus_10,-0.1,6.0,6.6,0.043543241918087006,0.043543241918087006,0.0,0.0,0,0,0,-1
gmsc,xgboost,53,NumberOfOpenCreditLinesAndLoans,relative_minus_10,-0.1,3.0,3.3,0.8459349870681763,0.8459349870681763,0.0,0.0,1,1,0,-1
gmsc,xgboost,54,NumberOfOpenCreditLinesAndLoans,relative_minus_10,-0.1,8.0,8.8,0.9326093792915344,0.9326093792915344,0.0,0.0,1,1,0,-1
gmsc,xgboost,55,NumberOfOpenCreditLinesAndLoans,relative_minus_10,-0.1,12.0,13.2,0.0761168822646141,0.06680366396903992,-0.009313218295574188,0.009313218295574188,0,0,0,-1
gmsc,xgboost,56,NumberOfOpenCreditLinesAndLoans,relative_minus_10,-0.1,6.0,6.6,0.15863358974456787,0.15863358974456787,0.0,0.0,0,0,0,-1
gmsc,xgboost,57,NumberOfOpenCreditLinesAndLoans,relative_minus_10,-0.1,2.0,2.2,0.5884111523628235,0.5884111523628235,0.0,0.0,1,1,0,-1
gmsc,xgboost,58,NumberOfOpenCreditLinesAndLoans,relative_minus_10,-0.1,3.0,3.3,0.6777902245521545,0.6777902245521545,0.0,0.0,1,1,0,-1
gmsc,xgboost,59,NumberOfOpenCreditLinesAndLoans,relative_minus_10,-0.1,10.0,11.0,0.628955066204071,0.6470539569854736,0.018098890781402588,0.018098890781402588,1,1,0,-1
gmsc,xgboost,60,NumberOfOpenCreditLinesAndLoans,relative_minus_10,-0.1,4.0,4.4,0.17468222975730896,0.17468222975730896,0.0,0.0,0,0,0,-1
gmsc,xgboost,61,NumberOfOpenCreditLinesAndLoans,relative_minus_10,-0.1,12.0,13.2,0.3342180848121643,0.3174275755882263,-0.01679050922393799,0.01679050922393799,0,0,0,-1
gmsc,xgboost,62,NumberOfOpenCreditLinesAndLoans,relative_minus_10,-0.1,7.0,7.7,0.46969300508499146,0.46969300508499146,0.0,0.0,0,0,0,-1
gmsc,xgboost,63,NumberOfOpenCreditLinesAndLoans,relative_minus_10,-0.1,5.0,5.5,0.09234394878149033,0.09234394878149033,0.0,0.0,0,0,0,-1
gmsc,xgboost,64,NumberOfOpenCreditLinesAndLoans,relative_minus_10,-0.1,9.0,9.9,0.36687836050987244,0.36687836050987244,0.0,0.0,0,0,0,-1
gmsc,xgboost,65,NumberOfOpenCreditLinesAndLoans,relative_minus_10,-0.1,4.0,4.4,0.3751460015773773,0.3751460015773773,0.0,0.0,0,0,0,-1
gmsc,xgboost,66,NumberOfOpenCreditLinesAndLoans,relative_minus_10,-0.1,6.0,6.6,0.1265122890472412,0.1265122890472412,0.0,0.0,0,0,0,-1
gmsc,xgboost,67,NumberOfOpenCreditLinesAndLoans,relative_minus_10,-0.1,3.0,3.3,0.4232633113861084,0.4232633113861084,0.0,0.0,0,0,0,-1
gmsc,xgboost,68,NumberOfOpenCreditLinesAndLoans,relative_minus_10,-0.1,4.0,4.4,0.10810530185699463,0.10810530185699463,0.0,0.0,0,0,0,-1
gmsc,xgboost,69,NumberOfOpenCreditLinesAndLoans,relative_minus_10,-0.1,10.0,11.0,0.5635039806365967,0.57830411195755,0.01480013132095337,0.01480013132095337,1,1,0,-1
gmsc,xgboost,70,NumberOfOpenCreditLinesAndLoans,relative_minus_10,-0.1,14.0,15.4,0.39893585443496704,0.422481894493103,0.023546040058135986,0.023546040058135986,0,0,0,-1
gmsc,xgboost,71,NumberOfOpenCreditLinesAndLoans,relative_minus_10,-0.1,6.0,6.6,0.10639937967061996,0.10639937967061996,0.0,0.0,0,0,0,-1
gmsc,xgboost,72,NumberOfOpenCreditLinesAndLoans,relative_minus_10,-0.1,11.0,12.1,0.19083499908447266,0.20512624084949493,0.014291241765022278,0.014291241765022278,0,0,0,-1
gmsc,xgboost,73,NumberOfOpenCreditLinesAndLoans,relative_minus_10,-0.1,9.0,9.9,0.3986653685569763,0.3986653685569763,0.0,0.0,0,0,0,-1
gmsc,xgboost,74,NumberOfOpenCreditLinesAndLoans,relative_minus_10,-0.1,3.0,3.3,0.18615853786468506,0.18615853786468506,0.0,0.0,0,0,0,-1
gmsc,xgboost,75,NumberOfOpenCreditLinesAndLoans,relative_minus_10,-0.1,2.0,2.2,0.5547352433204651,0.5547352433204651,0.0,0.0,1,1,0,-1
gmsc,xgboost,76,NumberOfOpenCreditLinesAndLoans,relative_minus_10,-0.1,18.0,19.8,0.11016565561294556,0.11016565561294556,0.0,0.0,0,0,0,-1
gmsc,xgboost,77,NumberOfOpenCreditLinesAndLoans,relative_minus_10,-0.1,8.0,8.8,0.05538906157016754,0.05538906157016754,0.0,0.0,0,0,0,-1
gmsc,xgboost,78,NumberOfOpenCreditLinesAndLoans,relative_minus_10,-0.1,6.0,6.6,0.05751078575849533,0.05751078575849533,0.0,0.0,0,0,0,-1
gmsc,xgboost,79,NumberOfOpenCreditLinesAndLoans,relative_minus_10,-0.1,5.0,5.5,0.2844957709312439,0.2844957709312439,0.0,0.0,0,0,0,-1
gmsc,xgboost,80,NumberOfOpenCreditLinesAndLoans,relative_minus_10,-0.1,8.0,8.8,0.1406598836183548,0.1406598836183548,0.0,0.0,0,0,0,-1
gmsc,xgboost,81,NumberOfOpenCreditLinesAndLoans,relative_minus_10,-0.1,7.0,7.7,0.16070415079593658,0.16070415079593658,0.0,0.0,0,0,0,-1
gmsc,xgboost,82,NumberOfOpenCreditLinesAndLoans,relative_minus_10,-0.1,10.0,11.0,0.4081357717514038,0.4135254919528961,0.00538972020149231,0.00538972020149231,0,0,0,-1
gmsc,xgboost,83,NumberOfOpenCreditLinesAndLoans,relative_minus_10,-0.1,14.0,15.4,0.06326539814472198,0.0738423615694046,0.010576963424682617,0.010576963424682617,0,0,0,-1
gmsc,xgboost,84,NumberOfOpenCreditLinesAndLoans,relative_minus_10,-0.1,10.0,11.0,0.6416367292404175,0.6598715782165527,0.018234848976135254,0.018234848976135254,1,1,0,-1
gmsc,xgboost,85,NumberOfOpenCreditLinesAndLoans,relative_minus_10,-0.1,6.0,6.6,0.06614423543214798,0.06614423543214798,0.0,0.0,0,0,0,-1
gmsc,xgboost,86,NumberOfOpenCreditLinesAndLoans,relative_minus_10,-0.1,8.0,8.8,0.12697042524814606,0.12697042524814606,0.0,0.0,0,0,0,-1
gmsc,xgboost,87,NumberOfOpenCreditLinesAndLoans,relative_minus_10,-0.1,5.0,5.5,0.106936976313591,0.106936976313591,0.0,0.0,0,0,0,-1
gmsc,xgboost,88,NumberOfOpenCreditLinesAndLoans,relative_minus_10,-0.1,6.0,6.6,0.12650665640830994,0.12650665640830994,0.0,0.0,0,0,0,-1
gmsc,xgboost,89,NumberOfOpenCreditLinesAndLoans,relative_minus_10,-0.1,3.0,3.3,0.3815006911754608,0.3815006911754608,0.0,0.0,0,0,0,-1
gmsc,xgboost,90,NumberOfOpenCreditLinesAndLoans,relative_minus_10,-0.1,7.0,7.7,0.044368140399456024,0.044368140399456024,0.0,0.0,0,0,0,-1
gmsc,xgboost,91,NumberOfOpenCreditLinesAndLoans,relative_minus_10,-0.1,20.0,22.0,0.1482551395893097,0.1370192915201187,-0.011235848069190979,0.011235848069190979,0,0,0,-1
gmsc,xgboost,92,NumberOfOpenCreditLinesAndLoans,relative_minus_10,-0.1,1.0,1.1,0.06322672218084335,0.06322672218084335,0.0,0.0,0,0,0,-1
gmsc,xgboost,93,NumberOfOpenCreditLinesAndLoans,relative_minus_10,-0.1,15.0,16.5,0.1017114520072937,0.1017114520072937,0.0,0.0,0,0,0,-1
gmsc,xgboost,94,NumberOfOpenCreditLinesAndLoans,relative_minus_10,-0.1,10.0,11.0,0.14927543699741364,0.15433567762374878,0.005060240626335144,0.005060240626335144,0,0,0,-1
gmsc,xgboost,95,NumberOfOpenCreditLinesAndLoans,relative_minus_10,-0.1,8.0,8.8,0.22754548490047455,0.22754548490047455,0.0,0.0,0,0,0,-1
gmsc,xgboost,96,NumberOfOpenCreditLinesAndLoans,relative_minus_10,-0.1,3.0,3.3,0.13160045444965363,0.13160045444965363,0.0,0.0,0,0,0,-1
gmsc,xgboost,97,NumberOfOpenCreditLinesAndLoans,relative_minus_10,-0.1,11.0,12.1,0.0985931009054184,0.10204822570085526,0.003455124795436859,0.003455124795436859,0,0,0,-1
gmsc,xgboost,98,NumberOfOpenCreditLinesAndLoans,relative_minus_10,-0.1,9.0,9.9,0.35479238629341125,0.35479238629341125,0.0,0.0,0,0,0,-1
gmsc,xgboost,99,NumberOfOpenCreditLinesAndLoans,relative_minus_10,-0.1,19.0,20.9,0.9183781147003174,0.9193685054779053,0.0009903907775878906,0.0009903907775878906,1,1,0,-1
gmsc,xgboost,0,NumberOfOpenCreditLinesAndLoans,relative_plus_10,0.1,17.0,18.7,0.08203070610761642,0.08007802814245224,-0.0019526779651641846,0.0019526779651641846,0,0,0,-1
gmsc,xgboost,1,NumberOfOpenCreditLinesAndLoans,relative_plus_10,0.1,5.0,5.5,0.07381805032491684,0.07381805032491684,0.0,0.0,0,0,0,-1
gmsc,xgboost,2,NumberOfOpenCreditLinesAndLoans,relative_plus_10,0.1,5.0,5.5,0.057695530354976654,0.057695530354976654,0.0,0.0,0,0,0,-1
gmsc,xgboost,3,NumberOfOpenCreditLinesAndLoans,relative_plus_10,0.1,13.0,14.3,0.29744529724121094,0.32606372237205505,0.028618425130844116,0.028618425130844116,0,0,0,-1
gmsc,xgboost,4,NumberOfOpenCreditLinesAndLoans,relative_plus_10,0.1,4.0,4.4,0.10023795068264008,0.10023795068264008,0.0,0.0,0,0,0,-1
gmsc,xgboost,5,NumberOfOpenCreditLinesAndLoans,relative_plus_10,0.1,8.0,8.8,0.19237148761749268,0.19237148761749268,0.0,0.0,0,0,0,-1
gmsc,xgboost,6,NumberOfOpenCreditLinesAndLoans,relative_plus_10,0.1,5.0,5.5,0.2720617651939392,0.2720617651939392,0.0,0.0,0,0,0,-1
gmsc,xgboost,7,NumberOfOpenCreditLinesAndLoans,relative_plus_10,0.1,3.0,3.3,0.2072291374206543,0.2072291374206543,0.0,0.0,0,0,0,-1
gmsc,xgboost,8,NumberOfOpenCreditLinesAndLoans,relative_plus_10,0.1,2.0,2.2,0.14596141874790192,0.14596141874790192,0.0,0.0,0,0,0,-1
gmsc,xgboost,9,NumberOfOpenCreditLinesAndLoans,relative_plus_10,0.1,6.0,6.6,0.3907460570335388,0.3907460570335388,0.0,0.0,0,0,0,-1
gmsc,xgboost,10,NumberOfOpenCreditLinesAndLoans,relative_plus_10,0.1,9.0,9.9,0.43983033299446106,0.43983033299446106,0.0,0.0,0,0,0,-1
gmsc,xgboost,11,NumberOfOpenCreditLinesAndLoans,relative_plus_10,0.1,14.0,15.4,0.2212306559085846,0.24785682559013367,0.026626169681549072,0.026626169681549072,0,0,0,-1
gmsc,xgboost,12,NumberOfOpenCreditLinesAndLoans,relative_plus_10,0.1,6.0,6.6,0.034909687936306,0.034909687936306,0.0,0.0,0,0,0,-1
gmsc,xgboost,13,NumberOfOpenCreditLinesAndLoans,relative_plus_10,0.1,0.0,0.7000000000000001,0.8862441778182983,0.8862441778182983,0.0,0.0,1,1,0,-1
gmsc,xgboost,14,NumberOfOpenCreditLinesAndLoans,relative_plus_10,0.1,4.0,4.4,0.30772891640663147,0.30772891640663147,0.0,0.0,0,0,0,-1
gmsc,xgboost,15,NumberOfOpenCreditLinesAndLoans,relative_plus_10,0.1,17.0,18.7,0.2524952292442322,0.2538921535015106,0.0013969242572784424,0.0013969242572784424,0,0,0,-1
gmsc,xgboost,16,NumberOfOpenCreditLinesAndLoans,relative_plus_10,0.1,4.0,4.4,0.48664188385009766,0.48664188385009766,0.0,0.0,0,0,0,-1
gmsc,xgboost,17,NumberOfOpenCreditLinesAndLoans,relative_plus_10,0.1,10.0,11.0,0.09193970263004303,0.09499282389879227,0.003053121268749237,0.003053121268749237,0,0,0,-1
gmsc,xgboost,18,NumberOfOpenCreditLinesAndLoans,relative_plus_10,0.1,3.0,3.3,0.3769620656967163,0.3769620656967163,0.0,0.0,0,0,0,-1
gmsc,xgboost,19,NumberOfOpenCreditLinesAndLoans,relative_plus_10,0.1,7.0,7.7,0.21186602115631104,0.21186602115631104,0.0,0.0,0,0,0,-1
gmsc,xgboost,20,NumberOfOpenCreditLinesAndLoans,relative_plus_10,0.1,6.0,6.6,0.04993200674653053,0.04993200674653053,0.0,0.0,0,0,0,-1
gmsc,xgboost,21,NumberOfOpenCreditLinesAndLoans,relative_plus_10,0.1,19.0,20.9,0.08262580633163452,0.08363845944404602,0.001012653112411499,0.001012653112411499,0,0,0,-1
gmsc,xgboost,22,NumberOfOpenCreditLinesAndLoans,relative_plus_10,0.1,2.0,2.2,0.06402596086263657,0.06402596086263657,0.0,0.0,0,0,0,-1
gmsc,xgboost,23,NumberOfOpenCreditLinesAndLoans,relative_plus_10,0.1,8.0,8.8,0.08952450007200241,0.08952450007200241,0.0,0.0,0,0,0,-1
gmsc,xgboost,24,NumberOfOpenCreditLinesAndLoans,relative_plus_10,0.1,4.0,4.4,0.034259602427482605,0.034259602427482605,0.0,0.0,0,0,0,-1
gmsc,xgboost,25,NumberOfOpenCreditLinesAndLoans,relative_plus_10,0.1,7.0,7.7,0.49923714995384216,0.49923714995384216,0.0,0.0,0,0,0,-1
gmsc,xgboost,26,NumberOfOpenCreditLinesAndLoans,relative_plus_10,0.1,5.0,5.5,0.46355003118515015,0.46355003118515015,0.0,0.0,0,0,0,-1
gmsc,xgboost,27,NumberOfOpenCreditLinesAndLoans,relative_plus_10,0.1,10.0,11.0,0.16462162137031555,0.16499823331832886,0.00037661194801330566,0.00037661194801330566,0,0,0,-1
gmsc,xgboost,28,NumberOfOpenCreditLinesAndLoans,relative_plus_10,0.1,1.0,1.1,0.222405344247818,0.222405344247818,0.0,0.0,0,0,0,-1
gmsc,xgboost,29,NumberOfOpenCreditLinesAndLoans,relative_plus_10,0.1,9.0,9.9,0.06126169487833977,0.06126169487833977,0.0,0.0,0,0,0,-1
gmsc,xgboost,30,NumberOfOpenCreditLinesAndLoans,relative_plus_10,0.1,13.0,14.3,0.25775110721588135,0.2904808521270752,0.03272974491119385,0.03272974491119385,0,0,0,-1
gmsc,xgboost,31,NumberOfOpenCreditLinesAndLoans,relative_plus_10,0.1,6.0,6.6,0.14284415543079376,0.14284415543079376,0.0,0.0,0,0,0,-1
gmsc,xgboost,32,NumberOfOpenCreditLinesAndLoans,relative_plus_10,0.1,3.0,3.3,0.1354866921901703,0.1354866921901703,0.0,0.0,0,0,0,-1
gmsc,xgboost,33,NumberOfOpenCreditLinesAndLoans,relative_plus_10,0.1,9.0,9.9,0.0799889788031578,0.0799889788031578,0.0,0.0,0,0,0,-1
gmsc,xgboost,34,NumberOfOpenCreditLinesAndLoans,relative_plus_10,0.1,10.0,11.0,0.5890139937400818,0.5885934233665466,-0.00042057037353515625,0.00042057037353515625,1,1,0,-1
gmsc,xgboost,35,NumberOfOpenCreditLinesAndLoans,relative_plus_10,0.1,12.0,13.2,0.7353684902191162,0.7219244837760925,-0.013444006443023682,0.013444006443023682,1,1,0,-1
gmsc,xgboost,36,NumberOfOpenCreditLinesAndLoans,relative_plus_10,0.1,4.0,4.4,0.1960536539554596,0.1960536539554596,0.0,0.0,0,0,0,-1
gmsc,xgboost,37,NumberOfOpenCreditLinesAndLoans,relative_plus_10,0.1,3.0,3.3,0.35266122221946716,0.35266122221946716,0.0,0.0,0,0,0,-1
gmsc,xgboost,38,NumberOfOpenCreditLinesAndLoans,relative_plus_10,0.1,7.0,7.7,0.2510143518447876,0.2510143518447876,0.0,0.0,0,0,0,-1
gmsc,xgboost,39,NumberOfOpenCreditLinesAndLoans,relative_plus_10,0.1,14.0,15.4,0.4371665418148041,0.5036025643348694,0.06643602252006531,0.06643602252006531,0,1,1,-1
gmsc,xgboost,40,NumberOfOpenCreditLinesAndLoans,relative_plus_10,0.1,3.0,3.3,0.13587132096290588,0.13587132096290588,0.0,0.0,0,0,0,-1
gmsc,xgboost,41,NumberOfOpenCreditLinesAndLoans,relative_plus_10,0.1,15.0,16.5,0.18514351546764374,0.18514351546764374,0.0,0.0,0,0,0,-1
gmsc,xgboost,42,NumberOfOpenCreditLinesAndLoans,relative_plus_10,0.1,7.0,7.7,0.10479436814785004,0.10479436814785004,0.0,0.0,0,0,0,-1
gmsc,xgboost,43,NumberOfOpenCreditLinesAndLoans,relative_plus_10,0.1,8.0,8.8,0.5401685833930969,0.5401685833930969,0.0,0.0,1,1,0,-1
gmsc,xgboost,44,NumberOfOpenCreditLinesAndLoans,relative_plus_10,0.1,7.0,7.7,0.11184448003768921,0.11184448003768921,0.0,0.0,0,0,0,-1
gmsc,xgboost,45,NumberOfOpenCreditLinesAndLoans,relative_plus_10,0.1,9.0,9.9,0.12677443027496338,0.12677443027496338,0.0,0.0,0,0,0,-1
gmsc,xgboost,46,NumberOfOpenCreditLinesAndLoans,relative_plus_10,0.1,4.0,4.4,0.25457122921943665,0.25457122921943665,0.0,0.0,0,0,0,-1
gmsc,xgboost,47,NumberOfOpenCreditLinesAndLoans,relative_plus_10,0.1,7.0,7.7,0.05936043709516525,0.05936043709516525,0.0,0.0,0,0,0,-1
gmsc,xgboost,48,NumberOfOpenCreditLinesAndLoans,relative_plus_10,0.1,4.0,4.4,0.08543100953102112,0.08543100953102112,0.0,0.0,0,0,0,-1
gmsc,xgboost,49,NumberOfOpenCreditLinesAndLoans,relative_plus_10,0.1,1.0,1.1,0.03611498698592186,0.03611498698592186,0.0,0.0,0,0,0,-1
gmsc,xgboost,50,NumberOfOpenCreditLinesAndLoans,relative_plus_10,0.1,6.0,6.6,0.1643790304660797,0.1643790304660797,0.0,0.0,0,0,0,-1
gmsc,xgboost,51,NumberOfOpenCreditLinesAndLoans,relative_plus_10,0.1,21.0,23.1,0.2535255253314972,0.2654793858528137,0.011953860521316528,0.011953860521316528,0,0,0,-1
gmsc,xgboost,52,NumberOfOpenCreditLinesAndLoans,relative_plus_10,0.1,6.0,6.6,0.043543241918087006,0.043543241918087006,0.0,0.0,0,0,0,-1
gmsc,xgboost,53,NumberOfOpenCreditLinesAndLoans,relative_plus_10,0.1,3.0,3.3,0.8459349870681763,0.8459349870681763,0.0,0.0,1,1,0,-1
gmsc,xgboost,54,NumberOfOpenCreditLinesAndLoans,relative_plus_10,0.1,8.0,8.8,0.9326093792915344,0.9326093792915344,0.0,0.0,1,1,0,-1
gmsc,xgboost,55,NumberOfOpenCreditLinesAndLoans,relative_plus_10,0.1,12.0,13.2,0.0761168822646141,0.06680366396903992,-0.009313218295574188,0.009313218295574188,0,0,0,-1
gmsc,xgboost,56,NumberOfOpenCreditLinesAndLoans,relative_plus_10,0.1,6.0,6.6,0.15863358974456787,0.15863358974456787,0.0,0.0,0,0,0,-1
gmsc,xgboost,57,NumberOfOpenCreditLinesAndLoans,relative_plus_10,0.1,2.0,2.2,0.5884111523628235,0.5884111523628235,0.0,0.0,1,1,0,-1
gmsc,xgboost,58,NumberOfOpenCreditLinesAndLoans,relative_plus_10,0.1,3.0,3.3,0.6777902245521545,0.6777902245521545,0.0,0.0,1,1,0,-1
gmsc,xgboost,59,NumberOfOpenCreditLinesAndLoans,relative_plus_10,0.1,10.0,11.0,0.628955066204071,0.6470539569854736,0.018098890781402588,0.018098890781402588,1,1,0,-1
gmsc,xgboost,60,NumberOfOpenCreditLinesAndLoans,relative_plus_10,0.1,4.0,4.4,0.17468222975730896,0.17468222975730896,0.0,0.0,0,0,0,-1
gmsc,xgboost,61,NumberOfOpenCreditLinesAndLoans,relative_plus_10,0.1,12.0,13.2,0.3342180848121643,0.3174275755882263,-0.01679050922393799,0.01679050922393799,0,0,0,-1
gmsc,xgboost,62,NumberOfOpenCreditLinesAndLoans,relative_plus_10,0.1,7.0,7.7,0.46969300508499146,0.46969300508499146,0.0,0.0,0,0,0,-1
gmsc,xgboost,63,NumberOfOpenCreditLinesAndLoans,relative_plus_10,0.1,5.0,5.5,0.09234394878149033,0.09234394878149033,0.0,0.0,0,0,0,-1
gmsc,xgboost,64,NumberOfOpenCreditLinesAndLoans,relative_plus_10,0.1,9.0,9.9,0.36687836050987244,0.36687836050987244,0.0,0.0,0,0,0,-1
gmsc,xgboost,65,NumberOfOpenCreditLinesAndLoans,relative_plus_10,0.1,4.0,4.4,0.3751460015773773,0.3751460015773773,0.0,0.0,0,0,0,-1
gmsc,xgboost,66,NumberOfOpenCreditLinesAndLoans,relative_plus_10,0.1,6.0,6.6,0.1265122890472412,0.1265122890472412,0.0,0.0,0,0,0,-1
gmsc,xgboost,67,NumberOfOpenCreditLinesAndLoans,relative_plus_10,0.1,3.0,3.3,0.4232633113861084,0.4232633113861084,0.0,0.0,0,0,0,-1
gmsc,xgboost,68,NumberOfOpenCreditLinesAndLoans,relative_plus_10,0.1,4.0,4.4,0.10810530185699463,0.10810530185699463,0.0,0.0,0,0,0,-1
gmsc,xgboost,69,NumberOfOpenCreditLinesAndLoans,relative_plus_10,0.1,10.0,11.0,0.5635039806365967,0.57830411195755,0.01480013132095337,0.01480013132095337,1,1,0,-1
gmsc,xgboost,70,NumberOfOpenCreditLinesAndLoans,relative_plus_10,0.1,14.0,15.4,0.39893585443496704,0.422481894493103,0.023546040058135986,0.023546040058135986,0,0,0,-1
gmsc,xgboost,71,NumberOfOpenCreditLinesAndLoans,relative_plus_10,0.1,6.0,6.6,0.10639937967061996,0.10639937967061996,0.0,0.0,0,0,0,-1
gmsc,xgboost,72,NumberOfOpenCreditLinesAndLoans,relative_plus_10,0.1,11.0,12.1,0.19083499908447266,0.20512624084949493,0.014291241765022278,0.014291241765022278,0,0,0,-1
gmsc,xgboost,73,NumberOfOpenCreditLinesAndLoans,relative_plus_10,0.1,9.0,9.9,0.3986653685569763,0.3986653685569763,0.0,0.0,0,0,0,-1
gmsc,xgboost,74,NumberOfOpenCreditLinesAndLoans,relative_plus_10,0.1,3.0,3.3,0.18615853786468506,0.18615853786468506,0.0,0.0,0,0,0,-1
gmsc,xgboost,75,NumberOfOpenCreditLinesAndLoans,relative_plus_10,0.1,2.0,2.2,0.5547352433204651,0.5547352433204651,0.0,0.0,1,1,0,-1
gmsc,xgboost,76,NumberOfOpenCreditLinesAndLoans,relative_plus_10,0.1,18.0,19.8,0.11016565561294556,0.11016565561294556,0.0,0.0,0,0,0,-1
gmsc,xgboost,77,NumberOfOpenCreditLinesAndLoans,relative_plus_10,0.1,8.0,8.8,0.05538906157016754,0.05538906157016754,0.0,0.0,0,0,0,-1
gmsc,xgboost,78,NumberOfOpenCreditLinesAndLoans,relative_plus_10,0.1,6.0,6.6,0.05751078575849533,0.05751078575849533,0.0,0.0,0,0,0,-1
gmsc,xgboost,79,NumberOfOpenCreditLinesAndLoans,relative_plus_10,0.1,5.0,5.5,0.2844957709312439,0.2844957709312439,0.0,0.0,0,0,0,-1
gmsc,xgboost,80,NumberOfOpenCreditLinesAndLoans,relative_plus_10,0.1,8.0,8.8,0.1406598836183548,0.1406598836183548,0.0,0.0,0,0,0,-1
gmsc,xgboost,81,NumberOfOpenCreditLinesAndLoans,relative_plus_10,0.1,7.0,7.7,0.16070415079593658,0.16070415079593658,0.0,0.0,0,0,0,-1
gmsc,xgboost,82,NumberOfOpenCreditLinesAndLoans,relative_plus_10,0.1,10.0,11.0,0.4081357717514038,0.4135254919528961,0.00538972020149231,0.00538972020149231,0,0,0,-1
gmsc,xgboost,83,NumberOfOpenCreditLinesAndLoans,relative_plus_10,0.1,14.0,15.4,0.06326539814472198,0.0738423615694046,0.010576963424682617,0.010576963424682617,0,0,0,-1
gmsc,xgboost,84,NumberOfOpenCreditLinesAndLoans,relative_plus_10,0.1,10.0,11.0,0.6416367292404175,0.6598715782165527,0.018234848976135254,0.018234848976135254,1,1,0,-1
gmsc,xgboost,85,NumberOfOpenCreditLinesAndLoans,relative_plus_10,0.1,6.0,6.6,0.06614423543214798,0.06614423543214798,0.0,0.0,0,0,0,-1
gmsc,xgboost,86,NumberOfOpenCreditLinesAndLoans,relative_plus_10,0.1,8.0,8.8,0.12697042524814606,0.12697042524814606,0.0,0.0,0,0,0,-1
gmsc,xgboost,87,NumberOfOpenCreditLinesAndLoans,relative_plus_10,0.1,5.0,5.5,0.106936976313591,0.106936976313591,0.0,0.0,0,0,0,-1
gmsc,xgboost,88,NumberOfOpenCreditLinesAndLoans,relative_plus_10,0.1,6.0,6.6,0.12650665640830994,0.12650665640830994,0.0,0.0,0,0,0,-1
gmsc,xgboost,89,NumberOfOpenCreditLinesAndLoans,relative_plus_10,0.1,3.0,3.3,0.3815006911754608,0.3815006911754608,0.0,0.0,0,0,0,-1
gmsc,xgboost,90,NumberOfOpenCreditLinesAndLoans,relative_plus_10,0.1,7.0,7.7,0.044368140399456024,0.044368140399456024,0.0,0.0,0,0,0,-1
gmsc,xgboost,91,NumberOfOpenCreditLinesAndLoans,relative_plus_10,0.1,20.0,22.0,0.1482551395893097,0.1370192915201187,-0.011235848069190979,0.011235848069190979,0,0,0,-1
gmsc,xgboost,92,NumberOfOpenCreditLinesAndLoans,relative_plus_10,0.1,1.0,1.1,0.06322672218084335,0.06322672218084335,0.0,0.0,0,0,0,-1
gmsc,xgboost,93,NumberOfOpenCreditLinesAndLoans,relative_plus_10,0.1,15.0,16.5,0.1017114520072937,0.1017114520072937,0.0,0.0,0,0,0,-1
gmsc,xgboost,94,NumberOfOpenCreditLinesAndLoans,relative_plus_10,0.1,10.0,11.0,0.14927543699741364,0.15433567762374878,0.005060240626335144,0.005060240626335144,0,0,0,-1
gmsc,xgboost,95,NumberOfOpenCreditLinesAndLoans,relative_plus_10,0.1,8.0,8.8,0.22754548490047455,0.22754548490047455,0.0,0.0,0,0,0,-1
gmsc,xgboost,96,NumberOfOpenCreditLinesAndLoans,relative_plus_10,0.1,3.0,3.3,0.13160045444965363,0.13160045444965363,0.0,0.0,0,0,0,-1
gmsc,xgboost,97,NumberOfOpenCreditLinesAndLoans,relative_plus_10,0.1,11.0,12.1,0.0985931009054184,0.10204822570085526,0.003455124795436859,0.003455124795436859,0,0,0,-1
gmsc,xgboost,98,NumberOfOpenCreditLinesAndLoans,relative_plus_10,0.1,9.0,9.9,0.35479238629341125,0.35479238629341125,0.0,0.0,0,0,0,-1
gmsc,xgboost,99,NumberOfOpenCreditLinesAndLoans,relative_plus_10,0.1,19.0,20.9,0.9183781147003174,0.9193685054779053,0.0009903907775878906,0.0009903907775878906,1,1,0,-1
gmsc,xgboost,0,NumberOfTimes90DaysLate,relative_minus_5,-0.05,0.0,0.05,0.08203070610761642,0.08203070610761642,0.0,0.0,0,0,0,-1
gmsc,xgboost,1,NumberOfTimes90DaysLate,relative_minus_5,-0.05,0.0,0.05,0.07381805032491684,0.07381805032491684,0.0,0.0,0,0,0,-1
gmsc,xgboost,2,NumberOfTimes90DaysLate,relative_minus_5,-0.05,0.0,0.05,0.057695530354976654,0.057695530354976654,0.0,0.0,0,0,0,-1
gmsc,xgboost,3,NumberOfTimes90DaysLate,relative_minus_5,-0.05,0.0,0.05,0.29744529724121094,0.29744529724121094,0.0,0.0,0,0,0,-1
gmsc,xgboost,4,NumberOfTimes90DaysLate,relative_minus_5,-0.05,0.0,0.05,0.10023795068264008,0.10023795068264008,0.0,0.0,0,0,0,-1
gmsc,xgboost,5,NumberOfTimes90DaysLate,relative_minus_5,-0.05,0.0,0.05,0.19237148761749268,0.19237148761749268,0.0,0.0,0,0,0,-1
gmsc,xgboost,6,NumberOfTimes90DaysLate,relative_minus_5,-0.05,0.0,0.05,0.2720617651939392,0.2720617651939392,0.0,0.0,0,0,0,-1
gmsc,xgboost,7,NumberOfTimes90DaysLate,relative_minus_5,-0.05,0.0,0.05,0.2072291374206543,0.2072291374206543,0.0,0.0,0,0,0,-1
gmsc,xgboost,8,NumberOfTimes90DaysLate,relative_minus_5,-0.05,0.0,0.05,0.14596141874790192,0.14596141874790192,0.0,0.0,0,0,0,-1
gmsc,xgboost,9,NumberOfTimes90DaysLate,relative_minus_5,-0.05,0.0,0.05,0.3907460570335388,0.3907460570335388,0.0,0.0,0,0,0,-1
gmsc,xgboost,10,NumberOfTimes90DaysLate,relative_minus_5,-0.05,0.0,0.05,0.43983033299446106,0.43983033299446106,0.0,0.0,0,0,0,-1
gmsc,xgboost,11,NumberOfTimes90DaysLate,relative_minus_5,-0.05,0.0,0.05,0.2212306559085846,0.2212306559085846,0.0,0.0,0,0,0,-1
gmsc,xgboost,12,NumberOfTimes90DaysLate,relative_minus_5,-0.05,0.0,0.05,0.034909687936306,0.034909687936306,0.0,0.0,0,0,0,-1
gmsc,xgboost,13,NumberOfTimes90DaysLate,relative_minus_5,-0.05,1.0,1.05,0.8862441778182983,0.8862441778182983,0.0,0.0,1,1,0,-1
gmsc,xgboost,14,NumberOfTimes90DaysLate,relative_minus_5,-0.05,0.0,0.05,0.30772891640663147,0.30772891640663147,0.0,0.0,0,0,0,-1
gmsc,xgboost,15,NumberOfTimes90DaysLate,relative_minus_5,-0.05,0.0,0.05,0.2524952292442322,0.2524952292442322,0.0,0.0,0,0,0,-1
gmsc,xgboost,16,NumberOfTimes90DaysLate,relative_minus_5,-0.05,0.0,0.05,0.48664188385009766,0.48664188385009766,0.0,0.0,0,0,0,-1
gmsc,xgboost,17,NumberOfTimes90DaysLate,relative_minus_5,-0.05,0.0,0.05,0.09193970263004303,0.09193970263004303,0.0,0.0,0,0,0,-1
gmsc,xgboost,18,NumberOfTimes90DaysLate,relative_minus_5,-0.05,0.0,0.05,0.3769620656967163,0.3769620656967163,0.0,0.0,0,0,0,-1
gmsc,xgboost,19,NumberOfTimes90DaysLate,relative_minus_5,-0.05,0.0,0.05,0.21186602115631104,0.21186602115631104,0.0,0.0,0,0,0,-1
gmsc,xgboost,20,NumberOfTimes90DaysLate,relative_minus_5,-0.05,0.0,0.05,0.04993200674653053,0.04993200674653053,0.0,0.0,0,0,0,-1
gmsc,xgboost,21,NumberOfTimes90DaysLate,relative_minus_5,-0.05,0.0,0.05,0.08262580633163452,0.08262580633163452,0.0,0.0,0,0,0,-1
gmsc,xgboost,22,NumberOfTimes90DaysLate,relative_minus_5,-0.05,0.0,0.05,0.06402596086263657,0.06402596086263657,0.0,0.0,0,0,0,-1
gmsc,xgboost,23,NumberOfTimes90DaysLate,relative_minus_5,-0.05,0.0,0.05,0.08952450007200241,0.08952450007200241,0.0,0.0,0,0,0,-1
gmsc,xgboost,24,NumberOfTimes90DaysLate,relative_minus_5,-0.05,0.0,0.05,0.034259602427482605,0.034259602427482605,0.0,0.0,0,0,0,-1
gmsc,xgboost,25,NumberOfTimes90DaysLate,relative_minus_5,-0.05,0.0,0.05,0.49923714995384216,0.49923714995384216,0.0,0.0,0,0,0,-1
gmsc,xgboost,26,NumberOfTimes90DaysLate,relative_minus_5,-0.05,0.0,0.05,0.46355003118515015,0.46355003118515015,0.0,0.0,0,0,0,-1
gmsc,xgboost,27,NumberOfTimes90DaysLate,relative_minus_5,-0.05,0.0,0.05,0.16462162137031555,0.16462162137031555,0.0,0.0,0,0,0,-1
gmsc,xgboost,28,NumberOfTimes90DaysLate,relative_minus_5,-0.05,0.0,0.05,0.222405344247818,0.222405344247818,0.0,0.0,0,0,0,-1
gmsc,xgboost,29,NumberOfTimes90DaysLate,relative_minus_5,-0.05,0.0,0.05,0.06126169487833977,0.06126169487833977,0.0,0.0,0,0,0,-1
gmsc,xgboost,30,NumberOfTimes90DaysLate,relative_minus_5,-0.05,0.0,0.05,0.25775110721588135,0.25775110721588135,0.0,0.0,0,0,0,-1
gmsc,xgboost,31,NumberOfTimes90DaysLate,relative_minus_5,-0.05,0.0,0.05,0.14284415543079376,0.14284415543079376,0.0,0.0,0,0,0,-1
gmsc,xgboost,32,NumberOfTimes90DaysLate,relative_minus_5,-0.05,0.0,0.05,0.1354866921901703,0.1354866921901703,0.0,0.0,0,0,0,-1
gmsc,xgboost,33,NumberOfTimes90DaysLate,relative_minus_5,-0.05,0.0,0.05,0.0799889788031578,0.0799889788031578,0.0,0.0,0,0,0,-1
gmsc,xgboost,34,NumberOfTimes90DaysLate,relative_minus_5,-0.05,0.0,0.05,0.5890139937400818,0.5890139937400818,0.0,0.0,1,1,0,-1
gmsc,xgboost,35,NumberOfTimes90DaysLate,relative_minus_5,-0.05,0.0,0.05,0.7353684902191162,0.7353684902191162,0.0,0.0,1,1,0,-1
gmsc,xgboost,36,NumberOfTimes90DaysLate,relative_minus_5,-0.05,0.0,0.05,0.1960536539554596,0.1960536539554596,0.0,0.0,0,0,0,-1
gmsc,xgboost,37,NumberOfTimes90DaysLate,relative_minus_5,-0.05,0.0,0.05,0.35266122221946716,0.35266122221946716,0.0,0.0,0,0,0,-1
gmsc,xgboost,38,NumberOfTimes90DaysLate,relative_minus_5,-0.05,0.0,0.05,0.2510143518447876,0.2510143518447876,0.0,0.0,0,0,0,-1
gmsc,xgboost,39,NumberOfTimes90DaysLate,relative_minus_5,-0.05,0.0,0.05,0.4371665418148041,0.4371665418148041,0.0,0.0,0,0,0,-1
gmsc,xgboost,40,NumberOfTimes90DaysLate,relative_minus_5,-0.05,0.0,0.05,0.13587132096290588,0.13587132096290588,0.0,0.0,0,0,0,-1
gmsc,xgboost,41,NumberOfTimes90DaysLate,relative_minus_5,-0.05,0.0,0.05,0.18514351546764374,0.18514351546764374,0.0,0.0,0,0,0,-1
gmsc,xgboost,42,NumberOfTimes90DaysLate,relative_minus_5,-0.05,0.0,0.05,0.10479436814785004,0.10479436814785004,0.0,0.0,0,0,0,-1
gmsc,xgboost,43,NumberOfTimes90DaysLate,relative_minus_5,-0.05,0.0,0.05,0.5401685833930969,0.5401685833930969,0.0,0.0,1,1,0,-1
gmsc,xgboost,44,NumberOfTimes90DaysLate,relative_minus_5,-0.05,0.0,0.05,0.11184448003768921,0.11184448003768921,0.0,0.0,0,0,0,-1
gmsc,xgboost,45,NumberOfTimes90DaysLate,relative_minus_5,-0.05,0.0,0.05,0.12677443027496338,0.12677443027496338,0.0,0.0,0,0,0,-1
gmsc,xgboost,46,NumberOfTimes90DaysLate,relative_minus_5,-0.05,0.0,0.05,0.25457122921943665,0.25457122921943665,0.0,0.0,0,0,0,-1
gmsc,xgboost,47,NumberOfTimes90DaysLate,relative_minus_5,-0.05,0.0,0.05,0.05936043709516525,0.05936043709516525,0.0,0.0,0,0,0,-1
gmsc,xgboost,48,NumberOfTimes90DaysLate,relative_minus_5,-0.05,0.0,0.05,0.08543100953102112,0.08543100953102112,0.0,0.0,0,0,0,-1
gmsc,xgboost,49,NumberOfTimes90DaysLate,relative_minus_5,-0.05,0.0,0.05,0.03611498698592186,0.03611498698592186,0.0,0.0,0,0,0,-1
gmsc,xgboost,50,NumberOfTimes90DaysLate,relative_minus_5,-0.05,0.0,0.05,0.1643790304660797,0.1643790304660797,0.0,0.0,0,0,0,-1
gmsc,xgboost,51,NumberOfTimes90DaysLate,relative_minus_5,-0.05,0.0,0.05,0.2535255253314972,0.2535255253314972,0.0,0.0,0,0,0,-1
gmsc,xgboost,52,NumberOfTimes90DaysLate,relative_minus_5,-0.05,0.0,0.05,0.043543241918087006,0.043543241918087006,0.0,0.0,0,0,0,-1
gmsc,xgboost,53,NumberOfTimes90DaysLate,relative_minus_5,-0.05,0.0,0.05,0.8459349870681763,0.8459349870681763,0.0,0.0,1,1,0,-1
gmsc,xgboost,54,NumberOfTimes90DaysLate,relative_minus_5,-0.05,0.0,0.05,0.9326093792915344,0.9326093792915344,0.0,0.0,1,1,0,-1
gmsc,xgboost,55,NumberOfTimes90DaysLate,relative_minus_5,-0.05,0.0,0.05,0.0761168822646141,0.0761168822646141,0.0,0.0,0,0,0,-1
gmsc,xgboost,56,NumberOfTimes90DaysLate,relative_minus_5,-0.05,0.0,0.05,0.15863358974456787,0.15863358974456787,0.0,0.0,0,0,0,-1
gmsc,xgboost,57,NumberOfTimes90DaysLate,relative_minus_5,-0.05,0.0,0.05,0.5884111523628235,0.5884111523628235,0.0,0.0,1,1,0,-1
gmsc,xgboost,58,NumberOfTimes90DaysLate,relative_minus_5,-0.05,1.0,1.05,0.6777902245521545,0.6777902245521545,0.0,0.0,1,1,0,-1
gmsc,xgboost,59,NumberOfTimes90DaysLate,relative_minus_5,-0.05,0.0,0.05,0.628955066204071,0.628955066204071,0.0,0.0,1,1,0,-1
gmsc,xgboost,60,NumberOfTimes90DaysLate,relative_minus_5,-0.05,0.0,0.05,0.17468222975730896,0.17468222975730896,0.0,0.0,0,0,0,-1
gmsc,xgboost,61,NumberOfTimes90DaysLate,relative_minus_5,-0.05,0.0,0.05,0.3342180848121643,0.3342180848121643,0.0,0.0,0,0,0,-1
gmsc,xgboost,62,NumberOfTimes90DaysLate,relative_minus_5,-0.05,0.0,0.05,0.46969300508499146,0.46969300508499146,0.0,0.0,0,0,0,-1
gmsc,xgboost,63,NumberOfTimes90DaysLate,relative_minus_5,-0.05,0.0,0.05,0.09234394878149033,0.09234394878149033,0.0,0.0,0,0,0,-1
gmsc,xgboost,64,NumberOfTimes90DaysLate,relative_minus_5,-0.05,0.0,0.05,0.36687836050987244,0.36687836050987244,0.0,0.0,0,0,0,-1
gmsc,xgboost,65,NumberOfTimes90DaysLate,relative_minus_5,-0.05,0.0,0.05,0.3751460015773773,0.3751460015773773,0.0,0.0,0,0,0,-1
gmsc,xgboost,66,NumberOfTimes90DaysLate,relative_minus_5,-0.05,0.0,0.05,0.1265122890472412,0.1265122890472412,0.0,0.0,0,0,0,-1
gmsc,xgboost,67,NumberOfTimes90DaysLate,relative_minus_5,-0.05,0.0,0.05,0.4232633113861084,0.4232633113861084,0.0,0.0,0,0,0,-1
gmsc,xgboost,68,NumberOfTimes90DaysLate,relative_minus_5,-0.05,0.0,0.05,0.10810530185699463,0.10810530185699463,0.0,0.0,0,0,0,-1
gmsc,xgboost,69,NumberOfTimes90DaysLate,relative_minus_5,-0.05,0.0,0.05,0.5635039806365967,0.5635039806365967,0.0,0.0,1,1,0,-1
gmsc,xgboost,70,NumberOfTimes90DaysLate,relative_minus_5,-0.05,0.0,0.05,0.39893585443496704,0.39893585443496704,0.0,0.0,0,0,0,-1
gmsc,xgboost,71,NumberOfTimes90DaysLate,relative_minus_5,-0.05,0.0,0.05,0.10639937967061996,0.10639937967061996,0.0,0.0,0,0,0,-1
gmsc,xgboost,72,NumberOfTimes90DaysLate,relative_minus_5,-0.05,0.0,0.05,0.19083499908447266,0.19083499908447266,0.0,0.0,0,0,0,-1
gmsc,xgboost,73,NumberOfTimes90DaysLate,relative_minus_5,-0.05,0.0,0.05,0.3986653685569763,0.3986653685569763,0.0,0.0,0,0,0,-1
gmsc,xgboost,74,NumberOfTimes90DaysLate,relative_minus_5,-0.05,0.0,0.05,0.18615853786468506,0.18615853786468506,0.0,0.0,0,0,0,-1
gmsc,xgboost,75,NumberOfTimes90DaysLate,relative_minus_5,-0.05,0.0,0.05,0.5547352433204651,0.5547352433204651,0.0,0.0,1,1,0,-1
gmsc,xgboost,76,NumberOfTimes90DaysLate,relative_minus_5,-0.05,0.0,0.05,0.11016565561294556,0.11016565561294556,0.0,0.0,0,0,0,-1
gmsc,xgboost,77,NumberOfTimes90DaysLate,relative_minus_5,-0.05,0.0,0.05,0.05538906157016754,0.05538906157016754,0.0,0.0,0,0,0,-1
gmsc,xgboost,78,NumberOfTimes90DaysLate,relative_minus_5,-0.05,0.0,0.05,0.05751078575849533,0.05751078575849533,0.0,0.0,0,0,0,-1
gmsc,xgboost,79,NumberOfTimes90DaysLate,relative_minus_5,-0.05,0.0,0.05,0.2844957709312439,0.2844957709312439,0.0,0.0,0,0,0,-1
gmsc,xgboost,80,NumberOfTimes90DaysLate,relative_minus_5,-0.05,0.0,0.05,0.1406598836183548,0.1406598836183548,0.0,0.0,0,0,0,-1
gmsc,xgboost,81,NumberOfTimes90DaysLate,relative_minus_5,-0.05,0.0,0.05,0.16070415079593658,0.16070415079593658,0.0,0.0,0,0,0,-1
gmsc,xgboost,82,NumberOfTimes90DaysLate,relative_minus_5,-0.05,0.0,0.05,0.4081357717514038,0.4081357717514038,0.0,0.0,0,0,0,-1
gmsc,xgboost,83,NumberOfTimes90DaysLate,relative_minus_5,-0.05,0.0,0.05,0.06326539814472198,0.06326539814472198,0.0,0.0,0,0,0,-1
gmsc,xgboost,84,NumberOfTimes90DaysLate,relative_minus_5,-0.05,0.0,0.05,0.6416367292404175,0.6416367292404175,0.0,0.0,1,1,0,-1
gmsc,xgboost,85,NumberOfTimes90DaysLate,relative_minus_5,-0.05,0.0,0.05,0.06614423543214798,0.06614423543214798,0.0,0.0,0,0,0,-1
gmsc,xgboost,86,NumberOfTimes90DaysLate,relative_minus_5,-0.05,0.0,0.05,0.12697042524814606,0.12697042524814606,0.0,0.0,0,0,0,-1
gmsc,xgboost,87,NumberOfTimes90DaysLate,relative_minus_5,-0.05,0.0,0.05,0.106936976313591,0.106936976313591,0.0,0.0,0,0,0,-1
gmsc,xgboost,88,NumberOfTimes90DaysLate,relative_minus_5,-0.05,0.0,0.05,0.12650665640830994,0.12650665640830994,0.0,0.0,0,0,0,-1
gmsc,xgboost,89,NumberOfTimes90DaysLate,relative_minus_5,-0.05,0.0,0.05,0.3815006911754608,0.3815006911754608,0.0,0.0,0,0,0,-1
gmsc,xgboost,90,NumberOfTimes90DaysLate,relative_minus_5,-0.05,0.0,0.05,0.044368140399456024,0.044368140399456024,0.0,0.0,0,0,0,-1
gmsc,xgboost,91,NumberOfTimes90DaysLate,relative_minus_5,-0.05,0.0,0.05,0.1482551395893097,0.1482551395893097,0.0,0.0,0,0,0,-1
gmsc,xgboost,92,NumberOfTimes90DaysLate,relative_minus_5,-0.05,0.0,0.05,0.06322672218084335,0.06322672218084335,0.0,0.0,0,0,0,-1
gmsc,xgboost,93,NumberOfTimes90DaysLate,relative_minus_5,-0.05,0.0,0.05,0.1017114520072937,0.1017114520072937,0.0,0.0,0,0,0,-1
gmsc,xgboost,94,NumberOfTimes90DaysLate,relative_minus_5,-0.05,0.0,0.05,0.14927543699741364,0.14927543699741364,0.0,0.0,0,0,0,-1
gmsc,xgboost,95,NumberOfTimes90DaysLate,relative_minus_5,-0.05,0.0,0.05,0.22754548490047455,0.22754548490047455,0.0,0.0,0,0,0,-1
gmsc,xgboost,96,NumberOfTimes90DaysLate,relative_minus_5,-0.05,0.0,0.05,0.13160045444965363,0.13160045444965363,0.0,0.0,0,0,0,-1
gmsc,xgboost,97,NumberOfTimes90DaysLate,relative_minus_5,-0.05,0.0,0.05,0.0985931009054184,0.0985931009054184,0.0,0.0,0,0,0,-1
gmsc,xgboost,98,NumberOfTimes90DaysLate,relative_minus_5,-0.05,0.0,0.05,0.35479238629341125,0.35479238629341125,0.0,0.0,0,0,0,-1
gmsc,xgboost,99,NumberOfTimes90DaysLate,relative_minus_5,-0.05,0.0,0.05,0.9183781147003174,0.9183781147003174,0.0,0.0,1,1,0,-1
gmsc,xgboost,0,NumberOfTimes90DaysLate,relative_plus_5,0.05,0.0,0.05,0.08203070610761642,0.08203070610761642,0.0,0.0,0,0,0,-1
gmsc,xgboost,1,NumberOfTimes90DaysLate,relative_plus_5,0.05,0.0,0.05,0.07381805032491684,0.07381805032491684,0.0,0.0,0,0,0,-1
gmsc,xgboost,2,NumberOfTimes90DaysLate,relative_plus_5,0.05,0.0,0.05,0.057695530354976654,0.057695530354976654,0.0,0.0,0,0,0,-1
gmsc,xgboost,3,NumberOfTimes90DaysLate,relative_plus_5,0.05,0.0,0.05,0.29744529724121094,0.29744529724121094,0.0,0.0,0,0,0,-1
gmsc,xgboost,4,NumberOfTimes90DaysLate,relative_plus_5,0.05,0.0,0.05,0.10023795068264008,0.10023795068264008,0.0,0.0,0,0,0,-1
gmsc,xgboost,5,NumberOfTimes90DaysLate,relative_plus_5,0.05,0.0,0.05,0.19237148761749268,0.19237148761749268,0.0,0.0,0,0,0,-1
gmsc,xgboost,6,NumberOfTimes90DaysLate,relative_plus_5,0.05,0.0,0.05,0.2720617651939392,0.2720617651939392,0.0,0.0,0,0,0,-1
gmsc,xgboost,7,NumberOfTimes90DaysLate,relative_plus_5,0.05,0.0,0.05,0.2072291374206543,0.2072291374206543,0.0,0.0,0,0,0,-1
gmsc,xgboost,8,NumberOfTimes90DaysLate,relative_plus_5,0.05,0.0,0.05,0.14596141874790192,0.14596141874790192,0.0,0.0,0,0,0,-1
gmsc,xgboost,9,NumberOfTimes90DaysLate,relative_plus_5,0.05,0.0,0.05,0.3907460570335388,0.3907460570335388,0.0,0.0,0,0,0,-1
gmsc,xgboost,10,NumberOfTimes90DaysLate,relative_plus_5,0.05,0.0,0.05,0.43983033299446106,0.43983033299446106,0.0,0.0,0,0,0,-1
gmsc,xgboost,11,NumberOfTimes90DaysLate,relative_plus_5,0.05,0.0,0.05,0.2212306559085846,0.2212306559085846,0.0,0.0,0,0,0,-1
gmsc,xgboost,12,NumberOfTimes90DaysLate,relative_plus_5,0.05,0.0,0.05,0.034909687936306,0.034909687936306,0.0,0.0,0,0,0,-1
gmsc,xgboost,13,NumberOfTimes90DaysLate,relative_plus_5,0.05,1.0,1.05,0.8862441778182983,0.8862441778182983,0.0,0.0,1,1,0,-1
gmsc,xgboost,14,NumberOfTimes90DaysLate,relative_plus_5,0.05,0.0,0.05,0.30772891640663147,0.30772891640663147,0.0,0.0,0,0,0,-1
gmsc,xgboost,15,NumberOfTimes90DaysLate,relative_plus_5,0.05,0.0,0.05,0.2524952292442322,0.2524952292442322,0.0,0.0,0,0,0,-1
gmsc,xgboost,16,NumberOfTimes90DaysLate,relative_plus_5,0.05,0.0,0.05,0.48664188385009766,0.48664188385009766,0.0,0.0,0,0,0,-1
gmsc,xgboost,17,NumberOfTimes90DaysLate,relative_plus_5,0.05,0.0,0.05,0.09193970263004303,0.09193970263004303,0.0,0.0,0,0,0,-1
gmsc,xgboost,18,NumberOfTimes90DaysLate,relative_plus_5,0.05,0.0,0.05,0.3769620656967163,0.3769620656967163,0.0,0.0,0,0,0,-1
gmsc,xgboost,19,NumberOfTimes90DaysLate,relative_plus_5,0.05,0.0,0.05,0.21186602115631104,0.21186602115631104,0.0,0.0,0,0,0,-1
gmsc,xgboost,20,NumberOfTimes90DaysLate,relative_plus_5,0.05,0.0,0.05,0.04993200674653053,0.04993200674653053,0.0,0.0,0,0,0,-1
gmsc,xgboost,21,NumberOfTimes90DaysLate,relative_plus_5,0.05,0.0,0.05,0.08262580633163452,0.08262580633163452,0.0,0.0,0,0,0,-1
gmsc,xgboost,22,NumberOfTimes90DaysLate,relative_plus_5,0.05,0.0,0.05,0.06402596086263657,0.06402596086263657,0.0,0.0,0,0,0,-1
gmsc,xgboost,23,NumberOfTimes90DaysLate,relative_plus_5,0.05,0.0,0.05,0.08952450007200241,0.08952450007200241,0.0,0.0,0,0,0,-1
gmsc,xgboost,24,NumberOfTimes90DaysLate,relative_plus_5,0.05,0.0,0.05,0.034259602427482605,0.034259602427482605,0.0,0.0,0,0,0,-1
gmsc,xgboost,25,NumberOfTimes90DaysLate,relative_plus_5,0.05,0.0,0.05,0.49923714995384216,0.49923714995384216,0.0,0.0,0,0,0,-1
gmsc,xgboost,26,NumberOfTimes90DaysLate,relative_plus_5,0.05,0.0,0.05,0.46355003118515015,0.46355003118515015,0.0,0.0,0,0,0,-1
gmsc,xgboost,27,NumberOfTimes90DaysLate,relative_plus_5,0.05,0.0,0.05,0.16462162137031555,0.16462162137031555,0.0,0.0,0,0,0,-1
gmsc,xgboost,28,NumberOfTimes90DaysLate,relative_plus_5,0.05,0.0,0.05,0.222405344247818,0.222405344247818,0.0,0.0,0,0,0,-1
gmsc,xgboost,29,NumberOfTimes90DaysLate,relative_plus_5,0.05,0.0,0.05,0.06126169487833977,0.06126169487833977,0.0,0.0,0,0,0,-1
gmsc,xgboost,30,NumberOfTimes90DaysLate,relative_plus_5,0.05,0.0,0.05,0.25775110721588135,0.25775110721588135,0.0,0.0,0,0,0,-1
gmsc,xgboost,31,NumberOfTimes90DaysLate,relative_plus_5,0.05,0.0,0.05,0.14284415543079376,0.14284415543079376,0.0,0.0,0,0,0,-1
gmsc,xgboost,32,NumberOfTimes90DaysLate,relative_plus_5,0.05,0.0,0.05,0.1354866921901703,0.1354866921901703,0.0,0.0,0,0,0,-1
gmsc,xgboost,33,NumberOfTimes90DaysLate,relative_plus_5,0.05,0.0,0.05,0.0799889788031578,0.0799889788031578,0.0,0.0,0,0,0,-1
gmsc,xgboost,34,NumberOfTimes90DaysLate,relative_plus_5,0.05,0.0,0.05,0.5890139937400818,0.5890139937400818,0.0,0.0,1,1,0,-1
gmsc,xgboost,35,NumberOfTimes90DaysLate,relative_plus_5,0.05,0.0,0.05,0.7353684902191162,0.7353684902191162,0.0,0.0,1,1,0,-1
gmsc,xgboost,36,NumberOfTimes90DaysLate,relative_plus_5,0.05,0.0,0.05,0.1960536539554596,0.1960536539554596,0.0,0.0,0,0,0,-1
gmsc,xgboost,37,NumberOfTimes90DaysLate,relative_plus_5,0.05,0.0,0.05,0.35266122221946716,0.35266122221946716,0.0,0.0,0,0,0,-1
gmsc,xgboost,38,NumberOfTimes90DaysLate,relative_plus_5,0.05,0.0,0.05,0.2510143518447876,0.2510143518447876,0.0,0.0,0,0,0,-1
gmsc,xgboost,39,NumberOfTimes90DaysLate,relative_plus_5,0.05,0.0,0.05,0.4371665418148041,0.4371665418148041,0.0,0.0,0,0,0,-1
gmsc,xgboost,40,NumberOfTimes90DaysLate,relative_plus_5,0.05,0.0,0.05,0.13587132096290588,0.13587132096290588,0.0,0.0,0,0,0,-1
gmsc,xgboost,41,NumberOfTimes90DaysLate,relative_plus_5,0.05,0.0,0.05,0.18514351546764374,0.18514351546764374,0.0,0.0,0,0,0,-1
gmsc,xgboost,42,NumberOfTimes90DaysLate,relative_plus_5,0.05,0.0,0.05,0.10479436814785004,0.10479436814785004,0.0,0.0,0,0,0,-1
gmsc,xgboost,43,NumberOfTimes90DaysLate,relative_plus_5,0.05,0.0,0.05,0.5401685833930969,0.5401685833930969,0.0,0.0,1,1,0,-1
gmsc,xgboost,44,NumberOfTimes90DaysLate,relative_plus_5,0.05,0.0,0.05,0.11184448003768921,0.11184448003768921,0.0,0.0,0,0,0,-1
gmsc,xgboost,45,NumberOfTimes90DaysLate,relative_plus_5,0.05,0.0,0.05,0.12677443027496338,0.12677443027496338,0.0,0.0,0,0,0,-1
gmsc,xgboost,46,NumberOfTimes90DaysLate,relative_plus_5,0.05,0.0,0.05,0.25457122921943665,0.25457122921943665,0.0,0.0,0,0,0,-1
gmsc,xgboost,47,NumberOfTimes90DaysLate,relative_plus_5,0.05,0.0,0.05,0.05936043709516525,0.05936043709516525,0.0,0.0,0,0,0,-1
gmsc,xgboost,48,NumberOfTimes90DaysLate,relative_plus_5,0.05,0.0,0.05,0.08543100953102112,0.08543100953102112,0.0,0.0,0,0,0,-1
gmsc,xgboost,49,NumberOfTimes90DaysLate,relative_plus_5,0.05,0.0,0.05,0.03611498698592186,0.03611498698592186,0.0,0.0,0,0,0,-1
gmsc,xgboost,50,NumberOfTimes90DaysLate,relative_plus_5,0.05,0.0,0.05,0.1643790304660797,0.1643790304660797,0.0,0.0,0,0,0,-1
gmsc,xgboost,51,NumberOfTimes90DaysLate,relative_plus_5,0.05,0.0,0.05,0.2535255253314972,0.2535255253314972,0.0,0.0,0,0,0,-1
gmsc,xgboost,52,NumberOfTimes90DaysLate,relative_plus_5,0.05,0.0,0.05,0.043543241918087006,0.043543241918087006,0.0,0.0,0,0,0,-1
gmsc,xgboost,53,NumberOfTimes90DaysLate,relative_plus_5,0.05,0.0,0.05,0.8459349870681763,0.8459349870681763,0.0,0.0,1,1,0,-1
gmsc,xgboost,54,NumberOfTimes90DaysLate,relative_plus_5,0.05,0.0,0.05,0.9326093792915344,0.9326093792915344,0.0,0.0,1,1,0,-1
gmsc,xgboost,55,NumberOfTimes90DaysLate,relative_plus_5,0.05,0.0,0.05,0.0761168822646141,0.0761168822646141,0.0,0.0,0,0,0,-1
gmsc,xgboost,56,NumberOfTimes90DaysLate,relative_plus_5,0.05,0.0,0.05,0.15863358974456787,0.15863358974456787,0.0,0.0,0,0,0,-1
gmsc,xgboost,57,NumberOfTimes90DaysLate,relative_plus_5,0.05,0.0,0.05,0.5884111523628235,0.5884111523628235,0.0,0.0,1,1,0,-1
gmsc,xgboost,58,NumberOfTimes90DaysLate,relative_plus_5,0.05,1.0,1.05,0.6777902245521545,0.6777902245521545,0.0,0.0,1,1,0,-1
gmsc,xgboost,59,NumberOfTimes90DaysLate,relative_plus_5,0.05,0.0,0.05,0.628955066204071,0.628955066204071,0.0,0.0,1,1,0,-1
gmsc,xgboost,60,NumberOfTimes90DaysLate,relative_plus_5,0.05,0.0,0.05,0.17468222975730896,0.17468222975730896,0.0,0.0,0,0,0,-1
gmsc,xgboost,61,NumberOfTimes90DaysLate,relative_plus_5,0.05,0.0,0.05,0.3342180848121643,0.3342180848121643,0.0,0.0,0,0,0,-1
gmsc,xgboost,62,NumberOfTimes90DaysLate,relative_plus_5,0.05,0.0,0.05,0.46969300508499146,0.46969300508499146,0.0,0.0,0,0,0,-1
gmsc,xgboost,63,NumberOfTimes90DaysLate,relative_plus_5,0.05,0.0,0.05,0.09234394878149033,0.09234394878149033,0.0,0.0,0,0,0,-1
gmsc,xgboost,64,NumberOfTimes90DaysLate,relative_plus_5,0.05,0.0,0.05,0.36687836050987244,0.36687836050987244,0.0,0.0,0,0,0,-1
gmsc,xgboost,65,NumberOfTimes90DaysLate,relative_plus_5,0.05,0.0,0.05,0.3751460015773773,0.3751460015773773,0.0,0.0,0,0,0,-1
gmsc,xgboost,66,NumberOfTimes90DaysLate,relative_plus_5,0.05,0.0,0.05,0.1265122890472412,0.1265122890472412,0.0,0.0,0,0,0,-1
gmsc,xgboost,67,NumberOfTimes90DaysLate,relative_plus_5,0.05,0.0,0.05,0.4232633113861084,0.4232633113861084,0.0,0.0,0,0,0,-1
gmsc,xgboost,68,NumberOfTimes90DaysLate,relative_plus_5,0.05,0.0,0.05,0.10810530185699463,0.10810530185699463,0.0,0.0,0,0,0,-1
gmsc,xgboost,69,NumberOfTimes90DaysLate,relative_plus_5,0.05,0.0,0.05,0.5635039806365967,0.5635039806365967,0.0,0.0,1,1,0,-1
gmsc,xgboost,70,NumberOfTimes90DaysLate,relative_plus_5,0.05,0.0,0.05,0.39893585443496704,0.39893585443496704,0.0,0.0,0,0,0,-1
gmsc,xgboost,71,NumberOfTimes90DaysLate,relative_plus_5,0.05,0.0,0.05,0.10639937967061996,0.10639937967061996,0.0,0.0,0,0,0,-1
gmsc,xgboost,72,NumberOfTimes90DaysLate,relative_plus_5,0.05,0.0,0.05,0.19083499908447266,0.19083499908447266,0.0,0.0,0,0,0,-1
gmsc,xgboost,73,NumberOfTimes90DaysLate,relative_plus_5,0.05,0.0,0.05,0.3986653685569763,0.3986653685569763,0.0,0.0,0,0,0,-1
gmsc,xgboost,74,NumberOfTimes90DaysLate,relative_plus_5,0.05,0.0,0.05,0.18615853786468506,0.18615853786468506,0.0,0.0,0,0,0,-1
gmsc,xgboost,75,NumberOfTimes90DaysLate,relative_plus_5,0.05,0.0,0.05,0.5547352433204651,0.5547352433204651,0.0,0.0,1,1,0,-1
gmsc,xgboost,76,NumberOfTimes90DaysLate,relative_plus_5,0.05,0.0,0.05,0.11016565561294556,0.11016565561294556,0.0,0.0,0,0,0,-1
gmsc,xgboost,77,NumberOfTimes90DaysLate,relative_plus_5,0.05,0.0,0.05,0.05538906157016754,0.05538906157016754,0.0,0.0,0,0,0,-1
gmsc,xgboost,78,NumberOfTimes90DaysLate,relative_plus_5,0.05,0.0,0.05,0.05751078575849533,0.05751078575849533,0.0,0.0,0,0,0,-1
gmsc,xgboost,79,NumberOfTimes90DaysLate,relative_plus_5,0.05,0.0,0.05,0.2844957709312439,0.2844957709312439,0.0,0.0,0,0,0,-1
gmsc,xgboost,80,NumberOfTimes90DaysLate,relative_plus_5,0.05,0.0,0.05,0.1406598836183548,0.1406598836183548,0.0,0.0,0,0,0,-1
gmsc,xgboost,81,NumberOfTimes90DaysLate,relative_plus_5,0.05,0.0,0.05,0.16070415079593658,0.16070415079593658,0.0,0.0,0,0,0,-1
gmsc,xgboost,82,NumberOfTimes90DaysLate,relative_plus_5,0.05,0.0,0.05,0.4081357717514038,0.4081357717514038,0.0,0.0,0,0,0,-1
gmsc,xgboost,83,NumberOfTimes90DaysLate,relative_plus_5,0.05,0.0,0.05,0.06326539814472198,0.06326539814472198,0.0,0.0,0,0,0,-1
gmsc,xgboost,84,NumberOfTimes90DaysLate,relative_plus_5,0.05,0.0,0.05,0.6416367292404175,0.6416367292404175,0.0,0.0,1,1,0,-1
gmsc,xgboost,85,NumberOfTimes90DaysLate,relative_plus_5,0.05,0.0,0.05,0.06614423543214798,0.06614423543214798,0.0,0.0,0,0,0,-1
gmsc,xgboost,86,NumberOfTimes90DaysLate,relative_plus_5,0.05,0.0,0.05,0.12697042524814606,0.12697042524814606,0.0,0.0,0,0,0,-1
gmsc,xgboost,87,NumberOfTimes90DaysLate,relative_plus_5,0.05,0.0,0.05,0.106936976313591,0.106936976313591,0.0,0.0,0,0,0,-1
gmsc,xgboost,88,NumberOfTimes90DaysLate,relative_plus_5,0.05,0.0,0.05,0.12650665640830994,0.12650665640830994,0.0,0.0,0,0,0,-1
gmsc,xgboost,89,NumberOfTimes90DaysLate,relative_plus_5,0.05,0.0,0.05,0.3815006911754608,0.3815006911754608,0.0,0.0,0,0,0,-1
gmsc,xgboost,90,NumberOfTimes90DaysLate,relative_plus_5,0.05,0.0,0.05,0.044368140399456024,0.044368140399456024,0.0,0.0,0,0,0,-1
gmsc,xgboost,91,NumberOfTimes90DaysLate,relative_plus_5,0.05,0.0,0.05,0.1482551395893097,0.1482551395893097,0.0,0.0,0,0,0,-1
gmsc,xgboost,92,NumberOfTimes90DaysLate,relative_plus_5,0.05,0.0,0.05,0.06322672218084335,0.06322672218084335,0.0,0.0,0,0,0,-1
gmsc,xgboost,93,NumberOfTimes90DaysLate,relative_plus_5,0.05,0.0,0.05,0.1017114520072937,0.1017114520072937,0.0,0.0,0,0,0,-1
gmsc,xgboost,94,NumberOfTimes90DaysLate,relative_plus_5,0.05,0.0,0.05,0.14927543699741364,0.14927543699741364,0.0,0.0,0,0,0,-1
gmsc,xgboost,95,NumberOfTimes90DaysLate,relative_plus_5,0.05,0.0,0.05,0.22754548490047455,0.22754548490047455,0.0,0.0,0,0,0,-1
gmsc,xgboost,96,NumberOfTimes90DaysLate,relative_plus_5,0.05,0.0,0.05,0.13160045444965363,0.13160045444965363,0.0,0.0,0,0,0,-1
gmsc,xgboost,97,NumberOfTimes90DaysLate,relative_plus_5,0.05,0.0,0.05,0.0985931009054184,0.0985931009054184,0.0,0.0,0,0,0,-1
gmsc,xgboost,98,NumberOfTimes90DaysLate,relative_plus_5,0.05,0.0,0.05,0.35479238629341125,0.35479238629341125,0.0,0.0,0,0,0,-1
gmsc,xgboost,99,NumberOfTimes90DaysLate,relative_plus_5,0.05,0.0,0.05,0.9183781147003174,0.9183781147003174,0.0,0.0,1,1,0,-1
gmsc,xgboost,0,NumberOfTimes90DaysLate,relative_minus_10,-0.1,0.0,0.1,0.08203070610761642,0.08203070610761642,0.0,0.0,0,0,0,-1
gmsc,xgboost,1,NumberOfTimes90DaysLate,relative_minus_10,-0.1,0.0,0.1,0.07381805032491684,0.07381805032491684,0.0,0.0,0,0,0,-1
gmsc,xgboost,2,NumberOfTimes90DaysLate,relative_minus_10,-0.1,0.0,0.1,0.057695530354976654,0.057695530354976654,0.0,0.0,0,0,0,-1
gmsc,xgboost,3,NumberOfTimes90DaysLate,relative_minus_10,-0.1,0.0,0.1,0.29744529724121094,0.29744529724121094,0.0,0.0,0,0,0,-1
gmsc,xgboost,4,NumberOfTimes90DaysLate,relative_minus_10,-0.1,0.0,0.1,0.10023795068264008,0.10023795068264008,0.0,0.0,0,0,0,-1
gmsc,xgboost,5,NumberOfTimes90DaysLate,relative_minus_10,-0.1,0.0,0.1,0.19237148761749268,0.19237148761749268,0.0,0.0,0,0,0,-1
gmsc,xgboost,6,NumberOfTimes90DaysLate,relative_minus_10,-0.1,0.0,0.1,0.2720617651939392,0.2720617651939392,0.0,0.0,0,0,0,-1
gmsc,xgboost,7,NumberOfTimes90DaysLate,relative_minus_10,-0.1,0.0,0.1,0.2072291374206543,0.2072291374206543,0.0,0.0,0,0,0,-1
gmsc,xgboost,8,NumberOfTimes90DaysLate,relative_minus_10,-0.1,0.0,0.1,0.14596141874790192,0.14596141874790192,0.0,0.0,0,0,0,-1
gmsc,xgboost,9,NumberOfTimes90DaysLate,relative_minus_10,-0.1,0.0,0.1,0.3907460570335388,0.3907460570335388,0.0,0.0,0,0,0,-1
gmsc,xgboost,10,NumberOfTimes90DaysLate,relative_minus_10,-0.1,0.0,0.1,0.43983033299446106,0.43983033299446106,0.0,0.0,0,0,0,-1
gmsc,xgboost,11,NumberOfTimes90DaysLate,relative_minus_10,-0.1,0.0,0.1,0.2212306559085846,0.2212306559085846,0.0,0.0,0,0,0,-1
gmsc,xgboost,12,NumberOfTimes90DaysLate,relative_minus_10,-0.1,0.0,0.1,0.034909687936306,0.034909687936306,0.0,0.0,0,0,0,-1
gmsc,xgboost,13,NumberOfTimes90DaysLate,relative_minus_10,-0.1,1.0,1.1,0.8862441778182983,0.8862441778182983,0.0,0.0,1,1,0,-1
gmsc,xgboost,14,NumberOfTimes90DaysLate,relative_minus_10,-0.1,0.0,0.1,0.30772891640663147,0.30772891640663147,0.0,0.0,0,0,0,-1
gmsc,xgboost,15,NumberOfTimes90DaysLate,relative_minus_10,-0.1,0.0,0.1,0.2524952292442322,0.2524952292442322,0.0,0.0,0,0,0,-1
gmsc,xgboost,16,NumberOfTimes90DaysLate,relative_minus_10,-0.1,0.0,0.1,0.48664188385009766,0.48664188385009766,0.0,0.0,0,0,0,-1
gmsc,xgboost,17,NumberOfTimes90DaysLate,relative_minus_10,-0.1,0.0,0.1,0.09193970263004303,0.09193970263004303,0.0,0.0,0,0,0,-1
gmsc,xgboost,18,NumberOfTimes90DaysLate,relative_minus_10,-0.1,0.0,0.1,0.3769620656967163,0.3769620656967163,0.0,0.0,0,0,0,-1
gmsc,xgboost,19,NumberOfTimes90DaysLate,relative_minus_10,-0.1,0.0,0.1,0.21186602115631104,0.21186602115631104,0.0,0.0,0,0,0,-1
gmsc,xgboost,20,NumberOfTimes90DaysLate,relative_minus_10,-0.1,0.0,0.1,0.04993200674653053,0.04993200674653053,0.0,0.0,0,0,0,-1
gmsc,xgboost,21,NumberOfTimes90DaysLate,relative_minus_10,-0.1,0.0,0.1,0.08262580633163452,0.08262580633163452,0.0,0.0,0,0,0,-1
gmsc,xgboost,22,NumberOfTimes90DaysLate,relative_minus_10,-0.1,0.0,0.1,0.06402596086263657,0.06402596086263657,0.0,0.0,0,0,0,-1
gmsc,xgboost,23,NumberOfTimes90DaysLate,relative_minus_10,-0.1,0.0,0.1,0.08952450007200241,0.08952450007200241,0.0,0.0,0,0,0,-1
gmsc,xgboost,24,NumberOfTimes90DaysLate,relative_minus_10,-0.1,0.0,0.1,0.034259602427482605,0.034259602427482605,0.0,0.0,0,0,0,-1
gmsc,xgboost,25,NumberOfTimes90DaysLate,relative_minus_10,-0.1,0.0,0.1,0.49923714995384216,0.49923714995384216,0.0,0.0,0,0,0,-1
gmsc,xgboost,26,NumberOfTimes90DaysLate,relative_minus_10,-0.1,0.0,0.1,0.46355003118515015,0.46355003118515015,0.0,0.0,0,0,0,-1
gmsc,xgboost,27,NumberOfTimes90DaysLate,relative_minus_10,-0.1,0.0,0.1,0.16462162137031555,0.16462162137031555,0.0,0.0,0,0,0,-1
gmsc,xgboost,28,NumberOfTimes90DaysLate,relative_minus_10,-0.1,0.0,0.1,0.222405344247818,0.222405344247818,0.0,0.0,0,0,0,-1
gmsc,xgboost,29,NumberOfTimes90DaysLate,relative_minus_10,-0.1,0.0,0.1,0.06126169487833977,0.06126169487833977,0.0,0.0,0,0,0,-1
gmsc,xgboost,30,NumberOfTimes90DaysLate,relative_minus_10,-0.1,0.0,0.1,0.25775110721588135,0.25775110721588135,0.0,0.0,0,0,0,-1
gmsc,xgboost,31,NumberOfTimes90DaysLate,relative_minus_10,-0.1,0.0,0.1,0.14284415543079376,0.14284415543079376,0.0,0.0,0,0,0,-1
gmsc,xgboost,32,NumberOfTimes90DaysLate,relative_minus_10,-0.1,0.0,0.1,0.1354866921901703,0.1354866921901703,0.0,0.0,0,0,0,-1
gmsc,xgboost,33,NumberOfTimes90DaysLate,relative_minus_10,-0.1,0.0,0.1,0.0799889788031578,0.0799889788031578,0.0,0.0,0,0,0,-1
gmsc,xgboost,34,NumberOfTimes90DaysLate,relative_minus_10,-0.1,0.0,0.1,0.5890139937400818,0.5890139937400818,0.0,0.0,1,1,0,-1
gmsc,xgboost,35,NumberOfTimes90DaysLate,relative_minus_10,-0.1,0.0,0.1,0.7353684902191162,0.7353684902191162,0.0,0.0,1,1,0,-1
gmsc,xgboost,36,NumberOfTimes90DaysLate,relative_minus_10,-0.1,0.0,0.1,0.1960536539554596,0.1960536539554596,0.0,0.0,0,0,0,-1
gmsc,xgboost,37,NumberOfTimes90DaysLate,relative_minus_10,-0.1,0.0,0.1,0.35266122221946716,0.35266122221946716,0.0,0.0,0,0,0,-1
gmsc,xgboost,38,NumberOfTimes90DaysLate,relative_minus_10,-0.1,0.0,0.1,0.2510143518447876,0.2510143518447876,0.0,0.0,0,0,0,-1
gmsc,xgboost,39,NumberOfTimes90DaysLate,relative_minus_10,-0.1,0.0,0.1,0.4371665418148041,0.4371665418148041,0.0,0.0,0,0,0,-1
gmsc,xgboost,40,NumberOfTimes90DaysLate,relative_minus_10,-0.1,0.0,0.1,0.13587132096290588,0.13587132096290588,0.0,0.0,0,0,0,-1
gmsc,xgboost,41,NumberOfTimes90DaysLate,relative_minus_10,-0.1,0.0,0.1,0.18514351546764374,0.18514351546764374,0.0,0.0,0,0,0,-1
gmsc,xgboost,42,NumberOfTimes90DaysLate,relative_minus_10,-0.1,0.0,0.1,0.10479436814785004,0.10479436814785004,0.0,0.0,0,0,0,-1
gmsc,xgboost,43,NumberOfTimes90DaysLate,relative_minus_10,-0.1,0.0,0.1,0.5401685833930969,0.5401685833930969,0.0,0.0,1,1,0,-1
gmsc,xgboost,44,NumberOfTimes90DaysLate,relative_minus_10,-0.1,0.0,0.1,0.11184448003768921,0.11184448003768921,0.0,0.0,0,0,0,-1
gmsc,xgboost,45,NumberOfTimes90DaysLate,relative_minus_10,-0.1,0.0,0.1,0.12677443027496338,0.12677443027496338,0.0,0.0,0,0,0,-1
gmsc,xgboost,46,NumberOfTimes90DaysLate,relative_minus_10,-0.1,0.0,0.1,0.25457122921943665,0.25457122921943665,0.0,0.0,0,0,0,-1
gmsc,xgboost,47,NumberOfTimes90DaysLate,relative_minus_10,-0.1,0.0,0.1,0.05936043709516525,0.05936043709516525,0.0,0.0,0,0,0,-1
gmsc,xgboost,48,NumberOfTimes90DaysLate,relative_minus_10,-0.1,0.0,0.1,0.08543100953102112,0.08543100953102112,0.0,0.0,0,0,0,-1
gmsc,xgboost,49,NumberOfTimes90DaysLate,relative_minus_10,-0.1,0.0,0.1,0.03611498698592186,0.03611498698592186,0.0,0.0,0,0,0,-1
gmsc,xgboost,50,NumberOfTimes90DaysLate,relative_minus_10,-0.1,0.0,0.1,0.1643790304660797,0.1643790304660797,0.0,0.0,0,0,0,-1
gmsc,xgboost,51,NumberOfTimes90DaysLate,relative_minus_10,-0.1,0.0,0.1,0.2535255253314972,0.2535255253314972,0.0,0.0,0,0,0,-1
gmsc,xgboost,52,NumberOfTimes90DaysLate,relative_minus_10,-0.1,0.0,0.1,0.043543241918087006,0.043543241918087006,0.0,0.0,0,0,0,-1
gmsc,xgboost,53,NumberOfTimes90DaysLate,relative_minus_10,-0.1,0.0,0.1,0.8459349870681763,0.8459349870681763,0.0,0.0,1,1,0,-1
gmsc,xgboost,54,NumberOfTimes90DaysLate,relative_minus_10,-0.1,0.0,0.1,0.9326093792915344,0.9326093792915344,0.0,0.0,1,1,0,-1
gmsc,xgboost,55,NumberOfTimes90DaysLate,relative_minus_10,-0.1,0.0,0.1,0.0761168822646141,0.0761168822646141,0.0,0.0,0,0,0,-1
gmsc,xgboost,56,NumberOfTimes90DaysLate,relative_minus_10,-0.1,0.0,0.1,0.15863358974456787,0.15863358974456787,0.0,0.0,0,0,0,-1
gmsc,xgboost,57,NumberOfTimes90DaysLate,relative_minus_10,-0.1,0.0,0.1,0.5884111523628235,0.5884111523628235,0.0,0.0,1,1,0,-1
gmsc,xgboost,58,NumberOfTimes90DaysLate,relative_minus_10,-0.1,1.0,1.1,0.6777902245521545,0.6777902245521545,0.0,0.0,1,1,0,-1
gmsc,xgboost,59,NumberOfTimes90DaysLate,relative_minus_10,-0.1,0.0,0.1,0.628955066204071,0.628955066204071,0.0,0.0,1,1,0,-1
gmsc,xgboost,60,NumberOfTimes90DaysLate,relative_minus_10,-0.1,0.0,0.1,0.17468222975730896,0.17468222975730896,0.0,0.0,0,0,0,-1
gmsc,xgboost,61,NumberOfTimes90DaysLate,relative_minus_10,-0.1,0.0,0.1,0.3342180848121643,0.3342180848121643,0.0,0.0,0,0,0,-1
gmsc,xgboost,62,NumberOfTimes90DaysLate,relative_minus_10,-0.1,0.0,0.1,0.46969300508499146,0.46969300508499146,0.0,0.0,0,0,0,-1
gmsc,xgboost,63,NumberOfTimes90DaysLate,relative_minus_10,-0.1,0.0,0.1,0.09234394878149033,0.09234394878149033,0.0,0.0,0,0,0,-1
gmsc,xgboost,64,NumberOfTimes90DaysLate,relative_minus_10,-0.1,0.0,0.1,0.36687836050987244,0.36687836050987244,0.0,0.0,0,0,0,-1
gmsc,xgboost,65,NumberOfTimes90DaysLate,relative_minus_10,-0.1,0.0,0.1,0.3751460015773773,0.3751460015773773,0.0,0.0,0,0,0,-1
gmsc,xgboost,66,NumberOfTimes90DaysLate,relative_minus_10,-0.1,0.0,0.1,0.1265122890472412,0.1265122890472412,0.0,0.0,0,0,0,-1
gmsc,xgboost,67,NumberOfTimes90DaysLate,relative_minus_10,-0.1,0.0,0.1,0.4232633113861084,0.4232633113861084,0.0,0.0,0,0,0,-1
gmsc,xgboost,68,NumberOfTimes90DaysLate,relative_minus_10,-0.1,0.0,0.1,0.10810530185699463,0.10810530185699463,0.0,0.0,0,0,0,-1
gmsc,xgboost,69,NumberOfTimes90DaysLate,relative_minus_10,-0.1,0.0,0.1,0.5635039806365967,0.5635039806365967,0.0,0.0,1,1,0,-1
gmsc,xgboost,70,NumberOfTimes90DaysLate,relative_minus_10,-0.1,0.0,0.1,0.39893585443496704,0.39893585443496704,0.0,0.0,0,0,0,-1
gmsc,xgboost,71,NumberOfTimes90DaysLate,relative_minus_10,-0.1,0.0,0.1,0.10639937967061996,0.10639937967061996,0.0,0.0,0,0,0,-1
gmsc,xgboost,72,NumberOfTimes90DaysLate,relative_minus_10,-0.1,0.0,0.1,0.19083499908447266,0.19083499908447266,0.0,0.0,0,0,0,-1
gmsc,xgboost,73,NumberOfTimes90DaysLate,relative_minus_10,-0.1,0.0,0.1,0.3986653685569763,0.3986653685569763,0.0,0.0,0,0,0,-1
gmsc,xgboost,74,NumberOfTimes90DaysLate,relative_minus_10,-0.1,0.0,0.1,0.18615853786468506,0.18615853786468506,0.0,0.0,0,0,0,-1
gmsc,xgboost,75,NumberOfTimes90DaysLate,relative_minus_10,-0.1,0.0,0.1,0.5547352433204651,0.5547352433204651,0.0,0.0,1,1,0,-1
gmsc,xgboost,76,NumberOfTimes90DaysLate,relative_minus_10,-0.1,0.0,0.1,0.11016565561294556,0.11016565561294556,0.0,0.0,0,0,0,-1
gmsc,xgboost,77,NumberOfTimes90DaysLate,relative_minus_10,-0.1,0.0,0.1,0.05538906157016754,0.05538906157016754,0.0,0.0,0,0,0,-1
gmsc,xgboost,78,NumberOfTimes90DaysLate,relative_minus_10,-0.1,0.0,0.1,0.05751078575849533,0.05751078575849533,0.0,0.0,0,0,0,-1
gmsc,xgboost,79,NumberOfTimes90DaysLate,relative_minus_10,-0.1,0.0,0.1,0.2844957709312439,0.2844957709312439,0.0,0.0,0,0,0,-1
gmsc,xgboost,80,NumberOfTimes90DaysLate,relative_minus_10,-0.1,0.0,0.1,0.1406598836183548,0.1406598836183548,0.0,0.0,0,0,0,-1
gmsc,xgboost,81,NumberOfTimes90DaysLate,relative_minus_10,-0.1,0.0,0.1,0.16070415079593658,0.16070415079593658,0.0,0.0,0,0,0,-1
gmsc,xgboost,82,NumberOfTimes90DaysLate,relative_minus_10,-0.1,0.0,0.1,0.4081357717514038,0.4081357717514038,0.0,0.0,0,0,0,-1
gmsc,xgboost,83,NumberOfTimes90DaysLate,relative_minus_10,-0.1,0.0,0.1,0.06326539814472198,0.06326539814472198,0.0,0.0,0,0,0,-1
gmsc,xgboost,84,NumberOfTimes90DaysLate,relative_minus_10,-0.1,0.0,0.1,0.6416367292404175,0.6416367292404175,0.0,0.0,1,1,0,-1
gmsc,xgboost,85,NumberOfTimes90DaysLate,relative_minus_10,-0.1,0.0,0.1,0.06614423543214798,0.06614423543214798,0.0,0.0,0,0,0,-1
gmsc,xgboost,86,NumberOfTimes90DaysLate,relative_minus_10,-0.1,0.0,0.1,0.12697042524814606,0.12697042524814606,0.0,0.0,0,0,0,-1
gmsc,xgboost,87,NumberOfTimes90DaysLate,relative_minus_10,-0.1,0.0,0.1,0.106936976313591,0.106936976313591,0.0,0.0,0,0,0,-1
gmsc,xgboost,88,NumberOfTimes90DaysLate,relative_minus_10,-0.1,0.0,0.1,0.12650665640830994,0.12650665640830994,0.0,0.0,0,0,0,-1
gmsc,xgboost,89,NumberOfTimes90DaysLate,relative_minus_10,-0.1,0.0,0.1,0.3815006911754608,0.3815006911754608,0.0,0.0,0,0,0,-1
gmsc,xgboost,90,NumberOfTimes90DaysLate,relative_minus_10,-0.1,0.0,0.1,0.044368140399456024,0.044368140399456024,0.0,0.0,0,0,0,-1
gmsc,xgboost,91,NumberOfTimes90DaysLate,relative_minus_10,-0.1,0.0,0.1,0.1482551395893097,0.1482551395893097,0.0,0.0,0,0,0,-1
gmsc,xgboost,92,NumberOfTimes90DaysLate,relative_minus_10,-0.1,0.0,0.1,0.06322672218084335,0.06322672218084335,0.0,0.0,0,0,0,-1
gmsc,xgboost,93,NumberOfTimes90DaysLate,relative_minus_10,-0.1,0.0,0.1,0.1017114520072937,0.1017114520072937,0.0,0.0,0,0,0,-1
gmsc,xgboost,94,NumberOfTimes90DaysLate,relative_minus_10,-0.1,0.0,0.1,0.14927543699741364,0.14927543699741364,0.0,0.0,0,0,0,-1
gmsc,xgboost,95,NumberOfTimes90DaysLate,relative_minus_10,-0.1,0.0,0.1,0.22754548490047455,0.22754548490047455,0.0,0.0,0,0,0,-1
gmsc,xgboost,96,NumberOfTimes90DaysLate,relative_minus_10,-0.1,0.0,0.1,0.13160045444965363,0.13160045444965363,0.0,0.0,0,0,0,-1
gmsc,xgboost,97,NumberOfTimes90DaysLate,relative_minus_10,-0.1,0.0,0.1,0.0985931009054184,0.0985931009054184,0.0,0.0,0,0,0,-1
gmsc,xgboost,98,NumberOfTimes90DaysLate,relative_minus_10,-0.1,0.0,0.1,0.35479238629341125,0.35479238629341125,0.0,0.0,0,0,0,-1
gmsc,xgboost,99,NumberOfTimes90DaysLate,relative_minus_10,-0.1,0.0,0.1,0.9183781147003174,0.9183781147003174,0.0,0.0,1,1,0,-1
gmsc,xgboost,0,NumberOfTimes90DaysLate,relative_plus_10,0.1,0.0,0.1,0.08203070610761642,0.08203070610761642,0.0,0.0,0,0,0,-1
gmsc,xgboost,1,NumberOfTimes90DaysLate,relative_plus_10,0.1,0.0,0.1,0.07381805032491684,0.07381805032491684,0.0,0.0,0,0,0,-1
gmsc,xgboost,2,NumberOfTimes90DaysLate,relative_plus_10,0.1,0.0,0.1,0.057695530354976654,0.057695530354976654,0.0,0.0,0,0,0,-1
gmsc,xgboost,3,NumberOfTimes90DaysLate,relative_plus_10,0.1,0.0,0.1,0.29744529724121094,0.29744529724121094,0.0,0.0,0,0,0,-1
gmsc,xgboost,4,NumberOfTimes90DaysLate,relative_plus_10,0.1,0.0,0.1,0.10023795068264008,0.10023795068264008,0.0,0.0,0,0,0,-1
gmsc,xgboost,5,NumberOfTimes90DaysLate,relative_plus_10,0.1,0.0,0.1,0.19237148761749268,0.19237148761749268,0.0,0.0,0,0,0,-1
gmsc,xgboost,6,NumberOfTimes90DaysLate,relative_plus_10,0.1,0.0,0.1,0.2720617651939392,0.2720617651939392,0.0,0.0,0,0,0,-1
gmsc,xgboost,7,NumberOfTimes90DaysLate,relative_plus_10,0.1,0.0,0.1,0.2072291374206543,0.2072291374206543,0.0,0.0,0,0,0,-1
gmsc,xgboost,8,NumberOfTimes90DaysLate,relative_plus_10,0.1,0.0,0.1,0.14596141874790192,0.14596141874790192,0.0,0.0,0,0,0,-1
gmsc,xgboost,9,NumberOfTimes90DaysLate,relative_plus_10,0.1,0.0,0.1,0.3907460570335388,0.3907460570335388,0.0,0.0,0,0,0,-1
gmsc,xgboost,10,NumberOfTimes90DaysLate,relative_plus_10,0.1,0.0,0.1,0.43983033299446106,0.43983033299446106,0.0,0.0,0,0,0,-1
gmsc,xgboost,11,NumberOfTimes90DaysLate,relative_plus_10,0.1,0.0,0.1,0.2212306559085846,0.2212306559085846,0.0,0.0,0,0,0,-1
gmsc,xgboost,12,NumberOfTimes90DaysLate,relative_plus_10,0.1,0.0,0.1,0.034909687936306,0.034909687936306,0.0,0.0,0,0,0,-1
gmsc,xgboost,13,NumberOfTimes90DaysLate,relative_plus_10,0.1,1.0,1.1,0.8862441778182983,0.8862441778182983,0.0,0.0,1,1,0,-1
gmsc,xgboost,14,NumberOfTimes90DaysLate,relative_plus_10,0.1,0.0,0.1,0.30772891640663147,0.30772891640663147,0.0,0.0,0,0,0,-1
gmsc,xgboost,15,NumberOfTimes90DaysLate,relative_plus_10,0.1,0.0,0.1,0.2524952292442322,0.2524952292442322,0.0,0.0,0,0,0,-1
gmsc,xgboost,16,NumberOfTimes90DaysLate,relative_plus_10,0.1,0.0,0.1,0.48664188385009766,0.48664188385009766,0.0,0.0,0,0,0,-1
gmsc,xgboost,17,NumberOfTimes90DaysLate,relative_plus_10,0.1,0.0,0.1,0.09193970263004303,0.09193970263004303,0.0,0.0,0,0,0,-1
gmsc,xgboost,18,NumberOfTimes90DaysLate,relative_plus_10,0.1,0.0,0.1,0.3769620656967163,0.3769620656967163,0.0,0.0,0,0,0,-1
gmsc,xgboost,19,NumberOfTimes90DaysLate,relative_plus_10,0.1,0.0,0.1,0.21186602115631104,0.21186602115631104,0.0,0.0,0,0,0,-1
gmsc,xgboost,20,NumberOfTimes90DaysLate,relative_plus_10,0.1,0.0,0.1,0.04993200674653053,0.04993200674653053,0.0,0.0,0,0,0,-1
gmsc,xgboost,21,NumberOfTimes90DaysLate,relative_plus_10,0.1,0.0,0.1,0.08262580633163452,0.08262580633163452,0.0,0.0,0,0,0,-1
gmsc,xgboost,22,NumberOfTimes90DaysLate,relative_plus_10,0.1,0.0,0.1,0.06402596086263657,0.06402596086263657,0.0,0.0,0,0,0,-1
gmsc,xgboost,23,NumberOfTimes90DaysLate,relative_plus_10,0.1,0.0,0.1,0.08952450007200241,0.08952450007200241,0.0,0.0,0,0,0,-1
gmsc,xgboost,24,NumberOfTimes90DaysLate,relative_plus_10,0.1,0.0,0.1,0.034259602427482605,0.034259602427482605,0.0,0.0,0,0,0,-1
gmsc,xgboost,25,NumberOfTimes90DaysLate,relative_plus_10,0.1,0.0,0.1,0.49923714995384216,0.49923714995384216,0.0,0.0,0,0,0,-1
gmsc,xgboost,26,NumberOfTimes90DaysLate,relative_plus_10,0.1,0.0,0.1,0.46355003118515015,0.46355003118515015,0.0,0.0,0,0,0,-1
gmsc,xgboost,27,NumberOfTimes90DaysLate,relative_plus_10,0.1,0.0,0.1,0.16462162137031555,0.16462162137031555,0.0,0.0,0,0,0,-1
gmsc,xgboost,28,NumberOfTimes90DaysLate,relative_plus_10,0.1,0.0,0.1,0.222405344247818,0.222405344247818,0.0,0.0,0,0,0,-1
gmsc,xgboost,29,NumberOfTimes90DaysLate,relative_plus_10,0.1,0.0,0.1,0.06126169487833977,0.06126169487833977,0.0,0.0,0,0,0,-1
gmsc,xgboost,30,NumberOfTimes90DaysLate,relative_plus_10,0.1,0.0,0.1,0.25775110721588135,0.25775110721588135,0.0,0.0,0,0,0,-1
gmsc,xgboost,31,NumberOfTimes90DaysLate,relative_plus_10,0.1,0.0,0.1,0.14284415543079376,0.14284415543079376,0.0,0.0,0,0,0,-1
gmsc,xgboost,32,NumberOfTimes90DaysLate,relative_plus_10,0.1,0.0,0.1,0.1354866921901703,0.1354866921901703,0.0,0.0,0,0,0,-1
gmsc,xgboost,33,NumberOfTimes90DaysLate,relative_plus_10,0.1,0.0,0.1,0.0799889788031578,0.0799889788031578,0.0,0.0,0,0,0,-1
gmsc,xgboost,34,NumberOfTimes90DaysLate,relative_plus_10,0.1,0.0,0.1,0.5890139937400818,0.5890139937400818,0.0,0.0,1,1,0,-1
gmsc,xgboost,35,NumberOfTimes90DaysLate,relative_plus_10,0.1,0.0,0.1,0.7353684902191162,0.7353684902191162,0.0,0.0,1,1,0,-1
gmsc,xgboost,36,NumberOfTimes90DaysLate,relative_plus_10,0.1,0.0,0.1,0.1960536539554596,0.1960536539554596,0.0,0.0,0,0,0,-1
gmsc,xgboost,37,NumberOfTimes90DaysLate,relative_plus_10,0.1,0.0,0.1,0.35266122221946716,0.35266122221946716,0.0,0.0,0,0,0,-1
gmsc,xgboost,38,NumberOfTimes90DaysLate,relative_plus_10,0.1,0.0,0.1,0.2510143518447876,0.2510143518447876,0.0,0.0,0,0,0,-1
gmsc,xgboost,39,NumberOfTimes90DaysLate,relative_plus_10,0.1,0.0,0.1,0.4371665418148041,0.4371665418148041,0.0,0.0,0,0,0,-1
gmsc,xgboost,40,NumberOfTimes90DaysLate,relative_plus_10,0.1,0.0,0.1,0.13587132096290588,0.13587132096290588,0.0,0.0,0,0,0,-1
gmsc,xgboost,41,NumberOfTimes90DaysLate,relative_plus_10,0.1,0.0,0.1,0.18514351546764374,0.18514351546764374,0.0,0.0,0,0,0,-1
gmsc,xgboost,42,NumberOfTimes90DaysLate,relative_plus_10,0.1,0.0,0.1,0.10479436814785004,0.10479436814785004,0.0,0.0,0,0,0,-1
gmsc,xgboost,43,NumberOfTimes90DaysLate,relative_plus_10,0.1,0.0,0.1,0.5401685833930969,0.5401685833930969,0.0,0.0,1,1,0,-1
gmsc,xgboost,44,NumberOfTimes90DaysLate,relative_plus_10,0.1,0.0,0.1,0.11184448003768921,0.11184448003768921,0.0,0.0,0,0,0,-1
gmsc,xgboost,45,NumberOfTimes90DaysLate,relative_plus_10,0.1,0.0,0.1,0.12677443027496338,0.12677443027496338,0.0,0.0,0,0,0,-1
gmsc,xgboost,46,NumberOfTimes90DaysLate,relative_plus_10,0.1,0.0,0.1,0.25457122921943665,0.25457122921943665,0.0,0.0,0,0,0,-1
gmsc,xgboost,47,NumberOfTimes90DaysLate,relative_plus_10,0.1,0.0,0.1,0.05936043709516525,0.05936043709516525,0.0,0.0,0,0,0,-1
gmsc,xgboost,48,NumberOfTimes90DaysLate,relative_plus_10,0.1,0.0,0.1,0.08543100953102112,0.08543100953102112,0.0,0.0,0,0,0,-1
gmsc,xgboost,49,NumberOfTimes90DaysLate,relative_plus_10,0.1,0.0,0.1,0.03611498698592186,0.03611498698592186,0.0,0.0,0,0,0,-1
gmsc,xgboost,50,NumberOfTimes90DaysLate,relative_plus_10,0.1,0.0,0.1,0.1643790304660797,0.1643790304660797,0.0,0.0,0,0,0,-1
gmsc,xgboost,51,NumberOfTimes90DaysLate,relative_plus_10,0.1,0.0,0.1,0.2535255253314972,0.2535255253314972,0.0,0.0,0,0,0,-1
gmsc,xgboost,52,NumberOfTimes90DaysLate,relative_plus_10,0.1,0.0,0.1,0.043543241918087006,0.043543241918087006,0.0,0.0,0,0,0,-1
gmsc,xgboost,53,NumberOfTimes90DaysLate,relative_plus_10,0.1,0.0,0.1,0.8459349870681763,0.8459349870681763,0.0,0.0,1,1,0,-1
gmsc,xgboost,54,NumberOfTimes90DaysLate,relative_plus_10,0.1,0.0,0.1,0.9326093792915344,0.9326093792915344,0.0,0.0,1,1,0,-1
gmsc,xgboost,55,NumberOfTimes90DaysLate,relative_plus_10,0.1,0.0,0.1,0.0761168822646141,0.0761168822646141,0.0,0.0,0,0,0,-1
gmsc,xgboost,56,NumberOfTimes90DaysLate,relative_plus_10,0.1,0.0,0.1,0.15863358974456787,0.15863358974456787,0.0,0.0,0,0,0,-1
gmsc,xgboost,57,NumberOfTimes90DaysLate,relative_plus_10,0.1,0.0,0.1,0.5884111523628235,0.5884111523628235,0.0,0.0,1,1,0,-1
gmsc,xgboost,58,NumberOfTimes90DaysLate,relative_plus_10,0.1,1.0,1.1,0.6777902245521545,0.6777902245521545,0.0,0.0,1,1,0,-1
gmsc,xgboost,59,NumberOfTimes90DaysLate,relative_plus_10,0.1,0.0,0.1,0.628955066204071,0.628955066204071,0.0,0.0,1,1,0,-1
gmsc,xgboost,60,NumberOfTimes90DaysLate,relative_plus_10,0.1,0.0,0.1,0.17468222975730896,0.17468222975730896,0.0,0.0,0,0,0,-1
gmsc,xgboost,61,NumberOfTimes90DaysLate,relative_plus_10,0.1,0.0,0.1,0.3342180848121643,0.3342180848121643,0.0,0.0,0,0,0,-1
gmsc,xgboost,62,NumberOfTimes90DaysLate,relative_plus_10,0.1,0.0,0.1,0.46969300508499146,0.46969300508499146,0.0,0.0,0,0,0,-1
gmsc,xgboost,63,NumberOfTimes90DaysLate,relative_plus_10,0.1,0.0,0.1,0.09234394878149033,0.09234394878149033,0.0,0.0,0,0,0,-1
gmsc,xgboost,64,NumberOfTimes90DaysLate,relative_plus_10,0.1,0.0,0.1,0.36687836050987244,0.36687836050987244,0.0,0.0,0,0,0,-1
gmsc,xgboost,65,NumberOfTimes90DaysLate,relative_plus_10,0.1,0.0,0.1,0.3751460015773773,0.3751460015773773,0.0,0.0,0,0,0,-1
gmsc,xgboost,66,NumberOfTimes90DaysLate,relative_plus_10,0.1,0.0,0.1,0.1265122890472412,0.1265122890472412,0.0,0.0,0,0,0,-1
gmsc,xgboost,67,NumberOfTimes90DaysLate,relative_plus_10,0.1,0.0,0.1,0.4232633113861084,0.4232633113861084,0.0,0.0,0,0,0,-1
gmsc,xgboost,68,NumberOfTimes90DaysLate,relative_plus_10,0.1,0.0,0.1,0.10810530185699463,0.10810530185699463,0.0,0.0,0,0,0,-1
gmsc,xgboost,69,NumberOfTimes90DaysLate,relative_plus_10,0.1,0.0,0.1,0.5635039806365967,0.5635039806365967,0.0,0.0,1,1,0,-1
gmsc,xgboost,70,NumberOfTimes90DaysLate,relative_plus_10,0.1,0.0,0.1,0.39893585443496704,0.39893585443496704,0.0,0.0,0,0,0,-1
gmsc,xgboost,71,NumberOfTimes90DaysLate,relative_plus_10,0.1,0.0,0.1,0.10639937967061996,0.10639937967061996,0.0,0.0,0,0,0,-1
gmsc,xgboost,72,NumberOfTimes90DaysLate,relative_plus_10,0.1,0.0,0.1,0.19083499908447266,0.19083499908447266,0.0,0.0,0,0,0,-1
gmsc,xgboost,73,NumberOfTimes90DaysLate,relative_plus_10,0.1,0.0,0.1,0.3986653685569763,0.3986653685569763,0.0,0.0,0,0,0,-1
gmsc,xgboost,74,NumberOfTimes90DaysLate,relative_plus_10,0.1,0.0,0.1,0.18615853786468506,0.18615853786468506,0.0,0.0,0,0,0,-1
gmsc,xgboost,75,NumberOfTimes90DaysLate,relative_plus_10,0.1,0.0,0.1,0.5547352433204651,0.5547352433204651,0.0,0.0,1,1,0,-1
gmsc,xgboost,76,NumberOfTimes90DaysLate,relative_plus_10,0.1,0.0,0.1,0.11016565561294556,0.11016565561294556,0.0,0.0,0,0,0,-1
gmsc,xgboost,77,NumberOfTimes90DaysLate,relative_plus_10,0.1,0.0,0.1,0.05538906157016754,0.05538906157016754,0.0,0.0,0,0,0,-1
gmsc,xgboost,78,NumberOfTimes90DaysLate,relative_plus_10,0.1,0.0,0.1,0.05751078575849533,0.05751078575849533,0.0,0.0,0,0,0,-1
gmsc,xgboost,79,NumberOfTimes90DaysLate,relative_plus_10,0.1,0.0,0.1,0.2844957709312439,0.2844957709312439,0.0,0.0,0,0,0,-1
gmsc,xgboost,80,NumberOfTimes90DaysLate,relative_plus_10,0.1,0.0,0.1,0.1406598836183548,0.1406598836183548,0.0,0.0,0,0,0,-1
gmsc,xgboost,81,NumberOfTimes90DaysLate,relative_plus_10,0.1,0.0,0.1,0.16070415079593658,0.16070415079593658,0.0,0.0,0,0,0,-1
gmsc,xgboost,82,NumberOfTimes90DaysLate,relative_plus_10,0.1,0.0,0.1,0.4081357717514038,0.4081357717514038,0.0,0.0,0,0,0,-1
gmsc,xgboost,83,NumberOfTimes90DaysLate,relative_plus_10,0.1,0.0,0.1,0.06326539814472198,0.06326539814472198,0.0,0.0,0,0,0,-1
gmsc,xgboost,84,NumberOfTimes90DaysLate,relative_plus_10,0.1,0.0,0.1,0.6416367292404175,0.6416367292404175,0.0,0.0,1,1,0,-1
gmsc,xgboost,85,NumberOfTimes90DaysLate,relative_plus_10,0.1,0.0,0.1,0.06614423543214798,0.06614423543214798,0.0,0.0,0,0,0,-1
gmsc,xgboost,86,NumberOfTimes90DaysLate,relative_plus_10,0.1,0.0,0.1,0.12697042524814606,0.12697042524814606,0.0,0.0,0,0,0,-1
gmsc,xgboost,87,NumberOfTimes90DaysLate,relative_plus_10,0.1,0.0,0.1,0.106936976313591,0.106936976313591,0.0,0.0,0,0,0,-1
gmsc,xgboost,88,NumberOfTimes90DaysLate,relative_plus_10,0.1,0.0,0.1,0.12650665640830994,0.12650665640830994,0.0,0.0,0,0,0,-1
gmsc,xgboost,89,NumberOfTimes90DaysLate,relative_plus_10,0.1,0.0,0.1,0.3815006911754608,0.3815006911754608,0.0,0.0,0,0,0,-1
gmsc,xgboost,90,NumberOfTimes90DaysLate,relative_plus_10,0.1,0.0,0.1,0.044368140399456024,0.044368140399456024,0.0,0.0,0,0,0,-1
gmsc,xgboost,91,NumberOfTimes90DaysLate,relative_plus_10,0.1,0.0,0.1,0.1482551395893097,0.1482551395893097,0.0,0.0,0,0,0,-1
gmsc,xgboost,92,NumberOfTimes90DaysLate,relative_plus_10,0.1,0.0,0.1,0.06322672218084335,0.06322672218084335,0.0,0.0,0,0,0,-1
gmsc,xgboost,93,NumberOfTimes90DaysLate,relative_plus_10,0.1,0.0,0.1,0.1017114520072937,0.1017114520072937,0.0,0.0,0,0,0,-1
gmsc,xgboost,94,NumberOfTimes90DaysLate,relative_plus_10,0.1,0.0,0.1,0.14927543699741364,0.14927543699741364,0.0,0.0,0,0,0,-1
gmsc,xgboost,95,NumberOfTimes90DaysLate,relative_plus_10,0.1,0.0,0.1,0.22754548490047455,0.22754548490047455,0.0,0.0,0,0,0,-1
gmsc,xgboost,96,NumberOfTimes90DaysLate,relative_plus_10,0.1,0.0,0.1,0.13160045444965363,0.13160045444965363,0.0,0.0,0,0,0,-1
gmsc,xgboost,97,NumberOfTimes90DaysLate,relative_plus_10,0.1,0.0,0.1,0.0985931009054184,0.0985931009054184,0.0,0.0,0,0,0,-1
gmsc,xgboost,98,NumberOfTimes90DaysLate,relative_plus_10,0.1,0.0,0.1,0.35479238629341125,0.35479238629341125,0.0,0.0,0,0,0,-1
gmsc,xgboost,99,NumberOfTimes90DaysLate,relative_plus_10,0.1,0.0,0.1,0.9183781147003174,0.9183781147003174,0.0,0.0,1,1,0,-1
gmsc,xgboost,0,NumberRealEstateLoansOrLines,relative_minus_5,-0.05,2.0,2.1,0.08203070610761642,0.08203070610761642,0.0,0.0,0,0,0,-1
gmsc,xgboost,1,NumberRealEstateLoansOrLines,relative_minus_5,-0.05,1.0,1.05,0.07381805032491684,0.07381805032491684,0.0,0.0,0,0,0,-1
gmsc,xgboost,2,NumberRealEstateLoansOrLines,relative_minus_5,-0.05,0.0,0.05,0.057695530354976654,0.057695530354976654,0.0,0.0,0,0,0,-1
gmsc,xgboost,3,NumberRealEstateLoansOrLines,relative_minus_5,-0.05,2.0,2.1,0.29744529724121094,0.29744529724121094,0.0,0.0,0,0,0,-1
gmsc,xgboost,4,NumberRealEstateLoansOrLines,relative_minus_5,-0.05,1.0,1.05,0.10023795068264008,0.10023795068264008,0.0,0.0,0,0,0,-1
gmsc,xgboost,5,NumberRealEstateLoansOrLines,relative_minus_5,-0.05,1.0,1.05,0.19237148761749268,0.19237148761749268,0.0,0.0,0,0,0,-1
gmsc,xgboost,6,NumberRealEstateLoansOrLines,relative_minus_5,-0.05,0.0,0.05,0.2720617651939392,0.2720617651939392,0.0,0.0,0,0,0,-1
gmsc,xgboost,7,NumberRealEstateLoansOrLines,relative_minus_5,-0.05,0.0,0.05,0.2072291374206543,0.2072291374206543,0.0,0.0,0,0,0,-1
gmsc,xgboost,8,NumberRealEstateLoansOrLines,relative_minus_5,-0.05,1.0,1.05,0.14596141874790192,0.14596141874790192,0.0,0.0,0,0,0,-1
gmsc,xgboost,9,NumberRealEstateLoansOrLines,relative_minus_5,-0.05,1.0,1.05,0.3907460570335388,0.3907460570335388,0.0,0.0,0,0,0,-1
gmsc,xgboost,10,NumberRealEstateLoansOrLines,relative_minus_5,-0.05,2.0,2.1,0.43983033299446106,0.43983033299446106,0.0,0.0,0,0,0,-1
gmsc,xgboost,11,NumberRealEstateLoansOrLines,relative_minus_5,-0.05,1.0,1.05,0.2212306559085846,0.2212306559085846,0.0,0.0,0,0,0,-1
gmsc,xgboost,12,NumberRealEstateLoansOrLines,relative_minus_5,-0.05,1.0,1.05,0.034909687936306,0.034909687936306,0.0,0.0,0,0,0,-1
gmsc,xgboost,13,NumberRealEstateLoansOrLines,relative_minus_5,-0.05,0.0,0.05,0.8862441778182983,0.8862441778182983,0.0,0.0,1,1,0,-1
gmsc,xgboost,14,NumberRealEstateLoansOrLines,relative_minus_5,-0.05,0.0,0.05,0.30772891640663147,0.30772891640663147,0.0,0.0,0,0,0,-1
gmsc,xgboost,15,NumberRealEstateLoansOrLines,relative_minus_5,-0.05,1.0,1.05,0.2524952292442322,0.2524952292442322,0.0,0.0,0,0,0,-1
gmsc,xgboost,16,NumberRealEstateLoansOrLines,relative_minus_5,-0.05,0.0,0.05,0.48664188385009766,0.48664188385009766,0.0,0.0,0,0,0,-1
gmsc,xgboost,17,NumberRealEstateLoansOrLines,relative_minus_5,-0.05,1.0,1.05,0.09193970263004303,0.09193970263004303,0.0,0.0,0,0,0,-1
gmsc,xgboost,18,NumberRealEstateLoansOrLines,relative_minus_5,-0.05,2.0,2.1,0.3769620656967163,0.3769620656967163,0.0,0.0,0,0,0,-1
gmsc,xgboost,19,NumberRealEstateLoansOrLines,relative_minus_5,-0.05,2.0,2.1,0.21186602115631104,0.21186602115631104,0.0,0.0,0,0,0,-1
gmsc,xgboost,20,NumberRealEstateLoansOrLines,relative_minus_5,-0.05,1.0,1.05,0.04993200674653053,0.04993200674653053,0.0,0.0,0,0,0,-1
gmsc,xgboost,21,NumberRealEstateLoansOrLines,relative_minus_5,-0.05,0.0,0.05,0.08262580633163452,0.08262580633163452,0.0,0.0,0,0,0,-1
gmsc,xgboost,22,NumberRealEstateLoansOrLines,relative_minus_5,-0.05,1.0,1.05,0.06402596086263657,0.06402596086263657,0.0,0.0,0,0,0,-1
gmsc,xgboost,23,NumberRealEstateLoansOrLines,relative_minus_5,-0.05,2.0,2.1,0.08952450007200241,0.08952450007200241,0.0,0.0,0,0,0,-1
gmsc,xgboost,24,NumberRealEstateLoansOrLines,relative_minus_5,-0.05,0.0,0.05,0.034259602427482605,0.034259602427482605,0.0,0.0,0,0,0,-1
gmsc,xgboost,25,NumberRealEstateLoansOrLines,relative_minus_5,-0.05,0.0,0.05,0.49923714995384216,0.49923714995384216,0.0,0.0,0,0,0,-1
gmsc,xgboost,26,NumberRealEstateLoansOrLines,relative_minus_5,-0.05,0.0,0.05,0.46355003118515015,0.46355003118515015,0.0,0.0,0,0,0,-1
gmsc,xgboost,27,NumberRealEstateLoansOrLines,relative_minus_5,-0.05,0.0,0.05,0.16462162137031555,0.16462162137031555,0.0,0.0,0,0,0,-1
gmsc,xgboost,28,NumberRealEstateLoansOrLines,relative_minus_5,-0.05,0.0,0.05,0.222405344247818,0.222405344247818,0.0,0.0,0,0,0,-1
gmsc,xgboost,29,NumberRealEstateLoansOrLines,relative_minus_5,-0.05,0.0,0.05,0.06126169487833977,0.06126169487833977,0.0,0.0,0,0,0,-1
gmsc,xgboost,30,NumberRealEstateLoansOrLines,relative_minus_5,-0.05,1.0,1.05,0.25775110721588135,0.25775110721588135,0.0,0.0,0,0,0,-1
gmsc,xgboost,31,NumberRealEstateLoansOrLines,relative_minus_5,-0.05,0.0,0.05,0.14284415543079376,0.14284415543079376,0.0,0.0,0,0,0,-1
gmsc,xgboost,32,NumberRealEstateLoansOrLines,relative_minus_5,-0.05,1.0,1.05,0.1354866921901703,0.1354866921901703,0.0,0.0,0,0,0,-1
gmsc,xgboost,33,NumberRealEstateLoansOrLines,relative_minus_5,-0.05,0.0,0.05,0.0799889788031578,0.0799889788031578,0.0,0.0,0,0,0,-1
gmsc,xgboost,34,NumberRealEstateLoansOrLines,relative_minus_5,-0.05,2.0,2.1,0.5890139937400818,0.5890139937400818,0.0,0.0,1,1,0,-1
gmsc,xgboost,35,NumberRealEstateLoansOrLines,relative_minus_5,-0.05,2.0,2.1,0.7353684902191162,0.7353684902191162,0.0,0.0,1,1,0,-1
gmsc,xgboost,36,NumberRealEstateLoansOrLines,relative_minus_5,-0.05,1.0,1.05,0.1960536539554596,0.1960536539554596,0.0,0.0,0,0,0,-1
gmsc,xgboost,37,NumberRealEstateLoansOrLines,relative_minus_5,-0.05,1.0,1.05,0.35266122221946716,0.35266122221946716,0.0,0.0,0,0,0,-1
gmsc,xgboost,38,NumberRealEstateLoansOrLines,relative_minus_5,-0.05,3.0,3.15,0.2510143518447876,0.2510143518447876,0.0,0.0,0,0,0,-1
gmsc,xgboost,39,NumberRealEstateLoansOrLines,relative_minus_5,-0.05,1.0,1.05,0.4371665418148041,0.4371665418148041,0.0,0.0,0,0,0,-1
gmsc,xgboost,40,NumberRealEstateLoansOrLines,relative_minus_5,-0.05,1.0,1.05,0.13587132096290588,0.13587132096290588,0.0,0.0,0,0,0,-1
gmsc,xgboost,41,NumberRealEstateLoansOrLines,relative_minus_5,-0.05,1.0,1.05,0.18514351546764374,0.18514351546764374,0.0,0.0,0,0,0,-1
gmsc,xgboost,42,NumberRealEstateLoansOrLines,relative_minus_5,-0.05,1.0,1.05,0.10479436814785004,0.10479436814785004,0.0,0.0,0,0,0,-1
gmsc,xgboost,43,NumberRealEstateLoansOrLines,relative_minus_5,-0.05,0.0,0.05,0.5401685833930969,0.5401685833930969,0.0,0.0,1,1,0,-1
gmsc,xgboost,44,NumberRealEstateLoansOrLines,relative_minus_5,-0.05,1.0,1.05,0.11184448003768921,0.11184448003768921,0.0,0.0,0,0,0,-1
gmsc,xgboost,45,NumberRealEstateLoansOrLines,relative_minus_5,-0.05,3.0,3.15,0.12677443027496338,0.12677443027496338,0.0,0.0,0,0,0,-1
gmsc,xgboost,46,NumberRealEstateLoansOrLines,relative_minus_5,-0.05,1.0,1.05,0.25457122921943665,0.25457122921943665,0.0,0.0,0,0,0,-1
gmsc,xgboost,47,NumberRealEstateLoansOrLines,relative_minus_5,-0.05,1.0,1.05,0.05936043709516525,0.05936043709516525,0.0,0.0,0,0,0,-1
gmsc,xgboost,48,NumberRealEstateLoansOrLines,relative_minus_5,-0.05,1.0,1.05,0.08543100953102112,0.08543100953102112,0.0,0.0,0,0,0,-1
gmsc,xgboost,49,NumberRealEstateLoansOrLines,relative_minus_5,-0.05,0.0,0.05,0.03611498698592186,0.03611498698592186,0.0,0.0,0,0,0,-1
gmsc,xgboost,50,NumberRealEstateLoansOrLines,relative_minus_5,-0.05,0.0,0.05,0.1643790304660797,0.1643790304660797,0.0,0.0,0,0,0,-1
gmsc,xgboost,51,NumberRealEstateLoansOrLines,relative_minus_5,-0.05,2.0,2.1,0.2535255253314972,0.2535255253314972,0.0,0.0,0,0,0,-1
gmsc,xgboost,52,NumberRealEstateLoansOrLines,relative_minus_5,-0.05,1.0,1.05,0.043543241918087006,0.043543241918087006,0.0,0.0,0,0,0,-1
gmsc,xgboost,53,NumberRealEstateLoansOrLines,relative_minus_5,-0.05,0.0,0.05,0.8459349870681763,0.8459349870681763,0.0,0.0,1,1,0,-1
gmsc,xgboost,54,NumberRealEstateLoansOrLines,relative_minus_5,-0.05,0.0,0.05,0.9326093792915344,0.9326093792915344,0.0,0.0,1,1,0,-1
gmsc,xgboost,55,NumberRealEstateLoansOrLines,relative_minus_5,-0.05,1.0,1.05,0.0761168822646141,0.0761168822646141,0.0,0.0,0,0,0,-1
gmsc,xgboost,56,NumberRealEstateLoansOrLines,relative_minus_5,-0.05,1.0,1.05,0.15863358974456787,0.15863358974456787,0.0,0.0,0,0,0,-1
gmsc,xgboost,57,NumberRealEstateLoansOrLines,relative_minus_5,-0.05,0.0,0.05,0.5884111523628235,0.5884111523628235,0.0,0.0,1,1,0,-1
gmsc,xgboost,58,NumberRealEstateLoansOrLines,relative_minus_5,-0.05,0.0,0.05,0.6777902245521545,0.6777902245521545,0.0,0.0,1,1,0,-1
gmsc,xgboost,59,NumberRealEstateLoansOrLines,relative_minus_5,-0.05,1.0,1.05,0.628955066204071,0.628955066204071,0.0,0.0,1,1,0,-1
gmsc,xgboost,60,NumberRealEstateLoansOrLines,relative_minus_5,-0.05,0.0,0.05,0.17468222975730896,0.17468222975730896,0.0,0.0,0,0,0,-1
gmsc,xgboost,61,NumberRealEstateLoansOrLines,relative_minus_5,-0.05,2.0,2.1,0.3342180848121643,0.3342180848121643,0.0,0.0,0,0,0,-1
gmsc,xgboost,62,NumberRealEstateLoansOrLines,relative_minus_5,-0.05,2.0,2.1,0.46969300508499146,0.46969300508499146,0.0,0.0,0,0,0,-1
gmsc,xgboost,63,NumberRealEstateLoansOrLines,relative_minus_5,-0.05,1.0,1.05,0.09234394878149033,0.09234394878149033,0.0,0.0,0,0,0,-1
gmsc,xgboost,64,NumberRealEstateLoansOrLines,relative_minus_5,-0.05,4.0,4.2,0.36687836050987244,0.36687836050987244,0.0,0.0,0,0,0,-1
gmsc,xgboost,65,NumberRealEstateLoansOrLines,relative_minus_5,-0.05,1.0,1.05,0.3751460015773773,0.3751460015773773,0.0,0.0,0,0,0,-1
gmsc,xgboost,66,NumberRealEstateLoansOrLines,relative_minus_5,-0.05,1.0,1.05,0.1265122890472412,0.1265122890472412,0.0,0.0,0,0,0,-1
gmsc,xgboost,67,NumberRealEstateLoansOrLines,relative_minus_5,-0.05,1.0,1.05,0.4232633113861084,0.4232633113861084,0.0,0.0,0,0,0,-1
gmsc,xgboost,68,NumberRealEstateLoansOrLines,relative_minus_5,-0.05,1.0,1.05,0.10810530185699463,0.10810530185699463,0.0,0.0,0,0,0,-1
gmsc,xgboost,69,NumberRealEstateLoansOrLines,relative_minus_5,-0.05,4.0,4.2,0.5635039806365967,0.5635039806365967,0.0,0.0,1,1,0,-1
gmsc,xgboost,70,NumberRealEstateLoansOrLines,relative_minus_5,-0.05,0.0,0.05,0.39893585443496704,0.39893585443496704,0.0,0.0,0,0,0,-1
gmsc,xgboost,71,NumberRealEstateLoansOrLines,relative_minus_5,-0.05,0.0,0.05,0.10639937967061996,0.10639937967061996,0.0,0.0,0,0,0,-1
gmsc,xgboost,72,NumberRealEstateLoansOrLines,relative_minus_5,-0.05,1.0,1.05,0.19083499908447266,0.19083499908447266,0.0,0.0,0,0,0,-1
gmsc,xgboost,73,NumberRealEstateLoansOrLines,relative_minus_5,-0.05,2.0,2.1,0.3986653685569763,0.3986653685569763,0.0,0.0,0,0,0,-1
gmsc,xgboost,74,NumberRealEstateLoansOrLines,relative_minus_5,-0.05,0.0,0.05,0.18615853786468506,0.18615853786468506,0.0,0.0,0,0,0,-1
gmsc,xgboost,75,NumberRealEstateLoansOrLines,relative_minus_5,-0.05,0.0,0.05,0.5547352433204651,0.5547352433204651,0.0,0.0,1,1,0,-1
gmsc,xgboost,76,NumberRealEstateLoansOrLines,relative_minus_5,-0.05,0.0,0.05,0.11016565561294556,0.11016565561294556,0.0,0.0,0,0,0,-1
gmsc,xgboost,77,NumberRealEstateLoansOrLines,relative_minus_5,-0.05,0.0,0.05,0.05538906157016754,0.05538906157016754,0.0,0.0,0,0,0,-1
gmsc,xgboost,78,NumberRealEstateLoansOrLines,relative_minus_5,-0.05,1.0,1.05,0.05751078575849533,0.05751078575849533,0.0,0.0,0,0,0,-1
gmsc,xgboost,79,NumberRealEstateLoansOrLines,relative_minus_5,-0.05,1.0,1.05,0.2844957709312439,0.2844957709312439,0.0,0.0,0,0,0,-1
gmsc,xgboost,80,NumberRealEstateLoansOrLines,relative_minus_5,-0.05,1.0,1.05,0.1406598836183548,0.1406598836183548,0.0,0.0,0,0,0,-1
gmsc,xgboost,81,NumberRealEstateLoansOrLines,relative_minus_5,-0.05,2.0,2.1,0.16070415079593658,0.16070415079593658,0.0,0.0,0,0,0,-1
gmsc,xgboost,82,NumberRealEstateLoansOrLines,relative_minus_5,-0.05,1.0,1.05,0.4081357717514038,0.4081357717514038,0.0,0.0,0,0,0,-1
gmsc,xgboost,83,NumberRealEstateLoansOrLines,relative_minus_5,-0.05,1.0,1.05,0.06326539814472198,0.06326539814472198,0.0,0.0,0,0,0,-1
gmsc,xgboost,84,NumberRealEstateLoansOrLines,relative_minus_5,-0.05,2.0,2.1,0.6416367292404175,0.6416367292404175,0.0,0.0,1,1,0,-1
gmsc,xgboost,85,NumberRealEstateLoansOrLines,relative_minus_5,-0.05,2.0,2.1,0.06614423543214798,0.06614423543214798,0.0,0.0,0,0,0,-1
gmsc,xgboost,86,NumberRealEstateLoansOrLines,relative_minus_5,-0.05,0.0,0.05,0.12697042524814606,0.12697042524814606,0.0,0.0,0,0,0,-1
gmsc,xgboost,87,NumberRealEstateLoansOrLines,relative_minus_5,-0.05,0.0,0.05,0.106936976313591,0.106936976313591,0.0,0.0,0,0,0,-1
gmsc,xgboost,88,NumberRealEstateLoansOrLines,relative_minus_5,-0.05,1.0,1.05,0.12650665640830994,0.12650665640830994,0.0,0.0,0,0,0,-1
gmsc,xgboost,89,NumberRealEstateLoansOrLines,relative_minus_5,-0.05,1.0,1.05,0.3815006911754608,0.3815006911754608,0.0,0.0,0,0,0,-1
gmsc,xgboost,90,NumberRealEstateLoansOrLines,relative_minus_5,-0.05,0.0,0.05,0.044368140399456024,0.044368140399456024,0.0,0.0,0,0,0,-1
gmsc,xgboost,91,NumberRealEstateLoansOrLines,relative_minus_5,-0.05,1.0,1.05,0.1482551395893097,0.1482551395893097,0.0,0.0,0,0,0,-1
gmsc,xgboost,92,NumberRealEstateLoansOrLines,relative_minus_5,-0.05,0.0,0.05,0.06322672218084335,0.06322672218084335,0.0,0.0,0,0,0,-1
gmsc,xgboost,93,NumberRealEstateLoansOrLines,relative_minus_5,-0.05,2.0,2.1,0.1017114520072937,0.1017114520072937,0.0,0.0,0,0,0,-1
gmsc,xgboost,94,NumberRealEstateLoansOrLines,relative_minus_5,-0.05,0.0,0.05,0.14927543699741364,0.14927543699741364,0.0,0.0,0,0,0,-1
gmsc,xgboost,95,NumberRealEstateLoansOrLines,relative_minus_5,-0.05,2.0,2.1,0.22754548490047455,0.22754548490047455,0.0,0.0,0,0,0,-1
gmsc,xgboost,96,NumberRealEstateLoansOrLines,relative_minus_5,-0.05,1.0,1.05,0.13160045444965363,0.13160045444965363,0.0,0.0,0,0,0,-1
gmsc,xgboost,97,NumberRealEstateLoansOrLines,relative_minus_5,-0.05,1.0,1.05,0.0985931009054184,0.0985931009054184,0.0,0.0,0,0,0,-1
gmsc,xgboost,98,NumberRealEstateLoansOrLines,relative_minus_5,-0.05,2.0,2.1,0.35479238629341125,0.35479238629341125,0.0,0.0,0,0,0,-1
gmsc,xgboost,99,NumberRealEstateLoansOrLines,relative_minus_5,-0.05,0.0,0.05,0.9183781147003174,0.9183781147003174,0.0,0.0,1,1,0,-1
gmsc,xgboost,0,NumberRealEstateLoansOrLines,relative_plus_5,0.05,2.0,2.1,0.08203070610761642,0.08203070610761642,0.0,0.0,0,0,0,-1
gmsc,xgboost,1,NumberRealEstateLoansOrLines,relative_plus_5,0.05,1.0,1.05,0.07381805032491684,0.07381805032491684,0.0,0.0,0,0,0,-1
gmsc,xgboost,2,NumberRealEstateLoansOrLines,relative_plus_5,0.05,0.0,0.05,0.057695530354976654,0.057695530354976654,0.0,0.0,0,0,0,-1
gmsc,xgboost,3,NumberRealEstateLoansOrLines,relative_plus_5,0.05,2.0,2.1,0.29744529724121094,0.29744529724121094,0.0,0.0,0,0,0,-1
gmsc,xgboost,4,NumberRealEstateLoansOrLines,relative_plus_5,0.05,1.0,1.05,0.10023795068264008,0.10023795068264008,0.0,0.0,0,0,0,-1
gmsc,xgboost,5,NumberRealEstateLoansOrLines,relative_plus_5,0.05,1.0,1.05,0.19237148761749268,0.19237148761749268,0.0,0.0,0,0,0,-1
gmsc,xgboost,6,NumberRealEstateLoansOrLines,relative_plus_5,0.05,0.0,0.05,0.2720617651939392,0.2720617651939392,0.0,0.0,0,0,0,-1
gmsc,xgboost,7,NumberRealEstateLoansOrLines,relative_plus_5,0.05,0.0,0.05,0.2072291374206543,0.2072291374206543,0.0,0.0,0,0,0,-1
gmsc,xgboost,8,NumberRealEstateLoansOrLines,relative_plus_5,0.05,1.0,1.05,0.14596141874790192,0.14596141874790192,0.0,0.0,0,0,0,-1
gmsc,xgboost,9,NumberRealEstateLoansOrLines,relative_plus_5,0.05,1.0,1.05,0.3907460570335388,0.3907460570335388,0.0,0.0,0,0,0,-1
gmsc,xgboost,10,NumberRealEstateLoansOrLines,relative_plus_5,0.05,2.0,2.1,0.43983033299446106,0.43983033299446106,0.0,0.0,0,0,0,-1
gmsc,xgboost,11,NumberRealEstateLoansOrLines,relative_plus_5,0.05,1.0,1.05,0.2212306559085846,0.2212306559085846,0.0,0.0,0,0,0,-1
gmsc,xgboost,12,NumberRealEstateLoansOrLines,relative_plus_5,0.05,1.0,1.05,0.034909687936306,0.034909687936306,0.0,0.0,0,0,0,-1
gmsc,xgboost,13,NumberRealEstateLoansOrLines,relative_plus_5,0.05,0.0,0.05,0.8862441778182983,0.8862441778182983,0.0,0.0,1,1,0,-1
gmsc,xgboost,14,NumberRealEstateLoansOrLines,relative_plus_5,0.05,0.0,0.05,0.30772891640663147,0.30772891640663147,0.0,0.0,0,0,0,-1
gmsc,xgboost,15,NumberRealEstateLoansOrLines,relative_plus_5,0.05,1.0,1.05,0.2524952292442322,0.2524952292442322,0.0,0.0,0,0,0,-1
gmsc,xgboost,16,NumberRealEstateLoansOrLines,relative_plus_5,0.05,0.0,0.05,0.48664188385009766,0.48664188385009766,0.0,0.0,0,0,0,-1
gmsc,xgboost,17,NumberRealEstateLoansOrLines,relative_plus_5,0.05,1.0,1.05,0.09193970263004303,0.09193970263004303,0.0,0.0,0,0,0,-1
gmsc,xgboost,18,NumberRealEstateLoansOrLines,relative_plus_5,0.05,2.0,2.1,0.3769620656967163,0.3769620656967163,0.0,0.0,0,0,0,-1
gmsc,xgboost,19,NumberRealEstateLoansOrLines,relative_plus_5,0.05,2.0,2.1,0.21186602115631104,0.21186602115631104,0.0,0.0,0,0,0,-1
gmsc,xgboost,20,NumberRealEstateLoansOrLines,relative_plus_5,0.05,1.0,1.05,0.04993200674653053,0.04993200674653053,0.0,0.0,0,0,0,-1
gmsc,xgboost,21,NumberRealEstateLoansOrLines,relative_plus_5,0.05,0.0,0.05,0.08262580633163452,0.08262580633163452,0.0,0.0,0,0,0,-1
gmsc,xgboost,22,NumberRealEstateLoansOrLines,relative_plus_5,0.05,1.0,1.05,0.06402596086263657,0.06402596086263657,0.0,0.0,0,0,0,-1
gmsc,xgboost,23,NumberRealEstateLoansOrLines,relative_plus_5,0.05,2.0,2.1,0.08952450007200241,0.08952450007200241,0.0,0.0,0,0,0,-1
gmsc,xgboost,24,NumberRealEstateLoansOrLines,relative_plus_5,0.05,0.0,0.05,0.034259602427482605,0.034259602427482605,0.0,0.0,0,0,0,-1
gmsc,xgboost,25,NumberRealEstateLoansOrLines,relative_plus_5,0.05,0.0,0.05,0.49923714995384216,0.49923714995384216,0.0,0.0,0,0,0,-1
gmsc,xgboost,26,NumberRealEstateLoansOrLines,relative_plus_5,0.05,0.0,0.05,0.46355003118515015,0.46355003118515015,0.0,0.0,0,0,0,-1
gmsc,xgboost,27,NumberRealEstateLoansOrLines,relative_plus_5,0.05,0.0,0.05,0.16462162137031555,0.16462162137031555,0.0,0.0,0,0,0,-1
gmsc,xgboost,28,NumberRealEstateLoansOrLines,relative_plus_5,0.05,0.0,0.05,0.222405344247818,0.222405344247818,0.0,0.0,0,0,0,-1
gmsc,xgboost,29,NumberRealEstateLoansOrLines,relative_plus_5,0.05,0.0,0.05,0.06126169487833977,0.06126169487833977,0.0,0.0,0,0,0,-1
gmsc,xgboost,30,NumberRealEstateLoansOrLines,relative_plus_5,0.05,1.0,1.05,0.25775110721588135,0.25775110721588135,0.0,0.0,0,0,0,-1
gmsc,xgboost,31,NumberRealEstateLoansOrLines,relative_plus_5,0.05,0.0,0.05,0.14284415543079376,0.14284415543079376,0.0,0.0,0,0,0,-1
gmsc,xgboost,32,NumberRealEstateLoansOrLines,relative_plus_5,0.05,1.0,1.05,0.1354866921901703,0.1354866921901703,0.0,0.0,0,0,0,-1
gmsc,xgboost,33,NumberRealEstateLoansOrLines,relative_plus_5,0.05,0.0,0.05,0.0799889788031578,0.0799889788031578,0.0,0.0,0,0,0,-1
gmsc,xgboost,34,NumberRealEstateLoansOrLines,relative_plus_5,0.05,2.0,2.1,0.5890139937400818,0.5890139937400818,0.0,0.0,1,1,0,-1
gmsc,xgboost,35,NumberRealEstateLoansOrLines,relative_plus_5,0.05,2.0,2.1,0.7353684902191162,0.7353684902191162,0.0,0.0,1,1,0,-1
gmsc,xgboost,36,NumberRealEstateLoansOrLines,relative_plus_5,0.05,1.0,1.05,0.1960536539554596,0.1960536539554596,0.0,0.0,0,0,0,-1
gmsc,xgboost,37,NumberRealEstateLoansOrLines,relative_plus_5,0.05,1.0,1.05,0.35266122221946716,0.35266122221946716,0.0,0.0,0,0,0,-1
gmsc,xgboost,38,NumberRealEstateLoansOrLines,relative_plus_5,0.05,3.0,3.15,0.2510143518447876,0.2510143518447876,0.0,0.0,0,0,0,-1
gmsc,xgboost,39,NumberRealEstateLoansOrLines,relative_plus_5,0.05,1.0,1.05,0.4371665418148041,0.4371665418148041,0.0,0.0,0,0,0,-1
gmsc,xgboost,40,NumberRealEstateLoansOrLines,relative_plus_5,0.05,1.0,1.05,0.13587132096290588,0.13587132096290588,0.0,0.0,0,0,0,-1
gmsc,xgboost,41,NumberRealEstateLoansOrLines,relative_plus_5,0.05,1.0,1.05,0.18514351546764374,0.18514351546764374,0.0,0.0,0,0,0,-1
gmsc,xgboost,42,NumberRealEstateLoansOrLines,relative_plus_5,0.05,1.0,1.05,0.10479436814785004,0.10479436814785004,0.0,0.0,0,0,0,-1
gmsc,xgboost,43,NumberRealEstateLoansOrLines,relative_plus_5,0.05,0.0,0.05,0.5401685833930969,0.5401685833930969,0.0,0.0,1,1,0,-1
gmsc,xgboost,44,NumberRealEstateLoansOrLines,relative_plus_5,0.05,1.0,1.05,0.11184448003768921,0.11184448003768921,0.0,0.0,0,0,0,-1
gmsc,xgboost,45,NumberRealEstateLoansOrLines,relative_plus_5,0.05,3.0,3.15,0.12677443027496338,0.12677443027496338,0.0,0.0,0,0,0,-1
gmsc,xgboost,46,NumberRealEstateLoansOrLines,relative_plus_5,0.05,1.0,1.05,0.25457122921943665,0.25457122921943665,0.0,0.0,0,0,0,-1
gmsc,xgboost,47,NumberRealEstateLoansOrLines,relative_plus_5,0.05,1.0,1.05,0.05936043709516525,0.05936043709516525,0.0,0.0,0,0,0,-1
gmsc,xgboost,48,NumberRealEstateLoansOrLines,relative_plus_5,0.05,1.0,1.05,0.08543100953102112,0.08543100953102112,0.0,0.0,0,0,0,-1
gmsc,xgboost,49,NumberRealEstateLoansOrLines,relative_plus_5,0.05,0.0,0.05,0.03611498698592186,0.03611498698592186,0.0,0.0,0,0,0,-1
gmsc,xgboost,50,NumberRealEstateLoansOrLines,relative_plus_5,0.05,0.0,0.05,0.1643790304660797,0.1643790304660797,0.0,0.0,0,0,0,-1
gmsc,xgboost,51,NumberRealEstateLoansOrLines,relative_plus_5,0.05,2.0,2.1,0.2535255253314972,0.2535255253314972,0.0,0.0,0,0,0,-1
gmsc,xgboost,52,NumberRealEstateLoansOrLines,relative_plus_5,0.05,1.0,1.05,0.043543241918087006,0.043543241918087006,0.0,0.0,0,0,0,-1
gmsc,xgboost,53,NumberRealEstateLoansOrLines,relative_plus_5,0.05,0.0,0.05,0.8459349870681763,0.8459349870681763,0.0,0.0,1,1,0,-1
gmsc,xgboost,54,NumberRealEstateLoansOrLines,relative_plus_5,0.05,0.0,0.05,0.9326093792915344,0.9326093792915344,0.0,0.0,1,1,0,-1
gmsc,xgboost,55,NumberRealEstateLoansOrLines,relative_plus_5,0.05,1.0,1.05,0.0761168822646141,0.0761168822646141,0.0,0.0,0,0,0,-1
gmsc,xgboost,56,NumberRealEstateLoansOrLines,relative_plus_5,0.05,1.0,1.05,0.15863358974456787,0.15863358974456787,0.0,0.0,0,0,0,-1
gmsc,xgboost,57,NumberRealEstateLoansOrLines,relative_plus_5,0.05,0.0,0.05,0.5884111523628235,0.5884111523628235,0.0,0.0,1,1,0,-1
gmsc,xgboost,58,NumberRealEstateLoansOrLines,relative_plus_5,0.05,0.0,0.05,0.6777902245521545,0.6777902245521545,0.0,0.0,1,1,0,-1
gmsc,xgboost,59,NumberRealEstateLoansOrLines,relative_plus_5,0.05,1.0,1.05,0.628955066204071,0.628955066204071,0.0,0.0,1,1,0,-1
gmsc,xgboost,60,NumberRealEstateLoansOrLines,relative_plus_5,0.05,0.0,0.05,0.17468222975730896,0.17468222975730896,0.0,0.0,0,0,0,-1
gmsc,xgboost,61,NumberRealEstateLoansOrLines,relative_plus_5,0.05,2.0,2.1,0.3342180848121643,0.3342180848121643,0.0,0.0,0,0,0,-1
gmsc,xgboost,62,NumberRealEstateLoansOrLines,relative_plus_5,0.05,2.0,2.1,0.46969300508499146,0.46969300508499146,0.0,0.0,0,0,0,-1
gmsc,xgboost,63,NumberRealEstateLoansOrLines,relative_plus_5,0.05,1.0,1.05,0.09234394878149033,0.09234394878149033,0.0,0.0,0,0,0,-1
gmsc,xgboost,64,NumberRealEstateLoansOrLines,relative_plus_5,0.05,4.0,4.2,0.36687836050987244,0.36687836050987244,0.0,0.0,0,0,0,-1
gmsc,xgboost,65,NumberRealEstateLoansOrLines,relative_plus_5,0.05,1.0,1.05,0.3751460015773773,0.3751460015773773,0.0,0.0,0,0,0,-1
gmsc,xgboost,66,NumberRealEstateLoansOrLines,relative_plus_5,0.05,1.0,1.05,0.1265122890472412,0.1265122890472412,0.0,0.0,0,0,0,-1
gmsc,xgboost,67,NumberRealEstateLoansOrLines,relative_plus_5,0.05,1.0,1.05,0.4232633113861084,0.4232633113861084,0.0,0.0,0,0,0,-1
gmsc,xgboost,68,NumberRealEstateLoansOrLines,relative_plus_5,0.05,1.0,1.05,0.10810530185699463,0.10810530185699463,0.0,0.0,0,0,0,-1
gmsc,xgboost,69,NumberRealEstateLoansOrLines,relative_plus_5,0.05,4.0,4.2,0.5635039806365967,0.5635039806365967,0.0,0.0,1,1,0,-1
gmsc,xgboost,70,NumberRealEstateLoansOrLines,relative_plus_5,0.05,0.0,0.05,0.39893585443496704,0.39893585443496704,0.0,0.0,0,0,0,-1
gmsc,xgboost,71,NumberRealEstateLoansOrLines,relative_plus_5,0.05,0.0,0.05,0.10639937967061996,0.10639937967061996,0.0,0.0,0,0,0,-1
gmsc,xgboost,72,NumberRealEstateLoansOrLines,relative_plus_5,0.05,1.0,1.05,0.19083499908447266,0.19083499908447266,0.0,0.0,0,0,0,-1
gmsc,xgboost,73,NumberRealEstateLoansOrLines,relative_plus_5,0.05,2.0,2.1,0.3986653685569763,0.3986653685569763,0.0,0.0,0,0,0,-1
gmsc,xgboost,74,NumberRealEstateLoansOrLines,relative_plus_5,0.05,0.0,0.05,0.18615853786468506,0.18615853786468506,0.0,0.0,0,0,0,-1
gmsc,xgboost,75,NumberRealEstateLoansOrLines,relative_plus_5,0.05,0.0,0.05,0.5547352433204651,0.5547352433204651,0.0,0.0,1,1,0,-1
gmsc,xgboost,76,NumberRealEstateLoansOrLines,relative_plus_5,0.05,0.0,0.05,0.11016565561294556,0.11016565561294556,0.0,0.0,0,0,0,-1
gmsc,xgboost,77,NumberRealEstateLoansOrLines,relative_plus_5,0.05,0.0,0.05,0.05538906157016754,0.05538906157016754,0.0,0.0,0,0,0,-1
gmsc,xgboost,78,NumberRealEstateLoansOrLines,relative_plus_5,0.05,1.0,1.05,0.05751078575849533,0.05751078575849533,0.0,0.0,0,0,0,-1
gmsc,xgboost,79,NumberRealEstateLoansOrLines,relative_plus_5,0.05,1.0,1.05,0.2844957709312439,0.2844957709312439,0.0,0.0,0,0,0,-1
gmsc,xgboost,80,NumberRealEstateLoansOrLines,relative_plus_5,0.05,1.0,1.05,0.1406598836183548,0.1406598836183548,0.0,0.0,0,0,0,-1
gmsc,xgboost,81,NumberRealEstateLoansOrLines,relative_plus_5,0.05,2.0,2.1,0.16070415079593658,0.16070415079593658,0.0,0.0,0,0,0,-1
gmsc,xgboost,82,NumberRealEstateLoansOrLines,relative_plus_5,0.05,1.0,1.05,0.4081357717514038,0.4081357717514038,0.0,0.0,0,0,0,-1
gmsc,xgboost,83,NumberRealEstateLoansOrLines,relative_plus_5,0.05,1.0,1.05,0.06326539814472198,0.06326539814472198,0.0,0.0,0,0,0,-1
gmsc,xgboost,84,NumberRealEstateLoansOrLines,relative_plus_5,0.05,2.0,2.1,0.6416367292404175,0.6416367292404175,0.0,0.0,1,1,0,-1
gmsc,xgboost,85,NumberRealEstateLoansOrLines,relative_plus_5,0.05,2.0,2.1,0.06614423543214798,0.06614423543214798,0.0,0.0,0,0,0,-1
gmsc,xgboost,86,NumberRealEstateLoansOrLines,relative_plus_5,0.05,0.0,0.05,0.12697042524814606,0.12697042524814606,0.0,0.0,0,0,0,-1
gmsc,xgboost,87,NumberRealEstateLoansOrLines,relative_plus_5,0.05,0.0,0.05,0.106936976313591,0.106936976313591,0.0,0.0,0,0,0,-1
gmsc,xgboost,88,NumberRealEstateLoansOrLines,relative_plus_5,0.05,1.0,1.05,0.12650665640830994,0.12650665640830994,0.0,0.0,0,0,0,-1
gmsc,xgboost,89,NumberRealEstateLoansOrLines,relative_plus_5,0.05,1.0,1.05,0.3815006911754608,0.3815006911754608,0.0,0.0,0,0,0,-1
gmsc,xgboost,90,NumberRealEstateLoansOrLines,relative_plus_5,0.05,0.0,0.05,0.044368140399456024,0.044368140399456024,0.0,0.0,0,0,0,-1
gmsc,xgboost,91,NumberRealEstateLoansOrLines,relative_plus_5,0.05,1.0,1.05,0.1482551395893097,0.1482551395893097,0.0,0.0,0,0,0,-1
gmsc,xgboost,92,NumberRealEstateLoansOrLines,relative_plus_5,0.05,0.0,0.05,0.06322672218084335,0.06322672218084335,0.0,0.0,0,0,0,-1
gmsc,xgboost,93,NumberRealEstateLoansOrLines,relative_plus_5,0.05,2.0,2.1,0.1017114520072937,0.1017114520072937,0.0,0.0,0,0,0,-1
gmsc,xgboost,94,NumberRealEstateLoansOrLines,relative_plus_5,0.05,0.0,0.05,0.14927543699741364,0.14927543699741364,0.0,0.0,0,0,0,-1
gmsc,xgboost,95,NumberRealEstateLoansOrLines,relative_plus_5,0.05,2.0,2.1,0.22754548490047455,0.22754548490047455,0.0,0.0,0,0,0,-1
gmsc,xgboost,96,NumberRealEstateLoansOrLines,relative_plus_5,0.05,1.0,1.05,0.13160045444965363,0.13160045444965363,0.0,0.0,0,0,0,-1
gmsc,xgboost,97,NumberRealEstateLoansOrLines,relative_plus_5,0.05,1.0,1.05,0.0985931009054184,0.0985931009054184,0.0,0.0,0,0,0,-1
gmsc,xgboost,98,NumberRealEstateLoansOrLines,relative_plus_5,0.05,2.0,2.1,0.35479238629341125,0.35479238629341125,0.0,0.0,0,0,0,-1
gmsc,xgboost,99,NumberRealEstateLoansOrLines,relative_plus_5,0.05,0.0,0.05,0.9183781147003174,0.9183781147003174,0.0,0.0,1,1,0,-1
gmsc,xgboost,0,NumberRealEstateLoansOrLines,relative_minus_10,-0.1,2.0,2.2,0.08203070610761642,0.08203070610761642,0.0,0.0,0,0,0,-1
gmsc,xgboost,1,NumberRealEstateLoansOrLines,relative_minus_10,-0.1,1.0,1.1,0.07381805032491684,0.07381805032491684,0.0,0.0,0,0,0,-1
gmsc,xgboost,2,NumberRealEstateLoansOrLines,relative_minus_10,-0.1,0.0,0.1,0.057695530354976654,0.057695530354976654,0.0,0.0,0,0,0,-1
gmsc,xgboost,3,NumberRealEstateLoansOrLines,relative_minus_10,-0.1,2.0,2.2,0.29744529724121094,0.29744529724121094,0.0,0.0,0,0,0,-1
gmsc,xgboost,4,NumberRealEstateLoansOrLines,relative_minus_10,-0.1,1.0,1.1,0.10023795068264008,0.10023795068264008,0.0,0.0,0,0,0,-1
gmsc,xgboost,5,NumberRealEstateLoansOrLines,relative_minus_10,-0.1,1.0,1.1,0.19237148761749268,0.19237148761749268,0.0,0.0,0,0,0,-1
gmsc,xgboost,6,NumberRealEstateLoansOrLines,relative_minus_10,-0.1,0.0,0.1,0.2720617651939392,0.2720617651939392,0.0,0.0,0,0,0,-1
gmsc,xgboost,7,NumberRealEstateLoansOrLines,relative_minus_10,-0.1,0.0,0.1,0.2072291374206543,0.2072291374206543,0.0,0.0,0,0,0,-1
gmsc,xgboost,8,NumberRealEstateLoansOrLines,relative_minus_10,-0.1,1.0,1.1,0.14596141874790192,0.14596141874790192,0.0,0.0,0,0,0,-1
gmsc,xgboost,9,NumberRealEstateLoansOrLines,relative_minus_10,-0.1,1.0,1.1,0.3907460570335388,0.3907460570335388,0.0,0.0,0,0,0,-1
gmsc,xgboost,10,NumberRealEstateLoansOrLines,relative_minus_10,-0.1,2.0,2.2,0.43983033299446106,0.43983033299446106,0.0,0.0,0,0,0,-1
gmsc,xgboost,11,NumberRealEstateLoansOrLines,relative_minus_10,-0.1,1.0,1.1,0.2212306559085846,0.2212306559085846,0.0,0.0,0,0,0,-1
gmsc,xgboost,12,NumberRealEstateLoansOrLines,relative_minus_10,-0.1,1.0,1.1,0.034909687936306,0.034909687936306,0.0,0.0,0,0,0,-1
gmsc,xgboost,13,NumberRealEstateLoansOrLines,relative_minus_10,-0.1,0.0,0.1,0.8862441778182983,0.8862441778182983,0.0,0.0,1,1,0,-1
gmsc,xgboost,14,NumberRealEstateLoansOrLines,relative_minus_10,-0.1,0.0,0.1,0.30772891640663147,0.30772891640663147,0.0,0.0,0,0,0,-1
gmsc,xgboost,15,NumberRealEstateLoansOrLines,relative_minus_10,-0.1,1.0,1.1,0.2524952292442322,0.2524952292442322,0.0,0.0,0,0,0,-1
gmsc,xgboost,16,NumberRealEstateLoansOrLines,relative_minus_10,-0.1,0.0,0.1,0.48664188385009766,0.48664188385009766,0.0,0.0,0,0,0,-1
gmsc,xgboost,17,NumberRealEstateLoansOrLines,relative_minus_10,-0.1,1.0,1.1,0.09193970263004303,0.09193970263004303,0.0,0.0,0,0,0,-1
gmsc,xgboost,18,NumberRealEstateLoansOrLines,relative_minus_10,-0.1,2.0,2.2,0.3769620656967163,0.3769620656967163,0.0,0.0,0,0,0,-1
gmsc,xgboost,19,NumberRealEstateLoansOrLines,relative_minus_10,-0.1,2.0,2.2,0.21186602115631104,0.21186602115631104,0.0,0.0,0,0,0,-1
gmsc,xgboost,20,NumberRealEstateLoansOrLines,relative_minus_10,-0.1,1.0,1.1,0.04993200674653053,0.04993200674653053,0.0,0.0,0,0,0,-1
gmsc,xgboost,21,NumberRealEstateLoansOrLines,relative_minus_10,-0.1,0.0,0.1,0.08262580633163452,0.08262580633163452,0.0,0.0,0,0,0,-1
gmsc,xgboost,22,NumberRealEstateLoansOrLines,relative_minus_10,-0.1,1.0,1.1,0.06402596086263657,0.06402596086263657,0.0,0.0,0,0,0,-1
gmsc,xgboost,23,NumberRealEstateLoansOrLines,relative_minus_10,-0.1,2.0,2.2,0.08952450007200241,0.08952450007200241,0.0,0.0,0,0,0,-1
gmsc,xgboost,24,NumberRealEstateLoansOrLines,relative_minus_10,-0.1,0.0,0.1,0.034259602427482605,0.034259602427482605,0.0,0.0,0,0,0,-1
gmsc,xgboost,25,NumberRealEstateLoansOrLines,relative_minus_10,-0.1,0.0,0.1,0.49923714995384216,0.49923714995384216,0.0,0.0,0,0,0,-1
gmsc,xgboost,26,NumberRealEstateLoansOrLines,relative_minus_10,-0.1,0.0,0.1,0.46355003118515015,0.46355003118515015,0.0,0.0,0,0,0,-1
gmsc,xgboost,27,NumberRealEstateLoansOrLines,relative_minus_10,-0.1,0.0,0.1,0.16462162137031555,0.16462162137031555,0.0,0.0,0,0,0,-1
gmsc,xgboost,28,NumberRealEstateLoansOrLines,relative_minus_10,-0.1,0.0,0.1,0.222405344247818,0.222405344247818,0.0,0.0,0,0,0,-1
gmsc,xgboost,29,NumberRealEstateLoansOrLines,relative_minus_10,-0.1,0.0,0.1,0.06126169487833977,0.06126169487833977,0.0,0.0,0,0,0,-1
gmsc,xgboost,30,NumberRealEstateLoansOrLines,relative_minus_10,-0.1,1.0,1.1,0.25775110721588135,0.25775110721588135,0.0,0.0,0,0,0,-1
gmsc,xgboost,31,NumberRealEstateLoansOrLines,relative_minus_10,-0.1,0.0,0.1,0.14284415543079376,0.14284415543079376,0.0,0.0,0,0,0,-1
gmsc,xgboost,32,NumberRealEstateLoansOrLines,relative_minus_10,-0.1,1.0,1.1,0.1354866921901703,0.1354866921901703,0.0,0.0,0,0,0,-1
gmsc,xgboost,33,NumberRealEstateLoansOrLines,relative_minus_10,-0.1,0.0,0.1,0.0799889788031578,0.0799889788031578,0.0,0.0,0,0,0,-1
gmsc,xgboost,34,NumberRealEstateLoansOrLines,relative_minus_10,-0.1,2.0,2.2,0.5890139937400818,0.5890139937400818,0.0,0.0,1,1,0,-1
gmsc,xgboost,35,NumberRealEstateLoansOrLines,relative_minus_10,-0.1,2.0,2.2,0.7353684902191162,0.7353684902191162,0.0,0.0,1,1,0,-1
gmsc,xgboost,36,NumberRealEstateLoansOrLines,relative_minus_10,-0.1,1.0,1.1,0.1960536539554596,0.1960536539554596,0.0,0.0,0,0,0,-1
gmsc,xgboost,37,NumberRealEstateLoansOrLines,relative_minus_10,-0.1,1.0,1.1,0.35266122221946716,0.35266122221946716,0.0,0.0,0,0,0,-1
gmsc,xgboost,38,NumberRealEstateLoansOrLines,relative_minus_10,-0.1,3.0,3.3,0.2510143518447876,0.2510143518447876,0.0,0.0,0,0,0,-1
gmsc,xgboost,39,NumberRealEstateLoansOrLines,relative_minus_10,-0.1,1.0,1.1,0.4371665418148041,0.4371665418148041,0.0,0.0,0,0,0,-1
gmsc,xgboost,40,NumberRealEstateLoansOrLines,relative_minus_10,-0.1,1.0,1.1,0.13587132096290588,0.13587132096290588,0.0,0.0,0,0,0,-1
gmsc,xgboost,41,NumberRealEstateLoansOrLines,relative_minus_10,-0.1,1.0,1.1,0.18514351546764374,0.18514351546764374,0.0,0.0,0,0,0,-1
gmsc,xgboost,42,NumberRealEstateLoansOrLines,relative_minus_10,-0.1,1.0,1.1,0.10479436814785004,0.10479436814785004,0.0,0.0,0,0,0,-1
gmsc,xgboost,43,NumberRealEstateLoansOrLines,relative_minus_10,-0.1,0.0,0.1,0.5401685833930969,0.5401685833930969,0.0,0.0,1,1,0,-1
gmsc,xgboost,44,NumberRealEstateLoansOrLines,relative_minus_10,-0.1,1.0,1.1,0.11184448003768921,0.11184448003768921,0.0,0.0,0,0,0,-1
gmsc,xgboost,45,NumberRealEstateLoansOrLines,relative_minus_10,-0.1,3.0,3.3,0.12677443027496338,0.12677443027496338,0.0,0.0,0,0,0,-1
gmsc,xgboost,46,NumberRealEstateLoansOrLines,relative_minus_10,-0.1,1.0,1.1,0.25457122921943665,0.25457122921943665,0.0,0.0,0,0,0,-1
gmsc,xgboost,47,NumberRealEstateLoansOrLines,relative_minus_10,-0.1,1.0,1.1,0.05936043709516525,0.05936043709516525,0.0,0.0,0,0,0,-1
gmsc,xgboost,48,NumberRealEstateLoansOrLines,relative_minus_10,-0.1,1.0,1.1,0.08543100953102112,0.08543100953102112,0.0,0.0,0,0,0,-1
gmsc,xgboost,49,NumberRealEstateLoansOrLines,relative_minus_10,-0.1,0.0,0.1,0.03611498698592186,0.03611498698592186,0.0,0.0,0,0,0,-1
gmsc,xgboost,50,NumberRealEstateLoansOrLines,relative_minus_10,-0.1,0.0,0.1,0.1643790304660797,0.1643790304660797,0.0,0.0,0,0,0,-1
gmsc,xgboost,51,NumberRealEstateLoansOrLines,relative_minus_10,-0.1,2.0,2.2,0.2535255253314972,0.2535255253314972,0.0,0.0,0,0,0,-1
gmsc,xgboost,52,NumberRealEstateLoansOrLines,relative_minus_10,-0.1,1.0,1.1,0.043543241918087006,0.043543241918087006,0.0,0.0,0,0,0,-1
gmsc,xgboost,53,NumberRealEstateLoansOrLines,relative_minus_10,-0.1,0.0,0.1,0.8459349870681763,0.8459349870681763,0.0,0.0,1,1,0,-1
gmsc,xgboost,54,NumberRealEstateLoansOrLines,relative_minus_10,-0.1,0.0,0.1,0.9326093792915344,0.9326093792915344,0.0,0.0,1,1,0,-1
gmsc,xgboost,55,NumberRealEstateLoansOrLines,relative_minus_10,-0.1,1.0,1.1,0.0761168822646141,0.0761168822646141,0.0,0.0,0,0,0,-1
gmsc,xgboost,56,NumberRealEstateLoansOrLines,relative_minus_10,-0.1,1.0,1.1,0.15863358974456787,0.15863358974456787,0.0,0.0,0,0,0,-1
gmsc,xgboost,57,NumberRealEstateLoansOrLines,relative_minus_10,-0.1,0.0,0.1,0.5884111523628235,0.5884111523628235,0.0,0.0,1,1,0,-1
gmsc,xgboost,58,NumberRealEstateLoansOrLines,relative_minus_10,-0.1,0.0,0.1,0.6777902245521545,0.6777902245521545,0.0,0.0,1,1,0,-1
gmsc,xgboost,59,NumberRealEstateLoansOrLines,relative_minus_10,-0.1,1.0,1.1,0.628955066204071,0.628955066204071,0.0,0.0,1,1,0,-1
gmsc,xgboost,60,NumberRealEstateLoansOrLines,relative_minus_10,-0.1,0.0,0.1,0.17468222975730896,0.17468222975730896,0.0,0.0,0,0,0,-1
gmsc,xgboost,61,NumberRealEstateLoansOrLines,relative_minus_10,-0.1,2.0,2.2,0.3342180848121643,0.3342180848121643,0.0,0.0,0,0,0,-1
gmsc,xgboost,62,NumberRealEstateLoansOrLines,relative_minus_10,-0.1,2.0,2.2,0.46969300508499146,0.46969300508499146,0.0,0.0,0,0,0,-1
gmsc,xgboost,63,NumberRealEstateLoansOrLines,relative_minus_10,-0.1,1.0,1.1,0.09234394878149033,0.09234394878149033,0.0,0.0,0,0,0,-1
gmsc,xgboost,64,NumberRealEstateLoansOrLines,relative_minus_10,-0.1,4.0,4.4,0.36687836050987244,0.36687836050987244,0.0,0.0,0,0,0,-1
gmsc,xgboost,65,NumberRealEstateLoansOrLines,relative_minus_10,-0.1,1.0,1.1,0.3751460015773773,0.3751460015773773,0.0,0.0,0,0,0,-1
gmsc,xgboost,66,NumberRealEstateLoansOrLines,relative_minus_10,-0.1,1.0,1.1,0.1265122890472412,0.1265122890472412,0.0,0.0,0,0,0,-1
gmsc,xgboost,67,NumberRealEstateLoansOrLines,relative_minus_10,-0.1,1.0,1.1,0.4232633113861084,0.4232633113861084,0.0,0.0,0,0,0,-1
gmsc,xgboost,68,NumberRealEstateLoansOrLines,relative_minus_10,-0.1,1.0,1.1,0.10810530185699463,0.10810530185699463,0.0,0.0,0,0,0,-1
gmsc,xgboost,69,NumberRealEstateLoansOrLines,relative_minus_10,-0.1,4.0,4.4,0.5635039806365967,0.5635039806365967,0.0,0.0,1,1,0,-1
gmsc,xgboost,70,NumberRealEstateLoansOrLines,relative_minus_10,-0.1,0.0,0.1,0.39893585443496704,0.39893585443496704,0.0,0.0,0,0,0,-1
gmsc,xgboost,71,NumberRealEstateLoansOrLines,relative_minus_10,-0.1,0.0,0.1,0.10639937967061996,0.10639937967061996,0.0,0.0,0,0,0,-1
gmsc,xgboost,72,NumberRealEstateLoansOrLines,relative_minus_10,-0.1,1.0,1.1,0.19083499908447266,0.19083499908447266,0.0,0.0,0,0,0,-1
gmsc,xgboost,73,NumberRealEstateLoansOrLines,relative_minus_10,-0.1,2.0,2.2,0.3986653685569763,0.3986653685569763,0.0,0.0,0,0,0,-1
gmsc,xgboost,74,NumberRealEstateLoansOrLines,relative_minus_10,-0.1,0.0,0.1,0.18615853786468506,0.18615853786468506,0.0,0.0,0,0,0,-1
gmsc,xgboost,75,NumberRealEstateLoansOrLines,relative_minus_10,-0.1,0.0,0.1,0.5547352433204651,0.5547352433204651,0.0,0.0,1,1,0,-1
gmsc,xgboost,76,NumberRealEstateLoansOrLines,relative_minus_10,-0.1,0.0,0.1,0.11016565561294556,0.11016565561294556,0.0,0.0,0,0,0,-1
gmsc,xgboost,77,NumberRealEstateLoansOrLines,relative_minus_10,-0.1,0.0,0.1,0.05538906157016754,0.05538906157016754,0.0,0.0,0,0,0,-1
gmsc,xgboost,78,NumberRealEstateLoansOrLines,relative_minus_10,-0.1,1.0,1.1,0.05751078575849533,0.05751078575849533,0.0,0.0,0,0,0,-1
gmsc,xgboost,79,NumberRealEstateLoansOrLines,relative_minus_10,-0.1,1.0,1.1,0.2844957709312439,0.2844957709312439,0.0,0.0,0,0,0,-1
gmsc,xgboost,80,NumberRealEstateLoansOrLines,relative_minus_10,-0.1,1.0,1.1,0.1406598836183548,0.1406598836183548,0.0,0.0,0,0,0,-1
gmsc,xgboost,81,NumberRealEstateLoansOrLines,relative_minus_10,-0.1,2.0,2.2,0.16070415079593658,0.16070415079593658,0.0,0.0,0,0,0,-1
gmsc,xgboost,82,NumberRealEstateLoansOrLines,relative_minus_10,-0.1,1.0,1.1,0.4081357717514038,0.4081357717514038,0.0,0.0,0,0,0,-1
gmsc,xgboost,83,NumberRealEstateLoansOrLines,relative_minus_10,-0.1,1.0,1.1,0.06326539814472198,0.06326539814472198,0.0,0.0,0,0,0,-1
gmsc,xgboost,84,NumberRealEstateLoansOrLines,relative_minus_10,-0.1,2.0,2.2,0.6416367292404175,0.6416367292404175,0.0,0.0,1,1,0,-1
gmsc,xgboost,85,NumberRealEstateLoansOrLines,relative_minus_10,-0.1,2.0,2.2,0.06614423543214798,0.06614423543214798,0.0,0.0,0,0,0,-1
gmsc,xgboost,86,NumberRealEstateLoansOrLines,relative_minus_10,-0.1,0.0,0.1,0.12697042524814606,0.12697042524814606,0.0,0.0,0,0,0,-1
gmsc,xgboost,87,NumberRealEstateLoansOrLines,relative_minus_10,-0.1,0.0,0.1,0.106936976313591,0.106936976313591,0.0,0.0,0,0,0,-1
gmsc,xgboost,88,NumberRealEstateLoansOrLines,relative_minus_10,-0.1,1.0,1.1,0.12650665640830994,0.12650665640830994,0.0,0.0,0,0,0,-1
gmsc,xgboost,89,NumberRealEstateLoansOrLines,relative_minus_10,-0.1,1.0,1.1,0.3815006911754608,0.3815006911754608,0.0,0.0,0,0,0,-1
gmsc,xgboost,90,NumberRealEstateLoansOrLines,relative_minus_10,-0.1,0.0,0.1,0.044368140399456024,0.044368140399456024,0.0,0.0,0,0,0,-1
gmsc,xgboost,91,NumberRealEstateLoansOrLines,relative_minus_10,-0.1,1.0,1.1,0.1482551395893097,0.1482551395893097,0.0,0.0,0,0,0,-1
gmsc,xgboost,92,NumberRealEstateLoansOrLines,relative_minus_10,-0.1,0.0,0.1,0.06322672218084335,0.06322672218084335,0.0,0.0,0,0,0,-1
gmsc,xgboost,93,NumberRealEstateLoansOrLines,relative_minus_10,-0.1,2.0,2.2,0.1017114520072937,0.1017114520072937,0.0,0.0,0,0,0,-1
gmsc,xgboost,94,NumberRealEstateLoansOrLines,relative_minus_10,-0.1,0.0,0.1,0.14927543699741364,0.14927543699741364,0.0,0.0,0,0,0,-1
gmsc,xgboost,95,NumberRealEstateLoansOrLines,relative_minus_10,-0.1,2.0,2.2,0.22754548490047455,0.22754548490047455,0.0,0.0,0,0,0,-1
gmsc,xgboost,96,NumberRealEstateLoansOrLines,relative_minus_10,-0.1,1.0,1.1,0.13160045444965363,0.13160045444965363,0.0,0.0,0,0,0,-1
gmsc,xgboost,97,NumberRealEstateLoansOrLines,relative_minus_10,-0.1,1.0,1.1,0.0985931009054184,0.0985931009054184,0.0,0.0,0,0,0,-1
gmsc,xgboost,98,NumberRealEstateLoansOrLines,relative_minus_10,-0.1,2.0,2.2,0.35479238629341125,0.35479238629341125,0.0,0.0,0,0,0,-1
gmsc,xgboost,99,NumberRealEstateLoansOrLines,relative_minus_10,-0.1,0.0,0.1,0.9183781147003174,0.9183781147003174,0.0,0.0,1,1,0,-1
gmsc,xgboost,0,NumberRealEstateLoansOrLines,relative_plus_10,0.1,2.0,2.2,0.08203070610761642,0.08203070610761642,0.0,0.0,0,0,0,-1
gmsc,xgboost,1,NumberRealEstateLoansOrLines,relative_plus_10,0.1,1.0,1.1,0.07381805032491684,0.07381805032491684,0.0,0.0,0,0,0,-1
gmsc,xgboost,2,NumberRealEstateLoansOrLines,relative_plus_10,0.1,0.0,0.1,0.057695530354976654,0.057695530354976654,0.0,0.0,0,0,0,-1
gmsc,xgboost,3,NumberRealEstateLoansOrLines,relative_plus_10,0.1,2.0,2.2,0.29744529724121094,0.29744529724121094,0.0,0.0,0,0,0,-1
gmsc,xgboost,4,NumberRealEstateLoansOrLines,relative_plus_10,0.1,1.0,1.1,0.10023795068264008,0.10023795068264008,0.0,0.0,0,0,0,-1
gmsc,xgboost,5,NumberRealEstateLoansOrLines,relative_plus_10,0.1,1.0,1.1,0.19237148761749268,0.19237148761749268,0.0,0.0,0,0,0,-1
gmsc,xgboost,6,NumberRealEstateLoansOrLines,relative_plus_10,0.1,0.0,0.1,0.2720617651939392,0.2720617651939392,0.0,0.0,0,0,0,-1
gmsc,xgboost,7,NumberRealEstateLoansOrLines,relative_plus_10,0.1,0.0,0.1,0.2072291374206543,0.2072291374206543,0.0,0.0,0,0,0,-1
gmsc,xgboost,8,NumberRealEstateLoansOrLines,relative_plus_10,0.1,1.0,1.1,0.14596141874790192,0.14596141874790192,0.0,0.0,0,0,0,-1
gmsc,xgboost,9,NumberRealEstateLoansOrLines,relative_plus_10,0.1,1.0,1.1,0.3907460570335388,0.3907460570335388,0.0,0.0,0,0,0,-1
gmsc,xgboost,10,NumberRealEstateLoansOrLines,relative_plus_10,0.1,2.0,2.2,0.43983033299446106,0.43983033299446106,0.0,0.0,0,0,0,-1
gmsc,xgboost,11,NumberRealEstateLoansOrLines,relative_plus_10,0.1,1.0,1.1,0.2212306559085846,0.2212306559085846,0.0,0.0,0,0,0,-1
gmsc,xgboost,12,NumberRealEstateLoansOrLines,relative_plus_10,0.1,1.0,1.1,0.034909687936306,0.034909687936306,0.0,0.0,0,0,0,-1
gmsc,xgboost,13,NumberRealEstateLoansOrLines,relative_plus_10,0.1,0.0,0.1,0.8862441778182983,0.8862441778182983,0.0,0.0,1,1,0,-1
gmsc,xgboost,14,NumberRealEstateLoansOrLines,relative_plus_10,0.1,0.0,0.1,0.30772891640663147,0.30772891640663147,0.0,0.0,0,0,0,-1
gmsc,xgboost,15,NumberRealEstateLoansOrLines,relative_plus_10,0.1,1.0,1.1,0.2524952292442322,0.2524952292442322,0.0,0.0,0,0,0,-1
gmsc,xgboost,16,NumberRealEstateLoansOrLines,relative_plus_10,0.1,0.0,0.1,0.48664188385009766,0.48664188385009766,0.0,0.0,0,0,0,-1
gmsc,xgboost,17,NumberRealEstateLoansOrLines,relative_plus_10,0.1,1.0,1.1,0.09193970263004303,0.09193970263004303,0.0,0.0,0,0,0,-1
gmsc,xgboost,18,NumberRealEstateLoansOrLines,relative_plus_10,0.1,2.0,2.2,0.3769620656967163,0.3769620656967163,0.0,0.0,0,0,0,-1
gmsc,xgboost,19,NumberRealEstateLoansOrLines,relative_plus_10,0.1,2.0,2.2,0.21186602115631104,0.21186602115631104,0.0,0.0,0,0,0,-1
gmsc,xgboost,20,NumberRealEstateLoansOrLines,relative_plus_10,0.1,1.0,1.1,0.04993200674653053,0.04993200674653053,0.0,0.0,0,0,0,-1
gmsc,xgboost,21,NumberRealEstateLoansOrLines,relative_plus_10,0.1,0.0,0.1,0.08262580633163452,0.08262580633163452,0.0,0.0,0,0,0,-1
gmsc,xgboost,22,NumberRealEstateLoansOrLines,relative_plus_10,0.1,1.0,1.1,0.06402596086263657,0.06402596086263657,0.0,0.0,0,0,0,-1
gmsc,xgboost,23,NumberRealEstateLoansOrLines,relative_plus_10,0.1,2.0,2.2,0.08952450007200241,0.08952450007200241,0.0,0.0,0,0,0,-1
gmsc,xgboost,24,NumberRealEstateLoansOrLines,relative_plus_10,0.1,0.0,0.1,0.034259602427482605,0.034259602427482605,0.0,0.0,0,0,0,-1
gmsc,xgboost,25,NumberRealEstateLoansOrLines,relative_plus_10,0.1,0.0,0.1,0.49923714995384216,0.49923714995384216,0.0,0.0,0,0,0,-1
gmsc,xgboost,26,NumberRealEstateLoansOrLines,relative_plus_10,0.1,0.0,0.1,0.46355003118515015,0.46355003118515015,0.0,0.0,0,0,0,-1
gmsc,xgboost,27,NumberRealEstateLoansOrLines,relative_plus_10,0.1,0.0,0.1,0.16462162137031555,0.16462162137031555,0.0,0.0,0,0,0,-1
gmsc,xgboost,28,NumberRealEstateLoansOrLines,relative_plus_10,0.1,0.0,0.1,0.222405344247818,0.222405344247818,0.0,0.0,0,0,0,-1
gmsc,xgboost,29,NumberRealEstateLoansOrLines,relative_plus_10,0.1,0.0,0.1,0.06126169487833977,0.06126169487833977,0.0,0.0,0,0,0,-1
gmsc,xgboost,30,NumberRealEstateLoansOrLines,relative_plus_10,0.1,1.0,1.1,0.25775110721588135,0.25775110721588135,0.0,0.0,0,0,0,-1
gmsc,xgboost,31,NumberRealEstateLoansOrLines,relative_plus_10,0.1,0.0,0.1,0.14284415543079376,0.14284415543079376,0.0,0.0,0,0,0,-1
gmsc,xgboost,32,NumberRealEstateLoansOrLines,relative_plus_10,0.1,1.0,1.1,0.1354866921901703,0.1354866921901703,0.0,0.0,0,0,0,-1
gmsc,xgboost,33,NumberRealEstateLoansOrLines,relative_plus_10,0.1,0.0,0.1,0.0799889788031578,0.0799889788031578,0.0,0.0,0,0,0,-1
gmsc,xgboost,34,NumberRealEstateLoansOrLines,relative_plus_10,0.1,2.0,2.2,0.5890139937400818,0.5890139937400818,0.0,0.0,1,1,0,-1
gmsc,xgboost,35,NumberRealEstateLoansOrLines,relative_plus_10,0.1,2.0,2.2,0.7353684902191162,0.7353684902191162,0.0,0.0,1,1,0,-1
gmsc,xgboost,36,NumberRealEstateLoansOrLines,relative_plus_10,0.1,1.0,1.1,0.1960536539554596,0.1960536539554596,0.0,0.0,0,0,0,-1
gmsc,xgboost,37,NumberRealEstateLoansOrLines,relative_plus_10,0.1,1.0,1.1,0.35266122221946716,0.35266122221946716,0.0,0.0,0,0,0,-1
gmsc,xgboost,38,NumberRealEstateLoansOrLines,relative_plus_10,0.1,3.0,3.3,0.2510143518447876,0.2510143518447876,0.0,0.0,0,0,0,-1
gmsc,xgboost,39,NumberRealEstateLoansOrLines,relative_plus_10,0.1,1.0,1.1,0.4371665418148041,0.4371665418148041,0.0,0.0,0,0,0,-1
gmsc,xgboost,40,NumberRealEstateLoansOrLines,relative_plus_10,0.1,1.0,1.1,0.13587132096290588,0.13587132096290588,0.0,0.0,0,0,0,-1
gmsc,xgboost,41,NumberRealEstateLoansOrLines,relative_plus_10,0.1,1.0,1.1,0.18514351546764374,0.18514351546764374,0.0,0.0,0,0,0,-1
gmsc,xgboost,42,NumberRealEstateLoansOrLines,relative_plus_10,0.1,1.0,1.1,0.10479436814785004,0.10479436814785004,0.0,0.0,0,0,0,-1
gmsc,xgboost,43,NumberRealEstateLoansOrLines,relative_plus_10,0.1,0.0,0.1,0.5401685833930969,0.5401685833930969,0.0,0.0,1,1,0,-1
gmsc,xgboost,44,NumberRealEstateLoansOrLines,relative_plus_10,0.1,1.0,1.1,0.11184448003768921,0.11184448003768921,0.0,0.0,0,0,0,-1
gmsc,xgboost,45,NumberRealEstateLoansOrLines,relative_plus_10,0.1,3.0,3.3,0.12677443027496338,0.12677443027496338,0.0,0.0,0,0,0,-1
gmsc,xgboost,46,NumberRealEstateLoansOrLines,relative_plus_10,0.1,1.0,1.1,0.25457122921943665,0.25457122921943665,0.0,0.0,0,0,0,-1
gmsc,xgboost,47,NumberRealEstateLoansOrLines,relative_plus_10,0.1,1.0,1.1,0.05936043709516525,0.05936043709516525,0.0,0.0,0,0,0,-1
gmsc,xgboost,48,NumberRealEstateLoansOrLines,relative_plus_10,0.1,1.0,1.1,0.08543100953102112,0.08543100953102112,0.0,0.0,0,0,0,-1
gmsc,xgboost,49,NumberRealEstateLoansOrLines,relative_plus_10,0.1,0.0,0.1,0.03611498698592186,0.03611498698592186,0.0,0.0,0,0,0,-1
gmsc,xgboost,50,NumberRealEstateLoansOrLines,relative_plus_10,0.1,0.0,0.1,0.1643790304660797,0.1643790304660797,0.0,0.0,0,0,0,-1
gmsc,xgboost,51,NumberRealEstateLoansOrLines,relative_plus_10,0.1,2.0,2.2,0.2535255253314972,0.2535255253314972,0.0,0.0,0,0,0,-1
gmsc,xgboost,52,NumberRealEstateLoansOrLines,relative_plus_10,0.1,1.0,1.1,0.043543241918087006,0.043543241918087006,0.0,0.0,0,0,0,-1
gmsc,xgboost,53,NumberRealEstateLoansOrLines,relative_plus_10,0.1,0.0,0.1,0.8459349870681763,0.8459349870681763,0.0,0.0,1,1,0,-1
gmsc,xgboost,54,NumberRealEstateLoansOrLines,relative_plus_10,0.1,0.0,0.1,0.9326093792915344,0.9326093792915344,0.0,0.0,1,1,0,-1
gmsc,xgboost,55,NumberRealEstateLoansOrLines,relative_plus_10,0.1,1.0,1.1,0.0761168822646141,0.0761168822646141,0.0,0.0,0,0,0,-1
gmsc,xgboost,56,NumberRealEstateLoansOrLines,relative_plus_10,0.1,1.0,1.1,0.15863358974456787,0.15863358974456787,0.0,0.0,0,0,0,-1
gmsc,xgboost,57,NumberRealEstateLoansOrLines,relative_plus_10,0.1,0.0,0.1,0.5884111523628235,0.5884111523628235,0.0,0.0,1,1,0,-1
gmsc,xgboost,58,NumberRealEstateLoansOrLines,relative_plus_10,0.1,0.0,0.1,0.6777902245521545,0.6777902245521545,0.0,0.0,1,1,0,-1
gmsc,xgboost,59,NumberRealEstateLoansOrLines,relative_plus_10,0.1,1.0,1.1,0.628955066204071,0.628955066204071,0.0,0.0,1,1,0,-1
gmsc,xgboost,60,NumberRealEstateLoansOrLines,relative_plus_10,0.1,0.0,0.1,0.17468222975730896,0.17468222975730896,0.0,0.0,0,0,0,-1
gmsc,xgboost,61,NumberRealEstateLoansOrLines,relative_plus_10,0.1,2.0,2.2,0.3342180848121643,0.3342180848121643,0.0,0.0,0,0,0,-1
gmsc,xgboost,62,NumberRealEstateLoansOrLines,relative_plus_10,0.1,2.0,2.2,0.46969300508499146,0.46969300508499146,0.0,0.0,0,0,0,-1
gmsc,xgboost,63,NumberRealEstateLoansOrLines,relative_plus_10,0.1,1.0,1.1,0.09234394878149033,0.09234394878149033,0.0,0.0,0,0,0,-1
gmsc,xgboost,64,NumberRealEstateLoansOrLines,relative_plus_10,0.1,4.0,4.4,0.36687836050987244,0.36687836050987244,0.0,0.0,0,0,0,-1
gmsc,xgboost,65,NumberRealEstateLoansOrLines,relative_plus_10,0.1,1.0,1.1,0.3751460015773773,0.3751460015773773,0.0,0.0,0,0,0,-1
gmsc,xgboost,66,NumberRealEstateLoansOrLines,relative_plus_10,0.1,1.0,1.1,0.1265122890472412,0.1265122890472412,0.0,0.0,0,0,0,-1
gmsc,xgboost,67,NumberRealEstateLoansOrLines,relative_plus_10,0.1,1.0,1.1,0.4232633113861084,0.4232633113861084,0.0,0.0,0,0,0,-1
gmsc,xgboost,68,NumberRealEstateLoansOrLines,relative_plus_10,0.1,1.0,1.1,0.10810530185699463,0.10810530185699463,0.0,0.0,0,0,0,-1
gmsc,xgboost,69,NumberRealEstateLoansOrLines,relative_plus_10,0.1,4.0,4.4,0.5635039806365967,0.5635039806365967,0.0,0.0,1,1,0,-1
gmsc,xgboost,70,NumberRealEstateLoansOrLines,relative_plus_10,0.1,0.0,0.1,0.39893585443496704,0.39893585443496704,0.0,0.0,0,0,0,-1
gmsc,xgboost,71,NumberRealEstateLoansOrLines,relative_plus_10,0.1,0.0,0.1,0.10639937967061996,0.10639937967061996,0.0,0.0,0,0,0,-1
gmsc,xgboost,72,NumberRealEstateLoansOrLines,relative_plus_10,0.1,1.0,1.1,0.19083499908447266,0.19083499908447266,0.0,0.0,0,0,0,-1
gmsc,xgboost,73,NumberRealEstateLoansOrLines,relative_plus_10,0.1,2.0,2.2,0.3986653685569763,0.3986653685569763,0.0,0.0,0,0,0,-1
gmsc,xgboost,74,NumberRealEstateLoansOrLines,relative_plus_10,0.1,0.0,0.1,0.18615853786468506,0.18615853786468506,0.0,0.0,0,0,0,-1
gmsc,xgboost,75,NumberRealEstateLoansOrLines,relative_plus_10,0.1,0.0,0.1,0.5547352433204651,0.5547352433204651,0.0,0.0,1,1,0,-1
gmsc,xgboost,76,NumberRealEstateLoansOrLines,relative_plus_10,0.1,0.0,0.1,0.11016565561294556,0.11016565561294556,0.0,0.0,0,0,0,-1
gmsc,xgboost,77,NumberRealEstateLoansOrLines,relative_plus_10,0.1,0.0,0.1,0.05538906157016754,0.05538906157016754,0.0,0.0,0,0,0,-1
gmsc,xgboost,78,NumberRealEstateLoansOrLines,relative_plus_10,0.1,1.0,1.1,0.05751078575849533,0.05751078575849533,0.0,0.0,0,0,0,-1
gmsc,xgboost,79,NumberRealEstateLoansOrLines,relative_plus_10,0.1,1.0,1.1,0.2844957709312439,0.2844957709312439,0.0,0.0,0,0,0,-1
gmsc,xgboost,80,NumberRealEstateLoansOrLines,relative_plus_10,0.1,1.0,1.1,0.1406598836183548,0.1406598836183548,0.0,0.0,0,0,0,-1
gmsc,xgboost,81,NumberRealEstateLoansOrLines,relative_plus_10,0.1,2.0,2.2,0.16070415079593658,0.16070415079593658,0.0,0.0,0,0,0,-1
gmsc,xgboost,82,NumberRealEstateLoansOrLines,relative_plus_10,0.1,1.0,1.1,0.4081357717514038,0.4081357717514038,0.0,0.0,0,0,0,-1
gmsc,xgboost,83,NumberRealEstateLoansOrLines,relative_plus_10,0.1,1.0,1.1,0.06326539814472198,0.06326539814472198,0.0,0.0,0,0,0,-1
gmsc,xgboost,84,NumberRealEstateLoansOrLines,relative_plus_10,0.1,2.0,2.2,0.6416367292404175,0.6416367292404175,0.0,0.0,1,1,0,-1
gmsc,xgboost,85,NumberRealEstateLoansOrLines,relative_plus_10,0.1,2.0,2.2,0.06614423543214798,0.06614423543214798,0.0,0.0,0,0,0,-1
gmsc,xgboost,86,NumberRealEstateLoansOrLines,relative_plus_10,0.1,0.0,0.1,0.12697042524814606,0.12697042524814606,0.0,0.0,0,0,0,-1
gmsc,xgboost,87,NumberRealEstateLoansOrLines,relative_plus_10,0.1,0.0,0.1,0.106936976313591,0.106936976313591,0.0,0.0,0,0,0,-1
gmsc,xgboost,88,NumberRealEstateLoansOrLines,relative_plus_10,0.1,1.0,1.1,0.12650665640830994,0.12650665640830994,0.0,0.0,0,0,0,-1
gmsc,xgboost,89,NumberRealEstateLoansOrLines,relative_plus_10,0.1,1.0,1.1,0.3815006911754608,0.3815006911754608,0.0,0.0,0,0,0,-1
gmsc,xgboost,90,NumberRealEstateLoansOrLines,relative_plus_10,0.1,0.0,0.1,0.044368140399456024,0.044368140399456024,0.0,0.0,0,0,0,-1
gmsc,xgboost,91,NumberRealEstateLoansOrLines,relative_plus_10,0.1,1.0,1.1,0.1482551395893097,0.1482551395893097,0.0,0.0,0,0,0,-1
gmsc,xgboost,92,NumberRealEstateLoansOrLines,relative_plus_10,0.1,0.0,0.1,0.06322672218084335,0.06322672218084335,0.0,0.0,0,0,0,-1
gmsc,xgboost,93,NumberRealEstateLoansOrLines,relative_plus_10,0.1,2.0,2.2,0.1017114520072937,0.1017114520072937,0.0,0.0,0,0,0,-1
gmsc,xgboost,94,NumberRealEstateLoansOrLines,relative_plus_10,0.1,0.0,0.1,0.14927543699741364,0.14927543699741364,0.0,0.0,0,0,0,-1
gmsc,xgboost,95,NumberRealEstateLoansOrLines,relative_plus_10,0.1,2.0,2.2,0.22754548490047455,0.22754548490047455,0.0,0.0,0,0,0,-1
gmsc,xgboost,96,NumberRealEstateLoansOrLines,relative_plus_10,0.1,1.0,1.1,0.13160045444965363,0.13160045444965363,0.0,0.0,0,0,0,-1
gmsc,xgboost,97,NumberRealEstateLoansOrLines,relative_plus_10,0.1,1.0,1.1,0.0985931009054184,0.0985931009054184,0.0,0.0,0,0,0,-1
gmsc,xgboost,98,NumberRealEstateLoansOrLines,relative_plus_10,0.1,2.0,2.2,0.35479238629341125,0.35479238629341125,0.0,0.0,0,0,0,-1
gmsc,xgboost,99,NumberRealEstateLoansOrLines,relative_plus_10,0.1,0.0,0.1,0.9183781147003174,0.9183781147003174,0.0,0.0,1,1,0,-1
gmsc,xgboost,0,NumberOfTime60-89DaysPastDueNotWorse,relative_minus_5,-0.05,0.0,0.05,0.08203070610761642,0.08203070610761642,0.0,0.0,0,0,0,-1
gmsc,xgboost,1,NumberOfTime60-89DaysPastDueNotWorse,relative_minus_5,-0.05,0.0,0.05,0.07381805032491684,0.07381805032491684,0.0,0.0,0,0,0,-1
gmsc,xgboost,2,NumberOfTime60-89DaysPastDueNotWorse,relative_minus_5,-0.05,0.0,0.05,0.057695530354976654,0.057695530354976654,0.0,0.0,0,0,0,-1
gmsc,xgboost,3,NumberOfTime60-89DaysPastDueNotWorse,relative_minus_5,-0.05,0.0,0.05,0.29744529724121094,0.29744529724121094,0.0,0.0,0,0,0,-1
gmsc,xgboost,4,NumberOfTime60-89DaysPastDueNotWorse,relative_minus_5,-0.05,0.0,0.05,0.10023795068264008,0.10023795068264008,0.0,0.0,0,0,0,-1
gmsc,xgboost,5,NumberOfTime60-89DaysPastDueNotWorse,relative_minus_5,-0.05,0.0,0.05,0.19237148761749268,0.19237148761749268,0.0,0.0,0,0,0,-1
gmsc,xgboost,6,NumberOfTime60-89DaysPastDueNotWorse,relative_minus_5,-0.05,0.0,0.05,0.2720617651939392,0.2720617651939392,0.0,0.0,0,0,0,-1
gmsc,xgboost,7,NumberOfTime60-89DaysPastDueNotWorse,relative_minus_5,-0.05,0.0,0.05,0.2072291374206543,0.2072291374206543,0.0,0.0,0,0,0,-1
gmsc,xgboost,8,NumberOfTime60-89DaysPastDueNotWorse,relative_minus_5,-0.05,0.0,0.05,0.14596141874790192,0.14596141874790192,0.0,0.0,0,0,0,-1
gmsc,xgboost,9,NumberOfTime60-89DaysPastDueNotWorse,relative_minus_5,-0.05,0.0,0.05,0.3907460570335388,0.3907460570335388,0.0,0.0,0,0,0,-1
gmsc,xgboost,10,NumberOfTime60-89DaysPastDueNotWorse,relative_minus_5,-0.05,0.0,0.05,0.43983033299446106,0.43983033299446106,0.0,0.0,0,0,0,-1
gmsc,xgboost,11,NumberOfTime60-89DaysPastDueNotWorse,relative_minus_5,-0.05,0.0,0.05,0.2212306559085846,0.2212306559085846,0.0,0.0,0,0,0,-1
gmsc,xgboost,12,NumberOfTime60-89DaysPastDueNotWorse,relative_minus_5,-0.05,0.0,0.05,0.034909687936306,0.034909687936306,0.0,0.0,0,0,0,-1
gmsc,xgboost,13,NumberOfTime60-89DaysPastDueNotWorse,relative_minus_5,-0.05,0.0,0.05,0.8862441778182983,0.8862441778182983,0.0,0.0,1,1,0,-1
gmsc,xgboost,14,NumberOfTime60-89DaysPastDueNotWorse,relative_minus_5,-0.05,0.0,0.05,0.30772891640663147,0.30772891640663147,0.0,0.0,0,0,0,-1
gmsc,xgboost,15,NumberOfTime60-89DaysPastDueNotWorse,relative_minus_5,-0.05,0.0,0.05,0.2524952292442322,0.2524952292442322,0.0,0.0,0,0,0,-1
gmsc,xgboost,16,NumberOfTime60-89DaysPastDueNotWorse,relative_minus_5,-0.05,0.0,0.05,0.48664188385009766,0.48664188385009766,0.0,0.0,0,0,0,-1
gmsc,xgboost,17,NumberOfTime60-89DaysPastDueNotWorse,relative_minus_5,-0.05,0.0,0.05,0.09193970263004303,0.09193970263004303,0.0,0.0,0,0,0,-1
gmsc,xgboost,18,NumberOfTime60-89DaysPastDueNotWorse,relative_minus_5,-0.05,0.0,0.05,0.3769620656967163,0.3769620656967163,0.0,0.0,0,0,0,-1
gmsc,xgboost,19,NumberOfTime60-89DaysPastDueNotWorse,relative_minus_5,-0.05,0.0,0.05,0.21186602115631104,0.21186602115631104,0.0,0.0,0,0,0,-1
gmsc,xgboost,20,NumberOfTime60-89DaysPastDueNotWorse,relative_minus_5,-0.05,0.0,0.05,0.04993200674653053,0.04993200674653053,0.0,0.0,0,0,0,-1
gmsc,xgboost,21,NumberOfTime60-89DaysPastDueNotWorse,relative_minus_5,-0.05,0.0,0.05,0.08262580633163452,0.08262580633163452,0.0,0.0,0,0,0,-1
gmsc,xgboost,22,NumberOfTime60-89DaysPastDueNotWorse,relative_minus_5,-0.05,0.0,0.05,0.06402596086263657,0.06402596086263657,0.0,0.0,0,0,0,-1
gmsc,xgboost,23,NumberOfTime60-89DaysPastDueNotWorse,relative_minus_5,-0.05,0.0,0.05,0.08952450007200241,0.08952450007200241,0.0,0.0,0,0,0,-1
gmsc,xgboost,24,NumberOfTime60-89DaysPastDueNotWorse,relative_minus_5,-0.05,0.0,0.05,0.034259602427482605,0.034259602427482605,0.0,0.0,0,0,0,-1
gmsc,xgboost,25,NumberOfTime60-89DaysPastDueNotWorse,relative_minus_5,-0.05,0.0,0.05,0.49923714995384216,0.49923714995384216,0.0,0.0,0,0,0,-1
gmsc,xgboost,26,NumberOfTime60-89DaysPastDueNotWorse,relative_minus_5,-0.05,0.0,0.05,0.46355003118515015,0.46355003118515015,0.0,0.0,0,0,0,-1
gmsc,xgboost,27,NumberOfTime60-89DaysPastDueNotWorse,relative_minus_5,-0.05,0.0,0.05,0.16462162137031555,0.16462162137031555,0.0,0.0,0,0,0,-1
gmsc,xgboost,28,NumberOfTime60-89DaysPastDueNotWorse,relative_minus_5,-0.05,0.0,0.05,0.222405344247818,0.222405344247818,0.0,0.0,0,0,0,-1
gmsc,xgboost,29,NumberOfTime60-89DaysPastDueNotWorse,relative_minus_5,-0.05,0.0,0.05,0.06126169487833977,0.06126169487833977,0.0,0.0,0,0,0,-1
gmsc,xgboost,30,NumberOfTime60-89DaysPastDueNotWorse,relative_minus_5,-0.05,0.0,0.05,0.25775110721588135,0.25775110721588135,0.0,0.0,0,0,0,-1
gmsc,xgboost,31,NumberOfTime60-89DaysPastDueNotWorse,relative_minus_5,-0.05,0.0,0.05,0.14284415543079376,0.14284415543079376,0.0,0.0,0,0,0,-1
gmsc,xgboost,32,NumberOfTime60-89DaysPastDueNotWorse,relative_minus_5,-0.05,0.0,0.05,0.1354866921901703,0.1354866921901703,0.0,0.0,0,0,0,-1
gmsc,xgboost,33,NumberOfTime60-89DaysPastDueNotWorse,relative_minus_5,-0.05,0.0,0.05,0.0799889788031578,0.0799889788031578,0.0,0.0,0,0,0,-1
gmsc,xgboost,34,NumberOfTime60-89DaysPastDueNotWorse,relative_minus_5,-0.05,0.0,0.05,0.5890139937400818,0.5890139937400818,0.0,0.0,1,1,0,-1
gmsc,xgboost,35,NumberOfTime60-89DaysPastDueNotWorse,relative_minus_5,-0.05,0.0,0.05,0.7353684902191162,0.7353684902191162,0.0,0.0,1,1,0,-1
gmsc,xgboost,36,NumberOfTime60-89DaysPastDueNotWorse,relative_minus_5,-0.05,0.0,0.05,0.1960536539554596,0.1960536539554596,0.0,0.0,0,0,0,-1
gmsc,xgboost,37,NumberOfTime60-89DaysPastDueNotWorse,relative_minus_5,-0.05,0.0,0.05,0.35266122221946716,0.35266122221946716,0.0,0.0,0,0,0,-1
gmsc,xgboost,38,NumberOfTime60-89DaysPastDueNotWorse,relative_minus_5,-0.05,0.0,0.05,0.2510143518447876,0.2510143518447876,0.0,0.0,0,0,0,-1
gmsc,xgboost,39,NumberOfTime60-89DaysPastDueNotWorse,relative_minus_5,-0.05,0.0,0.05,0.4371665418148041,0.4371665418148041,0.0,0.0,0,0,0,-1
gmsc,xgboost,40,NumberOfTime60-89DaysPastDueNotWorse,relative_minus_5,-0.05,0.0,0.05,0.13587132096290588,0.13587132096290588,0.0,0.0,0,0,0,-1
gmsc,xgboost,41,NumberOfTime60-89DaysPastDueNotWorse,relative_minus_5,-0.05,0.0,0.05,0.18514351546764374,0.18514351546764374,0.0,0.0,0,0,0,-1
gmsc,xgboost,42,NumberOfTime60-89DaysPastDueNotWorse,relative_minus_5,-0.05,0.0,0.05,0.10479436814785004,0.10479436814785004,0.0,0.0,0,0,0,-1
gmsc,xgboost,43,NumberOfTime60-89DaysPastDueNotWorse,relative_minus_5,-0.05,0.0,0.05,0.5401685833930969,0.5401685833930969,0.0,0.0,1,1,0,-1
gmsc,xgboost,44,NumberOfTime60-89DaysPastDueNotWorse,relative_minus_5,-0.05,0.0,0.05,0.11184448003768921,0.11184448003768921,0.0,0.0,0,0,0,-1
gmsc,xgboost,45,NumberOfTime60-89DaysPastDueNotWorse,relative_minus_5,-0.05,0.0,0.05,0.12677443027496338,0.12677443027496338,0.0,0.0,0,0,0,-1
gmsc,xgboost,46,NumberOfTime60-89DaysPastDueNotWorse,relative_minus_5,-0.05,0.0,0.05,0.25457122921943665,0.25457122921943665,0.0,0.0,0,0,0,-1
gmsc,xgboost,47,NumberOfTime60-89DaysPastDueNotWorse,relative_minus_5,-0.05,0.0,0.05,0.05936043709516525,0.05936043709516525,0.0,0.0,0,0,0,-1
gmsc,xgboost,48,NumberOfTime60-89DaysPastDueNotWorse,relative_minus_5,-0.05,0.0,0.05,0.08543100953102112,0.08543100953102112,0.0,0.0,0,0,0,-1
gmsc,xgboost,49,NumberOfTime60-89DaysPastDueNotWorse,relative_minus_5,-0.05,0.0,0.05,0.03611498698592186,0.03611498698592186,0.0,0.0,0,0,0,-1
gmsc,xgboost,50,NumberOfTime60-89DaysPastDueNotWorse,relative_minus_5,-0.05,0.0,0.05,0.1643790304660797,0.1643790304660797,0.0,0.0,0,0,0,-1
gmsc,xgboost,51,NumberOfTime60-89DaysPastDueNotWorse,relative_minus_5,-0.05,0.0,0.05,0.2535255253314972,0.2535255253314972,0.0,0.0,0,0,0,-1
gmsc,xgboost,52,NumberOfTime60-89DaysPastDueNotWorse,relative_minus_5,-0.05,0.0,0.05,0.043543241918087006,0.043543241918087006,0.0,0.0,0,0,0,-1
gmsc,xgboost,53,NumberOfTime60-89DaysPastDueNotWorse,relative_minus_5,-0.05,1.0,1.05,0.8459349870681763,0.8459349870681763,0.0,0.0,1,1,0,-1
gmsc,xgboost,54,NumberOfTime60-89DaysPastDueNotWorse,relative_minus_5,-0.05,2.0,2.1,0.9326093792915344,0.9326093792915344,0.0,0.0,1,1,0,-1
gmsc,xgboost,55,NumberOfTime60-89DaysPastDueNotWorse,relative_minus_5,-0.05,0.0,0.05,0.0761168822646141,0.0761168822646141,0.0,0.0,0,0,0,-1
gmsc,xgboost,56,NumberOfTime60-89DaysPastDueNotWorse,relative_minus_5,-0.05,0.0,0.05,0.15863358974456787,0.15863358974456787,0.0,0.0,0,0,0,-1
gmsc,xgboost,57,NumberOfTime60-89DaysPastDueNotWorse,relative_minus_5,-0.05,0.0,0.05,0.5884111523628235,0.5884111523628235,0.0,0.0,1,1,0,-1
gmsc,xgboost,58,NumberOfTime60-89DaysPastDueNotWorse,relative_minus_5,-0.05,0.0,0.05,0.6777902245521545,0.6777902245521545,0.0,0.0,1,1,0,-1
gmsc,xgboost,59,NumberOfTime60-89DaysPastDueNotWorse,relative_minus_5,-0.05,0.0,0.05,0.628955066204071,0.628955066204071,0.0,0.0,1,1,0,-1
gmsc,xgboost,60,NumberOfTime60-89DaysPastDueNotWorse,relative_minus_5,-0.05,0.0,0.05,0.17468222975730896,0.17468222975730896,0.0,0.0,0,0,0,-1
gmsc,xgboost,61,NumberOfTime60-89DaysPastDueNotWorse,relative_minus_5,-0.05,0.0,0.05,0.3342180848121643,0.3342180848121643,0.0,0.0,0,0,0,-1
gmsc,xgboost,62,NumberOfTime60-89DaysPastDueNotWorse,relative_minus_5,-0.05,0.0,0.05,0.46969300508499146,0.46969300508499146,0.0,0.0,0,0,0,-1
gmsc,xgboost,63,NumberOfTime60-89DaysPastDueNotWorse,relative_minus_5,-0.05,0.0,0.05,0.09234394878149033,0.09234394878149033,0.0,0.0,0,0,0,-1
gmsc,xgboost,64,NumberOfTime60-89DaysPastDueNotWorse,relative_minus_5,-0.05,0.0,0.05,0.36687836050987244,0.36687836050987244,0.0,0.0,0,0,0,-1
gmsc,xgboost,65,NumberOfTime60-89DaysPastDueNotWorse,relative_minus_5,-0.05,0.0,0.05,0.3751460015773773,0.3751460015773773,0.0,0.0,0,0,0,-1
gmsc,xgboost,66,NumberOfTime60-89DaysPastDueNotWorse,relative_minus_5,-0.05,0.0,0.05,0.1265122890472412,0.1265122890472412,0.0,0.0,0,0,0,-1
gmsc,xgboost,67,NumberOfTime60-89DaysPastDueNotWorse,relative_minus_5,-0.05,0.0,0.05,0.4232633113861084,0.4232633113861084,0.0,0.0,0,0,0,-1
gmsc,xgboost,68,NumberOfTime60-89DaysPastDueNotWorse,relative_minus_5,-0.05,0.0,0.05,0.10810530185699463,0.10810530185699463,0.0,0.0,0,0,0,-1
gmsc,xgboost,69,NumberOfTime60-89DaysPastDueNotWorse,relative_minus_5,-0.05,0.0,0.05,0.5635039806365967,0.5635039806365967,0.0,0.0,1,1,0,-1
gmsc,xgboost,70,NumberOfTime60-89DaysPastDueNotWorse,relative_minus_5,-0.05,0.0,0.05,0.39893585443496704,0.39893585443496704,0.0,0.0,0,0,0,-1
gmsc,xgboost,71,NumberOfTime60-89DaysPastDueNotWorse,relative_minus_5,-0.05,0.0,0.05,0.10639937967061996,0.10639937967061996,0.0,0.0,0,0,0,-1
gmsc,xgboost,72,NumberOfTime60-89DaysPastDueNotWorse,relative_minus_5,-0.05,0.0,0.05,0.19083499908447266,0.19083499908447266,0.0,0.0,0,0,0,-1
gmsc,xgboost,73,NumberOfTime60-89DaysPastDueNotWorse,relative_minus_5,-0.05,0.0,0.05,0.3986653685569763,0.3986653685569763,0.0,0.0,0,0,0,-1
gmsc,xgboost,74,NumberOfTime60-89DaysPastDueNotWorse,relative_minus_5,-0.05,0.0,0.05,0.18615853786468506,0.18615853786468506,0.0,0.0,0,0,0,-1
gmsc,xgboost,75,NumberOfTime60-89DaysPastDueNotWorse,relative_minus_5,-0.05,0.0,0.05,0.5547352433204651,0.5547352433204651,0.0,0.0,1,1,0,-1
gmsc,xgboost,76,NumberOfTime60-89DaysPastDueNotWorse,relative_minus_5,-0.05,0.0,0.05,0.11016565561294556,0.11016565561294556,0.0,0.0,0,0,0,-1
gmsc,xgboost,77,NumberOfTime60-89DaysPastDueNotWorse,relative_minus_5,-0.05,0.0,0.05,0.05538906157016754,0.05538906157016754,0.0,0.0,0,0,0,-1
gmsc,xgboost,78,NumberOfTime60-89DaysPastDueNotWorse,relative_minus_5,-0.05,0.0,0.05,0.05751078575849533,0.05751078575849533,0.0,0.0,0,0,0,-1
gmsc,xgboost,79,NumberOfTime60-89DaysPastDueNotWorse,relative_minus_5,-0.05,0.0,0.05,0.2844957709312439,0.2844957709312439,0.0,0.0,0,0,0,-1
gmsc,xgboost,80,NumberOfTime60-89DaysPastDueNotWorse,relative_minus_5,-0.05,0.0,0.05,0.1406598836183548,0.1406598836183548,0.0,0.0,0,0,0,-1
gmsc,xgboost,81,NumberOfTime60-89DaysPastDueNotWorse,relative_minus_5,-0.05,0.0,0.05,0.16070415079593658,0.16070415079593658,0.0,0.0,0,0,0,-1
gmsc,xgboost,82,NumberOfTime60-89DaysPastDueNotWorse,relative_minus_5,-0.05,0.0,0.05,0.4081357717514038,0.4081357717514038,0.0,0.0,0,0,0,-1
gmsc,xgboost,83,NumberOfTime60-89DaysPastDueNotWorse,relative_minus_5,-0.05,0.0,0.05,0.06326539814472198,0.06326539814472198,0.0,0.0,0,0,0,-1
gmsc,xgboost,84,NumberOfTime60-89DaysPastDueNotWorse,relative_minus_5,-0.05,0.0,0.05,0.6416367292404175,0.6416367292404175,0.0,0.0,1,1,0,-1
gmsc,xgboost,85,NumberOfTime60-89DaysPastDueNotWorse,relative_minus_5,-0.05,0.0,0.05,0.06614423543214798,0.06614423543214798,0.0,0.0,0,0,0,-1
gmsc,xgboost,86,NumberOfTime60-89DaysPastDueNotWorse,relative_minus_5,-0.05,0.0,0.05,0.12697042524814606,0.12697042524814606,0.0,0.0,0,0,0,-1
gmsc,xgboost,87,NumberOfTime60-89DaysPastDueNotWorse,relative_minus_5,-0.05,0.0,0.05,0.106936976313591,0.106936976313591,0.0,0.0,0,0,0,-1
gmsc,xgboost,88,NumberOfTime60-89DaysPastDueNotWorse,relative_minus_5,-0.05,0.0,0.05,0.12650665640830994,0.12650665640830994,0.0,0.0,0,0,0,-1
gmsc,xgboost,89,NumberOfTime60-89DaysPastDueNotWorse,relative_minus_5,-0.05,0.0,0.05,0.3815006911754608,0.3815006911754608,0.0,0.0,0,0,0,-1
gmsc,xgboost,90,NumberOfTime60-89DaysPastDueNotWorse,relative_minus_5,-0.05,0.0,0.05,0.044368140399456024,0.044368140399456024,0.0,0.0,0,0,0,-1
gmsc,xgboost,91,NumberOfTime60-89DaysPastDueNotWorse,relative_minus_5,-0.05,0.0,0.05,0.1482551395893097,0.1482551395893097,0.0,0.0,0,0,0,-1
gmsc,xgboost,92,NumberOfTime60-89DaysPastDueNotWorse,relative_minus_5,-0.05,0.0,0.05,0.06322672218084335,0.06322672218084335,0.0,0.0,0,0,0,-1
gmsc,xgboost,93,NumberOfTime60-89DaysPastDueNotWorse,relative_minus_5,-0.05,0.0,0.05,0.1017114520072937,0.1017114520072937,0.0,0.0,0,0,0,-1
gmsc,xgboost,94,NumberOfTime60-89DaysPastDueNotWorse,relative_minus_5,-0.05,0.0,0.05,0.14927543699741364,0.14927543699741364,0.0,0.0,0,0,0,-1
gmsc,xgboost,95,NumberOfTime60-89DaysPastDueNotWorse,relative_minus_5,-0.05,0.0,0.05,0.22754548490047455,0.22754548490047455,0.0,0.0,0,0,0,-1
gmsc,xgboost,96,NumberOfTime60-89DaysPastDueNotWorse,relative_minus_5,-0.05,0.0,0.05,0.13160045444965363,0.13160045444965363,0.0,0.0,0,0,0,-1
gmsc,xgboost,97,NumberOfTime60-89DaysPastDueNotWorse,relative_minus_5,-0.05,0.0,0.05,0.0985931009054184,0.0985931009054184,0.0,0.0,0,0,0,-1
gmsc,xgboost,98,NumberOfTime60-89DaysPastDueNotWorse,relative_minus_5,-0.05,0.0,0.05,0.35479238629341125,0.35479238629341125,0.0,0.0,0,0,0,-1
gmsc,xgboost,99,NumberOfTime60-89DaysPastDueNotWorse,relative_minus_5,-0.05,1.0,1.05,0.9183781147003174,0.9183781147003174,0.0,0.0,1,1,0,-1
gmsc,xgboost,0,NumberOfTime60-89DaysPastDueNotWorse,relative_plus_5,0.05,0.0,0.05,0.08203070610761642,0.08203070610761642,0.0,0.0,0,0,0,-1
gmsc,xgboost,1,NumberOfTime60-89DaysPastDueNotWorse,relative_plus_5,0.05,0.0,0.05,0.07381805032491684,0.07381805032491684,0.0,0.0,0,0,0,-1
gmsc,xgboost,2,NumberOfTime60-89DaysPastDueNotWorse,relative_plus_5,0.05,0.0,0.05,0.057695530354976654,0.057695530354976654,0.0,0.0,0,0,0,-1
gmsc,xgboost,3,NumberOfTime60-89DaysPastDueNotWorse,relative_plus_5,0.05,0.0,0.05,0.29744529724121094,0.29744529724121094,0.0,0.0,0,0,0,-1
gmsc,xgboost,4,NumberOfTime60-89DaysPastDueNotWorse,relative_plus_5,0.05,0.0,0.05,0.10023795068264008,0.10023795068264008,0.0,0.0,0,0,0,-1
gmsc,xgboost,5,NumberOfTime60-89DaysPastDueNotWorse,relative_plus_5,0.05,0.0,0.05,0.19237148761749268,0.19237148761749268,0.0,0.0,0,0,0,-1
gmsc,xgboost,6,NumberOfTime60-89DaysPastDueNotWorse,relative_plus_5,0.05,0.0,0.05,0.2720617651939392,0.2720617651939392,0.0,0.0,0,0,0,-1
gmsc,xgboost,7,NumberOfTime60-89DaysPastDueNotWorse,relative_plus_5,0.05,0.0,0.05,0.2072291374206543,0.2072291374206543,0.0,0.0,0,0,0,-1
gmsc,xgboost,8,NumberOfTime60-89DaysPastDueNotWorse,relative_plus_5,0.05,0.0,0.05,0.14596141874790192,0.14596141874790192,0.0,0.0,0,0,0,-1
gmsc,xgboost,9,NumberOfTime60-89DaysPastDueNotWorse,relative_plus_5,0.05,0.0,0.05,0.3907460570335388,0.3907460570335388,0.0,0.0,0,0,0,-1
gmsc,xgboost,10,NumberOfTime60-89DaysPastDueNotWorse,relative_plus_5,0.05,0.0,0.05,0.43983033299446106,0.43983033299446106,0.0,0.0,0,0,0,-1
gmsc,xgboost,11,NumberOfTime60-89DaysPastDueNotWorse,relative_plus_5,0.05,0.0,0.05,0.2212306559085846,0.2212306559085846,0.0,0.0,0,0,0,-1
gmsc,xgboost,12,NumberOfTime60-89DaysPastDueNotWorse,relative_plus_5,0.05,0.0,0.05,0.034909687936306,0.034909687936306,0.0,0.0,0,0,0,-1
gmsc,xgboost,13,NumberOfTime60-89DaysPastDueNotWorse,relative_plus_5,0.05,0.0,0.05,0.8862441778182983,0.8862441778182983,0.0,0.0,1,1,0,-1
gmsc,xgboost,14,NumberOfTime60-89DaysPastDueNotWorse,relative_plus_5,0.05,0.0,0.05,0.30772891640663147,0.30772891640663147,0.0,0.0,0,0,0,-1
gmsc,xgboost,15,NumberOfTime60-89DaysPastDueNotWorse,relative_plus_5,0.05,0.0,0.05,0.2524952292442322,0.2524952292442322,0.0,0.0,0,0,0,-1
gmsc,xgboost,16,NumberOfTime60-89DaysPastDueNotWorse,relative_plus_5,0.05,0.0,0.05,0.48664188385009766,0.48664188385009766,0.0,0.0,0,0,0,-1
gmsc,xgboost,17,NumberOfTime60-89DaysPastDueNotWorse,relative_plus_5,0.05,0.0,0.05,0.09193970263004303,0.09193970263004303,0.0,0.0,0,0,0,-1
gmsc,xgboost,18,NumberOfTime60-89DaysPastDueNotWorse,relative_plus_5,0.05,0.0,0.05,0.3769620656967163,0.3769620656967163,0.0,0.0,0,0,0,-1
gmsc,xgboost,19,NumberOfTime60-89DaysPastDueNotWorse,relative_plus_5,0.05,0.0,0.05,0.21186602115631104,0.21186602115631104,0.0,0.0,0,0,0,-1
gmsc,xgboost,20,NumberOfTime60-89DaysPastDueNotWorse,relative_plus_5,0.05,0.0,0.05,0.04993200674653053,0.04993200674653053,0.0,0.0,0,0,0,-1
gmsc,xgboost,21,NumberOfTime60-89DaysPastDueNotWorse,relative_plus_5,0.05,0.0,0.05,0.08262580633163452,0.08262580633163452,0.0,0.0,0,0,0,-1
gmsc,xgboost,22,NumberOfTime60-89DaysPastDueNotWorse,relative_plus_5,0.05,0.0,0.05,0.06402596086263657,0.06402596086263657,0.0,0.0,0,0,0,-1
gmsc,xgboost,23,NumberOfTime60-89DaysPastDueNotWorse,relative_plus_5,0.05,0.0,0.05,0.08952450007200241,0.08952450007200241,0.0,0.0,0,0,0,-1
gmsc,xgboost,24,NumberOfTime60-89DaysPastDueNotWorse,relative_plus_5,0.05,0.0,0.05,0.034259602427482605,0.034259602427482605,0.0,0.0,0,0,0,-1
gmsc,xgboost,25,NumberOfTime60-89DaysPastDueNotWorse,relative_plus_5,0.05,0.0,0.05,0.49923714995384216,0.49923714995384216,0.0,0.0,0,0,0,-1
gmsc,xgboost,26,NumberOfTime60-89DaysPastDueNotWorse,relative_plus_5,0.05,0.0,0.05,0.46355003118515015,0.46355003118515015,0.0,0.0,0,0,0,-1
gmsc,xgboost,27,NumberOfTime60-89DaysPastDueNotWorse,relative_plus_5,0.05,0.0,0.05,0.16462162137031555,0.16462162137031555,0.0,0.0,0,0,0,-1
gmsc,xgboost,28,NumberOfTime60-89DaysPastDueNotWorse,relative_plus_5,0.05,0.0,0.05,0.222405344247818,0.222405344247818,0.0,0.0,0,0,0,-1
gmsc,xgboost,29,NumberOfTime60-89DaysPastDueNotWorse,relative_plus_5,0.05,0.0,0.05,0.06126169487833977,0.06126169487833977,0.0,0.0,0,0,0,-1
gmsc,xgboost,30,NumberOfTime60-89DaysPastDueNotWorse,relative_plus_5,0.05,0.0,0.05,0.25775110721588135,0.25775110721588135,0.0,0.0,0,0,0,-1
gmsc,xgboost,31,NumberOfTime60-89DaysPastDueNotWorse,relative_plus_5,0.05,0.0,0.05,0.14284415543079376,0.14284415543079376,0.0,0.0,0,0,0,-1
gmsc,xgboost,32,NumberOfTime60-89DaysPastDueNotWorse,relative_plus_5,0.05,0.0,0.05,0.1354866921901703,0.1354866921901703,0.0,0.0,0,0,0,-1
gmsc,xgboost,33,NumberOfTime60-89DaysPastDueNotWorse,relative_plus_5,0.05,0.0,0.05,0.0799889788031578,0.0799889788031578,0.0,0.0,0,0,0,-1
gmsc,xgboost,34,NumberOfTime60-89DaysPastDueNotWorse,relative_plus_5,0.05,0.0,0.05,0.5890139937400818,0.5890139937400818,0.0,0.0,1,1,0,-1
gmsc,xgboost,35,NumberOfTime60-89DaysPastDueNotWorse,relative_plus_5,0.05,0.0,0.05,0.7353684902191162,0.7353684902191162,0.0,0.0,1,1,0,-1
gmsc,xgboost,36,NumberOfTime60-89DaysPastDueNotWorse,relative_plus_5,0.05,0.0,0.05,0.1960536539554596,0.1960536539554596,0.0,0.0,0,0,0,-1
gmsc,xgboost,37,NumberOfTime60-89DaysPastDueNotWorse,relative_plus_5,0.05,0.0,0.05,0.35266122221946716,0.35266122221946716,0.0,0.0,0,0,0,-1
gmsc,xgboost,38,NumberOfTime60-89DaysPastDueNotWorse,relative_plus_5,0.05,0.0,0.05,0.2510143518447876,0.2510143518447876,0.0,0.0,0,0,0,-1
gmsc,xgboost,39,NumberOfTime60-89DaysPastDueNotWorse,relative_plus_5,0.05,0.0,0.05,0.4371665418148041,0.4371665418148041,0.0,0.0,0,0,0,-1
gmsc,xgboost,40,NumberOfTime60-89DaysPastDueNotWorse,relative_plus_5,0.05,0.0,0.05,0.13587132096290588,0.13587132096290588,0.0,0.0,0,0,0,-1
gmsc,xgboost,41,NumberOfTime60-89DaysPastDueNotWorse,relative_plus_5,0.05,0.0,0.05,0.18514351546764374,0.18514351546764374,0.0,0.0,0,0,0,-1
gmsc,xgboost,42,NumberOfTime60-89DaysPastDueNotWorse,relative_plus_5,0.05,0.0,0.05,0.10479436814785004,0.10479436814785004,0.0,0.0,0,0,0,-1
gmsc,xgboost,43,NumberOfTime60-89DaysPastDueNotWorse,relative_plus_5,0.05,0.0,0.05,0.5401685833930969,0.5401685833930969,0.0,0.0,1,1,0,-1
gmsc,xgboost,44,NumberOfTime60-89DaysPastDueNotWorse,relative_plus_5,0.05,0.0,0.05,0.11184448003768921,0.11184448003768921,0.0,0.0,0,0,0,-1
gmsc,xgboost,45,NumberOfTime60-89DaysPastDueNotWorse,relative_plus_5,0.05,0.0,0.05,0.12677443027496338,0.12677443027496338,0.0,0.0,0,0,0,-1
gmsc,xgboost,46,NumberOfTime60-89DaysPastDueNotWorse,relative_plus_5,0.05,0.0,0.05,0.25457122921943665,0.25457122921943665,0.0,0.0,0,0,0,-1
gmsc,xgboost,47,NumberOfTime60-89DaysPastDueNotWorse,relative_plus_5,0.05,0.0,0.05,0.05936043709516525,0.05936043709516525,0.0,0.0,0,0,0,-1
gmsc,xgboost,48,NumberOfTime60-89DaysPastDueNotWorse,relative_plus_5,0.05,0.0,0.05,0.08543100953102112,0.08543100953102112,0.0,0.0,0,0,0,-1
gmsc,xgboost,49,NumberOfTime60-89DaysPastDueNotWorse,relative_plus_5,0.05,0.0,0.05,0.03611498698592186,0.03611498698592186,0.0,0.0,0,0,0,-1
gmsc,xgboost,50,NumberOfTime60-89DaysPastDueNotWorse,relative_plus_5,0.05,0.0,0.05,0.1643790304660797,0.1643790304660797,0.0,0.0,0,0,0,-1
gmsc,xgboost,51,NumberOfTime60-89DaysPastDueNotWorse,relative_plus_5,0.05,0.0,0.05,0.2535255253314972,0.2535255253314972,0.0,0.0,0,0,0,-1
gmsc,xgboost,52,NumberOfTime60-89DaysPastDueNotWorse,relative_plus_5,0.05,0.0,0.05,0.043543241918087006,0.043543241918087006,0.0,0.0,0,0,0,-1
gmsc,xgboost,53,NumberOfTime60-89DaysPastDueNotWorse,relative_plus_5,0.05,1.0,1.05,0.8459349870681763,0.8459349870681763,0.0,0.0,1,1,0,-1
gmsc,xgboost,54,NumberOfTime60-89DaysPastDueNotWorse,relative_plus_5,0.05,2.0,2.1,0.9326093792915344,0.9326093792915344,0.0,0.0,1,1,0,-1
gmsc,xgboost,55,NumberOfTime60-89DaysPastDueNotWorse,relative_plus_5,0.05,0.0,0.05,0.0761168822646141,0.0761168822646141,0.0,0.0,0,0,0,-1
gmsc,xgboost,56,NumberOfTime60-89DaysPastDueNotWorse,relative_plus_5,0.05,0.0,0.05,0.15863358974456787,0.15863358974456787,0.0,0.0,0,0,0,-1
gmsc,xgboost,57,NumberOfTime60-89DaysPastDueNotWorse,relative_plus_5,0.05,0.0,0.05,0.5884111523628235,0.5884111523628235,0.0,0.0,1,1,0,-1
gmsc,xgboost,58,NumberOfTime60-89DaysPastDueNotWorse,relative_plus_5,0.05,0.0,0.05,0.6777902245521545,0.6777902245521545,0.0,0.0,1,1,0,-1
gmsc,xgboost,59,NumberOfTime60-89DaysPastDueNotWorse,relative_plus_5,0.05,0.0,0.05,0.628955066204071,0.628955066204071,0.0,0.0,1,1,0,-1
gmsc,xgboost,60,NumberOfTime60-89DaysPastDueNotWorse,relative_plus_5,0.05,0.0,0.05,0.17468222975730896,0.17468222975730896,0.0,0.0,0,0,0,-1
gmsc,xgboost,61,NumberOfTime60-89DaysPastDueNotWorse,relative_plus_5,0.05,0.0,0.05,0.3342180848121643,0.3342180848121643,0.0,0.0,0,0,0,-1
gmsc,xgboost,62,NumberOfTime60-89DaysPastDueNotWorse,relative_plus_5,0.05,0.0,0.05,0.46969300508499146,0.46969300508499146,0.0,0.0,0,0,0,-1
gmsc,xgboost,63,NumberOfTime60-89DaysPastDueNotWorse,relative_plus_5,0.05,0.0,0.05,0.09234394878149033,0.09234394878149033,0.0,0.0,0,0,0,-1
gmsc,xgboost,64,NumberOfTime60-89DaysPastDueNotWorse,relative_plus_5,0.05,0.0,0.05,0.36687836050987244,0.36687836050987244,0.0,0.0,0,0,0,-1
gmsc,xgboost,65,NumberOfTime60-89DaysPastDueNotWorse,relative_plus_5,0.05,0.0,0.05,0.3751460015773773,0.3751460015773773,0.0,0.0,0,0,0,-1
gmsc,xgboost,66,NumberOfTime60-89DaysPastDueNotWorse,relative_plus_5,0.05,0.0,0.05,0.1265122890472412,0.1265122890472412,0.0,0.0,0,0,0,-1
gmsc,xgboost,67,NumberOfTime60-89DaysPastDueNotWorse,relative_plus_5,0.05,0.0,0.05,0.4232633113861084,0.4232633113861084,0.0,0.0,0,0,0,-1
gmsc,xgboost,68,NumberOfTime60-89DaysPastDueNotWorse,relative_plus_5,0.05,0.0,0.05,0.10810530185699463,0.10810530185699463,0.0,0.0,0,0,0,-1
gmsc,xgboost,69,NumberOfTime60-89DaysPastDueNotWorse,relative_plus_5,0.05,0.0,0.05,0.5635039806365967,0.5635039806365967,0.0,0.0,1,1,0,-1
gmsc,xgboost,70,NumberOfTime60-89DaysPastDueNotWorse,relative_plus_5,0.05,0.0,0.05,0.39893585443496704,0.39893585443496704,0.0,0.0,0,0,0,-1
gmsc,xgboost,71,NumberOfTime60-89DaysPastDueNotWorse,relative_plus_5,0.05,0.0,0.05,0.10639937967061996,0.10639937967061996,0.0,0.0,0,0,0,-1
gmsc,xgboost,72,NumberOfTime60-89DaysPastDueNotWorse,relative_plus_5,0.05,0.0,0.05,0.19083499908447266,0.19083499908447266,0.0,0.0,0,0,0,-1
gmsc,xgboost,73,NumberOfTime60-89DaysPastDueNotWorse,relative_plus_5,0.05,0.0,0.05,0.3986653685569763,0.3986653685569763,0.0,0.0,0,0,0,-1
gmsc,xgboost,74,NumberOfTime60-89DaysPastDueNotWorse,relative_plus_5,0.05,0.0,0.05,0.18615853786468506,0.18615853786468506,0.0,0.0,0,0,0,-1
gmsc,xgboost,75,NumberOfTime60-89DaysPastDueNotWorse,relative_plus_5,0.05,0.0,0.05,0.5547352433204651,0.5547352433204651,0.0,0.0,1,1,0,-1
gmsc,xgboost,76,NumberOfTime60-89DaysPastDueNotWorse,relative_plus_5,0.05,0.0,0.05,0.11016565561294556,0.11016565561294556,0.0,0.0,0,0,0,-1
gmsc,xgboost,77,NumberOfTime60-89DaysPastDueNotWorse,relative_plus_5,0.05,0.0,0.05,0.05538906157016754,0.05538906157016754,0.0,0.0,0,0,0,-1
gmsc,xgboost,78,NumberOfTime60-89DaysPastDueNotWorse,relative_plus_5,0.05,0.0,0.05,0.05751078575849533,0.05751078575849533,0.0,0.0,0,0,0,-1
gmsc,xgboost,79,NumberOfTime60-89DaysPastDueNotWorse,relative_plus_5,0.05,0.0,0.05,0.2844957709312439,0.2844957709312439,0.0,0.0,0,0,0,-1
gmsc,xgboost,80,NumberOfTime60-89DaysPastDueNotWorse,relative_plus_5,0.05,0.0,0.05,0.1406598836183548,0.1406598836183548,0.0,0.0,0,0,0,-1
gmsc,xgboost,81,NumberOfTime60-89DaysPastDueNotWorse,relative_plus_5,0.05,0.0,0.05,0.16070415079593658,0.16070415079593658,0.0,0.0,0,0,0,-1
gmsc,xgboost,82,NumberOfTime60-89DaysPastDueNotWorse,relative_plus_5,0.05,0.0,0.05,0.4081357717514038,0.4081357717514038,0.0,0.0,0,0,0,-1
gmsc,xgboost,83,NumberOfTime60-89DaysPastDueNotWorse,relative_plus_5,0.05,0.0,0.05,0.06326539814472198,0.06326539814472198,0.0,0.0,0,0,0,-1
gmsc,xgboost,84,NumberOfTime60-89DaysPastDueNotWorse,relative_plus_5,0.05,0.0,0.05,0.6416367292404175,0.6416367292404175,0.0,0.0,1,1,0,-1
gmsc,xgboost,85,NumberOfTime60-89DaysPastDueNotWorse,relative_plus_5,0.05,0.0,0.05,0.06614423543214798,0.06614423543214798,0.0,0.0,0,0,0,-1
gmsc,xgboost,86,NumberOfTime60-89DaysPastDueNotWorse,relative_plus_5,0.05,0.0,0.05,0.12697042524814606,0.12697042524814606,0.0,0.0,0,0,0,-1
gmsc,xgboost,87,NumberOfTime60-89DaysPastDueNotWorse,relative_plus_5,0.05,0.0,0.05,0.106936976313591,0.106936976313591,0.0,0.0,0,0,0,-1
gmsc,xgboost,88,NumberOfTime60-89DaysPastDueNotWorse,relative_plus_5,0.05,0.0,0.05,0.12650665640830994,0.12650665640830994,0.0,0.0,0,0,0,-1
gmsc,xgboost,89,NumberOfTime60-89DaysPastDueNotWorse,relative_plus_5,0.05,0.0,0.05,0.3815006911754608,0.3815006911754608,0.0,0.0,0,0,0,-1
gmsc,xgboost,90,NumberOfTime60-89DaysPastDueNotWorse,relative_plus_5,0.05,0.0,0.05,0.044368140399456024,0.044368140399456024,0.0,0.0,0,0,0,-1
gmsc,xgboost,91,NumberOfTime60-89DaysPastDueNotWorse,relative_plus_5,0.05,0.0,0.05,0.1482551395893097,0.1482551395893097,0.0,0.0,0,0,0,-1
gmsc,xgboost,92,NumberOfTime60-89DaysPastDueNotWorse,relative_plus_5,0.05,0.0,0.05,0.06322672218084335,0.06322672218084335,0.0,0.0,0,0,0,-1
gmsc,xgboost,93,NumberOfTime60-89DaysPastDueNotWorse,relative_plus_5,0.05,0.0,0.05,0.1017114520072937,0.1017114520072937,0.0,0.0,0,0,0,-1
gmsc,xgboost,94,NumberOfTime60-89DaysPastDueNotWorse,relative_plus_5,0.05,0.0,0.05,0.14927543699741364,0.14927543699741364,0.0,0.0,0,0,0,-1
gmsc,xgboost,95,NumberOfTime60-89DaysPastDueNotWorse,relative_plus_5,0.05,0.0,0.05,0.22754548490047455,0.22754548490047455,0.0,0.0,0,0,0,-1
gmsc,xgboost,96,NumberOfTime60-89DaysPastDueNotWorse,relative_plus_5,0.05,0.0,0.05,0.13160045444965363,0.13160045444965363,0.0,0.0,0,0,0,-1
gmsc,xgboost,97,NumberOfTime60-89DaysPastDueNotWorse,relative_plus_5,0.05,0.0,0.05,0.0985931009054184,0.0985931009054184,0.0,0.0,0,0,0,-1
gmsc,xgboost,98,NumberOfTime60-89DaysPastDueNotWorse,relative_plus_5,0.05,0.0,0.05,0.35479238629341125,0.35479238629341125,0.0,0.0,0,0,0,-1
gmsc,xgboost,99,NumberOfTime60-89DaysPastDueNotWorse,relative_plus_5,0.05,1.0,1.05,0.9183781147003174,0.9183781147003174,0.0,0.0,1,1,0,-1
gmsc,xgboost,0,NumberOfTime60-89DaysPastDueNotWorse,relative_minus_10,-0.1,0.0,0.1,0.08203070610761642,0.08203070610761642,0.0,0.0,0,0,0,-1
gmsc,xgboost,1,NumberOfTime60-89DaysPastDueNotWorse,relative_minus_10,-0.1,0.0,0.1,0.07381805032491684,0.07381805032491684,0.0,0.0,0,0,0,-1
gmsc,xgboost,2,NumberOfTime60-89DaysPastDueNotWorse,relative_minus_10,-0.1,0.0,0.1,0.057695530354976654,0.057695530354976654,0.0,0.0,0,0,0,-1
gmsc,xgboost,3,NumberOfTime60-89DaysPastDueNotWorse,relative_minus_10,-0.1,0.0,0.1,0.29744529724121094,0.29744529724121094,0.0,0.0,0,0,0,-1
gmsc,xgboost,4,NumberOfTime60-89DaysPastDueNotWorse,relative_minus_10,-0.1,0.0,0.1,0.10023795068264008,0.10023795068264008,0.0,0.0,0,0,0,-1
gmsc,xgboost,5,NumberOfTime60-89DaysPastDueNotWorse,relative_minus_10,-0.1,0.0,0.1,0.19237148761749268,0.19237148761749268,0.0,0.0,0,0,0,-1
gmsc,xgboost,6,NumberOfTime60-89DaysPastDueNotWorse,relative_minus_10,-0.1,0.0,0.1,0.2720617651939392,0.2720617651939392,0.0,0.0,0,0,0,-1
gmsc,xgboost,7,NumberOfTime60-89DaysPastDueNotWorse,relative_minus_10,-0.1,0.0,0.1,0.2072291374206543,0.2072291374206543,0.0,0.0,0,0,0,-1
gmsc,xgboost,8,NumberOfTime60-89DaysPastDueNotWorse,relative_minus_10,-0.1,0.0,0.1,0.14596141874790192,0.14596141874790192,0.0,0.0,0,0,0,-1
gmsc,xgboost,9,NumberOfTime60-89DaysPastDueNotWorse,relative_minus_10,-0.1,0.0,0.1,0.3907460570335388,0.3907460570335388,0.0,0.0,0,0,0,-1
gmsc,xgboost,10,NumberOfTime60-89DaysPastDueNotWorse,relative_minus_10,-0.1,0.0,0.1,0.43983033299446106,0.43983033299446106,0.0,0.0,0,0,0,-1
gmsc,xgboost,11,NumberOfTime60-89DaysPastDueNotWorse,relative_minus_10,-0.1,0.0,0.1,0.2212306559085846,0.2212306559085846,0.0,0.0,0,0,0,-1
gmsc,xgboost,12,NumberOfTime60-89DaysPastDueNotWorse,relative_minus_10,-0.1,0.0,0.1,0.034909687936306,0.034909687936306,0.0,0.0,0,0,0,-1
gmsc,xgboost,13,NumberOfTime60-89DaysPastDueNotWorse,relative_minus_10,-0.1,0.0,0.1,0.8862441778182983,0.8862441778182983,0.0,0.0,1,1,0,-1
gmsc,xgboost,14,NumberOfTime60-89DaysPastDueNotWorse,relative_minus_10,-0.1,0.0,0.1,0.30772891640663147,0.30772891640663147,0.0,0.0,0,0,0,-1
gmsc,xgboost,15,NumberOfTime60-89DaysPastDueNotWorse,relative_minus_10,-0.1,0.0,0.1,0.2524952292442322,0.2524952292442322,0.0,0.0,0,0,0,-1
gmsc,xgboost,16,NumberOfTime60-89DaysPastDueNotWorse,relative_minus_10,-0.1,0.0,0.1,0.48664188385009766,0.48664188385009766,0.0,0.0,0,0,0,-1
gmsc,xgboost,17,NumberOfTime60-89DaysPastDueNotWorse,relative_minus_10,-0.1,0.0,0.1,0.09193970263004303,0.09193970263004303,0.0,0.0,0,0,0,-1
gmsc,xgboost,18,NumberOfTime60-89DaysPastDueNotWorse,relative_minus_10,-0.1,0.0,0.1,0.3769620656967163,0.3769620656967163,0.0,0.0,0,0,0,-1
gmsc,xgboost,19,NumberOfTime60-89DaysPastDueNotWorse,relative_minus_10,-0.1,0.0,0.1,0.21186602115631104,0.21186602115631104,0.0,0.0,0,0,0,-1
gmsc,xgboost,20,NumberOfTime60-89DaysPastDueNotWorse,relative_minus_10,-0.1,0.0,0.1,0.04993200674653053,0.04993200674653053,0.0,0.0,0,0,0,-1
gmsc,xgboost,21,NumberOfTime60-89DaysPastDueNotWorse,relative_minus_10,-0.1,0.0,0.1,0.08262580633163452,0.08262580633163452,0.0,0.0,0,0,0,-1
gmsc,xgboost,22,NumberOfTime60-89DaysPastDueNotWorse,relative_minus_10,-0.1,0.0,0.1,0.06402596086263657,0.06402596086263657,0.0,0.0,0,0,0,-1
gmsc,xgboost,23,NumberOfTime60-89DaysPastDueNotWorse,relative_minus_10,-0.1,0.0,0.1,0.08952450007200241,0.08952450007200241,0.0,0.0,0,0,0,-1
gmsc,xgboost,24,NumberOfTime60-89DaysPastDueNotWorse,relative_minus_10,-0.1,0.0,0.1,0.034259602427482605,0.034259602427482605,0.0,0.0,0,0,0,-1
gmsc,xgboost,25,NumberOfTime60-89DaysPastDueNotWorse,relative_minus_10,-0.1,0.0,0.1,0.49923714995384216,0.49923714995384216,0.0,0.0,0,0,0,-1
gmsc,xgboost,26,NumberOfTime60-89DaysPastDueNotWorse,relative_minus_10,-0.1,0.0,0.1,0.46355003118515015,0.46355003118515015,0.0,0.0,0,0,0,-1
gmsc,xgboost,27,NumberOfTime60-89DaysPastDueNotWorse,relative_minus_10,-0.1,0.0,0.1,0.16462162137031555,0.16462162137031555,0.0,0.0,0,0,0,-1
gmsc,xgboost,28,NumberOfTime60-89DaysPastDueNotWorse,relative_minus_10,-0.1,0.0,0.1,0.222405344247818,0.222405344247818,0.0,0.0,0,0,0,-1
gmsc,xgboost,29,NumberOfTime60-89DaysPastDueNotWorse,relative_minus_10,-0.1,0.0,0.1,0.06126169487833977,0.06126169487833977,0.0,0.0,0,0,0,-1
gmsc,xgboost,30,NumberOfTime60-89DaysPastDueNotWorse,relative_minus_10,-0.1,0.0,0.1,0.25775110721588135,0.25775110721588135,0.0,0.0,0,0,0,-1
gmsc,xgboost,31,NumberOfTime60-89DaysPastDueNotWorse,relative_minus_10,-0.1,0.0,0.1,0.14284415543079376,0.14284415543079376,0.0,0.0,0,0,0,-1
gmsc,xgboost,32,NumberOfTime60-89DaysPastDueNotWorse,relative_minus_10,-0.1,0.0,0.1,0.1354866921901703,0.1354866921901703,0.0,0.0,0,0,0,-1
gmsc,xgboost,33,NumberOfTime60-89DaysPastDueNotWorse,relative_minus_10,-0.1,0.0,0.1,0.0799889788031578,0.0799889788031578,0.0,0.0,0,0,0,-1
gmsc,xgboost,34,NumberOfTime60-89DaysPastDueNotWorse,relative_minus_10,-0.1,0.0,0.1,0.5890139937400818,0.5890139937400818,0.0,0.0,1,1,0,-1
gmsc,xgboost,35,NumberOfTime60-89DaysPastDueNotWorse,relative_minus_10,-0.1,0.0,0.1,0.7353684902191162,0.7353684902191162,0.0,0.0,1,1,0,-1
gmsc,xgboost,36,NumberOfTime60-89DaysPastDueNotWorse,relative_minus_10,-0.1,0.0,0.1,0.1960536539554596,0.1960536539554596,0.0,0.0,0,0,0,-1
gmsc,xgboost,37,NumberOfTime60-89DaysPastDueNotWorse,relative_minus_10,-0.1,0.0,0.1,0.35266122221946716,0.35266122221946716,0.0,0.0,0,0,0,-1
gmsc,xgboost,38,NumberOfTime60-89DaysPastDueNotWorse,relative_minus_10,-0.1,0.0,0.1,0.2510143518447876,0.2510143518447876,0.0,0.0,0,0,0,-1
gmsc,xgboost,39,NumberOfTime60-89DaysPastDueNotWorse,relative_minus_10,-0.1,0.0,0.1,0.4371665418148041,0.4371665418148041,0.0,0.0,0,0,0,-1
gmsc,xgboost,40,NumberOfTime60-89DaysPastDueNotWorse,relative_minus_10,-0.1,0.0,0.1,0.13587132096290588,0.13587132096290588,0.0,0.0,0,0,0,-1
gmsc,xgboost,41,NumberOfTime60-89DaysPastDueNotWorse,relative_minus_10,-0.1,0.0,0.1,0.18514351546764374,0.18514351546764374,0.0,0.0,0,0,0,-1
gmsc,xgboost,42,NumberOfTime60-89DaysPastDueNotWorse,relative_minus_10,-0.1,0.0,0.1,0.10479436814785004,0.10479436814785004,0.0,0.0,0,0,0,-1
gmsc,xgboost,43,NumberOfTime60-89DaysPastDueNotWorse,relative_minus_10,-0.1,0.0,0.1,0.5401685833930969,0.5401685833930969,0.0,0.0,1,1,0,-1
gmsc,xgboost,44,NumberOfTime60-89DaysPastDueNotWorse,relative_minus_10,-0.1,0.0,0.1,0.11184448003768921,0.11184448003768921,0.0,0.0,0,0,0,-1
gmsc,xgboost,45,NumberOfTime60-89DaysPastDueNotWorse,relative_minus_10,-0.1,0.0,0.1,0.12677443027496338,0.12677443027496338,0.0,0.0,0,0,0,-1
gmsc,xgboost,46,NumberOfTime60-89DaysPastDueNotWorse,relative_minus_10,-0.1,0.0,0.1,0.25457122921943665,0.25457122921943665,0.0,0.0,0,0,0,-1
gmsc,xgboost,47,NumberOfTime60-89DaysPastDueNotWorse,relative_minus_10,-0.1,0.0,0.1,0.05936043709516525,0.05936043709516525,0.0,0.0,0,0,0,-1
gmsc,xgboost,48,NumberOfTime60-89DaysPastDueNotWorse,relative_minus_10,-0.1,0.0,0.1,0.08543100953102112,0.08543100953102112,0.0,0.0,0,0,0,-1
gmsc,xgboost,49,NumberOfTime60-89DaysPastDueNotWorse,relative_minus_10,-0.1,0.0,0.1,0.03611498698592186,0.03611498698592186,0.0,0.0,0,0,0,-1
gmsc,xgboost,50,NumberOfTime60-89DaysPastDueNotWorse,relative_minus_10,-0.1,0.0,0.1,0.1643790304660797,0.1643790304660797,0.0,0.0,0,0,0,-1
gmsc,xgboost,51,NumberOfTime60-89DaysPastDueNotWorse,relative_minus_10,-0.1,0.0,0.1,0.2535255253314972,0.2535255253314972,0.0,0.0,0,0,0,-1
gmsc,xgboost,52,NumberOfTime60-89DaysPastDueNotWorse,relative_minus_10,-0.1,0.0,0.1,0.043543241918087006,0.043543241918087006,0.0,0.0,0,0,0,-1
gmsc,xgboost,53,NumberOfTime60-89DaysPastDueNotWorse,relative_minus_10,-0.1,1.0,1.1,0.8459349870681763,0.8459349870681763,0.0,0.0,1,1,0,-1
gmsc,xgboost,54,NumberOfTime60-89DaysPastDueNotWorse,relative_minus_10,-0.1,2.0,2.2,0.9326093792915344,0.9326093792915344,0.0,0.0,1,1,0,-1
gmsc,xgboost,55,NumberOfTime60-89DaysPastDueNotWorse,relative_minus_10,-0.1,0.0,0.1,0.0761168822646141,0.0761168822646141,0.0,0.0,0,0,0,-1
gmsc,xgboost,56,NumberOfTime60-89DaysPastDueNotWorse,relative_minus_10,-0.1,0.0,0.1,0.15863358974456787,0.15863358974456787,0.0,0.0,0,0,0,-1
gmsc,xgboost,57,NumberOfTime60-89DaysPastDueNotWorse,relative_minus_10,-0.1,0.0,0.1,0.5884111523628235,0.5884111523628235,0.0,0.0,1,1,0,-1
gmsc,xgboost,58,NumberOfTime60-89DaysPastDueNotWorse,relative_minus_10,-0.1,0.0,0.1,0.6777902245521545,0.6777902245521545,0.0,0.0,1,1,0,-1
gmsc,xgboost,59,NumberOfTime60-89DaysPastDueNotWorse,relative_minus_10,-0.1,0.0,0.1,0.628955066204071,0.628955066204071,0.0,0.0,1,1,0,-1
gmsc,xgboost,60,NumberOfTime60-89DaysPastDueNotWorse,relative_minus_10,-0.1,0.0,0.1,0.17468222975730896,0.17468222975730896,0.0,0.0,0,0,0,-1
gmsc,xgboost,61,NumberOfTime60-89DaysPastDueNotWorse,relative_minus_10,-0.1,0.0,0.1,0.3342180848121643,0.3342180848121643,0.0,0.0,0,0,0,-1
gmsc,xgboost,62,NumberOfTime60-89DaysPastDueNotWorse,relative_minus_10,-0.1,0.0,0.1,0.46969300508499146,0.46969300508499146,0.0,0.0,0,0,0,-1
gmsc,xgboost,63,NumberOfTime60-89DaysPastDueNotWorse,relative_minus_10,-0.1,0.0,0.1,0.09234394878149033,0.09234394878149033,0.0,0.0,0,0,0,-1
gmsc,xgboost,64,NumberOfTime60-89DaysPastDueNotWorse,relative_minus_10,-0.1,0.0,0.1,0.36687836050987244,0.36687836050987244,0.0,0.0,0,0,0,-1
gmsc,xgboost,65,NumberOfTime60-89DaysPastDueNotWorse,relative_minus_10,-0.1,0.0,0.1,0.3751460015773773,0.3751460015773773,0.0,0.0,0,0,0,-1
gmsc,xgboost,66,NumberOfTime60-89DaysPastDueNotWorse,relative_minus_10,-0.1,0.0,0.1,0.1265122890472412,0.1265122890472412,0.0,0.0,0,0,0,-1
gmsc,xgboost,67,NumberOfTime60-89DaysPastDueNotWorse,relative_minus_10,-0.1,0.0,0.1,0.4232633113861084,0.4232633113861084,0.0,0.0,0,0,0,-1
gmsc,xgboost,68,NumberOfTime60-89DaysPastDueNotWorse,relative_minus_10,-0.1,0.0,0.1,0.10810530185699463,0.10810530185699463,0.0,0.0,0,0,0,-1
gmsc,xgboost,69,NumberOfTime60-89DaysPastDueNotWorse,relative_minus_10,-0.1,0.0,0.1,0.5635039806365967,0.5635039806365967,0.0,0.0,1,1,0,-1
gmsc,xgboost,70,NumberOfTime60-89DaysPastDueNotWorse,relative_minus_10,-0.1,0.0,0.1,0.39893585443496704,0.39893585443496704,0.0,0.0,0,0,0,-1
gmsc,xgboost,71,NumberOfTime60-89DaysPastDueNotWorse,relative_minus_10,-0.1,0.0,0.1,0.10639937967061996,0.10639937967061996,0.0,0.0,0,0,0,-1
gmsc,xgboost,72,NumberOfTime60-89DaysPastDueNotWorse,relative_minus_10,-0.1,0.0,0.1,0.19083499908447266,0.19083499908447266,0.0,0.0,0,0,0,-1
gmsc,xgboost,73,NumberOfTime60-89DaysPastDueNotWorse,relative_minus_10,-0.1,0.0,0.1,0.3986653685569763,0.3986653685569763,0.0,0.0,0,0,0,-1
gmsc,xgboost,74,NumberOfTime60-89DaysPastDueNotWorse,relative_minus_10,-0.1,0.0,0.1,0.18615853786468506,0.18615853786468506,0.0,0.0,0,0,0,-1
gmsc,xgboost,75,NumberOfTime60-89DaysPastDueNotWorse,relative_minus_10,-0.1,0.0,0.1,0.5547352433204651,0.5547352433204651,0.0,0.0,1,1,0,-1
gmsc,xgboost,76,NumberOfTime60-89DaysPastDueNotWorse,relative_minus_10,-0.1,0.0,0.1,0.11016565561294556,0.11016565561294556,0.0,0.0,0,0,0,-1
gmsc,xgboost,77,NumberOfTime60-89DaysPastDueNotWorse,relative_minus_10,-0.1,0.0,0.1,0.05538906157016754,0.05538906157016754,0.0,0.0,0,0,0,-1
gmsc,xgboost,78,NumberOfTime60-89DaysPastDueNotWorse,relative_minus_10,-0.1,0.0,0.1,0.05751078575849533,0.05751078575849533,0.0,0.0,0,0,0,-1
gmsc,xgboost,79,NumberOfTime60-89DaysPastDueNotWorse,relative_minus_10,-0.1,0.0,0.1,0.2844957709312439,0.2844957709312439,0.0,0.0,0,0,0,-1
gmsc,xgboost,80,NumberOfTime60-89DaysPastDueNotWorse,relative_minus_10,-0.1,0.0,0.1,0.1406598836183548,0.1406598836183548,0.0,0.0,0,0,0,-1
gmsc,xgboost,81,NumberOfTime60-89DaysPastDueNotWorse,relative_minus_10,-0.1,0.0,0.1,0.16070415079593658,0.16070415079593658,0.0,0.0,0,0,0,-1
gmsc,xgboost,82,NumberOfTime60-89DaysPastDueNotWorse,relative_minus_10,-0.1,0.0,0.1,0.4081357717514038,0.4081357717514038,0.0,0.0,0,0,0,-1
gmsc,xgboost,83,NumberOfTime60-89DaysPastDueNotWorse,relative_minus_10,-0.1,0.0,0.1,0.06326539814472198,0.06326539814472198,0.0,0.0,0,0,0,-1
gmsc,xgboost,84,NumberOfTime60-89DaysPastDueNotWorse,relative_minus_10,-0.1,0.0,0.1,0.6416367292404175,0.6416367292404175,0.0,0.0,1,1,0,-1
gmsc,xgboost,85,NumberOfTime60-89DaysPastDueNotWorse,relative_minus_10,-0.1,0.0,0.1,0.06614423543214798,0.06614423543214798,0.0,0.0,0,0,0,-1
gmsc,xgboost,86,NumberOfTime60-89DaysPastDueNotWorse,relative_minus_10,-0.1,0.0,0.1,0.12697042524814606,0.12697042524814606,0.0,0.0,0,0,0,-1
gmsc,xgboost,87,NumberOfTime60-89DaysPastDueNotWorse,relative_minus_10,-0.1,0.0,0.1,0.106936976313591,0.106936976313591,0.0,0.0,0,0,0,-1
gmsc,xgboost,88,NumberOfTime60-89DaysPastDueNotWorse,relative_minus_10,-0.1,0.0,0.1,0.12650665640830994,0.12650665640830994,0.0,0.0,0,0,0,-1
gmsc,xgboost,89,NumberOfTime60-89DaysPastDueNotWorse,relative_minus_10,-0.1,0.0,0.1,0.3815006911754608,0.3815006911754608,0.0,0.0,0,0,0,-1
gmsc,xgboost,90,NumberOfTime60-89DaysPastDueNotWorse,relative_minus_10,-0.1,0.0,0.1,0.044368140399456024,0.044368140399456024,0.0,0.0,0,0,0,-1
gmsc,xgboost,91,NumberOfTime60-89DaysPastDueNotWorse,relative_minus_10,-0.1,0.0,0.1,0.1482551395893097,0.1482551395893097,0.0,0.0,0,0,0,-1
gmsc,xgboost,92,NumberOfTime60-89DaysPastDueNotWorse,relative_minus_10,-0.1,0.0,0.1,0.06322672218084335,0.06322672218084335,0.0,0.0,0,0,0,-1
gmsc,xgboost,93,NumberOfTime60-89DaysPastDueNotWorse,relative_minus_10,-0.1,0.0,0.1,0.1017114520072937,0.1017114520072937,0.0,0.0,0,0,0,-1
gmsc,xgboost,94,NumberOfTime60-89DaysPastDueNotWorse,relative_minus_10,-0.1,0.0,0.1,0.14927543699741364,0.14927543699741364,0.0,0.0,0,0,0,-1
gmsc,xgboost,95,NumberOfTime60-89DaysPastDueNotWorse,relative_minus_10,-0.1,0.0,0.1,0.22754548490047455,0.22754548490047455,0.0,0.0,0,0,0,-1
gmsc,xgboost,96,NumberOfTime60-89DaysPastDueNotWorse,relative_minus_10,-0.1,0.0,0.1,0.13160045444965363,0.13160045444965363,0.0,0.0,0,0,0,-1
gmsc,xgboost,97,NumberOfTime60-89DaysPastDueNotWorse,relative_minus_10,-0.1,0.0,0.1,0.0985931009054184,0.0985931009054184,0.0,0.0,0,0,0,-1
gmsc,xgboost,98,NumberOfTime60-89DaysPastDueNotWorse,relative_minus_10,-0.1,0.0,0.1,0.35479238629341125,0.35479238629341125,0.0,0.0,0,0,0,-1
gmsc,xgboost,99,NumberOfTime60-89DaysPastDueNotWorse,relative_minus_10,-0.1,1.0,1.1,0.9183781147003174,0.9183781147003174,0.0,0.0,1,1,0,-1
gmsc,xgboost,0,NumberOfTime60-89DaysPastDueNotWorse,relative_plus_10,0.1,0.0,0.1,0.08203070610761642,0.08203070610761642,0.0,0.0,0,0,0,-1
gmsc,xgboost,1,NumberOfTime60-89DaysPastDueNotWorse,relative_plus_10,0.1,0.0,0.1,0.07381805032491684,0.07381805032491684,0.0,0.0,0,0,0,-1
gmsc,xgboost,2,NumberOfTime60-89DaysPastDueNotWorse,relative_plus_10,0.1,0.0,0.1,0.057695530354976654,0.057695530354976654,0.0,0.0,0,0,0,-1
gmsc,xgboost,3,NumberOfTime60-89DaysPastDueNotWorse,relative_plus_10,0.1,0.0,0.1,0.29744529724121094,0.29744529724121094,0.0,0.0,0,0,0,-1
gmsc,xgboost,4,NumberOfTime60-89DaysPastDueNotWorse,relative_plus_10,0.1,0.0,0.1,0.10023795068264008,0.10023795068264008,0.0,0.0,0,0,0,-1
gmsc,xgboost,5,NumberOfTime60-89DaysPastDueNotWorse,relative_plus_10,0.1,0.0,0.1,0.19237148761749268,0.19237148761749268,0.0,0.0,0,0,0,-1
gmsc,xgboost,6,NumberOfTime60-89DaysPastDueNotWorse,relative_plus_10,0.1,0.0,0.1,0.2720617651939392,0.2720617651939392,0.0,0.0,0,0,0,-1
gmsc,xgboost,7,NumberOfTime60-89DaysPastDueNotWorse,relative_plus_10,0.1,0.0,0.1,0.2072291374206543,0.2072291374206543,0.0,0.0,0,0,0,-1
gmsc,xgboost,8,NumberOfTime60-89DaysPastDueNotWorse,relative_plus_10,0.1,0.0,0.1,0.14596141874790192,0.14596141874790192,0.0,0.0,0,0,0,-1
gmsc,xgboost,9,NumberOfTime60-89DaysPastDueNotWorse,relative_plus_10,0.1,0.0,0.1,0.3907460570335388,0.3907460570335388,0.0,0.0,0,0,0,-1
gmsc,xgboost,10,NumberOfTime60-89DaysPastDueNotWorse,relative_plus_10,0.1,0.0,0.1,0.43983033299446106,0.43983033299446106,0.0,0.0,0,0,0,-1
gmsc,xgboost,11,NumberOfTime60-89DaysPastDueNotWorse,relative_plus_10,0.1,0.0,0.1,0.2212306559085846,0.2212306559085846,0.0,0.0,0,0,0,-1
gmsc,xgboost,12,NumberOfTime60-89DaysPastDueNotWorse,relative_plus_10,0.1,0.0,0.1,0.034909687936306,0.034909687936306,0.0,0.0,0,0,0,-1
gmsc,xgboost,13,NumberOfTime60-89DaysPastDueNotWorse,relative_plus_10,0.1,0.0,0.1,0.8862441778182983,0.8862441778182983,0.0,0.0,1,1,0,-1
gmsc,xgboost,14,NumberOfTime60-89DaysPastDueNotWorse,relative_plus_10,0.1,0.0,0.1,0.30772891640663147,0.30772891640663147,0.0,0.0,0,0,0,-1
gmsc,xgboost,15,NumberOfTime60-89DaysPastDueNotWorse,relative_plus_10,0.1,0.0,0.1,0.2524952292442322,0.2524952292442322,0.0,0.0,0,0,0,-1
gmsc,xgboost,16,NumberOfTime60-89DaysPastDueNotWorse,relative_plus_10,0.1,0.0,0.1,0.48664188385009766,0.48664188385009766,0.0,0.0,0,0,0,-1
gmsc,xgboost,17,NumberOfTime60-89DaysPastDueNotWorse,relative_plus_10,0.1,0.0,0.1,0.09193970263004303,0.09193970263004303,0.0,0.0,0,0,0,-1
gmsc,xgboost,18,NumberOfTime60-89DaysPastDueNotWorse,relative_plus_10,0.1,0.0,0.1,0.3769620656967163,0.3769620656967163,0.0,0.0,0,0,0,-1
gmsc,xgboost,19,NumberOfTime60-89DaysPastDueNotWorse,relative_plus_10,0.1,0.0,0.1,0.21186602115631104,0.21186602115631104,0.0,0.0,0,0,0,-1
gmsc,xgboost,20,NumberOfTime60-89DaysPastDueNotWorse,relative_plus_10,0.1,0.0,0.1,0.04993200674653053,0.04993200674653053,0.0,0.0,0,0,0,-1
gmsc,xgboost,21,NumberOfTime60-89DaysPastDueNotWorse,relative_plus_10,0.1,0.0,0.1,0.08262580633163452,0.08262580633163452,0.0,0.0,0,0,0,-1
gmsc,xgboost,22,NumberOfTime60-89DaysPastDueNotWorse,relative_plus_10,0.1,0.0,0.1,0.06402596086263657,0.06402596086263657,0.0,0.0,0,0,0,-1
gmsc,xgboost,23,NumberOfTime60-89DaysPastDueNotWorse,relative_plus_10,0.1,0.0,0.1,0.08952450007200241,0.08952450007200241,0.0,0.0,0,0,0,-1
gmsc,xgboost,24,NumberOfTime60-89DaysPastDueNotWorse,relative_plus_10,0.1,0.0,0.1,0.034259602427482605,0.034259602427482605,0.0,0.0,0,0,0,-1
gmsc,xgboost,25,NumberOfTime60-89DaysPastDueNotWorse,relative_plus_10,0.1,0.0,0.1,0.49923714995384216,0.49923714995384216,0.0,0.0,0,0,0,-1
gmsc,xgboost,26,NumberOfTime60-89DaysPastDueNotWorse,relative_plus_10,0.1,0.0,0.1,0.46355003118515015,0.46355003118515015,0.0,0.0,0,0,0,-1
gmsc,xgboost,27,NumberOfTime60-89DaysPastDueNotWorse,relative_plus_10,0.1,0.0,0.1,0.16462162137031555,0.16462162137031555,0.0,0.0,0,0,0,-1
gmsc,xgboost,28,NumberOfTime60-89DaysPastDueNotWorse,relative_plus_10,0.1,0.0,0.1,0.222405344247818,0.222405344247818,0.0,0.0,0,0,0,-1
gmsc,xgboost,29,NumberOfTime60-89DaysPastDueNotWorse,relative_plus_10,0.1,0.0,0.1,0.06126169487833977,0.06126169487833977,0.0,0.0,0,0,0,-1
gmsc,xgboost,30,NumberOfTime60-89DaysPastDueNotWorse,relative_plus_10,0.1,0.0,0.1,0.25775110721588135,0.25775110721588135,0.0,0.0,0,0,0,-1
gmsc,xgboost,31,NumberOfTime60-89DaysPastDueNotWorse,relative_plus_10,0.1,0.0,0.1,0.14284415543079376,0.14284415543079376,0.0,0.0,0,0,0,-1
gmsc,xgboost,32,NumberOfTime60-89DaysPastDueNotWorse,relative_plus_10,0.1,0.0,0.1,0.1354866921901703,0.1354866921901703,0.0,0.0,0,0,0,-1
gmsc,xgboost,33,NumberOfTime60-89DaysPastDueNotWorse,relative_plus_10,0.1,0.0,0.1,0.0799889788031578,0.0799889788031578,0.0,0.0,0,0,0,-1
gmsc,xgboost,34,NumberOfTime60-89DaysPastDueNotWorse,relative_plus_10,0.1,0.0,0.1,0.5890139937400818,0.5890139937400818,0.0,0.0,1,1,0,-1
gmsc,xgboost,35,NumberOfTime60-89DaysPastDueNotWorse,relative_plus_10,0.1,0.0,0.1,0.7353684902191162,0.7353684902191162,0.0,0.0,1,1,0,-1
gmsc,xgboost,36,NumberOfTime60-89DaysPastDueNotWorse,relative_plus_10,0.1,0.0,0.1,0.1960536539554596,0.1960536539554596,0.0,0.0,0,0,0,-1
gmsc,xgboost,37,NumberOfTime60-89DaysPastDueNotWorse,relative_plus_10,0.1,0.0,0.1,0.35266122221946716,0.35266122221946716,0.0,0.0,0,0,0,-1
gmsc,xgboost,38,NumberOfTime60-89DaysPastDueNotWorse,relative_plus_10,0.1,0.0,0.1,0.2510143518447876,0.2510143518447876,0.0,0.0,0,0,0,-1
gmsc,xgboost,39,NumberOfTime60-89DaysPastDueNotWorse,relative_plus_10,0.1,0.0,0.1,0.4371665418148041,0.4371665418148041,0.0,0.0,0,0,0,-1
gmsc,xgboost,40,NumberOfTime60-89DaysPastDueNotWorse,relative_plus_10,0.1,0.0,0.1,0.13587132096290588,0.13587132096290588,0.0,0.0,0,0,0,-1
gmsc,xgboost,41,NumberOfTime60-89DaysPastDueNotWorse,relative_plus_10,0.1,0.0,0.1,0.18514351546764374,0.18514351546764374,0.0,0.0,0,0,0,-1
gmsc,xgboost,42,NumberOfTime60-89DaysPastDueNotWorse,relative_plus_10,0.1,0.0,0.1,0.10479436814785004,0.10479436814785004,0.0,0.0,0,0,0,-1
gmsc,xgboost,43,NumberOfTime60-89DaysPastDueNotWorse,relative_plus_10,0.1,0.0,0.1,0.5401685833930969,0.5401685833930969,0.0,0.0,1,1,0,-1
gmsc,xgboost,44,NumberOfTime60-89DaysPastDueNotWorse,relative_plus_10,0.1,0.0,0.1,0.11184448003768921,0.11184448003768921,0.0,0.0,0,0,0,-1
gmsc,xgboost,45,NumberOfTime60-89DaysPastDueNotWorse,relative_plus_10,0.1,0.0,0.1,0.12677443027496338,0.12677443027496338,0.0,0.0,0,0,0,-1
gmsc,xgboost,46,NumberOfTime60-89DaysPastDueNotWorse,relative_plus_10,0.1,0.0,0.1,0.25457122921943665,0.25457122921943665,0.0,0.0,0,0,0,-1
gmsc,xgboost,47,NumberOfTime60-89DaysPastDueNotWorse,relative_plus_10,0.1,0.0,0.1,0.05936043709516525,0.05936043709516525,0.0,0.0,0,0,0,-1
gmsc,xgboost,48,NumberOfTime60-89DaysPastDueNotWorse,relative_plus_10,0.1,0.0,0.1,0.08543100953102112,0.08543100953102112,0.0,0.0,0,0,0,-1
gmsc,xgboost,49,NumberOfTime60-89DaysPastDueNotWorse,relative_plus_10,0.1,0.0,0.1,0.03611498698592186,0.03611498698592186,0.0,0.0,0,0,0,-1
gmsc,xgboost,50,NumberOfTime60-89DaysPastDueNotWorse,relative_plus_10,0.1,0.0,0.1,0.1643790304660797,0.1643790304660797,0.0,0.0,0,0,0,-1
gmsc,xgboost,51,NumberOfTime60-89DaysPastDueNotWorse,relative_plus_10,0.1,0.0,0.1,0.2535255253314972,0.2535255253314972,0.0,0.0,0,0,0,-1
gmsc,xgboost,52,NumberOfTime60-89DaysPastDueNotWorse,relative_plus_10,0.1,0.0,0.1,0.043543241918087006,0.043543241918087006,0.0,0.0,0,0,0,-1
gmsc,xgboost,53,NumberOfTime60-89DaysPastDueNotWorse,relative_plus_10,0.1,1.0,1.1,0.8459349870681763,0.8459349870681763,0.0,0.0,1,1,0,-1
gmsc,xgboost,54,NumberOfTime60-89DaysPastDueNotWorse,relative_plus_10,0.1,2.0,2.2,0.9326093792915344,0.9326093792915344,0.0,0.0,1,1,0,-1
gmsc,xgboost,55,NumberOfTime60-89DaysPastDueNotWorse,relative_plus_10,0.1,0.0,0.1,0.0761168822646141,0.0761168822646141,0.0,0.0,0,0,0,-1
gmsc,xgboost,56,NumberOfTime60-89DaysPastDueNotWorse,relative_plus_10,0.1,0.0,0.1,0.15863358974456787,0.15863358974456787,0.0,0.0,0,0,0,-1
gmsc,xgboost,57,NumberOfTime60-89DaysPastDueNotWorse,relative_plus_10,0.1,0.0,0.1,0.5884111523628235,0.5884111523628235,0.0,0.0,1,1,0,-1
gmsc,xgboost,58,NumberOfTime60-89DaysPastDueNotWorse,relative_plus_10,0.1,0.0,0.1,0.6777902245521545,0.6777902245521545,0.0,0.0,1,1,0,-1
gmsc,xgboost,59,NumberOfTime60-89DaysPastDueNotWorse,relative_plus_10,0.1,0.0,0.1,0.628955066204071,0.628955066204071,0.0,0.0,1,1,0,-1
gmsc,xgboost,60,NumberOfTime60-89DaysPastDueNotWorse,relative_plus_10,0.1,0.0,0.1,0.17468222975730896,0.17468222975730896,0.0,0.0,0,0,0,-1
gmsc,xgboost,61,NumberOfTime60-89DaysPastDueNotWorse,relative_plus_10,0.1,0.0,0.1,0.3342180848121643,0.3342180848121643,0.0,0.0,0,0,0,-1
gmsc,xgboost,62,NumberOfTime60-89DaysPastDueNotWorse,relative_plus_10,0.1,0.0,0.1,0.46969300508499146,0.46969300508499146,0.0,0.0,0,0,0,-1
gmsc,xgboost,63,NumberOfTime60-89DaysPastDueNotWorse,relative_plus_10,0.1,0.0,0.1,0.09234394878149033,0.09234394878149033,0.0,0.0,0,0,0,-1
gmsc,xgboost,64,NumberOfTime60-89DaysPastDueNotWorse,relative_plus_10,0.1,0.0,0.1,0.36687836050987244,0.36687836050987244,0.0,0.0,0,0,0,-1
gmsc,xgboost,65,NumberOfTime60-89DaysPastDueNotWorse,relative_plus_10,0.1,0.0,0.1,0.3751460015773773,0.3751460015773773,0.0,0.0,0,0,0,-1
gmsc,xgboost,66,NumberOfTime60-89DaysPastDueNotWorse,relative_plus_10,0.1,0.0,0.1,0.1265122890472412,0.1265122890472412,0.0,0.0,0,0,0,-1
gmsc,xgboost,67,NumberOfTime60-89DaysPastDueNotWorse,relative_plus_10,0.1,0.0,0.1,0.4232633113861084,0.4232633113861084,0.0,0.0,0,0,0,-1
gmsc,xgboost,68,NumberOfTime60-89DaysPastDueNotWorse,relative_plus_10,0.1,0.0,0.1,0.10810530185699463,0.10810530185699463,0.0,0.0,0,0,0,-1
gmsc,xgboost,69,NumberOfTime60-89DaysPastDueNotWorse,relative_plus_10,0.1,0.0,0.1,0.5635039806365967,0.5635039806365967,0.0,0.0,1,1,0,-1
gmsc,xgboost,70,NumberOfTime60-89DaysPastDueNotWorse,relative_plus_10,0.1,0.0,0.1,0.39893585443496704,0.39893585443496704,0.0,0.0,0,0,0,-1
gmsc,xgboost,71,NumberOfTime60-89DaysPastDueNotWorse,relative_plus_10,0.1,0.0,0.1,0.10639937967061996,0.10639937967061996,0.0,0.0,0,0,0,-1
gmsc,xgboost,72,NumberOfTime60-89DaysPastDueNotWorse,relative_plus_10,0.1,0.0,0.1,0.19083499908447266,0.19083499908447266,0.0,0.0,0,0,0,-1
gmsc,xgboost,73,NumberOfTime60-89DaysPastDueNotWorse,relative_plus_10,0.1,0.0,0.1,0.3986653685569763,0.3986653685569763,0.0,0.0,0,0,0,-1
gmsc,xgboost,74,NumberOfTime60-89DaysPastDueNotWorse,relative_plus_10,0.1,0.0,0.1,0.18615853786468506,0.18615853786468506,0.0,0.0,0,0,0,-1
gmsc,xgboost,75,NumberOfTime60-89DaysPastDueNotWorse,relative_plus_10,0.1,0.0,0.1,0.5547352433204651,0.5547352433204651,0.0,0.0,1,1,0,-1
gmsc,xgboost,76,NumberOfTime60-89DaysPastDueNotWorse,relative_plus_10,0.1,0.0,0.1,0.11016565561294556,0.11016565561294556,0.0,0.0,0,0,0,-1
gmsc,xgboost,77,NumberOfTime60-89DaysPastDueNotWorse,relative_plus_10,0.1,0.0,0.1,0.05538906157016754,0.05538906157016754,0.0,0.0,0,0,0,-1
gmsc,xgboost,78,NumberOfTime60-89DaysPastDueNotWorse,relative_plus_10,0.1,0.0,0.1,0.05751078575849533,0.05751078575849533,0.0,0.0,0,0,0,-1
gmsc,xgboost,79,NumberOfTime60-89DaysPastDueNotWorse,relative_plus_10,0.1,0.0,0.1,0.2844957709312439,0.2844957709312439,0.0,0.0,0,0,0,-1
gmsc,xgboost,80,NumberOfTime60-89DaysPastDueNotWorse,relative_plus_10,0.1,0.0,0.1,0.1406598836183548,0.1406598836183548,0.0,0.0,0,0,0,-1
gmsc,xgboost,81,NumberOfTime60-89DaysPastDueNotWorse,relative_plus_10,0.1,0.0,0.1,0.16070415079593658,0.16070415079593658,0.0,0.0,0,0,0,-1
gmsc,xgboost,82,NumberOfTime60-89DaysPastDueNotWorse,relative_plus_10,0.1,0.0,0.1,0.4081357717514038,0.4081357717514038,0.0,0.0,0,0,0,-1
gmsc,xgboost,83,NumberOfTime60-89DaysPastDueNotWorse,relative_plus_10,0.1,0.0,0.1,0.06326539814472198,0.06326539814472198,0.0,0.0,0,0,0,-1
gmsc,xgboost,84,NumberOfTime60-89DaysPastDueNotWorse,relative_plus_10,0.1,0.0,0.1,0.6416367292404175,0.6416367292404175,0.0,0.0,1,1,0,-1
gmsc,xgboost,85,NumberOfTime60-89DaysPastDueNotWorse,relative_plus_10,0.1,0.0,0.1,0.06614423543214798,0.06614423543214798,0.0,0.0,0,0,0,-1
gmsc,xgboost,86,NumberOfTime60-89DaysPastDueNotWorse,relative_plus_10,0.1,0.0,0.1,0.12697042524814606,0.12697042524814606,0.0,0.0,0,0,0,-1
gmsc,xgboost,87,NumberOfTime60-89DaysPastDueNotWorse,relative_plus_10,0.1,0.0,0.1,0.106936976313591,0.106936976313591,0.0,0.0,0,0,0,-1
gmsc,xgboost,88,NumberOfTime60-89DaysPastDueNotWorse,relative_plus_10,0.1,0.0,0.1,0.12650665640830994,0.12650665640830994,0.0,0.0,0,0,0,-1
gmsc,xgboost,89,NumberOfTime60-89DaysPastDueNotWorse,relative_plus_10,0.1,0.0,0.1,0.3815006911754608,0.3815006911754608,0.0,0.0,0,0,0,-1
gmsc,xgboost,90,NumberOfTime60-89DaysPastDueNotWorse,relative_plus_10,0.1,0.0,0.1,0.044368140399456024,0.044368140399456024,0.0,0.0,0,0,0,-1
gmsc,xgboost,91,NumberOfTime60-89DaysPastDueNotWorse,relative_plus_10,0.1,0.0,0.1,0.1482551395893097,0.1482551395893097,0.0,0.0,0,0,0,-1
gmsc,xgboost,92,NumberOfTime60-89DaysPastDueNotWorse,relative_plus_10,0.1,0.0,0.1,0.06322672218084335,0.06322672218084335,0.0,0.0,0,0,0,-1
gmsc,xgboost,93,NumberOfTime60-89DaysPastDueNotWorse,relative_plus_10,0.1,0.0,0.1,0.1017114520072937,0.1017114520072937,0.0,0.0,0,0,0,-1
gmsc,xgboost,94,NumberOfTime60-89DaysPastDueNotWorse,relative_plus_10,0.1,0.0,0.1,0.14927543699741364,0.14927543699741364,0.0,0.0,0,0,0,-1
gmsc,xgboost,95,NumberOfTime60-89DaysPastDueNotWorse,relative_plus_10,0.1,0.0,0.1,0.22754548490047455,0.22754548490047455,0.0,0.0,0,0,0,-1
gmsc,xgboost,96,NumberOfTime60-89DaysPastDueNotWorse,relative_plus_10,0.1,0.0,0.1,0.13160045444965363,0.13160045444965363,0.0,0.0,0,0,0,-1
gmsc,xgboost,97,NumberOfTime60-89DaysPastDueNotWorse,relative_plus_10,0.1,0.0,0.1,0.0985931009054184,0.0985931009054184,0.0,0.0,0,0,0,-1
gmsc,xgboost,98,NumberOfTime60-89DaysPastDueNotWorse,relative_plus_10,0.1,0.0,0.1,0.35479238629341125,0.35479238629341125,0.0,0.0,0,0,0,-1
gmsc,xgboost,99,NumberOfTime60-89DaysPastDueNotWorse,relative_plus_10,0.1,1.0,1.1,0.9183781147003174,0.9183781147003174,0.0,0.0,1,1,0,-1
gmsc,xgboost,0,NumberOfDependents,relative_minus_5,-0.05,0.0,0.05,0.08203070610761642,0.08203070610761642,0.0,0.0,0,0,0,-1
gmsc,xgboost,1,NumberOfDependents,relative_minus_5,-0.05,0.0,0.05,0.07381805032491684,0.07381805032491684,0.0,0.0,0,0,0,-1
gmsc,xgboost,2,NumberOfDependents,relative_minus_5,-0.05,0.0,0.05,0.057695530354976654,0.057695530354976654,0.0,0.0,0,0,0,-1
gmsc,xgboost,3,NumberOfDependents,relative_minus_5,-0.05,0.0,0.05,0.29744529724121094,0.29744529724121094,0.0,0.0,0,0,0,-1
gmsc,xgboost,4,NumberOfDependents,relative_minus_5,-0.05,0.0,0.05,0.10023795068264008,0.10023795068264008,0.0,0.0,0,0,0,-1
gmsc,xgboost,5,NumberOfDependents,relative_minus_5,-0.05,1.0,1.05,0.19237148761749268,0.19237148761749268,0.0,0.0,0,0,0,-1
gmsc,xgboost,6,NumberOfDependents,relative_minus_5,-0.05,1.0,1.05,0.2720617651939392,0.2720617651939392,0.0,0.0,0,0,0,-1
gmsc,xgboost,7,NumberOfDependents,relative_minus_5,-0.05,0.0,0.05,0.2072291374206543,0.2072291374206543,0.0,0.0,0,0,0,-1
gmsc,xgboost,8,NumberOfDependents,relative_minus_5,-0.05,0.0,0.05,0.14596141874790192,0.14596141874790192,0.0,0.0,0,0,0,-1
gmsc,xgboost,9,NumberOfDependents,relative_minus_5,-0.05,0.0,0.05,0.3907460570335388,0.3907460570335388,0.0,0.0,0,0,0,-1
gmsc,xgboost,10,NumberOfDependents,relative_minus_5,-0.05,0.0,0.05,0.43983033299446106,0.43983033299446106,0.0,0.0,0,0,0,-1
gmsc,xgboost,11,NumberOfDependents,relative_minus_5,-0.05,2.0,2.1,0.2212306559085846,0.2212306559085846,0.0,0.0,0,0,0,-1
gmsc,xgboost,12,NumberOfDependents,relative_minus_5,-0.05,0.0,0.05,0.034909687936306,0.034909687936306,0.0,0.0,0,0,0,-1
gmsc,xgboost,13,NumberOfDependents,relative_minus_5,-0.05,0.0,0.05,0.8862441778182983,0.8862441778182983,0.0,0.0,1,1,0,-1
gmsc,xgboost,14,NumberOfDependents,relative_minus_5,-0.05,3.0,3.15,0.30772891640663147,0.30772891640663147,0.0,0.0,0,0,0,-1
gmsc,xgboost,15,NumberOfDependents,relative_minus_5,-0.05,3.0,3.15,0.2524952292442322,0.2524952292442322,0.0,0.0,0,0,0,-1
gmsc,xgboost,16,NumberOfDependents,relative_minus_5,-0.05,0.0,0.05,0.48664188385009766,0.48664188385009766,0.0,0.0,0,0,0,-1
gmsc,xgboost,17,NumberOfDependents,relative_minus_5,-0.05,0.0,0.05,0.09193970263004303,0.09193970263004303,0.0,0.0,0,0,0,-1
gmsc,xgboost,18,NumberOfDependents,relative_minus_5,-0.05,1.0,1.05,0.3769620656967163,0.3769620656967163,0.0,0.0,0,0,0,-1
gmsc,xgboost,19,NumberOfDependents,relative_minus_5,-0.05,0.0,0.05,0.21186602115631104,0.21186602115631104,0.0,0.0,0,0,0,-1
gmsc,xgboost,20,NumberOfDependents,relative_minus_5,-0.05,2.0,2.1,0.04993200674653053,0.04993200674653053,0.0,0.0,0,0,0,-1
gmsc,xgboost,21,NumberOfDependents,relative_minus_5,-0.05,0.0,0.05,0.08262580633163452,0.08262580633163452,0.0,0.0,0,0,0,-1
gmsc,xgboost,22,NumberOfDependents,relative_minus_5,-0.05,0.0,0.05,0.06402596086263657,0.06402596086263657,0.0,0.0,0,0,0,-1
gmsc,xgboost,23,NumberOfDependents,relative_minus_5,-0.05,3.0,3.15,0.08952450007200241,0.08952450007200241,0.0,0.0,0,0,0,-1
gmsc,xgboost,24,NumberOfDependents,relative_minus_5,-0.05,1.0,1.05,0.034259602427482605,0.034259602427482605,0.0,0.0,0,0,0,-1
gmsc,xgboost,25,NumberOfDependents,relative_minus_5,-0.05,0.0,0.05,0.49923714995384216,0.49923714995384216,0.0,0.0,0,0,0,-1
gmsc,xgboost,26,NumberOfDependents,relative_minus_5,-0.05,0.0,0.05,0.46355003118515015,0.46355003118515015,0.0,0.0,0,0,0,-1
gmsc,xgboost,27,NumberOfDependents,relative_minus_5,-0.05,0.0,0.05,0.16462162137031555,0.16462162137031555,0.0,0.0,0,0,0,-1
gmsc,xgboost,28,NumberOfDependents,relative_minus_5,-0.05,2.0,2.1,0.222405344247818,0.222405344247818,0.0,0.0,0,0,0,-1
gmsc,xgboost,29,NumberOfDependents,relative_minus_5,-0.05,0.0,0.05,0.06126169487833977,0.06126169487833977,0.0,0.0,0,0,0,-1
gmsc,xgboost,30,NumberOfDependents,relative_minus_5,-0.05,0.0,0.05,0.25775110721588135,0.25775110721588135,0.0,0.0,0,0,0,-1
gmsc,xgboost,31,NumberOfDependents,relative_minus_5,-0.05,2.0,2.1,0.14284415543079376,0.14284415543079376,0.0,0.0,0,0,0,-1
gmsc,xgboost,32,NumberOfDependents,relative_minus_5,-0.05,0.0,0.05,0.1354866921901703,0.1354866921901703,0.0,0.0,0,0,0,-1
gmsc,xgboost,33,NumberOfDependents,relative_minus_5,-0.05,0.0,0.05,0.0799889788031578,0.0799889788031578,0.0,0.0,0,0,0,-1
gmsc,xgboost,34,NumberOfDependents,relative_minus_5,-0.05,0.0,0.05,0.5890139937400818,0.5890139937400818,0.0,0.0,1,1,0,-1
gmsc,xgboost,35,NumberOfDependents,relative_minus_5,-0.05,0.0,0.05,0.7353684902191162,0.7353684902191162,0.0,0.0,1,1,0,-1
gmsc,xgboost,36,NumberOfDependents,relative_minus_5,-0.05,0.0,0.05,0.1960536539554596,0.1960536539554596,0.0,0.0,0,0,0,-1
gmsc,xgboost,37,NumberOfDependents,relative_minus_5,-0.05,0.0,0.05,0.35266122221946716,0.35266122221946716,0.0,0.0,0,0,0,-1
gmsc,xgboost,38,NumberOfDependents,relative_minus_5,-0.05,0.0,0.05,0.2510143518447876,0.2510143518447876,0.0,0.0,0,0,0,-1
gmsc,xgboost,39,NumberOfDependents,relative_minus_5,-0.05,3.0,3.15,0.4371665418148041,0.4371665418148041,0.0,0.0,0,0,0,-1
gmsc,xgboost,40,NumberOfDependents,relative_minus_5,-0.05,3.0,3.15,0.13587132096290588,0.13587132096290588,0.0,0.0,0,0,0,-1
gmsc,xgboost,41,NumberOfDependents,relative_minus_5,-0.05,0.0,0.05,0.18514351546764374,0.18514351546764374,0.0,0.0,0,0,0,-1
gmsc,xgboost,42,NumberOfDependents,relative_minus_5,-0.05,0.0,0.05,0.10479436814785004,0.10479436814785004,0.0,0.0,0,0,0,-1
gmsc,xgboost,43,NumberOfDependents,relative_minus_5,-0.05,0.0,0.05,0.5401685833930969,0.5401685833930969,0.0,0.0,1,1,0,-1
gmsc,xgboost,44,NumberOfDependents,relative_minus_5,-0.05,2.0,2.1,0.11184448003768921,0.11184448003768921,0.0,0.0,0,0,0,-1
gmsc,xgboost,45,NumberOfDependents,relative_minus_5,-0.05,0.0,0.05,0.12677443027496338,0.12677443027496338,0.0,0.0,0,0,0,-1
gmsc,xgboost,46,NumberOfDependents,relative_minus_5,-0.05,0.0,0.05,0.25457122921943665,0.25457122921943665,0.0,0.0,0,0,0,-1
gmsc,xgboost,47,NumberOfDependents,relative_minus_5,-0.05,0.0,0.05,0.05936043709516525,0.05936043709516525,0.0,0.0,0,0,0,-1
gmsc,xgboost,48,NumberOfDependents,relative_minus_5,-0.05,0.0,0.05,0.08543100953102112,0.08543100953102112,0.0,0.0,0,0,0,-1
gmsc,xgboost,49,NumberOfDependents,relative_minus_5,-0.05,0.0,0.05,0.03611498698592186,0.03611498698592186,0.0,0.0,0,0,0,-1
gmsc,xgboost,50,NumberOfDependents,relative_minus_5,-0.05,0.0,0.05,0.1643790304660797,0.1643790304660797,0.0,0.0,0,0,0,-1
gmsc,xgboost,51,NumberOfDependents,relative_minus_5,-0.05,0.0,0.05,0.2535255253314972,0.2535255253314972,0.0,0.0,0,0,0,-1
gmsc,xgboost,52,NumberOfDependents,relative_minus_5,-0.05,0.0,0.05,0.043543241918087006,0.043543241918087006,0.0,0.0,0,0,0,-1
gmsc,xgboost,53,NumberOfDependents,relative_minus_5,-0.05,0.0,0.05,0.8459349870681763,0.8459349870681763,0.0,0.0,1,1,0,-1
gmsc,xgboost,54,NumberOfDependents,relative_minus_5,-0.05,0.0,0.05,0.9326093792915344,0.9326093792915344,0.0,0.0,1,1,0,-1
gmsc,xgboost,55,NumberOfDependents,relative_minus_5,-0.05,0.0,0.05,0.0761168822646141,0.0761168822646141,0.0,0.0,0,0,0,-1
gmsc,xgboost,56,NumberOfDependents,relative_minus_5,-0.05,0.0,0.05,0.15863358974456787,0.15863358974456787,0.0,0.0,0,0,0,-1
gmsc,xgboost,57,NumberOfDependents,relative_minus_5,-0.05,0.0,0.05,0.5884111523628235,0.5884111523628235,0.0,0.0,1,1,0,-1
gmsc,xgboost,58,NumberOfDependents,relative_minus_5,-0.05,0.0,0.05,0.6777902245521545,0.6777902245521545,0.0,0.0,1,1,0,-1
gmsc,xgboost,59,NumberOfDependents,relative_minus_5,-0.05,1.0,1.05,0.628955066204071,0.628955066204071,0.0,0.0,1,1,0,-1
gmsc,xgboost,60,NumberOfDependents,relative_minus_5,-0.05,2.0,2.1,0.17468222975730896,0.17468222975730896,0.0,0.0,0,0,0,-1
gmsc,xgboost,61,NumberOfDependents,relative_minus_5,-0.05,1.0,1.05,0.3342180848121643,0.3342180848121643,0.0,0.0,0,0,0,-1
gmsc,xgboost,62,NumberOfDependents,relative_minus_5,-0.05,0.0,0.05,0.46969300508499146,0.46969300508499146,0.0,0.0,0,0,0,-1
gmsc,xgboost,63,NumberOfDependents,relative_minus_5,-0.05,2.0,2.1,0.09234394878149033,0.09234394878149033,0.0,0.0,0,0,0,-1
gmsc,xgboost,64,NumberOfDependents,relative_minus_5,-0.05,0.0,0.05,0.36687836050987244,0.36687836050987244,0.0,0.0,0,0,0,-1
gmsc,xgboost,65,NumberOfDependents,relative_minus_5,-0.05,3.0,3.15,0.3751460015773773,0.3751460015773773,0.0,0.0,0,0,0,-1
gmsc,xgboost,66,NumberOfDependents,relative_minus_5,-0.05,0.0,0.05,0.1265122890472412,0.1265122890472412,0.0,0.0,0,0,0,-1
gmsc,xgboost,67,NumberOfDependents,relative_minus_5,-0.05,3.0,3.15,0.4232633113861084,0.4232633113861084,0.0,0.0,0,0,0,-1
gmsc,xgboost,68,NumberOfDependents,relative_minus_5,-0.05,2.0,2.1,0.10810530185699463,0.10810530185699463,0.0,0.0,0,0,0,-1
gmsc,xgboost,69,NumberOfDependents,relative_minus_5,-0.05,2.0,2.1,0.5635039806365967,0.5635039806365967,0.0,0.0,1,1,0,-1
gmsc,xgboost,70,NumberOfDependents,relative_minus_5,-0.05,0.0,0.05,0.39893585443496704,0.39893585443496704,0.0,0.0,0,0,0,-1
gmsc,xgboost,71,NumberOfDependents,relative_minus_5,-0.05,4.0,4.2,0.10639937967061996,0.10639937967061996,0.0,0.0,0,0,0,-1
gmsc,xgboost,72,NumberOfDependents,relative_minus_5,-0.05,0.0,0.05,0.19083499908447266,0.19083499908447266,0.0,0.0,0,0,0,-1
gmsc,xgboost,73,NumberOfDependents,relative_minus_5,-0.05,0.0,0.05,0.3986653685569763,0.3986653685569763,0.0,0.0,0,0,0,-1
gmsc,xgboost,74,NumberOfDependents,relative_minus_5,-0.05,0.0,0.05,0.18615853786468506,0.18615853786468506,0.0,0.0,0,0,0,-1
gmsc,xgboost,75,NumberOfDependents,relative_minus_5,-0.05,0.0,0.05,0.5547352433204651,0.5547352433204651,0.0,0.0,1,1,0,-1
gmsc,xgboost,76,NumberOfDependents,relative_minus_5,-0.05,1.0,1.05,0.11016565561294556,0.11016565561294556,0.0,0.0,0,0,0,-1
gmsc,xgboost,77,NumberOfDependents,relative_minus_5,-0.05,0.0,0.05,0.05538906157016754,0.05538906157016754,0.0,0.0,0,0,0,-1
gmsc,xgboost,78,NumberOfDependents,relative_minus_5,-0.05,0.0,0.05,0.05751078575849533,0.05751078575849533,0.0,0.0,0,0,0,-1
gmsc,xgboost,79,NumberOfDependents,relative_minus_5,-0.05,0.0,0.05,0.2844957709312439,0.2844957709312439,0.0,0.0,0,0,0,-1
gmsc,xgboost,80,NumberOfDependents,relative_minus_5,-0.05,0.0,0.05,0.1406598836183548,0.1406598836183548,0.0,0.0,0,0,0,-1
gmsc,xgboost,81,NumberOfDependents,relative_minus_5,-0.05,0.0,0.05,0.16070415079593658,0.16070415079593658,0.0,0.0,0,0,0,-1
gmsc,xgboost,82,NumberOfDependents,relative_minus_5,-0.05,0.0,0.05,0.4081357717514038,0.4081357717514038,0.0,0.0,0,0,0,-1
gmsc,xgboost,83,NumberOfDependents,relative_minus_5,-0.05,1.0,1.05,0.06326539814472198,0.06326539814472198,0.0,0.0,0,0,0,-1
gmsc,xgboost,84,NumberOfDependents,relative_minus_5,-0.05,3.0,3.15,0.6416367292404175,0.6416367292404175,0.0,0.0,1,1,0,-1
gmsc,xgboost,85,NumberOfDependents,relative_minus_5,-0.05,0.0,0.05,0.06614423543214798,0.06614423543214798,0.0,0.0,0,0,0,-1
gmsc,xgboost,86,NumberOfDependents,relative_minus_5,-0.05,0.0,0.05,0.12697042524814606,0.12697042524814606,0.0,0.0,0,0,0,-1
gmsc,xgboost,87,NumberOfDependents,relative_minus_5,-0.05,0.0,0.05,0.106936976313591,0.106936976313591,0.0,0.0,0,0,0,-1
gmsc,xgboost,88,NumberOfDependents,relative_minus_5,-0.05,0.0,0.05,0.12650665640830994,0.12650665640830994,0.0,0.0,0,0,0,-1
gmsc,xgboost,89,NumberOfDependents,relative_minus_5,-0.05,2.0,2.1,0.3815006911754608,0.3815006911754608,0.0,0.0,0,0,0,-1
gmsc,xgboost,90,NumberOfDependents,relative_minus_5,-0.05,0.0,0.05,0.044368140399456024,0.044368140399456024,0.0,0.0,0,0,0,-1
gmsc,xgboost,91,NumberOfDependents,relative_minus_5,-0.05,1.0,1.05,0.1482551395893097,0.1482551395893097,0.0,0.0,0,0,0,-1
gmsc,xgboost,92,NumberOfDependents,relative_minus_5,-0.05,0.0,0.05,0.06322672218084335,0.06322672218084335,0.0,0.0,0,0,0,-1
gmsc,xgboost,93,NumberOfDependents,relative_minus_5,-0.05,1.0,1.05,0.1017114520072937,0.1017114520072937,0.0,0.0,0,0,0,-1
gmsc,xgboost,94,NumberOfDependents,relative_minus_5,-0.05,0.0,0.05,0.14927543699741364,0.14927543699741364,0.0,0.0,0,0,0,-1
gmsc,xgboost,95,NumberOfDependents,relative_minus_5,-0.05,2.0,2.1,0.22754548490047455,0.22754548490047455,0.0,0.0,0,0,0,-1
gmsc,xgboost,96,NumberOfDependents,relative_minus_5,-0.05,0.0,0.05,0.13160045444965363,0.13160045444965363,0.0,0.0,0,0,0,-1
gmsc,xgboost,97,NumberOfDependents,relative_minus_5,-0.05,0.0,0.05,0.0985931009054184,0.0985931009054184,0.0,0.0,0,0,0,-1
gmsc,xgboost,98,NumberOfDependents,relative_minus_5,-0.05,4.0,4.2,0.35479238629341125,0.35479238629341125,0.0,0.0,0,0,0,-1
gmsc,xgboost,99,NumberOfDependents,relative_minus_5,-0.05,0.0,0.05,0.9183781147003174,0.9183781147003174,0.0,0.0,1,1,0,-1
gmsc,xgboost,0,NumberOfDependents,relative_plus_5,0.05,0.0,0.05,0.08203070610761642,0.08203070610761642,0.0,0.0,0,0,0,-1
gmsc,xgboost,1,NumberOfDependents,relative_plus_5,0.05,0.0,0.05,0.07381805032491684,0.07381805032491684,0.0,0.0,0,0,0,-1
gmsc,xgboost,2,NumberOfDependents,relative_plus_5,0.05,0.0,0.05,0.057695530354976654,0.057695530354976654,0.0,0.0,0,0,0,-1
gmsc,xgboost,3,NumberOfDependents,relative_plus_5,0.05,0.0,0.05,0.29744529724121094,0.29744529724121094,0.0,0.0,0,0,0,-1
gmsc,xgboost,4,NumberOfDependents,relative_plus_5,0.05,0.0,0.05,0.10023795068264008,0.10023795068264008,0.0,0.0,0,0,0,-1
gmsc,xgboost,5,NumberOfDependents,relative_plus_5,0.05,1.0,1.05,0.19237148761749268,0.19237148761749268,0.0,0.0,0,0,0,-1
gmsc,xgboost,6,NumberOfDependents,relative_plus_5,0.05,1.0,1.05,0.2720617651939392,0.2720617651939392,0.0,0.0,0,0,0,-1
gmsc,xgboost,7,NumberOfDependents,relative_plus_5,0.05,0.0,0.05,0.2072291374206543,0.2072291374206543,0.0,0.0,0,0,0,-1
gmsc,xgboost,8,NumberOfDependents,relative_plus_5,0.05,0.0,0.05,0.14596141874790192,0.14596141874790192,0.0,0.0,0,0,0,-1
gmsc,xgboost,9,NumberOfDependents,relative_plus_5,0.05,0.0,0.05,0.3907460570335388,0.3907460570335388,0.0,0.0,0,0,0,-1
gmsc,xgboost,10,NumberOfDependents,relative_plus_5,0.05,0.0,0.05,0.43983033299446106,0.43983033299446106,0.0,0.0,0,0,0,-1
gmsc,xgboost,11,NumberOfDependents,relative_plus_5,0.05,2.0,2.1,0.2212306559085846,0.2212306559085846,0.0,0.0,0,0,0,-1
gmsc,xgboost,12,NumberOfDependents,relative_plus_5,0.05,0.0,0.05,0.034909687936306,0.034909687936306,0.0,0.0,0,0,0,-1
gmsc,xgboost,13,NumberOfDependents,relative_plus_5,0.05,0.0,0.05,0.8862441778182983,0.8862441778182983,0.0,0.0,1,1,0,-1
gmsc,xgboost,14,NumberOfDependents,relative_plus_5,0.05,3.0,3.15,0.30772891640663147,0.30772891640663147,0.0,0.0,0,0,0,-1
gmsc,xgboost,15,NumberOfDependents,relative_plus_5,0.05,3.0,3.15,0.2524952292442322,0.2524952292442322,0.0,0.0,0,0,0,-1
gmsc,xgboost,16,NumberOfDependents,relative_plus_5,0.05,0.0,0.05,0.48664188385009766,0.48664188385009766,0.0,0.0,0,0,0,-1
gmsc,xgboost,17,NumberOfDependents,relative_plus_5,0.05,0.0,0.05,0.09193970263004303,0.09193970263004303,0.0,0.0,0,0,0,-1
gmsc,xgboost,18,NumberOfDependents,relative_plus_5,0.05,1.0,1.05,0.3769620656967163,0.3769620656967163,0.0,0.0,0,0,0,-1
gmsc,xgboost,19,NumberOfDependents,relative_plus_5,0.05,0.0,0.05,0.21186602115631104,0.21186602115631104,0.0,0.0,0,0,0,-1
gmsc,xgboost,20,NumberOfDependents,relative_plus_5,0.05,2.0,2.1,0.04993200674653053,0.04993200674653053,0.0,0.0,0,0,0,-1
gmsc,xgboost,21,NumberOfDependents,relative_plus_5,0.05,0.0,0.05,0.08262580633163452,0.08262580633163452,0.0,0.0,0,0,0,-1
gmsc,xgboost,22,NumberOfDependents,relative_plus_5,0.05,0.0,0.05,0.06402596086263657,0.06402596086263657,0.0,0.0,0,0,0,-1
gmsc,xgboost,23,NumberOfDependents,relative_plus_5,0.05,3.0,3.15,0.08952450007200241,0.08952450007200241,0.0,0.0,0,0,0,-1
gmsc,xgboost,24,NumberOfDependents,relative_plus_5,0.05,1.0,1.05,0.034259602427482605,0.034259602427482605,0.0,0.0,0,0,0,-1
gmsc,xgboost,25,NumberOfDependents,relative_plus_5,0.05,0.0,0.05,0.49923714995384216,0.49923714995384216,0.0,0.0,0,0,0,-1
gmsc,xgboost,26,NumberOfDependents,relative_plus_5,0.05,0.0,0.05,0.46355003118515015,0.46355003118515015,0.0,0.0,0,0,0,-1
gmsc,xgboost,27,NumberOfDependents,relative_plus_5,0.05,0.0,0.05,0.16462162137031555,0.16462162137031555,0.0,0.0,0,0,0,-1
gmsc,xgboost,28,NumberOfDependents,relative_plus_5,0.05,2.0,2.1,0.222405344247818,0.222405344247818,0.0,0.0,0,0,0,-1
gmsc,xgboost,29,NumberOfDependents,relative_plus_5,0.05,0.0,0.05,0.06126169487833977,0.06126169487833977,0.0,0.0,0,0,0,-1
gmsc,xgboost,30,NumberOfDependents,relative_plus_5,0.05,0.0,0.05,0.25775110721588135,0.25775110721588135,0.0,0.0,0,0,0,-1
gmsc,xgboost,31,NumberOfDependents,relative_plus_5,0.05,2.0,2.1,0.14284415543079376,0.14284415543079376,0.0,0.0,0,0,0,-1
gmsc,xgboost,32,NumberOfDependents,relative_plus_5,0.05,0.0,0.05,0.1354866921901703,0.1354866921901703,0.0,0.0,0,0,0,-1
gmsc,xgboost,33,NumberOfDependents,relative_plus_5,0.05,0.0,0.05,0.0799889788031578,0.0799889788031578,0.0,0.0,0,0,0,-1
gmsc,xgboost,34,NumberOfDependents,relative_plus_5,0.05,0.0,0.05,0.5890139937400818,0.5890139937400818,0.0,0.0,1,1,0,-1
gmsc,xgboost,35,NumberOfDependents,relative_plus_5,0.05,0.0,0.05,0.7353684902191162,0.7353684902191162,0.0,0.0,1,1,0,-1
gmsc,xgboost,36,NumberOfDependents,relative_plus_5,0.05,0.0,0.05,0.1960536539554596,0.1960536539554596,0.0,0.0,0,0,0,-1
gmsc,xgboost,37,NumberOfDependents,relative_plus_5,0.05,0.0,0.05,0.35266122221946716,0.35266122221946716,0.0,0.0,0,0,0,-1
gmsc,xgboost,38,NumberOfDependents,relative_plus_5,0.05,0.0,0.05,0.2510143518447876,0.2510143518447876,0.0,0.0,0,0,0,-1
gmsc,xgboost,39,NumberOfDependents,relative_plus_5,0.05,3.0,3.15,0.4371665418148041,0.4371665418148041,0.0,0.0,0,0,0,-1
gmsc,xgboost,40,NumberOfDependents,relative_plus_5,0.05,3.0,3.15,0.13587132096290588,0.13587132096290588,0.0,0.0,0,0,0,-1
gmsc,xgboost,41,NumberOfDependents,relative_plus_5,0.05,0.0,0.05,0.18514351546764374,0.18514351546764374,0.0,0.0,0,0,0,-1
gmsc,xgboost,42,NumberOfDependents,relative_plus_5,0.05,0.0,0.05,0.10479436814785004,0.10479436814785004,0.0,0.0,0,0,0,-1
gmsc,xgboost,43,NumberOfDependents,relative_plus_5,0.05,0.0,0.05,0.5401685833930969,0.5401685833930969,0.0,0.0,1,1,0,-1
gmsc,xgboost,44,NumberOfDependents,relative_plus_5,0.05,2.0,2.1,0.11184448003768921,0.11184448003768921,0.0,0.0,0,0,0,-1
gmsc,xgboost,45,NumberOfDependents,relative_plus_5,0.05,0.0,0.05,0.12677443027496338,0.12677443027496338,0.0,0.0,0,0,0,-1
gmsc,xgboost,46,NumberOfDependents,relative_plus_5,0.05,0.0,0.05,0.25457122921943665,0.25457122921943665,0.0,0.0,0,0,0,-1
gmsc,xgboost,47,NumberOfDependents,relative_plus_5,0.05,0.0,0.05,0.05936043709516525,0.05936043709516525,0.0,0.0,0,0,0,-1
gmsc,xgboost,48,NumberOfDependents,relative_plus_5,0.05,0.0,0.05,0.08543100953102112,0.08543100953102112,0.0,0.0,0,0,0,-1
gmsc,xgboost,49,NumberOfDependents,relative_plus_5,0.05,0.0,0.05,0.03611498698592186,0.03611498698592186,0.0,0.0,0,0,0,-1
gmsc,xgboost,50,NumberOfDependents,relative_plus_5,0.05,0.0,0.05,0.1643790304660797,0.1643790304660797,0.0,0.0,0,0,0,-1
gmsc,xgboost,51,NumberOfDependents,relative_plus_5,0.05,0.0,0.05,0.2535255253314972,0.2535255253314972,0.0,0.0,0,0,0,-1
gmsc,xgboost,52,NumberOfDependents,relative_plus_5,0.05,0.0,0.05,0.043543241918087006,0.043543241918087006,0.0,0.0,0,0,0,-1
gmsc,xgboost,53,NumberOfDependents,relative_plus_5,0.05,0.0,0.05,0.8459349870681763,0.8459349870681763,0.0,0.0,1,1,0,-1
gmsc,xgboost,54,NumberOfDependents,relative_plus_5,0.05,0.0,0.05,0.9326093792915344,0.9326093792915344,0.0,0.0,1,1,0,-1
gmsc,xgboost,55,NumberOfDependents,relative_plus_5,0.05,0.0,0.05,0.0761168822646141,0.0761168822646141,0.0,0.0,0,0,0,-1
gmsc,xgboost,56,NumberOfDependents,relative_plus_5,0.05,0.0,0.05,0.15863358974456787,0.15863358974456787,0.0,0.0,0,0,0,-1
gmsc,xgboost,57,NumberOfDependents,relative_plus_5,0.05,0.0,0.05,0.5884111523628235,0.5884111523628235,0.0,0.0,1,1,0,-1
gmsc,xgboost,58,NumberOfDependents,relative_plus_5,0.05,0.0,0.05,0.6777902245521545,0.6777902245521545,0.0,0.0,1,1,0,-1
gmsc,xgboost,59,NumberOfDependents,relative_plus_5,0.05,1.0,1.05,0.628955066204071,0.628955066204071,0.0,0.0,1,1,0,-1
gmsc,xgboost,60,NumberOfDependents,relative_plus_5,0.05,2.0,2.1,0.17468222975730896,0.17468222975730896,0.0,0.0,0,0,0,-1
gmsc,xgboost,61,NumberOfDependents,relative_plus_5,0.05,1.0,1.05,0.3342180848121643,0.3342180848121643,0.0,0.0,0,0,0,-1
gmsc,xgboost,62,NumberOfDependents,relative_plus_5,0.05,0.0,0.05,0.46969300508499146,0.46969300508499146,0.0,0.0,0,0,0,-1
gmsc,xgboost,63,NumberOfDependents,relative_plus_5,0.05,2.0,2.1,0.09234394878149033,0.09234394878149033,0.0,0.0,0,0,0,-1
gmsc,xgboost,64,NumberOfDependents,relative_plus_5,0.05,0.0,0.05,0.36687836050987244,0.36687836050987244,0.0,0.0,0,0,0,-1
gmsc,xgboost,65,NumberOfDependents,relative_plus_5,0.05,3.0,3.15,0.3751460015773773,0.3751460015773773,0.0,0.0,0,0,0,-1
gmsc,xgboost,66,NumberOfDependents,relative_plus_5,0.05,0.0,0.05,0.1265122890472412,0.1265122890472412,0.0,0.0,0,0,0,-1
gmsc,xgboost,67,NumberOfDependents,relative_plus_5,0.05,3.0,3.15,0.4232633113861084,0.4232633113861084,0.0,0.0,0,0,0,-1
gmsc,xgboost,68,NumberOfDependents,relative_plus_5,0.05,2.0,2.1,0.10810530185699463,0.10810530185699463,0.0,0.0,0,0,0,-1
gmsc,xgboost,69,NumberOfDependents,relative_plus_5,0.05,2.0,2.1,0.5635039806365967,0.5635039806365967,0.0,0.0,1,1,0,-1
gmsc,xgboost,70,NumberOfDependents,relative_plus_5,0.05,0.0,0.05,0.39893585443496704,0.39893585443496704,0.0,0.0,0,0,0,-1
gmsc,xgboost,71,NumberOfDependents,relative_plus_5,0.05,4.0,4.2,0.10639937967061996,0.10639937967061996,0.0,0.0,0,0,0,-1
gmsc,xgboost,72,NumberOfDependents,relative_plus_5,0.05,0.0,0.05,0.19083499908447266,0.19083499908447266,0.0,0.0,0,0,0,-1
gmsc,xgboost,73,NumberOfDependents,relative_plus_5,0.05,0.0,0.05,0.3986653685569763,0.3986653685569763,0.0,0.0,0,0,0,-1
gmsc,xgboost,74,NumberOfDependents,relative_plus_5,0.05,0.0,0.05,0.18615853786468506,0.18615853786468506,0.0,0.0,0,0,0,-1
gmsc,xgboost,75,NumberOfDependents,relative_plus_5,0.05,0.0,0.05,0.5547352433204651,0.5547352433204651,0.0,0.0,1,1,0,-1
gmsc,xgboost,76,NumberOfDependents,relative_plus_5,0.05,1.0,1.05,0.11016565561294556,0.11016565561294556,0.0,0.0,0,0,0,-1
gmsc,xgboost,77,NumberOfDependents,relative_plus_5,0.05,0.0,0.05,0.05538906157016754,0.05538906157016754,0.0,0.0,0,0,0,-1
gmsc,xgboost,78,NumberOfDependents,relative_plus_5,0.05,0.0,0.05,0.05751078575849533,0.05751078575849533,0.0,0.0,0,0,0,-1
gmsc,xgboost,79,NumberOfDependents,relative_plus_5,0.05,0.0,0.05,0.2844957709312439,0.2844957709312439,0.0,0.0,0,0,0,-1
gmsc,xgboost,80,NumberOfDependents,relative_plus_5,0.05,0.0,0.05,0.1406598836183548,0.1406598836183548,0.0,0.0,0,0,0,-1
gmsc,xgboost,81,NumberOfDependents,relative_plus_5,0.05,0.0,0.05,0.16070415079593658,0.16070415079593658,0.0,0.0,0,0,0,-1
gmsc,xgboost,82,NumberOfDependents,relative_plus_5,0.05,0.0,0.05,0.4081357717514038,0.4081357717514038,0.0,0.0,0,0,0,-1
gmsc,xgboost,83,NumberOfDependents,relative_plus_5,0.05,1.0,1.05,0.06326539814472198,0.06326539814472198,0.0,0.0,0,0,0,-1
gmsc,xgboost,84,NumberOfDependents,relative_plus_5,0.05,3.0,3.15,0.6416367292404175,0.6416367292404175,0.0,0.0,1,1,0,-1
gmsc,xgboost,85,NumberOfDependents,relative_plus_5,0.05,0.0,0.05,0.06614423543214798,0.06614423543214798,0.0,0.0,0,0,0,-1
gmsc,xgboost,86,NumberOfDependents,relative_plus_5,0.05,0.0,0.05,0.12697042524814606,0.12697042524814606,0.0,0.0,0,0,0,-1
gmsc,xgboost,87,NumberOfDependents,relative_plus_5,0.05,0.0,0.05,0.106936976313591,0.106936976313591,0.0,0.0,0,0,0,-1
gmsc,xgboost,88,NumberOfDependents,relative_plus_5,0.05,0.0,0.05,0.12650665640830994,0.12650665640830994,0.0,0.0,0,0,0,-1
gmsc,xgboost,89,NumberOfDependents,relative_plus_5,0.05,2.0,2.1,0.3815006911754608,0.3815006911754608,0.0,0.0,0,0,0,-1
gmsc,xgboost,90,NumberOfDependents,relative_plus_5,0.05,0.0,0.05,0.044368140399456024,0.044368140399456024,0.0,0.0,0,0,0,-1
gmsc,xgboost,91,NumberOfDependents,relative_plus_5,0.05,1.0,1.05,0.1482551395893097,0.1482551395893097,0.0,0.0,0,0,0,-1
gmsc,xgboost,92,NumberOfDependents,relative_plus_5,0.05,0.0,0.05,0.06322672218084335,0.06322672218084335,0.0,0.0,0,0,0,-1
gmsc,xgboost,93,NumberOfDependents,relative_plus_5,0.05,1.0,1.05,0.1017114520072937,0.1017114520072937,0.0,0.0,0,0,0,-1
gmsc,xgboost,94,NumberOfDependents,relative_plus_5,0.05,0.0,0.05,0.14927543699741364,0.14927543699741364,0.0,0.0,0,0,0,-1
gmsc,xgboost,95,NumberOfDependents,relative_plus_5,0.05,2.0,2.1,0.22754548490047455,0.22754548490047455,0.0,0.0,0,0,0,-1
gmsc,xgboost,96,NumberOfDependents,relative_plus_5,0.05,0.0,0.05,0.13160045444965363,0.13160045444965363,0.0,0.0,0,0,0,-1
gmsc,xgboost,97,NumberOfDependents,relative_plus_5,0.05,0.0,0.05,0.0985931009054184,0.0985931009054184,0.0,0.0,0,0,0,-1
gmsc,xgboost,98,NumberOfDependents,relative_plus_5,0.05,4.0,4.2,0.35479238629341125,0.35479238629341125,0.0,0.0,0,0,0,-1
gmsc,xgboost,99,NumberOfDependents,relative_plus_5,0.05,0.0,0.05,0.9183781147003174,0.9183781147003174,0.0,0.0,1,1,0,-1
gmsc,xgboost,0,NumberOfDependents,relative_minus_10,-0.1,0.0,0.1,0.08203070610761642,0.08203070610761642,0.0,0.0,0,0,0,-1
gmsc,xgboost,1,NumberOfDependents,relative_minus_10,-0.1,0.0,0.1,0.07381805032491684,0.07381805032491684,0.0,0.0,0,0,0,-1
gmsc,xgboost,2,NumberOfDependents,relative_minus_10,-0.1,0.0,0.1,0.057695530354976654,0.057695530354976654,0.0,0.0,0,0,0,-1
gmsc,xgboost,3,NumberOfDependents,relative_minus_10,-0.1,0.0,0.1,0.29744529724121094,0.29744529724121094,0.0,0.0,0,0,0,-1
gmsc,xgboost,4,NumberOfDependents,relative_minus_10,-0.1,0.0,0.1,0.10023795068264008,0.10023795068264008,0.0,0.0,0,0,0,-1
gmsc,xgboost,5,NumberOfDependents,relative_minus_10,-0.1,1.0,1.1,0.19237148761749268,0.19237148761749268,0.0,0.0,0,0,0,-1
gmsc,xgboost,6,NumberOfDependents,relative_minus_10,-0.1,1.0,1.1,0.2720617651939392,0.2720617651939392,0.0,0.0,0,0,0,-1
gmsc,xgboost,7,NumberOfDependents,relative_minus_10,-0.1,0.0,0.1,0.2072291374206543,0.2072291374206543,0.0,0.0,0,0,0,-1
gmsc,xgboost,8,NumberOfDependents,relative_minus_10,-0.1,0.0,0.1,0.14596141874790192,0.14596141874790192,0.0,0.0,0,0,0,-1
gmsc,xgboost,9,NumberOfDependents,relative_minus_10,-0.1,0.0,0.1,0.3907460570335388,0.3907460570335388,0.0,0.0,0,0,0,-1
gmsc,xgboost,10,NumberOfDependents,relative_minus_10,-0.1,0.0,0.1,0.43983033299446106,0.43983033299446106,0.0,0.0,0,0,0,-1
gmsc,xgboost,11,NumberOfDependents,relative_minus_10,-0.1,2.0,2.2,0.2212306559085846,0.2212306559085846,0.0,0.0,0,0,0,-1
gmsc,xgboost,12,NumberOfDependents,relative_minus_10,-0.1,0.0,0.1,0.034909687936306,0.034909687936306,0.0,0.0,0,0,0,-1
gmsc,xgboost,13,NumberOfDependents,relative_minus_10,-0.1,0.0,0.1,0.8862441778182983,0.8862441778182983,0.0,0.0,1,1,0,-1
gmsc,xgboost,14,NumberOfDependents,relative_minus_10,-0.1,3.0,3.3,0.30772891640663147,0.30772891640663147,0.0,0.0,0,0,0,-1
gmsc,xgboost,15,NumberOfDependents,relative_minus_10,-0.1,3.0,3.3,0.2524952292442322,0.2524952292442322,0.0,0.0,0,0,0,-1
gmsc,xgboost,16,NumberOfDependents,relative_minus_10,-0.1,0.0,0.1,0.48664188385009766,0.48664188385009766,0.0,0.0,0,0,0,-1
gmsc,xgboost,17,NumberOfDependents,relative_minus_10,-0.1,0.0,0.1,0.09193970263004303,0.09193970263004303,0.0,0.0,0,0,0,-1
gmsc,xgboost,18,NumberOfDependents,relative_minus_10,-0.1,1.0,1.1,0.3769620656967163,0.3769620656967163,0.0,0.0,0,0,0,-1
gmsc,xgboost,19,NumberOfDependents,relative_minus_10,-0.1,0.0,0.1,0.21186602115631104,0.21186602115631104,0.0,0.0,0,0,0,-1
gmsc,xgboost,20,NumberOfDependents,relative_minus_10,-0.1,2.0,2.2,0.04993200674653053,0.04993200674653053,0.0,0.0,0,0,0,-1
gmsc,xgboost,21,NumberOfDependents,relative_minus_10,-0.1,0.0,0.1,0.08262580633163452,0.08262580633163452,0.0,0.0,0,0,0,-1
gmsc,xgboost,22,NumberOfDependents,relative_minus_10,-0.1,0.0,0.1,0.06402596086263657,0.06402596086263657,0.0,0.0,0,0,0,-1
gmsc,xgboost,23,NumberOfDependents,relative_minus_10,-0.1,3.0,3.3,0.08952450007200241,0.08952450007200241,0.0,0.0,0,0,0,-1
gmsc,xgboost,24,NumberOfDependents,relative_minus_10,-0.1,1.0,1.1,0.034259602427482605,0.034259602427482605,0.0,0.0,0,0,0,-1
gmsc,xgboost,25,NumberOfDependents,relative_minus_10,-0.1,0.0,0.1,0.49923714995384216,0.49923714995384216,0.0,0.0,0,0,0,-1
gmsc,xgboost,26,NumberOfDependents,relative_minus_10,-0.1,0.0,0.1,0.46355003118515015,0.46355003118515015,0.0,0.0,0,0,0,-1
gmsc,xgboost,27,NumberOfDependents,relative_minus_10,-0.1,0.0,0.1,0.16462162137031555,0.16462162137031555,0.0,0.0,0,0,0,-1
gmsc,xgboost,28,NumberOfDependents,relative_minus_10,-0.1,2.0,2.2,0.222405344247818,0.222405344247818,0.0,0.0,0,0,0,-1
gmsc,xgboost,29,NumberOfDependents,relative_minus_10,-0.1,0.0,0.1,0.06126169487833977,0.06126169487833977,0.0,0.0,0,0,0,-1
gmsc,xgboost,30,NumberOfDependents,relative_minus_10,-0.1,0.0,0.1,0.25775110721588135,0.25775110721588135,0.0,0.0,0,0,0,-1
gmsc,xgboost,31,NumberOfDependents,relative_minus_10,-0.1,2.0,2.2,0.14284415543079376,0.14284415543079376,0.0,0.0,0,0,0,-1
gmsc,xgboost,32,NumberOfDependents,relative_minus_10,-0.1,0.0,0.1,0.1354866921901703,0.1354866921901703,0.0,0.0,0,0,0,-1
gmsc,xgboost,33,NumberOfDependents,relative_minus_10,-0.1,0.0,0.1,0.0799889788031578,0.0799889788031578,0.0,0.0,0,0,0,-1
gmsc,xgboost,34,NumberOfDependents,relative_minus_10,-0.1,0.0,0.1,0.5890139937400818,0.5890139937400818,0.0,0.0,1,1,0,-1
gmsc,xgboost,35,NumberOfDependents,relative_minus_10,-0.1,0.0,0.1,0.7353684902191162,0.7353684902191162,0.0,0.0,1,1,0,-1
gmsc,xgboost,36,NumberOfDependents,relative_minus_10,-0.1,0.0,0.1,0.1960536539554596,0.1960536539554596,0.0,0.0,0,0,0,-1
gmsc,xgboost,37,NumberOfDependents,relative_minus_10,-0.1,0.0,0.1,0.35266122221946716,0.35266122221946716,0.0,0.0,0,0,0,-1
gmsc,xgboost,38,NumberOfDependents,relative_minus_10,-0.1,0.0,0.1,0.2510143518447876,0.2510143518447876,0.0,0.0,0,0,0,-1
gmsc,xgboost,39,NumberOfDependents,relative_minus_10,-0.1,3.0,3.3,0.4371665418148041,0.4371665418148041,0.0,0.0,0,0,0,-1
gmsc,xgboost,40,NumberOfDependents,relative_minus_10,-0.1,3.0,3.3,0.13587132096290588,0.13587132096290588,0.0,0.0,0,0,0,-1
gmsc,xgboost,41,NumberOfDependents,relative_minus_10,-0.1,0.0,0.1,0.18514351546764374,0.18514351546764374,0.0,0.0,0,0,0,-1
gmsc,xgboost,42,NumberOfDependents,relative_minus_10,-0.1,0.0,0.1,0.10479436814785004,0.10479436814785004,0.0,0.0,0,0,0,-1
gmsc,xgboost,43,NumberOfDependents,relative_minus_10,-0.1,0.0,0.1,0.5401685833930969,0.5401685833930969,0.0,0.0,1,1,0,-1
gmsc,xgboost,44,NumberOfDependents,relative_minus_10,-0.1,2.0,2.2,0.11184448003768921,0.11184448003768921,0.0,0.0,0,0,0,-1
gmsc,xgboost,45,NumberOfDependents,relative_minus_10,-0.1,0.0,0.1,0.12677443027496338,0.12677443027496338,0.0,0.0,0,0,0,-1
gmsc,xgboost,46,NumberOfDependents,relative_minus_10,-0.1,0.0,0.1,0.25457122921943665,0.25457122921943665,0.0,0.0,0,0,0,-1
gmsc,xgboost,47,NumberOfDependents,relative_minus_10,-0.1,0.0,0.1,0.05936043709516525,0.05936043709516525,0.0,0.0,0,0,0,-1
gmsc,xgboost,48,NumberOfDependents,relative_minus_10,-0.1,0.0,0.1,0.08543100953102112,0.08543100953102112,0.0,0.0,0,0,0,-1
gmsc,xgboost,49,NumberOfDependents,relative_minus_10,-0.1,0.0,0.1,0.03611498698592186,0.03611498698592186,0.0,0.0,0,0,0,-1
gmsc,xgboost,50,NumberOfDependents,relative_minus_10,-0.1,0.0,0.1,0.1643790304660797,0.1643790304660797,0.0,0.0,0,0,0,-1
gmsc,xgboost,51,NumberOfDependents,relative_minus_10,-0.1,0.0,0.1,0.2535255253314972,0.2535255253314972,0.0,0.0,0,0,0,-1
gmsc,xgboost,52,NumberOfDependents,relative_minus_10,-0.1,0.0,0.1,0.043543241918087006,0.043543241918087006,0.0,0.0,0,0,0,-1
gmsc,xgboost,53,NumberOfDependents,relative_minus_10,-0.1,0.0,0.1,0.8459349870681763,0.8459349870681763,0.0,0.0,1,1,0,-1
gmsc,xgboost,54,NumberOfDependents,relative_minus_10,-0.1,0.0,0.1,0.9326093792915344,0.9326093792915344,0.0,0.0,1,1,0,-1
gmsc,xgboost,55,NumberOfDependents,relative_minus_10,-0.1,0.0,0.1,0.0761168822646141,0.0761168822646141,0.0,0.0,0,0,0,-1
gmsc,xgboost,56,NumberOfDependents,relative_minus_10,-0.1,0.0,0.1,0.15863358974456787,0.15863358974456787,0.0,0.0,0,0,0,-1
gmsc,xgboost,57,NumberOfDependents,relative_minus_10,-0.1,0.0,0.1,0.5884111523628235,0.5884111523628235,0.0,0.0,1,1,0,-1
gmsc,xgboost,58,NumberOfDependents,relative_minus_10,-0.1,0.0,0.1,0.6777902245521545,0.6777902245521545,0.0,0.0,1,1,0,-1
gmsc,xgboost,59,NumberOfDependents,relative_minus_10,-0.1,1.0,1.1,0.628955066204071,0.628955066204071,0.0,0.0,1,1,0,-1
gmsc,xgboost,60,NumberOfDependents,relative_minus_10,-0.1,2.0,2.2,0.17468222975730896,0.17468222975730896,0.0,0.0,0,0,0,-1
gmsc,xgboost,61,NumberOfDependents,relative_minus_10,-0.1,1.0,1.1,0.3342180848121643,0.3342180848121643,0.0,0.0,0,0,0,-1
gmsc,xgboost,62,NumberOfDependents,relative_minus_10,-0.1,0.0,0.1,0.46969300508499146,0.46969300508499146,0.0,0.0,0,0,0,-1
gmsc,xgboost,63,NumberOfDependents,relative_minus_10,-0.1,2.0,2.2,0.09234394878149033,0.09234394878149033,0.0,0.0,0,0,0,-1
gmsc,xgboost,64,NumberOfDependents,relative_minus_10,-0.1,0.0,0.1,0.36687836050987244,0.36687836050987244,0.0,0.0,0,0,0,-1
gmsc,xgboost,65,NumberOfDependents,relative_minus_10,-0.1,3.0,3.3,0.3751460015773773,0.3751460015773773,0.0,0.0,0,0,0,-1
gmsc,xgboost,66,NumberOfDependents,relative_minus_10,-0.1,0.0,0.1,0.1265122890472412,0.1265122890472412,0.0,0.0,0,0,0,-1
gmsc,xgboost,67,NumberOfDependents,relative_minus_10,-0.1,3.0,3.3,0.4232633113861084,0.4232633113861084,0.0,0.0,0,0,0,-1
gmsc,xgboost,68,NumberOfDependents,relative_minus_10,-0.1,2.0,2.2,0.10810530185699463,0.10810530185699463,0.0,0.0,0,0,0,-1
gmsc,xgboost,69,NumberOfDependents,relative_minus_10,-0.1,2.0,2.2,0.5635039806365967,0.5635039806365967,0.0,0.0,1,1,0,-1
gmsc,xgboost,70,NumberOfDependents,relative_minus_10,-0.1,0.0,0.1,0.39893585443496704,0.39893585443496704,0.0,0.0,0,0,0,-1
gmsc,xgboost,71,NumberOfDependents,relative_minus_10,-0.1,4.0,4.4,0.10639937967061996,0.10639937967061996,0.0,0.0,0,0,0,-1
gmsc,xgboost,72,NumberOfDependents,relative_minus_10,-0.1,0.0,0.1,0.19083499908447266,0.19083499908447266,0.0,0.0,0,0,0,-1
gmsc,xgboost,73,NumberOfDependents,relative_minus_10,-0.1,0.0,0.1,0.3986653685569763,0.3986653685569763,0.0,0.0,0,0,0,-1
gmsc,xgboost,74,NumberOfDependents,relative_minus_10,-0.1,0.0,0.1,0.18615853786468506,0.18615853786468506,0.0,0.0,0,0,0,-1
gmsc,xgboost,75,NumberOfDependents,relative_minus_10,-0.1,0.0,0.1,0.5547352433204651,0.5547352433204651,0.0,0.0,1,1,0,-1
gmsc,xgboost,76,NumberOfDependents,relative_minus_10,-0.1,1.0,1.1,0.11016565561294556,0.11016565561294556,0.0,0.0,0,0,0,-1
gmsc,xgboost,77,NumberOfDependents,relative_minus_10,-0.1,0.0,0.1,0.05538906157016754,0.05538906157016754,0.0,0.0,0,0,0,-1
gmsc,xgboost,78,NumberOfDependents,relative_minus_10,-0.1,0.0,0.1,0.05751078575849533,0.05751078575849533,0.0,0.0,0,0,0,-1
gmsc,xgboost,79,NumberOfDependents,relative_minus_10,-0.1,0.0,0.1,0.2844957709312439,0.2844957709312439,0.0,0.0,0,0,0,-1
gmsc,xgboost,80,NumberOfDependents,relative_minus_10,-0.1,0.0,0.1,0.1406598836183548,0.1406598836183548,0.0,0.0,0,0,0,-1
gmsc,xgboost,81,NumberOfDependents,relative_minus_10,-0.1,0.0,0.1,0.16070415079593658,0.16070415079593658,0.0,0.0,0,0,0,-1
gmsc,xgboost,82,NumberOfDependents,relative_minus_10,-0.1,0.0,0.1,0.4081357717514038,0.4081357717514038,0.0,0.0,0,0,0,-1
gmsc,xgboost,83,NumberOfDependents,relative_minus_10,-0.1,1.0,1.1,0.06326539814472198,0.06326539814472198,0.0,0.0,0,0,0,-1
gmsc,xgboost,84,NumberOfDependents,relative_minus_10,-0.1,3.0,3.3,0.6416367292404175,0.6416367292404175,0.0,0.0,1,1,0,-1
gmsc,xgboost,85,NumberOfDependents,relative_minus_10,-0.1,0.0,0.1,0.06614423543214798,0.06614423543214798,0.0,0.0,0,0,0,-1
gmsc,xgboost,86,NumberOfDependents,relative_minus_10,-0.1,0.0,0.1,0.12697042524814606,0.12697042524814606,0.0,0.0,0,0,0,-1
gmsc,xgboost,87,NumberOfDependents,relative_minus_10,-0.1,0.0,0.1,0.106936976313591,0.106936976313591,0.0,0.0,0,0,0,-1
gmsc,xgboost,88,NumberOfDependents,relative_minus_10,-0.1,0.0,0.1,0.12650665640830994,0.12650665640830994,0.0,0.0,0,0,0,-1
gmsc,xgboost,89,NumberOfDependents,relative_minus_10,-0.1,2.0,2.2,0.3815006911754608,0.3815006911754608,0.0,0.0,0,0,0,-1
gmsc,xgboost,90,NumberOfDependents,relative_minus_10,-0.1,0.0,0.1,0.044368140399456024,0.044368140399456024,0.0,0.0,0,0,0,-1
gmsc,xgboost,91,NumberOfDependents,relative_minus_10,-0.1,1.0,1.1,0.1482551395893097,0.1482551395893097,0.0,0.0,0,0,0,-1
gmsc,xgboost,92,NumberOfDependents,relative_minus_10,-0.1,0.0,0.1,0.06322672218084335,0.06322672218084335,0.0,0.0,0,0,0,-1
gmsc,xgboost,93,NumberOfDependents,relative_minus_10,-0.1,1.0,1.1,0.1017114520072937,0.1017114520072937,0.0,0.0,0,0,0,-1
gmsc,xgboost,94,NumberOfDependents,relative_minus_10,-0.1,0.0,0.1,0.14927543699741364,0.14927543699741364,0.0,0.0,0,0,0,-1
gmsc,xgboost,95,NumberOfDependents,relative_minus_10,-0.1,2.0,2.2,0.22754548490047455,0.22754548490047455,0.0,0.0,0,0,0,-1
gmsc,xgboost,96,NumberOfDependents,relative_minus_10,-0.1,0.0,0.1,0.13160045444965363,0.13160045444965363,0.0,0.0,0,0,0,-1
gmsc,xgboost,97,NumberOfDependents,relative_minus_10,-0.1,0.0,0.1,0.0985931009054184,0.0985931009054184,0.0,0.0,0,0,0,-1
gmsc,xgboost,98,NumberOfDependents,relative_minus_10,-0.1,4.0,4.4,0.35479238629341125,0.35479238629341125,0.0,0.0,0,0,0,-1
gmsc,xgboost,99,NumberOfDependents,relative_minus_10,-0.1,0.0,0.1,0.9183781147003174,0.9183781147003174,0.0,0.0,1,1,0,-1
gmsc,xgboost,0,NumberOfDependents,relative_plus_10,0.1,0.0,0.1,0.08203070610761642,0.08203070610761642,0.0,0.0,0,0,0,-1
gmsc,xgboost,1,NumberOfDependents,relative_plus_10,0.1,0.0,0.1,0.07381805032491684,0.07381805032491684,0.0,0.0,0,0,0,-1
gmsc,xgboost,2,NumberOfDependents,relative_plus_10,0.1,0.0,0.1,0.057695530354976654,0.057695530354976654,0.0,0.0,0,0,0,-1
gmsc,xgboost,3,NumberOfDependents,relative_plus_10,0.1,0.0,0.1,0.29744529724121094,0.29744529724121094,0.0,0.0,0,0,0,-1
gmsc,xgboost,4,NumberOfDependents,relative_plus_10,0.1,0.0,0.1,0.10023795068264008,0.10023795068264008,0.0,0.0,0,0,0,-1
gmsc,xgboost,5,NumberOfDependents,relative_plus_10,0.1,1.0,1.1,0.19237148761749268,0.19237148761749268,0.0,0.0,0,0,0,-1
gmsc,xgboost,6,NumberOfDependents,relative_plus_10,0.1,1.0,1.1,0.2720617651939392,0.2720617651939392,0.0,0.0,0,0,0,-1
gmsc,xgboost,7,NumberOfDependents,relative_plus_10,0.1,0.0,0.1,0.2072291374206543,0.2072291374206543,0.0,0.0,0,0,0,-1
gmsc,xgboost,8,NumberOfDependents,relative_plus_10,0.1,0.0,0.1,0.14596141874790192,0.14596141874790192,0.0,0.0,0,0,0,-1
gmsc,xgboost,9,NumberOfDependents,relative_plus_10,0.1,0.0,0.1,0.3907460570335388,0.3907460570335388,0.0,0.0,0,0,0,-1
gmsc,xgboost,10,NumberOfDependents,relative_plus_10,0.1,0.0,0.1,0.43983033299446106,0.43983033299446106,0.0,0.0,0,0,0,-1
gmsc,xgboost,11,NumberOfDependents,relative_plus_10,0.1,2.0,2.2,0.2212306559085846,0.2212306559085846,0.0,0.0,0,0,0,-1
gmsc,xgboost,12,NumberOfDependents,relative_plus_10,0.1,0.0,0.1,0.034909687936306,0.034909687936306,0.0,0.0,0,0,0,-1
gmsc,xgboost,13,NumberOfDependents,relative_plus_10,0.1,0.0,0.1,0.8862441778182983,0.8862441778182983,0.0,0.0,1,1,0,-1
gmsc,xgboost,14,NumberOfDependents,relative_plus_10,0.1,3.0,3.3,0.30772891640663147,0.30772891640663147,0.0,0.0,0,0,0,-1
gmsc,xgboost,15,NumberOfDependents,relative_plus_10,0.1,3.0,3.3,0.2524952292442322,0.2524952292442322,0.0,0.0,0,0,0,-1
gmsc,xgboost,16,NumberOfDependents,relative_plus_10,0.1,0.0,0.1,0.48664188385009766,0.48664188385009766,0.0,0.0,0,0,0,-1
gmsc,xgboost,17,NumberOfDependents,relative_plus_10,0.1,0.0,0.1,0.09193970263004303,0.09193970263004303,0.0,0.0,0,0,0,-1
gmsc,xgboost,18,NumberOfDependents,relative_plus_10,0.1,1.0,1.1,0.3769620656967163,0.3769620656967163,0.0,0.0,0,0,0,-1
gmsc,xgboost,19,NumberOfDependents,relative_plus_10,0.1,0.0,0.1,0.21186602115631104,0.21186602115631104,0.0,0.0,0,0,0,-1
gmsc,xgboost,20,NumberOfDependents,relative_plus_10,0.1,2.0,2.2,0.04993200674653053,0.04993200674653053,0.0,0.0,0,0,0,-1
gmsc,xgboost,21,NumberOfDependents,relative_plus_10,0.1,0.0,0.1,0.08262580633163452,0.08262580633163452,0.0,0.0,0,0,0,-1
gmsc,xgboost,22,NumberOfDependents,relative_plus_10,0.1,0.0,0.1,0.06402596086263657,0.06402596086263657,0.0,0.0,0,0,0,-1
gmsc,xgboost,23,NumberOfDependents,relative_plus_10,0.1,3.0,3.3,0.08952450007200241,0.08952450007200241,0.0,0.0,0,0,0,-1
gmsc,xgboost,24,NumberOfDependents,relative_plus_10,0.1,1.0,1.1,0.034259602427482605,0.034259602427482605,0.0,0.0,0,0,0,-1
gmsc,xgboost,25,NumberOfDependents,relative_plus_10,0.1,0.0,0.1,0.49923714995384216,0.49923714995384216,0.0,0.0,0,0,0,-1
gmsc,xgboost,26,NumberOfDependents,relative_plus_10,0.1,0.0,0.1,0.46355003118515015,0.46355003118515015,0.0,0.0,0,0,0,-1
gmsc,xgboost,27,NumberOfDependents,relative_plus_10,0.1,0.0,0.1,0.16462162137031555,0.16462162137031555,0.0,0.0,0,0,0,-1
gmsc,xgboost,28,NumberOfDependents,relative_plus_10,0.1,2.0,2.2,0.222405344247818,0.222405344247818,0.0,0.0,0,0,0,-1
gmsc,xgboost,29,NumberOfDependents,relative_plus_10,0.1,0.0,0.1,0.06126169487833977,0.06126169487833977,0.0,0.0,0,0,0,-1
gmsc,xgboost,30,NumberOfDependents,relative_plus_10,0.1,0.0,0.1,0.25775110721588135,0.25775110721588135,0.0,0.0,0,0,0,-1
gmsc,xgboost,31,NumberOfDependents,relative_plus_10,0.1,2.0,2.2,0.14284415543079376,0.14284415543079376,0.0,0.0,0,0,0,-1
gmsc,xgboost,32,NumberOfDependents,relative_plus_10,0.1,0.0,0.1,0.1354866921901703,0.1354866921901703,0.0,0.0,0,0,0,-1
gmsc,xgboost,33,NumberOfDependents,relative_plus_10,0.1,0.0,0.1,0.0799889788031578,0.0799889788031578,0.0,0.0,0,0,0,-1
gmsc,xgboost,34,NumberOfDependents,relative_plus_10,0.1,0.0,0.1,0.5890139937400818,0.5890139937400818,0.0,0.0,1,1,0,-1
gmsc,xgboost,35,NumberOfDependents,relative_plus_10,0.1,0.0,0.1,0.7353684902191162,0.7353684902191162,0.0,0.0,1,1,0,-1
gmsc,xgboost,36,NumberOfDependents,relative_plus_10,0.1,0.0,0.1,0.1960536539554596,0.1960536539554596,0.0,0.0,0,0,0,-1
gmsc,xgboost,37,NumberOfDependents,relative_plus_10,0.1,0.0,0.1,0.35266122221946716,0.35266122221946716,0.0,0.0,0,0,0,-1
gmsc,xgboost,38,NumberOfDependents,relative_plus_10,0.1,0.0,0.1,0.2510143518447876,0.2510143518447876,0.0,0.0,0,0,0,-1
gmsc,xgboost,39,NumberOfDependents,relative_plus_10,0.1,3.0,3.3,0.4371665418148041,0.4371665418148041,0.0,0.0,0,0,0,-1
gmsc,xgboost,40,NumberOfDependents,relative_plus_10,0.1,3.0,3.3,0.13587132096290588,0.13587132096290588,0.0,0.0,0,0,0,-1
gmsc,xgboost,41,NumberOfDependents,relative_plus_10,0.1,0.0,0.1,0.18514351546764374,0.18514351546764374,0.0,0.0,0,0,0,-1
gmsc,xgboost,42,NumberOfDependents,relative_plus_10,0.1,0.0,0.1,0.10479436814785004,0.10479436814785004,0.0,0.0,0,0,0,-1
gmsc,xgboost,43,NumberOfDependents,relative_plus_10,0.1,0.0,0.1,0.5401685833930969,0.5401685833930969,0.0,0.0,1,1,0,-1
gmsc,xgboost,44,NumberOfDependents,relative_plus_10,0.1,2.0,2.2,0.11184448003768921,0.11184448003768921,0.0,0.0,0,0,0,-1
gmsc,xgboost,45,NumberOfDependents,relative_plus_10,0.1,0.0,0.1,0.12677443027496338,0.12677443027496338,0.0,0.0,0,0,0,-1
gmsc,xgboost,46,NumberOfDependents,relative_plus_10,0.1,0.0,0.1,0.25457122921943665,0.25457122921943665,0.0,0.0,0,0,0,-1
gmsc,xgboost,47,NumberOfDependents,relative_plus_10,0.1,0.0,0.1,0.05936043709516525,0.05936043709516525,0.0,0.0,0,0,0,-1
gmsc,xgboost,48,NumberOfDependents,relative_plus_10,0.1,0.0,0.1,0.08543100953102112,0.08543100953102112,0.0,0.0,0,0,0,-1
gmsc,xgboost,49,NumberOfDependents,relative_plus_10,0.1,0.0,0.1,0.03611498698592186,0.03611498698592186,0.0,0.0,0,0,0,-1
gmsc,xgboost,50,NumberOfDependents,relative_plus_10,0.1,0.0,0.1,0.1643790304660797,0.1643790304660797,0.0,0.0,0,0,0,-1
gmsc,xgboost,51,NumberOfDependents,relative_plus_10,0.1,0.0,0.1,0.2535255253314972,0.2535255253314972,0.0,0.0,0,0,0,-1
gmsc,xgboost,52,NumberOfDependents,relative_plus_10,0.1,0.0,0.1,0.043543241918087006,0.043543241918087006,0.0,0.0,0,0,0,-1
gmsc,xgboost,53,NumberOfDependents,relative_plus_10,0.1,0.0,0.1,0.8459349870681763,0.8459349870681763,0.0,0.0,1,1,0,-1
gmsc,xgboost,54,NumberOfDependents,relative_plus_10,0.1,0.0,0.1,0.9326093792915344,0.9326093792915344,0.0,0.0,1,1,0,-1
gmsc,xgboost,55,NumberOfDependents,relative_plus_10,0.1,0.0,0.1,0.0761168822646141,0.0761168822646141,0.0,0.0,0,0,0,-1
gmsc,xgboost,56,NumberOfDependents,relative_plus_10,0.1,0.0,0.1,0.15863358974456787,0.15863358974456787,0.0,0.0,0,0,0,-1
gmsc,xgboost,57,NumberOfDependents,relative_plus_10,0.1,0.0,0.1,0.5884111523628235,0.5884111523628235,0.0,0.0,1,1,0,-1
gmsc,xgboost,58,NumberOfDependents,relative_plus_10,0.1,0.0,0.1,0.6777902245521545,0.6777902245521545,0.0,0.0,1,1,0,-1
gmsc,xgboost,59,NumberOfDependents,relative_plus_10,0.1,1.0,1.1,0.628955066204071,0.628955066204071,0.0,0.0,1,1,0,-1
gmsc,xgboost,60,NumberOfDependents,relative_plus_10,0.1,2.0,2.2,0.17468222975730896,0.17468222975730896,0.0,0.0,0,0,0,-1
gmsc,xgboost,61,NumberOfDependents,relative_plus_10,0.1,1.0,1.1,0.3342180848121643,0.3342180848121643,0.0,0.0,0,0,0,-1
gmsc,xgboost,62,NumberOfDependents,relative_plus_10,0.1,0.0,0.1,0.46969300508499146,0.46969300508499146,0.0,0.0,0,0,0,-1
gmsc,xgboost,63,NumberOfDependents,relative_plus_10,0.1,2.0,2.2,0.09234394878149033,0.09234394878149033,0.0,0.0,0,0,0,-1
gmsc,xgboost,64,NumberOfDependents,relative_plus_10,0.1,0.0,0.1,0.36687836050987244,0.36687836050987244,0.0,0.0,0,0,0,-1
gmsc,xgboost,65,NumberOfDependents,relative_plus_10,0.1,3.0,3.3,0.3751460015773773,0.3751460015773773,0.0,0.0,0,0,0,-1
gmsc,xgboost,66,NumberOfDependents,relative_plus_10,0.1,0.0,0.1,0.1265122890472412,0.1265122890472412,0.0,0.0,0,0,0,-1
gmsc,xgboost,67,NumberOfDependents,relative_plus_10,0.1,3.0,3.3,0.4232633113861084,0.4232633113861084,0.0,0.0,0,0,0,-1
gmsc,xgboost,68,NumberOfDependents,relative_plus_10,0.1,2.0,2.2,0.10810530185699463,0.10810530185699463,0.0,0.0,0,0,0,-1
gmsc,xgboost,69,NumberOfDependents,relative_plus_10,0.1,2.0,2.2,0.5635039806365967,0.5635039806365967,0.0,0.0,1,1,0,-1
gmsc,xgboost,70,NumberOfDependents,relative_plus_10,0.1,0.0,0.1,0.39893585443496704,0.39893585443496704,0.0,0.0,0,0,0,-1
gmsc,xgboost,71,NumberOfDependents,relative_plus_10,0.1,4.0,4.4,0.10639937967061996,0.10639937967061996,0.0,0.0,0,0,0,-1
gmsc,xgboost,72,NumberOfDependents,relative_plus_10,0.1,0.0,0.1,0.19083499908447266,0.19083499908447266,0.0,0.0,0,0,0,-1
gmsc,xgboost,73,NumberOfDependents,relative_plus_10,0.1,0.0,0.1,0.3986653685569763,0.3986653685569763,0.0,0.0,0,0,0,-1
gmsc,xgboost,74,NumberOfDependents,relative_plus_10,0.1,0.0,0.1,0.18615853786468506,0.18615853786468506,0.0,0.0,0,0,0,-1
gmsc,xgboost,75,NumberOfDependents,relative_plus_10,0.1,0.0,0.1,0.5547352433204651,0.5547352433204651,0.0,0.0,1,1,0,-1
gmsc,xgboost,76,NumberOfDependents,relative_plus_10,0.1,1.0,1.1,0.11016565561294556,0.11016565561294556,0.0,0.0,0,0,0,-1
gmsc,xgboost,77,NumberOfDependents,relative_plus_10,0.1,0.0,0.1,0.05538906157016754,0.05538906157016754,0.0,0.0,0,0,0,-1
gmsc,xgboost,78,NumberOfDependents,relative_plus_10,0.1,0.0,0.1,0.05751078575849533,0.05751078575849533,0.0,0.0,0,0,0,-1
gmsc,xgboost,79,NumberOfDependents,relative_plus_10,0.1,0.0,0.1,0.2844957709312439,0.2844957709312439,0.0,0.0,0,0,0,-1
gmsc,xgboost,80,NumberOfDependents,relative_plus_10,0.1,0.0,0.1,0.1406598836183548,0.1406598836183548,0.0,0.0,0,0,0,-1
gmsc,xgboost,81,NumberOfDependents,relative_plus_10,0.1,0.0,0.1,0.16070415079593658,0.16070415079593658,0.0,0.0,0,0,0,-1
gmsc,xgboost,82,NumberOfDependents,relative_plus_10,0.1,0.0,0.1,0.4081357717514038,0.4081357717514038,0.0,0.0,0,0,0,-1
gmsc,xgboost,83,NumberOfDependents,relative_plus_10,0.1,1.0,1.1,0.06326539814472198,0.06326539814472198,0.0,0.0,0,0,0,-1
gmsc,xgboost,84,NumberOfDependents,relative_plus_10,0.1,3.0,3.3,0.6416367292404175,0.6416367292404175,0.0,0.0,1,1,0,-1
gmsc,xgboost,85,NumberOfDependents,relative_plus_10,0.1,0.0,0.1,0.06614423543214798,0.06614423543214798,0.0,0.0,0,0,0,-1
gmsc,xgboost,86,NumberOfDependents,relative_plus_10,0.1,0.0,0.1,0.12697042524814606,0.12697042524814606,0.0,0.0,0,0,0,-1
gmsc,xgboost,87,NumberOfDependents,relative_plus_10,0.1,0.0,0.1,0.106936976313591,0.106936976313591,0.0,0.0,0,0,0,-1
gmsc,xgboost,88,NumberOfDependents,relative_plus_10,0.1,0.0,0.1,0.12650665640830994,0.12650665640830994,0.0,0.0,0,0,0,-1
gmsc,xgboost,89,NumberOfDependents,relative_plus_10,0.1,2.0,2.2,0.3815006911754608,0.3815006911754608,0.0,0.0,0,0,0,-1
gmsc,xgboost,90,NumberOfDependents,relative_plus_10,0.1,0.0,0.1,0.044368140399456024,0.044368140399456024,0.0,0.0,0,0,0,-1
gmsc,xgboost,91,NumberOfDependents,relative_plus_10,0.1,1.0,1.1,0.1482551395893097,0.1482551395893097,0.0,0.0,0,0,0,-1
gmsc,xgboost,92,NumberOfDependents,relative_plus_10,0.1,0.0,0.1,0.06322672218084335,0.06322672218084335,0.0,0.0,0,0,0,-1
gmsc,xgboost,93,NumberOfDependents,relative_plus_10,0.1,1.0,1.1,0.1017114520072937,0.1017114520072937,0.0,0.0,0,0,0,-1
gmsc,xgboost,94,NumberOfDependents,relative_plus_10,0.1,0.0,0.1,0.14927543699741364,0.14927543699741364,0.0,0.0,0,0,0,-1
gmsc,xgboost,95,NumberOfDependents,relative_plus_10,0.1,2.0,2.2,0.22754548490047455,0.22754548490047455,0.0,0.0,0,0,0,-1
gmsc,xgboost,96,NumberOfDependents,relative_plus_10,0.1,0.0,0.1,0.13160045444965363,0.13160045444965363,0.0,0.0,0,0,0,-1
gmsc,xgboost,97,NumberOfDependents,relative_plus_10,0.1,0.0,0.1,0.0985931009054184,0.0985931009054184,0.0,0.0,0,0,0,-1
gmsc,xgboost,98,NumberOfDependents,relative_plus_10,0.1,4.0,4.4,0.35479238629341125,0.35479238629341125,0.0,0.0,0,0,0,-1
gmsc,xgboost,99,NumberOfDependents,relative_plus_10,0.1,0.0,0.1,0.9183781147003174,0.9183781147003174,0.0,0.0,1,1,0,-1
