dataset,model,instance_index,shap_lime_correlation,rank_agreement,sign_agreement,top10_overlap,explanation_agreement_score
german,xgboost,6,-0.14082490612174448,0.7051727414113529,0.5434782608695652,0.3333333333333333,0.5451125748254106
german,xgboost,8,-0.25613151177569543,0.726368496840224,0.5217391304347826,0.42857142857142855,0.5756405664379529
german,xgboost,9,-0.09316038432669278,0.7045213993751263,0.5,0.5384615384615384,0.593347021288512
german,xgboost,10,0.5029833340776659,0.6798246805015375,0.4782608695652174,0.25,0.4904081330701803
german,xgboost,12,-0.4117903970729819,0.7161912775241848,0.5217391304347826,0.3333333333333333,0.5429982501401087
german,xgboost,15,-0.35933191070362047,0.7246858632466389,0.41304347826086957,0.42857142857142855,0.542358817348345
german,xgboost,18,0.34641862629240183,0.6832713654432362,0.4782608695652174,0.42857142857142855,0.5453582356182882
german,xgboost,21,0.31485243196038143,0.8002415394489149,0.4782608695652174,0.5384615384615384,0.6251133381875926
german,xgboost,22,-0.15086645268665155,0.7144272261760712,0.5217391304347826,0.42857142857142855,0.5708640581722919
german,xgboost,23,-0.0568755536780827,0.8034982496300475,0.34782608695652173,0.5384615384615384,0.587285587477437
german,xgboost,24,-0.0631204543665973,0.7168697588119206,0.5434782608695652,0.42857142857142855,0.5783628103570664
german,xgboost,27,-0.6090064606336347,0.6492930225534196,0.4782608695652174,0.3333333333333333,0.5031954698909331
german,xgboost,29,-0.14045620325378944,0.7696284637462685,0.5869565217391305,0.42857142857142855,0.6125097705916751
german,xgboost,32,-0.18987060626633057,0.690626102602294,0.3695652173913043,0.42857142857142855,0.5156914348297374
german,xgboost,38,-0.8413262389864682,0.7563845090096627,0.43478260869565216,0.6666666666666666,0.6329885862125607
german,xgboost,40,-0.6709626408812844,0.729896599536451,0.6521739130434783,0.5384615384615384,0.6491492752660855
german,xgboost,45,0.16197810200137838,0.7224061661198461,0.5217391304347826,0.5384615384615384,0.6070226671168347
german,xgboost,47,0.2136476173533033,0.7622465873357014,0.5,0.42857142857142855,0.5834700635057092
german,xgboost,51,0.5195364475369625,0.752747849307398,0.5,0.42857142857142855,0.5796705682943878
german,xgboost,54,0.13760732890438385,0.6846283280187081,0.5,0.25,0.4988513312074832
german,xgboost,55,-0.1348186163871954,0.6757266535236124,0.45652173913043476,0.5384615384615384,0.568785644687037
german,xgboost,56,-0.3180636101926119,0.6929057997290867,0.3695652173913043,0.3333333333333333,0.48803188510902595
german,xgboost,57,-0.1752256333430971,0.7136130486307881,0.6304347826086957,0.6666666666666666,0.6745756542349239
german,xgboost,58,-0.019430092844423468,0.6298341792211524,0.4782608695652174,0.42857142857142855,0.5239833611294548
german,xgboost,59,0.28218150746600923,0.7157570495000337,0.5,0.3333333333333333,0.5363028198000135
german,xgboost,60,-0.3019482189466134,0.710383477701165,0.5,0.3333333333333333,0.534153391080466
german,xgboost,62,0.020402155630702693,0.7257171548039976,0.5217391304347826,0.3333333333333333,0.5468086010520338
german,xgboost,65,-0.22198061938572716,0.7236817109407897,0.4782608695652174,0.42857142857142855,0.5615223738173096
german,xgboost,67,-0.35892363130471644,0.6671235107951204,0.5217391304347826,0.42857142857142855,0.5519425720199116
german,xgboost,70,-0.08342987024041552,0.7626536761083429,0.45652173913043476,0.42857142857142855,0.5705894207538962
german,xgboost,71,-0.4765728005972524,0.7127174533309766,0.391304347826087,0.42857142857142855,0.5310497142516453
german,xgboost,74,-0.6279419245648487,0.7183081391419208,0.3695652173913043,0.6666666666666666,0.5981928208741596
german,xgboost,75,-0.35684661978958154,0.7534263305951339,0.45652173913043476,0.5384615384615384,0.5998655155156455
german,xgboost,77,-0.0729586297786084,0.71062773096475,0.5217391304347826,0.3333333333333333,0.5407728315163348
german,xgboost,78,0.09694854018469602,0.6993378023368236,0.43478260869565216,0.5384615384615384,0.5717083650818866
german,xgboost,79,0.5180142705885022,0.5518631096345364,0.4782608695652174,0.3333333333333333,0.4642235047233798
german,xgboost,80,0.1138689593981375,0.7326648031904137,0.4782608695652174,0.5384615384615384,0.5980826436841922
german,xgboost,81,-0.18416178993798632,0.8131598231674074,0.5,0.3333333333333333,0.575263929266963
german,xgboost,82,0.2618090180534421,0.7435476430456984,0.5,0.5384615384615384,0.6089575187567409
german,xgboost,83,0.008487655503568772,0.8023855403181605,0.5,0.6666666666666666,0.6709542161272641
german,xgboost,85,0.15702225116388768,0.5306402149541557,0.43478260869565216,0.3333333333333333,0.4426908685903579
german,xgboost,86,0.09836023919096568,0.7266398893553184,0.41304347826086957,0.5384615384615384,0.5761074607588498
german,xgboost,88,-0.44468177595224473,0.6705430564853097,0.45652173913043476,0.3333333333333333,0.5051737443332543
german,xgboost,91,-0.35727529436808997,0.6652780416924786,0.41304347826086957,0.5384615384615384,0.5515627216937138
german,xgboost,97,-0.04284391406430161,0.7290010042366396,0.5434782608695652,0.5384615384615384,0.6161823414939869
german,xgboost,99,-0.08427165174464564,0.7552175211947569,0.41304347826086957,0.3333333333333333,0.5260000519561637
german,xgboost,100,0.4685280534798547,0.723084647407582,0.6304347826086957,0.42857142857142855,0.60693572231707
german,xgboost,101,-0.1267377086806918,0.7447960486151326,0.34782608695652173,0.5384615384615384,0.5638047070714711
german,xgboost,104,0.3137104125168132,0.7820582409375912,0.5652173913043478,0.3333333333333333,0.5823885137663408
german,xgboost,105,0.04449569773719442,0.7023502592543712,0.5,0.3333333333333333,0.5309401037017485
german,xgboost,106,-0.10797944221214219,0.6855782018215384,0.6304347826086957,0.42857142857142855,0.5919331440826526
german,xgboost,107,-0.721500652845127,0.7450674411302269,0.5,0.5384615384615384,0.6095654379905523
german,xgboost,109,0.2417648468049922,0.7381740712468297,0.5652173913043478,0.42857142857142855,0.5934062744614648
german,xgboost,114,0.3074479322323316,0.7009661574273899,0.6521739130434783,0.42857142857142855,0.6046100654554281
german,xgboost,115,-0.43185662594754426,0.6953483323649362,0.5217391304347826,0.3333333333333333,0.5346610720764092
german,xgboost,116,0.23713965103421542,0.724441609983054,0.6739130434782609,0.5384615384615384,0.6534890185751614
german,xgboost,117,0.2925621107451573,0.5810920835102014,0.5,0.42857142857142855,0.5110082619755091
german,xgboost,118,0.1351091256044276,0.7712839580883443,0.5,0.42857142857142855,0.5870850118067663
german,xgboost,119,-0.6307774927745904,0.7029201835360694,0.43478260869565216,0.6666666666666666,0.6116028560231234
german,xgboost,120,-0.09519221568228854,0.6736912096604045,0.5,0.3333333333333333,0.5194764838641618
german,xgboost,121,-0.4880301363263398,0.6225608598166229,0.5652173913043478,0.42857142857142855,0.5471609898893821
german,xgboost,126,0.47307665536711246,0.7834152035130632,0.5434782608695652,0.6666666666666666,0.6764095596660947
german,xgboost,130,0.21398813957549057,0.6476918067143627,0.5,0.3333333333333333,0.509076722685745
german,xgboost,132,-0.1000143174755954,0.6475289712053061,0.5,0.3333333333333333,0.5090115884821224
german,xgboost,135,-0.030426488482244482,0.822794257453258,0.4782608695652174,0.42857142857142855,0.601167392422297
german,xgboost,136,0.3416271347807237,0.6632425978292709,0.5434782608695652,0.42857142857142855,0.5569119459640065
german,xgboost,137,0.3746497990725417,0.6626455342960631,0.45652173913043476,0.42857142857142855,0.5305861640289842
german,xgboost,141,0.7142201696917391,0.6614242679781384,0.5,0.42857142857142855,0.5431411357626839
german,xgboost,143,0.15158794279897678,0.716951176566449,0.45652173913043476,0.5384615384615384,0.5852754539041716
german,xgboost,144,-0.566785832874392,0.667340624807196,0.5,0.42857142857142855,0.5455076784943069
german,xgboost,145,-0.1472336504136998,0.6510027953985141,0.5652173913043478,0.42857142857142855,0.5585377641221385
german,xgboost,148,0.19715300603670646,0.6778163758898391,0.5434782608695652,0.3333333333333333,0.5341700286168052
german,xgboost,150,-0.12756576935466746,0.607145764959262,0.5434782608695652,0.42857142857142855,0.5344732128160029
german,xgboost,151,0.035903882012570554,0.7092164898862591,0.32608695652173914,0.3333333333333333,0.48151268291102534
german,xgboost,153,-0.14178148577324007,0.7992373871430656,0.5869565217391305,0.17647058823529413,0.5487230878495537
german,xgboost,154,-0.7667146001017524,0.6837870112219155,0.32608695652173914,0.5384615384615384,0.5328793529837494
german,xgboost,158,-0.152451621704845,0.7747577822815523,0.5652173913043478,0.8181818181818182,0.7249228757584708
german,xgboost,159,0.192215235303315,0.7242787744739974,0.5217391304347826,0.42857142857142855,0.5748046774914624
german,xgboost,161,0.48247959388524286,0.7148885934517317,0.6304347826086957,0.3333333333333333,0.5750858721633013
german,xgboost,162,0.3292429545113772,0.7958449807043859,0.5652173913043478,0.5384615384615384,0.6494416712115203
german,xgboost,164,0.5567845380776402,0.6375417266498329,0.5217391304347826,0.3333333333333333,0.5115384297903679
german,xgboost,165,0.3455404933887131,0.7409965534038112,0.5434782608695652,0.42857142857142855,0.5880135281938226
german,xgboost,166,-0.5250360351194294,0.7855863436338182,0.32608695652173914,0.42857142857142855,0.5406320529814777
german,xgboost,168,0.11888327795273936,0.7241702174679596,0.5434782608695652,0.42857142857142855,0.581282993819482
german,xgboost,170,0.10876018760419753,0.7966320189981596,0.5,0.42857142857142855,0.5972242361706924
german,xgboost,173,0.045991821818563976,0.6990664098217292,0.5652173913043478,0.5384615384615384,0.6107302428584576
german,xgboost,174,-0.6662240439815927,0.6865280756243688,0.5217391304347826,0.5384615384615384,0.5926714309186438
german,xgboost,175,0.2468081777842741,0.7539691156253228,0.5434782608695652,0.42857142857142855,0.5932025530824272
german,xgboost,176,0.24017636085163258,0.7279425734277715,0.5652173913043478,0.5384615384615384,0.6222807083008745
german,xgboost,178,0.17188362685523076,0.6711401200185173,0.4782608695652174,0.42857142857142855,0.5405057374484007
german,xgboost,179,0.2740843966040867,0.5945260130073733,0.5869565217391305,0.42857142857142855,0.542468790296117
german,xgboost,181,-0.018205629457241863,0.7020517274877675,0.3695652173913043,0.42857142857142855,0.5202616847839268
german,xgboost,182,-0.4986891294618097,0.7187152279145625,0.4782608695652174,0.3333333333333333,0.5309643520353903
german,xgboost,184,0.04944423088863667,0.6218281000258681,0.4782608695652174,0.25,0.4672095008799125
german,xgboost,187,-0.4479956483816945,0.6835427579583306,0.41304347826086957,0.42857142857142855,0.5259015752330217
german,xgboost,189,0.40014928305122754,0.6108909816675645,0.4782608695652174,0.3333333333333333,0.487834653536591
german,xgboost,190,0.3644925656277253,0.7086194263530514,0.5217391304347826,0.25,0.5149695096716553
german,xgboost,192,-0.400966465700991,0.7918555107324985,0.3695652173913043,0.5384615384615384,0.5891502310488522
german,xgboost,193,0.2853185078206064,0.5614161261658587,0.45652173913043476,0.25,0.4365229722054739
german,xgboost,194,0.11800450035317424,0.7363828806472068,0.4782608695652174,0.42857142857142855,0.5666028416998765
german,lightgbm,6,-0.5054897946078825,0.6757153004641225,0.4318181818181818,0.25,0.47483157473110355
german,lightgbm,8,-0.48620230426047545,0.7733590415068305,0.2727272727272727,0.3333333333333333,0.491161798420914
german,lightgbm,9,-0.3317105346413371,0.681985999430168,0.2727272727272727,0.25,0.429612581590249
german,lightgbm,10,0.3956788193360968,0.7335903229559361,0.36363636363636365,0.17647058823529413,0.4554682147438717
german,lightgbm,12,0.2364378360257608,0.6649383849250747,0.29545454545454547,0.25,0.42961171760639355
german,lightgbm,15,0.26910355130799773,0.7146153507599804,0.36363636363636365,0.25,0.4699370493949013
german,lightgbm,18,0.44953641620926826,0.6828003759192648,0.38636363636363635,0.17647058823529413,0.44197041774738505
german,lightgbm,21,0.1762191897979586,0.6607036271817712,0.2727272727272727,0.25,0.4210996326908903
german,lightgbm,22,0.10020118885447256,0.6355122477857098,0.3409090909090909,0.25,0.4314776263870112
german,lightgbm,23,-0.3291490737690835,0.782914392312233,0.36363636363636365,0.3333333333333333,0.5222566660158023
german,lightgbm,24,-0.42783610898026936,0.6473207068776137,0.2727272727272727,0.25,0.41574646456922726
german,lightgbm,27,-0.21067593454562267,0.7474075773876121,0.29545454545454547,0.25,0.4625993945914085
german,lightgbm,29,0.1945860298907788,0.5796731665166382,0.4318181818181818,0.25,0.43641472115210983
german,lightgbm,32,0.14970268782134877,0.7393995419114934,0.3181818181818182,0.17647058823529413,0.444155538689731
german,lightgbm,38,-0.4469574761805025,0.6438731797404371,0.18181818181818182,0.25,0.38709472644162946
german,lightgbm,40,-0.6957992400007452,0.6894239713639189,0.25,0.25,0.42576958854556757
german,lightgbm,45,0.38654450004185603,0.6541071776200871,0.4090909090909091,0.17647058823529413,0.4373113202458958
german,lightgbm,47,-0.27104627418589616,0.7231934497784667,0.29545454545454547,0.25,0.4529137435477503
german,lightgbm,51,0.4733685741132111,0.6393398172844649,0.4318181818181818,0.25,0.4602813814592405
german,lightgbm,54,-0.4913485365700661,0.6856506936311036,0.25,0.25,0.4242602774524415
german,lightgbm,55,-0.07042618814522374,0.7312286311375553,0.36363636363636365,0.17647058823529413,0.4545235380165194
german,lightgbm,56,0.35643947816833566,0.5342852501909758,0.3181818181818182,0.17647058823529413,0.36210982200152403
german,lightgbm,57,-0.27712693357711554,0.6644226131486467,0.3181818181818182,0.25,0.4362235907140042
german,lightgbm,58,-0.12504420432173904,0.6933872702775234,0.3181818181818182,0.42857142857142855,0.5013808821369834
german,lightgbm,59,-0.48961903008040986,0.6956403785640246,0.29545454545454547,0.3333333333333333,0.46689251506197343
german,lightgbm,60,-0.4492850387454818,0.7462131585369367,0.25,0.3333333333333333,0.4734852634147747
german,lightgbm,62,-0.4415038791050508,0.6302459464895505,0.25,0.17647058823529413,0.3800395550664084
german,lightgbm,65,-0.6273745370077548,0.6489494598558072,0.29545454545454547,0.1111111111111111,0.38154948091201984
german,lightgbm,67,0.3903152893091803,0.629078673521845,0.36363636363636365,0.25,0.43572237849964707
german,lightgbm,70,0.3154841076445879,0.6519355069824956,0.29545454545454547,0.25,0.42441056642936187
german,lightgbm,71,-0.49110230113478975,0.5929746491718862,0.2727272727272727,0.17647058823529413,0.3719492179575245
german,lightgbm,74,-0.5065866732784164,0.7493620809614444,0.29545454545454547,0.17647058823529413,0.4413223724915296
german,lightgbm,75,-0.39975908782479097,0.8083772305379935,0.20454545454545456,0.3333333333333333,0.48471452857883374
german,lightgbm,77,0.11179110261155623,0.6748737780920557,0.22727272727272727,0.25,0.4131313294186405
german,lightgbm,78,-0.4759946317342042,0.7360605983061964,0.2727272727272727,0.42857142857142855,0.5048138497120889
german,lightgbm,79,0.41749822828285765,0.641837238517695,0.3409090909090909,0.42857142857142855,0.4875790512512338
german,lightgbm,80,-0.5590840233060609,0.6690645591364985,0.3181818181818182,0.25,0.4380803691091449
german,lightgbm,81,0.01591812558859534,0.7129323060158469,0.29545454545454547,0.25,0.4488092860427024
german,lightgbm,82,-0.23792346776637924,0.7122536589415995,0.36363636363636365,0.3333333333333333,0.49399237266754886
german,lightgbm,83,0.21418651600711094,0.6399098808268326,0.29545454545454547,0.25,0.4196003159670967
german,lightgbm,85,0.03977336713015807,0.65847766477824,0.38636363636363635,0.25,0.45430015682038694
german,lightgbm,86,-0.4332244302925969,0.6250882287252706,0.3181818181818182,0.05263157894736842,0.3612793106288642
german,lightgbm,88,-0.2777681792239009,0.7869319829917774,0.25,0.25,0.464772793196711
german,lightgbm,91,-0.21564523221249668,0.6454476409526909,0.3409090909090909,0.1111111111111111,0.3937851169871369
german,lightgbm,97,-0.5167357536428133,0.7669254672429657,0.36363636363636365,0.25,0.4908610959880954
german,lightgbm,99,-0.27866661743967425,0.8192084378429811,0.3181818181818182,0.3333333333333333,0.5231379205917379
german,lightgbm,100,0.4416571953580487,0.6786470558248711,0.38636363636363635,0.42857142857142855,0.5159393418104679
german,lightgbm,101,0.3628012437966799,0.78114990991919,0.3181818181818182,0.3333333333333333,0.5079145094222215
german,lightgbm,104,0.5415633066699308,0.6748466322090859,0.38636363636363635,0.42857142857142855,0.5144191723641538
german,lightgbm,105,-0.5025235757976434,0.5590151495765491,0.4090909090909091,0.1111111111111111,0.3796666658912257
german,lightgbm,106,-0.25337644631231915,0.6842391077166692,0.36363636363636365,0.25,0.45778655217757674
german,lightgbm,107,-0.6345940358417402,0.682230312376897,0.25,0.25,0.42289212495075884
german,lightgbm,109,0.24643996298146578,0.709864821240249,0.38636363636363635,0.25,0.47485501940519054
german,lightgbm,114,0.3626901272370683,0.6633096319468811,0.36363636363636365,0.17647058823529413,0.4273559383402497
german,lightgbm,115,-0.5551876504523238,0.587138284333359,0.29545454545454547,0.17647058823529413,0.37643285384029546
german,lightgbm,116,-0.43613933115359643,0.726966727511282,0.29545454545454547,0.17647058823529413,0.43236423111146466
german,lightgbm,117,0.10753973575697477,0.8251262403304179,0.2727272727272727,0.3333333333333333,0.511868677950349
german,lightgbm,118,0.34779473193756916,0.7693143049443163,0.4772727272727273,0.5384615384615384,0.6124460016980062
german,lightgbm,119,-0.13515795015536616,0.5619740508202675,0.2727272727272727,0.17647058823529413,0.359548978616877
german,lightgbm,120,-0.5921146967080081,0.7048428328908185,0.29545454545454547,0.42857142857142855,0.4991449253641196
german,lightgbm,121,-0.49647710669916095,0.6935501455753428,0.3181818181818182,0.25,0.44787460368468257
german,lightgbm,126,0.3614924578338283,0.747651890334341,0.3409090909090909,0.3333333333333333,0.5013334834064637
german,lightgbm,130,0.30119061100321015,0.8445898384198318,0.36363636363636365,0.42857142857142855,0.5754982730302705
german,lightgbm,132,-0.128338384323313,0.7014495975195818,0.38636363636363635,0.3333333333333333,0.4964889299169236
german,lightgbm,135,-0.3763484470144143,0.7087518400384832,0.3181818181818182,0.25,0.4539552814699388
german,lightgbm,136,0.35993394158961733,0.7177371273015181,0.4318181818181818,0.3333333333333333,0.5166403054660618
german,lightgbm,137,0.5490236236047933,0.7122265130586296,0.4090909090909091,0.3333333333333333,0.5076178779507245
german,lightgbm,141,0.5276471495887437,0.7047885411248788,0.29545454545454547,0.25,0.44555178008631513
german,lightgbm,143,-0.3856594589717907,0.6536728434925687,0.36363636363636365,0.25,0.44556004648793657
german,lightgbm,144,-0.6505324685984242,0.6673815143923651,0.20454545454545456,0.3333333333333333,0.4283162421205824
german,lightgbm,145,-0.5358935821508855,0.6424615938260025,0.36363636363636365,0.17647058823529413,0.4190167230918983
german,lightgbm,148,0.23423277288322075,0.745615949111599,0.3409090909090909,0.25,0.47551910691736693
german,lightgbm,150,0.20102507705732311,0.643384553846979,0.3409090909090909,0.17647058823529413,0.4125677252821071
german,lightgbm,151,0.24062073038623027,0.649790982227874,0.29545454545454547,0.25,0.42355275652751323
german,lightgbm,153,-0.48136363278474975,0.6610836695433497,0.38636363636363635,0.25,0.4553425587264308
german,lightgbm,154,-0.7814961103280615,0.7171942096421202,0.11363636363636363,0.17647058823529413,0.37390976941834536
german,lightgbm,158,0.3397934479758352,0.7222976356404602,0.4318181818181818,0.3333333333333333,0.5184645088016386
german,lightgbm,159,-0.44521193317825664,0.7059558140925841,0.3409090909090909,0.25,0.4596550529097609
german,lightgbm,161,0.4982748414296116,0.6596720836289153,0.4090909090909091,0.3333333333333333,0.48659610617883886
german,lightgbm,162,-0.1869840223835023,0.782670079365504,0.38636363636363635,0.5384615384615384,0.590515584193754
german,lightgbm,164,0.5407550229121121,0.7738476674002885,0.38636363636363635,0.3333333333333333,0.5254481578692064
german,lightgbm,165,0.46258345655746175,0.723383470959256,0.4318181818181818,0.25,0.49389884292915703
german,lightgbm,166,-0.33136715392417676,0.7426027561019408,0.29545454545454547,0.3333333333333333,0.48567746607713996
german,lightgbm,168,-0.26154781851700143,0.6750909451558149,0.29545454545454547,0.25,0.43367274169868963
german,lightgbm,170,0.08663890874804338,0.6383082737316088,0.4318181818181818,0.17647058823529413,0.4378099405086863
german,lightgbm,173,0.49856172774289403,0.7646180671905247,0.36363636363636365,0.3333333333333333,0.514938135967119
german,lightgbm,174,-0.31130580222240417,0.6200119486099005,0.29545454545454547,0.05263157894736842,0.35243061676453435
german,lightgbm,175,-0.5055354190011464,0.7145610589940405,0.38636363636363635,0.42857142857142855,0.5303049430781357
german,lightgbm,176,0.32372230653156775,0.7094576329957005,0.38636363636363635,0.25,0.47469214410737115
german,lightgbm,178,-0.11280567916565963,0.7222976356404602,0.36363636363636365,0.5384615384615384,0.5595484248855547
german,lightgbm,179,-0.12462311149438217,0.7390737913158546,0.3409090909090909,0.42857142857142855,0.5264736723704977
german,lightgbm,181,-0.5994204828185068,0.7288669393191746,0.29545454545454547,0.3333333333333333,0.48018313936403345
german,lightgbm,182,-0.2803559865741878,0.638525440795368,0.3181818181818182,0.42857142857142855,0.47943615034412124
german,lightgbm,184,-0.3610918444806314,0.657961893001812,0.2727272727272727,0.17647058823529413,0.3979441154894948
german,lightgbm,187,0.03800550497281643,0.6405613820181101,0.45454545454545453,0.3333333333333333,0.4925881891708804
german,lightgbm,189,0.46961327398111824,0.7307128593611274,0.36363636363636365,0.25,0.47637605283536005
german,lightgbm,190,0.4241077930398493,0.7065801694008917,0.38636363636363635,0.3333333333333333,0.4985411586694476
german,lightgbm,192,-0.3366238377535606,0.6370324172320239,0.45454545454545453,0.1111111111111111,0.42450993658977926
german,lightgbm,193,0.2782289605183181,0.7332102805943576,0.25,0.17647058823529413,0.42122528870833126
german,lightgbm,194,0.5445045978297582,0.7289755228510542,0.4318181818181818,0.5384615384615384,0.5826741252243377
german,random_forest,6,-0.27070252274456275,0.7994816404066506,0.5217391304347826,0.5384615384615384,0.6378528568315566
german,random_forest,8,-0.6042612170330964,0.851344750041187,0.3695652173913043,0.5384615384615384,0.6129459267723276
german,random_forest,9,-0.4339080573767083,0.811829999843445,0.5434782608695652,0.42857142857142855,0.6163469067696761
german,random_forest,10,0.7596748361594937,0.8192118762540122,0.4782608695652174,0.6666666666666666,0.6711630113711701
german,random_forest,12,0.26035149843276695,0.8577496133974143,0.41304347826086957,0.6666666666666666,0.6670128888372266
german,random_forest,15,0.16972197539317002,0.8854045106855319,0.3695652173913043,0.8181818181818182,0.7104859149461495
german,random_forest,18,0.8466310358111421,0.861929058129868,0.3695652173913043,0.6666666666666666,0.6556411884693385
german,random_forest,21,0.7372076477966534,0.8208945098475974,0.41304347826086957,0.6666666666666666,0.6522708474172998
german,random_forest,22,0.3582612427268753,0.881442179965154,0.391304347826087,0.6666666666666666,0.6699681763338876
german,random_forest,23,-0.4918737486800794,0.8442342661457141,0.32608695652173914,0.6666666666666666,0.6355197934148074
german,random_forest,24,-0.3087033391114457,0.7888159145634414,0.391304347826087,0.42857142857142855,0.5614890987446313
german,random_forest,27,-0.6073313022095088,0.8237984097591071,0.5434782608695652,0.3333333333333333,0.5925628421645124
german,random_forest,29,0.5054507214546143,0.8470838875542052,0.43478260869565216,0.6666666666666666,0.6692683376303777
german,random_forest,32,0.3680660622936882,0.809604581219671,0.30434782608695654,0.5384615384615384,0.576684641852417
german,random_forest,38,-0.745845047807113,0.8463511277634503,0.3695652173913043,0.5384615384615384,0.610948477861233
german,random_forest,40,-0.9010492918637962,0.8079219476260859,0.3695652173913043,0.42857142857142855,0.5626097728392543
german,random_forest,45,0.647566616037824,0.8055879719962742,0.45652173913043476,0.6666666666666666,0.6591917105376401
german,random_forest,47,-0.41741994615090794,0.7862105464185354,0.41304347826086957,0.42857142857142855,0.5669686906171036
german,random_forest,51,0.7393018413291633,0.8957988440136467,0.3695652173913043,0.6666666666666666,0.6691891028228499
german,random_forest,54,-0.6432812676831274,0.7931310555534421,0.45652173913043476,0.42857142857142855,0.5827803725319358
german,random_forest,55,-0.25359214435533073,0.8445870764153369,0.32608695652173914,0.5384615384615384,0.5971993790611181
german,random_forest,56,0.35454423961048603,0.80433956642684,0.391304347826087,0.8181818181818182,0.6845816763731075
german,random_forest,57,-0.29847284106483624,0.8046652374449532,0.4782608695652174,0.6666666666666666,0.6653443558475465
german,random_forest,58,-0.4702044991173957,0.8262409423949566,0.4782608695652174,0.5384615384615384,0.6355130993660094
german,random_forest,59,-0.3782501106785435,0.8152224062821247,0.5,0.5384615384615384,0.6376274240513115
german,random_forest,60,-0.788452002023167,0.8576410563913766,0.21739130434782608,0.42857142857142855,0.5368452424323271
german,random_forest,62,-0.3139707483015159,0.877479849244776,0.34782608695652173,0.42857142857142855,0.5839111943562956
german,random_forest,65,-0.6315660001447887,0.7931310555534421,0.45652173913043476,0.6666666666666666,0.6542089439605072
german,random_forest,67,0.2347548035019347,0.8582652591760938,0.41304347826086957,0.6666666666666666,0.6672191471486983
german,random_forest,70,-0.39527767059808094,0.8744945315787378,0.3695652173913043,0.5384615384615384,0.622205839387348
german,random_forest,71,-0.6375208445158964,0.8622275898964717,0.391304347826087,0.6666666666666666,0.6622823403064148
german,random_forest,74,-0.613895793489214,0.8393763401255248,0.5434782608695652,0.5384615384615384,0.660332475849541
german,random_forest,75,-0.4368654631406661,0.7840936848007991,0.41304347826086957,0.5384615384615384,0.599088978937042
german,random_forest,77,0.3223342633561774,0.8235541564955223,0.32608695652173914,0.8181818181818182,0.6727022950092761
german,random_forest,78,-0.45088287822329837,0.8477895080934506,0.41304347826086957,0.8181818181818182,0.7084833921701865
german,random_forest,79,0.735116833698511,0.8482237361176016,0.43478260869565216,0.6666666666666666,0.6697242770557362
german,random_forest,80,-0.3625037004888107,0.8027112113362738,0.4782608695652174,0.6666666666666666,0.6645627454040748
german,random_forest,81,0.3945000808727082,0.8398105681496757,0.34782608695652173,0.6666666666666666,0.6402720533468268
german,random_forest,82,-0.24953907725532504,0.8671126551681706,0.41304347826086957,0.5384615384615384,0.6322965670839906
german,random_forest,83,0.4631707058658189,0.8121285316100488,0.391304347826087,0.6666666666666666,0.6422427169918457
german,random_forest,85,0.663946793883826,0.8850245611643999,0.5,0.6666666666666666,0.7040098244657599
german,random_forest,86,-0.4232127760993528,0.7629250686234373,0.41304347826086957,0.42857142857142855,0.5576544994990644
german,random_forest,88,-0.6921381862282243,0.863855944987038,0.391304347826087,0.42857142857142855,0.5915051109140699
german,random_forest,91,-0.6511293763707199,0.8378836812925057,0.3695652173913043,0.6666666666666666,0.6460230377343935
german,random_forest,97,-0.5125950506024696,0.8456183679726954,0.3695652173913043,0.5384615384615384,0.610655373944931
german,random_forest,99,-0.2719310770829063,0.829171981557976,0.41304347826086957,0.6666666666666666,0.6555818361014513
german,random_forest,100,0.8839441415702711,0.8263766386525039,0.45652173913043476,0.8181818181818182,0.7129617226546775
german,random_forest,101,0.34078752490082687,0.79999728618533,0.3695652173913043,0.6666666666666666,0.6308684796915233
german,random_forest,104,0.7854869332475929,0.8702065298402466,0.45652173913043476,0.5384615384615384,0.6465775952136906
german,random_forest,105,-0.4400998389951338,0.8064835672960856,0.34782608695652173,0.6666666666666666,0.6269412530053908
german,random_forest,106,-0.23327127764448582,0.8870600050276076,0.4782608695652174,0.42857142857142855,0.6268736914520369
german,random_forest,107,-0.7498944675870435,0.8573153853732634,0.391304347826087,0.6666666666666666,0.6603174584971314
german,random_forest,109,0.5007022521342064,0.8447499119243935,0.5,0.6666666666666666,0.6878999647697573
german,random_forest,114,0.6624082967792225,0.8140011399642,0.45652173913043476,0.5384615384615384,0.6240954392632719
german,random_forest,115,-0.7943113945368278,0.8294976525760892,0.391304347826087,0.6666666666666666,0.6491903653782618
german,random_forest,116,-0.30632381530127706,0.8418460120128837,0.45652173913043476,0.42857142857142855,0.6022663551157125
german,random_forest,117,0.47458905226423914,0.7839037100402331,0.43478260869565216,0.5384615384615384,0.6055347281632504
german,random_forest,118,0.6932407850401157,0.807379162595897,0.5,0.5384615384615384,0.6344901265768204
german,random_forest,119,-0.5380135634782646,0.7847993053400445,0.3695652173913043,0.5384615384615384,0.5863277488918706
german,random_forest,120,-0.5507030004257589,0.8130512661613697,0.43478260869565216,0.5384615384615384,0.6171937506117051
german,random_forest,121,-0.5277809503933678,0.8138925829581622,0.391304347826087,0.5384615384615384,0.6044867990695525
german,random_forest,126,0.7207194864265408,0.7831166717464594,0.41304347826086957,0.8181818181818182,0.68261425763139
german,random_forest,130,0.6437367792788037,0.8186419519723139,0.391304347826087,0.5384615384615384,0.6063865466752132
german,random_forest,132,-0.213411194779751,0.8503948762383566,0.5217391304347826,0.3333333333333333,0.5966796896257774
german,random_forest,135,-0.5403923083990114,0.7696284637462685,0.43478260869565216,0.5384615384615384,0.5998246296456646
german,random_forest,136,0.6757593812587085,0.8355225664111845,0.41304347826086957,0.6666666666666666,0.6581220700427347
german,random_forest,137,0.723028627800733,0.8125627596341998,0.41304347826086957,0.6666666666666666,0.6489381473319408
german,random_forest,141,0.7600189343550182,0.831153146918165,0.45652173913043476,0.5384615384615384,0.630956242044858
german,random_forest,143,-0.20796594234171983,0.8097945559802371,0.41304347826086957,0.8181818181818182,0.6932854113249012
german,random_forest,144,-0.7905124272885012,0.8264851956585416,0.34782608695652173,0.5384615384615384,0.5964803658888347
german,random_forest,145,-0.7992397254101519,0.7969576900162728,0.34782608695652173,0.5384615384615384,0.5846693636319271
german,random_forest,148,0.7262886746760162,0.855117106000999,0.43478260869565216,0.6666666666666666,0.6724816250090953
german,random_forest,150,0.2656331413960186,0.8388878335983548,0.30434782608695654,0.5384615384615384,0.5883979428038905
german,random_forest,151,0.589430126665635,0.8533530546528854,0.45652173913043476,0.6666666666666666,0.6782977436002846
german,random_forest,153,-0.6159986339522668,0.8053708579841987,0.43478260869565216,0.5384615384615384,0.6141215873408367
german,random_forest,154,-0.8761467609608778,0.8576953348943955,0.2608695652173913,0.6666666666666666,0.6213390035229756
german,random_forest,158,0.3961374691210221,0.8300132983547686,0.391304347826087,0.42857142857142855,0.5779680522611621
german,random_forest,159,-0.2031906818007989,0.8646972617838307,0.5652173913043478,0.6666666666666666,0.7154441221048365
german,random_forest,161,0.8270670531247925,0.8450484436909973,0.45652173913043476,0.6666666666666666,0.6749758992155294
german,random_forest,162,-0.2616127372511172,0.7823839119557046,0.5,0.6666666666666666,0.6629535647822818
german,random_forest,164,0.691461169413122,0.8305832226364668,0.41304347826086957,0.42857142857142855,0.5847177611042762
german,random_forest,165,0.7598783399178737,0.8551442452525083,0.5652173913043478,0.8181818181818182,0.7570774609468531
german,random_forest,166,-0.610952903624255,0.8570982713611879,0.30434782608695654,0.5384615384615384,0.5956821179090237
german,random_forest,168,-0.21413681768115378,0.7702255272794762,0.5217391304347826,0.5384615384615384,0.6261504115806868
german,random_forest,170,0.04408785212668356,0.7908513584266492,0.43478260869565216,0.42857142857142855,0.5753467545507839
german,random_forest,173,0.5824602574178597,0.8707221756189258,0.41304347826086957,0.5384615384615384,0.6337403752642927
german,random_forest,174,-0.6737089241856755,0.8281135507491079,0.391304347826087,0.6666666666666666,0.6486367246474692
german,random_forest,175,-0.4414942082606211,0.8474366978238279,0.41304347826086957,0.5384615384615384,0.6244261841462535
german,random_forest,176,0.7299729743442795,0.8779140772689269,0.5,0.5384615384615384,0.6627040924460323
german,random_forest,178,-0.2722365888985197,0.8664341738804346,0.45652173913043476,0.3333333333333333,0.5835301912913043
german,random_forest,179,-0.030078219141641688,0.8215187126323144,0.43478260869565216,0.42857142857142855,0.5876136962330499
german,random_forest,181,-0.38970300794827334,0.8176106604149553,0.43478260869565216,0.5384615384615384,0.6190175083131393
german,random_forest,182,-0.7370741494270074,0.8450755829425067,0.3695652173913043,0.42857142857142855,0.5774712269658225
german,random_forest,184,-0.2876154481005134,0.8580481451640183,0.4782608695652174,0.6666666666666666,0.6866975189351725
german,random_forest,187,0.0839292265582461,0.7756805168328733,0.391304347826087,0.5384615384615384,0.589201972619437
german,random_forest,189,0.7254000352158871,0.8852416751764753,0.5434782608695652,0.8181818181818182,0.7625946937860052
german,random_forest,190,0.7246464086473463,0.8038239206481608,0.43478260869565216,0.6666666666666666,0.6519643508679599
german,random_forest,192,-0.3944338188062519,0.8552799415100556,0.41304347826086957,0.6666666666666666,0.6660250200822831
german,random_forest,193,0.6433157499576143,0.8227671182017486,0.3695652173913043,0.6666666666666666,0.6399764124980908
german,random_forest,194,0.5686716356037311,0.8235812957470316,0.43478260869565216,0.6666666666666666,0.6598673009075083
german,mlp,6,-0.2633838769127362,0.5638415700394759,0.3,0.17647058823529413,0.36847780448637857
german,mlp,8,0.06740533234250733,0.649702747469813,0.6,0.3333333333333333,0.5398810989879252
german,mlp,9,0.14516246100400718,0.6594510111584755,0.7,0.17647058823529413,0.5267215809339785
german,mlp,10,0.28784104553515755,0.5960681829396426,0.7,0.17647058823529413,0.5013684496464453
german,mlp,12,-0.23205668918185388,0.6897279713209097,0.3,0.42857142857142855,0.49446261709979245
german,mlp,15,0.13265674040548006,0.6222929236863973,0.5,0.25,0.4739171694745589
german,mlp,18,0.27303670097883537,0.6441596171370442,0.7,0.1111111111111111,0.500997180188151
german,mlp,21,0.220167979842523,0.5937744738364278,0.7,0.25,0.5225097895345711
german,mlp,22,0.1649649965271083,0.47419577258883455,0.7,0.17647058823529413,0.452619485506122
german,mlp,23,0.3941631031626779,0.687510719187802,0.6,0.42857142857142855,0.5835757162465494
german,mlp,24,0.12037916108721179,0.6556663911381713,0.7,0.25,0.5472665564552684
german,mlp,27,-0.13707701639308537,0.7321233612453281,0.2,0.42857142857142855,0.48142077306955977
german,mlp,29,-0.03195318510654,0.5492765172340626,0.7,0.17647058823529413,0.48265178336421327
german,mlp,32,-0.1525386026299272,0.5925129338296597,0.4,0.1111111111111111,0.3903385068651972
german,mlp,38,0.174339601003245,0.6175908200248071,0.6,0.25,0.5020363280099228
german,mlp,40,0.18209686738388972,0.5504616002707234,0.6,0.17647058823529413,0.45312581657887757
german,mlp,45,0.19671678296028322,0.5958770405143746,0.6,0.3333333333333333,0.5183508162057499
german,mlp,47,0.23047405391291664,0.5745837743395315,0.6,0.1111111111111111,0.4431668430691459
german,mlp,51,-0.020749221900332713,0.6120476896920383,0.4,0.17647058823529413,0.4177602523474035
german,mlp,54,0.15902855309796807,0.6697727021229417,0.5,0.25,0.4929090808491767
german,mlp,55,0.0824497707112454,0.5821147858950864,0.5,0.25,0.45784591435803457
german,mlp,56,0.21647915517532237,0.5738574331235134,0.4,0.25,0.42454297324940543
german,mlp,57,0.30711950214504913,0.6997056059198936,0.7,0.42857142857142855,0.618453670939386
german,mlp,58,-0.049868987416625925,0.5443832711472045,0.3,0.1111111111111111,0.34108664179221515
german,mlp,59,0.19927583748830172,0.6210696121646828,0.5,0.42857142857142855,0.5269992734373017
german,mlp,60,0.007359380408067471,0.6018406841827328,0.6,0.17647058823529413,0.47367745014368134
german,mlp,62,0.09241778059785719,0.5103216909644662,0.7,0.1111111111111111,0.4474620097191198
german,mlp,65,0.034692506074619156,0.668014191810477,0.3,0.3333333333333333,0.45720567672419077
german,mlp,67,0.0035537735421003838,0.6704225863688525,0.6,0.3333333333333333,0.5481690345475411
german,mlp,70,0.15750944111834297,0.6808589627884793,0.5,0.42857142857142855,0.5509150136868203
german,mlp,71,0.06927367260618478,0.6629680317834048,0.4,0.25,0.46018721271336194
german,mlp,74,0.307554521792617,0.5643385403451725,0.5,0.17647058823529413,0.42867659260865726
german,mlp,75,0.10558577589046263,0.5774891392036035,0.6,0.17647058823529413,0.4639368321520296
german,mlp,77,0.20820513521229406,0.7260832606068627,0.5,0.42857142857142855,0.5690047328141736
german,mlp,78,-0.13575986300378232,0.586778661071623,0.4,0.17647058823529413,0.4076526408992374
german,mlp,79,-0.0277454360457403,0.6099451230140915,0.5,0.42857142857142855,0.5225494777770652
german,mlp,80,-0.1606098494779134,0.6378901455882573,0.5,0.25,0.4801560582353029
german,mlp,81,0.03847943375161122,0.6407190534822221,0.5,0.17647058823529413,0.4592287978634771
german,mlp,82,0.2132127632318558,0.6211842976198435,0.4,0.17647058823529413,0.4214148955185256
german,mlp,83,0.13191213632081794,0.7292562248663097,0.5,0.3333333333333333,0.5417024899465238
german,mlp,85,0.013684743265969346,0.7127032908381102,0.6,0.3333333333333333,0.565081316335244
german,mlp,86,0.01726100808805269,0.5108568897552163,0.7,0.1111111111111111,0.4476760892354198
german,mlp,88,-0.10253762821784593,0.6977941816672146,0.4,0.3333333333333333,0.49911767266688584
german,mlp,91,0.06189763607924815,0.48165032717428236,0.4,0.1111111111111111,0.3459934642030463
german,mlp,97,0.17565989543774502,0.5761511422267281,0.7,0.25,0.5154604568906912
german,mlp,99,0.23666942312561845,0.678182968834729,0.6,0.42857142857142855,0.5798446161053201
german,mlp,100,0.4492173189556133,0.6362463207309534,0.6,0.3333333333333333,0.5344985282923814
german,mlp,101,0.025135945793749215,0.7144618011505748,0.4,0.42857142857142855,0.5343561490316584
german,mlp,104,0.273744733386702,0.518234987370557,0.6,0.17647058823529413,0.440235171418811
german,mlp,105,0.020071992532666845,0.6221782382312366,0.6,0.25,0.5038712952924946
german,mlp,106,0.23453941789522945,0.7032608550298765,0.5,0.3333333333333333,0.5313043420119505
german,mlp,107,-0.18808186299548768,0.6638855154246907,0.3,0.3333333333333333,0.4555542061698763
german,mlp,109,-0.039587407373751715,0.6014201708471435,0.4,0.25,0.4355680683388574
german,mlp,114,0.24976630032785377,0.6622034620823332,0.6,0.17647058823529413,0.4978225613035215
german,mlp,115,-0.04259889795103891,0.6518053141477598,0.5,0.17647058823529413,0.46366330212969215
german,mlp,116,0.27750775211981393,0.6432039050107048,0.7,0.25,0.5422815620042819
german,mlp,117,0.29484182956481464,0.6176672769949143,0.6,0.17647058823529413,0.48000808726855393
german,mlp,118,0.23840211127024513,0.6112448915059132,0.6,0.25,0.4994979566023653
german,mlp,119,-0.05927972623699257,0.6507349165662597,0.4,0.3333333333333333,0.48029396662650387
german,mlp,120,0.039580256823196276,0.5039375339605185,0.4,0.17647058823529413,0.37451619005479564
german,mlp,121,-0.0920105004644555,0.5396047105155072,0.5,0.1111111111111111,0.3991752175395362
german,mlp,126,0.1842274674408443,0.7032608550298765,0.6,0.3333333333333333,0.5613043420119506
german,mlp,130,0.06161002012882247,0.7215340708854869,0.5,0.5384615384615384,0.6001520898926563
german,mlp,132,0.3214923849790497,0.6953093301387321,0.6,0.25,0.5331237320554928
german,mlp,135,-0.23644559252723768,0.5591776948629393,0.5,0.1111111111111111,0.40700441127850906
german,mlp,136,0.17986080760008166,0.5810443883135862,0.6,0.17647058823529413,0.46535893179602267
german,mlp,137,0.08662287056839453,0.5882695719887125,0.6,0.17647058823529413,0.4682490052660732
german,mlp,141,0.3648405018787858,0.6344495819334353,0.6,0.25,0.5087798327733741
german,mlp,143,0.10799267569205687,0.3947952091325522,0.5,0.05263157894736842,0.3237075573372314
german,mlp,144,-0.21837434904379216,0.5241986310389152,0.4,0.17647058823529413,0.3826206288861543
german,mlp,145,-0.3649247597703007,0.5844467234833547,0.3,0.25,0.3987786893933419
german,mlp,148,0.35386780604204365,0.5271804528730942,0.7,0.17647058823529413,0.4738133576198259
german,mlp,150,0.1623404035929656,0.5887897040700719,0.6666666666666666,0.17647058823529413,0.488457058098617
german,mlp,151,0.43044830222715164,0.6033315950998225,0.6,0.25,0.496332638039929
german,mlp,153,0.19683150268597352,0.5177380170648603,0.5,0.17647058823529413,0.41003638329653236
german,mlp,154,0.14047312020984903,0.5772215398082284,0.3,0.25,0.3958886159232914
german,mlp,158,0.22635632236619083,0.6306267334280774,0.5,0.25,0.477250693371231
german,mlp,159,-0.06650158008770228,0.6737866930535674,0.4,0.42857142857142855,0.5180861057928555
german,mlp,161,0.09274069332578176,0.65234051293851,0.6,0.3333333333333333,0.540936205175404
german,mlp,162,0.3685067645934349,0.6852934670546945,0.5,0.42857142857142855,0.5526888153933064
german,mlp,164,0.3480734781048219,0.6956151580191607,0.7,0.17647058823529413,0.5411872396782526
german,mlp,165,0.45015338777111275,0.600388001750697,0.7,0.25,0.5251552007002788
german,mlp,166,-0.05123854233537313,0.6048607345019655,0.5,0.3333333333333333,0.4919442938007862
german,mlp,168,0.16348580801292684,0.7558632504636003,0.3,0.42857142857142855,0.5209167287568687
german,mlp,170,0.3599252424509294,0.7337289576175784,0.7,0.42857142857142855,0.6320630116184599
german,mlp,173,0.03755237662620445,0.5990882332588753,0.4,0.25,0.43463529330355016
german,mlp,174,0.08211104758654084,0.5908308804873023,0.7,0.17647058823529413,0.4992735286655091
german,mlp,175,-0.08423246638764127,0.7526138292340461,0.3,0.42857142857142855,0.519616960265047
german,mlp,176,0.19977946664197366,0.603637422980251,0.7,0.25,0.5264549691921003
german,mlp,178,0.2494256298331039,0.7172524805594861,0.7,0.42857142857142855,0.625472420795223
german,mlp,179,0.1089563200904163,0.6644971711855479,0.6,0.42857142857142855,0.5743702970456477
german,mlp,181,-0.1599588565934168,0.6666761948336019,0.4,0.3333333333333333,0.4866704779334407
german,mlp,182,0.09100780773818783,0.7102948962797349,0.5,0.25,0.5091179585118939
german,mlp,184,-0.054902189146950414,0.597482636886625,0.3,0.17647058823529413,0.38193423122523823
german,mlp,187,0.013199653647280412,0.7035284544252514,0.5,0.3333333333333333,0.5314113817701005
german,mlp,189,0.5208592714987086,0.5957241265741603,0.9,0.17647058823529413,0.5612308271002524
german,mlp,190,0.14391980999033405,0.7100655253694134,0.4,0.3333333333333333,0.5040262101477654
german,mlp,192,0.006575692994256031,0.7056692495882518,0.4,0.3333333333333333,0.5022676998353007
german,mlp,193,0.11178949730813258,0.6834584997721227,0.6,0.3333333333333333,0.5533833999088491
german,mlp,194,0.39363461874266004,0.7128179762932709,0.8,0.3333333333333333,0.6251271905173084
taiwan,xgboost,260,-0.46425706543066486,0.8512845849802372,0.4782608695652174,0.6666666666666666,0.6839920948616601
taiwan,xgboost,378,-0.16719307935399466,0.7223320158102767,0.43478260869565216,0.6666666666666666,0.6193675889328063
taiwan,xgboost,403,0.2765932831700142,0.7707509881422925,0.6521739130434783,0.42857142857142855,0.632523997741389
taiwan,xgboost,455,-0.5613447804344824,0.8626482213438735,0.34782608695652173,0.6666666666666666,0.649407114624506
taiwan,xgboost,507,0.5240553162257501,0.7094861660079052,0.6086956521739131,0.42857142857142855,0.5949745906267645
taiwan,xgboost,526,-0.6892025534315,0.716897233201581,0.34782608695652173,0.42857142857142855,0.5196781479390176
taiwan,xgboost,545,0.37250004195103104,0.8759881422924902,0.5652173913043478,0.6666666666666666,0.7199604743083005
taiwan,xgboost,555,0.27493621903915744,0.7480237154150198,0.5217391304347826,0.5384615384615384,0.6172696868349041
taiwan,xgboost,581,-0.5115063607501461,0.6556324110671937,0.34782608695652173,0.42857142857142855,0.4951722190852626
taiwan,xgboost,757,-0.5386228811485765,0.6887351778656127,0.5217391304347826,0.3333333333333333,0.5320158102766799
taiwan,xgboost,775,0.28502360465819726,0.6862648221343873,0.4782608695652174,0.42857142857142855,0.5465556182947487
taiwan,xgboost,837,-0.4862058425475918,0.7406126482213439,0.391304347826087,0.5384615384615384,0.5751748251748252
taiwan,xgboost,918,0.22466529837348984,0.5568181818181819,0.6521739130434783,0.42857142857142855,0.5469508752117448
taiwan,xgboost,960,0.4380715702440552,0.7895256916996047,0.6086956521739131,0.42857142857142855,0.6269904009034444
taiwan,xgboost,980,-0.20170738343036818,0.6314229249011858,0.4782608695652174,0.3333333333333333,0.49604743083003955
taiwan,xgboost,1079,0.660923669514868,0.7865612648221344,0.6521739130434783,0.6666666666666666,0.7102766798418972
taiwan,xgboost,1130,0.34141277881206605,0.8730237154150198,0.5652173913043478,0.6666666666666666,0.7187747035573122
taiwan,xgboost,1157,0.08039865948592502,0.7638339920948616,0.30434782608695654,0.42857142857142855,0.5254093732354602
taiwan,xgboost,1189,-0.13655884301189905,0.599802371541502,0.5217391304347826,0.3333333333333333,0.49644268774703554
taiwan,xgboost,1346,-0.6454781654498897,0.6353754940711462,0.13043478260869565,0.5384615384615384,0.45481909394952874
taiwan,xgboost,1354,0.3692583255012973,0.6002964426877471,0.6086956521739131,0.3333333333333333,0.5227272727272727
taiwan,xgboost,1434,0.3312029588001756,0.8280632411067194,0.5217391304347826,0.5384615384615384,0.649285497111584
taiwan,xgboost,1641,0.3441420877895538,0.7717391304347826,0.4782608695652174,0.42857142857142855,0.5807453416149069
taiwan,xgboost,1726,-0.4090918125054019,0.6284584980237155,0.391304347826087,0.3333333333333333,0.46877470355731227
taiwan,xgboost,1868,-0.13185311064998567,0.8735177865612649,0.34782608695652173,0.6666666666666666,0.6537549407114625
taiwan,xgboost,1941,0.2553449068030985,0.8745059288537549,0.5652173913043478,0.6666666666666666,0.7193675889328063
taiwan,xgboost,1971,-0.6270883009341833,0.8048418972332017,0.2608695652173913,0.5384615384615384,0.5617360899969596
taiwan,xgboost,2104,-0.1080909688124298,0.7050395256916996,0.5217391304347826,0.5384615384615384,0.600076010945576
taiwan,xgboost,2163,0.18365098991942294,0.799901185770751,0.4782608695652174,0.42857142857142855,0.5920101637492943
taiwan,xgboost,2183,-0.2668817230749029,0.7554347826086957,0.21739130434782608,0.5384615384615384,0.5289297658862877
taiwan,xgboost,2193,-0.32432730508317553,0.708498023715415,0.34782608695652173,0.5384615384615384,0.5492854971115841
taiwan,xgboost,2208,-0.06961405048524352,0.7569169960474309,0.43478260869565216,0.5384615384615384,0.5947400425661296
taiwan,xgboost,2319,0.12811037304220596,0.9125494071146245,0.43478260869565216,0.6666666666666666,0.6954545454545454
taiwan,xgboost,2382,0.027051841696720126,0.7485177865612649,0.43478260869565216,0.42857142857142855,0.5584133258046302
taiwan,xgboost,2447,0.11015776036127396,0.691699604743083,0.34782608695652173,0.3333333333333333,0.4810276679841897
taiwan,xgboost,2553,-0.5302153218584906,0.8236166007905139,0.2608695652173913,0.6666666666666666,0.607707509881423
taiwan,xgboost,2588,0.3170205703748,0.7218379446640316,0.5652173913043478,0.42857142857142855,0.5868718238283456
taiwan,xgboost,2604,-0.2097033859207863,0.5844861660079052,0.391304347826087,0.5384615384615384,0.5127242322894496
taiwan,xgboost,2611,0.07670334921904938,0.7257905138339922,0.43478260869565216,0.5384615384615384,0.582289449680754
taiwan,xgboost,2626,0.18670757669725602,0.7781620553359684,0.6521739130434783,0.42857142857142855,0.6354884246188595
taiwan,xgboost,2647,-0.22317713484572352,0.7188735177865613,0.5217391304347826,0.5384615384615384,0.6056096077835208
taiwan,xgboost,2663,0.272198175732956,0.6630434782608696,0.5217391304347826,0.5384615384615384,0.5832775919732441
taiwan,xgboost,2668,-0.4191011196360027,0.6961462450592886,0.30434782608695654,0.42857142857142855,0.4983342744212309
taiwan,xgboost,2761,0.17037313964389988,0.8547430830039526,0.4782608695652174,0.42857142857142855,0.6139469226425749
taiwan,xgboost,2775,-0.16881792618465696,0.6185770750988142,0.5217391304347826,0.3333333333333333,0.5039525691699605
taiwan,xgboost,2799,0.4806131797473325,0.8142292490118577,0.34782608695652173,0.6666666666666666,0.6300395256916996
taiwan,xgboost,2839,0.5574334162815399,0.5795454545454546,0.6521739130434783,0.25,0.5024703557312253
taiwan,xgboost,2959,0.14630282127874802,0.7623517786561265,0.6086956521739131,0.5384615384615384,0.6490878686530861
taiwan,xgboost,2960,0.4554066845773344,0.5716403162055336,0.6086956521739131,0.3333333333333333,0.5112648221343874
taiwan,xgboost,3033,-0.3372973436589653,0.782608695652174,0.391304347826087,0.42857142857142855,0.5590062111801242
taiwan,xgboost,3108,-0.45999427873331244,0.8596837944664032,0.30434782608695654,0.6666666666666666,0.6351778656126482
taiwan,xgboost,3230,-0.0006052172928316844,0.658102766798419,0.4782608695652174,0.42857142857142855,0.5352907961603613
taiwan,xgboost,3252,-0.19003677370550476,0.8073122529644269,0.2608695652173913,0.6666666666666666,0.6011857707509881
taiwan,xgboost,3287,0.07932290815411722,0.7895256916996047,0.6086956521739131,0.42857142857142855,0.6269904009034444
taiwan,xgboost,3371,0.07385063701708951,0.7070158102766798,0.5217391304347826,0.42857142857142855,0.5678994918125353
taiwan,xgboost,3747,-0.47338233453199396,0.7060276679841897,0.34782608695652173,0.42857142857142855,0.515330321852061
taiwan,xgboost,3764,-0.07371753082447657,0.8127470355731226,0.30434782608695654,0.5384615384615384,0.5779416235937975
taiwan,xgboost,3811,0.4260866364678987,0.6981225296442688,0.6086956521739131,0.42857142857142855,0.59042913608131
taiwan,xgboost,3815,-0.02782520233341229,0.791501976284585,0.6086956521739131,0.6666666666666666,0.6992094861660079
taiwan,xgboost,3859,0.09514830707531773,0.733201581027668,0.5652173913043478,0.42857142857142855,0.5914172783738001
taiwan,xgboost,4000,-0.0826121586034173,0.7297430830039525,0.5652173913043478,0.5384615384615384,0.6230009121313469
taiwan,xgboost,4028,0.025872919001920458,0.708498023715415,0.4782608695652174,0.42857142857142855,0.5554488989271598
taiwan,xgboost,4066,-0.1261033756817838,0.8863636363636364,0.391304347826087,0.5384615384615384,0.6334752204317422
taiwan,xgboost,4088,-0.16596861709881955,0.7519762845849802,0.30434782608695654,0.5384615384615384,0.5536333231985406
taiwan,xgboost,4096,-0.4238987807954223,0.6872529644268774,0.4782608695652174,0.42857142857142855,0.5469508752117448
taiwan,xgboost,4115,0.009847342189380265,0.782114624505929,0.391304347826087,0.5384615384615384,0.5917756156886592
taiwan,xgboost,4158,-0.03624199728518592,0.6170948616600791,0.5652173913043478,0.3333333333333333,0.516403162055336
taiwan,xgboost,4186,0.1838939323102365,0.5642292490118577,0.6521739130434783,0.42857142857142855,0.5499153020892151
taiwan,xgboost,4238,0.3452411158574857,0.8305335968379446,0.43478260869565216,0.6666666666666666,0.6626482213438735
taiwan,xgboost,4345,-0.10491395873006343,0.8873517786561265,0.34782608695652173,0.5384615384615384,0.6208269990878686
taiwan,xgboost,4424,-0.14711710573806613,0.6951581027667985,0.4782608695652174,0.42857142857142855,0.5501129305477132
taiwan,xgboost,4435,-0.5527809942923456,0.8295454545454546,0.21739130434782608,0.6666666666666666,0.5970355731225296
taiwan,xgboost,4496,-0.09093266518399948,0.7880434782608696,0.391304347826087,0.42857142857142855,0.5611801242236025
taiwan,xgboost,4499,0.011434441427849875,0.6032608695652174,0.6086956521739131,0.3333333333333333,0.5239130434782608
taiwan,xgboost,4516,0.1726149079807192,0.8601778656126483,0.4782608695652174,0.6666666666666666,0.6875494071146245
taiwan,xgboost,4562,0.3388476466453561,0.7509881422924901,0.6086956521739131,0.5384615384615384,0.6445424141076315
taiwan,xgboost,4593,0.470126284853901,0.5281620553359684,0.6956521739130435,0.25,0.4949604743083004
taiwan,xgboost,4625,-0.18965102159055253,0.6872529644268774,0.43478260869565216,0.42857142857142855,0.5339073969508752
taiwan,xgboost,4644,-0.24088408544697454,0.4476284584980237,0.391304347826087,0.25,0.3714426877470356
taiwan,xgboost,4745,-0.4366743654554157,0.5276679841897233,0.5217391304347826,0.25,0.4425889328063241
taiwan,xgboost,4816,-0.21076696688406157,0.43675889328063244,0.6086956521739131,0.3333333333333333,0.4573122529644269
taiwan,xgboost,4871,0.17262254911280175,0.6007905138339921,0.43478260869565216,0.42857142857142855,0.499322416713721
taiwan,xgboost,4908,0.4978078847471482,0.6660079051383399,0.6086956521739131,0.3333333333333333,0.5490118577075098
taiwan,xgboost,4964,-0.2932113289635921,0.5815217391304348,0.391304347826087,0.25,0.42500000000000004
taiwan,xgboost,4976,0.210688822467438,0.8063241106719368,0.34782608695652173,0.5384615384615384,0.5884159318941928
taiwan,xgboost,4979,-0.47133948151100263,0.7949604743083003,0.2608695652173913,0.6666666666666666,0.5962450592885375
taiwan,xgboost,5038,-0.5099623917082108,0.6892292490118577,0.34782608695652173,0.5384615384615384,0.5415779872301612
taiwan,xgboost,5064,0.3659582702920142,0.6620553359683795,0.5652173913043478,0.5384615384615384,0.5959258133171177
taiwan,xgboost,5089,0.5070189183522124,0.45108695652173914,0.6521739130434783,0.17647058823529413,0.4290281329923274
taiwan,xgboost,5263,0.058820795826115754,0.6012845849802372,0.5652173913043478,0.25,0.48507905138339924
taiwan,xgboost,5306,0.3404533604101255,0.557806324110672,0.4782608695652174,0.42857142857142855,0.4951722190852626
taiwan,xgboost,5377,-0.11884443256870383,0.6012845849802372,0.6956521739130435,0.42857142857142855,0.5777809147374364
taiwan,xgboost,5396,0.4252179142480476,0.7910079051383399,0.6086956521739131,0.42857142857142855,0.6275832862789384
taiwan,xgboost,5483,0.28196605702011723,0.7440711462450593,0.5217391304347826,0.42857142857142855,0.5827216261998871
taiwan,xgboost,5492,-0.3800987281581634,0.7885375494071146,0.43478260869565216,0.6666666666666666,0.6458498023715414
taiwan,xgboost,5617,0.41391991036283055,0.6220355731225297,0.5652173913043478,0.5384615384615384,0.5799179081787778
taiwan,xgboost,5761,-0.3382051174252255,0.6605731225296443,0.2608695652173913,0.42857142857142855,0.4710615471485037
taiwan,xgboost,5763,0.20550273905133132,0.9051383399209487,0.4782608695652174,0.6666666666666666,0.7055335968379447
taiwan,xgboost,5764,-0.23070562772146824,0.833498023715415,0.21739130434782608,0.5384615384615384,0.5601550623289754
taiwan,xgboost,5942,-0.47614658118787073,0.625,0.30434782608695654,0.42857142857142855,0.46987577639751554
taiwan,lightgbm,260,-0.4270454928193637,0.591897233201581,0.391304347826087,0.25,0.4291501976284585
taiwan,lightgbm,378,-0.39253385281185993,0.6595849802371542,0.391304347826087,0.3333333333333333,0.48122529644268774
taiwan,lightgbm,403,0.19415686081097627,0.6398221343873518,0.5217391304347826,0.3333333333333333,0.5124505928853755
taiwan,lightgbm,455,-0.6429954817577018,0.7351778656126482,0.30434782608695654,0.5384615384615384,0.5469139556096078
taiwan,lightgbm,507,0.28714611459148237,0.7697628458498024,0.43478260869565216,0.6666666666666666,0.6383399209486166
taiwan,lightgbm,526,-0.6553756894004032,0.741106719367589,0.34782608695652173,0.5384615384615384,0.5623289753724536
taiwan,lightgbm,545,0.20204655512712827,0.7944664031620554,0.34782608695652173,0.6666666666666666,0.6221343873517787
taiwan,lightgbm,555,0.24919638374429937,0.8255928853754941,0.6521739130434783,0.5384615384615384,0.6874277896017027
taiwan,lightgbm,581,-0.7369413841259186,0.724308300395257,0.13043478260869565,0.42857142857142855,0.45742518351214007
taiwan,lightgbm,757,-0.6433462690164656,0.5790513833992095,0.391304347826087,0.3333333333333333,0.44901185770750984
taiwan,lightgbm,775,0.433787596714538,0.6072134387351779,0.34782608695652173,0.3333333333333333,0.44723320158102764
taiwan,lightgbm,837,-0.6599884631040555,0.717391304347826,0.2608695652173913,0.5384615384615384,0.5267558528428093
taiwan,lightgbm,918,0.2376280908700071,0.5632411067193676,0.4782608695652174,0.25,0.44377470355731224
taiwan,lightgbm,960,0.2850352798693608,0.7262845849802372,0.6086956521739131,0.5384615384615384,0.6346609911827303
taiwan,lightgbm,980,-0.5477525928494138,0.6610671936758894,0.34782608695652173,0.5384615384615384,0.5303131650957738
taiwan,lightgbm,1079,0.6850117448969684,0.6645256916996047,0.4782608695652174,0.5384615384615384,0.5708269990878687
taiwan,lightgbm,1130,0.12797861574391237,0.791501976284585,0.391304347826087,0.6666666666666666,0.6339920948616601
taiwan,lightgbm,1157,0.40485095788470266,0.6798418972332017,0.5217391304347826,0.42857142857142855,0.5570299265951439
taiwan,lightgbm,1189,-0.060570270549361024,0.5706521739130435,0.43478260869565216,0.42857142857142855,0.48726708074534164
taiwan,lightgbm,1346,-0.6633945887895175,0.5113636363636364,0.08695652173913043,0.17647058823529413,0.2835735875377819
taiwan,lightgbm,1354,0.5507391040396878,0.5825098814229249,0.6086956521739131,0.25,0.4906126482213439
taiwan,lightgbm,1434,0.18418443315949654,0.7366600790513834,0.5652173913043478,0.6666666666666666,0.6642292490118576
taiwan,lightgbm,1641,0.49878851199884167,0.5004940711462451,0.6086956521739131,0.25,0.45780632411067196
taiwan,lightgbm,1726,-0.6080410521499858,0.5815217391304348,0.17391304347826086,0.3333333333333333,0.3847826086956522
taiwan,lightgbm,1868,-0.3425720495659358,0.7534584980237155,0.17391304347826086,0.6666666666666666,0.5535573122529645
taiwan,lightgbm,1941,0.21778152719226324,0.6595849802371542,0.5217391304347826,0.42857142857142855,0.548927159796725
taiwan,lightgbm,1971,-0.6181605345988657,0.5538537549407114,0.34782608695652173,0.3333333333333333,0.4258893280632411
taiwan,lightgbm,2104,-0.25769781935916064,0.7050395256916996,0.43478260869565216,0.5384615384615384,0.573989054423837
taiwan,lightgbm,2163,0.17132194835831213,0.783102766798419,0.6086956521739131,0.6666666666666666,0.6958498023715415
taiwan,lightgbm,2183,-0.2548992109234879,0.7910079051383399,0.2608695652173913,0.42857142857142855,0.523235460191982
taiwan,lightgbm,2193,-0.45101190115821044,0.6650197628458498,0.5217391304347826,0.5384615384615384,0.5840681058072362
taiwan,lightgbm,2208,-0.12463082270788875,0.6225296442687747,0.43478260869565216,0.25,0.4544466403162056
taiwan,lightgbm,2319,0.09109373630897111,0.7252964426877471,0.43478260869565216,0.5384615384615384,0.582091821222256
taiwan,lightgbm,2382,-0.13979371860337142,0.7124505928853755,0.34782608695652173,0.5384615384615384,0.5508665247795683
taiwan,lightgbm,2447,0.1553922950094548,0.7420948616600791,0.43478260869565216,0.5384615384615384,0.5888111888111888
taiwan,lightgbm,2553,-0.5886189184417481,0.799407114624506,0.21739130434782608,0.6666666666666666,0.5849802371541503
taiwan,lightgbm,2588,0.27562910848171535,0.6694664031620554,0.6086956521739131,0.42857142857142855,0.5789666854884247
taiwan,lightgbm,2604,-0.03371862330607968,0.5973320158102767,0.43478260869565216,0.42857142857142855,0.4979390175042349
taiwan,lightgbm,2611,0.08099572015563743,0.7737154150197629,0.4782608695652174,0.6666666666666666,0.6529644268774704
taiwan,lightgbm,2626,-0.008469410808559273,0.7287549407114624,0.43478260869565216,0.42857142857142855,0.5505081874647092
taiwan,lightgbm,2647,-0.25204609955203094,0.766798418972332,0.5217391304347826,0.5384615384615384,0.6247795682578291
taiwan,lightgbm,2663,0.25046834413170976,0.8463438735177866,0.5217391304347826,0.5384615384615384,0.656597750076011
taiwan,lightgbm,2668,-0.5082048797967182,0.5434782608695652,0.34782608695652173,0.25,0.3967391304347826
taiwan,lightgbm,2761,-0.07135708554319233,0.8231225296442688,0.5217391304347826,0.5384615384615384,0.6473092125266038
taiwan,lightgbm,2775,-0.2185451269690645,0.6996047430830039,0.5217391304347826,0.42857142857142855,0.5649350649350648
taiwan,lightgbm,2799,0.5971245906949496,0.5503952569169961,0.4782608695652174,0.3333333333333333,0.4636363636363636
taiwan,lightgbm,2839,0.6657471580891663,0.5108695652173914,0.6521739130434783,0.3333333333333333,0.5
taiwan,lightgbm,2959,0.04323171518379477,0.7134387351778656,0.5652173913043478,0.42857142857142855,0.5835121400338792
taiwan,lightgbm,2960,0.6262409817464016,0.5780632411067194,0.6956521739130435,0.25,0.5149209486166008
taiwan,lightgbm,3033,-0.2611664126466437,0.6709486166007905,0.2608695652173913,0.25,0.4216403162055336
taiwan,lightgbm,3108,-0.5475683254736707,0.7366600790513834,0.21739130434782608,0.5384615384615384,0.5214198844633627
taiwan,lightgbm,3230,-0.17579421722018254,0.5963438735177865,0.43478260869565216,0.25,0.44397233201581027
taiwan,lightgbm,3252,-0.09369947032519002,0.6892292490118577,0.4782608695652174,0.6666666666666666,0.6191699604743083
taiwan,lightgbm,3287,-0.11076197058816634,0.6689723320158103,0.43478260869565216,0.3333333333333333,0.4980237154150198
taiwan,lightgbm,3371,-0.05846053272628787,0.758399209486166,0.5217391304347826,0.5384615384615384,0.6214198844633627
taiwan,lightgbm,3747,-0.49733081000408497,0.5474308300395256,0.391304347826087,0.25,0.4113636363636364
taiwan,lightgbm,3764,-0.2712100268011588,0.6403162055335969,0.34782608695652173,0.3333333333333333,0.46047430830039526
taiwan,lightgbm,3811,0.5696343730104604,0.7396245059288538,0.6086956521739131,0.5384615384615384,0.639996959562177
taiwan,lightgbm,3815,-0.04600291269038627,0.6086956521739131,0.391304347826087,0.25,0.43586956521739134
taiwan,lightgbm,3859,0.012571498365005457,0.7425889328063241,0.5652173913043478,0.42857142857142855,0.5951722190852625
taiwan,lightgbm,4000,-0.007977363104643765,0.7015810276679841,0.5652173913043478,0.42857142857142855,0.5787690570299265
taiwan,lightgbm,4028,-0.3813459521525247,0.549901185770751,0.391304347826087,0.42857142857142855,0.46592320722755504
taiwan,lightgbm,4066,-0.23251298285818953,0.8379446640316206,0.391304347826087,0.6666666666666666,0.6525691699604743
taiwan,lightgbm,4088,-0.2423832908705964,0.6408102766798419,0.4782608695652174,0.5384615384615384,0.5613408330799635
taiwan,lightgbm,4096,-0.3935483504033493,0.6304347826086957,0.43478260869565216,0.3333333333333333,0.4826086956521739
taiwan,lightgbm,4115,-0.17584761262222995,0.7149209486166008,0.30434782608695654,0.42857142857142855,0.5058441558441559
taiwan,lightgbm,4158,-0.12051147449890888,0.6289525691699605,0.4782608695652174,0.42857142857142855,0.523630717108978
taiwan,lightgbm,4186,0.17131238415919825,0.5736166007905138,0.5217391304347826,0.3333333333333333,0.4859683794466403
taiwan,lightgbm,4238,0.4837808284371286,0.7470355731225297,0.4782608695652174,0.42857142857142855,0.5708639186900056
taiwan,lightgbm,4345,-0.17011388963718205,0.8028656126482213,0.30434782608695654,0.6666666666666666,0.6124505928853755
taiwan,lightgbm,4424,-0.18884337211818578,0.7475296442687747,0.391304347826087,0.5384615384615384,0.5779416235937975
taiwan,lightgbm,4435,-0.6193395239652736,0.7094861660079052,0.13043478260869565,0.5384615384615384,0.4844633627242323
taiwan,lightgbm,4496,-0.20830607338271154,0.6660079051383399,0.391304347826087,0.42857142857142855,0.5123658949745906
taiwan,lightgbm,4499,-0.006092126153007966,0.7697628458498024,0.5652173913043478,0.42857142857142855,0.6060417843026539
taiwan,lightgbm,4516,0.042210433005680684,0.6343873517786561,0.4782608695652174,0.42857142857142855,0.5258046301524563
taiwan,lightgbm,4562,0.260275962961903,0.7144268774703557,0.5217391304347826,0.3333333333333333,0.542292490118577
taiwan,lightgbm,4593,0.5913699876673633,0.5133399209486166,0.4782608695652174,0.25,0.42381422924901185
taiwan,lightgbm,4625,-0.33909711498750883,0.5,0.5652173913043478,0.17647058823529413,0.42250639386189254
taiwan,lightgbm,4644,-0.25237098134961594,0.8369565217391304,0.5217391304347826,0.6666666666666666,0.691304347826087
taiwan,lightgbm,4745,-0.4971973758521518,0.5316205533596838,0.391304347826087,0.3333333333333333,0.4300395256916996
taiwan,lightgbm,4816,-0.2658067598327418,0.525197628458498,0.43478260869565216,0.3333333333333333,0.44051383399209487
taiwan,lightgbm,4871,0.1583915939580085,0.683300395256917,0.43478260869565216,0.5384615384615384,0.565293402249924
taiwan,lightgbm,4908,0.6541619106176345,0.6363636363636364,0.6086956521739131,0.3333333333333333,0.5371541501976285
taiwan,lightgbm,4964,-0.5326239356529973,0.8102766798418972,0.30434782608695654,0.42857142857142855,0.5439864483342745
taiwan,lightgbm,4976,0.2091653201785084,0.7094861660079052,0.391304347826087,0.42857142857142855,0.5297571993224167
taiwan,lightgbm,4979,-0.5516749276040357,0.7504940711462451,0.21739130434782608,0.5384615384615384,0.5269534813013075
taiwan,lightgbm,5038,-0.6032615732123,0.6763833992094861,0.30434782608695654,0.42857142857142855,0.49042913608131
taiwan,lightgbm,5064,0.547834549911521,0.6175889328063241,0.5652173913043478,0.42857142857142855,0.5451722190852626
taiwan,lightgbm,5089,0.6465342793600017,0.5128458498023716,0.5652173913043478,0.17647058823529413,0.42764473378284124
taiwan,lightgbm,5263,-0.2090800307291999,0.525197628458498,0.34782608695652173,0.25,0.38942687747035576
taiwan,lightgbm,5306,0.5307312589114673,0.592391304347826,0.5217391304347826,0.25,0.4684782608695652
taiwan,lightgbm,5377,-0.35354348154199716,0.7341897233201581,0.5217391304347826,0.5384615384615384,0.6117360899969595
taiwan,lightgbm,5396,0.2899023782524382,0.7045454545454546,0.5217391304347826,0.5384615384615384,0.5998783824870781
taiwan,lightgbm,5483,0.07011380738518472,0.7495059288537549,0.5652173913043478,0.6666666666666666,0.6693675889328062
taiwan,lightgbm,5492,-0.4872941394362942,0.7040513833992095,0.30434782608695654,0.42857142857142855,0.5014963297571993
taiwan,lightgbm,5617,0.5200943615350916,0.6625494071146245,0.4782608695652174,0.42857142857142855,0.5370694522868436
taiwan,lightgbm,5761,-0.4585319544327583,0.641798418972332,0.21739130434782608,0.42857142857142855,0.4505081874647092
taiwan,lightgbm,5763,0.19272454200955558,0.7188735177865613,0.5217391304347826,0.42857142857142855,0.5726425748164878
taiwan,lightgbm,5764,-0.3213569327954425,0.7317193675889329,0.17391304347826086,0.5384615384615384,0.5064001216175129
taiwan,lightgbm,5942,-0.6505760772760338,0.44960474308300397,0.21739130434782608,0.25,0.32005928853754945
taiwan,random_forest,260,-0.73521942439806,0.8409090909090908,0.30434782608695654,0.6666666666666666,0.6276679841897232
taiwan,random_forest,378,-0.4792103476667878,0.9446640316205535,0.5217391304347826,0.8181818181818182,0.7798418972332016
taiwan,random_forest,403,-0.43073558737706913,0.9461462450592886,0.4782608695652174,0.8181818181818182,0.7673913043478261
taiwan,random_forest,455,-0.932469267887803,0.875,0.17391304347826086,0.6666666666666666,0.6021739130434782
taiwan,random_forest,507,-0.31849765895376037,0.775197628458498,0.5217391304347826,0.42857142857142855,0.5951722190852626
taiwan,random_forest,526,-0.8915263786430043,0.8586956521739131,0.13043478260869565,0.6666666666666666,0.5826086956521739
taiwan,random_forest,545,-0.20816926822168963,0.9125494071146245,0.391304347826087,0.6666666666666666,0.6824110671936758
taiwan,random_forest,555,-0.3443449889106244,0.8992094861660078,0.30434782608695654,0.5384615384615384,0.6125266038309516
taiwan,random_forest,581,-0.7907509968808621,0.6887351778656127,0.2608695652173913,0.42857142857142855,0.482326369282891
taiwan,random_forest,757,-0.8747619357766591,0.8107707509881423,0.21739130434782608,0.5384615384615384,0.5510641532380662
taiwan,random_forest,775,0.8023257641163434,0.8730237154150198,0.391304347826087,0.5384615384615384,0.6281392520522955
taiwan,random_forest,837,-0.8667247149987893,0.8325098814229249,0.17391304347826086,0.5384615384615384,0.5467163271511097
taiwan,random_forest,918,0.5434363030761692,0.7771739130434783,0.4782608695652174,0.5384615384615384,0.6158862876254181
taiwan,random_forest,960,-0.12059281541295395,0.9491106719367589,0.5217391304347826,0.8181818181818182,0.7816205533596838
taiwan,random_forest,980,-0.6720236119561351,0.817687747035573,0.34782608695652173,0.5384615384615384,0.5929613864396472
taiwan,random_forest,1079,0.7497683272105732,0.9407114624505929,0.7391304347826086,0.8181818181818182,0.8434782608695652
taiwan,random_forest,1130,-0.269076432039157,0.8888339920948616,0.2608695652173913,0.6666666666666666,0.6337944664031621
taiwan,random_forest,1157,0.7372444983380156,0.8527667984189723,0.34782608695652173,0.6666666666666666,0.6454545454545455
taiwan,random_forest,1189,-0.15234609547351663,0.8181818181818181,0.391304347826087,0.5384615384615384,0.6062024931590149
taiwan,random_forest,1346,-0.8880223651732562,0.8873517786561265,0.21739130434782608,0.6666666666666666,0.6201581027667984
taiwan,random_forest,1354,0.8711965378627534,0.7460474308300395,0.5217391304347826,0.5384615384615384,0.616479173000912
taiwan,random_forest,1434,-0.339252457017895,0.900197628458498,0.43478260869565216,0.8181818181818182,0.7359683794466404
taiwan,random_forest,1641,0.7782618105707584,0.7702569169960474,0.4782608695652174,0.42857142857142855,0.5801524562394127
taiwan,random_forest,1726,-0.7062981077237545,0.8507905138339921,0.2608695652173913,0.5384615384615384,0.5801155366372758
taiwan,random_forest,1868,-0.706546479912211,0.9219367588932806,0.34782608695652173,0.8181818181818182,0.7185770750988143
taiwan,random_forest,1941,-0.25850046972455387,0.9441699604743083,0.391304347826087,0.6666666666666666,0.6950592885375494
taiwan,random_forest,1971,-0.6333371100257175,0.8359683794466404,0.2608695652173913,0.6666666666666666,0.6126482213438735
taiwan,random_forest,2104,-0.7360463940437091,0.8680830039525692,0.30434782608695654,0.6666666666666666,0.6385375494071146
taiwan,random_forest,2163,-0.44989805771858044,0.9318181818181819,0.34782608695652173,1.0,0.7770750988142293
taiwan,random_forest,2183,0.03454198926381164,0.9323122529644269,0.21739130434782608,0.8181818181818182,0.6835968379446641
taiwan,random_forest,2193,-0.5953734791163676,0.908102766798419,0.34782608695652173,0.6666666666666666,0.6675889328063241
taiwan,random_forest,2208,-0.5370608388687403,0.866600790513834,0.4782608695652174,0.5384615384615384,0.6516570386135603
taiwan,random_forest,2319,-0.38395596209686295,0.9604743083003953,0.4782608695652174,0.8181818181818182,0.7731225296442689
taiwan,random_forest,2382,-0.66467209094774,0.8646245059288538,0.43478260869565216,0.6666666666666666,0.6762845849802371
taiwan,random_forest,2447,0.06077257585284917,0.8611660079051383,0.34782608695652173,0.6666666666666666,0.6488142292490119
taiwan,random_forest,2553,-0.8091855839341475,0.8799407114624506,0.2608695652173913,0.8181818181818182,0.6756916996047431
taiwan,random_forest,2588,0.4724631222378454,0.9199604743083005,0.6956521739130435,0.6666666666666666,0.7766798418972333
taiwan,random_forest,2604,0.482273500859861,0.9125494071146245,0.43478260869565216,0.8181818181818182,0.740909090909091
taiwan,random_forest,2611,0.23159623149047778,0.8809288537549407,0.34782608695652173,0.5384615384615384,0.6182578291273944
taiwan,random_forest,2626,-0.3575718584052153,0.9263833992094862,0.4782608695652174,0.8181818181818182,0.7594861660079052
taiwan,random_forest,2647,-0.632461994827863,0.9194664031620554,0.34782608695652173,0.8181818181818182,0.7175889328063242
taiwan,random_forest,2663,-0.44377725870074103,0.8606719367588933,0.5652173913043478,0.5384615384615384,0.6753724536333232
taiwan,random_forest,2668,-0.687057834083278,0.8087944664031621,0.2608695652173913,0.5384615384615384,0.5633171176649437
taiwan,random_forest,2761,-0.526191973710617,0.958498023715415,0.5217391304347826,1.0,0.8399209486166008
taiwan,random_forest,2775,-0.6107918906457482,0.883399209486166,0.5652173913043478,0.6666666666666666,0.7229249011857707
taiwan,random_forest,2799,0.783210394553682,0.8379446640316206,0.4782608695652174,0.5384615384615384,0.640194588020675
taiwan,random_forest,2839,0.9034030503305649,0.8700592885375494,0.6956521739130435,0.6666666666666666,0.7567193675889328
taiwan,random_forest,2959,-0.4704571538843461,0.9061264822134387,0.43478260869565216,0.8181818181818182,0.7383399209486167
taiwan,random_forest,2960,0.8670599766464788,0.8774703557312253,0.6956521739130435,0.6666666666666666,0.7596837944664031
taiwan,random_forest,3033,0.27768673418288986,0.842391304347826,0.34782608695652173,0.5384615384615384,0.6028428093645485
taiwan,random_forest,3108,-0.8027500729754795,0.8443675889328064,0.21739130434782608,0.8181818181818182,0.6484189723320158
taiwan,random_forest,3230,-0.49805086743147936,0.9184782608695652,0.4782608695652174,0.6666666666666666,0.7108695652173913
taiwan,random_forest,3252,-0.5144574670692631,0.891798418972332,0.2608695652173913,0.8181818181818182,0.6804347826086957
taiwan,random_forest,3287,-0.5674570540722295,0.9303359683794468,0.391304347826087,0.6666666666666666,0.6895256916996048
taiwan,random_forest,3371,0.003955025213736214,0.8601778656126483,0.391304347826087,0.6666666666666666,0.6614624505928854
taiwan,random_forest,3747,-0.8316504700900317,0.8142292490118577,0.2608695652173913,0.5384615384615384,0.565491030708422
taiwan,random_forest,3764,-0.5859238973165544,0.9174901185770752,0.43478260869565216,0.6666666666666666,0.6974308300395257
taiwan,random_forest,3811,0.8170081832807539,0.8903162055335969,0.6956521739130435,0.6666666666666666,0.7648221343873518
taiwan,random_forest,3815,-0.5280673593105734,0.9318181818181819,0.5217391304347826,0.6666666666666666,0.7292490118577075
taiwan,random_forest,3859,-0.573014207540804,0.9510869565217391,0.4782608695652174,0.8181818181818182,0.7693675889328063
taiwan,random_forest,4000,0.43650964655876107,0.8972332015810277,0.34782608695652173,0.8181818181818182,0.7086956521739131
taiwan,random_forest,4028,-0.6146824033420755,0.8260869565217391,0.43478260869565216,0.5384615384615384,0.6224080267558528
taiwan,random_forest,4066,-0.5401366428923585,0.9451581027667983,0.43478260869565216,0.6666666666666666,0.7084980237154149
taiwan,random_forest,4088,-0.588028434185409,0.8631422924901186,0.43478260869565216,0.8181818181818182,0.7211462450592886
taiwan,random_forest,4096,-0.48175092034020867,0.8453557312252964,0.43478260869565216,0.5384615384615384,0.6301155366372757
taiwan,random_forest,4115,0.1981229542796532,0.9071146245059288,0.30434782608695654,0.6666666666666666,0.6541501976284585
taiwan,random_forest,4158,-0.592969066001876,0.7564229249011858,0.30434782608695654,0.42857142857142855,0.5224449463579899
taiwan,random_forest,4186,0.5397073612610104,0.8863636363636364,0.6086956521739131,0.6666666666666666,0.7371541501976284
taiwan,random_forest,4238,0.7766348644783848,0.7766798418972332,0.2608695652173913,0.5384615384615384,0.5504712678625722
taiwan,random_forest,4345,-0.572755453440708,0.9352766798418972,0.21739130434782608,0.6666666666666666,0.6393280632411067
taiwan,random_forest,4424,-0.5831166442373783,0.8735177865612649,0.34782608695652173,0.5384615384615384,0.615293402249924
taiwan,random_forest,4435,-0.7794391119725105,0.8651185770750989,0.2608695652173913,0.8181818181818182,0.6697628458498024
taiwan,random_forest,4496,-0.031237161761765293,0.9258893280632411,0.4782608695652174,0.8181818181818182,0.7592885375494072
taiwan,random_forest,4499,-0.5510963706685437,0.9263833992094862,0.4782608695652174,1.0,0.8140316205533598
taiwan,random_forest,4516,-0.43078411490142227,0.9476284584980237,0.391304347826087,0.8181818181818182,0.7418972332015811
taiwan,random_forest,4562,-0.18101134699611468,0.941699604743083,0.391304347826087,0.8181818181818182,0.7395256916996048
taiwan,random_forest,4593,0.8740014024567461,0.8601778656126483,0.5652173913043478,0.6666666666666666,0.7136363636363636
taiwan,random_forest,4625,-0.6205579519733085,0.8853754940711462,0.4782608695652174,0.6666666666666666,0.6976284584980237
taiwan,random_forest,4644,-0.4275266385942663,0.8097826086956522,0.43478260869565216,0.5384615384615384,0.6158862876254181
taiwan,random_forest,4745,-0.7394072729202035,0.9100790513833992,0.391304347826087,0.6666666666666666,0.6814229249011857
taiwan,random_forest,4816,-0.21493587294842464,0.8433794466403162,0.34782608695652173,0.5384615384615384,0.6032380662815445
taiwan,random_forest,4871,-0.365991121440129,0.9298418972332017,0.391304347826087,1.0,0.7893280632411068
taiwan,random_forest,4908,0.8869447515871168,0.9174901185770752,0.6956521739130435,0.6666666666666666,0.775691699604743
taiwan,random_forest,4964,-0.551293055992554,0.8997035573122529,0.30434782608695654,0.8181818181818182,0.6966403162055337
taiwan,random_forest,4976,0.7556927709329385,0.91600790513834,0.30434782608695654,0.8181818181818182,0.7031620553359684
taiwan,random_forest,4979,-0.8141337661793525,0.8824110671936758,0.17391304347826086,0.8181818181818182,0.650592885375494
taiwan,random_forest,5038,-0.8599068382525304,0.8769762845849802,0.30434782608695654,0.6666666666666666,0.642094861660079
taiwan,random_forest,5064,0.7120452520549037,0.8982213438735178,0.6086956521739131,0.6666666666666666,0.741897233201581
taiwan,random_forest,5089,0.8929446447746231,0.817687747035573,0.6521739130434783,0.6666666666666666,0.7227272727272727
taiwan,random_forest,5263,-0.4706491819835497,0.8631422924901186,0.4782608695652174,0.8181818181818182,0.7341897233201582
taiwan,random_forest,5306,0.704112359328206,0.8705533596837945,0.391304347826087,0.6666666666666666,0.6656126482213439
taiwan,random_forest,5377,-0.6063726750810571,0.6847826086956522,0.391304347826087,0.25,0.466304347826087
taiwan,random_forest,5396,-0.08721172546496768,0.9303359683794468,0.43478260869565216,0.6666666666666666,0.7025691699604744
taiwan,random_forest,5483,-0.4279876948494677,0.9738142292490118,0.391304347826087,1.0,0.806916996047431
taiwan,random_forest,5492,-0.6619231346715281,0.9342885375494072,0.30434782608695654,0.8181818181818182,0.7104743083003954
taiwan,random_forest,5617,0.7820178434137119,0.8586956521739131,0.7391304347826086,0.5384615384615384,0.7267558528428093
taiwan,random_forest,5761,-0.7458730778971914,0.8705533596837945,0.391304347826087,0.5384615384615384,0.6271511097598055
taiwan,random_forest,5763,-0.3125493330402317,0.9738142292490118,0.4782608695652174,1.0,0.8330039525691699
taiwan,random_forest,5764,-0.5535016802096078,0.8888339920948616,0.2608695652173913,0.8181818181818182,0.6792490118577075
taiwan,random_forest,5942,-0.7878802332616498,0.824110671936759,0.2608695652173913,0.5384615384615384,0.5694435998783826
taiwan,mlp,260,-0.8096473958467495,0.5043644617217122,0.3,0.25,0.3667457846886849
taiwan,mlp,378,-0.6543912714521609,0.5894714652951011,0.4,0.25,0.43078858611804044
taiwan,mlp,403,-0.19202735263980875,0.6980374506226933,0.7,0.3333333333333333,0.5892149802490773
taiwan,mlp,455,-0.7858447087100756,0.5687402721169679,0.1,0.25,0.3324961088467872
taiwan,mlp,507,0.34212271940381844,0.5982003887385257,0.8,0.3333333333333333,0.5792801554954102
taiwan,mlp,526,-0.8866715047529554,0.6172949087710167,0.0,0.3333333333333333,0.34691796350840665
taiwan,mlp,545,-0.037164947644508305,0.7656866073092331,0.5,0.3333333333333333,0.5562746429236932
taiwan,mlp,555,-0.6504030299309339,0.5501913097996909,0.4,0.25,0.4150765239198764
taiwan,mlp,581,-0.808619814981674,0.47490434510015456,0.2,0.17647058823529413,0.30290291451065005
taiwan,mlp,757,-0.8323163840446334,0.5687402721169679,0.2,0.3333333333333333,0.38749610884678715
taiwan,mlp,775,0.7618943091455386,0.6216593704927289,0.4,0.3333333333333333,0.46866374819709156
taiwan,mlp,837,-0.7308671418600778,0.7405909524093877,0.1,0.5384615384615384,0.4877748425022166
taiwan,mlp,918,0.7309752355166432,0.5976548310233115,0.7,0.3333333333333333,0.5490619324093245
taiwan,mlp,960,0.2518644028342579,0.692581873470553,0.8,0.3333333333333333,0.6170327493882212
taiwan,mlp,980,-0.6474308741062291,0.7520476644288824,0.2,0.5384615384615384,0.5223575273100145
taiwan,mlp,1079,0.8472070059561364,0.7978745125068609,0.7,0.5384615384615384,0.6906882665412059
taiwan,mlp,1130,-0.6203467051895526,0.6554839488359988,0.3,0.3333333333333333,0.45219357953439954
taiwan,mlp,1157,0.8041960199475413,0.6483916985382164,0.5,0.3333333333333333,0.5093566794152865
taiwan,mlp,1189,-0.02570016223590985,0.5769236378451784,0.5,0.3333333333333333,0.48076945513807134
taiwan,mlp,1346,-0.7950378511211724,0.5021822308608561,0.2,0.25,0.3358728923443425
taiwan,mlp,1354,0.7355872455554073,0.6505739293990725,0.4,0.3333333333333333,0.480229571759629
taiwan,mlp,1434,0.010992217060273623,0.7525932221440964,0.5,0.42857142857142855,0.5796087174290672
taiwan,mlp,1641,0.7482361402335931,0.622750485923157,0.4,0.3333333333333333,0.46910019436926276
taiwan,mlp,1726,-0.7624295131455936,0.42689526616131984,0.1,0.25,0.2757581064645279
taiwan,mlp,1868,-0.5905949168599824,0.8316990908501309,0.2,0.5384615384615384,0.5542180978785138
taiwan,mlp,1941,0.042519286259746304,0.745500971846314,0.4,0.42857142857142855,0.5467718173099542
taiwan,mlp,1971,-0.6433581220941854,0.5249714226386677,0.2222222222222222,0.3333333333333333,0.3766552357221337
taiwan,mlp,2104,-0.6339389825694379,0.5332790206280559,0.4,0.25,0.40831160825122237
taiwan,mlp,2163,-0.39544048359471234,0.6102026584732343,0.5,0.3333333333333333,0.4940810633892937
taiwan,mlp,2183,0.4208171563618422,0.6964007774770512,0.2,0.5384615384615384,0.500098772529282
taiwan,mlp,2193,-0.6947937019520585,0.6020192927450239,0.1,0.25,0.34580771709800956
taiwan,mlp,2208,-0.39420921599830144,0.5463724057931927,0.3,0.25,0.3835489623172771
taiwan,mlp,2319,-0.38869448541791085,0.7154952975095423,0.5,0.42857142857142855,0.5647695475752454
taiwan,mlp,2382,-0.6239536391908798,0.6663951031402795,0.1,0.3333333333333333,0.3965580412561118
taiwan,mlp,2447,0.40211393432437065,0.7204053169464686,0.2,0.42857142857142855,0.476733555350016
taiwan,mlp,2553,-0.7673705225843804,0.7204053169464686,0.1,0.5384615384615384,0.479700588317049
taiwan,mlp,2588,0.8362642383525103,0.6347527556578657,0.8,0.25,0.5689011022631463
taiwan,mlp,2604,0.41875168260143375,0.5212767508933472,0.4,0.17647058823529413,0.3814518768279271
taiwan,mlp,2611,0.6499339203053864,0.6893085271792688,0.5,0.3333333333333333,0.5257234108717075
taiwan,mlp,2626,-0.3367226256014389,0.728043124959465,0.7,0.42857142857142855,0.6297886785552146
taiwan,mlp,2647,-0.6308706304355973,0.5305512320519857,0.5,0.25,0.4372204928207943
taiwan,mlp,2663,0.35993140091134856,0.7886000313482224,0.9,0.5384615384615384,0.7469784740777505
taiwan,mlp,2668,-0.5515789688921584,0.4967266537087158,0.1,0.17647058823529413,0.2816318379540746
taiwan,mlp,2761,-0.5674763663135587,0.4519909210611653,0.6,0.17647058823529413,0.4137375448950543
taiwan,mlp,2775,-0.4237546580712008,0.5223678663237753,0.6,0.25,0.46394714652951013
taiwan,mlp,2799,0.7971957579541061,0.6347527556578657,0.4,0.3333333333333333,0.47390110226314625
taiwan,mlp,2839,0.868541654300224,0.5921992538711712,0.7,0.3333333333333333,0.5468797015484684
taiwan,mlp,2959,-0.5744843905641182,0.49508998056307374,0.5,0.25,0.42303599222522953
taiwan,mlp,2960,0.8095681374846837,0.6025648504602379,0.7,0.3333333333333333,0.5510259401840951
taiwan,mlp,3033,0.28923541191419616,0.6527561602599287,0.3,0.3333333333333333,0.4511024641039715
taiwan,mlp,3108,-0.18704835760593447,0.6003826195993818,0.2,0.3333333333333333,0.4001530478397527
taiwan,mlp,3230,-0.15782312448273886,0.5774691955603924,0.5,0.3333333333333333,0.480987678224157
taiwan,mlp,3252,-0.28492541456839876,0.5692858298321819,0.3,0.25,0.3927143319328728
taiwan,mlp,3287,-0.6054155925946703,0.7116763935030441,0.5,0.42857142857142855,0.5632419859726462
taiwan,mlp,3371,-0.36932410783430436,0.6429361213860761,0.4,0.3333333333333333,0.4771744485544304
taiwan,mlp,3747,-0.7945858790038235,0.4896344034109334,0.4,0.3333333333333333,0.41585376136437335
taiwan,mlp,3764,-0.39342990794030125,0.8131501285328538,0.3,0.5384615384615384,0.5767985129516031
taiwan,mlp,3811,0.7972898610142951,0.5785603109908205,0.6,0.25,0.4864241243963282
taiwan,mlp,3815,-0.4852604653431213,0.640208332810006,0.5,0.25,0.48108333312400237
taiwan,mlp,3859,-0.31933129262233556,0.588925907579887,0.6,0.3333333333333333,0.5155703630319548
taiwan,mlp,4000,0.6176195411926281,0.5992915041689537,0.4,0.3333333333333333,0.45971660166758144
taiwan,mlp,4028,-0.5690303423725349,0.4241674775852497,0.3,0.17647058823529413,0.31260816750468806
taiwan,mlp,4066,-0.5753524070027052,0.6533017179751428,0.4,0.3333333333333333,0.4813206871900571
taiwan,mlp,4088,-0.4292767029685823,0.639662775094792,0.6,0.25,0.5108651100379168
taiwan,mlp,4096,-0.633105497798986,0.552919098375761,0.3,0.3333333333333333,0.4111676393503044
taiwan,mlp,4115,0.4456059693331666,0.7515021067136683,0.5,0.5384615384615384,0.6121393042239289
taiwan,mlp,4158,-0.14452643674203125,0.48145103768272296,0.4,0.17647058823529413,0.3655215915436774
taiwan,mlp,4186,0.6841008253040217,0.5649213681104697,0.5,0.42857142857142855,0.5045399758156164
taiwan,mlp,4238,0.811956177309596,0.5938359270168133,0.5,0.42857142857142855,0.5161057993781539
taiwan,mlp,4345,-0.6542725049132428,0.6151126779101606,0.3,0.42857142857142855,0.4646164997354928
taiwan,mlp,4424,-0.45013456283595893,0.7999376494464696,0.3333333333333333,0.6666666666666666,0.6199750597785878
taiwan,mlp,4435,-0.2472625843051724,0.5027277885760701,0.3,0.3333333333333333,0.39109111543042807
taiwan,mlp,4496,-0.4310347880393902,0.5551013292366171,0.5,0.25,0.4470405316946469
taiwan,mlp,4499,-0.5694243953901043,0.5938359270168133,0.5,0.25,0.4625343708067254
taiwan,mlp,4516,-0.28789495509845636,0.7084030472117598,0.3,0.3333333333333333,0.47336121888470395
taiwan,mlp,4562,0.2227109154608994,0.676215142014132,0.7,0.42857142857142855,0.6090574853770814
taiwan,mlp,4593,0.8050287266403306,0.482542153113151,0.5,0.25,0.41801686124526044
taiwan,mlp,4625,-0.6356344978601128,0.48854328798050534,0.4,0.25,0.3904173151922022
taiwan,mlp,4644,-0.3741458260848571,0.5081833657282104,0.6,0.3333333333333333,0.48327334629128416
taiwan,mlp,4745,-0.6625393200132378,0.5327334629128418,0.5,0.25,0.4380933851651368
taiwan,mlp,4816,0.07199230498866209,0.47654101824579664,0.6,0.25,0.4456164072983187
taiwan,mlp,4871,-0.043746683596852784,0.6249327167840131,0.6,0.3333333333333333,0.5299730867136052
taiwan,mlp,4908,0.8442883968599357,0.5796514264212486,0.7,0.25,0.5168605705684994
taiwan,mlp,4964,-0.38106841441906614,0.7716877421765875,0.3,0.6666666666666666,0.598675096870635
taiwan,mlp,4976,0.7391703705291356,0.40070849583104634,0.3,0.17647058823529413,0.30322457480300674
taiwan,mlp,4979,-0.48411635891158206,0.6140215624797325,0.3,0.42857142857142855,0.4641800535633216
taiwan,mlp,5038,-0.8227260840582845,0.3657928020573484,0.3,0.1111111111111111,0.2696504541562727
taiwan,mlp,5064,0.7392342759564294,0.6374805442339359,0.3,0.3333333333333333,0.44499221769357433
taiwan,mlp,5089,0.8466164183256852,0.5267323280454875,0.8,0.3333333333333333,0.550692931218195
taiwan,mlp,5263,-0.5229111491147103,0.6412994482404341,0.3,0.25,0.4215197792961736
taiwan,mlp,5306,0.7353979671769247,0.49945444228478597,0.4,0.25,0.3947817769139144
taiwan,mlp,5377,0.1479864903585435,0.7509565489984543,0.5,0.5384615384615384,0.6119210811378433
taiwan,mlp,5396,-0.20210031027954187,0.8191512634002082,0.4,0.5384615384615384,0.6091989668985448
taiwan,mlp,5483,-0.65041974964545,0.5649213681104697,0.5,0.3333333333333333,0.47596854724418786
taiwan,mlp,5492,-0.7822923386812678,0.6636673145642094,0.2,0.42857142857142855,0.4540383543971123
taiwan,mlp,5617,0.7729930844885644,0.5616480218191855,0.5,0.25,0.44965920872767423
taiwan,mlp,5761,-0.5795116890695151,0.4601742867893757,0.1,0.17647058823529413,0.26701089118633853
taiwan,mlp,5763,-0.2950490393808539,0.693127431185767,0.7,0.42857142857142855,0.6158224010457354
taiwan,mlp,5764,-0.5848098278539601,0.48145103768272296,0.2,0.25,0.3275804150730892
taiwan,mlp,5942,-0.8680970397430688,0.6674862185707076,0.0,0.42857142857142855,0.3955659159997116
gmsc,xgboost,1306,-0.21710478054126525,0.5515151515151515,0.2,1.0,0.5806060606060606
gmsc,xgboost,1902,-0.3314365858648585,0.7393939393939394,0.2,1.0,0.6557575757575758
gmsc,xgboost,2025,-0.198826432512028,0.7575757575757576,0.3,1.0,0.6930303030303031
gmsc,xgboost,2278,-0.2614150582183694,0.7757575757575758,0.5,1.0,0.7603030303030303
gmsc,xgboost,2559,-0.30035644834290287,0.7636363636363637,0.4,1.0,0.7254545454545455
gmsc,xgboost,2657,-0.6352424582461008,0.7272727272727273,0.2,1.0,0.6509090909090909
gmsc,xgboost,2746,-0.7649079685362025,0.7757575757575758,0.0,1.0,0.6103030303030303
gmsc,xgboost,2805,-0.6735355537574639,0.8666666666666666,0.2,1.0,0.7066666666666667
gmsc,xgboost,2903,-0.4072810093918399,0.7818181818181817,0.3,1.0,0.7027272727272726
gmsc,xgboost,3817,-0.137359907377981,0.7818181818181817,0.5,1.0,0.7627272727272727
gmsc,xgboost,3878,-0.6175200363744964,0.7636363636363637,0.4,1.0,0.7254545454545455
gmsc,xgboost,4175,-0.1846027286973473,0.6363636363636364,0.5,1.0,0.7045454545454546
gmsc,xgboost,4603,-0.05806405114886996,0.696969696969697,0.2,1.0,0.6387878787878788
gmsc,xgboost,4798,0.5538595564821347,0.806060606060606,0.7,1.0,0.8324242424242425
gmsc,xgboost,4927,-0.6487535028607481,0.8545454545454545,0.1,1.0,0.6718181818181819
gmsc,xgboost,5440,-0.08851564773363452,0.6484848484848484,0.5,1.0,0.7093939393939395
gmsc,xgboost,5655,-0.1923673215014682,0.7454545454545454,0.1,1.0,0.6281818181818182
gmsc,xgboost,5806,-0.2981285469240031,0.7151515151515151,0.2,1.0,0.646060606060606
gmsc,xgboost,6001,-0.23598700844591924,0.8484848484848484,0.2,1.0,0.6993939393939393
gmsc,xgboost,6774,0.09715758273825367,0.8181818181818181,0.4,1.0,0.7472727272727273
gmsc,xgboost,7157,-0.2539937369106603,0.6363636363636364,0.1,1.0,0.5845454545454545
gmsc,xgboost,8252,-0.0030223752184682868,0.6060606060606061,0.4,1.0,0.6624242424242424
gmsc,xgboost,8613,-0.3562764695039397,0.7757575757575758,0.2,1.0,0.6703030303030303
gmsc,xgboost,9329,-0.3359939864087605,0.8787878787878787,0.1,1.0,0.6815151515151514
gmsc,xgboost,9724,0.04832594581446694,0.7575757575757576,0.4,1.0,0.723030303030303
gmsc,xgboost,9858,-0.169648459799082,0.8787878787878787,0.4,1.0,0.7715151515151515
gmsc,xgboost,10573,-0.1658766983335557,0.806060606060606,0.1,1.0,0.6524242424242424
gmsc,xgboost,10856,-0.28546825687022315,0.8242424242424242,0.3,1.0,0.7196969696969697
gmsc,xgboost,10941,-0.554105152475328,0.703030303030303,0.2,1.0,0.6412121212121211
gmsc,xgboost,11050,-0.12975297445781223,0.7151515151515151,0.2,1.0,0.646060606060606
gmsc,xgboost,11057,-0.46656730040748173,0.6242424242424243,0.5,1.0,0.6996969696969697
gmsc,xgboost,11575,-0.5110205825260459,0.8424242424242424,0.2,1.0,0.696969696969697
gmsc,xgboost,11994,-0.3860461454842164,0.8242424242424242,0.4,1.0,0.7496969696969698
gmsc,xgboost,12261,-0.3092141748703778,0.696969696969697,0.4,1.0,0.6987878787878787
gmsc,xgboost,12896,-0.18942463825919822,0.9454545454545454,0.4,1.0,0.7981818181818181
gmsc,xgboost,12999,-0.043844989664018924,0.8424242424242424,0.4,1.0,0.756969696969697
gmsc,xgboost,13053,0.14180139909480835,0.7393939393939394,0.6,1.0,0.7757575757575758
gmsc,xgboost,13071,-0.16424881804351718,0.7333333333333333,0.2,1.0,0.6533333333333333
gmsc,xgboost,13217,-0.17423919255957857,0.7757575757575758,0.4,1.0,0.7303030303030302
gmsc,xgboost,13293,-0.5819803814679114,0.509090909090909,0.3,1.0,0.5936363636363635
gmsc,xgboost,13421,-0.4514985454552769,0.8787878787878787,0.2,1.0,0.7115151515151514
gmsc,xgboost,13428,-0.38579332949357664,0.6363636363636364,0.5,1.0,0.7045454545454546
gmsc,xgboost,13819,-0.44662622259572426,0.6545454545454545,0.3,1.0,0.6518181818181819
gmsc,xgboost,13923,-0.7086932601396652,0.7333333333333333,0.3,1.0,0.6833333333333333
gmsc,xgboost,14015,-0.42586364736643806,0.7151515151515151,0.2,1.0,0.646060606060606
gmsc,xgboost,14202,-0.21319703645321966,0.6848484848484848,0.3,1.0,0.6639393939393938
gmsc,xgboost,14851,0.08816575352432134,0.8,0.4,1.0,0.74
gmsc,xgboost,14910,-0.008217728608953036,0.7212121212121212,0.3,1.0,0.6784848484848485
gmsc,xgboost,15292,-0.291293194577297,0.696969696969697,0.0,1.0,0.5787878787878789
gmsc,xgboost,15683,0.010585821162931084,0.7757575757575758,0.2,1.0,0.6703030303030303
gmsc,xgboost,16258,-0.42342849621083967,0.8242424242424242,0.2,1.0,0.6896969696969697
gmsc,xgboost,16307,-0.48505699621531795,0.7272727272727273,0.2,1.0,0.6509090909090909
gmsc,xgboost,16533,-0.15042200574985767,0.7515151515151515,0.3,1.0,0.6906060606060607
gmsc,xgboost,16854,0.42014084572461186,0.8181818181818181,0.5,1.0,0.7772727272727273
gmsc,xgboost,18807,0.4883426235771237,0.8545454545454545,0.4,1.0,0.7618181818181817
gmsc,xgboost,18835,-0.21410634081641264,0.7454545454545454,0.3,1.0,0.6881818181818182
gmsc,xgboost,19025,-0.481522852272851,0.7393939393939394,0.4,1.0,0.7157575757575758
gmsc,xgboost,19190,-0.28684683232990904,0.7333333333333333,0.2,1.0,0.6533333333333333
gmsc,xgboost,19494,0.6296829184780395,0.793939393939394,0.4,1.0,0.7375757575757576
gmsc,xgboost,19999,-0.18696449186618402,0.8545454545454545,0.4,1.0,0.7618181818181817
gmsc,xgboost,20220,-0.4799681212375397,0.7454545454545454,0.1,1.0,0.6281818181818182
gmsc,xgboost,20381,-0.5785274621858097,0.8242424242424242,0.4,1.0,0.7496969696969698
gmsc,xgboost,20390,-0.17797042504341937,0.8606060606060606,0.4,1.0,0.7642424242424242
gmsc,xgboost,20494,-0.43333107387860453,0.696969696969697,0.1,1.0,0.6087878787878789
gmsc,xgboost,20772,-0.5914589245263473,0.6,0.3,1.0,0.6299999999999999
gmsc,xgboost,20890,0.03058090306914917,0.7696969696969697,0.2,1.0,0.6678787878787878
gmsc,xgboost,20913,-0.21903751745501351,0.7696969696969697,0.3,1.0,0.6978787878787878
gmsc,xgboost,21376,-0.33929745104212006,0.7575757575757576,0.3,1.0,0.6930303030303031
gmsc,xgboost,21919,-0.487339517141151,0.6363636363636364,0.2,1.0,0.6145454545454545
gmsc,xgboost,22180,-0.5538860969273575,0.5878787878787879,0.3,1.0,0.6251515151515152
gmsc,xgboost,22224,-0.20929127091483377,0.8,0.3,1.0,0.71
gmsc,xgboost,22606,-0.402627606188906,0.6242424242424243,0.1,1.0,0.5796969696969697
gmsc,xgboost,22667,-0.4266276800004932,0.7151515151515151,0.5,1.0,0.7360606060606061
gmsc,xgboost,22676,-0.6734573110081478,0.7515151515151515,0.4,1.0,0.7206060606060606
gmsc,xgboost,22933,-0.46643770798390194,0.6606060606060606,0.2,1.0,0.6242424242424243
gmsc,xgboost,23049,-0.44841972690779697,0.696969696969697,0.4,1.0,0.6987878787878787
gmsc,xgboost,23218,-0.3091959825502885,0.696969696969697,0.3,1.0,0.6687878787878787
gmsc,xgboost,23293,-0.16866193129759172,0.812121212121212,0.3,1.0,0.7148484848484848
gmsc,xgboost,23420,-0.2770445583120493,0.806060606060606,0.2,1.0,0.6824242424242424
gmsc,xgboost,23751,-0.5394273171396992,0.6,0.2,1.0,0.6
gmsc,xgboost,24039,0.0890981395311192,0.8424242424242424,0.4,1.0,0.756969696969697
gmsc,xgboost,24524,-0.5015156180195124,0.7818181818181817,0.2,1.0,0.6727272727272727
gmsc,xgboost,24677,-0.3883210730283705,0.8606060606060606,0.3,1.0,0.7342424242424241
gmsc,xgboost,24858,-0.13614990970862714,0.7272727272727273,0.5,1.0,0.740909090909091
gmsc,xgboost,24866,-0.32648391178302116,0.915151515151515,0.5,1.0,0.8160606060606059
gmsc,xgboost,25022,-0.1465194286377023,0.7757575757575758,0.4,1.0,0.7303030303030302
gmsc,xgboost,25143,-0.3714819492685756,0.8303030303030303,0.4,1.0,0.7521212121212122
gmsc,xgboost,25573,-0.39501668885549823,0.6787878787878787,0.2,1.0,0.6315151515151515
gmsc,xgboost,25590,-0.495543804976028,0.7515151515151515,0.2,1.0,0.6606060606060606
gmsc,xgboost,26471,-0.39913937615874945,0.8424242424242424,0.4,1.0,0.756969696969697
gmsc,xgboost,26639,-0.08919130829595093,0.8,0.3,1.0,0.71
gmsc,xgboost,26829,-0.4517984963349821,0.6666666666666666,0.4,1.0,0.6866666666666666
gmsc,xgboost,27026,-0.20389742900409785,0.8303030303030303,0.4,1.0,0.7521212121212122
gmsc,xgboost,27528,-0.21823350667957994,0.6484848484848484,0.2,1.0,0.6193939393939394
gmsc,xgboost,27620,-0.2483941065910077,0.7212121212121212,0.5,1.0,0.7384848484848485
gmsc,xgboost,28077,-0.49211092122933037,0.7636363636363637,0.4,1.0,0.7254545454545455
gmsc,xgboost,28873,-0.47022128775786776,0.793939393939394,0.2,1.0,0.6775757575757576
gmsc,xgboost,28951,-0.25808291018389623,0.7393939393939394,0.3,1.0,0.6857575757575758
gmsc,xgboost,29064,-0.5253860958738522,0.7393939393939394,0.3,1.0,0.6857575757575758
gmsc,xgboost,29856,0.3726911259453759,0.8363636363636363,0.7,1.0,0.8445454545454545
gmsc,lightgbm,1306,-0.07879260589179764,0.6,0.2,1.0,0.6
gmsc,lightgbm,1902,-0.22675933157789463,0.48484848484848486,0.3,1.0,0.583939393939394
gmsc,lightgbm,2025,-0.19398416737704646,0.6424242424242425,0.1,1.0,0.5869696969696969
gmsc,lightgbm,2278,-0.39291324148126355,0.5272727272727272,0.4,1.0,0.6309090909090909
gmsc,lightgbm,2559,-0.28080901306964834,0.5757575757575757,0.3,1.0,0.6203030303030304
gmsc,lightgbm,2657,-0.3286569998846445,0.42424242424242425,0.3,1.0,0.5596969696969697
gmsc,lightgbm,2746,-0.13109390689104156,0.6121212121212121,0.3,1.0,0.6348484848484848
gmsc,lightgbm,2805,-0.36164159759680226,0.2787878787878788,0.1,1.0,0.4415151515151515
gmsc,lightgbm,2903,-0.39798692317349277,0.5515151515151515,0.1,1.0,0.5506060606060605
gmsc,lightgbm,3817,-0.08456780916711211,0.7151515151515151,0.3,1.0,0.676060606060606
gmsc,lightgbm,3878,-0.5771599892659803,0.696969696969697,0.2,1.0,0.6387878787878788
gmsc,lightgbm,4175,0.027029601653242218,0.5757575757575757,0.3,1.0,0.6203030303030304
gmsc,lightgbm,4603,0.21666282808133414,0.44242424242424244,0.3,1.0,0.5669696969696969
gmsc,lightgbm,4798,0.5494535606788677,0.8787878787878787,0.5,1.0,0.8015151515151515
gmsc,lightgbm,4927,-0.12345159544340036,0.6424242424242425,0.3,1.0,0.646969696969697
gmsc,lightgbm,5440,-0.04380885394369527,0.509090909090909,0.5,1.0,0.6536363636363636
gmsc,lightgbm,5655,-0.10340868201488976,0.6787878787878787,0.4,1.0,0.6915151515151514
gmsc,lightgbm,5806,-0.1907913199523609,0.49696969696969695,0.3,1.0,0.5887878787878789
gmsc,lightgbm,6001,-0.00880083149251283,0.6121212121212121,0.2,1.0,0.6048484848484847
gmsc,lightgbm,6774,0.1565753915265137,0.703030303030303,0.5,1.0,0.7312121212121212
gmsc,lightgbm,7157,-0.14129250191678594,0.48484848484848486,0.2,1.0,0.553939393939394
gmsc,lightgbm,8252,-0.07944240024381533,0.5878787878787879,0.4,1.0,0.6551515151515152
gmsc,lightgbm,8613,-0.1715900723934738,0.6,0.2,1.0,0.6
gmsc,lightgbm,9329,-0.3121665640586862,0.7454545454545454,0.3,1.0,0.6881818181818182
gmsc,lightgbm,9724,0.11626769048459525,0.6848484848484848,0.4,1.0,0.6939393939393939
gmsc,lightgbm,9858,0.030051331409256102,0.6909090909090909,0.5,1.0,0.7263636363636363
gmsc,lightgbm,10573,0.04324696555115852,0.6909090909090909,0.3,1.0,0.6663636363636363
gmsc,lightgbm,10856,-0.18548502814826015,0.6,0.5,1.0,0.69
gmsc,lightgbm,10941,-0.5265046422051048,0.44242424242424244,0.3,1.0,0.5669696969696969
gmsc,lightgbm,11050,-0.03556077988037521,0.503030303030303,0.4,1.0,0.6212121212121212
gmsc,lightgbm,11057,-0.5347246234185269,0.5333333333333333,0.3,1.0,0.6033333333333333
gmsc,lightgbm,11575,-0.5146305263009942,0.4787878787878788,0.0,1.0,0.4915151515151515
gmsc,lightgbm,11994,-0.355631508719323,0.5515151515151515,0.3,1.0,0.6106060606060606
gmsc,lightgbm,12261,-0.30760843651831304,0.5393939393939394,0.3,1.0,0.6057575757575757
gmsc,lightgbm,12896,-0.06306332197134842,0.7757575757575758,0.3,1.0,0.7003030303030302
gmsc,lightgbm,12999,-0.18283541343648993,0.5636363636363636,0.4,1.0,0.6454545454545455
gmsc,lightgbm,13053,0.21218707297227518,0.6242424242424243,0.6,1.0,0.7296969696969697
gmsc,lightgbm,13071,0.08622406150992203,0.593939393939394,0.3,1.0,0.6275757575757577
gmsc,lightgbm,13217,-0.05277062700715146,0.5757575757575757,0.4,1.0,0.6503030303030303
gmsc,lightgbm,13293,-0.6013034437889198,0.2787878787878788,0.1,1.0,0.4415151515151515
gmsc,lightgbm,13421,-0.4916313704801033,0.4909090909090909,0.1,1.0,0.5263636363636364
gmsc,lightgbm,13428,-0.44109124474296735,0.46060606060606063,0.1,1.0,0.5142424242424243
gmsc,lightgbm,13819,-0.3230339889649821,0.4666666666666667,0.4,1.0,0.6066666666666667
gmsc,lightgbm,13923,-0.4224880574507074,0.6121212121212121,0.3,1.0,0.6348484848484848
gmsc,lightgbm,14015,-0.30607784304169317,0.6121212121212121,0.3,1.0,0.6348484848484848
gmsc,lightgbm,14202,-0.1183127654694913,0.5333333333333333,0.4,1.0,0.6333333333333333
gmsc,lightgbm,14851,0.16439093605051588,0.6484848484848484,0.2,1.0,0.6193939393939394
gmsc,lightgbm,14910,0.20106193308343354,0.5212121212121212,0.3,1.0,0.5984848484848484
gmsc,lightgbm,15292,-0.23748822550913842,0.6060606060606061,0.1,1.0,0.5724242424242425
gmsc,lightgbm,15683,0.11952361612410686,0.5212121212121212,0.4,1.0,0.6284848484848484
gmsc,lightgbm,16258,-0.2556494193434564,0.6848484848484848,0.5,1.0,0.7239393939393939
gmsc,lightgbm,16307,-0.2767320467189894,0.4303030303030303,0.1,1.0,0.5021212121212121
gmsc,lightgbm,16533,0.002718724930220356,0.3939393939393939,0.4,1.0,0.5775757575757576
gmsc,lightgbm,16854,0.4025540555344974,0.6424242424242425,0.5,1.0,0.706969696969697
gmsc,lightgbm,18807,0.43913869321846366,0.8303030303030303,0.4,1.0,0.7521212121212122
gmsc,lightgbm,18835,-0.0057908661717379455,0.48484848484848486,0.3,1.0,0.583939393939394
gmsc,lightgbm,19025,-0.47029548822210104,0.5212121212121212,0.3,1.0,0.5984848484848484
gmsc,lightgbm,19190,0.020716969759711434,0.6363636363636364,0.3,1.0,0.6445454545454545
gmsc,lightgbm,19494,0.7265635210729123,0.793939393939394,0.6,1.0,0.7975757575757576
gmsc,lightgbm,19999,-0.06140979921048764,0.696969696969697,0.2,1.0,0.6387878787878788
gmsc,lightgbm,20220,-0.418385028606094,0.4545454545454546,0.4,1.0,0.6018181818181818
gmsc,lightgbm,20381,-0.7251710880286063,0.5757575757575757,0.2,1.0,0.5903030303030303
gmsc,lightgbm,20390,-0.005909437160440848,0.6848484848484848,0.1,1.0,0.603939393939394
gmsc,lightgbm,20494,-0.19802758707276266,0.44242424242424244,0.2,1.0,0.536969696969697
gmsc,lightgbm,20772,-0.2937713627226466,0.5393939393939394,0.5,1.0,0.6657575757575758
gmsc,lightgbm,20890,0.058011463139018594,0.4484848484848485,0.2,1.0,0.5393939393939394
gmsc,lightgbm,20913,-0.007080493606153867,0.5515151515151515,0.4,1.0,0.6406060606060606
gmsc,lightgbm,21376,-0.08041064930746677,0.509090909090909,0.3,1.0,0.5936363636363635
gmsc,lightgbm,21919,-0.38922443956369007,0.4787878787878788,0.0,1.0,0.4915151515151515
gmsc,lightgbm,22180,-0.5215695215685988,0.42424242424242425,0.4,1.0,0.5896969696969696
gmsc,lightgbm,22224,-0.16968933196939034,0.5393939393939394,0.4,1.0,0.6357575757575757
gmsc,lightgbm,22606,-0.41859844832649484,0.5818181818181818,0.1,1.0,0.5627272727272727
gmsc,lightgbm,22667,-0.4474337209749936,0.4121212121212121,0.3,1.0,0.5548484848484849
gmsc,lightgbm,22676,-0.2702010708474641,0.6727272727272727,0.5,1.0,0.719090909090909
gmsc,lightgbm,22933,-0.43540591294292275,0.5757575757575757,0.2,1.0,0.5903030303030303
gmsc,lightgbm,23049,-0.22732723931353507,0.5515151515151515,0.2,1.0,0.5806060606060606
gmsc,lightgbm,23218,-0.30529681901378697,0.48484848484848486,0.4,1.0,0.613939393939394
gmsc,lightgbm,23293,-0.09108720025920508,0.7212121212121212,0.2,1.0,0.6484848484848484
gmsc,lightgbm,23420,-0.17487557161686934,0.6,0.2,1.0,0.6
gmsc,lightgbm,23751,-0.13584105733751017,0.6484848484848484,0.3,1.0,0.6493939393939394
gmsc,lightgbm,24039,0.24463642966762297,0.5636363636363636,0.3,1.0,0.6154545454545455
gmsc,lightgbm,24524,-0.3941295196187585,0.7575757575757576,0.4,1.0,0.723030303030303
gmsc,lightgbm,24677,-0.1144913264172139,0.7333333333333333,0.3,1.0,0.6833333333333333
gmsc,lightgbm,24858,-0.005736492278283945,0.5878787878787879,0.5,1.0,0.6851515151515151
gmsc,lightgbm,24866,-0.10537829147410975,0.6787878787878787,0.3,1.0,0.6615151515151514
gmsc,lightgbm,25022,-0.08956624009587263,0.7393939393939394,0.3,1.0,0.6857575757575758
gmsc,lightgbm,25143,-0.4095409351398316,0.5575757575757576,0.2,1.0,0.583030303030303
gmsc,lightgbm,25573,-0.36995067707082996,0.46060606060606063,0.1,1.0,0.5142424242424243
gmsc,lightgbm,25590,-0.2822541462206718,0.6848484848484848,0.2,1.0,0.6339393939393939
gmsc,lightgbm,26471,-0.06099980160162669,0.7090909090909091,0.2,1.0,0.6436363636363636
gmsc,lightgbm,26639,0.06868309849431313,0.793939393939394,0.3,1.0,0.7075757575757575
gmsc,lightgbm,26829,-0.4041354778589866,0.5878787878787879,0.3,1.0,0.6251515151515152
gmsc,lightgbm,27026,-0.1919268095866099,0.6242424242424243,0.3,1.0,0.6396969696969697
gmsc,lightgbm,27528,-0.17921995852947054,0.46060606060606063,0.3,1.0,0.5742424242424242
gmsc,lightgbm,27620,-0.3007026302382608,0.5333333333333333,0.6,1.0,0.6933333333333334
gmsc,lightgbm,28077,-0.5067670650956836,0.593939393939394,0.4,1.0,0.6575757575757576
gmsc,lightgbm,28873,-0.2722052239744846,0.5575757575757576,0.2,1.0,0.583030303030303
gmsc,lightgbm,28951,-0.3163459290276476,0.4909090909090909,0.3,1.0,0.5863636363636364
gmsc,lightgbm,29064,-0.6938231278620031,0.6303030303030304,0.4,1.0,0.6721212121212121
gmsc,lightgbm,29856,0.3104241869768731,0.812121212121212,0.6,1.0,0.8048484848484849
gmsc,random_forest,1306,-0.5156105979089451,0.8484848484848484,0.4,1.0,0.7593939393939393
gmsc,random_forest,1902,-0.7401371775019957,0.9393939393939394,0.3,1.0,0.7657575757575759
gmsc,random_forest,2025,-0.6016266290489655,0.8606060606060606,0.3,1.0,0.7342424242424241
gmsc,random_forest,2278,-0.6931787136729355,0.9393939393939394,0.5,1.0,0.8257575757575757
gmsc,random_forest,2559,-0.716089818463804,0.9636363636363636,0.3,1.0,0.7754545454545454
gmsc,random_forest,2657,-0.8659304646473647,0.9090909090909092,0.2,1.0,0.7236363636363636
gmsc,random_forest,2746,-0.8616795710737308,0.9393939393939394,0.1,1.0,0.7057575757575758
gmsc,random_forest,2805,-0.8433750615230898,0.9393939393939394,0.2,1.0,0.7357575757575758
gmsc,random_forest,2903,-0.7917949650004802,0.9454545454545454,0.3,1.0,0.7681818181818181
gmsc,random_forest,3817,-0.3409955710941996,0.8787878787878787,0.3,1.0,0.7415151515151515
gmsc,random_forest,3878,-0.8487533317229261,0.9090909090909092,0.4,1.0,0.7836363636363637
gmsc,random_forest,4175,-0.3198401513457131,0.7515151515151515,0.5,1.0,0.7506060606060605
gmsc,random_forest,4603,-0.5424969657566276,0.915151515151515,0.3,1.0,0.7560606060606061
gmsc,random_forest,4798,0.6868460033910061,0.9575757575757575,0.4,1.0,0.803030303030303
gmsc,random_forest,4927,-0.4806529836551711,0.915151515151515,0.4,1.0,0.786060606060606
gmsc,random_forest,5440,-0.285374403493139,0.8727272727272727,0.4,1.0,0.769090909090909
gmsc,random_forest,5655,-0.2970159549060816,0.903030303030303,0.3,1.0,0.7512121212121212
gmsc,random_forest,5806,-0.7323689983225005,0.8606060606060606,0.2,1.0,0.7042424242424242
gmsc,random_forest,6001,0.14108141040847577,0.8606060606060606,0.3,1.0,0.7342424242424241
gmsc,random_forest,6774,-0.10063326177671021,0.915151515151515,0.4,1.0,0.786060606060606
gmsc,random_forest,7157,-0.7016257104006894,0.9454545454545454,0.1,1.0,0.7081818181818182
gmsc,random_forest,8252,-0.5662660390243366,0.8484848484848484,0.5,1.0,0.7893939393939393
gmsc,random_forest,8613,-0.7417608249704436,0.8424242424242424,0.4,1.0,0.756969696969697
gmsc,random_forest,9329,-0.7446155309620773,0.896969696969697,0.3,1.0,0.7487878787878788
gmsc,random_forest,9724,-0.4548698454048197,0.8727272727272727,0.3,1.0,0.739090909090909
gmsc,random_forest,9858,0.1076847949391293,0.8787878787878787,0.4,1.0,0.7715151515151515
gmsc,random_forest,10573,0.11497746892013493,0.9393939393939394,0.3,1.0,0.7657575757575759
gmsc,random_forest,10856,-0.6860285041492002,0.896969696969697,0.3,1.0,0.7487878787878788
gmsc,random_forest,10941,-0.7466939925795791,0.9212121212121211,0.2,1.0,0.7284848484848485
gmsc,random_forest,11050,-0.5159850551825609,0.9333333333333332,0.4,1.0,0.7933333333333332
gmsc,random_forest,11057,-0.8071582220401065,0.903030303030303,0.3,1.0,0.7512121212121212
gmsc,random_forest,11575,-0.755466145418078,0.8606060606060606,0.2,1.0,0.7042424242424242
gmsc,random_forest,11994,-0.7530308332561912,0.896969696969697,0.4,1.0,0.7787878787878788
gmsc,random_forest,12261,-0.6654926134731874,0.9212121212121211,0.3,1.0,0.7584848484848485
gmsc,random_forest,12896,0.1111993827849937,0.8545454545454545,0.6,1.0,0.8218181818181818
gmsc,random_forest,12999,-0.1427750055528427,0.903030303030303,0.4,1.0,0.7812121212121212
gmsc,random_forest,13053,0.20864953177331508,0.903030303030303,0.4,1.0,0.7812121212121212
gmsc,random_forest,13071,0.08401866663576565,0.915151515151515,0.3,1.0,0.7560606060606061
gmsc,random_forest,13217,0.047763669861995366,0.6606060606060606,0.5,1.0,0.7142424242424243
gmsc,random_forest,13293,-0.7979210278054112,0.9212121212121211,0.3,1.0,0.7584848484848485
gmsc,random_forest,13421,-0.7642676762837778,0.915151515151515,0.2,1.0,0.7260606060606061
gmsc,random_forest,13428,-0.7289480271756211,0.9272727272727272,0.4,1.0,0.7909090909090909
gmsc,random_forest,13819,-0.791507676927923,0.915151515151515,0.0,1.0,0.666060606060606
gmsc,random_forest,13923,-0.7839719417130463,0.896969696969697,0.2,1.0,0.7187878787878788
gmsc,random_forest,14015,-0.7669110782798821,0.9272727272727272,0.2,1.0,0.730909090909091
gmsc,random_forest,14202,-0.5455346225224702,0.8606060606060606,0.3,1.0,0.7342424242424241
gmsc,random_forest,14851,0.23680568379067574,0.8363636363636363,0.6,1.0,0.8145454545454545
gmsc,random_forest,14910,-0.5076444365666645,0.8666666666666666,0.3,1.0,0.7366666666666666
gmsc,random_forest,15292,-0.7524532258610674,0.896969696969697,0.1,1.0,0.6887878787878787
gmsc,random_forest,15683,-0.4706595670115135,0.915151515151515,0.3,1.0,0.7560606060606061
gmsc,random_forest,16258,-0.713715094258339,0.8787878787878787,0.3,1.0,0.7415151515151515
gmsc,random_forest,16307,-0.8016524680095537,0.9090909090909092,0.3,1.0,0.7536363636363637
gmsc,random_forest,16533,-0.5892193333835386,0.915151515151515,0.2,1.0,0.7260606060606061
gmsc,random_forest,16854,0.3772539552911442,0.8848484848484848,0.5,1.0,0.803939393939394
gmsc,random_forest,18807,0.5305481115560124,0.8545454545454545,0.7,1.0,0.8518181818181818
gmsc,random_forest,18835,-0.5657683390464262,0.8363636363636363,0.2,1.0,0.6945454545454546
gmsc,random_forest,19025,-0.7651531588944055,0.915151515151515,0.3,1.0,0.7560606060606061
gmsc,random_forest,19190,0.0935736520960214,0.8848484848484848,0.3,1.0,0.7439393939393939
gmsc,random_forest,19494,0.6442905892924159,0.9333333333333332,0.4,1.0,0.7933333333333332
gmsc,random_forest,19999,0.1366589286609596,0.9393939393939394,0.5,1.0,0.8257575757575757
gmsc,random_forest,20220,-0.7403243973281756,0.8909090909090909,0.3,1.0,0.7463636363636363
gmsc,random_forest,20381,-0.8393108616304358,0.896969696969697,0.4,1.0,0.7787878787878788
gmsc,random_forest,20390,0.11811687265531857,0.9090909090909092,0.4,1.0,0.7836363636363637
gmsc,random_forest,20494,-0.7598723856390563,0.903030303030303,0.3,1.0,0.7512121212121212
gmsc,random_forest,20772,-0.7213865341669046,0.806060606060606,0.2,1.0,0.6824242424242424
gmsc,random_forest,20890,-0.17348967665850776,0.903030303030303,0.3,1.0,0.7512121212121212
gmsc,random_forest,20913,-0.6945761108592635,0.8484848484848484,0.4,1.0,0.7593939393939393
gmsc,random_forest,21376,0.006305025306575299,0.9636363636363636,0.3,1.0,0.7754545454545454
gmsc,random_forest,21919,-0.7653034119056901,0.896969696969697,0.1,1.0,0.6887878787878787
gmsc,random_forest,22180,-0.7896165472499351,0.7454545454545454,0.3,1.0,0.6881818181818182
gmsc,random_forest,22224,-0.38028228682261095,0.9575757575757575,0.3,1.0,0.773030303030303
gmsc,random_forest,22606,-0.7657262578764861,0.8363636363636363,0.2,1.0,0.6945454545454546
gmsc,random_forest,22667,-0.7840473598101704,0.9272727272727272,0.3,1.0,0.760909090909091
gmsc,random_forest,22676,-0.7171392538406289,0.7757575757575758,0.2,1.0,0.6703030303030303
gmsc,random_forest,22933,-0.7969001487247912,0.9090909090909092,0.3,1.0,0.7536363636363637
gmsc,random_forest,23049,0.018601259934849842,0.9272727272727272,0.3,1.0,0.760909090909091
gmsc,random_forest,23218,-0.6075687726603298,0.8909090909090909,0.3,1.0,0.7463636363636363
gmsc,random_forest,23293,-0.4973058986048927,0.8666666666666666,0.3,1.0,0.7366666666666666
gmsc,random_forest,23420,-0.7287099328848431,0.793939393939394,0.3,1.0,0.7075757575757575
gmsc,random_forest,23751,-0.7189732538862187,0.8484848484848484,0.2,1.0,0.6993939393939393
gmsc,random_forest,24039,0.22223782178895915,0.903030303030303,0.2,1.0,0.7212121212121212
gmsc,random_forest,24524,-0.7891452177899219,0.903030303030303,0.3,1.0,0.7512121212121212
gmsc,random_forest,24677,-0.0911829837754685,0.9393939393939394,0.2,1.0,0.7357575757575758
gmsc,random_forest,24858,-0.5488093675352097,0.8848484848484848,0.5,1.0,0.803939393939394
gmsc,random_forest,24866,0.07804844835009166,0.9636363636363636,0.4,1.0,0.8054545454545454
gmsc,random_forest,25022,-0.5725140306749084,0.8666666666666666,0.4,1.0,0.7666666666666666
gmsc,random_forest,25143,-0.7714714130839986,0.9393939393939394,0.1,1.0,0.7057575757575758
gmsc,random_forest,25573,-0.738703848083744,0.8424242424242424,0.3,1.0,0.726969696969697
gmsc,random_forest,25590,-0.8137691507986178,0.9090909090909092,0.2,1.0,0.7236363636363636
gmsc,random_forest,26471,-0.030364798087056288,0.9575757575757575,0.3,1.0,0.773030303030303
gmsc,random_forest,26639,-0.4632591693460689,0.8363636363636363,0.1,1.0,0.6645454545454546
gmsc,random_forest,26829,-0.783697570397904,0.8727272727272727,0.3,1.0,0.739090909090909
gmsc,random_forest,27026,-0.6132745019894006,0.9090909090909092,0.5,1.0,0.8136363636363637
gmsc,random_forest,27528,-0.6387673667115119,0.9333333333333332,0.3,1.0,0.7633333333333332
gmsc,random_forest,27620,-0.48538286536663294,0.915151515151515,0.4,1.0,0.786060606060606
gmsc,random_forest,28077,-0.7308720776248269,0.9515151515151514,0.5,1.0,0.8306060606060606
gmsc,random_forest,28873,-0.8106595518360343,0.915151515151515,0.1,1.0,0.696060606060606
gmsc,random_forest,28951,-0.7318645853172965,0.8666666666666666,0.1,1.0,0.6766666666666667
gmsc,random_forest,29064,-0.8434859310683318,0.9454545454545454,0.1,1.0,0.7081818181818182
gmsc,random_forest,29856,0.3654305379768356,0.8848484848484848,0.8,1.0,0.893939393939394
gmsc,mlp,1306,-0.3775517281905756,0.5212121212121212,0.3,1.0,0.5984848484848484
gmsc,mlp,1902,-0.2693163068041887,0.7151515151515151,0.5,1.0,0.7360606060606061
gmsc,mlp,2025,-0.32443352666511405,0.5696969696969697,0.6,1.0,0.7078787878787879
gmsc,mlp,2278,-0.4500178024982829,0.7575757575757576,0.2,1.0,0.6630303030303031
gmsc,mlp,2559,-0.3865385194263397,0.5818181818181818,0.2,1.0,0.5927272727272728
gmsc,mlp,2657,-0.3518325156681971,0.6666666666666666,0.3,1.0,0.6566666666666667
gmsc,mlp,2746,-0.39140890309651144,0.6727272727272727,0.4,1.0,0.6890909090909091
gmsc,mlp,2805,-0.5155714570332719,0.6181818181818182,0.6,1.0,0.7272727272727273
gmsc,mlp,2903,-0.5374698110378047,0.5636363636363636,0.1,1.0,0.5554545454545454
gmsc,mlp,3817,-0.25007397036142237,0.6181818181818182,0.5,1.0,0.6972727272727273
gmsc,mlp,3878,-0.4427326367974039,0.703030303030303,0.2,1.0,0.6412121212121211
gmsc,mlp,4175,-0.15955383627523154,0.5333333333333333,0.4,1.0,0.6333333333333333
gmsc,mlp,4603,-0.03492172375113653,0.5393939393939394,0.1,1.0,0.5457575757575758
gmsc,mlp,4798,0.24055123188138627,0.509090909090909,0.4,1.0,0.6236363636363635
gmsc,mlp,4927,-0.44379429260999104,0.5333333333333333,0.3,1.0,0.6033333333333333
gmsc,mlp,5440,0.026574788703687444,0.6121212121212121,0.3,1.0,0.6348484848484848
gmsc,mlp,5655,-0.28305573865496597,0.6484848484848484,0.4,1.0,0.6793939393939394
gmsc,mlp,5806,-0.2960010143478375,0.5393939393939394,0.2,1.0,0.5757575757575757
gmsc,mlp,6001,-0.38576930992673325,0.6484848484848484,0.4,1.0,0.6793939393939394
gmsc,mlp,6774,-0.06611667254610792,0.5696969696969697,0.4444444444444444,1.0,0.6612121212121211
gmsc,mlp,7157,-0.1823724679352762,0.6121212121212121,0.4,1.0,0.6648484848484848
gmsc,mlp,8252,-0.20774021521824018,0.7333333333333333,0.4,1.0,0.7133333333333334
gmsc,mlp,8613,-0.5190832231385057,0.6727272727272727,0.1,1.0,0.5990909090909091
gmsc,mlp,9329,-0.2884808080361804,0.6727272727272727,0.2,1.0,0.6290909090909091
gmsc,mlp,9724,-0.19900193326149176,0.593939393939394,0.4,1.0,0.6575757575757576
gmsc,mlp,9858,-0.38165355240524446,0.6363636363636364,0.2,1.0,0.6145454545454545
gmsc,mlp,10573,-0.2907722555531841,0.793939393939394,0.5,1.0,0.7675757575757576
gmsc,mlp,10856,-0.44885041834405015,0.7333333333333333,0.4,1.0,0.7133333333333334
gmsc,mlp,10941,-0.5019675519833938,0.6121212121212121,0.5,1.0,0.6948484848484848
gmsc,mlp,11050,-0.15675172040906513,0.5696969696969697,0.3,1.0,0.6178787878787879
gmsc,mlp,11057,-0.44526063214331496,0.5515151515151515,0.4,1.0,0.6406060606060606
gmsc,mlp,11575,-0.4249399711348279,0.5696969696969697,0.4,1.0,0.6478787878787879
gmsc,mlp,11994,-0.4301817461035825,0.6,0.1,1.0,0.5700000000000001
gmsc,mlp,12261,-0.3003689990518401,0.5696969696969697,0.2,1.0,0.5878787878787879
gmsc,mlp,12896,-0.28328537783938185,0.5575757575757576,0.3,1.0,0.613030303030303
gmsc,mlp,12999,-0.19349936624906827,0.4787878787878788,0.5,1.0,0.6415151515151516
gmsc,mlp,13053,-0.23681785147569018,0.4909090909090909,0.3,1.0,0.5863636363636364
gmsc,mlp,13071,-0.37610455971341195,0.7575757575757576,0.3,1.0,0.6930303030303031
gmsc,mlp,13217,-0.12625599805926332,0.49696969696969695,0.6,1.0,0.6787878787878787
gmsc,mlp,13293,-0.4517299256321571,0.4727272727272727,0.5,1.0,0.6390909090909092
gmsc,mlp,13421,-0.4685573772017999,0.7333333333333333,0.3,1.0,0.6833333333333333
gmsc,mlp,13428,-0.433670389712012,0.7333333333333333,0.4,1.0,0.7133333333333334
gmsc,mlp,13819,-0.3427930219569392,0.5575757575757576,0.4,1.0,0.6430303030303031
gmsc,mlp,13923,-0.3854428145044729,0.5454545454545454,0.0,1.0,0.5181818181818182
gmsc,mlp,14015,-0.31124954691021794,0.7272727272727273,0.3,1.0,0.6809090909090909
gmsc,mlp,14202,-0.4123146670633099,0.7515151515151515,0.4,1.0,0.7206060606060606
gmsc,mlp,14851,-0.15452372516297258,0.5454545454545454,0.4,1.0,0.6381818181818182
gmsc,mlp,14910,-0.2507077401695596,0.6121212121212121,0.2,1.0,0.6048484848484847
gmsc,mlp,15292,-0.4361798962851669,0.6121212121212121,0.4,1.0,0.6648484848484848
gmsc,mlp,15683,-0.21733074266407232,0.4363636363636364,0.2,1.0,0.5345454545454545
gmsc,mlp,16258,-0.3467212554829831,0.6363636363636364,0.4,1.0,0.6745454545454546
gmsc,mlp,16307,-0.2110469710294059,0.4484848484848485,0.3,1.0,0.5693939393939393
gmsc,mlp,16533,-0.24925520865774256,0.593939393939394,0.2,1.0,0.5975757575757576
gmsc,mlp,16854,0.3271760254952123,0.6606060606060606,0.6,1.0,0.7442424242424243
gmsc,mlp,18807,0.3145182450702191,0.49696969696969695,0.4,1.0,0.6187878787878788
gmsc,mlp,18835,-0.22204422665876195,0.5454545454545454,0.4,1.0,0.6381818181818182
gmsc,mlp,19025,-0.3185381782913747,0.6424242424242425,0.3,1.0,0.646969696969697
gmsc,mlp,19190,-0.4779306426858919,0.5151515151515151,0.4,1.0,0.626060606060606
gmsc,mlp,19494,0.48627369058783837,0.6909090909090909,0.4,1.0,0.6963636363636363
gmsc,mlp,19999,-0.3742185248872755,0.5878787878787879,0.4,1.0,0.6551515151515152
gmsc,mlp,20220,-0.5020274565172828,0.5696969696969697,0.4,1.0,0.6478787878787879
gmsc,mlp,20381,-0.4365526798117976,0.6545454545454545,0.4,1.0,0.6818181818181819
gmsc,mlp,20390,-0.30240002338865934,0.6545454545454545,0.5,1.0,0.7118181818181819
gmsc,mlp,20494,-0.19111427461189393,0.5878787878787879,0.5,1.0,0.6851515151515151
gmsc,mlp,20772,-0.32981501264284996,0.4545454545454546,0.4,1.0,0.6018181818181818
gmsc,mlp,20890,-0.09744636458548711,0.4909090909090909,0.5,1.0,0.6463636363636364
gmsc,mlp,20913,-0.23642258193445392,0.5515151515151515,0.6,1.0,0.7006060606060607
gmsc,mlp,21376,-0.5301084011806868,0.5818181818181818,0.5,1.0,0.6827272727272726
gmsc,mlp,21919,-0.32540193582534505,0.6666666666666666,0.3,1.0,0.6566666666666667
gmsc,mlp,22180,-0.4392038112000332,0.5212121212121212,0.4,1.0,0.6284848484848484
gmsc,mlp,22224,-0.24322205669498265,0.6121212121212121,0.6,1.0,0.7248484848484849
gmsc,mlp,22606,-0.6288552892022191,0.5454545454545454,0.2,1.0,0.5781818181818181
gmsc,mlp,22667,-0.3823063860381034,0.7090909090909091,0.4,1.0,0.7036363636363636
gmsc,mlp,22676,-0.4759940275928521,0.6545454545454545,0.4,1.0,0.6818181818181819
gmsc,mlp,22933,-0.46963060683908564,0.5575757575757576,0.4,1.0,0.6430303030303031
gmsc,mlp,23049,-0.4738766613565303,0.5151515151515151,0.2,1.0,0.566060606060606
gmsc,mlp,23218,-0.24483173396003746,0.5515151515151515,0.3,1.0,0.6106060606060606
gmsc,mlp,23293,-0.13089015859593353,0.5333333333333333,0.2,1.0,0.5733333333333333
gmsc,mlp,23420,-0.3094793347214552,0.8303030303030303,0.4,1.0,0.7521212121212122
gmsc,mlp,23751,-0.2475128781601314,0.4303030303030303,0.5,1.0,0.6221212121212121
gmsc,mlp,24039,-0.04379206333535772,0.4787878787878788,0.5,1.0,0.6415151515151516
gmsc,mlp,24524,-0.4814325057426769,0.6424242424242425,0.2,1.0,0.616969696969697
gmsc,mlp,24677,-0.2794434883471236,0.6363636363636364,0.4,1.0,0.6745454545454546
gmsc,mlp,24858,-0.3405163119343903,0.5212121212121212,0.1,1.0,0.5384848484848485
gmsc,mlp,24866,-0.41710420288125516,0.5454545454545454,0.3,1.0,0.6081818181818182
gmsc,mlp,25022,-0.3081704368469369,0.5333333333333333,0.4,1.0,0.6333333333333333
gmsc,mlp,25143,-0.43304080094065156,0.6666666666666666,0.4,1.0,0.6866666666666666
gmsc,mlp,25573,-0.2630509816545701,0.4787878787878788,0.3,1.0,0.5815151515151515
gmsc,mlp,25590,-0.3369675217741165,0.6242424242424243,0.3,1.0,0.6396969696969697
gmsc,mlp,26471,-0.5217230230148291,0.6666666666666666,0.3,1.0,0.6566666666666667
gmsc,mlp,26639,-0.16044453160912278,0.6363636363636364,0.2,1.0,0.6145454545454545
gmsc,mlp,26829,-0.3194589136477337,0.6181818181818182,0.5,1.0,0.6972727272727273
gmsc,mlp,27026,-0.43731477187808715,0.5818181818181818,0.2,1.0,0.5927272727272728
gmsc,mlp,27528,-0.26603238713010985,0.6424242424242425,0.5,1.0,0.706969696969697
gmsc,mlp,27620,-0.22048212115131674,0.6060606060606061,0.4,1.0,0.6624242424242424
gmsc,mlp,28077,-0.27993747155623155,0.3878787878787879,0.2,1.0,0.5151515151515151
gmsc,mlp,28873,-0.5394660292552987,0.7151515151515151,0.2,1.0,0.646060606060606
gmsc,mlp,28951,-0.3434831253758454,0.5636363636363636,0.2,1.0,0.5854545454545454
gmsc,mlp,29064,-0.3630681089318208,0.5878787878787879,0.3,1.0,0.6251515151515152
gmsc,mlp,29856,0.16366520333619142,0.7090909090909091,0.7,1.0,0.7936363636363637
