instance_index,actual_default,dataset,model,explainer,duration,credit_amount,installment_rate,residence_since,age,existing_credits,num_dependents,checking_status_A12,checking_status_A13,checking_status_A14,credit_history_A31,credit_history_A32,credit_history_A33,credit_history_A34,purpose_A41,purpose_A410,purpose_A42,purpose_A43,purpose_A44,purpose_A45,purpose_A46,purpose_A48,purpose_A49,savings_status_A62,savings_status_A63,savings_status_A64,savings_status_A65,employment_A72,employment_A73,employment_A74,employment_A75,personal_status_A92,personal_status_A93,personal_status_A94,other_parties_A102,other_parties_A103,property_magnitude_A122,property_magnitude_A123,property_magnitude_A124,other_payment_plans_A142,other_payment_plans_A143,housing_A152,housing_A153,job_A172,job_A173,job_A174,own_telephone_A192,foreign_worker_A202
6,0,german,random_forest,shap,0.012073995980028646,-0.030562706955651227,-0.0006748265927244457,-0.003842607957714665,-0.018430954592007685,0.0032633318950633285,-0.00043825017534123133,0.016464266917101573,0.0014229731885665527,0.07133981896253677,-0.0023616212229827255,-0.005944111609658363,0.000340164413588763,-0.06351495206087056,0.0038904975905007886,0.0,0.0038351937038392046,0.013293687154928827,4.6116494387886055e-06,-0.0001130357582084562,-0.002442787103002392,0.0,0.0001923411391008893,-0.00016451995996160827,0.0012547286999747464,0.002698994607458026,0.011080995332066239,-0.009625975863779057,0.00028081972559508523,0.005545492901324854,-0.005217512879028531,0.012264701442308108,0.012205847139163544,0.0007516469807863556,-0.000700891685040923,0.0009906394688665038,0.0038315048564969726,-0.001555058930764513,-0.008130419829570204,-6.233744540024107e-05,-0.01279281442536065,-0.009754406710281348,-0.002363786254944835,0.00039051663726441803,-0.0023339206036348354,-0.0016218896820398587,-0.008990743391210795,0.0012782291079898307
8,0,german,random_forest,shap,0.013612006771426781,0.005966851421308147,-0.0003184679406632313,0.0030493281097934903,-0.0013843708283681577,0.00021786311834055797,-0.00026460176074715055,-0.0018283215846332875,0.0015126051023628155,0.06656678277356756,-0.0021639162008411455,0.001904829406702301,0.001405691839566144,0.018836074807491044,0.005859435185319684,0.0,-0.0005891866927495934,0.009525065475963424,2.2035214632199585e-05,-0.00013246548961975198,-0.0021041442982126994,0.0,0.0009401119252584306,5.659178771935665e-05,0.0012596091117681382,0.0024768833257945316,0.013499988874672197,-0.009693167530049854,0.0028665037061155157,-0.026456407189726895,-0.0005032964923496268,-0.007825346669018789,-0.010020527193098708,-0.00011598961540526257,-0.000796825427513105,0.0018333395592460438,-0.0007828659387036946,-0.0006735354466417012,-0.009058202698261096,1.7074033027611305e-05,-0.007860717950202718,0.020005178105946708,-0.0007564884222572377,-0.0029534119472059174,0.0011982330281058058,0.001048344368536248,0.005049706782866983,0.0017380863639735844
9,0,german,random_forest,shap,-0.07168781508680701,-0.018444242007178743,0.006371423178790395,-0.006617157091255407,-0.02949792273381724,-0.0076309523417924735,-0.0006819202011182437,0.02450692632158974,0.0007917754988689446,0.060145112520939535,-0.002214434742173121,-0.0045137178427345735,0.00032847319862942044,-0.06528289576754387,0.0026610394784213074,0.0,-0.0020059897972067313,0.010617444891041534,3.950817680324415e-06,-0.00013830217611337134,-0.0031809075610680737,0.0,0.00019358496940308486,-0.0007062746660561798,0.0010121064167869357,-0.05033668556116826,0.0076522565454846024,-0.01435538331202215,-0.0017709280462092397,0.004037600357925564,-0.00011595880369897031,0.00724920163975864,0.012645273768326292,4.8120493349256514e-05,-0.0006462117540411391,0.0007315370037261477,-0.0024931072145926675,0.007296136673335721,-0.011147245898095326,-0.00014369438511227913,-0.015072455333049467,-0.012787443287312286,-0.0033737593838287314,0.0015114186363764462,-0.0023249852790869457,-0.0018781949322870454,0.004092761239691266,0.0011819244303572
10,0,german,random_forest,shap,0.045579512128186894,-0.018694807915885677,0.009440671884623128,-0.0048484528276762215,-0.021658305438383586,-0.00296426019248619,-0.0014752053905163168,-0.0035132164284835364,0.00045263898187055616,-0.1548868332696077,-0.001827876002584685,0.0004665245776870253,-0.0024779410460290044,0.023697402938420955,0.00391372840492133,0.0,-0.0023539917167166293,-0.035463750454708884,6.02890600087391e-06,-0.00023296536909388695,-0.0029855261296791937,0.0,-0.0009496626463258666,-0.0005978021639036677,-0.020287610437820788,0.0017796661973901596,0.008518943379403867,-0.01560014886108337,-0.0020846849870845004,0.004035296770835809,-0.006406735119200988,-0.006375749553570941,-0.009624337557792654,0.0005656298123953029,-0.0011644975150698518,0.0008601653387369571,-0.0003559941761484108,0.0029739729809602194,-0.01001989223276684,-0.0004160635625264285,-0.01788565514973523,-0.015146769494626901,-0.0021193541019834047,-0.0017932146351809322,-0.004203460520563666,-0.000440221990545534,0.003569324918473718,0.0009662247510073425
12,0,german,random_forest,shap,-0.08948902712179228,-0.024836562150553687,-0.01220880969332955,-0.0002659311973186113,-0.025438417373059814,-0.0010827562022063038,0.002508205631931747,-0.010568793566005442,5.5525570032931435e-05,-0.09660144912491038,-0.0025794093954113035,-0.003065178169515209,-0.0017608684693440771,-0.05834626569249959,0.0025276028578427663,0.0,-0.0026545765620304296,-0.020512750594555384,-9.535015267674518e-07,-0.00027436335958973555,-0.0032760495217578484,0.0,-0.0006851279097946216,-0.001240203878267973,0.000345584324235579,0.0011048435877399857,0.00429402363982635,-0.015273503115194577,-0.00042937259975786877,-0.015016547714733973,0.0003244033704866163,-0.004760925281546521,-0.009104324282673198,-0.0004370880391329977,-0.000890711394025491,9.163702669603733e-05,-0.0013973636556377355,-0.003134099017592339,-0.008130513966028222,-0.00031761629106462835,-0.018560412865716164,-0.011381857080121934,-0.0029232844709890246,5.875244515142641e-06,0.00128399256126194,-0.001990892607687704,0.0024986641469053315,0.0008005839204503572
15,0,german,random_forest,shap,-0.09287018743429946,-0.01954095242923719,-0.025677428255826144,-0.003450836922733025,-0.013565878389309434,-0.0010534936906184767,-0.0006548091623934065,-0.004802197617467014,0.0004224991718195091,-0.11522818145093329,-0.002514988217162787,-0.0014284900583641164,-0.0018664089311197654,0.020920404081666785,0.003486772667262971,0.0,-0.00352721113457395,0.0068585724041816355,6.862465281562637e-08,-0.00021046254527593762,-0.0033853872501333425,0.0,-0.0007227678450781179,-0.0006879010126575602,0.0005808924755385155,0.0014280038049877752,0.006009952041099518,-0.014795128326663484,-0.0014774404655413982,-0.023202454359927186,-0.0007524970300730569,-0.004780269827659515,-0.0074631722659153675,-0.0002627324274443293,-0.0010204557540022788,0.0007680777804274841,-0.0015178149979296258,-0.00414388007219244,-0.00908183336101728,-0.0003316310131335221,-0.016179730709998213,-0.011719075800092153,-0.0019113202878846423,0.002131358871151008,0.0036548615646648016,-0.001104643357303239,0.0043286697415512955,0.0011183884798742186
18,0,german,random_forest,shap,0.026371584708313318,0.01716607864876085,-0.0011960234573755728,0.0018358075832605504,-0.025233009974624618,-0.00022559724657647892,-0.0009979210135250343,-0.007182772810243866,0.0004321051591175589,-0.14979206452333862,-0.00232919579908778,-0.00482938288536464,-0.0014431220702534726,-0.06375145137922324,0.005115141370926094,0.0,-0.0015897297269255573,-0.023027496986059413,8.208670451497464e-06,-0.00022546902135360132,-0.0026678688040185877,0.0,-0.0013869084815630796,-0.0006778024113302665,0.0006098270432581645,0.0017880846835291848,0.007574117851385028,-0.013267938486624454,-0.002254630988309173,-0.019770635460750575,0.001031337445029225,-0.005928829223758644,-0.012614441395447725,-9.954392389981451e-05,0.01443217411608866,0.0002481033624823381,-0.0011210055997099124,0.0009019656268920253,-0.007891699862399872,-9.922022432702046e-05,-0.018391353395809124,-0.010955045404049712,-0.0017240660036937944,-0.0002368956966386183,-0.0023958075684838527,-0.0005739253444757722,0.003880450889744174,0.0008353562300528765
21,0,german,random_forest,shap,0.04834178319746491,-0.015172849563898796,0.011321226719856444,0.00016737582930991882,0.00031200011945486575,-0.004105095876066632,-0.0008643497675802322,-0.003298912871593569,0.0006097663192783203,-0.14993501584093968,-0.0018259101918622982,0.0002563009614384893,-0.002366286842613073,0.0225732507418936,0.00489892280914142,0.0,-0.0024162077494488845,-0.03430069858517056,6.312874027234268e-06,-0.00021165858203189123,-0.0027921595986734517,0.0,-0.000850548554414659,-0.00045983816396613425,0.0010508539475991136,0.0019397247050270093,0.009255817219162982,-0.013332544834213584,-0.00048575523935526373,0.004200426385981169,-0.006903489666008492,-0.006274899291251094,-0.009512471515946504,0.0006490359177479693,-0.001048988003753743,0.0008069315922572986,-0.0002704156318488309,0.003534710882353651,-0.008256600083478052,-0.00020043844992470214,-0.01634592925019888,-0.012366694500231224,-0.0011183939886076173,-0.0012107928228380525,-0.0046202526184587695,-0.0011784091455308509,0.0019660298921530656,0.0009945391751783497
22,1,german,random_forest,shap,-0.03796885824011225,-0.02077145216673088,0.007361553807078803,0.002428161767546533,-0.0220621232633565,-0.0001615560470711097,-0.0016818896577148587,-0.008254883183466136,0.0002319921935787349,-0.11068266675256502,-0.001700415389411154,-0.0010708111954504701,-0.002323826835672725,-0.06559640298828948,0.004261372028868992,0.0,-0.0007576993675083198,0.008436168751250396,1.3185831210120664e-05,-0.00022541188885992868,-0.003077215330705175,0.0,0.0023051151129160475,-0.0001054217172287292,0.0006791935853427245,0.0015906052552026526,0.00585962778738599,-0.011481860400820073,-0.0006411932332590996,0.0050763065345638975,-0.00042013450205616066,-0.003270718301962567,-0.005919625208530806,2.0148365605869975e-05,-0.0005378318615686543,0.0001613597072976847,-0.0016218132093805888,0.0002412555619497335,-0.0070723833417474825,0.0019439457978169049,0.0706675887234023,-0.009488277272111835,-0.002131596431242952,-0.0009389966646537791,0.0015731447765972059,0.0006740094058163752,-0.010540576994891752,0.0011222407892715054
23,1,german,random_forest,shap,0.028680054813908028,-0.014790196768149747,0.016451944502913814,0.0009622370966374961,0.01428387858190406,-0.000775450746164049,0.0001397704166909273,-0.002113166936720613,0.0019539940370311326,0.06235153281570831,-0.0016840498369358194,4.551084027363961e-05,0.00020660992340391232,0.02381647149555042,0.004680039091718041,0.0,-0.00069330393219953,0.00889238240817876,2.1580153992822403e-05,-0.00012472133996558322,-0.0017842835757685633,0.0,0.0001560783706951075,-0.0006749832523325161,0.001269181441269019,0.0029931237713371646,0.012174257017116344,0.03220446515406429,0.002087742817907202,0.004788308349178135,0.0007364586183586416,0.010692436261602403,0.008061592204710121,0.0012884259051011422,-0.0006415131834901637,0.0017724446061876107,0.00041543971369359124,-0.0004765303912236893,-0.005799998402211421,0.00018066655461610896,-0.004243838939282117,0.016217698191531602,-0.00028895960472325637,-0.0016638938603192313,0.0024548674783795633,0.0013221069942518586,-0.009220301904174083,0.001860236135316393
24,0,german,random_forest,shap,0.015302806683733487,-0.01823570695963359,-0.0011050276633532165,-0.0032590778829695516,-0.028150104215264246,-0.0016854990183107685,-0.000676769333108113,0.01571501170996469,0.0010387860105203785,0.05299659229744569,-0.002094328062867609,-0.0029304904886841947,0.0006081746124142471,-0.04345184507609401,0.0030762294241636137,0.0,6.013502364355569e-05,-0.03599795135374071,8.570165131668235e-06,-0.0001361706066326859,-0.0018882387013720427,0.0,0.0001936762909192637,-0.0006319878131105806,0.001094506357453676,0.0021429749366717894,0.010988069257836507,-0.010305016017378417,0.0007715355529965232,0.003981117573000529,-0.007275589626976777,0.007926734043165634,0.011300453390693065,0.0009165074843022248,-0.0004735984551102728,-0.0134214479629587,-0.00026858399140266355,-0.0010767965221112792,-0.008428429166141716,4.929262434833899e-05,0.05261244001058544,0.03066952192048643,-0.002178125878647368,-0.005222749363882564,-0.0015697381319240656,0.0007950911388973093,-0.0072638335377908205,0.0010310979853874055
27,0,german,random_forest,shap,-0.10985818618769161,-0.004043562986277596,-0.023327320972173514,-0.012780884656209062,-0.0060583204194014665,0.0006880131871115336,0.00014220263193560464,-0.0040499308359719065,-0.017999237188650003,0.04592972394501551,-0.002903931260826766,0.003547926979821992,0.0005220513610181518,0.014843474418065133,0.0026964225165034715,0.0,-0.001555508495071731,-0.03031644618532777,1.5773765127064523e-05,-0.0001617687465715872,-0.002781150742322752,0.0,0.0005597822304361546,-0.0015838067225507038,0.0008189400270397722,0.0018930683364201419,0.00738068545631471,0.041406065292839696,0.0031316363108923827,0.0028988479568089484,0.0005514663704611483,0.006139523784877145,0.0040033664601186215,0.0001971832888641393,-0.0006730300335898625,0.001101969198885225,0.0016993166400044101,1.9342626726768917e-05,-0.0068097138318314295,-1.414386706030052e-05,0.030857113796674204,-0.008156377478320228,-0.0008384018113704318,8.855270636922916e-06,-0.0016519944178394657,0.0001986318876232126,0.0015756356176895928,0.0014690492353711371
29,0,german,random_forest,shap,-0.04285687744032683,-0.03227486111034444,0.012267962154296081,-0.0003062026054787117,0.010192001315950917,-0.00281554814365499,-0.0006167193619743826,-0.012035641605746382,0.00019789708627552974,-0.11774360752484142,-0.001988880865662343,0.0005083854119423586,-0.0018647914535608301,-0.050513746525537646,0.0033244825480026976,0.0,-0.0015336180227301425,0.01040200331968441,9.92878723155035e-06,-0.00027642749551743935,-0.003461375975722615,0.0,0.0016828007467373889,-0.0008696964450601978,0.0003918279545573328,0.0018487044752179185,0.004512468884817979,-0.013225510569896883,0.0001423625376281452,0.0042821972817582345,0.00025813151095910634,0.008431538379306705,0.00940499702722785,-6.38394409453885e-06,-0.0006589602696060482,-0.006651054203729503,-0.0017110852504788826,-0.0016203046829543113,-0.007185136145768554,-0.00024165929488757418,-0.016117797562521175,-0.010235841066286161,-0.0018170799326101656,-0.0008577888030985226,0.003265047234938622,0.008201650857524518,-0.00761231734307338,0.0008688709326442635
32,0,german,random_forest,shap,-0.03494840865341555,-0.02352755465709111,-0.007301943959962595,-0.0009029383099675043,0.019857685675442566,-0.00271689261312126,-0.0010159068841715624,-0.0049627392274073,0.0008271150209529604,-0.136729677838447,-0.0021097123044338316,0.0012015235534421818,-0.0019120448462582572,0.02403717109759182,0.004745677417556363,0.0,0.009127453100759223,0.00960023276188576,2.0149254037959745e-05,-0.00025998393688555826,-0.002795696049137582,0.0,-0.00035118215808392633,-3.435497888316431e-05,0.0005839128564765992,0.001926062605628358,0.0069902255482100824,-0.013953286379341432,-0.0034445946708852814,0.00395456727250539,9.004219951310079e-05,-0.005728475494990093,-0.0073195382051540105,0.0007633819217215327,-0.0009067660369147676,0.0008875228169587882,-0.000589650504530509,-0.004404107969235844,-0.005191271120095174,-8.134696085159481e-05,-0.01633938278334223,0.028844000198823765,-0.0014988106482405987,0.006377685500225564,0.00540091770635488,-0.0002070243170786651,0.00409456052808478,0.001356961540127545
38,0,german,random_forest,shap,-0.13284146280089762,-0.018715737828972484,-0.025688777233562218,-0.0003360657641995956,-0.018131322169170135,-0.0006065436704132936,0.0003517717926598,-0.002662981109380473,0.0008997151365596048,0.06044340679164545,-0.0025691845773907285,0.00041605858993647426,0.0003030061287363577,0.020136290918886367,0.002896319922500193,0.0,-0.002930117300479326,-0.03079840378198149,1.3538568191496733e-05,-0.00014912031529788102,-0.0026842922081789077,0.0,-0.00014204282555419986,-0.0005322991961364487,-0.02215057576820935,0.0015983976957744486,0.008064823490868877,-0.012876382451159034,-0.00600243401331758,0.0029866010817715537,0.0009632598477338083,-0.004704814308108467,-0.00896040237761045,-0.0001803417540097112,-0.0010966910419129782,0.0016199829794186784,-0.001503587033140257,-0.004196269319588369,-0.008616379726964206,-0.00034511059357748164,-0.011119207565068304,0.027130902394910048,-0.002404521806588689,-0.0014453401251178484,-0.0016721458472619625,-2.1357814423833493e-05,0.003204157679180668,0.0013142709572793263
40,1,german,random_forest,shap,-0.03714373028051014,-0.01396290295569075,-0.0008279085175244073,-0.0006188920647314839,-0.004461682760353233,0.0015349322478746732,0.0007856763756866312,-0.0070086096108320966,0.0019579845023596693,0.07256850114463342,-0.0019775661188462116,0.0020381031678640945,0.0003688201021885103,0.02439797586221518,0.0049010870544909475,0.0,-0.0009358625313876498,0.011461404218926234,1.5958127148624202e-05,-0.0001958135993547487,-0.0025418516750602485,0.0,0.0007283975425988303,-0.0010690927340605266,0.0015452347026288333,0.0028598626835267538,0.01012672427802441,-0.010343266449699462,-0.008310072486506987,0.004415103444058171,4.046466105456185e-05,0.007690320689860215,0.008631779487091379,0.00037647462648676005,-0.0006615855829825592,0.002086453193132544,0.0023317461031118532,-0.0007833859392282163,-0.006669100807510566,-0.00011613791995099135,-0.008466437349402386,-0.009672995747372076,-0.0008097969114604581,0.0009150871594886035,-0.001263729529613815,-0.00048434410377004615,-0.009011920548874905,0.0015895720102265436
45,0,german,random_forest,shap,-0.02562422603213413,-0.014097018235256538,0.007174899587408967,-0.005088437246694641,-0.027324458447064336,-0.001851461254765271,0.008269360588697212,-0.009505672249088873,-2.1285188675850497e-05,-0.12378087444593895,-0.00196142126901543,-0.002669165947876555,-0.002408505265875028,-0.06494958616668402,0.002922819256426865,0.0,-0.001992867071167725,-0.027795177955362207,2.2430669808461984e-06,-0.00022920510826098905,-0.0032574360123038644,0.0,-0.0007339548680590812,-0.0009400598313085937,-0.009871915502962712,0.001085541662998514,0.0046966285031367905,-0.01614332860759783,3.150239104692378e-05,0.003311987979790884,-0.0034448848133478496,-0.004168531558634147,-0.00702085391282855,-0.00012755583183799834,-0.0008993481687685653,0.00021747608000510427,0.0044258440098352845,-0.0031501040598587125,-0.009217847864367367,-0.00037820233946116757,-0.02061498967427071,-0.011511587484990203,-0.0027641064203944637,-0.00113569561008395,-0.002846923571043931,-0.0011317995147173622,-0.007320396665476711,0.0007969462692352327
47,1,german,random_forest,shap,0.0339652505428636,0.0033953711766563158,0.013611169412780377,0.0009892361571325252,0.004758460305244436,0.0005491101779354362,-0.0004199680279702726,0.004681380084974115,0.0014446877797384284,0.0573658844504538,-0.0016443167299623567,-7.359674160950058e-05,0.0012577499154597456,0.019619760891812953,0.004554965110102604,0.0,-0.0005773267202861621,0.011741730293889648,2.2092770109178577e-05,-6.858345764041663e-05,-0.0016472270403567076,0.0,-0.00728265245563363,-0.001587494093369587,0.0012265463329396327,0.0028490859064711537,0.014435979218928962,-0.012006535862854738,-0.005364220935618792,0.004996329992773323,0.0008242872887955796,0.017947762494610806,0.011854304806098198,0.0008966151812154601,-0.0006439545146328842,0.001462552839078559,0.0003949784635731486,0.001673606948985442,-0.008162302058506864,0.00022900016967702805,-0.006160517167434248,0.026425523438947635,-0.0013381111259551449,-0.0028432794358499345,0.00147962326995814,0.00014446887634283435,0.004367532776306729,0.0015827412116430689
51,0,german,random_forest,shap,0.018500978027537644,-0.021472764772599646,-0.009565111253553213,-0.00083268167615217,0.009165931291413685,0.0012763996655767048,-0.0010654970749880098,-0.010650245654526158,0.00031711352252697015,-0.13051886363127022,-0.0018336707662969184,-0.005612697513229119,-0.0015099998905736061,-0.05706127797415041,0.003328377455001089,0.0,-0.0019343272992192245,-0.03427155005718813,1.5867538216392158e-06,-0.00027156919929391735,-0.0029639633569832733,0.0,-0.0008756325991292263,-0.0010883767489709543,0.0005881902168414378,0.001992162041878183,0.005532693167833322,-0.013867497562165638,-0.0006514877461623844,0.004238002763331168,0.0013479848281795995,0.009774418580777789,0.007292958612116828,0.0002749976384938655,-0.001072721260452756,0.00032697870715291024,-0.0004383310439347789,0.0008521993881174089,-0.005079508728646353,-5.20512612942861e-05,-0.019418280421515537,-0.012336740967123038,-0.001878212351846371,-0.0008465608888440882,-0.0024583260561147954,-0.0017283022380762249,0.0022090697437308847,0.0008771510245468612
54,1,german,random_forest,shap,0.017375096198825112,-0.005630861007304837,0.018174822049402916,0.0026070146516443426,-0.000572774506298312,0.0033271182189744167,-0.0009061439687513218,-0.0026530407604894715,0.0020778518866726918,0.0806876290058185,-0.0018897152522468832,0.002248648685349174,0.000131550116079872,0.025517925156510423,0.004797995868951477,0.0,0.0015820285702940525,0.013090760170837216,1.536134455446783e-05,-0.00013513033673825475,-0.002585575984314497,0.0,0.0006558823901098654,-0.00010763338691189741,0.0018928004532283668,0.003518224121902,0.007801447995279594,-0.008499568246545835,0.0019328694206731936,0.004959644896773301,0.00028177804459915455,0.010168616027201665,0.01051442343244759,0.0008027239359675006,-0.0008577664380443437,0.0026107761295385188,-0.0010720588199619864,-0.00072945016728181,-0.006368949416776228,0.0002074695756688165,-0.007191052593445498,-0.011694033563018492,-0.0009885731762319626,0.0005910171907527634,-0.002032061108243887,0.00017715678004442443,0.006381768536180168,0.001788017191147434
55,1,german,random_forest,shap,0.009380637021981317,0.01125681308019664,-0.026802526005144524,-0.0011395480097232654,-0.010119975563249636,-0.0016351952883079037,-0.0026546850826331602,0.0009862985729551515,0.0012587792874698537,0.06426643422783296,-0.002077377016871312,0.0019716151209531593,0.0005091872577667502,0.018067930218086663,-0.037851417301135566,0.0,-0.0015186938111173838,0.008340544556395796,1.558932026445928e-05,-0.00010057222120898735,-0.001747980981658181,0.0,-0.00015204838275128738,0.00011376547131001018,0.0010417406190071186,0.0018169963656851156,-0.08222262810918778,-0.005690470865551128,0.0007294526953812998,0.0029288437455896265,0.00010246979884299299,-0.006490777405957175,-0.010447325591416366,0.0003047587079395127,-0.0007188127863999836,0.0012687429390956203,0.00030318966366427164,-0.0011339772165281283,-0.008824109135489191,-0.00021531705517974638,-0.00785502721270382,0.01720190481512422,0.008037729441780756,0.0005960844351058951,0.0008358642540487256,-0.0007905591192288123,-0.010953552302317784,0.0014097929579129451
56,0,german,random_forest,shap,-0.0792549296688657,-0.016586393637907367,0.014604652250940122,-0.003280426077882212,-0.0233144219792001,0.0005478640636454007,0.0030932280452576877,-0.004484624161343962,0.00041832287738195967,-0.11408971711374095,-0.0023954469411377795,-0.0006551695026258109,-0.002434863866237547,0.017747831303462035,0.004450289735073745,0.0,-0.0033043589481240613,0.008747505224775933,1.0703923512926616e-06,-0.00019455344550582394,-0.0036759841570455287,0.0,-0.0008281371731117417,-0.0007055747942379295,0.00044850068542044187,0.0013263178788064608,-0.03648000462583544,-0.013761172861014732,-0.0023669875136278656,0.004321773606266279,0.0006097053330266967,-0.009558348305047048,-0.010005077145875365,0.0003269933606853554,-0.0009738366968141702,0.0006997079148324618,0.004034261863211122,-0.003100334182523685,-0.008479601470100406,-0.00039380848065241625,-0.01642470266576318,-0.009853581844059111,-0.001638172889221963,-0.002251281656844774,0.005377178927845342,0.003177443477734548,-0.013468502939317908,0.00114886813777869
57,0,german,random_forest,shap,-0.01970238130814441,-0.02724348447900837,0.007459340472629243,0.0035325432958887466,-0.013366398545360708,-0.002253391381710829,-0.0009567072181752618,0.005512534995027834,2.5242713325398126e-05,0.051309717290862575,-0.0022354510164768683,-0.004613882590674341,0.0004300528335171935,-0.039894329996913905,0.003257795449370033,0.0,-0.0010713339087562227,-0.019420747862341683,1.0842523021414578e-06,-0.00016747171172691063,-0.0023093232078458263,0.0,0.000567365725015438,-0.00042709720189672843,0.0007317597154861832,0.0013320588908934468,-0.05665220107247832,-0.009433469942074068,0.0016592111133431186,-0.01679701525470719,0.00043093328952482576,-0.006155406816390551,-0.01266626435146586,-0.0004001946061554651,-0.0006035131073461494,-0.009575461377964426,-0.0012309260604242418,-0.00019329787062384487,-0.010144145907307287,1.9319098315727256e-05,0.05555395124389954,-0.008589892261301708,-0.0019927856682741022,0.00023531044385325308,-0.0005361155293411546,-0.00015532381012148424,-0.010548804557665574,0.001101223352756799
58,1,german,random_forest,shap,0.004484219247482068,0.001506682568159323,0.014040945716135669,0.0014972657651515138,-0.01813667951758461,0.003308587703695118,-0.0011569131841249766,0.004047485471627297,0.0013741357534261635,0.06391948543377092,-0.002205997131667439,-0.0015878364139175667,-0.007745330710974199,0.023184792568053572,0.005379050590160948,0.0,0.003469939668150208,0.011070694420620562,1.7226591521270446e-05,-0.00015567299148818142,-0.0020748718266904945,0.0,8.57455223620598e-05,0.0004116321254468775,0.001510323527790503,0.0025821733757311538,0.013825618935935728,-0.008534020699828143,0.0022168700771920203,0.004867223997423878,-0.004006521364881468,-0.006249068067363326,0.009764575992471495,0.0006318120363134362,-0.0006169238021454324,0.0018797974647883524,-0.0006616381588245629,-0.0006402954582589862,0.03913378945151177,-0.00014906190381404173,-0.0060719626540550594,-0.00467442796685995,0.0003036137655429813,0.00012267620830305656,0.002252128883353229,-0.00010677178837920018,-0.007408199065807622,0.0014362815127360732
59,1,german,random_forest,shap,0.045689454841034614,0.00531223974909925,0.013082613635616882,0.0026170125884704973,-0.004088314888672425,0.002483597438700948,0.0005411622844144597,0.0018227473146679312,0.0016587932681346733,0.0764212456929718,-0.0017519225609927086,0.0010451901587645062,0.00024773481997486855,0.022123394888199765,0.005923766392405674,0.0,-0.0007201702158469391,0.00980245511026118,1.4485135827439066e-05,-0.0001481300216867336,-0.002330183229910649,0.0,0.0004698048450164737,0.0008061006901342726,0.00154777098150792,0.003035657238604167,0.014137172511898196,-0.008174490153941057,0.00452026591691572,-0.019445083018306563,-0.00031368013391795034,-0.006335633955138462,-0.012234337305180745,0.00029694682355794956,-0.0007445046835661071,0.0018575806089528816,-0.0007850982134290495,0.0007413302679013205,-0.009273692568030453,6.948733511726347e-05,-0.008718467981842016,-0.00854379708562649,-0.0005167971786682926,-0.0002018727425758875,-0.0016656491201993823,6.671349203897219e-06,0.0022284532952928718,0.0018458746217748347
60,1,german,random_forest,shap,-0.08599145346454103,-0.006691010535960017,-0.008239009056558826,0.00041804376449515706,0.00046824362286752147,0.0019867112491575977,-0.00036526669573438763,-0.0023173166460780828,-0.018082603072987286,0.0646216477681281,-0.002100071276406378,0.0023814183049687804,-0.00017756243361146808,0.02018604220608498,0.003146112393203648,0.0,-0.0020986160735895773,-0.040731273562750574,9.68739109720462e-06,-0.0001867372050029785,-0.0030332870847334568,0.0,0.00030364123766402664,-0.001703041565142816,0.0010802950444542534,0.0022319608536031364,0.006770400519731969,-0.015858800666422517,-0.009063396618919367,0.0032957236859243342,0.0003365663702480583,0.007862068495167815,0.0041625342101909105,0.00046979843450238807,-0.000736676118755805,0.0020769860685923647,-0.00257312778303144,-0.0030118345749332713,-0.008571083400729622,-0.00015742846023241838,-0.010557059109006174,-0.011624141998978937,-0.0014705319581674915,-0.003253993018102259,0.0017473206415044734,-0.0005851543171796646,0.0018413373770082768,0.001416863824779601
62,0,german,random_forest,shap,0.03225050605391875,0.012631676865686977,-0.01981071045105605,-0.0005199819326597387,0.024613504984590612,-0.0005377613063411075,0.0007502372179645822,-0.0034550906772970514,0.0013622457153897936,0.07074011824287396,-0.0019589162787430102,-0.0029477150879384634,0.0005899077761199756,-0.04333639420194499,-0.038980414070418044,0.0,-0.0010298721019204292,0.006545407049221305,1.5676705091710103e-05,-0.0001028510939754962,-0.0018570196889276132,0.0,0.00048350454012008527,-0.0020045774729654715,0.0009737159286612426,0.0021238527879370293,0.012835527760575957,-0.009998927238075763,0.001620109909267676,-0.015570406195667111,0.0013307088581984536,-0.009381440369874011,0.017515980376205286,-0.001221553092684686,-0.0007700609075457392,0.0004831960538635625,0.000675895300893092,-6.597658882791848e-05,-0.006869065188949303,4.046865496908942e-05,-0.009396876818782197,0.02342255653950916,-0.001859809845034793,0.0006746052034799176,-0.0015717821513554946,-0.00047762035564630537,0.003954889609349552,0.0013076128075765136
65,0,german,random_forest,shap,-0.020700458203153225,-0.01019592735504294,0.021381655147315,-0.00313739836221141,0.0071504459376745015,-0.0001420841650880118,-0.00017491237018306136,-0.0006535100519488668,-0.019580110800072322,0.07149025055465073,-0.001960548706747819,-0.001706141190347436,-0.0006198907724218936,0.028722045196428053,0.0044563552131989485,0.0,-0.0004017148663550398,0.009294330339327523,1.2996793302216305e-05,-0.0001795897993200256,-0.0026517071350021307,0.0,0.0005649393880128477,1.1302197289873333e-05,0.0011911660293724951,0.0024546416420576757,0.010143606006739359,0.04019496175740702,0.005181753029876691,0.003455376141923372,0.0006212972422249436,-0.00569358260363643,-0.007315872569866087,0.0006459320599126954,-0.0005493225916420887,0.001834610108004113,-0.0009162269037289166,-0.002875994104718169,-0.00818637509905652,0.00010652768707221935,-0.007589981357058284,-0.011187887847591954,-0.0010512951811844065,-0.0006952084592332756,-0.0034976686180179643,-0.00021834519645145251,0.004886580564729552,0.00219424680641754
67,0,german,random_forest,shap,-0.0921063377060617,-0.025240334448247404,-0.014925065320446521,-0.00041934631137975344,0.026574037131987995,0.0025726543372090066,-0.0005684122081555253,-0.010684064598277159,0.00030016272817573437,-0.11773496307901879,-0.0025672161415226506,-0.0029527282720328237,-0.0011216065085409917,-0.04965780470776733,0.002138556560809634,0.0,-0.002358260903207954,-0.021574990393122644,8.310637892954004e-06,-0.00022745394177850432,-0.0029674162801483807,0.0,-0.0009966279163278996,-0.0012348113848768298,0.00036851422518638594,0.0013521498572707977,0.005692309051047786,-0.016724162998584462,-2.517558695489857e-05,-0.015586100522878414,-1.813184830429817e-05,0.009892712011145872,0.007159851341002168,-0.0001649416130383036,-0.0009580073130805726,0.00012989803201227985,-0.00036707085637794127,0.0004524340365450587,-0.006769292590151146,-9.089427289715342e-05,-0.014934010950410633,0.02479860166301508,-0.0022753134465522177,-0.0006094528686465061,-0.002312818230480941,-0.0012116375406933195,-0.004772089571922824,0.0007499370416947082
70,1,german,random_forest,shap,-0.09900715363512876,0.08645120972756382,-0.02154907550693927,-0.0006643256449870151,0.022502057450235573,0.0008761200166490696,0.0009222898003252502,0.005554394117470074,0.0008800362514777587,0.0467009009015283,-0.002228021838783616,0.004941860165047052,0.000646903358666155,0.013902398364757092,0.004470830206794706,0.0,-0.002375952478063228,0.007793985331996186,7.957191505751858e-06,-0.00010135022110368679,-0.0023893573442510994,0.0,0.00011350375358582738,-0.0010552997374963012,0.0008900190707892021,0.0016925234742980787,-0.07424830868503601,-0.009322230951674013,0.0019985410558202117,0.0026596059611218173,4.301100482942238e-05,-0.01042804602557871,-0.01187281385120542,0.00019634576328121962,-0.0005790029193380291,0.0008717072495237786,0.0043496423124047764,-0.0026142885123226793,-0.008450267402812047,-0.00018073184431208935,-0.00709606027540542,-0.0075668357595801245,-0.000642039534590922,0.00011464151024998784,0.00033666678457268135,-0.002085418355507593,-0.0021683790609096105,0.001709347907988065
71,0,german,random_forest,shap,-0.029176750072772237,-0.022631482194866694,0.016036341810283086,-0.007821554236919596,-0.0226174325032996,-0.0004302681988549608,0.00020094553016530045,-0.005822154581637506,0.0018087160529824359,0.05987199849403639,-0.0024482281060548847,-0.001870523102280979,-8.420282414221273e-06,0.024257220088575296,0.0033580845304588586,0.0,0.00033900570667203466,0.009620475535572116,1.8831817401350937e-05,-0.00014699955327284196,-0.0022726605383821897,0.0,0.00031638654384187766,-0.0008047513710254461,0.0010588019623831836,0.0024684373563857833,0.008747602239346489,0.02889318438221362,0.003425346966426105,0.003759113474519721,-0.0006733706465182499,0.0021544982922763567,0.007446989162026213,0.0006406404345874047,-0.0005778149755117961,-0.04279936552416874,0.0002910435219010988,-0.0019864765933772094,-0.007831175363566848,0.00013141193513108921,-0.005686897175547351,0.023377512013840817,-0.0011931272216679264,-0.0004448096445832723,-0.001291989973819563,0.0007378479780514578,0.0053746284293527055,0.001484809153432995
74,1,german,random_forest,shap,-0.06987505700962628,-0.025873091255742598,0.011964633264270434,0.0028050802647652407,0.021630840291778128,-0.0013710668509157593,0.0001518851976304846,0.006239726562454935,0.00154743149650811,0.05819919658912513,-0.0020074624688627973,-0.0010255312208341787,-4.4479580626923005e-05,0.01832921866278188,0.003258402326300598,0.0,-0.0020191976140181067,-0.029536000828316266,9.888076806958096e-06,-0.0001244129614135912,-0.0022767257371463455,0.0,0.00019317263252846147,-0.0012568363818425603,0.0011211877123030172,0.002038176195799922,0.009980582557580414,0.045813663461251694,0.005112538061626395,0.003394808168750913,0.0019397868216455,0.011777877741194464,0.008444407460558637,0.0004894175662640741,-0.0005688108390639396,0.0016954955858348329,-0.0011329510393683995,0.0015989764130870396,-0.00820980045820417,-1.2602115707521085e-05,-0.00810163216565601,-0.01216302461583876,-0.001355362224417556,-0.0001194418301542938,-0.0034012135612433033,-0.0008492819309762103,-0.008178915075348998,0.0015639062741285344
75,0,german,random_forest,shap,-0.024930860135142997,-0.025645118565594486,-0.012293226557298342,-0.0007397822049706062,-0.016837171655079634,0.0021928480955116683,0.000280213634643794,-0.0073370653457257755,-0.009634652160019226,0.06774620737344603,-0.002165854068395001,-0.004118163019690773,-0.00012648644213550844,-0.059273170242130524,-0.03546984268939131,0.0,-0.0014905623575927377,0.008463394488569156,3.433774206996319e-06,-0.00022396064221927677,-0.0026661366062357226,0.0,-0.00019552397822021427,-8.002923583742492e-05,-0.02068849399079927,0.0017203159028754296,0.008198091095921851,-0.01076999169710227,-0.005816784938866526,0.0032390716887332055,-9.390732882622258e-05,-0.0038619045591362093,-0.012760483432368248,-0.0005975985218760127,-0.0007004739082288737,0.0005868674762744964,-0.0015968356588797394,0.0027789523058038153,-0.008312113304295824,-0.0001496607333796953,-0.011835210789682027,-0.011774349203808284,-0.0031014971729168106,0.0003088070860768441,-0.0017487727149121612,-0.0014291823734251788,-0.008220621956738103,0.0014353492824873777
77,1,german,random_forest,shap,-0.06583072148001594,-0.027649419759182767,0.010607871959482387,0.0006133893112812633,0.04099605596607187,-0.0026815416947499537,-0.0011397909499801788,-0.004056205019433509,0.00046078501408437257,-0.14029652623854577,-0.002164309206250597,-0.00023334444971108824,-0.0021111942672957483,0.02028445297065749,0.0030440946129670667,0.0,-0.003207256182827648,-0.024762437513984773,7.585019102187527e-06,-0.0002476112391044957,-0.003269982052573071,0.0,-0.0006200354305634697,-0.0010334309706336532,0.0007484704387662639,0.0015046256558174374,0.006202257264727568,-0.015902228541052565,0.0015996842777083826,-0.018218787876494398,0.0010443295104224262,-0.006129860426412743,-0.009676748618041776,-0.0003746116837668509,-0.0009834919320669835,0.0008931043125024896,-0.0012135036629506944,0.002455018803935949,-0.008612037530041652,-0.00017242170810871795,-0.015079503293278002,-0.011514895794145585,-0.0017590860978074507,-0.001812596229925892,-0.004263657821354548,-0.0007774146274065419,0.004657411772379135,0.0010264852455033945
78,1,german,random_forest,shap,0.02324001089774805,-0.018692816481307613,0.016521447901799595,0.0010525892702190156,-0.008053317337243937,0.0007896438490161148,0.0008967592528879457,-0.0009639022324795183,0.0012429941369787605,0.06715446612507363,-0.0015983945770357705,0.0016195881725122453,-5.20819848596992e-05,0.019847083364725446,0.004714676682191622,0.0,-0.0011833224814898444,-0.026455072136728302,1.4260726667984733e-05,-0.00013074919661100224,-0.0024616710955007643,0.0,0.0002397292272221285,0.00011586207095353715,0.0016312435614659955,0.0023404177460325335,0.01081762990830449,-0.00983019131407085,0.002569430554500049,0.004295790790534881,0.0012668764327644123,-0.004159760254162385,-0.009381467888245669,0.0006220748250821727,-0.0006611658054001286,0.0019505296565364755,7.494544953889426e-05,-0.002001776605331345,-0.006940806852642878,-0.001326426977968958,0.02784172295546227,-0.010025350581975689,-0.0008525251829637567,-0.0006548522760408059,0.0015613203459193996,-0.006717622533976205,0.006463162559867628,0.0016329362962121095
79,0,german,random_forest,shap,0.010690128037662935,-0.018553390334174257,0.010107311657637345,0.0004821193203684164,-0.007590885125341644,-0.003001422271322317,-0.001345812537915314,-0.004282878324777824,0.0005374506768686826,-0.1562103102886712,-0.001998808427357059,-0.0023315913395138524,-0.00295188785518475,0.024240650651595967,0.00464277417261352,0.0,-0.002876545473373391,-0.027727275093511104,6.271902877903106e-06,-0.00026832424130759724,-0.0025834911233051532,0.0,-0.0010165315498634495,-0.0006881011757991521,0.0009004484621957022,0.0019676916342546247,0.008210968232021417,0.04958146386554724,0.001669062143122652,0.004096446332475001,0.0014689567213171982,-0.007403377866696262,-0.009556187975534728,0.0007086964908643459,-0.0010068610784032576,0.0009703529149321223,-0.000869923752362835,-0.0029337999463370764,-0.006918853337231232,-8.208416704173869e-05,-0.013639938182993699,-0.011767356299244193,-0.0010626230050285838,-0.0019106721270691122,-0.004512561970781529,-0.0003299948142166771,0.004764015364496078,0.001156304090710071
80,1,german,random_forest,shap,0.0526071650221099,-0.013447840882605035,0.016558478841466842,-0.0018200448888638547,-0.006850884780970318,-0.000824750139454458,-0.0004061533816554311,0.0011635952253933868,0.0014801193120622422,0.07581235697576626,-0.0017728424504322028,0.0019442104977087813,0.000214853095092035,0.021111765675849034,0.004003213086511217,0.0,-0.0004479714392388218,-0.03595875622736494,1.8737302021546834e-05,-0.00017052109623600913,-0.0019697877820587803,0.0,-3.797156920422922e-05,-1.6257073705937624e-05,0.0017071532621493286,0.0026201801551398013,0.011626947194673828,-0.011713482659339077,-0.004938778693821728,0.003338504310130974,0.0021564999779726305,-0.005997738791783951,0.009223179788208183,0.0010104309998622692,-0.0008947154339095862,0.0020347137323698953,-0.00014061076300879406,0.0006619119736719023,-0.008664779611332796,-0.0001500605627568687,-0.009784986363126975,0.024405323464856642,-0.0011833147810538125,-0.00027617558413886676,-0.0017783136092908546,0.0009298239357174642,0.004364078967286355,0.0013019408421649588
81,0,german,random_forest,shap,-0.02638822333612854,-0.02714150910348407,0.012664190713797457,-0.0017339580215015213,-0.00742453125450955,0.0032023173418165166,-0.001787469679308439,-0.005188833103990566,0.00034978557196936816,-0.12935557470990158,-0.001772625097757434,0.0006081467752440281,0.008533154394939966,0.020041011850289874,0.0035797638360853196,0.0,-0.0022080819064643053,-0.03142458360359839,1.5400417600721955e-05,-0.00022555027384371708,-0.0026753641045856465,0.0,-0.00023522055489279042,-0.0007391702724865762,0.0010437877416533846,0.0016925061613884422,0.006233553888457612,-0.012386309180102539,-0.0023505190991624514,0.004634784060458886,0.001413675466074064,-0.0038151594605499916,0.004948849374592275,-0.0035845193110186305,-0.0006563897473352876,0.0006989998650133136,-0.0019526879317599858,-0.0025429625064463755,-0.007471239601663587,0.00020777142887900258,0.06627301026900298,-0.011873662801958928,-0.0014124937407443434,-0.0013623735547389202,-0.0033979291812696777,0.00032222038421845313,0.0033192277330700596,0.0009021633334731965
82,1,german,random_forest,shap,0.04024210667270767,0.035300243767917835,-0.014661585182701166,-0.0036526067628145347,-0.024041745073576763,-0.005695227096547461,0.00013697030655194758,-0.002108710522934931,0.0015802685661693062,0.05807996258984417,-0.0015556448647533248,-0.0020550029700202844,-0.011315320251416848,0.016767141994736678,0.005734919452349845,0.0,-0.0013113177697028561,0.009944279786309964,1.5494510268578108e-05,-6.537752624345225e-05,-0.0017037499300879627,0.0,-0.00043580245017765996,-0.012274593984968832,0.001360261407750979,0.002233891344806572,0.015006445512722566,-0.010267077243537853,0.0022554129284994002,0.004744010858712422,-0.0015262416549313492,-0.007575706806797653,-0.01300560601073685,0.0003901418821811527,-0.0007218545460054113,0.001413488949132704,-0.0010314149013451724,0.00037561013795187477,-0.011939483673079149,-0.0005175432469652118,-0.007752962490549864,-0.008676291149057354,-0.0005816743548888304,0.00045879477263908997,0.0001340483609561067,0.0011149340967187456,-0.006504934791669286,0.0015429611867864145
83,0,german,random_forest,shap,-0.033752258608875804,-0.02544597315936132,0.017268037819358255,-0.0025943565360699223,-0.022210469122556795,-0.00196232074697743,-0.002420796096524225,-0.004972510105955102,0.0003718407565869022,-0.14471237589108057,-0.002231196938712126,-0.0002545710505905404,0.011275423292045809,0.024326396868544795,-0.030705005454801617,0.0,-0.0024427965568705064,0.009829883865278275,1.8050610419035754e-05,-0.00028922202765493846,-0.002839329935949085,0.0,-0.0006794774806293134,-9.716887000354035e-05,0.000591105725423741,0.0016700077320250947,0.007974474380108782,-0.014524127211439012,-0.0029849464039601167,0.003569858949034038,0.000202248228747295,-0.006115582491792306,0.007022396571483725,-0.00545716060995983,-0.0010162166457840405,0.0007332952143087638,-0.0016778967495928575,-0.004433896037993888,-0.008446595032890723,-6.246413141749641e-05,-0.016745911891811533,0.02772336881309776,-0.002526914124399448,-0.0025276653684407624,-0.003328651185374631,-0.0001900443545371584,0.005984555630352084,0.0008901959783668878
85,0,german,random_forest,shap,0.010210807595340805,0.0205163601231198,0.006768135704279745,0.0016139494868950663,0.011269611422134215,0.0010902409075778125,-0.0007577184499694715,-0.007046391978480556,0.00034085621145069127,-0.11895095324835786,-0.001939330560387958,-0.001510207978404488,-0.0009815308359456712,-0.05953276842994292,0.006591104254276829,0.0,0.00012248135186520648,0.008319431447625576,8.020264815112233e-06,-0.00014877218196992234,-0.0023454532060608667,0.0,-0.0007192930513308573,0.0002661641342776464,0.0006239409860972454,0.001935445132887993,0.008439819062610697,-0.00918462728955213,0.00027172207800974164,0.005074811621472023,-0.0009364347614249437,-0.007504592386962665,-0.008672229934829483,0.00034485899189748794,0.009055973900919174,0.00021351302125223334,-0.001216341061263554,-0.0003656373052633926,0.02688485293255838,0.0008502353056911133,0.05998289770635964,-0.005436756528021906,0.00041813844407504076,0.00036352117922647053,-0.0010423906278128293,-0.0014276261900237007,-0.005360031404464924,0.0011944627713393419
86,0,german,random_forest,shap,0.01705233709948081,-0.013009951391835523,0.015972342531729796,-0.005098006915944567,0.0030402750779299206,0.002199928256453468,0.005249830784332945,0.0007942308026560598,0.0011391178122611436,0.05779090115085677,-0.0017071367303262118,-0.0005403731989304099,0.0004792630472274814,0.016097134487035605,0.0032857489117237774,0.0,-0.0015124325986493026,-0.04132585311760682,1.54604912304711e-05,-0.00014119134035270735,-0.00229985052735736,0.0,0.0005969919664205565,-0.0011587832666863625,0.0012965437783661702,0.0026292302633249944,0.00918386813148933,-0.013592886643865456,-0.006704812985890343,0.003778977085862824,0.0015468427326282472,0.010108451334500144,0.006506000397502696,0.0009930271850033569,-0.0007522082998056831,-0.04372449963245023,-0.0010540071060781827,-0.001659653757593335,-0.009496815627516126,-0.00015603540918444233,-0.011838761590924814,-0.014558044176106911,-0.0014025952165709495,-0.0025428681030587584,0.0021926273928250524,-0.0002753897037639111,0.003360577903567787,0.0012993740922373665
88,1,german,random_forest,shap,-0.03445602485661205,-0.009759080949113418,0.017036965464335578,-0.0012806443560393578,0.011234285184310406,0.0025905951995518987,-0.0011765523752880905,-0.0027529010295401415,0.00119409304274187,0.05666772649404661,0.01792608139819433,-0.004279061137487148,-3.6928622621837906e-05,0.0205200280032584,0.003384391884511536,0.0,-0.0011843175382488344,-0.03481281025907944,1.595375775401607e-05,-0.00015416067341455058,-0.002474991838140977,0.0,0.0007959011888260642,-0.001029585797586855,0.0015065207840127802,0.002271952757582458,0.00811689284694438,-0.015015953193130064,-0.012453013425230445,0.0025422760742524184,0.0011343566007344847,0.006984410579665411,0.00553265741944911,0.0008609904221866512,-0.0005224639299740266,0.0015918983227926546,-0.0016514645467693276,-0.002339131445716561,-0.007196292858737612,0.0004851770743911484,0.040783553108983676,-0.00897719743538904,-0.0012518875402650715,-0.004698265475255448,0.0003642193263464925,0.0007899085199093847,0.0038105975561084212,0.0014512849643610764
91,1,german,random_forest,shap,-0.02691505259485333,0.006610200376544884,0.01832323817086725,-0.00015073766257201994,0.014510155918002048,0.0016886418817479783,-0.0005494397568894501,-0.0011720229045737913,0.001587852635994617,0.0717154750649281,-0.0016658513859887597,0.004428307629216146,0.0005971885275254095,0.022563055632107004,0.004603406401637742,0.0,-0.0009356128758982479,0.014053046491754291,-0.0013221278279743542,-0.00018127048980474063,-0.0020566781191696704,0.0,0.000507738654292978,-0.0005909942509728562,0.001071207776342454,0.002632578988242104,-0.050184940086806046,-0.008741474437219123,-0.005893851427912379,0.0028902076112674166,0.0011118087989697388,0.011861607505413267,0.011585966527561673,0.000424358348874548,-0.0006982419980306098,0.0018538123099663757,-0.0010624443852076458,0.00265116731386479,-0.005327206772128862,9.961415661364563e-05,-0.008086485699165724,0.01996442575765634,-0.0009935794533124781,0.0005926235553302262,0.00014379894669837325,0.0003481436615109365,0.007635511767619667,0.001543834798397217
97,1,german,random_forest,shap,0.027887076429363795,-0.018529285128628725,0.014311954832436398,0.0010247317419303905,-0.012232054021983532,0.0034574626355730674,-0.0030718107858650288,-0.0015003415365157332,0.0010384165954346158,0.06664185199226576,-0.0016369646587376294,-0.0007852172941956411,0.0006648820029079704,0.023413095918224762,0.005819287591510867,0.0,-0.001224171593319195,0.007950299540866554,1.3119001335708404e-05,-0.00011053725005234191,-0.00215321233300537,0.0,-0.006629649574209105,0.0013519933438945026,0.0014675675357428903,0.0026703811968276964,0.01410812366254601,-0.009143324337675169,-0.003936750045511031,0.0056078928429875215,-0.0006307922757353009,-0.009707764852434436,-0.011282999525207463,0.00042001695468255995,-0.0007953561391164657,0.001956436846342783,-0.0011649476962055942,0.0009615832552533396,-0.010593341900024924,-0.0001705985813111966,-0.009162130986117867,-0.012212849085554213,-0.001520575118751154,-0.0012360009885946303,-0.0029977142497474704,-0.0003647028168281598,-0.012788369378317009,0.001546055227188167
99,0,german,random_forest,shap,0.013752800403152455,-0.01573255258966084,0.015120638218255473,-0.0032523474462704495,-0.018380187113476457,0.0034712882450436172,-0.0010594155304777478,0.0018799621505715877,-0.009793399533311715,0.057571834174040555,0.024764970972107336,-0.0041425526342581155,-0.00015453393771085012,0.020490520599468518,0.003988802458563381,0.0,-0.0011452112535744667,-0.025994015803356207,4.069492795492948e-06,-0.00016849516763408473,-0.001981613284928011,0.0,0.0004972904390955168,0.0002484148235114713,0.0010743525622610825,0.0018745473860473044,-0.06285446953636346,-0.008820755247926025,4.12145729150821e-06,-0.015508652662088162,0.0012654297712898252,-0.005030741542043975,-0.006950911973965848,-0.00017320087748927087,-0.0007808559425961378,0.0012885451921225558,-0.0004450992919730742,0.0008986277776982395,-0.00985352650455861,0.0004513238643895433,0.03777917179575674,-0.013117455676240269,-0.0014733827254789409,-0.002414923656317854,-0.001202533431962378,0.0011034153651019076,0.005737913290975258,0.001455039745802535
100,0,german,random_forest,shap,0.0522008832531544,-0.022622545528488133,0.007465905489559333,0.0063009631187392195,-0.0212281550227054,0.00012896132964544763,-0.0012709527529677863,-0.005884605603555935,-0.00011276258833485053,-0.11873824161216928,-0.0022478942965305274,-0.004243687823453946,-0.0015940368537518987,-0.062429585166207606,0.003617402410149675,0.0,-0.0013472884557245736,-0.02299188547729641,-2.2440486429109637e-06,-0.0002713862099246522,-0.0029245155755634935,0.0,-0.0009775093367568924,-0.0006195031691167896,0.00034224969146154425,0.0013213196770656844,-0.04529967624256268,-0.013482922363749266,-0.0028103931968950857,0.0029854585548749527,-0.005427050897784595,-0.008230813202627965,-0.012227634093927452,-3.832890166335066e-05,-0.0008611091484895569,0.00013711360290700965,-0.0009038403856574904,-0.0023490467220522006,-0.009034041147021651,-0.0002966709827483324,-0.019241573803492788,-0.01043351620013675,-0.002544623162062638,-0.0002520405495649964,-0.002508740710053417,-0.0012442123980232823,-0.006437419628987363,0.0007333491536786292
101,0,german,random_forest,shap,-0.06646985364855794,-0.01883823375942558,-0.021055427735891478,-0.0025783353968191376,0.034164034277200966,0.003811757598683667,0.0002915118695442928,-0.009350324811291314,0.0005683255520726215,-0.11538778400622686,-0.0019873266724523245,-0.00149140710525856,-0.001397093880513117,-0.06458216176205328,0.0034947642445702504,0.0,0.005615552113606835,0.00777912721641432,8.650162606992355e-06,-0.00027988209152175525,-0.002611063347482719,0.0,-0.0008067651248574659,-0.0006035546184287847,0.000559972352244826,0.0017086379708393616,0.007635365129047221,0.050474248092965676,8.904797195068183e-05,0.0038945201976617783,8.66254578494448e-05,0.012322486472298154,0.0078649320455598,0.00017634790561032828,-0.0008759150922146312,0.0002642636809841926,-0.0003087072304037525,-0.002273617025558328,-0.004402871232450343,-1.5399278088684295e-05,-0.013622557441306108,0.023014563342412905,-0.0015868585452309591,-0.00039121573160987976,-0.001968650700726952,-0.0010605888946525947,0.003314971354329073,0.0011305503889305487
104,0,german,random_forest,shap,0.017403676141717662,0.03642909213737191,-0.012591922490069678,-0.001323975714872754,-0.009722193944804395,0.0021868124848230214,-0.0002871963528410212,-0.004784212697082389,0.00021632057893467002,-0.11433271772798137,-0.0020560648054842264,-0.0032978442530557893,-0.0014235881565813383,-0.05622196344869956,-0.038601792703611255,0.0,-0.0015962252896530432,0.006388214990892135,4.693800966827268e-06,-0.00013898868364420875,-0.0024404807334092913,0.0,-0.0010977513028740174,-0.0003754510316109728,0.0004775823156061605,0.001285069743695196,-0.04887034304177445,-0.0108334721733244,-0.003737137108614217,0.003422769470458014,-0.0038770009424682374,-0.00977558678230753,-0.011205682457112903,0.00023386652280031937,-0.0007508178338729631,0.00013325380625377938,-0.0008310797039386763,0.004759078668730287,-0.008328445462857489,-0.00032726782421159547,-0.01791680921960878,-0.012620471495837872,-0.0028419467934404814,-0.000175987292895107,-0.0011557410124743792,-0.0013205257912181747,0.0038981641863218945,0.0008040242596487896
105,0,german,random_forest,shap,0.03359205639737167,-0.02131746285247208,0.014892884247533392,-0.001773211749715268,-0.017017768470290105,0.0023757464333161076,-0.0008012311988009689,-0.003239888349532142,0.0014827494375609215,0.07348378004099552,-0.0020749351772758945,-0.0008614121470999973,-0.00010889992071876089,0.02442512337417633,0.003975571153003216,0.0,-0.0009305977371685183,0.013199881682847343,1.457681594715066e-05,-0.0001299271333557361,-0.0023211223061602583,0.0,-0.00024538345238111494,1.974543559802073e-06,0.0014638961702723083,0.0029941488292870473,0.00974009740882919,-0.010975542377529988,0.0015344213228004038,0.004121373913141225,-0.004176298636739769,0.006714272186697296,0.00785014731255751,0.0008422010350362516,-0.000641026310251287,-0.04447172467479135,-0.00021417617138447834,-0.001288672268053985,-0.009876259228571188,-4.520599445534037e-06,-0.009987462376647924,-0.012461284215278305,-0.0017690471862941734,-0.003445794601460919,0.0027919730153901155,0.00011161225741154508,-0.00931871508237383,0.0015472544361769319
106,0,german,random_forest,shap,0.011742434500176282,-0.018126410700985526,-0.017433195704511628,0.0014848791101037422,-0.016836503243361854,0.002150962076740522,0.0007312588270207119,-0.007648019234807366,0.00119654175993119,0.06333863734356866,-0.002330453951344363,0.0028765083857662604,0.0006454468393196358,0.01790484129582108,0.005517588876455348,0.0,0.0037569565652537484,0.007181234029717205,1.2750508428448436e-05,-0.00014134322317460325,-0.0022293582366006725,0.0,0.0005056504629864627,0.00035634121953769215,0.00100569748954536,0.002144219957702888,-0.0817145663080426,-0.008428344553785884,0.0002764151253530439,-0.021613832679867297,-0.001073200427005371,-0.010083522876450313,-0.01541742537008824,-0.0004592297247848994,-0.0009336510808507428,0.0013544106795912877,-0.0014874022633269586,-0.0007248672050089682,-0.009950576349468604,-0.00023497103300492672,-0.008370127840931212,-0.008149376908557413,-0.0016899269142559175,-0.0003033942288381841,-0.0019992046040890536,-0.0005351411321204406,-0.012673350463673563,0.001431080257023095
107,0,german,random_forest,shap,-0.09803026424627673,-0.024183669032508504,-0.023648206176413108,0.0005524716810913201,-0.017639049734412004,0.001512842210915341,4.850601231248584e-05,0.008322320286185911,0.0009211588894176896,0.05751597370382862,-0.002256869823787306,0.0027355303664742788,0.0003012197924198489,0.019526363407843937,0.003549584844500287,0.0,-0.0031574044484842237,-0.031586158471454566,3.5814899177707247e-06,-0.00016516450526740103,-0.0028529940096505206,0.0,0.0003243062551321969,-0.000898184431238281,0.0010312713538950646,0.0015975472466155187,0.0102691845370879,-0.013321564681499542,-0.0061648513851483904,0.0036722644205734126,0.0004321316150028506,-0.005899705066067292,-0.006931975510224085,0.00019647471867692697,-0.0008942676573536761,0.002165504469849934,-0.002104489637037952,-0.004783913834230892,-0.010534436985805744,-0.0004989085532041362,-0.011231562198273516,-0.012166160432832838,-0.0024637158219989485,-0.0006760241056739685,0.0014543756473424322,-0.0012403835969515184,0.0028328893302552965,0.0014476699792796326
109,1,german,random_forest,shap,0.01690969714356797,-0.02288811477235207,-0.009252412889829247,0.0017823501287124236,-0.001918588723555043,0.00038556638181491904,-0.000985525803216503,-0.00646404735859203,0.0004188077513964556,-0.12451136669082388,-0.0020332248195000856,-0.0011042961974375557,-0.0011246314973692821,-0.045434686205677914,0.005141834058931521,0.0,-0.0006728101432883041,0.008997647228404503,1.5855337480107136e-06,-0.00018474579890375277,-0.002777267058384117,0.0,-0.0004727819521265265,3.1988861793151292e-06,0.0009192674373263753,0.0020013560712552362,0.007276759142549649,-0.009189723970185,-0.0012077623263840084,-0.02672778007485935,-0.000728331329130244,-0.005544554581027918,-0.006968443580409561,0.0001153742827284207,-0.0007475299552866066,0.00013850109388306513,0.0019628912145431324,-0.00025843309760369777,-0.005377202368164741,0.0005707877527474271,0.07887034146143006,-0.009698654607940144,-0.001502154839665363,-0.000124676805108566,-0.0006219318804709126,5.680248923145116e-05,0.004946882510059072,0.0011570684984863176
114,0,german,random_forest,shap,0.00989360380785713,-0.02631303544377369,0.013241520921663029,-0.0019238484933243947,-0.008732218421092274,-0.0039819153899677525,-0.0018309342756342405,-0.007778363970555121,0.0001727399377383746,-0.15355854203749114,-0.002447910184881016,-0.001719366222499902,-0.0019113829355051903,0.018474208411881653,0.003883684356194852,0.0,-0.002615296074608623,-0.028730501350943835,1.811824847203156e-05,-0.0002646387205935631,-0.00270102471159098,0.0,-0.0010909337931513095,-0.000192871945150351,0.0009031849687474716,0.00196803130654089,0.00709962214530808,-0.012192572189487463,-0.0037193151005837886,0.0030461493277361873,-0.0017225701552077222,-0.007121992842574107,-0.008170812797855743,0.0005040783876306312,-0.0010918810207401202,0.0008588602738285809,-0.0005806609163345995,-0.0028510662777532403,0.0246223023512335,-0.0001998075440635919,-0.013798426893192788,0.01916849305980923,0.0057519121683206175,-0.0021829915704226726,0.005723171682345321,-0.0040962100330201754,-0.01071556910765804,0.001068966244741539
115,1,german,random_forest,shap,-0.02906561118883751,-0.011397124639870766,0.016585723832591524,0.0011971482599235693,0.0013054251118962141,-0.0033573030110653494,-0.0004650116981342539,-7.13110239044095e-05,0.0009893230197974927,0.08083298023291874,-0.0018803914584859323,0.00026503798936793705,0.000370456016756716,0.03055852414426546,0.004713481900188002,0.0,-0.0005670634695254992,0.01213603484792091,1.7654545552716914e-05,0.005077500725433514,-0.0027665608519313336,0.0,0.0007901620268886456,0.00024607642962706805,0.0012918684268309981,0.0024958694146461477,0.010322609523832852,-0.012962144946024646,0.005221608418695917,-0.02078990087481085,-1.2904229086594662e-05,-0.004387184035006606,-0.010390911894306453,-0.000193066921432909,-0.000564716046405296,0.0016455410154756162,-0.0018400426967830996,-0.0030320843213144217,-0.009979496979740944,-6.558193375044783e-05,-0.011550793501193356,-0.013834579740213508,-0.0020981228237014074,0.0008548620025168533,-0.0009664331204656758,0.00018390091154613203,0.005984980167345066,0.0020242670522549007
116,1,german,random_forest,shap,0.04814326810616875,-0.018678566558169858,0.010222822201722295,-0.002694506418432525,0.016935159671998424,-0.0008110325507323634,-0.0010367038596915132,-0.0017938502526564546,0.0009572968839778941,0.05595314915316659,-0.0018191769361212207,-0.0006913616900657354,0.000799380275005462,0.0151803080119306,0.0035244929521914695,0.0,-0.0008095008616436451,-0.023452269355197272,1.529050756494171e-05,-0.00011357149198682723,-0.0018921505191953234,0.0,-0.00012989602536491612,-0.004154245601616448,0.0015114616936549201,0.002189715887288971,0.012887040648220867,-0.010352861630796963,-0.009499531267309647,0.00238477399259643,0.001721172278836971,-0.009848167795650233,-0.015236351318696766,0.00048708430230125666,-0.0008121214702605658,-0.031979283941578895,-0.00020659360391228737,-0.0008049375242370014,-0.010316197058553342,-0.00020028080763318675,-0.009939969550444093,0.02751366527815857,-0.0010295771759979055,-0.000686741297330792,-0.0016704863692036348,0.00021158120197363833,0.0018676928801809494,0.001201781168661493
117,0,german,random_forest,shap,0.016113330703764486,-0.012205761149453405,0.01503198889684576,-0.0006048840567648157,-0.015908863363135222,0.009126630450338822,-0.0021736086359054625,-0.003585175498679137,0.0004946692247224962,-0.13555121391614325,-0.0018015342154272702,-0.0008364807790140948,-0.001456195818127933,0.026164565308022525,0.004635017210496586,0.0,0.0004176598128454841,0.008867197459752372,1.735327620834935e-05,-0.00012357508919208125,-0.002531247415541988,0.0,-0.00016765053344884595,0.00019826769164926612,0.0012365311631119228,0.002141513647253858,0.008618060312829537,-0.008551985248810016,0.00021442929113250661,0.004070001086612177,-0.00036301758452336795,-0.005837092568305683,-0.0073107418156057105,0.0005151624976811107,-0.0008578643195939504,0.0008008647209803293,-0.0009465265406750024,-0.004169420374573771,0.023428331886898156,0.0005794313969645237,0.053844091060872804,0.023578123206895153,0.006780894157450657,-0.002126655852122109,-0.0020390627674274275,0.001978750427503407,0.007327561242090861,0.0013505623766030491
118,0,german,random_forest,shap,0.013586062770101466,-0.021121093919173432,0.016738718598615396,0.0004299242083863083,-0.0008068500151320054,-0.0007568048364767789,-0.00033386955714287945,-0.006225723943826424,0.0008174814052938843,-0.1434043524528535,-0.002342555406726795,-0.0018606096252816535,-0.0021372917529596425,0.02121798044549506,-0.0392901831845507,0.0,-0.002298531154869607,0.0074123111087570645,1.2572380316274612e-05,-0.00017562353381521994,-0.0025248986337543496,0.0,-0.0007563306505671984,-0.0006410597009090578,0.0006403339934730214,0.0020273679729631787,0.007510530851464535,0.04238678842648204,0.00032165308077989875,0.004117960100779623,-0.0009658402941574745,0.014353603728009222,0.011779260776486333,0.0007653465188476774,-0.0009427420717156033,0.0008169910387579324,-0.00047270626000954166,-0.0031229667188808277,0.0318629741190781,4.7680825048722705e-05,-0.007651470159976689,-0.008373343339032146,-0.0002571484426054958,-0.0008006083250979757,0.004197455517440932,0.0005036209455308157,-0.008410761808667436,0.0010502914151913206
119,0,german,random_forest,shap,-0.10998212293338529,-0.01552381777188799,-0.01619916841624957,-0.001326851867327667,-0.026793787598486746,0.003978545317327381,0.0011356107564685122,-0.009386694661078611,-0.011462919500502801,0.054297313798064926,-0.0023309145298536613,-0.003214662926402131,-5.182615269037869e-05,-0.060671264734550694,0.002609937008261792,0.0,-0.002502182916579175,0.012379750078748026,4.943522277434713e-06,-0.00020546974725000117,0.037766910702211436,0.0,0.00018587213190381026,-0.0007982476471550604,0.0010007071890507685,0.0018710934717734396,0.006802511225546152,-0.01048557826335491,-0.0037615310382382947,0.004079822106631423,-0.0015147933053840331,0.009289093457659083,0.011021999834428918,-0.00016654384049586963,-0.0006630200800925664,0.0006872233914107489,0.002130657979486088,-0.003642305681459051,-0.008334823907772322,-0.0002512004731694997,-0.013688224682440912,-0.013215512264282457,-0.0027624076492944946,-0.007600095953246453,-0.0001163987175777935,-0.0016515554977820015,0.0032490319844791396,0.0014960852796501102
120,0,german,random_forest,shap,0.025493210050589202,-0.021727799071752735,-0.0013118826824610938,0.00021397138326455464,-0.012091321879086297,-0.0022911284806092173,-0.0017502156816925358,-0.0034894123160645325,-0.02383203945806981,0.07527723382551323,-0.0020723440158300853,-0.0007835078372247782,0.0003154426906233574,0.023708847854270198,0.004436316790550866,0.0,-0.0002822014494885131,0.012150867131562514,1.8514376645849284e-05,-0.00015986675444738474,-0.0019452333368230592,0.0,-5.293512784762058e-06,0.00013436486684711375,0.0015621565131041638,0.0026424482662129115,0.011300274806712531,-0.008395534375223761,0.0005329129054667376,0.00333444049641996,-0.002970546860390012,-0.004168691421346544,0.005272772717374047,0.0006444839053006282,-0.0008939746867732601,0.0015893139329215377,-0.0008239617699316639,-0.0019196443729448912,0.02807235611193616,0.00011392835088740653,-0.0065513707391805604,0.02232320306848481,0.00519878776967195,-0.00030097061947564175,-0.0021406293169159455,0.0009483411060100883,0.005701835681561278,0.0015186059211432542
121,1,german,random_forest,shap,-0.0505606169928794,-0.02876184613935069,-0.003991009214994443,5.8880781259130975e-05,0.0016929524654645605,-0.005989529180822567,0.0005942559807317896,-0.010153916067578563,0.0011266327233636956,0.06809487933364139,-0.0022054134583940265,-0.004336925869274443,4.0565586338071475e-05,-0.07046194969576805,0.003687310332463555,0.0,-0.0007956905052153192,0.012188397402699254,3.0426853596491894e-06,-0.00019542996428731108,-0.0027488647947827042,0.0,0.0005762978975568215,-0.0012512847045636937,0.0010762958252099196,0.00241335370659398,0.007867958229469856,-0.01278148495105818,-0.008396244509350954,0.0036351827104068456,-0.00010084886233503708,0.00793781000744599,0.012551329668297856,-0.00011597608917525224,0.008798254473156152,0.000823546212741873,-0.0011532184246961792,-0.0021019219320912324,-0.007371162158006078,-0.00025781065347228613,-0.013257544925334446,-0.0120876185634927,-0.0019852307250690085,0.0015137150835508922,-0.0010636785180694784,-0.0017336709952952144,0.003676014057076879,0.0014738014016603034
126,0,german,random_forest,shap,0.012980401910660615,-0.02238286881019616,0.005419134872564024,0.0030222087729560405,0.027595712009412812,0.0009969141189195875,-0.0012978159844398186,-0.008721521796036991,0.0001505418288814564,-0.12900900253487851,-0.001728110904757594,-0.0043793208236139435,-0.0019378286068813338,-0.06592937241426762,0.0038558128938194825,0.0,-0.0012195388408290815,-0.030882120738526125,1.3044889328518894e-05,-0.0003997841885507046,-0.002899562141819865,0.0,-0.0008999306305777124,-0.0006970325746536141,0.0005884470985368897,0.0017801734891174715,0.006153220916654785,-0.013489780606960244,0.00020031359701783592,0.0036919208596105815,0.0010235873094987804,-0.0063467916589894915,-0.0099516669196436,-6.655527607979142e-05,-0.0008927231200671202,0.00021542751868768224,-0.0010796601431156865,0.002502524193789032,-0.006868121343106823,-0.0001660720549714866,-0.02052102288896182,-0.012896972755518505,-0.0025099845986266537,-0.0009251540804162595,-0.00291832780041785,-0.0010486055743028813,0.004324484661837532,0.0009217292947164062
130,0,german,random_forest,shap,0.04294572308297245,0.04755684318635981,-0.029343563083617952,-0.003136863053607422,-0.007410548671254362,-0.0028539936194900634,-0.00030346390679682206,-0.00434843794427745,0.0008835597313484427,-0.11790780193656585,-0.0015817239013120276,-3.8107656285321013e-06,-0.0007590853304709774,0.010504775523384595,-0.04189290440319182,0.0,-0.002180921531169366,0.00860272360884727,1.2814179540942185e-05,-0.00011018938067948,-0.002388991649789046,0.0,-0.00045594409862332333,-0.0003995678621470646,0.001308159748056712,0.0020745172682695404,0.007662072280329803,-0.009146271664611513,0.0008864076382401866,0.004560443706603283,3.9932522425020057e-05,0.014986465418531315,0.01153997930609756,0.0003515347019028555,-0.0007953122351583845,0.000746797518828587,0.001284548716666043,-0.00025288720435546233,-0.005697463882909418,0.0003822184906827523,0.05028126161194305,-0.008672372308409114,-0.000631019843477628,0.0002116280836350446,-0.00047326002519256264,-0.0007944459483171086,0.0003722047300196052,0.0009481679146318453
132,0,german,random_forest,shap,0.03659272214587208,0.06263619241314021,-0.02321770123740425,-0.0010868658893599184,-0.013155042840072318,0.00026755792807073335,0.00014904976610356996,0.0016184845282063104,0.0013516038346802273,0.06373493113672533,-0.0017026281311194077,-0.0039647169008897405,-0.01625597926044855,0.015705059439801702,0.005301032290055669,0.0,-0.00032309469672314734,0.008132103563016307,7.26223917415016e-06,-6.129752839513409e-05,0.01893273359254369,0.0,-0.0002516446781578312,-0.006569858998466631,0.0013229016080234632,0.0021058918272442947,0.01681891339741766,-0.010718210740468288,0.003996865062874817,-0.016680404143967816,-0.001291902858283539,-0.005649295044393819,-0.00972487407785679,0.00034504894067390545,-0.0006311819127830506,0.0009780350440019368,-0.0006101938460699995,0.0003391171671216719,0.03369200024201333,-0.0002215804313611983,-0.006308479502904967,0.005003076977784828,0.002063125632528358,0.00020066755637351756,-0.000572072843828662,0.0008014507237984074,-0.006431774248337921,0.0014241321890057948
135,1,german,random_forest,shap,0.009567733826299933,-0.007933837985767288,-0.03927587020307434,0.0002457916696978816,0.017808470219098874,-0.00017968112967108206,-0.0004240039246526109,-0.003919851475835811,0.0021579695889023687,0.06246329598276898,-0.001644473613174573,-3.344651553291705e-05,-0.00012383146343693304,0.02159911820802629,0.004974301741729929,0.0,-0.0013510767622747087,0.008973382641489036,1.4843860532443704e-05,-0.00018159636557826012,-0.0022770102805143608,0.0,0.0007177716056633715,-0.0008507489036567156,0.0014482921418067453,0.0030658688543652455,0.009000428179873537,0.03107341614059704,0.003046457396870855,0.003297288488443003,0.00015189007675356386,0.007111185903627987,0.009692632329429633,0.0005599445394234898,-0.0008250485190834452,0.0020782095552250306,-0.00048231680827751544,-0.00019720431335151886,-0.005932250630716205,9.7033724826408e-05,-0.006536374058922097,-0.009895852338801013,-0.0005617390229882689,-0.004906866924092995,0.00302501360900464,-3.0049903813267178e-05,0.0028910828048236323,0.0019115026586360006
136,0,german,random_forest,shap,0.013375926330473109,-0.01949015324634643,0.01564785728409553,-0.003136489140783607,-0.008051449982598624,-0.0033329285227945713,-0.0010882703859091498,-0.005149698291771604,0.0004784517111673103,-0.16558735932140156,-0.0025693976408062715,-0.0025706768875366545,-0.002118120774456024,0.02492454071266215,0.00467106286302959,0.0,0.007416294366474234,0.009621199587342526,1.6594062708778685e-05,-0.0001964037620465552,-0.0026808016653311188,0.0,-0.0008003519097719157,0.00021088691547665613,-0.017829856477949026,0.00206811432744857,0.009037645328320503,-0.014282727533342284,0.0010572197143605795,0.003823645096124389,-0.0014226072347547742,-0.00845307868708796,-0.006578301230425146,0.0006411628781397851,-0.001158225524367386,0.0007771091681397997,-0.0005842771765686365,-0.002641316009386041,0.030604711372381573,-4.545614061282925e-05,-0.015381596313742339,0.0252610735464332,0.0016506594943952045,-0.0024839176104363416,-0.005091508372949114,-0.00017933624753380182,-0.010191621963242975,0.0011527020895717643
137,0,german,random_forest,shap,0.015085289700482415,-0.019478229921751727,0.008038319051236094,-0.0014531155107875737,-0.013006787225618573,0.0016692794061175429,0.008812156148063474,-0.00931197415595428,0.0001334428227566698,-0.145110556899119,-0.0019239921855576775,-0.0019054998673835566,-0.001923820232281944,-0.08111315611246392,0.004192164940126058,0.0,-0.0005993019652596558,0.010560625233816248,8.062391744262668e-06,-0.00019094849999827702,0.029590983892883827,0.0,-0.0009012337260753506,-0.00034976795249265177,0.0007084754486797676,0.001621992276023327,0.008963608483079212,-0.011039075446304034,-0.0002950589823967055,0.0031135112020330953,-0.002368653679147224,-0.006414857200087548,-0.007430980277399707,0.0003546169281202949,-0.0007264229354132916,0.0003715262943162644,-0.0005512225503530097,-0.0036253979712019373,0.02976220290435614,-0.0002324951824909251,-0.017255290027045626,0.02628365731751104,0.01785126815604124,-0.001658776258122387,-0.00279567142726776,5.909678211157377e-05,0.006215848366145794,0.00108036788812038
141,1,german,random_forest,shap,0.04721366724146287,0.07753987863801297,0.010936308880652038,0.0022452732424869688,0.018047839462344742,0.00028833282864288405,0.0002599522536449097,-0.006094062459963485,0.0008467687996664998,-0.13550213966652744,-0.0012924072116709299,0.000977882531873467,-0.0011997204040997316,0.02039112801968851,0.005796969433069447,0.0,0.0037969135757001974,0.008644507864146321,1.3704023123467933e-05,-8.521021551729129e-05,-0.0021922209416362923,0.0,-0.0005853013391470021,-1.0568782624205823e-05,0.0010111672118482727,0.002446597189476823,0.008933395816220019,-0.012600344155168003,-0.0010365494550412285,0.006773383270524537,0.0004008552881808498,0.012883024338324119,0.010508497934291464,0.0005648240224786721,-0.0006860247578550143,0.0007957378599265772,0.00031537720994619074,0.00198081508755009,-0.006327777537031518,1.0494735099500663e-06,-0.01083276937382607,-0.008169657929811254,-0.0002991008870869087,-0.00010796462614450617,0.004340465517790442,0.003063727126588395,-0.0044889506205796625,0.001273041074186013
143,0,german,random_forest,shap,0.026342437650364436,-0.0229140797697985,0.005690526105605795,-0.0028845467444103853,-0.01635448156509125,-0.0064830831200601065,-0.001373793973278738,-0.006266059799590798,0.0007188432980256814,0.058302695222839124,-0.0016532353876774083,-0.0031776496945976266,-0.00023674849902131592,-0.07043924478545606,0.004695014370313708,0.0,-0.0006732846847073566,0.01087926944315715,1.8913218728934602e-06,-0.00012306985611511086,-0.0024104853597729558,0.0,-0.0028563854663695523,0.0008584993285953201,0.001138395382039436,0.0021134128059485655,0.011665963407059375,-0.009155940146344212,0.0014694819824117426,0.005584168843187601,-0.002501595751518763,-0.004029611840513803,-0.010705422135418629,0.0002749384457672742,-0.0005088907511705274,0.000625998483796309,-0.00015543615867806855,0.00017863784783953913,-0.00863503596521612,0.0011304007735841192,0.049011303812600784,-0.012219073647524017,-0.0018092068624738337,0.0007245169393903613,-0.001698976018003693,-0.0027168165859063364,-0.01313853770676562,0.0016197500310043873
144,0,german,random_forest,shap,-0.02482197018777354,-0.019484622374213428,-0.0006838402661086888,0.001459275306210386,0.015458167233541341,0.0016870203197035772,-0.0002860640108776831,0.009702385824665743,0.002078468922837573,0.06841225582187559,-0.0017239491245589077,0.002326167059742467,0.0006222218267281284,0.02070209192207665,0.004089618282342524,0.0,-0.0014086996122532004,0.012755146891288045,1.4943087720571816e-05,0.003257273923833729,-0.0021249957947276684,0.0,0.0009287160938056558,0.005776389705952637,0.0014276346984447034,0.0026707397300147185,0.010604507395821838,-0.013394879619190109,-0.010074892294437638,0.004388644791871201,0.00043962885356565106,0.014638593791424638,0.009650299161372358,0.0006659878874279698,-0.0006276382810838396,0.0022726677636962043,-0.002566572637708015,-0.003722064271135318,-0.007174765344761576,-4.179882703063767e-05,-0.008712828368328603,-0.011402951274064639,-0.0011021088152327809,-0.005239052979496187,0.0015771783754019528,-0.0008226616212194635,0.002493614105473522,0.001761160447605144
145,1,german,random_forest,shap,-0.025601827042637415,0.002910165737973295,0.0187135755763118,0.0033916858520294632,0.0057721645516758315,0.0012883833332978036,-0.000900676348268283,0.00031076327889212335,0.00130478618064202,0.08529370440320495,-0.001833408405698746,0.0014956008089093591,6.435765905894261e-05,0.028540964491443426,0.004691784704433035,0.0,-0.0007968782026185312,0.010883151459180146,1.4198906562721385e-05,-0.00023606855319524363,-0.002966235350691857,0.0,0.0009840974081885992,0.00011844510293079534,0.0014732946480265317,0.0026462664606498286,0.009510080207332317,-0.011354955000013019,0.00551745267514041,-0.01845223257177047,0.00025817973255145774,-0.005065015974165493,-0.010131385807312312,2.1821392920210603e-05,-0.0006241209298872337,0.002164168506930623,-0.0026724638472203984,-0.0035041021327336997,-0.008279775863157564,0.0001419199404689811,-0.011011596146204785,-0.009741945001562608,-0.0014579906169842293,-0.0002747514164022763,-0.0017482191925945645,0.0003627732844630026,0.006816595019665933,0.0020952031823625672
148,0,german,random_forest,shap,0.007825107545188528,0.01390306386908878,-0.004316968198618062,-0.005107253296337327,-0.018262364021858192,-0.0026201882054913066,0.00012850331448490386,-0.002369254923053068,0.000573264611063547,-0.13060464662346485,-0.0019654465878777717,-0.0006329283192064464,-0.0018346288182621874,0.020760928393703453,-0.046941588012039195,0.0,-0.002192520865648584,0.00604889939699007,5.494232325680861e-06,-0.00016630469178943925,-0.0026432866984794873,0.0,-0.0010412455876880646,-0.00018008894705788208,0.0006027505423576184,0.0015221396609992504,-0.04922736728873652,-0.011094416425217775,-0.002704180854150413,0.004226338547103657,-0.003071839248898048,-0.01019944479754642,-0.012620570697237913,0.000421793277711326,-0.0009118794517829681,0.0006268785827272044,-0.0007405561174125643,0.003061074073676441,-0.01030983777528501,-0.0003171863786049463,-0.016417263751831987,-0.011275693343695709,-0.002514352557379403,-0.0009857723419097022,0.0021538751766689264,0.001991548353680611,-0.011448758422923056,0.0009454489781630897
150,0,german,random_forest,shap,-0.06762235236968428,-0.029558413521636684,-0.007444234011518328,-0.0028620253399266717,-0.006110862101555758,-0.0009242261596379265,0.0006427187300610147,-0.006260634041789058,0.0005666127018212968,-0.12197586767027,-0.0020754953650860795,-0.00021657973780895356,-0.0025524706527546947,0.020054643232987508,0.004155863811298061,0.0,-0.003806719550468395,0.00899873878012619,-3.794756458993499e-08,-0.000246553455901368,-0.003354337993186781,0.0,-0.0005898193019565195,-0.0005858147914361931,0.0006328633018158761,0.0014885895193692401,0.005330302725920473,-0.014384067110628177,-0.00140814729695467,0.0034885096011182943,-9.104420821347704e-05,-0.005487283530326469,-0.007272526604672646,0.0004094524546233717,-0.0008825420934669299,0.0008065350341796666,-0.0020334412212642127,-0.004674195857839976,-0.0077040604218287165,-0.0001966629953800508,-0.018614165702131195,-0.012319250929763565,-0.001895181532884236,0.006779343925292165,0.004996050126030374,-0.0014526723989987792,0.003353780701821666,-0.03198288891410572
151,0,german,random_forest,shap,-0.02691268103120179,-0.024993990694302942,0.015425249738926899,-0.006125571049463451,-0.022047386286460312,-0.0007729582832113309,-0.0013813789386408403,-0.005290803927247894,0.0003430098571945074,-0.14607179771138712,-0.0022157731772802476,-0.000626739994836649,-0.002170374113463867,0.023107616234099387,0.004582126245898419,0.0,-0.0027297251642951666,0.008098739729226473,4.806160152863486e-06,-0.0002852491845431514,-0.00338411739501977,0.0,-0.000938735857138322,-0.0004197918927472631,0.0005232218171687943,0.0015724848783905897,-0.043732076846850355,-0.012782447367898969,-0.001235648017076642,0.004064686750406054,-0.001119524446727923,-0.006460944687526859,-0.0074338937250088815,0.000253479122167975,-0.0009421519973975452,0.0007369946106801212,-0.001514818177858578,-0.00235157794091464,0.038526057918263405,-0.0002474470136124822,-0.015207551020516958,-0.007767317357270278,-0.0006218707172306907,-0.0019903294541988256,0.005989432180416878,0.002028880307634818,-0.011649396138003304,0.0011701302227962848
153,0,german,random_forest,shap,-0.029294136902135025,-0.015004024119625002,0.013024928912601548,0.0018880801481926833,-0.0026489891138927403,-0.0021140271438606986,-0.0003689484762108725,0.0048977034848904,0.0005355781126794543,0.06548122119875233,-0.002134553340374198,-0.0012027180443904895,0.00030926163726484134,0.015326238235243789,0.0032954658225839827,0.0,-0.0011667470381887515,-0.026973285731376785,2.063679519321722e-06,-0.00024007962626065757,-0.0025844531318049454,0.0,0.0003655989036214611,-0.00048745638862691704,0.000994061405632771,0.0017953643525343043,0.008705420520676745,-0.013405933442841057,0.003905198589287943,-0.019558017094107687,0.0012198717943342752,-0.0032850572789027187,-0.011641153523091571,-0.0006300698895349799,-0.0006692619621430304,-0.03164501758487314,-0.0023702445994659292,-0.0026850915309544828,-0.011668218746054124,-0.0002455835267866688,-0.013076521870318658,-0.015098294431832403,-0.0020707447467745964,-0.00020636735983434223,-0.0009431910884296936,-0.0003751000058890338,0.0040132590679628705,-0.03638039064956153
154,0,german,random_forest,shap,-0.03297949968931479,-0.0225860557160699,-0.035474189567952105,-0.0009023142089521258,0.01805878474619232,-0.0024346995676559355,0.000277962062857891,-0.005789795309781558,0.002030818882049322,0.0700053699709873,-0.002110142038222698,0.0010123243403504557,0.0005843818399088728,0.02096197563250631,0.0042477931704131165,0.0,-0.001535791788788389,0.011846871340632094,1.640603744412226e-05,-0.00020586929312164538,-0.00228140588315763,0.0,0.0005216473574934926,-0.0014517000782194194,0.0015474421512582863,0.0026672277724122694,0.009962944015039608,-0.010803581622802639,0.0035476099865697237,0.003996586407019956,-4.9226730720587824e-05,0.005801442698942355,0.00973038095505586,0.00040624955048524936,-0.000859617327372387,0.0018333283080473025,-0.0017863033207364007,-0.0005926587657622177,-0.00504769065868815,8.5263789534999e-05,-0.0073248137172775216,0.022709112249028045,-0.0008643401709317265,0.0009906116603531222,-0.0008692998850398412,0.00021763693747899298,0.004263458322362011,0.0016155159840902749
158,0,german,random_forest,shap,-0.040811630145375595,-0.022362612243708186,-0.017977178650956882,-0.0006994140394053898,-0.0170419765123818,0.0007953305516409168,-0.00200448516928462,-0.010855844478564835,0.0003470409029517515,-0.11851616357367346,-0.001835879646085789,-0.001420502330272964,-0.0007964156664565939,-0.05259629778191393,0.00299723871176308,0.0,-0.00010471917810805788,0.00863673703956454,4.6098237333326255e-06,-0.000181854215566654,0.03046764882277234,0.0,-0.0005495879211023728,-0.0009029045583617821,0.0006587713801485356,0.0015277685582399804,0.008147948167648553,-0.008918819656099267,-0.0011534320283596098,0.0038278190891737245,-0.0006137840188506046,0.0087383418214217,0.0064899869578109405,0.0004598454974461956,-0.0005114617884774614,0.0002805522203682432,-0.0010087836375471042,-0.002359420115004812,0.024828523443315643,0.0004279043764073864,0.05981899633612429,0.01892463305332813,0.008899862241149714,0.0007329499101889255,0.0008620273569751969,-0.0007522240028411138,0.0034836319195248946,0.0009535107015107892
159,1,german,random_forest,shap,0.026187929093406736,-0.012795882326594702,0.0061870375070456965,-0.0044300500729273825,-0.012834603900650261,-0.009778857371125996,-0.0009879130179228097,-0.008392863953237137,0.0007390328112014674,0.07379298185519037,-0.0018559854843782418,-0.005386889159415844,-0.0005857121294994677,-0.0904359866898241,0.0044758741998990785,0.0,-0.0016661477622787507,0.013261885711379226,2.0100881271797136e-06,-0.00020061537177390419,-0.002381202849614503,0.0,-0.0005111491961840316,0.0007469339752385119,0.0009533632943761272,0.0024303076788271052,0.009890674541971326,-0.011017707987138211,0.0009833495315069993,0.0039839527641980016,-0.004171867708802596,-0.003917497975617949,-0.013759577778432858,9.690899665316084e-05,-0.0006128326877303142,0.0007086708434223672,-0.0003211457938947512,0.0060595646532628005,-0.009985621495640092,-0.0001252934303347377,-0.015235769963528321,-0.015274477347738442,-0.003129487535908801,-0.004418114175303681,0.0013407240452691835,-0.00041854781574554437,0.0063032835497824026,0.0016119291444035534
161,0,german,random_forest,shap,0.03143472471833481,-0.02343126042214485,0.008317166090802425,0.0006198283914085602,-0.006418054368643416,-0.0007142997799488295,-0.0009171131215489314,-0.010681920396249388,0.00022245309221057745,-0.1514058299674471,-0.0021121946169491853,-0.004667448943769871,-0.001439682149807311,-0.060142833128026735,0.0031382654795121326,0.0,-0.001979338568353478,-0.0334216429027816,2.4394632989827773e-06,-0.0002424874788156904,-0.0030694723636779998,0.0,-0.0009170425041224241,-0.0010230045962849705,0.0006123502935091233,0.001979639520691589,0.005991695444374002,-0.014603598075806735,0.001254633484633576,0.004451360089780272,0.0012823555286365033,0.013371228371898788,0.013013556973994948,7.572475250035957e-05,-0.0009703667272625236,0.00032360812966975006,-0.0006317348875067445,-0.0007995088893635312,-0.007340024225146279,-5.512851505742837e-05,-0.018830204027949427,-0.011357217689990873,-0.0018028954664245688,-0.0006939819925762333,-0.0036653293678236562,-0.001426354323216021,-0.006960957658636862,0.0007360090048217157
162,1,german,random_forest,shap,0.0569580013442215,-0.013960912732101873,0.016246597213587465,0.00039143960342482545,0.011335003016794753,-0.0023649634857711883,-0.0011885607692575103,0.00018203015875098896,0.001041690403231205,0.07057168459328376,-0.0016072363402153769,0.0010352208555752715,0.0002782703432875638,0.020750391937469293,0.0037255493640865112,0.0,-0.0004134907743404191,-0.0239758201200356,1.9169213244644147e-05,-0.00015981067999262693,-0.001907510163082169,0.0,-0.0001361822370246458,0.00037888503153476636,0.0015202001194119794,0.002339726620209256,0.012516878520663717,-0.010205986287276573,-0.007277548042390851,0.002600532397497156,0.000682629120232153,-0.006484135840734228,-0.011342113878306819,0.0002809910014006977,-0.00085200112142938,0.0015599062116939968,2.467585189515757e-05,0.00026535919561409833,0.03044005344482486,4.205766954351707e-05,-0.008449059130777824,0.022742634365048243,0.0027063756974338208,-0.0006133316839831095,-0.0013627368508411092,0.0026249955409996762,-0.00868868861186653,0.0014790668315149487
164,0,german,random_forest,shap,0.05418215432669786,0.0712071219943386,-0.01192535681782172,-0.004690346769367471,0.0403009401613634,-0.002839286246295715,-8.456228871055638e-05,-0.004796377979633155,0.0008004786942107658,-0.14019952330796798,-0.0014201281048317228,0.0010869094283452727,-0.0009713564974619091,0.012669303257011412,0.004323458925530516,0.0,-0.0020116243976810648,-0.01832762352089929,1.2513780681377552e-05,-9.768179702530684e-05,-0.0022240537862503627,0.0,-0.00033880095663708703,0.002390813631701981,0.001278527984652613,0.002010232317393749,0.009387255844369778,-0.011824149388997209,9.20972312771491e-05,-0.024351484895169504,0.001370967266863933,0.012922792845007467,0.010499398220829273,0.00033265620149057007,-0.0007956420287516943,0.000684203113631104,-1.9663937190447706e-05,-0.0008500929022846617,-0.006887866849832527,-5.531881023023796e-05,-0.011586504877727085,-0.007140819813602409,-0.00041012635056916324,0.00033102571635801906,-0.002358990080153987,-0.0003598182956835913,-0.005135066866467359,0.0009335535263359583
165,0,german,random_forest,shap,0.035281529456556104,0.054538769198292626,-0.016329898102833647,-0.0007283564098984672,-0.019106192378736078,-0.0008839049500021379,0.0018834776842956344,-0.0041136044903317594,0.00033482427408844335,-0.11602005449623115,-0.0016864053903332143,-0.004918132413365897,-0.0006673354840358394,0.016389100086951734,-0.041722340386535675,0.0,-0.0019618632549628853,0.007147174779466111,1.8163122524010674e-06,-0.00010638482677925712,-0.0023308655961949837,0.0,-0.0008849872911189243,-0.0002866113014440998,0.0007391177293236665,0.001573906251917561,-0.05415993853935357,-0.010051061135151671,0.0014397875333710705,0.0029873664672684314,-0.00048569418690467154,-0.0084966275305698,-0.011718410099073932,0.00019237344400511948,-0.0007510720410539689,0.0005948046156283291,-0.0020765293240111943,-0.004231174581657738,-0.006779916990609553,-0.00044490105986394034,-0.016913720349519764,-0.00926316477415722,-0.0010555829190692335,-0.000686009775452147,-0.0006939641592236512,-0.001120516216598845,0.0035005276738435597,0.0009704593772049728
166,0,german,random_forest,shap,-0.038581794089477775,-0.021067295554864814,-0.01752035676098551,-0.003979314605149035,0.026366089306661837,-0.0005333481554475618,0.0004300730839073847,0.0068490661538810485,0.00147246484698093,0.051761160999750276,-0.0021247418840171116,-0.0009895937177647398,0.0001627826628132526,0.014868001880095134,0.0032286176508506204,0.0,-0.001051417629269667,-0.02940150138622042,1.5039335762692453e-05,-0.00016059055309358802,-0.001974958480130661,0.0,0.00017899847517599825,-0.0017671762464988743,0.001261946063510355,0.0021584138073709232,0.009830729751527779,0.04481547230306811,0.005874697693852543,0.0031402265637971837,0.001196078342576491,0.007372546714882707,0.006347094841156544,0.0007201182075601681,-0.0006366877480230953,-0.03593014180905294,0.0025108876391647743,-0.002307522334979044,-0.0074958048416622815,-0.00018327335342726558,-0.010449501736529716,-0.010835053845182017,-0.0009363870436826547,-0.003540966071613494,0.0032309108200414558,-0.00036688014391592983,0.0020399450910428326,0.0014186720782090661
168,1,german,random_forest,shap,0.02308866171716947,-0.013041985026677107,0.01541922708195647,0.0009605375720858415,-0.013470436961963457,-0.010816005741228235,-0.001114908759590618,0.00044829839186054745,0.0005042758385655266,0.058458524026646176,0.021682847204497292,-0.00916076547319803,0.0002014086762489384,0.02749095524508884,0.005238634618437047,0.0,-0.0011503419254311638,0.009946549548474216,4.698330444226437e-06,-0.00014023572427720077,-0.002216552467956931,0.0,0.00036321397865502516,0.00039104994194980817,0.0010789271158354586,0.0022479570172968958,-0.07427077396714353,-0.008528733143839042,-0.005305234429662766,0.003438704352531809,2.215467472176889e-05,-0.007444447510048381,-0.014485620845050224,-2.5493357500062175e-05,-0.0006790030858018222,0.0016535611724019584,-0.0019470227500494946,-0.0028096123560856752,-0.009602490725253513,-6.842177875658171e-05,-0.011403937473027445,-0.015128597786468698,-0.0015743556274177637,-0.002683938938479262,-0.003032247588369853,-0.00016436746164818857,0.006606164180314127,0.0015451277601261236
170,1,german,random_forest,shap,0.029408407699559762,0.06294831073639405,-0.03417329142821646,-0.0017396403361164508,-0.018402794976434027,-0.0018306794156289791,-7.558685852510092e-05,-0.00045381561370093376,0.0008028583036221583,0.05642903730749234,-0.0017295173104348515,0.004063358078977478,0.0013141202257973968,0.014082026802466294,0.004463646262835232,0.0,-0.001070060435871678,0.006690151854598321,1.6075914863604308e-05,-6.947844480521745e-05,-0.0016789226175865893,0.0,-0.0007373419220538847,-3.141782374126771e-05,0.0010093783558438657,0.001891810396980988,-0.09787806891220273,-0.00811280820381284,-0.004760798811993047,0.0015877831366599745,-0.0026057361800755356,-0.009083857884610552,-0.011138540258528862,0.0003997573264737589,-0.0008915897817563986,0.0010354926194569324,-0.00034151318327677217,-0.0012832466042845235,0.024638862993306962,-0.0002606496832380068,-0.005669218530954193,0.006671141069690145,0.002287287231621017,-4.594619871397867e-05,-0.0006574309598571953,-8.99446410229813e-05,-0.010079799836423882,0.001215904513183415
173,0,german,random_forest,shap,-0.03448911555515275,-0.019385660534675,-0.014567169582678233,-0.001846979653222635,-0.026237791473567855,0.0015357983466826265,0.0061849546805618815,-0.009466265415894196,0.00018434682995206993,-0.12682553817386263,-0.0020802231605566383,-0.003038971233742549,-0.0015820434696676993,-0.06625716415676405,0.0038960418134987287,0.0,-0.0021470079000977804,0.008094844991625983,1.1435294183761117e-05,-0.0002637152993613394,0.03881236435227812,0.0,-0.0005359447385119097,-0.0007550746881946632,0.0006415829493208252,0.001399817516324209,0.006007340281254257,-0.011849313198315855,-0.00163702416556494,-0.019609477492213423,-0.001362148575891401,-0.004472812101927054,-0.008408399248159434,-0.00018609132126583806,-0.000735579632446956,0.00035970086844319373,-0.001909029305685782,-0.0035536936130007636,-0.007121362744323313,-0.0002778452869086956,-0.018616126488747442,-0.009535131354289208,-0.0029275880524319985,0.00045175938643123167,0.0025997757583889553,-0.001495492675039637,0.00537372431183326,0.001086891382019531
174,0,german,random_forest,shap,-0.13743049182896472,-0.025785969775021088,-0.0034382818153503012,-0.0006413068940958783,-0.006866795066827323,-0.00046539927743555795,-0.0002948384361088807,0.006330773790285515,0.0006640981437120462,0.05455734483338139,-0.0027091634259200203,-0.0008612327790600143,-1.7059869067131838e-05,0.012851365150622445,0.0031659985222452537,0.0,-0.002635270052135837,-0.03274563511371963,3.821792709243851e-06,-0.00019975026229206364,-0.0029119206903943564,0.0,1.0972559896357904e-05,-0.001171940629411533,0.0010387505036710447,0.001577868341240513,0.008243148937516844,-0.014642282478884442,-0.006056102319076388,0.003166163810165285,0.0010189819412709097,-0.007511565359014101,-0.012125778677391163,-0.00020891031721190047,-0.0007951590335565774,-0.030631284175971805,-0.002545785080217577,-0.004486665282604527,-0.011810530231263003,-0.000437354114985244,-0.012885019368369471,-0.014569283785911524,-0.001677857530017051,-0.00030698182425251645,-0.0025772104017652226,-0.0009404225321940856,0.00164274846160267,0.0012780751086948925
175,0,german,random_forest,shap,0.04645566454395211,-0.007968845195896846,0.01487890043620984,0.0005384478866447811,-0.0025437978451918215,0.0035708077462785932,0.0012390779568466955,-0.00031541643176844,0.001415488165885188,0.07305659082964534,-0.0017033432823340146,0.0007397464030045218,5.76813959209197e-05,0.024317416436291102,0.006229599100185666,0.0,0.0023172174478091733,0.008639278821064494,1.4498682336091054e-05,-0.00014598558193024835,-0.002232089498488045,0.0,-0.0001320067070888231,0.0009108233433007898,0.0015542275132686498,0.0029733800354228034,0.014727981936321606,-0.009543440778406912,0.0027680880526937124,0.005135540984961676,-0.0009902371824798961,-0.007014845879639506,-0.010857534094707392,0.0006350104112845094,-0.0006518544463702669,0.0018080986152879891,-0.003924581434948648,-6.718851214260913e-06,-0.007710793073147716,-0.00014735589506028235,-0.007367760698858257,-0.0075160401186607564,-0.0006426375959377644,-0.00011765389222236346,0.00205874042580208,-0.0031255519309541053,-0.007691008223168163,0.0018713210266545282
176,0,german,random_forest,shap,0.008730383070934128,0.009462012917775377,0.008459335744556273,0.0005225052178637863,0.009419647628320581,0.0013328166851810208,-0.001072937413403514,-0.008083428480217016,5.9464435310713805e-05,-0.12378533240685158,-0.0019548052228829556,-0.0032134925497674534,-0.001612668697631075,-0.0544230681192032,-0.039978983249557495,0.0,-0.0008258293747685569,0.005666386358985789,7.969114953498514e-06,-0.00022178654822140604,-0.002729836291645353,0.0,-0.0011250995488599944,-0.0003245588057884876,0.0005474196233508795,-0.03969669819769846,0.006299067211832067,-0.013005419013332454,-0.0009628314330850263,0.003719317593494817,3.703110959080154e-05,-0.00920823663778623,-0.012612676192804415,0.0001530298206120537,-0.000771219201756112,0.00012920222930596286,-0.00214994840744935,-0.002942382004651973,-0.0076643728214784304,-0.00031381404275240805,-0.020288177190785763,-0.013397076078928592,-0.0025220624833358937,-0.0006573444158091942,-0.002979330695000147,-0.0011299302003321085,0.0030017357543656764,0.0009061686700720564
178,1,german,random_forest,shap,0.04923682490744658,0.002897550454324757,0.018576135763270746,-0.0017906182905783096,-0.008123298591418754,-0.001160658617929771,-0.0008606879732384039,-0.0027068995538520875,0.0010823584617388462,0.06424848538286337,-0.001466452579544747,-0.00035526929472084724,-0.010496248420581583,0.022770382370453604,0.004583616232965263,0.0,-0.00025163886656236553,0.010793342371845429,1.9159109503463576e-05,-9.275701041450664e-05,0.01866289306008672,0.0,-0.000489991782675014,0.0010479961760425324,0.0013434094907175714,0.002195500771246135,0.017224284630126187,-0.007439426152156324,0.0020569144766677413,0.0032165331369818813,0.000968700486101518,-0.00583182401834592,-0.008221436991405116,0.0006623596236944041,-0.0006846527126399298,0.0012074886013848168,-0.00020365383640745126,-0.00025733755469116383,0.039462401701234114,-0.00014039494495630904,-0.006998461167812391,0.017576163035518243,0.004261252312846162,-4.913020474791596e-05,-0.0010260804893078728,0.0012134668931519169,0.00526490150624197,0.0015467421413919201
179,0,german,random_forest,shap,0.04916678645757638,0.005237912655064482,0.01598347279736726,0.0007314366134233106,-0.005674887799695837,-0.0007746722899587992,-0.0016033910399445358,-0.0037674553980309193,-0.010441093777596519,0.07356456343738663,-0.0017006233753707315,-0.003771158753565016,-0.00020806500684697094,-0.06700619294983987,-0.03554787663654697,0.0,-0.00032768371405324123,0.00903207633462498,1.0852415107553061e-05,-0.00014476948911355816,-0.002344103398529673,0.0,-0.0007782558231057819,0.0004476370978993533,0.001036816725622376,0.002068552750210113,0.013025175309044594,-0.007622969666510786,0.0010130954858885524,0.002819555893010803,-0.0006503183070384474,-0.00605424555443763,-0.010173424911190686,0.0003022075010198008,-0.0006704355110039519,0.0007155187323154967,-3.962725511251236e-05,-0.0009463665295829203,0.03538046282739549,-0.00013858356652400776,-0.010637013017548396,0.02479658270571857,0.011918489674920246,-4.552241504736989e-05,-0.00055131166828703,0.001516035535096435,0.003582788987127014,0.0014450843948778961
181,0,german,random_forest,shap,0.03236403480575541,-0.021198282072880697,0.013705184038379649,-0.0037711386297448047,-0.014143610848861744,0.0014316082403646956,-0.0013887589850831543,-0.0005210783069881898,0.0016483004975348366,0.07967538218426196,-0.001958068795758296,0.0020566112094291323,-4.3475870686044835e-05,0.028214390759395986,0.0034347106469237855,0.0,-0.001109589100400132,-0.048507820890970076,1.4657951215150885e-05,-0.0001345248079805332,-0.0022079254476029884,0.0,7.119290051204042e-05,-0.00033681833769823994,0.0017379038354498465,0.0027082591797129314,0.009680348838284855,-0.01195792812072348,0.0010857907063609943,0.0034107936959406173,-0.013567280305881344,0.004147760314991293,0.006766119749656777,0.0006024656500592413,-0.0008140662153861698,0.0023433696169231854,-0.0003925567195234614,0.0002657135661994454,-0.008638391280977216,-7.788682716580378e-05,-0.009830098795459274,-0.012816891388039077,-0.0018998080536050668,0.00017701552064683016,-0.0026517400588772144,-0.0001054753030484561,0.004505947840767029,0.0013472932627451584
182,0,german,random_forest,shap,-0.02450645138544425,-0.019370639717424264,0.016323862099527277,-0.003395055251402445,-0.015691499973244906,0.0016294960053505408,-0.0002646717537653341,-0.0019992551689504605,-0.0162138877105804,0.07266979578777066,-0.0019439828158527607,0.0005663865920731911,0.0002117720108250149,0.02778347511553898,0.004456154808056023,0.0,-0.0019414197553851839,0.012138266652033798,1.9077531033075278e-05,-0.00017080252051370775,0.029540291831507904,0.0,6.247776287114805e-05,0.0002684179130548429,0.0013367819792971505,0.002206889743843451,0.011473776423889172,-0.009480305187450954,0.0013978371231060972,0.005625285693637255,-0.0019243356317855851,-0.000926854776456424,-0.004659923374595812,0.00046384064018842753,-0.0005938681515524131,0.0017414192524266273,-0.0006176027765048492,0.0035026417376643223,-0.009054167613193791,-0.00010580955487105267,-0.00866415700106929,0.019127921671959806,-0.0018769618104493156,-0.0006320097040387439,0.0025583756440785157,-0.004500321332861438,-0.014020727228769885,0.0018618209130921435
184,0,german,random_forest,shap,0.01616136095578741,-0.006864622632213568,-0.019568660676161108,-0.003238482199605547,0.021983430604898862,0.0014086385220214142,-0.0005985804337675876,0.0013967700961205437,0.0009976243027421167,0.06057191046572649,-0.002064081337692789,0.003999714509505873,0.0008292452039011594,0.01803613193919964,0.00455611120310106,0.0,-0.0014894082448477296,-0.028714891834861804,1.6366023001639515e-05,-0.0001768898915135367,-0.0016779861765353248,0.0,0.0003137377480673863,-0.0007969706682304798,0.001143558210079921,0.0019195517113012488,-0.06261090429230699,-0.009619882716873127,0.001400443071385933,-0.01410686632694862,0.0011494866759988425,-0.0063824645598780936,0.008057564049370641,-0.0047753939249134975,-0.0009886412406597167,0.0017347626243423128,-0.0004854227323188997,0.0014012519909493938,-0.007217044663875253,4.2418099469686156e-05,-0.00902533780237535,0.022318598014633127,-0.0009960549953093663,-0.004742679721584881,-0.001652992286657054,0.0005802570914136555,0.005307263328913613,0.0012885844933091795
187,0,german,random_forest,shap,-0.0830089597089928,-0.02215417313551168,-0.012302350781307408,-0.000659850836476547,-0.02377021857888456,-0.002764861952995864,-0.001459501096827278,-0.010539604668464854,0.0003182147073475189,-0.08249840274608032,-0.00196401690791733,-0.0009913850684943773,-0.0012757063847927174,-0.03772917517417857,0.002656109491625546,0.0,-0.0017691958083284822,0.008507310221078708,8.049820161857652e-06,-0.00019770190759323125,-0.0033134423154500122,0.0,-0.00017010442956588107,-0.0007905356481166339,0.000524219348196362,-0.03305693148312872,0.0039037843303602725,-0.011679757437262735,0.0007443926949900762,0.003972461227142906,-0.0013752655514568232,0.005217692969355731,0.006966759874408883,0.00043899596532650137,-0.0006819315861513187,9.520934726551871e-05,-0.002871158317668251,-0.0015305942410209416,-0.00677107498508641,0.00021950647559257266,0.07852386318877001,-0.008531343882798215,-0.0018697684844135884,0.00028898961088823596,-0.000987863541209333,-0.0008623970252115064,0.002645274432206089,0.0007924017131440486
189,0,german,random_forest,shap,0.013992563015414908,-0.02019392878544893,0.009719895937539347,-0.0036629567024318837,-0.019156343333687247,-0.0025335215680893125,-0.0014740037433247357,-0.0023990519954901536,0.00017895596166740444,-0.14640965278539217,-0.002324831121259748,0.000374516712955123,-0.001992021291269925,0.022847209908070234,0.004218538944908116,0.0,-0.002962218989572046,-0.027088874077483203,4.90099723005521e-06,-0.0002781420097247444,-0.0031295621304946323,0.0,-0.0007087506603263526,-0.000603606385573473,0.0005985808329214675,0.0015733899219157917,-0.049076801306932635,-0.013327942591337395,-0.0016628917488630838,0.003720908517409134,-0.00847049827709156,-0.008600132019279874,-0.01164528178665338,0.00023734253954876643,-0.0011924078302807857,0.0007646838893945993,0.0014756185866530642,-0.0029599503101939172,-0.009431891172736368,-0.0003706758207220802,-0.017490514600304707,-0.010443144966072054,-0.0017949963598225508,-0.0011767719133224074,-0.003962451837012994,-0.000912443080643054,-0.009267516921290036,0.0008030140273857509
190,0,german,random_forest,shap,0.018816809161719784,-0.01779748313099819,0.011054530400758062,0.0007674358142873946,0.009710225599277058,-0.0026899666686599575,-0.000677196867534158,-0.003333589787798535,0.000833052965773257,-0.1565527265456439,-0.001908123872827472,-0.0009588028259254952,-0.0020569044719952914,0.02229968996527689,0.004006645560949957,0.0,-0.0028401808041331406,-0.026684777201243865,1.3250864827984766e-05,-0.00019009639254838814,-0.0026522288662822846,0.0,-0.000529488384053908,-0.0004771150556489147,0.0007174488699953683,0.0021028702793972035,0.006931558592627814,0.049469774308823135,0.0012931198248607202,0.005231438512710166,0.0024155938573261087,0.013180655889487457,0.007127254724976827,0.0009790028258552291,-0.0009917904443660715,0.0009021389696633728,0.0011825202677394678,-0.0017090167102503796,-0.006566729350660409,3.141306155177017e-05,-0.010468202273909502,-0.009347697091499607,-0.0007702740889609057,-0.000968632627323787,-0.004497750968604793,-0.00026954264241595117,-0.0073024831403356635,0.0010600277354040411
192,0,german,random_forest,shap,-0.08394821980823626,-0.020202426891190284,-0.029467555407447,-0.0007294666761124682,-0.026718429343691796,-0.004707225511725722,-0.006402546551824265,-0.008678964825767604,0.0008336076574204361,0.04969712789087864,-0.002359282800838056,-0.0038710231222590327,-0.0006886436659302824,-0.07402033476339702,0.0031199240209958297,0.0,-0.002046003118736903,0.00532338750293948,1.1496663351708812e-05,-0.00018095929278215224,-0.002510233714703492,0.0,-0.00024313985865558543,-0.0005631988046201754,0.0006538263995434369,0.0013894207132048176,0.009626135102222157,0.036610122560178295,0.0017220614059711924,0.003338260187968552,-0.0006976169385860518,-0.004717361475778362,-0.016537341784222018,-9.092385061279355e-05,-0.0006148758688956184,0.0005073013325132353,-0.0015756964375132898,-0.00433015148916867,-0.008436623221647701,-0.00017407518354232377,-0.01142010377263029,0.029373711044243262,-0.003747820342133387,-0.00472491278580262,-0.0021390961748535666,-0.0009447845795837351,0.0017566458021829657,-0.03778529344274321
193,0,german,random_forest,shap,0.019848057995275434,-0.017696874327454717,0.01231432757816442,-0.005174928067699992,0.007591298198549497,0.003007311131917257,-0.0017395629196836977,-0.003893822848641068,0.0007711359591112462,-0.15248600271014173,-0.0016925746039733699,-0.0007236893122112123,-0.002729288125220436,0.025881111931324727,0.005333448413522412,0.0,-0.0025361370387262886,0.011577290667595098,6.372361822454945e-06,-0.00017327078632779094,-0.0026938333698533616,0.0,-0.0006203067438012706,-0.00022231647250952664,0.0006467645293624032,0.0022726944670379136,0.006817491107995315,0.047665767152857336,0.00011674856952435598,0.004728076327810965,0.0005933666672171998,-0.006472366351709579,0.005548012197605284,-0.010061865185309772,-0.0010060493251297941,0.0009743661399865453,-0.0004965317445318955,0.005827052384706187,-0.00696939834732994,7.898089931829495e-06,-0.01294225418489544,-0.013341090349989395,-0.0009791187852340028,0.0049786940379311735,0.007376951262724258,-0.0002397893019769785,0.004646440662167607,0.0012322236827708483
194,0,german,random_forest,shap,-0.037464928448146896,-0.019261110284210358,0.010379712107213054,0.0018534898791072462,-0.022406198605228567,0.0022321227016016926,-0.0019896463412253217,-0.007189991441115787,-5.878531295187578e-05,-0.12995616041521552,-0.0019344069962521158,-0.005016435543027156,-0.0012333344557351855,-0.060108942127923504,0.0030017429818503557,0.0,-0.0024469256772067095,0.009164034663814062,7.988667568711677e-06,-0.00028953706493084876,0.036747826976954015,0.0,-0.0012479592703682517,-0.0011962292394698019,0.0006448080977816414,0.0015607322337623615,-0.030070364329382173,-0.010953671480501453,-0.003059000751642087,-0.017491279812152545,-0.00043480348041707097,0.008860959041696828,0.008642052547089414,-0.00033359989725729967,-0.0007266667473463298,0.00027559346718099927,-0.0012867386335927448,0.00023359325025647693,-0.007661945736807835,-5.9834162518216377e-05,-0.018048110912913085,-0.008164305630749743,-0.002318825474151548,-0.0010478063745177177,-0.002037524495867561,-0.0008863204360713579,0.005543479251473459,0.0008381798737823902
